playerID,bbrefID,name,pos,sec_pos,era,peak_year,peak_year_display,debut_year,last_year,team,franchise_name,career_ab,career_h,career_hr,career_sb,career_bb,career_so,seasons,bats,ba,obp,iso,k_rate,bb_rate,contact_val,power_val,eye_val,speed_val,defense_val,con_grade,pow_grade,eye_grade,spd_grade,def_grade,avg_attr_score,rarity,is_allstar,is_hof,allstar_selections,gold_gloves,gg_bonus,defense_source,is_clutch,is_captain
schmimi01,schmimi01,Mike Schmidt,3B,1B,Big Hair Era (1977-1993),1977,1974,1972,1989,PHI,PHI,8352,2234,548,174.0,1507,1883.0,18,R,0.277,0.393,0.293,0.19,0.157,43.7,120.2,100.9,56.8,112.2,C-,S,S,C+,S,97.5,Legendary,True,True,12,10,20,bbref_war,True,True
brettge01,brettge01,George Brett,3B,1B,Big Hair Era (1977-1993),1979,1980,1973,1993,KCR,KCR,10349,3154,317,201.0,1096,908.0,21,L,0.329,0.396,0.219,0.059,0.102,104.8,81.6,54.7,63.2,82.2,S,A-,C,B-,A-,95.5,Legendary,True,True,13,1,2,bbref_war,True,True
gwynnto01,gwynnto01,Tony Gwynn,RF,CF,Big Hair Era (1977-1993),1987,1987,1982,2001,SDP,SDP,9288,3141,135,319.0,790,434.0,20,L,0.358,0.412,0.13,0.042,0.085,125.0,36.2,40.7,74.4,91.8,S,D+,C-,B,A,91.3,Legendary,True,True,15,5,10,bbref_war,False,True
henderi01,henderi01,Rickey Henderson,LF,CF,Big Hair Era (1977-1993),1983,1990,1979,2003,OAK,OAK,10961,3055,297,1406.0,2190,1694.0,29,R,0.3,0.416,0.157,0.1,0.162,74.6,49.7,104.7,125.0,85.7,B,C,S,S,A,90.9,Legendary,True,True,10,1,2,bbref_war,True,False
dawsoan01,dawsoan01,Andre Dawson,CF,RF,Big Hair Era (1977-1993),1982,1982,1976,1996,WSH,WSH,9927,2774,438,314.0,589,1509.0,21,R,0.301,0.347,0.225,0.124,0.061,72.6,87.7,20.6,73.3,98.3,B,A,D-,B,A+,90.7,Legendary,True,True,8,8,16,bbref_war,False,True
boggswa01,boggswa01,Wade Boggs,3B,,Big Hair Era (1977-1993),1987,1985,1982,1999,BOS,BOS,9180,3010,118,24.0,1412,745.0,18,L,0.352,0.446,0.13,0.064,0.145,125.0,34.9,90.3,12.6,86.5,S,D,A,F,A,88.9,Legendary,True,True,12,2,4,bbref_war,False,False
evansdw01,evansdw01,Dwight Evans,RF,1B,Big Hair Era (1977-1993),1982,1981,1972,1991,BOS,BOS,8996,2446,385,78.0,1391,1697.0,20,R,0.289,0.395,0.219,0.153,0.148,58.9,82.1,93.5,34.3,101.7,C+,A-,A,D,S,88.8,Legendary,True,False,3,8,16,bbref_war,False,False
ripkeca01,ripkeca01,Cal Ripken Sr.,SS,3B,Big Hair Era (1977-1993),1988,1991,1981,2001,BAL,BAL,11551,3184,431,36.0,1129,1305.0,21,R,0.29,0.362,0.193,0.1,0.101,65.4,70.4,54.3,32.6,118.4,B,B,C,D,S,88.6,Legendary,True,True,19,2,4,bbref_war,True,True
sandbry01,sandbry01,Ryne Sandberg,2B,3B,Big Hair Era (1977-1993),1989,1984,1981,1997,CHC,CHC,8385,2386,282,344.0,761,1260.0,16,R,0.296,0.359,0.203,0.13,0.09,67.8,75.2,44.7,75.6,99.7,B,B+,C-,B+,A+,88.5,Legendary,True,True,10,9,18,bbref_war,False,False
winfida01,winfida01,Dave Winfield,RF,"CF,LF",Big Hair Era (1977-1993),1979,1979,1973,1995,SDP,SDP,11003,3110,465,223.0,1216,1686.0,23,R,0.303,0.371,0.215,0.119,0.099,74.6,81.7,52.3,60.6,68.7,B,A-,C,B-,B,88.0,Legendary,True,True,12,7,14,bbref_war,True,True
yountro01,yountro01,Robin Yount,SS,CF,Big Hair Era (1977-1993),1983,1982,1974,1993,MIL,MIL,11008,3142,251,271.0,966,1350.0,20,R,0.309,0.369,0.19,0.101,0.088,82.9,67.0,43.0,82.6,82.6,A-,B,C-,A-,A-,88.0,Legendary,True,True,3,1,2,bbref_war,False,False
larkiba01,larkiba01,Barry Larkin,SS,,Big Hair Era (1977-1993),1992,1996,1986,2004,CIN,CIN,7937,2340,198,379.0,939,817.0,19,R,0.304,0.38,0.171,0.086,0.104,79.2,57.3,56.7,106.2,82.2,B+,C+,C+,S,A-,87.8,Epic,True,True,12,3,6,bbref_war,False,True
murphda05,murphda05,Dale Murphy,CF,"1B,C,LF,RF",Big Hair Era (1977-1993),1984,1987,1976,1993,ATL,ATL,7960,2111,398,161.0,986,1748.0,19,R,0.288,0.378,0.24,0.193,0.125,53.2,95.2,74.1,58.4,76.5,C,A+,B,C+,B+,87.5,Epic,True,False,7,5,10,bbref_war,False,True
mattido01,mattido01,Don Mattingly,1B,,Big Hair Era (1977-1993),1987,1986,1982,1995,NYY,NYY,7003,2153,222,14.0,588,444.0,14,L,0.322,0.371,0.197,0.053,0.075,99.6,73.6,32.9,20.9,75.2,A+,B,D,D-,B+,87.2,Epic,True,False,6,9,18,bbref_war,False,True
puckeki01,puckeki01,Kirby Puckett,CF,RF,Big Hair Era (1977-1993),1989,1988,1984,1995,MIN,MIN,7244,2304,207,134.0,450,965.0,12,R,0.329,0.366,0.173,0.125,0.053,97.8,60.4,13.8,49.0,82.5,A+,B-,F,C,A-,87.1,Epic,True,True,10,6,12,bbref_war,True,True
daviser01,daviser01,Eric Davis,CF,"LF,RF",Big Hair Era (1977-1993),1989,1987,1984,2001,CIN,CIN,5321,1430,282,349.0,740,1398.0,18,R,0.286,0.376,0.248,0.22,0.126,48.4,99.3,74.5,102.7,49.4,C,A+,B,S,C,87.0,Epic,True,False,2,3,6,bbref_war,False,True
trammal01,trammal01,Alan Trammell,SS,,Big Hair Era (1977-1993),1986,1987,1977,1996,DET,DET,8288,2365,185,236.0,850,874.0,20,R,0.31,0.378,0.159,0.092,0.098,84.0,52.2,51.3,63.0,98.1,A-,C,C,B-,A+,87.0,Epic,True,True,6,4,8,bbref_war,True,False
lynnfr01,lynnfr01,Fred Lynn,CF,"LF,RF",Big Hair Era (1977-1993),1979,1979,1974,1990,BOS,BOS,6925,1960,306,72.0,857,1116.0,18,L,0.307,0.385,0.214,0.123,0.114,78.2,79.8,65.1,40.9,69.2,B+,B+,B,C-,B,86.9,Epic,True,False,9,4,8,bbref_war,True,False
molitpa01,molitpa01,Paul Molitor,3B,"1B,2B",Big Hair Era (1977-1993),1988,1982,1978,1998,MIL,MIL,10835,3319,234,504.0,1094,1244.0,21,R,0.322,0.39,0.157,0.097,0.1,94.5,49.8,52.9,91.7,59.8,A,C,C,A,C+,86.9,Epic,True,True,7,0,0,bbref_war,True,True
raineti01,raineti01,Tim Raines,LF,CF,Big Hair Era (1977-1993),1986,1985,1979,2002,WSH,WSH,8872,2605,170,808.0,1330,966.0,24,B,0.313,0.402,0.146,0.087,0.128,87.5,43.0,76.6,125.0,61.9,A,C-,B+,S,B-,86.8,Epic,True,True,7,0,0,bbref_war,True,False
cartega01,cartega01,Gary Carter,C,"1B,RF",Big Hair Era (1977-1993),1982,1982,1974,1992,WSH,WSH,7971,2092,324,39.0,848,997.0,19,R,0.279,0.354,0.207,0.111,0.099,54.2,78.3,52.6,28.3,106.4,C,B+,C,D,S,86.6,Epic,True,True,11,3,6,bbref_war,True,True
fostege01,fostege01,George Foster,LF,"CF,RF",Big Hair Era (1977-1993),1978,1977,1969,1986,CIN,CIN,7023,1925,348,51.0,666,1419.0,20,R,0.297,0.369,0.246,0.167,0.1,64.3,98.2,52.8,33.4,67.8,B-,A+,C,D,B,86.5,Epic,True,False,5,0,0,bbref_war,True,False
clarkwi02,clarkwi02,Will Clark,1B,,Big Hair Era (1977-1993),1991,1989,1986,2000,SFG,SFG,7173,2176,284,67.0,937,1190.0,16,L,0.309,0.392,0.219,0.152,0.117,77.1,82.6,67.7,44.9,53.7,B+,A-,B,C-,C,86.0,Epic,True,False,6,1,2,bbref_war,True,False
murraed02,murraed02,Eddie Murray,1B,,Big Hair Era (1977-1993),1983,1984,1977,1997,BAL,BAL,11336,3255,504,110.0,1333,1516.0,23,B,0.305,0.385,0.214,0.119,0.118,77.1,81.5,67.8,38.5,68.7,B+,A-,B,D+,B,86.0,Epic,True,True,8,3,6,bbref_war,False,False
parkeda01,parkeda01,Dave Parker,RF,,Big Hair Era (1977-1993),1978,1977,1973,1991,PIT,PIT,9358,2712,339,154.0,683,1537.0,20,L,0.316,0.369,0.209,0.138,0.073,85.1,78.3,30.9,46.6,66.2,A,B+,D,C,B,86.0,Epic,True,True,7,3,6,bbref_war,True,False
riceji01,riceji01,Jim Rice,LF,,Big Hair Era (1977-1993),1979,1978,1974,1989,BOS,BOS,8225,2452,382,58.0,670,1423.0,16,R,0.315,0.371,0.232,0.156,0.078,82.3,91.1,35.0,37.1,59.5,A-,A,D+,D+,C+,85.6,Epic,True,True,8,0,0,bbref_war,False,False
hernake01,hernake01,Keith Hernandez,1B,,Big Hair Era (1977-1993),1983,1979,1974,1990,NYM,NYM,7370,2182,162,98.0,1070,1012.0,18,L,0.312,0.401,0.149,0.114,0.129,84.2,45.4,77.5,36.6,93.9,A-,C,B+,D+,A,85.5,Epic,True,False,5,11,22,bbref_war,False,True
mcgrifr01,mcgrifr01,Fred McGriff,1B,,Big Hair Era (1977-1993),1992,1989,1986,2004,TOR,TOR,8757,2490,493,72.0,1305,1882.0,21,L,0.288,0.392,0.249,0.188,0.146,53.9,99.0,91.2,28.7,52.2,C,A+,A,D,C,85.2,Epic,True,True,5,0,0,bbref_war,True,False
galaran01,galaran01,Andres Galarraga,1B,,Big Hair Era (1977-1993),1993,1988,1985,2004,COL,COL,8096,2333,399,128.0,583,2003.0,20,R,0.309,0.368,0.254,0.216,0.067,69.8,103.5,26.1,36.7,51.5,B,S,D,D+,C,84.3,Epic,True,False,5,2,4,bbref_war,False,False
bellbu01,bellbu01,Buddy Bell,3B,,Big Hair Era (1977-1993),1981,1979,1972,1989,TEX,TEX,8995,2514,201,55.0,836,776.0,20,R,0.299,0.359,0.144,0.075,0.086,75.6,44.3,41.6,27.1,117.5,B+,C-,C-,D,S,84.2,Epic,True,False,5,6,12,bbref_war,False,True
gibsoki01,gibsoki01,Kirk Gibson,RF,"CF,LF",Big Hair Era (1977-1993),1986,1988,1979,1995,DET,DET,5798,1553,255,284.0,718,1285.0,17,L,0.285,0.368,0.218,0.195,0.11,50.6,83.0,61.7,85.0,52.2,C,A-,B-,A,C,83.6,Epic,False,False,0,0,0,bbref_war,True,False
coopece01,coopece01,Cecil Cooper,1B,,Big Hair Era (1977-1993),1980,1980,1971,1987,MIL,MIL,7349,2192,241,89.0,448,911.0,17,L,0.316,0.354,0.188,0.104,0.059,88.5,69.0,18.9,45.0,57.1,A,B,F,C,C+,83.5,Epic,True,False,5,2,4,bbref_war,False,True
smithoz01,smithoz01,Ozzie Smith,SS,,Big Hair Era (1977-1993),1987,1989,1978,1996,STL,STL,9396,2460,28,580.0,1072,589.0,19,B,0.283,0.365,0.072,0.054,0.114,63.9,5.7,64.8,104.7,125.0,B-,F,B-,S,S,83.4,Epic,True,True,15,13,26,bbref_war,True,True
fiskca01,fiskca01,Carlton Fisk,C,,Big Hair Era (1977-1993),1977,1972,1969,1993,BOS,BOS,8756,2356,376,128.0,849,1386.0,24,R,0.287,0.366,0.196,0.138,0.101,58.7,71.4,53.7,47.7,77.1,C+,B,C,C,B+,83.3,Epic,True,True,11,1,2,bbref_war,False,True
guerrpe01,guerrpe01,Pedro Guerrero,3B,"1B,CF,LF,RF",Big Hair Era (1977-1993),1984,1985,1978,1992,LAD,LAD,5392,1618,215,97.0,609,862.0,16,R,0.311,0.387,0.203,0.144,0.109,79.3,75.6,61.1,45.5,36.4,B+,B+,B-,C,D+,83.2,Epic,True,False,5,0,0,bbref_war,True,False
gaettga01,gaettga01,Gary Gaetti,3B,1B,Big Hair Era (1977-1993),1988,1986,1981,2000,MIN,MIN,8951,2280,360,96.0,634,1602.0,22,R,0.271,0.331,0.22,0.16,0.074,41.6,86.0,31.9,29.6,99.3,C-,A,D,D,A+,83.1,Epic,True,False,2,4,8,bbref_war,True,False
hrbekke01,hrbekke01,Kent Hrbek,1B,,Big Hair Era (1977-1993),1986,1984,1981,1994,MIN,MIN,6192,1749,293,37.0,838,798.0,14,L,0.293,0.372,0.214,0.116,0.112,66.1,81.6,63.3,22.5,56.1,B,A-,B-,D-,C+,83.1,Epic,True,False,1,0,0,bbref_war,False,True
strawda01,strawda01,Darryl Strawberry,RF,,Big Hair Era (1977-1993),1988,1987,1983,1999,NYM,NYM,5418,1401,335,221.0,816,1352.0,17,L,0.269,0.368,0.255,0.207,0.133,34.5,101.9,80.4,61.9,54.8,D,S,A-,B-,C,83.1,Epic,True,False,8,0,0,bbref_war,False,False
whitalo01,whitalo01,Lou Whitaker,2B,,Big Hair Era (1977-1993),1985,1991,1977,1995,DET,DET,8570,2369,244,143.0,1197,1099.0,19,L,0.285,0.377,0.169,0.091,0.129,61.5,56.8,77.6,47.1,90.7,B-,C+,B+,C,A,83.0,Epic,True,False,5,3,6,bbref_war,False,False
cansejo01,cansejo01,Jose Canseco,RF,LF,Big Hair Era (1977-1993),1991,1988,1985,2001,OAK,OAK,7057,1877,462,200.0,906,1942.0,19,R,0.276,0.368,0.267,0.233,0.119,38.0,109.8,69.1,60.0,41.9,D+,S,B,B-,C-,82.8,Epic,True,False,6,0,0,bbref_war,False,False
garvest01,garvest01,Steve Garvey,1B,3B,Big Hair Era (1977-1993),1977,1975,1969,1987,LAD,LAD,8835,2599,272,83.0,479,1003.0,19,R,0.311,0.348,0.168,0.1,0.055,84.6,58.6,15.6,40.3,63.1,A-,C+,F,C-,B-,82.6,Epic,True,False,10,4,8,bbref_war,True,True
madlobi01,madlobi01,Bill Madlock,3B,2B,Big Hair Era (1977-1993),1981,1982,1973,1987,PIT,PIT,6594,2008,163,174.0,605,510.0,18,R,0.325,0.385,0.148,0.059,0.088,101.1,46.6,43.0,56.2,43.8,S,C,C-,C+,C-,82.5,Epic,True,False,3,0,0,bbref_war,True,False
clarkja01,clarkja01,Jack Clark,RF,1B,Big Hair Era (1977-1993),1983,1978,1975,1992,SFG,SFG,6847,1826,340,77.0,1262,1441.0,18,R,0.277,0.393,0.235,0.17,0.161,45.9,90.1,104.0,34.6,51.0,C,A,S,D,C,82.4,Epic,True,False,4,0,0,bbref_war,False,False
maddoga01,maddoga01,Garry Maddox,CF,,Big Hair Era (1977-1993),1977,1976,1972,1986,PHI,PHI,6331,1802,117,248.0,323,781.0,16,R,0.294,0.333,0.141,0.127,0.051,65.8,41.9,12.3,77.0,106.4,B,C-,F,B+,S,82.3,Epic,False,False,0,8,16,bbref_war,False,True
vanslan01,vanslan01,Andy Van Slyke,CF,"1B,LF,RF",Big Hair Era (1977-1993),1989,1988,1983,1995,PIT,PIT,5711,1562,164,245.0,667,1063.0,14,L,0.286,0.356,0.192,0.163,0.099,54.5,67.4,52.5,76.7,76.0,C,B,C,B+,B+,82.3,Epic,True,False,3,5,10,bbref_war,False,False
dykstle01,dykstle01,Lenny Dykstra,CF,,Big Hair Era (1977-1993),1990,1990,1985,1996,PHI,PHI,4559,1298,81,285.0,640,503.0,13,L,0.299,0.385,0.14,0.092,0.119,73.8,41.0,68.6,100.7,65.2,B,C-,B,S,B,82.2,Epic,True,False,3,0,0,bbref_war,False,False
barfije01,barfije01,Jesse Barfield,RF,CF,Big Hair Era (1977-1993),1987,1986,1981,1992,TOR,TOR,4759,1219,241,66.0,551,1234.0,13,R,0.266,0.348,0.222,0.236,0.108,28.4,85.6,59.5,38.8,98.1,D,A,C+,D+,A+,81.8,Epic,True,False,1,2,4,bbref_war,False,False
evansda01,evansda01,Darrell Evans,3B,"1B,LF",Big Hair Era (1977-1993),1980,1973,1969,1989,ATL,ATL,8973,2223,414,98.0,1605,1410.0,22,L,0.259,0.374,0.216,0.134,0.155,33.0,81.8,98.6,36.2,78.2,D,A-,A+,D+,B+,81.8,Epic,True,False,2,0,0,bbref_war,False,False
mitchke01,mitchke01,Kevin Mitchell,LF,3B,Big Hair Era (1977-1993),1990,1989,1984,1998,SFG,SFG,4134,1173,234,30.0,491,719.0,15,R,0.287,0.364,0.262,0.156,0.106,56.4,106.3,58.4,19.7,35.0,C+,S,C+,F,D+,81.8,Epic,True,False,2,0,0,bbref_war,False,False
lemonch01,lemonch01,Chet Lemon,CF,RF,Big Hair Era (1977-1993),1980,1984,1975,1990,CHW,CHW,6868,1875,215,58.0,749,1024.0,16,R,0.286,0.369,0.189,0.126,0.099,58.5,66.5,52.1,23.8,91.3,C+,B,C,D-,A,81.7,Epic,True,False,3,0,0,bbref_war,False,False
bakerdu01,bakerdu01,Dusty Baker,LF,"CF,RF",Big Hair Era (1977-1993),1977,1972,1968,1986,LAD,LAD,7117,1981,242,137.0,762,926.0,19,R,0.297,0.357,0.179,0.114,0.086,69.5,64.0,41.7,46.6,60.6,B,B-,C-,C,B-,81.5,Epic,True,False,2,1,2,bbref_war,True,False
cruzjo01,cruzjo01,Jose Cruz,LF,"CF,RF",Big Hair Era (1977-1993),1979,1984,1970,1988,HOU,HOU,7917,2251,165,317.0,898,1031.0,19,L,0.306,0.373,0.14,0.103,0.101,79.0,40.4,54.2,74.1,70.8,B+,C-,C,B,B,81.4,Epic,True,False,2,0,0,bbref_war,False,False
whitede03,whitede03,Devon White,CF,RF,Big Hair Era (1977-1993),1991,1991,1985,2001,LAA,LAA,7344,1934,208,346.0,541,1526.0,17,B,0.268,0.322,0.165,0.183,0.067,36.5,55.5,26.2,86.9,119.7,D+,C+,D,A,S,81.4,Epic,True,False,3,7,14,bbref_war,False,False
francju01,francju01,Julio Franco,2B,"1B,SS",Big Hair Era (1977-1993),1990,1990,1982,2007,CLE,CLE,8677,2586,173,281.0,917,1341.0,25,R,0.314,0.381,0.127,0.115,0.097,85.2,35.7,50.8,73.0,56.1,A,D+,C,B,C+,80.9,Epic,True,False,3,0,0,bbref_war,True,False
simmote01,simmote01,Ted Simmons,C,1B,Big Hair Era (1977-1993),1977,1978,1968,1988,STL,STL,8680,2472,248,21.0,855,694.0,21,B,0.309,0.373,0.169,0.071,0.093,85.6,57.2,47.7,14.2,62.5,A,C+,C,F,B-,80.8,Epic,True,True,8,0,0,bbref_war,False,False
davisch01,davisch01,Chili Davis,DH,"CF,LF,RF",Big Hair Era (1977-1993),1989,1984,1981,1999,LAA,LAA,8673,2380,350,142.0,1194,1698.0,19,B,0.291,0.383,0.198,0.165,0.132,59.1,72.7,79.8,29.4,53.4,C+,B,B+,D,C,80.6,Epic,True,False,3,0,0,bbref_war,False,False
decindo01,decindo01,Doug DeCinces,3B,,Big Hair Era (1977-1993),1980,1982,1973,1987,BAL,BAL,5809,1505,237,58.0,618,904.0,16,R,0.274,0.34,0.205,0.129,0.093,47.5,76.9,47.8,34.9,77.0,C,B+,C,D,B+,80.5,Epic,True,False,1,0,0,bbref_war,False,False
greenmi01,greenmi01,Mike Greenwell,LF,,Big Hair Era (1977-1993),1990,1988,1985,1996,BOS,BOS,4623,1400,130,80.0,460,364.0,12,L,0.309,0.374,0.164,0.067,0.09,86.3,54.0,45.0,34.9,54.4,A,C,C,D,C,80.5,Epic,True,False,2,0,0,bbref_war,False,False
randowi01,randowi01,Willie Randolph,2B,,Big Hair Era (1977-1993),1979,1980,1975,1992,NYY,NYY,8018,2210,54,271.0,1243,675.0,19,R,0.289,0.396,0.084,0.068,0.149,67.5,11.2,93.8,78.7,89.4,B,F,A,B+,A,80.4,Epic,True,False,6,0,0,bbref_war,False,True
baineha01,baineha01,Harold Baines,DH,RF,Big Hair Era (1977-1993),1989,1984,1980,2001,CHW,CHW,9908,2866,384,34.0,1062,1441.0,27,L,0.301,0.368,0.191,0.123,0.099,72.7,69.3,52.7,25.9,51.0,B,B,C,D,C,80.3,Epic,True,True,6,0,0,bbref_war,False,False
joynewa01,joynewa01,Wally Joyner,1B,,Big Hair Era (1977-1993),1991,1987,1986,2001,LAA,LAA,7127,2060,204,60.0,833,825.0,16,L,0.299,0.368,0.171,0.1,0.1,73.3,58.7,53.2,35.6,60.3,B,C+,C,D+,B-,80.3,Epic,True,False,1,0,0,bbref_war,False,False
singlke01,singlke01,Ken Singleton,RF,LF,Big Hair Era (1977-1993),1977,1973,1970,1984,BAL,BAL,7189,2029,246,21.0,1263,1246.0,15,B,0.3,0.408,0.175,0.141,0.156,69.8,60.1,99.8,15.8,40.0,B,B-,A+,F,C-,80.3,Epic,True,False,3,0,0,bbref_war,False,True
smithlo01,smithlo01,Lonnie Smith,LF,CF,Big Hair Era (1977-1993),1986,1989,1978,1994,ATL,ATL,5170,1488,98,370.0,623,849.0,19,R,0.301,0.383,0.137,0.135,0.105,70.9,38.9,57.6,85.9,65.8,B,D+,C+,A,B,80.2,Epic,True,False,1,0,0,bbref_war,False,False
wilsowi02,wilsowi02,Willie Wilson,CF,LF,Big Hair Era (1977-1993),1982,1980,1976,1994,KCR,KCR,7731,2207,41,668.0,425,1144.0,19,B,0.304,0.344,0.098,0.129,0.051,74.9,17.7,12.7,125.0,93.0,B,F,F,S,A,80.1,Epic,True,False,2,1,2,bbref_war,False,False
oglivbe01,oglivbe01,Ben Oglivie,LF,RF,Big Hair Era (1977-1993),1979,1980,1971,1986,MIL,MIL,5913,1615,235,87.0,560,852.0,16,L,0.279,0.346,0.213,0.125,0.09,52.8,81.7,44.7,39.6,56.3,C,A-,C-,D+,C+,80.0,Epic,True,False,3,0,0,bbref_war,False,False
pendlte01,pendlte01,Terry Pendleton,3B,,Big Hair Era (1977-1993),1989,1991,1984,1998,STL,STL,7032,1897,140,127.0,486,979.0,16,B,0.293,0.339,0.145,0.121,0.068,65.3,45.7,26.8,49.4,95.1,B,C,D,C,A+,80.0,Epic,True,False,1,3,6,bbref_war,False,False
oliveal01,oliveal01,Al Oliver,CF,"1B,LF,RF",Big Hair Era (1977-1993),1977,1982,1968,1985,PIT,PIT,9049,2743,219,84.0,535,756.0,20,L,0.317,0.357,0.158,0.074,0.057,92.1,51.5,17.5,39.3,55.5,A,C,F,D+,C+,79.9,Rare,True,False,7,0,0,bbref_war,False,False
bonilbo01,bonilbo01,Bobby Bonilla,3B,"1B,LF,RF",Big Hair Era (1977-1993),1990,1988,1986,2001,PIT,PIT,7213,2010,287,45.0,912,1204.0,19,B,0.29,0.365,0.216,0.134,0.108,61.2,81.0,59.7,25.6,41.6,B-,A-,C+,D,C-,79.8,Rare,True,False,6,0,0,bbref_war,False,False
fernato01,fernato01,Tony Fernandez,SS,"2B,3B",Big Hair Era (1977-1993),1988,1987,1983,2001,TOR,TOR,7911,2276,94,246.0,690,784.0,19,B,0.302,0.364,0.115,0.088,0.083,77.5,27.2,39.0,58.3,91.4,B+,D,D+,C+,A,79.7,Rare,True,False,5,4,8,bbref_war,False,False
johnsla03,johnsla03,Lance Johnson,CF,,Big Hair Era (1977-1993),1993,1996,1987,2000,CHW,CHW,5379,1565,34,327.0,352,384.0,15,L,0.301,0.342,0.106,0.059,0.059,79.9,21.9,18.9,104.2,82.9,B+,D-,F,S,A-,79.7,Rare,True,False,1,0,0,bbref_war,False,False
macksh01,macksh01,Shane Mack,LF,"CF,RF",Big Hair Era (1977-1993),1992,1992,1987,1998,MIN,MIN,2857,853,80,90.0,256,509.0,10,R,0.307,0.372,0.168,0.158,0.08,73.8,56.0,36.9,57.7,54.4,B,C+,D+,C+,C,79.6,Rare,False,False,0,0,0,bbref_war,False,False
mcraeha01,mcraeha01,Hal McRae,DH,"LF,RF",Big Hair Era (1977-1993),1977,1977,1968,1987,KCR,KCR,7218,2091,191,109.0,648,779.0,19,R,0.309,0.371,0.176,0.089,0.083,83.3,59.8,38.8,38.2,43.1,A-,C+,D+,D+,C-,79.6,Rare,True,False,3,0,0,bbref_war,False,False
wallati01,wallati01,Tim Wallach,3B,1B,Big Hair Era (1977-1993),1985,1985,1980,1996,WSH,WSH,8099,2085,260,51.0,649,1307.0,18,R,0.279,0.333,0.186,0.138,0.072,50.8,67.5,30.0,19.5,91.6,C,B,D,F,A,79.4,Rare,True,False,5,3,6,bbref_war,False,False
mcreyke01,mcreyke01,Kevin McReynolds,LF,CF,Big Hair Era (1977-1993),1987,1984,1983,1994,NYM,NYM,5423,1439,211,93.0,522,707.0,12,R,0.275,0.337,0.197,0.113,0.088,50.3,72.7,43.5,53.5,58.5,C,B,C-,C,C+,79.2,Rare,False,False,0,0,0,bbref_war,False,False
gamblos01,gamblos01,Oscar Gamble,DH,"CF,LF,RF",Big Hair Era (1977-1993),1977,1979,1969,1985,NYY,NYY,4502,1195,200,47.0,610,546.0,18,L,0.283,0.37,0.208,0.102,0.113,58.1,78.2,64.4,28.1,40.4,C+,B+,B-,D,C-,79.1,Rare,False,False,0,0,0,bbref_war,False,False
thornan01,thornan01,Andre Thornton,1B,,Big Hair Era (1977-1993),1978,1978,1973,1987,CLE,CLE,5291,1342,253,48.0,876,851.0,15,R,0.265,0.377,0.224,0.131,0.148,38.7,85.0,93.5,29.4,43.0,D+,A,A,D,C-,79.0,Rare,True,False,2,0,0,bbref_war,False,True
butlebr01,butlebr01,Brett Butler,CF,LF,Big Hair Era (1977-1993),1988,1988,1981,1997,CLE,CLE,8180,2375,54,558.0,1129,907.0,18,L,0.303,0.398,0.097,0.093,0.135,77.5,17.3,82.2,93.3,58.4,B+,F,A-,A,C+,78.8,Rare,True,False,1,0,0,bbref_war,False,True
luzingr01,luzingr01,Greg Luzinski,LF,,Big Hair Era (1977-1993),1978,1978,1970,1984,PHI,PHI,6505,1795,307,37.0,845,1495.0,15,R,0.29,0.378,0.219,0.197,0.117,54.5,83.5,67.7,14.4,37.0,C,A-,B,F,D+,78.4,Rare,True,False,4,0,0,bbref_war,False,True
conceda01,conceda01,Dave Concepcion,SS,"2B,3B",Big Hair Era (1977-1993),1978,1974,1970,1988,CIN,CIN,8723,2326,101,321.0,736,1186.0,19,R,0.289,0.343,0.114,0.12,0.078,61.7,28.6,34.7,67.9,97.7,B-,D,D,B,A+,78.3,Rare,True,False,9,5,10,bbref_war,True,False
griffke01,griffke01,Ken Griffey Sr.,RF,"1B,CF,LF",Big Hair Era (1977-1993),1978,1976,1973,1991,CIN,CIN,7229,2143,152,200.0,719,898.0,22,L,0.308,0.373,0.135,0.116,0.095,79.9,37.8,49.3,75.2,45.1,B+,D+,C,B+,C,78.2,Rare,True,False,3,0,0,bbref_war,True,False
bellge02,bellge02,George Bell,LF,RF,Big Hair Era (1977-1993),1987,1987,1981,1993,TOR,TOR,6123,1702,265,67.0,331,771.0,12,R,0.291,0.331,0.208,0.109,0.054,65.0,79.7,14.7,44.8,43.0,B,B+,F,C-,C-,78.0,Rare,True,False,3,0,0,bbref_war,False,False
harrato01,harrato01,Toby Harrah,3B,"2B,SS",Big Hair Era (1977-1993),1978,1975,1969,1986,TEX,TEX,7402,1954,195,238.0,1153,868.0,17,R,0.276,0.384,0.162,0.099,0.142,52.5,53.3,88.5,68.5,52.5,C,C,A,B,C,78.0,Rare,True,False,4,0,0,bbref_war,False,False
parrila02,parrila02,Lance Parrish,C,,Big Hair Era (1977-1993),1983,1982,1977,1995,DET,DET,7067,1782,324,28.0,612,1527.0,20,R,0.274,0.331,0.209,0.183,0.076,41.9,80.3,33.0,14.4,82.0,C-,A-,D,F,A-,77.9,Rare,True,False,8,3,6,bbref_war,False,False
downibr01,downibr01,Brian Downing,LF,C,Big Hair Era (1977-1993),1984,1982,1973,1992,LAA,LAA,7853,2099,275,50.0,1197,1127.0,20,R,0.275,0.381,0.185,0.106,0.132,51.1,65.1,79.6,35.0,57.1,C,B,B+,D+,C+,77.8,Rare,True,False,1,0,0,bbref_war,False,False
hayesvo01,hayesvo01,Von Hayes,1B,"CF,LF,RF",Big Hair Era (1977-1993),1986,1989,1981,1992,PHI,PHI,5249,1402,143,253.0,712,804.0,12,L,0.277,0.37,0.166,0.136,0.129,49.3,55.1,77.5,72.2,56.2,C,C+,B+,B,C+,77.7,Rare,True,False,1,0,0,bbref_war,False,False
danieka01,danieka01,Kal Daniels,LF,,Big Hair Era (1977-1993),1989,1988,1986,1992,CIN,CIN,2338,666,104,87.0,365,493.0,9,L,0.285,0.382,0.194,0.18,0.133,51.7,70.0,81.0,56.9,35.6,C,B,A-,C+,D+,77.6,Rare,False,False,0,0,0,bbref_war,False,False
krukjo01,krukjo01,John Kruk,1B,"LF,RF",Big Hair Era (1977-1993),1990,1991,1986,1995,PHI,PHI,3897,1170,100,58.0,649,701.0,11,L,0.307,0.4,0.153,0.151,0.138,74.9,47.5,84.5,32.8,44.1,B,C,A-,D,C-,77.6,Rare,True,False,3,0,0,bbref_war,False,False
matthga01,matthga01,Gary Matthews,LF,RF,Big Hair Era (1977-1993),1978,1979,1972,1987,SFG,SFG,7147,2011,234,183.0,940,1125.0,17,R,0.292,0.376,0.159,0.124,0.119,64.2,51.3,68.7,56.6,43.1,B-,C,B,C+,C-,77.6,Rare,True,False,1,0,0,bbref_war,True,False
whitefr01,whitefr01,Frank White,2B,SS,Big Hair Era (1977-1993),1984,1984,1973,1990,KCR,KCR,7859,2006,160,178.0,412,1035.0,18,R,0.267,0.309,0.161,0.131,0.056,41.3,53.9,16.4,39.3,106.7,C-,C,F,D+,S,77.4,Rare,True,False,5,8,16,bbref_war,True,False
phelpke01,phelpke01,Ken Phelps,DH,1B,Big Hair Era (1977-1993),1986,1988,1980,1990,SEA,SEA,1854,443,123,10.0,390,449.0,14,L,0.247,0.383,0.259,0.195,0.174,16.4,101.8,114.8,20.6,39.4,F,S,S,D-,D+,77.3,Rare,False,False,0,0,0,bbref_war,False,False
lezcasi01,lezcasi01,Sixto Lezcano,RF,LF,Big Hair Era (1977-1993),1979,1982,1974,1985,MIL,MIL,4134,1122,148,37.0,576,768.0,13,R,0.285,0.37,0.178,0.161,0.118,53.7,61.4,68.3,35.0,58.4,C,B-,B,D+,C+,77.1,Rare,False,False,0,1,2,bbref_war,False,False
mosebll01,mosebll01,Lloyd Moseby,CF,"LF,RF",Big Hair Era (1977-1993),1986,1984,1980,1991,TOR,TOR,5815,1494,169,280.0,616,1135.0,12,L,0.269,0.351,0.171,0.165,0.106,39.3,57.1,57.9,87.4,65.1,D+,C+,C+,A,B,77.1,Rare,True,False,1,0,0,bbref_war,False,False
sierrru01,sierrru01,Ruben Sierra,RF,LF,Big Hair Era (1977-1993),1989,1989,1986,2006,TEX,TEX,8044,2152,306,142.0,610,1239.0,25,B,0.284,0.328,0.195,0.126,0.066,56.8,71.7,24.9,54.6,49.8,C+,B,D-,C,C,77.1,Rare,True,False,4,0,0,bbref_war,False,False
daultda01,daultda01,Darren Daulton,C,,Big Hair Era (1977-1993),1993,1992,1983,1997,PHI,PHI,3630,891,137,50.0,629,726.0,15,L,0.264,0.379,0.205,0.159,0.154,34.9,73.6,97.8,38.1,50.9,D,B,A+,D+,C,77.0,Rare,True,False,3,0,0,bbref_war,False,False
lansfca01,lansfca01,Carney Lansford,3B,1B,Big Hair Era (1977-1993),1986,1987,1978,1992,OAK,OAK,7158,2074,151,224.0,553,719.0,15,R,0.302,0.355,0.127,0.094,0.071,76.6,35.9,28.8,72.9,53.4,B+,D+,D,B,C,76.9,Rare,True,False,1,0,0,bbref_war,False,True
cartejo01,cartejo01,Joe Carter,RF,"1B,CF,LF",Big Hair Era (1977-1993),1989,1986,1983,1998,CLE,CLE,8422,2184,396,231.0,527,1387.0,17,R,0.267,0.314,0.223,0.153,0.056,38.8,87.2,16.4,70.2,46.6,D+,A,F,B,C,76.6,Rare,True,False,5,0,0,bbref_war,False,False
durhale01,durhale01,Leon Durham,1B,"CF,LF,RF",Big Hair Era (1977-1993),1983,1982,1980,1989,CHC,CHC,3587,992,147,106.0,444,679.0,11,L,0.281,0.363,0.204,0.164,0.115,49.8,75.0,65.4,46.6,35.0,C,B+,B,C,D+,76.5,Rare,True,False,2,0,0,bbref_war,False,False
mcbriba01,mcbriba01,Bake McBride,RF,CF,Big Hair Era (1977-1993),1977,1974,1973,1983,STL,STL,3853,1153,63,183.0,248,457.0,12,L,0.3,0.348,0.128,0.108,0.063,73.2,34.7,22.2,75.1,67.0,B,D,D-,B+,B,76.5,Rare,True,False,1,0,0,bbref_war,False,False
hendrge01,hendrge01,George Hendrick,CF,"1B,LF,RF",Big Hair Era (1977-1993),1979,1977,1971,1988,STL,STL,7129,1980,267,59.0,567,1013.0,20,R,0.291,0.347,0.184,0.121,0.079,64.2,66.7,35.4,30.3,47.5,B-,B,D+,D,C,76.4,Rare,True,False,4,0,0,bbref_war,False,False
wardga01,wardga01,Gary Ward,LF,"CF,RF",Big Hair Era (1977-1993),1983,1982,1979,1990,MIN,MIN,4479,1236,130,83.0,351,775.0,13,R,0.289,0.338,0.159,0.154,0.07,58.0,51.9,28.5,57.4,69.5,C+,C,D,C+,B,76.4,Rare,True,False,2,0,0,bbref_war,False,False
baergca01,baergca01,Carlos Baerga,2B,3B,Big Hair Era (1977-1993),1993,1992,1990,2005,CLE,CLE,5439,1583,134,59.0,291,580.0,16,B,0.307,0.348,0.147,0.101,0.053,80.6,47.1,14.5,45.3,54.0,A-,C,F,C,C,76.2,Rare,True,False,3,0,0,bbref_war,False,False
tartada01,tartada01,Danny Tartabull,RF,,Big Hair Era (1977-1993),1989,1991,1984,1997,KCR,KCR,5011,1366,262,37.0,768,1362.0,15,R,0.28,0.378,0.232,0.229,0.135,42.1,90.1,82.1,28.0,21.8,C-,A,A-,D,D-,76.2,Rare,True,False,1,0,0,bbref_war,False,False
johnsho01,johnsho01,Howard Johnson,3B,"CF,LF,SS",Big Hair Era (1977-1993),1988,1989,1982,1995,NYM,NYM,4940,1229,228,231.0,692,1053.0,14,B,0.253,0.345,0.219,0.182,0.123,23.0,84.0,72.7,73.9,40.7,D-,A-,B,B,C-,76.1,Rare,True,False,2,0,0,bbref_war,False,False
bucknbi01,bucknbi01,Bill Buckner,1B,"LF,RF",Big Hair Era (1977-1993),1980,1982,1969,1990,LAD,LAD,9397,2715,174,183.0,450,453.0,25,L,0.309,0.341,0.124,0.038,0.047,89.4,34.1,8.9,51.1,58.4,A,D,F,C,C+,76.0,Rare,True,False,1,0,0,bbref_war,False,False
eisenji01,eisenji01,Jim Eisenreich,RF,"CF,LF",Big Hair Era (1977-1993),1993,1989,1982,1998,PHI,PHI,3995,1160,52,105.0,324,435.0,16,L,0.307,0.359,0.126,0.092,0.076,81.5,33.9,33.6,55.1,55.8,A-,D,D,C+,C+,75.9,Rare,False,False,0,0,0,bbref_war,False,False
hornebo01,hornebo01,Bob Horner,3B,1B,Big Hair Era (1977-1993),1981,1980,1978,1988,ATL,ATL,3777,1047,218,14.0,369,512.0,10,R,0.28,0.342,0.228,0.124,0.086,53.2,90.6,41.6,17.5,28.0,C,A,C-,F,D,75.9,Rare,True,False,1,0,0,bbref_war,False,False
porteda02,porteda02,Darrell Porter,C,,Big Hair Era (1977-1993),1978,1979,1971,1987,MIL,MIL,5539,1369,188,39.0,905,1025.0,17,L,0.262,0.367,0.177,0.15,0.139,33.9,60.2,85.6,23.6,67.4,D,B-,A,D-,B,75.7,Rare,True,False,4,0,0,bbref_war,True,False
valenel01,valenel01,Ellis Valentine,RF,,Big Hair Era (1977-1993),1979,1978,1975,1985,WSH,WSH,3166,881,123,59.0,180,462.0,11,R,0.284,0.322,0.181,0.131,0.054,56.4,65.6,15.1,35.7,63.2,C+,B,F,D+,B-,75.7,Rare,True,False,1,1,2,bbref_war,False,False
davisal01,davisal01,Alvin Davis,1B,,Big Hair Era (1977-1993),1987,1984,1984,1992,SEA,SEA,4240,1189,160,7.0,685,558.0,9,L,0.289,0.391,0.179,0.108,0.141,63.2,62.5,87.4,3.4,36.5,B-,B-,A,F,D+,75.6,Rare,True,False,1,0,0,bbref_war,False,False
jeffegr01,jeffegr01,Gregg Jefferies,2B,"1B,3B,LF",Big Hair Era (1977-1993),1993,1993,1987,2000,STL,STL,5520,1593,126,196.0,472,348.0,15,B,0.294,0.352,0.14,0.062,0.081,72.7,42.4,37.3,60.1,49.0,B,C-,D+,B-,C,75.6,Rare,True,False,2,0,0,bbref_war,False,False
johnscl01,johnscl01,Cliff Johnson,DH,"1B,C",Big Hair Era (1977-1993),1981,1977,1972,1986,TOR,TOR,3945,1016,196,9.0,568,719.0,19,R,0.272,0.369,0.225,0.155,0.124,42.4,86.4,72.7,12.9,34.5,C-,A,B,F,D,75.6,Rare,False,False,0,0,0,bbref_war,False,False
santibe01,santibe01,Benito Santiago,C,,Big Hair Era (1977-1993),1990,1987,1986,2005,SDP,SDP,6951,1830,217,91.0,430,1270.0,20,R,0.273,0.315,0.171,0.176,0.056,41.1,59.9,16.8,35.5,83.7,C-,C+,F,D+,A-,75.5,Rare,True,False,5,3,6,bbref_war,True,False
lacyle01,lacyle01,Lee Lacy,RF,"2B,CF,LF",Big Hair Era (1977-1993),1980,1980,1972,1987,LAD,LAD,4549,1303,91,185.0,372,657.0,17,R,0.303,0.355,0.139,0.13,0.075,73.6,41.7,32.5,52.4,53.1,B,C-,D,C,C,75.4,Rare,False,False,0,0,0,bbref_war,False,False
murphdw01,murphdw01,Dwayne Murphy,CF,,Big Hair Era (1977-1993),1983,1980,1978,1989,OAK,OAK,4347,1069,166,100.0,747,953.0,12,L,0.251,0.361,0.158,0.179,0.145,21.6,51.7,90.2,48.8,89.5,D-,C,A,C,A,75.4,Rare,False,False,0,6,12,bbref_war,False,False
phillto02,phillto02,Tony Phillips,2B,"3B,CF,LF,RF,SS",Big Hair Era (1977-1993),1992,1993,1982,1999,DET,DET,7617,2023,160,177.0,1319,1499.0,20,B,0.275,0.392,0.131,0.156,0.158,45.5,36.3,101.8,47.9,71.6,C,D+,S,C,B,75.4,Rare,False,False,0,0,0,bbref_war,False,False
mcgeewi01,mcgeewi01,Willie McGee,CF,"LF,RF",Big Hair Era (1977-1993),1986,1985,1982,1999,STL,STL,7649,2254,79,352.0,448,1238.0,19,B,0.303,0.342,0.104,0.144,0.057,72.5,22.1,17.4,97.4,68.4,B,D-,F,A+,B,75.3,Rare,True,False,4,3,6,bbref_war,False,False
obriepe03,o'bripe03,Pete O'Brien,1B,,Big Hair Era (1977-1993),1986,1986,1982,1993,TEX,TEX,5437,1421,169,24.0,641,563.0,12,L,0.276,0.354,0.159,0.093,0.111,53.3,52.9,62.6,16.9,69.2,C,C,B-,F,B,75.3,Rare,False,False,0,0,0,bbref_war,False,False
davisgl01,davisgl01,Glenn Davis,1B,,Big Hair Era (1977-1993),1988,1986,1984,1993,HOU,HOU,3719,965,190,28.0,370,613.0,10,R,0.265,0.338,0.212,0.143,0.09,37.6,81.4,45.2,29.1,43.3,D+,A-,C,D,C-,75.2,Rare,True,False,2,0,0,bbref_war,False,True
thompja01,thompja01,Jason Thompson,1B,,Big Hair Era (1977-1993),1980,1978,1976,1986,DET,DET,4802,1253,208,8.0,816,862.0,12,L,0.271,0.375,0.191,0.157,0.146,41.4,68.9,91.5,11.6,49.9,C-,B,A,F,C,75.2,Rare,True,False,3,0,0,bbref_war,False,False
fieldce01,fieldce01,Cecil Fielder,1B,,Big Hair Era (1977-1993),1992,1990,1985,1998,DET,DET,5157,1313,319,2.0,693,1316.0,15,R,0.258,0.351,0.24,0.217,0.121,23.4,96.5,70.8,1.0,42.9,D-,A+,B,F,C-,75.1,Rare,True,False,3,0,0,bbref_war,True,False
hargrmi01,hargrmi01,Mike Hargrove,1B,LF,Big Hair Era (1977-1993),1977,1977,1974,1985,TEX,TEX,5564,1614,80,24.0,965,550.0,13,L,0.303,0.407,0.117,0.084,0.145,78.3,29.0,90.7,20.7,48.6,B+,D,A,D-,C,75.0,Rare,True,False,1,0,0,bbref_war,False,False
caldeiv01,caldeiv01,Ivan Calderon,LF,RF,Big Hair Era (1977-1993),1988,1987,1984,1993,CHW,CHW,3312,901,104,97.0,306,556.0,12,R,0.279,0.34,0.182,0.15,0.086,49.8,64.2,41.2,52.8,46.6,C,B-,C-,C,C,74.9,Rare,True,False,1,0,0,bbref_war,False,False
hendeda01,hendeda01,Dave Henderson,CF,RF,Big Hair Era (1977-1993),1988,1988,1981,1994,OAK,OAK,5130,1324,197,50.0,465,1105.0,16,R,0.273,0.331,0.183,0.191,0.078,40.2,65.7,34.9,30.3,73.0,C-,B,D,D,B,74.9,Rare,True,False,1,0,0,bbref_war,False,False
mullira01,mullira01,Rance Mulliniks,3B,SS,Big Hair Era (1977-1993),1985,1985,1977,1992,TOR,TOR,3569,972,73,15.0,460,555.0,16,L,0.291,0.369,0.157,0.13,0.112,62.1,50.4,63.3,17.9,55.5,B-,C,B-,F,C+,74.9,Rare,False,False,0,0,0,bbref_war,False,False
cowenal01,cowenal01,Al Cowens,RF,CF,Big Hair Era (1977-1993),1978,1977,1974,1986,KCR,KCR,5534,1494,108,120.0,389,659.0,14,R,0.283,0.331,0.163,0.111,0.064,57.2,53.2,23.6,47.6,62.4,C+,C,D-,C,B-,74.8,Rare,False,False,0,1,2,bbref_war,False,False
martida01,martida01,Dave Martinez,CF,"1B,LF,RF",Big Hair Era (1977-1993),1991,1996,1986,2001,WSH,WSH,5795,1599,91,183.0,567,893.0,20,L,0.293,0.354,0.13,0.132,0.085,64.2,35.8,40.5,60.7,63.0,B-,D+,C-,B-,B-,74.8,Rare,False,False,0,0,0,bbref_war,False,False
dwyerji01,dwyerji01,Jim Dwyer,RF,"1B,CF,LF",Big Hair Era (1977-1993),1985,1987,1973,1990,BAL,BAL,2761,719,77,26.0,402,402.0,23,L,0.28,0.37,0.177,0.129,0.125,52.2,60.4,73.6,26.4,44.1,C,B-,B,D,C-,74.7,Rare,False,False,0,0,0,bbref_war,False,False
mumphje01,mumphje01,Jerry Mumphrey,CF,"LF,RF",Big Hair Era (1977-1993),1982,1980,1974,1988,NYY,NYY,4993,1442,70,174.0,478,688.0,16,B,0.298,0.361,0.121,0.128,0.091,69.7,31.0,46.1,70.1,54.2,B,D,C,B,C,74.7,Rare,True,False,1,0,0,bbref_war,False,False
roberbi01,roberbi01,Bip Roberts,LF,"2B,3B",Big Hair Era (1977-1993),1992,1990,1986,1998,SDP,SDP,4147,1220,30,264.0,396,548.0,14,B,0.307,0.37,0.095,0.12,0.087,77.9,17.8,42.4,85.5,55.7,B+,F,C-,A,C+,74.7,Rare,True,False,1,0,0,bbref_war,False,False
rivermi01,rivermi01,Mickey Rivers,CF,LF,Big Hair Era (1977-1993),1977,1976,1970,1984,NYY,NYY,5629,1660,61,267.0,266,471.0,16,L,0.3,0.333,0.106,0.074,0.046,77.1,23.4,8.3,94.8,60.4,B+,D-,F,A,B-,74.6,Rare,True,False,1,0,0,bbref_war,False,False
tettlmi01,tettlmi01,Mickey Tettleton,C,"1B,RF",Big Hair Era (1977-1993),1991,1991,1984,1997,DET,DET,4698,1132,245,23.0,949,1307.0,14,B,0.245,0.384,0.229,0.227,0.182,10.5,87.2,121.0,7.1,51.2,F,A,S,F,C,74.5,Rare,True,False,2,0,0,bbref_war,False,False
basske01,basske01,Kevin Bass,RF,"CF,LF",Big Hair Era (1977-1993),1988,1986,1982,1995,HOU,HOU,4839,1308,118,151.0,357,668.0,16,B,0.283,0.337,0.156,0.119,0.07,56.5,50.7,28.5,57.0,57.2,C+,C,D,C+,C+,74.4,Rare,True,False,1,0,0,bbref_war,False,False
puhlte01,puhlte01,Terry Puhl,RF,"CF,LF",Big Hair Era (1977-1993),1981,1980,1977,1991,HOU,HOU,4855,1361,62,217.0,505,507.0,15,L,0.287,0.354,0.111,0.084,0.092,63.6,26.1,46.7,65.9,68.9,B-,D,C,B,B,74.3,Rare,True,False,1,0,0,bbref_war,False,False
boonebo01,boonebo01,Bob Boone,C,,Big Hair Era (1977-1993),1979,1978,1972,1990,PHI,PHI,7245,1838,105,38.0,663,608.0,19,R,0.276,0.338,0.114,0.08,0.088,54.1,29.2,43.1,10.7,106.9,C,D,C-,F,S,74.2,Rare,True,False,4,7,14,bbref_war,False,False
pacioto01,pacioto01,Tom Paciorek,LF,"1B,RF",Big Hair Era (1977-1993),1980,1981,1970,1987,SEA,SEA,4121,1162,86,55.0,245,704.0,20,R,0.3,0.345,0.155,0.142,0.06,69.2,49.9,19.7,35.8,52.8,B,C,F,D+,C,74.2,Rare,True,False,1,0,0,bbref_war,False,False
lowenjo01,lowenjo01,John Lowenstein,LF,RF,Big Hair Era (1977-1993),1979,1982,1970,1985,BAL,BAL,3476,881,116,128.0,446,596.0,16,L,0.274,0.36,0.161,0.144,0.12,45.8,53.3,69.5,54.6,48.0,C,C,B,C,C,74.1,Rare,False,False,0,0,0,bbref_war,False,False
kempst01,kempst01,Steve Kemp,LF,RF,Big Hair Era (1977-1993),1980,1979,1977,1988,DET,DET,4058,1128,130,39.0,576,605.0,11,L,0.285,0.376,0.157,0.126,0.127,57.7,50.9,75.9,28.7,42.1,C+,C,B+,D,C-,74.0,Rare,True,False,1,0,0,bbref_war,False,False
carrema01,carrema01,Mark Carreon,1B,"LF,RF",Big Hair Era (1977-1993),1993,1995,1987,1996,SFG,SFG,2012,557,69,12.0,140,246.0,11,R,0.291,0.344,0.187,0.105,0.068,64.4,67.4,26.7,17.2,37.0,B-,B,D,F,D+,73.9,Rare,False,False,0,0,0,bbref_war,False,False
brunato01,brunato01,Tom Brunansky,RF,"CF,LF",Big Hair Era (1977-1993),1986,1982,1981,1994,MIN,MIN,6289,1543,271,69.0,770,1187.0,17,R,0.252,0.34,0.196,0.167,0.115,23.9,71.8,65.5,24.2,67.1,D-,B,B,D-,B,73.8,Rare,True,False,1,0,0,bbref_war,False,False
armasto01,armasto01,Tony Armas,RF,"CF,LF",Big Hair Era (1977-1993),1982,1980,1976,1989,OAK,OAK,5164,1302,251,18.0,260,1201.0,14,R,0.263,0.299,0.214,0.215,0.049,28.4,83.1,10.6,22.4,71.6,D,A-,F,D-,B,73.7,Rare,True,False,2,0,0,bbref_war,False,False
herndla01,herndla01,Larry Herndon,LF,"CF,RF",Big Hair Era (1977-1993),1984,1983,1974,1988,DET,DET,4877,1334,107,92.0,353,793.0,14,R,0.29,0.337,0.148,0.144,0.067,59.9,45.5,25.8,44.4,61.6,C+,C,D,C-,B-,73.7,Rare,False,False,0,0,0,bbref_war,False,False
roeniga01,roeniga01,Gary Roenicke,LF,"CF,RF",Big Hair Era (1977-1993),1982,1982,1976,1988,BAL,BAL,2708,670,121,16.0,406,428.0,12,R,0.25,0.356,0.197,0.133,0.129,25.5,72.0,77.0,18.5,61.3,D,B,B+,F,B-,73.7,Rare,False,False,0,0,0,bbref_war,False,False
saboch01,saboch01,Chris Sabo,3B,,Big Hair Era (1977-1993),1991,1988,1988,1996,CIN,CIN,3354,898,116,120.0,274,460.0,10,R,0.269,0.326,0.181,0.121,0.073,43.7,64.3,30.8,55.4,50.3,C-,B-,D,C+,C,73.7,Rare,True,False,3,0,0,bbref_war,False,False
steinte01,steinte01,Terry Steinbach,C,,Big Hair Era (1977-1993),1993,1992,1986,1999,OAK,OAK,5369,1453,162,23.0,418,938.0,14,R,0.278,0.335,0.161,0.151,0.072,48.3,54.4,30.4,16.0,69.9,C,C,D,F,B,73.7,Rare,True,False,3,0,0,bbref_war,True,False
washicl01,washicl01,Claudell Washington,RF,"CF,LF",Big Hair Era (1977-1993),1981,1975,1974,1990,ATL,ATL,6787,1884,164,312.0,468,1266.0,21,L,0.286,0.34,0.152,0.162,0.073,54.7,48.8,30.9,64.9,52.0,C,C,D,B-,C,73.7,Rare,True,False,2,0,0,bbref_war,False,False
bumbral01,bumbral01,Al Bumbry,CF,LF,Big Hair Era (1977-1993),1977,1980,1972,1985,BAL,BAL,5053,1422,54,254.0,471,709.0,14,L,0.294,0.359,0.106,0.136,0.09,65.2,23.2,44.5,82.8,58.2,B,D-,C-,A-,C+,73.6,Rare,True,False,1,0,0,bbref_war,False,False
driesda01,driesda01,Dan Driessen,1B,3B,Big Hair Era (1977-1993),1980,1980,1973,1987,CIN,CIN,5479,1464,153,154.0,761,719.0,18,L,0.28,0.366,0.145,0.11,0.12,54.9,44.6,69.6,53.2,43.4,C,C-,B,C,C-,73.6,Rare,False,False,0,0,0,bbref_war,False,False
leonaje01,leonaje01,Jeffrey Leonard,LF,"CF,RF",Big Hair Era (1977-1993),1984,1983,1977,1990,SFG,SFG,5045,1342,144,163.0,342,1000.0,16,R,0.284,0.332,0.155,0.179,0.068,50.8,50.2,26.5,70.2,45.4,C,C,D,B,C,73.5,Rare,True,False,2,0,0,bbref_war,True,False
wallide01,wallide01,Denny Walling,3B,"1B,LF,RF",Big Hair Era (1977-1993),1984,1986,1975,1992,HOU,HOU,2945,799,49,44.0,308,316.0,19,L,0.293,0.353,0.134,0.089,0.088,68.4,38.4,43.6,39.2,51.8,B,D+,C-,D+,C,73.5,Rare,False,False,0,0,0,bbref_war,False,False
soderer01,soderer01,Eric Soderholm,3B,,Big Hair Era (1977-1993),1977,1975,1971,1980,CHW,CHW,2894,764,102,18.0,295,359.0,10,R,0.275,0.345,0.157,0.103,0.094,51.2,51.6,47.9,24.0,62.2,C,C,C,D-,B-,73.4,Rare,False,False,0,0,0,bbref_war,False,False
breamsi01,breamsi01,Sid Bream,1B,,Big Hair Era (1977-1993),1990,1986,1983,1994,PIT,PIT,3108,819,90,50.0,353,450.0,13,L,0.269,0.34,0.157,0.128,0.099,43.0,51.2,52.5,29.3,60.3,C-,C,C,D,B-,73.2,Rare,False,False,0,0,0,bbref_war,False,True
davismi02,davismi02,Mike Davis,RF,CF,Big Hair Era (1977-1993),1985,1985,1980,1989,OAK,OAK,2999,778,91,134.0,236,537.0,10,L,0.27,0.322,0.168,0.162,0.071,40.0,57.7,29.2,62.6,58.6,C-,C+,D,B-,C+,73.2,Rare,False,False,0,0,0,bbref_war,False,False
garneph01,garneph01,Phil Garner,2B,3B,Big Hair Era (1977-1993),1979,1979,1973,1988,PIT,PIT,6136,1594,109,225.0,564,842.0,18,R,0.27,0.332,0.145,0.126,0.082,44.5,42.6,38.1,65.5,68.9,C-,C-,D+,B,B,73.2,Rare,True,False,3,0,0,bbref_war,False,False
seitzke01,seitzke01,Kevin Seitzer,3B,1B,Big Hair Era (1977-1993),1990,1987,1986,1997,KCR,KCR,5278,1557,74,80.0,669,617.0,14,R,0.299,0.381,0.107,0.102,0.115,72.9,23.8,65.4,41.9,52.3,B,D-,B,C-,C,73.2,Rare,True,False,2,0,0,bbref_war,False,False
burroje01,burroje01,Jeff Burroughs,RF,LF,Big Hair Era (1977-1993),1977,1978,1970,1985,ATL,ATL,5536,1443,240,16.0,831,1135.0,16,R,0.268,0.363,0.201,0.17,0.131,38.1,74.5,78.9,15.9,33.9,D+,B,B+,F,D,73.1,Rare,True,False,2,0,0,bbref_war,False,False
slaugdo01,slaugdo01,Don Slaught,C,,Big Hair Era (1977-1993),1990,1992,1982,1997,PIT,PIT,4063,1151,77,18.0,311,559.0,17,R,0.294,0.348,0.149,0.129,0.068,64.8,46.7,26.7,21.7,57.6,B-,C,D,D-,C+,73.0,Rare,False,False,0,0,0,bbref_war,False,False
thompmi02,thompmi02,Milt Thompson,CF,"LF,RF",Big Hair Era (1977-1993),1989,1989,1984,1996,PHI,PHI,3761,1029,47,214.0,336,635.0,15,L,0.291,0.347,0.104,0.154,0.079,59.5,23.0,35.5,79.1,68.6,C+,D-,D+,B+,B,73.0,Rare,False,False,0,0,0,bbref_war,False,False
cromawa01,cromawa01,Warren Cromartie,LF,"1B,RF",Big Hair Era (1977-1993),1980,1978,1974,1991,WSH,WSH,3927,1104,61,50.0,325,403.0,10,L,0.285,0.344,0.125,0.091,0.081,61.4,33.6,37.4,31.8,71.4,B-,D,D+,D,B,72.9,Rare,False,False,0,0,0,bbref_war,False,False
easlemi01,easlemi01,Mike Easler,LF,RF,Big Hair Era (1977-1993),1983,1980,1973,1987,PIT,PIT,3677,1078,118,20.0,321,696.0,15,L,0.297,0.354,0.17,0.17,0.081,63.6,58.2,37.1,23.6,35.3,B-,C+,D+,D-,D+,72.9,Rare,True,False,1,0,0,bbref_war,False,False
whitter01,whitter01,Ernie Whitt,C,,Big Hair Era (1977-1993),1986,1983,1976,1991,TOR,TOR,3774,938,134,22.0,436,491.0,15,L,0.256,0.336,0.181,0.112,0.109,33.3,64.2,60.4,10.6,66.8,D,B-,B-,F,B,72.9,Rare,True,False,1,0,0,bbref_war,False,False
bochtbr01,bochtbr01,Bruce Bochte,1B,LF,Big Hair Era (1977-1993),1979,1979,1974,1986,SEA,SEA,5233,1478,100,43.0,653,662.0,13,L,0.295,0.369,0.131,0.107,0.107,68.6,37.5,58.9,31.0,43.3,B,D+,C+,D,C-,72.8,Rare,True,False,1,0,0,bbref_war,False,False
jonesru01,jonesru01,Ruppert Jones,CF,"LF,RF",Big Hair Era (1977-1993),1982,1982,1976,1987,SEA,SEA,4415,1103,147,143.0,534,817.0,12,L,0.258,0.339,0.172,0.161,0.108,29.9,58.6,59.8,51.7,59.1,D,C+,C+,C,C+,72.8,Rare,True,False,2,0,0,bbref_war,False,False
blausje01,blausje01,Jeff Blauser,SS,"2B,3B",Big Hair Era (1977-1993),1992,1993,1987,1999,ATL,ATL,4522,1187,122,65.0,569,937.0,13,R,0.279,0.367,0.155,0.171,0.109,47.7,49.5,60.9,36.7,52.2,C,C,B-,D+,C,72.7,Rare,True,False,2,0,0,bbref_war,False,False
doranbi02,doranbi02,Bill Doran,2B,,Big Hair Era (1977-1993),1986,1985,1982,1993,HOU,HOU,5131,1366,84,209.0,709,600.0,13,B,0.275,0.364,0.111,0.104,0.124,51.1,26.0,72.9,66.2,61.6,C,D,B,B,B-,72.7,Rare,False,False,0,0,0,bbref_war,False,False
redusga01,redusga01,Gary Redus,LF,"1B,CF,RF",Big Hair Era (1977-1993),1987,1983,1982,1994,PIT,PIT,3513,886,90,322.0,481,688.0,14,R,0.251,0.346,0.162,0.179,0.127,21.2,51.3,75.3,104.4,48.5,D-,C,B+,S,C,72.7,Rare,False,False,0,0,0,bbref_war,False,False
rayjo01,rayjo01,Johnny Ray,2B,,Big Hair Era (1977-1993),1986,1983,1981,1990,PIT,PIT,5188,1502,53,80.0,353,329.0,11,B,0.292,0.336,0.104,0.052,0.064,72.0,22.8,23.5,41.8,71.3,B,D-,D-,C-,B,72.6,Rare,True,False,1,0,0,bbref_war,False,False
readyra01,readyra01,Randy Ready,2B,"3B,LF",Big Hair Era (1977-1993),1988,1987,1983,1995,PHI,PHI,2110,547,40,27.0,326,276.0,15,R,0.275,0.376,0.145,0.101,0.136,51.4,42.3,82.8,34.8,47.1,C,C-,A-,D,C,72.6,Rare,False,False,0,0,0,bbref_war,False,False
sundbji01,sundbji01,Jim Sundberg,C,,Big Hair Era (1977-1993),1979,1978,1974,1989,TEX,TEX,6021,1493,95,20.0,699,963.0,17,R,0.271,0.352,0.101,0.12,0.11,45.6,21.4,61.4,18.2,106.2,C,D-,B-,F,S,72.6,Rare,True,False,3,6,12,bbref_war,False,False
wockejo01,wockejo01,John Wockenfuss,1B,C,Big Hair Era (1977-1993),1980,1980,1974,1985,DET,DET,2072,543,86,5.0,277,278.0,12,R,0.278,0.364,0.176,0.121,0.117,51.6,61.7,67.7,12.5,35.7,C,B-,B,F,D+,72.6,Rare,False,False,0,0,0,bbref_war,False,False
thomago01,thomago01,Gorman Thomas,CF,RF,Big Hair Era (1977-1993),1980,1982,1973,1986,MIL,MIL,4677,1051,268,50.0,697,1339.0,15,R,0.236,0.333,0.243,0.235,0.127,1.5,96.9,75.2,25.3,47.4,F,A+,B+,D,C,72.5,Rare,True,False,1,0,0,bbref_war,False,False
chambch01,chambch01,Chris Chambliss,1B,,Big Hair Era (1977-1993),1977,1976,1971,1988,NYY,NYY,7571,2109,185,40.0,632,926.0,18,L,0.287,0.335,0.143,0.109,0.066,61.7,44.5,24.7,25.1,60.6,B-,C-,D-,D,B-,72.4,Rare,True,False,1,1,2,bbref_war,False,False
grubeke01,grubeke01,Kelly Gruber,3B,,Big Hair Era (1977-1993),1990,1988,1984,1993,TOR,TOR,3159,818,117,80.0,197,504.0,10,R,0.263,0.312,0.175,0.144,0.059,36.0,61.5,19.3,57.1,60.2,D+,B-,F,C+,B-,72.4,Rare,True,False,2,1,2,bbref_war,False,False
webstmi01,webstmi01,Mitch Webster,CF,"LF,RF",Big Hair Era (1977-1993),1988,1986,1983,1995,WSH,WSH,3419,900,70,160.0,325,578.0,17,B,0.27,0.337,0.141,0.143,0.087,42.6,41.0,42.6,74.6,60.1,C-,C-,C-,B,B-,72.4,Rare,False,False,0,0,0,bbref_war,False,False
aikenwi01,aikenwi01,Willie Aikens,1B,,Big Hair Era (1977-1993),1981,1979,1977,1985,KCR,KCR,2492,675,110,3.0,319,444.0,8,L,0.278,0.36,0.186,0.15,0.112,48.4,66.7,63.1,1.0,38.9,C,B,B-,F,D+,72.3,Rare,False,False,0,0,0,bbref_war,False,False
jacksbo01,jacksbo01,Bo Jackson,LF,CF,Big Hair Era (1977-1993),1990,1990,1986,1994,KCR,KCR,2393,598,141,82.0,200,841.0,8,R,0.251,0.31,0.228,0.319,0.076,12.5,90.2,33.4,51.2,39.2,F,A,D,C,D+,72.3,Rare,True,False,1,0,0,bbref_war,True,False
templga01,templga01,Garry Templeton,SS,,Big Hair Era (1977-1993),1980,1980,1976,1991,STL,STL,7721,2096,70,242.0,375,1092.0,17,B,0.291,0.317,0.108,0.123,0.038,63.4,23.7,2.0,72.1,76.1,B-,D-,F,B,B+,72.3,Rare,True,False,3,0,0,bbref_war,False,False
thompro01,thompro01,Robby Thompson,2B,,Big Hair Era (1977-1993),1990,1993,1986,1996,SFG,SFG,4612,1187,119,103.0,439,987.0,11,R,0.267,0.338,0.15,0.187,0.085,35.2,47.2,40.8,55.9,71.5,D+,C,C-,C+,B,72.3,Rare,True,False,2,1,2,bbref_war,False,False
devermi01,devermi01,Mike Devereaux,CF,RF,Big Hair Era (1977-1993),1992,1991,1987,1998,BAL,BAL,3740,949,105,85.0,296,635.0,13,R,0.265,0.317,0.158,0.149,0.071,37.4,51.9,29.1,42.7,64.7,D+,C,D,C-,B-,72.2,Rare,False,False,0,0,0,bbref_war,True,False
hassero01,hassero01,Ron Hassey,C,,Big Hair Era (1977-1993),1983,1980,1978,1991,CLE,CLE,3440,914,71,14.0,385,378.0,16,L,0.287,0.363,0.134,0.091,0.105,62.8,39.1,57.3,15.9,53.4,B-,D+,C+,F,C,72.2,Rare,False,False,0,0,0,bbref_war,False,False
kellyro01,kellyro01,Roberto Kelly,CF,"LF,RF",Big Hair Era (1977-1993),1992,1990,1987,2000,NYY,NYY,4797,1390,124,235.0,317,862.0,17,R,0.29,0.339,0.144,0.166,0.064,57.9,45.0,23.5,71.1,41.2,C+,C,D-,B,C-,72.2,Rare,True,False,2,0,0,bbref_war,False,False
upshawi01,upshawi01,Willie Upshaw,1B,,Big Hair Era (1977-1993),1985,1983,1978,1988,TOR,TOR,4203,1103,123,88.0,452,642.0,10,L,0.267,0.341,0.162,0.135,0.097,40.8,53.4,50.7,44.3,54.4,C-,C,C,C-,C,72.2,Rare,False,False,0,0,0,bbref_war,False,False
wilsomo01,wilsomo01,Mookie Wilson,CF,"LF,RF",Big Hair Era (1977-1993),1985,1984,1980,1991,NYM,NYM,5094,1397,67,327.0,282,866.0,13,B,0.283,0.324,0.122,0.159,0.056,52.3,32.1,16.3,99.1,58.3,C,D,F,A+,C+,72.2,Rare,False,False,0,0,0,bbref_war,False,False
jacksda03,jacksda03,Darrin Jackson,CF,"LF,RF",Big Hair Era (1977-1993),1992,1992,1985,1999,SDP,SDP,2629,676,80,43.0,131,480.0,15,R,0.269,0.307,0.157,0.159,0.049,39.7,52.6,11.0,43.1,75.4,D+,C,F,C-,B+,72.0,Rare,False,False,0,0,0,bbref_war,False,False
oberkke01,oberkke01,Ken Oberkfell,3B,2B,Big Hair Era (1977-1993),1982,1979,1977,1992,STL,STL,4874,1354,29,62.0,546,356.0,19,L,0.288,0.368,0.09,0.064,0.11,67.1,14.6,61.5,41.5,67.2,B,F,B-,C-,B,72.0,Rare,False,False,0,0,0,bbref_war,False,False
parrila01,parrila01,Larry Parrish,3B,RF,Big Hair Era (1977-1993),1983,1979,1974,1988,TEX,TEX,6792,1789,256,30.0,529,1359.0,16,R,0.28,0.331,0.189,0.171,0.068,48.4,69.3,26.6,28.3,37.5,C,B,D,D,D+,72.0,Rare,True,False,2,0,0,bbref_war,False,False
burleri01,burleri01,Rick Burleson,SS,2B,Big Hair Era (1977-1993),1977,1981,1974,1987,BOS,BOS,5139,1401,50,72.0,420,477.0,13,R,0.285,0.341,0.09,0.081,0.077,63.0,16.1,33.9,37.1,86.2,B-,F,D,D+,A,71.9,Uncommon,True,False,4,1,2,bbref_war,False,False
penato01,penato01,Tony Peña,C,,Big Hair Era (1977-1993),1985,1984,1980,1997,PIT,PIT,6489,1687,107,80.0,455,846.0,19,R,0.278,0.323,0.12,0.122,0.062,51.9,32.8,21.6,28.7,88.2,C,D,D-,D,A,71.9,Uncommon,True,False,5,4,8,bbref_war,False,False
collida02,collida02,Dave Collins,LF,"1B,CF,RF",Big Hair Era (1977-1993),1981,1980,1975,1990,CIN,CIN,4907,1335,32,395.0,467,660.0,16,B,0.286,0.349,0.093,0.111,0.083,59.9,16.2,39.4,95.6,58.0,C+,F,D+,A+,C+,71.8,Uncommon,False,False,0,0,0,bbref_war,False,False
landrke01,landrke01,Ken Landreaux,CF,"LF,RF",Big Hair Era (1977-1993),1982,1982,1977,1987,LAD,LAD,4101,1099,91,145.0,299,421.0,11,L,0.278,0.327,0.136,0.094,0.067,55.0,39.8,25.7,73.3,47.9,C+,D+,D,B,C,71.8,Uncommon,True,False,1,0,0,bbref_war,False,False
roberle01,roberle01,Leon Roberts,RF,LF,Big Hair Era (1977-1993),1979,1978,1974,1984,SEA,SEA,2737,731,78,26.0,256,428.0,12,R,0.273,0.339,0.162,0.139,0.088,45.1,53.4,42.9,29.2,56.2,C,C,C-,D,C+,71.8,Uncommon,False,False,0,0,0,bbref_war,False,False
grubbjo01,grubbjo01,Johnny Grubb,CF,"LF,RF",Big Hair Era (1977-1993),1978,1978,1972,1987,DET,DET,4154,1153,99,27.0,566,558.0,17,L,0.287,0.371,0.137,0.11,0.114,61.2,40.2,64.5,33.0,37.8,B-,C-,B-,D,D+,71.7,Uncommon,True,False,1,0,0,bbref_war,False,False
iviemi01,iviemi01,Mike Ivie,1B,3B,Big Hair Era (1977-1993),1978,1979,1971,1983,SDP,SDP,2694,724,81,22.0,214,402.0,13,R,0.28,0.34,0.169,0.13,0.08,52.7,57.8,36.5,29.6,40.0,C,C+,D+,D,C-,71.7,Uncommon,False,False,0,0,0,bbref_war,False,False
saxst01,saxst01,Steve Sax,2B,,Big Hair Era (1977-1993),1988,1986,1981,1994,LAD,LAD,6940,1949,54,444.0,556,584.0,14,R,0.296,0.348,0.085,0.078,0.072,73.0,13.0,30.1,87.9,50.5,B,F,D,A,C,71.7,Uncommon,True,False,5,0,0,bbref_war,False,False
velezot01,velezot01,Otto Velez,DH,"LF,RF",Big Hair Era (1977-1993),1978,1979,1973,1983,TOR,TOR,1802,452,78,6.0,336,414.0,11,R,0.257,0.373,0.2,0.187,0.153,26.1,71.7,97.4,12.6,36.9,D,B,A+,F,D+,71.7,Uncommon,False,False,0,0,0,bbref_war,False,False
walkegr01,walkegr01,Greg Walker,1B,,Big Hair Era (1977-1993),1985,1984,1982,1990,CHW,CHW,2864,746,113,19.0,268,520.0,10,L,0.267,0.331,0.198,0.16,0.084,37.4,72.6,40.2,27.9,39.8,D+,B,C-,D,D+,71.7,Uncommon,False,False,0,0,0,bbref_war,False,False
lefloro01,lefloro01,Ron LeFlore,CF,LF,Big Hair Era (1977-1993),1979,1976,1974,1982,DET,DET,4458,1283,59,455.0,363,888.0,9,R,0.293,0.348,0.111,0.18,0.076,59.6,26.0,33.6,125.0,30.3,C+,D,D,S,D,71.6,Uncommon,True,False,1,0,0,bbref_war,False,False
ortajo01,ortajo01,Jorge Orta,2B,"LF,RF",Big Hair Era (1977-1993),1977,1974,1972,1987,CHW,CHW,5829,1619,130,79.0,500,715.0,16,L,0.291,0.348,0.136,0.102,0.079,65.7,39.6,36.0,43.1,40.4,B,D+,D+,C-,C-,71.6,Uncommon,True,False,2,0,0,bbref_war,False,False
pagemi02,pagemi02,Mitchell Page,DH,LF,Big Hair Era (1977-1993),1981,1977,1977,1984,OAK,OAK,2104,560,72,104.0,245,449.0,8,L,0.272,0.352,0.164,0.184,0.104,39.5,53.9,56.8,60.4,39.3,D+,C,C+,B-,D+,71.6,Uncommon,False,False,0,0,0,bbref_war,False,False
bosleth01,bosleth01,Thad Bosley,LF,"CF,RF",Big Hair Era (1977-1993),1983,1985,1977,1990,CHC,CHC,1581,430,20,47.0,143,275.0,15,L,0.298,0.366,0.114,0.161,0.099,63.5,28.8,52.7,42.8,50.7,B-,D,C,C-,C,71.5,Uncommon,False,False,0,0,0,bbref_war,False,False
mazzile01,mazzile01,Lee Mazzilli,CF,"1B,LF",Big Hair Era (1977-1993),1980,1979,1976,1989,NYM,NYM,4124,1068,93,197.0,642,627.0,17,B,0.271,0.369,0.133,0.13,0.134,44.5,38.1,81.2,68.7,38.2,C-,D+,A-,B,D+,71.5,Uncommon,True,False,1,0,0,bbref_war,False,False
millira01,millira01,Randy Milligan,1B,,Big Hair Era (1977-1993),1990,1990,1987,1994,BAL,BAL,2118,553,70,16.0,447,431.0,9,R,0.262,0.393,0.161,0.164,0.173,33.1,51.7,114.2,14.4,45.6,D,C,S,F,C,71.5,Uncommon,False,False,0,0,0,bbref_war,False,False
morriji01,morriji01,Jim Morrison,3B,2B,Big Hair Era (1977-1993),1983,1986,1977,1988,PIT,PIT,3375,876,112,50.0,213,521.0,15,R,0.272,0.32,0.176,0.143,0.062,43.9,62.1,22.1,33.9,50.0,C-,B-,D-,D,C,71.5,Uncommon,False,False,0,0,0,bbref_war,False,False
polonlu01,polonlu01,Luis Polonia,LF,CF,Big Hair Era (1977-1993),1990,1989,1987,2000,NYY,NYY,4840,1417,36,321.0,369,543.0,17,L,0.306,0.353,0.104,0.108,0.068,78.3,21.3,26.2,76.5,36.1,B+,D-,D,B+,D+,71.5,Uncommon,False,False,0,0,0,bbref_war,False,False
richage01,richage01,Gene Richards,LF,"1B,CF",Big Hair Era (1977-1993),1980,1980,1977,1984,SDP,SDP,3549,1028,26,247.0,356,436.0,8,L,0.291,0.357,0.096,0.108,0.089,65.3,16.8,44.3,86.3,48.5,B,F,C-,A,C,71.5,Uncommon,False,False,0,0,0,bbref_war,False,False
clarkda05,clarkda05,Dave Clark,LF,RF,Big Hair Era (1977-1993),1993,1993,1986,1998,PIT,PIT,1964,518,62,19.0,222,451.0,14,L,0.279,0.353,0.171,0.197,0.105,43.7,58.0,57.1,35.2,37.9,C-,C+,C+,D+,D+,71.4,Uncommon,False,False,0,0,0,bbref_war,False,False
grossgr01,grossgr01,Greg Gross,RF,"CF,LF",Big Hair Era (1977-1993),1977,1974,1973,1989,HOU,HOU,3745,1073,7,39.0,523,250.0,17,L,0.307,0.388,0.069,0.061,0.119,83.8,3.7,69.3,21.8,59.3,A-,F,B,D-,C+,71.4,Uncommon,False,False,0,0,0,bbref_war,False,False
hamilda02,hamilda02,Darryl Hamilton,CF,"LF,RF",Big Hair Era (1977-1993),1993,1998,1988,2001,MIL,MIL,4577,1333,51,163.0,493,494.0,15,L,0.295,0.363,0.095,0.098,0.095,70.1,17.8,49.4,54.5,52.5,B,F,C,C,C,71.4,Uncommon,False,False,0,0,0,bbref_war,False,False
nixonot01,nixonot01,Otis Nixon,CF,LF,Big Hair Era (1977-1993),1992,1993,1983,1999,ATL,ATL,5115,1379,11,620.0,585,694.0,18,B,0.286,0.357,0.045,0.116,0.1,59.5,1.0,53.5,108.6,64.9,C+,F,C,S,B-,71.4,Uncommon,False,False,0,0,0,bbref_war,False,False
sciosmi01,sciosmi01,Mike Scioscia,C,,Big Hair Era (1977-1993),1987,1985,1980,1992,LAD,LAD,4373,1131,68,29.0,567,307.0,13,L,0.266,0.36,0.114,0.057,0.124,48.2,28.6,72.9,18.5,75.6,C,D,B,F,B+,71.4,Uncommon,True,False,2,0,0,bbref_war,False,False
deerro01,deerro01,Rob Deer,RF,LF,Big Hair Era (1977-1993),1990,1992,1984,1996,MIL,MIL,3881,853,230,43.0,575,1409.0,12,R,0.224,0.328,0.229,0.306,0.128,1.0,89.4,76.5,30.1,46.9,F,A,B+,D,C,71.3,Uncommon,False,False,0,0,0,bbref_war,False,False
bradlph01,bradlph01,Phil Bradley,LF,CF,Big Hair Era (1977-1993),1987,1985,1983,1990,SEA,SEA,3695,1058,78,155.0,432,718.0,9,R,0.287,0.37,0.137,0.172,0.102,54.4,39.3,55.3,73.1,29.7,C,D+,C+,B,D,71.2,Uncommon,True,False,1,0,0,bbref_war,False,False
fletcsc01,fletcsc01,Scott Fletcher,SS,"2B,3B",Big Hair Era (1977-1993),1987,1993,1981,1995,TEX,TEX,5258,1376,34,99.0,514,541.0,16,R,0.276,0.346,0.08,0.085,0.089,53.6,10.0,43.8,49.1,92.8,C,F,C-,C,A,71.2,Uncommon,False,False,0,0,0,bbref_war,False,False
josefe01,josefe01,Felix Jose,RF,,Big Hair Era (1977-1993),1992,1991,1988,2003,STL,STL,2527,708,54,102.0,203,507.0,12,B,0.293,0.348,0.142,0.182,0.076,58.4,43.5,33.3,40.5,44.6,C+,C-,D,C-,C-,71.2,Uncommon,True,False,1,0,0,bbref_war,False,False
magadda01,magadda01,Dave Magadan,1B,3B,Big Hair Era (1977-1993),1991,1990,1986,2001,NYM,NYM,4159,1197,42,11.0,718,546.0,17,L,0.293,0.398,0.09,0.108,0.149,66.9,15.4,93.8,13.7,57.7,B,F,A,F,C+,71.2,Uncommon,False,False,0,0,0,bbref_war,False,False
smallro02,smallro02,Roy Smalley,SS,3B,Big Hair Era (1977-1993),1979,1978,1975,1987,MIN,MIN,5657,1454,163,27.0,771,908.0,16,B,0.268,0.357,0.146,0.134,0.121,41.6,45.3,71.0,12.0,62.6,C-,C,B,F,B-,71.2,Uncommon,True,False,1,0,0,bbref_war,False,False
hallme01,hallme01,Mel Hall,LF,"CF,RF",Big Hair Era (1977-1993),1987,1983,1981,1996,CLE,CLE,4237,1171,134,31.0,267,575.0,14,L,0.279,0.325,0.164,0.121,0.065,52.9,55.4,23.9,28.7,44.3,C,C+,D-,D,C-,71.0,Uncommon,False,False,0,0,0,bbref_war,False,False
gladdda01,gladdda01,Dan Gladden,LF,CF,Big Hair Era (1977-1993),1987,1988,1983,1993,MIN,MIN,4501,1215,74,222.0,337,625.0,11,R,0.277,0.332,0.115,0.126,0.071,50.0,29.5,28.8,72.0,62.9,C,D,D,B,B-,70.9,Uncommon,False,False,0,0,0,bbref_war,False,False
gagnegr01,gagnegr01,Greg Gagne,SS,,Big Hair Era (1977-1993),1991,1989,1983,1997,MIN,MIN,5673,1440,111,108.0,367,1121.0,15,R,0.261,0.309,0.142,0.185,0.06,29.5,42.9,20.1,44.3,90.9,D,C-,D-,C-,A,70.8,Uncommon,False,False,0,0,0,bbref_war,False,False
bowala01,bowala01,Larry Bowa,SS,,Big Hair Era (1977-1993),1977,1978,1970,1985,PHI,PHI,8418,2191,15,318.0,474,569.0,17,B,0.279,0.313,0.063,0.062,0.047,59.0,1.4,9.1,86.2,91.3,C+,F,F,A,A,70.6,Uncommon,True,False,5,2,4,bbref_war,False,False
brockgr01,brockgr01,Greg Brock,1B,,Big Hair Era (1977-1993),1986,1985,1982,1991,LAD,LAD,3202,794,110,41.0,434,469.0,10,L,0.254,0.342,0.164,0.132,0.116,29.3,55.6,66.9,31.3,53.5,D,C+,B,D,C,70.6,Uncommon,False,False,0,0,0,bbref_war,False,False
maldoca01,maldoca01,Candy Maldonado,RF,"CF,LF",Big Hair Era (1977-1993),1990,1990,1981,1995,SFG,SFG,4106,1042,146,34.0,391,864.0,18,R,0.267,0.333,0.185,0.19,0.082,34.2,66.3,38.6,24.8,47.1,D,B,D+,D-,C,70.6,Uncommon,False,False,0,0,0,bbref_war,False,False
harpebr01,harpebr01,Brian Harper,C,LF,Big Hair Era (1977-1993),1990,1990,1979,1995,MIN,MIN,3151,931,63,8.0,133,188.0,16,R,0.302,0.336,0.129,0.051,0.04,81.1,37.4,3.5,5.7,46.7,A-,D+,F,F,C,70.5,Uncommon,False,False,0,0,0,bbref_war,False,False
hendest01,hendest01,Steve Henderson,LF,,Big Hair Era (1977-1993),1980,1977,1977,1988,NYM,NYM,3484,976,68,79.0,386,677.0,12,R,0.289,0.362,0.137,0.168,0.1,57.2,38.7,53.6,43.5,36.6,C+,D+,C,C-,D+,70.5,Uncommon,False,False,0,0,0,bbref_war,False,False
milneed01,milneed01,Eddie Milner,CF,,Big Hair Era (1977-1993),1984,1983,1980,1988,CIN,CIN,2395,607,42,145.0,286,280.0,9,L,0.255,0.336,0.125,0.103,0.107,33.5,33.1,58.9,68.7,65.5,D,D,C+,B,B,70.5,Uncommon,False,False,0,0,0,bbref_war,False,False
sandede02,sandede02,Deion Sanders,CF,LF,Big Hair Era (1977-1993),1993,1992,1989,2001,ATL,ATL,2123,558,39,186.0,159,352.0,11,L,0.274,0.328,0.133,0.151,0.068,44.6,36.7,26.8,86.9,49.9,C-,D+,D,A,C,70.5,Uncommon,False,False,0,0,0,bbref_war,False,False
thondi01,thondi01,Dickie Thon,SS,2B,Big Hair Era (1977-1993),1988,1983,1979,1993,HOU,HOU,4449,1176,71,167.0,348,658.0,15,R,0.266,0.317,0.124,0.131,0.069,40.2,33.5,27.8,67.4,71.3,C-,D,D,B,B,70.5,Uncommon,True,False,1,0,0,bbref_war,False,False
youngjo02,youngjo02,Joel Youngblood,RF,"2B,3B,CF,LF",Big Hair Era (1977-1993),1981,1979,1976,1989,NYM,NYM,3659,969,80,60.0,332,589.0,16,R,0.275,0.342,0.142,0.136,0.087,47.5,43.3,42.5,35.5,53.6,C,C-,C-,D+,C,70.5,Uncommon,True,False,1,0,0,bbref_war,False,False
brookhu01,brookhu01,Hubie Brooks,SS,"3B,RF",Big Hair Era (1977-1993),1985,1986,1980,1994,WSH,WSH,5974,1608,149,64.0,387,1005.0,15,R,0.282,0.326,0.155,0.154,0.06,52.2,50.7,20.1,23.8,51.1,C,C,D-,D-,C,70.3,Uncommon,True,False,2,0,0,bbref_war,False,False
gedmari01,gedmari01,Rich Gedman,C,,Big Hair Era (1977-1993),1985,1985,1980,1992,BOS,BOS,3159,795,88,3.0,236,509.0,14,L,0.269,0.318,0.168,0.14,0.064,41.6,57.9,23.7,4.0,64.0,C-,C+,D-,F,B-,70.3,Uncommon,True,False,2,0,0,bbref_war,False,False
stearjo01,stearjo01,John Stearns,C,,Big Hair Era (1977-1993),1979,1978,1974,1984,NYM,NYM,2681,696,46,91.0,323,294.0,11,R,0.265,0.346,0.118,0.097,0.106,42.4,30.3,58.3,45.3,66.8,C-,D,C+,C,B,70.3,Uncommon,True,False,4,0,0,bbref_war,False,False
crowlte01,crowlte01,Terry Crowley,DH,"1B,RF",Big Hair Era (1977-1993),1977,1980,1969,1983,BAL,BAL,1518,379,42,3.0,222,181.0,16,L,0.261,0.367,0.159,0.099,0.145,38.7,52.1,90.2,17.2,36.9,D+,C,A,F,D+,70.2,Uncommon,False,False,0,0,0,bbref_war,False,False
macfami01,macfami01,Mike Macfarlane,C,,Big Hair Era (1977-1993),1993,1993,1987,1999,KCR,KCR,3602,906,129,12.0,295,700.0,14,R,0.255,0.331,0.198,0.176,0.076,25.6,72.4,33.3,14.5,56.1,D,B,D,F,C+,70.2,Uncommon,False,False,0,0,0,bbref_war,False,False
nokesma01,nokesma01,Matt Nokes,C,,Big Hair Era (1977-1993),1991,1987,1985,1995,NYY,NYY,2735,695,136,8.0,200,395.0,13,L,0.258,0.313,0.195,0.13,0.069,32.8,73.7,27.4,12.2,47.3,D,B,D,F,C,70.2,Uncommon,True,False,1,0,0,bbref_war,False,False
samplbi01,samplbi01,Billy Sample,LF,"CF,RF",Big Hair Era (1977-1993),1982,1983,1978,1986,TEX,TEX,2516,684,46,98.0,195,230.0,9,R,0.276,0.338,0.12,0.081,0.075,54.5,32.7,32.2,63.3,47.7,C,D,D,B-,C,70.2,Uncommon,False,False,0,0,0,bbref_war,False,False
bergmda01,bergmda01,Dave Bergman,1B,LF,Big Hair Era (1977-1993),1987,1984,1975,1992,DET,DET,2679,690,54,19.0,380,347.0,18,L,0.272,0.361,0.133,0.117,0.122,46.9,38.3,71.6,22.7,51.1,C,D+,B,D-,C,70.1,Uncommon,False,False,0,0,0,bbref_war,False,False
fordda01,fordda01,Dan Ford,RF,CF,Big Hair Era (1977-1993),1978,1976,1975,1985,MIN,MIN,4163,1123,121,61.0,303,722.0,11,R,0.276,0.331,0.165,0.157,0.067,46.7,55.1,26.0,45.0,36.9,C,C+,D,C,D+,70.0,Uncommon,False,False,0,0,0,bbref_war,False,False
knighra01,knighra01,Ray Knight,3B,1B,Big Hair Era (1977-1993),1982,1982,1974,1988,CIN,CIN,4829,1311,84,14.0,343,579.0,14,R,0.285,0.335,0.128,0.109,0.068,59.6,36.0,26.4,10.4,52.5,C+,D+,D,F,C,69.7,Uncommon,True,False,2,0,0,bbref_war,True,True
dunstsh01,dunstsh01,Shawon Dunston,SS,"CF,LF",Big Hair Era (1977-1993),1991,1989,1985,2002,CHC,CHC,5927,1597,150,212.0,203,1000.0,21,R,0.275,0.301,0.141,0.153,0.033,46.2,43.2,1.0,74.9,52.6,C,C-,F,B,C,69.0,Uncommon,True,False,2,0,0,bbref_war,False,False
paglimi01,paglimi01,Mike Pagliarulo,3B,,Big Hair Era (1977-1993),1987,1986,1984,1995,NYY,NYY,3901,942,134,18.0,343,785.0,13,L,0.254,0.32,0.185,0.176,0.083,24.4,66.4,39.4,18.7,59.1,D-,B,D+,F,C+,68.9,Uncommon,False,False,0,0,0,bbref_war,False,False
castijo01,castijo01,John Castino,3B,2B,Big Hair Era (1977-1993),1982,1980,1979,1984,MIN,MIN,2320,646,41,22.0,177,298.0,6,R,0.278,0.329,0.119,0.118,0.07,52.5,30.8,28.6,31.7,68.2,C,D,D,D,B,68.8,Uncommon,False,False,0,0,0,bbref_war,False,False
johnsla02,johnsla02,Lamar Johnson,1B,,Big Hair Era (1977-1993),1977,1979,1974,1982,CHW,CHW,2631,755,64,22.0,211,307.0,9,R,0.289,0.342,0.131,0.106,0.076,62.9,38.2,33.1,29.6,40.2,B-,D+,D,D,C-,68.8,Uncommon,False,False,0,0,0,bbref_war,False,False
reynoha01,reynoha01,Harold Reynolds,2B,,Big Hair Era (1977-1993),1990,1990,1983,1994,SEA,SEA,4782,1233,21,250.0,480,417.0,12,B,0.267,0.337,0.087,0.075,0.093,46.7,13.1,47.0,54.7,74.2,C,F,C,C,B,68.8,Uncommon,True,False,2,3,6,bbref_war,False,True
wilsogl01,wilsogl01,Glenn Wilson,RF,"CF,LF",Big Hair Era (1977-1993),1986,1989,1982,1993,PHI,PHI,4151,1098,98,27.0,253,672.0,12,R,0.271,0.313,0.142,0.148,0.059,42.5,44.0,19.0,20.6,73.8,C-,C-,F,D-,B,68.8,Uncommon,True,False,1,0,0,bbref_war,False,False
bushra01,bushra01,Randy Bush,RF,"1B,LF",Big Hair Era (1977-1993),1986,1988,1982,1993,MIN,MIN,3045,763,96,33.0,348,505.0,12,L,0.261,0.348,0.171,0.135,0.107,34.7,57.4,58.9,34.7,37.8,D,C+,C+,D,D+,68.7,Uncommon,False,False,0,0,0,bbref_war,False,False
sheetla01,sheetla01,Larry Sheets,DH,"LF,RF",Big Hair Era (1977-1993),1987,1987,1984,1993,BAL,BAL,2284,607,94,6.0,175,351.0,8,L,0.275,0.325,0.185,0.14,0.067,46.6,67.7,25.5,8.9,33.6,C,B,D,F,D,68.7,Uncommon,False,False,0,0,0,bbref_war,False,False
smithdw01,smithdw01,Dwight Smith,LF,"CF,RF",Big Hair Era (1977-1993),1992,1989,1989,1996,CHC,CHC,1807,497,46,42.0,150,334.0,9,L,0.282,0.338,0.152,0.161,0.074,50.6,48.1,31.2,38.5,39.9,C,C,D,D+,D+,68.7,Uncommon,False,False,0,0,0,bbref_war,False,False
incavpe01,incavpe01,Pete Incaviglia,LF,RF,Big Hair Era (1977-1993),1990,1993,1986,1998,TEX,TEX,4233,1043,206,33.0,360,1277.0,15,R,0.253,0.315,0.211,0.277,0.076,13.9,80.9,33.1,27.3,49.3,F,A-,D,D,C,68.6,Uncommon,False,False,0,0,0,bbref_war,False,False
perryge01,perryge01,Gerald Perry,1B,LF,Big Hair Era (1977-1993),1990,1993,1983,1995,ATL,ATL,3144,832,59,142.0,328,374.0,13,L,0.276,0.346,0.122,0.104,0.098,52.0,33.0,51.3,57.8,39.7,C,D,C,C+,D+,68.6,Uncommon,True,False,1,0,0,bbref_war,False,False
dempsri01,dempsri01,Rick Dempsey,C,,Big Hair Era (1977-1993),1982,1978,1969,1992,BAL,BAL,4692,1093,96,20.0,592,736.0,25,R,0.246,0.329,0.138,0.152,0.109,20.2,41.9,60.9,20.8,78.9,D-,C-,B-,D-,B+,68.5,Uncommon,False,False,0,0,0,bbref_war,True,False
guilloz01,guilloz01,Ozzie Guillen,SS,,Big Hair Era (1977-1993),1989,1987,1985,2000,CHW,CHW,6686,1764,28,169.0,239,511.0,17,L,0.271,0.292,0.071,0.075,0.031,50.0,5.3,1.0,62.7,106.4,C,F,F,B-,S,68.5,Uncommon,True,False,3,1,2,bbref_war,False,False
bostoda01,bostoda01,Daryl Boston,CF,"LF,RF",Big Hair Era (1977-1993),1989,1990,1984,1994,CHW,CHW,2629,655,83,98.0,237,469.0,12,L,0.256,0.321,0.165,0.153,0.087,28.7,55.3,42.4,60.3,42.4,D,C+,C-,B-,C-,68.4,Uncommon,False,False,0,0,0,bbref_war,False,False
jacobbr01,jacobbr01,Brook Jacoby,3B,1B,Big Hair Era (1977-1993),1988,1987,1981,1992,CLE,CLE,4520,1220,120,16.0,439,764.0,12,R,0.276,0.342,0.147,0.154,0.091,46.9,46.4,45.7,12.5,51.3,C,C,C,F,C,68.4,Uncommon,True,False,2,0,0,bbref_war,False,False
kittlro01,kittlro01,Ron Kittle,LF,,Big Hair Era (1977-1993),1987,1983,1982,1991,CHW,CHW,2708,648,176,16.0,236,744.0,12,R,0.244,0.31,0.242,0.245,0.077,8.0,98.2,34.2,15.1,36.0,F,A+,D,F,D+,68.4,Uncommon,True,False,1,0,0,bbref_war,False,False
beniqju01,beniqju01,Juan Beniquez,CF,"LF,RF",Big Hair Era (1977-1993),1977,1976,1971,1988,LAA,LAA,4651,1274,79,104.0,349,551.0,18,R,0.287,0.339,0.102,0.107,0.069,61.2,22.6,27.1,35.7,62.1,B-,D-,D,D+,B-,68.3,Uncommon,False,False,0,1,2,bbref_war,False,False
brenlbo01,brenlbo01,Bob Brenly,C,,Big Hair Era (1977-1993),1984,1984,1981,1989,SFG,SFG,2615,647,91,45.0,318,438.0,10,R,0.256,0.34,0.163,0.143,0.109,29.9,54.7,61.1,28.4,47.5,D,C,B-,D,C,68.3,Uncommon,True,False,1,0,0,bbref_war,False,False
morelke01,morelke01,Keith Moreland,RF,"1B,3B,C,LF",Big Hair Era (1977-1993),1983,1983,1978,1989,CHC,CHC,4581,1279,121,28.0,405,515.0,13,R,0.287,0.345,0.153,0.113,0.084,60.9,49.9,39.7,19.6,23.7,B-,C,D+,F,D-,68.3,Uncommon,False,False,0,0,0,bbref_war,False,False
davisjo02,davisjo02,Jody Davis,C,,Big Hair Era (1977-1993),1984,1986,1981,1990,CHC,CHC,3585,877,127,7.0,333,712.0,11,R,0.253,0.313,0.169,0.176,0.082,23.6,58.9,38.3,3.9,73.8,D-,C+,D+,F,B,68.2,Uncommon,True,False,2,1,2,bbref_war,False,False
herrto01,herrto01,Tom Herr,2B,,Big Hair Era (1977-1993),1984,1985,1979,1991,STL,STL,5349,1450,28,188.0,627,584.0,16,B,0.28,0.356,0.079,0.099,0.105,56.0,9.5,57.1,56.7,62.0,C+,F,C+,C+,B-,68.1,Uncommon,True,False,1,0,0,bbref_war,False,False
bernato01,bernato01,Tony Bernazard,2B,,Big Hair Era (1977-1993),1983,1981,1979,1991,CHW,CHW,3700,970,75,113.0,428,606.0,12,B,0.271,0.349,0.133,0.141,0.106,43.2,38.1,58.1,50.6,40.7,C-,D+,C+,C,C-,68.0,Uncommon,False,False,0,0,0,bbref_war,False,False
kingemi01,kingemi01,Mike Kingery,CF,RF,Big Hair Era (1977-1993),1990,1994,1986,1996,SEA,SEA,2034,546,30,45.0,191,248.0,10,L,0.281,0.337,0.133,0.103,0.08,56.2,36.9,36.4,38.1,39.9,C+,D+,D+,D+,D+,68.0,Uncommon,False,False,0,0,0,bbref_war,False,False
orsuljo01,orsuljo01,Joe Orsulak,RF,"CF,LF",Big Hair Era (1977-1993),1990,1990,1983,1997,BAL,BAL,4293,1173,57,93.0,318,402.0,14,L,0.284,0.337,0.106,0.078,0.07,62.0,24.6,28.7,40.6,52.1,B-,D-,D,C-,C,68.0,Uncommon,False,False,0,0,0,bbref_war,False,False
pasquda01,pasquda01,Dan Pasqua,LF,"1B,RF",Big Hair Era (1977-1993),1989,1986,1985,1994,CHW,CHW,2620,638,117,7.0,335,642.0,10,L,0.249,0.336,0.195,0.209,0.113,16.4,70.8,63.9,8.7,49.5,F,B,B-,F,C,68.0,Uncommon,False,False,0,0,0,bbref_war,False,False
teufeti01,teufeti01,Tim Teufel,2B,"1B,3B",Big Hair Era (1977-1993),1987,1984,1983,1993,NYM,NYM,3112,789,86,23.0,387,531.0,12,R,0.255,0.337,0.155,0.144,0.11,28.6,50.2,61.1,24.7,55.9,D,C,B-,D-,C+,68.0,Uncommon,False,False,0,0,0,bbref_war,False,False
wynegbu01,wynegbu01,Butch Wynegar,C,,Big Hair Era (1977-1993),1980,1979,1976,1988,MIN,MIN,4330,1102,65,10.0,626,428.0,14,B,0.264,0.362,0.098,0.089,0.134,42.2,20.2,81.3,8.9,78.2,C-,D-,A-,F,B+,68.0,Uncommon,True,False,2,0,0,bbref_war,False,False
jordari02,jordari02,Ricky Jordan,1B,,Big Hair Era (1977-1993),1992,1988,1988,1996,PHI,PHI,2104,592,55,10.0,77,303.0,8,R,0.289,0.314,0.149,0.141,0.034,59.1,48.2,1.0,22.6,43.4,C+,C,F,D-,C-,67.9,Uncommon,False,False,0,0,0,bbref_war,False,False
dernibo01,dernibo01,Bob Dernier,CF,RF,Big Hair Era (1977-1993),1984,1984,1980,1989,PHI,PHI,2483,634,23,218.0,222,301.0,10,R,0.273,0.339,0.085,0.113,0.088,47.8,14.4,43.3,91.6,54.6,C,F,C-,A,C,67.8,Uncommon,False,False,0,1,2,bbref_war,False,False
garcida01,garcida01,Damaso Garcia,2B,,Big Hair Era (1977-1993),1983,1982,1978,1989,TOR,TOR,3914,1108,36,203.0,130,322.0,11,R,0.289,0.315,0.093,0.074,0.031,67.3,17.7,1.0,65.0,54.3,B,F,F,B,C,67.8,Uncommon,True,False,2,0,0,bbref_war,False,False
grosswa01,grosswa01,Wayne Gross,3B,1B,Big Hair Era (1977-1993),1982,1980,1976,1986,OAK,OAK,3125,727,121,24.0,482,496.0,11,L,0.237,0.344,0.168,0.13,0.138,13.6,57.3,84.9,27.9,52.4,F,C+,A-,D,C,67.8,Uncommon,True,False,1,0,0,bbref_war,False,False
plantph01,plantph01,Phil Plantier,LF,RF,Big Hair Era (1977-1993),1993,1991,1990,1997,SDP,SDP,1883,457,91,13.0,237,476.0,10,L,0.247,0.336,0.205,0.221,0.11,13.5,76.2,61.6,17.2,40.9,F,B+,B-,F,C-,67.8,Uncommon,False,False,0,0,0,bbref_war,False,False
russebi01,russebi01,Bill Russell,SS,"CF,RF",Big Hair Era (1977-1993),1977,1982,1969,1986,LAD,LAD,7318,1926,46,167.0,483,667.0,18,R,0.272,0.32,0.076,0.083,0.063,51.0,8.9,22.1,60.2,84.2,C,F,D-,B-,A-,67.8,Uncommon,True,False,3,0,0,bbref_war,False,False
ashbyal01,ashbyal01,Alan Ashby,C,,Big Hair Era (1977-1993),1982,1987,1973,1989,HOU,HOU,4123,1010,90,7.0,461,622.0,17,B,0.265,0.341,0.141,0.129,0.104,39.5,43.7,56.5,7.3,57.3,D+,C-,C+,F,C+,67.7,Uncommon,False,False,0,0,0,bbref_war,False,False
brownje01,brownje01,Jerry Browne,2B,"3B,LF",Big Hair Era (1977-1993),1990,1989,1986,1995,TEX,TEX,3190,866,23,73.0,393,325.0,10,B,0.28,0.362,0.088,0.092,0.113,56.8,14.0,64.4,45.6,53.3,C+,F,B-,C,C,67.7,Uncommon,False,False,0,0,0,bbref_war,False,False
hatchbi01,hatchbi01,Billy Hatcher,CF,"LF,RF",Big Hair Era (1977-1993),1989,1987,1984,1995,HOU,HOU,4339,1146,54,218.0,267,476.0,15,R,0.275,0.326,0.106,0.099,0.058,51.7,24.4,18.7,79.9,42.5,C,D-,F,B+,C-,67.7,Uncommon,False,False,0,0,0,bbref_war,True,False
howear01,howear01,Art Howe,3B,"1B,2B",Big Hair Era (1977-1993),1979,1981,1974,1985,HOU,HOU,2626,682,43,10.0,275,287.0,11,R,0.27,0.337,0.126,0.096,0.092,47.1,33.9,46.3,20.1,59.4,C,D,C,D-,C+,67.7,Uncommon,False,False,0,0,0,bbref_war,False,False
kennete02,kennete02,Terry Kennedy,C,,Big Hair Era (1977-1993),1985,1982,1978,1991,SDP,SDP,4979,1313,113,6.0,365,855.0,14,L,0.276,0.324,0.134,0.158,0.066,45.9,40.2,24.8,4.5,69.3,C,C-,D-,F,B,67.6,Uncommon,True,False,4,0,0,bbref_war,False,False
lawru01,lawru01,Rudy Law,CF,LF,Big Hair Era (1977-1993),1983,1983,1978,1986,CHW,CHW,2421,656,18,228.0,184,210.0,7,L,0.271,0.325,0.095,0.08,0.07,49.8,17.2,28.4,98.1,49.9,C,F,D,A+,C,67.6,Uncommon,False,False,0,0,0,bbref_war,False,False
mcdowod01,mcdowod01,Oddibe McDowell,CF,LF,Big Hair Era (1977-1993),1988,1986,1985,1994,TEX,TEX,2829,715,74,169.0,294,550.0,8,L,0.253,0.323,0.142,0.175,0.093,23.3,43.2,47.7,81.9,49.1,D-,C-,C,A-,C,67.6,Uncommon,False,False,0,0,0,bbref_war,False,False
willsbu01,willsbu01,Bump Wills,2B,,Big Hair Era (1977-1993),1980,1977,1977,1982,TEX,TEX,3030,807,36,196.0,310,441.0,6,B,0.266,0.335,0.094,0.13,0.092,40.4,17.6,46.2,86.6,59.7,C-,F,C,A,C+,67.6,Uncommon,False,False,0,0,0,bbref_war,False,False
dilonmi01,dilonmi01,Miguel Dilone,LF,"CF,RF",Big Hair Era (1977-1993),1980,1980,1974,1985,PIT,PIT,2000,530,6,267.0,142,197.0,16,B,0.291,0.335,0.077,0.087,0.061,66.0,9.0,20.6,97.9,40.7,B,F,D-,A+,C-,67.5,Uncommon,False,False,0,0,0,bbref_war,False,False
hatchmi01,hatchmi01,Mickey Hatcher,LF,"1B,3B,CF,RF",Big Hair Era (1977-1993),1985,1984,1979,1990,MIN,MIN,3377,946,38,11.0,164,246.0,12,R,0.29,0.324,0.104,0.06,0.05,68.8,23.7,11.5,25.0,55.9,B,D-,F,D,C+,67.5,Uncommon,False,False,0,0,0,bbref_war,False,False
trillma01,trillma01,Manny Trillo,2B,"1B,3B",Big Hair Era (1977-1993),1980,1980,1973,1989,PHI,PHI,5950,1562,61,56.0,452,742.0,18,R,0.273,0.326,0.096,0.115,0.07,48.0,19.5,28.3,25.9,75.4,C,F,D,D,B+,67.5,Uncommon,True,False,4,3,6,bbref_war,True,False
esaskni01,esaskni01,Nick Esasky,1B,"3B,LF",Big Hair Era (1977-1993),1987,1989,1983,1990,CIN,CIN,2703,677,122,18.0,314,712.0,8,R,0.251,0.33,0.198,0.231,0.103,16.2,72.7,55.5,22.6,38.9,F,B,C+,D-,D+,67.4,Uncommon,False,False,0,0,0,bbref_war,False,False
bonneba01,bonneba01,Barry Bonnell,LF,"CF,RF",Big Hair Era (1977-1993),1982,1983,1977,1986,TOR,TOR,3068,833,56,64.0,229,387.0,10,R,0.282,0.335,0.125,0.118,0.072,55.4,34.6,30.3,35.9,42.6,C+,D,D,D+,C-,67.3,Uncommon,False,False,0,0,0,bbref_war,False,False
castica01,castica01,Carmelo Castillo,RF,,Big Hair Era (1977-1993),1985,1984,1982,1991,CLE,CLE,1519,383,55,15.0,90,291.0,10,R,0.261,0.308,0.189,0.184,0.06,29.7,68.4,20.0,28.8,39.3,D,B,D-,D,D+,67.3,Uncommon,False,False,0,0,0,bbref_war,False,False
jamesch02,jamesch02,Chris James,LF,RF,Big Hair Era (1977-1993),1990,1987,1986,1995,PHI,PHI,3040,794,90,27.0,193,490.0,13,R,0.267,0.316,0.169,0.15,0.063,39.2,58.3,22.2,30.5,38.0,D+,C+,D-,D,D+,67.3,Uncommon,False,False,0,0,0,bbref_war,False,False
samueju01,samueju01,Juan Samuel,2B,CF,Big Hair Era (1977-1993),1987,1987,1983,1998,PHI,PHI,6081,1578,161,396.0,440,1442.0,19,R,0.261,0.311,0.161,0.215,0.059,26.6,51.9,18.9,88.3,39.6,D,C,F,A,D+,67.3,Uncommon,True,False,3,0,0,bbref_war,False,False
aldremi01,aldremi01,Mike Aldrete,1B,"LF,RF",Big Hair Era (1977-1993),1990,1987,1986,1996,OAK,OAK,2147,565,41,19.0,314,381.0,13,L,0.272,0.367,0.111,0.148,0.13,43.3,26.9,78.4,25.2,53.3,C-,D,B+,D,C,67.2,Uncommon,False,False,0,0,0,bbref_war,False,False
colesda01,colesda01,Darnell Coles,3B,"1B,LF,RF",Big Hair Era (1977-1993),1988,1986,1983,1997,SEA,SEA,2891,709,75,20.0,237,445.0,17,R,0.27,0.329,0.163,0.144,0.073,42.4,54.3,31.1,20.1,39.2,C-,C,D,D-,D+,67.2,Uncommon,False,False,0,0,0,bbref_war,False,False
reverda01,reverda01,Dave Revering,1B,,Big Hair Era (1977-1993),1980,1980,1978,1982,OAK,OAK,1832,486,62,2.0,148,240.0,8,L,0.265,0.318,0.164,0.12,0.074,40.5,55.3,31.7,2.6,48.1,C-,C+,D,F,C,67.1,Uncommon,False,False,0,0,0,bbref_war,False,False
jamesdi01,jamesdi01,Dion James,LF,"CF,RF",Big Hair Era (1977-1993),1990,1987,1983,1996,NYY,NYY,2708,781,32,43.0,318,307.0,12,L,0.292,0.368,0.11,0.103,0.106,66.3,25.4,58.0,24.8,29.8,B,D,C+,D-,D,67.0,Uncommon,False,False,0,0,0,bbref_war,False,False
pettiga01,pettiga01,Gary Pettis,CF,,Big Hair Era (1977-1993),1987,1986,1982,1992,LAA,LAA,3629,855,21,354.0,521,958.0,12,B,0.243,0.336,0.077,0.218,0.121,10.4,8.1,70.5,110.6,89.8,F,F,B,S,A,67.0,Uncommon,False,False,0,5,10,bbref_war,False,False
diazbo01,diazbo01,Bo Diaz,C,,Big Hair Era (1977-1993),1985,1982,1977,1989,CIN,CIN,3274,834,87,9.0,198,429.0,14,R,0.267,0.314,0.141,0.123,0.063,41.5,44.3,22.5,5.3,64.5,C-,C-,D-,F,B-,66.9,Uncommon,True,False,2,0,0,bbref_war,False,False
barrema02,barrema02,Marty Barrett,2B,,Big Hair Era (1977-1993),1986,1986,1982,1991,BOS,BOS,3378,938,18,57.0,304,209.0,10,R,0.282,0.342,0.072,0.056,0.082,62.7,7.0,38.3,39.2,54.8,B-,F,D+,D+,C,66.8,Uncommon,False,False,0,0,0,bbref_war,True,False
howelja02,howelja02,Jack Howell,3B,LF,Big Hair Era (1977-1993),1989,1989,1985,1999,LAA,LAA,2639,632,108,14.0,300,626.0,12,L,0.245,0.322,0.193,0.215,0.099,12.4,69.9,52.3,19.6,47.3,F,B,C,F,C,66.8,Uncommon,False,False,0,0,0,bbref_war,False,False
reedjo01,reedjo01,Jody Reed,2B,SS,Big Hair Era (1977-1993),1991,1991,1987,1997,BOS,BOS,4554,1231,27,40.0,542,407.0,11,R,0.275,0.357,0.087,0.076,0.109,54.3,14.1,60.8,25.8,60.9,C,F,B-,D,B-,66.8,Uncommon,False,False,0,0,0,bbref_war,False,False
whitfte01,whitfte01,Terry Whitfield,LF,RF,Big Hair Era (1977-1993),1979,1978,1974,1986,SFG,SFG,1913,537,33,18.0,138,288.0,10,L,0.287,0.335,0.118,0.132,0.065,58.3,31.2,24.0,21.7,49.5,C+,D,D-,D-,C,66.8,Uncommon,False,False,0,0,0,bbref_war,False,False
adamsgl01,adamsgl01,Glenn Adams,DH,LF,Big Hair Era (1977-1993),1978,1977,1975,1982,MIN,MIN,1617,452,34,6.0,111,183.0,8,L,0.291,0.332,0.125,0.104,0.06,64.4,35.9,20.3,12.6,39.1,B-,D+,D-,F,D+,66.7,Uncommon,False,False,0,0,0,bbref_war,False,False
tablepa01,tablepa01,Pat Tabler,1B,"3B,LF,RF",Big Hair Era (1977-1993),1985,1987,1981,1992,CLE,CLE,3911,1101,47,16.0,375,559.0,14,R,0.294,0.355,0.109,0.13,0.084,65.6,25.6,39.5,23.0,37.4,B,D,D+,D-,D+,66.7,Uncommon,True,False,1,0,0,bbref_war,False,False
colemvi01,colemvi01,Vince Coleman,LF,CF,Big Hair Era (1977-1993),1988,1990,1985,1997,STL,STL,5406,1425,28,752.0,477,960.0,14,B,0.271,0.334,0.079,0.163,0.085,40.9,8.8,40.4,125.0,47.8,C-,F,C-,S,C,66.6,Uncommon,True,False,2,0,0,bbref_war,False,False
gantnji01,gantnji01,Jim Gantner,2B,3B,Big Hair Era (1977-1993),1983,1983,1976,1992,MIL,MIL,6189,1696,47,137.0,383,501.0,17,L,0.28,0.325,0.076,0.073,0.058,58.9,8.9,18.0,43.8,72.7,C+,F,F,C-,B,66.6,Uncommon,False,False,0,0,0,bbref_war,False,False
olivejo01,olivejo01,Joe Oliver,C,,Big Hair Era (1977-1993),1993,1992,1989,2001,CIN,CIN,3367,831,102,13.0,248,637.0,15,R,0.263,0.316,0.153,0.161,0.069,33.9,50.7,27.2,12.6,58.3,D,C,D,F,C+,66.6,Uncommon,False,False,0,0,0,bbref_war,False,False
treadje01,treadje01,Jeff Treadway,2B,,Big Hair Era (1977-1993),1990,1989,1987,1995,ATL,ATL,2119,596,28,14.0,140,184.0,10,L,0.288,0.332,0.105,0.079,0.06,64.8,24.7,20.4,20.9,50.5,B-,D-,D-,D-,C,66.6,Uncommon,False,False,0,0,0,bbref_war,False,False
yeagest01,yeagest01,Steve Yeager,C,,Big Hair Era (1977-1993),1977,1977,1972,1986,LAD,LAD,3584,816,102,14.0,342,726.0,15,R,0.239,0.313,0.149,0.193,0.089,9.1,48.0,43.8,18.0,80.0,F,C,C-,F,A-,66.6,Uncommon,False,False,0,0,0,bbref_war,True,False
cabelen01,cabelen01,Enos Cabell,3B,1B,Big Hair Era (1977-1993),1978,1983,1972,1986,HOU,HOU,5952,1647,60,238.0,259,691.0,16,R,0.286,0.316,0.102,0.111,0.039,60.8,21.8,2.9,62.9,47.3,B-,D-,F,B-,C,66.5,Uncommon,False,False,0,0,0,bbref_war,False,False
gomezle02,gomezle02,Leo Gomez,3B,,Big Hair Era (1977-1993),1993,1992,1990,1996,BAL,BAL,1916,466,79,4.0,255,399.0,7,R,0.243,0.336,0.174,0.18,0.115,14.5,60.3,65.5,1.0,58.6,F,B-,B,F,C+,66.5,Uncommon,False,False,0,0,0,bbref_war,False,False
marshmi02,marshmi02,Mike Marshall,RF,"1B,LF",Big Hair Era (1977-1993),1985,1985,1981,1991,LAD,LAD,3593,971,148,26.0,247,810.0,13,R,0.273,0.325,0.178,0.205,0.065,38.4,64.3,24.3,15.6,30.4,D+,B-,D-,F,D,66.5,Uncommon,True,False,1,0,0,bbref_war,False,False
martica01,martica01,Carmelo Martinez,LF,1B,Big Hair Era (1977-1993),1987,1984,1983,1991,SDP,SDP,2906,713,108,10.0,404,528.0,12,R,0.247,0.342,0.164,0.154,0.125,20.8,55.0,73.6,11.9,48.1,D-,C+,B,F,C,66.5,Uncommon,False,False,0,0,0,bbref_war,False,False
sharpmi01,sharpmi01,Mike Sharperson,3B,2B,Big Hair Era (1977-1993),1990,1990,1987,1995,LAD,LAD,1203,337,10,22.0,139,154.0,9,R,0.287,0.362,0.087,0.11,0.105,60.0,15.6,57.7,30.8,46.1,B-,F,C+,D,C,66.5,Uncommon,True,False,1,0,0,bbref_war,False,False
morenom01,morenom01,Omar Moreno,CF,RF,Big Hair Era (1977-1993),1979,1979,1975,1986,PIT,PIT,4992,1257,37,487.0,387,885.0,14,L,0.258,0.316,0.086,0.153,0.076,30.6,12.1,33.3,118.2,63.4,D,F,D,S,B-,66.4,Uncommon,False,False,0,0,0,bbref_war,False,False
roystje01,roystje01,Jerry Royster,3B,"2B,LF,SS",Big Hair Era (1977-1993),1982,1985,1973,1988,ATL,ATL,4208,1049,40,189.0,411,534.0,17,R,0.266,0.337,0.096,0.108,0.096,42.7,18.6,50.2,57.5,57.7,C-,F,C,C+,C+,66.4,Uncommon,False,False,0,0,0,bbref_war,False,False
salazlu01,salazlu01,Luis Salazar,3B,"CF,LF,SS",Big Hair Era (1977-1993),1983,1988,1980,1992,SDP,SDP,4101,1070,94,117.0,179,653.0,14,R,0.272,0.303,0.121,0.152,0.041,42.7,33.4,4.3,53.8,60.2,C-,D,F,C,B-,66.4,Uncommon,False,False,0,0,0,bbref_war,False,False
buechst01,buechst01,Steve Buechele,3B,2B,Big Hair Era (1977-1993),1990,1988,1985,1995,TEX,TEX,4266,1046,137,17.0,408,842.0,14,R,0.253,0.325,0.155,0.177,0.088,23.1,50.7,43.3,7.5,66.3,D-,C,C-,F,B,66.3,Uncommon,False,False,0,0,0,bbref_war,False,False
gallemi01,gallemi01,Mike Gallego,2B,"3B,SS",Big Hair Era (1977-1993),1991,1993,1985,1997,OAK,OAK,2931,700,42,24.0,326,465.0,13,R,0.253,0.339,0.112,0.134,0.106,28.4,27.7,58.5,19.7,78.6,D,D,C+,F,B+,66.2,Uncommon,False,False,0,0,0,bbref_war,False,False
wathajo01,wathajo01,John Wathan,C,1B,Big Hair Era (1977-1993),1980,1980,1976,1985,KCR,KCR,2505,656,21,105.0,199,265.0,10,R,0.281,0.34,0.082,0.081,0.077,58.5,12.0,34.3,60.4,48.8,C+,F,D,B-,C,66.2,Uncommon,False,False,0,0,0,bbref_war,False,False
youngmi01,youngmi01,Mike Young,LF,RF,Big Hair Era (1977-1993),1985,1985,1982,1989,BAL,BAL,1840,454,72,22.0,237,465.0,9,B,0.249,0.34,0.171,0.222,0.113,15.0,58.9,64.2,22.6,47.4,F,C+,B-,D-,C,66.2,Uncommon,False,False,0,0,0,bbref_war,False,False
bragggl01,bragggl01,Glenn Braggs,LF,RF,Big Hair Era (1977-1993),1989,1990,1986,1992,MIL,MIL,2336,601,70,58.0,211,472.0,8,R,0.257,0.322,0.147,0.182,0.081,26.8,46.4,37.6,48.4,48.0,D,C,D+,C,C,66.1,Uncommon,False,False,0,0,0,bbref_war,False,False
cruzju01,cruzju01,Julio Cruz,2B,,Big Hair Era (1977-1993),1981,1979,1977,1986,SEA,SEA,3859,916,23,343.0,478,508.0,11,B,0.244,0.325,0.063,0.113,0.106,22.2,1.9,58.0,117.3,76.8,D-,F,C+,S,B+,66.1,Uncommon,False,False,0,0,0,bbref_war,False,False
hairsje01,hairsje01,Jerry Hairston,LF,,Big Hair Era (1977-1993),1984,1973,1973,1989,CHW,CHW,1699,438,30,4.0,282,240.0,15,B,0.266,0.375,0.102,0.107,0.147,42.7,22.2,92.4,16.9,48.8,C-,D-,A,F,C,66.1,Uncommon,False,False,0,0,0,bbref_war,False,False
manniri01,manniri01,Rick Manning,CF,"LF,RF",Big Hair Era (1977-1993),1978,1976,1975,1987,CLE,CLE,5248,1349,56,168.0,471,616.0,14,L,0.269,0.327,0.095,0.11,0.08,44.7,18.3,36.5,63.5,56.6,C-,F,D+,B-,C+,66.1,Uncommon,False,False,0,1,2,bbref_war,False,False
putnapa01,putnapa01,Pat Putnam,1B,,Big Hair Era (1977-1993),1980,1981,1977,1984,TEX,TEX,1989,508,63,10.0,144,260.0,9,L,0.264,0.314,0.16,0.113,0.066,40.0,53.8,24.6,7.2,44.6,C-,C,D-,F,C-,66.1,Uncommon,False,False,0,0,0,bbref_war,False,False
moorech02,moorech02,Charlie Moore,C,RF,Big Hair Era (1977-1993),1981,1979,1973,1987,MIL,MIL,4033,1052,36,51.0,346,470.0,15,R,0.281,0.335,0.095,0.086,0.074,58.4,18.3,31.8,30.9,53.7,C+,F,D,D,C,66.0,Uncommon,False,False,0,0,0,bbref_war,False,False
oestero01,oestero01,Ron Oester,2B,,Big Hair Era (1977-1993),1983,1985,1978,1990,CIN,CIN,4214,1118,42,40.0,369,681.0,13,B,0.272,0.33,0.098,0.141,0.082,44.1,19.9,37.9,33.1,59.7,C-,F,D+,D,C+,65.9,Uncommon,False,False,0,0,0,bbref_war,False,True
reynorj01,reynor.01,R. J. Reynolds,RF,"CF,LF",Big Hair Era (1977-1993),1987,1989,1983,1990,PIT,PIT,2270,605,35,109.0,190,419.0,9,B,0.267,0.324,0.117,0.171,0.079,37.1,30.3,35.6,67.4,46.6,D+,D,D+,B,C,65.9,Uncommon,False,False,0,0,0,bbref_war,False,False
hubbagl01,hubbagl01,Glenn Hubbard,2B,,Big Hair Era (1977-1993),1984,1985,1978,1989,ATL,ATL,4441,1084,70,35.0,539,640.0,12,R,0.25,0.335,0.115,0.121,0.11,26.1,28.7,61.5,27.4,71.5,D,D,B-,D,B,65.8,Uncommon,True,False,1,0,0,bbref_war,False,False
meyerda01,meyerda01,Dan Meyer,LF,"1B,3B",Big Hair Era (1977-1993),1979,1977,1974,1985,SEA,SEA,3734,944,86,61.0,219,277.0,12,L,0.27,0.309,0.143,0.07,0.054,49.6,44.4,15.2,40.3,29.2,C,C-,F,C-,D,65.8,Uncommon,False,False,0,0,0,bbref_war,False,False
turneje01,turneje01,Jerry Turner,LF,RF,Big Hair Era (1977-1993),1978,1976,1974,1983,SDP,SDP,1742,448,45,45.0,159,245.0,11,L,0.26,0.323,0.134,0.121,0.083,35.9,39.5,38.9,46.2,43.1,D+,D+,D+,C,C-,65.8,Uncommon,False,False,0,0,0,bbref_war,False,False
heathmi02,heathmi02,Mike Heath,C,"LF,RF",Big Hair Era (1977-1993),1985,1985,1978,1991,OAK,OAK,4212,1061,86,54.0,278,616.0,15,R,0.261,0.309,0.131,0.147,0.062,33.7,38.1,22.0,31.5,63.4,D,D+,D-,D,B-,65.7,Uncommon,False,False,0,0,0,bbref_war,False,False
backmwa01,backmwa01,Wally Backman,2B,3B,Big Hair Era (1977-1993),1986,1986,1980,1993,NYM,NYM,3245,893,10,117.0,371,480.0,14,B,0.285,0.356,0.068,0.128,0.101,57.0,4.2,54.2,55.2,49.9,C+,F,C,C+,C,65.6,Uncommon,False,False,0,0,0,bbref_war,False,False
coleal01,coleal01,Alex Cole,CF,,Big Hair Era (1977-1993),1993,1990,1990,1996,CLE,CLE,1760,493,5,148.0,217,296.0,8,L,0.28,0.36,0.071,0.149,0.109,50.6,5.2,60.6,80.7,42.6,C,F,B-,A-,C-,65.6,Uncommon,False,False,0,0,0,bbref_war,False,False
engleda01,engleda01,Dave Engle,C,RF,Big Hair Era (1977-1993),1984,1983,1981,1989,MIN,MIN,1643,431,31,5.0,120,190.0,9,R,0.269,0.319,0.129,0.105,0.07,45.7,36.5,28.0,15.6,51.5,C,D+,D,F,C,65.6,Uncommon,True,False,1,0,0,bbref_war,False,False
howarth01,howarth01,Thomas Howard,LF,"CF,RF",Big Hair Era (1977-1993),1993,1991,1990,2000,SDP,SDP,2483,655,44,66.0,165,432.0,13,B,0.272,0.319,0.12,0.15,0.062,43.7,31.5,21.9,40.7,52.5,C-,D,D-,C-,C,65.6,Uncommon,False,False,0,0,0,bbref_war,False,False
jacksro02,jacksro02,Ron Jackson,1B,3B,Big Hair Era (1977-1993),1979,1979,1975,1984,LAA,LAA,2986,774,56,23.0,213,329.0,12,R,0.262,0.318,0.131,0.098,0.066,39.8,37.7,25.2,28.9,53.4,D+,D+,D,D,C,65.6,Uncommon,False,False,0,0,0,bbref_war,False,False
lawva01,lawva01,Vance Law,3B,"2B,SS",Big Hair Era (1977-1993),1985,1985,1980,1991,CHW,CHW,3802,972,71,34.0,408,602.0,11,R,0.264,0.336,0.126,0.137,0.099,37.1,34.6,52.4,24.6,50.2,D+,D,C,D-,C,65.6,Uncommon,True,False,1,0,0,bbref_war,False,False
maymi01,maymi01,Milt May,C,,Big Hair Era (1977-1993),1980,1974,1970,1984,SFG,SFG,3693,971,77,4.0,305,361.0,17,L,0.271,0.331,0.107,0.085,0.082,49.3,26.3,38.5,1.0,63.6,C,D,D+,F,B-,65.6,Uncommon,False,False,0,0,0,bbref_war,False,False
karkoro01,karkoro01,Ron Karkovice,C,,Big Hair Era (1977-1993),1992,1993,1986,1997,CHW,CHW,2597,574,96,24.0,233,749.0,12,R,0.233,0.304,0.171,0.256,0.087,1.0,59.3,42.2,24.4,72.5,F,C+,C-,D-,B,65.5,Uncommon,False,False,0,0,0,bbref_war,False,False
pagnoto01,pagnoto01,Tom Pagnozzi,C,,Big Hair Era (1977-1993),1992,1991,1987,1998,STL,STL,2896,733,44,18.0,189,450.0,12,R,0.261,0.307,0.117,0.137,0.062,35.2,30.9,21.4,16.0,78.4,D+,D,D-,F,B+,65.5,Uncommon,True,False,1,3,6,bbref_war,False,False
vailmi01,vailmi01,Mike Vail,RF,LF,Big Hair Era (1977-1993),1979,1975,1975,1984,CHC,CHC,1604,447,34,3.0,81,317.0,12,R,0.29,0.325,0.133,0.188,0.049,54.9,39.6,11.1,1.0,48.1,C,D+,F,F,C,65.5,Uncommon,False,False,0,0,0,bbref_war,False,False
leachri01,leachri01,Rick Leach,DH,"1B,LF,RF",Big Hair Era (1977-1993),1987,1989,1981,1990,TOR,TOR,1719,460,18,8.0,176,217.0,10,L,0.278,0.343,0.104,0.107,0.089,53.4,23.7,43.7,9.5,52.7,C,D-,C-,F,C,65.4,Uncommon,False,False,0,0,0,bbref_war,False,False
balbost01,balbost01,Steve Balboni,1B,,Big Hair Era (1977-1993),1985,1984,1981,1993,NYY,NYY,3120,714,181,1.0,273,856.0,12,R,0.239,0.299,0.23,0.251,0.077,2.8,90.8,33.7,1.0,36.8,F,A,D,F,D+,65.3,Uncommon,False,False,0,0,0,bbref_war,False,False
coopesc01,coopesc01,Scott Cooper,3B,,Big Hair Era (1977-1993),1993,1993,1990,1997,BOS,BOS,1801,478,33,7.0,193,299.0,7,L,0.265,0.337,0.12,0.148,0.095,37.6,31.9,49.5,10.1,60.2,D+,D,C,F,B-,65.3,Uncommon,True,False,2,0,0,bbref_war,False,False
heepda01,heepda01,Danny Heep,RF,"1B,LF",Big Hair Era (1977-1993),1986,1986,1979,1991,NYM,NYM,1961,503,30,12.0,220,242.0,13,L,0.277,0.349,0.112,0.103,0.1,52.2,28.7,53.4,10.8,41.1,C,D,C,F,C-,65.3,Uncommon,False,False,0,0,0,bbref_war,False,False
shelbjo01,shelbjo01,John Shelby,CF,"LF,RF",Big Hair Era (1977-1993),1984,1988,1981,1991,BAL,BAL,3090,739,70,98.0,182,671.0,13,B,0.26,0.301,0.143,0.202,0.056,27.0,45.1,17.0,60.7,47.1,D,C,F,B-,C,65.3,Uncommon,False,False,0,0,0,bbref_war,False,False
woodsal01,woodsal01,Al Woods,LF,,Big Hair Era (1977-1993),1980,1980,1977,1986,TOR,TOR,1986,538,35,23.0,167,180.0,7,L,0.271,0.326,0.116,0.083,0.077,49.4,30.1,34.0,27.9,43.8,C,D,D,D,C-,65.3,Uncommon,False,False,0,0,0,bbref_war,False,False
cottohe01,cottohe01,Henry Cotto,CF,"LF,RF",Big Hair Era (1977-1993),1989,1984,1984,1993,SEA,SEA,2178,569,44,130.0,107,352.0,11,R,0.267,0.309,0.107,0.143,0.052,40.0,26.6,13.0,80.8,46.9,C-,D,F,A-,C,65.2,Uncommon,False,False,0,0,0,bbref_war,False,False
munozpe01,munozpe01,Pedro Munoz,RF,LF,Big Hair Era (1977-1993),1993,1992,1990,1996,MIN,MIN,1708,467,67,11.0,100,418.0,7,R,0.273,0.315,0.171,0.229,0.055,36.2,60.1,15.6,21.7,30.1,D+,B-,F,D-,D,65.2,Uncommon,False,False,0,0,0,bbref_war,False,False
oquenjo01,oquenjo01,Jose Oquendo,2B,SS,Big Hair Era (1977-1993),1990,1989,1983,1995,STL,STL,3202,821,14,35.0,448,376.0,12,B,0.266,0.36,0.069,0.092,0.132,44.0,4.3,79.6,14.2,74.2,C-,F,B+,F,B,65.2,Uncommon,False,False,0,0,0,bbref_war,False,False
owensp01,owensp01,Spike Owen,SS,3B,Big Hair Era (1977-1993),1990,1991,1983,1995,WSH,WSH,4930,1211,46,82.0,569,519.0,14,B,0.255,0.341,0.1,0.087,0.116,34.4,19.6,66.1,36.4,61.4,D,F,B,D+,B-,65.2,Uncommon,False,False,0,0,0,bbref_war,False,False
staplda01,staplda01,Dave Stapleton,1B,2B,Big Hair Era (1977-1993),1983,1980,1980,1986,BOS,BOS,2028,550,41,6.0,114,162.0,7,R,0.271,0.31,0.127,0.075,0.053,50.6,36.3,13.8,9.9,51.1,C,D+,F,F,C,65.2,Uncommon,False,False,0,0,0,bbref_war,False,False
wilforo01,wilforo01,Rob Wilfong,2B,,Big Hair Era (1977-1993),1981,1979,1977,1987,MIN,MIN,2690,668,39,54.0,205,387.0,12,L,0.264,0.321,0.105,0.133,0.075,37.6,24.3,32.1,46.4,61.0,D+,D-,D,C,B-,65.2,Uncommon,False,False,0,0,0,bbref_war,False,False
clarkje01,clarkje01,Jerald Clark,LF,1B,Big Hair Era (1977-1993),1991,1992,1988,1995,SDP,SDP,1609,414,44,17.0,83,295.0,7,R,0.257,0.301,0.151,0.171,0.048,28.0,48.3,10.2,30.4,57.4,D,C,F,D,C+,65.1,Uncommon,False,False,0,0,0,bbref_war,False,False
lavalmi01,lavalmi01,Mike LaValliere,C,,Big Hair Era (1977-1993),1989,1987,1984,1995,PIT,PIT,2473,663,18,5.0,321,244.0,13,L,0.272,0.357,0.074,0.081,0.116,50.5,8.1,66.7,1.0,70.6,C,F,B,F,B,65.1,Uncommon,False,False,0,1,2,bbref_war,False,False
martije01,martije01,Jerry Martin,CF,"LF,RF",Big Hair Era (1977-1993),1977,1978,1974,1984,PHI,PHI,2652,666,85,38.0,207,574.0,11,R,0.257,0.313,0.164,0.196,0.072,25.2,55.6,29.9,33.3,39.9,D,C+,D,D,D+,65.1,Uncommon,False,False,0,0,0,bbref_war,False,False
gonzare01,gonzare01,Rene Gonzales,3B,"2B,SS",Big Hair Era (1977-1993),1990,1992,1984,1997,BAL,BAL,1539,368,19,23.0,161,230.0,13,R,0.261,0.345,0.099,0.125,0.11,35.9,22.2,61.4,29.2,58.8,D+,D-,B-,D,C+,65.0,Uncommon,False,False,0,0,0,bbref_war,False,False
reynocr01,reynocr01,Craig Reynolds,SS,,Big Hair Era (1977-1993),1980,1984,1975,1989,HOU,HOU,4466,1142,42,58.0,227,406.0,15,L,0.268,0.302,0.098,0.086,0.048,46.3,18.5,10.0,41.2,68.6,C,F,F,C-,B,65.0,Uncommon,True,False,2,0,0,bbref_war,False,False
dentbu01,dentbu01,Bucky Dent,SS,,Big Hair Era (1977-1993),1978,1980,1973,1984,NYY,NYY,4512,1114,40,17.0,328,349.0,13,R,0.255,0.305,0.083,0.07,0.067,36.7,12.9,25.9,14.3,87.7,D+,F,D,F,A,64.9,Uncommon,True,False,3,0,0,bbref_war,True,False
pocorbi01,pocorbi01,Biff Pocoroba,C,,Big Hair Era (1977-1993),1980,1977,1975,1984,ATL,ATL,1457,374,21,6.0,182,109.0,10,B,0.27,0.354,0.103,0.067,0.116,50.3,24.2,66.8,14.5,38.2,C,D-,B,F,D+,64.9,Uncommon,True,False,1,0,0,bbref_war,False,False
remyje01,remyje01,Jerry Remy,2B,,Big Hair Era (1977-1993),1978,1976,1975,1984,BOS,BOS,4455,1226,7,208.0,356,404.0,10,L,0.273,0.329,0.056,0.089,0.077,51.2,1.0,34.5,70.2,60.1,C,F,D,B,B-,64.9,Uncommon,True,False,1,0,0,bbref_war,False,False
wohlfji01,wohlfji01,Jim Wohlford,LF,RF,Big Hair Era (1977-1993),1980,1984,1972,1986,SFG,SFG,3049,793,21,89.0,241,376.0,15,R,0.275,0.33,0.094,0.117,0.075,49.7,18.1,32.1,37.6,54.0,C,F,D,D+,C,64.9,Uncommon,False,False,0,0,0,bbref_war,False,False
duncama01,duncama01,Mariano Duncan,2B,"LF,SS",Big Hair Era (1977-1993),1993,1996,1985,1997,PHI,PHI,4677,1247,87,174.0,201,913.0,15,R,0.274,0.307,0.128,0.173,0.042,42.5,36.3,4.9,74.5,32.5,C-,D+,F,B,D,64.8,Uncommon,True,False,1,0,0,bbref_war,False,False
essiaji01,essiaji01,Jim Essian,C,,Big Hair Era (1977-1993),1978,1977,1973,1984,OAK,OAK,1855,453,33,9.0,231,171.0,12,R,0.251,0.334,0.106,0.086,0.11,31.7,25.4,61.4,15.3,65.6,D,D,B-,F,B,64.8,Uncommon,False,False,0,0,0,bbref_war,False,False
virgioz02,virgioz02,Ozzie Virgil,C,,Big Hair Era (1977-1993),1986,1984,1980,1990,ATL,ATL,2258,549,98,4.0,248,453.0,11,R,0.245,0.326,0.173,0.176,0.097,16.1,60.6,50.7,7.9,45.5,F,B-,C,F,C,64.8,Uncommon,True,False,2,0,0,bbref_war,False,False
brookto01,brookto01,Tom Brookens,3B,"2B,SS",Big Hair Era (1977-1993),1983,1980,1979,1990,DET,DET,3865,950,71,86.0,281,605.0,12,R,0.247,0.3,0.126,0.138,0.069,22.1,34.4,27.5,43.4,68.6,D-,D,D,C-,B,64.7,Uncommon,False,False,0,0,0,bbref_war,False,False
feldemi01,feldemi01,Mike Felder,LF,"CF,RF",Big Hair Era (1977-1993),1989,1991,1985,1994,MIL,MIL,2262,564,14,161.0,168,217.0,10,B,0.261,0.316,0.08,0.085,0.075,40.7,10.6,32.8,86.0,52.6,C-,F,D,A,C,64.7,Uncommon,False,False,0,0,0,bbref_war,False,False
footeba01,footeba01,Barry Foote,C,,Big Hair Era (1977-1993),1977,1974,1973,1982,WSH,WSH,2127,489,57,10.0,136,287.0,12,R,0.243,0.295,0.151,0.122,0.066,20.9,48.9,24.9,21.7,61.0,D-,C,D-,D-,B-,64.7,Uncommon,False,False,0,0,0,bbref_war,False,False
pecotbi01,pecotbi01,Bill Pecota,3B,"2B,SS",Big Hair Era (1977-1993),1990,1991,1986,1994,KCR,KCR,1527,380,22,52.0,160,216.0,9,R,0.253,0.324,0.106,0.128,0.092,28.5,24.8,46.3,55.1,58.5,D,D-,C,C+,C+,64.7,Uncommon,False,False,0,0,0,bbref_war,False,False
stubbfr01,stubbfr01,Franklin Stubbs,1B,LF,Big Hair Era (1977-1993),1989,1990,1984,1995,LAD,LAD,2591,602,104,74.0,260,626.0,10,L,0.236,0.309,0.173,0.215,0.093,4.7,60.7,47.2,48.2,43.7,F,B-,C,C,C-,64.7,Uncommon,False,False,0,0,0,bbref_war,False,False
brownch02,brownch02,Chris Brown,3B,,Big Hair Era (1977-1993),1986,1986,1984,1989,SFG,SFG,1523,410,38,21.0,120,252.0,7,R,0.269,0.333,0.123,0.15,0.071,40.8,34.5,29.4,23.4,49.2,C-,D,D,D-,C,64.6,Uncommon,True,False,1,0,0,bbref_war,False,False
bordepa01,bordepa01,Pat Borders,C,,Big Hair Era (1977-1993),1992,1990,1988,2005,TOR,TOR,3282,831,69,9.0,155,557.0,22,R,0.264,0.299,0.139,0.152,0.047,35.8,43.4,8.8,6.9,52.9,D+,C-,F,F,C,64.5,Uncommon,False,False,0,0,0,bbref_war,True,False
felixju01,felixju01,Junior Felix,RF,CF,Big Hair Era (1977-1993),1992,1989,1989,1994,TOR,TOR,2132,562,55,49.0,158,509.0,6,B,0.264,0.317,0.149,0.218,0.068,28.5,46.6,26.4,40.5,41.1,D,C,D,C-,C-,64.5,Uncommon,False,False,0,0,0,bbref_war,False,False
snydeco02,snydeco02,Cory Snyder,RF,LF,Big Hair Era (1977-1993),1989,1988,1986,1994,CLE,CLE,3656,902,149,28.0,226,992.0,10,R,0.256,0.301,0.188,0.247,0.06,18.5,69.5,20.1,27.4,30.8,F,B,D-,D,D,64.4,Uncommon,False,False,0,0,0,bbref_war,False,False
bailobo01,bailobo01,Bob Bailor,SS,"2B,3B,CF,LF,RF",Big Hair Era (1977-1993),1982,1977,1975,1985,NYM,NYM,2937,775,9,90.0,187,164.0,11,R,0.275,0.313,0.061,0.045,0.05,57.2,1.7,11.3,57.0,63.7,C+,F,F,C+,B-,64.3,Uncommon,False,False,0,0,0,bbref_war,False,False
dejesiv01,dejesiv01,Ivan de Jesus,SS,,Big Hair Era (1977-1993),1980,1978,1974,1988,CHC,CHC,4602,1167,21,194.0,466,664.0,15,R,0.263,0.332,0.077,0.126,0.091,38.1,8.1,45.5,69.8,59.1,D+,F,C,B,C+,64.3,Uncommon,False,False,0,0,0,bbref_war,False,False
ontivst01,ontivst01,Steve Ontiveros,3B,,Big Hair Era (1977-1993),1977,1977,1973,1980,CHC,CHC,2193,600,24,5.0,309,290.0,8,B,0.277,0.369,0.094,0.114,0.123,51.7,18.1,72.7,5.6,41.6,C,F,B,F,C-,64.3,Uncommon,False,False,0,0,0,bbref_war,False,False
petrage01,petrage01,Geno Petralli,C,,Big Hair Era (1977-1993),1989,1988,1982,1993,TEX,TEX,1874,501,24,8.0,216,263.0,12,L,0.279,0.361,0.094,0.123,0.111,52.1,19.0,62.3,9.0,43.4,C,F,B-,F,C-,64.3,Uncommon,False,False,0,0,0,bbref_war,False,False
dauerri01,dauerri01,Rich Dauer,2B,3B,Big Hair Era (1977-1993),1980,1980,1976,1985,BAL,BAL,3829,984,43,6.0,297,219.0,10,R,0.263,0.316,0.089,0.053,0.072,45.3,16.4,30.3,11.7,71.5,C,F,D,F,B,64.2,Uncommon,False,False,0,0,0,bbref_war,False,False
huletti01,huletti01,Tim Hulett,3B,2B,Big Hair Era (1977-1993),1990,1993,1983,1995,BAL,BAL,2128,529,48,14.0,145,438.0,12,R,0.266,0.323,0.113,0.2,0.074,32.2,29.0,31.2,20.2,67.4,D,D,D,D-,B,64.2,Uncommon,False,False,0,0,0,bbref_war,False,False
iorgda01,iorgda01,Dane Iorg,LF,"1B,RF",Big Hair Era (1977-1993),1981,1980,1977,1986,STL,STL,1647,455,14,5.0,107,180.0,12,L,0.283,0.323,0.106,0.099,0.06,58.4,24.6,20.0,14.5,43.5,C+,D-,D-,F,C-,64.2,Uncommon,False,False,0,0,0,bbref_war,False,False
sheripa01,sheripa01,Pat Sheridan,RF,"CF,LF",Big Hair Era (1977-1993),1986,1984,1981,1991,DET,DET,2419,611,51,86.0,236,501.0,10,L,0.255,0.321,0.118,0.184,0.088,24.5,30.6,42.9,55.1,52.4,D-,D,C-,C+,C,64.1,Uncommon,False,False,0,0,0,bbref_war,False,False
wiggial01,wiggial01,Alan Wiggins,2B,LF,Big Hair Era (1977-1993),1984,1983,1981,1987,SDP,SDP,2247,581,5,242.0,235,193.0,8,B,0.259,0.33,0.051,0.077,0.094,39.0,1.0,48.3,104.0,47.8,D+,F,C,S,C,64.1,Uncommon,False,False,0,0,0,bbref_war,False,False
ceronri01,ceronri01,Rick Cerone,C,,Big Hair Era (1977-1993),1987,1980,1975,1992,NYY,NYY,4069,998,59,6.0,320,450.0,18,R,0.262,0.318,0.116,0.099,0.074,40.1,30.0,31.5,1.0,60.9,C-,D,D,F,B-,63.9,Common,False,False,0,0,0,bbref_war,False,False
valleda01,valleda01,Dave Valle,C,,Big Hair Era (1977-1993),1990,1993,1984,1996,SEA,SEA,2775,658,77,5.0,258,413.0,14,R,0.244,0.326,0.141,0.123,0.088,20.9,43.4,43.1,1.0,64.2,D-,C-,C-,F,B-,63.9,Common,False,False,0,0,0,bbref_war,False,False
howelro02,howelro02,Roy Howell,3B,,Big Hair Era (1977-1993),1979,1977,1974,1984,TOR,TOR,3791,991,80,9.0,318,675.0,12,L,0.262,0.324,0.13,0.166,0.08,32.8,37.1,36.6,25.2,45.9,D,D+,D+,D,C,63.8,Common,True,False,1,0,0,bbref_war,False,False
bannial01,bannial01,Alan Bannister,2B,"LF,RF,SS",Big Hair Era (1977-1993),1981,1979,1974,1985,CHW,CHW,3007,811,19,108.0,292,318.0,14,R,0.275,0.339,0.088,0.089,0.088,52.4,14.5,43.2,65.2,26.3,C,F,C-,B,D,63.7,Common,False,False,0,0,0,bbref_war,False,False
griffal01,griffal01,Alfredo Griffin,SS,,Big Hair Era (1977-1993),1987,1986,1976,1993,OAK,OAK,6780,1688,24,192.0,338,664.0,18,B,0.268,0.306,0.077,0.085,0.051,47.1,8.4,12.1,53.9,64.3,C,F,F,C,B-,63.7,Common,True,False,1,1,2,bbref_war,False,False
randlle01,randlle01,Lenny Randle,3B,"2B,CF",Big Hair Era (1977-1993),1977,1977,1971,1982,TEX,TEX,3950,1016,27,156.0,372,505.0,12,B,0.267,0.334,0.077,0.115,0.091,42.3,8.3,45.6,58.7,51.8,C-,F,C,C+,C,63.6,Common,False,False,0,0,0,bbref_war,False,False
cubbami01,cubbami01,Mike Cubbage,3B,,Big Hair Era (1977-1993),1978,1978,1974,1981,MIN,MIN,1951,503,34,6.0,215,233.0,9,L,0.26,0.332,0.112,0.105,0.099,37.2,27.0,52.3,9.7,51.6,D+,D,C,F,C,63.5,Common,False,False,0,0,0,bbref_war,False,False
francte01,francte01,Terry Francona,1B,"LF,RF",Big Hair Era (1977-1993),1984,1984,1981,1990,WSH,WSH,1731,474,16,12.0,65,119.0,10,L,0.296,0.323,0.073,0.06,0.037,73.2,9.7,1.0,13.9,47.0,B,F,F,F,C,63.5,Common,False,False,0,0,0,bbref_war,False,False
hobsobu01,hobsobu01,Butch Hobson,3B,,Big Hair Era (1977-1993),1978,1979,1975,1982,BOS,BOS,2556,634,98,11.0,183,569.0,8,R,0.251,0.299,0.183,0.207,0.065,18.4,65.1,24.4,21.4,31.4,F,B,D-,D-,D,63.5,Common,False,False,0,0,0,bbref_war,False,False
liriane01,liriane01,Nelson Liriano,2B,,Big Hair Era (1977-1993),1991,1989,1987,1998,TOR,TOR,2216,576,25,59.0,212,300.0,12,B,0.261,0.33,0.106,0.123,0.092,36.5,23.2,46.6,46.6,43.1,D+,D-,C,C,C-,63.5,Common,False,False,0,0,0,bbref_war,False,False
scottto01,scottto01,Tony Scott,CF,"LF,RF",Big Hair Era (1977-1993),1979,1977,1973,1984,STL,STL,2803,699,17,125.0,186,464.0,13,B,0.262,0.315,0.089,0.148,0.069,34.9,15.0,27.2,58.1,62.0,D,F,D,C+,B-,63.5,Common,False,False,0,0,0,bbref_war,False,False
steinbi02,steinbi02,Bill Stein,3B,2B,Big Hair Era (1977-1993),1980,1977,1972,1985,SEA,SEA,2811,751,44,16.0,186,413.0,14,R,0.273,0.315,0.111,0.135,0.057,46.2,27.8,17.7,21.2,48.3,C,D,F,D-,C,63.5,Common,False,False,0,0,0,bbref_war,False,False
candaca01,candaca01,Casey Candaele,2B,"CF,LF,SS",Big Hair Era (1977-1993),1991,1991,1986,1997,HOU,HOU,1934,483,11,37.0,161,211.0,10,B,0.266,0.324,0.09,0.099,0.079,43.3,15.8,35.5,31.5,56.2,C-,F,D+,D,C+,63.4,Common,False,False,0,0,0,bbref_war,False,False
larkige01,larkige01,Gene Larkin,1B,RF,Big Hair Era (1977-1993),1990,1988,1987,1993,MIN,MIN,2321,618,32,23.0,268,278.0,7,B,0.266,0.348,0.108,0.105,0.101,43.0,25.1,54.0,30.3,34.3,C-,D,C,D,D,63.4,Common,False,False,0,0,0,bbref_war,False,False
thomade01,thomade01,Derrel Thomas,2B,"3B,CF,LF,SS",Big Hair Era (1977-1993),1978,1975,1971,1985,LAD,LAD,4677,1163,43,140.0,456,593.0,16,B,0.256,0.322,0.094,0.114,0.087,32.6,17.0,42.2,50.8,57.7,D,F,C-,C,C+,63.4,Common,False,False,0,0,0,bbref_war,False,False
vukovge01,vukovge01,George Vukovich,RF,LF,Big Hair Era (1977-1993),1982,1984,1980,1985,CLE,CLE,1602,430,27,9.0,127,229.0,6,L,0.268,0.322,0.11,0.131,0.073,42.0,27.5,30.6,11.3,52.9,C-,D,D,F,C,63.4,Common,False,False,0,0,0,bbref_war,False,False
washiul01,washiu_01,U. L. Washington,SS,2B,Big Hair Era (1977-1993),1982,1982,1977,1987,KCR,KCR,2797,703,27,132.0,261,409.0,11,B,0.256,0.317,0.096,0.127,0.083,31.7,18.3,39.2,61.0,53.5,D,F,D+,B-,C,63.4,Common,False,False,0,0,0,bbref_war,False,False
flannti01,flannti01,Tim Flannery,2B,3B,Big Hair Era (1977-1993),1985,1985,1979,1989,SDP,SDP,2473,631,9,22.0,277,293.0,11,L,0.268,0.351,0.075,0.106,0.102,44.2,7.4,55.0,27.4,58.3,C-,F,C+,D,C+,63.2,Common,False,False,0,0,0,bbref_war,False,False
foleyto02,foleyto02,Tom Foley,2B,"3B,SS",Big Hair Era (1977-1993),1987,1988,1983,1995,WSH,WSH,2708,661,32,32.0,232,387.0,15,L,0.256,0.316,0.112,0.125,0.081,31.3,27.6,37.0,22.8,58.7,D,D,D+,D-,C+,63.2,Common,False,False,0,0,0,bbref_war,False,False
gallada01,gallada01,Dave Gallagher,CF,"LF,RF",Big Hair Era (1977-1993),1992,1988,1987,1995,NYM,NYM,2081,564,17,20.0,187,251.0,11,R,0.275,0.336,0.084,0.111,0.084,50.3,13.8,40.0,23.3,48.7,C,F,C-,D-,C,63.2,Common,False,False,0,0,0,bbref_war,False,False
trevial01,trevial01,Alex Trevino,C,,Big Hair Era (1977-1993),1984,1986,1978,1990,NYM,NYM,2430,604,23,19.0,205,317.0,16,R,0.255,0.323,0.101,0.125,0.088,30.8,23.2,42.9,30.3,58.9,D,D-,C-,D,C+,63.2,Common,False,False,0,0,0,bbref_war,False,False
otted01,otted01,Ed Ott,C,,Big Hair Era (1977-1993),1978,1980,1974,1981,PIT,PIT,1792,465,33,14.0,138,254.0,8,L,0.26,0.312,0.109,0.13,0.071,34.9,27.1,29.2,20.7,57.4,D,D,D,D-,C+,63.0,Common,False,False,0,0,0,bbref_war,False,False
ripkebi01,ripkebi01,Billy Ripken,2B,,Big Hair Era (1977-1993),1992,1990,1987,1998,BAL,BAL,2729,674,20,25.0,174,332.0,12,R,0.27,0.317,0.079,0.107,0.062,45.9,12.4,21.3,28.8,62.4,C,F,D-,D,B-,63.0,Common,False,False,0,0,0,bbref_war,False,False
anthoer01,anthoer01,Eric Anthony,RF,LF,Big Hair Era (1977-1993),1993,1993,1989,1997,HOU,HOU,1999,462,78,24.0,217,491.0,10,L,0.236,0.312,0.17,0.211,0.1,4.9,58.9,53.1,26.1,38.9,F,C+,C,D,D+,62.9,Common,False,False,0,0,0,bbref_war,False,False
mosesjo01,mosesjo01,John Moses,CF,"LF,RF",Big Hair Era (1977-1993),1988,1988,1982,1992,SEA,SEA,1723,438,11,101.0,143,226.0,11,B,0.269,0.325,0.09,0.118,0.074,44.0,16.3,31.5,60.4,38.0,C-,F,D,B-,D+,62.9,Common,False,False,0,0,0,bbref_war,False,False
schofdi02,schofdi02,Dick Schofield,SS,,Big Hair Era (1977-1993),1989,1986,1983,1996,LAA,LAA,4299,989,56,120.0,446,684.0,16,R,0.236,0.315,0.085,0.132,0.096,12.9,13.3,49.9,63.9,78.0,F,F,C,B-,B+,62.9,Common,False,False,0,0,0,bbref_war,False,False
squirmi01,squirmi01,Mike Squires,1B,,Big Hair Era (1977-1993),1980,1980,1975,1985,CHW,CHW,1580,411,6,45.0,143,108.0,10,L,0.271,0.326,0.063,0.061,0.076,51.8,3.6,33.6,45.3,51.8,C,F,D,C,C,62.9,Common,False,False,0,1,2,bbref_war,False,False
elsteke01,elsteke01,Kevin Elster,SS,,Big Hair Era (1977-1993),1991,1989,1986,2000,NYM,NYM,2844,648,88,14.0,295,562.0,14,R,0.231,0.302,0.156,0.171,0.093,3.8,51.4,47.3,24.7,54.9,F,C,C,D-,C,62.8,Common,False,False,0,0,0,bbref_war,False,False
iorgga01,iorgga01,Garth Iorg,3B,2B,Big Hair Era (1977-1993),1982,1985,1978,1987,TOR,TOR,2450,633,20,23.0,114,298.0,9,R,0.27,0.303,0.092,0.115,0.044,45.7,17.8,6.6,33.2,58.2,C,F,F,D,C+,62.8,Common,False,False,0,0,0,bbref_war,False,False
espinal01,espinal01,Alvaro Espinoza,SS,"2B,3B",Big Hair Era (1977-1993),1990,1991,1984,1997,NYY,NYY,2478,630,22,13.0,76,324.0,13,R,0.27,0.294,0.09,0.123,0.03,44.3,17.6,1.0,23.3,67.7,C-,F,F,D-,B,62.7,Common,False,False,0,0,0,bbref_war,False,False
brilegr01,brilegr01,Greg Briley,LF,RF,Big Hair Era (1977-1993),1990,1989,1988,1993,SEA,SEA,1518,384,29,65.0,124,260.0,6,L,0.253,0.31,0.119,0.156,0.074,25.8,31.7,32.0,50.9,43.8,D,D,D,C,C-,62.6,Common,False,False,0,0,0,bbref_war,False,False
powelho01,powelho01,Hosken Powell,RF,,Big Hair Era (1977-1993),1980,1978,1978,1983,MIN,MIN,1816,470,17,43.0,144,164.0,6,L,0.259,0.314,0.09,0.083,0.073,38.7,16.1,30.7,50.1,49.1,D+,F,D,C,C,62.6,Common,False,False,0,0,0,bbref_war,False,False
youngge02,youngge02,Gerald Young,CF,,Big Hair Era (1977-1993),1991,1989,1987,1994,HOU,HOU,1815,446,3,155.0,227,213.0,8,B,0.252,0.335,0.058,0.101,0.11,31.0,1.0,61.2,81.0,52.5,D,F,B-,A-,C,62.6,Common,False,False,0,0,0,bbref_war,False,False
foliti01,foliti01,Tim Foli,SS,2B,Big Hair Era (1977-1993),1978,1979,1970,1985,WSH,WSH,6047,1515,25,81.0,265,399.0,18,R,0.26,0.292,0.06,0.053,0.039,43.1,1.0,2.9,38.8,83.6,C-,F,F,D+,A-,62.5,Common,False,False,0,0,0,bbref_war,False,False
leiussc01,leiussc01,Scott Leius,3B,,Big Hair Era (1977-1993),1993,1991,1990,1999,MIN,MIN,1536,375,28,16.0,161,236.0,9,R,0.249,0.323,0.115,0.14,0.098,23.7,29.6,51.9,26.0,50.7,D-,D,C,D,C,62.4,Common,False,False,0,0,0,bbref_war,False,False
martibu01,martibu01,Buck Martinez,C,,Big Hair Era (1977-1993),1980,1982,1969,1986,TOR,TOR,2743,618,58,5.0,230,419.0,17,R,0.238,0.298,0.143,0.139,0.081,14.4,44.3,37.7,3.8,60.4,F,C-,D+,F,B-,62.3,Common,False,False,0,0,0,bbref_war,False,False
ramirra01,ramirra01,Rafael Ramirez,SS,,Big Hair Era (1977-1993),1983,1982,1980,1992,ATL,ATL,5494,1432,53,112.0,264,621.0,13,R,0.271,0.306,0.081,0.099,0.046,48.2,11.9,8.1,43.8,52.7,C,F,F,C-,C,62.3,Common,True,False,1,0,0,bbref_war,False,False
berrada01,berrada01,Dale Berra,SS,3B,Big Hair Era (1977-1993),1983,1982,1977,1987,PIT,PIT,2553,603,49,32.0,210,422.0,11,R,0.245,0.305,0.111,0.14,0.077,20.2,28.2,34.5,34.3,61.3,D-,D,D,D,B-,62.2,Common,False,False,0,0,0,bbref_war,False,False
almonbi01,almonbi01,Bill Almon,SS,"1B,2B,3B,LF",Big Hair Era (1977-1993),1982,1981,1974,1988,SDP,SDP,3330,846,36,128.0,250,636.0,17,R,0.263,0.314,0.092,0.166,0.07,33.6,16.8,28.0,60.0,45.9,D,F,D,B-,C,61.9,Common,False,False,0,0,0,bbref_war,False,False
kuipedu01,kuipedu01,Duane Kuiper,2B,,Big Hair Era (1977-1993),1977,1975,1974,1985,CLE,CLE,3379,917,1,52.0,248,255.0,12,L,0.28,0.33,0.05,0.074,0.063,58.8,1.0,22.3,29.8,49.7,C+,F,D-,D,C,61.9,Common,False,False,0,0,0,bbref_war,False,False
reitzke01,reitzke01,Ken Reitz,3B,,Big Hair Era (1977-1993),1977,1978,1972,1982,STL,STL,4777,1243,68,10.0,184,518.0,11,R,0.265,0.295,0.114,0.109,0.037,41.3,29.7,1.0,1.0,58.7,C-,D,F,F,C+,61.9,Common,True,False,1,1,2,bbref_war,False,False
roberda06,roberda06,Dave Roberts,3B,C,Big Hair Era (1977-1993),1978,1973,1972,1982,SDP,SDP,2017,483,49,27.0,128,361.0,10,R,0.257,0.295,0.128,0.156,0.049,29.3,38.2,11.1,34.2,41.6,D,D+,F,D,C-,61.9,Common,False,False,0,0,0,bbref_war,False,False
schuri01,schuri01,Rick Schu,3B,,Big Hair Era (1977-1993),1987,1990,1984,1996,PHI,PHI,1568,386,41,17.0,139,282.0,10,R,0.249,0.313,0.14,0.162,0.081,21.7,42.6,37.8,25.1,38.1,D-,C-,D+,D,D+,61.9,Common,False,False,0,0,0,bbref_war,False,False
benzito01,benzito01,Todd Benzinger,1B,RF,Big Hair Era (1977-1993),1991,1987,1987,1995,SFG,SFG,2856,733,66,21.0,181,552.0,10,B,0.26,0.306,0.139,0.181,0.062,29.0,42.5,21.8,15.2,38.6,D,C-,D-,F,D+,61.7,Common,False,False,0,0,0,bbref_war,False,False
officro01,officro01,Rowland Office,CF,RF,Big Hair Era (1977-1993),1978,1980,1972,1983,ATL,ATL,2413,626,32,27.0,189,311.0,11,L,0.274,0.338,0.093,0.115,0.086,48.4,18.4,41.9,18.9,33.3,C,F,C-,F,D,61.7,Common,False,False,0,0,0,bbref_war,False,False
rileser01,rileser01,Ernie Riles,SS,"2B,3B",Big Hair Era (1977-1993),1989,1988,1985,1993,MIL,MIL,2504,637,48,20.0,244,409.0,10,L,0.258,0.322,0.108,0.14,0.087,32.0,25.7,42.4,25.1,44.0,D,D,C-,D,C-,61.7,Common,False,False,0,0,0,bbref_war,False,False
preslji01,preslji01,Jim Presley,3B,,Big Hair Era (1977-1993),1987,1986,1984,1991,SEA,SEA,3546,875,135,9.0,210,859.0,8,R,0.249,0.292,0.175,0.225,0.055,14.2,62.6,15.9,9.8,35.5,F,B-,F,F,D+,61.6,Common,True,False,1,0,0,bbref_war,False,False
hilldo01,hilldo01,Donnie Hill,2B,"3B,SS",Big Hair Era (1977-1993),1987,1986,1983,1992,OAK,OAK,2307,594,26,22.0,175,225.0,9,B,0.265,0.318,0.077,0.095,0.075,42.6,10.2,32.1,34.4,49.7,C-,F,D,D,C,61.5,Common,False,False,0,0,0,bbref_war,False,False
pryorgr01,pryorgr01,Greg Pryor,3B,"2B,SS",Big Hair Era (1977-1993),1980,1979,1976,1986,CHW,CHW,1883,471,14,11.0,104,185.0,10,R,0.261,0.302,0.083,0.091,0.052,39.5,13.5,13.4,22.6,65.0,D+,F,F,D-,B,61.5,Common,False,False,0,0,0,bbref_war,False,False
fitzgmi02,fitzgmi02,Mike Fitzgerald,C,,Big Hair Era (1977-1993),1988,1990,1983,1992,WSH,WSH,2316,545,48,31.0,292,432.0,10,R,0.239,0.333,0.121,0.16,0.121,13.3,32.7,70.9,25.1,44.6,F,D,B,D,C-,61.4,Common,False,False,0,0,0,bbref_war,False,False
lindjo01,lindjo01,Jose Lind,2B,,Big Hair Era (1977-1993),1990,1988,1987,1995,PIT,PIT,3677,935,9,62.0,215,370.0,10,R,0.258,0.302,0.069,0.102,0.059,36.2,5.0,19.2,50.6,64.4,D+,F,F,C,B-,61.3,Common,False,False,0,1,2,bbref_war,False,False
leema02,leema02,Manuel Lee,SS,2B,Big Hair Era (1977-1993),1991,1992,1985,1995,TOR,TOR,2693,686,19,31.0,201,531.0,11,B,0.262,0.315,0.073,0.175,0.074,31.4,7.9,31.5,36.5,66.5,D,F,D,D+,B,61.1,Common,False,False,0,0,0,bbref_war,False,False
wynnema01,wynnema01,Marvell Wynne,CF,LF,Big Hair Era (1977-1993),1986,1988,1983,1990,PIT,PIT,2693,664,40,80.0,191,398.0,9,L,0.253,0.304,0.112,0.137,0.068,27.2,27.7,26.6,41.3,41.3,D,D,D,C-,C-,60.9,Common,False,False,0,0,0,bbref_war,False,False
milbola01,milbola01,Larry Milbourne,2B,"3B,SS",Big Hair Era (1977-1993),1977,1981,1974,1984,HOU,HOU,2448,623,11,41.0,133,176.0,14,B,0.27,0.311,0.063,0.066,0.057,50.4,2.3,17.5,41.1,48.5,C,F,F,C-,C,60.8,Common,False,False,0,0,0,bbref_war,False,False
benedbr01,benedbr01,Bruce Benedict,C,,Big Hair Era (1977-1993),1983,1981,1978,1989,ATL,ATL,2878,696,18,12.0,328,251.0,12,R,0.253,0.33,0.065,0.073,0.101,34.9,4.2,53.7,10.8,65.2,D,F,C,F,B,60.7,Common,True,False,2,0,0,bbref_war,False,False
uribejo01,uribejo01,Jose Uribe,SS,,Big Hair Era (1977-1993),1988,1987,1984,1993,SFG,SFG,3064,738,19,74.0,256,425.0,10,B,0.244,0.306,0.08,0.126,0.081,20.7,10.7,37.6,45.8,67.1,D-,F,D+,C,B,60.7,Common,False,False,0,0,0,bbref_war,False,False
laudnti01,laudnti01,Tim Laudner,C,,Big Hair Era (1977-1993),1985,1988,1981,1989,MIN,MIN,2038,458,77,3.0,190,553.0,9,R,0.232,0.3,0.16,0.241,0.087,1.0,53.7,42.3,3.8,49.6,F,C,C-,F,C,60.6,Common,True,False,1,0,0,bbref_war,False,False
washiro01,washiro01,Ron Washington,SS,2B,Big Hair Era (1977-1993),1985,1984,1977,1989,MIN,MIN,1586,414,20,28.0,65,266.0,10,R,0.265,0.297,0.102,0.15,0.04,37.1,22.0,3.8,37.9,45.5,D+,D-,F,D+,C,60.6,Common,False,False,0,0,0,bbref_war,False,False
bradlsc01,bradlsc01,Scott Bradley,C,,Big Hair Era (1977-1993),1987,1986,1984,1992,SEA,SEA,1648,424,18,3.0,104,110.0,11,L,0.266,0.312,0.092,0.057,0.059,48.2,18.5,19.6,7.2,41.1,C,F,F,F,C-,60.5,Common,False,False,0,0,0,bbref_war,False,False
ortizju01,ortizju01,Junior Ortiz,C,,Big Hair Era (1977-1993),1990,1990,1982,1994,PIT,PIT,1894,484,5,8.0,121,222.0,14,R,0.287,0.335,0.055,0.105,0.061,60.7,1.2,21.0,1.0,50.1,B-,F,D-,F,C,60.5,Common,False,False,0,0,0,bbref_war,False,False
quirkja01,quirkja01,Jamie Quirk,C,3B,Big Hair Era (1977-1993),1988,1988,1975,1992,KCR,KCR,2266,544,43,5.0,177,435.0,21,L,0.257,0.321,0.105,0.161,0.08,29.0,25.7,36.5,4.8,51.3,D,D,D+,F,C,60.5,Common,False,False,0,0,0,bbref_war,False,False
blankla01,blankla01,Larvell Blanks,SS,2B,Big Hair Era (1977-1993),1977,1976,1972,1980,ATL,ATL,1766,446,20,9.0,132,178.0,9,R,0.26,0.309,0.087,0.089,0.069,39.1,15.3,27.5,24.0,45.8,D+,F,D,D-,C,60.4,Common,False,False,0,0,0,bbref_war,False,False
lyonsst01,lyonsst01,Steve Lyons,3B,"1B,2B,CF",Big Hair Era (1977-1993),1990,1988,1985,1993,CHW,CHW,2162,545,19,42.0,156,364.0,12,L,0.257,0.306,0.091,0.153,0.067,29.6,17.0,25.4,35.0,53.6,D,F,D,D+,C,60.4,Common,False,False,0,0,0,bbref_war,False,False
husonje01,husonje01,Jeff Huson,SS,"2B,3B",Big Hair Era (1977-1993),1992,1990,1988,2000,TEX,TEX,1879,439,8,64.0,191,228.0,12,L,0.244,0.32,0.063,0.112,0.102,23.0,3.4,54.6,57.8,56.7,D-,F,C,C+,C+,60.3,Common,False,False,0,0,0,bbref_war,False,False
stillku01,stillku01,Kurt Stillwell,SS,2B,Big Hair Era (1977-1993),1989,1988,1986,1996,KCR,KCR,3125,779,34,38.0,274,455.0,10,B,0.254,0.318,0.106,0.129,0.082,29.3,24.0,38.5,30.5,37.8,D,D-,D+,D,D+,60.3,Common,True,False,1,0,0,bbref_war,False,False
berryda01,berryda01,Damon Berryhill,C,,Big Hair Era (1977-1993),1993,1988,1987,1997,CHC,CHC,2030,488,47,3.0,139,409.0,11,B,0.249,0.294,0.129,0.181,0.061,19.5,37.7,20.5,2.6,53.8,F,D+,D-,F,C,60.1,Common,False,False,0,0,0,bbref_war,False,False
manwaki01,manwaki01,Kirt Manwaring,C,,Big Hair Era (1977-1993),1993,1992,1987,1999,SFG,SFG,2982,733,21,10.0,243,505.0,14,R,0.256,0.32,0.079,0.15,0.072,28.7,10.9,29.7,5.8,73.5,D,F,D,F,B,60.1,Common,False,False,0,1,2,bbref_war,False,False
scottro01,scottro01,Rodney Scott,2B,SS,Big Hair Era (1977-1993),1979,1979,1975,1982,WSH,WSH,2132,504,3,205.0,281,291.0,9,B,0.238,0.328,0.049,0.119,0.116,15.8,1.0,66.3,95.2,43.5,F,F,B,A+,C-,60.0,Common,False,False,0,0,0,bbref_war,False,False
tollewa01,tollewa01,Wayne Tolleson,SS,"2B,3B",Big Hair Era (1977-1993),1986,1986,1981,1990,NYY,NYY,2322,559,9,108.0,219,384.0,11,B,0.257,0.32,0.064,0.146,0.084,30.3,3.1,39.5,56.2,51.6,D,F,D+,C+,C,60.0,Common,False,False,0,0,0,bbref_war,False,False
winnihe01,winnihe01,Herm Winningham,CF,LF,Big Hair Era (1977-1993),1988,1985,1984,1992,CIN,CIN,1888,452,19,105.0,157,417.0,10,L,0.241,0.302,0.106,0.201,0.082,10.8,23.9,38.1,61.8,48.4,F,D-,D+,B-,C,60.0,Common,False,False,0,0,0,bbref_war,False,False
bevacku01,bevacku01,Kurt Bevacqua,3B,"1B,2B",Big Hair Era (1977-1993),1980,1977,1971,1985,SDP,SDP,2117,499,27,12.0,221,329.0,17,R,0.251,0.324,0.097,0.114,0.1,28.9,20.0,52.9,15.4,40.3,D,D-,C,F,C-,59.9,Common,False,False,0,0,0,bbref_war,False,False
olsongr02,olsongr02,Greg Olson,C,,Big Hair Era (1977-1993),1991,1990,1989,1993,ATL,ATL,1275,309,20,5.0,137,157.0,5,R,0.242,0.317,0.1,0.11,0.096,21.6,22.5,49.9,12.5,50.4,D-,D-,C,F,C,59.9,Common,True,False,1,0,0,bbref_war,False,False
fermife01,fermife01,Felix Fermin,SS,,Big Hair Era (1977-1993),1990,1989,1987,1996,CLE,CLE,2767,718,4,27.0,166,147.0,10,R,0.266,0.312,0.046,0.049,0.058,48.5,1.0,18.0,27.9,49.7,C,F,F,D,C,59.8,Common,False,False,0,0,0,bbref_war,False,False
hillma01,hillma01,Marc Hill,C,,Big Hair Era (1977-1993),1978,1977,1973,1986,SFG,SFG,1809,404,34,1.0,185,243.0,15,R,0.236,0.312,0.1,0.113,0.099,15.6,23.2,52.8,1.0,61.7,F,D-,C,F,B-,59.8,Common,False,False,0,0,0,bbref_war,False,False
bosetri01,bosetri01,Rick Bosetti,CF,,Big Hair Era (1977-1993),1979,1978,1976,1982,TOR,TOR,1543,385,17,30.0,79,188.0,8,R,0.25,0.288,0.089,0.115,0.048,27.2,16.8,10.2,28.7,57.3,D,F,F,D,C+,59.5,Common,False,False,0,0,0,bbref_war,False,False
riverlu01,riverlu01,Luis Rivera,SS,,Big Hair Era (1977-1993),1993,1991,1986,1998,BOS,BOS,2215,516,28,20.0,171,443.0,11,R,0.243,0.301,0.114,0.18,0.072,14.7,29.5,29.8,21.4,49.6,F,D,D,D-,C,59.4,Common,False,False,0,0,0,bbref_war,False,False
anderda02,anderda02,Dave Anderson,SS,3B,Big Hair Era (1977-1993),1988,1984,1983,1992,LAD,LAD,2026,490,19,49.0,206,331.0,10,R,0.244,0.32,0.072,0.15,0.099,18.7,7.6,52.5,41.2,53.2,F,F,C,C-,C,59.3,Common,False,False,0,0,0,bbref_war,False,False
wrighge03,wrighge03,George Wright,CF,RF,Big Hair Era (1977-1993),1984,1983,1982,1986,TEX,TEX,2160,529,42,19.0,126,314.0,6,B,0.245,0.288,0.116,0.136,0.055,20.5,30.3,15.5,19.4,45.6,D-,D,F,F,C,59.3,Common,False,False,0,0,0,bbref_war,False,False
hoffmgl01,hoffmgl01,Glenn Hoffman,SS,3B,Big Hair Era (1977-1993),1985,1985,1980,1989,BOS,BOS,2163,524,23,5.0,136,309.0,10,R,0.256,0.304,0.091,0.128,0.059,31.6,17.7,19.3,10.7,49.4,D,F,F,F,C,59.2,Common,False,False,0,0,0,bbref_war,False,False
mackape01,mackape01,Pete Mackanin,2B,SS,Big Hair Era (1977-1993),1977,1980,1973,1981,WSH,WSH,1570,355,30,27.0,76,290.0,9,R,0.237,0.275,0.12,0.17,0.049,11.1,32.9,10.7,39.2,47.6,F,D,F,D+,C,59.2,Common,False,False,0,0,0,bbref_war,False,False
newmaje01,newmaje01,Jeff Newman,C,1B,Big Hair Era (1977-1993),1979,1979,1976,1984,OAK,OAK,2123,475,63,7.0,116,369.0,9,R,0.23,0.268,0.138,0.156,0.05,5.3,43.5,11.4,9.4,53.0,F,C-,F,F,C,59.1,Common,True,False,1,0,0,bbref_war,False,False
newmaal01,newmaal01,Al Newman,2B,"3B,SS",Big Hair Era (1977-1993),1988,1989,1985,1992,MIN,MIN,2107,476,1,91.0,236,212.0,8,B,0.231,0.31,0.043,0.091,0.102,12.6,1.0,54.9,52.0,61.3,F,F,C,C,B-,59.0,Common,False,False,0,0,0,bbref_war,False,False
phillmi01,phillmi01,Mike Phillips,SS,"2B,3B",Big Hair Era (1977-1993),1979,1976,1973,1983,STL,STL,1719,412,11,12.0,124,234.0,14,L,0.246,0.301,0.083,0.124,0.071,23.0,12.0,29.1,25.0,52.2,D-,F,D,D,C,58.8,Common,False,False,0,0,0,bbref_war,False,False
wilkecu01,wilkecu01,Curt Wilkerson,SS,"2B,3B",Big Hair Era (1977-1993),1987,1988,1983,1993,TEX,TEX,2452,600,8,81.0,138,403.0,11,B,0.255,0.297,0.061,0.147,0.053,28.4,1.0,13.8,50.2,53.5,D,F,F,C,C,58.6,Common,False,False,0,0,0,bbref_war,False,False
cruzhe01,cruzhe01,Hector Cruz,3B,"LF,RF",Big Hair Era (1977-1993),1979,1980,1973,1982,CHC,CHC,1607,361,39,7.0,176,317.0,11,R,0.226,0.298,0.13,0.174,0.091,1.0,37.6,46.1,15.1,37.5,F,D+,C,F,D+,58.4,Common,False,False,0,0,0,bbref_war,False,False
quinore01,quinore01,Rey Quinones,SS,,Big Hair Era (1977-1993),1988,1988,1986,1989,SEA,SEA,1533,373,29,5.0,89,240.0,6,R,0.243,0.287,0.114,0.146,0.054,18.4,29.8,15.0,7.2,42.7,F,D,F,F,C-,58.4,Common,False,False,0,0,0,bbref_war,False,False
cedenan01,cedenan01,Andujar Cedeno,SS,,Big Hair Era (1977-1993),1993,1993,1990,1996,HOU,HOU,2051,485,47,26.0,143,488.0,9,R,0.236,0.292,0.129,0.219,0.064,4.2,37.3,23.5,28.7,34.9,F,D+,D-,D,D,58.2,Common,False,False,0,0,0,bbref_war,False,False
romered01,romered01,Ed Romero,SS,"2B,3B",Big Hair Era (1977-1993),1983,1977,1977,1990,MIL,MIL,1912,473,8,9.0,140,159.0,14,R,0.253,0.308,0.061,0.072,0.074,34.5,3.5,31.9,22.5,39.1,D,F,D,D-,D+,58.2,Common,False,False,0,0,0,bbref_war,False,False
flynndo01,flynndo01,Doug Flynn,2B,"3B,SS",Big Hair Era (1977-1993),1980,1980,1975,1985,NYM,NYM,3853,918,7,20.0,151,320.0,14,R,0.248,0.281,0.054,0.082,0.045,29.2,1.0,7.5,25.3,58.9,D,F,F,D,C+,58.0,Common,False,False,0,1,2,bbref_war,False,False
melvibo01,melvibo01,Bob Melvin,C,,Big Hair Era (1977-1993),1989,1986,1985,1994,BAL,BAL,1955,456,35,4.0,98,396.0,11,R,0.236,0.271,0.106,0.183,0.049,7.5,26.5,11.0,1.4,63.2,F,D,F,F,B-,58.0,Common,False,False,0,0,0,bbref_war,False,False
picciro01,picciro01,Rob Picciolo,SS,2B,Big Hair Era (1977-1993),1982,1981,1977,1985,OAK,OAK,1628,381,17,9.0,25,254.0,10,R,0.25,0.262,0.086,0.16,0.014,23.4,16.9,1.0,21.9,48.7,D-,F,F,D-,C,58.0,Common,False,False,0,0,0,bbref_war,False,False
cruzto02,cruzto02,Todd Cruz,SS,3B,Big Hair Era (1977-1993),1981,1984,1978,1984,SEA,SEA,1526,336,34,9.0,59,317.0,8,R,0.22,0.251,0.113,0.198,0.037,1.0,30.2,1.0,9.1,63.6,F,D,F,F,B-,57.7,Common,False,False,0,0,0,bbref_war,False,False
bellira01,bellira01,Rafael Belliard,SS,2B,Big Hair Era (1977-1993),1988,1993,1982,1998,PIT,PIT,2301,508,2,43.0,136,384.0,17,R,0.231,0.288,0.032,0.153,0.066,6.9,1.0,24.9,46.9,65.6,F,F,D-,C,B,57.6,Common,False,False,0,0,0,bbref_war,False,False
thomaan01,thomaan01,Andres Thomas,SS,,Big Hair Era (1977-1993),1988,1986,1985,1990,ATL,ATL,2103,493,42,22.0,59,301.0,6,R,0.234,0.255,0.1,0.138,0.027,11.0,23.9,1.0,22.7,45.0,F,D-,F,D-,C,57.3,Common,False,False,0,0,0,bbref_war,False,False
veryzto01,veryzto01,Tom Veryzer,SS,,Big Hair Era (1977-1993),1978,1978,1973,1984,CLE,CLE,2848,687,14,9.0,143,329.0,12,R,0.258,0.296,0.057,0.102,0.043,35.6,1.0,5.6,9.5,47.6,D+,F,F,F,C,57.3,Common,False,False,0,0,0,bbref_war,False,False
jeltzst01,jeltzst01,Steve Jeltz,SS,,Big Hair Era (1977-1993),1986,1989,1983,1990,PHI,PHI,1749,367,5,18.0,248,342.0,8,B,0.213,0.314,0.059,0.169,0.128,1.0,1.0,76.1,29.5,49.7,F,F,B+,D,C,57.0,Common,False,False,0,0,0,bbref_war,False,False
santara01,santara01,Rafael Santana,SS,,Big Hair Era (1977-1993),1986,1986,1983,1990,NYM,NYM,2021,497,13,3.0,138,234.0,7,R,0.246,0.295,0.061,0.108,0.064,24.5,2.4,22.9,3.4,50.5,D-,F,D-,F,C,56.9,Common,False,False,0,0,0,bbref_war,False,False
mckayda01,mckayda01,Dave McKay,2B,3B,Big Hair Era (1977-1993),1979,1981,1975,1982,OAK,OAK,1928,441,21,20.0,86,337.0,8,B,0.234,0.273,0.087,0.163,0.045,8.3,15.6,7.5,28.0,47.7,F,F,F,D,C,56.8,Common,False,False,0,0,0,bbref_war,False,False
lemasjo01,lemasjo01,Johnnie LeMaster,SS,,Big Hair Era (1977-1993),1979,1983,1975,1987,SFG,SFG,3191,709,22,94.0,241,564.0,14,R,0.233,0.289,0.072,0.157,0.072,7.6,7.4,29.9,47.8,37.3,F,F,D,C,D+,56.6,Common,False,False,0,0,0,bbref_war,False,False
swishst01,swishst01,Steve Swisher,C,,Big Hair Era (1977-1993),1978,1978,1974,1982,CHC,CHC,1414,305,20,4.0,118,322.0,9,R,0.222,0.282,0.082,0.208,0.075,1.0,14.4,32.8,3.9,56.2,F,F,D,F,C+,56.5,Common,True,False,1,0,0,bbref_war,False,False
speaktr01,speaktr01,Tris Speaker,CF,,Deadball (1901-1919),1914,1912,1907,1928,BOS,BOS,10195,3514,117,432.0,1381,393.0,22,L,0.37,0.455,0.168,0.032,0.126,125.0,90.4,82.6,56.0,72.1,S,A,A-,C+,B,96.8,Legendary,False,True,0,0,0,bbref_war,False,False
wagneho01,wagneho01,Honus Wagner,SS,"1B,3B,RF",Deadball (1901-1919),1907,1908,1897,1917,PIT,PIT,10439,3420,101,723.0,963,735.0,21,R,0.35,0.418,0.154,0.062,0.095,119.1,80.5,54.8,91.2,89.8,S,A-,C,A,A,96.7,Legendary,False,True,0,0,0,bbref_war,False,False
cobbty01,cobbty01,Ty Cobb,CF,RF,Deadball (1901-1919),1912,1917,1905,1928,DET,DET,11436,4189,117,896.0,1249,680.0,24,L,0.387,0.456,0.159,0.063,0.103,125.0,83.4,62.4,114.4,58.4,S,A-,B-,S,C+,96.5,Legendary,False,True,0,0,0,bbref_war,False,False
jacksjo01,jacksjo01,Shoeless Joe Jackson,RF,"CF,LF",Deadball (1901-1919),1916,1912,1908,1920,CHW,CHW,4981,1772,54,202.0,519,233.0,14,L,0.371,0.436,0.171,0.04,0.093,125.0,91.2,52.8,49.7,50.2,S,A,C,C,C,95.0,Legendary,False,False,0,0,0,bbref_war,False,False
lajoina01,lajoina01,Nap Lajoie,2B,1B,Deadball (1901-1919),1906,1906,1896,1916,CLE,CLE,9590,3243,82,380.0,516,347.0,22,R,0.363,0.408,0.14,0.03,0.059,125.0,72.0,22.5,44.8,95.3,S,B,D-,C-,A+,93.9,Legendary,False,True,0,0,0,bbref_war,False,False
sislege01,sislege01,George Sisler,1B,,Deadball (1901-1919),1919,1920,1915,1930,BAL,BAL,8267,2812,102,375.0,472,327.0,16,L,0.366,0.411,0.154,0.037,0.064,125.0,82.6,27.0,70.7,57.5,S,A-,D,B,C+,93.2,Legendary,False,True,0,0,0,bbref_war,False,False
collied01,collied01,Eddie Collins,2B,,Deadball (1901-1919),1913,1910,1906,1930,OAK,OAK,9949,3315,47,741.0,1499,467.0,25,L,0.345,0.434,0.104,0.049,0.13,116.7,43.1,85.8,92.2,81.0,S,C-,A,A,A-,92.3,Legendary,False,True,0,0,0,bbref_war,False,False
davisge01,davisge01,George Davis,SS,"2B,3B,CF",Deadball (1901-1919),1902,1905,1890,1909,CHW,CHW,9045,2665,73,619.0,874,613.0,20,B,0.312,0.379,0.134,0.06,0.089,85.1,66.4,49.7,70.9,97.9,A,B,C,B,A+,89.7,Legendary,False,True,0,0,0,bbref_war,False,False
dahlebi01,dahlebi01,Bill Dahlen,SS,3B,Deadball (1901-1919),1903,1896,1891,1911,CHC,CHC,9036,2461,84,548.0,1064,759.0,21,R,0.3,0.381,0.129,0.069,0.099,72.7,63.2,58.3,74.9,101.4,B,B-,C+,B,S,88.2,Legendary,False,False,0,0,0,bbref_war,False,False
cravaga01,cravaga01,Gavvy Cravath,RF,LF,Deadball (1901-1919),1915,1915,1908,1920,PHI,PHI,3951,1134,119,89.0,561,578.0,12,R,0.298,0.39,0.201,0.125,0.125,60.1,118.1,81.9,36.3,39.8,B-,S,A-,D+,D+,86.6,Epic,False,False,0,0,0,bbref_war,False,False
donlimi01,donlimi01,Mike Donlin,LF,"1B,CF,RF",Deadball (1901-1919),1904,1905,1899,1914,SFG,SFG,3854,1282,51,213.0,312,311.0,14,L,0.34,0.392,0.142,0.074,0.074,107.4,72.6,36.0,56.8,45.7,S,B,D+,C+,C,86.2,Epic,False,False,0,0,0,bbref_war,False,False
bakerfr01,bakerfr01,Home Run Baker,3B,,Deadball (1901-1919),1912,1912,1908,1922,OAK,OAK,5984,1838,96,235.0,473,344.0,13,L,0.319,0.373,0.144,0.057,0.072,92.1,74.9,34.1,48.8,69.4,A,B,D,C,B,86.1,Epic,False,True,0,0,0,bbref_war,False,False
clarkfr01,clarkfr01,Fred Clarke,LF,,Deadball (1901-1919),1902,1897,1894,1915,PIT,PIT,8584,2678,67,509.0,875,511.0,21,L,0.328,0.406,0.122,0.054,0.095,100.5,56.4,54.7,65.5,65.4,S,C+,C,B,B,86.1,Epic,False,True,0,0,0,bbref_war,False,False
veachbo01,veachbo01,Bobby Veach,LF,,Deadball (1901-1919),1919,1919,1912,1925,DET,DET,6656,2063,64,195.0,571,370.0,16,L,0.323,0.38,0.15,0.054,0.076,96.3,79.3,38.1,41.6,58.2,A+,B+,D+,C-,C+,86.1,Epic,False,False,0,0,0,bbref_war,False,False
crawfsa01,crawfsa01,Sam Crawford,RF,"1B,CF,LF",Deadball (1901-1919),1909,1914,1899,1917,DET,DET,9570,2961,97,366.0,760,580.0,19,L,0.326,0.379,0.151,0.048,0.077,99.7,77.7,39.2,50.6,48.0,A+,B+,D+,C,C,85.9,Epic,False,True,0,0,0,bbref_war,False,False
mageesh01,mageesh01,Sherry Magee,LF,"1B,CF,RF",Deadball (1901-1919),1908,1907,1904,1919,PHI,PHI,7441,2169,83,441.0,736,624.0,17,R,0.306,0.379,0.149,0.077,0.093,76.4,77.8,53.0,78.1,58.0,B+,B+,C,B+,C+,85.5,Epic,False,False,0,0,0,bbref_war,False,False
flickel01,flickel01,Elmer Flick,RF,CF,Deadball (1901-1919),1904,1901,1898,1910,CLE,CLE,5597,1752,48,330.0,597,567.0,14,L,0.319,0.397,0.146,0.094,0.097,85.0,73.5,56.9,65.4,55.2,A,B,C+,B,C+,85.4,Epic,False,True,0,0,0,bbref_war,False,False
kauffbe01,kauffbe01,Benny Kauff,CF,,Deadball (1901-1919),1917,1914,1912,1920,SFG,SFG,3094,961,49,234.0,367,313.0,8,L,0.311,0.388,0.139,0.09,0.105,78.3,72.0,63.6,68.7,47.6,B+,B,B-,B,C,83.9,Epic,False,False,0,0,0,bbref_war,False,False
colliji01,colliji01,Jimmy Collins,3B,,Deadball (1901-1919),1902,1898,1895,1908,BOS,BOS,6795,1999,65,194.0,426,266.0,16,R,0.304,0.35,0.124,0.038,0.057,81.3,60.7,20.9,41.1,92.2,A-,B-,D-,C-,A,83.6,Epic,False,True,0,0,0,bbref_war,False,False
doylela01,doylela01,Larry Doyle,2B,,Deadball (1901-1919),1912,1911,1907,1920,SFG,SFG,6509,1887,74,298.0,625,378.0,15,L,0.303,0.366,0.141,0.048,0.083,78.7,72.5,43.8,59.5,57.2,B+,B,C-,C+,C+,83.6,Epic,False,False,0,0,0,bbref_war,False,False
chancfr01,chancfr01,Frank Chance,1B,C,Deadball (1901-1919),1905,1906,1898,1914,CHC,CHC,4299,1274,20,403.0,556,320.0,17,R,0.305,0.404,0.102,0.061,0.117,78.1,43.0,74.6,88.4,67.0,B+,C-,B,A,B,83.0,Epic,False,True,0,0,0,bbref_war,False,False
sheckji01,sheckji01,Jimmy Sheckard,LF,RF,Deadball (1901-1919),1903,1903,1897,1913,LAD,LAD,7605,2084,56,465.0,1135,849.0,19,L,0.298,0.394,0.114,0.088,0.124,67.4,52.0,81.2,75.0,67.3,B,C,A-,B+,B,82.5,Epic,False,False,0,0,0,bbref_war,False,False
koneted01,koneted01,Ed Konetchy,1B,,Deadball (1901-1919),1911,1911,1907,1921,STL,STL,7649,2150,74,255.0,689,719.0,16,R,0.299,0.373,0.137,0.084,0.098,68.4,68.2,57.3,47.7,65.5,B,B,C+,C,B,82.3,Epic,False,False,0,0,0,bbref_war,False,False
stahlch01,stahlch01,Chick Stahl,CF,"LF,RF",Deadball (1901-1919),1901,1899,1897,1906,BOS,BOS,5069,1546,36,189.0,470,270.0,10,L,0.315,0.381,0.118,0.041,0.087,91.2,54.1,47.8,45.2,58.9,A,C,C,C,C+,82.3,Epic,False,False,0,0,0,bbref_war,False,False
hoopeha01,hoopeha01,Harry Hooper,RF,LF,Deadball (1901-1919),1918,1920,1909,1925,BOS,BOS,8785,2466,75,375.0,1136,582.0,17,L,0.3,0.387,0.12,0.056,0.118,74.5,56.0,75.6,46.6,64.0,B,C+,B+,C,B-,82.1,Epic,False,True,0,0,0,bbref_war,False,False
freembu01,freembu01,Buck Freeman,RF,1B,Deadball (1901-1919),1902,1901,1891,1907,BOS,BOS,4208,1235,82,92.0,272,388.0,11,L,0.297,0.349,0.176,0.085,0.058,66.7,98.1,22.3,42.5,40.7,B,A+,D-,C-,C-,82.0,Epic,False,False,0,0,0,bbref_war,False,False
seymocy01,seymocy01,Cy Seymour,CF,RF,Deadball (1901-1919),1905,1905,1896,1913,CIN,CIN,5686,1724,52,222.0,354,361.0,18,L,0.319,0.368,0.121,0.057,0.065,92.1,58.4,28.1,47.2,55.4,A,C+,D,C,C+,81.9,Epic,False,False,0,0,0,bbref_war,False,False
walketi01,walketi01,Tillie Walker,LF,CF,Deadball (1901-1919),1918,1914,1911,1923,OAK,OAK,5067,1423,118,129.0,416,583.0,13,R,0.287,0.349,0.163,0.101,0.081,54.5,93.0,42.9,35.7,52.1,C,A,C-,D+,C,81.3,Epic,False,False,0,0,0,bbref_war,False,False
barbeje01,barbeje01,Jesse Barber,SS,"1B,CF,RF",Deadball (1901-1919),1913,1922,1910,1924,NLB,NLB,2087,615,10,55.0,151,2.0,18,L,0.323,0.37,0.113,0.0,0.065,101.4,53.5,28.4,33.1,49.2,S,C,D,D,C,81.2,Epic,False,False,0,0,0,bbref_war,False,False
zimmehe01,zimmehe01,Heinie Zimmerman,3B,2B,Deadball (1901-1919),1914,1912,1907,1919,CHC,CHC,5304,1566,58,175.0,242,432.0,14,R,0.305,0.343,0.137,0.079,0.046,75.4,71.1,11.5,41.4,63.2,B+,B,F,C-,B-,80.9,Epic,False,False,0,0,0,bbref_war,False,False
daubeja01,daubeja01,Jake Daubert,1B,,Deadball (1901-1919),1915,1916,1910,1924,LAD,LAD,7673,2326,56,251.0,623,489.0,15,L,0.321,0.378,0.106,0.059,0.077,93.3,46.3,38.8,39.6,55.6,A,C,D+,D+,C+,80.4,Epic,False,False,0,0,0,bbref_war,False,False
schanwa01,schanwa01,Wally Schang,C,LF,Deadball (1901-1919),1919,1919,1913,1931,OAK,OAK,5307,1506,59,121.0,849,573.0,19,B,0.296,0.402,0.113,0.085,0.132,65.9,50.2,87.9,37.7,66.7,B,C,A,D+,B,80.4,Epic,False,False,0,0,0,bbref_war,False,False
mertesa01,mertesa01,Sam Mertes,LF,"2B,CF,RF",Deadball (1901-1919),1901,1904,1896,1906,CHC,CHC,4405,1227,40,396.0,422,378.0,11,R,0.285,0.354,0.13,0.073,0.09,58.0,63.6,50.7,90.4,50.3,C+,B-,C,A,C,80.3,Epic,False,False,0,0,0,bbref_war,False,False
bresnro01,bresnro01,Roger Bresnahan,C,CF,Deadball (1901-1919),1906,1908,1897,1915,SFG,SFG,4481,1252,26,212.0,714,403.0,18,R,0.292,0.406,0.108,0.075,0.144,63.5,47.0,99.0,45.5,63.6,B-,C,A+,C,B-,80.2,Epic,False,True,0,0,0,bbref_war,False,False
gradymi01,gradymi01,Mike Grady,C,1B,Deadball (1901-1919),1901,1899,1894,1906,STL,STL,3008,884,35,114.0,311,276.0,12,R,0.298,0.377,0.143,0.088,0.094,66.6,72.6,53.7,47.8,39.0,B,B,C,C,D+,79.9,Rare,False,False,0,0,0,bbref_war,False,False
stengca01,stengca01,Casey Stengel,RF,CF,Deadball (1901-1919),1919,1922,1912,1925,LAD,LAD,4288,1219,60,131.0,437,453.0,15,L,0.297,0.367,0.139,0.093,0.089,65.6,71.0,49.7,39.2,48.6,B,B,C,D+,C,79.8,Rare,False,False,0,0,0,bbref_war,False,False
tinkejo01,tinkejo01,Joe Tinker,SS,,Deadball (1901-1919),1909,1908,1902,1916,CHC,CHC,6441,1690,31,336.0,416,526.0,15,R,0.278,0.317,0.107,0.081,0.054,50.3,47.5,18.3,56.1,112.7,C,C,F,C+,S,79.7,Rare,False,True,0,0,0,bbref_war,False,False
prattde01,prattde01,Del Pratt,2B,1B,Deadball (1901-1919),1916,1919,1912,1924,BAL,BAL,6826,1996,43,247.0,513,428.0,13,R,0.296,0.347,0.119,0.07,0.069,68.6,56.2,31.6,41.6,71.9,B,C+,D,C-,B,79.6,Rare,False,False,0,0,0,bbref_war,False,False
williji01,williji01,Jimmy Williams,2B,3B,Deadball (1901-1919),1903,1899,1899,1909,NYY,NYY,5485,1508,49,151.0,474,531.0,11,R,0.291,0.352,0.134,0.092,0.08,60.0,66.0,42.0,41.7,65.6,B-,B,C-,C-,B,79.6,Rare,False,False,0,0,0,bbref_war,False,False
beaumgi01,beaumgi01,Ginger Beaumont,CF,,Deadball (1901-1919),1903,1902,1899,1910,PIT,PIT,5660,1759,39,254.0,425,314.0,12,L,0.332,0.379,0.087,0.048,0.065,105.5,33.8,28.2,50.1,45.9,S,D,D,C,C,79.4,Rare,False,False,0,0,0,bbref_war,False,False
eversjo01,eversjo01,Johnny Evers,2B,,Deadball (1901-1919),1909,1912,1902,1929,CHC,CHC,6137,1659,12,324.0,778,293.0,19,L,0.283,0.382,0.074,0.033,0.132,63.0,22.7,88.0,58.2,91.0,B-,D-,A,C+,A,79.3,Rare,False,True,0,0,0,bbref_war,False,False
seyboso01,seyboso01,Socks Seybold,RF,,Deadball (1901-1919),1904,1905,1899,1908,OAK,OAK,3685,1085,51,66.0,293,298.0,9,R,0.299,0.357,0.135,0.072,0.073,71.0,70.3,35.0,33.9,46.5,B,B,D+,D,C,79.3,Rare,False,False,0,0,0,bbref_war,False,False
burnsge01,burnsge01,George Burns,LF,"CF,RF",Deadball (1901-1919),1918,1914,1911,1925,SFG,SFG,7241,2077,41,383.0,872,565.0,15,R,0.29,0.368,0.104,0.074,0.107,62.8,45.1,65.5,64.0,65.5,B-,C,B,B-,B,79.2,Rare,False,False,0,0,0,bbref_war,False,False
leachto01,leachto01,Tommy Leach,CF,3B,Deadball (1901-1919),1907,1902,1898,1918,PIT,PIT,7959,2143,63,361.0,820,666.0,20,R,0.278,0.349,0.122,0.071,0.096,51.8,57.6,55.7,55.9,69.8,C,C+,C+,C+,B,78.0,Rare,False,False,0,0,0,bbref_war,False,False
pippwa01,pippwa01,Wally Pipp,1B,,Deadball (1901-1919),1919,1922,1913,1928,NYY,NYY,6914,1941,90,125.0,596,551.0,15,L,0.281,0.348,0.136,0.088,0.088,52.2,68.8,48.5,37.9,65.1,C,B,C,D+,B,78.0,Rare,False,False,0,0,0,bbref_war,False,False
felscha01,felscha01,Happy Felsch,CF,,Deadball (1901-1919),1918,1920,1915,1920,CHW,CHW,2812,825,38,88.0,207,251.0,6,R,0.293,0.347,0.134,0.082,0.068,63.8,67.9,30.9,37.6,54.8,B-,B,D,D+,C,77.6,Rare,False,False,0,0,0,bbref_war,False,False
grohhe01,grohhe01,Heinie Groh,3B,2B,Deadball (1901-1919),1917,1917,1912,1927,CIN,CIN,6074,1774,26,180.0,696,345.0,17,R,0.297,0.379,0.097,0.049,0.105,72.9,38.9,63.9,35.1,69.7,B,D+,B-,D+,B,77.6,Rare,False,False,0,0,0,bbref_war,False,False
anderjo01,anderjo01,John Anderson,1B,"CF,LF,RF",Deadball (1901-1919),1903,1901,1894,1908,NYY,NYY,6345,1843,50,338.0,310,356.0,17,B,0.297,0.338,0.122,0.053,0.048,72.8,58.5,13.1,54.4,52.8,B,C+,F,C,C,77.2,Rare,False,False,0,0,0,bbref_war,False,False
woodjo02,woodjo02,Smoky Joe Wood,RF,LF,Deadball (1901-1919),1915,1918,1908,1922,BOS,BOS,1952,553,23,23.0,208,265.0,14,R,0.299,0.37,0.138,0.116,0.095,62.1,72.1,54.5,25.6,41.9,B-,B,C,D,C-,77.2,Rare,False,False,0,0,0,bbref_war,False,False
fletcar01,fletcar01,Art Fletcher,SS,,Deadball (1901-1919),1917,1917,1909,1922,SFG,SFG,5541,1534,32,160.0,203,355.0,14,R,0.285,0.329,0.095,0.063,0.037,59.8,39.5,3.2,39.8,112.6,C+,D+,F,D+,S,77.1,Rare,False,False,0,0,0,bbref_war,False,False
wallabo01,wallabo01,Bobby Wallace,SS,3B,Deadball (1901-1919),1905,1901,1894,1918,BAL,BAL,8618,2309,34,201.0,774,560.0,25,R,0.277,0.337,0.096,0.058,0.079,53.4,39.7,40.9,40.4,102.4,C,D+,C-,C-,S,77.1,Rare,False,True,0,0,0,bbref_war,False,False
bradlbi01,bradlbi01,Bill Bradley,3B,,Deadball (1901-1919),1904,1903,1899,1915,CLE,CLE,5430,1471,34,181.0,290,531.0,14,R,0.292,0.334,0.119,0.087,0.046,61.5,57.0,11.6,44.6,75.7,B-,C+,F,C-,B+,77.0,Rare,False,False,0,0,0,bbref_war,False,False
gardnla01,gardnla01,Larry Gardner,3B,2B,Deadball (1901-1919),1917,1912,1908,1924,BOS,BOS,6688,1931,27,165.0,654,434.0,17,L,0.296,0.367,0.097,0.064,0.096,69.2,39.4,56.0,33.4,73.9,B,D+,C+,D,B,77.0,Rare,False,False,0,0,0,bbref_war,False,False
hickmch01,hickmch01,Charlie Hickman,1B,"2B,3B,RF",Deadball (1901-1919),1904,1902,1897,1908,CLE,CLE,3982,1176,59,72.0,153,396.0,16,R,0.3,0.335,0.153,0.09,0.037,68.2,82.5,3.0,38.1,35.3,B,A-,F,D+,D+,77.0,Rare,False,False,0,0,0,bbref_war,False,False
schulfr01,schulfr01,Frank Schulte,RF,LF,Deadball (1901-1919),1911,1911,1904,1918,CHC,CHC,6533,1766,92,233.0,545,757.0,17,L,0.283,0.347,0.142,0.104,0.082,50.6,74.8,43.5,42.8,49.6,C,B,C-,C-,C,76.9,Rare,False,False,0,0,0,bbref_war,False,False
mcganda01,mcganda01,Dan McGann,1B,,Deadball (1901-1919),1902,1898,1896,1908,SFG,SFG,5226,1482,42,282.0,429,334.0,14,B,0.295,0.375,0.109,0.058,0.068,69.6,48.1,30.5,56.5,60.5,B,C,D,C+,B-,76.8,Rare,False,False,0,0,0,bbref_war,False,False
peckiro01,peckiro01,Roger Peckinpaugh,SS,,Deadball (1901-1919),1918,1919,1910,1927,NYY,NYY,7233,1876,48,205.0,814,670.0,18,R,0.276,0.36,0.092,0.072,0.113,50.4,37.5,71.3,34.2,95.3,C,D+,B,D,A+,76.8,Rare,False,False,0,0,0,bbref_war,False,False
murphda02,murphda02,Danny Murphy,RF,2B,Deadball (1901-1919),1907,1905,1900,1915,OAK,OAK,5399,1563,44,193.0,335,327.0,16,R,0.291,0.339,0.125,0.053,0.059,67.1,60.8,22.9,45.5,53.5,B,B-,D-,C,C,76.7,Rare,False,False,0,0,0,bbref_war,False,False
davisha01,davisha01,Harry Davis,1B,,Deadball (1901-1919),1906,1905,1895,1917,OAK,OAK,6653,1841,75,285.0,525,644.0,25,R,0.279,0.338,0.137,0.099,0.075,48.5,71.4,36.8,50.1,54.8,C,B,D+,C,C,76.5,Rare,False,False,0,0,0,bbref_war,False,False
rothbr01,rothbr01,Braggo Roth,RF,CF,Deadball (1901-1919),1917,1917,1914,1921,CLE,CLE,2831,804,30,189.0,335,389.0,10,R,0.284,0.367,0.133,0.122,0.104,48.5,64.6,63.3,70.1,36.7,C,B-,B-,B,D+,75.9,Rare,False,False,0,0,0,bbref_war,False,False
strunam01,strunam01,Amos Strunk,CF,"LF,RF",Deadball (1901-1919),1915,1916,1908,1924,OAK,OAK,4999,1418,15,185.0,573,453.0,20,L,0.299,0.374,0.104,0.084,0.105,68.6,43.5,63.6,40.7,53.0,B,C-,B-,C-,C,75.9,Rare,False,False,0,0,0,bbref_war,False,False
klingjo01,klingjo01,Johnny Kling,C,,Deadball (1901-1919),1907,1908,1900,1913,CHC,CHC,4246,1154,20,124.0,281,327.0,14,R,0.291,0.339,0.099,0.072,0.063,63.8,42.1,26.4,44.0,76.3,B-,C-,D,C-,B+,75.6,Rare,False,False,0,0,0,bbref_war,False,False
mcfared01,mcfared01,Ed McFarland,C,,Deadball (1901-1919),1901,1899,1893,1908,PHI,PHI,3007,826,13,65.0,254,174.0,15,R,0.294,0.357,0.096,0.052,0.084,69.7,39.7,45.2,34.9,65.7,B,D+,C,D,B,75.5,Rare,False,False,0,0,0,bbref_war,False,False
oneilst01,o'neist01,Steve O'Neill,C,,Deadball (1901-1919),1919,1920,1911,1928,CLE,CLE,4795,1259,13,30.0,592,414.0,17,R,0.289,0.375,0.096,0.066,0.112,62.6,40.0,70.2,21.0,70.2,B-,C-,B,D-,B,75.5,Rare,False,False,0,0,0,bbref_war,False,False
hartsto01,hartsto01,Topsy Hartsel,LF,,Deadball (1901-1919),1905,1901,1898,1911,OAK,OAK,4848,1336,31,247.0,837,551.0,14,L,0.283,0.391,0.103,0.086,0.149,54.2,43.2,103.4,56.8,40.6,C,C-,S,C+,C-,75.1,Rare,False,False,0,0,0,bbref_war,False,False
heidrem01,heidrem01,Emmet Heidrick,CF,RF,Deadball (1901-1919),1901,1901,1898,1908,BAL,BAL,3047,914,16,186.0,146,202.0,8,L,0.303,0.337,0.099,0.059,0.047,76.3,41.2,11.8,63.9,52.4,B+,C-,F,B-,C,75.1,Rare,False,False,0,0,0,bbref_war,False,False
chaseha01,chaseha01,Hal Chase,1B,,Deadball (1901-1919),1911,1916,1905,1919,NYY,NYY,7417,2158,57,363.0,276,660.0,17,R,0.307,0.332,0.114,0.082,0.033,76.4,53.9,1.0,56.9,39.5,B+,C,F,C+,D+,74.8,Rare,False,False,0,0,0,bbref_war,False,False
luderfr01,luderfr01,Fred Luderus,1B,,Deadball (1901-1919),1916,1915,1909,1920,PHI,PHI,4851,1344,84,55.0,414,429.0,13,L,0.285,0.348,0.126,0.078,0.08,57.5,64.2,41.2,28.2,46.4,C+,B-,C-,D,C,74.8,Rare,False,False,0,0,0,bbref_war,False,False
maranra01,maranra01,Rabbit Maranville,SS,2B,Deadball (1901-1919),1917,1916,1912,1935,ATL,ATL,10078,2605,28,291.0,839,756.0,23,R,0.267,0.322,0.092,0.073,0.072,41.6,35.6,34.6,48.9,105.7,C-,D+,D,C,S,74.7,Rare,False,True,0,0,0,bbref_war,False,False
meyerch01,meyerch01,Jack Meyers,C,,Deadball (1901-1919),1912,1912,1909,1917,SFG,SFG,2834,826,14,44.0,274,174.0,10,R,0.301,0.376,0.089,0.055,0.086,75.7,35.0,47.0,29.0,58.8,B+,D+,C,D,C+,74.7,Rare,False,False,0,0,0,bbref_war,False,False
saiervi01,saiervi01,Vic Saier,1B,,Deadball (1901-1919),1914,1914,1911,1919,CHC,CHC,2948,775,55,121.0,378,369.0,8,L,0.263,0.351,0.147,0.111,0.113,31.5,77.1,71.1,47.7,41.0,D,B+,B,C,C-,74.7,Rare,False,False,0,0,0,bbref_war,False,False
merklfr01,merklfr01,Fred Merkle,1B,,Deadball (1901-1919),1914,1911,1907,1926,SFG,SFG,5782,1580,61,272.0,454,645.0,18,R,0.285,0.344,0.119,0.104,0.075,52.9,58.1,37.4,56.2,48.7,C,C+,D+,C+,C,74.6,Rare,False,False,0,0,0,bbref_war,False,False
mcinnst01,mcinnst01,Stuffy McInnis,1B,,Deadball (1901-1919),1914,1912,1909,1927,OAK,OAK,7822,2405,20,172.0,380,251.0,19,R,0.314,0.355,0.074,0.043,0.054,89.8,24.2,17.9,38.3,62.5,A,D-,F,D+,B-,74.5,Rare,False,False,0,0,0,bbref_war,False,False
milancl01,milancl01,Clyde Milan,CF,"LF,RF",Deadball (1901-1919),1912,1912,1907,1922,MIN,MIN,7359,2100,17,495.0,685,407.0,16,L,0.297,0.37,0.068,0.05,0.094,73.3,18.8,53.7,83.5,55.0,B,F,C,A-,C+,74.5,Rare,False,False,0,0,0,bbref_war,False,False
thomaro01,thomaro01,Roy Thomas,CF,,Deadball (1901-1919),1903,1903,1899,1911,PHI,PHI,5296,1537,7,244.0,1042,521.0,14,L,0.31,0.435,0.036,0.083,0.168,79.3,1.0,120.5,44.0,58.8,B+,F,S,C-,C+,74.5,Rare,False,False,0,0,0,bbref_war,False,False
chapmra01,chapmra01,Ray Chapman,SS,,Deadball (1901-1919),1917,1917,1912,1920,CLE,CLE,3785,1053,17,233.0,452,427.0,9,R,0.282,0.361,0.103,0.098,0.105,50.8,43.2,63.7,66.7,54.7,C,C-,B-,B,C,74.4,Rare,False,False,0,0,0,bbref_war,False,False
tennefr02,tennefr02,Fred Tenney,1B,,Deadball (1901-1919),1904,1899,1894,1911,ATL,ATL,7595,2231,22,285.0,874,484.0,17,L,0.298,0.383,0.067,0.067,0.111,71.3,18.0,69.4,38.7,71.4,B,F,B,D+,B,74.2,Rare,False,False,0,0,0,bbref_war,False,False
campbvi01,campbvi01,Vin Campbell,CF,RF,Deadball (1901-1919),1912,1910,1908,1915,PIT,PIT,2069,642,15,92.0,132,156.0,6,L,0.31,0.357,0.098,0.07,0.059,80.8,41.9,23.2,45.8,39.4,A-,C-,D-,C,D+,74.1,Rare,False,False,0,0,0,bbref_war,False,False
beckebe01,beckebe01,Beals Becker,RF,"CF,LF",Deadball (1901-1919),1912,1913,1908,1915,SFG,SFG,2764,763,45,129.0,241,347.0,10,L,0.279,0.341,0.13,0.115,0.084,45.3,66.6,45.1,47.6,41.3,C,B,C,C,C-,73.8,Rare,False,False,0,0,0,bbref_war,False,False
murrare01,murrare01,Red Murray,RF,"CF,LF",Deadball (1901-1919),1910,1908,1906,1917,SFG,SFG,4334,1170,37,321.0,299,381.0,12,R,0.274,0.328,0.119,0.088,0.065,45.8,55.7,28.1,83.2,47.6,C,C+,D,A-,C,73.8,Rare,False,False,0,0,0,bbref_war,False,False
wilsoch01,wilsoch01,Owen Wilson,RF,CF,Deadball (1901-1919),1912,1912,1908,1916,PIT,PIT,4624,1246,59,98.0,241,539.0,9,L,0.278,0.32,0.136,0.108,0.05,45.9,69.1,14.9,36.4,58.1,C,B,F,D+,C+,73.8,Rare,False,False,0,0,0,bbref_war,False,False
paskedo01,paskedo01,Dode Paskert,CF,LF,Deadball (1901-1919),1913,1910,1907,1921,PHI,PHI,6017,1613,42,293.0,715,784.0,15,R,0.282,0.367,0.102,0.11,0.112,49.1,44.1,70.0,48.4,55.5,C,C-,B,C,C+,73.6,Rare,False,False,0,0,0,bbref_war,False,False
wilsoar01,wilsoar01,Art Wilson,C,,Deadball (1901-1919),1916,1914,1908,1921,CHC,CHC,2056,536,24,50.0,292,295.0,15,R,0.272,0.373,0.113,0.122,0.132,37.4,54.1,87.8,33.2,56.2,D+,C,A,D,C+,73.6,Rare,False,False,0,0,0,bbref_war,False,False
creebi01,creebi01,Birdie Cree,LF,CF,Deadball (1901-1919),1911,1911,1908,1915,NYY,NYY,2603,761,11,132.0,269,274.0,8,R,0.293,0.369,0.107,0.093,0.093,61.7,45.9,52.8,47.4,41.6,B-,C,C,C,C-,73.5,Rare,False,False,0,0,0,bbref_war,False,False
cooledu01,cooledu01,Duff Cooley,LF,"1B,CF",Deadball (1901-1919),1902,1895,1893,1905,ATL,ATL,5368,1579,26,224.0,366,366.0,14,L,0.302,0.35,0.095,0.066,0.066,74.4,38.2,29.3,46.1,46.4,B,D+,D,C,C,73.4,Rare,False,False,0,0,0,bbref_war,False,False
flackma01,flackma01,Max Flack,RF,LF,Deadball (1901-1919),1919,1915,1914,1925,CHC,CHC,5252,1461,35,200.0,474,253.0,13,L,0.288,0.349,0.096,0.035,0.08,67.5,40.2,41.2,42.1,49.1,B,C-,C-,C-,C,73.4,Rare,False,False,0,0,0,bbref_war,False,False
bodiepi01,bodiepi01,Ping Bodie,CF,"LF,RF",Deadball (1901-1919),1917,1917,1911,1921,NYY,NYY,3670,1011,43,83.0,312,381.0,9,R,0.283,0.343,0.125,0.095,0.08,52.2,61.6,41.2,31.0,45.3,C,B-,C-,D,C,73.3,Rare,False,False,0,0,0,bbref_war,False,False
griffto01,griffto01,Tommy Griffith,RF,,Deadball (1901-1919),1919,1921,1913,1925,LAD,LAD,4947,1383,52,70.0,351,262.0,14,L,0.291,0.339,0.115,0.048,0.065,68.1,54.9,27.9,28.9,39.3,B,C,D,D,D+,73.3,Rare,False,False,0,0,0,bbref_war,False,False
parenfr01,parenfr01,Freddy Parent,SS,CF,Deadball (1901-1919),1904,1903,1899,1911,BOS,BOS,4984,1306,20,184.0,333,337.0,12,R,0.278,0.326,0.087,0.053,0.055,55.0,33.0,19.7,45.9,86.9,C+,D,F,C,A,73.3,Rare,False,False,0,0,0,bbref_war,False,False
holmedu01,holmedu01,Ducky Holmes,LF,RF,Deadball (1901-1919),1901,1899,1895,1905,DET,DET,3605,1014,17,236.0,236,304.0,13,L,0.297,0.352,0.092,0.076,0.06,68.4,36.5,24.0,62.6,50.5,B,D+,D-,B-,C,73.2,Rare,False,False,0,0,0,bbref_war,False,False
stockmi01,stockmi01,Milt Stock,3B,2B,Deadball (1901-1919),1919,1919,1913,1926,STL,STL,6249,1806,22,155.0,455,321.0,14,R,0.302,0.351,0.079,0.046,0.069,78.7,27.8,31.6,34.5,58.3,B+,D,D,D,C+,73.2,Rare,False,False,0,0,0,bbref_war,False,False
mitchmi01,mitchmi01,Mike Mitchell,RF,"CF,LF",Deadball (1901-1919),1911,1909,1907,1914,CIN,CIN,4095,1138,27,202.0,368,403.0,10,R,0.284,0.344,0.107,0.085,0.08,55.2,46.0,41.6,57.2,48.8,C+,C,C-,C+,C,73.1,Rare,False,False,0,0,0,bbref_war,False,False
roberda01,roberda01,Dave Robertson,RF,LF,Deadball (1901-1919),1916,1916,1912,1922,SFG,SFG,2830,812,47,94.0,113,262.0,11,L,0.29,0.321,0.125,0.087,0.039,59.8,64.0,4.8,36.5,42.7,C+,B-,F,D+,C-,73.0,Rare,False,False,0,0,0,bbref_war,False,False
evansst01,evansst01,Steve Evans,RF,,Deadball (1901-1919),1912,1914,1908,1915,STL,STL,3359,963,32,86.0,359,353.0,9,L,0.287,0.374,0.121,0.092,0.094,56.1,56.8,53.9,37.6,33.5,C+,C+,C,D+,D,72.9,Rare,False,False,0,0,0,bbref_war,False,False
greenda01,greenda01,Danny Green,RF,CF,Deadball (1901-1919),1902,1903,1898,1905,CHW,CHW,3484,1021,29,192.0,315,386.0,8,L,0.292,0.36,0.097,0.102,0.084,59.1,39.9,45.5,55.2,49.5,C+,D+,C,C+,C,72.9,Rare,False,False,0,0,0,bbref_war,False,False
hoblidi01,hoblidi01,Dick Hoblitzell,1B,,Deadball (1901-1919),1912,1909,1908,1918,CIN,CIN,4706,1310,27,173.0,407,321.0,12,L,0.286,0.344,0.106,0.057,0.076,61.6,46.7,37.9,43.1,45.9,B-,C,D+,C-,C,72.9,Rare,False,False,0,0,0,bbref_war,False,False
titusjo01,titusjo01,John Titus,RF,LF,Deadball (1901-1919),1907,1905,1903,1913,PHI,PHI,4960,1401,38,140.0,620,389.0,12,L,0.287,0.376,0.099,0.067,0.106,61.1,41.0,64.8,39.1,43.6,B-,C-,B-,D+,C-,72.9,Rare,False,False,0,0,0,bbref_war,False,False
ritchcl01,ritchcl01,Claude Ritchey,2B,SS,Deadball (1901-1919),1904,1906,1897,1909,PIT,PIT,5923,1619,18,155.0,607,290.0,13,B,0.281,0.36,0.071,0.043,0.099,59.8,21.3,58.1,35.3,79.6,C+,D-,C+,D+,B+,72.8,Rare,False,False,0,0,0,bbref_war,False,False
smithre02,smithre02,Red Smith,3B,,Deadball (1901-1919),1915,1913,1911,1919,ATL,ATL,3907,1087,27,117.0,420,415.0,10,R,0.281,0.355,0.104,0.096,0.095,50.4,46.0,54.7,40.5,53.7,C,C,C,C-,C,72.6,Rare,False,False,0,0,0,bbref_war,False,False
herzobu01,herzobu01,Buck Herzog,SS,"2B,3B",Deadball (1901-1919),1914,1914,1908,1920,SFG,SFG,5284,1370,20,320.0,427,331.0,16,R,0.275,0.345,0.081,0.052,0.077,52.2,28.0,39.2,66.5,71.8,C,D,D+,B,B,72.5,Rare,False,False,0,0,0,bbref_war,False,False
loberha01,loberha01,Hans Lobert,3B,SS,Deadball (1901-1919),1910,1908,1903,1917,CIN,CIN,4563,1252,32,316.0,395,302.0,14,R,0.285,0.347,0.096,0.06,0.08,60.5,39.0,41.4,73.1,38.8,B-,D+,C-,B,D+,72.5,Rare,False,False,0,0,0,bbref_war,False,False
snodgfr01,snodgfr01,Fred Snodgrass,CF,LF,Deadball (1901-1919),1912,1910,1908,1916,SFG,SFG,3101,852,11,212.0,386,365.0,10,R,0.282,0.373,0.09,0.102,0.109,50.2,34.7,67.1,64.5,51.9,C,D,B,B-,C,72.5,Rare,False,False,0,0,0,bbref_war,False,False
gainede01,gainede01,Del Gainer,1B,,Deadball (1901-1919),1915,1915,1909,1922,BOS,BOS,1608,438,14,54.0,149,219.0,11,R,0.28,0.348,0.124,0.128,0.082,43.6,60.6,43.2,35.4,49.0,C-,B-,C-,D+,C,72.4,Rare,False,False,0,0,0,bbref_war,False,False
hofmaso01,hofmaso01,Solly Hofman,CF,"1B,2B,LF,RF",Deadball (1901-1919),1908,1910,1903,1916,CHC,CHC,4072,1095,19,208.0,421,323.0,16,R,0.281,0.352,0.089,0.071,0.095,54.2,34.4,55.1,52.3,57.7,C,D,C+,C,C+,72.4,Rare,False,False,0,0,0,bbref_war,False,False
lewisdu01,lewisdu01,Duffy Lewis,LF,,Deadball (1901-1919),1913,1917,1910,1921,BOS,BOS,5351,1518,38,113.0,352,546.0,11,R,0.292,0.344,0.111,0.1,0.066,59.3,51.1,29.4,26.7,50.4,C+,C,D,D,C,72.3,Rare,False,False,0,0,0,bbref_war,False,False
steinha01,steinha01,Harry Steinfeldt,3B,2B,Deadball (1901-1919),1907,1906,1898,1911,CHC,CHC,5900,1578,27,202.0,471,479.0,14,R,0.275,0.336,0.097,0.08,0.073,47.7,40.7,35.5,41.3,72.9,C,C-,D+,C-,B,72.3,Rare,False,False,0,0,0,bbref_war,False,False
stonege01,stonege01,George Stone,LF,,Deadball (1901-1919),1907,1906,1903,1910,BAL,BAL,3271,984,23,132.0,282,425.0,7,L,0.301,0.36,0.095,0.119,0.079,64.3,38.5,40.5,45.6,45.4,B-,D+,C-,C,C,72.2,Rare,False,False,0,0,0,bbref_war,False,False
elberki01,elberki01,Kid Elberfeld,SS,"2B,3B",Deadball (1901-1919),1906,1904,1898,1914,NYY,NYY,4561,1235,10,213.0,427,166.0,15,R,0.283,0.365,0.076,0.031,0.085,63.7,25.0,45.6,47.4,62.8,B-,D,C,C,B-,72.1,Rare,False,False,0,0,0,bbref_war,False,False
myershy01,myershy01,Hi Myers,CF,,Deadball (1901-1919),1919,1920,1909,1925,LAD,LAD,4910,1380,32,107.0,195,362.0,16,R,0.289,0.321,0.111,0.066,0.041,62.8,49.9,6.3,36.4,51.0,B-,C,F,D+,C,72.0,Rare,False,False,0,0,0,bbref_war,False,False
batesjo02,batesjo02,Johnny Bates,CF,"LF,RF",Deadball (1901-1919),1911,1911,1906,1914,CIN,CIN,3913,1087,25,187.0,503,428.0,12,L,0.28,0.371,0.102,0.099,0.114,48.6,43.3,71.8,52.5,40.3,C,C-,B,C,C-,71.9,Uncommon,False,False,0,0,0,bbref_war,False,False
walshji01,walshji01,Jimmy Walsh,3B,2B,Deadball (1901-1919),1912,1914,1910,1915,PHI,PHI,1571,447,25,45.0,101,197.0,7,R,0.285,0.332,0.119,0.117,0.06,49.3,60.7,23.7,34.9,46.3,C,B-,D-,D,C,71.9,Uncommon,False,False,0,0,0,bbref_war,False,False
gowdyha01,gowdyha01,Hank Gowdy,C,,Deadball (1901-1919),1919,1915,1910,1930,ATL,ATL,2735,738,21,59.0,311,247.0,19,R,0.27,0.354,0.084,0.078,0.105,43.2,33.0,64.1,34.5,75.7,C-,D,B-,D,B+,71.8,Uncommon,False,False,0,0,0,bbref_war,False,False
eastete01,eastete01,Ted Easterly,C,RF,Deadball (1901-1919),1912,1914,1909,1915,CLE,CLE,2020,607,8,42.0,107,145.0,8,L,0.3,0.338,0.093,0.068,0.05,72.4,38.0,14.9,31.0,50.6,B,D+,F,D,C,71.7,Uncommon,False,False,0,0,0,bbref_war,False,False
jonesfi01,jonesfi01,Fielder Jones,CF,RF,Deadball (1901-1919),1905,1905,1896,1915,CHW,CHW,6747,1920,21,359.0,817,422.0,15,L,0.279,0.372,0.061,0.055,0.121,56.1,14.1,77.7,47.1,71.2,C+,F,B+,C,B,71.7,Uncommon,False,False,0,0,0,bbref_war,False,False
cutshge01,cutshge01,George Cutshaw,2B,,Deadball (1901-1919),1916,1913,1912,1923,LAD,LAD,5621,1487,25,271.0,300,242.0,12,R,0.272,0.314,0.091,0.041,0.053,51.6,36.4,17.7,61.9,66.3,C,D+,F,B-,B,71.6,Uncommon,False,False,0,0,0,bbref_war,False,False
devliar01,devliar01,Art Devlin,3B,1B,Deadball (1901-1919),1907,1906,1904,1913,SFG,SFG,4412,1185,10,285.0,576,345.0,10,R,0.268,0.364,0.068,0.067,0.113,43.7,18.6,70.6,67.5,75.5,C-,F,B,B,B+,71.6,Uncommon,False,False,0,0,0,bbref_war,False,False
lumleha01,lumleha01,Harry Lumley,RF,,Deadball (1901-1919),1907,1906,1904,1910,LAD,LAD,2653,728,38,110.0,204,394.0,7,L,0.274,0.328,0.134,0.137,0.071,37.0,67.6,33.7,50.7,38.9,D+,B,D,C,D+,71.6,Uncommon,False,False,0,0,0,bbref_war,False,False
menosmi01,menosmi01,Mike Menosky,LF,,Deadball (1901-1919),1919,1917,1914,1923,BOS,BOS,2465,685,18,90.0,295,290.0,9,L,0.284,0.371,0.093,0.102,0.107,51.7,38.3,65.3,41.7,49.9,C,D+,B,C-,C,71.6,Uncommon,False,False,0,0,0,bbref_war,False,False
milledo02,milledo02,Dots Miller,1B,"2B,SS",Deadball (1901-1919),1913,1909,1909,1921,PIT,PIT,5805,1526,32,177.0,391,503.0,12,R,0.271,0.325,0.107,0.083,0.066,43.6,47.2,29.0,43.0,65.2,C-,C,D,C-,B,71.5,Uncommon,False,False,0,0,0,bbref_war,False,False
milledo03,milledo03,Doc Miller,RF,,Deadball (1901-1919),1912,1911,1910,1914,ATL,ATL,1717,507,12,64.0,121,149.0,7,L,0.295,0.343,0.094,0.081,0.066,65.3,41.4,28.8,39.4,42.4,B,C-,D,D+,C-,71.4,Uncommon,False,False,0,0,0,bbref_war,False,False
evansjo01,evansjo01,Joe Evans,LF,"3B,CF",Deadball (1901-1919),1919,1920,1915,1925,CLE,CLE,2043,529,3,67.0,212,152.0,11,R,0.288,0.355,0.083,0.056,0.092,63.2,30.7,52.1,39.6,48.9,B-,D,C,D+,C,71.3,Uncommon,False,False,0,0,0,bbref_war,False,False
gandich01,gandich01,Chick Gandil,1B,,Deadball (1901-1919),1915,1913,1910,1919,MIN,MIN,4245,1176,11,153.0,273,316.0,9,R,0.284,0.334,0.094,0.065,0.06,58.9,37.0,23.4,41.5,58.7,C+,D+,D-,C-,C+,71.2,Uncommon,False,False,0,0,0,bbref_war,False,False
huggimi01,huggimi01,Miller Huggins,2B,,Deadball (1901-1919),1910,1906,1904,1916,STL,STL,5558,1474,9,324.0,1003,556.0,13,B,0.277,0.398,0.052,0.076,0.159,50.2,7.0,112.0,50.4,66.7,C,F,S,C,B,71.1,Uncommon,False,False,0,0,0,bbref_war,False,False
mccarja01,mccarja01,Jack McCarthy,LF,"CF,RF",Deadball (1901-1919),1901,1899,1893,1907,CLE,CLE,4200,1205,8,145.0,268,158.0,13,L,0.294,0.338,0.086,0.036,0.058,72.4,32.3,21.8,43.7,43.4,B,D,D-,C-,C-,71.0,Uncommon,False,False,0,0,0,bbref_war,False,False
beschbo01,beschbo01,Bob Bescher,LF,CF,Deadball (1901-1919),1912,1912,1908,1918,CIN,CIN,4536,1171,28,428.0,619,549.0,11,B,0.259,0.355,0.095,0.105,0.12,28.6,37.8,77.6,97.5,44.8,D,D+,B+,A+,C-,70.9,Uncommon,False,False,0,0,0,bbref_war,False,False
shawal02,shawal02,Al Shaw,CF,LF,Deadball (1901-1919),1909,1914,1907,1915,STL,STL,1547,434,14,64.0,173,241.0,5,L,0.281,0.353,0.111,0.14,0.101,41.8,51.5,59.9,43.9,40.1,C-,C,C+,C-,C-,70.9,Uncommon,False,False,0,0,0,bbref_war,False,False
barreji01,barreji01,Jimmy Barrett,CF,LF,Deadball (1901-1919),1902,1903,1899,1908,DET,DET,3306,962,16,143.0,440,427.0,10,L,0.293,0.381,0.07,0.113,0.117,58.4,20.2,74.7,45.3,51.6,C+,D-,B,C,C,70.6,Uncommon,False,False,0,0,0,bbref_war,False,False
oldriru01,oldriru01,Rube Oldring,CF,LF,Deadball (1901-1919),1912,1910,1905,1918,OAK,OAK,4690,1268,27,197.0,206,407.0,14,R,0.286,0.32,0.103,0.076,0.039,58.8,45.5,5.1,49.5,46.2,C+,C,F,C,C,70.6,Uncommon,False,False,0,0,0,bbref_war,False,False
schalra01,schalra01,Ray Schalk,C,,Deadball (1901-1919),1917,1915,1912,1929,CHW,CHW,5306,1345,11,177.0,638,358.0,18,R,0.261,0.352,0.065,0.054,0.114,39.7,17.5,72.1,44.2,85.5,D+,F,B,C-,A,70.5,Uncommon,False,True,0,0,0,bbref_war,False,False
wolteha01,wolteha01,Harry Wolter,RF,CF,Deadball (1901-1919),1911,1911,1907,1917,NYY,NYY,1907,514,12,95.0,268,228.0,9,L,0.27,0.365,0.099,0.104,0.122,38.5,40.9,79.2,50.0,44.5,D+,C-,B+,C,C-,70.4,Uncommon,False,False,0,0,0,bbref_war,False,False
collish01,collish01,Shano Collins,RF,"1B,CF,LF",Deadball (1901-1919),1914,1914,1910,1925,CHW,CHW,6390,1687,22,225.0,331,575.0,16,R,0.272,0.318,0.107,0.081,0.054,44.8,46.5,18.5,46.1,57.9,C-,C,F,C,C+,70.3,Uncommon,False,False,0,0,0,bbref_war,False,False
shottbu01,shottbu01,Burt Shotton,CF,"LF,RF",Deadball (1901-1919),1915,1913,1909,1923,BAL,BAL,4945,1338,9,293.0,713,529.0,14,L,0.281,0.38,0.069,0.087,0.134,52.2,18.9,89.3,53.7,49.1,C,F,A,C,C,70.3,Uncommon,False,False,0,0,0,bbref_war,False,False
laporfr01,laporfr01,Frank LaPorte,2B,"3B,RF",Deadball (1901-1919),1911,1911,1905,1915,NYY,NYY,4212,1185,15,101.0,288,369.0,13,R,0.29,0.338,0.1,0.09,0.061,59.9,42.4,24.7,35.5,42.0,C+,C-,D-,D+,C-,70.1,Uncommon,False,False,0,0,0,bbref_war,False,False
wingoiv01,wingoiv01,Ivey Wingo,C,,Deadball (1901-1919),1917,1916,1911,1929,CIN,CIN,4003,1039,25,87.0,264,285.0,17,L,0.265,0.313,0.102,0.064,0.064,41.2,43.8,27.1,37.4,66.2,C-,C-,D,D+,B,70.1,Uncommon,False,False,0,0,0,bbref_war,False,False
mageele01,mageele01,Lee Magee,2B,"CF,LF",Deadball (1901-1919),1915,1918,1911,1919,STL,STL,3741,1031,12,186.0,265,208.0,11,B,0.284,0.334,0.081,0.049,0.067,61.7,28.9,30.4,49.1,49.6,B-,D,D,C,C,70.0,Uncommon,False,False,0,0,0,bbref_war,False,False
weavebu01,weavebu01,Buck Weaver,SS,3B,Deadball (1901-1919),1917,1913,1912,1920,CHW,CHW,4809,1308,21,172.0,183,377.0,9,B,0.286,0.32,0.084,0.066,0.037,60.2,31.5,3.2,41.4,65.5,B-,D,F,C-,B,70.0,Uncommon,False,False,0,0,0,bbref_war,False,False
millewa02,millewa02,Ward Miller,LF,"CF,RF",Deadball (1901-1919),1913,1915,1909,1917,NLB,NLB,2244,623,8,128.0,318,244.0,9,L,0.282,0.377,0.074,0.09,0.121,51.9,23.9,77.8,46.1,49.1,C,D-,B+,C,C,69.0,Uncommon,False,False,0,0,0,bbref_war,False,False
fosteed02,fosteed02,Eddie Foster,3B,2B,Deadball (1901-1919),1916,1912,1910,1923,MIN,MIN,5652,1490,6,195.0,528,316.0,14,R,0.275,0.342,0.069,0.049,0.089,53.0,19.7,49.3,47.4,66.8,C,F,C,C,B,68.9,Uncommon,False,False,0,0,0,bbref_war,False,False
jordati01,jordati01,Tim Jordan,1B,,Deadball (1901-1919),1907,1907,1901,1910,LAD,LAD,1813,474,32,48.0,254,265.0,7,L,0.261,0.355,0.12,0.128,0.122,27.1,59.4,79.3,35.1,37.3,D,C+,B+,D+,D+,68.9,Uncommon,False,False,0,0,0,bbref_war,False,False
gleaski01,gleaski01,Kid Gleason,2B,,Deadball (1901-1919),1901,1896,1888,1912,PHI,PHI,7459,1946,15,329.0,501,408.0,23,B,0.285,0.334,0.07,0.046,0.063,62.6,20.7,26.5,52.8,57.6,B-,D-,D,C,C+,68.7,Uncommon,False,False,0,0,0,bbref_war,False,False
stransa01,stransa01,Sammy Strang,3B,"2B,RF",Deadball (1901-1919),1903,1906,1896,1908,SFG,SFG,2933,790,16,216.0,464,394.0,11,B,0.272,0.378,0.078,0.114,0.134,39.3,27.0,89.3,62.5,46.2,D+,D,A,B-,C,68.6,Uncommon,False,False,0,0,0,bbref_war,False,False
vioxji01,vioxji01,Jim Viox,2B,,Deadball (1901-1919),1914,1913,1912,1916,PIT,PIT,1703,465,7,39.0,222,112.0,5,R,0.273,0.361,0.085,0.058,0.115,49.7,32.4,72.4,32.1,45.4,C,D,B,D,C,68.5,Uncommon,False,False,0,0,0,bbref_war,False,False
whittpo01,whittpo01,George Whitted,LF,"1B,3B,CF,RF",Deadball (1901-1919),1917,1916,1912,1922,PHI,PHI,3630,978,23,116.0,215,310.0,13,R,0.277,0.318,0.099,0.076,0.054,49.9,42.7,18.3,39.6,52.0,C,C-,F,D+,C,68.4,Uncommon,False,False,0,0,0,bbref_war,False,False
delahji01,delahji01,Jim Delahanty,2B,"1B,3B,LF",Deadball (1901-1919),1908,1911,1901,1915,DET,DET,4091,1159,19,151.0,378,369.0,15,R,0.289,0.362,0.093,0.081,0.082,60.4,37.1,43.0,43.7,27.0,B-,D+,C-,C-,D,68.0,Uncommon,False,False,0,0,0,bbref_war,False,False
doughpa01,doughpa01,Patsy Dougherty,LF,,Deadball (1901-1919),1907,1903,1902,1911,CHW,CHW,4558,1294,17,261.0,378,460.0,12,L,0.296,0.359,0.08,0.093,0.078,64.8,26.9,39.7,61.3,28.8,B-,D,D+,B-,D,68.0,Uncommon,False,False,0,0,0,bbref_war,False,False
shankho01,shankho01,Howie Shanks,3B,"2B,LF,SS",Deadball (1901-1919),1918,1921,1912,1925,MIN,MIN,5699,1440,25,185.0,415,507.0,14,R,0.268,0.328,0.095,0.069,0.075,43.6,38.5,37.0,39.1,55.7,C-,D+,D+,D+,C+,68.0,Uncommon,False,False,0,0,0,bbref_war,False,False
sweenbi02,sweenbi02,Bill Sweeney,2B,"3B,SS",Deadball (1901-1919),1911,1912,1907,1914,ATL,ATL,3692,1004,11,172.0,423,215.0,9,R,0.28,0.356,0.074,0.055,0.102,56.3,24.0,61.6,46.1,42.7,C+,D-,B-,C,C-,68.0,Uncommon,False,False,0,0,0,bbref_war,False,False
stahlja01,stahlja01,Jake Stahl,1B,,Deadball (1901-1919),1908,1910,1903,1913,BOS,BOS,3425,894,31,178.0,221,652.0,10,R,0.268,0.333,0.133,0.177,0.062,26.8,65.5,25.5,53.4,38.0,D,B,D,C,D+,67.9,Uncommon,False,False,0,0,0,bbref_war,False,False
devorjo01,devorjo01,Josh Devore,LF,"CF,RF",Deadball (1901-1919),1911,1911,1908,1914,SFG,SFG,1874,520,11,160.0,222,233.0,10,L,0.277,0.361,0.082,0.11,0.105,44.5,29.7,63.6,70.5,36.6,C-,D,B-,B,D+,67.8,Uncommon,False,False,0,0,0,bbref_war,False,False
clarkto01,clarkto01,Tommy Clarke,C,,Deadball (1901-1919),1913,1915,1909,1918,CIN,CIN,1708,453,6,42.0,216,183.0,10,R,0.269,0.356,0.088,0.094,0.112,39.8,33.9,70.3,35.9,50.2,D+,D,B,D+,C,67.7,Uncommon,False,False,0,0,0,bbref_war,False,False
bushdo01,bushdo01,Donie Bush,SS,,Deadball (1901-1919),1913,1909,1908,1923,DET,DET,7210,1804,9,404.0,1158,630.0,17,B,0.254,0.367,0.054,0.083,0.147,28.1,8.9,101.6,64.2,75.0,D,F,S,B-,B+,67.6,Uncommon,False,False,0,0,0,bbref_war,False,False
branski01,branski01,Kitty Bransfield,1B,,Deadball (1901-1919),1905,1908,1898,1911,PHI,PHI,4999,1351,13,175.0,221,384.0,13,R,0.284,0.318,0.088,0.071,0.043,57.6,33.6,8.2,47.4,48.2,C+,D,F,C,C,67.5,Uncommon,False,False,0,0,0,bbref_war,False,False
gessldo01,gessldo01,Doc Gessler,RF,"1B,CF",Deadball (1901-1919),1908,1908,1903,1911,LAD,LAD,2969,831,14,142.0,333,367.0,11,L,0.281,0.371,0.091,0.108,0.098,48.2,35.6,57.2,47.1,34.4,C,D+,C+,C,D,67.5,Uncommon,False,False,0,0,0,bbref_war,False,False
turnete01,turnete01,Terry Turner,SS,"2B,3B",Deadball (1901-1919),1910,1906,1901,1919,CLE,CLE,5921,1499,8,256.0,435,492.0,17,R,0.26,0.315,0.07,0.077,0.067,34.9,20.3,30.2,48.8,90.1,D,D-,D,C,A,67.5,Uncommon,False,False,0,0,0,bbref_war,False,False
schreos01,schreos01,Ossee Schrecongost,C,1B,Deadball (1901-1919),1903,1907,1897,1908,OAK,OAK,3057,829,9,52.0,102,146.0,15,R,0.286,0.314,0.078,0.044,0.035,63.9,28.5,1.2,33.1,56.2,B-,D,F,D,C+,67.4,Uncommon,False,False,0,0,0,bbref_war,False,False
mowremi01,mowremi01,Mike Mowrey,3B,,Deadball (1901-1919),1913,1910,1905,1917,STL,STL,4291,1099,7,167.0,469,366.0,14,R,0.264,0.344,0.077,0.077,0.102,37.8,25.2,61.2,46.7,62.0,D+,D,B-,C,B-,67.3,Uncommon,False,False,0,0,0,bbref_war,False,False
slaglji01,slaglji01,Jimmy Slagle,LF,CF,Deadball (1901-1919),1904,1902,1899,1908,CHC,CHC,5005,1343,2,274.0,619,421.0,11,L,0.28,0.362,0.053,0.069,0.11,54.1,7.4,68.5,53.3,57.6,C,F,B,C,C+,67.3,Uncommon,False,False,0,0,0,bbref_war,False,False
barbetu01,barbetu01,Turner Barber,LF,1B,Deadball (1901-1919),1918,1919,1915,1923,CHC,CHC,1531,442,2,28.0,115,112.0,9,L,0.299,0.362,0.064,0.067,0.083,70.1,18.9,43.9,23.9,42.5,B,F,C-,D-,C-,67.2,Uncommon,False,False,0,0,0,bbref_war,False,False
smithea01,smithea01,Earl Smith,LF,"3B,RF",Deadball (1901-1919),1919,1920,1916,1922,BAL,BAL,1580,429,9,36.0,82,127.0,8,B,0.272,0.311,0.103,0.076,0.049,45.1,45.7,14.0,34.5,49.8,C,C,F,D,C,67.2,Uncommon,False,False,0,0,0,bbref_war,False,False
leibone01,leibone01,Nemo Leibold,CF,"LF,RF",Deadball (1901-1919),1919,1919,1913,1925,CHW,CHW,4167,1109,3,134.0,571,335.0,15,L,0.277,0.37,0.061,0.066,0.127,51.8,14.2,83.1,38.6,49.1,C,F,A-,D+,C,67.1,Uncommon,False,False,0,0,0,bbref_war,False,False
smootho01,smootho01,Homer Smoot,CF,,Deadball (1901-1919),1904,1905,1902,1906,STL,STL,2635,763,15,84.0,149,300.0,6,L,0.29,0.336,0.09,0.106,0.053,56.1,35.8,17.3,40.8,40.3,C+,D+,F,C-,C-,66.9,Uncommon,False,False,0,0,0,bbref_war,False,False
crossmo01,crossmo01,Monte Cross,SS,,Deadball (1901-1919),1903,1897,1892,1907,OAK,OAK,5828,1365,31,328.0,616,719.0,15,R,0.254,0.34,0.085,0.099,0.102,25.8,31.7,60.8,57.1,60.6,D,D,B-,C+,B-,66.7,Uncommon,False,False,0,0,0,bbref_war,False,False
hinchbi01,hinchbi01,Bill Hinchman,RF,LF,Deadball (1901-1919),1909,1915,1905,1920,PIT,PIT,3043,793,20,85.0,298,438.0,10,R,0.269,0.341,0.111,0.131,0.084,32.9,49.1,45.5,38.7,40.6,D,C,C,D+,C-,66.7,Uncommon,False,False,0,0,0,bbref_war,False,False
murphed02,murphed02,Eddie Murphy,RF,,Deadball (1901-1919),1915,1914,1912,1926,CHW,CHW,2373,680,4,111.0,294,157.0,12,L,0.291,0.379,0.06,0.06,0.111,65.5,13.4,68.8,40.0,33.2,B,F,B,C-,D,66.7,Uncommon,False,False,0,0,0,bbref_war,False,False
hemphch01,hemphch01,Charlie Hemphill,CF,RF,Deadball (1901-1919),1907,1906,1899,1911,BAL,BAL,4541,1230,22,207.0,435,429.0,13,L,0.277,0.347,0.072,0.089,0.093,48.1,22.0,53.3,52.5,46.2,C,D-,C,C,C,66.5,Uncommon,False,False,0,0,0,bbref_war,False,False
gonzami01,gonzami01,Mike Gonzalez,C,,Deadball (1901-1919),1918,1918,1912,1932,STL,STL,2829,717,13,52.0,231,198.0,18,R,0.264,0.323,0.081,0.062,0.074,41.3,31.2,36.0,29.3,61.9,C-,D,D+,D,B-,66.4,Uncommon,False,False,0,0,0,bbref_war,False,False
graneja01,graneja01,Jack Graney,LF,,Deadball (1901-1919),1915,1916,1908,1922,CLE,CLE,4705,1178,18,148.0,712,495.0,14,L,0.252,0.357,0.098,0.088,0.133,25.2,39.6,88.9,37.7,42.5,D,D+,A,D+,C-,66.4,Uncommon,False,False,0,0,0,bbref_war,False,False
mcintma01,mcintma01,Matty McIntyre,LF,RF,Deadball (1901-1919),1908,1908,1901,1912,DET,DET,3958,1066,4,120.0,439,423.0,10,L,0.271,0.348,0.077,0.096,0.1,41.1,24.0,59.0,39.8,56.2,C-,D-,C+,D+,C+,66.4,Uncommon,False,False,0,0,0,bbref_war,False,False
stovage01,stovage01,George Stovall,1B,2B,Deadball (1901-1919),1909,1908,1904,1915,CLE,CLE,5222,1382,15,142.0,172,406.0,12,R,0.279,0.303,0.08,0.082,0.028,51.1,30.2,1.0,35.9,62.9,C,D,F,D+,B-,66.4,Uncommon,False,False,0,0,0,bbref_war,False,False
byrnebo01,byrnebo01,Bobby Byrne,3B,2B,Deadball (1901-1919),1911,1910,1907,1917,PIT,PIT,4831,1225,10,176.0,456,401.0,14,R,0.266,0.337,0.078,0.071,0.089,40.6,26.2,49.4,46.0,55.0,C-,D,C,C,C+,66.3,Uncommon,False,False,0,0,0,bbref_war,False,False
daniebe01,daniebe01,Bert Daniels,LF,"CF,RF",Deadball (1901-1919),1912,1910,1910,1914,NYY,NYY,1903,486,5,159.0,203,224.0,5,R,0.255,0.349,0.09,0.103,0.093,26.1,34.0,53.3,69.5,50.5,D,D,C,B,C,66.2,Uncommon,False,False,0,0,0,bbref_war,False,False
johnsdo01,johnsdo01,Doc Johnston,1B,,Deadball (1901-1919),1915,1915,1909,1922,CLE,CLE,3774,992,14,139.0,264,307.0,11,L,0.276,0.33,0.091,0.075,0.063,49.1,36.2,26.8,40.8,40.1,C,D+,D,C-,C-,66.2,Uncommon,False,False,0,0,0,bbref_war,False,False
lordha01,lordha01,Harry Lord,3B,,Deadball (1901-1919),1911,1911,1907,1915,CHW,CHW,3691,1026,14,206.0,226,253.0,10,L,0.281,0.329,0.079,0.064,0.057,56.0,26.3,21.3,52.7,40.8,C+,D,D-,C,C-,66.2,Uncommon,False,False,0,0,0,bbref_war,False,False
brainda01,brainda01,Dave Brain,3B,SS,Deadball (1901-1919),1905,1907,1901,1908,STL,STL,2543,641,27,73.0,134,216.0,9,R,0.252,0.292,0.111,0.08,0.05,26.9,51.6,14.7,41.5,54.6,D,C,F,C-,C,66.1,Uncommon,False,False,0,0,0,bbref_war,False,False
callani01,callani01,Jimmy Callahan,LF,3B,Deadball (1901-1919),1903,1903,1894,1913,CHW,CHW,3295,901,11,186.0,159,285.0,13,R,0.277,0.32,0.082,0.086,0.054,48.6,30.6,18.7,63.2,41.1,C,D,F,B-,C-,66.1,Uncommon,False,False,0,0,0,bbref_war,False,False
esmonji01,esmonji01,Jimmy Esmond,SS,,Deadball (1901-1919),1913,1915,1911,1915,CIN,CIN,1540,406,9,61.0,136,163.0,4,R,0.264,0.324,0.095,0.097,0.081,34.4,39.5,42.5,44.4,46.1,D,D+,C-,C-,C,66.0,Uncommon,False,False,0,0,0,bbref_war,False,False
nunamle01,nunamle01,Les Nunamaker,C,,Deadball (1901-1919),1916,1914,1911,1922,NYY,NYY,1990,533,2,36.0,176,200.0,13,R,0.272,0.338,0.07,0.079,0.085,45.1,22.1,46.0,28.8,62.0,C,D-,C,D,B-,66.0,Uncommon,False,False,0,0,0,bbref_war,False,False
conrowi01,conrowi01,Wid Conroy,3B,"CF,LF,SS",Deadball (1901-1919),1904,1904,1901,1911,NYY,NYY,5061,1257,22,262.0,345,481.0,11,R,0.255,0.313,0.086,0.088,0.072,27.9,31.9,34.5,58.0,63.3,D,D,D,C+,B-,65.9,Uncommon,False,False,0,0,0,bbref_war,False,False
wolveha01,wolveha01,Harry Wolverton,3B,,Deadball (1901-1919),1902,1903,1898,1912,PHI,PHI,3001,833,7,83.0,166,110.0,11,B,0.276,0.325,0.075,0.032,0.052,57.3,24.1,16.9,39.6,49.1,C+,D-,F,D+,C,65.9,Uncommon,False,False,0,0,0,bbref_war,False,False
englecl01,englecl01,Clyde Engle,1B,"2B,3B,CF,LF",Deadball (1901-1919),1912,1909,1909,1916,BOS,BOS,2822,748,12,128.0,271,293.0,10,R,0.269,0.338,0.08,0.093,0.086,40.2,28.6,47.3,45.9,48.7,C-,D,C,C,C,65.8,Uncommon,False,False,0,0,0,bbref_war,False,False
loudeba01,loudeba01,William Louden,2B,"3B,SS",Deadball (1901-1919),1914,1915,1907,1916,NLB,NLB,1942,507,12,112.0,254,209.0,6,R,0.261,0.355,0.073,0.094,0.114,32.7,24.0,72.0,48.7,52.1,D,D-,B,C,C,65.7,Uncommon,False,False,0,0,0,bbref_war,False,False
crigelo01,crigelo01,Lou Criger,C,,Deadball (1901-1919),1902,1898,1896,1912,BOS,BOS,3202,709,11,58.0,309,225.0,16,R,0.236,0.311,0.09,0.059,0.092,16.3,35.0,51.9,36.0,74.6,F,D+,C,D+,B,65.5,Uncommon,False,False,0,0,0,bbref_war,False,False
lappja01,lappja01,Jack Lapp,C,,Deadball (1901-1919),1912,1915,1908,1916,OAK,OAK,1581,416,5,16.0,177,175.0,9,L,0.27,0.347,0.084,0.097,0.102,39.9,32.1,60.8,17.7,48.7,D+,D,B-,F,C,65.5,Uncommon,False,False,0,0,0,bbref_war,False,False
lushbi01,lushbi01,Billy Lush,LF,"CF,RF",Deadball (1901-1919),1901,1903,1895,1904,WSH,WSH,1722,429,8,84.0,291,228.0,7,B,0.249,0.36,0.083,0.113,0.144,18.8,29.5,98.6,49.2,49.6,F,D,A+,C,C,65.5,Uncommon,False,False,0,0,0,bbref_war,False,False
sugdejo01,sugdejo01,Joe Sugden,C,1B,Deadball (1901-1919),1901,1904,1893,1912,PIT,PIT,2729,696,3,48.0,220,165.0,13,B,0.282,0.343,0.058,0.05,0.072,59.1,14.4,34.0,28.2,54.1,C+,F,D,D,C,65.5,Uncommon,False,False,0,0,0,bbref_war,False,False
jonesda01,jonesda01,Davy Jones,LF,"CF,RF",Deadball (1901-1919),1907,1907,1901,1918,DET,DET,3774,1020,9,207.0,478,310.0,16,L,0.273,0.357,0.054,0.077,0.11,46.3,9.8,68.5,49.2,52.1,C,F,B,C,C,65.4,Uncommon,False,False,0,0,0,bbref_war,False,False
wambsbi01,wambsbi01,Bill Wambsganss,2B,SS,Deadball (1901-1919),1919,1917,1914,1926,CLE,CLE,5237,1359,7,140.0,490,357.0,13,R,0.273,0.335,0.072,0.058,0.078,49.8,22.8,39.5,37.2,48.1,C,D-,D+,D+,C,65.4,Uncommon,False,False,0,0,0,bbref_war,False,False
hummejo01,hummejo01,John Hummel,2B,"1B,LF,RF,SS",Deadball (1901-1919),1910,1911,1905,1918,LAD,LAD,3906,991,29,117.0,346,475.0,12,R,0.259,0.322,0.098,0.107,0.081,28.7,41.2,42.5,40.6,47.6,D,C-,C-,C-,C,65.3,Uncommon,False,False,0,0,0,bbref_war,False,False
scottev01,scottev01,Everett Scott,SS,,Deadball (1901-1919),1918,1917,1914,1926,BOS,BOS,5837,1455,20,69.0,243,282.0,15,R,0.257,0.292,0.07,0.054,0.044,35.5,21.7,9.0,23.6,91.7,D+,D-,F,D-,A,65.3,Uncommon,False,False,0,0,0,bbref_war,False,False
barryja01,barryja01,Jack Barry,SS,2B,Deadball (1901-1919),1912,1913,1908,1919,OAK,OAK,4146,1009,10,153.0,396,342.0,12,R,0.252,0.329,0.065,0.077,0.089,27.4,17.7,49.8,42.4,79.4,D,F,C,C-,B+,65.2,Uncommon,False,False,0,0,0,bbref_war,False,False
holkewa01,holkewa01,Walter Holke,1B,,Deadball (1901-1919),1918,1919,1914,1925,SFG,SFG,4456,1278,24,81.0,191,304.0,12,B,0.291,0.324,0.077,0.069,0.042,64.0,27.2,7.8,31.8,36.4,B-,D,F,D,D+,65.2,Uncommon,False,False,0,0,0,bbref_war,False,False
mcleala01,mcleala01,Larry McLean,C,,Deadball (1901-1919),1910,1910,1901,1915,CIN,CIN,2647,694,6,20.0,136,127.0,14,R,0.273,0.31,0.062,0.046,0.048,51.4,16.8,13.3,25.9,71.5,C,F,F,D,B,65.2,Uncommon,False,False,0,0,0,bbref_war,False,False
fishebo01,fishebo01,Bob Fisher,SS,,Deadball (1901-1919),1915,1915,1912,1919,LAD,LAD,1742,480,11,48.0,80,157.0,7,R,0.276,0.309,0.084,0.086,0.044,46.9,33.0,9.3,29.6,52.6,C,D,F,D,C,65.0,Uncommon,False,False,0,0,0,bbref_war,False,False
perrige01,perrige01,George Perring,3B,1B,Deadball (1901-1919),1910,1915,1908,1915,CLE,CLE,1764,438,9,34.0,154,152.0,5,R,0.248,0.311,0.096,0.079,0.08,24.0,40.2,41.6,33.4,57.0,D-,C-,C-,D,C+,64.9,Uncommon,False,False,0,0,0,bbref_war,False,False
pickeol01,pickeol01,Ollie Pickering,CF,RF,Deadball (1901-1919),1902,1901,1896,1908,NLB,NLB,3352,910,9,194.0,287,339.0,9,L,0.279,0.339,0.064,0.087,0.077,49.6,16.8,38.5,57.2,43.3,C,F,D+,C+,C-,64.9,Uncommon,False,False,0,0,0,bbref_war,False,False
oakesre01,oakesre01,Rebel Oakes,CF,,Deadball (1901-1919),1912,1914,1909,1915,STL,STL,3619,1011,15,163.0,265,210.0,7,L,0.279,0.334,0.067,0.054,0.068,56.3,18.9,30.5,44.6,39.3,C+,F,D,C-,D+,64.8,Uncommon,False,False,0,0,0,bbref_war,False,False
bayha01,bayha01,Harry Bay,CF,,Deadball (1901-1919),1905,1905,1901,1908,CLE,CLE,2640,722,5,169.0,195,284.0,9,L,0.277,0.331,0.063,0.097,0.068,46.9,15.5,30.7,61.8,49.7,C,F,D,B-,C,64.7,Uncommon,False,False,0,0,0,bbref_war,False,False
brownge01,brownge01,George Browne,RF,LF,Deadball (1901-1919),1905,1904,1901,1912,SFG,SFG,4300,1176,18,190.0,259,450.0,15,L,0.283,0.327,0.074,0.094,0.056,52.4,24.2,20.0,45.4,41.7,C,D-,D-,C,C-,64.7,Uncommon,False,False,0,0,0,bbref_war,False,False
gibsoge01,gibsoge01,George Gibson,C,,Deadball (1901-1919),1910,1909,1905,1918,PIT,PIT,3776,893,15,40.0,286,270.0,14,R,0.251,0.309,0.082,0.064,0.07,29.0,29.9,32.2,30.6,69.8,D,D,D,D,B,64.7,Uncommon,False,False,0,0,0,bbref_war,False,False
mckecbi01,mckecbi01,Bill McKechnie,3B,2B,Deadball (1901-1919),1915,1914,1907,1920,PIT,PIT,2843,713,8,127.0,190,204.0,13,B,0.267,0.317,0.066,0.062,0.063,43.4,19.1,26.3,50.5,57.4,C-,F,D,C,C+,64.7,Uncommon,False,False,0,0,0,bbref_war,False,False
carribi02,carribi02,Bill Carrigan,C,,Deadball (1901-1919),1912,1909,1906,1916,BOS,BOS,1970,506,6,37.0,206,187.0,10,R,0.265,0.347,0.062,0.082,0.1,38.6,17.9,59.5,24.8,61.3,D+,F,C+,D-,B-,64.6,Uncommon,False,False,0,0,0,bbref_war,False,False
fultzda01,fultzda01,Dave Fultz,CF,,Deadball (1901-1919),1902,1904,1898,1905,NYY,NYY,2393,648,3,189.0,201,185.0,8,R,0.271,0.332,0.061,0.071,0.077,45.5,14.8,38.8,69.3,43.9,C,F,D+,B,C-,64.6,Uncommon,False,False,0,0,0,bbref_war,False,False
yerkest02,yerkest02,Steve Yerkes,2B,SS,Deadball (1901-1919),1913,1911,1909,1916,BOS,BOS,2521,676,6,54.0,207,197.0,8,R,0.268,0.328,0.082,0.072,0.075,42.9,29.8,37.5,29.1,45.7,C-,D,D+,D,C,64.6,Uncommon,False,False,0,0,0,bbref_war,False,False
dealch01,dealch01,Charlie Deal,3B,,Deadball (1901-1919),1917,1919,1912,1921,CHC,CHC,2930,752,11,65.0,135,149.0,12,R,0.267,0.3,0.073,0.035,0.039,48.4,24.4,5.0,31.2,59.9,C,D-,F,D,C+,64.5,Uncommon,False,False,0,0,0,bbref_war,False,False
farrejo02,farrejo02,John Farrell,2B,,Deadball (1901-1919),1903,1903,1901,1905,STL,STL,2172,567,4,68.0,193,154.0,5,R,0.261,0.324,0.074,0.065,0.081,37.8,24.5,42.7,38.7,52.9,D+,D-,C-,D+,C,64.4,Uncommon,False,False,0,0,0,bbref_war,False,False
isbelfr01,isbelfr01,Frank Isbell,1B,2B,Deadball (1901-1919),1906,1905,1898,1909,CHW,CHW,4219,1056,13,253.0,190,352.0,10,L,0.255,0.296,0.082,0.08,0.046,29.3,29.0,11.1,64.5,61.5,D,D,F,B-,B-,64.4,Uncommon,False,False,0,0,0,bbref_war,False,False
ganzejo01,ganzejo01,John Ganzel,1B,,Deadball (1901-1919),1903,1903,1898,1908,NYY,NYY,2715,682,18,48.0,136,173.0,7,R,0.251,0.298,0.095,0.06,0.047,29.8,39.4,12.1,34.7,58.7,D,D+,F,D,C+,64.3,Uncommon,False,False,0,0,0,bbref_war,False,False
goodwi01,goodwi01,Wilbur Good,RF,CF,Deadball (1901-1919),1913,1914,1905,1918,CHC,CHC,2364,609,9,104.0,190,347.0,12,L,0.267,0.33,0.091,0.125,0.074,32.7,36.1,36.1,45.0,42.5,D,D+,D+,C,C-,64.3,Uncommon,False,False,0,0,0,bbref_war,False,False
ainsmed01,ainsmed01,Eddie Ainsmith,C,,Deadball (1901-1919),1917,1922,1910,1924,MIN,MIN,3048,707,22,86.0,263,407.0,17,R,0.243,0.31,0.104,0.116,0.085,12.4,46.2,45.8,40.3,53.8,F,C,C,C-,C,64.2,Uncommon,False,False,0,0,0,bbref_war,False,False
demmira01,demmira01,Ray Demmitt,RF,"CF,LF",Deadball (1901-1919),1915,1918,1909,1919,BAL,BAL,1631,419,8,42.0,172,166.0,8,L,0.257,0.334,0.093,0.091,0.095,29.5,37.1,54.5,30.5,42.4,D,D+,C,D,C-,64.2,Uncommon,False,False,0,0,0,bbref_war,False,False
morgara01,morgara01,Ray Morgan,2B,,Deadball (1901-1919),1915,1913,1911,1918,MIN,MIN,2480,630,4,87.0,320,241.0,8,R,0.256,0.352,0.069,0.083,0.115,29.6,20.1,72.9,36.8,54.9,D,D-,B,D+,C,64.1,Uncommon,False,False,0,0,0,bbref_war,False,False
archeji01,archeji01,Jimmy Archer,C,,Deadball (1901-1919),1912,1913,1904,1918,CHC,CHC,2646,660,16,36.0,124,283.0,14,R,0.258,0.295,0.089,0.097,0.044,28.9,36.2,9.4,27.3,67.5,D,D+,F,D,B,64.0,Uncommon,False,False,0,0,0,bbref_war,False,False
rossmcl01,rossmcl01,Claude Rossman,1B,,Deadball (1901-1919),1907,1908,1904,1909,DET,DET,1848,523,3,49.0,90,165.0,6,L,0.283,0.318,0.076,0.085,0.046,53.8,26.7,11.5,35.8,38.9,C,D,F,D+,D+,64.0,Uncommon,False,False,0,0,0,bbref_war,False,False
moriage02,moriage02,George Moriarty,3B,1B,Deadball (1901-1919),1910,1914,1903,1916,DET,DET,3671,920,5,248.0,234,362.0,13,R,0.256,0.311,0.065,0.083,0.063,30.0,17.8,26.0,66.8,64.4,D,F,D,B,B-,63.9,Common,False,False,0,0,0,bbref_war,False,False
ellisru01,ellisru01,Rube Ellis,LF,,Deadball (1901-1919),1910,1909,1909,1912,STL,STL,1985,517,13,58.0,216,246.0,4,L,0.26,0.336,0.083,0.111,0.098,29.1,31.3,57.3,37.4,44.0,D,D,C+,D+,C-,63.8,Common,False,False,0,0,0,bbref_war,False,False
ferriho01,ferriho01,Hobe Ferris,2B,3B,Deadball (1901-1919),1905,1908,1901,1909,BOS,BOS,4797,1145,40,89.0,160,550.0,9,R,0.242,0.267,0.099,0.112,0.03,12.0,42.9,1.0,36.6,80.9,F,C-,F,D+,A-,63.8,Common,False,False,0,0,0,bbref_war,False,False
beckfr02,beckfr02,Fred Beck,1B,CF,Deadball (1901-1919),1911,1910,1909,1915,NLB,NLB,2130,536,33,31.0,122,233.0,6,L,0.252,0.301,0.108,0.102,0.054,22.8,52.1,17.9,29.4,44.7,D-,C,F,D,C-,63.7,Common,False,False,0,0,0,bbref_war,False,False
lordbr01,lordbr01,Bris Lord,LF,"CF,RF",Deadball (1901-1919),1910,1911,1905,1913,OAK,OAK,2767,707,13,74.0,175,342.0,9,R,0.26,0.308,0.096,0.114,0.058,28.4,39.9,21.9,35.2,49.6,D,D+,D-,D+,C,63.7,Common,False,False,0,0,0,bbref_war,False,False
donahji02,donahji02,Jiggs Donahue,1B,,Deadball (1901-1919),1905,1905,1900,1909,CHW,CHW,2862,731,4,143.0,215,178.0,11,L,0.262,0.316,0.059,0.053,0.069,40.4,13.6,31.8,50.6,57.6,C-,F,D,C,C+,63.6,Common,False,False,0,0,0,bbref_war,False,False
marsaar01,marsaar01,Armando Marsans,CF,,Deadball (1901-1919),1914,1916,1905,1918,CIN,CIN,2355,632,2,175.0,180,117.0,12,R,0.275,0.329,0.05,0.048,0.068,52.8,8.1,31.2,63.9,41.4,C,F,D,B-,C-,63.6,Common,False,False,0,0,0,bbref_war,False,False
yeagejo01,yeagejo01,Joe Yeager,3B,SS,Deadball (1901-1919),1905,1905,1898,1908,DET,DET,1853,467,4,37.0,110,146.0,10,R,0.26,0.318,0.083,0.065,0.054,36.7,31.0,18.1,34.0,52.7,D+,D,F,D,C,63.6,Common,False,False,0,0,0,bbref_war,False,False
wagnehe01,wagnehe01,Heinie Wagner,SS,2B,Deadball (1901-1919),1910,1910,1902,1918,BOS,BOS,3333,834,10,144.0,310,311.0,12,R,0.251,0.319,0.079,0.083,0.082,25.6,27.4,43.6,45.9,55.1,D,D,C-,C,C+,63.5,Common,False,False,0,0,0,bbref_war,False,False
dobbsjo01,dobbsjo01,John Dobbs,CF,,Deadball (1901-1919),1903,1902,1901,1905,LAD,LAD,2224,585,7,78.0,187,132.0,7,L,0.263,0.325,0.068,0.054,0.077,41.4,21.0,38.9,40.3,45.1,C-,D-,D+,C-,C,63.4,Common,False,False,0,0,0,bbref_war,False,False
bridwal01,bridwal01,Al Bridwell,SS,,Deadball (1901-1919),1909,1909,1905,1915,SFG,SFG,4169,1064,2,136.0,557,210.0,12,L,0.26,0.352,0.039,0.043,0.118,40.4,1.0,75.1,37.5,58.7,C-,F,B+,D+,C+,63.3,Common,False,False,0,0,0,bbref_war,False,False
nealegr01,nealegr01,Greasy Neale,RF,"CF,LF",Deadball (1901-1919),1919,1917,1916,1924,CIN,CIN,2661,688,8,139.0,201,281.0,9,L,0.262,0.319,0.074,0.1,0.064,32.0,23.2,27.6,55.4,52.2,D,D-,D,C+,C,63.2,Common,False,False,0,0,0,bbref_war,False,False
paddedi01,paddedi01,Dick Padden,2B,SS,Deadball (1901-1919),1901,1902,1896,1905,BAL,BAL,3157,814,11,132.0,224,164.0,9,R,0.261,0.331,0.073,0.048,0.065,40.4,22.9,28.2,45.9,44.6,C-,D-,D,C,C-,63.2,Common,False,False,0,0,0,bbref_war,False,False
knabeot01,knabeot01,Otto Knabe,2B,,Deadball (1901-1919),1910,1907,1905,1916,PHI,PHI,4469,1103,8,143.0,485,326.0,12,R,0.249,0.328,0.065,0.067,0.098,26.6,17.1,57.7,40.4,61.2,D,F,C+,C-,B-,63.1,Common,False,False,0,0,0,bbref_war,False,False
austiji01,austiji01,Jimmy Austin,3B,SS,Deadball (1901-1919),1915,1911,1909,1929,BAL,BAL,5388,1328,13,244.0,592,658.0,18,B,0.249,0.335,0.069,0.113,0.108,18.1,19.6,66.4,49.8,58.8,F,F,B,C,C+,62.8,Common,False,False,0,0,0,bbref_war,False,False
caseydo01,caseydo01,James Casey,3B,,Deadball (1901-1919),1904,1901,1898,1907,CHC,CHC,4341,1122,9,191.0,270,239.0,11,B,0.258,0.311,0.063,0.055,0.061,36.4,15.8,24.4,45.1,60.1,D+,F,D-,C,B-,62.8,Common,False,False,0,0,0,bbref_war,False,False
terryze01,terryze01,Zeb Terry,SS,2B,Deadball (1901-1919),1919,1920,1916,1922,CHC,CHC,2327,605,2,32.0,179,133.0,7,R,0.26,0.318,0.062,0.053,0.071,39.0,15.9,33.4,15.0,66.9,D+,F,D,F,B,62.8,Common,False,False,0,0,0,bbref_war,False,False
vittos01,vittos01,Ossie Vitt,3B,2B,Deadball (1901-1919),1916,1915,1912,1921,DET,DET,3760,894,4,114.0,455,143.0,10,R,0.243,0.324,0.057,0.033,0.105,26.8,10.8,64.0,38.2,65.8,D,F,B-,D+,B,62.8,Common,False,False,0,0,0,bbref_war,False,False
clarkni01,clarkni01,Jay Clarke,C,,Deadball (1901-1919),1908,1906,1905,1920,CLE,CLE,1536,390,6,16.0,138,186.0,11,L,0.259,0.321,0.082,0.11,0.08,28.2,31.0,41.3,25.9,49.1,D,D,C-,D,C,62.6,Common,False,False,0,0,0,bbref_war,False,False
rathmo01,rathmo01,Morrie Rath,2B,,Deadball (1901-1919),1912,1912,1909,1920,CHW,CHW,2048,521,4,82.0,258,112.0,7,L,0.254,0.342,0.03,0.048,0.111,34.8,1.0,69.4,35.6,65.2,D,F,B,D+,B,62.6,Common,False,False,0,0,0,bbref_war,False,False
moellda01,moellda01,Danny Moeller,RF,LF,Deadball (1901-1919),1913,1912,1907,1916,MIN,MIN,2538,618,15,171.0,302,442.0,8,B,0.243,0.328,0.084,0.155,0.106,6.2,31.1,64.5,63.6,51.1,F,D,B-,B-,C,62.5,Common,False,False,0,0,0,bbref_war,False,False
paulege01,paulege01,Gene Paulette,1B,,Deadball (1901-1919),1918,1917,1911,1920,STL,STL,1780,478,2,43.0,108,69.0,8,R,0.269,0.314,0.062,0.036,0.057,49.5,16.8,21.0,32.2,44.7,C,F,D-,D,C-,62.5,Common,False,False,0,0,0,bbref_war,False,False
raridbi01,raridbi01,Bill Rariden,C,,Deadball (1901-1919),1916,1915,1909,1920,SFG,SFG,2877,682,7,47.0,340,256.0,12,R,0.242,0.33,0.069,0.074,0.111,19.5,21.8,68.9,28.9,60.2,F,D-,B,D,B-,62.5,Common,False,False,0,0,0,bbref_war,False,False
barrysh01,barrysh01,John Barry,RF,"1B,LF",Deadball (1901-1919),1904,1902,1899,1908,PHI,PHI,4014,1073,10,140.0,279,264.0,15,R,0.277,0.33,0.063,0.062,0.065,52.5,16.0,28.5,40.9,32.9,C,F,D,C-,D,62.4,Common,False,False,0,0,0,bbref_war,False,False
hartzro01,hartzro01,Roy Hartzell,3B,"2B,LF,RF,SS",Deadball (1901-1919),1911,1911,1906,1916,NYY,NYY,4548,1146,12,182.0,455,382.0,11,L,0.259,0.334,0.061,0.072,0.093,34.5,14.1,53.1,41.5,47.6,D,F,C,C-,C,62.1,Common,False,False,0,0,0,bbref_war,False,False
bowerfr01,bowerfr01,Frank Bowerman,C,1B,Deadball (1901-1919),1904,1904,1895,1909,SFG,SFG,3410,853,13,81.0,130,242.0,16,R,0.255,0.295,0.069,0.059,0.039,33.4,21.9,5.3,35.6,63.4,D,D-,F,D+,B-,62.0,Common,False,False,0,0,0,bbref_war,False,False
highhu01,highhu01,Hugh High,LF,CF,Deadball (1901-1919),1916,1915,1913,1918,NYY,NYY,1546,386,3,56.0,212,168.0,6,L,0.25,0.345,0.068,0.095,0.12,22.5,20.2,77.0,36.7,45.6,D-,D-,B+,D+,C,62.0,Common,False,False,0,0,0,bbref_war,False,False
mcconam01,mcconam01,Amby McConnell,2B,,Deadball (1901-1919),1910,1908,1908,1911,BOS,BOS,1506,398,3,72.0,107,132.0,5,L,0.264,0.324,0.055,0.08,0.065,37.9,11.8,28.4,46.6,53.9,D+,F,D,C,C,61.9,Common,False,False,0,0,0,bbref_war,False,False
maisefr01,maisefr01,Fritz Maisel,3B,2B,Deadball (1901-1919),1916,1914,1913,1918,NYY,NYY,2111,510,6,194.0,260,177.0,6,R,0.242,0.327,0.058,0.074,0.109,18.7,12.9,67.7,78.2,45.0,F,F,B,B+,C,61.8,Common,False,False,0,0,0,bbref_war,False,False
walshji02,walshji02,Jimmy Walsh,RF,"CF,LF",Deadball (1901-1919),1914,1913,1912,1917,OAK,OAK,1771,410,6,92.0,249,213.0,8,R,0.232,0.33,0.085,0.105,0.123,4.6,31.6,79.5,43.4,49.1,F,D,B+,C-,C,61.8,Common,False,False,0,0,0,bbref_war,False,False
dolanco01,dolanco01,Cozy Dolan,RF,CF,Deadball (1901-1919),1903,1904,1895,1906,ATL,ATL,3174,855,10,114.0,227,302.0,12,L,0.27,0.323,0.065,0.089,0.067,41.6,17.7,30.0,42.4,39.0,C-,F,D,C-,D+,61.7,Common,False,False,0,0,0,bbref_war,False,False
doolami01,doolami01,Mickey Doolin,SS,2B,Deadball (1901-1919),1910,1910,1905,1918,PHI,PHI,5977,1376,15,173.0,370,663.0,15,R,0.235,0.281,0.081,0.109,0.056,6.2,28.8,19.9,40.6,81.4,F,D,F,C-,A-,61.7,Common,False,False,0,0,0,bbref_war,False,False
warnejo01,warnejo01,Jack Warner,C,,Deadball (1901-1919),1904,1897,1895,1908,SFG,SFG,3497,870,6,83.0,181,248.0,18,L,0.256,0.312,0.054,0.061,0.05,33.6,11.1,15.0,33.1,72.7,D,F,F,D,B,61.7,Common,False,False,0,0,0,bbref_war,False,False
barbawa01,barbawa01,Walter Barbare,3B,SS,Deadball (1901-1919),1918,1921,1914,1922,CLE,CLE,1777,462,1,37.0,88,121.0,8,R,0.268,0.304,0.06,0.067,0.045,43.4,16.0,10.6,30.7,53.3,C-,F,F,D,C,61.6,Common,False,False,0,0,0,bbref_war,False,False
risbesw01,risbesw01,Swede Risberg,SS,,Deadball (1901-1919),1918,1920,1917,1920,CHW,CHW,1619,394,6,52.0,148,180.0,4,R,0.243,0.311,0.089,0.101,0.083,15.8,35.2,44.4,38.5,44.8,F,D+,C-,D+,C-,61.5,Common,False,False,0,0,0,bbref_war,False,False
lavando01,lavando01,Doc Lavan,SS,,Deadball (1901-1919),1918,1920,1913,1924,STL,STL,3891,954,7,71.0,209,376.0,13,R,0.255,0.298,0.067,0.089,0.052,28.4,19.1,16.8,25.8,68.2,D,F,F,D,B,61.3,Common,False,False,0,0,0,bbref_war,False,False
abbated01,abbated01,Ed Abbaticchio,2B,SS,Deadball (1901-1919),1907,1908,1897,1910,PIT,PIT,3044,772,11,142.0,289,283.0,10,R,0.254,0.326,0.073,0.082,0.086,28.6,22.8,47.2,49.5,34.4,D,D-,C,C,D,61.2,Common,False,False,0,0,0,bbref_war,False,False
moranpa01,moranpa01,Pat Moran,C,,Deadball (1901-1919),1906,1903,1901,1914,CHC,CHC,2634,618,18,55.0,142,327.0,14,R,0.242,0.293,0.087,0.106,0.052,13.4,35.8,16.8,32.6,61.4,F,D+,F,D,B-,61.2,Common,False,False,0,0,0,bbref_war,False,False
kruegot01,kruegot01,Otto Krueger,SS,3B,Deadball (1901-1919),1902,1901,1899,1905,STL,STL,1704,427,5,48.0,160,147.0,7,R,0.251,0.326,0.071,0.078,0.084,26.3,21.6,45.5,38.0,45.7,D,D-,C,D+,C,61.1,Common,False,False,0,0,0,bbref_war,False,False
egandi01,egandi01,Dick Egan,2B,SS,Deadball (1901-1919),1912,1909,1908,1916,CIN,CIN,3080,767,4,167.0,291,237.0,10,R,0.251,0.315,0.051,0.074,0.085,26.8,8.2,46.0,52.4,56.6,D,F,C,C,C+,61.0,Common,False,False,0,0,0,bbref_war,False,False
bemisha01,bemisha01,Harry Bemis,C,,Deadball (1901-1919),1905,1902,1902,1910,CLE,CLE,2229,569,5,49.0,79,263.0,9,R,0.263,0.302,0.076,0.107,0.036,32.2,26.5,2.4,35.0,49.2,D,D,F,D+,C,60.7,Common,False,False,0,0,0,bbref_war,False,False
killebi01,killebi01,Bill Killefer,C,,Deadball (1901-1919),1917,1917,1909,1921,PHI,PHI,3150,751,4,39.0,113,159.0,13,R,0.253,0.293,0.044,0.036,0.041,35.6,4.6,6.3,23.8,80.1,D+,F,F,D-,A-,60.7,Common,False,False,0,0,0,bbref_war,False,False
olsoniv01,olsoniv01,Ivy Olson,SS,"2B,3B",Deadball (1901-1919),1917,1919,1911,1924,LAD,LAD,6111,1575,13,156.0,285,301.0,15,R,0.259,0.299,0.057,0.055,0.047,37.4,11.8,12.0,40.8,55.8,D+,F,F,C-,C+,60.7,Common,False,False,0,0,0,bbref_war,False,False
bairddo01,bairddo01,Doug Baird,3B,,Deadball (1901-1919),1918,1917,1915,1920,PIT,PIT,2106,492,6,118.0,157,295.0,10,R,0.234,0.291,0.092,0.13,0.069,1.9,36.2,31.7,56.2,53.5,F,D+,D,C+,C,60.6,Common,False,False,0,0,0,bbref_war,False,False
dooinre01,dooinre01,Red Dooin,C,,Deadball (1901-1919),1909,1908,1902,1916,PHI,PHI,4004,961,10,133.0,155,328.0,16,R,0.25,0.282,0.066,0.069,0.039,26.8,20.0,5.1,40.6,62.1,D,D-,F,C-,B-,60.6,Common,False,False,0,0,0,bbref_war,False,False
niehobe01,niehobe01,Bert Niehoff,2B,3B,Deadball (1901-1919),1916,1916,1913,1918,PHI,PHI,2037,489,12,71.0,131,242.0,7,R,0.24,0.288,0.087,0.111,0.06,10.9,35.9,24.0,37.9,54.0,F,D+,D-,D+,C,60.6,Common,False,False,0,0,0,bbref_war,False,False
birmijo01,birmijo01,Joe Birmingham,CF,,Deadball (1901-1919),1909,1911,1906,1914,CLE,CLE,2633,667,7,108.0,129,339.0,9,R,0.264,0.305,0.067,0.118,0.047,30.8,20.1,12.0,43.6,49.6,D,D-,F,C-,C,60.5,Common,False,False,0,0,0,bbref_war,False,False
sullibi03,sullibi03,Billy Sullivan,C,,Deadball (1901-1919),1905,1906,1899,1916,CHW,CHW,3647,777,21,98.0,170,565.0,16,R,0.233,0.266,0.089,0.133,0.035,1.0,38.5,1.0,40.2,73.3,F,D+,F,C-,B,60.4,Common,False,False,0,0,0,bbref_war,False,False
schaege01,schaege01,Germany Schaefer,2B,"1B,3B,SS",Deadball (1901-1919),1909,1911,1901,1918,DET,DET,3784,972,9,201.0,333,499.0,16,R,0.263,0.32,0.067,0.123,0.075,29.7,19.0,37.0,53.1,34.1,D,F,D+,C,D,60.3,Common,False,False,0,0,0,bbref_war,False,False
zeidero01,zeidero01,Rollie Zeider,3B,"1B,2B,SS",Deadball (1901-1919),1913,1912,1910,1918,CHW,CHW,3210,769,5,223.0,334,236.0,10,R,0.244,0.322,0.047,0.07,0.097,21.4,5.3,57.1,63.6,52.5,D-,F,C+,B-,C,60.3,Common,False,False,0,0,0,bbref_war,False,False
coughbi01,coughbi01,Bill Coughlin,3B,,Deadball (1901-1919),1904,1902,1899,1908,DET,DET,3854,972,15,159.0,203,400.0,10,R,0.258,0.303,0.072,0.096,0.049,29.0,23.4,13.9,49.9,41.3,D,D-,F,C,C-,60.2,Common,False,False,0,0,0,bbref_war,False,False
carrch01,carrch01,Charlie Carr,1B,,Deadball (1901-1919),1904,1903,1898,1914,DET,DET,1950,492,6,49.0,71,190.0,8,R,0.252,0.28,0.077,0.094,0.035,24.9,27.0,1.4,37.2,52.8,D-,D,F,D+,C,60.0,Common,False,False,0,0,0,bbref_war,False,False
hoffmda01,hoffmda01,Danny Hoffman,CF,"LF,RF",Deadball (1901-1919),1907,1909,1903,1911,BAL,BAL,2981,762,14,185.0,226,582.0,10,L,0.258,0.32,0.07,0.185,0.072,18.1,20.8,34.3,64.0,42.9,F,D-,D,B-,C-,60.0,Common,False,False,0,0,0,bbref_war,False,False
howarde01,howarde01,Del Howard,1B,"LF,RF",Deadball (1901-1919),1907,1905,1905,1909,CHC,CHC,1833,482,6,67.0,111,159.0,6,L,0.263,0.318,0.063,0.08,0.056,36.8,17.7,20.2,40.0,37.7,D+,F,D-,C-,D+,60.0,Common,False,False,0,0,0,bbref_war,False,False
killere01,killere01,Red Killefer,CF,"2B,LF",Deadball (1901-1919),1910,1915,1907,1916,CIN,CIN,1537,381,3,57.0,128,138.0,9,R,0.248,0.328,0.066,0.08,0.074,23.5,20.0,36.6,34.9,46.8,D-,D-,D+,D,C,59.9,Common,False,False,0,0,0,bbref_war,False,False
mcbrige01,mcbrige01,George McBride,SS,,Deadball (1901-1919),1912,1910,1901,1920,MIN,MIN,5526,1203,7,133.0,419,707.0,17,R,0.229,0.296,0.05,0.097,0.075,2.5,6.4,37.1,34.3,99.7,F,F,D+,D,A+,59.9,Common,False,False,0,0,0,bbref_war,False,False
youngra01,youngra01,Ralph Young,2B,,Deadball (1901-1919),1917,1917,1913,1922,DET,DET,3643,898,4,92.0,495,235.0,9,B,0.257,0.352,0.047,0.058,0.124,34.8,4.6,81.0,29.2,34.7,D,F,A-,D,D,59.9,Common,False,False,0,0,0,bbref_war,False,False
altizda01,altizda01,Dave Altizer,SS,1B,Deadball (1901-1919),1908,1909,1906,1911,MIN,MIN,1734,433,4,119.0,140,120.0,7,L,0.25,0.318,0.052,0.063,0.073,28.1,9.4,35.7,59.1,43.0,D,F,D+,C+,C-,59.8,Common,False,False,0,0,0,bbref_war,False,False
moranhe01,moranhe01,Herbie Moran,RF,CF,Deadball (1901-1919),1912,1912,1908,1915,ATL,ATL,2177,527,2,103.0,264,179.0,9,L,0.242,0.332,0.054,0.072,0.107,19.5,9.8,65.5,46.9,46.8,F,F,B,C,C,59.8,Common,False,False,0,0,0,bbref_war,False,False
shannsp01,shannsp01,Spike Shannon,LF,RF,Deadball (1901-1919),1906,1904,1904,1908,SFG,SFG,2613,677,3,145.0,286,288.0,7,L,0.259,0.337,0.034,0.099,0.098,30.1,1.0,57.5,48.7,47.8,D,F,C+,C,C,59.8,Common,False,False,0,0,0,bbref_war,False,False
unglabo01,unglabo01,Bob Unglaub,1B,,Deadball (1901-1919),1908,1908,1904,1910,BOS,BOS,2150,554,5,66.0,88,246.0,8,R,0.258,0.288,0.071,0.11,0.039,26.9,22.1,5.2,39.7,51.0,D,D-,F,D+,C,59.8,Common,False,False,0,0,0,bbref_war,False,False
ganlebo01,ganlebo01,Bob Ganley,RF,"CF,LF",Deadball (1901-1919),1907,1907,1905,1909,MIN,MIN,2129,540,2,112.0,177,154.0,6,L,0.254,0.313,0.046,0.067,0.077,30.9,4.6,38.5,50.3,48.2,D,F,D+,C,C,59.7,Common,False,False,0,0,0,bbref_war,False,False
gilbebi02,gilbebi02,Billy Gilbert,2B,SS,Deadball (1901-1919),1905,1904,1901,1909,SFG,SFG,2816,695,4,167.0,270,229.0,8,R,0.25,0.334,0.044,0.073,0.087,26.7,3.0,48.2,53.7,46.8,D,F,C,C,C,59.5,Common,False,False,0,0,0,bbref_war,False,False
laudebi01,laudebi01,Billy Lauder,3B,,Deadball (1901-1919),1901,1899,1898,1903,PHI,PHI,1837,478,5,59.0,77,138.0,5,R,0.26,0.291,0.058,0.072,0.04,35.8,15.3,6.0,37.8,43.4,D+,F,F,D+,C-,59.5,Common,False,False,0,0,0,bbref_war,False,False
milleot01,milleot01,Otto Miller,C,,Deadball (1901-1919),1917,1912,1910,1922,LAD,LAD,2836,695,5,40.0,104,301.0,13,R,0.257,0.288,0.063,0.106,0.037,27.2,17.7,3.0,28.3,59.2,D,F,F,D,C+,59.5,Common,False,False,0,0,0,bbref_war,False,False
schlead01,schlead01,Admiral Schlei,C,,Deadball (1901-1919),1907,1906,1904,1911,CIN,CIN,1918,455,6,38.0,172,178.0,8,R,0.237,0.307,0.058,0.084,0.081,13.4,14.0,42.9,31.5,63.9,F,F,C-,D,B-,59.5,Common,False,False,0,0,0,bbref_war,False,False
nilesha01,nilesha01,Harry Niles,2B,"LF,RF",Deadball (1901-1919),1908,1907,1906,1910,BOS,BOS,2270,561,12,107.0,163,202.0,7,R,0.247,0.306,0.063,0.082,0.066,22.3,17.2,29.2,47.1,43.8,D-,F,D,C,C-,59.4,Common,False,False,0,0,0,bbref_war,False,False
tannele01,tannele01,Lee Tannehill,3B,SS,Deadball (1901-1919),1908,1904,1903,1912,CHW,CHW,3778,833,3,63.0,229,375.0,10,R,0.224,0.27,0.055,0.093,0.054,1.0,11.2,18.4,31.8,98.3,F,F,F,D,A+,59.4,Common,False,False,0,0,0,bbref_war,False,False
downeto01,downeto01,Tom Downey,SS,"2B,3B",Deadball (1901-1919),1912,1909,1909,1915,CIN,CIN,2170,520,7,87.0,198,206.0,7,B,0.24,0.306,0.065,0.087,0.083,14.8,18.1,44.5,45.1,46.0,F,F,C-,C,C,59.3,Common,False,False,0,0,0,bbref_war,False,False
kittrma01,kittrma01,Malachi Kittridge,C,,Deadball (1901-1919),1901,1901,1890,1906,MIN,MIN,4029,882,17,64.0,314,274.0,19,R,0.238,0.298,0.053,0.067,0.077,17.3,11.1,38.7,26.9,62.9,F,F,D+,D,B-,59.2,Common,False,False,0,0,0,bbref_war,False,False
jonesto01,jonesto01,Tom Jones,1B,,Deadball (1901-1919),1907,1906,1902,1910,BAL,BAL,3847,964,4,149.0,193,204.0,9,R,0.249,0.294,0.05,0.05,0.049,29.6,7.3,13.6,45.4,52.1,D,F,F,C,C,59.1,Common,False,False,0,0,0,bbref_war,False,False
kopfla01,kopfla01,Larry Kopf,SS,2B,Deadball (1901-1919),1917,1919,1913,1923,CIN,CIN,3010,750,5,72.0,242,214.0,10,B,0.253,0.313,0.054,0.066,0.07,30.3,9.8,32.9,32.0,44.6,D,F,D,D,C-,59.1,Common,False,False,0,0,0,bbref_war,False,False
magooge01,magooge01,George Magoon,SS,2B,Deadball (1901-1919),1901,1901,1898,1903,CIN,CIN,1834,439,2,47.0,194,161.0,7,R,0.239,0.321,0.055,0.078,0.094,16.2,11.2,54.4,34.0,51.4,F,F,C,D,C,59.1,Common,False,False,0,0,0,bbref_war,False,False
granted01,granted01,Eddie Grant,3B,SS,Deadball (1901-1919),1909,1909,1905,1915,PHI,PHI,3385,844,5,153.0,233,370.0,11,L,0.255,0.304,0.047,0.103,0.064,25.3,5.2,27.1,46.3,53.2,D,F,D,C,C,59.0,Common,False,False,0,0,0,bbref_war,False,False
sheanda01,sheanda01,Dave Shean,2B,,Deadball (1901-1919),1910,1918,1906,1919,ATL,ATL,2167,495,6,66.0,155,188.0,10,R,0.236,0.292,0.062,0.08,0.068,12.6,16.6,31.2,39.5,55.8,F,F,D,D+,C+,59.0,Common,False,False,0,0,0,bbref_war,False,False
courter01,courter01,Ernie Courtney,3B,1B,Deadball (1901-1919),1906,1907,1902,1908,PHI,PHI,1921,471,5,35.0,188,172.0,8,L,0.245,0.321,0.053,0.081,0.088,20.9,10.1,48.8,29.7,47.1,D-,F,C,D,C,58.9,Common,False,False,0,0,0,bbref_war,False,False
gedeojo01,gedeojo01,Joe Gedeon,2B,,Deadball (1901-1919),1917,1918,1913,1920,BAL,BAL,2109,515,1,33.0,180,181.0,7,R,0.244,0.311,0.059,0.078,0.078,20.4,14.2,39.6,30.0,46.2,D-,F,D+,D,C,58.9,Common,False,False,0,0,0,bbref_war,False,False
phelped01,phelped01,Ed Phelps,C,,Deadball (1901-1919),1907,1903,1902,1913,PIT,PIT,1832,460,3,31.0,163,203.0,12,R,0.256,0.332,0.055,0.102,0.084,27.2,11.5,44.9,30.7,38.2,D,F,C-,D,D+,58.9,Common,False,False,0,0,0,bbref_war,False,False
alperwh01,alperwh01,Whitey Alpermann,2B,,Deadball (1901-1919),1908,1907,1906,1909,LAD,LAD,1632,387,7,27.0,30,183.0,4,R,0.237,0.268,0.094,0.108,0.018,9.2,38.6,1.0,32.8,43.6,F,D+,F,D,C-,58.8,Common,False,False,0,0,0,bbref_war,False,False
henryjo02,henryjo02,John Henry,C,,Deadball (1901-1919),1915,1915,1910,1918,MIN,MIN,1920,397,2,55.0,244,271.0,9,R,0.211,0.314,0.052,0.12,0.12,1.0,9.8,77.1,34.3,59.0,F,F,B+,D,C+,58.7,Common,False,False,0,0,0,bbref_war,False,False
hahned01,hahned01,Ed Hahn,RF,LF,Deadball (1901-1919),1908,1907,1905,1910,CHW,CHW,2045,484,1,61.0,258,114.0,7,L,0.237,0.335,0.042,0.049,0.11,18.9,1.2,68.2,36.3,45.6,F,F,B,D+,C,58.5,Common,False,False,0,0,0,bbref_war,False,False
stanaos01,stanaos01,Oscar Stanage,C,,Deadball (1901-1919),1912,1911,1906,1925,DET,DET,3503,819,8,30.0,219,464.0,14,R,0.247,0.296,0.066,0.13,0.058,13.8,19.1,22.3,24.3,54.2,F,F,D-,D-,C,58.5,Common,False,False,0,0,0,bbref_war,False,False
sweened01,sweenje02,Ed Sweeney,C,,Deadball (1901-1919),1912,1913,1908,1919,NYY,NYY,1841,427,3,63.0,181,182.0,9,R,0.239,0.318,0.047,0.085,0.089,15.2,6.2,49.8,38.4,51.2,F,F,C,D+,C,58.5,Common,False,False,0,0,0,bbref_war,False,False
burchal01,burchal01,Al Burch,CF,"LF,RF",Deadball (1901-1919),1908,1909,1906,1911,LAD,LAD,2185,554,4,96.0,186,286.0,7,L,0.254,0.312,0.046,0.121,0.078,21.3,4.9,40.1,44.2,44.9,D-,F,C-,C-,C-,58.4,Common,False,False,0,0,0,bbref_war,False,False
janvrha01,janvrha01,Hal Janvrin,SS,"1B,2B",Deadball (1901-1919),1916,1915,1911,1922,BOS,BOS,2221,515,6,79.0,171,199.0,12,R,0.242,0.301,0.059,0.085,0.069,17.4,15.5,31.8,33.0,43.9,F,F,D,D,C-,58.4,Common,False,False,0,0,0,bbref_war,False,False
burkeji01,burkeji01,Jimmy Burke,3B,,Deadball (1901-1919),1902,1903,1898,1905,STL,STL,1947,475,1,87.0,112,104.0,9,R,0.244,0.295,0.045,0.05,0.054,25.2,4.8,18.0,44.4,48.0,D,F,F,C-,C,58.3,Common,False,False,0,0,0,bbref_war,False,False
kleinre01,kleinre01,Red Kleinow,C,,Deadball (1901-1919),1907,1907,1904,1911,NYY,NYY,1665,354,3,42.0,153,214.0,10,R,0.222,0.291,0.061,0.12,0.086,1.0,16.0,47.0,34.7,57.5,F,F,C,D,C+,58.3,Common,False,False,0,0,0,bbref_war,False,False
ballne01,ballne01,Neal Ball,SS,2B,Deadball (1901-1919),1910,1911,1907,1913,CLE,CLE,1613,404,4,92.0,99,323.0,9,R,0.25,0.295,0.063,0.188,0.058,11.6,18.4,21.6,50.8,42.5,F,F,D-,C,C-,58.2,Common,False,False,0,0,0,bbref_war,False,False
hulswru01,hulswru01,Rudy Hulswitt,SS,,Deadball (1901-1919),1904,1908,1899,1910,PHI,PHI,2230,564,3,49.0,136,172.0,7,R,0.253,0.299,0.061,0.072,0.057,29.2,15.2,21.2,34.1,28.5,D,F,D-,D,D,58.2,Common,False,False,0,0,0,bbref_war,False,False
knighjo02,knighjo02,John Knight,SS,"1B,2B,3B",Deadball (1901-1919),1910,1910,1905,1913,NYY,NYY,2664,636,14,86.0,211,448.0,9,R,0.242,0.301,0.071,0.152,0.07,4.9,23.2,32.5,38.5,45.5,F,D-,D,D+,C,58.2,Common,False,False,0,0,0,bbref_war,False,False
powerdo01,powerdo01,Doc Powers,C,,Deadball (1901-1919),1903,1902,1898,1909,OAK,OAK,2088,450,4,27.0,72,297.0,14,R,0.237,0.272,0.073,0.119,0.037,7.2,26.0,2.9,26.1,57.5,F,D,F,D,C+,58.1,Common,False,False,0,0,0,bbref_war,False,False
malonbi01,malonbi01,Billy Maloney,CF,"C,RF",Deadball (1901-1919),1906,1905,1901,1908,LAD,LAD,2476,585,6,155.0,162,446.0,7,L,0.236,0.294,0.063,0.167,0.06,1.0,15.7,24.1,63.6,49.9,F,F,D-,B-,C,57.9,Common,False,False,0,0,0,bbref_war,False,False
jonesch03,jonesch03,Charlie Jones,CF,,Deadball (1901-1919),1906,1907,1901,1908,MIN,MIN,1799,420,5,100.0,93,251.0,6,R,0.233,0.276,0.071,0.132,0.049,1.6,22.5,13.7,54.9,46.9,F,D-,F,C,C,57.8,Common,False,False,0,0,0,bbref_war,False,False
mollwfr01,mollwfr01,Fritz Mollwitz,1B,,Deadball (1901-1919),1916,1918,1913,1919,CHC,CHC,1740,420,1,70.0,83,132.0,10,R,0.241,0.278,0.052,0.072,0.045,19.1,10.1,10.7,41.9,46.4,F,F,F,C-,C,57.8,Common,False,False,0,0,0,bbref_war,False,False
agnewsa01,agnewsa01,Sam Agnew,C,,Deadball (1901-1919),1916,1913,1913,1919,BOS,BOS,1537,314,2,29.0,102,216.0,7,R,0.204,0.265,0.049,0.13,0.061,1.0,8.2,24.9,27.7,70.3,F,F,D-,D,B,57.4,Common,False,False,0,0,0,bbref_war,False,False
barclge01,barclge01,George Barclay,LF,,Deadball (1901-1919),1904,1902,1902,1905,STL,STL,1538,382,4,61.0,62,130.0,5,R,0.248,0.286,0.05,0.08,0.038,24.0,9.5,4.4,41.1,37.3,D-,F,F,C-,D+,57.4,Common,False,False,0,0,0,bbref_war,False,False
blackle01,blackle01,Lena Blackburne,SS,"2B,3B",Deadball (1901-1919),1915,1914,1910,1929,CHW,CHW,1807,387,4,54.0,162,182.0,9,R,0.214,0.292,0.046,0.096,0.092,1.0,5.7,51.9,34.5,57.2,F,F,C,D,C+,57.4,Common,False,False,0,0,0,bbref_war,False,False
streega01,streega01,Gabby Street,C,,Deadball (1901-1919),1909,1908,1904,1931,MIN,MIN,1501,312,2,17.0,119,144.0,10,R,0.21,0.276,0.048,0.082,0.074,1.0,8.3,35.9,23.7,64.3,F,F,D+,D-,B-,57.2,Common,False,False,0,0,0,bbref_war,False,False
francbi01,francbi01,Bill Francis,3B,,Deadball (1901-1919),1909,1924,1906,1925,NLB,NLB,2107,449,8,55.0,278,2.0,21,R,0.187,0.293,0.026,0.002,0.119,1.0,1.0,76.2,27.9,51.2,F,F,B+,D,C,57.1,Common,False,False,0,0,0,bbref_war,False,False
lewisph01,lewisph01,Phil Lewis,SS,,Deadball (1901-1919),1906,1906,1905,1908,LAD,LAD,1775,429,4,55.0,95,107.0,4,R,0.242,0.281,0.04,0.057,0.051,22.0,2.1,15.4,35.8,39.7,D-,F,F,D+,D+,56.8,Common,False,False,0,0,0,bbref_war,False,False
bergebi01,bergebi01,Bill Bergen,C,,Deadball (1901-1919),1904,1908,1901,1911,LAD,LAD,3028,516,2,23.0,88,421.0,11,R,0.185,0.206,0.037,0.13,0.027,1.0,1.0,1.0,24.1,80.4,F,F,F,D-,A-,56.4,Common,False,False,0,0,0,bbref_war,False,False
olearch01,o'leach01,Charley O'Leary,SS,2B,Deadball (1901-1919),1910,1907,1904,1934,DET,DET,3232,731,3,74.0,164,247.0,11,R,0.23,0.277,0.045,0.07,0.051,8.7,4.4,15.5,33.9,43.8,F,F,F,D,C-,55.9,Common,False,False,0,0,0,bbref_war,False,False
pujolal01,pujolal01,Albert Pujols,1B,"3B,LF",Efficiency Era (2006-2015),2006,2009,2001,2022,STL,STL,11421,3384,703,117.0,1373,1404.0,23,R,0.335,0.433,0.309,0.09,0.142,113.4,111.2,89.2,54.8,87.2,S,S,A,C,A,99.9,Legendary,True,False,11,2,4,bbref_war,True,True
troutmi01,troutmi01,Mike Trout,CF,LF,Efficiency Era (2006-2015),2015,2012,2011,2025,LAA,LAA,5967,1754,404,214.0,1067,1663.0,15,R,0.308,0.42,0.274,0.216,0.151,78.5,93.5,97.0,93.3,65.9,B+,A,A+,A,B,95.4,Legendary,True,False,11,0,0,bbref_war,True,True
beltrad01,beltrad01,Adrian Beltre,3B,,Efficiency Era (2006-2015),2012,2004,1998,2018,TEX,TEX,11068,3166,477,121.0,848,1732.0,21,R,0.317,0.367,0.23,0.118,0.07,94.2,77.7,28.8,28.0,120.4,A,B+,D,D,S,93.0,Legendary,True,True,4,5,10,bbref_war,False,True
vottojo01,vottojo01,Joey Votto,1B,,Efficiency Era (2006-2015),2012,2017,2007,2023,CIN,CIN,7252,2135,356,80.0,1365,1640.0,17,L,0.317,0.434,0.233,0.177,0.168,89.7,75.4,110.9,33.3,65.9,A,B+,S,D,B,90.7,Legendary,True,False,6,1,2,bbref_war,False,True
cabremi01,cabremi01,Miguel Cabrera,3B,"1B,LF,RF",Efficiency Era (2006-2015),2011,2011,2003,2023,DET,DET,10356,3174,511,40.0,1258,2105.0,21,R,0.332,0.416,0.259,0.153,0.122,106.0,89.1,72.8,25.5,38.8,S,A,B,D,D+,90.2,Legendary,True,False,12,0,0,bbref_war,False,True
ortizda01,ortizda01,David Ortiz,DH,1B,Efficiency Era (2006-2015),2007,2007,1997,2016,BOS,BOS,8640,2472,541,17.0,1319,1750.0,20,L,0.307,0.404,0.294,0.161,0.14,82.1,104.4,87.9,18.8,38.1,A-,S,A,F,D+,90.1,Legendary,True,True,10,0,0,bbref_war,True,True
utleych01,utleych01,Chase Utley,2B,,Efficiency Era (2006-2015),2008,2008,2003,2018,PHI,PHI,6857,1885,259,154.0,724,1193.0,17,L,0.296,0.383,0.221,0.155,0.1,72.2,70.4,54.2,79.2,101.9,B,B,C,B+,S,89.4,Legendary,True,False,6,0,0,bbref_war,False,False
suzukic01,suzukic01,Ichiro Suzuki,RF,"CF,LF",Efficiency Era (2006-2015),2006,2004,2001,2019,SEA,SEA,9934,3089,117,509.0,647,1080.0,20,L,0.339,0.38,0.096,0.092,0.058,116.8,13.1,18.7,112.6,106.8,S,F,F,S,S,88.7,Legendary,True,True,10,10,20,bbref_war,True,True
tulowtr01,tulowtr01,Troy Tulowitzki,SS,,Efficiency Era (2006-2015),2011,2007,2006,2019,COL,COL,4804,1391,225,57.0,511,900.0,14,R,0.299,0.372,0.229,0.166,0.1,73.9,75.2,54.1,41.5,98.4,B,B+,C,C-,A+,87.0,Epic,True,False,5,2,4,bbref_war,False,False
braunry02,braunry02,Ryan Braun,LF,"3B,RF",Efficiency Era (2006-2015),2011,2011,2007,2020,MIL,MIL,6622,1963,352,216.0,586,1363.0,14,R,0.31,0.372,0.25,0.182,0.081,82.9,85.3,38.3,80.2,54.1,A-,A,D+,A-,C,86.6,Epic,True,False,5,0,0,bbref_war,False,False
canoro01,canoro01,Robinson Cano,2B,,Efficiency Era (2006-2015),2012,2012,2005,2022,NYY,NYY,8773,2639,335,51.0,620,1214.0,19,L,0.311,0.368,0.209,0.122,0.075,89.2,66.8,32.8,38.7,84.3,A,B,D,D+,A-,86.4,Epic,True,False,8,2,4,bbref_war,True,False
hollima01,hollima01,Matt Holliday,LF,,Efficiency Era (2006-2015),2009,2007,2004,2018,STL,STL,7009,2096,316,108.0,802,1362.0,16,R,0.316,0.393,0.224,0.162,0.101,90.1,72.6,55.0,56.7,50.0,A,B,C+,C+,C,86.0,Epic,True,False,7,0,0,bbref_war,True,False
teixema01,teixema01,Mark Teixeira,1B,,Efficiency Era (2006-2015),2007,2008,2003,2016,TEX,TEX,6936,1862,409,26.0,918,1441.0,16,B,0.289,0.382,0.254,0.17,0.12,64.9,86.8,71.0,27.2,81.5,B-,A,B,D,A-,85.8,Epic,True,False,3,5,10,bbref_war,False,False
wrighda03,wrighda03,David Wright,3B,,Efficiency Era (2006-2015),2008,2007,2004,2018,NYM,NYM,5998,1777,242,196.0,762,1292.0,14,R,0.309,0.393,0.204,0.174,0.118,83.1,63.0,69.1,71.5,66.0,A-,B-,B,B,B,85.5,Epic,True,False,7,2,4,bbref_war,False,False
mauerjo01,mauerjo01,Joe Mauer,C,1B,Efficiency Era (2006-2015),2010,2009,2004,2018,MIN,MIN,6930,2123,143,52.0,939,1034.0,15,L,0.33,0.414,0.151,0.111,0.127,107.4,38.1,76.3,34.1,68.5,S,D+,B+,D,B,85.2,Epic,True,True,6,3,6,bbref_war,False,True
gonzaca01,gonzaca01,Carlos Gonzalez,LF,"CF,RF",Efficiency Era (2006-2015),2012,2010,2008,2019,COL,COL,5033,1432,234,122.0,448,1240.0,13,L,0.3,0.358,0.242,0.215,0.081,71.1,81.5,38.5,71.3,67.3,B,A-,D+,B,B,85.1,Epic,True,False,3,3,6,bbref_war,False,False
hunteto01,hunteto01,Torii Hunter,CF,RF,Efficiency Era (2006-2015),2007,2012,1997,2015,MIN,MIN,8857,2452,353,195.0,661,1741.0,19,R,0.289,0.347,0.198,0.182,0.075,63.6,62.0,33.2,58.7,103.4,B-,B-,D,C+,S,84.8,Epic,True,False,5,9,18,bbref_war,False,True
ramirha01,ramirha01,Hanley Ramirez,SS,"1B,3B,LF",Efficiency Era (2006-2015),2009,2009,2005,2019,MIA,MIA,6349,1834,271,281.0,660,1234.0,16,R,0.312,0.385,0.209,0.16,0.097,87.0,65.5,51.5,91.4,42.5,A,B,C,A,C-,84.3,Epic,True,False,3,0,0,bbref_war,False,False
crawfca02,crawfca02,Carl Crawford,LF,,Efficiency Era (2006-2015),2007,2010,2002,2016,TB,TB,6655,1931,136,480.0,377,1067.0,15,L,0.304,0.347,0.161,0.144,0.057,80.9,41.9,17.7,124.5,75.2,A-,C-,F,S,B+,84.0,Epic,True,False,4,1,2,bbref_war,True,False
pedrodu01,pedrodu01,Dustin Pedroia,2B,,Efficiency Era (2006-2015),2011,2011,2006,2019,BOS,BOS,6031,1805,140,138.0,624,654.0,14,R,0.308,0.373,0.145,0.09,0.092,88.4,36.2,47.3,63.1,96.4,A,D+,C,B-,A+,83.8,Epic,True,False,4,4,8,bbref_war,False,False
rolliji01,rolliji01,Jimmy Rollins,SS,,Efficiency Era (2006-2015),2006,2007,2000,2016,PHI,PHI,9294,2455,231,470.0,813,1264.0,17,B,0.276,0.337,0.172,0.116,0.081,57.3,47.5,38.2,111.8,95.8,C+,C,D+,S,A+,83.8,Epic,True,False,3,4,8,bbref_war,False,True
bautijo02,bautijo02,Jose Bautista,RF,"3B,CF",Efficiency Era (2006-2015),2012,2011,2004,2018,TOR,TOR,6051,1496,344,70.0,1032,1394.0,21,R,0.264,0.387,0.278,0.165,0.16,42.0,96.7,104.8,42.9,54.9,C-,A+,S,C-,C,83.7,Epic,True,False,6,0,0,bbref_war,False,False
stantmi03,stantmi03,Giancarlo Stanton,RF,,Efficiency Era (2006-2015),2015,2017,2010,2025,MIA,MIA,6274,1619,453,42.0,805,2059.0,16,R,0.273,0.364,0.276,0.273,0.119,42.1,97.7,70.0,35.2,63.7,C-,A+,B,D+,B-,83.6,Epic,True,False,5,0,0,bbref_war,True,False
poseybu01,poseybu01,Buster Posey,C,1B,Efficiency Era (2006-2015),2014,2012,2009,2021,SFG,SFG,4970,1500,158,23.0,540,721.0,12,R,0.31,0.381,0.168,0.125,0.101,87.7,47.2,55.3,29.4,76.3,A,C,C+,D,B+,83.1,Epic,True,False,7,1,2,bbref_war,False,True
kinslia01,kinslia01,Ian Kinsler,2B,,Efficiency Era (2006-2015),2013,2011,2006,2019,TEX,TEX,7423,1999,257,243.0,693,1046.0,15,R,0.279,0.349,0.185,0.124,0.088,58.7,54.9,44.4,82.5,93.7,C+,C,C-,A-,A,82.8,Epic,True,False,4,2,4,bbref_war,False,False
ramirar01,ramirar01,Aramis Ramirez,3B,,Efficiency Era (2006-2015),2006,2012,1998,2015,CHC,CHC,8136,2303,386,29.0,633,1238.0,20,R,0.302,0.363,0.24,0.122,0.078,80.3,80.9,35.9,20.2,57.8,A-,A-,D+,D-,C+,82.8,Epic,True,False,3,0,0,bbref_war,False,False
hamiljo03,hamiljo03,Josh Hamilton,CF,"LF,RF",Efficiency Era (2006-2015),2011,2010,2007,2015,TEX,TEX,3909,1134,200,50.0,352,938.0,9,L,0.294,0.355,0.234,0.212,0.084,66.2,77.8,40.3,46.5,47.7,B,B+,C-,C,C,82.7,Epic,True,False,5,0,0,bbref_war,True,True
molinya01,molinya01,Yadier Molina,C,,Efficiency Era (2006-2015),2012,2012,2004,2022,STL,STL,7817,2168,176,71.0,542,922.0,19,R,0.299,0.352,0.142,0.102,0.069,78.7,35.9,28.1,24.9,117.0,B+,D+,D,D-,S,82.5,Epic,True,False,10,9,18,bbref_war,False,True
zimmery01,zimmery01,Ryan Zimmerman,3B,1B,Efficiency Era (2006-2015),2009,2009,2005,2021,WSH,WSH,6654,1846,284,43.0,646,1384.0,16,R,0.287,0.354,0.208,0.184,0.093,61.5,66.3,48.4,40.9,77.4,B-,B,C,C-,B+,82.4,Epic,True,False,2,1,2,bbref_war,False,True
mccutan01,mccutan01,Andrew McCutchen,CF,"LF,RF",Efficiency Era (2006-2015),2013,2013,2009,2025,PIT,PIT,8350,2266,332,220.0,1183,1893.0,18,R,0.296,0.387,0.201,0.174,0.121,71.3,61.1,71.4,62.8,46.0,B,B-,B,B-,C,82.2,Epic,True,False,5,1,2,bbref_war,False,True
longoev01,longoev01,Evan Longoria,3B,,Efficiency Era (2006-2015),2011,2010,2008,2023,TB,TB,7306,1930,342,58.0,730,1696.0,16,R,0.27,0.345,0.226,0.204,0.098,44.6,73.9,52.2,42.0,96.5,C-,B,C,C-,A+,82.1,Epic,True,False,3,3,6,bbref_war,False,False
werthja01,werthja01,Jayson Werth,RF,"CF,LF",Efficiency Era (2006-2015),2009,2013,2002,2017,PHI,PHI,5484,1465,229,132.0,764,1450.0,15,R,0.291,0.386,0.204,0.212,0.127,63.2,62.7,76.6,64.4,60.5,B-,B-,B+,B-,B-,82.0,Epic,True,False,1,0,0,bbref_war,False,False
gonzaad01,gonzaad01,Adrian Gonzalez,1B,,Efficiency Era (2006-2015),2012,2009,2004,2018,LAD,LAD,7139,2050,317,6.0,782,1401.0,16,L,0.292,0.373,0.217,0.173,0.112,67.5,70.0,63.7,3.2,79.5,B,B,B-,F,B+,81.9,Epic,True,False,5,4,8,bbref_war,False,False
soriaal01,soriaal01,Alfonso Soriano,2B,LF,Efficiency Era (2006-2015),2006,2006,1999,2014,CHC,CHC,7750,2095,412,289.0,496,1803.0,17,R,0.282,0.328,0.244,0.205,0.055,55.4,84.1,16.0,75.7,53.4,C+,A-,F,B+,C,81.8,Epic,True,False,7,0,0,bbref_war,True,False
grandcu01,grandcu01,Curtis Granderson,CF,"LF,RF",Efficiency Era (2006-2015),2010,2007,2004,2019,DET,DET,7236,1800,344,153.0,924,1916.0,18,L,0.262,0.347,0.234,0.223,0.109,35.7,76.2,61.5,69.8,72.3,D+,B+,B-,B,B,81.6,Epic,True,False,3,0,0,bbref_war,False,True
zobribe01,zobribe01,Ben Zobrist,2B,"LF,RF,SS",Efficiency Era (2006-2015),2012,2009,2006,2019,TB,TB,5880,1566,167,116.0,832,994.0,15,B,0.275,0.369,0.176,0.146,0.128,54.1,49.2,77.7,58.9,82.3,C,C,B+,C+,A-,81.6,Epic,True,False,3,0,0,bbref_war,True,False
victosh01,victosh01,Shane Victorino,CF,"LF,RF",Efficiency Era (2006-2015),2010,2013,2003,2015,PHI,PHI,4630,1274,108,231.0,381,626.0,14,R,0.279,0.344,0.159,0.118,0.078,59.1,41.3,35.3,99.9,81.3,C+,C-,D+,A+,A-,81.0,Epic,True,False,2,4,8,bbref_war,False,True
gordoal01,gordoal01,Alex Gordon,LF,3B,Efficiency Era (2006-2015),2013,2011,2007,2020,KCR,KCR,6391,1643,190,113.0,684,1535.0,14,L,0.274,0.351,0.169,0.206,0.095,47.7,46.8,50.0,55.8,103.5,C,C,C,C+,S,80.8,Epic,True,False,3,8,16,bbref_war,False,True
reyesjo01,reyesjo01,Jose Reyes,SS,"2B,3B",Efficiency Era (2006-2015),2011,2006,2003,2018,NYM,NYM,7552,2138,145,517.0,589,914.0,17,B,0.297,0.353,0.152,0.1,0.082,77.3,37.3,38.6,119.2,56.8,B+,D+,D+,S,C+,80.8,Epic,True,False,4,0,0,bbref_war,False,False
heywaja01,heywaja01,Jason Heyward,RF,CF,Efficiency Era (2006-2015),2014,2015,2010,2025,ATL,ATL,6174,1575,186,125.0,706,1238.0,17,L,0.27,0.354,0.17,0.182,0.107,46.3,47.2,60.2,62.9,104.9,C,C,B-,B-,S,80.7,Epic,True,False,1,5,10,bbref_war,False,False
riosal01,riosal01,Alex Rios,RF,CF,Efficiency Era (2006-2015),2008,2008,2004,2015,TOR,TOR,6419,1778,169,253.0,400,1117.0,14,R,0.291,0.335,0.178,0.159,0.06,67.4,51.0,20.9,82.8,76.6,B,C,D-,A-,B+,80.6,Epic,True,False,2,0,0,bbref_war,False,False
howarry01,howarry01,Ryan Howard,1B,,Efficiency Era (2006-2015),2008,2006,2004,2016,PHI,PHI,5707,1475,382,12.0,709,1843.0,13,L,0.275,0.368,0.285,0.273,0.123,43.7,101.3,73.5,17.3,30.5,C-,S,B,F,D,80.3,Epic,True,False,3,0,0,bbref_war,True,False
youklke01,youklke01,Kevin Youkilis,1B,3B,Efficiency Era (2006-2015),2009,2009,2004,2013,BOS,BOS,3749,1053,150,26.0,539,828.0,11,R,0.284,0.385,0.204,0.184,0.122,59.2,62.1,72.3,37.0,63.6,C+,B-,B,D+,B-,80.0,Epic,True,False,3,1,2,bbref_war,False,False
encared01,encared01,Edwin Encarnacion,DH,"1B,3B",Efficiency Era (2006-2015),2015,2012,2005,2020,TOR,TOR,7040,1832,424,61.0,903,1426.0,18,R,0.267,0.366,0.27,0.166,0.129,44.5,94.6,78.6,32.9,34.1,C-,A,B+,D,D,79.8,Rare,True,False,3,0,0,bbref_war,False,False
brantmi02,brantmi02,Michael Brantley,LF,CF,Efficiency Era (2006-2015),2015,2014,2009,2023,CLE,CLE,5566,1656,129,125.0,485,658.0,15,L,0.306,0.364,0.151,0.096,0.079,86.2,39.1,36.5,61.0,60.4,A,D+,D+,B-,B-,79.7,Rare,True,False,5,0,0,bbref_war,False,False
hafnetr01,hafnetr01,Travis Hafner,DH,,Efficiency Era (2006-2015),2007,2006,2002,2013,CLE,CLE,4058,1107,213,11.0,598,976.0,12,L,0.289,0.394,0.239,0.195,0.133,63.2,78.6,81.8,12.8,36.9,B-,B+,A-,F,D+,79.7,Rare,False,False,0,0,0,bbref_war,False,False
morneju01,morneju01,Justin Morneau,1B,,Efficiency Era (2006-2015),2009,2010,2003,2016,MIN,MIN,5699,1603,247,5.0,573,988.0,15,L,0.297,0.366,0.214,0.141,0.097,74.1,68.4,51.6,3.8,54.4,B,B,C,F,C,79.6,Rare,True,False,4,0,0,bbref_war,False,False
hudsoor01,hudsoor01,Orlando Hudson,2B,,Efficiency Era (2006-2015),2006,2004,2002,2012,TOR,TOR,4825,1319,93,85.0,483,825.0,12,B,0.282,0.35,0.144,0.147,0.093,60.3,34.3,48.1,58.0,100.3,B-,D,C,C+,S,79.5,Rare,True,False,2,4,8,bbref_war,False,False
bayja01,bayja01,Jason Bay,LF,,Efficiency Era (2006-2015),2008,2005,2003,2013,PIT,PIT,4505,1200,222,95.0,636,1216.0,13,R,0.278,0.374,0.226,0.227,0.126,50.4,72.7,75.7,61.6,38.5,C,B,B+,B-,D+,79.2,Rare,True,False,3,0,0,bbref_war,False,False
ellsbja01,ellsbja01,Jacoby Ellsbury,CF,LF,Efficiency Era (2006-2015),2013,2011,2007,2017,BOS,BOS,4846,1376,104,343.0,399,737.0,11,L,0.288,0.348,0.142,0.136,0.078,66.4,34.2,35.2,108.4,68.8,B,D,D+,S,B,79.2,Rare,True,False,1,1,2,bbref_war,False,False
fieldpr01,fieldpr01,Prince Fielder,1B,,Efficiency Era (2006-2015),2011,2009,2005,2016,MIL,MIL,5821,1645,319,18.0,847,1155.0,12,L,0.288,0.395,0.247,0.171,0.136,63.6,82.9,84.0,11.4,22.4,B-,A-,A-,F,D-,79.0,Rare,True,False,6,0,0,bbref_war,True,False
mccanbr01,mccanbr01,Brian McCann,C,,Efficiency Era (2006-2015),2010,2008,2005,2019,ATL,ATL,6067,1590,282,25.0,640,1054.0,15,L,0.278,0.357,0.208,0.151,0.101,56.1,66.0,55.1,20.4,62.5,C+,B,C+,D-,B-,78.2,Rare,True,False,7,0,0,bbref_war,True,False
youngmi02,youngmi02,Michael Young,SS,"1B,2B,3B",Efficiency Era (2006-2015),2007,2006,2000,2013,TEX,TEX,7918,2375,185,90.0,575,1235.0,15,R,0.316,0.364,0.149,0.135,0.071,92.8,38.3,29.4,50.2,46.7,A,D+,D,C,C,78.2,Rare,True,False,7,1,2,bbref_war,True,False
uptonju01,uptonju01,Justin Upton,LF,RF,Efficiency Era (2006-2015),2014,2017,2007,2022,LAA,LAA,6721,1754,325,151.0,785,1971.0,17,R,0.272,0.353,0.225,0.252,0.103,42.9,73.3,56.7,61.9,55.0,C-,B,C+,B-,C+,77.8,Rare,True,False,4,0,0,bbref_war,False,False
markani01,markani01,Nick Markakis,RF,,Efficiency Era (2006-2015),2009,2008,2006,2020,BAL,BAL,8302,2388,189,66.0,891,1230.0,15,L,0.298,0.369,0.151,0.134,0.101,75.9,38.7,54.8,40.3,68.5,B+,D+,C,C-,B,77.7,Rare,True,False,1,3,6,bbref_war,False,False
sizemgr01,sizemgr01,Grady Sizemore,CF,LF,Efficiency Era (2006-2015),2007,2006,2004,2015,CLE,CLE,4147,1098,150,143.0,483,952.0,12,L,0.271,0.36,0.209,0.2,0.108,45.8,64.0,60.8,78.1,53.7,C,B-,B-,B+,C,77.7,Rare,True,False,3,2,4,bbref_war,False,False
martivi01,martivi01,Victor Martinez,C,1B,Efficiency Era (2006-2015),2009,2014,2002,2018,CLE,CLE,7297,2153,246,7.0,730,891.0,17,B,0.307,0.378,0.19,0.108,0.101,86.0,57.4,55.0,5.0,41.2,A,C+,C+,F,C-,77.5,Rare,True,False,5,0,0,bbref_war,False,False
roberbr01,roberbr01,Brian Roberts,2B,,Efficiency Era (2006-2015),2006,2005,2001,2014,BAL,BAL,5531,1527,97,285.0,609,844.0,14,B,0.288,0.362,0.142,0.134,0.105,66.3,33.6,58.1,80.3,65.1,B,D,C+,A-,B,77.3,Rare,True,False,2,0,0,bbref_war,False,False
pencehu01,pencehu01,Hunter Pence,RF,CF,Efficiency Era (2006-2015),2010,2011,2007,2020,HOU,HOU,6420,1791,244,120.0,520,1335.0,16,R,0.291,0.346,0.186,0.18,0.076,66.3,55.5,34.3,56.8,54.9,B,C+,D,C+,C,77.2,Rare,True,False,4,0,0,bbref_war,False,False
kempma01,kempma01,Matt Kemp,CF,"LF,RF",Efficiency Era (2006-2015),2011,2011,2006,2020,LAD,LAD,6365,1808,287,184.0,518,1641.0,16,R,0.287,0.346,0.207,0.232,0.081,58.3,65.3,38.4,68.8,43.8,C+,B,D+,B,C-,77.1,Rare,True,False,3,2,4,bbref_war,False,False
gardnbr01,gardnbr01,Brett Gardner,LF,CF,Efficiency Era (2006-2015),2014,2010,2008,2021,NYY,NYY,5737,1470,139,274.0,699,1245.0,14,L,0.263,0.346,0.152,0.194,0.105,38.8,38.2,57.9,87.7,92.7,D+,D+,C+,A,A,76.9,Rare,True,False,1,1,2,bbref_war,False,False
phillbr01,phillbr01,Brandon Phillips,2B,,Efficiency Era (2006-2015),2010,2011,2002,2018,CIN,CIN,7378,2029,211,209.0,420,1092.0,18,R,0.282,0.329,0.153,0.13,0.057,61.5,40.7,17.8,69.7,83.8,B-,C-,F,B,A-,76.9,Rare,True,False,3,4,8,bbref_war,False,False
simmoan01,simmoan01,Andrelton Simmons,SS,,Efficiency Era (2006-2015),2015,2017,2012,2022,ATL,ATL,4441,1169,70,72.0,304,461.0,11,R,0.274,0.323,0.115,0.088,0.064,57.4,22.6,23.8,47.6,125.0,C+,D-,D-,C,S,76.9,Rare,False,False,0,4,8,bbref_war,False,False
ibanera01,ibanera01,Raul Ibanez,LF,"1B,RF",Efficiency Era (2006-2015),2006,2006,1996,2014,SEA,SEA,7471,2034,305,50.0,713,1374.0,20,L,0.282,0.347,0.202,0.168,0.09,58.6,63.3,45.4,31.2,50.6,C+,B-,C,D,C,76.8,Rare,True,False,1,0,0,bbref_war,False,True
matsuhi01,matsuhi01,Hideki Matsui,LF,CF,Efficiency Era (2006-2015),2007,2004,2003,2012,NYY,NYY,4442,1253,175,13.0,547,689.0,10,L,0.289,0.369,0.196,0.134,0.111,67.6,59.7,63.7,22.3,36.2,B,C+,B-,D-,D+,76.6,Rare,True,False,2,0,0,bbref_war,True,False
choosh01,choosh01,Shin-Soo Choo,RF,"CF,LF",Efficiency Era (2006-2015),2012,2010,2005,2020,CLE,CLE,6087,1671,218,157.0,868,1579.0,17,L,0.287,0.391,0.183,0.212,0.127,59.5,52.5,76.3,60.6,37.1,C+,C,B+,B-,D+,76.0,Rare,True,False,1,0,0,bbref_war,False,False
crispco01,crispco01,Coco Crisp,CF,LF,Efficiency Era (2006-2015),2010,2005,2002,2016,OAK,OAK,5930,1572,130,309.0,561,865.0,16,B,0.273,0.334,0.149,0.124,0.087,53.6,37.8,43.5,95.4,66.2,C,D+,C-,A+,B,75.9,Rare,False,False,0,0,0,bbref_war,False,False
murphda08,murphda08,Daniel Murphy,2B,"1B,3B",Efficiency Era (2006-2015),2013,2016,2008,2020,NYM,NYM,5308,1572,138,68.0,364,709.0,13,L,0.303,0.347,0.159,0.117,0.061,82.2,42.8,21.3,46.7,43.6,A-,C-,D-,C,C-,75.9,Rare,True,False,3,0,0,bbref_war,True,False
santaca01,santaca01,Carlos Santana,1B,C,Efficiency Era (2006-2015),2014,2019,2010,2025,CLE,CLE,7815,1880,335,65.0,1330,1540.0,19,B,0.256,0.369,0.206,0.167,0.149,34.6,63.7,95.6,29.9,60.9,D,B-,A+,D,B-,75.7,Rare,True,False,1,1,2,bbref_war,False,False
burrepa01,burrepa01,Pat Burrell,LF,,Efficiency Era (2006-2015),2006,2002,2000,2011,PHI,PHI,5503,1393,292,7.0,932,1564.0,13,R,0.263,0.374,0.238,0.229,0.149,36.7,78.6,95.3,1.4,48.6,D+,B+,A+,F,C,75.5,Rare,False,False,0,0,0,bbref_war,False,False
cespeyo01,cespeyo01,Yoenis Cespedes,LF,CF,Efficiency Era (2006-2015),2015,2015,2012,2020,NYM,NYM,3191,870,165,43.0,240,742.0,10,R,0.274,0.328,0.224,0.21,0.069,47.6,73.8,27.9,44.9,50.1,C,B,D,C-,C,75.4,Rare,True,False,2,1,2,bbref_war,False,False
jonesad01,jonesad01,Adam Jones,CF,RF,Efficiency Era (2006-2015),2012,2014,2006,2019,BAL,BAL,7009,1939,282,97.0,340,1395.0,14,R,0.282,0.32,0.192,0.186,0.04,57.0,60.3,3.8,49.5,65.2,C+,B-,F,C,B,75.3,Rare,True,False,5,4,8,bbref_war,False,False
napolmi01,napolmi01,Mike Napoli,C,1B,Efficiency Era (2006-2015),2010,2011,2006,2017,LAA,LAA,4572,1125,267,39.0,650,1468.0,13,R,0.262,0.362,0.236,0.264,0.124,32.9,78.1,73.9,25.3,52.1,D,B+,B,D,C,75.3,Rare,True,False,1,0,0,bbref_war,False,False
reddijo01,reddijo01,Josh Reddick,RF,LF,Efficiency Era (2006-2015),2014,2012,2009,2021,OAK,OAK,4408,1157,146,61.0,393,791.0,14,L,0.268,0.328,0.175,0.163,0.084,45.7,50.0,40.4,55.0,77.0,C,C,C-,C+,B+,75.3,Rare,False,False,0,1,2,bbref_war,False,False
bruceja01,bruceja01,Jay Bruce,RF,,Efficiency Era (2006-2015),2012,2013,2008,2021,CIN,CIN,5964,1455,319,65.0,600,1572.0,17,L,0.256,0.328,0.237,0.234,0.095,29.2,79.5,49.5,29.0,64.1,D,B+,C,D,B-,75.1,Rare,True,False,3,0,0,bbref_war,False,False
hillaa01,hillaa01,Aaron Hill,2B,"3B,SS",Efficiency Era (2006-2015),2009,2009,2005,2017,TOR,TOR,5646,1501,162,74.0,443,847.0,15,R,0.278,0.333,0.172,0.131,0.07,57.4,49.3,29.1,38.7,71.6,C+,C,D,D+,B,75.0,Rare,True,False,1,0,0,bbref_war,False,False
kendrho01,kendrho01,Howie Kendrick,2B,"1B,LF",Efficiency Era (2006-2015),2012,2014,2006,2020,LAA,LAA,5950,1747,127,126.0,349,1102.0,16,R,0.294,0.338,0.143,0.172,0.055,69.0,35.5,16.4,51.7,66.6,B,D+,F,C,B,75.0,Rare,True,False,1,0,0,bbref_war,True,False
pierrju01,pierrju01,Juan Pierre,CF,LF,Efficiency Era (2006-2015),2006,2004,2000,2013,LAD,LAD,7525,2217,18,614.0,464,479.0,14,L,0.305,0.354,0.08,0.053,0.06,89.0,4.2,20.3,112.8,59.3,A,F,D-,S,C+,75.0,Rare,False,False,0,0,0,bbref_war,False,False
pradoma01,pradoma01,Martin Prado,3B,"1B,2B,LF",Efficiency Era (2006-2015),2013,2012,2006,2019,ATL,ATL,5373,1542,100,40.0,385,676.0,15,R,0.296,0.346,0.132,0.113,0.069,75.7,30.3,27.7,37.9,74.1,B+,D,D,D+,B,75.0,Rare,True,False,1,0,0,bbref_war,False,False
cabreme01,cabreme01,Melky Cabrera,LF,"CF,RF",Efficiency Era (2006-2015),2012,2012,2005,2019,NYY,NYY,6878,1962,144,101.0,510,891.0,16,B,0.297,0.344,0.146,0.119,0.068,76.2,36.5,27.0,43.8,52.3,B+,D+,D,C-,C,74.9,Rare,True,False,1,0,0,bbref_war,True,False
hartco01,hartco01,Corey Hart,RF,1B,Efficiency Era (2006-2015),2009,2007,2004,2015,MIL,MIL,3729,1009,162,85.0,286,853.0,11,R,0.277,0.335,0.218,0.204,0.071,51.0,69.7,29.7,54.5,41.6,C,B,D,C,C-,74.9,Rare,True,False,2,0,0,bbref_war,False,False
ethiean01,ethiean01,Andre Ethier,RF,"CF,LF",Efficiency Era (2006-2015),2011,2012,2006,2017,LAD,LAD,4800,1367,162,29.0,519,938.0,12,L,0.287,0.363,0.186,0.174,0.1,62.3,55.0,53.8,19.4,51.2,B-,C+,C,F,C,74.8,Rare,True,False,2,1,2,bbref_war,False,False
crawfbr01,crawfbr01,Brandon Crawford,SS,,Efficiency Era (2006-2015),2015,2021,2011,2024,SFG,SFG,5646,1404,147,47.0,544,1294.0,14,L,0.259,0.33,0.157,0.201,0.088,35.0,41.0,43.8,38.2,100.2,D+,C-,C-,D+,S,74.7,Rare,True,False,3,4,8,bbref_war,False,True
larocad01,larocad01,Adam LaRoche,1B,,Efficiency Era (2006-2015),2008,2012,2004,2015,PIT,PIT,5593,1452,255,13.0,649,1407.0,14,L,0.273,0.348,0.221,0.214,0.105,46.6,71.8,58.3,11.5,50.5,C,B,C+,F,C,74.7,Rare,False,False,0,1,2,bbref_war,False,False
sandopa01,sandopa01,Pablo Sandoval,3B,1B,Efficiency Era (2006-2015),2012,2011,2008,2021,SFG,SFG,4609,1279,153,12.0,357,757.0,16,B,0.29,0.343,0.177,0.141,0.074,67.8,51.4,32.5,17.8,51.5,B,C,D,F,C,74.7,Rare,True,False,2,0,0,bbref_war,True,False
gomezca01,gomezca01,Carlos Gomez,CF,RF,Efficiency Era (2006-2015),2013,2013,2007,2019,MIL,MIL,4724,1189,145,268.0,319,1259.0,15,R,0.263,0.322,0.175,0.245,0.062,35.0,50.0,22.1,78.3,84.3,D+,C,D-,B+,A-,74.6,Rare,True,False,2,1,2,bbref_war,False,False
lindad01,lindad01,Adam Lind,1B,LF,Efficiency Era (2006-2015),2013,2009,2006,2017,TOR,TOR,4577,1247,200,7.0,393,945.0,12,L,0.287,0.348,0.2,0.176,0.086,62.4,62.5,42.1,17.7,43.5,B-,B-,C-,F,C-,74.4,Rare,False,False,0,0,0,bbref_war,False,False
seageky01,seageky01,Kyle Seager,3B,,Efficiency Era (2006-2015),2015,2016,2011,2021,SEA,SEA,5561,1395,242,55.0,533,1120.0,11,L,0.261,0.332,0.191,0.169,0.088,39.2,58.4,43.9,34.1,75.1,D+,C+,C-,D,B+,74.4,Rare,True,False,1,1,2,bbref_war,False,False
andruel01,andruel01,Elvis Andrus,SS,,Efficiency Era (2006-2015),2013,2017,2009,2023,TEX,TEX,7772,2091,102,347.0,611,1206.0,16,R,0.28,0.334,0.116,0.139,0.072,59.0,22.4,30.4,93.1,75.8,C+,D-,D,A,B+,74.3,Rare,True,False,2,0,0,bbref_war,False,False
cuddymi01,cuddymi01,Michael Cuddyer,RF,"1B,2B,3B,LF",Efficiency Era (2006-2015),2009,2007,2001,2015,MIN,MIN,5488,1522,197,75.0,527,1101.0,15,R,0.288,0.355,0.194,0.172,0.088,63.8,58.4,44.4,51.3,29.0,B-,C+,C-,C,D,74.3,Rare,True,False,2,0,0,bbref_war,False,False
overbly01,overbly01,Lyle Overbay,1B,,Efficiency Era (2006-2015),2007,2006,2001,2014,TOR,TOR,5102,1355,151,19.0,638,1108.0,16,L,0.279,0.364,0.176,0.185,0.117,54.1,50.3,68.6,17.3,60.2,C,C,B,F,B-,74.3,Rare,False,False,0,0,0,bbref_war,False,False
pearcst01,pearcst01,Steve Pearce,LF,"1B,RF",Efficiency Era (2006-2015),2014,2014,2007,2019,BAL,BAL,2256,572,91,13.0,240,509.0,17,R,0.266,0.348,0.212,0.19,0.098,41.9,66.6,52.4,19.0,53.3,C-,B,C,F,C,74.3,Rare,False,False,0,0,0,bbref_war,True,False
penaca01,penaca01,Carlos Peña,1B,,Efficiency Era (2006-2015),2008,2007,2001,2014,TB,TB,4949,1146,286,29.0,817,1577.0,16,L,0.238,0.358,0.254,0.262,0.147,10.8,85.3,93.9,29.9,54.0,F,A,A,D,C,74.3,Rare,True,False,1,1,2,bbref_war,False,False
byrdma01,byrdma01,Marlon Byrd,CF,"LF,RF",Efficiency Era (2006-2015),2009,2013,2002,2016,TEX,TEX,5579,1534,159,56.0,382,1234.0,19,R,0.29,0.344,0.167,0.197,0.063,63.6,46.4,23.4,40.7,61.2,B-,C,D-,C-,B-,74.1,Rare,True,False,1,0,0,bbref_war,False,False
uribeju01,uribeju01,Juan Uribe,3B,"2B,SS",Efficiency Era (2006-2015),2009,2004,2001,2016,SFG,SFG,6161,1568,199,48.0,388,1224.0,18,R,0.272,0.321,0.179,0.177,0.065,48.6,52.5,24.8,25.5,81.7,C,C,D-,D,A-,74.1,Rare,False,False,0,0,0,bbref_war,False,False
bournmi01,bournmi01,Michael Bourn,CF,LF,Efficiency Era (2006-2015),2011,2012,2006,2016,HOU,HOU,4784,1272,36,341.0,445,1124.0,14,L,0.275,0.339,0.098,0.209,0.086,48.6,12.6,42.2,114.7,87.2,C,F,C-,S,A,74.0,Rare,True,False,2,2,4,bbref_war,False,False
diazma02,diazma02,Matt Diaz,LF,RF,Efficiency Era (2006-2015),2007,2007,2003,2013,ATL,ATL,1881,546,45,33.0,106,378.0,12,R,0.307,0.358,0.164,0.18,0.054,78.8,44.5,15.6,36.0,46.9,B+,C-,F,D+,C,74.0,Rare,False,False,0,0,0,bbref_war,False,False
butlebi03,butlebi03,Billy Butler,DH,1B,Efficiency Era (2006-2015),2011,2010,2007,2016,KCR,KCR,5105,1479,147,5.0,500,840.0,11,R,0.3,0.367,0.163,0.146,0.093,76.8,45.1,48.5,8.5,35.6,B+,C,C,F,D+,73.7,Rare,True,False,1,0,0,bbref_war,False,True
rossco01,rossco01,Cody Ross,CF,"LF,RF",Efficiency Era (2006-2015),2010,2008,2003,2015,MIA,MIA,3453,904,132,33.0,282,800.0,15,R,0.268,0.329,0.192,0.209,0.075,42.6,58.3,32.8,36.4,61.1,C-,C+,D,D+,B-,73.7,Rare,False,False,0,0,0,bbref_war,True,False
rossda01,rossda01,David Ross,C,,Efficiency Era (2006-2015),2010,2009,2002,2016,ATL,ATL,2280,521,106,3.0,287,735.0,17,R,0.259,0.349,0.238,0.271,0.12,29.3,77.1,71.0,1.0,59.5,D,B+,B,F,C+,73.7,Rare,False,False,0,0,0,bbref_war,False,False
parrage01,parrage01,Gerardo Parra,LF,"CF,RF",Efficiency Era (2006-2015),2013,2013,2009,2021,ARI,ARI,4858,1335,90,97.0,318,920.0,15,L,0.281,0.33,0.137,0.168,0.064,57.8,32.2,23.9,49.2,82.3,C+,D,D-,C,A-,73.6,Rare,False,False,0,2,4,bbref_war,False,False
ellisma01,ellisma01,Mark Ellis,2B,,Efficiency Era (2006-2015),2007,2007,2002,2014,OAK,OAK,5117,1343,105,82.0,438,801.0,13,R,0.274,0.344,0.126,0.135,0.084,53.6,27.2,41.0,41.4,91.2,C,D,C-,C-,A,73.5,Rare,False,False,0,0,0,bbref_war,False,False
martiru01,martiru01,Russell Martin,C,,Efficiency Era (2006-2015),2011,2014,2006,2019,LAD,LAD,5701,1416,191,101.0,792,1211.0,14,R,0.255,0.353,0.164,0.188,0.118,31.8,45.4,69.3,37.5,84.4,D,C,B,D+,A-,73.5,Rare,True,False,4,1,2,bbref_war,False,False
spande01,spande01,Denard Span,CF,"LF,RF",Efficiency Era (2006-2015),2012,2012,2008,2018,MIN,MIN,5326,1498,71,185.0,515,716.0,12,L,0.285,0.352,0.113,0.122,0.089,64.8,19.3,45.0,78.0,66.1,B-,F,C,B+,B,73.5,Rare,False,False,0,0,0,bbref_war,False,False
gutiefr01,gutiefr01,Franklin Gutierrez,CF,"LF,RF",Efficiency Era (2006-2015),2009,2009,2005,2017,SEA,SEA,3032,778,97,78.0,228,736.0,12,R,0.263,0.32,0.175,0.236,0.075,35.7,51.2,33.0,54.6,78.8,D+,C,D,C,B+,73.4,Rare,False,False,0,1,2,bbref_war,False,False
hallbi03,hallbi03,Bill Hall,SS,"2B,3B,CF,LF",Efficiency Era (2006-2015),2007,2006,2002,2012,MIL,MIL,3334,827,125,62.0,286,971.0,13,R,0.26,0.324,0.211,0.248,0.085,32.0,66.5,41.6,35.4,65.2,D,B,C-,D+,B,73.3,Rare,False,False,0,0,0,bbref_war,False,False
drewst01,drewst01,Stephen Drew,SS,2B,Efficiency Era (2006-2015),2010,2010,2006,2017,ARI,ARI,4403,1109,123,41.0,435,926.0,14,L,0.273,0.335,0.187,0.187,0.085,48.7,53.3,41.6,42.2,56.5,C,C,C-,C-,C+,73.2,Rare,False,False,0,0,0,bbref_war,False,False
swishni01,swishni01,Nick Swisher,RF,"1B,CF,LF",Efficiency Era (2006-2015),2010,2007,2004,2015,NYY,NYY,5369,1338,245,13.0,817,1373.0,13,B,0.262,0.366,0.21,0.214,0.135,36.3,65.7,83.3,14.3,49.0,D+,B,A-,F,C,73.2,Rare,True,False,1,0,0,bbref_war,False,False
willijo03,willijo03,Josh Willingham,LF,,Efficiency Era (2006-2015),2009,2012,2004,2014,MIA,MIA,3912,988,195,35.0,553,1036.0,12,R,0.261,0.362,0.224,0.213,0.115,36.1,72.0,66.6,29.0,40.8,D+,B,B,D,C-,73.2,Rare,False,False,0,0,0,bbref_war,False,False
figgich01,figgich01,Chone Figgins,3B,"2B,CF,LF",Efficiency Era (2006-2015),2007,2009,2002,2014,LAA,LAA,4701,1298,35,341.0,540,832.0,12,B,0.287,0.361,0.091,0.154,0.105,63.9,9.4,58.2,106.2,57.8,B-,F,C+,S,C+,73.1,Rare,False,False,0,0,0,bbref_war,False,False
ruizca01,ruizca01,Carlos Ruiz,C,,Efficiency Era (2006-2015),2011,2012,2006,2017,PHI,PHI,3539,935,71,25.0,403,499.0,13,R,0.278,0.362,0.141,0.117,0.098,58.9,33.7,52.5,24.7,72.2,C+,D,C,D-,B,73.0,Rare,True,False,1,0,0,bbref_war,False,False
scottlu01,scottlu01,Luke Scott,DH,"LF,RF",Efficiency Era (2006-2015),2009,2010,2005,2013,BAL,BAL,2810,725,135,17.0,334,662.0,9,L,0.263,0.345,0.23,0.204,0.105,38.6,74.7,58.2,27.6,36.9,D+,B,C+,D,D+,73.0,Rare,False,False,0,0,0,bbref_war,False,False
hardyjj01,hardyjj01,J. J. Hardy,SS,,Efficiency Era (2006-2015),2012,2008,2005,2017,BAL,BAL,5805,1488,188,8.0,411,960.0,13,R,0.266,0.312,0.167,0.146,0.062,45.4,48.1,22.5,11.8,91.1,C,C,D-,F,A,72.9,Rare,True,False,2,3,6,bbref_war,False,False
peraljh01,peraljh01,Jhonny Peralta,SS,3B,Efficiency Era (2006-2015),2010,2014,2003,2017,CLE,CLE,6599,1761,202,17.0,606,1450.0,16,R,0.281,0.343,0.177,0.196,0.084,55.6,51.4,40.6,12.8,61.3,C+,C,C-,F,B-,72.9,Rare,True,False,3,0,0,bbref_war,False,False
escobyu01,escobyu01,Yunel Escobar,SS,3B,Efficiency Era (2006-2015),2010,2011,2007,2017,ATL,ATL,5315,1501,90,34.0,509,686.0,12,R,0.295,0.364,0.113,0.117,0.09,74.6,21.5,45.7,24.9,68.6,B,D-,C,D-,B,72.8,Rare,False,False,0,0,0,bbref_war,False,False
paganan01,paganan01,Angel Pagan,CF,"LF,RF",Efficiency Era (2006-2015),2012,2010,2006,2016,SFG,SFG,4084,1143,64,176.0,319,638.0,11,B,0.285,0.336,0.135,0.136,0.073,64.1,29.9,31.4,82.9,49.9,B-,D,D,A-,C,72.8,Rare,False,False,0,0,0,bbref_war,False,False
quentca01,quentca01,Carlos Quentin,LF,RF,Efficiency Era (2006-2015),2010,2008,2006,2014,CHW,CHW,2790,702,154,16.0,298,516.0,9,R,0.259,0.355,0.246,0.152,0.093,38.8,82.4,48.2,28.9,26.6,D+,A-,C,D,D,72.7,Rare,True,False,2,0,0,bbref_war,False,False
youngch04,youngch04,Chris Young,CF,"LF,RF",Efficiency Era (2006-2015),2012,2010,2006,2018,ARI,ARI,4710,1109,191,142.0,520,1192.0,14,R,0.246,0.322,0.202,0.221,0.097,21.3,63.0,51.3,61.8,63.9,D-,B-,C,B-,B-,72.7,Rare,True,False,1,0,0,bbref_war,False,False
blaloha01,blaloha01,Hank Blalock,3B,1B,Efficiency Era (2006-2015),2006,2003,2002,2010,TEX,TEX,3567,959,153,14.0,313,720.0,9,L,0.272,0.33,0.199,0.18,0.078,48.1,62.1,35.5,20.7,52.4,C,B-,D+,D-,C,72.6,Rare,True,False,2,0,0,bbref_war,False,False
scutama01,scutama01,Marco Scutaro,SS,"2B,3B",Efficiency Era (2006-2015),2010,2009,2002,2014,BOS,BOS,4887,1355,77,55.0,474,570.0,14,R,0.285,0.352,0.107,0.098,0.093,66.7,18.1,48.0,43.0,65.7,B,F,C,C-,B,72.6,Rare,True,False,1,0,0,bbref_war,True,False
hawpebr01,hawpebr01,Brad Hawpe,RF,,Efficiency Era (2006-2015),2008,2006,2004,2013,COL,COL,2934,806,124,13.0,430,810.0,10,L,0.279,0.374,0.211,0.231,0.13,50.8,65.3,79.6,19.1,21.6,C,B,B+,F,D-,72.5,Rare,True,False,1,0,0,bbref_war,False,False
loneyja01,loneyja01,James Loney,1B,,Efficiency Era (2006-2015),2009,2011,2006,2016,LAD,LAD,5023,1425,108,38.0,397,652.0,12,L,0.294,0.348,0.136,0.12,0.077,72.8,32.1,34.7,32.1,54.2,B,D,D,D,C,72.5,Rare,False,False,0,0,0,bbref_war,False,False
murphda07,murphda07,David Murphy,LF,RF,Efficiency Era (2006-2015),2010,2012,2006,2015,TEX,TEX,3467,950,104,54.0,316,575.0,12,L,0.282,0.343,0.161,0.157,0.087,59.2,43.5,42.9,44.3,47.6,C+,C-,C-,C-,C,72.5,Rare,False,False,0,0,0,bbref_war,False,False
fowlede01,fowlede01,Dexter Fowler,CF,RF,Efficiency Era (2006-2015),2014,2016,2008,2021,COL,COL,5040,1306,127,149.0,740,1326.0,14,B,0.27,0.37,0.166,0.224,0.13,43.1,43.0,79.0,70.0,40.9,C-,C-,B+,B,C-,72.4,Rare,True,False,1,0,0,bbref_war,False,False
barmecl01,barmecl01,Clint Barmes,SS,2B,Efficiency Era (2006-2015),2009,2011,2003,2015,COL,COL,3805,932,89,43.0,216,734.0,13,R,0.261,0.31,0.157,0.173,0.054,38.3,42.0,15.6,40.6,94.8,D+,C-,F,C-,A,72.3,Rare,False,False,0,0,0,bbref_war,False,False
lucrojo01,lucrojo01,Jonathan Lucroy,C,,Efficiency Era (2006-2015),2013,2014,2010,2021,MIL,MIL,4140,1134,108,30.0,369,662.0,16,R,0.284,0.347,0.158,0.143,0.084,62.0,42.1,40.5,32.9,50.9,B-,C-,C-,D,C,72.3,Rare,True,False,2,0,0,bbref_war,False,False
cabreas01,cabreas01,Asdrubal Cabrera,SS,"2B,3B",Efficiency Era (2006-2015),2012,2011,2007,2021,CLE,CLE,6632,1763,195,91.0,589,1330.0,19,B,0.272,0.328,0.17,0.182,0.07,47.9,48.1,29.3,51.5,57.6,C,C,D,C,C+,72.1,Rare,True,False,2,0,0,bbref_war,False,False
ramiral03,ramiral03,Alexei Ramirez,SS,2B,Efficiency Era (2006-2015),2012,2010,2008,2016,CHW,CHW,5134,1387,115,143.0,263,650.0,10,R,0.274,0.314,0.129,0.117,0.052,55.4,30.0,13.8,61.4,76.1,C+,D,F,B-,B+,72.1,Rare,True,False,1,0,0,bbref_war,False,False
davisra01,davisra01,Rajai Davis,CF,"LF,RF",Efficiency Era (2006-2015),2013,2009,2006,2019,OAK,OAK,4244,1111,62,415.0,267,844.0,17,R,0.274,0.324,0.123,0.171,0.06,50.9,25.3,20.2,115.3,58.8,C,D,D-,S,C+,72.0,Rare,False,False,0,0,0,bbref_war,False,False
infanom01,infanom01,Omar Infante,2B,"3B,SS",Efficiency Era (2006-2015),2010,2010,2002,2016,DET,DET,5271,1427,82,80.0,296,776.0,16,R,0.291,0.329,0.128,0.128,0.056,69.4,28.0,17.2,42.8,65.3,B,D,F,C-,B,72.0,Rare,True,False,1,0,0,bbref_war,False,False
blakeca01,blakeca01,Casey Blake,3B,"1B,RF",Efficiency Era (2006-2015),2007,2009,1999,2011,CLE,CLE,4500,1186,167,36.0,445,1037.0,15,R,0.268,0.341,0.181,0.203,0.089,43.2,52.9,44.4,27.0,60.5,C-,C,C-,D,B-,71.9,Uncommon,False,False,0,0,0,bbref_war,False,False
tracych01,tracych01,Chad Tracy,3B,1B,Efficiency Era (2006-2015),2007,2005,2004,2013,ARI,ARI,2706,741,86,11.0,233,473.0,10,L,0.282,0.34,0.169,0.16,0.078,58.8,47.6,35.7,21.3,52.0,C+,C,D+,D-,C,71.9,Uncommon,False,False,0,0,0,bbref_war,False,False
baldero01,baldero01,Rocco Baldelli,CF,,Efficiency Era (2006-2015),2007,2006,2003,2010,TB,TB,1910,531,60,60.0,102,388.0,7,R,0.278,0.323,0.165,0.189,0.05,53.0,45.4,11.8,61.7,55.6,C,C,F,B-,C+,71.8,Uncommon,False,False,0,0,0,bbref_war,False,False
ramoswi01,ramoswi01,Wilson Ramos,C,,Efficiency Era (2006-2015),2015,2016,2010,2021,WSH,WSH,3492,946,136,1.0,245,638.0,15,R,0.284,0.334,0.168,0.158,0.069,61.1,48.8,27.8,1.0,60.5,B-,C,D,F,B-,71.8,Uncommon,True,False,2,0,0,bbref_war,False,False
joycema01,joycema01,Matt Joyce,RF,LF,Efficiency Era (2006-2015),2012,2011,2008,2021,TB,TB,3718,898,149,35.0,559,935.0,14,L,0.248,0.347,0.211,0.21,0.126,24.5,65.5,76.3,38.2,46.7,D-,B,B+,D+,C,71.7,Uncommon,True,False,1,0,0,bbref_war,False,False
raburry01,raburry01,Ryan Raburn,LF,"2B,RF",Efficiency Era (2006-2015),2011,2013,2004,2017,DET,DET,2472,626,93,16.0,210,683.0,12,R,0.275,0.337,0.207,0.237,0.077,46.1,64.6,35.2,29.7,40.7,C,B-,D+,D,C-,71.7,Uncommon,False,False,0,0,0,bbref_war,False,False
francje02,francje02,Jeff Francoeur,RF,LF,Efficiency Era (2006-2015),2009,2007,2005,2016,ATL,ATL,5260,1373,160,54.0,284,1080.0,16,R,0.276,0.314,0.171,0.194,0.047,51.2,49.5,9.4,33.1,66.0,C,C,F,D,B,71.6,Uncommon,False,False,0,1,2,bbref_war,False,False
uptonbj01,uptonbj01,B. J. Upton,CF,LF,Efficiency Era (2006-2015),2011,2007,2004,2016,TB,TB,5175,1260,164,300.0,589,1561.0,13,R,0.256,0.337,0.174,0.255,0.108,27.5,49.2,61.0,84.5,50.3,D,C,B-,A-,C,71.6,Uncommon,False,False,0,0,0,bbref_war,False,False
dejesda01,dejesda01,David DeJesus,CF,"LF,RF",Efficiency Era (2006-2015),2007,2005,2003,2015,KCR,KCR,5220,1434,99,66.0,510,838.0,16,L,0.282,0.357,0.139,0.138,0.088,61.2,31.4,43.9,36.1,58.5,B-,D,C-,D+,C+,71.5,Uncommon,False,False,0,0,0,bbref_war,False,False
atkinga01,atkinga01,Garrett Atkins,3B,1B,Efficiency Era (2006-2015),2006,2006,2003,2010,COL,COL,2928,835,99,8.0,291,449.0,8,R,0.288,0.353,0.167,0.136,0.09,66.5,46.9,45.7,19.8,33.3,B,C,C,F,D,71.4,Uncommon,False,False,0,0,0,bbref_war,False,False
davisch02,davisch02,Chris Davis,1B,3B,Efficiency Era (2006-2015),2013,2013,2008,2020,BAL,BAL,4978,1160,295,19.0,555,1852.0,14,L,0.247,0.335,0.261,0.318,0.107,15.1,90.9,60.1,16.2,39.0,F,A,B-,F,D+,71.4,Uncommon,True,False,1,0,0,bbref_war,False,False
denorch01,denorch01,Chris Denorfia,RF,"CF,LF",Efficiency Era (2006-2015),2010,2013,2005,2015,SDP,SDP,2162,587,41,56.0,187,408.0,11,R,0.281,0.341,0.129,0.158,0.082,57.5,28.8,39.3,49.9,62.3,C+,D,D+,C,B-,71.4,Uncommon,False,False,0,0,0,bbref_war,False,False
dysonja01,dysonja01,Jarrod Dyson,CF,"LF,RF",Efficiency Era (2006-2015),2015,2016,2010,2021,KCR,KCR,2513,612,21,266.0,242,478.0,14,L,0.26,0.325,0.096,0.163,0.08,38.5,11.8,37.1,125.0,80.2,D+,F,D+,S,A-,71.4,Uncommon,False,False,0,0,0,bbref_war,False,False
credejo01,credejo01,Joe Crede,3B,,Efficiency Era (2006-2015),2006,2006,2000,2009,CHW,CHW,3101,787,140,4.0,199,459.0,10,R,0.256,0.307,0.198,0.135,0.06,37.2,62.5,20.2,1.0,74.2,D+,B-,D-,F,B,71.2,Uncommon,True,False,1,0,0,bbref_war,False,False
sotoge01,sotoge01,Geovany Soto,C,,Efficiency Era (2006-2015),2011,2008,2005,2017,CHC,CHC,2522,619,108,3.0,311,673.0,15,R,0.262,0.347,0.208,0.248,0.113,33.8,65.2,64.8,1.0,52.6,D,B,B-,F,C,71.1,Uncommon,True,False,1,0,0,bbref_war,False,False
branyru01,branyru01,Russell Branyan,3B,"1B,LF",Efficiency Era (2006-2015),2006,2009,1998,2011,SEA,SEA,2934,682,194,16.0,403,1118.0,20,L,0.239,0.334,0.257,0.322,0.119,7.4,87.8,69.8,23.4,44.0,F,A,B,D-,C-,71.0,Uncommon,False,False,0,0,0,bbref_war,False,False
jacksau01,jacksau01,Austin Jackson,CF,,Efficiency Era (2006-2015),2013,2012,2010,2018,DET,DET,4200,1145,65,114.0,374,1120.0,12,R,0.276,0.337,0.129,0.234,0.082,48.0,27.5,38.8,65.2,67.6,C,D,D+,B,B,71.0,Uncommon,False,False,0,0,0,bbref_war,False,False
johnsre02,johnsre02,Reed Johnson,LF,"CF,RF",Efficiency Era (2006-2015),2006,2006,2003,2015,TOR,TOR,3630,1014,65,41.0,181,728.0,14,R,0.294,0.353,0.14,0.179,0.05,68.5,33.3,11.9,36.0,56.6,B,D,F,D+,C+,71.0,Uncommon,False,False,0,0,0,bbref_war,False,False
ludwiry01,ludwiry01,Ryan Ludwick,RF,LF,Efficiency Era (2006-2015),2008,2008,2002,2014,STL,STL,3549,923,154,17.0,339,888.0,15,R,0.265,0.336,0.205,0.221,0.087,38.7,64.5,43.3,18.8,47.2,D+,B-,C-,F,C,71.0,Uncommon,True,False,1,0,0,bbref_war,False,False
moralke01,moralke01,Kendrys Morales,DH,1B,Efficiency Era (2006-2015),2013,2009,2006,2019,LAA,LAA,4856,1289,213,6.0,417,978.0,15,B,0.279,0.34,0.203,0.186,0.079,53.9,64.5,36.1,1.0,36.9,C,B-,D+,F,D+,71.0,Uncommon,False,False,0,0,0,bbref_war,False,False
chaveen01,chaveen01,Endy Chavez,CF,"LF,RF",Efficiency Era (2006-2015),2007,2004,2001,2014,NYM,NYM,3149,849,30,106.0,180,356.0,14,L,0.288,0.326,0.107,0.104,0.056,68.2,18.1,17.4,65.5,61.6,B,F,F,B,B-,70.9,Uncommon,False,False,0,0,0,bbref_war,False,False
derosma01,derosma01,Mark DeRosa,2B,"3B,LF,RF,SS",Efficiency Era (2006-2015),2006,2006,1998,2013,TEX,TEX,3633,975,100,23.0,358,707.0,17,R,0.279,0.352,0.16,0.174,0.091,55.3,43.1,46.8,27.8,46.3,C+,C-,C,D,C,70.8,Uncommon,False,False,0,0,0,bbref_war,False,False
wilsoja02,wilsoja02,Jack Wilson,SS,,Efficiency Era (2006-2015),2007,2004,2001,2012,PIT,PIT,4890,1294,61,43.0,270,619.0,14,R,0.273,0.315,0.111,0.111,0.054,54.6,20.0,15.6,37.5,93.2,C,D-,F,D+,A,70.8,Uncommon,True,False,1,0,0,bbref_war,False,False
maybica01,maybica01,Cameron Maybin,CF,"LF,RF",Efficiency Era (2006-2015),2012,2011,2007,2021,MIA,MIA,3824,973,72,187.0,368,921.0,18,R,0.267,0.335,0.124,0.206,0.09,41.4,26.1,45.5,86.1,64.0,C-,D,C,A,B-,70.7,Uncommon,False,False,0,0,0,bbref_war,False,False
cozarza01,cozarza01,Zack Cozart,SS,,Efficiency Era (2006-2015),2014,2017,2011,2019,CIN,CIN,3088,764,87,21.0,219,549.0,9,R,0.258,0.312,0.171,0.167,0.069,36.1,48.3,28.5,36.2,70.8,D+,C,D,D+,B,70.6,Uncommon,True,False,1,0,0,bbref_war,False,False
smithse01,smithse01,Seth Smith,LF,RF,Efficiency Era (2006-2015),2014,2014,2007,2017,SEA,SEA,3582,934,126,22.0,431,797.0,11,L,0.263,0.349,0.187,0.195,0.109,38.7,54.2,61.5,31.0,43.7,D+,C,B-,D,C-,70.5,Uncommon,False,False,0,0,0,bbref_war,False,False
ugglada01,ugglada01,Dan Uggla,2B,,Efficiency Era (2006-2015),2009,2008,2006,2015,MIA,MIA,4759,1149,235,26.0,626,1341.0,11,R,0.253,0.343,0.216,0.233,0.111,27.1,69.3,63.6,31.3,37.1,D,B,B-,D,D+,70.5,Uncommon,True,False,3,0,0,bbref_war,False,False
castrst01,castrst01,Starlin Castro,SS,"2B,3B",Efficiency Era (2006-2015),2014,2012,2010,2021,CHC,CHC,6148,1722,138,89.0,338,1108.0,12,R,0.29,0.33,0.138,0.167,0.055,65.7,32.9,16.1,42.9,51.2,B,D,F,C-,C,70.4,Uncommon,True,False,4,0,0,bbref_war,False,False
morsemi01,morsemi01,Mike Morse,LF,"1B,RF",Efficiency Era (2006-2015),2010,2011,2005,2017,WSH,WSH,2569,705,105,6.0,178,668.0,15,R,0.293,0.346,0.196,0.223,0.06,63.6,60.4,20.8,12.6,25.6,B-,B-,D-,F,D,70.4,Uncommon,False,False,0,0,0,bbref_war,False,False
rasmuco01,rasmuco01,Colby Rasmus,CF,"LF,RF",Efficiency Era (2006-2015),2013,2013,2009,2018,TOR,TOR,3704,891,166,35.0,362,1106.0,11,L,0.245,0.313,0.198,0.262,0.088,16.8,61.3,44.0,42.2,68.3,F,B-,C-,C-,B,70.4,Uncommon,False,False,0,0,0,bbref_war,False,False
sanchfr01,sanchfr01,Freddy Sanchez,2B,3B,Efficiency Era (2006-2015),2008,2006,2002,2011,PIT,PIT,3402,1012,48,13.0,180,420.0,11,R,0.299,0.337,0.117,0.113,0.05,78.7,23.3,11.9,25.0,56.9,B+,D-,F,D,C+,70.4,Uncommon,True,False,3,0,0,bbref_war,False,False
fordle01,fordle01,Lew Ford,LF,CF,Efficiency Era (2006-2015),2006,2004,2003,2012,MIN,MIN,1585,425,35,48.0,154,249.0,6,R,0.268,0.345,0.131,0.139,0.086,47.9,29.5,42.4,58.7,60.7,C,D,C-,C+,B-,70.3,Uncommon,False,False,0,0,0,bbref_war,False,False
hinsker01,hinsker01,Eric Hinske,3B,"1B,LF,RF",Efficiency Era (2006-2015),2006,2002,2002,2013,TOR,TOR,3797,947,137,61.0,452,949.0,14,L,0.258,0.337,0.185,0.21,0.103,32.8,54.2,56.8,51.5,42.4,D,C,C+,C,C-,70.3,Uncommon,False,False,0,0,0,bbref_war,False,False
johnske05,johnske05,Kelly Johnson,2B,"3B,LF",Efficiency Era (2006-2015),2010,2010,2005,2016,ATL,ATL,4543,1140,155,87.0,516,1145.0,16,L,0.257,0.336,0.177,0.231,0.102,30.9,50.3,56.1,46.1,54.8,D,C,C+,C,C,70.3,Uncommon,False,False,0,0,0,bbref_war,False,False
podsesc01,podsesc01,Scott Podsednik,CF,LF,Efficiency Era (2006-2015),2007,2003,2001,2012,CHW,CHW,3906,1096,42,309.0,333,630.0,12,L,0.287,0.344,0.097,0.143,0.076,65.0,13.5,34.0,98.0,43.9,B,F,D,A+,C-,70.3,Uncommon,True,False,1,0,0,bbref_war,False,False
felizpe01,felizpe01,Pedro Feliz,3B,"1B,LF",Efficiency Era (2006-2015),2006,2007,2000,2010,SFG,SFG,4254,1065,140,13.0,230,663.0,12,R,0.258,0.298,0.171,0.141,0.055,38.5,49.6,16.0,10.6,81.2,D+,C,F,F,A-,70.2,Uncommon,False,False,0,0,0,bbref_war,False,False
thamema01,thamema01,Marcus Thames,LF,RF,Efficiency Era (2006-2015),2007,2004,2002,2011,DET,DET,1827,450,115,3.0,159,510.0,10,R,0.254,0.315,0.252,0.251,0.079,26.3,86.6,36.6,1.8,38.2,D,A,D+,F,D+,70.2,Uncommon,False,False,0,0,0,bbref_war,False,False
gloadro01,gloadro01,Ross Gload,1B,,Efficiency Era (2006-2015),2006,2007,2000,2011,CHW,CHW,1673,470,34,12.0,107,224.0,10,L,0.29,0.337,0.154,0.124,0.064,68.3,40.1,23.9,24.7,39.2,B,C-,D-,D-,D+,70.1,Uncommon,False,False,0,0,0,bbref_war,False,False
aybarer01,aybarer01,Erick Aybar,SS,,Efficiency Era (2006-2015),2011,2011,2006,2017,LAA,LAA,5175,1402,58,155.0,285,670.0,13,B,0.278,0.318,0.104,0.111,0.049,59.6,16.9,11.4,81.3,64.2,C+,F,F,A-,B-,70.0,Uncommon,True,False,1,1,2,bbref_war,False,False
suzukku01,suzukku01,Kurt Suzuki,C,,Efficiency Era (2006-2015),2011,2008,2007,2022,OAK,OAK,5563,1421,143,20.0,387,751.0,18,R,0.271,0.329,0.149,0.111,0.063,52.4,39.1,23.1,16.1,68.4,C,D+,D-,F,B,70.0,Uncommon,True,False,1,0,0,bbref_war,False,False
walkene01,walkene01,Neil Walker,2B,1B,Efficiency Era (2006-2015),2013,2014,2009,2020,PIT,PIT,4583,1224,149,32.0,460,931.0,13,B,0.274,0.34,0.165,0.174,0.082,50.6,45.5,39.3,30.1,46.5,C,C,D+,D,C,70.0,Uncommon,False,False,0,0,0,bbref_war,False,False
freesda01,freesda01,David Freese,3B,1B,Efficiency Era (2006-2015),2015,2012,2009,2019,PIT,PIT,3758,1041,113,8.0,370,974.0,12,R,0.279,0.352,0.155,0.227,0.088,50.7,41.5,43.6,5.3,56.8,C,C-,C-,F,C+,69.3,Uncommon,True,False,1,0,0,bbref_war,True,False
venabwi01,venabwi01,Will Venable,RF,"CF,LF",Efficiency Era (2006-2015),2011,2013,2008,2016,SDP,SDP,2836,707,81,135.0,254,748.0,10,L,0.255,0.321,0.165,0.238,0.083,28.3,44.1,39.7,78.5,57.1,D,C-,D+,B+,C+,69.0,Uncommon,False,False,0,0,0,bbref_war,False,False
headlch01,headlch01,Chase Headley,3B,LF,Efficiency Era (2006-2015),2013,2012,2007,2018,SDP,SDP,5088,1337,130,93.0,574,1298.0,13,B,0.265,0.348,0.142,0.222,0.104,39.0,35.0,57.7,47.5,60.4,D+,D+,C+,C,B-,68.9,Uncommon,False,False,0,1,2,bbref_war,False,False
kipnija01,kipnija01,Jason Kipnis,2B,,Efficiency Era (2006-2015),2015,2013,2011,2020,CLE,CLE,4404,1147,126,136.0,467,951.0,10,L,0.266,0.341,0.152,0.19,0.097,42.0,38.8,51.2,69.7,42.8,C-,D+,C,B,C-,68.9,Uncommon,True,False,2,0,0,bbref_war,False,False
gerutjo01,gerutjo01,Jody Gerut,RF,CF,Efficiency Era (2006-2015),2006,2008,2003,2010,CLE,CLE,1804,472,59,30.0,159,261.0,9,L,0.262,0.325,0.172,0.131,0.08,42.7,48.3,37.3,34.1,51.4,C-,C,D+,D,C,68.8,Uncommon,False,False,0,0,0,bbref_war,False,False
kotchca01,kotchca01,Casey Kotchman,1B,,Efficiency Era (2006-2015),2007,2007,2004,2013,LAA,LAA,3071,799,71,14.0,267,339.0,12,L,0.279,0.348,0.133,0.093,0.084,61.7,31.0,40.8,14.5,56.9,B-,D,C-,F,C+,68.8,Uncommon,False,False,0,0,0,bbref_war,False,False
kubelja01,kubelja01,Jason Kubel,DH,"LF,RF",Efficiency Era (2006-2015),2009,2009,2004,2014,MIN,MIN,3480,913,140,12.0,355,834.0,11,L,0.27,0.338,0.202,0.201,0.093,45.2,62.9,48.0,14.8,30.2,C,B-,C,F,D,68.8,Uncommon,False,False,0,0,0,bbref_war,False,False
nortogr01,nortogr01,Greg Norton,3B,1B,Efficiency Era (2006-2015),2006,2006,1996,2009,TB,TB,2410,600,89,15.0,323,604.0,14,B,0.265,0.35,0.189,0.21,0.113,39.4,56.1,64.8,18.6,38.2,D+,C+,B-,F,D+,68.8,Uncommon,False,False,0,0,0,bbref_war,False,False
reynoma01,reynoma01,Mark Reynolds,3B,1B,Efficiency Era (2006-2015),2010,2009,2007,2019,ARI,ARI,5432,1283,298,64.0,707,1927.0,14,R,0.24,0.335,0.237,0.322,0.118,7.9,79.1,69.4,38.7,38.7,F,B+,B,D+,D+,68.8,Uncommon,False,False,0,0,0,bbref_war,False,False
bakerje03,bakerje03,Jeff Baker,2B,"1B,3B",Efficiency Era (2006-2015),2010,2009,2005,2015,CHC,CHC,1793,474,54,14.0,139,472.0,14,R,0.277,0.328,0.175,0.235,0.069,48.1,49.4,28.2,34.5,44.6,C,C,D,D,C-,68.7,Uncommon,False,False,0,0,0,bbref_war,False,False
bartlja01,bartlja01,Jason Bartlett,SS,,Efficiency Era (2006-2015),2007,2009,2004,2014,MIN,MIN,3141,849,31,123.0,275,526.0,10,R,0.275,0.339,0.097,0.147,0.078,53.7,13.3,35.3,74.6,67.4,C,F,D+,B,B,68.7,Uncommon,True,False,1,0,0,bbref_war,False,False
churcry01,churcry01,Ryan Church,RF,"CF,LF",Efficiency Era (2006-2015),2007,2007,2004,2010,WSH,WSH,1894,500,56,21.0,188,459.0,9,L,0.264,0.336,0.167,0.217,0.089,38.2,45.9,44.6,33.0,57.9,D+,C,C-,D,C+,68.7,Uncommon,False,False,0,0,0,bbref_war,False,False
chiselo01,chiselo01,Lonnie Chisenhall,3B,RF,Efficiency Era (2006-2015),2015,2015,2011,2018,CLE,CLE,2159,578,64,20.0,150,437.0,8,L,0.272,0.324,0.165,0.185,0.064,47.4,45.9,23.9,36.3,52.0,C,C,D-,D+,C,68.6,Uncommon,False,False,0,0,0,bbref_war,False,False
ingebr01,ingebr01,Brandon Inge,3B,C,Efficiency Era (2006-2015),2007,2006,2001,2013,DET,DET,5014,1166,152,45.0,443,1306.0,14,R,0.246,0.319,0.167,0.226,0.086,21.3,46.0,42.0,28.3,85.5,D-,C,C-,D,A,68.6,Uncommon,True,False,1,0,0,bbref_war,False,False
desmoia01,desmoia01,Ian Desmond,SS,"1B,CF,LF",Efficiency Era (2006-2015),2013,2013,2009,2019,WSH,WSH,5442,1432,181,181.0,387,1402.0,11,R,0.266,0.316,0.158,0.238,0.062,38.8,43.0,22.4,73.2,50.4,D+,C-,D-,B,C,68.5,Uncommon,True,False,2,0,0,bbref_war,False,False
gomesjo01,gomesjo01,Jonny Gomes,LF,RF,Efficiency Era (2006-2015),2009,2005,2003,2015,TB,TB,3456,835,162,50.0,417,1088.0,16,R,0.255,0.342,0.209,0.27,0.099,25.7,65.6,53.6,42.9,36.0,D,B,C,C-,D+,68.5,Uncommon,False,False,0,0,0,bbref_war,False,False
mclouna01,mclouna01,Nate McLouth,CF,"LF,RF",Efficiency Era (2006-2015),2009,2009,2005,2014,PIT,PIT,3257,803,101,133.0,366,639.0,12,L,0.257,0.342,0.173,0.165,0.101,35.9,48.4,54.8,74.4,30.1,D+,C,C,B,D,68.5,Uncommon,True,False,1,1,2,bbref_war,False,False
carroja01,carroja01,Jamey Carroll,2B,"3B,SS",Efficiency Era (2006-2015),2009,2012,2002,2013,LAD,LAD,3671,1000,13,74.0,410,581.0,13,R,0.284,0.363,0.067,0.135,0.104,63.0,1.0,57.3,48.6,71.2,B-,F,C+,C,B,68.4,Uncommon,False,False,0,0,0,bbref_war,False,False
rosarwi01,rosarwi01,Wilin Rosario,C,,Efficiency Era (2006-2015),2013,2013,2011,2015,COL,COL,1512,413,71,11.0,73,354.0,5,R,0.273,0.306,0.2,0.221,0.046,46.0,63.1,8.5,23.5,40.1,C,B-,F,D-,C-,68.4,Uncommon,False,False,0,0,0,bbref_war,False,False
wietema01,wietema01,Matt Wieters,C,,Efficiency Era (2006-2015),2012,2011,2009,2020,BAL,BAL,3994,996,146,9.0,368,847.0,12,B,0.254,0.317,0.164,0.188,0.083,31.3,46.3,40.0,15.3,76.1,D,C,C-,F,B+,68.4,Uncommon,True,False,4,2,4,bbref_war,False,False
alonsyo01,alonsyo01,Yonder Alonso,1B,,Efficiency Era (2006-2015),2014,2015,2010,2019,SDP,SDP,3362,872,100,22.0,366,648.0,12,L,0.268,0.341,0.15,0.172,0.098,45.3,39.5,52.4,27.6,51.4,C,D+,C,D,C,68.2,Uncommon,True,False,1,0,0,bbref_war,False,False
iannech01,iannech01,Chris Iannetta,C,,Efficiency Era (2006-2015),2012,2008,2006,2019,COL,COL,3563,820,141,11.0,576,1024.0,14,R,0.243,0.362,0.193,0.236,0.142,17.7,57.2,89.1,16.1,53.6,F,C+,A,F,C,68.2,Uncommon,False,False,0,0,0,bbref_war,False,False
izturma01,izturma01,Maicer Izturis,3B,"2B,SS",Efficiency Era (2006-2015),2008,2009,2004,2014,LAA,LAA,3013,810,39,93.0,267,355.0,11,B,0.279,0.342,0.108,0.106,0.082,60.0,19.1,39.1,59.3,49.9,B-,F,D+,C+,C,68.1,Uncommon,False,False,0,0,0,bbref_war,False,False
reverbe01,reverbe01,Ben Revere,CF,"LF,RF",Efficiency Era (2006-2015),2013,2015,2010,2017,MIN,MIN,3138,892,7,211.0,151,308.0,9,L,0.293,0.326,0.055,0.093,0.045,73.9,1.0,8.1,107.3,47.3,B,F,F,S,C,68.1,Uncommon,False,False,0,0,0,bbref_war,False,False
aokino01,aokino01,Nori Aoki,RF,LF,Efficiency Era (2006-2015),2014,2012,2012,2017,MIL,MIL,2716,774,33,98.0,234,258.0,8,L,0.285,0.35,0.102,0.086,0.078,67.4,15.9,35.3,54.5,46.7,B,F,D+,C,C,68.0,Uncommon,False,False,0,0,0,bbref_war,False,False
hairssc01,hairssc01,Scott Hairston,LF,"2B,CF,RF",Efficiency Era (2006-2015),2009,2008,2004,2014,SDP,SDP,2431,589,106,36.0,175,577.0,14,R,0.247,0.303,0.204,0.211,0.068,23.7,63.5,27.6,42.9,50.9,D-,B-,D,C-,C,68.0,Uncommon,False,False,0,0,0,bbref_war,False,False
lawribr01,lawribr01,Brett Lawrie,3B,2B,Efficiency Era (2006-2015),2014,2012,2011,2016,TOR,TOR,2217,578,71,41.0,153,487.0,6,R,0.261,0.315,0.158,0.202,0.064,36.3,42.9,23.5,44.2,64.2,D+,C-,D-,C-,B-,68.0,Uncommon,False,False,0,0,0,bbref_war,False,False
lowrije01,lowrije01,Jed Lowrie,SS,"2B,3B",Efficiency Era (2006-2015),2013,2018,2008,2022,OAK,OAK,4615,1185,121,8.0,503,895.0,14,B,0.266,0.343,0.166,0.156,0.103,44.2,45.8,56.2,21.2,43.0,C-,C,C+,D-,C-,68.0,Uncommon,True,False,1,0,0,bbref_war,False,False
jayjo02,jayjo02,Jon Jay,CF,"LF,RF",Efficiency Era (2006-2015),2013,2012,2010,2021,STL,STL,3838,1087,37,55.0,285,716.0,13,L,0.294,0.359,0.098,0.17,0.07,69.4,14.1,28.6,48.0,50.9,B,F,D,C,C,67.7,Uncommon,False,False,0,0,0,bbref_war,False,False
craigal01,craigal01,Allen Craig,1B,"LF,RF",Efficiency Era (2006-2015),2012,2013,2010,2015,STL,STL,1831,506,59,11.0,143,394.0,7,R,0.276,0.333,0.158,0.196,0.071,50.9,43.1,29.8,23.3,45.8,C,C-,D,D-,C,67.6,Uncommon,True,False,1,0,0,bbref_war,False,False
spilbry01,spilbry01,Ryan Spilborghs,LF,"CF,RF",Efficiency Era (2006-2015),2008,2007,2005,2011,COL,COL,1561,424,42,31.0,172,328.0,7,R,0.272,0.345,0.151,0.186,0.098,47.3,38.3,52.1,36.5,40.0,C,D+,C,D+,C-,67.5,Uncommon,False,False,0,0,0,bbref_war,False,False
iguchta01,iguchta01,Tadahito Iguchi,2B,,Efficiency Era (2006-2015),2006,2005,2005,2008,CHW,CHW,1841,494,44,48.0,189,387.0,6,R,0.268,0.338,0.133,0.188,0.092,44.3,30.7,47.3,50.6,50.2,C-,D,C,C,C,67.4,Uncommon,False,False,0,0,0,bbref_war,False,False
custja01,custja01,Jack Cust,DH,"LF,RF",Efficiency Era (2006-2015),2008,2007,2001,2011,OAK,OAK,2107,510,105,6.0,444,819.0,10,L,0.244,0.377,0.201,0.314,0.173,12.9,61.0,115.2,12.1,36.4,F,B-,S,F,D+,67.3,Uncommon,False,False,0,0,0,bbref_war,False,False
jacksco01,jacksco01,Conor Jackson,1B,LF,Efficiency Era (2006-2015),2008,2008,2005,2011,ARI,ARI,2184,591,52,27.0,252,291.0,9,R,0.271,0.351,0.136,0.117,0.102,51.8,31.8,55.4,39.1,38.3,C,D,C+,D+,D+,67.3,Uncommon,False,False,0,0,0,bbref_war,False,False
schiena01,schiena01,Nate Schierholtz,RF,,Efficiency Era (2006-2015),2010,2013,2007,2014,SFG,SFG,2090,529,52,30.0,134,408.0,10,L,0.265,0.314,0.16,0.172,0.06,42.4,42.4,20.8,39.0,53.8,C-,C-,D-,D+,C,67.3,Uncommon,False,False,0,0,0,bbref_war,False,False
trumbma01,trumbma01,Mark Trumbo,1B,"LF,RF",Efficiency Era (2006-2015),2013,2011,2010,2019,LAA,LAA,4085,1018,218,23.0,299,1097.0,11,R,0.253,0.305,0.219,0.248,0.067,25.6,73.0,26.7,27.5,35.8,D,B,D,D,D+,67.3,Uncommon,True,False,2,0,0,bbref_war,False,False
everead01,everead01,Adam Everett,SS,,Efficiency Era (2006-2015),2006,2006,2001,2011,HOU,HOU,2758,668,40,67.0,174,455.0,11,R,0.248,0.298,0.111,0.149,0.056,28.6,20.8,16.8,53.6,100.3,D,D-,F,C,S,67.2,Uncommon,False,False,0,0,0,bbref_war,False,False
weeksri01,weeksri01,Rickie Weeks,2B,,Efficiency Era (2006-2015),2009,2010,2003,2017,MIL,MIL,4417,1087,161,132.0,533,1230.0,14,R,0.254,0.353,0.178,0.231,0.108,27.4,50.2,60.5,72.0,27.2,D,C,B-,B,D,67.2,Uncommon,True,False,1,0,0,bbref_war,False,False
wiggity01,wiggity01,Ty Wigginton,3B,"1B,2B",Efficiency Era (2006-2015),2006,2008,2002,2013,NYM,NYM,4479,1170,169,42.0,371,891.0,14,R,0.267,0.327,0.185,0.179,0.073,43.6,55.3,31.6,28.9,31.1,C-,C+,D,D,D,67.2,Uncommon,True,False,1,0,0,bbref_war,False,False
deazaal01,deazaal01,Alejandro De Aza,LF,"CF,RF",Efficiency Era (2006-2015),2012,2011,2007,2017,CHW,CHW,2575,669,51,91.0,225,622.0,13,L,0.27,0.335,0.142,0.212,0.08,43.7,33.5,37.6,59.6,44.8,C-,D,D+,C+,C-,67.1,Uncommon,False,False,0,0,0,bbref_war,False,False
jasojo01,jasojo01,John Jaso,C,1B,Efficiency Era (2006-2015),2013,2012,2008,2017,TB,TB,2224,573,55,16.0,319,412.0,9,L,0.264,0.36,0.145,0.151,0.123,43.3,34.8,73.1,28.9,40.8,C-,D,B,D,C-,67.1,Uncommon,False,False,0,0,0,bbref_war,False,False
doumiry01,doumiry01,Ryan Doumit,C,RF,Efficiency Era (2006-2015),2009,2008,2005,2014,PIT,PIT,3093,818,104,12.0,232,621.0,10,B,0.274,0.332,0.17,0.174,0.069,50.2,48.0,28.0,15.5,39.5,C,C,D,F,D+,67.0,Uncommon,False,False,0,0,0,bbref_war,False,False
hairsje02,hairsje02,Jerry Hairston,2B,"3B,CF,LF,RF,SS",Efficiency Era (2006-2015),2008,2002,1998,2013,BAL,BAL,4387,1126,70,147.0,373,572.0,19,R,0.267,0.337,0.119,0.117,0.08,48.8,24.0,37.6,60.3,50.6,C,D-,D+,B-,C,67.0,Uncommon,False,False,0,0,0,bbref_war,False,False
montemi01,montemi01,Miguel Montero,C,,Efficiency Era (2006-2015),2012,2012,2006,2018,ARI,ARI,3801,973,126,5.0,446,881.0,14,L,0.265,0.347,0.156,0.204,0.102,40.1,41.6,55.8,1.0,57.6,C-,C-,C+,F,C+,67.0,Uncommon,True,False,2,0,0,bbref_war,False,False
betemwi01,betemwi01,Wilson Betemit,3B,"1B,SS",Efficiency Era (2006-2015),2007,2005,2001,2013,ATL,ATL,2093,558,75,9.0,211,612.0,14,B,0.272,0.337,0.182,0.261,0.09,42.1,53.4,46.1,16.1,32.8,C-,C,C,F,D,66.9,Uncommon,False,False,0,0,0,bbref_war,False,False
jennide01,jennide01,Desmond Jennings,CF,LF,Efficiency Era (2006-2015),2013,2012,2010,2016,TB,TB,2076,508,55,95.0,219,481.0,7,R,0.245,0.322,0.148,0.207,0.094,21.5,36.9,49.1,75.1,58.0,D-,D+,C,B+,C+,66.9,Uncommon,False,False,0,0,0,bbref_war,False,False
mossbr01,mossbr01,Brandon Moss,1B,"LF,RF",Efficiency Era (2006-2015),2012,2013,2007,2017,OAK,OAK,3133,742,160,11.0,328,968.0,13,L,0.243,0.323,0.231,0.281,0.096,14.1,75.8,50.8,19.2,37.4,F,B+,C,F,D+,66.9,Uncommon,True,False,1,0,0,bbref_war,False,False
gonzaal02,gonzaal02,Alex Gonzalez,SS,,Efficiency Era (2006-2015),2006,2010,1998,2014,MIA,MIA,5776,1418,157,30.0,300,1168.0,18,R,0.258,0.301,0.169,0.186,0.046,35.0,47.7,8.7,12.6,71.7,D+,C,F,F,B,66.8,Uncommon,True,False,1,0,0,bbref_war,False,False
ankieri01,ankieri01,Rick Ankiel,CF,RF,Efficiency Era (2006-2015),2008,2008,1999,2013,STL,STL,1921,462,76,21.0,162,555.0,13,L,0.247,0.311,0.191,0.257,0.081,19.9,57.5,38.3,32.0,54.3,F,C+,D+,D,C,66.7,Uncommon,False,False,0,0,0,bbref_war,False,False
lewisfr02,lewisfr02,Fred Lewis,LF,,Efficiency Era (2006-2015),2009,2008,2006,2012,SFG,SFG,1562,415,27,53.0,170,390.0,7,L,0.266,0.344,0.137,0.222,0.097,39.3,30.7,51.2,57.3,46.4,D+,D,C,C+,C,66.7,Uncommon,False,False,0,0,0,bbref_war,False,False
youngde03,youngde03,Delmon Young,LF,RF,Efficiency Era (2006-2015),2010,2010,2006,2015,MIN,MIN,4108,1162,109,36.0,179,784.0,12,R,0.287,0.322,0.14,0.174,0.045,62.2,35.1,8.1,37.3,28.7,B-,D+,F,D+,D,66.7,Uncommon,False,False,0,0,0,bbref_war,True,False
hermije01,hermije01,Jeremy Hermida,RF,LF,Efficiency Era (2006-2015),2009,2007,2005,2012,MIA,MIA,2012,517,65,22.0,216,517.0,10,L,0.262,0.342,0.16,0.227,0.099,35.6,43.2,53.3,30.6,45.2,D+,C-,C,D,C,66.6,Uncommon,False,False,0,0,0,bbref_war,False,False
torrean02,torrean02,Andres Torres,CF,LF,Efficiency Era (2006-2015),2010,2010,2002,2013,SFG,SFG,1910,462,32,77.0,205,476.0,9,B,0.246,0.325,0.15,0.226,0.101,21.2,36.3,54.6,68.0,57.1,D-,D+,C,B,C+,66.6,Uncommon,False,False,0,0,0,bbref_war,False,False
martile01,martile01,Leonys Martin,CF,,Efficiency Era (2006-2015),2015,2014,2011,2019,TEX,TEX,2532,617,58,126.0,190,637.0,11,L,0.251,0.31,0.128,0.231,0.072,25.7,28.3,30.3,74.0,70.9,D,D,D,B,B,66.5,Uncommon,False,False,0,0,0,bbref_war,False,False
matsuka01,matsuka01,Kazuo Matsui,2B,SS,Efficiency Era (2006-2015),2007,2007,2004,2010,HOU,HOU,2302,615,32,102.0,179,403.0,8,B,0.267,0.321,0.113,0.161,0.071,45.4,20.9,30.0,77.9,50.4,C,D-,D,B+,C,66.5,Uncommon,False,False,0,0,0,bbref_war,False,False
taverwi01,taverwi01,Willy Taveras,CF,,Efficiency Era (2006-2015),2007,2006,2004,2010,HOU,HOU,2412,662,8,195.0,136,390.0,7,R,0.274,0.32,0.053,0.15,0.052,52.8,1.0,14.2,103.3,64.4,C,F,F,S,B-,66.5,Uncommon,False,False,0,0,0,bbref_war,False,False
avilemi01,avilemi01,Mike Aviles,SS,"2B,3B",Efficiency Era (2006-2015),2012,2008,2008,2017,KCR,KCR,3009,786,60,78.0,141,424.0,11,R,0.272,0.303,0.124,0.129,0.042,52.4,27.5,5.3,52.9,54.4,C,D,F,C,C,66.4,Uncommon,False,False,0,0,0,bbref_war,False,False
morgany01,morgany01,Nyjer Morgan,CF,LF,Efficiency Era (2006-2015),2010,2011,2007,2014,PIT,PIT,1953,550,12,120.0,145,352.0,8,L,0.282,0.343,0.084,0.163,0.067,58.2,7.0,26.6,71.9,56.2,C+,F,D,B,C+,66.4,Uncommon,False,False,0,0,0,bbref_war,False,False
callaal01,callaal01,Alberto Callaspo,3B,2B,Efficiency Era (2006-2015),2010,2011,2006,2015,LAA,LAA,3556,941,52,22.0,350,365.0,13,B,0.276,0.339,0.111,0.087,0.089,58.9,20.6,44.5,28.3,47.2,C+,D-,C-,D,C,66.3,Uncommon,False,False,0,0,0,bbref_war,False,False
fukudko01,fukudko01,Kosuke Fukudome,RF,CF,Efficiency Era (2006-2015),2010,2009,2008,2012,CHC,CHC,1929,498,42,29.0,307,402.0,6,L,0.258,0.359,0.136,0.178,0.136,35.9,31.0,84.0,27.6,46.2,D+,D,A-,D,C,66.3,Uncommon,True,False,1,0,0,bbref_war,False,False
garkory01,garkory01,Ryan Garko,1B,,Efficiency Era (2006-2015),2008,2008,2005,2010,CLE,CLE,1552,427,55,0.0,125,272.0,7,R,0.275,0.347,0.159,0.156,0.072,52.8,42.9,30.2,1.0,43.6,C,C-,D,F,C-,66.3,Uncommon,False,False,0,0,0,bbref_war,False,False
keppije01,keppije01,Jeff Keppinger,2B,"3B,SS",Efficiency Era (2006-2015),2009,2012,2004,2013,HOU,HOU,2882,814,45,12.0,199,214.0,10,R,0.292,0.343,0.115,0.068,0.068,75.3,23.0,27.5,19.4,31.9,B+,D-,D,F,D,66.3,Uncommon,False,False,0,0,0,bbref_war,False,False
nixla01,nixla01,Laynce Nix,LF,"CF,RF",Efficiency Era (2006-2015),2009,2011,2003,2013,TEX,TEX,1915,460,69,9.0,122,534.0,12,L,0.251,0.297,0.191,0.249,0.062,23.7,57.7,22.0,22.3,58.4,D-,C+,D-,D-,C+,66.3,Uncommon,False,False,0,0,0,bbref_war,False,False
castiwe01,castiwe01,Welington Castillo,C,,Efficiency Era (2006-2015),2015,2013,2010,2019,CHC,CHC,2462,626,98,5.0,183,691.0,12,R,0.259,0.318,0.167,0.251,0.069,31.2,47.7,27.9,18.9,60.3,D,C,D,F,B-,66.2,Uncommon,False,False,0,0,0,bbref_war,False,False
jacobmi02,jacobmi02,Mike Jacobs,1B,,Efficiency Era (2006-2015),2008,2005,2005,2012,MIA,MIA,1949,493,100,5.0,170,492.0,7,L,0.253,0.313,0.22,0.23,0.079,27.2,71.4,36.8,10.6,29.8,D,B,D+,F,D,66.2,Uncommon,False,False,0,0,0,bbref_war,False,False
escobal02,escobal02,Alcides Escobar,SS,,Efficiency Era (2006-2015),2014,2012,2008,2022,KCR,KCR,5750,1486,45,178.0,253,864.0,13,R,0.266,0.304,0.088,0.138,0.043,46.3,9.3,6.4,74.3,68.6,C,F,F,B,B,66.1,Uncommon,True,False,1,1,2,bbref_war,True,False
cartech02,cartech02,Chris Carter,1B,LF,Efficiency Era (2006-2015),2013,2014,2010,2017,HOU,HOU,2469,536,158,12.0,327,951.0,8,R,0.219,0.314,0.244,0.332,0.116,1.0,82.2,67.3,19.5,31.4,F,A-,B,F,D,66.0,Uncommon,False,False,0,0,0,bbref_war,False,False
coghlch01,coghlch01,Chris Coghlan,LF,CF,Efficiency Era (2006-2015),2014,2015,2009,2017,CHC,CHC,2580,666,53,47.0,275,535.0,10,L,0.271,0.344,0.145,0.181,0.093,47.6,34.7,48.1,47.8,28.6,C,D,C,C,D,66.0,Uncommon,False,False,0,0,0,bbref_war,False,False
jonesga02,jonesga02,Garrett Jones,1B,RF,Efficiency Era (2006-2015),2011,2009,2007,2015,PIT,PIT,2924,734,122,28.0,265,680.0,8,L,0.253,0.314,0.197,0.209,0.084,28.6,60.6,40.3,28.4,31.5,D,B-,C-,D,D,66.0,Uncommon,False,False,0,0,0,bbref_war,False,False
nunezed02,nunezed02,Eduardo Nunez,3B,"2B,SS",Efficiency Era (2006-2015),2015,2016,2010,2020,MIN,MIN,2813,776,58,142.0,135,400.0,13,R,0.281,0.318,0.132,0.133,0.048,60.2,30.7,10.6,71.4,22.6,B-,D,F,B,D-,66.0,Uncommon,True,False,1,0,0,bbref_war,False,False
valenda01,valenda01,Danny Valencia,3B,1B,Efficiency Era (2006-2015),2015,2010,2010,2018,TOR,TOR,2963,795,96,11.0,217,651.0,12,R,0.274,0.326,0.165,0.198,0.072,48.9,46.2,30.6,14.5,35.1,C,C,D,F,D+,66.0,Uncommon,False,False,0,0,0,bbref_war,False,False
blumge01,blumge01,Geoff Blum,3B,"1B,2B,SS",Efficiency Era (2006-2015),2006,2002,1999,2012,HOU,HOU,3966,990,99,19.0,332,667.0,15,B,0.263,0.327,0.139,0.156,0.084,41.6,33.5,40.5,9.5,61.9,C-,D,C-,F,B-,65.9,Uncommon,False,False,0,0,0,bbref_war,False,False
lopezjo01,lopezjo01,Jose Lopez,2B,3B,Efficiency Era (2006-2015),2008,2008,2004,2012,SEA,SEA,3841,1005,92,25.0,150,471.0,11,R,0.269,0.3,0.139,0.118,0.038,50.8,34.3,1.7,20.3,60.9,C,D,F,D-,B-,65.9,Uncommon,True,False,1,0,0,bbref_war,False,False
puntoni01,puntoni01,Nick Punto,SS,"2B,3B",Efficiency Era (2006-2015),2010,2006,2001,2014,MIN,MIN,3253,798,19,104.0,386,651.0,15,B,0.258,0.337,0.081,0.168,0.109,36.2,5.6,61.4,53.9,79.1,D+,F,B-,C,B+,65.9,Uncommon,False,False,0,0,0,bbref_war,False,False
sanchga01,sanchga01,Gaby Sanchez,1B,,Efficiency Era (2006-2015),2011,2011,2008,2014,MIA,MIA,1998,508,61,12.0,225,368.0,8,R,0.254,0.332,0.159,0.162,0.099,33.6,42.5,53.5,28.9,43.5,D,C-,C,D,C-,65.9,Uncommon,True,False,1,0,0,bbref_war,False,False
izturce01,izturce01,Cesar Izturis,SS,,Efficiency Era (2006-2015),2008,2004,2001,2013,LAD,LAD,4350,1103,17,110.0,226,431.0,16,B,0.267,0.31,0.073,0.084,0.055,50.9,2.9,16.1,55.6,82.0,C,F,F,C+,A-,65.8,Uncommon,True,False,1,1,2,bbref_war,False,False
roberry01,roberry01,Ryan Roberts,3B,2B,Efficiency Era (2006-2015),2010,2011,2006,2014,ARI,ARI,1500,365,46,35.0,166,320.0,10,R,0.247,0.325,0.146,0.186,0.101,25.8,37.2,54.5,41.4,56.2,D,D+,C,C-,C+,65.8,Uncommon,False,False,0,0,0,bbref_war,False,False
sweenry01,sweenry01,Ryan Sweeney,RF,"CF,LF",Efficiency Era (2006-2015),2011,2009,2006,2014,OAK,OAK,2118,584,23,18.0,183,342.0,9,L,0.278,0.336,0.105,0.147,0.08,56.4,17.5,37.1,32.4,52.4,C+,F,D+,D,C,65.8,Uncommon,False,False,0,0,0,bbref_war,False,False
bartoda02,bartoda02,Daric Barton,1B,,Efficiency Era (2006-2015),2010,2010,2007,2014,OAK,OAK,1744,431,30,13.0,290,348.0,8,L,0.25,0.36,0.122,0.167,0.142,29.6,24.2,89.6,26.2,58.7,D,D-,A,D,C+,65.7,Uncommon,False,False,0,0,0,bbref_war,False,False
blanche01,blanche01,Henry Blanco,C,,Efficiency Era (2006-2015),2006,2000,1997,2013,CHC,CHC,2761,615,72,6.0,254,546.0,17,R,0.251,0.313,0.161,0.176,0.085,30.1,44.1,41.8,1.0,64.5,D,C-,C-,F,B-,65.7,Uncommon,False,False,0,0,0,bbref_war,False,False
dudalu01,dudalu01,Lucas Duda,1B,"LF,RF",Efficiency Era (2006-2015),2015,2014,2010,2019,NYM,NYM,3098,741,156,6.0,394,879.0,12,L,0.243,0.341,0.212,0.247,0.113,17.1,67.4,65.2,7.8,34.6,F,B,B,F,D,65.7,Uncommon,False,False,0,0,0,bbref_war,False,False
greenkh01,greenkh01,Khalil Greene,SS,,Efficiency Era (2006-2015),2006,2007,2003,2009,SDP,SDP,2567,628,90,25.0,190,556.0,7,R,0.245,0.302,0.177,0.197,0.067,22.1,51.3,26.5,37.8,55.2,D-,C,D,D+,C+,65.7,Uncommon,False,False,0,0,0,bbref_war,False,False
bardjo01,bardjo01,Josh Bard,C,,Efficiency Era (2006-2015),2006,2006,2002,2011,CLE,CLE,1778,452,39,1.0,175,299.0,11,B,0.271,0.335,0.142,0.155,0.09,49.2,35.3,45.7,1.0,45.4,C,D+,C,F,C,65.5,Uncommon,False,False,0,0,0,bbref_war,False,False
cervefr01,cervefr01,Francisco Cervelli,C,,Efficiency Era (2006-2015),2015,2015,2008,2020,PIT,PIT,2256,605,41,17.0,270,505.0,14,R,0.272,0.364,0.109,0.193,0.108,47.4,18.8,60.4,23.6,53.4,C,F,B-,D-,C,65.4,Uncommon,False,False,0,0,0,bbref_war,False,False
francbe01,francbe01,Ben Francisco,LF,RF,Efficiency Era (2006-2015),2010,2008,2007,2013,PHI,PHI,1579,400,50,30.0,146,325.0,10,R,0.253,0.323,0.165,0.184,0.083,31.1,45.3,39.7,37.2,42.2,D,C,D+,D+,C-,65.4,Uncommon,False,False,0,0,0,bbref_war,False,False
cantujo01,cantujo01,Jorge Cantu,3B,"1B,2B",Efficiency Era (2006-2015),2007,2008,2004,2011,TB,TB,3128,847,104,11.0,189,559.0,10,R,0.274,0.32,0.172,0.164,0.056,51.8,49.5,17.3,26.6,20.3,C,C,F,D,D-,65.3,Uncommon,False,False,0,0,0,bbref_war,False,False
theriry01,theriry01,Ryan Theriot,SS,2B,Efficiency Era (2006-2015),2008,2008,2005,2012,CHC,CHC,3246,911,17,121.0,285,383.0,9,R,0.281,0.341,0.069,0.107,0.08,62.4,1.0,37.2,57.3,51.5,B-,F,D+,C+,C,65.3,Uncommon,False,False,0,0,0,bbref_war,False,False
alvarpe01,alvarpe01,Pedro Alvarez,3B,1B,Efficiency Era (2006-2015),2015,2013,2010,2018,PIT,PIT,2980,704,162,15.0,314,952.0,9,L,0.243,0.314,0.22,0.285,0.093,13.4,72.4,48.6,26.9,27.0,F,B,C,D,D,65.2,Uncommon,True,False,1,0,0,bbref_war,False,False
stubbdr01,stubbdr01,Drew Stubbs,CF,RF,Efficiency Era (2006-2015),2012,2010,2009,2017,CIN,CIN,2834,687,92,161.0,277,972.0,12,R,0.246,0.315,0.148,0.303,0.087,14.9,38.2,43.6,87.5,48.1,F,D+,C-,A,C,65.2,Uncommon,False,False,0,0,0,bbref_war,False,False
lahaibr01,lahaibr01,Bryan LaHair,1B,,Efficiency Era (2006-2015),2011,2011,2008,2012,CHC,CHC,535,139,21,4.0,61,182.0,3,L,0.26,0.334,0.17,0.304,0.102,28.1,47.1,55.7,15.3,44.2,D,C,C+,F,C-,65.1,Uncommon,True,False,1,0,0,bbref_war,False,False
valbulu01,valbulu01,Luis Valbuena,3B,"1B,2B",Efficiency Era (2006-2015),2014,2014,2008,2018,CHC,CHC,3148,710,114,11.0,374,788.0,11,L,0.234,0.321,0.191,0.215,0.111,10.7,57.5,63.1,8.6,54.0,F,C+,B-,F,C,65.1,Uncommon,False,False,0,0,0,bbref_war,False,False
hundlni01,hundlni01,Nick Hundley,C,,Efficiency Era (2006-2015),2013,2011,2008,2019,SDP,SDP,3097,766,93,15.0,219,810.0,13,R,0.259,0.316,0.17,0.233,0.073,32.8,47.5,31.3,20.7,45.5,D,C,D,D-,C,65.0,Uncommon,False,False,0,0,0,bbref_war,False,False
ryanbr01,ryanbr01,Brendan Ryan,SS,2B,Efficiency Era (2006-2015),2010,2009,2007,2016,STL,STL,2591,604,19,67.0,198,490.0,11,R,0.247,0.31,0.087,0.172,0.073,26.0,9.3,31.2,59.0,93.4,D,F,D,C+,A,65.0,Uncommon,False,False,0,0,0,bbref_war,False,False
snydech02,snydech02,Chris Snyder,C,,Efficiency Era (2006-2015),2008,2008,2004,2013,ARI,ARI,2087,467,77,0.0,309,560.0,11,R,0.237,0.34,0.178,0.221,0.13,13.7,50.9,78.8,1.0,55.0,F,C,B+,F,C+,65.0,Uncommon,False,False,0,0,0,bbref_war,False,False
kouzmke01,kouzmke01,Kevin Kouzmanoff,3B,,Efficiency Era (2006-2015),2009,2010,2006,2014,SDP,SDP,2525,650,87,6.0,125,500.0,8,R,0.257,0.302,0.166,0.183,0.046,34.8,47.1,8.6,21.2,52.8,D,C,F,D-,C,64.9,Uncommon,False,False,0,0,0,bbref_war,False,False
smoakju01,smoakju01,Justin Smoak,1B,,Efficiency Era (2006-2015),2015,2017,2010,2020,TOR,TOR,4153,951,196,3.0,552,1122.0,13,B,0.237,0.335,0.206,0.238,0.124,11.4,64.9,74.2,1.0,38.9,F,B-,B,F,D+,64.9,Uncommon,True,False,1,0,0,bbref_war,False,False
heisech01,heisech01,Chris Heisey,LF,"CF,RF",Efficiency Era (2006-2015),2013,2011,2010,2017,CIN,CIN,1594,380,62,25.0,110,414.0,8,R,0.242,0.3,0.178,0.235,0.063,17.2,51.8,23.1,39.9,54.7,F,C,D-,D+,C,64.8,Uncommon,False,False,0,0,0,bbref_war,False,False
navardi01,navardi01,Dioner Navarro,C,,Efficiency Era (2006-2015),2012,2014,2004,2016,TOR,TOR,3207,802,77,14.0,265,518.0,15,B,0.268,0.327,0.125,0.139,0.08,47.6,28.1,37.4,10.4,52.7,C,D,D+,F,C,64.8,Uncommon,True,False,1,0,0,bbref_war,False,False
barajro01,barajro01,Rod Barajas,C,,Efficiency Era (2006-2015),2008,2008,1999,2012,TEX,TEX,3460,812,136,2.0,207,638.0,15,R,0.246,0.295,0.189,0.165,0.054,25.7,57.9,15.5,1.0,55.7,D,C+,F,F,C+,64.7,Uncommon,False,False,0,0,0,bbref_war,False,False
blancgr01,blancgr01,Gregor Blanco,CF,"LF,RF",Efficiency Era (2006-2015),2012,2013,2008,2018,SFG,SFG,2929,746,26,122.0,363,661.0,11,L,0.262,0.348,0.094,0.194,0.114,37.9,11.4,65.4,66.7,49.1,D+,F,B,B,C,64.7,Uncommon,False,False,0,0,0,bbref_war,False,False
hanigry01,hanigry01,Ryan Hanigan,C,,Efficiency Era (2006-2015),2011,2010,2007,2017,CIN,CIN,1959,492,30,1.0,255,290.0,11,R,0.263,0.358,0.087,0.118,0.119,44.9,10.8,70.2,12.6,63.9,C-,F,B,F,B-,64.7,Uncommon,False,False,0,0,0,bbref_war,False,False
johjike01,johjike01,Kenji Johjima,C,,Efficiency Era (2006-2015),2008,2006,2006,2009,SEA,SEA,1609,431,48,7.0,66,148.0,4,R,0.268,0.31,0.143,0.086,0.038,51.7,36.9,2.4,10.1,49.2,C,D+,F,F,C,64.6,Uncommon,False,False,0,0,0,bbref_war,False,False
olivomi01,olivomi01,Miguel Olivo,C,,Efficiency Era (2006-2015),2008,2010,2002,2014,SEA,SEA,3765,905,145,53.0,158,1060.0,15,R,0.245,0.279,0.187,0.267,0.04,17.2,57.1,3.3,37.4,56.8,F,C+,F,D+,C+,64.6,Uncommon,False,False,0,0,0,bbref_war,False,False
saundmi01,saundmi01,Michael Saunders,LF,"CF,RF",Efficiency Era (2006-2015),2013,2014,2009,2017,SEA,SEA,2455,570,81,55.0,255,711.0,10,L,0.242,0.317,0.174,0.258,0.098,14.9,49.3,52.4,49.5,41.3,F,C,C,C,C-,64.6,Uncommon,True,False,1,0,0,bbref_war,False,False
davisik02,davisik02,Ike Davis,1B,,Efficiency Era (2006-2015),2013,2010,2010,2016,NYM,NYM,2076,496,81,7.0,294,538.0,8,L,0.239,0.332,0.175,0.225,0.123,14.9,50.3,73.3,10.1,47.6,F,C,B,F,C,64.5,Uncommon,False,False,0,0,0,bbref_war,False,False
dobbsgr01,dobbsgr01,Greg Dobbs,3B,1B,Efficiency Era (2006-2015),2007,2008,2004,2014,PHI,PHI,2097,548,46,14.0,132,402.0,12,L,0.277,0.317,0.139,0.178,0.054,53.1,33.9,15.5,26.7,35.6,C,D,F,D,D+,64.5,Uncommon,False,False,0,0,0,bbref_war,False,False
schumsk01,schumsk01,Skip Schumaker,2B,"CF,LF,RF",Efficiency Era (2006-2015),2008,2008,2005,2015,STL,STL,3252,905,28,26.0,280,476.0,11,L,0.288,0.346,0.087,0.125,0.079,66.9,9.3,36.4,29.6,39.9,B,F,D+,D,D+,64.5,Uncommon,False,False,0,0,0,bbref_war,False,False
snidetr01,snidetr01,Travis Snider,LF,RF,Efficiency Era (2006-2015),2011,2014,2008,2015,TOR,TOR,1783,435,54,22.0,167,492.0,10,L,0.249,0.316,0.161,0.248,0.085,22.4,43.9,41.5,29.4,52.3,D-,C-,C-,D,C,64.5,Uncommon,False,False,0,0,0,bbref_war,False,False
iwamuak01,iwamuak01,Akinori Iwamura,2B,3B,Efficiency Era (2006-2015),2008,2008,2007,2010,TB,TB,1545,413,16,32.0,183,330.0,5,L,0.267,0.345,0.107,0.189,0.105,43.3,17.4,58.1,44.4,44.2,C-,F,C+,C-,C-,64.4,Uncommon,False,False,0,0,0,bbref_war,False,False
sogarer01,sogarer01,Eric Sogard,2B,"3B,SS",Efficiency Era (2006-2015),2014,2019,2010,2021,OAK,OAK,2236,551,26,46.0,207,342.0,12,L,0.26,0.328,0.098,0.129,0.087,40.9,14.5,43.4,43.5,60.2,C-,F,C-,C-,B-,64.4,Uncommon,False,False,0,0,0,bbref_war,False,False
tabatjo01,tabatjo01,Jose Tabata,LF,RF,Efficiency Era (2006-2015),2012,2013,2010,2015,PIT,PIT,1592,438,17,47.0,129,254.0,6,R,0.275,0.336,0.102,0.145,0.074,53.6,15.9,32.1,40.7,46.1,C,F,D,C-,C,64.4,Uncommon,False,False,0,0,0,bbref_war,False,False
teahema01,teahema01,Mark Teahen,3B,RF,Efficiency Era (2006-2015),2008,2006,2005,2011,KCR,KCR,2873,759,67,45.0,259,679.0,8,L,0.264,0.327,0.145,0.215,0.082,38.5,35.6,39.0,50.0,22.8,D+,D+,D+,C,D-,64.4,Uncommon,False,False,0,0,0,bbref_war,False,True
millela02,millela02,Lastings Milledge,LF,"CF,RF",Efficiency Era (2006-2015),2008,2007,2006,2011,WSH,WSH,1500,404,33,40.0,104,287.0,7,R,0.269,0.328,0.125,0.174,0.063,46.2,27.6,23.1,36.3,45.4,C,D,D-,D+,C,64.3,Uncommon,False,False,0,0,0,bbref_war,False,False
navada01,navada01,Daniel Nava,LF,RF,Efficiency Era (2006-2015),2014,2014,2010,2017,BOS,BOS,1701,452,29,10.0,196,387.0,9,B,0.266,0.357,0.114,0.196,0.099,41.3,21.9,53.6,24.6,51.3,C-,D-,C,D-,C,64.2,Uncommon,False,False,0,0,0,bbref_war,False,False
pauliro01,pauliro01,Ronny Paulino,C,,Efficiency Era (2006-2015),2008,2006,2005,2012,PIT,PIT,1867,508,33,4.0,145,328.0,8,R,0.273,0.326,0.106,0.162,0.073,50.2,19.4,31.7,13.5,58.2,C,F,D,F,C+,64.2,Uncommon,False,False,0,0,0,bbref_war,False,False
torreyo01,torreyo01,Yorvit Torrealba,C,,Efficiency Era (2006-2015),2006,2010,2001,2013,COL,COL,2875,737,56,19.0,222,544.0,16,R,0.266,0.321,0.124,0.18,0.07,42.5,26.8,28.8,23.4,55.0,C-,D,D,D-,C+,64.2,Uncommon,False,False,0,0,0,bbref_war,False,False
milesaa01,milesaa01,Aaron Miles,2B,"3B,SS",Efficiency Era (2006-2015),2007,2008,2003,2011,STL,STL,2827,793,19,30.0,162,294.0,9,B,0.291,0.326,0.07,0.097,0.049,71.5,2.4,10.9,33.0,51.6,B,F,F,D,C,64.1,Uncommon,False,False,0,0,0,bbref_war,False,False
pennicl01,pennicl01,Cliff Pennington,SS,2B,Efficiency Era (2006-2015),2013,2010,2008,2018,OAK,OAK,2799,678,36,84.0,266,619.0,12,B,0.25,0.315,0.104,0.191,0.083,27.1,16.8,40.0,58.9,68.4,D,F,C-,C+,B,64.0,Uncommon,False,False,0,0,0,bbref_war,False,False
rodrise01,rodrise01,Sean Rodriguez,2B,"1B,3B,LF,SS",Efficiency Era (2006-2015),2013,2010,2008,2020,TB,TB,2572,580,81,42.0,225,775.0,14,R,0.235,0.311,0.164,0.252,0.079,9.2,44.7,36.4,41.8,63.5,F,C-,D+,C-,B-,64.0,Uncommon,False,False,0,0,0,bbref_war,False,False
bourjpe01,bourjpe01,Peter Bourjos,CF,RF,Efficiency Era (2006-2015),2013,2011,2010,2019,LAA,LAA,2116,502,43,68.0,134,562.0,10,R,0.245,0.298,0.142,0.238,0.056,19.9,33.3,17.5,63.3,62.6,F,D,F,B-,B-,63.9,Common,False,False,0,0,0,bbref_war,False,False
casilal01,casilal01,Alexi Casilla,2B,SS,Efficiency Era (2006-2015),2011,2012,2006,2014,MIN,MIN,1696,419,12,80.0,130,246.0,9,B,0.259,0.312,0.095,0.129,0.071,40.4,13.4,29.4,68.8,52.7,C-,F,D,B,C,63.9,Common,False,False,0,0,0,bbref_war,False,False
bonifem01,bonifem01,Emilio Bonifacio,2B,"3B,CF,LF,SS",Efficiency Era (2006-2015),2011,2011,2007,2020,MIA,MIA,2613,669,13,166.0,215,605.0,15,B,0.264,0.322,0.084,0.213,0.079,38.2,6.9,36.5,92.9,49.4,D+,F,D+,A,C,63.8,Common,False,False,0,0,0,bbref_war,False,False
castrja01,castrja01,Jason Castro,C,,Efficiency Era (2006-2015),2015,2013,2010,2022,HOU,HOU,2981,678,97,6.0,347,970.0,13,L,0.24,0.324,0.171,0.283,0.104,11.0,48.2,57.5,17.5,55.4,F,C,C+,F,C+,63.8,Common,True,False,1,0,0,bbref_war,False,False
coraal01,coraal01,Alex Cora,SS,2B,Efficiency Era (2006-2015),2006,2002,1998,2011,BOS,BOS,3408,828,35,47.0,248,423.0,16,L,0.254,0.331,0.1,0.108,0.079,37.7,14.7,36.3,44.7,62.3,D+,F,D+,C-,B-,63.8,Common,False,False,0,0,0,bbref_war,False,False
plouftr01,plouftr01,Trevor Plouffe,3B,,Efficiency Era (2006-2015),2014,2014,2010,2018,MIN,MIN,2933,710,106,12.0,246,676.0,10,R,0.248,0.31,0.173,0.2,0.076,25.2,49.9,33.9,18.4,43.0,D,C,D,F,C-,63.8,Common,False,False,0,0,0,bbref_war,False,False
barneda01,barneda01,Darwin Barney,2B,3B,Efficiency Era (2006-2015),2014,2012,2010,2017,CHC,CHC,2536,625,31,29.0,155,349.0,10,R,0.256,0.302,0.094,0.131,0.055,37.6,13.1,15.9,44.1,74.9,D+,F,F,C-,B,63.7,Common,False,False,0,1,2,bbref_war,False,False
ellisaj01,ellisaj01,A. J. Ellis,C,,Efficiency Era (2006-2015),2013,2012,2008,2018,LAD,LAD,1948,466,44,2.0,280,414.0,12,R,0.253,0.35,0.127,0.187,0.121,30.3,28.1,71.4,1.0,57.3,D,D,B,F,C+,63.7,Common,False,False,0,0,0,bbref_war,False,False
bloomwi01,bloomwi01,Willie Bloomquist,SS,"2B,3B,CF,LF,RF",Efficiency Era (2006-2015),2006,2008,2002,2015,SEA,SEA,2891,778,18,133.0,189,494.0,15,R,0.278,0.328,0.071,0.144,0.065,56.6,2.1,24.6,67.9,45.5,C+,F,D-,B,C,63.6,Common,False,False,0,0,0,bbref_war,False,False
espinda01,espinda01,Danny Espinosa,2B,SS,Efficiency Era (2006-2015),2013,2011,2010,2017,WSH,WSH,2910,644,98,64.0,242,943.0,10,B,0.226,0.302,0.162,0.282,0.075,1.0,44.6,33.0,48.7,70.4,F,C-,D,C,B,63.6,Common,False,False,0,0,0,bbref_war,False,False
forsylo01,forsylo01,Logan Forsythe,2B,"1B,3B",Efficiency Era (2006-2015),2014,2015,2011,2020,TB,TB,3120,762,71,42.0,343,757.0,11,R,0.25,0.33,0.128,0.207,0.096,25.9,28.2,50.3,43.6,51.9,D,D,C,C-,C,63.6,Common,False,False,0,0,0,bbref_war,False,False
lairdge01,lairdge01,Gerald Laird,C,,Efficiency Era (2006-2015),2007,2008,2003,2015,TEX,TEX,2452,597,38,21.0,193,494.0,13,R,0.255,0.316,0.12,0.178,0.072,33.5,24.6,30.3,32.2,61.8,D,D-,D,D,B-,63.6,Common,False,False,0,0,0,bbref_war,False,False
younger03,younger03,Eric Young Jr.,LF,CF,Efficiency Era (2006-2015),2014,2012,2009,2018,COL,COL,1725,422,13,162.0,147,350.0,12,B,0.253,0.322,0.086,0.179,0.08,31.4,8.6,37.6,103.9,48.0,D,F,D+,S,C,63.5,Common,False,False,0,0,0,bbref_war,False,False
browndo01,browndo01,Domonic Brown,LF,RF,Efficiency Era (2006-2015),2012,2013,2010,2015,PHI,PHI,1591,391,54,23.0,138,317.0,6,L,0.246,0.305,0.159,0.181,0.079,24.6,43.1,36.4,35.7,39.5,D-,C-,D+,D+,D+,63.3,Common,True,False,1,0,0,bbref_war,False,False
santira01,santira01,Ramon Santiago,SS,"2B,3B",Efficiency Era (2006-2015),2010,2010,2002,2014,DET,DET,2436,592,30,30.0,203,420.0,13,B,0.26,0.331,0.107,0.165,0.077,39.1,18.6,35.1,33.5,56.0,D+,F,D+,D,C+,63.2,Common,False,False,0,0,0,bbref_war,False,False
saltaja01,saltaja01,Jarrod Saltalamacchia,C,,Efficiency Era (2006-2015),2012,2013,2007,2018,BOS,BOS,2852,662,110,5.0,304,984.0,15,B,0.242,0.313,0.184,0.3,0.092,11.9,54.9,47.6,11.5,45.8,F,C,C,F,C,63.1,Common,False,False,0,0,0,bbref_war,False,False
johnsch05,johnsch05,Chris Johnson,3B,1B,Efficiency Era (2006-2015),2012,2013,2009,2016,HOU,HOU,2811,773,63,18.0,144,753.0,10,R,0.28,0.316,0.131,0.247,0.046,50.3,30.7,8.6,31.8,33.1,C,D,F,D,D,63.0,Common,False,False,0,0,0,bbref_war,False,False
mercejo03,mercejo03,Jordy Mercer,SS,,Efficiency Era (2006-2015),2015,2014,2012,2021,PIT,PIT,3104,796,66,13.0,246,589.0,11,R,0.26,0.32,0.137,0.174,0.074,37.7,32.8,32.3,20.6,43.2,D+,D,D,D-,C-,63.0,Common,False,False,0,0,0,bbref_war,False,False
mesorde01,mesorde01,Devin Mesoraco,C,,Efficiency Era (2006-2015),2015,2014,2011,2018,CIN,CIN,1402,325,58,4.0,138,316.0,9,R,0.235,0.312,0.18,0.201,0.088,13.9,52.7,43.6,5.0,50.3,F,C,C-,F,C,62.9,Common,True,False,1,0,0,bbref_war,False,False
shoppke01,shoppke01,Kelly Shoppach,C,,Efficiency Era (2006-2015),2009,2008,2005,2013,CLE,CLE,1616,361,70,1.0,155,624.0,11,R,0.224,0.316,0.195,0.336,0.086,1.0,59.1,42.6,12.6,55.5,F,C+,C-,F,C+,62.8,Common,False,False,0,0,0,bbref_war,False,False
rosalad01,rosalad01,Adam Rosales,2B,"1B,3B,SS",Efficiency Era (2006-2015),2014,2016,2008,2018,OAK,OAK,1621,367,48,17.0,135,451.0,13,R,0.238,0.305,0.156,0.255,0.082,13.3,41.6,38.7,30.2,55.8,F,C-,D+,D,C+,62.7,Common,False,False,0,0,0,bbref_war,False,False
crosbbo01,crosbbo01,Bobby Crosby,SS,,Efficiency Era (2006-2015),2006,2005,2003,2010,OAK,OAK,2559,605,62,34.0,241,516.0,9,R,0.238,0.305,0.14,0.181,0.085,16.9,34.3,41.2,44.0,51.9,F,D,C-,C-,C,62.6,Common,False,False,0,0,0,bbref_war,False,False
mcgehca01,mcgehca01,Casey McGehee,3B,1B,Efficiency Era (2006-2015),2011,2010,2008,2016,MIL,MIL,2798,721,67,7.0,249,517.0,10,R,0.263,0.322,0.131,0.165,0.081,41.4,30.5,37.8,9.0,40.6,C-,D,D+,F,C-,62.6,Common,False,False,0,0,0,bbref_war,False,False
boescbr01,boescbr01,Brennan Boesch,RF,LF,Efficiency Era (2006-2015),2012,2011,2010,2015,DET,DET,1577,394,48,22.0,109,344.0,6,L,0.25,0.303,0.15,0.201,0.064,26.8,39.4,23.6,32.6,43.5,D,D+,D-,D,C-,62.5,Common,False,False,0,0,0,bbref_war,False,False
betanyu01,betanyu01,Yuniesky Betancourt,SS,,Efficiency Era (2006-2015),2008,2007,2005,2013,SEA,SEA,4052,1057,80,30.0,143,435.0,10,R,0.269,0.292,0.128,0.096,0.032,52.3,29.0,1.0,27.3,30.8,C,D,F,D,D,62.0,Common,False,False,0,0,0,bbref_war,False,False
vicieda01,vicieda01,Dayan Viciedo,LF,RF,Efficiency Era (2006-2015),2012,2012,2010,2014,CHW,CHW,1675,425,66,2.0,95,388.0,5,R,0.254,0.298,0.17,0.216,0.053,29.1,49.1,14.5,6.9,39.0,D,C,F,F,D+,62.0,Common,False,False,0,0,0,bbref_war,False,False
mcdonjo03,mcdonjo03,John McDonald,SS,"2B,3B",Efficiency Era (2006-2015),2009,2007,1999,2014,TOR,TOR,2434,568,28,34.0,118,379.0,21,R,0.256,0.289,0.104,0.149,0.038,36.3,18.4,2.2,35.0,65.6,D+,F,F,D+,B,61.9,Common,False,False,0,0,0,bbref_war,False,False
norride01,norride01,Derek Norris,C,,Efficiency Era (2006-2015),2014,2014,2012,2017,OAK,OAK,1967,453,63,26.0,195,541.0,6,R,0.23,0.304,0.15,0.247,0.089,5.5,39.2,44.8,38.2,57.0,F,D+,C-,D+,C+,61.9,Common,True,False,1,0,0,bbref_war,False,False
penabr01,penabr01,Brayan Peña,C,,Efficiency Era (2006-2015),2010,2015,2005,2016,KCR,KCR,1807,468,23,6.0,105,214.0,12,B,0.27,0.314,0.092,0.108,0.059,52.0,13.6,19.6,11.3,51.8,C,F,F,F,C,61.9,Common,False,False,0,0,0,bbref_war,False,False
ackledu01,ackledu01,Dustin Ackley,2B,LF,Efficiency Era (2006-2015),2014,2011,2011,2016,SEA,SEA,2125,512,46,31.0,194,419.0,7,L,0.241,0.304,0.126,0.179,0.083,20.2,27.4,39.8,40.2,53.8,D-,D,D+,C-,C,61.8,Common,False,False,0,0,0,bbref_war,False,False
descada01,descada01,Daniel Descalso,3B,"2B,SS",Efficiency Era (2006-2015),2013,2018,2010,2019,STL,STL,2519,593,48,26.0,303,600.0,10,L,0.245,0.326,0.126,0.198,0.102,22.4,26.2,56.1,36.9,42.8,D-,D,C+,D+,C-,61.5,Common,False,False,0,0,0,bbref_war,False,False
beckhgo01,beckhgo01,Gordon Beckham,2B,3B,Efficiency Era (2006-2015),2012,2009,2009,2019,CHW,CHW,3403,807,80,35.0,266,670.0,13,R,0.242,0.304,0.129,0.17,0.07,21.8,29.7,29.0,33.0,51.5,D-,D,D,D,C,61.2,Common,False,False,0,0,0,bbref_war,False,False
gwynnto02,gwynnto02,Tony Gwynn,CF,LF,Efficiency Era (2006-2015),2009,2009,2006,2014,MIL,MIL,1600,381,7,80.0,161,297.0,8,L,0.239,0.315,0.074,0.163,0.097,20.5,3.0,51.3,69.6,63.3,D-,F,C,B,B-,61.1,Common,False,False,0,0,0,bbref_war,False,False
molinjo01,molinjo01,Jose Molina,C,,Efficiency Era (2006-2015),2008,2012,1999,2014,TOR,TOR,2546,592,39,20.0,154,576.0,16,R,0.244,0.299,0.117,0.217,0.066,20.4,24.9,25.2,29.8,61.1,D-,D-,D,D,B-,60.8,Common,False,False,0,0,0,bbref_war,False,False
harribr01,harribr01,Brendan Harris,SS,"2B,3B",Efficiency Era (2006-2015),2007,2007,2004,2013,WSH,WSH,1694,434,33,5.0,132,343.0,10,R,0.263,0.319,0.13,0.184,0.071,39.7,29.4,29.5,14.8,30.4,D+,D,D,F,D,60.7,Common,False,False,0,0,0,bbref_war,False,False
leonsa01,leonsa01,Sandy Leon,C,,Efficiency Era (2006-2015),2015,2016,2012,2025,WSH,WSH,1561,323,32,1.0,133,459.0,14,B,0.24,0.32,0.131,0.257,0.1,15.4,30.2,53.7,1.0,59.8,F,D,C,F,C+,60.7,Common,False,False,0,0,0,bbref_war,False,False
cabreev01,cabreev01,Everth Cabrera,SS,,Efficiency Era (2006-2015),2012,2013,2009,2015,SDP,SDP,1829,450,12,138.0,175,432.0,7,B,0.246,0.315,0.081,0.213,0.086,22.3,6.3,42.6,87.2,46.3,D-,F,C-,A,C,60.5,Common,True,False,1,0,0,bbref_war,False,False
arencjp01,arencjp01,J. P. Arencibia,C,,Efficiency Era (2006-2015),2012,2012,2010,2015,TOR,TOR,1573,333,80,2.0,85,484.0,6,R,0.212,0.258,0.2,0.287,0.05,1.0,63.4,12.5,2.7,48.4,F,B-,F,F,C,60.3,Common,False,False,0,0,0,bbref_war,False,False
castijo02,castijo02,Jose Castillo,2B,3B,Efficiency Era (2006-2015),2006,2005,2004,2008,PIT,PIT,1918,487,39,13.0,111,378.0,6,R,0.254,0.296,0.125,0.184,0.054,31.6,27.6,15.6,19.5,44.5,D,D,F,F,C-,60.1,Common,False,False,0,0,0,bbref_war,False,False
buckjo01,buckjo01,John Buck,C,,Efficiency Era (2006-2015),2010,2010,2004,2014,KCR,KCR,3612,844,134,6.0,307,959.0,13,R,0.238,0.304,0.161,0.228,0.073,13.5,45.0,31.3,1.4,45.5,F,C,D,F,C,60.0,Common,True,False,1,0,0,bbref_war,False,False
cedenro02,cedenro02,Ronny Cedeno,SS,2B,Efficiency Era (2006-2015),2010,2011,2005,2014,CHC,CHC,2565,629,40,39.0,146,567.0,12,R,0.254,0.302,0.108,0.208,0.061,29.9,19.6,21.2,35.8,46.9,D,F,D-,D+,C,60.0,Common,False,False,0,0,0,bbref_war,False,False
flowety01,flowety01,Tyler Flowers,C,,Efficiency Era (2006-2015),2015,2014,2009,2020,CHW,CHW,2456,582,86,2.0,227,852.0,12,R,0.246,0.328,0.153,0.299,0.082,15.4,40.8,38.7,1.0,45.7,F,C-,D+,F,C,60.0,Common,False,False,0,0,0,bbref_war,False,False
hannaja01,hannaja01,Jack Hannahan,3B,,Efficiency Era (2006-2015),2009,2008,2006,2014,OAK,OAK,1650,381,29,6.0,193,440.0,9,L,0.232,0.316,0.117,0.233,0.105,8.5,23.2,58.4,14.7,64.0,F,D-,C+,F,B-,59.9,Common,False,False,0,0,0,bbref_war,False,False
mathije01,mathije01,Jeff Mathis,C,,Efficiency Era (2006-2015),2012,2009,2005,2021,LAA,LAA,2718,526,53,12.0,205,872.0,17,R,0.211,0.265,0.132,0.288,0.062,1.0,31.5,22.1,12.0,73.9,F,D,D-,F,B,59.3,Common,False,False,0,0,0,bbref_war,False,False
tejadru01,tejadru01,Ruben Tejada,SS,2B,Efficiency Era (2006-2015),2014,2012,2010,2019,NYM,NYM,2119,530,10,16.0,202,359.0,10,R,0.254,0.328,0.067,0.15,0.085,34.2,1.0,41.7,23.9,49.3,D,F,C-,D-,C,59.0,Common,False,False,0,0,0,bbref_war,False,False
amarial01,amarial01,Alexi Amarista,SS,"2B,CF",Efficiency Era (2006-2015),2014,2014,2011,2017,SDP,SDP,1750,404,21,39.0,109,295.0,8,L,0.231,0.275,0.093,0.157,0.058,13.1,12.3,18.9,50.6,49.4,F,F,F,C,C,58.1,Common,False,False,0,0,0,bbref_war,False,False
mayswi01,mayswi01,Willie Mays,CF,1B,Expansion (1961-1976),1962,1965,1948,1973,SFG,SFG,10924,3293,660,339.0,1468,1526.0,24,R,0.32,0.396,0.302,0.104,0.112,100.3,125.0,62.2,94.2,120.0,S,S,B-,A,S,99.9,Legendary,True,True,24,12,24,bbref_war,True,True
aaronha01,aaronha01,Hank Aaron,RF,"1B,CF,LF",Expansion (1961-1976),1962,1961,1954,1976,ATL,ATL,12364,3771,755,240.0,1402,1383.0,23,R,0.322,0.39,0.289,0.104,0.102,102.0,123.5,53.8,71.5,84.1,S,S,C,B,A-,98.7,Legendary,True,True,25,3,6,bbref_war,False,True
yastrca01,yastrca01,Carl Yastrzemski,LF,"1B,CF",Expansion (1961-1976),1968,1967,1961,1983,BOS,BOS,11988,3419,452,168.0,1845,1393.0,23,L,0.305,0.412,0.223,0.109,0.153,85.8,85.9,95.5,58.0,103.6,A,A,A+,C+,S,97.6,Legendary,True,True,18,7,14,bbref_war,True,True
clemero01,clemero01,Roberto Clemente,RF,,Expansion (1961-1976),1967,1967,1955,1972,PIT,PIT,9454,3000,240,83.0,621,1230.0,18,R,0.336,0.383,0.178,0.128,0.068,113.0,62.6,25.8,65.6,124.5,S,B-,D,B,S,97.4,Legendary,True,True,15,12,24,bbref_war,True,True
robinfr02,robinfr02,Frank Robinson,RF,"1B,CF,LF",Expansion (1961-1976),1962,1962,1956,1976,CIN,CIN,10006,2943,586,204.0,1420,1532.0,22,R,0.314,0.404,0.272,0.115,0.118,93.3,112.0,66.8,73.0,64.6,A,S,B,B,B-,96.8,Legendary,True,True,14,1,2,bbref_war,True,False
morgajo02,morgajo02,Joe Morgan,2B,,Expansion (1961-1976),1974,1975,1963,1984,CIN,CIN,9277,2517,268,689.0,1865,1015.0,22,L,0.296,0.42,0.187,0.087,0.175,79.4,65.2,113.7,125.0,81.1,B+,B,S,S,A-,94.2,Legendary,True,True,10,5,10,bbref_war,True,False
benchjo01,benchjo01,Johnny Bench,C,"1B,3B",Expansion (1961-1976),1972,1972,1967,1983,CIN,CIN,7658,2048,389,68.0,891,1278.0,17,R,0.281,0.352,0.235,0.151,0.099,58.9,94.5,51.7,38.5,106.2,C+,A,C,D+,S,91.2,Legendary,True,True,14,10,20,bbref_war,True,True
carewro01,carewro01,Rod Carew,2B,1B,Expansion (1961-1976),1974,1977,1967,1985,MIN,MIN,9315,3053,92,353.0,1018,1028.0,19,L,0.352,0.416,0.128,0.086,0.101,125.0,34.7,53.1,104.4,68.7,S,D,C,S,B,90.9,Legendary,True,True,18,0,0,bbref_war,False,True
mccovwi01,mccovwi01,Willie McCovey,1B,LF,Expansion (1961-1976),1967,1969,1959,1980,SFG,SFG,8197,2211,521,26.0,1345,1550.0,23,L,0.29,0.397,0.287,0.155,0.144,66.1,119.9,88.5,24.8,42.8,B,S,A,D-,C-,90.9,Legendary,True,True,6,0,0,bbref_war,True,True
smithre06,smithre06,Reggie Smith,CF,"1B,RF",Expansion (1961-1976),1971,1970,1966,1982,BOS,BOS,7033,2020,314,137.0,890,1030.0,18,B,0.296,0.378,0.222,0.119,0.116,75.8,86.1,65.5,49.2,76.1,B+,A,B,C,B+,88.7,Legendary,True,False,7,1,2,bbref_war,False,False
willibi01,willibi01,Billy Williams,LF,"1B,RF",Expansion (1961-1976),1967,1965,1959,1976,CHC,CHC,9350,2711,426,90.0,1045,1046.0,18,L,0.308,0.373,0.231,0.095,0.093,89.9,92.1,46.3,54.3,48.3,A,A,C,C,C,88.2,Legendary,True,True,6,0,0,bbref_war,False,False
stargwi01,stargwi01,Willie Stargell,LF,1B,Expansion (1961-1976),1972,1971,1962,1982,PIT,PIT,7927,2232,475,17.0,937,1936.0,21,L,0.301,0.387,0.275,0.211,0.119,70.5,114.5,67.6,10.3,44.9,B,S,B,F,C-,88.1,Legendary,True,True,7,0,0,bbref_war,True,True
jacksre01,jacksre01,Reggie Jackson,RF,CF,Expansion (1961-1976),1973,1969,1967,1987,OAK,OAK,9864,2584,563,228.0,1375,2597.0,21,L,0.282,0.377,0.252,0.204,0.125,53.8,102.5,72.6,66.7,63.5,C,S,B,B,B-,87.8,Epic,True,True,14,0,0,bbref_war,True,False
santoro01,santoro01,Ron Santo,3B,,Expansion (1961-1976),1966,1967,1960,1974,CHC,CHC,8143,2254,342,35.0,1108,1343.0,15,R,0.292,0.38,0.21,0.142,0.124,69.5,79.5,72.1,30.3,87.0,B,B+,B,D,A,87.2,Epic,True,True,9,5,10,bbref_war,False,True
cedence01,cedence01,Cesar Cedeno,CF,"1B,LF,RF",Expansion (1961-1976),1975,1972,1970,1986,HOU,HOU,7310,2087,199,550.0,664,938.0,18,R,0.297,0.365,0.182,0.11,0.092,77.8,64.4,45.4,125.0,71.1,B+,B-,C,S,B,87.0,Epic,True,False,4,5,10,bbref_war,False,False
robinbr01,robinbr01,Brooks Robinson,3B,,Expansion (1961-1976),1967,1968,1955,1977,BAL,BAL,10654,2848,268,28.0,860,990.0,23,R,0.283,0.338,0.169,0.081,0.077,67.8,59.2,32.9,31.6,125.0,B,C+,D,D,S,86.8,Epic,True,True,18,16,32,bbref_war,True,True
killeha01,killeha01,Harmon Killebrew,3B,"1B,LF",Expansion (1961-1976),1966,1967,1954,1975,MIN,MIN,8147,2086,573,19.0,1559,1699.0,22,R,0.271,0.397,0.285,0.156,0.169,48.7,119.3,108.3,16.5,41.9,C,S,S,F,C-,86.6,Epic,True,True,13,0,0,bbref_war,False,True
bondsbo01,bondsbo01,Bobby Bonds,RF,CF,Expansion (1961-1976),1972,1973,1968,1981,SFG,SFG,7043,1886,332,461.0,914,1757.0,15,R,0.275,0.356,0.224,0.22,0.108,45.7,87.7,58.9,113.8,67.1,C,A,C+,S,B,86.4,Epic,True,False,3,3,6,bbref_war,True,False
olivato01,olivato01,Tony Oliva,RF,,Expansion (1961-1976),1967,1970,1962,1976,MIN,MIN,6301,1917,220,86.0,448,645.0,15,L,0.316,0.362,0.196,0.099,0.064,97.1,73.5,22.5,55.7,68.9,A+,B,D-,C+,B,86.4,Epic,True,True,8,1,2,bbref_war,False,False
rosepe01,rosepe01,Pete Rose,3B,"1B,2B,LF,RF",Expansion (1961-1976),1972,1973,1963,1986,CIN,CIN,14053,4256,160,198.0,1566,1143.0,25,B,0.327,0.395,0.131,0.083,0.095,108.7,36.8,48.4,52.5,72.2,S,D+,C,C,B,86.1,Epic,True,False,17,2,4,bbref_war,True,True
cepedor01,cepedor01,Orlando Cepeda,1B,LF,Expansion (1961-1976),1963,1967,1958,1974,SFG,SFG,7927,2351,379,142.0,588,1169.0,19,R,0.311,0.362,0.228,0.137,0.064,88.1,91.8,22.8,55.7,47.7,A,A,D-,C+,C,85.7,Epic,True,True,11,0,0,bbref_war,False,False
colavro01,colavro01,Rocky Colavito,RF,LF,Expansion (1961-1976),1961,1961,1955,1968,CLE,CLE,6503,1730,374,19.0,951,880.0,16,R,0.277,0.374,0.247,0.113,0.134,58.4,100.3,79.7,17.7,70.1,C+,S,B+,F,B,85.7,Epic,True,False,9,0,0,bbref_war,False,False
allendi01,allendi01,Dick Allen,3B,"1B,LF",Expansion (1961-1976),1967,1964,1963,1977,PHI,PHI,6332,1848,351,133.0,894,1556.0,15,R,0.302,0.389,0.245,0.214,0.125,71.2,96.7,72.5,69.4,32.6,B,A+,B,B,D,85.5,Epic,True,True,7,0,0,bbref_war,False,False
cashno01,cashno01,Norm Cash,1B,,Expansion (1961-1976),1965,1961,1958,1974,DET,DET,6705,1820,377,43.0,1043,1091.0,17,L,0.284,0.39,0.235,0.134,0.139,62.7,93.4,83.7,30.9,60.2,B-,A,A-,D,B-,85.2,Epic,True,False,5,0,0,bbref_war,False,False
marisro01,marisro01,Roger Maris,RF,CF,Expansion (1961-1976),1962,1960,1957,1968,NYY,NYY,5101,1325,275,21.0,652,733.0,13,L,0.27,0.361,0.243,0.114,0.119,52.2,97.5,67.3,42.1,66.4,C,A+,B,C-,B,84.6,Epic,True,False,7,1,2,bbref_war,False,False
wynnji01,wynnji01,Jim Wynn,CF,"LF,RF",Expansion (1961-1976),1969,1974,1963,1977,HOU,HOU,6653,1665,291,225.0,1224,1427.0,16,R,0.269,0.383,0.217,0.182,0.155,44.4,82.8,97.1,82.1,63.4,C-,A-,A+,A-,B-,84.4,Epic,True,False,3,0,0,bbref_war,False,False
cartyri01,cartyri01,Rico Carty,LF,,Expansion (1961-1976),1970,1970,1963,1979,ATL,ATL,5606,1677,204,21.0,642,663.0,18,R,0.322,0.391,0.188,0.098,0.104,102.2,69.5,55.7,11.7,48.0,S,B,C+,F,C,83.9,Epic,True,False,1,0,0,bbref_war,False,False
pinsova01,pinsova01,Vada Pinson,CF,"LF,RF",Expansion (1961-1976),1962,1961,1958,1975,CIN,CIN,9645,2757,256,305.0,574,1196.0,18,L,0.303,0.349,0.184,0.121,0.064,82.4,65.8,22.2,86.3,62.1,A-,B,D-,A,B-,83.9,Epic,True,False,4,1,2,bbref_war,False,False
daviswi02,daviswi02,Willie Davis,CF,RF,Expansion (1961-1976),1970,1964,1960,1979,LAD,LAD,9174,2561,182,398.0,418,977.0,19,L,0.297,0.329,0.143,0.089,0.046,79.9,44.2,8.1,102.1,97.2,B+,C-,F,S,A+,83.8,Epic,True,False,2,3,6,bbref_war,False,False
torrejo01,torrejo01,Joe Torre,C,"1B,3B",Expansion (1961-1976),1966,1966,1960,1977,ATL,ATL,7874,2342,252,23.0,779,1094.0,18,R,0.315,0.378,0.185,0.12,0.088,93.3,67.6,41.9,11.8,59.6,A,B,C-,F,C+,83.8,Epic,True,False,9,1,2,bbref_war,False,True
perezto01,perezto01,Tony Perez,3B,1B,Expansion (1961-1976),1971,1970,1964,1986,CIN,CIN,9778,2732,379,49.0,925,1867.0,23,R,0.293,0.356,0.206,0.178,0.089,66.5,78.9,43.1,38.1,58.2,B,B+,C-,D+,C+,83.7,Epic,True,True,7,0,0,bbref_war,True,True
otisam01,otisam01,Amos Otis,CF,,Expansion (1961-1976),1974,1978,1967,1984,KCR,KCR,7299,2020,193,341.0,757,1008.0,17,R,0.291,0.357,0.164,0.113,0.094,72.3,55.5,47.1,105.0,66.4,B,C+,C,S,B,83.4,Epic,True,False,5,3,6,bbref_war,False,False
blairpa01,blairpa01,Paul Blair,CF,,Expansion (1961-1976),1971,1969,1964,1980,BAL,BAL,6042,1513,134,171.0,449,877.0,18,R,0.275,0.328,0.154,0.128,0.072,55.5,50.7,29.5,70.3,121.2,C+,C,D,B,S,83.0,Epic,True,False,2,8,16,bbref_war,False,False
powelbo01,powelbo01,Boog Powell,1B,LF,Expansion (1961-1976),1970,1969,1961,1977,BAL,BAL,6681,1776,339,20.0,1001,1226.0,17,L,0.283,0.38,0.236,0.153,0.134,60.0,94.7,80.3,19.1,48.7,B-,A,A-,F,C,83.0,Epic,True,False,4,0,0,bbref_war,False,False
whitebi03,whitebi03,Bill White,1B,LF,Expansion (1961-1976),1963,1963,1956,1969,STL,STL,5972,1706,202,103.0,596,927.0,13,L,0.298,0.357,0.175,0.135,0.083,75.9,61.5,38.4,43.6,79.8,B+,B-,D+,C-,B+,82.7,Epic,True,False,8,7,14,bbref_war,False,False
grichbo01,grichbo01,Bobby Grich,2B,SS,Expansion (1961-1976),1975,1973,1970,1986,BAL,BAL,6890,1833,224,104.0,1087,1278.0,17,R,0.272,0.373,0.17,0.155,0.13,49.4,57.9,76.6,59.0,96.8,C,C+,B+,C+,A+,82.6,Epic,True,False,6,4,8,bbref_war,False,False
nettlgr01,nettlgr01,Graig Nettles,3B,,Expansion (1961-1976),1974,1976,1967,1988,NYY,NYY,8986,2225,390,32.0,1088,1209.0,22,L,0.259,0.331,0.184,0.112,0.096,41.9,67.7,48.7,30.0,111.6,C-,B,C,D,S,82.5,Epic,True,False,6,2,4,bbref_war,True,False
aloufe01,aloufe01,Felipe Alou,RF,"1B,CF,LF",Expansion (1961-1976),1965,1968,1958,1974,SFG,SFG,7339,2101,206,107.0,423,706.0,19,R,0.304,0.345,0.172,0.093,0.053,86.4,61.1,13.5,59.3,65.5,A,B-,F,C+,B,82.3,Epic,True,False,3,0,0,bbref_war,False,False
brocklo01,brocklo01,Lou Brock,LF,"CF,RF",Expansion (1961-1976),1967,1964,1961,1979,STL,STL,10332,3023,149,938.0,761,1730.0,20,L,0.3,0.351,0.135,0.16,0.069,75.0,38.9,27.0,125.0,54.2,B+,D+,D,S,C,82.1,Epic,True,True,6,0,0,bbref_war,True,True
ceyro01,ceyro01,Ron Cey,3B,,Expansion (1961-1976),1976,1975,1971,1987,LAD,LAD,7162,1868,316,24.0,1012,1235.0,17,R,0.272,0.366,0.184,0.129,0.125,52.0,66.8,72.4,15.0,79.4,C,B,B,F,B+,82.1,Epic,True,False,6,0,0,bbref_war,True,True
allisbo01,allisbo01,Bob Allison,LF,"1B,CF,RF",Expansion (1961-1976),1963,1963,1958,1970,MIN,MIN,5032,1281,256,84.0,795,1033.0,13,R,0.261,0.359,0.233,0.182,0.129,36.7,91.3,75.6,57.6,61.4,D+,A,B+,C+,B-,82.0,Epic,True,False,3,0,0,bbref_war,False,False
retteme01,retteme01,Merv Rettenmund,RF,"CF,LF",Expansion (1961-1976),1972,1971,1968,1980,BAL,BAL,2555,693,66,68.0,445,382.0,13,R,0.293,0.405,0.152,0.126,0.153,71.4,47.9,95.6,57.5,60.0,B,C,A+,C+,B-,81.5,Epic,False,False,0,0,0,bbref_war,False,False
scottge02,scottge02,George Scott,1B,3B,Expansion (1961-1976),1973,1973,1966,1979,MIL,MIL,7433,1992,271,69.0,699,1418.0,16,R,0.287,0.348,0.171,0.166,0.083,62.7,60.3,38.5,43.9,89.4,B-,B-,D+,C-,A,81.5,Epic,True,False,3,8,16,bbref_war,False,False
staubru01,staubru01,Rusty Staub,RF,"1B,LF",Expansion (1961-1976),1969,1970,1963,1985,HOU,HOU,9720,2716,292,47.0,1255,888.0,24,L,0.299,0.391,0.164,0.086,0.126,82.1,55.0,73.0,34.7,51.5,A-,C+,B,D,C,81.1,Epic,True,False,6,0,0,bbref_war,False,False
bandosa01,bandosa01,Sal Bando,3B,,Expansion (1961-1976),1972,1969,1966,1981,OAK,OAK,7060,1790,242,75.0,1031,923.0,16,R,0.268,0.375,0.185,0.113,0.139,50.3,66.4,84.0,40.8,71.4,C,B,A-,C-,B,80.9,Epic,True,False,4,0,0,bbref_war,False,False
howarfr01,howarfr01,Frank Howard,LF,"1B,RF",Expansion (1961-1976),1968,1969,1958,1973,TEX,TEX,6488,1774,382,8.0,782,1460.0,17,R,0.281,0.365,0.254,0.202,0.112,53.3,104.9,62.3,11.1,34.8,C,S,B-,F,D,80.9,Epic,True,False,4,0,0,bbref_war,False,False
whitero01,whitero01,Roy White,LF,,Expansion (1961-1976),1971,1970,1965,1979,NYY,NYY,6650,1803,160,233.0,934,708.0,15,B,0.284,0.376,0.144,0.086,0.129,68.4,44.0,76.1,77.0,63.9,B,C-,B+,B+,B-,80.9,Epic,True,False,2,0,0,bbref_war,False,False
aparilu01,aparilu01,Luis Aparicio,SS,,Expansion (1961-1976),1965,1960,1956,1973,CHW,CHW,10230,2677,83,506.0,736,742.0,18,R,0.276,0.329,0.084,0.06,0.073,63.2,13.2,30.2,117.0,119.6,B-,F,D,S,S,80.8,Epic,True,True,13,9,18,bbref_war,False,False
howarel01,howarel01,Elston Howard,C,"1B,LF",Expansion (1961-1976),1962,1964,1948,1968,NYY,NYY,5443,1491,168,10.0,376,786.0,16,R,0.296,0.342,0.179,0.133,0.064,74.3,64.4,22.2,8.8,74.1,B,B-,D-,F,B,80.8,Epic,True,False,11,2,4,bbref_war,True,False
callijo01,callijo01,Johnny Callison,RF,LF,Expansion (1961-1976),1965,1963,1958,1973,PHI,PHI,6652,1757,226,74.0,650,1064.0,16,L,0.274,0.338,0.194,0.148,0.083,52.3,70.7,38.2,49.9,68.1,C,B,D+,C,B,80.7,Epic,True,False,4,0,0,bbref_war,True,False
baylodo01,baylodo01,Don Baylor,LF,"1B,RF",Expansion (1961-1976),1976,1979,1970,1988,BAL,BAL,8198,2135,338,285.0,805,1069.0,20,R,0.278,0.352,0.179,0.099,0.081,61.6,64.1,36.8,84.2,44.3,B-,B-,D+,A-,C-,80.3,Epic,True,False,1,0,0,bbref_war,False,True
floodcu01,floodcu01,Curt Flood,CF,,Expansion (1961-1976),1964,1963,1956,1971,STL,STL,6357,1861,85,88.0,444,609.0,15,R,0.305,0.353,0.09,0.081,0.063,88.6,16.4,21.9,61.2,102.5,A,F,D-,B-,S,80.2,Epic,True,False,3,7,14,bbref_war,False,False
munsoth01,munsoth01,Thurman Munson,C,,Expansion (1961-1976),1973,1973,1969,1979,NYY,NYY,5344,1558,113,48.0,438,571.0,11,R,0.297,0.351,0.129,0.093,0.074,79.5,37.8,30.6,43.3,78.9,B+,D+,D,C-,B+,80.2,Epic,True,False,7,3,6,bbref_war,False,True
maybejo01,maybejo01,John Mayberry,1B,,Expansion (1961-1976),1975,1975,1968,1982,KCR,KCR,5447,1379,255,20.0,881,810.0,16,L,0.27,0.384,0.212,0.124,0.151,50.7,80.9,93.6,21.1,42.6,C,A-,A,D-,C-,79.7,Rare,True,False,2,0,0,bbref_war,False,False
murcebo01,murcebo01,Bobby Murcer,CF,RF,Expansion (1961-1976),1972,1972,1965,1983,NYY,NYY,6730,1862,252,127.0,862,841.0,18,L,0.285,0.367,0.184,0.115,0.115,65.8,66.6,64.0,55.1,36.6,B,B,B-,C+,D+,79.5,Rare,True,False,5,1,2,bbref_war,False,False
watsobo01,watsobo01,Bob Watson,1B,LF,Expansion (1961-1976),1976,1977,1966,1984,HOU,HOU,6185,1826,184,27.0,653,796.0,21,R,0.308,0.376,0.161,0.109,0.094,88.7,54.3,47.2,26.6,41.8,A,C,C,D,C-,79.3,Rare,True,False,2,0,0,bbref_war,False,False
freehbi01,freehbi01,Bill Freehan,C,1B,Expansion (1961-1976),1970,1968,1961,1976,DET,DET,6073,1591,200,24.0,626,753.0,15,R,0.278,0.36,0.168,0.103,0.096,60.6,58.1,48.5,18.0,81.2,B-,C+,C,F,A-,79.2,Rare,True,False,11,5,10,bbref_war,False,False
lopesda01,lopesda01,Davey Lopes,2B,"CF,LF",Expansion (1961-1976),1976,1975,1972,1987,LAD,LAD,6354,1671,155,557.0,833,852.0,18,R,0.268,0.355,0.133,0.117,0.118,49.9,39.0,66.6,125.0,62.9,C,D+,B,S,B-,79.2,Rare,True,False,4,1,2,bbref_war,False,False
rudijo01,rudijo01,Joe Rudi,LF,1B,Expansion (1961-1976),1974,1972,1967,1982,OAK,OAK,5556,1468,179,25.0,369,870.0,16,R,0.286,0.333,0.181,0.134,0.064,64.8,65.3,22.3,40.5,63.1,B-,B,D-,C-,B-,78.0,Rare,True,False,3,3,6,bbref_war,False,False
moneydo01,moneydo01,Don Money,3B,"1B,2B,SS",Expansion (1961-1976),1976,1977,1968,1983,MIL,MIL,6215,1623,176,80.0,600,866.0,16,R,0.283,0.347,0.15,0.111,0.086,64.4,48.6,40.6,55.6,70.8,B-,C,C-,C+,B,77.8,Rare,True,False,4,0,0,bbref_war,False,False
petrori01,petrori01,Rico Petrocelli,SS,3B,Expansion (1961-1976),1969,1969,1963,1976,BOS,BOS,5390,1352,210,10.0,661,926.0,13,R,0.259,0.344,0.188,0.145,0.114,38.7,68.9,63.3,16.5,86.0,D+,B,B-,F,A,77.7,Rare,True,False,2,0,0,bbref_war,False,False
robinbi02,robinbi02,Bill Robinson,LF,"1B,3B,CF,RF",Expansion (1961-1976),1976,1973,1966,1983,PIT,PIT,4364,1127,166,71.0,263,820.0,17,R,0.282,0.319,0.21,0.171,0.052,57.3,81.5,12.8,39.9,52.0,C+,A-,F,D+,C,77.6,Rare,False,False,0,0,0,bbref_war,False,False
bufordo01,bufordo01,Don Buford,LF,"2B,3B",Expansion (1961-1976),1968,1965,1963,1972,BAL,BAL,4553,1203,93,200.0,672,575.0,10,B,0.274,0.371,0.127,0.104,0.128,57.1,35.4,75.0,73.9,72.4,C+,D+,B+,B,B,77.5,Rare,True,False,1,0,0,bbref_war,False,False
hortowi01,hortowi01,Willie Horton,LF,RF,Expansion (1961-1976),1968,1968,1963,1980,DET,DET,7298,1993,325,20.0,620,1313.0,21,R,0.285,0.344,0.215,0.162,0.075,60.9,84.1,32.0,9.0,47.3,B-,A-,D,F,C,77.4,Rare,True,False,4,0,0,bbref_war,False,False
hartji01,hartji01,Jim Ray Hart,3B,LF,Expansion (1961-1976),1967,1966,1963,1974,SFG,SFG,3783,1052,170,17.0,380,573.0,13,R,0.285,0.348,0.203,0.131,0.086,64.2,77.3,41.0,33.9,35.0,B-,B+,C-,D,D+,77.3,Rare,True,False,1,0,0,bbref_war,False,False
brownga01,brownga01,Gates Brown,LF,,Expansion (1961-1976),1966,1964,1963,1975,DET,DET,2262,582,84,30.0,242,275.0,13,L,0.274,0.34,0.19,0.103,0.086,57.1,69.0,40.9,49.2,49.6,C+,B,C-,C,C,77.2,Rare,False,False,0,0,0,bbref_war,False,False
minchdo01,minchdo01,Don Mincher,1B,,Expansion (1961-1976),1969,1967,1960,1972,OAK,OAK,4026,1003,200,24.0,606,668.0,15,L,0.257,0.352,0.223,0.146,0.124,36.6,87.0,71.9,19.0,52.1,D+,A,B,F,C,77.1,Rare,True,False,2,0,0,bbref_war,False,False
fairlro01,fairlro01,Ron Fairly,1B,"CF,LF,RF",Expansion (1961-1976),1965,1973,1958,1978,LAD,LAD,7184,1913,215,35.0,1052,877.0,23,L,0.282,0.38,0.143,0.105,0.135,63.9,44.7,80.7,45.2,56.2,B-,C-,A-,C,C+,77.0,Rare,True,False,2,0,0,bbref_war,False,False
hislela01,hislela01,Larry Hisle,LF,"CF,RF",Expansion (1961-1976),1975,1978,1968,1982,MIN,MIN,4205,1146,166,128.0,462,941.0,14,R,0.284,0.355,0.185,0.186,0.095,57.3,66.9,47.6,67.1,38.6,C+,B,C,B,D+,77.0,Rare,True,False,2,0,0,bbref_war,False,False
covinwe01,covinwe01,Wes Covington,LF,,Expansion (1961-1976),1963,1958,1956,1966,ATL,ATL,2978,832,131,7.0,247,414.0,15,L,0.287,0.349,0.211,0.13,0.082,65.9,81.7,37.5,24.7,28.6,B,A-,D+,D-,D,76.9,Rare,False,False,0,0,0,bbref_war,False,False
gonzato01,gonzato01,Tony Gonzalez,CF,"LF,RF",Expansion (1961-1976),1965,1967,1960,1971,PHI,PHI,5195,1485,103,79.0,467,706.0,15,L,0.299,0.364,0.142,0.133,0.084,77.3,43.0,38.9,56.3,52.6,B+,C-,D+,C+,C,76.8,Rare,False,False,0,0,0,bbref_war,False,False
northji01,northji01,Jim Northrup,RF,"CF,LF",Expansion (1961-1976),1969,1968,1964,1975,DET,DET,4692,1254,153,39.0,449,635.0,14,L,0.276,0.342,0.179,0.121,0.088,56.6,63.4,42.5,37.9,59.8,C+,B-,C-,D+,C+,76.8,Rare,False,False,0,0,0,bbref_war,False,False
ziskri01,ziskri01,Richie Zisk,LF,RF,Expansion (1961-1976),1976,1974,1971,1983,PIT,PIT,5144,1477,207,8.0,533,910.0,13,R,0.293,0.359,0.185,0.159,0.094,68.7,67.5,47.3,9.6,47.3,B,B,C,F,C,76.8,Rare,True,False,2,0,0,bbref_war,False,False
gentiji01,gentiji01,Jim Gentile,1B,,Expansion (1961-1976),1962,1961,1957,1966,BAL,BAL,2922,759,179,3.0,475,663.0,11,L,0.261,0.37,0.228,0.191,0.137,35.7,89.8,82.3,12.5,44.0,D+,A,A-,F,C-,76.7,Rare,True,False,6,0,0,bbref_war,False,False
cardejo02,cardejo02,Jose Cardenal,CF,"LF,RF",Expansion (1961-1976),1972,1968,1963,1980,CHC,CHC,6964,1913,138,329.0,608,807.0,21,R,0.29,0.352,0.129,0.105,0.085,71.7,36.9,39.9,84.9,53.0,B,D+,D+,A-,C,76.6,Rare,False,False,0,0,0,bbref_war,False,False
francti01,francti01,Tito Francona,LF,"1B,CF,RF",Expansion (1961-1976),1961,1959,1956,1970,CLE,CLE,5121,1395,125,46.0,544,694.0,19,L,0.296,0.367,0.147,0.104,0.098,77.4,46.5,50.3,39.2,47.2,B+,C,C,D+,C,76.5,Rare,True,False,1,0,0,bbref_war,False,False
mondari01,mondari01,Rick Monday,CF,RF,Expansion (1961-1976),1970,1976,1966,1984,OAK,OAK,6136,1619,241,98.0,924,1513.0,19,L,0.276,0.372,0.179,0.199,0.13,48.5,62.6,76.3,49.1,48.3,C,B-,B+,C,C,76.5,Rare,True,False,2,0,0,bbref_war,False,False
bostoly01,bostoly01,Lyman Bostock,CF,RF,Expansion (1961-1976),1976,1977,1975,1978,MIN,MIN,2004,624,23,45.0,171,174.0,4,L,0.311,0.365,0.115,0.079,0.078,93.8,28.5,33.7,52.7,48.1,A,D,D,C,C,76.1,Rare,False,False,0,0,0,bbref_war,False,False
hebneri01,hebneri01,Richie Hebner,3B,1B,Expansion (1961-1976),1972,1972,1968,1985,PIT,PIT,6144,1694,203,38.0,687,741.0,19,L,0.285,0.359,0.171,0.108,0.097,66.4,58.8,49.4,28.8,47.4,B,C+,C,D,C,76.1,Rare,False,False,0,0,0,bbref_war,False,False
ageeto01,ageeto01,Tommie Agee,CF,RF,Expansion (1961-1976),1970,1966,1962,1973,NYM,NYM,3912,999,130,167.0,342,918.0,13,R,0.261,0.328,0.166,0.207,0.084,34.0,57.5,39.1,78.2,77.7,D,C+,D+,B+,B+,76.0,Rare,True,False,2,2,4,bbref_war,False,False
carbobe01,carbobe01,Bernie Carbo,RF,LF,Expansion (1961-1976),1973,1970,1969,1980,BOS,BOS,2733,722,96,26.0,538,611.0,16,L,0.266,0.394,0.175,0.177,0.171,41.3,60.1,109.8,26.7,52.8,C-,B-,S,D,C,75.9,Rare,False,False,0,0,0,bbref_war,False,False
davisto02,davisto02,Tommy Davis,LF,"3B,CF",Expansion (1961-1976),1964,1962,1959,1976,LAD,LAD,7223,2121,153,136.0,381,754.0,23,R,0.302,0.341,0.135,0.101,0.053,83.8,41.8,14.0,62.3,46.2,A-,C-,F,B-,C,75.9,Rare,True,False,3,0,0,bbref_war,False,False
harpeto01,harpeto01,Tommy Harper,LF,"2B,3B,CF,RF",Expansion (1961-1976),1967,1970,1962,1976,CIN,CIN,6269,1609,146,408.0,753,1080.0,16,R,0.263,0.347,0.139,0.155,0.11,41.7,42.8,60.2,112.3,60.0,C-,C-,B-,S,B-,75.9,Rare,True,False,1,0,0,bbref_war,False,False
hintoch01,hintoch01,Chuck Hinton,LF,"1B,CF,RF",Expansion (1961-1976),1964,1963,1961,1971,TEX,TEX,3968,1048,113,130.0,416,685.0,11,R,0.276,0.345,0.155,0.142,0.098,54.7,50.2,50.1,80.2,50.1,C,C,C,A-,C,75.9,Rare,True,False,1,0,0,bbref_war,False,False
johnsja01,johnsja01,Jay Johnstone,RF,"CF,LF",Expansion (1961-1976),1976,1976,1966,1985,PHI,PHI,4703,1254,102,50.0,429,632.0,23,L,0.293,0.355,0.143,0.106,0.087,74.0,44.0,41.4,34.7,58.1,B,C-,C-,D,C+,75.9,Rare,False,False,0,0,0,bbref_war,False,False
wagnele01,wagnele01,Leon Wagner,LF,RF,Expansion (1961-1976),1962,1963,1958,1969,LAA,LAA,4426,1202,211,54.0,435,656.0,13,L,0.279,0.342,0.197,0.128,0.083,59.0,75.5,38.4,43.5,22.4,C+,B+,D+,C-,D-,75.9,Rare,True,False,3,0,0,bbref_war,True,False
siebeno01,siebeno01,Norm Siebern,1B,LF,Expansion (1961-1976),1962,1962,1956,1968,NLB,NLB,4481,1217,132,18.0,708,748.0,13,L,0.283,0.378,0.162,0.138,0.134,61.5,53.6,79.7,22.4,48.6,B-,C,B+,D-,C,75.8,Rare,True,False,3,1,2,bbref_war,False,False
tolanbo01,tolanbo01,Bobby Tolan,CF,"1B,LF,RF",Expansion (1961-1976),1970,1970,1965,1979,CIN,CIN,4238,1121,86,193.0,258,587.0,14,L,0.284,0.337,0.134,0.134,0.062,62.9,39.8,20.6,81.0,58.1,B-,D+,D-,A-,C+,75.7,Rare,False,False,0,0,0,bbref_war,False,True
campabe01,campabe01,Bert Campaneris,SS,3B,Expansion (1961-1976),1973,1968,1964,1983,OAK,OAK,8684,2249,79,649.0,618,1142.0,20,R,0.265,0.315,0.093,0.123,0.065,46.3,17.8,23.4,116.5,96.6,C,F,D-,S,A+,75.6,Rare,True,False,6,0,0,bbref_war,True,False
clenddo01,clenddo01,Donn Clendenon,1B,,Expansion (1961-1976),1965,1968,1961,1972,PIT,PIT,4648,1273,159,90.0,379,1140.0,13,R,0.285,0.338,0.177,0.218,0.074,54.9,61.8,30.9,54.1,44.8,C,B-,D,C,C-,75.6,Rare,False,False,0,0,0,bbref_war,True,False
mayle01,mayle01,Lee May,1B,,Expansion (1961-1976),1972,1971,1965,1982,CIN,CIN,7609,2031,354,39.0,487,1570.0,18,R,0.275,0.323,0.21,0.198,0.062,48.3,82.6,21.0,34.5,46.8,C,A-,D-,D,C,75.6,Rare,True,False,3,0,0,bbref_war,False,False
mazerbi01,mazerbi01,Bill Mazeroski,2B,,Expansion (1961-1976),1964,1958,1956,1972,PIT,PIT,7755,2016,138,27.0,447,706.0,17,R,0.267,0.303,0.12,0.09,0.05,51.7,33.0,11.2,28.3,115.4,C,D,F,D,S,75.6,Rare,True,True,10,8,16,bbref_war,True,False
sanguma01,sanguma01,Manny Sanguillen,C,,Expansion (1961-1976),1972,1971,1967,1980,PIT,PIT,5062,1500,65,35.0,223,331.0,13,R,0.305,0.333,0.11,0.065,0.04,90.1,26.9,3.0,34.1,76.6,A,D,F,D,B+,75.6,Rare,True,False,3,0,0,bbref_war,False,False
fregoji01,fregoji01,Jim Fregosi,SS,"1B,3B",Expansion (1961-1976),1966,1964,1961,1978,LAA,LAA,6523,1726,151,76.0,715,1097.0,20,R,0.268,0.344,0.139,0.138,0.1,47.8,41.6,52.4,58.0,79.8,C,C-,C,C+,B+,75.4,Rare,True,False,6,1,2,bbref_war,False,False
tenacge01,tenacge01,Gene Tenace,C,1B,Expansion (1961-1976),1976,1979,1969,1983,OAK,OAK,4390,1060,201,36.0,984,998.0,15,R,0.243,0.39,0.192,0.183,0.18,19.3,68.8,118.0,27.2,54.6,F,B,S,D,C,75.2,Rare,True,False,1,0,0,bbref_war,True,False
bailebo01,bailebo01,Bob Bailey,3B,"1B,LF",Expansion (1961-1976),1970,1973,1962,1978,WSH,WSH,6082,1564,189,85.0,852,1126.0,18,R,0.271,0.365,0.165,0.154,0.129,48.6,56.2,76.2,35.8,53.0,C,C+,B+,D+,C,75.1,Rare,False,False,0,0,0,bbref_war,False,False
kingmda01,kingmda01,Dave Kingman,LF,"1B,3B,RF",Expansion (1961-1976),1976,1979,1971,1986,SFG,SFG,6677,1575,442,85.0,608,1816.0,19,R,0.245,0.308,0.262,0.246,0.078,15.0,110.2,34.2,42.8,39.4,F,S,D,C-,D+,75.0,Rare,True,False,3,0,0,bbref_war,False,False
groatdi01,groatdi01,Dick Groat,SS,,Expansion (1961-1976),1962,1963,1952,1967,PIT,PIT,7484,2138,39,14.0,490,512.0,15,R,0.299,0.343,0.09,0.068,0.061,84.6,15.6,20.2,27.5,82.2,A-,F,D-,D,A-,74.9,Rare,True,False,8,0,0,bbref_war,False,True
romanjo01,romanjo01,John Romano,C,,Expansion (1961-1976),1962,1961,1958,1967,CLE,CLE,2767,706,129,7.0,414,485.0,10,R,0.262,0.36,0.196,0.147,0.126,41.5,72.6,73.7,1.0,55.6,C-,B,B,F,C+,74.8,Rare,True,False,3,0,0,bbref_war,False,False
heldwo01,heldwo01,Woodie Held,SS,"2B,3B,CF,LF,RF",Expansion (1961-1976),1961,1961,1954,1969,CLE,CLE,4019,963,179,14.0,508,944.0,18,R,0.252,0.342,0.201,0.195,0.112,26.8,75.6,61.8,28.8,64.3,D,B+,B-,D,B-,74.7,Rare,False,False,0,0,0,bbref_war,False,False
jonesma01,jonesma01,Mack Jones,CF,"LF,RF",Expansion (1961-1976),1966,1965,1961,1971,ATL,ATL,3091,778,133,65.0,383,756.0,10,L,0.258,0.352,0.205,0.209,0.107,31.0,76.6,57.9,52.1,46.6,D,B+,C+,C,C,74.7,Rare,False,False,0,0,0,bbref_war,False,False
willsma01,willsma01,Maury Wills,SS,3B,Expansion (1961-1976),1965,1962,1959,1972,LAD,LAD,7588,2134,20,586.0,552,684.0,15,B,0.288,0.335,0.054,0.086,0.066,71.9,1.0,24.3,125.0,70.9,B,F,D-,S,B,74.7,Rare,True,False,7,2,4,bbref_war,True,False
batteea01,batteea01,Earl Battey,C,,Expansion (1961-1976),1962,1963,1955,1967,MIN,MIN,3586,969,104,13.0,421,470.0,13,R,0.281,0.358,0.138,0.102,0.103,63.6,42.8,54.3,19.1,65.9,B-,C-,C,F,B,74.6,Rare,True,False,5,3,6,bbref_war,False,False
alouma01,alouma01,Matty Alou,CF,"1B,LF,RF",Expansion (1961-1976),1969,1968,1960,1974,PIT,PIT,5789,1777,31,156.0,311,377.0,17,L,0.323,0.36,0.076,0.059,0.051,108.0,8.7,12.0,69.0,46.3,S,F,F,B,C,74.5,Rare,True,False,2,0,0,bbref_war,False,False
jonescl01,jonescl01,Cleon Jones,LF,"CF,RF",Expansion (1961-1976),1970,1969,1963,1976,NYM,NYM,4263,1196,93,91.0,360,702.0,13,R,0.294,0.356,0.138,0.143,0.082,71.5,41.9,37.5,54.8,45.7,B,C-,D+,C,C,74.5,Rare,True,False,1,0,0,bbref_war,False,False
robinfl01,robinfl01,Floyd Robinson,RF,LF,Expansion (1961-1976),1963,1964,1960,1968,CHW,CHW,3284,929,67,42.0,408,282.0,10,L,0.287,0.37,0.129,0.073,0.111,72.4,35.9,61.2,49.7,43.7,B,D+,B-,C,C-,74.5,Rare,False,False,0,0,0,bbref_war,False,False
conigto01,conigto01,Tony Conigliaro,RF,LF,Expansion (1961-1976),1967,1967,1964,1975,BOS,BOS,3221,849,166,20.0,287,629.0,8,R,0.266,0.329,0.214,0.177,0.08,41.8,83.3,35.4,27.7,33.7,C-,A-,D+,D,D,74.4,Rare,True,False,1,0,0,bbref_war,False,True
pinielo01,pinielo01,Lou Piniella,LF,RF,Expansion (1961-1976),1976,1978,1964,1984,NYY,NYY,5867,1705,102,32.0,368,541.0,18,R,0.306,0.348,0.131,0.087,0.06,88.7,38.6,19.0,25.6,47.1,A,D+,F,D,C,74.4,Rare,True,False,1,0,0,bbref_war,False,False
crawfwi01,crawfwi01,Willie Crawford,RF,LF,Expansion (1961-1976),1973,1973,1964,1977,LAD,LAD,3435,921,86,47.0,431,664.0,15,L,0.28,0.358,0.145,0.16,0.11,56.1,45.0,60.5,43.1,56.8,C+,C,B-,C-,C+,74.3,Rare,False,False,0,0,0,bbref_war,False,False
hallji02,hallji02,Jimmie Hall,CF,"LF,RF",Expansion (1961-1976),1966,1963,1963,1970,MIN,MIN,2848,724,121,38.0,287,529.0,12,L,0.259,0.324,0.191,0.17,0.09,35.5,70.6,44.0,48.9,54.0,D+,B,C-,C,C,74.3,Rare,True,False,2,0,0,bbref_war,False,False
hendeke01,hendeke01,Ken Henderson,CF,"LF,RF",Expansion (1961-1976),1972,1974,1965,1980,SFG,SFG,4553,1168,122,86.0,589,763.0,18,B,0.271,0.356,0.151,0.136,0.115,50.6,48.9,64.8,57.1,49.5,C,C,B-,C+,C,74.3,Rare,False,False,0,0,0,bbref_war,False,False
malzofr01,malzofr01,Frank Malzone,3B,,Expansion (1961-1976),1961,1957,1955,1966,BOS,BOS,5428,1486,133,14.0,337,434.0,12,R,0.283,0.322,0.133,0.072,0.054,68.5,40.8,14.8,29.5,73.2,B,C-,F,D,B,74.2,Rare,True,False,8,3,6,bbref_war,False,False
tovarce01,tovarce01,Cesar Tovar,CF,"2B,3B,LF,RF,SS",Expansion (1961-1976),1970,1968,1965,1976,MIN,MIN,5569,1546,46,226.0,413,410.0,14,R,0.285,0.341,0.098,0.066,0.067,71.6,19.9,25.3,90.4,63.9,B,F,D,A,B-,74.2,Rare,False,False,0,0,0,bbref_war,False,False
garrra01,garrra01,Ralph Garr,LF,RF,Expansion (1961-1976),1975,1971,1968,1980,ATL,ATL,5108,1562,75,172.0,246,445.0,14,L,0.312,0.346,0.112,0.081,0.047,95.5,27.6,8.5,69.3,34.9,A+,D,F,B,D,74.1,Rare,True,False,1,0,0,bbref_war,False,False
colemgo01,colemgo01,Gordy Coleman,1B,,Expansion (1961-1976),1962,1961,1959,1967,CIN,CIN,2384,650,98,9.0,177,333.0,9,L,0.278,0.33,0.189,0.121,0.069,58.8,70.7,27.0,7.3,45.9,C+,B,D,F,C,74.0,Rare,False,False,0,0,0,bbref_war,False,False
roberbo01,roberbo01,Bob Robertson,1B,,Expansion (1961-1976),1972,1970,1967,1979,PIT,PIT,2385,578,115,7.0,317,546.0,11,R,0.256,0.346,0.212,0.19,0.118,31.5,80.9,67.1,11.1,48.7,D,A-,B,F,C,73.9,Rare,False,False,0,0,0,bbref_war,False,False
boyercl02,boyercl02,Clete Boyer,3B,SS,Expansion (1961-1976),1965,1962,1955,1971,NYY,NYY,5780,1396,162,41.0,470,931.0,16,R,0.251,0.306,0.147,0.147,0.073,30.6,48.1,29.7,32.6,106.3,D,C,D,D,S,73.8,Rare,False,False,0,1,2,bbref_war,False,False
johnsda02,johnsda02,Davey Johnson,2B,1B,Expansion (1961-1976),1970,1973,1965,1978,BAL,BAL,4797,1252,136,33.0,559,675.0,14,R,0.265,0.347,0.151,0.12,0.106,47.0,49.4,57.3,25.3,70.0,C,C,C+,D,B,73.8,Rare,True,False,4,3,6,bbref_war,False,False
brandja01,brandja01,Jackie Brandt,CF,"LF,RF",Expansion (1961-1976),1962,1961,1956,1967,BAL,BAL,3895,1020,112,45.0,351,574.0,13,R,0.268,0.328,0.163,0.123,0.082,49.0,55.1,37.3,45.3,58.0,C,C+,D+,C,C+,73.7,Rare,True,False,2,1,2,bbref_war,False,False
parkewe01,parkewe01,Wes Parker,1B,RF,Expansion (1961-1976),1968,1970,1964,1972,LAD,LAD,4157,1110,64,60.0,532,615.0,9,B,0.271,0.358,0.114,0.121,0.117,52.7,28.4,66.2,47.4,68.6,C,D,B,C,B,73.7,Rare,False,False,0,6,12,bbref_war,False,True
motama01,motama01,Manny Mota,LF,"CF,RF",Expansion (1961-1976),1969,1970,1962,1982,LAD,LAD,3779,1149,31,50.0,289,320.0,21,R,0.314,0.363,0.093,0.075,0.069,96.6,16.9,27.0,49.4,46.0,A+,F,D,C,C,73.6,Rare,True,False,1,0,0,bbref_war,False,False
mcauldi01,mcauldi01,Dick McAuliffe,SS,"2B,3B",Expansion (1961-1976),1967,1966,1960,1975,DET,DET,6185,1530,197,63.0,882,974.0,16,L,0.25,0.35,0.163,0.141,0.129,30.8,54.3,76.2,52.2,61.9,D,C,B+,C,B-,73.5,Rare,True,False,3,0,0,bbref_war,False,False
briggjo02,briggjo02,John Briggs,LF,"1B,CF,RF",Expansion (1961-1976),1972,1972,1964,1975,MIL,MIL,4117,1041,139,64.0,663,785.0,14,L,0.255,0.357,0.175,0.164,0.138,33.3,60.6,82.8,44.6,47.8,D,B-,A-,C-,C,73.4,Rare,False,False,0,0,0,bbref_war,False,False
geronce01,geronce01,Cesar Geronimo,CF,"LF,RF",Expansion (1961-1976),1975,1974,1969,1983,CIN,CIN,3780,977,51,82.0,354,746.0,15,L,0.275,0.34,0.118,0.175,0.084,50.5,29.7,39.1,55.3,84.0,C,D,D+,C+,A-,73.3,Rare,False,False,0,4,8,bbref_war,False,False
colbena01,colbena01,Nate Colbert,1B,,Expansion (1961-1976),1972,1972,1966,1976,SDP,SDP,3422,833,173,52.0,383,902.0,12,R,0.252,0.331,0.215,0.224,0.102,23.7,83.3,53.7,49.3,37.6,D-,A-,C,C,D+,73.0,Rare,True,False,3,0,0,bbref_war,False,False
altmage01,altmage01,George Altman,RF,"CF,LF",Expansion (1961-1976),1962,1961,1959,1967,CHC,CHC,3091,832,101,52.0,268,572.0,9,L,0.273,0.334,0.166,0.166,0.079,49.6,56.8,35.1,49.8,46.6,C,C+,D+,C,C,72.9,Rare,True,False,3,0,0,bbref_war,False,False
mccarti01,mccarti01,Tim McCarver,C,1B,Expansion (1961-1976),1966,1967,1959,1980,STL,STL,5529,1501,97,61.0,548,422.0,24,L,0.28,0.336,0.124,0.065,0.078,66.5,34.1,33.7,39.7,60.9,B,D,D,D+,B-,72.9,Rare,True,False,2,0,0,bbref_war,False,False
halleto01,halleto01,Tom Haller,C,,Expansion (1961-1976),1965,1968,1961,1972,SFG,SFG,3935,1011,134,14.0,477,593.0,12,L,0.26,0.344,0.171,0.132,0.108,41.0,59.3,58.5,13.8,61.5,C-,C+,C+,F,B-,72.8,Rare,True,False,3,0,0,bbref_war,False,False
fergujo01,fergujo01,Joe Ferguson,C,RF,Expansion (1961-1976),1976,1973,1970,1983,LAD,LAD,3001,719,122,22.0,562,607.0,17,R,0.245,0.365,0.183,0.164,0.159,24.0,64.8,100.5,25.7,50.5,D-,B-,S,D,C,72.7,Rare,False,False,0,0,0,bbref_war,False,False
geigega01,geigega01,Gary Geiger,CF,"LF,RF",Expansion (1961-1976),1961,1963,1958,1970,BOS,BOS,2569,633,77,62.0,341,466.0,12,L,0.253,0.339,0.169,0.146,0.111,33.0,57.7,61.4,57.4,50.8,D,C+,B-,C+,C,72.6,Rare,False,False,0,0,0,bbref_war,False,False
mayele01,mayele01,Lee Maye,LF,"CF,RF",Expansion (1961-1976),1964,1963,1959,1971,ATL,ATL,4048,1109,94,59.0,282,481.0,16,L,0.281,0.331,0.147,0.1,0.067,64.0,46.5,24.8,48.7,43.9,B-,C,D-,C,C-,72.6,Rare,False,False,0,0,0,bbref_war,False,False
unserde01,unserde01,Del Unser,CF,"1B,LF,RF",Expansion (1961-1976),1973,1969,1968,1982,PHI,PHI,5215,1344,87,64.0,481,675.0,16,L,0.278,0.341,0.121,0.116,0.089,59.1,33.2,43.2,37.6,66.9,C+,D,C-,D+,B,72.6,Rare,False,False,0,0,0,bbref_war,False,False
stuardi01,stuardi01,Dick Stuart,1B,,Expansion (1961-1976),1961,1961,1958,1969,PIT,PIT,3997,1055,228,2.0,301,957.0,11,R,0.271,0.321,0.239,0.218,0.067,41.9,97.8,25.1,5.5,20.2,C-,A+,D,F,D-,72.5,Rare,True,False,2,0,0,bbref_war,False,False
kingji01,kingji01,Jim King,RF,LF,Expansion (1961-1976),1962,1964,1955,1967,TEX,TEX,2918,699,117,23.0,363,401.0,13,L,0.243,0.325,0.186,0.123,0.104,26.5,67.9,55.5,39.8,54.9,D,B,C+,D+,C,72.4,Rare,False,False,0,0,0,bbref_war,False,False
kellypa01,kellypa01,Pat Kelly,RF,LF,Expansion (1961-1976),1972,1969,1967,1981,CHW,CHW,4338,1147,76,250.0,588,768.0,15,L,0.269,0.358,0.134,0.15,0.116,47.7,38.9,65.2,85.5,38.6,C,D+,B,A,D+,72.3,Rare,True,False,1,0,0,bbref_war,False,False
demetdo01,demetdo01,Don Demeter,CF,"1B,3B,LF,RF",Expansion (1961-1976),1962,1962,1956,1967,LAD,LAD,3443,912,163,22.0,180,658.0,14,R,0.271,0.313,0.199,0.17,0.05,47.2,76.2,11.0,24.0,40.1,C,B+,F,D-,C-,72.2,Rare,False,False,0,0,0,bbref_war,False,False
stennre01,stennre01,Rennie Stennett,2B,,Expansion (1961-1976),1975,1975,1971,1981,PIT,PIT,4521,1239,41,75.0,207,348.0,11,R,0.29,0.32,0.088,0.065,0.042,76.1,15.5,4.3,53.1,76.4,B+,F,F,C,B+,72.2,Rare,False,False,0,0,0,bbref_war,False,False
cashda01,cashda01,Dave Cash,2B,,Expansion (1961-1976),1974,1975,1969,1980,PHI,PHI,5554,1571,21,120.0,424,309.0,12,R,0.29,0.342,0.077,0.048,0.071,78.0,8.3,28.7,56.0,69.9,B+,F,D,C+,B,72.1,Rare,True,False,3,0,0,bbref_war,False,False
cardele01,cardele01,Leo Cardenas,SS,,Expansion (1961-1976),1966,1969,1960,1975,CIN,CIN,6707,1725,118,39.0,522,1135.0,16,R,0.268,0.326,0.131,0.149,0.078,46.7,38.4,33.7,24.6,84.6,C,D+,D,D-,A-,72.0,Rare,True,False,5,1,2,bbref_war,False,False
johnsal01,johnsal01,Alex Johnson,LF,,Expansion (1961-1976),1969,1970,1964,1976,TEX,TEX,4623,1331,78,113.0,244,626.0,14,R,0.305,0.343,0.112,0.128,0.049,83.6,28.6,10.0,57.2,39.4,A-,D,F,C+,D+,72.0,Rare,True,False,1,0,0,bbref_war,False,False
milnejo01,milnejo01,John Milner,1B,LF,Expansion (1961-1976),1976,1976,1971,1982,NYM,NYM,3436,855,131,31.0,504,473.0,14,L,0.254,0.351,0.172,0.13,0.13,35.4,60.2,76.6,38.3,40.6,D+,B-,B+,D+,C-,72.0,Rare,False,False,0,0,0,bbref_war,False,False
greenle01,greenle01,Lenny Green,CF,LF,Expansion (1961-1976),1962,1962,1957,1968,MIN,MIN,2956,788,47,78.0,368,260.0,15,L,0.273,0.358,0.119,0.072,0.11,59.5,30.9,59.9,61.1,44.4,C+,D,C+,B-,C-,71.9,Uncommon,False,False,0,0,0,bbref_war,False,False
rosebjo01,rosebjo01,John Roseboro,C,,Expansion (1961-1976),1963,1966,1957,1970,LAD,LAD,4847,1206,104,67.0,547,677.0,14,L,0.263,0.336,0.135,0.117,0.095,45.2,39.2,48.1,39.8,69.5,C,D+,C,D+,B,71.9,Uncommon,True,False,5,2,4,bbref_war,False,False
treshto01,treshto01,Tom Tresh,LF,"CF,SS",Expansion (1961-1976),1965,1966,1961,1969,NYY,NYY,4251,1041,153,45.0,550,698.0,10,B,0.249,0.34,0.17,0.145,0.114,29.3,58.6,63.6,48.5,52.9,D,C+,B-,C,C,71.9,Uncommon,True,False,2,1,2,bbref_war,False,False
charled01,charled01,Ed Charles,3B,,Expansion (1961-1976),1966,1962,1962,1969,NLB,NLB,3482,917,86,86.0,332,525.0,9,R,0.266,0.332,0.135,0.134,0.085,46.5,40.2,40.0,61.3,58.8,C,C-,C-,B-,C+,71.8,Uncommon,False,False,0,0,0,bbref_war,False,False
shamsar01,shamsar01,Art Shamsky,RF,"1B,LF",Expansion (1961-1976),1969,1970,1965,1972,NYM,NYM,1686,426,68,5.0,188,254.0,9,L,0.258,0.336,0.182,0.126,0.099,39.8,64.9,51.6,18.9,47.2,D+,B-,C,F,C,71.8,Uncommon,False,False,0,0,0,bbref_war,False,False
wardpe01,wardpe01,Pete Ward,3B,"1B,LF",Expansion (1961-1976),1966,1964,1962,1970,CHW,CHW,3060,776,98,20.0,371,539.0,9,L,0.258,0.344,0.159,0.152,0.107,36.5,53.3,58.2,26.5,62.1,D+,C,C+,D,B-,71.7,Uncommon,False,False,0,0,0,bbref_war,False,False
johnsde01,johnsde01,Deron Johnson,1B,"3B,LF",Expansion (1961-1976),1969,1965,1960,1976,PHI,PHI,5941,1447,245,11.0,585,1318.0,21,R,0.263,0.332,0.199,0.191,0.095,36.9,75.3,47.9,14.4,38.3,D+,B+,C,F,D+,71.6,Uncommon,False,False,0,0,0,bbref_war,False,False
kirklwi01,kirklwi01,Willie Kirkland,RF,"CF,LF",Expansion (1961-1976),1961,1959,1958,1966,CLE,CLE,3494,837,148,52.0,323,648.0,10,L,0.248,0.311,0.185,0.167,0.082,26.0,67.6,37.3,51.1,53.4,D,B,D+,C,C,71.6,Uncommon,False,False,0,0,0,bbref_war,False,False
pepitjo01,pepitjo01,Joe Pepitone,1B,"CF,RF",Expansion (1961-1976),1968,1963,1962,1973,NYY,NYY,5097,1315,219,41.0,302,526.0,14,L,0.261,0.307,0.175,0.099,0.059,45.8,63.3,18.7,30.1,50.2,C,B-,F,D,C,71.6,Uncommon,True,False,3,3,6,bbref_war,False,False
raderdo02,raderdo02,Doug Rader,3B,,Expansion (1961-1976),1973,1970,1967,1977,HOU,HOU,5186,1302,155,37.0,528,1055.0,12,R,0.253,0.326,0.162,0.179,0.095,29.0,55.0,48.1,35.1,68.6,D,C+,C,D+,B,71.4,Uncommon,False,False,0,5,10,bbref_war,False,False
jorgemi01,jorgemi01,Mike Jorgensen,1B,"CF,LF,RF",Expansion (1961-1976),1975,1974,1968,1985,WSH,WSH,3421,833,95,58.0,532,589.0,20,L,0.253,0.362,0.137,0.138,0.141,34.0,41.5,85.8,43.4,57.7,D,C-,A,C-,C+,71.3,Uncommon,False,False,0,1,2,bbref_war,False,False
thomage01,thomage01,George Thomas,CF,"LF,RF",Expansion (1961-1976),1966,1964,1957,1971,BOS,BOS,1688,430,46,13.0,138,343.0,16,R,0.275,0.339,0.158,0.179,0.08,49.2,52.9,35.7,28.5,50.4,C,C,D+,D,C,71.3,Uncommon,False,False,0,0,0,bbref_war,False,False
davalvi01,davalvi01,Vic Davalillo,CF,"LF,RF",Expansion (1961-1976),1967,1965,1963,1980,CLE,CLE,4017,1122,36,125.0,212,422.0,19,L,0.289,0.323,0.09,0.103,0.047,70.7,16.6,8.9,69.0,64.5,B,F,F,B,B-,71.2,Uncommon,True,False,1,1,2,bbref_war,False,False
dietzdi01,dietzdi01,Dick Dietz,C,,Expansion (1961-1976),1970,1970,1966,1973,SFG,SFG,1829,478,66,4.0,381,402.0,8,R,0.264,0.393,0.166,0.178,0.172,39.9,55.3,111.2,6.8,32.9,D+,C+,S,F,D,71.2,Uncommon,True,False,1,0,0,bbref_war,False,False
hickmji02,hickmji02,Jim Hickman,RF,"1B,3B,CF,LF",Expansion (1961-1976),1969,1970,1962,1974,CHC,CHC,3974,1002,159,17.0,491,832.0,13,R,0.259,0.34,0.193,0.179,0.107,35.0,71.7,58.0,16.6,37.1,D+,B,C+,F,D+,71.2,Uncommon,True,False,1,0,0,bbref_war,False,False
mcmulke01,mcmulke01,Ken McMullen,3B,,Expansion (1961-1976),1969,1969,1962,1977,TEX,TEX,5131,1273,156,20.0,510,815.0,17,R,0.254,0.32,0.135,0.133,0.087,35.2,41.8,41.8,35.5,80.4,D+,C-,C-,D+,A-,71.2,Uncommon,False,False,0,0,0,bbref_war,False,False
phillad01,phillad01,Adolfo Phillips,CF,,Expansion (1961-1976),1968,1967,1964,1972,CHC,CHC,1875,463,59,82.0,251,485.0,10,R,0.248,0.344,0.163,0.225,0.116,20.0,54.0,65.0,71.0,55.6,D-,C,B,B,C+,71.2,Uncommon,False,False,0,0,0,bbref_war,False,False
mantife01,mantife01,Felix Mantilla,2B,"3B,CF,SS",Expansion (1961-1976),1963,1964,1956,1966,BOS,BOS,2707,707,89,27.0,256,352.0,11,R,0.271,0.341,0.157,0.11,0.09,53.4,52.9,44.1,37.8,32.9,C,C,C-,D+,D,71.0,Uncommon,True,False,1,0,0,bbref_war,False,False
mayca01,mayca01,Carlos May,LF,1B,Expansion (1961-1976),1972,1972,1968,1977,CHW,CHW,4120,1127,90,85.0,512,565.0,12,L,0.282,0.371,0.129,0.118,0.115,62.8,36.7,64.8,49.8,26.5,B-,D+,B-,C,D,71.0,Uncommon,True,False,2,0,0,bbref_war,False,False
mayda01,mayda01,Dave May,CF,"LF,RF",Expansion (1961-1976),1972,1973,1967,1978,MIL,MIL,3670,920,96,60.0,344,501.0,14,L,0.264,0.331,0.136,0.117,0.086,46.1,42.3,40.9,43.7,58.1,C,C-,C-,C-,C+,71.0,Uncommon,True,False,1,0,0,bbref_war,False,False
braunst01,braunst01,Steve Braun,3B,LF,Expansion (1961-1976),1974,1975,1971,1985,MIN,MIN,3650,989,52,45.0,579,433.0,17,L,0.281,0.375,0.099,0.1,0.128,63.9,20.9,75.1,37.5,48.5,B-,D-,B+,D+,C,70.9,Uncommon,False,False,0,0,0,bbref_war,False,False
johnsbo02,johnsbo02,Bob Johnson,SS,"1B,2B,3B",Expansion (1961-1976),1965,1963,1960,1970,BAL,BAL,2307,628,44,24.0,156,291.0,14,R,0.288,0.332,0.116,0.109,0.06,69.3,31.6,19.5,33.3,54.4,B,D,F,D,C,70.9,Uncommon,False,False,0,0,0,bbref_war,False,False
versazo01,versazo01,Zoilo Versalles,SS,,Expansion (1961-1976),1964,1965,1959,1971,MIN,MIN,5141,1246,95,97.0,318,810.0,13,R,0.259,0.306,0.137,0.133,0.058,39.7,41.0,17.8,59.9,72.0,D+,C-,F,C+,B,70.8,Uncommon,True,False,2,2,4,bbref_war,False,False
pearsal02,pearsal02,Albie Pearson,CF,RF,Expansion (1961-1976),1962,1963,1958,1966,LAA,LAA,3077,831,28,77.0,477,195.0,10,L,0.275,0.375,0.089,0.056,0.135,62.6,15.0,81.0,61.1,43.0,B-,F,A-,B-,C-,70.7,Uncommon,True,False,1,0,0,bbref_war,False,False
tayloto02,tayloto02,Tony Taylor,2B,"1B,3B",Expansion (1961-1976),1963,1963,1958,1976,PHI,PHI,7680,2007,75,234.0,613,1083.0,21,R,0.277,0.334,0.097,0.13,0.074,56.8,19.3,30.8,76.7,62.4,C+,F,D,B+,B-,70.7,Uncommon,True,False,2,0,0,bbref_war,False,False
belanma01,belanma01,Mark Belanger,SS,,Expansion (1961-1976),1974,1976,1965,1982,BAL,BAL,5784,1316,20,167.0,576,839.0,18,R,0.247,0.322,0.053,0.106,0.095,31.3,1.0,48.3,64.4,125.0,D,F,C,B-,S,70.6,Uncommon,True,False,1,8,16,bbref_war,False,False
northbi01,northbi01,Bill North,CF,,Expansion (1961-1976),1976,1973,1971,1981,OAK,OAK,3900,1016,20,395.0,627,665.0,12,B,0.264,0.368,0.062,0.142,0.137,43.9,1.0,82.4,108.3,67.4,C-,F,A-,S,B,70.6,Uncommon,False,False,0,0,0,bbref_war,False,False
brownol02,brownol02,Ollie Brown,RF,LF,Expansion (1961-1976),1971,1970,1965,1977,SDP,SDP,3642,964,102,30.0,314,616.0,16,R,0.275,0.335,0.142,0.147,0.081,53.1,45.4,36.5,34.0,45.7,C,C,D+,D,C,70.5,Uncommon,False,False,0,0,0,bbref_war,False,False
beckegl01,beckegl01,Glenn Beckert,2B,,Expansion (1961-1976),1969,1968,1965,1975,CHC,CHC,5208,1473,22,49.0,260,243.0,11,R,0.293,0.325,0.068,0.039,0.045,81.5,4.7,6.7,71.5,60.1,A-,F,F,B,B-,70.4,Uncommon,True,False,4,1,2,bbref_war,False,False
bressed01,bressed01,Eddie Bressoud,SS,,Expansion (1961-1976),1962,1962,1956,1967,BOS,BOS,3672,925,94,9.0,359,723.0,12,R,0.26,0.326,0.162,0.175,0.088,36.0,54.0,42.6,16.8,63.8,D+,C,C-,F,B-,70.4,Uncommon,True,False,1,0,0,bbref_war,False,False
meltobi01,meltobi01,Bill Melton,3B,RF,Expansion (1961-1976),1971,1971,1968,1977,CHW,CHW,3971,1004,160,23.0,479,669.0,10,R,0.257,0.341,0.175,0.145,0.105,37.0,63.2,56.5,24.9,37.4,D+,B-,C+,D-,D+,70.4,Uncommon,True,False,1,0,0,bbref_war,False,False
alleyge01,alleyge01,Gene Alley,SS,2B,Expansion (1961-1976),1967,1966,1963,1973,PIT,PIT,3927,999,55,63.0,300,622.0,11,R,0.261,0.315,0.101,0.136,0.068,41.5,21.6,25.8,52.9,91.8,C-,D-,D,C,A,70.1,Uncommon,True,False,2,2,4,bbref_war,False,False
hansero02,hansero02,Ron Hansen,SS,3B,Expansion (1961-1976),1964,1964,1958,1972,CHW,CHW,4311,1007,106,9.0,551,643.0,16,R,0.239,0.327,0.133,0.122,0.114,22.2,39.6,63.8,14.8,93.9,D-,D+,B-,F,A,70.1,Uncommon,True,False,2,0,0,bbref_war,False,False
menkede01,menkede01,Denis Menke,SS,"1B,2B,3B",Expansion (1961-1976),1968,1964,1962,1974,HOU,HOU,5071,1270,101,34.0,698,853.0,13,R,0.261,0.35,0.131,0.141,0.116,41.1,37.3,64.8,30.6,59.4,C-,D+,B-,D,C+,69.0,Uncommon,True,False,2,0,0,bbref_war,False,False
richabo01,richabo01,Bobby Richardson,2B,,Expansion (1961-1976),1962,1962,1955,1966,NYY,NYY,5386,1432,34,73.0,262,243.0,12,R,0.271,0.305,0.071,0.039,0.046,61.5,6.6,8.2,54.1,75.4,B-,F,F,C,B+,69.0,Uncommon,True,False,8,5,10,bbref_war,True,True
hortoto01,hortoto01,Tony Horton,1B,,Expansion (1961-1976),1967,1968,1964,1970,BOS,BOS,2228,597,76,12.0,140,319.0,8,R,0.268,0.313,0.162,0.133,0.058,48.2,55.7,18.0,26.7,45.9,C,C+,F,D,C,68.9,Uncommon,False,False,0,0,0,bbref_war,False,False
stanlmi01,stanlmi01,Mickey Stanley,CF,"1B,RF",Expansion (1961-1976),1969,1968,1964,1978,DET,DET,5022,1243,117,44.0,371,564.0,15,R,0.254,0.305,0.132,0.094,0.069,39.2,39.0,27.0,45.9,70.8,D+,D+,D,C,B,68.9,Uncommon,False,False,0,4,8,bbref_war,False,False
clinege01,clinege01,Gene Clines,LF,"CF,RF",Expansion (1961-1976),1973,1971,1970,1979,PIT,PIT,2328,645,5,71.0,169,291.0,10,R,0.295,0.35,0.079,0.116,0.073,74.3,10.7,30.1,57.8,51.9,B,F,D,C+,C,68.8,Uncommon,False,False,0,0,0,bbref_war,False,False
montawi01,montawi01,Willie Montanez,1B,"CF,RF",Expansion (1961-1976),1974,1971,1966,1982,PHI,PHI,5843,1604,139,32.0,465,751.0,20,L,0.282,0.335,0.143,0.119,0.076,62.5,45.2,32.0,22.5,34.3,B-,C,D,D-,D,68.8,Uncommon,True,False,1,0,0,bbref_war,False,False
thomaga01,thomaga01,Gary Thomasson,CF,"1B,LF,RF",Expansion (1961-1976),1976,1977,1972,1980,SFG,SFG,2373,591,61,50.0,291,463.0,10,L,0.255,0.335,0.15,0.178,0.108,31.2,47.6,58.8,55.4,47.6,D,C,C+,C+,C,68.7,Uncommon,False,False,0,0,0,bbref_war,False,False
olivege01,olivege01,Gene Oliver,C,"1B,LF",Expansion (1961-1976),1964,1965,1959,1969,ATL,ATL,2216,546,93,24.0,215,420.0,13,R,0.248,0.319,0.188,0.162,0.091,26.9,69.4,44.7,29.4,39.8,D,B,C-,D,D+,68.6,Uncommon,False,False,0,0,0,bbref_war,False,False
lummi01,lummi01,Mike Lum,RF,"1B,CF,LF",Expansion (1961-1976),1972,1973,1967,1981,ATL,ATL,3554,877,90,13.0,366,506.0,16,L,0.263,0.334,0.142,0.125,0.09,44.6,44.5,44.1,7.3,61.9,C-,C-,C-,F,B-,68.5,Uncommon,False,False,0,0,0,bbref_war,False,False
biittla01,biittla01,Larry Biittner,1B,"LF,RF",Expansion (1961-1976),1975,1975,1970,1983,WSH,WSH,3151,861,29,10.0,236,287.0,15,L,0.292,0.344,0.103,0.079,0.073,75.9,23.8,30.2,21.6,44.9,B+,D-,D,D-,C-,68.4,Uncommon,False,False,0,0,0,bbref_war,False,False
davenji01,davenji01,Jim Davenport,3B,"2B,SS",Expansion (1961-1976),1962,1962,1958,1970,SFG,SFG,4427,1142,77,16.0,382,673.0,13,R,0.267,0.326,0.124,0.145,0.077,46.4,34.4,33.6,28.0,68.4,C,D,D,D,B,68.4,Uncommon,True,False,1,1,2,bbref_war,False,False
harreke01,harreke01,Ken Harrelson,1B,RF,Expansion (1961-1976),1967,1968,1963,1971,NLB,NLB,2941,703,131,53.0,382,577.0,13,R,0.242,0.331,0.178,0.164,0.117,21.0,64.1,66.3,48.3,34.8,D-,B-,B,C,D,68.4,Uncommon,True,False,1,0,0,bbref_war,False,False
patekfr01,patekfr01,Freddie Patek,SS,,Expansion (1961-1976),1973,1971,1968,1981,KCR,KCR,5530,1340,41,385.0,523,787.0,14,R,0.244,0.315,0.085,0.124,0.09,26.7,12.8,44.1,123.7,77.1,D,F,C-,S,B+,68.4,Uncommon,True,False,3,0,0,bbref_war,False,False
snyderu01,snyderu01,Russ Snyder,CF,"LF,RF",Expansion (1961-1976),1963,1966,1959,1970,BAL,BAL,3631,984,42,58.0,294,438.0,13,L,0.279,0.335,0.102,0.108,0.076,61.1,22.7,32.5,55.4,50.2,B-,D-,D,C+,C,68.4,Uncommon,False,False,0,0,0,bbref_war,False,False
milleri01,milleri01,Rick Miller,CF,"LF,RF",Expansion (1961-1976),1976,1979,1971,1985,BOS,BOS,3887,1046,28,78.0,454,583.0,15,L,0.275,0.349,0.082,0.13,0.101,54.8,11.7,52.8,48.3,68.8,C,F,C,C,B,68.3,Uncommon,False,False,0,1,2,bbref_war,False,False
whitffr01,whitffr01,Fred Whitfield,1B,,Expansion (1961-1976),1966,1965,1962,1970,CLE,CLE,2284,578,108,7.0,139,371.0,9,L,0.258,0.299,0.196,0.145,0.051,37.6,75.1,12.0,9.3,39.6,D+,B+,F,F,D+,68.3,Uncommon,False,False,0,0,0,bbref_war,False,False
foyjo01,foyjo01,Joe Foy,3B,,Expansion (1961-1976),1968,1966,1966,1971,BOS,BOS,2484,615,58,99.0,390,405.0,6,R,0.248,0.351,0.124,0.139,0.134,28.7,34.1,79.7,72.7,46.7,D,D,B+,B,C,68.1,Uncommon,False,False,0,0,0,bbref_war,False,False
kirkped01,kirkped01,Ed Kirkpatrick,C,"1B,LF,RF",Expansion (1961-1976),1971,1972,1962,1977,KCR,KCR,3467,824,85,34.0,456,518.0,18,L,0.253,0.339,0.14,0.114,0.113,36.4,43.1,63.0,20.2,57.0,D+,C-,B-,D-,C+,68.1,Uncommon,False,False,0,0,0,bbref_war,False,False
lumpeje01,lumpeje01,Jerry Lumpe,2B,"3B,SS",Expansion (1961-1976),1961,1962,1956,1967,NLB,NLB,4912,1314,47,20.0,428,411.0,13,L,0.274,0.331,0.094,0.07,0.08,60.9,18.0,35.4,38.1,62.2,B-,F,D+,D+,B-,68.1,Uncommon,True,False,1,0,0,bbref_war,False,False
fossera01,fossera01,Ray Fosse,C,,Expansion (1961-1976),1973,1970,1967,1979,CLE,CLE,2957,758,61,15.0,203,363.0,13,R,0.274,0.323,0.115,0.104,0.066,56.7,31.2,24.3,23.5,61.2,C+,D,D-,D-,B-,68.0,Uncommon,True,False,2,2,4,bbref_war,False,False
kraneed01,kraneed01,Ed Kranepool,1B,"LF,RF",Expansion (1961-1976),1972,1971,1962,1979,NYM,NYM,5436,1418,118,15.0,454,581.0,18,L,0.278,0.333,0.125,0.09,0.077,62.6,35.9,33.0,11.9,46.1,B-,D+,D,F,C,68.0,Uncommon,True,False,1,0,0,bbref_war,False,False
speiech01,speiech01,Chris Speier,SS,"2B,3B",Expansion (1961-1976),1975,1972,1971,1989,SFG,SFG,7156,1759,112,42.0,847,988.0,22,R,0.253,0.338,0.113,0.123,0.11,35.5,28.4,60.0,28.2,76.4,D+,D,B-,D,B+,68.0,Uncommon,True,False,3,0,0,bbref_war,False,False
thomale03,thomale03,Lee Thomas,1B,"LF,RF",Expansion (1961-1976),1964,1965,1961,1968,LAA,LAA,3324,847,106,25.0,332,397.0,11,L,0.259,0.332,0.149,0.107,0.091,42.4,48.6,44.8,32.7,41.2,C-,C,C-,D,C-,68.0,Uncommon,True,False,2,0,0,bbref_war,False,False
clintlo01,clintlo01,Lou Clinton,RF,,Expansion (1961-1976),1963,1962,1960,1967,BOS,BOS,2153,532,65,12.0,188,418.0,11,R,0.249,0.308,0.181,0.18,0.078,25.7,63.8,34.0,31.1,48.9,D,B-,D,D,C,67.9,Uncommon,False,False,0,0,0,bbref_war,False,False
rolliri01,rolliri01,Rich Rollins,3B,,Expansion (1961-1976),1964,1962,1961,1970,MIN,MIN,3303,887,77,17.0,266,410.0,11,R,0.272,0.333,0.122,0.114,0.075,54.2,34.0,31.8,30.2,52.3,C,D,D,D,C,67.9,Uncommon,True,False,2,0,0,bbref_war,False,False
sizemte01,sizemte01,Ted Sizemore,2B,SS,Expansion (1961-1976),1972,1973,1969,1980,STL,STL,5011,1311,23,59.0,469,350.0,13,R,0.273,0.34,0.062,0.061,0.092,60.4,1.6,45.6,49.8,74.8,B-,F,C,C,B,67.9,Uncommon,False,False,0,0,0,bbref_war,False,False
pagliji01,pagliji01,Jim Pagliaroni,C,,Expansion (1961-1976),1964,1964,1955,1969,PIT,PIT,2465,622,90,4.0,330,494.0,12,R,0.254,0.344,0.157,0.177,0.114,30.6,52.8,63.4,7.9,54.3,D,C,B-,F,C,67.8,Uncommon,False,False,0,0,0,bbref_war,False,False
rodriau01,rodriau01,Aurelio Rodriguez,3B,,Expansion (1961-1976),1972,1970,1967,1983,DET,DET,6611,1570,124,35.0,324,943.0,20,R,0.25,0.292,0.137,0.136,0.051,31.1,42.0,12.3,31.3,83.5,D,C-,F,D,A-,67.8,Uncommon,False,False,0,1,2,bbref_war,False,False
dalrycl01,dalrycl01,Clay Dalrymple,C,,Expansion (1961-1976),1964,1962,1960,1971,PHI,PHI,3042,710,55,3.0,387,403.0,12,L,0.252,0.348,0.116,0.107,0.122,36.8,30.3,70.2,1.0,78.2,D+,D,B,F,B+,67.7,Uncommon,False,False,0,0,0,bbref_war,False,False
edwarjo01,edwarjo01,Johnny Edwards,C,,Expansion (1961-1976),1965,1965,1961,1974,CIN,CIN,4577,1106,81,15.0,465,635.0,14,L,0.258,0.328,0.127,0.128,0.094,39.1,36.1,47.0,11.3,72.2,D+,D+,C,F,B,67.7,Uncommon,True,False,3,2,4,bbref_war,False,False
wallsle01,wallsle01,Lee Walls,RF,LF,Expansion (1961-1976),1961,1958,1952,1964,LAD,LAD,2558,670,66,21.0,245,470.0,12,R,0.265,0.332,0.143,0.16,0.087,42.8,44.1,41.2,34.9,45.7,C-,C-,C-,D,C,67.7,Uncommon,True,False,1,0,0,bbref_war,False,False
reichri01,reichri01,Rick Reichardt,LF,CF,Expansion (1961-1976),1968,1968,1964,1974,LAA,LAA,3307,864,116,40.0,263,672.0,13,R,0.263,0.33,0.158,0.183,0.074,38.5,53.7,30.4,31.9,44.3,D+,C,D,D,C-,67.6,Uncommon,False,False,0,0,0,bbref_war,False,False
lahoujo01,lahoujo01,Joe Lahoud,RF,LF,Expansion (1961-1976),1973,1974,1968,1978,MIL,MIL,1925,429,65,20.0,309,339.0,12,L,0.232,0.344,0.174,0.152,0.142,13.3,59.9,86.8,25.8,46.6,F,C+,A,D,C,67.5,Uncommon,False,False,0,0,0,bbref_war,False,False
millafe01,millafe01,Felix Millan,2B,,Expansion (1961-1976),1971,1969,1966,1977,ATL,ATL,5791,1617,22,67.0,318,242.0,12,R,0.287,0.331,0.066,0.039,0.053,76.2,3.5,13.4,47.9,62.1,B+,F,F,C,B-,67.5,Uncommon,True,False,3,2,4,bbref_war,False,False
simsdu01,simsdu01,Duke Sims,C,,Expansion (1961-1976),1970,1969,1964,1974,CLE,CLE,2422,580,100,6.0,338,483.0,14,L,0.245,0.349,0.166,0.163,0.127,23.6,57.6,74.3,8.0,48.4,D-,C+,B,F,C,67.4,Uncommon,False,False,0,0,0,bbref_war,False,False
mccrato01,mccrato01,Tommy McCraw,1B,"CF,LF,RF",Expansion (1961-1976),1968,1967,1963,1975,CHW,CHW,3956,972,75,143.0,332,544.0,14,L,0.254,0.317,0.119,0.121,0.08,36.7,31.4,35.4,65.2,58.7,D+,D,D+,B,C+,67.3,Uncommon,False,False,0,0,0,bbref_war,False,False
javieju01,javieju01,Julian Javier,2B,,Expansion (1961-1976),1966,1969,1960,1972,STL,STL,5722,1469,78,135.0,314,812.0,13,R,0.266,0.308,0.105,0.131,0.055,46.8,24.7,15.6,69.7,59.8,C,D-,F,B,C+,67.2,Uncommon,True,False,2,0,0,bbref_war,False,False
blefacu01,blefacu01,Curt Blefary,LF,"1B,RF",Expansion (1961-1976),1968,1965,1965,1972,BAL,BAL,2947,699,112,24.0,456,444.0,10,L,0.24,0.344,0.167,0.13,0.132,22.4,56.8,77.9,31.3,35.7,D-,C+,B+,D,D+,67.1,Uncommon,False,False,0,0,0,bbref_war,False,False
heganmi01,heganmi01,Mike Hegan,1B,RF,Expansion (1961-1976),1972,1969,1964,1977,MIL,MIL,2080,504,53,28.0,311,489.0,15,L,0.254,0.354,0.133,0.189,0.134,29.2,38.7,80.2,33.3,50.5,D,D+,A-,D,C,67.1,Uncommon,True,False,1,0,0,bbref_war,False,False
huntro01,huntro01,Ron Hunt,2B,3B,Expansion (1961-1976),1969,1971,1963,1974,WSH,WSH,5235,1429,39,65.0,555,382.0,13,R,0.272,0.366,0.088,0.069,0.089,59.2,14.7,43.1,38.8,57.7,C+,F,C-,D+,C+,67.1,Uncommon,True,False,2,0,0,bbref_war,False,False
rojasco01,rojasco01,Cookie Rojas,2B,"CF,LF",Expansion (1961-1976),1967,1971,1962,1977,PHI,PHI,6309,1660,54,74.0,396,489.0,17,R,0.28,0.327,0.081,0.065,0.065,66.8,12.1,23.5,50.5,53.8,B,F,D-,C,C,67.1,Uncommon,True,False,5,0,0,bbref_war,False,False
smithwi02,smithwi02,Willie Smith,LF,1B,Expansion (1961-1976),1968,1965,1963,1971,CHC,CHC,1654,410,46,20.0,107,284.0,10,L,0.26,0.306,0.162,0.157,0.061,38.3,54.6,19.9,33.4,43.2,D+,C,F,D,C-,67.1,Uncommon,False,False,0,0,0,bbref_war,False,False
stantle01,stantle01,Leroy Stanton,RF,LF,Expansion (1961-1976),1973,1975,1970,1978,LAA,LAA,2575,628,77,36.0,236,636.0,9,R,0.259,0.323,0.162,0.221,0.079,30.6,55.3,34.7,37.8,43.7,D,C+,D,D+,C-,67.1,Uncommon,False,False,0,0,0,bbref_war,False,False
moralje01,moralje01,Jerry Morales,CF,"LF,RF",Expansion (1961-1976),1973,1973,1969,1983,SDP,SDP,4528,1173,95,37.0,366,567.0,15,R,0.275,0.33,0.131,0.114,0.077,56.5,38.3,33.0,25.7,36.7,C+,D+,D,D,D+,67.0,Uncommon,True,False,1,0,0,bbref_war,False,False
adairje01,adairje01,Jerry Adair,2B,SS,Expansion (1961-1976),1964,1962,1958,1970,BAL,BAL,4019,1022,57,29.0,208,499.0,15,R,0.267,0.307,0.101,0.119,0.053,48.5,23.4,13.9,27.6,79.0,C,D-,F,D,B+,66.9,Uncommon,False,False,0,0,0,bbref_war,False,False
lockdo01,lockdo01,Don Lock,CF,"LF,RF",Expansion (1961-1976),1965,1964,1962,1969,TEX,TEX,2695,642,122,30.0,373,776.0,9,R,0.239,0.331,0.182,0.248,0.119,8.9,65.7,67.8,33.5,44.8,F,B,B,D,C-,66.9,Uncommon,False,False,0,0,0,bbref_war,False,False
alouje01,alouje01,Jesus Alou,RF,LF,Expansion (1961-1976),1971,1965,1963,1979,HOU,HOU,4345,1216,32,31.0,138,267.0,16,R,0.296,0.323,0.084,0.055,0.034,82.4,14.0,1.0,22.8,49.8,A-,F,F,D-,C,66.8,Uncommon,False,False,0,0,0,bbref_war,False,False
bradfbu01,bradfbu01,Buddy Bradford,RF,"CF,LF",Expansion (1961-1976),1973,1974,1966,1976,CHW,CHW,1605,363,52,36.0,184,411.0,14,R,0.247,0.334,0.16,0.225,0.105,19.6,53.9,56.1,39.1,49.2,F,C,C+,D+,C,66.8,Uncommon,False,False,0,0,0,bbref_war,False,False
garrewa01,garrewa01,Wayne Garrett,3B,2B,Expansion (1961-1976),1974,1973,1969,1978,NYM,NYM,3285,786,61,38.0,561,529.0,12,L,0.244,0.362,0.117,0.13,0.155,26.5,30.2,97.5,35.4,55.2,D,D,A+,D+,C+,66.8,Uncommon,False,False,0,0,0,bbref_war,False,False
greendi01,greendi01,Dick Green,2B,,Expansion (1961-1976),1968,1969,1963,1974,OAK,OAK,4007,960,80,26.0,345,785.0,12,R,0.253,0.316,0.121,0.181,0.078,28.9,33.6,34.1,23.7,76.1,D,D,D,D-,B+,66.8,Uncommon,False,False,0,0,0,bbref_war,True,False
ellisjo01,ellisjo01,John Ellis,1B,C,Expansion (1961-1976),1974,1974,1969,1981,TEX,TEX,2672,699,69,6.0,190,403.0,13,R,0.275,0.328,0.138,0.138,0.07,53.7,42.7,27.3,10.4,42.5,C,C-,D,F,C-,66.7,Uncommon,False,False,0,0,0,bbref_war,False,False
keougma01,keougma01,Marty Keough,CF,"1B,LF,RF",Expansion (1961-1976),1961,1959,1956,1966,BOS,BOS,1796,434,43,26.0,164,318.0,13,L,0.249,0.321,0.153,0.159,0.088,27.9,49.0,41.9,44.4,47.2,D,C,C-,C-,C,66.7,Uncommon,False,False,0,0,0,bbref_war,False,False
spencji01,spencji01,Jim Spencer,1B,,Expansion (1961-1976),1973,1979,1968,1982,LAA,LAA,4908,1227,146,11.0,407,582.0,17,L,0.264,0.321,0.145,0.102,0.076,47.7,46.5,32.2,1.0,47.9,C,C,D,F,C,66.7,Uncommon,True,False,1,2,4,bbref_war,False,False
reeseri01,reeseri01,Rich Reese,1B,,Expansion (1961-1976),1968,1969,1964,1973,MIN,MIN,2020,512,52,16.0,158,270.0,11,L,0.271,0.329,0.132,0.123,0.073,51.6,39.4,30.0,20.3,43.4,C,D+,D,D-,C-,66.6,Uncommon,False,False,0,0,0,bbref_war,False,False
mejiaro01,mejiaro01,Roman Mejias,RF,"CF,LF",Expansion (1961-1976),1961,1962,1955,1964,PIT,PIT,1768,449,54,22.0,89,238.0,9,R,0.263,0.298,0.147,0.126,0.042,44.1,48.5,4.6,40.7,42.7,C-,C,F,C-,C-,66.5,Uncommon,False,False,0,0,0,bbref_war,False,False
berryke01,berryke01,Ken Berry,CF,"LF,RF",Expansion (1961-1976),1968,1972,1962,1975,CHW,CHW,4136,1053,58,45.0,298,569.0,14,R,0.269,0.323,0.087,0.119,0.07,50.6,15.6,27.3,30.5,75.5,C,F,D,D,B+,66.4,Uncommon,True,False,1,2,4,bbref_war,False,False
kessido01,kessido01,Don Kessinger,SS,2B,Expansion (1961-1976),1970,1969,1964,1979,CHC,CHC,7651,1931,14,100.0,684,759.0,17,B,0.26,0.326,0.065,0.081,0.088,46.6,2.4,42.0,54.2,73.8,C,F,C-,C,B,66.4,Uncommon,True,False,6,2,4,bbref_war,False,True
howsedi01,howsedi01,Dick Howser,SS,2B,Expansion (1961-1976),1965,1961,1961,1968,CLE,CLE,2483,617,16,105.0,367,186.0,9,R,0.255,0.348,0.072,0.063,0.123,43.4,6.9,71.2,87.5,47.6,C-,F,B,A,C,66.3,Uncommon,True,False,2,0,0,bbref_war,False,False
johnslo01,johnslo01,Lou Johnson,LF,RF,Expansion (1961-1976),1965,1965,1960,1969,LAD,LAD,2049,529,48,50.0,110,320.0,9,R,0.262,0.314,0.136,0.145,0.048,41.4,41.7,9.6,50.8,47.6,C-,C-,F,C,C,66.3,Uncommon,False,False,0,0,0,bbref_war,False,False
causewa01,causewa01,Wayne Causey,SS,"2B,3B",Expansion (1961-1976),1964,1963,1955,1968,NLB,NLB,3244,819,35,12.0,390,341.0,14,L,0.264,0.344,0.095,0.087,0.108,49.7,18.5,58.5,26.4,56.9,C,F,C+,D,C+,66.2,Uncommon,False,False,0,0,0,bbref_war,False,False
lacocpe01,lacocpe01,Pete LaCock,1B,,Expansion (1961-1976),1976,1978,1972,1980,CHC,CHC,1729,444,27,8.0,182,171.0,9,L,0.268,0.335,0.117,0.089,0.093,52.9,30.9,46.7,22.8,41.0,C,D,C,D-,C-,66.2,Uncommon,False,False,0,0,0,bbref_war,False,False
caterda01,caterda01,Danny Cater,1B,"3B,LF",Expansion (1961-1976),1970,1970,1964,1975,BOS,BOS,4451,1229,66,26.0,254,406.0,13,R,0.283,0.325,0.096,0.087,0.056,67.4,19.9,15.8,28.8,47.7,B,F,F,D,C,66.1,Uncommon,False,False,0,0,0,bbref_war,False,False
epstemi01,epstemi01,Mike Epstein,1B,,Expansion (1961-1976),1971,1972,1966,1974,TEX,TEX,2854,695,130,7.0,448,645.0,12,L,0.246,0.36,0.179,0.19,0.132,21.3,63.7,78.5,9.3,29.5,D-,B-,B+,F,D,66.1,Uncommon,False,False,0,0,0,bbref_war,False,False
fuentti01,fuentti01,Tito Fuentes,2B,SS,Expansion (1961-1976),1972,1973,1965,1978,SFG,SFG,5566,1491,45,80.0,298,561.0,13,B,0.279,0.317,0.08,0.085,0.05,63.8,11.3,10.8,51.4,57.4,B-,F,F,C,C+,66.1,Uncommon,False,False,0,0,0,bbref_war,False,False
harrebu01,harrebu01,Bud Harrelson,SS,,Expansion (1961-1976),1971,1971,1965,1980,NYM,NYM,4744,1120,7,127.0,633,653.0,16,B,0.247,0.342,0.054,0.11,0.123,31.7,1.0,70.8,64.5,82.3,D,F,B,B-,A-,65.9,Uncommon,True,False,2,1,2,bbref_war,False,False
helmsto01,helmsto01,Tommy Helms,2B,3B,Expansion (1961-1976),1971,1971,1964,1977,CIN,CIN,4997,1342,34,33.0,231,301.0,15,R,0.276,0.308,0.083,0.05,0.045,64.2,13.4,6.7,26.7,65.8,B-,F,F,D,B,65.9,Uncommon,True,False,2,2,4,bbref_war,False,False
williea02,williea02,Earl Williams,C,1B,Expansion (1961-1976),1973,1971,1970,1977,ATL,ATL,3058,756,138,2.0,298,574.0,9,R,0.248,0.319,0.185,0.171,0.088,25.9,68.7,42.3,1.0,35.5,D,B,C-,F,D+,65.9,Uncommon,False,False,0,0,0,bbref_war,False,False
allenbe01,allenbe01,Bernie Allen,2B,3B,Expansion (1961-1976),1969,1962,1962,1973,TEX,TEX,3404,815,73,13.0,370,424.0,13,L,0.249,0.325,0.127,0.107,0.101,33.0,36.2,53.1,21.5,56.9,D,D+,C,D-,C+,65.8,Uncommon,False,False,0,0,0,bbref_war,False,False
clarkho01,clarkho01,Horace Clarke,2B,,Expansion (1961-1976),1969,1969,1965,1974,NYY,NYY,4813,1230,27,151.0,365,362.0,11,B,0.261,0.317,0.064,0.069,0.075,48.6,3.1,31.2,75.0,67.8,C,F,D,B+,B,65.8,Uncommon,False,False,0,0,0,bbref_war,False,False
williwa02,williwa02,Walt Williams,RF,LF,Expansion (1961-1976),1971,1969,1964,1975,CHW,CHW,2373,640,33,34.0,126,211.0,10,R,0.276,0.318,0.1,0.078,0.052,61.8,23.0,12.8,37.6,45.9,B-,D-,F,D+,C,65.8,Uncommon,False,False,0,0,0,bbref_war,False,False
lefebji01,lefebji01,Jim Lefebvre,2B,3B,Expansion (1961-1976),1968,1966,1965,1972,LAD,LAD,3014,756,74,8.0,322,447.0,8,B,0.254,0.326,0.127,0.131,0.096,35.3,36.4,48.5,11.3,60.2,D+,D+,C,F,B-,65.7,Uncommon,True,False,1,0,0,bbref_war,False,False
huttoto01,huttoto01,Tom Hutton,1B,"LF,RF",Expansion (1961-1976),1973,1972,1966,1981,PHI,PHI,1655,410,22,15.0,234,140.0,13,L,0.258,0.349,0.097,0.071,0.124,45.8,21.3,72.1,23.6,48.0,C,D-,B,D-,C,65.6,Uncommon,False,False,0,0,0,bbref_war,False,False
maddoel01,maddoel01,Elliott Maddox,CF,"3B,LF,RF",Expansion (1961-1976),1975,1974,1970,1980,NYM,NYM,2843,742,18,60.0,409,358.0,11,R,0.263,0.362,0.075,0.109,0.128,46.1,8.1,75.0,46.8,54.5,C,F,B+,C,C,65.6,Uncommon,False,False,0,0,0,bbref_war,False,False
scheiri01,scheiri01,Richie Scheinblum,RF,,Expansion (1961-1976),1971,1972,1965,1974,CLE,CLE,1218,320,13,0.0,149,135.0,11,B,0.278,0.36,0.097,0.09,0.112,61.2,20.9,61.6,1.0,42.6,B-,D-,B-,F,C-,65.6,Uncommon,True,False,1,0,0,bbref_war,False,False
sudakbi01,sudakbi01,Bill Sudakis,3B,"1B,C",Expansion (1961-1976),1971,1969,1968,1975,LAD,LAD,1548,362,59,9.0,172,313.0,9,B,0.24,0.314,0.166,0.18,0.096,17.5,57.3,49.1,23.8,47.5,F,C+,C,D-,C,65.5,Uncommon,False,False,0,0,0,bbref_war,False,False
repozro01,repozro01,Roger Repoz,CF,"1B,RF",Expansion (1961-1976),1968,1968,1964,1972,LAA,LAA,2145,480,82,26.0,280,499.0,11,L,0.231,0.318,0.171,0.203,0.112,6.5,59.2,62.1,32.2,48.7,F,C+,B-,D,C,65.3,Uncommon,False,False,0,0,0,bbref_war,False,False
schaapa01,schaapa01,Paul Schaal,3B,,Expansion (1961-1976),1970,1971,1964,1974,KCR,KCR,3555,869,57,43.0,516,466.0,12,R,0.253,0.353,0.107,0.103,0.131,37.8,24.8,77.4,35.9,43.8,D+,D-,B+,D+,C-,65.3,Uncommon,False,False,0,0,0,bbref_war,False,False
andremi01,andremi01,Mike Andrews,2B,,Expansion (1961-1976),1969,1969,1966,1973,BOS,BOS,3116,803,66,18.0,458,390.0,9,R,0.261,0.357,0.114,0.106,0.127,44.9,30.0,74.0,24.8,31.2,C-,D,B,D-,D,65.2,Uncommon,True,False,1,0,0,bbref_war,False,False
gastoci01,gastoci01,Cito Gaston,CF,"LF,RF",Expansion (1961-1976),1972,1970,1967,1978,ATL,ATL,3120,799,91,13.0,185,693.0,12,R,0.268,0.311,0.161,0.202,0.057,40.8,55.4,17.2,26.1,27.8,C-,C+,F,D,D,65.2,Uncommon,True,False,1,0,0,bbref_war,False,False
holtji01,holtji01,Jim Holt,LF,"1B,CF",Expansion (1961-1976),1972,1973,1968,1976,MIN,MIN,1616,428,19,8.0,93,166.0,10,L,0.275,0.315,0.099,0.089,0.054,59.5,22.9,14.7,24.7,49.9,C+,D-,F,D-,C,65.2,Uncommon,False,False,0,0,0,bbref_war,False,False
raderda01,raderda01,Dave Rader,C,,Expansion (1961-1976),1975,1972,1971,1980,SFG,SFG,2405,619,30,8.0,245,180.0,10,L,0.267,0.335,0.092,0.065,0.09,55.0,18.1,44.0,25.5,48.8,C+,F,C-,D,C,65.2,Uncommon,False,False,0,0,0,bbref_war,False,False
hershmi01,hershmi01,Mike Hershberger,RF,"CF,LF",Expansion (1961-1976),1966,1963,1961,1971,CHW,CHW,3572,900,26,74.0,319,311.0,11,R,0.264,0.327,0.08,0.075,0.081,50.6,11.4,36.1,56.2,53.0,C,F,D+,C+,C,65.1,Uncommon,False,False,0,0,0,bbref_war,False,False
nixonru01,nixonru01,Russ Nixon,C,,Expansion (1961-1976),1962,1958,1957,1968,BOS,BOS,2504,670,27,0.0,154,279.0,13,L,0.284,0.323,0.109,0.087,0.052,67.6,27.3,12.8,1.0,43.6,B,D,F,F,C-,65.1,Uncommon,False,False,0,0,0,bbref_war,False,False
stinsbo01,stinsbo01,Bob Stinson,C,,Expansion (1961-1976),1975,1978,1969,1980,SEA,SEA,1634,408,33,8.0,201,254.0,12,B,0.26,0.349,0.117,0.129,0.11,41.7,31.4,60.2,19.7,43.1,C-,D,B-,F,C-,65.1,Uncommon,False,False,0,0,0,bbref_war,False,False
browndi01,browndi01,Dick Brown,C,,Expansion (1961-1976),1961,1961,1957,1965,BAL,BAL,1866,455,62,7.0,119,356.0,9,R,0.247,0.298,0.153,0.185,0.063,24.2,51.9,22.0,16.7,58.0,D-,C,D-,F,C+,65.0,Uncommon,False,False,0,0,0,bbref_war,False,False
azcuejo01,azcuejo01,Joe Azcue,C,,Expansion (1961-1976),1966,1968,1960,1972,CLE,CLE,2828,712,50,5.0,207,344.0,15,R,0.266,0.311,0.114,0.107,0.061,48.9,30.8,20.0,2.3,60.0,C,D,D-,F,B-,64.9,Uncommon,True,False,1,0,0,bbref_war,False,False
grievto01,grievto01,Tom Grieve,LF,RF,Expansion (1961-1976),1975,1976,1970,1979,TEX,TEX,1907,474,65,7.0,135,424.0,9,R,0.255,0.307,0.161,0.202,0.066,28.8,55.0,24.5,19.8,43.2,D,C+,D-,F,C-,64.9,Uncommon,False,False,0,0,0,bbref_war,False,False
spangal01,spangal01,Al Spangler,LF,"CF,RF",Expansion (1961-1976),1962,1963,1959,1971,ATL,ATL,2267,594,21,37.0,295,234.0,14,L,0.269,0.356,0.092,0.093,0.118,53.0,16.7,67.1,41.0,31.9,C,F,B,C-,D,64.9,Uncommon,False,False,0,0,0,bbref_war,False,False
mittege01,mittege01,George Mitterwald,C,,Expansion (1961-1976),1973,1973,1966,1977,MIN,MIN,2645,623,76,14.0,222,607.0,11,R,0.245,0.31,0.143,0.213,0.082,18.8,46.4,36.9,21.9,62.4,F,C,D+,D-,B-,64.8,Uncommon,False,False,0,0,0,bbref_war,False,False
darwibo01,darwibo01,Bobby Darwin,RF,CF,Expansion (1961-1976),1972,1972,1962,1977,MIN,MIN,2224,559,83,15.0,160,577.0,12,R,0.256,0.316,0.163,0.233,0.068,26.4,56.3,26.3,28.3,37.5,D,C+,D,D,D+,64.7,Uncommon,False,False,0,0,0,bbref_war,False,False
groteje01,groteje01,Jerry Grote,C,,Expansion (1961-1976),1972,1975,1963,1981,NYM,NYM,4339,1092,39,15.0,399,600.0,18,R,0.268,0.339,0.081,0.122,0.094,49.2,12.2,47.5,9.0,68.6,C,F,C,F,B,64.7,Uncommon,True,False,2,0,0,bbref_war,False,False
joshuvo01,joshuvo01,Von Joshua,CF,LF,Expansion (1961-1976),1973,1975,1969,1980,LAD,LAD,2234,610,30,55.0,108,338.0,11,L,0.281,0.315,0.104,0.144,0.048,58.9,24.4,9.3,48.0,33.6,C+,D-,F,C,D,64.5,Uncommon,False,False,0,0,0,bbref_war,False,False
tartajo01,tartajo01,Jose Tartabull,CF,"LF,RF",Expansion (1961-1976),1966,1965,1962,1970,NLB,NLB,1857,484,2,81.0,115,136.0,10,L,0.271,0.309,0.068,0.061,0.054,58.5,4.9,14.5,73.6,48.0,C+,F,F,B,C,64.5,Uncommon,False,False,0,0,0,bbref_war,False,False
alvisma01,alvisma01,Max Alvis,3B,,Expansion (1961-1976),1965,1963,1962,1970,CLE,CLE,3629,895,111,43.0,262,662.0,9,R,0.25,0.306,0.15,0.17,0.067,27.6,49.6,25.1,30.9,43.0,D,C,D,D,C-,64.4,Uncommon,True,False,2,0,0,bbref_war,False,False
gabrile02,gabrile02,Len Gabrielson,LF,RF,Expansion (1961-1976),1967,1968,1960,1970,LAD,LAD,1764,446,37,20.0,145,315.0,12,L,0.26,0.317,0.12,0.154,0.076,39.1,33.4,32.5,40.4,41.6,D+,D,D,C-,C-,64.4,Uncommon,False,False,0,0,0,bbref_war,False,False
bosweke01,bosweke01,Ken Boswell,2B,3B,Expansion (1961-1976),1970,1968,1967,1977,NYM,NYM,2517,625,31,27.0,240,239.0,11,L,0.262,0.328,0.089,0.084,0.089,47.8,16.3,43.2,40.7,47.8,C,F,C-,C-,C,64.3,Uncommon,False,False,0,0,0,bbref_war,False,False
grababi01,grababi01,Billy Grabarkewitz,3B,"2B,SS",Expansion (1961-1976),1972,1970,1969,1975,LAD,LAD,1161,274,28,33.0,202,321.0,9,R,0.236,0.351,0.128,0.232,0.146,9.0,35.9,89.8,49.9,49.0,F,D+,A,C,C,64.3,Uncommon,True,False,1,0,0,bbref_war,False,False
kaskoed01,kaskoed01,Eddie Kasko,3B,SS,Expansion (1961-1976),1961,1960,1957,1966,CIN,CIN,3546,935,22,31.0,265,353.0,10,R,0.271,0.323,0.068,0.091,0.068,55.7,5.6,26.2,32.6,64.6,C+,F,D,D,B-,64.3,Uncommon,True,False,2,0,0,bbref_war,False,False
olivebo01,olivebo01,Bob Oliver,1B,"3B,RF",Expansion (1961-1976),1971,1972,1965,1975,KCR,KCR,2914,745,94,17.0,156,562.0,10,R,0.258,0.299,0.152,0.187,0.052,32.9,50.9,12.5,29.7,38.8,D,C,F,D,D+,64.3,Uncommon,False,False,0,0,0,bbref_war,False,False
shannmi01,shannmi01,Mike Shannon,3B,RF,Expansion (1961-1976),1965,1968,1962,1970,STL,STL,2780,710,68,19.0,224,525.0,9,R,0.259,0.314,0.136,0.178,0.073,35.1,41.6,30.2,29.6,40.8,D+,C-,D,D,C-,64.3,Uncommon,False,False,0,0,0,bbref_war,False,False
chrisjo01,chrisjo01,Joe Christopher,RF,LF,Expansion (1961-1976),1962,1964,1959,1966,NYM,NYM,1667,434,29,29.0,157,277.0,8,R,0.264,0.332,0.118,0.151,0.085,42.7,31.2,40.0,40.6,34.1,C-,D,C-,C-,D,64.2,Uncommon,False,False,0,0,0,bbref_war,False,False
spikech01,spikech01,Charlie Spikes,RF,LF,Expansion (1961-1976),1976,1974,1972,1980,CLE,CLE,2039,502,65,27.0,154,388.0,9,R,0.25,0.309,0.156,0.178,0.071,27.2,52.9,28.4,30.7,35.7,D,C,D,D,D+,64.2,Uncommon,False,False,0,0,0,bbref_war,False,False
wertdo01,wertdo01,Don Wert,3B,,Expansion (1961-1976),1966,1965,1963,1971,DET,DET,3840,929,77,22.0,389,529.0,9,R,0.251,0.325,0.103,0.12,0.095,34.0,24.1,47.9,32.9,57.8,D,D-,C,D,C+,64.2,Uncommon,True,False,1,0,0,bbref_war,False,False
oatesjo01,oatesjo01,Johnny Oates,C,,Expansion (1961-1976),1975,1975,1970,1981,BAL,BAL,1637,410,14,11.0,141,149.0,12,L,0.27,0.333,0.069,0.089,0.089,54.8,8.7,42.9,14.4,60.3,C,F,C-,F,B-,64.1,Uncommon,False,False,0,0,0,bbref_war,False,False
herrmed01,herrmed01,Ed Herrmann,C,,Expansion (1961-1976),1972,1972,1967,1978,CHW,CHW,2729,654,80,6.0,260,361.0,13,L,0.247,0.319,0.131,0.118,0.088,30.4,40.1,42.0,11.0,51.1,D,C-,C-,F,C,64.0,Uncommon,True,False,1,0,0,bbref_war,False,False
bryest01,bryest01,Steve Brye,CF,"LF,RF",Expansion (1961-1976),1974,1973,1970,1978,MIN,MIN,1997,515,30,16.0,144,276.0,9,R,0.261,0.312,0.109,0.131,0.066,42.4,26.9,23.9,26.2,53.6,C-,D,D-,D,C,63.9,Common,False,False,0,0,0,bbref_war,False,False
hundlra01,hundlra01,Randy Hundley,C,,Expansion (1961-1976),1969,1967,1964,1977,CHC,CHC,3442,813,82,12.0,271,565.0,14,R,0.241,0.301,0.123,0.144,0.077,22.0,35.2,33.0,12.0,74.4,D-,D+,D,F,B,63.9,Common,True,False,1,1,2,bbref_war,False,False
swoboro01,swoboro01,Ron Swoboda,RF,LF,Expansion (1961-1976),1969,1968,1965,1973,NYM,NYM,2581,624,73,20.0,299,647.0,10,R,0.247,0.331,0.141,0.222,0.106,19.6,43.5,57.0,30.3,43.9,F,C-,C+,D,C-,63.9,Common,False,False,0,0,0,bbref_war,False,False
valenbo02,valenbo02,Bobby Valentine,SS,"2B,3B,LF",Expansion (1961-1976),1974,1973,1969,1979,LAA,LAA,1698,441,12,27.0,140,134.0,12,R,0.271,0.324,0.066,0.069,0.073,57.8,5.4,30.1,37.8,45.2,C+,F,D,D+,C,63.9,Common,False,False,0,0,0,bbref_war,False,True
hendrel01,hendrel01,Elrod Hendricks,C,,Expansion (1961-1976),1971,1969,1968,1979,BAL,BAL,1888,415,62,1.0,229,319.0,14,L,0.233,0.317,0.146,0.142,0.107,15.4,46.9,57.5,2.2,58.5,F,C,C+,F,C+,63.8,Common,False,False,0,0,0,bbref_war,False,False
brinked01,brinked01,Ed Brinkman,SS,,Expansion (1961-1976),1969,1969,1961,1975,TEX,TEX,6045,1355,60,30.0,444,845.0,17,R,0.239,0.291,0.085,0.129,0.064,21.9,14.2,22.4,35.2,98.2,D-,F,D-,D+,A+,63.7,Common,True,False,1,1,2,bbref_war,False,False
gosgeji01,gosgeji01,Jim Gosger,CF,"LF,RF",Expansion (1961-1976),1967,1967,1963,1974,BOS,BOS,1815,411,30,25.0,217,316.0,12,L,0.239,0.322,0.118,0.159,0.109,18.7,31.1,59.1,37.4,55.7,F,D,C+,D+,C+,63.4,Common,False,False,0,0,0,bbref_war,False,False
koscoan01,koscoan01,Andy Kosco,RF,LF,Expansion (1961-1976),1969,1972,1965,1974,MIN,MIN,1963,464,73,5.0,99,350.0,11,R,0.239,0.282,0.168,0.161,0.055,19.1,59.6,15.2,12.1,45.7,F,C+,F,F,C,63.3,Common,False,False,0,0,0,bbref_war,False,False
leele02,leele02,Leron Lee,LF,RF,Expansion (1961-1976),1973,1972,1969,1976,SDP,SDP,1617,404,31,19.0,133,315.0,10,L,0.253,0.311,0.127,0.178,0.076,29.9,36.5,32.6,33.0,45.2,D,D+,D,D,C,63.3,Common,False,False,0,0,0,bbref_war,False,False
uhlaete01,uhlaete01,Ted Uhlaender,CF,LF,Expansion (1961-1976),1968,1968,1965,1972,MIN,MIN,2932,772,36,52.0,202,277.0,8,L,0.267,0.314,0.093,0.088,0.062,52.6,18.3,21.1,44.9,38.1,C,F,D-,C-,D+,63.3,Common,False,False,0,0,0,bbref_war,False,False
knoopbo01,knoopbo01,Bobby Knoop,2B,,Expansion (1961-1976),1967,1968,1964,1972,LAA,LAA,3622,856,56,16.0,305,833.0,10,R,0.241,0.298,0.107,0.216,0.075,14.3,25.4,31.9,27.3,86.6,F,D,D,D,A,63.1,Common,True,False,1,3,6,bbref_war,False,False
paganjo01,paganjo01,Jose Pagan,SS,"3B,LF",Expansion (1961-1976),1966,1962,1959,1973,PIT,PIT,3689,922,52,46.0,244,510.0,16,R,0.26,0.305,0.1,0.117,0.059,42.3,22.5,18.4,39.1,50.2,C-,D-,F,D+,C,63.1,Common,False,False,0,0,0,bbref_war,False,False
woodja01,woodja01,Jake Wood,2B,,Expansion (1961-1976),1964,1963,1961,1967,DET,DET,1877,469,35,79.0,159,362.0,8,R,0.25,0.312,0.112,0.176,0.077,27.0,27.9,33.5,76.5,36.8,D,D,D,B+,D+,62.9,Common,False,False,0,0,0,bbref_war,False,False
moranbi02,moranbi02,Billy Moran,2B,3B,Expansion (1961-1976),1962,1962,1958,1965,CLE,CLE,2076,545,28,10.0,133,218.0,8,R,0.263,0.308,0.092,0.097,0.059,47.0,19.0,18.9,25.0,50.6,C,F,F,D,C,62.6,Common,True,False,2,0,0,bbref_war,False,False
nelsoda01,nelsoda01,Dave Nelson,2B,3B,Expansion (1961-1976),1973,1973,1968,1977,TEX,TEX,2578,630,20,187.0,220,392.0,10,R,0.252,0.313,0.073,0.131,0.078,33.4,8.3,34.2,98.3,43.2,D,F,D,A+,C-,62.6,Common,True,False,1,0,0,bbref_war,False,False
rodgean01,rodgean01,Andre Rodgers,SS,,Expansion (1961-1976),1961,1962,1957,1967,CHC,CHC,2521,628,45,22.0,290,507.0,11,R,0.252,0.332,0.115,0.175,0.102,29.4,29.0,53.8,30.4,41.9,D,D,C,D,C-,62.6,Common,False,False,0,0,0,bbref_war,False,False
alomasa01,alomasa01,Sandy Alomar,2B,SS,Expansion (1961-1976),1972,1971,1964,1978,LAA,LAA,4760,1168,13,227.0,302,482.0,18,B,0.248,0.293,0.044,0.089,0.061,34.5,1.0,20.1,83.1,65.9,D,F,D-,A-,B,62.5,Common,True,False,1,0,0,bbref_war,False,False
spiezed01,spiezed01,Ed Spiezio,3B,,Expansion (1961-1976),1967,1970,1964,1972,STL,STL,1544,367,39,16.0,135,245.0,10,R,0.243,0.309,0.122,0.144,0.08,24.3,35.3,35.6,28.3,48.3,D-,D+,D+,D,C,62.4,Common,False,False,0,0,0,bbref_war,False,False
salmoch01,salmoch01,Chico Salmon,2B,"1B,SS",Expansion (1961-1976),1968,1967,1964,1972,CLE,CLE,1667,415,31,46.0,89,233.0,9,R,0.254,0.295,0.103,0.124,0.052,36.2,25.5,12.7,48.6,44.4,D+,D,F,C,C-,62.1,Common,False,False,0,0,0,bbref_war,False,False
schmibo02,schmibo02,Bob Schmidt,C,,Expansion (1961-1976),1961,1958,1958,1965,SFG,SFG,1305,317,39,0.0,100,199.0,8,R,0.243,0.297,0.138,0.14,0.07,24.9,43.6,27.9,1.0,50.7,D-,C-,D,F,C,62.1,Common,True,False,1,0,0,bbref_war,False,False
stahlla01,stahlla01,Larry Stahl,LF,"CF,RF",Expansion (1961-1976),1968,1968,1964,1973,NLB,NLB,1721,400,36,22.0,142,357.0,10,L,0.238,0.299,0.131,0.196,0.079,14.8,38.2,34.6,38.0,52.0,F,D+,D,D+,C,62.1,Common,False,False,0,0,0,bbref_war,False,False
taverfr01,taverfr01,Frank Taveras,SS,,Expansion (1961-1976),1976,1976,1971,1982,PIT,PIT,4043,1029,2,300.0,249,474.0,12,R,0.259,0.305,0.058,0.11,0.058,42.2,1.0,17.9,101.4,43.4,C-,F,F,S,C-,62.1,Common,False,False,0,0,0,bbref_war,False,False
weisal01,weisal01,Al Weis,2B,SS,Expansion (1961-1976),1966,1965,1962,1971,CHW,CHW,1578,346,7,55.0,117,299.0,10,B,0.249,0.306,0.062,0.142,0.067,31.0,4.5,25.4,66.7,58.7,D,F,D,B,C+,62.0,Common,False,False,0,0,0,bbref_war,True,False
clinety01,clinety01,Ty Cline,CF,LF,Expansion (1961-1976),1966,1964,1960,1971,WSH,WSH,1834,437,6,22.0,153,262.0,15,L,0.25,0.331,0.073,0.133,0.097,32.3,8.8,49.5,38.9,58.8,D,F,C,D+,C+,61.8,Common,False,False,0,0,0,bbref_war,False,False
dyerdu01,dyerdu01,Duffy Dyer,C,,Expansion (1961-1976),1972,1972,1968,1981,NYM,NYM,1993,441,30,10.0,228,415.0,14,R,0.233,0.319,0.115,0.186,0.104,11.6,30.2,54.9,29.3,60.0,F,D,C,D,B-,61.8,Common,False,False,0,0,0,bbref_war,False,False
mosesje01,mosesje01,Jerry Moses,C,,Expansion (1961-1976),1970,1969,1965,1975,BOS,BOS,1072,269,25,1.0,63,184.0,10,R,0.252,0.297,0.134,0.164,0.055,30.7,41.0,15.5,2.0,48.4,D,C-,F,F,C,61.8,Common,True,False,1,0,0,bbref_war,False,False
tillmbo01,tillmbo01,Bob Tillman,C,,Expansion (1961-1976),1967,1964,1962,1970,BOS,BOS,2329,540,79,1.0,228,510.0,10,R,0.236,0.302,0.156,0.21,0.086,10.4,53.3,40.4,14.9,41.6,F,C,C-,F,C-,61.8,Common,False,False,0,0,0,bbref_war,False,False
rodriel01,rodriel01,Ellie Rodriguez,C,,Expansion (1961-1976),1972,1974,1968,1976,MIL,MIL,2173,533,16,17.0,332,291.0,9,R,0.248,0.362,0.063,0.11,0.132,32.5,3.2,78.1,18.3,62.1,D,F,B+,F,B-,61.7,Common,True,False,2,0,0,bbref_war,False,False
josepdu01,josepdu01,Duane Josephson,C,,Expansion (1961-1976),1968,1968,1965,1972,CHW,CHW,1505,388,23,4.0,92,174.0,8,R,0.258,0.303,0.102,0.108,0.056,42.1,24.1,16.3,10.5,49.8,C-,D-,F,F,C,61.5,Common,True,False,1,0,0,bbref_war,False,False
brohaja01,brohaja01,Jack Brohamer,2B,3B,Expansion (1961-1976),1976,1974,1972,1980,CLE,CLE,2500,613,30,9.0,222,178.0,10,L,0.246,0.306,0.083,0.069,0.079,34.9,14.1,34.8,18.9,61.7,D,F,D,F,B-,61.4,Common,False,False,0,0,0,bbref_war,False,False
duffyfr01,duffyfr01,Frank Duffy,SS,,Expansion (1961-1976),1974,1973,1970,1979,CLE,CLE,2665,619,26,49.0,171,342.0,11,R,0.238,0.286,0.079,0.115,0.061,22.7,11.6,19.9,43.5,77.6,D-,F,F,C-,B+,61.3,Common,False,False,0,0,0,bbref_war,False,False
etchean01,etchean01,Andy Etchebarren,C,,Expansion (1961-1976),1971,1968,1962,1978,BAL,BAL,2618,615,49,13.0,246,529.0,16,R,0.237,0.313,0.126,0.196,0.09,13.4,35.9,44.1,14.5,56.2,F,D+,C-,F,C+,61.1,Common,True,False,2,0,0,bbref_war,False,False
amalfjo01,amalfjo01,Joey Amalfitano,2B,3B,Expansion (1961-1976),1961,1960,1954,1967,CHC,CHC,1715,418,9,19.0,185,224.0,10,R,0.253,0.33,0.081,0.112,0.098,36.7,11.3,50.6,30.8,46.0,D+,F,C,D,C,61.0,Common,False,False,0,0,0,bbref_war,False,False
koppejo01,koppejo01,Joe Koppe,SS,,Expansion (1961-1976),1962,1959,1958,1965,LAA,LAA,1606,379,19,16.0,209,345.0,9,R,0.244,0.33,0.091,0.182,0.113,21.1,17.6,63.1,29.2,54.5,D-,F,B-,D,C,61.0,Common,False,False,0,0,0,bbref_war,False,False
asprobo01,asprobo01,Bob Aspromonte,3B,,Expansion (1961-1976),1964,1964,1956,1971,HOU,HOU,4369,1103,60,19.0,333,459.0,13,R,0.261,0.316,0.093,0.094,0.069,46.4,18.9,26.3,23.1,35.1,C,F,D,D-,D+,60.9,Common,False,False,0,0,0,bbref_war,False,False
doylede01,doylede01,Denny Doyle,2B,,Expansion (1961-1976),1974,1974,1970,1977,BOS,BOS,3290,823,16,38.0,205,310.0,9,L,0.256,0.299,0.065,0.08,0.056,43.0,3.6,15.9,37.6,60.8,C-,F,F,D+,B-,60.9,Common,False,False,0,0,0,bbref_war,False,False
duncada01,duncada01,Dave Duncan,C,,Expansion (1961-1976),1973,1972,1964,1976,OAK,OAK,2885,617,109,5.0,252,677.0,11,R,0.222,0.286,0.155,0.2,0.079,1.0,53.4,35.0,7.1,55.1,F,C,D+,F,C+,60.9,Common,True,False,1,0,0,bbref_war,False,False
jonesda03,jonesda03,Dalton Jones,2B,"1B,3B",Expansion (1961-1976),1969,1965,1964,1972,BOS,BOS,2329,548,41,20.0,191,309.0,10,L,0.245,0.302,0.112,0.12,0.071,28.8,28.6,28.6,38.7,37.7,D,D,D,D+,D+,60.9,Common,False,False,0,0,0,bbref_war,False,False
schofdi01,schofdi01,Dick Schofield,SS,"2B,3B",Expansion (1961-1976),1964,1964,1953,1971,PIT,PIT,3083,699,21,12.0,390,526.0,24,B,0.249,0.341,0.08,0.151,0.115,29.1,11.2,64.7,9.3,60.2,D,F,B-,F,B-,60.9,Common,False,False,0,0,0,bbref_war,False,False
cannich01,cannich01,Chris Cannizzaro,C,,Expansion (1961-1976),1965,1970,1960,1974,NYM,NYM,1950,458,18,3.0,241,354.0,14,R,0.246,0.329,0.086,0.15,0.11,26.1,15.4,60.3,1.0,61.5,D,F,B-,F,B-,60.5,Common,True,False,1,0,0,bbref_war,False,False
jacksso01,jacksso01,Sonny Jackson,SS,CF,Expansion (1961-1976),1969,1966,1963,1974,ATL,ATL,3055,767,7,126.0,250,265.0,12,L,0.256,0.313,0.051,0.082,0.075,42.4,1.0,31.6,73.7,36.0,C-,F,D,B,D+,60.5,Common,False,False,0,0,0,bbref_war,False,False
smithch04,smithch04,Charley Smith,3B,,Expansion (1961-1976),1965,1965,1960,1969,NYM,NYM,2484,594,69,7.0,130,565.0,12,R,0.243,0.283,0.137,0.214,0.049,16.8,43.2,10.7,16.4,50.7,F,C-,F,F,C,60.5,Common,False,False,0,0,0,bbref_war,False,False
gibbsja01,gibbsja01,Jake Gibbs,C,,Expansion (1961-1976),1968,1970,1962,1971,NYY,NYY,1639,382,25,28.0,120,231.0,10,L,0.235,0.289,0.093,0.13,0.064,18.5,20.3,22.2,36.2,65.6,F,D-,D-,D+,B,60.4,Common,False,False,0,0,0,bbref_war,False,False
brownla01,brownla01,Larry Brown,SS,"2B,3B",Expansion (1961-1976),1966,1968,1963,1974,CLE,CLE,3449,803,47,22.0,317,414.0,13,R,0.24,0.31,0.08,0.107,0.088,24.8,12.1,42.0,27.8,61.8,D-,F,C-,D,B-,60.2,Common,False,False,0,0,0,bbref_war,False,False
satrito01,satrito01,Tom Satriano,C,"1B,3B",Expansion (1961-1976),1965,1968,1961,1970,LAA,LAA,1623,365,21,7.0,214,225.0,11,L,0.236,0.324,0.097,0.127,0.113,20.7,21.8,62.3,21.1,46.4,D-,D-,B-,D-,C,60.2,Common,False,False,0,0,0,bbref_war,False,False
rodgebu01,rodgebu01,Buck Rodgers,C,,Expansion (1961-1976),1964,1964,1961,1969,LAA,LAA,3033,704,31,17.0,234,409.0,9,B,0.241,0.295,0.089,0.116,0.071,24.8,16.7,28.2,17.7,65.6,D-,F,D,F,B,60.1,Common,False,False,0,0,0,bbref_war,False,False
tysonmi01,tysonmi01,Mike Tyson,2B,SS,Expansion (1961-1976),1976,1976,1972,1981,STL,STL,2959,714,27,23.0,175,411.0,10,R,0.246,0.288,0.094,0.135,0.053,28.2,18.4,13.7,27.1,60.8,D,F,F,D,B-,60.1,Common,False,False,0,0,0,bbref_war,False,False
perezma01,perezma01,Marty Perez,2B,SS,Expansion (1961-1976),1974,1974,1969,1978,ATL,ATL,3131,771,22,11.0,245,369.0,12,R,0.255,0.313,0.075,0.109,0.078,39.0,8.9,33.9,23.9,48.3,D+,F,D,D-,C,59.9,Common,False,False,0,0,0,bbref_war,False,False
terreje01,terreje01,Jerry Terrell,SS,"2B,3B",Expansion (1961-1976),1976,1975,1973,1980,MIN,MIN,1626,412,4,50.0,76,160.0,8,R,0.258,0.293,0.054,0.093,0.046,43.3,1.0,7.5,51.2,52.1,C-,F,F,C,C,59.9,Common,False,False,0,0,0,bbref_war,False,False
batemjo01,batemjo01,John Bateman,C,,Expansion (1961-1976),1966,1966,1963,1972,HOU,HOU,3330,765,81,10.0,172,610.0,11,R,0.236,0.277,0.133,0.171,0.048,14.6,40.4,9.6,19.8,50.4,F,C-,F,F,C,59.8,Common,False,False,0,0,0,bbref_war,False,False
hillech01,hillech01,Chuck Hiller,2B,,Expansion (1961-1976),1965,1962,1961,1968,SFG,SFG,2121,516,20,14.0,157,187.0,10,L,0.25,0.305,0.074,0.079,0.067,37.6,9.3,25.2,30.5,48.3,D+,F,D,D,C,59.8,Common,False,False,0,0,0,bbref_war,False,False
leppedo02,leppedo02,Don Leppert,C,,Expansion (1961-1976),1962,1962,1961,1964,TEX,TEX,532,122,15,0.0,44,93.0,4,R,0.229,0.289,0.133,0.16,0.076,13.3,41.4,32.2,1.0,48.9,F,C-,D,F,C,59.8,Common,True,False,1,0,0,bbref_war,False,False
chalkda01,chalkda01,Dave Chalk,3B,"2B,SS",Expansion (1961-1976),1976,1975,1973,1981,LAA,LAA,2910,733,15,36.0,295,327.0,10,R,0.255,0.327,0.059,0.105,0.088,39.0,1.0,42.6,29.0,49.5,D+,F,C-,D,C,59.7,Common,True,False,2,0,0,bbref_war,False,False
kendafr01,kendafr01,Fred Kendall,C,,Expansion (1961-1976),1974,1973,1969,1980,SDP,SDP,2576,603,31,5.0,189,240.0,12,R,0.248,0.296,0.087,0.085,0.065,34.7,16.5,23.8,10.5,51.2,D,F,D-,F,C,59.7,Common,False,False,0,0,0,bbref_war,False,False
maxvida01,maxvida01,Dal Maxvill,SS,2B,Expansion (1961-1976),1969,1968,1962,1975,STL,STL,3443,748,6,7.0,370,538.0,17,R,0.238,0.309,0.046,0.139,0.093,20.0,1.0,46.0,18.1,82.5,D-,F,C,F,A-,59.7,Common,False,False,0,1,2,bbref_war,False,False
schilch01,schilch01,Chuck Schilling,2B,,Expansion (1961-1976),1963,1961,1961,1965,BOS,BOS,1969,470,23,11.0,176,236.0,5,R,0.239,0.304,0.079,0.109,0.081,23.9,12.1,36.8,23.2,61.0,D-,F,D+,D-,B-,59.7,Common,False,False,0,0,0,bbref_war,False,False
griffdo01,griffdo01,Doug Griffin,2B,,Expansion (1961-1976),1973,1974,1970,1977,BOS,BOS,2136,524,7,33.0,158,204.0,8,R,0.249,0.302,0.056,0.087,0.068,35.6,1.0,26.1,37.3,57.6,D+,F,D,D+,C+,59.6,Common,False,False,0,1,2,bbref_war,False,False
kennejo03,kennejo03,John Kennedy,3B,"2B,SS",Expansion (1961-1976),1965,1970,1962,1974,TEX,TEX,2110,475,32,14.0,142,461.0,13,R,0.244,0.298,0.112,0.186,0.063,20.8,28.9,21.6,33.6,42.5,D-,D,D-,D,C-,59.6,Common,False,False,0,0,0,bbref_war,False,False
cottich01,cottich01,Chuck Cottier,2B,,Expansion (1961-1976),1962,1961,1959,1969,TEX,TEX,1584,348,19,28.0,137,248.0,10,R,0.223,0.291,0.096,0.145,0.088,7.2,20.2,42.0,48.7,56.5,F,D-,C-,C,C+,59.5,Common,False,False,0,0,0,bbref_war,False,False
martijc01,martij.01,J. C. Martin,C,1B,Expansion (1961-1976),1966,1968,1959,1972,CHW,CHW,2189,487,32,9.0,201,299.0,14,L,0.24,0.309,0.095,0.132,0.085,23.1,20.5,40.1,20.9,44.6,D-,D-,C-,D-,C-,59.4,Common,False,False,0,0,0,bbref_war,False,False
roofph01,roofph01,Phil Roof,C,,Expansion (1961-1976),1971,1975,1961,1977,MIN,MIN,2151,463,43,11.0,184,504.0,18,R,0.223,0.295,0.124,0.213,0.082,1.0,35.2,37.6,23.6,54.3,F,D+,D+,D-,C,59.3,Common,False,False,0,0,0,bbref_war,False,False
thompda01,thompda01,Danny Thompson,SS,"2B,3B",Expansion (1961-1976),1973,1972,1970,1976,MIN,MIN,2218,550,15,8.0,120,235.0,8,R,0.248,0.287,0.062,0.099,0.051,33.4,2.9,11.7,16.5,55.2,D,F,F,F,C+,59.2,Common,False,False,0,0,0,bbref_war,False,True
metzgro01,metzgro01,Roger Metzger,SS,,Expansion (1961-1976),1974,1975,1970,1980,HOU,HOU,4201,972,5,83.0,355,449.0,12,B,0.235,0.294,0.063,0.103,0.077,20.4,1.0,32.9,58.7,57.0,D-,F,D,C+,C+,59.0,Common,False,False,0,1,2,bbref_war,False,False
lillibo01,lillibo01,Bob Lillis,SS,2B,Expansion (1961-1976),1962,1962,1958,1967,HOU,HOU,2328,549,3,23.0,99,116.0,11,R,0.252,0.288,0.046,0.041,0.045,43.7,1.0,6.9,27.7,48.6,C-,F,F,D,C,58.9,Common,False,False,0,0,0,bbref_war,False,False
kindaje01,kindaje01,Jerry Kindall,2B,SS,Expansion (1961-1976),1962,1962,1956,1965,CHC,CHC,2057,439,44,17.0,145,535.0,10,R,0.222,0.276,0.116,0.233,0.068,1.0,31.5,26.1,32.7,53.8,F,D,D,D,C,58.8,Common,False,False,0,0,0,bbref_war,False,False
woodwwo01,woodwwo01,Woody Woodward,SS,"2B,3B",Expansion (1961-1976),1967,1970,1963,1971,CIN,CIN,2187,517,1,14.0,169,301.0,10,R,0.244,0.305,0.051,0.122,0.075,28.1,1.0,31.3,26.0,60.4,D,F,D,D,B-,58.8,Common,False,False,0,0,0,bbref_war,False,False
guerrma01,guerrma01,Mario Guerrero,SS,2B,Expansion (1961-1976),1976,1973,1973,1980,OAK,OAK,2251,578,7,8.0,84,152.0,8,R,0.259,0.288,0.057,0.066,0.035,47.1,1.0,1.0,17.4,48.8,C,F,F,F,C,58.7,Common,False,False,0,0,0,bbref_war,False,False
hernaen01,hernaen01,Enzo Hernandez,SS,,Expansion (1961-1976),1975,1976,1971,1978,SDP,SDP,2327,522,2,129.0,189,151.0,8,R,0.225,0.284,0.045,0.06,0.076,16.1,1.0,32.4,80.3,49.2,F,F,D,A-,C,58.7,Common,False,False,0,0,0,bbref_war,False,False
mayje01,mayje01,Jerry May,C,,Expansion (1961-1976),1968,1967,1964,1973,PIT,PIT,1527,357,15,1.0,157,293.0,11,R,0.235,0.306,0.086,0.172,0.088,14.7,15.7,42.4,1.6,62.4,F,F,C-,F,B-,58.7,Common,False,False,0,0,0,bbref_war,False,False
amaroru01,amaroru01,Ruben Amaro,SS,1B,Expansion (1961-1976),1964,1961,1958,1969,PHI,PHI,2155,505,8,11.0,227,280.0,11,R,0.24,0.312,0.062,0.119,0.091,23.9,2.3,45.0,22.7,55.9,D-,F,C,D-,C+,58.6,Common,False,False,0,1,2,bbref_war,False,False
ryanmi02,ryanmi02,Mike Ryan,C,,Expansion (1961-1976),1970,1969,1964,1974,PHI,PHI,1920,370,28,4.0,152,370.0,11,R,0.201,0.263,0.1,0.173,0.076,1.0,23.6,32.5,13.7,66.8,F,D-,D,F,B,58.5,Common,False,False,0,0,0,bbref_war,False,False
garcipe01,garcipe01,Pedro Garcia,2B,,Expansion (1961-1976),1975,1973,1973,1977,MIL,MIL,1797,395,37,35.0,102,329.0,6,R,0.22,0.267,0.128,0.17,0.053,1.0,37.1,13.3,37.0,43.5,F,D+,F,D+,C-,58.4,Common,False,False,0,0,0,bbref_war,False,False
kubiate01,kubiate01,Ted Kubiak,2B,"3B,SS",Expansion (1961-1976),1972,1971,1967,1976,OAK,OAK,2447,565,13,13.0,271,272.0,13,B,0.235,0.309,0.064,0.096,0.098,21.7,3.5,50.0,23.2,52.3,D-,F,C,D-,C,58.4,Common,False,False,0,0,0,bbref_war,False,False
casanpa01,casanpa01,Paul Casanova,C,,Expansion (1961-1976),1969,1966,1965,1974,TEX,TEX,2786,627,50,2.0,101,430.0,10,R,0.232,0.261,0.105,0.143,0.036,13.6,26.4,1.0,1.9,62.7,F,D,F,F,B-,58.3,Common,True,False,1,0,0,bbref_war,False,False
suthega01,suthega01,Gary Sutherland,2B,SS,Expansion (1961-1976),1972,1968,1966,1978,PHI,PHI,3104,754,24,11.0,207,219.0,14,R,0.252,0.298,0.068,0.064,0.06,41.3,6.1,19.4,16.1,35.7,C-,F,F,F,D+,58.3,Common,False,False,0,0,0,bbref_war,False,False
chaneda01,chaneda01,Darrel Chaney,SS,"2B,3B",Expansion (1961-1976),1974,1972,1969,1979,CIN,CIN,2113,458,14,19.0,238,471.0,11,B,0.234,0.31,0.08,0.177,0.1,12.8,11.9,52.4,26.2,46.9,F,F,C,D,C,58.2,Common,False,False,0,0,0,bbref_war,False,False
stanlfr01,stanlfr01,Fred Stanley,SS,2B,Expansion (1961-1976),1975,1976,1969,1982,NYY,NYY,1650,356,10,11.0,196,243.0,15,R,0.228,0.32,0.047,0.131,0.117,13.1,1.0,66.1,29.4,53.2,F,F,B,D,C,58.1,Common,False,False,0,0,0,bbref_war,False,False
lanieha01,lanieha01,Hal Lanier,SS,"2B,3B",Expansion (1961-1976),1969,1967,1964,1973,SFG,SFG,3703,843,8,11.0,136,436.0,10,R,0.231,0.259,0.048,0.119,0.036,15.6,1.0,1.0,20.4,79.9,F,F,F,D-,B+,57.7,Common,False,False,0,0,0,bbref_war,False,False
leoned01,leoned01,Eddie Leon,2B,SS,Expansion (1961-1976),1971,1970,1968,1975,CLE,CLE,1862,440,24,7.0,156,358.0,8,R,0.24,0.3,0.078,0.174,0.077,17.8,11.8,33.6,13.5,47.2,F,F,D,F,C,57.7,Common,False,False,0,0,0,bbref_war,False,False
popovpa01,popovpa01,Paul Popovich,2B,SS,Expansion (1961-1976),1969,1968,1964,1975,CHC,CHC,1732,403,14,4.0,127,151.0,12,B,0.244,0.3,0.052,0.085,0.072,32.4,1.0,29.2,1.0,50.9,D,F,D,F,C,57.7,Common,False,False,0,0,0,bbref_war,False,False
michage01,michage01,Gene Michael,SS,,Expansion (1961-1976),1972,1969,1966,1975,NYY,NYY,2806,642,15,22.0,234,421.0,10,B,0.234,0.3,0.06,0.14,0.086,16.5,1.4,40.7,28.8,52.9,F,F,C-,D,C,57.6,Common,False,False,0,0,0,bbref_war,False,False
harrivi01,harrivi01,Vic Harris,2B,CF,Expansion (1961-1976),1976,1980,1972,1980,TEX,TEX,1610,349,13,36.0,160,281.0,8,B,0.227,0.298,0.084,0.152,0.093,9.0,13.6,46.5,48.1,29.3,F,F,C,C,D,57.4,Common,False,False,0,0,0,bbref_war,False,False
penaro01,penaro01,Roberto Peña,SS,,Expansion (1961-1976),1968,1968,1965,1971,MIL,MIL,1907,467,13,10.0,114,235.0,7,R,0.245,0.29,0.065,0.115,0.056,29.0,4.7,15.9,18.3,40.8,D,F,F,F,C-,57.2,Common,False,False,0,0,0,bbref_war,False,False
culleti01,culleti01,Tim Cullen,2B,SS,Expansion (1961-1976),1969,1967,1966,1972,TEX,TEX,1761,387,9,10.0,147,219.0,8,R,0.22,0.282,0.058,0.114,0.076,6.3,1.0,32.6,22.9,66.9,F,F,D,D-,B,57.0,Common,False,False,0,0,0,bbref_war,False,False
winebo01,winebo01,Bobby Wine,SS,,Expansion (1961-1976),1965,1963,1960,1972,PHI,PHI,3172,682,30,7.0,214,538.0,12,R,0.219,0.266,0.082,0.166,0.06,1.0,14.2,19.5,5.2,68.6,F,F,F,F,B,56.9,Common,False,False,0,1,2,bbref_war,False,False
torrehe01,torrehe01,Hector Torres,SS,2B,Expansion (1961-1976),1973,1975,1968,1977,HOU,HOU,1738,375,18,7.0,104,229.0,9,R,0.229,0.269,0.068,0.12,0.053,14.1,7.3,13.5,16.2,49.1,F,F,F,F,C,56.4,Common,False,False,0,0,0,bbref_war,False,False
masonji01,masonji01,Jim Mason,SS,,Expansion (1961-1976),1976,1974,1971,1979,TEX,TEX,1584,322,12,2.0,124,316.0,10,L,0.218,0.275,0.077,0.184,0.075,1.0,11.2,31.2,7.0,52.2,F,F,D,F,C,56.0,Common,False,False,0,0,0,bbref_war,False,False
hornsro01,hornsro01,Rogers Hornsby,2B,"3B,SS",Golden Era (1920-1941),1924,1924,1915,1937,STL,STL,8173,2930,301,135.0,1038,679.0,24,R,0.393,0.473,0.28,0.069,0.128,124.0,122.1,76.9,42.4,86.5,S,S,B+,C-,A,99.0,Legendary,False,True,0,0,0,bbref_war,False,False
ruthba01,ruthba01,Babe Ruth,RF,LF,Golden Era (1920-1941),1924,1923,1914,1935,NYY,NYY,8398,2873,714,123.0,2062,1330.0,22,L,0.375,0.514,0.397,0.118,0.218,100.6,125.0,125.0,39.1,68.5,S,S,S,D+,B,97.8,Legendary,True,True,2,0,0,bbref_war,False,False
charlos99,charlos99,Oscar Charleston,CF,1B,Golden Era (1920-1941),1923,1922,1915,1941,NLB,NLB,4903,1718,183,311.0,647,29.0,31,L,0.389,0.472,0.278,0.005,0.13,121.5,107.9,78.1,98.2,54.3,S,S,B+,A+,C,97.7,Legendary,True,True,3,0,0,bbref_war,False,False
gibsojo99,gibsojo99,Josh Gibson,C,,Golden Era (1920-1941),1937,1943,1930,1946,NLB,NLB,2768,1007,197,44.0,400,20.0,17,R,0.384,0.474,0.367,0.002,0.142,113.9,125.0,88.6,47.7,51.9,S,S,A,C,C,97.4,Legendary,True,True,11,0,0,bbref_war,False,False
gehrilo01,gehrilo01,Lou Gehrig,1B,,Golden Era (1920-1941),1931,1927,1923,1939,NYY,NYY,8001,2721,493,102.0,1508,790.0,17,L,0.362,0.468,0.33,0.081,0.161,94.1,125.0,104.7,35.4,55.5,A,S,S,D+,C+,97.3,Legendary,True,True,7,0,0,bbref_war,False,True
steartu99,steartu99,Turkey Stearnes,CF,,Golden Era (1920-1941),1927,1926,1923,1940,NLB,NLB,3959,1372,195,141.0,429,11.0,22,L,0.36,0.427,0.31,0.001,0.096,103.8,124.5,49.8,65.4,54.7,S,S,C,B,C,96.3,Legendary,True,True,5,0,0,bbref_war,False,False
suttlmu99,suttlmu99,Mule Suttles,1B,LF,Golden Era (1920-1941),1928,1926,1923,1944,NLB,NLB,3448,1168,188,92.0,389,24.0,25,R,0.371,0.439,0.33,0.008,0.103,106.5,125.0,55.7,61.7,49.2,S,S,C+,B-,C,96.3,Legendary,True,True,6,0,0,bbref_war,False,False
wellswi99,wellswi99,Willie Wells,SS,,Golden Era (1920-1941),1928,1927,1924,1948,NLB,NLB,4030,1319,145,176.0,497,10.0,27,R,0.357,0.443,0.27,0.001,0.124,101.9,107.4,73.2,77.7,58.4,S,S,B,B+,C+,96.0,Legendary,True,True,8,0,0,bbref_war,False,False
foxxji01,foxxji01,Jimmie Foxx,1B,"3B,C",Golden Era (1920-1941),1933,1932,1925,1945,OAK,OAK,8134,2646,534,87.0,1452,1311.0,21,R,0.352,0.46,0.33,0.128,0.165,81.1,125.0,107.7,34.5,57.7,A-,S,S,D,C+,95.6,Legendary,True,True,9,0,0,bbref_war,False,False
dimagjo01,dimagjo01,Joe DiMaggio,CF,,Golden Era (1920-1941),1940,1941,1936,1951,NYY,NYY,6821,2214,361,30.0,790,369.0,13,R,0.338,0.411,0.265,0.046,0.104,84.1,115.6,56.8,51.1,65.9,A-,S,C+,C,B,93.4,Legendary,True,True,13,0,0,bbref_war,False,False
simmoal01,simmoal01,Al Simmons,LF,CF,Golden Era (1920-1941),1929,1929,1924,1944,OAK,OAK,8759,2927,307,88.0,615,737.0,21,R,0.366,0.409,0.251,0.074,0.065,99.9,108.6,24.7,46.5,66.1,A+,S,D-,C,B,92.8,Legendary,True,True,3,0,0,bbref_war,False,False
leonabu99,leonabu99,Buck Leonard,1B,,Golden Era (1920-1941),1941,1941,1934,1948,NLB,NLB,2300,790,100,32.0,419,14.0,15,L,0.357,0.464,0.27,0.004,0.157,94.2,98.7,101.3,43.0,52.0,A,A+,S,C-,C,92.7,Legendary,True,True,13,0,0,bbref_war,False,False
wilsoju99,wilsoju99,Jud Wilson,1B,3B,Golden Era (1920-1941),1927,1927,1922,1945,NLB,NLB,3782,1351,100,121.0,472,14.0,28,L,0.382,0.462,0.215,0.002,0.117,113.0,77.6,67.4,75.8,51.2,S,B+,B,B+,C,92.2,Legendary,True,True,3,0,0,bbref_war,False,False
scalege01,scalege01,George Scales,2B,"1B,3B,SS",Golden Era (1920-1941),1927,1923,1921,1946,NLB,NLB,2791,918,76,62.0,464,29.0,28,R,0.367,0.471,0.241,0.002,0.154,97.9,86.0,98.8,56.6,50.6,A+,A,A+,C+,C,91.7,Legendary,True,False,1,0,0,bbref_war,False,False
ottme01,ottme01,Mel Ott,RF,"3B,CF",Golden Era (1920-1941),1935,1938,1926,1947,SFG,SFG,9456,2876,511,89.0,1708,896.0,22,L,0.319,0.428,0.26,0.07,0.155,60.5,112.8,99.1,43.2,63.4,B-,S,A+,C-,B-,90.7,Legendary,True,True,12,0,0,bbref_war,False,False
heilmha01,heilmha01,Harry Heilmann,RF,1B,Golden Era (1920-1941),1924,1923,1914,1932,DET,DET,7787,2660,183,113.0,856,550.0,17,R,0.38,0.452,0.204,0.049,0.111,118.6,79.1,62.8,43.6,44.1,S,B+,B-,C-,C-,90.6,Legendary,False,True,0,0,0,bbref_war,False,False
dixonra01,dixonra01,Rap Dixon,RF,"CF,LF",Golden Era (1920-1941),1929,1929,1924,1937,NLB,NLB,2111,695,75,107.0,272,13.0,19,R,0.35,0.429,0.248,0.007,0.116,89.1,91.1,66.5,77.0,50.9,A,A,B,B+,C,90.5,Legendary,True,False,2,0,0,bbref_war,False,False
mizejo01,mizejo01,Johnny Mize,1B,,Golden Era (1920-1941),1940,1947,1936,1953,STL,STL,6443,2011,359,28.0,856,524.0,16,L,0.323,0.408,0.273,0.071,0.119,64.0,120.6,69.1,42.1,51.7,B-,S,B,C-,C,90.5,Legendary,True,True,10,0,0,bbref_war,True,False
beckwjo02,beckwjo02,John Beckwith,3B,"1B,SS",Golden Era (1920-1941),1925,1922,1920,1935,NLB,NLB,2137,749,97,49.0,182,33.0,19,R,0.37,0.426,0.249,0.013,0.084,100.5,93.6,40.6,50.2,54.0,S,A,C-,C,C,90.2,Legendary,False,False,0,0,0,bbref_war,False,False
greenha01,greenha01,Hank Greenberg,1B,LF,Golden Era (1920-1941),1938,1937,1930,1947,DET,DET,5193,1628,331,58.0,852,844.0,13,R,0.322,0.417,0.318,0.138,0.138,56.0,125.0,85.1,45.1,52.0,C+,S,A,C,C,90.0,Legendary,True,True,5,0,0,bbref_war,False,False
kleinch01,kleinch01,Chuck Klein,RF,LF,Golden Era (1920-1941),1932,1933,1928,1944,PHI,PHI,6486,2076,300,79.0,601,521.0,19,L,0.345,0.401,0.26,0.075,0.084,81.9,114.8,39.8,50.9,41.6,A-,S,D+,C,C-,89.3,Legendary,True,True,2,0,0,bbref_war,False,False
gehrich01,gehrich01,Charlie Gehringer,2B,,Golden Era (1920-1941),1934,1934,1924,1942,DET,DET,8860,2839,184,181.0,1186,372.0,19,L,0.343,0.421,0.175,0.029,0.113,93.6,64.2,64.7,62.0,79.4,A,B-,B-,B-,B+,89.0,Legendary,True,True,6,0,0,bbref_war,False,False
willike01,willike01,Ken Williams,LF,CF,Golden Era (1920-1941),1923,1922,1915,1929,BAL,BAL,4862,1552,196,154.0,566,287.0,14,L,0.332,0.41,0.236,0.049,0.111,78.2,99.3,62.5,55.5,53.3,B+,A+,B-,C+,C,88.9,Legendary,False,False,0,0,0,bbref_war,False,False
johnshe01,johnshe01,Heavy Johnson,RF,LF,Golden Era (1920-1941),1925,1923,1920,1932,NLB,NLB,1747,646,57,47.0,159,7.0,12,R,0.373,0.432,0.225,0.004,0.084,108.7,82.6,40.2,57.1,41.4,S,A-,C-,C+,C-,88.8,Legendary,False,False,0,0,0,bbref_war,False,False
gosligo01,gosligo01,Goose Goslin,LF,"CF,RF",Golden Era (1920-1941),1927,1928,1921,1938,MIN,MIN,8656,2735,248,175.0,949,585.0,19,L,0.339,0.408,0.215,0.059,0.097,81.3,86.1,51.0,60.3,65.3,A-,A,C,B-,B,88.2,Legendary,True,True,1,0,0,bbref_war,False,False
roganbu99,roganbu99,Bullet Rogan,CF,"LF,RF",Golden Era (1920-1941),1924,1922,1920,1938,NLB,NLB,2099,693,50,112.0,241,12.0,17,R,0.35,0.422,0.209,0.005,0.103,90.5,74.2,56.3,78.0,52.2,A,B,C+,B+,C,86.6,Epic,True,True,2,0,0,bbref_war,False,False
friscfr01,friscfr01,Frankie Frisch,2B,"3B,SS",Golden Era (1920-1941),1924,1927,1919,1937,SFG,SFG,9112,2880,105,419.0,728,272.0,19,B,0.334,0.39,0.145,0.027,0.08,86.6,47.3,37.1,84.6,101.1,A,C,D+,A-,S,86.3,Epic,True,True,3,0,0,bbref_war,False,False
wilsoha01,wilsoha01,Hack Wilson,CF,"LF,RF",Golden Era (1920-1941),1928,1930,1923,1934,CHC,CHC,4760,1461,244,52.0,674,713.0,13,R,0.323,0.407,0.266,0.126,0.12,56.6,116.1,69.9,44.0,41.1,C+,S,B,C-,C-,85.7,Epic,False,True,0,0,0,bbref_war,False,False
averiea01,averiea01,Earl Averill,CF,LF,Golden Era (1920-1941),1933,1936,1929,1941,CLE,CLE,6353,2019,238,70.0,774,518.0,14,L,0.328,0.408,0.231,0.068,0.114,69.5,95.3,65.4,44.5,49.1,B,A+,B,C-,C,85.1,Epic,True,True,6,0,0,bbref_war,False,False
dickebi01,dickebi01,Bill Dickey,C,,Golden Era (1920-1941),1937,1937,1928,1946,NYY,NYY,6300,1969,202,37.0,678,289.0,17,L,0.327,0.407,0.202,0.041,0.114,76.2,80.7,65.0,29.8,67.9,B+,A-,B,D,B,85.1,Epic,True,True,11,0,0,bbref_war,False,False
dihigma99,dihigma99,Martín Dihigo,SS,1B,Golden Era (1920-1941),1927,1926,1923,1945,NLB,NLB,1666,518,79,49.0,220,22.0,13,R,0.318,0.403,0.237,0.012,0.121,66.1,88.3,70.7,54.0,55.6,B,A,B,C,C+,85.0,Epic,True,True,2,0,0,bbref_war,False,False
torricr99,torricr99,Cristóbal Torriente,CF,"LF,RF",Golden Era (1920-1941),1924,1920,1913,1932,NLB,NLB,3041,1035,64,136.0,426,16.0,16,L,0.341,0.432,0.179,0.005,0.128,87.5,62.0,77.1,64.0,54.4,A,B-,B+,B-,C,84.9,Epic,False,True,0,0,0,bbref_war,False,False
wanerpa01,wanerpa01,Paul Waner,RF,,Golden Era (1920-1941),1932,1936,1926,1945,PIT,PIT,9459,3152,113,104.0,1091,376.0,22,L,0.36,0.426,0.159,0.034,0.099,106.3,53.2,52.9,53.9,55.8,S,C,C,C,C+,84.8,Epic,True,True,4,0,0,bbref_war,False,False
mooredo02,mooredo02,Dobie Moore,SS,,Golden Era (1920-1941),1923,1923,1920,1926,NLB,NLB,1799,628,33,66.0,112,5.0,7,R,0.349,0.392,0.173,0.003,0.058,93.4,59.7,18.7,63.8,73.0,A,C+,F,B-,B,84.4,Epic,False,False,0,0,0,bbref_war,False,False
wesleed01,wesleed01,Edgar Wesley,1B,,Golden Era (1920-1941),1923,1925,1918,1927,NLB,NLB,1886,603,87,49.0,201,5.0,11,L,0.327,0.397,0.223,0.002,0.101,76.4,84.2,54.6,46.9,52.6,B+,A-,C,C,C,84.4,Epic,False,False,0,0,0,bbref_war,False,False
terrybi01,terrybi01,Bill Terry,1B,,Golden Era (1920-1941),1931,1930,1923,1936,SFG,SFG,6428,2193,154,56.0,537,449.0,14,L,0.35,0.4,0.178,0.062,0.076,90.0,66.8,33.2,49.5,65.6,A,B,D,C,B,84.2,Epic,True,True,3,0,0,bbref_war,False,False
odoulle01,o'doule01,Lefty O'Doul,LF,,Golden Era (1920-1941),1931,1929,1919,1934,LAD,LAD,3264,1140,113,36.0,333,122.0,12,L,0.353,0.417,0.186,0.032,0.093,100.4,72.3,47.6,36.7,39.1,S,B,C,D+,D+,84.0,Epic,True,False,1,0,0,bbref_war,False,False
medwijo01,medwijo01,Joe Medwick,LF,,Golden Era (1920-1941),1937,1937,1932,1948,STL,STL,7635,2471,205,42.0,437,551.0,20,R,0.337,0.378,0.214,0.071,0.057,76.6,88.0,17.5,45.4,58.4,B+,A,F,C,C+,83.7,Epic,True,True,10,0,0,bbref_war,False,False
hermaba01,hermaba01,Babe Herman,RF,"1B,LF",Golden Era (1920-1941),1930,1930,1926,1945,LAD,LAD,5603,1818,181,94.0,520,553.0,14,L,0.339,0.396,0.218,0.084,0.086,73.4,88.2,41.7,51.2,46.5,B,A,C-,C,C,83.5,Epic,False,False,0,0,0,bbref_war,False,False
mackebi99,mackebi99,Biz Mackey,C,SS,Golden Era (1920-1941),1924,1922,1920,1947,NLB,NLB,3540,1165,64,73.0,361,18.0,29,B,0.347,0.409,0.186,0.007,0.088,90.5,65.7,43.5,55.8,51.4,A,B,C-,C+,C,83.5,Epic,True,True,6,0,0,bbref_war,False,False
stronte01,stronte01,Ted Strong,RF,SS,Golden Era (1920-1941),1941,1941,1936,1948,NLB,NLB,947,304,27,30.0,148,3.0,12,B,0.347,0.449,0.191,0.003,0.133,79.7,63.8,81.0,54.8,51.5,B+,B-,A-,C,C,83.5,Epic,True,False,6,0,0,bbref_war,False,False
troskha01,troskha01,Hal Trosky,1B,,Golden Era (1920-1941),1938,1934,1933,1946,CLE,CLE,5161,1561,228,28.0,545,440.0,11,L,0.32,0.389,0.246,0.073,0.098,61.0,106.4,51.6,28.7,43.1,B-,S,C,D,C-,83.4,Epic,False,False,0,0,0,bbref_war,False,False
vaughar01,vaughar01,Arky Vaughan,SS,3B,Golden Era (1920-1941),1936,1935,1932,1948,PIT,PIT,6622,2103,96,118.0,937,276.0,14,L,0.326,0.422,0.154,0.035,0.136,77.5,50.9,83.6,58.0,68.7,B+,C,A-,C+,B,83.2,Epic,True,True,9,0,0,bbref_war,False,False
manushe01,manushe01,Heinie Manush,LF,"CF,RF",Golden Era (1920-1941),1930,1928,1923,1939,MIN,MIN,7654,2524,110,114.0,506,345.0,19,L,0.355,0.395,0.168,0.037,0.058,101.4,60.3,18.2,53.8,50.9,S,B-,F,C,C,82.9,Epic,True,True,1,0,0,bbref_war,False,False
reduswi01,reduswi01,Wilson Redus,LF,RF,Golden Era (1920-1941),1928,1927,1924,1940,NLB,NLB,2826,857,89,59.0,249,10.0,22,R,0.334,0.394,0.215,0.002,0.08,83.8,81.3,36.9,48.9,38.5,A-,A-,D+,C,D+,82.9,Epic,True,False,2,0,0,bbref_war,False,False
hafeych01,hafeych01,Chick Hafey,LF,"CF,RF",Golden Era (1920-1941),1930,1928,1924,1937,STL,STL,4625,1466,164,70.0,372,477.0,13,R,0.325,0.384,0.232,0.091,0.08,60.0,97.3,37.2,54.3,46.1,B-,A+,D+,C,C,82.8,Epic,True,True,1,0,0,bbref_war,False,False
cochrmi01,cochrmi01,Mickey Cochrane,C,,Golden Era (1920-1941),1932,1933,1925,1937,OAK,OAK,5169,1652,119,64.0,857,217.0,13,L,0.323,0.424,0.176,0.034,0.144,75.0,64.5,90.6,36.9,54.4,B+,B-,A,D+,C,82.7,Epic,True,True,2,0,0,bbref_war,False,False
cuyleki01,cuyleki01,Kiki Cuyler,RF,"CF,LF",Golden Era (1920-1941),1929,1925,1921,1938,CHC,CHC,7161,2299,128,328.0,676,752.0,19,R,0.345,0.408,0.172,0.092,0.086,76.8,61.2,41.5,84.1,57.2,B+,B-,C-,A-,C+,82.7,Epic,True,True,1,0,0,bbref_war,False,False
camildo01,camildo01,Dolph Camilli,1B,,Golden Era (1920-1941),1939,1941,1933,1945,LAD,LAD,5353,1482,239,60.0,947,961.0,13,L,0.288,0.409,0.244,0.15,0.165,27.1,101.7,107.9,48.4,53.7,D,S,S,C,C,82.5,Epic,True,False,2,0,0,bbref_war,False,False
cronijo01,cronijo01,Joe Cronin,SS,,Golden Era (1920-1941),1933,1930,1926,1945,MIN,MIN,7579,2285,170,87.0,1059,700.0,20,R,0.317,0.406,0.177,0.076,0.125,57.9,64.2,74.8,41.1,83.8,C+,B-,B,C-,A-,82.5,Epic,True,True,7,0,0,bbref_war,False,False
johnsbo01,johnsbo01,Bob Johnson,LF,CF,Golden Era (1920-1941),1938,1939,1933,1945,OAK,OAK,6920,2051,288,96.0,1075,851.0,13,R,0.311,0.407,0.227,0.108,0.137,46.4,94.1,84.3,39.1,52.6,C,A,A-,D+,C,82.5,Epic,True,False,8,0,0,bbref_war,False,False
omsal01,omsal01,Alejandro Oms,CF,,Golden Era (1920-1941),1926,1927,1917,1935,NLB,NLB,1244,415,35,38.0,145,6.0,10,L,0.333,0.411,0.2,0.005,0.11,75.4,69.8,61.9,52.1,49.1,B+,B,B-,C,C,82.4,Epic,True,False,1,0,0,bbref_war,False,False
hartnga01,hartnga01,Gabby Hartnett,C,,Golden Era (1920-1941),1933,1930,1922,1941,CHC,CHC,6432,1912,236,28.0,703,697.0,20,R,0.315,0.384,0.214,0.089,0.097,51.9,88.2,50.8,27.1,74.1,C,A,C,D,B,82.3,Epic,True,True,6,0,0,bbref_war,False,False
parnero01,parnero01,Roy Parnell,LF,"CF,RF",Golden Era (1920-1941),1935,1927,1927,1943,NLB,NLB,2231,736,41,57.0,213,12.0,13,R,0.344,0.402,0.189,0.004,0.078,87.6,66.0,34.8,57.8,46.4,A,B,D,C+,C,82.3,Epic,True,False,3,0,0,bbref_war,False,False
bottoji01,bottoji01,Jim Bottomley,1B,,Golden Era (1920-1941),1927,1928,1922,1937,STL,STL,7471,2313,219,58.0,664,591.0,16,L,0.328,0.392,0.219,0.074,0.091,67.4,88.6,45.9,42.8,42.2,B,A,C,C-,C-,82.1,Epic,False,True,0,0,0,bbref_war,False,False
lundydi01,lundydi01,Dick Lundy,SS,,Golden Era (1920-1941),1927,1927,1916,1937,NLB,NLB,2909,952,49,106.0,267,11.0,24,B,0.344,0.403,0.152,0.003,0.083,88.7,51.0,39.3,58.4,61.1,A,C,D+,C+,B-,81.9,Epic,True,False,2,0,0,bbref_war,False,False
mcnaihu01,mcnaihu01,Hurley McNair,LF,RF,Golden Era (1920-1941),1923,1922,1912,1937,NLB,NLB,2969,960,45,131.0,331,5.0,14,L,0.336,0.407,0.151,0.002,0.098,86.0,49.0,52.3,71.3,52.4,A,C,C,B,C,81.7,Epic,False,False,0,0,0,bbref_war,False,False
blackch03,blackch03,Charlie Blackwell,RF,"CF,LF",Golden Era (1920-1941),1923,1921,1916,1928,NLB,NLB,1888,600,40,93.0,239,3.0,11,L,0.327,0.418,0.169,0.002,0.115,77.4,57.2,66.1,73.6,42.8,B+,C+,B,B,C-,81.5,Epic,False,False,0,0,0,bbref_war,False,False
bellco99,bellco99,Cool Papa Bell,CF,LF,Golden Era (1920-1941),1928,1925,1922,1946,NLB,NLB,4893,1592,60,302.0,559,21.0,25,B,0.332,0.396,0.148,0.004,0.092,84.0,49.7,47.0,89.9,43.8,A-,C,C,A,C-,81.3,Epic,True,True,8,0,0,bbref_war,False,False
rileed01,rileed01,Ed Rile,1B,,Golden Era (1920-1941),1927,1927,1920,1931,NLB,NLB,1515,482,41,25.0,142,2.0,14,L,0.329,0.402,0.197,0.001,0.089,77.4,69.7,44.2,45.5,46.4,B+,B,C-,C,C,81.2,Epic,False,False,0,0,0,bbref_war,False,False
creacde01,creacde01,Dewey Creacy,3B,,Golden Era (1920-1941),1928,1925,1924,1938,NLB,NLB,3517,1025,85,56.0,332,7.0,17,R,0.318,0.381,0.197,0.0,0.086,73.4,72.5,42.2,50.1,45.8,B,B,C-,C,C,81.1,Epic,False,False,0,0,0,bbref_war,False,False
wheatza01,wheatza01,Zack Wheat,LF,,Golden Era (1920-1941),1920,1924,1909,1927,LAD,LAD,9106,2884,132,205.0,650,572.0,19,L,0.336,0.389,0.159,0.046,0.073,82.3,55.5,31.2,47.7,62.0,A-,C+,D,C,B-,80.8,Epic,False,True,0,0,0,bbref_war,False,False
wrighwi01,wrighwi01,Wild Bill Wright,RF,CF,Golden Era (1920-1941),1936,1945,1932,1945,NLB,NLB,1418,459,26,43.0,102,7.0,10,B,0.338,0.39,0.189,0.006,0.072,78.8,64.1,29.9,56.5,48.6,B+,B-,D,C+,C,80.6,Epic,True,False,7,0,0,bbref_war,False,False
fournja01,fournja01,Jack Fournier,1B,,Golden Era (1920-1941),1921,1924,1912,1927,LAD,LAD,5208,1631,136,145.0,587,424.0,15,L,0.332,0.411,0.181,0.071,0.101,72.1,66.9,54.6,49.4,41.5,B,B,C,C,C-,80.2,Epic,False,False,0,0,0,bbref_war,False,False
yorkru01,yorkru01,Rudy York,1B,C,Golden Era (1920-1941),1940,1943,1934,1948,DET,DET,5891,1621,277,38.0,792,867.0,14,R,0.291,0.382,0.237,0.13,0.125,29.8,101.2,74.6,27.9,54.2,D,S,B,D,C,80.2,Epic,True,False,7,0,0,bbref_war,False,False
bergewa01,bergewa01,Wally Berger,CF,LF,Golden Era (1920-1941),1933,1933,1930,1940,ATL,ATL,5163,1550,242,36.0,435,694.0,14,R,0.305,0.362,0.228,0.116,0.076,41.5,97.3,33.6,39.6,55.1,C-,A+,D,D+,C+,80.0,Epic,True,False,4,0,0,bbref_war,False,False
jackstr01,jackstr01,Travis Jackson,SS,3B,Golden Era (1920-1941),1928,1929,1922,1936,SFG,SFG,6086,1768,135,71.0,412,565.0,15,R,0.306,0.355,0.158,0.069,0.069,50.6,56.5,27.6,42.2,103.5,C,C+,D,C-,S,79.9,Rare,True,True,1,0,0,bbref_war,False,False
carrge01,carrge01,George Carr,1B,,Golden Era (1920-1941),1925,1921,1920,1934,NLB,NLB,2367,747,56,127.0,234,26.0,14,B,0.321,0.386,0.17,0.011,0.088,71.7,59.2,43.7,74.1,42.8,B,C+,C-,B,C-,79.8,Rare,False,False,0,0,0,bbref_war,False,False
lombaer01,lombaer01,Ernie Lombardi,C,,Golden Era (1920-1941),1938,1938,1931,1947,CIN,CIN,5855,1792,190,8.0,430,262.0,17,R,0.325,0.384,0.175,0.031,0.078,77.2,67.6,34.8,12.3,57.0,B+,B,D,F,C+,79.8,Rare,True,True,8,0,0,bbref_war,False,False
willicy01,willicy01,Cy Williams,CF,"LF,RF",Golden Era (1920-1941),1921,1920,1912,1930,PHI,PHI,6780,1981,251,115.0,690,721.0,19,L,0.307,0.382,0.216,0.091,0.097,45.1,89.6,51.3,34.9,53.0,C,A,C,D,C,79.8,Rare,False,False,0,0,0,bbref_war,False,False
stephri01,stephri01,Riggs Stephenson,LF,2B,Golden Era (1920-1941),1928,1927,1921,1934,CHC,CHC,4508,1515,63,53.0,494,247.0,14,R,0.34,0.413,0.147,0.044,0.102,85.7,48.9,55.0,45.6,44.9,A,C,C+,C,C-,79.7,Rare,False,False,0,0,0,bbref_war,False,False
russebr01,russebr01,Branch Russell,RF,"2B,3B",Golden Era (1920-1941),1926,1927,1922,1932,NLB,NLB,2881,889,57,80.0,370,5.0,12,L,0.313,0.4,0.169,0.002,0.118,69.8,57.5,68.7,56.7,42.5,B,C+,B,C+,C-,79.6,Rare,False,False,0,0,0,bbref_war,False,False
selkige01,selkige01,George Selkirk,RF,LF,Golden Era (1920-1941),1937,1939,1934,1942,NYY,NYY,2790,810,108,49.0,486,319.0,9,L,0.298,0.406,0.201,0.093,0.147,36.0,78.2,92.5,44.0,56.5,D+,B+,A,C-,C+,79.6,Rare,True,False,2,0,0,bbref_war,False,False
cannawa01,cannawa01,Walter Cannady,SS,"1B,2B,3B",Golden Era (1920-1941),1929,1925,1922,1945,NLB,NLB,2611,825,42,96.0,221,17.0,23,R,0.335,0.387,0.158,0.004,0.076,79.4,53.8,33.4,61.3,48.0,B+,C,D,B-,C,79.5,Rare,True,False,1,0,0,bbref_war,False,False
clarkbu01,clarkbu01,Bus Clarkson,SS,,Golden Era (1920-1941),1941,1942,1938,1952,NLB,NLB,652,202,25,13.0,91,8.0,10,R,0.31,0.395,0.212,0.011,0.122,55.7,71.1,72.1,39.8,49.2,C+,B,B,D+,C,79.5,Rare,True,False,1,0,0,bbref_war,False,False
tayloca99,tayloca02,Candy Jim Taylor,3B,,Golden Era (1920-1941),1926,1923,1909,1942,NLB,NLB,2003,575,37,93.0,191,1.0,33,R,0.311,0.382,0.165,0.001,0.098,71.2,60.0,51.7,52.0,46.4,B,B-,C,C,C,79.5,Rare,False,False,0,0,0,bbref_war,False,False
combsea01,combsea01,Earle Combs,CF,LF,Golden Era (1920-1941),1929,1927,1924,1935,NYY,NYY,5746,1866,58,96.0,670,278.0,12,L,0.334,0.407,0.141,0.046,0.107,80.7,43.0,59.1,55.5,51.4,A-,C-,C+,C+,C,79.4,Rare,False,True,0,0,0,bbref_war,False,False
lloydpo99,lloydjo99,John Henry Lloyd,2B,"1B,SS",Golden Era (1920-1941),1925,1921,1906,1931,NLB,NLB,3731,1283,29,136.0,281,8.0,28,L,0.351,0.403,0.117,0.002,0.078,92.9,35.7,34.8,60.5,53.3,A,D+,D,B-,C,79.4,Rare,False,True,0,0,0,bbref_war,False,False
careyma01,careyma01,Max Carey,CF,"LF,RF",Golden Era (1920-1941),1921,1917,1910,1929,PIT,PIT,9363,2665,70,738.0,1040,695.0,21,B,0.306,0.383,0.122,0.047,0.101,57.0,34.1,54.4,125.0,66.7,C+,D,C,S,B,79.3,Rare,False,True,0,0,0,bbref_war,False,False
hillpe99,hillpe99,Pete Hill,CF,LF,Golden Era (1920-1941),1921,1921,1904,1925,NLB,NLB,2375,788,48,74.0,299,4.0,21,L,0.325,0.419,0.129,0.007,0.123,78.4,39.6,73.0,54.1,49.7,B+,D+,B,C,C,79.0,Rare,False,True,0,0,0,bbref_war,False,False
lazzeto01,lazzeto01,Tony Lazzeri,2B,"3B,SS",Golden Era (1920-1941),1930,1929,1926,1939,NYY,NYY,6297,1840,178,148.0,869,864.0,15,R,0.308,0.385,0.189,0.11,0.108,44.4,71.0,59.8,44.9,64.6,C-,B,C+,C-,B-,79.0,Rare,True,True,1,0,0,bbref_war,False,False
westji01,,Jim West,1B,,Golden Era (1920-1941),1938,1937,1930,1948,NLB,NLB,2510,716,34,17.0,267,14.0,24,B,0.336,0.408,0.142,0.006,0.101,78.3,46.3,54.0,34.7,59.1,B+,C,C,D,C+,79.0,Rare,True,False,4,0,0,lahman_proxy,False,False
applilu01,applilu01,Luke Appling,SS,3B,Golden Era (1920-1941),1937,1943,1930,1950,CHW,CHW,8856,2749,45,179.0,1302,528.0,20,R,0.329,0.421,0.094,0.05,0.136,75.5,19.1,83.8,45.5,83.4,B+,F,A-,C,A-,78.0,Rare,True,True,7,0,0,bbref_war,False,False
roushed01,roushed01,Edd Roush,CF,LF,Golden Era (1920-1941),1920,1920,1913,1931,CIN,CIN,7363,2376,68,268.0,484,260.0,19,L,0.341,0.386,0.134,0.03,0.062,91.0,39.5,22.1,61.0,52.3,A,D+,D-,B-,C,78.0,Rare,False,True,0,0,0,bbref_war,False,False
pattepa02,pattepa02,Pat Patterson,2B,3B,Golden Era (1920-1941),1941,1935,1934,1947,NLB,NLB,1247,407,23,18.0,101,5.0,11,B,0.332,0.383,0.169,0.003,0.075,75.6,56.7,32.5,42.4,52.5,B+,C+,D,C-,C,77.8,Rare,True,False,4,0,0,bbref_war,False,False
harpege02,harpege02,George Harper,RF,"CF,LF",Golden Era (1920-1941),1926,1927,1916,1929,PHI,PHI,3398,1030,91,58.0,389,208.0,13,L,0.317,0.396,0.17,0.05,0.106,64.7,62.3,58.5,37.3,49.5,B-,B-,C+,D+,C,77.7,Rare,False,False,0,0,0,bbref_war,False,False
bonurze01,bonurze01,Zeke Bonura,1B,,Golden Era (1920-1941),1937,1937,1934,1940,CHW,CHW,3582,1099,119,19.0,404,180.0,8,R,0.307,0.38,0.181,0.045,0.101,58.0,69.6,54.3,33.6,51.0,C+,B,C,D,C,77.6,Rare,False,False,0,0,0,bbref_war,False,False
cliftha01,cliftha01,Harlond Clift,3B,,Golden Era (1920-1941),1938,1937,1934,1945,BAL,BAL,5730,1558,178,69.0,1070,713.0,13,R,0.288,0.409,0.189,0.093,0.163,27.6,72.1,105.9,49.2,59.5,D,B,S,C,C+,77.6,Rare,True,False,1,0,0,bbref_war,False,False
murrami02,murrami02,Mitchell Murray,C,,Golden Era (1920-1941),1926,1926,1920,1932,NLB,NLB,1610,485,30,35.0,157,7.0,15,R,0.326,0.397,0.149,0.001,0.089,74.0,51.4,44.5,43.8,54.1,B,C,C-,C-,C,77.6,Rare,False,False,0,0,0,bbref_war,False,False
taylobe99,taylobe99,Ben Taylor,1B,,Golden Era (1920-1941),1924,1921,1910,1929,NLB,NLB,3391,1112,33,102.0,343,7.0,22,L,0.34,0.406,0.121,0.003,0.097,87.3,36.5,50.6,45.4,53.2,A,D+,C,C,C,77.6,Rare,False,True,0,0,0,bbref_war,False,False
hermabi01,hermabi01,Billy Herman,2B,3B,Golden Era (1920-1941),1938,1935,1931,1947,CHC,CHC,7707,2345,47,67.0,737,428.0,17,R,0.32,0.386,0.122,0.045,0.094,69.0,34.9,48.6,48.6,81.2,B,D,C,C,A-,77.5,Rare,True,True,10,0,0,bbref_war,False,False
benjaje01,benjaje01,Jerry Benjamin,CF,,Golden Era (1920-1941),1938,1943,1932,1948,NLB,NLB,2993,891,28,134.0,312,10.0,19,B,0.332,0.4,0.122,0.002,0.099,78.9,37.9,52.5,62.1,52.7,B+,D+,C,B-,C,77.4,Rare,True,False,5,0,0,bbref_war,False,False
jenkifa01,jenkifa01,Fats Jenkins,LF,,Golden Era (1920-1941),1927,1927,1920,1940,NLB,NLB,2476,836,21,128.0,293,8.0,23,L,0.344,0.423,0.089,0.003,0.115,87.5,23.5,66.2,68.3,51.0,A,D-,B,B,C,77.4,Rare,True,False,2,0,0,bbref_war,False,False
perkibi01,,Bill Perkins,C,,Golden Era (1920-1941),1934,1937,1928,1948,NLB,NLB,1754,489,27,20.0,133,13.0,21,R,0.332,0.387,0.17,0.007,0.078,69.7,57.2,35.6,38.2,57.7,B,C+,D+,D+,C+,77.4,Rare,True,False,2,0,0,lahman_proxy,False,False
traynpi01,traynpi01,Pie Traynor,3B,,Golden Era (1920-1941),1928,1923,1920,1937,PIT,PIT,7559,2416,58,158.0,472,278.0,17,R,0.337,0.379,0.125,0.027,0.059,88.9,35.7,19.5,57.9,59.1,A,D+,F,C+,C+,77.3,Rare,True,True,2,0,0,bbref_war,False,False
harrijo03,harrijo03,Joe Harris,1B,"LF,RF",Golden Era (1920-1941),1923,1923,1914,1928,BOS,BOS,3035,963,47,36.0,413,188.0,12,R,0.32,0.411,0.155,0.057,0.125,64.9,51.3,74.1,43.1,50.8,B-,C,B,C-,C,77.2,Rare,False,False,0,0,0,bbref_war,False,False
meusebo01,meusebo01,Bob Meusel,RF,LF,Golden Era (1920-1941),1924,1927,1920,1930,NYY,NYY,5475,1693,156,142.0,375,619.0,11,R,0.316,0.363,0.201,0.106,0.065,50.4,80.0,24.5,50.4,50.8,C,A-,D-,C,C,77.2,Rare,False,False,0,0,0,bbref_war,False,False
riggibi01,riggibi01,Bill Riggins,SS,3B,Golden Era (1920-1941),1925,1923,1920,1935,NLB,NLB,2669,790,45,105.0,255,5.0,15,B,0.301,0.369,0.143,0.001,0.091,60.1,46.9,46.3,64.8,66.9,B-,C,C,B-,B,77.1,Rare,False,False,0,0,0,bbref_war,False,False
gilesge01,gilesge01,George Giles,1B,,Golden Era (1920-1941),1932,1930,1927,1938,NLB,NLB,1816,574,11,75.0,190,6.0,14,L,0.334,0.4,0.121,0.003,0.096,79.4,37.0,50.2,61.0,51.3,B+,D+,C,B-,C,77.0,Rare,True,False,1,0,0,bbref_war,False,False
jacobba01,jacobba01,Baby Doll Jacobson,CF,"LF,RF",Golden Era (1920-1941),1922,1920,1915,1927,BAL,BAL,5507,1714,83,86.0,355,410.0,15,R,0.33,0.377,0.154,0.061,0.064,72.7,53.0,23.5,44.4,59.6,B,C,D-,C-,C+,77.0,Rare,False,False,0,0,0,bbref_war,False,False
stoneed01,stoneed01,Ed Stone,RF,,Golden Era (1920-1941),1939,1942,1934,1946,NLB,NLB,1470,458,28,22.0,183,11.0,15,L,0.323,0.397,0.162,0.007,0.106,69.3,53.7,58.8,40.6,47.6,B,C,C+,C-,C,77.0,Rare,True,False,3,0,0,bbref_war,False,False
thomacl03,thomacl03,Clint Thomas,CF,"2B,LF,RF",Golden Era (1920-1941),1925,1926,1920,1938,NLB,NLB,3133,948,65,164.0,272,15.0,24,R,0.303,0.361,0.174,0.006,0.072,60.9,60.5,30.3,73.9,46.9,B-,B-,D,B,C,76.9,Rare,False,False,0,0,0,bbref_war,False,False
seweljo01,seweljo01,Joe Sewell,SS,3B,Golden Era (1920-1941),1926,1923,1920,1933,CLE,CLE,7132,2226,49,74.0,842,114.0,14,L,0.325,0.406,0.107,0.015,0.109,82.1,26.4,61.1,43.2,65.1,A-,D,B-,C-,B,76.8,Rare,False,True,0,0,0,bbref_war,False,False
smithcl02,smithcl02,Clarence Smith,RF,"CF,LF",Golden Era (1920-1941),1925,1922,1921,1933,NLB,NLB,2209,709,29,92.0,121,3.0,12,R,0.33,0.366,0.138,0.001,0.051,81.0,44.2,12.9,66.5,52.2,A-,C-,F,B,C,76.7,Rare,False,False,0,0,0,bbref_war,False,False
harrivi02,harrivi02,Vic Harris,LF,,Golden Era (1920-1941),1934,1932,1922,1947,NLB,NLB,2942,902,42,35.0,306,11.0,23,L,0.328,0.401,0.138,0.001,0.1,75.8,44.8,53.8,37.7,51.9,B+,C-,C,D+,C,76.6,Rare,True,False,7,0,0,bbref_war,False,False
vargate01,vargate01,Tetelo Vargas,CF,,Golden Era (1920-1941),1941,1943,1927,1943,NLB,NLB,547,201,3,10.0,61,5.0,5,R,0.367,0.433,0.126,0.008,0.099,82.2,40.7,53.0,40.0,47.5,A-,C-,C,C-,C,76.6,Rare,True,False,2,0,0,bbref_war,False,False
whitech03,whitech03,Chaney White,CF,LF,Golden Era (1920-1941),1927,1927,1920,1936,NLB,NLB,3172,994,35,77.0,318,11.0,23,R,0.33,0.394,0.126,0.002,0.089,79.4,39.1,44.6,48.8,53.8,B+,D+,C-,C,C,76.6,Rare,False,False,0,0,0,bbref_war,False,False
johnsju99,johnsju99,Judy Johnson,3B,,Golden Era (1920-1941),1927,1926,1918,1936,NLB,NLB,3644,1078,36,95.0,254,29.0,21,R,0.331,0.376,0.126,0.009,0.064,79.3,39.7,23.1,54.4,60.3,B+,D+,D-,C,B-,76.5,Rare,True,True,2,0,0,bbref_war,False,False
johnswa04,johnswa04,Wade Johnston,LF,CF,Golden Era (1920-1941),1928,1929,1922,1933,NLB,NLB,2587,790,43,84.0,276,11.0,12,L,0.315,0.389,0.149,0.001,0.103,70.4,49.3,56.3,54.4,42.7,B,C,C+,C,C-,76.5,Rare,False,False,0,0,0,bbref_war,False,False
ricesa01,ricesa01,Sam Rice,RF,CF,Golden Era (1920-1941),1923,1930,1915,1934,MIN,MIN,9269,2987,34,351.0,708,275.0,20,L,0.331,0.383,0.105,0.027,0.071,83.6,24.4,29.3,73.8,63.8,A-,D-,D,B,B-,76.4,Rare,False,True,0,0,0,bbref_war,False,False
millebi02,millebi02,Bing Miller,RF,"CF,LF",Golden Era (1920-1941),1927,1922,1921,1936,OAK,OAK,6212,1934,116,127.0,383,340.0,17,R,0.326,0.371,0.152,0.053,0.053,72.0,52.5,14.2,50.5,56.8,B,C,F,C,C+,76.3,Rare,False,False,0,0,0,bbref_war,False,False
colliri02,colliri02,Ripper Collins,1B,,Golden Era (1920-1941),1935,1934,1931,1941,STL,STL,3784,1121,135,18.0,356,373.0,9,B,0.301,0.366,0.202,0.087,0.088,40.7,80.4,43.8,41.9,51.1,C-,A-,C-,C-,C,76.2,Rare,True,False,3,0,0,bbref_war,False,False
davisst04,davisst04,Steel Arm Davis,1B,"LF,RF",Golden Era (1920-1941),1929,1927,1920,1935,NLB,NLB,1564,502,27,43.0,119,6.0,11,L,0.324,0.379,0.157,0.004,0.069,73.9,52.0,28.1,55.3,44.7,B,C,D,C+,C-,76.2,Rare,True,False,1,0,0,bbref_war,False,False
lindsfr01,lindsfr01,Freddie Lindstrom,3B,"CF,LF,RF",Golden Era (1920-1941),1929,1930,1924,1936,SFG,SFG,5611,1747,103,84.0,334,276.0,13,R,0.322,0.361,0.146,0.045,0.056,70.9,50.2,17.2,43.1,63.4,B,C,F,C-,B-,76.2,Rare,False,True,0,0,0,bbref_war,False,False
williha03,,Harry Williams,2B,3B,Golden Era (1920-1941),1937,1938,1932,1946,NLB,NLB,1481,422,19,37.0,126,4.0,20,R,0.317,0.374,0.156,0.002,0.082,64.5,51.3,38.3,50.5,56.6,B-,C,D+,C,C+,76.1,Rare,True,False,2,0,0,lahman_proxy,False,False
chapmbe01,chapmbe01,Ben Chapman,CF,"3B,LF,RF",Golden Era (1920-1941),1934,1931,1930,1946,NYY,NYY,6478,1958,90,287.0,824,556.0,19,R,0.308,0.385,0.147,0.086,0.107,46.8,48.1,59.1,71.3,65.1,C,C,C+,B,B,75.9,Rare,True,False,4,0,0,bbref_war,False,False
walkecu01,walkecu01,Curt Walker,RF,"CF,LF",Golden Era (1920-1941),1926,1922,1919,1930,CIN,CIN,4858,1475,64,96.0,535,254.0,14,L,0.31,0.385,0.148,0.048,0.107,59.9,47.1,59.2,52.6,56.8,C+,C,C+,C,C+,75.9,Rare,False,False,0,0,0,bbref_war,False,False
allenne02,allenne02,Newt Allen,2B,"3B,SS",Golden Era (1920-1941),1928,1937,1923,1947,NLB,NLB,3988,1140,22,166.0,334,27.0,27,R,0.315,0.374,0.117,0.007,0.079,68.9,34.3,36.4,73.8,62.2,B,D,D+,B,B-,75.8,Rare,True,False,5,0,0,bbref_war,False,False
fothebo01,fothebo01,Bob Fothergill,LF,RF,Golden Era (1920-1941),1927,1927,1922,1933,DET,DET,3269,1064,36,42.0,202,177.0,13,R,0.339,0.385,0.149,0.046,0.064,83.8,49.7,23.4,30.6,43.8,A-,C,D-,D,C-,75.7,Rare,False,False,0,0,0,bbref_war,False,False
grantge01,grantge01,George Grantham,2B,1B,Golden Era (1920-1941),1928,1924,1922,1934,PIT,PIT,4989,1508,105,132.0,717,526.0,13,L,0.31,0.402,0.164,0.088,0.129,48.5,57.2,77.3,47.8,50.3,C,C+,B+,C,C,75.7,Rare,False,False,0,0,0,bbref_war,False,False
reynoca01,reynoca01,Carl Reynolds,RF,"CF,LF",Golden Era (1920-1941),1931,1930,1927,1939,CHW,CHW,4495,1357,80,112.0,260,308.0,13,R,0.313,0.352,0.165,0.056,0.048,59.6,58.3,10.5,65.4,56.5,C+,C+,F,B,C+,75.7,Rare,False,False,0,0,0,bbref_war,False,False
falkbi01,falkbi01,Bibb Falk,LF,RF,Golden Era (1920-1941),1926,1926,1920,1931,CHW,CHW,4652,1463,69,47.0,412,279.0,12,L,0.325,0.387,0.141,0.035,0.089,76.3,45.8,44.4,30.2,49.8,B+,C,C-,D,C,75.6,Rare,False,False,0,0,0,bbref_war,False,False
stonejo01,stonejo01,John Stone,RF,"CF,LF",Golden Era (1920-1941),1934,1936,1928,1938,MIN,MIN,4494,1391,77,45.0,463,352.0,11,L,0.314,0.382,0.161,0.067,0.097,57.7,55.2,50.7,40.7,55.2,C+,C+,C,C-,C+,75.6,Rare,False,False,0,0,0,bbref_war,False,False
williji05,,Jim Williams,RF,LF,Golden Era (1920-1941),1935,1936,1931,1944,NLB,NLB,1494,464,13,51.0,91,1.0,19,R,0.342,0.382,0.126,0.0,0.058,80.4,41.6,18.2,49.5,53.8,A-,C-,F,C,C,75.6,Rare,True,False,1,0,0,lahman_proxy,False,False
easteho01,easteho01,Howard Easterling,3B,,Golden Era (1920-1941),1941,1943,1937,1946,NLB,NLB,1194,372,19,24.0,102,13.0,7,B,0.312,0.37,0.163,0.01,0.078,62.2,53.8,35.3,48.3,53.6,B-,C,D+,C,C,75.5,Rare,True,False,5,0,0,bbref_war,False,False
hudspro01,hudspro01,Robert Hudspeth,1B,,Golden Era (1920-1941),1925,1926,1920,1932,NLB,NLB,1660,523,42,20.0,129,14.0,13,L,0.319,0.373,0.163,0.006,0.073,69.3,56.9,31.3,36.6,46.4,B,C+,D,D+,C,75.5,Rare,False,False,0,0,0,bbref_war,False,False
alexada01,alexada01,Dale Alexander,1B,,Golden Era (1920-1941),1931,1929,1929,1933,DET,DET,2450,811,61,20.0,248,197.0,6,R,0.331,0.394,0.166,0.073,0.092,69.7,60.5,46.6,19.3,40.9,B,B-,C,F,C-,75.4,Rare,False,False,0,0,0,bbref_war,False,False
meuseir01,meuseir01,Irish Meusel,LF,RF,Golden Era (1920-1941),1922,1921,1914,1927,SFG,SFG,4900,1521,106,113.0,269,199.0,12,R,0.318,0.355,0.162,0.038,0.051,69.6,58.6,13.0,51.0,44.5,B,C+,F,C,C-,75.4,Rare,False,False,0,0,0,bbref_war,False,False
currygo01,currygo01,Goose Curry,RF,"CF,LF",Golden Era (1920-1941),1941,1940,1928,1947,NLB,NLB,1879,568,26,65.0,317,21.0,23,L,0.302,0.413,0.133,0.014,0.15,54.6,42.0,95.1,56.4,46.2,C,C-,A+,C+,C,75.2,Rare,True,False,2,0,0,bbref_war,False,False
judgejo01,judgejo01,Joe Judge,1B,,Golden Era (1920-1941),1924,1920,1915,1934,MIN,MIN,7898,2352,71,213.0,965,478.0,21,L,0.311,0.396,0.131,0.054,0.117,59.2,38.1,68.1,60.5,56.8,C+,D+,B,B-,C+,75.2,Rare,False,False,0,0,0,bbref_war,False,False
robinne01,robinne02,Neil Robinson,CF,,Golden Era (1920-1941),1941,1940,1934,1948,NLB,NLB,1071,310,21,30.0,109,9.0,13,R,0.305,0.379,0.164,0.006,0.095,55.5,54.6,49.7,47.4,53.3,C+,C,C,C,C,75.2,Rare,True,False,10,0,0,bbref_war,False,False
grimera01,grimera01,Ray Grimes,1B,,Golden Era (1920-1941),1922,1922,1920,1926,CHC,CHC,1537,505,27,21.0,204,133.0,6,R,0.329,0.413,0.151,0.076,0.116,65.7,50.3,66.9,33.8,42.2,B,C,B,D,C-,75.1,Rare,False,False,0,0,0,bbref_war,False,False
josepne01,josepne01,Newt Joseph,3B,,Golden Era (1920-1941),1926,1924,1922,1935,NLB,NLB,2292,666,31,94.0,262,28.0,14,R,0.299,0.384,0.144,0.008,0.112,56.5,46.7,63.4,59.3,50.3,C+,C,B-,C+,C,75.1,Rare,False,False,0,0,0,bbref_war,False,False
whatlda01,whatlda01,David Whatley,RF,,Golden Era (1920-1941),1940,1938,1937,1944,NLB,NLB,948,318,13,28.0,76,19.0,10,L,0.335,0.389,0.141,0.018,0.074,71.8,45.9,31.6,51.9,48.0,B,C,D,C,C,75.1,Rare,True,False,1,0,0,bbref_war,False,False
vosmijo01,vosmijo01,Joe Vosmik,LF,RF,Golden Era (1920-1941),1934,1935,1930,1944,CLE,CLE,5472,1682,65,23.0,514,272.0,13,R,0.322,0.383,0.143,0.045,0.087,71.2,46.3,42.4,29.3,53.9,B,C,C-,D,C,75.0,Rare,True,False,1,0,0,bbref_war,False,False
greenjo04,greenjo04,Joe Greene,C,,Golden Era (1920-1941),1941,1947,1932,1948,NLB,NLB,777,212,18,15.0,127,12.0,12,R,0.284,0.387,0.176,0.015,0.14,41.4,57.1,86.6,45.6,50.8,C-,C+,A,C,C,74.9,Rare,True,False,2,0,0,bbref_war,False,False
lyonsji01,lyonsji01,Jimmie Lyons,LF,CF,Golden Era (1920-1941),1922,1920,1909,1932,NLB,NLB,1602,474,22,150.0,154,13.0,18,L,0.302,0.367,0.12,0.013,0.092,53.5,39.1,46.9,88.3,58.4,C,D+,C,A,C+,74.9,Rare,False,False,0,0,0,bbref_war,False,False
walkege02,walkege02,Gee Walker,LF,"CF,RF",Golden Era (1920-1941),1938,1937,1931,1945,DET,DET,6771,1991,124,223.0,330,600.0,15,R,0.315,0.352,0.159,0.076,0.047,56.0,57.9,9.4,61.8,56.5,C+,C+,F,B-,C+,74.7,Rare,True,False,1,0,0,bbref_war,False,False
westsa01,westsa01,Sam West,CF,LF,Golden Era (1920-1941),1933,1931,1927,1942,BAL,BAL,6148,1838,75,53.0,696,540.0,17,L,0.314,0.385,0.144,0.075,0.102,55.2,46.3,55.1,34.0,66.1,C+,C,C+,D,B,74.7,Rare,True,False,4,0,0,bbref_war,False,False
myerbu01,myerbu01,Buddy Myer,2B,"3B,SS",Golden Era (1920-1941),1933,1935,1925,1941,MIN,MIN,7038,2131,38,156.0,965,428.0,18,L,0.312,0.4,0.117,0.052,0.124,60.2,30.6,73.2,46.4,66.2,B-,D,B,C,B,74.6,Rare,True,False,2,0,0,bbref_war,False,False
bressru01,bressru01,Rube Bressler,LF,"1B,RF",Golden Era (1920-1941),1926,1926,1914,1932,CIN,CIN,3881,1170,32,47.0,449,246.0,20,R,0.322,0.403,0.127,0.052,0.113,68.4,35.8,64.5,40.8,52.7,B,D+,B-,C-,C,74.5,Rare,False,False,0,0,0,bbref_war,False,False
moseswa01,moseswa01,Wally Moses,RF,CF,Golden Era (1920-1941),1940,1937,1935,1951,OAK,OAK,7356,2138,89,174.0,821,457.0,18,L,0.309,0.379,0.143,0.052,0.099,58.1,46.0,53.1,48.6,54.9,C+,C,C,C,C,74.5,Rare,True,False,2,0,0,bbref_war,False,False
hughesa01,hughesa01,Sammy Hughes,2B,,Golden Era (1920-1941),1939,1938,1931,1946,NLB,NLB,1530,484,21,21.0,177,11.0,12,R,0.31,0.389,0.143,0.009,0.109,60.3,46.7,61.2,39.5,49.9,B-,C,B-,D+,C,74.4,Rare,True,False,6,0,0,bbref_war,False,False
youngro01,youngro01,Ross Youngs,RF,,Golden Era (1920-1941),1921,1920,1917,1926,SFG,SFG,4627,1491,42,153.0,550,390.0,10,L,0.331,0.407,0.121,0.075,0.106,70.1,33.1,58.6,52.1,50.5,B,D,C+,C,C,74.4,Rare,False,True,0,0,0,bbref_war,False,False
drekeva01,drekeva01,Valentín Dreke,CF,LF,Golden Era (1920-1941),1923,1924,1919,1927,NLB,NLB,1864,609,15,65.0,142,2.0,9,L,0.337,0.396,0.096,0.001,0.075,83.3,27.0,32.3,54.3,50.6,A-,D,D,C,C,74.2,Rare,False,False,0,0,0,bbref_war,False,False
bancrda01,bancrda01,Dave Bancroft,SS,,Golden Era (1920-1941),1922,1921,1915,1930,SFG,SFG,7182,2004,32,145.0,827,487.0,17,B,0.304,0.38,0.095,0.054,0.106,52.9,19.8,58.7,42.1,99.2,C,F,C+,C-,A+,74.1,Rare,False,True,0,0,0,bbref_war,False,False
davissp01,davissp01,Virgil Davis,C,,Golden Era (1920-1941),1932,1932,1928,1945,PHI,PHI,4255,1312,77,6.0,386,326.0,18,R,0.329,0.389,0.136,0.067,0.083,69.8,44.9,39.7,13.5,59.8,B,C-,D+,F,C+,74.1,Rare,False,False,0,0,0,bbref_war,False,False
hackst01,hackst01,Stan Hack,3B,,Golden Era (1920-1941),1941,1945,1932,1947,CHC,CHC,7278,2193,57,165.0,1092,466.0,16,L,0.312,0.405,0.105,0.048,0.134,61.3,25.2,82.2,55.3,60.0,B-,D,A-,C+,B-,74.1,Rare,True,False,5,0,0,bbref_war,False,False
bladera01,bladera01,Ray Blades,LF,RF,Golden Era (1920-1941),1925,1925,1922,1932,STL,STL,2415,726,50,33.0,331,310.0,10,R,0.311,0.401,0.167,0.104,0.113,45.7,58.2,64.0,37.2,51.3,C,C+,B-,D+,C,74.0,Rare,False,False,0,0,0,bbref_war,False,False
hurstdo01,hurstdo01,Don Hurst,1B,,Golden Era (1920-1941),1931,1932,1928,1934,PHI,PHI,3275,976,115,41.0,391,210.0,8,L,0.298,0.375,0.18,0.057,0.106,46.9,69.5,58.7,40.8,33.4,C,B,C+,C-,D,74.0,Rare,False,False,0,0,0,bbref_war,False,False
bluelu01,bluelu01,Lu Blue,1B,,Golden Era (1920-1941),1925,1931,1921,1933,DET,DET,5904,1696,44,151.0,1092,436.0,13,B,0.297,0.411,0.122,0.06,0.156,45.5,32.6,100.4,59.0,59.2,C,D,S,C+,C+,73.8,Rare,False,False,0,0,0,bbref_war,False,False
fredejo01,fredejo01,Johnny Frederick,CF,RF,Golden Era (1920-1941),1932,1930,1929,1934,LAD,LAD,3102,954,85,23.0,210,176.0,6,L,0.308,0.357,0.169,0.053,0.063,56.2,63.3,22.6,38.0,46.4,C+,B-,D-,D+,C,73.8,Rare,False,False,0,0,0,bbref_war,False,False
rogerna01,rogerna01,Nat Rogers,RF,LF,Golden Era (1920-1941),1931,1930,1923,1945,NLB,NLB,1851,559,14,35.0,132,3.0,28,L,0.326,0.379,0.127,0.002,0.071,72.8,40.4,29.4,45.1,47.7,B,C-,D,C,C,73.7,Rare,False,False,0,0,0,bbref_war,False,False
travice01,travice01,Cecil Travis,SS,3B,Golden Era (1920-1941),1938,1941,1933,1947,MIN,MIN,4914,1544,27,23.0,402,291.0,12,L,0.328,0.383,0.113,0.044,0.076,76.4,29.3,33.5,32.7,62.5,B+,D,D,D,B-,73.6,Rare,True,False,3,0,0,bbref_war,False,False
troupqu01,troupqu01,Quincy Trouppe,C,,Golden Era (1920-1941),1939,1938,1930,1952,NLB,NLB,574,157,7,12.0,79,8.0,15,B,0.29,0.403,0.175,0.006,0.144,42.6,53.7,89.9,35.1,47.5,C-,C,A,D+,C,73.6,Rare,True,False,6,0,0,bbref_war,False,False
werbebi01,werbebi01,Billy Werber,3B,SS,Golden Era (1920-1941),1937,1934,1930,1942,BOS,BOS,5024,1363,78,215.0,701,363.0,12,R,0.283,0.379,0.135,0.063,0.128,32.3,42.7,76.9,66.5,69.8,D,C-,B+,B,B,73.6,Rare,False,False,0,0,0,bbref_war,False,False
kellyge01,kellyge01,George Kelly,1B,2B,Golden Era (1920-1941),1923,1924,1915,1932,SFG,SFG,5993,1778,148,65.0,386,694.0,18,R,0.306,0.353,0.168,0.106,0.062,42.7,63.3,22.3,37.1,63.7,C-,B-,D-,D+,B-,73.4,Rare,False,True,0,0,0,bbref_war,False,False
spearhe01,spearhe01,Henry Spearman,3B,,Golden Era (1920-1941),1940,1942,1935,1945,NLB,NLB,1454,440,27,6.0,126,18.0,14,R,0.322,0.377,0.162,0.008,0.078,67.4,55.3,35.5,1.0,50.5,B,C+,D+,F,C,73.4,Rare,True,False,3,0,0,bbref_war,False,False
hargrbu01,hargrbu01,Bubbles Hargrave,C,,Golden Era (1920-1941),1924,1923,1913,1930,CIN,CIN,2533,786,29,29.0,217,165.0,12,R,0.316,0.379,0.151,0.055,0.08,62.1,49.4,37.3,38.9,46.4,B-,C,D+,D+,C,73.3,Rare,False,False,0,0,0,bbref_war,False,False
parketo01,parketo01,Tom Parker,LF,RF,Golden Era (1920-1941),1937,1937,1931,1948,NLB,NLB,735,210,12,4.0,48,3.0,12,R,0.341,0.386,0.171,0.003,0.067,63.7,54.7,26.0,29.1,46.5,B-,C,D,D,C,73.3,Rare,True,False,2,0,0,bbref_war,False,False
wrighgl01,wrighgl01,Glenn Wright,SS,,Golden Era (1920-1941),1927,1924,1924,1935,PIT,PIT,4153,1219,94,38.0,209,407.0,11,R,0.298,0.332,0.157,0.088,0.047,38.1,55.7,9.6,40.3,86.2,D+,C+,F,C-,A,73.3,Rare,False,False,0,0,0,bbref_war,False,False
burnsge02,burnsge02,George Burns,1B,,Golden Era (1920-1941),1923,1918,1914,1929,CLE,CLE,6573,2018,72,154.0,363,433.0,19,R,0.323,0.369,0.129,0.055,0.052,68.6,39.8,13.9,53.2,54.6,B,D+,F,C,C,73.2,Rare,False,False,0,0,0,bbref_war,False,False
lewisbu01,lewisbu01,Buddy Lewis,3B,RF,Golden Era (1920-1941),1940,1939,1935,1949,MIN,MIN,5261,1563,71,83.0,573,303.0,11,L,0.308,0.379,0.132,0.049,0.101,57.4,40.1,54.0,47.6,54.2,C+,C-,C,C,C,73.2,Rare,True,False,2,0,0,bbref_war,False,False
mcmanma01,mcmanma01,Marty McManus,2B,"1B,3B",Golden Era (1920-1941),1925,1930,1920,1934,BAL,BAL,6660,1926,120,126.0,675,558.0,16,R,0.302,0.37,0.153,0.08,0.091,44.0,52.9,46.3,46.1,59.6,C-,C,C,C,C+,73.2,Rare,False,False,0,0,0,bbref_war,False,False
southbi01,southbi01,Billy Southworth,RF,"CF,LF",Golden Era (1920-1941),1921,1926,1913,1929,ATL,ATL,4359,1296,52,138.0,402,148.0,14,L,0.307,0.363,0.128,0.029,0.077,62.8,37.7,34.2,58.8,52.7,B-,D+,D,C+,C,73.1,Rare,False,False,0,0,0,bbref_war,False,False
duncafr02,duncafr02,Frank Duncan,C,,Golden Era (1920-1941),1928,1930,1920,1945,NLB,NLB,2838,724,14,65.0,331,26.0,31,R,0.3,0.388,0.112,0.008,0.114,54.9,34.7,65.0,46.2,59.0,C,D,B,C,C+,73.0,Rare,True,False,3,0,0,bbref_war,False,False
kuheljo01,kuheljo01,Joe Kuhel,1B,,Golden Era (1920-1941),1940,1945,1930,1947,MIN,MIN,7984,2212,131,178.0,980,612.0,19,L,0.296,0.375,0.148,0.067,0.109,42.7,49.3,61.1,62.1,49.7,C-,C,B-,B-,C,73.0,Rare,False,False,0,0,0,bbref_war,False,False
smithea02,smithea02,Earl Smith,C,,Golden Era (1920-1941),1923,1926,1919,1930,SFG,SFG,2264,686,46,18.0,247,106.0,15,L,0.311,0.381,0.139,0.038,0.096,62.8,46.1,50.2,32.1,44.6,B-,C,C,D,C-,73.0,Rare,False,False,0,0,0,bbref_war,False,False
webbea01,webbea01,Earl Webb,RF,,Golden Era (1920-1941),1930,1931,1925,1933,BOS,BOS,2161,661,56,8.0,260,202.0,9,L,0.306,0.381,0.173,0.083,0.107,45.4,63.6,59.6,26.7,42.8,C,B-,C+,D,C-,73.0,Rare,False,False,0,0,0,bbref_war,False,False
wanerll01,wanerll01,Lloyd Waner,CF,LF,Golden Era (1920-1941),1931,1932,1927,1945,PIT,PIT,7772,2459,27,67.0,420,173.0,21,L,0.333,0.372,0.089,0.023,0.053,87.2,17.0,14.6,53.2,57.6,A,F,F,C,C+,72.8,Rare,True,True,1,0,0,bbref_war,False,False
wrighzo01,wrighzo01,Zollie Wright,RF,,Golden Era (1920-1941),1937,1935,1932,1941,NLB,NLB,817,248,16,5.0,104,4.0,9,R,0.308,0.392,0.129,0.005,0.114,58.0,42.5,65.0,29.9,49.2,C+,C-,B,D,C,72.8,Rare,True,False,2,0,0,bbref_war,False,False
morgaed01,morgaed01,Ed Morgan,1B,RF,Golden Era (1920-1941),1931,1930,1928,1934,CLE,CLE,2810,879,52,36.0,385,252.0,7,R,0.313,0.398,0.154,0.079,0.12,52.9,52.0,70.3,38.3,35.2,C,C,B,D+,D+,72.7,Rare,False,False,0,0,0,bbref_war,False,False
washijo01,washijo01,Johnny Washington,1B,,Golden Era (1920-1941),1940,1947,1936,1948,NLB,NLB,1526,484,12,40.0,93,5.0,10,L,0.333,0.373,0.115,0.004,0.058,77.0,35.0,18.1,49.5,45.2,B+,D+,F,C,C,72.7,Rare,True,False,2,0,0,bbref_war,False,False
tobinja01,tobinja01,Jack Tobin,RF,"CF,LF",Golden Era (1920-1941),1920,1921,1914,1927,BAL,BAL,6174,1906,64,147.0,508,267.0,14,L,0.321,0.375,0.121,0.038,0.075,72.4,34.6,32.4,48.8,44.9,B,D,D,C,C-,72.6,Rare,False,False,0,0,0,bbref_war,False,False
ferreri01,ferreri01,Rick Ferrell,C,,Golden Era (1920-1941),1934,1932,1929,1947,BOS,BOS,6028,1692,28,29.0,931,277.0,21,R,0.302,0.395,0.106,0.035,0.132,56.5,26.4,80.5,22.6,69.4,C+,D,A-,D-,B,72.5,Rare,True,True,8,0,0,bbref_war,False,False
greenle02,greenle02,Leslie Green,CF,,Golden Era (1920-1941),1941,1940,1939,1946,NLB,NLB,330,90,4,28.0,59,3.0,5,L,0.273,0.389,0.106,0.008,0.15,36.4,38.5,95.3,71.1,50.0,D+,D+,A+,B,C,72.5,Rare,True,False,2,0,0,bbref_war,False,False
reevedo01,reevedo01,Donald Reeves,RF,,Golden Era (1920-1941),1940,1938,1938,1941,NLB,NLB,309,100,10,8.0,21,6.0,5,L,0.324,0.367,0.188,0.018,0.063,51.2,58.1,22.9,44.2,48.2,C,C+,D-,C-,C,72.5,Rare,True,False,1,0,0,bbref_war,False,False
bartedi01,bartedi01,Dick Bartell,SS,"2B,3B",Golden Era (1920-1941),1936,1937,1927,1946,SFG,SFG,7629,2165,79,109.0,748,627.0,19,R,0.301,0.372,0.114,0.076,0.089,43.8,31.6,44.6,41.6,87.9,C-,D,C-,C-,A,72.4,Rare,True,False,2,0,0,bbref_war,False,False
bissode01,bissode01,Del Bissonette,1B,,Golden Era (1920-1941),1930,1928,1928,1933,LAD,LAD,2291,699,66,17.0,233,269.0,5,L,0.305,0.371,0.181,0.106,0.092,41.0,67.5,46.9,42.1,37.6,C-,B,C,C-,D+,72.4,Rare,False,False,0,0,0,bbref_war,False,False
dandrra99,dandrra99,Ray Dandridge,3B,,Golden Era (1920-1941),1937,1934,1933,1944,NLB,NLB,940,298,4,20.0,59,3.0,10,R,0.325,0.368,0.114,0.003,0.06,69.7,35.8,20.3,45.7,53.5,B,D+,D-,C,C,72.4,Rare,True,True,4,0,0,bbref_war,False,False
hausejo01,hausejo01,Joe Hauser,1B,,Golden Era (1920-1941),1925,1923,1922,1929,OAK,OAK,2041,580,80,19.0,250,229.0,6,L,0.284,0.368,0.195,0.099,0.108,23.5,76.7,60.3,28.7,50.0,D-,B+,B-,D,C,72.4,Rare,False,False,0,0,0,bbref_war,False,False
ofarrbo01,o'farbo01,Bob O'Farrell,C,,Golden Era (1920-1941),1923,1922,1915,1935,CHC,CHC,4101,1120,51,35.0,547,408.0,24,R,0.3,0.388,0.134,0.081,0.122,41.3,41.1,72.2,38.9,65.2,C-,C-,B,D+,B,72.4,Rare,False,False,0,0,0,bbref_war,False,False
jamiech01,jamiech01,Charlie Jamieson,LF,RF,Golden Era (1920-1941),1924,1923,1915,1932,CLE,CLE,6560,1990,18,131.0,748,345.0,19,L,0.325,0.394,0.097,0.039,0.097,74.9,20.2,51.1,42.9,54.0,B,D-,C,C-,C,72.3,Rare,False,False,0,0,0,bbref_war,False,False
phelpba01,phelpba01,Babe Phelps,C,,Golden Era (1920-1941),1938,1936,1931,1942,LAD,LAD,2117,657,54,9.0,160,157.0,11,L,0.312,0.366,0.159,0.067,0.073,55.5,57.5,30.6,29.0,44.1,C+,C+,D,D,C-,72.3,Rare,True,False,3,0,0,bbref_war,False,False
radclal01,radclal01,Alex Radcliff,3B,,Golden Era (1920-1941),1937,1943,1926,1946,NLB,NLB,1710,506,20,30.0,103,15.0,20,R,0.317,0.361,0.132,0.009,0.059,63.5,43.1,19.2,46.4,50.7,B-,C-,F,C,C,72.3,Rare,True,False,12,0,0,bbref_war,False,False
washipe01,washipe01,Pete Washington,CF,LF,Golden Era (1920-1941),1928,1927,1924,1935,NLB,NLB,1998,537,50,34.0,196,16.0,13,R,0.28,0.351,0.146,0.005,0.09,44.3,49.8,45.5,43.6,58.0,C-,C,C,C-,C+,72.3,Rare,False,False,0,0,0,bbref_war,False,False
mornele01,mornele01,Leroy Morney,SS,,Golden Era (1920-1941),1935,1932,1932,1944,NLB,NLB,1254,351,8,39.0,128,3.0,17,B,0.309,0.376,0.111,0.003,0.087,60.3,34.8,42.4,58.2,49.6,B-,D,C-,C+,C,72.2,Rare,True,False,4,0,0,bbref_war,False,False
fonsele01,fonsele01,Lew Fonseca,1B,"2B,LF",Golden Era (1920-1941),1927,1929,1921,1933,CLE,CLE,3404,1075,31,64.0,186,199.0,13,R,0.328,0.368,0.124,0.054,0.053,73.1,36.7,14.3,47.6,46.7,B,D+,F,C,C,72.1,Rare,False,False,0,0,0,bbref_war,False,False
martipe01,martipe01,Pepper Martin,3B,"CF,RF",Golden Era (1920-1941),1935,1933,1928,1944,STL,STL,4117,1227,59,146.0,369,438.0,13,R,0.304,0.362,0.151,0.095,0.08,41.2,50.8,37.0,81.2,44.9,C-,C,D+,A-,C-,72.1,Rare,True,False,4,0,0,bbref_war,False,False
mostijo01,mostijo01,Johnny Mostil,CF,,Golden Era (1920-1941),1924,1926,1918,1929,CHW,CHW,3507,1054,23,176.0,415,336.0,10,R,0.302,0.388,0.126,0.084,0.105,42.8,35.2,57.4,64.6,64.1,C-,D+,C+,B-,B-,72.1,Rare,False,False,0,0,0,bbref_war,False,False
barobe01,barobe01,Bernardo Baró,RF,CF,Golden Era (1920-1941),1924,1921,1916,1929,NLB,NLB,1937,571,16,90.0,185,4.0,14,L,0.315,0.369,0.107,0.003,0.076,65.7,33.3,33.9,66.2,41.9,B,D,D,B,C-,71.9,Uncommon,False,False,0,0,0,bbref_war,False,False
goodmiv01,goodmiv01,Ival Goodman,RF,LF,Golden Era (1920-1941),1938,1938,1935,1944,CIN,CIN,3928,1104,95,49.0,382,380.0,10,L,0.285,0.354,0.175,0.084,0.085,27.9,64.2,40.6,51.8,56.0,D,B-,C-,C,C+,71.9,Uncommon,True,False,2,0,0,bbref_war,False,False
marceol01,marceol01,Oliver Marcell,3B,,Golden Era (1920-1941),1926,1927,1918,1929,NLB,NLB,2152,657,16,62.0,228,8.0,15,R,0.309,0.383,0.093,0.002,0.101,64.4,26.0,54.3,47.6,53.0,B-,D,C,C,C,71.8,Uncommon,False,False,0,0,0,bbref_war,False,False
rolfere01,rolfere01,Red Rolfe,3B,,Golden Era (1920-1941),1938,1939,1931,1942,NYY,NYY,4827,1394,69,44.0,526,335.0,10,L,0.293,0.365,0.127,0.063,0.1,41.3,38.0,53.5,56.3,65.4,C-,D+,C,C+,B,71.8,Uncommon,True,False,4,0,0,bbref_war,False,False
comorad01,comorad01,Adam Comorosky,LF,"CF,RF",Golden Era (1920-1941),1930,1930,1926,1935,PIT,PIT,2787,795,28,57.0,214,158.0,10,R,0.301,0.353,0.144,0.051,0.069,50.8,46.5,27.4,55.6,51.3,C,C,D,C+,C,71.7,Uncommon,False,False,0,0,0,bbref_war,False,False
hendrha01,hendrha01,Harvey Hendrick,1B,"3B,LF",Golden Era (1920-1941),1929,1928,1923,1934,LAD,LAD,2910,896,48,75.0,239,243.0,13,L,0.314,0.368,0.139,0.072,0.075,55.4,44.7,32.5,58.1,43.1,C+,C-,D,C+,C-,71.7,Uncommon,False,False,0,0,0,bbref_war,False,False
campbbr01,campbbr01,Bruce Campbell,RF,,Golden Era (1920-1941),1937,1937,1930,1942,CLE,CLE,4762,1382,106,53.0,548,584.0,14,L,0.294,0.376,0.176,0.104,0.111,32.4,63.7,63.0,40.6,41.9,D,B-,B-,C-,C-,71.6,Uncommon,False,False,0,0,0,bbref_war,False,False
riceha01,riceha01,Harry Rice,CF,RF,Golden Era (1920-1941),1928,1925,1923,1933,DET,DET,3740,1118,48,59.0,376,194.0,11,L,0.306,0.377,0.133,0.047,0.096,56.5,41.0,49.9,37.1,47.7,C+,C-,C,D+,C,71.5,Uncommon,False,False,0,0,0,bbref_war,False,False
santolo99,santolo99,Louis Santop,C,,Golden Era (1920-1941),1923,1924,1910,1926,NLB,NLB,1448,493,24,47.0,127,1.0,21,L,0.307,0.351,0.137,0.002,0.061,55.0,46.5,20.9,48.1,50.1,C+,C,D-,C,C,71.5,Uncommon,False,True,0,0,0,bbref_war,False,False
dykesji01,dykesji01,Jimmy Dykes,3B,"1B,2B,SS",Golden Era (1920-1941),1926,1929,1918,1939,OAK,OAK,8046,2256,108,70.0,958,850.0,22,R,0.299,0.383,0.149,0.096,0.102,36.5,49.5,55.5,38.7,59.9,D+,C,C+,D+,C+,71.4,Uncommon,True,False,2,0,0,bbref_war,False,False
tayloda01,tayloda01,Danny Taylor,LF,CF,Golden Era (1920-1941),1933,1932,1926,1936,LAD,LAD,2190,650,44,56.0,267,268.0,10,R,0.299,0.376,0.153,0.105,0.108,35.6,52.0,60.3,55.3,47.2,D+,C,B-,C+,C,71.4,Uncommon,False,False,0,0,0,bbref_war,False,False
wrighta01,wrighta01,Taffy Wright,RF,LF,Golden Era (1920-1941),1941,1941,1938,1949,CHW,CHW,3583,1115,38,32.0,346,155.0,9,L,0.32,0.384,0.115,0.04,0.089,70.4,31.2,44.2,30.6,46.2,B,D,C-,D,C,71.4,Uncommon,False,False,0,0,0,bbref_war,False,False
miltohe01,miltohe01,Henry Milton,RF,,Golden Era (1920-1941),1937,1938,1932,1940,NLB,NLB,815,230,8,84.0,79,1.0,8,L,0.282,0.351,0.107,0.001,0.088,45.1,33.6,43.2,93.5,49.5,C,D,C-,A,C,71.3,Uncommon,True,False,5,0,0,bbref_war,False,False
haleod01,haleod01,Odell Hale,2B,3B,Golden Era (1920-1941),1936,1936,1931,1941,CLE,CLE,3701,1071,73,57.0,353,315.0,11,R,0.294,0.354,0.156,0.075,0.085,38.1,54.6,41.0,37.6,56.1,D+,C,C-,D+,C+,71.2,Uncommon,False,False,0,0,0,bbref_war,False,False
johnsro02,johnsro02,Roy Johnson,LF,RF,Golden Era (1920-1941),1933,1933,1929,1938,BOS,BOS,4359,1292,58,135.0,489,380.0,12,L,0.301,0.375,0.145,0.076,0.103,44.3,46.8,55.8,47.5,46.5,C-,C,C+,C,C,71.2,Uncommon,False,False,0,0,0,bbref_war,False,False
leachfr01,leachfr01,Freddy Leach,LF,CF,Golden Era (1920-1941),1928,1926,1923,1932,PHI,PHI,3733,1147,72,32.0,163,189.0,10,L,0.316,0.348,0.146,0.048,0.04,64.5,50.0,3.3,31.5,45.3,B-,C,F,D,C,71.2,Uncommon,False,False,0,0,0,bbref_war,False,False
russejo03,russejo03,John Henry Russell,2B,3B,Golden Era (1920-1941),1928,1928,1923,1934,NLB,NLB,2832,794,30,65.0,208,2.0,15,R,0.287,0.34,0.12,0.001,0.069,51.2,37.0,27.3,54.4,61.1,C,D+,D,C,B-,71.1,Uncommon,True,False,1,0,0,bbref_war,False,False
brookam01,brookam01,Ameal Brooks,C,,Golden Era (1920-1941),1934,1933,1929,1947,NLB,NLB,660,172,14,9.0,72,9.0,18,L,0.279,0.345,0.196,0.014,0.082,37.5,62.1,38.7,31.1,49.2,D+,B-,D+,D,C,71.0,Uncommon,True,False,2,0,0,bbref_war,False,False
leibeha01,leibeha01,Hank Leiber,CF,,Golden Era (1920-1941),1938,1935,1933,1942,SFG,SFG,2805,808,101,5.0,274,319.0,10,R,0.296,0.366,0.184,0.101,0.092,33.7,72.1,46.8,21.5,39.9,D,B,C,D-,D+,71.0,Uncommon,True,False,3,0,0,bbref_war,False,False
barnhcl01,barnhcl01,Clyde Barnhart,LF,"3B,RF",Golden Era (1920-1941),1924,1923,1920,1928,PIT,PIT,2673,788,27,35.0,265,149.0,9,R,0.304,0.37,0.131,0.051,0.092,53.4,38.6,46.9,41.7,49.7,C,D+,C,C-,C,70.9,Uncommon,False,False,0,0,0,bbref_war,False,False
egglema01,egglema01,Mack Eggleston,C,,Golden Era (1920-1941),1925,1927,1920,1934,NLB,NLB,1746,477,25,21.0,187,19.0,19,B,0.303,0.379,0.114,0.015,0.1,54.5,35.7,53.8,34.1,53.1,C,D+,C,D,C,70.9,Uncommon,False,False,0,0,0,bbref_war,False,False
dunnja02,dunnja02,Jake Dunn,SS,RF,Golden Era (1920-1941),1934,1935,1930,1940,NLB,NLB,1765,494,22,28.0,177,9.0,11,R,0.289,0.357,0.126,0.003,0.091,50.8,40.1,46.1,46.2,49.1,C,C-,C,C,C,70.8,Uncommon,True,False,3,0,0,bbref_war,False,False
grimmch01,grimmch01,Charlie Grimm,1B,,Golden Era (1920-1941),1929,1931,1916,1936,CHC,CHC,7917,2299,79,57.0,578,410.0,20,L,0.311,0.365,0.123,0.047,0.075,61.2,36.3,32.9,26.4,56.0,B-,D+,D,D,C+,70.8,Uncommon,False,False,0,0,0,bbref_war,False,False
kreevmi01,kreevmi01,Mike Kreevich,CF,,Golden Era (1920-1941),1939,1937,1931,1945,CHW,CHW,4676,1321,45,115.0,446,339.0,13,R,0.296,0.363,0.119,0.065,0.094,43.0,32.9,48.2,57.3,65.3,C-,D,C,C+,B,70.8,Uncommon,True,False,1,0,0,bbref_war,False,False
gardnje02,gardnje02,Jelly Gardner,CF,RF,Golden Era (1920-1941),1925,1924,1919,1931,NLB,NLB,2487,703,3,136.0,362,18.0,15,L,0.301,0.392,0.056,0.002,0.129,59.7,8.1,78.0,63.8,57.7,C+,F,B+,B-,C+,70.7,Uncommon,False,False,0,0,0,bbref_war,False,False
higgipi01,higgipi01,Pinky Higgins,3B,,Golden Era (1920-1941),1936,1934,1930,1946,OAK,OAK,6636,1941,140,61.0,800,590.0,15,R,0.301,0.378,0.151,0.079,0.107,43.0,52.5,59.3,26.9,44.5,C-,C,C+,D,C-,70.7,Uncommon,True,False,3,0,0,bbref_war,False,False
kammwi01,kammwi01,Willie Kamm,3B,,Golden Era (1920-1941),1927,1926,1923,1935,CHW,CHW,5851,1643,29,126.0,824,405.0,14,R,0.286,0.378,0.108,0.054,0.125,37.6,26.0,74.2,49.0,73.9,D+,D,B,C,B,70.7,Uncommon,False,False,0,0,0,bbref_war,False,False
smithja03,smithja03,Jack Smith,CF,"LF,RF",Golden Era (1920-1941),1922,1917,1915,1929,STL,STL,4532,1301,40,228.0,334,348.0,16,L,0.314,0.366,0.115,0.066,0.073,57.1,30.9,30.7,70.9,47.7,C+,D,D,B,C,70.7,Uncommon,False,False,0,0,0,bbref_war,False,False
jonesjo03,jonesjo03,Johnny Jones,LF,"2B,RF",Golden Era (1920-1941),1925,1929,1922,1934,NLB,NLB,1828,541,24,28.0,154,1.0,11,R,0.297,0.359,0.121,0.001,0.074,57.6,37.4,31.7,41.4,50.7,C+,D+,D,C-,C,70.6,Uncommon,False,False,0,0,0,bbref_war,False,False
sheelea01,sheelea01,Earl Sheely,1B,,Golden Era (1920-1941),1924,1922,1921,1931,CHW,CHW,4471,1340,48,33.0,563,205.0,9,R,0.307,0.394,0.108,0.041,0.117,58.9,28.3,67.7,28.9,50.4,C+,D,B,D,C,70.6,Uncommon,False,False,0,0,0,bbref_war,False,False
holloch01,holloch01,Charlie Hollocher,SS,,Golden Era (1920-1941),1921,1918,1918,1924,CHC,CHC,2936,894,14,99.0,277,94.0,7,L,0.304,0.37,0.088,0.029,0.086,60.5,16.5,41.5,41.8,72.0,B-,F,C-,C-,B,70.5,Uncommon,False,False,0,0,0,bbref_war,False,False
smithel02,smithel02,Elmer Smith,RF,LF,Golden Era (1920-1941),1921,1920,1914,1925,CLE,CLE,3195,881,70,54.0,319,359.0,13,L,0.284,0.359,0.18,0.09,0.099,25.1,66.8,52.4,41.9,44.2,D,B,C,C-,C-,70.5,Uncommon,False,False,0,0,0,bbref_war,False,False
hodapjo01,hodapjo01,Johnny Hodapp,2B,3B,Golden Era (1920-1941),1929,1930,1925,1933,CLE,CLE,2826,880,28,18.0,163,136.0,10,R,0.322,0.36,0.118,0.047,0.053,70.1,33.9,14.5,24.6,52.3,B,D,F,D-,C,70.4,Uncommon,False,False,0,0,0,bbref_war,False,False
soltemo01,soltemo01,Moose Solters,LF,CF,Golden Era (1920-1941),1937,1935,1934,1943,BAL,BAL,3421,990,83,42.0,221,377.0,11,R,0.299,0.343,0.168,0.103,0.06,36.4,62.4,20.4,38.8,50.1,D+,B-,D-,D+,C,70.4,Uncommon,False,False,0,0,0,bbref_war,False,False
hardiha01,hardiha01,Halley Harding,SS,,Golden Era (1920-1941),1929,1926,1926,1937,NLB,NLB,1500,447,4,60.0,157,5.0,9,B,0.298,0.37,0.089,0.003,0.094,57.0,23.0,48.5,59.9,52.2,C+,D-,C,C+,C,70.2,Uncommon,False,False,0,0,0,bbref_war,False,False
jollesm01,jollesm01,Smead Jolley,LF,RF,Golden Era (1920-1941),1932,1930,1930,1933,CHW,CHW,1710,521,46,5.0,89,105.0,5,L,0.305,0.343,0.17,0.058,0.049,51.5,63.7,11.2,12.6,40.9,C,B-,F,F,C-,70.1,Uncommon,False,False,0,0,0,bbref_war,False,False
moorete01,moorete01,Terry Moore,CF,,Golden Era (1920-1941),1940,1940,1935,1948,STL,STL,4700,1318,80,82.0,406,368.0,11,R,0.29,0.352,0.13,0.068,0.084,37.0,41.7,40.4,51.5,61.2,D+,C-,C-,C,B-,70.0,Uncommon,True,False,4,0,0,bbref_war,False,False
rogelbi01,rogelbi01,Billy Rogell,SS,"2B,3B",Golden Era (1920-1941),1935,1934,1925,1940,DET,DET,5149,1375,42,82.0,649,416.0,14,B,0.278,0.366,0.108,0.059,0.118,29.9,26.8,68.4,47.7,82.3,D,D,B,C,A-,70.0,Uncommon,False,False,0,0,0,bbref_war,False,False
freylo01,freylo01,Lonny Frey,2B,SS,Golden Era (1920-1941),1940,1940,1933,1948,CIN,CIN,5517,1482,61,105.0,752,525.0,16,L,0.269,0.36,0.115,0.082,0.119,15.0,31.1,69.7,63.9,89.0,F,D,B,B-,A,69.0,Uncommon,True,False,3,0,0,bbref_war,False,False
hollocr01,hollocr01,Crush Holloway,RF,"CF,LF",Golden Era (1920-1941),1926,1921,1921,1939,NLB,NLB,3437,937,31,148.0,242,27.0,19,B,0.299,0.344,0.1,0.006,0.062,56.2,29.2,21.6,61.8,54.8,C+,D,D-,B-,C,69.0,Uncommon,False,False,0,0,0,bbref_war,False,False
bassljo01,bassljo01,Johnny Bassler,C,,Golden Era (1920-1941),1924,1923,1913,1927,DET,DET,2319,704,1,13.0,437,81.0,9,L,0.308,0.42,0.058,0.027,0.158,63.7,1.1,101.9,25.5,63.4,B-,F,S,D,B-,68.9,Uncommon,False,False,0,0,0,bbref_war,False,False
bishoma01,bishoma01,Max Bishop,2B,,Golden Era (1920-1941),1930,1931,1924,1935,OAK,OAK,4494,1216,41,43.0,1153,452.0,12,L,0.28,0.431,0.101,0.081,0.205,24.5,23.2,125.0,29.9,74.9,D-,D-,S,D,B,68.9,Uncommon,False,False,0,0,0,bbref_war,False,False
brownji04,brownji04,Jim Brown,C,1B,Golden Era (1920-1941),1926,1927,1919,1937,NLB,NLB,2312,635,16,70.0,214,16.0,17,B,0.293,0.357,0.117,0.01,0.084,51.2,35.3,40.4,54.1,47.1,C,D+,C-,C,C,68.9,Uncommon,False,False,0,0,0,bbref_war,False,False
flagsir01,flagsir01,Ira Flagstead,CF,RF,Golden Era (1920-1941),1925,1919,1917,1930,BOS,BOS,4139,1202,40,71.0,467,288.0,16,R,0.302,0.381,0.119,0.061,0.099,49.2,33.1,53.1,37.2,55.3,C,D,C,D+,C+,68.9,Uncommon,False,False,0,0,0,bbref_war,False,False
halesa01,halesa01,Sammy Hale,3B,,Golden Era (1920-1941),1925,1925,1920,1930,OAK,OAK,2915,880,30,41.0,130,218.0,10,R,0.308,0.345,0.135,0.073,0.044,50.6,41.9,7.2,44.6,59.3,C,C-,F,C-,C+,68.9,Uncommon,False,False,0,0,0,bbref_war,False,False
mothedi01,mothedi01,Dink Mothell,2B,1B,Golden Era (1920-1941),1927,1926,1920,1934,NLB,NLB,2119,571,18,94.0,236,24.0,14,B,0.276,0.362,0.116,0.008,0.102,41.2,33.8,55.4,65.5,51.4,C-,D,C+,B,C,68.9,Uncommon,False,False,0,0,0,bbref_war,False,False
radclri01,radclri01,Rip Radcliff,LF,RF,Golden Era (1920-1941),1938,1940,1934,1943,CHW,CHW,4074,1267,42,40.0,310,141.0,11,L,0.32,0.371,0.11,0.03,0.073,73.2,29.4,31.1,35.7,36.6,B,D,D,D+,D+,68.9,Uncommon,True,False,1,0,0,bbref_war,False,False
foxpe01,foxpe01,Pete Fox,RF,CF,Golden Era (1920-1941),1936,1935,1933,1945,DET,DET,5636,1678,65,158.0,392,471.0,13,R,0.305,0.357,0.123,0.077,0.069,47.4,36.7,27.6,61.8,52.5,C,D+,D,B-,C,68.8,Uncommon,True,False,1,0,0,bbref_war,False,False
moorejo01,moorejo01,Johnny Moore,RF,"CF,LF",Golden Era (1920-1941),1934,1934,1928,1945,PHI,PHI,3013,926,73,23.0,195,176.0,11,L,0.309,0.353,0.143,0.054,0.06,56.7,49.1,20.6,33.5,37.3,C+,C,D-,D,D+,68.8,Uncommon,False,False,0,0,0,bbref_war,False,False
hogansh01,hogansh01,Shanty Hogan,C,,Golden Era (1920-1941),1931,1928,1925,1937,SFG,SFG,3180,939,61,6.0,220,188.0,13,R,0.308,0.362,0.124,0.059,0.066,54.8,39.7,25.5,22.2,56.6,C,D+,D,D-,C+,68.7,Uncommon,False,False,0,0,0,bbref_war,False,False
suhrgu01,suhrgu01,Gus Suhr,1B,,Golden Era (1920-1941),1936,1936,1930,1940,PIT,PIT,5176,1446,84,53.0,718,433.0,12,L,0.287,0.376,0.145,0.072,0.124,33.1,46.4,73.4,38.1,47.2,D,C,B,D+,C,68.7,Uncommon,True,False,1,0,0,bbref_war,False,False
mcquige02,mcquige02,George McQuinn,1B,,Golden Era (1920-1941),1941,1947,1936,1948,BAL,BAL,5747,1588,135,32.0,712,634.0,12,L,0.291,0.373,0.152,0.091,0.113,31.3,52.9,64.7,18.4,54.1,D,C,B-,F,C,68.6,Uncommon,True,False,7,0,0,bbref_war,False,False
leslisa01,leslisa01,Sam Leslie,1B,,Golden Era (1920-1941),1934,1934,1929,1938,SFG,SFG,2460,749,36,14.0,216,118.0,11,L,0.308,0.37,0.119,0.044,0.081,58.7,34.9,37.7,32.7,45.5,C+,D,D+,D,C,68.5,Uncommon,False,False,0,0,0,bbref_war,False,False
brownla02,brownla02,Larry Brown,C,,Golden Era (1920-1941),1929,1929,1923,1947,NLB,NLB,2473,645,14,27.0,279,5.0,30,B,0.284,0.37,0.107,0.001,0.108,47.9,31.6,60.0,36.7,52.5,C,D,B-,D+,C,68.4,Uncommon,True,False,7,0,0,bbref_war,False,False
malarda01,malarda01,Dave Malarcher,3B,2B,Golden Era (1920-1941),1925,1925,1916,1934,NLB,NLB,2570,686,7,126.0,351,23.0,17,B,0.285,0.382,0.058,0.002,0.126,48.7,9.9,74.9,65.1,62.2,C,F,B,B,B-,68.4,Uncommon,False,False,0,0,0,bbref_war,False,False
mannle01,mannle01,Les Mann,LF,"CF,RF",Golden Era (1920-1941),1920,1915,1913,1928,ATL,ATL,4716,1332,44,129.0,324,464.0,19,R,0.307,0.363,0.126,0.082,0.074,47.0,36.5,31.6,53.6,51.8,C,D+,D,C,C,68.4,Uncommon,False,False,0,0,0,bbref_war,False,False
mayweed01,mayweed01,Ed Mayweather,1B,,Golden Era (1920-1941),1939,1940,1935,1942,NLB,NLB,594,164,9,7.0,63,4.0,7,L,0.276,0.347,0.14,0.006,0.095,39.5,45.7,49.7,35.9,49.2,D+,C,C,D+,C,68.4,Uncommon,True,False,3,0,0,bbref_war,False,False
snowfe01,snowfe01,Felton Snow,3B,"2B,SS",Golden Era (1920-1941),1937,1934,1931,1947,NLB,NLB,2047,545,12,27.0,148,26.0,19,R,0.308,0.358,0.089,0.001,0.074,59.8,27.2,31.7,39.9,53.9,C+,D,D,D+,C,68.4,Uncommon,True,False,4,0,0,bbref_war,False,False
wilsoji01,wilsoji01,Jimmie Wilson,C,,Golden Era (1920-1941),1928,1929,1923,1940,PHI,PHI,4778,1358,32,86.0,356,280.0,19,R,0.297,0.358,0.103,0.05,0.083,48.2,25.3,39.1,46.9,66.7,C,D,D+,C,B,68.4,Uncommon,True,False,2,0,0,bbref_war,False,False
critzhu01,critzhu01,Hughie Critz,2B,,Golden Era (1920-1941),1927,1926,1924,1935,CIN,CIN,5930,1591,38,97.0,289,257.0,13,R,0.286,0.323,0.092,0.04,0.051,41.6,18.4,12.5,46.1,100.2,C-,F,F,C,S,68.3,Uncommon,False,False,0,0,0,bbref_war,False,False
warfifr01,warfifr01,Frank Warfield,2B,3B,Golden Era (1920-1941),1923,1921,1914,1932,NLB,NLB,3611,948,14,165.0,392,30.0,21,R,0.285,0.353,0.088,0.002,0.09,49.0,21.9,45.2,65.6,57.8,C,D-,C,B,C+,68.3,Uncommon,False,False,0,0,0,bbref_war,False,False
demarfr02,demarfr02,Frank Demaree,RF,"CF,LF",Golden Era (1920-1941),1937,1936,1932,1944,CHC,CHC,4144,1241,72,33.0,359,269.0,13,R,0.308,0.365,0.122,0.061,0.079,54.7,37.1,35.8,40.9,42.5,C,D+,D+,C-,C-,68.2,Uncommon,True,False,2,0,0,bbref_war,False,False
moorejo02,moorejo02,Jo-Jo Moore,LF,,Golden Era (1920-1941),1936,1934,1930,1941,SFG,SFG,5427,1615,79,46.0,348,247.0,12,L,0.305,0.353,0.122,0.044,0.06,57.0,36.6,20.4,39.1,48.1,C+,D+,D-,D+,C,68.2,Uncommon,True,False,6,0,0,bbref_war,False,False
whitnpi01,whitnpi01,Pinky Whitney,3B,2B,Golden Era (1920-1941),1932,1929,1928,1939,PHI,PHI,5765,1701,93,45.0,400,438.0,14,R,0.306,0.353,0.126,0.068,0.065,50.6,38.9,24.7,31.8,56.2,C,D+,D-,D,C+,68.2,Uncommon,True,False,1,0,0,bbref_war,False,False
willich03,willich03,Chester Williams,SS,2B,Golden Era (1920-1941),1934,1934,1930,1942,NLB,NLB,2216,622,10,44.0,144,3.0,16,R,0.293,0.342,0.104,0.001,0.067,54.2,30.0,25.9,44.8,56.7,C,D,D,C-,C+,68.2,Uncommon,True,False,4,0,0,bbref_war,False,False
hargrpi01,hargrpi01,Pinky Hargrave,C,,Golden Era (1920-1941),1929,1929,1923,1933,DET,DET,1601,445,39,17.0,140,165.0,12,B,0.286,0.349,0.164,0.094,0.084,25.0,59.6,40.0,36.4,51.5,D,C+,C-,D+,C,68.0,Uncommon,False,False,0,0,0,bbref_war,False,False
wrighru01,wrighru01,Russ Wrightstone,3B,"1B,LF,SS",Golden Era (1920-1941),1924,1922,1920,1928,PHI,PHI,2992,889,60,35.0,215,152.0,10,L,0.304,0.354,0.139,0.042,0.065,56.4,46.0,24.6,34.7,33.0,C+,C,D-,D,D,68.0,Uncommon,False,False,0,0,0,bbref_war,False,False
schulfr02,schulfr02,Fred Schulte,CF,,Golden Era (1920-1941),1931,1933,1927,1937,BAL,BAL,4259,1241,47,56.0,462,361.0,11,R,0.298,0.368,0.122,0.072,0.099,42.4,35.5,52.4,35.7,55.3,C-,D+,C,D+,C+,67.9,Uncommon,False,False,0,0,0,bbref_war,False,False
bigbeca01,bigbeca01,Carson Bigbee,LF,CF,Golden Era (1920-1941),1920,1922,1916,1926,PIT,PIT,4192,1205,17,182.0,344,161.0,11,L,0.3,0.356,0.09,0.035,0.077,54.9,16.8,34.2,65.3,57.4,C,F,D,B,C+,67.8,Uncommon,False,False,0,0,0,bbref_war,False,False
hayesjo01,hayesjo01,Johnny Hayes,C,,Golden Era (1920-1941),1941,1947,1934,1948,NLB,NLB,927,236,12,7.0,126,3.0,13,L,0.275,0.381,0.093,0.003,0.139,40.3,31.6,86.2,25.5,50.9,C-,D,A,D,C,67.8,Uncommon,True,False,1,0,0,bbref_war,False,False
hydeco01,hydeco01,Cowan Hyde,RF,,Golden Era (1920-1941),1941,1938,1927,1948,NLB,NLB,982,261,1,52.0,41,4.0,15,R,0.307,0.336,0.087,0.007,0.04,54.1,29.4,3.6,72.9,51.4,C,D,F,B,C,67.8,Uncommon,True,False,2,0,0,bbref_war,False,False
taylole02,taylole02,LeRoy Taylor,RF,CF,Golden Era (1920-1941),1930,1929,1925,1936,NLB,NLB,1453,444,5,75.0,90,9.0,12,L,0.31,0.352,0.079,0.008,0.053,60.8,22.0,14.4,69.0,49.0,B-,D-,F,B,C,67.8,Uncommon,True,False,1,0,0,bbref_war,False,False
thompsa02,thompsa02,Sandy Thompson,CF,"LF,RF",Golden Era (1920-1941),1927,1925,1923,1932,NLB,NLB,2361,722,7,56.0,170,5.0,11,L,0.313,0.365,0.075,0.001,0.068,68.0,17.4,27.1,49.1,49.1,B,F,D,C,C,67.8,Uncommon,False,False,0,0,0,bbref_war,False,False
cuccito01,cuccito01,Tony Cuccinello,2B,3B,Golden Era (1920-1941),1936,1936,1930,1945,ATL,ATL,6184,1729,94,42.0,579,497.0,17,R,0.287,0.351,0.118,0.062,0.087,35.8,34.4,43.1,32.4,71.2,D+,D,C-,D,B,67.7,Uncommon,True,False,3,0,0,bbref_war,False,False
biotch01,biotca01,Charlie Biot,CF,,Golden Era (1920-1941),1940,1941,1939,1941,NLB,NLB,366,103,4,11.0,34,12.0,5,R,0.281,0.346,0.142,0.03,0.085,33.4,46.5,40.7,45.9,50.2,D,C,C-,C,C,67.6,Uncommon,True,False,1,0,0,bbref_war,False,False
radclte01,radclte01,Ted Radcliffe,C,,Golden Era (1920-1941),1933,1929,1928,1946,NLB,NLB,1429,386,21,20.0,63,5.0,26,R,0.282,0.319,0.137,0.002,0.042,45.0,46.7,5.3,41.3,52.8,C,C,F,C-,C,67.6,Uncommon,True,False,6,0,0,bbref_war,False,False
severha01,severha01,Hank Severeid,C,,Golden Era (1920-1941),1922,1922,1911,1926,BAL,BAL,4312,1245,17,35.0,331,169.0,17,R,0.306,0.356,0.088,0.03,0.07,61.6,17.4,28.2,29.8,66.1,B-,F,D,D,B,67.6,Uncommon,False,False,0,0,0,bbref_war,False,False
sullibi04,sullibi04,Billy Sullivan,C,"1B,3B",Golden Era (1920-1941),1936,1936,1931,1947,BAL,BAL,2840,820,29,30.0,240,119.0,12,L,0.302,0.362,0.118,0.037,0.081,55.7,33.4,38.1,22.5,49.7,C+,D,D+,D-,C,67.6,Uncommon,False,False,0,0,0,bbref_war,False,False
dialslo01,dialslo01,Lou Dials,RF,,Golden Era (1920-1941),1930,1930,1927,1936,NLB,NLB,572,155,7,12.0,55,1.0,10,L,0.268,0.335,0.135,0.0,0.087,37.4,44.6,42.5,41.2,47.9,D+,C-,C-,C-,C,67.5,Uncommon,True,False,1,0,0,bbref_war,False,False
henlibu01,henlibu01,Butch Henline,C,,Golden Era (1920-1941),1924,1922,1921,1931,PHI,PHI,2101,611,40,18.0,192,156.0,12,R,0.298,0.37,0.133,0.066,0.084,44.1,42.7,39.9,30.1,47.6,C-,C-,D+,D,C,67.5,Uncommon,False,False,0,0,0,bbref_war,False,False
leecl01,leecl01,Cliff Lee,RF,"1B,LF",Golden Era (1920-1941),1923,1922,1919,1926,PHI,PHI,1583,475,38,14.0,104,186.0,9,R,0.303,0.345,0.164,0.108,0.06,39.0,59.0,19.9,29.5,40.3,D+,C+,F,D,C-,67.4,Uncommon,False,False,0,0,0,bbref_war,False,False
wilsoda02,wilsoda02,Dan Wilson,LF,,Golden Era (1920-1941),1939,1939,1936,1947,NLB,NLB,1009,273,3,38.0,96,4.0,12,B,0.28,0.355,0.1,0.005,0.092,43.0,31.0,46.7,55.3,49.3,C-,D,C,C+,C,67.4,Uncommon,True,False,3,0,0,bbref_war,False,False
myattgl01,myattgl01,Glenn Myatt,C,,Golden Era (1920-1941),1928,1924,1920,1936,CLE,CLE,2678,722,38,20.0,248,195.0,17,L,0.292,0.353,0.148,0.06,0.082,40.2,49.8,38.2,29.8,41.0,C-,C,D+,D,C-,67.2,Uncommon,False,False,0,0,0,bbref_war,False,False
allenet01,allenet01,Ethan Allen,CF,"LF,RF",Golden Era (1920-1941),1931,1934,1926,1938,CIN,CIN,4418,1325,47,84.0,223,310.0,15,R,0.307,0.342,0.115,0.063,0.047,53.0,32.4,9.5,48.8,51.7,C,D,F,C,C,67.1,Uncommon,False,False,0,0,0,bbref_war,False,False
casege01,casege01,George Case,RF,"CF,LF",Golden Era (1920-1941),1941,1943,1937,1947,MIN,MIN,5016,1415,21,349.0,426,297.0,11,R,0.296,0.353,0.08,0.053,0.078,46.2,12.9,35.4,96.7,54.6,C,F,D+,A+,C,67.1,Uncommon,True,False,4,0,0,bbref_war,False,False
engliwo01,engliwo01,Woody English,SS,3B,Golden Era (1920-1941),1931,1930,1927,1938,CHC,CHC,4746,1356,32,57.0,571,536.0,12,R,0.292,0.371,0.102,0.107,0.107,30.1,24.1,59.7,47.0,74.3,D,D-,C+,C,B,67.1,Uncommon,True,False,1,0,0,bbref_war,False,False
pytlafr01,pytlafr01,Frankie Pytlak,C,,Golden Era (1920-1941),1936,1937,1932,1946,CLE,CLE,2399,677,7,56.0,247,97.0,12,R,0.299,0.372,0.084,0.034,0.095,53.7,13.8,49.1,48.7,59.0,C,F,C,C,C+,67.1,Uncommon,False,False,0,0,0,bbref_war,False,False
douthta01,douthta01,Taylor Douthit,CF,,Golden Era (1920-1941),1928,1929,1923,1933,STL,STL,4127,1201,29,67.0,443,312.0,13,R,0.298,0.372,0.097,0.066,0.098,44.3,22.0,52.3,47.0,59.0,C-,D-,C,C,C+,67.0,Uncommon,False,False,0,0,0,bbref_war,False,False
lamarbi01,lamarbi01,Bill Lamar,LF,,Golden Era (1920-1941),1924,1925,1917,1927,OAK,OAK,2040,633,19,25.0,86,78.0,10,L,0.317,0.345,0.113,0.038,0.041,67.5,31.9,4.0,26.0,44.2,B,D,F,D,C-,67.0,Uncommon,False,False,0,0,0,bbref_war,False,False
shivege01,shivege01,George Shively,LF,CF,Golden Era (1920-1941),1920,1920,1911,1924,NLB,NLB,2094,642,9,128.0,220,11.0,17,L,0.303,0.377,0.066,0.007,0.099,56.4,16.5,52.4,55.8,44.8,C+,F,C,C+,C-,67.0,Uncommon,False,False,0,0,0,bbref_war,False,False
youngba01,youngba01,Babe Young,1B,,Golden Era (1920-1941),1941,1940,1936,1948,SFG,SFG,2403,656,79,9.0,274,161.0,10,L,0.273,0.352,0.163,0.06,0.102,25.0,60.3,55.0,26.4,39.6,D,B-,C+,D,D+,67.0,Uncommon,False,False,0,0,0,bbref_war,False,False
chacope01,chacope01,Pelayo Chacón,SS,,Golden Era (1920-1941),1924,1926,1910,1927,NLB,NLB,1858,500,6,72.0,176,5.0,18,R,0.279,0.346,0.097,0.006,0.084,41.6,29.6,40.5,57.0,51.7,C-,D,C-,C+,C,66.9,Uncommon,False,False,0,0,0,bbref_war,False,False
briggot01,briggot01,Otto Briggs,RF,,Golden Era (1920-1941),1926,1926,1915,1934,NLB,NLB,2093,595,6,81.0,230,16.0,15,L,0.293,0.374,0.068,0.009,0.099,51.5,15.3,52.9,62.9,48.9,C,F,C,B-,C,66.8,Uncommon,False,False,0,0,0,bbref_war,False,False
dimagvi01,dimagvi01,Vince DiMaggio,CF,,Golden Era (1920-1941),1941,1941,1937,1946,PIT,PIT,3849,959,125,79.0,412,837.0,12,R,0.253,0.328,0.167,0.191,0.098,1.0,62.8,51.7,52.2,58.1,F,B-,C,C,C+,66.7,Uncommon,True,False,2,0,0,bbref_war,False,False
kressre01,kressre01,Red Kress,SS,"1B,3B,RF",Golden Era (1920-1941),1932,1929,1927,1946,BAL,BAL,5087,1454,89,47.0,474,453.0,17,R,0.296,0.356,0.141,0.081,0.084,38.0,46.9,40.3,22.3,47.0,D+,C,C-,D-,C,66.7,Uncommon,False,False,0,0,0,bbref_war,False,False
thomada02,thomada03,Dave Thomas,1B,,Golden Era (1920-1941),1936,1930,1929,1946,NLB,NLB,1951,522,21,15.0,152,7.0,18,L,0.28,0.339,0.121,0.002,0.072,44.5,39.0,29.9,34.7,48.5,C-,D+,D,D,C,66.7,Uncommon,True,False,2,0,0,bbref_war,False,False
danniha01,danniha01,Harry Danning,C,,Golden Era (1920-1941),1939,1939,1933,1942,SFG,SFG,2971,847,57,13.0,187,217.0,10,R,0.291,0.336,0.131,0.067,0.06,37.9,42.5,20.1,33.0,57.2,D+,C-,D-,D,C+,66.5,Uncommon,True,False,4,0,0,bbref_war,False,False
haasmu01,haasmu01,Mule Haas,CF,RF,Golden Era (1920-1941),1931,1929,1925,1938,OAK,OAK,4303,1257,43,12.0,433,299.0,12,L,0.301,0.359,0.121,0.062,0.08,47.8,35.1,37.2,18.1,52.3,C,D+,D+,F,C,66.5,Uncommon,False,False,0,0,0,bbref_war,False,False
johnsji01,johnsji01,Jimmy Johnston,3B,"2B,CF,LF,RF,SS",Golden Era (1920-1941),1921,1923,1911,1926,LAD,LAD,5070,1493,22,169.0,391,247.0,14,R,0.308,0.36,0.085,0.034,0.072,61.9,14.7,30.1,51.4,48.3,B-,F,D,C,C,66.5,Uncommon,False,False,0,0,0,bbref_war,False,False
mchenau01,mchenau01,Austin McHenry,LF,CF,Golden Era (1920-1941),1920,1921,1918,1922,STL,STL,1959,592,34,35.0,117,229.0,5,R,0.302,0.343,0.145,0.11,0.056,38.4,48.4,17.0,35.0,48.3,D+,C,F,D+,C,66.5,Uncommon,False,False,0,0,0,bbref_war,False,False
watkige01,watkige01,George Watkins,RF,"CF,LF",Golden Era (1920-1941),1933,1932,1930,1936,STL,STL,3207,925,73,61.0,246,382.0,8,L,0.288,0.347,0.154,0.109,0.07,27.3,54.2,28.8,49.0,43.2,D,C,D,C,C-,66.5,Uncommon,False,False,0,0,0,bbref_war,False,False
duncapa01,duncapa01,Pat Duncan,LF,,Golden Era (1920-1941),1921,1922,1915,1924,CIN,CIN,2695,827,23,55.0,184,164.0,7,R,0.307,0.355,0.114,0.057,0.064,54.3,30.3,23.2,31.8,48.8,C,D,D-,D,C,66.4,Uncommon,False,False,0,0,0,bbref_war,False,False
richbla01,richbla01,Lance Richbourg,RF,,Golden Era (1920-1941),1928,1928,1921,1932,ATL,ATL,2619,806,13,65.0,174,147.0,8,L,0.309,0.357,0.093,0.052,0.069,56.9,18.8,27.6,50.8,50.4,C+,F,D,C,C,66.4,Uncommon,False,False,0,0,0,bbref_war,False,False
highan01,highan01,Andy High,3B,"2B,SS",Golden Era (1920-1941),1926,1924,1922,1934,LAD,LAD,4400,1250,44,33.0,425,130.0,14,L,0.295,0.356,0.111,0.028,0.081,53.5,29.3,37.8,28.8,44.9,C,D,D+,D,C-,66.3,Uncommon,False,False,0,0,0,bbref_war,False,False
laryly01,laryly01,Lyn Lary,SS,3B,Golden Era (1920-1941),1935,1931,1929,1940,NYY,NYY,4603,1239,38,162.0,705,470.0,16,R,0.283,0.377,0.108,0.083,0.126,26.7,27.1,75.6,71.3,48.6,D,D,B+,B,C,66.3,Uncommon,False,False,0,0,0,bbref_war,False,False
rojoju01,rojoju01,Julio Rojo,C,,Golden Era (1920-1941),1926,1923,1916,1930,NLB,NLB,1702,451,10,83.0,139,11.0,17,B,0.279,0.331,0.089,0.01,0.07,41.2,27.1,28.9,68.2,51.5,C-,D,D,B,C,66.3,Uncommon,False,False,0,0,0,bbref_war,False,False
stripjo01,stripjo01,Joe Stripp,3B,1B,Golden Era (1920-1941),1933,1932,1928,1938,LAD,LAD,4211,1238,24,50.0,280,226.0,12,R,0.306,0.349,0.098,0.05,0.059,55.5,22.4,19.7,46.0,53.0,C+,D-,F,C,C,66.3,Uncommon,False,False,0,0,0,bbref_war,False,False
cookedu01,cookedu01,Dusty Cooke,RF,"CF,LF",Golden Era (1920-1941),1934,1933,1930,1938,BOS,BOS,1745,489,24,32.0,290,276.0,8,L,0.28,0.384,0.136,0.135,0.142,20.1,41.7,88.3,32.0,48.7,D-,C-,A,D,C,66.2,Uncommon,False,False,0,0,0,bbref_war,False,False
mancugu01,mancugu01,Gus Mancuso,C,,Golden Era (1920-1941),1935,1936,1928,1945,SFG,SFG,4505,1194,53,8.0,418,264.0,18,R,0.297,0.351,0.106,0.049,0.076,48.4,29.0,33.3,17.8,59.5,C,D,D,F,C+,66.1,Uncommon,True,False,2,0,0,bbref_war,False,False
summaho01,summaho01,Homer Summa,RF,,Golden Era (1920-1941),1925,1926,1920,1930,CLE,CLE,3001,905,18,44.0,166,88.0,10,L,0.309,0.36,0.101,0.026,0.061,65.2,24.2,20.9,34.2,39.2,B,D-,D-,D,D+,66.1,Uncommon,False,False,0,0,0,bbref_war,False,False
swansev01,swansev01,Evar Swanson,RF,"CF,LF",Golden Era (1920-1941),1932,1933,1929,1934,CHW,CHW,1892,573,7,69.0,212,133.0,5,R,0.303,0.376,0.087,0.063,0.1,48.7,15.9,53.7,60.8,46.3,C,F,C,B-,C,66.1,Uncommon,False,False,0,0,0,bbref_war,False,False
moorere01,moorere01,Red Moore,1B,,Golden Era (1920-1941),1938,1938,1936,1940,NLB,NLB,518,146,3,5.0,53,3.0,6,L,0.282,0.354,0.093,0.005,0.092,42.1,32.1,46.9,29.8,50.5,C-,D,C,D,C,66.0,Uncommon,True,False,1,0,0,bbref_war,False,False
weathro01,weathro01,Roy Weatherly,CF,RF,Golden Era (1920-1941),1941,1940,1936,1950,CLE,CLE,2781,794,43,42.0,180,170.0,10,L,0.29,0.333,0.132,0.053,0.059,41.5,41.6,19.1,30.8,50.4,C-,C-,F,D,C,66.0,Uncommon,False,False,0,0,0,bbref_war,False,False
adamssp01,adamssp01,Sparky Adams,3B,"2B,SS",Golden Era (1920-1941),1926,1926,1922,1934,CHC,CHC,5557,1588,9,154.0,453,223.0,14,R,0.291,0.344,0.071,0.039,0.071,46.4,7.3,29.0,50.5,79.1,C,F,D,C,B+,65.9,Uncommon,False,False,0,0,0,bbref_war,False,False
bluegos01,bluegos01,Ossie Bluege,3B,"2B,SS",Golden Era (1920-1941),1928,1928,1922,1939,MIN,MIN,6440,1751,43,140.0,723,515.0,18,R,0.279,0.36,0.097,0.073,0.103,25.7,21.0,56.1,50.1,75.7,D,D-,C+,C,B+,65.9,Uncommon,True,False,1,0,0,bbref_war,False,False
portedi01,portedi01,Dick Porter,RF,,Golden Era (1920-1941),1932,1930,1929,1934,CLE,CLE,2515,774,11,23.0,268,186.0,7,L,0.308,0.376,0.106,0.067,0.096,52.1,25.7,50.2,31.7,41.2,C,D,C,D,C-,65.9,Uncommon,False,False,0,0,0,bbref_war,False,False
bassepe01,,Pepper Bassett,C,,Golden Era (1920-1941),1939,1937,1935,1948,NLB,NLB,640,159,8,4.0,33,3.0,13,B,0.279,0.321,0.111,0.005,0.054,40.1,40.5,15.4,22.2,58.5,C-,C-,F,D-,C+,65.8,Uncommon,True,False,7,0,0,lahman_proxy,False,False
dwighed01,dwighed01,Eddie Dwight,CF,,Golden Era (1920-1941),1931,1937,1925,1937,NLB,NLB,697,180,2,73.0,83,4.0,10,R,0.257,0.347,0.052,0.004,0.109,30.6,18.1,60.8,91.5,49.4,D,F,B-,A,C,65.8,Uncommon,True,False,1,0,0,bbref_war,False,False
orsater01,orsater01,Ernie Orsatti,CF,"LF,RF",Golden Era (1920-1941),1930,1929,1927,1935,STL,STL,2165,663,10,46.0,176,218.0,9,L,0.313,0.366,0.11,0.089,0.074,49.6,28.3,32.1,47.4,41.5,C,D,D,C,C-,65.8,Uncommon,False,False,0,0,0,bbref_war,False,False
bellle01,bellle01,Les Bell,3B,,Golden Era (1920-1941),1927,1926,1923,1931,STL,STL,3239,938,66,25.0,276,322.0,9,R,0.291,0.347,0.147,0.09,0.078,31.5,50.0,35.4,34.0,40.6,D,C,D+,D,C-,65.7,Uncommon,False,False,0,0,0,bbref_war,False,False
finnelo01,finnelo01,Lou Finney,RF,"1B,CF,LF",Golden Era (1920-1941),1940,1940,1931,1947,BOS,BOS,4631,1329,31,39.0,329,186.0,17,L,0.293,0.346,0.118,0.032,0.074,49.7,32.6,31.7,29.0,43.5,C,D,D,D,C-,65.7,Uncommon,True,False,1,0,0,bbref_war,False,False
muellhe01,muellhe01,Heinie Mueller,CF,"LF,RF",Golden Era (1920-1941),1923,1923,1920,1935,STL,STL,2118,597,22,37.0,168,147.0,12,L,0.297,0.355,0.121,0.063,0.07,43.8,34.6,28.9,40.4,45.6,C-,D,D,C-,C,65.7,Uncommon,False,False,0,0,0,bbref_war,False,False
rigneto01,rigneto01,Topper Rigney,SS,,Golden Era (1920-1941),1924,1926,1922,1927,DET,DET,2326,669,13,44.0,377,176.0,7,R,0.288,0.388,0.099,0.065,0.139,35.6,21.5,86.2,37.7,49.7,D+,D-,A,D+,C,65.7,Uncommon,False,False,0,0,0,bbref_war,False,False
ruelmu01,ruelmu01,Muddy Ruel,C,,Golden Era (1920-1941),1925,1923,1915,1934,MIN,MIN,4514,1242,4,61.0,606,238.0,20,R,0.294,0.383,0.062,0.036,0.119,49.6,3.0,69.7,29.9,69.2,C,F,B,D,B,65.7,Uncommon,False,False,0,0,0,bbref_war,False,False
smithbo07,,Bob Smith,C,,Golden Era (1920-1941),1933,1933,1930,1944,NLB,NLB,380,82,1,9.0,40,2.0,15,R,0.259,0.326,0.055,0.004,0.087,32.9,32.2,42.5,42.5,57.4,D,D,C-,C-,C+,65.7,Uncommon,True,False,1,0,0,lahman_proxy,False,False
cartema01,cartema01,Marlin Carter,3B,,Golden Era (1920-1941),1940,1940,1932,1948,NLB,NLB,888,224,2,21.0,86,0.0,13,L,0.269,0.336,0.089,0.0,0.088,37.9,29.1,43.7,48.2,50.3,D+,D,C-,C,C,65.6,Uncommon,True,False,2,0,0,bbref_war,False,False
crosefr01,crosefr01,Frankie Crosetti,SS,3B,Golden Era (1920-1941),1936,1936,1932,1948,NYY,NYY,6277,1541,98,113.0,792,799.0,17,R,0.26,0.357,0.124,0.107,0.118,3.5,36.8,68.4,48.7,77.9,F,D+,B,C,B+,65.6,Uncommon,True,False,2,0,0,bbref_war,False,False
welshji01,welshji01,Jimmy Welsh,CF,RF,Golden Era (1920-1941),1928,1927,1925,1930,ATL,ATL,2684,778,35,37.0,156,144.0,7,L,0.29,0.34,0.121,0.05,0.054,42.0,35.2,15.2,43.5,51.6,C-,D+,F,C-,C,65.6,Uncommon,False,False,0,0,0,bbref_war,False,False
hayesfr01,hayesfr01,Frankie Hayes,C,,Golden Era (1920-1941),1940,1940,1933,1947,OAK,OAK,4493,1164,119,30.0,564,627.0,17,R,0.271,0.355,0.163,0.115,0.113,12.3,59.6,64.7,30.0,40.6,F,C+,B-,D,C-,65.5,Uncommon,True,False,6,0,0,bbref_war,False,False
fernajo05,fernajo05,José María Fernández,C,,Golden Era (1920-1941),1928,1930,1916,1947,NLB,NLB,1712,484,4,18.0,113,2.0,21,R,0.301,0.342,0.083,0.002,0.051,53.8,28.5,12.7,29.7,50.7,C,D,F,D,C,65.4,Uncommon,False,False,0,0,0,bbref_war,False,False
jurgebi01,jurgebi01,Billy Jurges,SS,3B,Golden Era (1920-1941),1937,1933,1931,1947,CHC,CHC,6253,1613,43,36.0,568,530.0,17,R,0.278,0.347,0.083,0.074,0.088,25.3,14.3,43.1,34.0,97.2,D,F,C-,D,A+,65.4,Uncommon,True,False,3,0,0,bbref_war,False,False
crutcji01,crutcji01,Jimmie Crutchfield,CF,RF,Golden Era (1920-1941),1935,1936,1930,1945,NLB,NLB,2064,544,6,48.0,156,5.0,17,L,0.281,0.339,0.077,0.002,0.077,45.3,19.8,34.3,49.7,54.1,C,F,D,C,C,65.2,Uncommon,True,False,4,0,0,bbref_war,False,False
jeffrha01,jeffrha01,Harry Jeffries,3B,,Golden Era (1920-1941),1927,1926,1920,1944,NLB,NLB,1900,484,6,34.0,149,5.0,25,R,0.285,0.346,0.075,0.001,0.076,48.1,19.8,33.6,43.1,52.9,C,F,D,C-,C,65.2,Uncommon,False,False,0,0,0,bbref_war,False,False
mcallge01,mcallge01,George McAllister,1B,,Golden Era (1920-1941),1929,1927,1923,1934,NLB,NLB,2025,537,11,32.0,201,0.0,13,L,0.279,0.348,0.088,0.0,0.09,45.3,22.5,44.9,42.4,48.1,C,D-,C-,C-,C,65.2,Uncommon,False,False,0,0,0,bbref_war,False,False
riddlma01,riddlma01,Marshall Riddle,2B,,Golden Era (1920-1941),1940,1940,1937,1943,NLB,NLB,429,116,1,15.0,38,3.0,8,L,0.27,0.331,0.079,0.006,0.081,36.2,29.6,37.9,50.4,50.2,D+,D,D+,C,C,65.2,Uncommon,True,False,3,0,0,bbref_war,False,False
rizzojo01,rizzojo01,Johnny Rizzo,LF,RF,Golden Era (1920-1941),1940,1938,1938,1942,PIT,PIT,1842,497,61,7.0,200,197.0,7,R,0.27,0.345,0.166,0.096,0.097,11.6,61.4,51.3,25.2,45.4,F,B-,C,D,C,65.2,Uncommon,False,False,0,0,0,bbref_war,False,False
bellbe01,bellbe01,Beau Bell,RF,1B,Golden Era (1920-1941),1938,1936,1935,1941,BAL,BAL,2718,806,46,11.0,272,239.0,8,R,0.297,0.362,0.135,0.08,0.091,38.9,43.2,45.8,17.1,37.6,D+,C-,C,F,D+,65.1,Uncommon,True,False,1,0,0,bbref_war,False,False
cramedo01,cramedo01,Doc Cramer,CF,RF,Golden Era (1920-1941),1935,1932,1929,1948,OAK,OAK,9140,2705,37,62.0,572,345.0,20,L,0.305,0.345,0.089,0.041,0.054,58.0,18.0,15.4,32.2,54.7,C+,F,F,D,C,65.1,Uncommon,True,False,5,0,0,bbref_war,False,False
dallaeg01,dallaeg01,Eggie Dallard,1B,LF,Golden Era (1920-1941),1927,1927,1921,1933,NLB,NLB,1651,432,21,37.0,219,24.0,15,L,0.26,0.356,0.094,0.013,0.123,28.9,27.2,72.5,43.1,50.2,D,D,B,C-,C,65.1,Uncommon,False,False,0,0,0,bbref_war,False,False
garmsde01,garmsde01,Debs Garms,3B,"LF,RF",Golden Era (1920-1941),1939,1940,1932,1945,ATL,ATL,3111,910,17,18.0,288,161.0,12,L,0.303,0.365,0.094,0.046,0.084,53.9,20.2,40.5,25.8,48.0,C,D-,C-,D,C,65.1,Uncommon,False,False,0,0,0,bbref_war,False,False
byassu01,byassu01,Subby Byas,C,,Golden Era (1920-1941),1938,1934,1932,1942,NLB,NLB,561,150,3,9.0,61,3.0,11,B,0.276,0.356,0.077,0.006,0.096,38.8,29.4,50.4,30.3,49.0,D+,D,C,D,C,65.0,Uncommon,True,False,2,0,0,bbref_war,False,False
demosbi01,demosbi01,Bingo DeMoss,2B,,Golden Era (1920-1941),1923,1920,1910,1930,NLB,NLB,2897,685,4,167.0,339,17.0,23,R,0.259,0.349,0.052,0.011,0.107,28.6,9.8,59.2,64.5,72.6,D,F,C+,B-,B,65.0,Uncommon,False,False,0,0,0,bbref_war,False,False
moorege03,moorege03,Gene Moore,RF,,Golden Era (1920-1941),1938,1937,1931,1945,ATL,ATL,3543,958,58,31.0,317,401.0,15,L,0.279,0.341,0.135,0.099,0.081,19.5,42.9,38.1,41.3,58.5,F,C-,D+,C-,C+,65.0,Uncommon,True,False,1,0,0,bbref_war,False,False
gelbech01,gelbech01,Charlie Gelbert,SS,3B,Golden Era (1920-1941),1932,1931,1929,1940,STL,STL,2869,766,17,34.0,290,245.0,11,R,0.278,0.347,0.111,0.073,0.092,25.6,28.3,46.7,43.1,65.0,D,D,C,C-,B,64.9,Uncommon,False,False,0,0,0,bbref_war,False,False
seaydi01,seaydi01,Dick Seay,2B,,Golden Era (1920-1941),1935,1932,1926,1947,NLB,NLB,1952,423,12,29.0,169,12.0,19,R,0.257,0.33,0.09,0.004,0.089,29.9,28.5,44.3,40.2,61.3,D,D,C-,C-,B-,64.9,Uncommon,True,False,3,0,0,bbref_war,False,False
siebedi01,siebedi01,Dick Siebert,1B,,Golden Era (1920-1941),1940,1941,1932,1945,OAK,OAK,3917,1104,32,30.0,276,185.0,12,L,0.295,0.35,0.11,0.048,0.075,47.1,29.9,32.9,21.1,48.1,C,D,D,D-,C,64.9,Uncommon,True,False,1,0,0,bbref_war,False,False
mooreed01,mooreed01,Eddie Moore,2B,"3B,SS",Golden Era (1920-1941),1927,1925,1923,1934,PIT,PIT,2474,706,13,52.0,272,121.0,11,R,0.294,0.368,0.083,0.042,0.1,47.8,14.6,53.2,40.4,49.7,C,F,C,C-,C,64.8,Uncommon,False,False,0,0,0,bbref_war,False,False
walkeho01,walkeho01,Hoss Walker,SS,3B,Golden Era (1920-1941),1936,1932,1929,1948,NLB,NLB,1416,312,9,12.0,121,5.0,23,R,0.265,0.336,0.104,0.005,0.082,34.7,35.3,38.6,27.7,52.2,D,D+,D+,D,C,64.8,Uncommon,True,False,1,0,0,bbref_war,False,False
fordji01,fordji01,Jimmy Ford,3B,2B,Golden Era (1920-1941),1941,1940,1937,1945,NLB,NLB,616,160,3,11.0,45,1.0,15,R,0.277,0.327,0.088,0.0,0.068,41.0,32.0,26.6,33.2,49.5,C-,D,D,D,C,64.7,Uncommon,True,False,2,0,0,bbref_war,False,False
mcnaier01,mcnaier01,Eric McNair,SS,"2B,3B",Golden Era (1920-1941),1933,1934,1929,1942,OAK,OAK,4519,1240,82,59.0,261,328.0,15,R,0.286,0.331,0.129,0.067,0.057,34.1,41.9,17.8,31.8,50.1,D,C-,F,D,C,64.7,Uncommon,False,False,0,0,0,bbref_war,False,False
browned02,browned02,Eddie Brown,CF,LF,Golden Era (1920-1941),1925,1926,1920,1928,ATL,ATL,2902,878,16,29.0,127,109.0,7,R,0.303,0.334,0.098,0.036,0.042,56.9,22.8,5.0,37.1,47.7,C+,D-,F,D+,C,64.6,Uncommon,False,False,0,0,0,bbref_war,False,False
hendecu01,hendecu01,Curtis Henderson,SS,,Golden Era (1920-1941),1940,1940,1936,1946,NLB,NLB,291,68,2,11.0,26,3.0,10,R,0.243,0.315,0.078,0.011,0.093,25.8,35.1,47.4,48.6,49.1,D,D+,C,C,C,64.6,Uncommon,True,False,1,0,0,bbref_war,False,False
roberge01,roberge01,Gene Robertson,3B,,Golden Era (1920-1941),1925,1924,1919,1930,BAL,BAL,2200,615,20,29.0,205,79.0,10,L,0.287,0.351,0.102,0.033,0.086,44.1,25.4,42.0,32.4,46.8,C-,D,C-,D,C,64.6,Uncommon,False,False,0,0,0,bbref_war,False,False
taborji01,taborji01,Jim Tabor,3B,,Golden Era (1920-1941),1941,1944,1938,1947,BOS,BOS,3788,1021,104,69.0,286,377.0,9,R,0.275,0.327,0.157,0.095,0.07,16.7,57.6,28.7,36.3,44.7,F,C+,D,D+,C-,64.6,Uncommon,False,False,0,0,0,bbref_war,False,False
jordabu01,jordabu01,Buck Jordan,1B,,Golden Era (1920-1941),1935,1936,1927,1938,ATL,ATL,2980,890,17,20.0,182,109.0,12,L,0.299,0.341,0.092,0.033,0.058,54.9,19.3,18.2,40.6,46.9,C,F,F,C-,C,64.5,Uncommon,False,False,0,0,0,bbref_war,False,False
metzlal01,metzlal01,Alex Metzler,LF,"CF,RF",Golden Era (1920-1941),1928,1927,1925,1930,CHW,CHW,1968,561,9,46.0,260,144.0,7,L,0.285,0.374,0.099,0.064,0.116,33.6,21.1,66.7,47.7,48.0,D,D-,B,C,C,64.5,Uncommon,False,False,0,0,0,bbref_war,False,False
harricu01,harricu01,Curtis Harris,1B,,Golden Era (1920-1941),1937,1935,1931,1940,NLB,NLB,899,258,10,7.0,58,9.0,10,R,0.286,0.334,0.096,0.008,0.062,45.3,31.5,21.6,20.9,50.3,C,D,D-,D-,C,64.4,Uncommon,True,False,2,0,0,bbref_war,False,False
lavagco01,lavagco01,Cookie Lavagetto,3B,2B,Golden Era (1920-1941),1940,1939,1934,1947,LAD,LAD,3509,945,40,63.0,485,244.0,10,R,0.276,0.37,0.106,0.055,0.126,29.1,26.5,75.4,54.2,38.2,D,D,B+,C,D+,64.4,Uncommon,True,False,4,0,0,bbref_war,False,False
martihe01,martihe01,Hersh Martin,CF,LF,Golden Era (1920-1941),1940,1945,1937,1945,PHI,PHI,2257,643,28,33.0,253,207.0,6,B,0.285,0.359,0.123,0.082,0.101,28.3,35.9,54.0,38.5,44.0,D,D+,C,D+,C-,64.4,Uncommon,True,False,1,0,0,bbref_war,False,False
padgedo01,padgedo01,Don Padgett,C,RF,Golden Era (1920-1941),1940,1939,1937,1948,STL,STL,1991,573,37,6.0,141,130.0,9,L,0.29,0.339,0.131,0.062,0.067,38.3,42.4,26.0,27.6,39.0,D+,C-,D,D,D+,64.4,Uncommon,False,False,0,0,0,bbref_war,False,False
jacksdi01,,Dick Jackson,2B,,Golden Era (1920-1941),1927,1925,1921,1931,NLB,NLB,1520,396,13,28.0,73,8.0,11,,0.267,0.302,0.108,0.004,0.046,36.3,32.7,8.6,44.1,56.1,D+,D,F,C-,C+,64.3,Uncommon,False,False,0,0,0,lahman_proxy,False,False
koyer01,koyer01,Ernie Koy,LF,CF,Golden Era (1920-1941),1940,1938,1938,1942,LAD,LAD,1846,515,36,40.0,137,284.0,8,R,0.279,0.332,0.148,0.143,0.069,19.1,50.5,27.5,45.9,45.0,F,C,D,C,C,64.3,Uncommon,False,False,0,0,0,bbref_war,False,False
lopezca02,lopezca02,Cando López,CF,,Golden Era (1920-1941),1929,1926,1926,1939,NLB,NLB,1088,298,12,35.0,65,3.0,7,R,0.274,0.317,0.086,0.003,0.056,40.5,26.1,17.0,49.5,52.4,C-,D,F,C,C,64.3,Uncommon,True,False,1,0,0,bbref_war,False,False
heathcl01,heathcl01,Cliff Heathcote,RF,CF,Golden Era (1920-1941),1926,1926,1918,1932,CHC,CHC,4443,1222,42,191.0,367,325.0,17,L,0.279,0.336,0.099,0.072,0.075,26.4,23.4,32.8,59.2,64.6,D,D-,D,C+,B-,64.2,Uncommon,False,False,0,0,0,bbref_war,False,False
tayloje01,tayloje01,Jelly Taylor,1B,,Golden Era (1920-1941),1941,1937,1937,1946,NLB,NLB,759,200,3,15.0,77,2.0,9,L,0.276,0.343,0.064,0.003,0.088,40.2,22.5,43.9,39.8,49.3,C-,D-,C-,D+,C,64.2,Uncommon,True,False,3,0,0,bbref_war,False,False
dressch01,dressch01,Chuck Dressen,3B,,Golden Era (1920-1941),1928,1927,1925,1933,CIN,CIN,2215,603,11,30.0,219,118.0,8,R,0.278,0.347,0.101,0.048,0.089,32.7,23.7,44.1,34.8,60.4,D,D-,C-,D,B-,64.1,Uncommon,False,False,0,0,0,bbref_war,False,False
dunlahe01,dunlahe01,Herman Dunlap,CF,,Golden Era (1920-1941),1937,1937,1936,1938,NLB,NLB,298,80,3,8.0,22,6.0,3,L,0.268,0.323,0.091,0.019,0.068,31.5,36.5,27.1,35.4,49.9,D,D+,D,D+,C,64.0,Uncommon,True,False,1,0,0,bbref_war,False,False
harribu01,harribu01,Bucky Harris,2B,,Golden Era (1920-1941),1924,1923,1919,1931,MIN,MIN,4736,1297,9,167.0,472,310.0,12,R,0.282,0.36,0.085,0.057,0.087,33.9,13.8,42.5,63.7,58.9,D,F,C-,B-,C+,64.0,Uncommon,False,False,0,0,0,bbref_war,False,False
powelja03,powelja03,Jake Powell,CF,"LF,RF",Golden Era (1920-1941),1936,1935,1930,1945,MIN,MIN,2540,689,22,65.0,173,219.0,13,R,0.293,0.348,0.113,0.081,0.072,34.7,31.2,30.1,50.3,44.1,D,D,D,C,C-,64.0,Uncommon,False,False,0,0,0,bbref_war,False,False
ripplji01,ripplji01,Jimmy Ripple,RF,CF,Golden Era (1920-1941),1939,1936,1936,1943,SFG,SFG,1809,510,28,7.0,156,89.0,9,L,0.282,0.343,0.113,0.045,0.079,36.6,32.2,35.9,29.0,47.3,D+,D,D+,D,C,64.0,Uncommon,False,False,0,0,0,bbref_war,False,False
barrebi02,barrebi02,Bill Barrett,RF,SS,Golden Era (1920-1941),1926,1925,1921,1930,CHW,CHW,2395,690,23,80.0,209,239.0,11,R,0.29,0.35,0.117,0.09,0.081,30.6,33.1,37.6,50.8,42.5,D,D,D+,C,C-,63.9,Common,False,False,0,0,0,bbref_war,False,False
bennebr01,bennebr01,Bradford Bennett,LF,,Golden Era (1920-1941),1941,1942,1940,1942,NLB,NLB,204,49,6,2.0,16,4.0,3,R,0.24,0.299,0.132,0.018,0.072,23.8,47.3,30.5,20.9,49.6,D-,C,D,D-,C,63.8,Common,True,False,1,0,0,bbref_war,False,False
jensewo01,jensewo01,Woody Jensen,LF,CF,Golden Era (1920-1941),1935,1935,1931,1939,PIT,PIT,2720,774,26,20.0,69,100.0,9,L,0.294,0.315,0.103,0.033,0.024,50.2,26.2,1.0,39.2,46.9,C,D,F,D+,C,63.8,Common,False,False,0,0,0,bbref_war,False,False
daviski01,daviski01,Kiddo Davis,CF,,Golden Era (1920-1941),1934,1932,1926,1938,SFG,SFG,1824,515,19,32.0,142,141.0,10,R,0.284,0.337,0.114,0.072,0.072,30.5,32.2,29.9,41.7,50.9,D,D,D,C-,C,63.7,Common,False,False,0,0,0,bbref_war,False,False
perkicy01,perkicy01,Cy Perkins,C,,Golden Era (1920-1941),1922,1920,1915,1934,OAK,OAK,3604,933,30,18.0,301,221.0,17,R,0.272,0.335,0.105,0.056,0.082,25.5,27.1,38.6,18.2,73.8,D,D,D+,F,B,63.7,Common,False,False,0,0,0,bbref_war,False,False
byrdsa01,byrdsa01,Samuel Byrd,CF,"LF,RF",Golden Era (1920-1941),1932,1929,1929,1936,NYY,NYY,1700,465,38,17.0,198,178.0,8,R,0.277,0.354,0.144,0.092,0.107,18.5,49.3,59.0,28.0,34.8,F,C,C+,D,D,63.6,Common,False,False,0,0,0,bbref_war,False,False
elseha01,elseha01,Harry Else,C,,Golden Era (1920-1941),1937,1938,1932,1940,NLB,NLB,347,91,1,7.0,30,0.0,5,R,0.262,0.328,0.063,0.0,0.079,34.8,28.3,35.8,35.9,49.9,D,D,D+,D+,C,63.6,Common,True,False,2,0,0,bbref_war,False,False
fullich01,fullich01,Chick Fullis,CF,LF,Golden Era (1920-1941),1931,1931,1928,1936,SFG,SFG,1855,548,12,46.0,132,113.0,9,R,0.304,0.355,0.089,0.059,0.064,50.9,19.4,23.9,42.6,41.1,C,F,D-,C-,C-,63.6,Common,False,False,0,0,0,bbref_war,False,False
hemslro01,hemslro01,Rollie Hemsley,C,,Golden Era (1920-1941),1938,1934,1928,1947,CLE,CLE,5047,1321,31,29.0,357,395.0,22,R,0.281,0.335,0.111,0.077,0.073,26.4,29.5,30.7,31.0,65.2,D,D,D,D,B,63.6,Common,True,False,5,0,0,bbref_war,False,False
mokanjo01,mokanjo01,Johnny Mokan,LF,RF,Golden Era (1920-1941),1924,1923,1921,1927,PHI,PHI,1936,563,32,26.0,206,150.0,8,R,0.291,0.364,0.118,0.069,0.095,36.8,34.4,49.7,29.2,33.7,D+,D,C,D,D,63.6,Common,False,False,0,0,0,bbref_war,False,False
thompfr03,thompfr03,Fresco Thompson,2B,,Golden Era (1920-1941),1929,1929,1925,1934,PHI,PHI,2560,762,13,69.0,215,143.0,9,R,0.301,0.358,0.097,0.05,0.079,51.2,21.6,36.4,55.3,25.1,C,D-,D+,C+,D,63.6,Common,False,False,0,0,0,bbref_war,False,False
westma02,westma02,Max West,LF,"1B,CF,RF",Golden Era (1920-1941),1941,1939,1938,1948,ATL,ATL,2676,681,77,19.0,353,340.0,8,L,0.254,0.344,0.152,0.112,0.116,1.0,53.6,66.9,32.8,48.5,F,C,B,D,C,63.6,Common,True,False,1,0,0,bbref_war,False,False
bibbsra01,bibbsra01,Rainey Bibbs,2B,,Golden Era (1920-1941),1939,1938,1933,1944,NLB,NLB,756,214,1,19.0,50,5.0,10,B,0.283,0.331,0.063,0.006,0.062,43.8,19.8,21.5,43.7,51.5,C-,F,D-,C-,C,63.5,Common,True,False,1,0,0,bbref_war,False,False
cruiswa01,cruiswa01,Walton Cruise,LF,"CF,RF",Golden Era (1920-1941),1920,1921,1914,1924,ATL,ATL,2321,644,30,49.0,238,250.0,11,L,0.287,0.36,0.118,0.095,0.096,26.6,32.9,50.3,45.1,41.4,D,D,C,C,C-,63.4,Common,False,False,0,0,0,bbref_war,False,False
hewitjo01,hewitjo01,Joe Hewitt,SS,"2B,3B",Golden Era (1920-1941),1924,1921,1911,1932,NLB,NLB,1975,482,7,155.0,309,5.0,25,L,0.247,0.379,0.042,0.004,0.145,24.0,8.6,91.2,80.6,43.9,D-,F,A,A-,C-,63.4,Common,False,False,0,0,0,bbref_war,False,False
snydefr01,snydefr01,Frank Snyder,C,,Golden Era (1920-1941),1921,1915,1912,1927,SFG,SFG,4229,1122,47,37.0,281,416.0,17,R,0.288,0.339,0.096,0.089,0.069,28.7,22.2,27.7,31.6,72.1,D,D-,D,D,B,63.4,Common,False,False,0,0,0,bbref_war,False,False
jackssa02,jackssa02,Sanford Jackson,CF,"3B,SS",Golden Era (1920-1941),1929,1932,1923,1936,NLB,NLB,1991,522,2,69.0,154,2.0,13,R,0.276,0.337,0.061,0.001,0.077,42.5,12.6,34.6,54.8,50.5,C-,F,D,C,C,63.3,Common,False,False,0,0,0,bbref_war,False,False
johnsme01,johnsme01,Mex Johnson,SS,,Golden Era (1920-1941),1938,1937,1937,1938,NLB,NLB,251,60,0,5.0,23,4.0,2,R,0.239,0.303,0.084,0.015,0.084,23.5,35.1,40.2,39.4,50.1,D-,D+,C-,D+,C,63.3,Common,True,False,1,0,0,bbref_war,False,False
melilsk01,melilsk01,Oscar Melillo,2B,,Golden Era (1920-1941),1931,1931,1926,1937,BAL,BAL,5063,1316,22,69.0,327,306.0,13,R,0.278,0.324,0.09,0.055,0.061,30.2,18.2,21.0,39.2,74.7,D,F,D-,D+,B,63.3,Common,False,False,0,0,0,bbref_war,False,False
tiernco01,tiernco01,Cotton Tierney,2B,3B,Golden Era (1920-1941),1922,1922,1920,1925,PIT,PIT,2299,681,31,28.0,109,187.0,7,R,0.296,0.332,0.118,0.077,0.045,39.2,34.6,7.7,29.7,47.7,D+,D,F,D,C,63.3,Common,False,False,0,0,0,bbref_war,False,False
arnolpa01,arnolpa01,Paul Arnold,CF,,Golden Era (1920-1941),1932,1934,1926,1936,NLB,NLB,391,99,0,7.0,52,6.0,7,L,0.253,0.341,0.056,0.014,0.117,27.1,24.7,68.0,33.6,48.0,D,D-,B,D,C,63.2,Common,True,False,1,0,0,bbref_war,False,False
arnovmo01,arnovmo01,Morrie Arnovich,LF,,Golden Era (1920-1941),1939,1939,1936,1946,PHI,PHI,2013,577,22,17.0,185,139.0,8,R,0.287,0.35,0.096,0.063,0.084,35.3,23.2,40.0,29.0,54.1,D+,D-,C-,D,C,63.2,Common,True,False,1,0,0,bbref_war,False,False
hayesja02,hayesja02,Jackie Hayes,2B,3B,Golden Era (1920-1941),1933,1936,1927,1940,CHW,CHW,4040,1069,20,34.0,309,241.0,14,R,0.279,0.333,0.089,0.053,0.073,31.8,18.4,31.0,29.7,70.3,D,F,D,D,B,63.1,Common,False,False,0,0,0,bbref_war,False,False
lopezal01,lopezal01,Al Lopez,C,,Golden Era (1920-1941),1936,1933,1928,1947,LAD,LAD,5916,1547,51,46.0,556,538.0,20,R,0.281,0.343,0.093,0.085,0.084,24.2,21.3,40.2,29.0,72.8,D-,D-,C-,D,B,63.1,Common,True,False,2,0,0,bbref_war,False,False
wardaa01,wardaa01,Aaron Ward,2B,3B,Golden Era (1920-1941),1923,1923,1917,1928,NYY,NYY,3611,966,50,36.0,339,457.0,12,R,0.27,0.338,0.118,0.112,0.086,12.2,33.4,41.5,32.6,70.0,F,D,C-,D,B,63.1,Common,False,False,0,0,0,bbref_war,False,False
welchfr01,welchfr01,Frank Welch,RF,CF,Golden Era (1920-1941),1923,1923,1919,1927,OAK,OAK,2310,634,41,18.0,250,225.0,9,R,0.279,0.358,0.127,0.085,0.101,22.4,38.8,54.7,26.4,43.8,D-,D+,C,D,C-,63.1,Common,False,False,0,0,0,bbref_war,False,False
johnser01,johnser01,Ernie Johnson,SS,2B,Golden Era (1920-1941),1921,1915,1912,1925,NYY,NYY,2619,697,19,114.0,181,160.0,11,L,0.27,0.322,0.1,0.058,0.067,23.1,23.8,26.0,63.4,59.8,D-,D-,D,B-,C+,63.0,Common,False,False,0,0,0,bbref_war,False,False
koenima01,koenima01,Mark Koenig,SS,"2B,3B",Golden Era (1920-1941),1929,1927,1925,1936,NYY,NYY,4271,1190,28,31.0,222,190.0,13,B,0.293,0.336,0.103,0.043,0.058,46.1,25.7,18.2,28.0,44.5,C,D,F,D,C-,63.0,Common,False,False,0,0,0,bbref_war,False,False
mccarjo03,mccarjo03,Johnny McCarthy,1B,,Golden Era (1920-1941),1941,1943,1934,1948,SFG,SFG,1557,432,25,8.0,90,114.0,11,L,0.284,0.328,0.118,0.062,0.057,33.3,35.5,18.1,26.4,49.8,D,D+,F,D,C,63.0,Common,False,False,0,0,0,bbref_war,False,False
toporsp01,toporsp01,George Toporcer,SS,"2B,3B",Golden Era (1920-1941),1924,1922,1921,1928,STL,STL,1566,437,9,22.0,150,93.0,8,L,0.282,0.35,0.095,0.052,0.087,34.0,20.8,43.0,37.6,52.2,D,D-,C-,D+,C,63.0,Common,False,False,0,0,0,bbref_war,False,False
burnejo01,burnejo01,Johnny Burnett,SS,"2B,3B",Golden Era (1920-1941),1931,1931,1927,1935,CLE,CLE,1835,521,9,15.0,163,107.0,9,L,0.294,0.355,0.086,0.051,0.082,45.1,17.3,38.4,28.0,47.5,C,F,D+,D,C,62.9,Common,False,False,0,0,0,bbref_war,False,False
moorera01,moorera01,Randy Moore,RF,1B,Golden Era (1920-1941),1932,1933,1927,1937,ATL,ATL,2253,627,27,11.0,158,85.0,11,L,0.284,0.333,0.101,0.033,0.066,42.3,26.2,25.2,25.0,46.0,C-,D,D,D,C,62.9,Common,False,False,0,0,0,bbref_war,False,False
robinbo01,robinbo01,Bobby Robinson,3B,SS,Golden Era (1920-1941),1929,1929,1925,1940,NLB,NLB,1855,456,9,42.0,169,5.0,14,R,0.264,0.331,0.082,0.0,0.078,35.1,22.4,35.5,45.6,47.5,D+,D-,D+,C,C,62.9,Common,True,False,1,0,0,bbref_war,False,False
duncafr01,duncafr01,Frank Duncan,LF,RF,Golden Era (1920-1941),1923,1923,1908,1928,NLB,NLB,2001,543,7,30.0,164,1.0,19,L,0.27,0.338,0.099,0.002,0.065,38.9,25.4,24.6,37.7,45.9,D+,D,D-,D+,C,62.8,Common,False,False,0,0,0,bbref_war,False,False
fribebe01,fribebe01,Bernie Friberg,3B,"2B,LF,SS",Golden Era (1920-1941),1929,1923,1919,1933,CHC,CHC,4169,1170,38,51.0,471,498.0,15,R,0.296,0.369,0.1,0.1,0.101,33.5,23.7,54.5,27.8,46.4,D,D-,C,D,C,62.8,Common,False,False,0,0,0,bbref_war,False,False
meredge01,meredge01,Geechie Meredith,2B,SS,Golden Era (1920-1941),1927,1929,1923,1930,NLB,NLB,1613,422,14,52.0,102,1.0,8,R,0.262,0.312,0.092,0.001,0.059,33.4,25.1,19.3,56.3,47.6,D,D,F,C+,C,62.8,Common,False,False,0,0,0,bbref_war,False,False
todtph01,todtph01,Phil Todt,1B,,Golden Era (1920-1941),1928,1925,1924,1931,BOS,BOS,3415,880,57,29.0,207,229.0,8,L,0.261,0.309,0.144,0.066,0.058,13.3,47.9,18.3,31.1,57.1,F,C,F,D,C+,62.8,Common,False,False,0,0,0,bbref_war,False,False
coonejo01,coonejo01,Johnny Cooney,CF,"1B,RF",Golden Era (1920-1941),1937,1941,1921,1944,ATL,ATL,3372,965,2,30.0,208,107.0,21,R,0.304,0.342,0.066,0.028,0.052,60.0,6.0,13.9,31.2,51.0,B-,F,F,D,C,62.7,Common,False,False,0,0,0,bbref_war,False,False
statzji01,statzji01,Arnold Statz,CF,,Golden Era (1920-1941),1923,1923,1919,1928,CHC,CHC,2585,737,17,77.0,194,211.0,9,R,0.287,0.339,0.088,0.073,0.07,32.9,17.5,28.3,48.3,58.3,D,F,D,C,C+,62.7,Common,False,False,0,0,0,bbref_war,False,False
sierrfe01,sierrfe01,Felipe Sierra,2B,1B,Golden Era (1920-1941),1925,1924,1922,1930,NLB,NLB,1697,413,7,28.0,239,5.0,9,R,0.254,0.352,0.076,0.003,0.121,27.8,18.8,70.8,38.6,47.2,D,F,B,D+,C,62.6,Common,False,False,0,0,0,bbref_war,False,False
duganjo01,duganjo01,Joe Dugan,3B,"2B,SS",Golden Era (1920-1941),1923,1920,1917,1931,NYY,NYY,5410,1516,42,37.0,250,419.0,15,R,0.293,0.328,0.098,0.07,0.042,38.9,23.3,5.4,34.1,57.5,D+,D-,F,D,C+,62.5,Common,False,False,0,0,0,bbref_war,False,False
pietto01,pietto01,Tony Piet,2B,3B,Golden Era (1920-1941),1935,1936,1931,1938,CHW,CHW,2585,717,23,80.0,247,274.0,9,R,0.284,0.355,0.103,0.095,0.086,23.4,25.1,41.8,51.4,51.8,D-,D,C-,C,C,62.5,Common,False,False,0,0,0,bbref_war,False,False
lyonsgr01,lyonsgr01,Granville Lyons,1B,,Golden Era (1920-1941),1935,1934,1932,1942,NLB,NLB,462,119,4,3.0,26,2.0,9,,0.258,0.3,0.106,0.004,0.053,31.4,37.0,14.4,23.8,48.2,D,D+,F,D-,C,62.4,Common,True,False,1,0,0,bbref_war,False,False
hassebu01,hassebu01,Buddy Hassett,1B,,Golden Era (1920-1941),1939,1936,1936,1942,LAD,LAD,3517,1026,12,53.0,209,116.0,7,L,0.292,0.333,0.07,0.031,0.056,49.3,7.2,16.8,46.0,52.9,C,F,F,C,C,62.3,Common,False,False,0,0,0,bbref_war,False,False
hawkile01,hawkile01,Lemuel Hawkins,1B,,Golden Era (1920-1941),1924,1926,1921,1928,NLB,NLB,2015,552,4,59.0,150,9.0,9,L,0.279,0.338,0.056,0.005,0.071,44.3,8.6,29.3,49.1,50.7,C-,F,D,C,C,62.3,Common,False,False,0,0,0,bbref_war,False,False
sewellu01,sewellu01,Luke Sewell,C,,Golden Era (1920-1941),1931,1927,1921,1942,CLE,CLE,5383,1393,20,65.0,486,307.0,20,R,0.276,0.336,0.091,0.051,0.078,29.7,18.7,35.0,27.4,65.4,D,F,D+,D,B,62.3,Common,True,False,1,0,0,bbref_war,False,False
burnsja02,burnsja02,Jack Burns,1B,,Golden Era (1920-1941),1933,1932,1930,1936,BAL,BAL,3516,980,44,63.0,376,299.0,8,L,0.279,0.35,0.112,0.077,0.096,24.9,30.5,50.5,40.7,39.2,D-,D,C,C-,D+,62.1,Common,False,False,0,0,0,bbref_war,False,False
goochjo01,goochjo01,Johnny Gooch,C,,Golden Era (1920-1941),1925,1922,1921,1933,PIT,PIT,2363,662,7,11.0,206,141.0,13,B,0.296,0.356,0.074,0.052,0.079,45.9,9.8,36.4,28.5,51.7,C,F,D+,D,C,62.1,Common,False,False,0,0,0,bbref_war,False,False
portuba01,portuba01,Bartolo Portuondo,3B,,Golden Era (1920-1941),1923,1920,1916,1927,NLB,NLB,1813,453,1,66.0,137,2.0,12,R,0.258,0.322,0.06,0.001,0.075,31.3,14.2,32.8,57.9,53.7,D,F,D,C+,C,62.1,Common,False,False,0,0,0,bbref_war,False,False
willich02,willich02,Charley Williams,2B,SS,Golden Era (1920-1941),1928,1921,1921,1931,NLB,NLB,1761,457,8,43.0,114,7.0,8,,0.262,0.31,0.076,0.002,0.063,33.2,18.6,22.3,50.7,53.5,D,F,D-,C,C,62.1,Common,False,False,0,0,0,bbref_war,False,False
haneyfr01,haneyfr01,Fred Haney,3B,,Golden Era (1920-1941),1925,1922,1922,1929,DET,DET,1977,544,8,51.0,282,123.0,8,R,0.275,0.368,0.067,0.054,0.124,28.3,5.8,73.8,47.0,55.3,D,F,B,C,C+,62.0,Common,False,False,0,0,0,bbref_war,False,False
myersbi01,myersbi01,Billy Myers,SS,,Golden Era (1920-1941),1938,1939,1935,1941,CIN,CIN,2399,616,45,23.0,250,445.0,7,R,0.257,0.328,0.12,0.168,0.094,1.0,35.5,48.7,41.3,67.2,F,D+,C,C-,B,62.0,Common,False,False,0,0,0,bbref_war,False,False
hardypa01,hardypa01,Paul Hardy,C,,Golden Era (1920-1941),1940,1941,1932,1943,NLB,NLB,643,146,1,9.0,48,6.0,11,R,0.244,0.308,0.077,0.014,0.078,23.4,30.0,34.9,34.0,51.3,D-,D,D,D,C,61.9,Common,True,False,2,0,0,bbref_war,False,False
owenma01,owenma01,Marv Owen,3B,,Golden Era (1920-1941),1936,1934,1931,1940,DET,DET,3782,1040,31,30.0,338,283.0,9,R,0.283,0.348,0.096,0.065,0.083,32.2,21.3,39.4,30.3,49.9,D,D-,D+,D,C,61.8,Common,False,False,0,0,0,bbref_war,False,False
riggsle01,riggsle01,Lew Riggs,3B,,Golden Era (1920-1941),1938,1935,1934,1946,CIN,CIN,2477,650,28,22.0,181,140.0,10,L,0.265,0.319,0.115,0.051,0.067,20.4,31.3,26.0,35.1,56.6,D-,D,D,D+,C+,61.8,Common,True,False,1,0,0,bbref_war,False,False
schuljo03,schuljo03,Joe Schultz,RF,LF,Golden Era (1920-1941),1921,1921,1912,1925,STL,STL,1959,558,15,35.0,116,102.0,14,R,0.29,0.331,0.094,0.048,0.054,42.4,22.0,15.3,38.3,41.9,C-,D-,F,D+,C-,61.8,Common,False,False,0,0,0,bbref_war,False,False
tatebe01,tatebe01,Bennie Tate,C,,Golden Era (1920-1941),1928,1930,1924,1934,MIN,MIN,1560,435,4,5.0,118,51.0,12,L,0.295,0.346,0.069,0.031,0.071,51.0,8.8,29.0,10.4,55.6,C,F,D,F,C+,61.8,Common,False,False,0,0,0,bbref_war,False,False
hornebi01,hornebi01,Billy Horne,2B,SS,Golden Era (1920-1941),1941,1942,1938,1946,NLB,NLB,670,155,2,13.0,58,4.0,10,L,0.244,0.305,0.067,0.007,0.08,24.3,25.6,37.2,41.5,49.9,D-,D,D+,C-,C,61.7,Common,True,False,6,0,0,bbref_war,False,False
lylesjo02,lylesjo02,John Lyles,SS,,Golden Era (1920-1941),1940,1939,1932,1943,NLB,NLB,488,123,1,21.0,42,4.0,11,B,0.245,0.318,0.054,0.008,0.079,24.8,23.1,36.1,52.0,48.4,D-,D-,D+,C,C,61.7,Common,True,False,2,0,0,bbref_war,False,False
bohnesa01,bohnesa01,Sam Bohne,2B,"3B,SS",Golden Era (1920-1941),1923,1921,1916,1926,CIN,CIN,2315,605,16,75.0,193,154.0,8,R,0.261,0.321,0.097,0.061,0.077,14.8,21.3,34.1,49.1,67.2,F,D-,D,C,B,61.6,Common,False,False,0,0,0,bbref_war,False,False
brownji03,brownji03,Jimmy Brown,2B,"3B,SS",Golden Era (1920-1941),1940,1941,1937,1946,STL,STL,3512,980,9,39.0,231,110.0,8,B,0.282,0.329,0.073,0.03,0.062,41.6,8.8,21.7,43.6,55.1,C-,F,D-,C-,C+,61.6,Common,True,False,1,0,0,bbref_war,False,False
clarkbo05,clarkbo05,Bob Clarke,C,,Golden Era (1920-1941),1932,1928,1923,1948,NLB,NLB,2131,462,7,16.0,156,12.0,25,R,0.246,0.315,0.075,0.011,0.084,23.7,28.0,40.5,26.0,52.4,D-,D,C-,D,C,61.6,Common,True,False,1,0,0,bbref_war,False,False
decuili01,decuili01,Lionel Decuir,C,,Golden Era (1920-1941),1939,1940,1937,1940,NLB,NLB,107,19,1,3.0,8,2.0,4,R,0.178,0.241,0.056,0.017,0.069,16.2,39.3,27.7,32.6,50.2,F,D+,D,D,C,61.6,Common,True,False,1,0,0,bbref_war,False,False
almadme01,almadme01,Mel Almada,CF,RF,Golden Era (1920-1941),1936,1937,1933,1939,BOS,BOS,2483,706,15,56.0,214,150.0,10,L,0.284,0.342,0.083,0.056,0.079,35.7,14.7,36.2,44.6,46.1,D+,F,D+,C-,C,61.5,Common,False,False,0,0,0,bbref_war,False,False
gracejo01,gracejo01,Joe Grace,RF,LF,Golden Era (1920-1941),1940,1941,1938,1947,BAL,BAL,1561,442,20,9.0,179,135.0,7,L,0.283,0.362,0.11,0.077,0.102,28.1,29.8,55.3,12.8,41.3,D,D,C+,F,C-,61.5,Common,False,False,0,0,0,bbref_war,False,False
lamarcl01,lamarcl01,Clarence Lamar,SS,,Golden Era (1920-1941),1940,1943,1937,1943,NLB,NLB,400,92,3,12.0,31,1.0,9,R,0.23,0.294,0.075,0.002,0.071,20.9,30.3,29.4,42.6,49.5,D-,D,D,C-,C,61.5,Common,True,False,1,0,0,bbref_war,False,False
leeha01,leeha01,Hal Lee,LF,,Golden Era (1920-1941),1933,1934,1930,1936,ATL,ATL,2750,755,33,15.0,203,225.0,8,R,0.275,0.326,0.117,0.076,0.069,21.5,33.3,27.3,31.5,51.0,D-,D,D,D,C,61.5,Common,False,False,0,0,0,bbref_war,False,False
olivejo02,olivejo02,John Henry Oliver,2B,,Golden Era (1920-1941),1932,1945,1930,1945,NLB,NLB,120,20,0,3.0,10,0.0,5,R,0.167,0.237,0.033,0.0,0.076,17.9,35.5,33.8,30.9,49.8,F,D+,D,D,C,61.5,Common,True,False,1,0,0,bbref_war,False,False
dahlgba01,dahlgba01,Babe Dahlgren,1B,,Golden Era (1920-1941),1941,1941,1935,1946,PIT,PIT,4045,1056,82,18.0,390,401.0,15,R,0.274,0.341,0.13,0.088,0.086,17.8,41.6,42.2,25.2,39.2,F,C-,C-,D,D+,61.4,Common,True,False,1,0,0,bbref_war,False,False
hoagmy01,hoagmy01,Myril Hoag,RF,"CF,LF",Golden Era (1920-1941),1936,1944,1931,1945,NYY,NYY,3147,854,28,59.0,252,298.0,15,R,0.289,0.344,0.108,0.085,0.074,30.6,28.9,31.6,31.2,41.1,D,D,D,D,C-,61.4,Common,True,False,1,0,0,bbref_war,False,False
picinva01,picinva01,Val Picinich,C,,Golden Era (1920-1941),1926,1928,1916,1933,CIN,CIN,2877,743,26,31.0,314,382.0,19,R,0.273,0.353,0.114,0.096,0.107,14.3,31.8,59.4,35.0,45.7,F,D,C+,D+,C,61.4,Common,False,False,0,0,0,bbref_war,False,False
handlle01,handlle01,Lee Handley,3B,2B,Golden Era (1920-1941),1939,1938,1936,1947,PIT,PIT,3356,902,15,68.0,267,204.0,10,R,0.277,0.332,0.083,0.058,0.076,29.0,14.3,33.2,49.1,54.6,D,F,D,C,C,61.3,Common,False,False,0,0,0,bbref_war,False,False
reidam01,reidam01,Ambrose Reid,LF,"2B,3B",Golden Era (1920-1941),1926,1924,1921,1932,NLB,NLB,1749,447,8,27.0,136,11.0,11,,0.274,0.327,0.06,0.004,0.072,40.2,13.8,29.9,38.0,46.2,C-,F,D,D+,C,61.3,Common,False,False,0,0,0,bbref_war,False,False
clarkmo01,clarkmo01,Morten Clark,SS,,Golden Era (1920-1941),1920,1920,1910,1923,NLB,NLB,1806,427,3,94.0,203,2.0,16,L,0.244,0.324,0.065,0.002,0.099,23.0,16.9,53.1,53.0,46.7,D-,F,C,C,C,61.2,Common,False,False,0,0,0,bbref_war,False,False
roettwa01,roettwa01,Wally Roettger,LF,"CF,RF",Golden Era (1920-1941),1931,1928,1927,1934,STL,STL,1949,556,19,4.0,99,143.0,9,R,0.29,0.33,0.103,0.065,0.048,37.6,26.4,10.5,21.4,47.7,D+,D,F,D-,C,61.2,Common,False,False,0,0,0,bbref_war,False,False
neisbe01,neisbe01,Bernie Neis,CF,"LF,RF",Golden Era (1920-1941),1924,1925,1920,1927,LAD,LAD,1825,496,25,46.0,201,186.0,9,B,0.275,0.349,0.107,0.091,0.1,17.2,28.8,53.5,37.1,45.1,F,D,C,D+,C,61.1,Common,False,False,0,0,0,bbref_war,False,False
pedroeu01,pedroeu01,Eustaquio Pedroso,1B,RF,Golden Era (1920-1941),1922,1922,1910,1926,NLB,NLB,1527,380,7,30.0,138,3.0,16,R,0.254,0.322,0.096,0.004,0.082,25.9,24.0,38.2,39.2,45.7,D,D-,D+,D+,C,61.1,Common,False,False,0,0,0,bbref_war,False,False
simmswi01,,Willie Simms,CF,LF,Golden Era (1920-1941),1940,1939,1937,1943,NLB,NLB,881,207,5,33.0,82,7.0,10,L,0.235,0.303,0.078,0.007,0.085,16.4,23.3,40.9,53.4,52.8,F,D-,C-,C,C,61.1,Common,True,False,1,0,0,lahman_proxy,False,False
toddal01,toddal01,Al Todd,C,,Golden Era (1920-1941),1937,1937,1932,1943,PIT,PIT,2785,768,35,18.0,104,243.0,11,R,0.284,0.315,0.108,0.079,0.037,28.1,29.5,1.1,31.9,56.6,D,D,F,D,C+,61.1,Common,False,False,0,0,0,bbref_war,False,False
washina01,washina01,Namon Washington,LF,,Golden Era (1920-1941),1925,1923,1920,1933,NLB,NLB,1957,488,6,79.0,204,18.0,11,,0.256,0.333,0.056,0.012,0.099,26.3,11.3,52.4,54.4,49.2,D,F,C,C,C,61.1,Common,False,False,0,0,0,bbref_war,False,False
bordafr01,bordafr01,Frenchy Bordagaray,3B,"CF,LF,RF",Golden Era (1920-1941),1937,1936,1934,1945,LAD,LAD,2632,745,14,66.0,173,186.0,11,R,0.29,0.337,0.09,0.065,0.062,37.2,18.9,21.6,53.6,36.8,D+,F,D-,C,D+,61.0,Common,False,False,0,0,0,bbref_war,False,False
rothrja01,rothrja01,Jack Rothrock,RF,"CF,LF,SS",Golden Era (1920-1941),1929,1929,1925,1937,BOS,BOS,3350,924,28,75.0,299,312.0,12,B,0.281,0.337,0.104,0.093,0.076,21.9,26.4,33.8,42.6,48.1,D-,D,D,C-,C,61.0,Common,False,False,0,0,0,bbref_war,False,False
wittwh01,wittwh01,Whitey Witt,CF,"RF,SS",Golden Era (1920-1941),1921,1923,1916,1926,OAK,OAK,4171,1195,18,78.0,489,309.0,10,L,0.286,0.366,0.08,0.072,0.11,32.7,11.7,61.7,42.0,40.1,D,F,B-,C-,C-,61.0,Common,False,False,0,0,0,bbref_war,False,False
boeckto01,boeckto01,Tony Boeckel,3B,,Golden Era (1920-1941),1920,1921,1917,1923,ATL,ATL,2880,813,27,90.0,237,218.0,7,R,0.282,0.339,0.098,0.07,0.076,29.9,22.9,33.3,50.6,36.0,D,D-,D,C,D+,60.9,Common,False,False,0,0,0,bbref_war,False,False
clancbu01,clancbu01,Bud Clancy,1B,,Golden Era (1920-1941),1928,1927,1924,1934,CHW,CHW,1796,504,12,19.0,111,106.0,9,L,0.283,0.332,0.092,0.051,0.063,35.7,20.1,23.1,27.6,48.5,D+,D-,D-,D,C,60.9,Common,False,False,0,0,0,bbref_war,False,False
dayco01,dayco01,Connie Day,2B,,Golden Era (1920-1941),1923,1921,1920,1932,NLB,NLB,2324,545,14,48.0,176,25.0,12,R,0.242,0.3,0.082,0.014,0.071,16.3,20.8,29.4,47.1,63.6,F,D-,D,C,B-,60.9,Common,False,False,0,0,0,bbref_war,False,False
kampoal01,kampoal01,Alex Kampouris,2B,,Golden Era (1920-1941),1939,1937,1934,1943,LAD,LAD,2182,531,45,22.0,244,360.0,11,R,0.245,0.328,0.126,0.144,0.102,1.0,39.2,55.5,36.8,51.4,F,D+,C+,D+,C,60.9,Common,False,False,0,0,0,bbref_war,False,False
knickbi01,knickbi01,Bill Knickerbocker,SS,2B,Golden Era (1920-1941),1938,1934,1933,1942,CLE,CLE,3418,943,28,25.0,244,238.0,10,R,0.282,0.334,0.097,0.061,0.069,32.3,22.8,27.5,16.5,53.2,D,D-,D,F,C,60.9,Common,False,False,0,0,0,bbref_war,False,False
petwabr01,petwabr01,Bruce Petway,C,,Golden Era (1920-1941),1922,1921,1906,1925,NLB,NLB,1831,450,7,59.0,158,1.0,20,B,0.264,0.328,0.068,0.001,0.079,34.6,10.8,36.4,44.1,48.9,D,F,D+,C-,C,60.9,Common,False,False,0,0,0,bbref_war,False,False
seedsbo01,seedsbo01,Bob Seeds,CF,"LF,RF",Golden Era (1920-1941),1936,1938,1930,1940,CLE,CLE,1937,537,28,14.0,160,190.0,11,R,0.286,0.341,0.114,0.095,0.072,25.5,33.0,30.1,23.9,41.3,D,D,D,D-,C-,60.7,Common,False,False,0,0,0,bbref_war,False,False
deberha01,deberha01,Hank DeBerry,C,,Golden Era (1920-1941),1923,1923,1916,1930,LAD,LAD,1850,494,11,13.0,148,119.0,11,R,0.275,0.335,0.097,0.06,0.078,26.5,23.5,34.9,24.5,49.9,D,D-,D,D-,C,60.6,Common,False,False,0,0,0,bbref_war,False,False
powelra01,powelra01,Ray Powell,CF,RF,Golden Era (1920-1941),1921,1921,1913,1924,ATL,ATL,3324,890,35,51.0,321,461.0,9,L,0.277,0.348,0.111,0.126,0.092,17.9,28.6,47.0,32.2,45.6,F,D,C,D,C,60.6,Common,False,False,0,0,0,bbref_war,False,False
berrych02,berrych02,Charlie Berry,C,,Golden Era (1920-1941),1931,1932,1925,1938,BOS,BOS,2018,539,23,13.0,160,196.0,12,R,0.271,0.327,0.106,0.088,0.074,15.1,27.6,31.9,30.8,58.6,F,D,D,D,C+,60.5,Common,False,False,0,0,0,bbref_war,False,False
floweja01,floweja01,Jake Flowers,2B,SS,Golden Era (1920-1941),1931,1930,1923,1934,LAD,LAD,1693,433,16,58.0,190,139.0,11,R,0.263,0.337,0.098,0.074,0.098,12.9,23.2,51.5,54.8,47.1,F,D-,C,C,C,60.5,Common,False,False,0,0,0,bbref_war,False,False
pinelba01,pinelba01,Babe Pinelli,3B,,Golden Era (1920-1941),1924,1924,1918,1927,CIN,CIN,2617,723,5,71.0,182,162.0,8,R,0.281,0.332,0.069,0.061,0.064,31.4,7.0,23.8,35.4,66.7,D,F,D-,D+,B,60.5,Common,False,False,0,0,0,bbref_war,False,False
gharrpa01,gharrpa01,Patsy Gharrity,C,1B,Golden Era (1920-1941),1920,1921,1916,1930,MIN,MIN,1961,513,20,32.0,188,231.0,10,R,0.27,0.339,0.104,0.107,0.088,11.7,26.3,43.2,37.6,56.2,F,D,C-,D+,C+,60.4,Common,False,False,0,0,0,bbref_war,False,False
martist01,martist01,Stu Martin,2B,3B,Golden Era (1920-1941),1939,1936,1936,1943,STL,STL,2237,599,16,36.0,190,185.0,8,L,0.27,0.328,0.096,0.076,0.076,18.0,22.1,33.5,48.7,51.7,F,D-,D,C,C,60.4,Common,True,False,1,0,0,bbref_war,False,False
whitebu01,whitebu01,Burgess Whitehead,2B,3B,Golden Era (1920-1941),1936,1936,1933,1946,SFG,SFG,3316,883,17,51.0,150,138.0,9,R,0.276,0.312,0.066,0.04,0.041,33.1,6.0,4.6,43.7,70.7,D,F,F,C-,B,60.4,Common,True,False,2,0,0,bbref_war,False,False
hughero01,hughero01,Roy Hughes,2B,"3B,SS",Golden Era (1920-1941),1938,1944,1935,1946,CLE,CLE,2582,705,5,80.0,222,175.0,10,R,0.28,0.338,0.071,0.061,0.078,30.1,7.7,35.2,60.8,47.7,D,F,D+,B-,C,60.3,Common,False,False,0,0,0,bbref_war,False,False
burrudi01,burrudi01,Dick Burrus,1B,,Golden Era (1920-1941),1926,1925,1919,1928,ATL,ATL,1760,513,11,18.0,138,95.0,6,L,0.291,0.347,0.082,0.05,0.072,43.1,15.2,30.4,22.2,37.8,C-,F,D,D-,D+,60.2,Common,False,False,0,0,0,bbref_war,False,False
maypi01,maypi01,Merrill May,3B,,Golden Era (1920-1941),1941,1940,1939,1943,PHI,PHI,2215,610,4,13.0,261,121.0,5,R,0.275,0.354,0.061,0.049,0.105,30.2,3.5,57.7,26.2,59.3,D,F,C+,D,C+,60.2,Common,True,False,1,0,0,bbref_war,False,False
willidi01,willidi01,Dib Williams,2B,SS,Golden Era (1920-1941),1932,1931,1930,1935,OAK,OAK,1574,421,29,7.0,133,140.0,7,R,0.267,0.327,0.118,0.082,0.078,13.9,35.3,34.9,25.7,47.8,F,D+,D,D,C,60.2,Common,False,False,0,0,0,bbref_war,False,False
cissebi01,cissebi01,Bill Cissell,2B,SS,Golden Era (1920-1941),1932,1932,1928,1938,CHW,CHW,3707,990,29,113.0,212,250.0,10,R,0.279,0.319,0.095,0.064,0.054,28.9,21.4,15.1,49.7,42.7,D,D-,F,C,C-,60.1,Common,False,False,0,0,0,bbref_war,False,False
brubabi01,brubabi01,Bill Brubaker,3B,,Golden Era (1920-1941),1937,1937,1932,1943,PIT,PIT,1564,413,22,13.0,151,239.0,10,R,0.27,0.338,0.113,0.134,0.087,11.8,32.4,42.6,32.0,46.6,F,D,C-,D,C,60.0,Common,False,False,0,0,0,bbref_war,False,False
haywora01,haywora01,Ray Hayworth,C,,Golden Era (1920-1941),1934,1935,1926,1945,DET,DET,2062,546,5,2.0,198,188.0,17,R,0.291,0.352,0.085,0.085,0.083,31.4,17.2,39.7,1.0,56.2,D,F,D+,F,C+,60.0,Common,False,False,0,0,0,bbref_war,False,False
vergejo01,vergejo01,Johnny Vergez,3B,,Golden Era (1920-1941),1934,1933,1931,1936,SFG,SFG,2323,593,52,22.0,171,303.0,7,R,0.255,0.311,0.13,0.121,0.068,1.0,42.4,26.9,38.1,50.9,F,C-,D,D+,C,59.9,Common,False,False,0,0,0,bbref_war,False,False
graceea01,graceea01,Earl Grace,C,,Golden Era (1920-1941),1933,1933,1929,1937,PIT,PIT,1877,493,31,1.0,185,130.0,9,L,0.263,0.331,0.105,0.062,0.089,16.1,28.6,44.3,10.8,51.7,F,D,C-,F,C,59.8,Common,False,False,0,0,0,bbref_war,False,False
martyjo01,martyjo01,Joe Marty,CF,,Golden Era (1920-1941),1939,1940,1937,1941,CHC,CHC,1832,478,44,14.0,142,187.0,6,R,0.261,0.318,0.139,0.094,0.072,4.8,46.4,29.8,33.1,39.3,F,C,D,D,D+,59.8,Common,False,False,0,0,0,bbref_war,False,False
rawlijo01,rawlijo01,Johnny Rawlings,2B,SS,Golden Era (1920-1941),1921,1917,1914,1926,ATL,ATL,3719,928,14,92.0,257,275.0,15,R,0.273,0.324,0.07,0.06,0.061,25.1,8.1,20.7,43.4,65.2,D,F,D-,C-,B,59.8,Common,False,False,0,0,0,bbref_war,False,False
youngpe01,youngpe01,Pep Young,2B,,Golden Era (1920-1941),1938,1938,1933,1945,PIT,PIT,2466,645,32,18.0,152,312.0,11,R,0.265,0.311,0.121,0.116,0.059,7.3,35.3,19.5,36.2,55.6,F,D+,F,D+,C+,59.8,Common,False,False,0,0,0,bbref_war,False,False
boleyjo01,boleyjo01,Joe Boley,SS,,Golden Era (1920-1941),1930,1927,1927,1932,OAK,OAK,1780,478,7,15.0,130,84.0,7,R,0.269,0.323,0.086,0.044,0.068,25.9,16.4,26.5,31.0,52.9,D,F,D,D,C,59.7,Common,False,False,0,0,0,bbref_war,False,False
mcneeea01,mcneeea01,Earl McNeely,CF,"LF,RF",Golden Era (1920-1941),1927,1926,1924,1931,MIN,MIN,2254,614,4,69.0,183,187.0,8,R,0.283,0.345,0.082,0.077,0.076,27.9,13.6,33.4,49.4,41.9,D,F,D,C,C-,59.7,Common,False,False,0,0,0,bbref_war,False,False
chiozlo01,chiozlo01,Lou Chiozza,2B,"3B,CF",Golden Era (1920-1941),1936,1936,1934,1939,SFG,SFG,2288,633,14,45.0,145,165.0,6,L,0.277,0.324,0.084,0.067,0.059,25.8,15.9,19.6,50.7,44.7,D,F,F,C,C-,59.5,Common,False,False,0,0,0,bbref_war,False,False
craftha01,craftha01,Harry Craft,CF,,Golden Era (1920-1941),1940,1938,1937,1942,CIN,CIN,2104,533,44,14.0,110,203.0,6,R,0.253,0.294,0.127,0.091,0.049,1.0,40.3,11.4,37.2,56.8,F,C-,F,D+,C+,59.5,Common,False,False,0,0,0,bbref_war,False,False
fordho01,fordho01,Horace Ford,SS,2B,Golden Era (1920-1941),1926,1921,1919,1933,CIN,CIN,4833,1269,16,21.0,351,354.0,16,R,0.271,0.326,0.078,0.074,0.069,19.5,11.9,27.5,13.3,75.1,F,F,D,F,B+,59.5,Common,False,False,0,0,0,bbref_war,False,False
peacojo01,peacojo01,Johnny Peacock,C,,Golden Era (1920-1941),1941,1941,1937,1945,BOS,BOS,1734,455,1,14.0,183,73.0,11,L,0.267,0.342,0.068,0.036,0.102,26.9,7.5,55.4,27.0,50.2,D,F,C+,D,C,59.5,Common,False,False,0,0,0,bbref_war,False,False
tayloza02,tayloza02,Zack Taylor,C,,Golden Era (1920-1941),1925,1924,1920,1935,LAD,LAD,2865,748,9,9.0,161,192.0,18,R,0.281,0.321,0.077,0.054,0.05,33.4,11.8,12.2,10.6,62.8,D,F,F,F,B-,59.5,Common,False,False,0,0,0,bbref_war,False,False
claytza01,claytza01,Zack Clayton,1B,,Golden Era (1920-1941),1940,1934,1934,1945,NLB,NLB,335,72,2,1.0,30,6.0,6,L,0.215,0.283,0.063,0.016,0.082,12.5,29.1,38.3,17.0,50.7,F,D,D+,F,C,59.4,Common,True,False,1,0,0,bbref_war,False,False
freigho01,freigho01,Howard Freigau,3B,SS,Golden Era (1920-1941),1925,1925,1922,1928,STL,STL,1974,537,15,32.0,138,161.0,9,R,0.272,0.322,0.098,0.076,0.065,19.3,23.2,24.5,38.6,46.1,F,D-,D-,D+,C,59.4,Common,False,False,0,0,0,bbref_war,False,False
jonesbo01,jonesbo01,Bob Jones,3B,,Golden Era (1920-1941),1921,1921,1917,1925,DET,DET,2990,791,7,49.0,208,156.0,9,L,0.269,0.319,0.075,0.048,0.066,25.1,9.5,24.9,35.8,58.9,D,F,D-,D+,C+,59.4,Common,False,False,0,0,0,bbref_war,False,False
reganbi01,reganbi01,Bill Regan,2B,,Golden Era (1920-1941),1928,1930,1926,1931,BOS,BOS,2364,632,18,38.0,122,245.0,6,R,0.267,0.306,0.12,0.098,0.049,9.5,34.4,10.9,39.1,50.4,F,D,F,D+,C,59.4,Common,False,False,0,0,0,bbref_war,False,False
willibo02,willibo02,Bobby Williams,SS,,Golden Era (1920-1941),1924,1924,1918,1934,NLB,NLB,1945,431,3,66.0,152,23.0,15,R,0.23,0.299,0.066,0.019,0.08,9.0,16.7,36.5,61.2,51.7,F,F,D+,B-,C,59.3,Common,False,False,0,0,0,bbref_war,False,False
jimenbi01,jimenbi01,Bienvenido Jiménez,2B,,Golden Era (1920-1941),1921,1920,1915,1929,NLB,NLB,1557,379,7,62.0,162,4.0,10,R,0.241,0.333,0.072,0.003,0.092,15.5,9.7,46.6,55.3,49.5,F,F,C,C+,C,59.2,Common,False,False,0,0,0,bbref_war,False,False
galloch01,galloch01,Chick Galloway,SS,,Golden Era (1920-1941),1924,1922,1919,1928,OAK,OAK,3583,946,17,79.0,274,225.0,10,R,0.277,0.33,0.085,0.058,0.072,28.9,15.4,30.5,38.7,35.6,D,F,D,D+,D+,59.1,Common,False,False,0,0,0,bbref_war,False,False
gilbewa01,gilbewa01,Wally Gilbert,3B,,Golden Era (1920-1941),1930,1929,1928,1932,LAD,LAD,2317,624,7,21.0,162,131.0,5,R,0.269,0.322,0.072,0.052,0.065,24.0,9.3,24.3,33.4,57.4,D-,F,D-,D,C+,59.1,Common,False,False,0,0,0,bbref_war,False,False
tavenja01,tavenja01,Jackie Tavener,SS,,Golden Era (1920-1941),1926,1927,1921,1929,DET,DET,2131,543,13,46.0,186,231.0,6,L,0.255,0.318,0.109,0.099,0.08,1.0,26.8,36.8,45.7,53.2,F,D,D+,C,C,59.1,Common,False,False,0,0,0,bbref_war,False,False
durocle01,durocle01,Leo Durocher,SS,2B,Golden Era (1920-1941),1934,1939,1925,1945,STL,STL,5350,1320,24,31.0,377,480.0,18,R,0.266,0.315,0.08,0.087,0.064,11.2,12.8,23.1,32.6,70.4,F,F,D-,D,B,59.0,Common,True,False,3,0,0,bbref_war,False,False
farredo01,farredo01,Doc Farrell,SS,2B,Golden Era (1920-1941),1930,1927,1925,1935,SFG,SFG,1799,467,10,14.0,109,120.0,12,R,0.287,0.333,0.067,0.063,0.061,34.8,9.1,21.2,28.4,44.8,D,F,D-,D,C-,59.0,Common,False,False,0,0,0,bbref_war,False,False
felixgu01,felixgu01,Gus Felix,LF,CF,Golden Era (1920-1941),1925,1925,1923,1927,ATL,ATL,2046,561,12,28.0,189,194.0,5,R,0.274,0.341,0.087,0.086,0.084,18.2,16.5,40.1,31.8,47.3,F,F,C-,D,C,59.0,Common,False,False,0,0,0,bbref_war,False,False
oliveto01,oliveto01,Tom Oliver,CF,,Golden Era (1920-1941),1932,1930,1930,1933,BOS,BOS,1931,534,0,12.0,105,61.0,4,R,0.277,0.316,0.064,0.03,0.051,36.6,5.2,13.0,18.9,56.6,D+,F,F,F,C+,59.0,Common,False,False,0,0,0,bbref_war,False,False
orourfr01,o'roufr01,Frank O'Rourke,3B,"2B,SS",Golden Era (1920-1941),1925,1925,1912,1931,BAL,BAL,4069,1032,15,100.0,314,377.0,14,R,0.271,0.335,0.089,0.078,0.073,17.8,18.1,31.1,44.0,43.1,F,F,D,C-,C-,59.0,Common,False,False,0,0,0,bbref_war,False,False
schmiwa01,schmiwa01,Walter Schmidt,C,,Golden Era (1920-1941),1920,1918,1916,1925,PIT,PIT,2411,619,3,57.0,137,105.0,10,R,0.265,0.308,0.048,0.04,0.053,24.3,1.0,14.1,46.1,66.8,D-,F,F,C,B,59.0,Common,False,False,0,0,0,bbref_war,False,False
stephja02,stephja02,Jake Stephens,SS,,Golden Era (1920-1941),1932,1926,1921,1937,NLB,NLB,2391,565,4,78.0,220,37.0,20,R,0.238,0.312,0.043,0.016,0.082,13.3,4.6,38.6,58.7,58.9,F,F,D+,C+,C+,59.0,Common,True,False,1,0,0,bbref_war,False,False
hunnebi01,hunnebi01,Bill Hunnefield,SS,2B,Golden Era (1920-1941),1928,1926,1926,1931,CHW,CHW,1664,452,9,67.0,117,111.0,8,B,0.272,0.322,0.072,0.062,0.065,23.0,10.5,24.8,49.8,46.3,D-,F,D-,C,C,58.9,Common,False,False,0,0,0,bbref_war,False,False
cavenik01,cavenik01,Ike Caveney,SS,,Golden Era (1920-1941),1924,1923,1922,1925,CIN,CIN,1577,410,13,15.0,97,126.0,4,R,0.26,0.307,0.094,0.075,0.058,9.8,21.0,18.2,28.8,62.0,F,D-,F,D,B-,58.8,Common,False,False,0,0,0,bbref_war,False,False
cooneji02,cooneji02,Jimmy Cooney,SS,,Golden Era (1920-1941),1925,1926,1917,1928,STL,STL,1575,413,2,30.0,76,58.0,8,R,0.262,0.298,0.065,0.035,0.046,23.3,5.8,8.5,37.0,65.7,D-,F,F,D+,B,58.8,Common,False,False,0,0,0,bbref_war,False,False
whitejo01,whitejo01,Jo-Jo White,CF,"LF,RF",Golden Era (1920-1941),1935,1934,1932,1944,DET,DET,2652,678,8,92.0,386,276.0,10,L,0.256,0.352,0.077,0.09,0.124,2.3,10.1,74.0,61.1,44.1,F,F,B,B-,C-,58.7,Common,False,False,0,0,0,bbref_war,False,False
spencro01,spencro01,Roy Spencer,C,,Golden Era (1920-1941),1931,1931,1925,1938,MIN,MIN,1814,448,3,4.0,128,130.0,12,R,0.279,0.325,0.054,0.048,0.061,32.7,3.8,21.4,15.2,56.6,D,F,D-,F,C+,58.6,Common,False,False,0,0,0,bbref_war,False,False
beckcl01,beckcl01,Clyde Beck,3B,"2B,SS",Golden Era (1920-1941),1928,1928,1926,1931,CHC,CHC,1525,354,12,9.0,184,180.0,6,R,0.232,0.317,0.075,0.105,0.107,1.0,11.6,59.7,30.3,60.7,F,F,C+,D,B-,58.3,Common,False,False,0,0,0,bbref_war,False,False
gerbewa01,gerbewa01,Wally Gerber,SS,,Golden Era (1920-1941),1920,1923,1914,1929,BAL,BAL,5099,1309,7,43.0,465,357.0,16,R,0.267,0.333,0.062,0.059,0.084,20.2,3.0,40.0,25.1,56.6,D-,F,C-,D,C+,58.3,Common,False,False,0,0,0,bbref_war,False,False
bucheji01,bucheji01,Jim Bucher,3B,2B,Golden Era (1920-1941),1937,1935,1934,1945,LAD,LAD,1792,474,17,19.0,91,113.0,7,L,0.265,0.302,0.086,0.06,0.048,17.9,17.9,10.3,36.7,45.2,F,F,F,D+,C,58.2,Common,False,False,0,0,0,bbref_war,False,False
grantle01,grantle01,Leroy Grant,1B,,Golden Era (1920-1941),1921,1922,1911,1924,NLB,NLB,1831,474,11,42.0,124,14.0,16,R,0.233,0.29,0.067,0.013,0.057,13.1,19.0,17.9,38.0,46.6,F,F,F,D+,C,58.2,Common,False,False,0,0,0,bbref_war,False,False
fewstch01,fewstch01,Chick Fewster,2B,,Golden Era (1920-1941),1920,1919,1917,1927,NYY,NYY,1963,506,6,57.0,240,264.0,12,R,0.264,0.366,0.081,0.137,0.121,6.9,15.6,70.9,39.0,33.3,F,F,B,D+,D,58.1,Common,False,False,0,0,0,bbref_war,False,False
careyto02,careyto02,Tom Carey,2B,SS,Golden Era (1920-1941),1940,1940,1935,1946,BOS,BOS,1521,418,2,3.0,66,73.0,8,R,0.275,0.308,0.079,0.043,0.042,30.8,14.2,4.8,10.2,40.9,D,F,F,F,C-,57.7,Common,False,False,0,0,0,bbref_war,False,False
spohral01,spohral01,Al Spohrer,C,,Golden Era (1920-1941),1932,1930,1928,1935,ATL,ATL,2218,575,6,13.0,124,166.0,9,R,0.264,0.306,0.08,0.071,0.053,14.2,13.1,14.5,32.1,49.5,F,F,F,D,C,57.6,Common,False,False,0,0,0,bbref_war,False,False
theveto01,theveto01,Tommy Thevenow,SS,"2B,3B",Golden Era (1920-1941),1931,1926,1924,1938,PIT,PIT,4164,1030,2,23.0,210,222.0,15,R,0.261,0.299,0.051,0.044,0.048,19.6,1.0,10.5,34.4,60.0,F,F,F,D,B-,57.6,Common,False,False,0,0,0,bbref_war,False,False
lutzkru01,lutzkru01,Rube Lutzke,3B,,Golden Era (1920-1941),1925,1923,1923,1927,CLE,CLE,1876,468,4,23.0,179,196.0,5,R,0.249,0.319,0.072,0.095,0.087,1.0,8.9,42.3,33.3,59.4,F,F,C-,D,C+,57.5,Common,False,False,0,0,0,bbref_war,False,False
urbanbi01,urbanbi01,Billy Urbanski,SS,3B,Golden Era (1920-1941),1934,1934,1931,1937,ATL,ATL,3046,791,19,24.0,198,252.0,7,R,0.26,0.309,0.077,0.077,0.061,8.7,11.7,20.7,42.3,49.8,F,F,D-,C-,C,57.5,Common,False,False,0,0,0,bbref_war,False,False
warstra01,warstra01,Rabbit Warstler,SS,2B,Golden Era (1920-1941),1937,1937,1930,1940,ATL,ATL,4088,935,11,42.0,405,414.0,13,R,0.234,0.307,0.059,0.09,0.093,1.0,1.8,48.0,35.4,66.5,F,F,C,D+,B,57.5,Common,False,False,0,0,0,bbref_war,False,False
desauge01,desauge01,Gene Desautels,C,,Golden Era (1920-1941),1940,1938,1930,1946,BOS,BOS,2012,469,3,12.0,232,168.0,13,R,0.253,0.345,0.055,0.08,0.119,3.2,2.8,69.5,20.0,57.9,F,F,B,D-,C+,57.4,Common,False,False,0,0,0,bbref_war,False,False
rhyneha01,rhyneha01,Hal Rhyne,SS,2B,Golden Era (1920-1941),1930,1931,1926,1933,BOS,BOS,2031,508,2,13.0,184,127.0,7,R,0.25,0.318,0.073,0.057,0.082,6.8,9.0,38.9,24.7,54.9,F,F,D+,D-,C,57.4,Common,False,False,0,0,0,bbref_war,False,False
staintu01,staintu01,Tuck Stainback,CF,"LF,RF",Golden Era (1920-1941),1940,1945,1934,1946,NYY,NYY,2261,585,17,27.0,64,213.0,15,R,0.274,0.299,0.084,0.086,0.026,17.7,17.6,1.0,24.8,45.2,F,F,F,D-,C,57.4,Common,False,False,0,0,0,bbref_war,False,False
riosma01,riosma01,Matías Ríos,3B,SS,Golden Era (1920-1941),1921,1920,1915,1924,NLB,NLB,1574,347,3,33.0,123,1.0,9,R,0.223,0.283,0.047,0.001,0.072,8.6,8.0,30.4,40.1,49.9,F,F,D,C-,C,57.3,Common,False,False,0,0,0,bbref_war,False,False
bergmo01,bergmo01,Moe Berg,C,SS,Golden Era (1920-1941),1933,1928,1923,1939,BOS,BOS,1813,441,6,11.0,78,117.0,16,R,0.268,0.311,0.054,0.069,0.051,18.1,4.1,12.3,21.2,56.0,F,F,F,D-,C+,57.1,Common,False,False,0,0,0,bbref_war,False,False
maguifr01,maguifr01,Freddie Maguire,2B,,Golden Era (1920-1941),1928,1928,1922,1931,ATL,ATL,2120,545,1,23.0,82,131.0,6,R,0.257,0.289,0.065,0.059,0.037,11.9,5.0,1.0,40.4,59.9,F,F,F,C-,C+,57.1,Common,False,False,0,0,0,bbref_war,False,False
sandhe01,sandhe01,Heinie Sand,SS,,Golden Era (1920-1941),1926,1927,1923,1928,PHI,PHI,3033,781,18,21.0,382,340.0,6,R,0.258,0.343,0.087,0.099,0.111,1.2,16.1,63.0,30.6,34.1,F,F,B-,D,D,57.1,Common,False,False,0,0,0,bbref_war,False,False
warneja01,warneja01,Jack Warner,3B,,Golden Era (1920-1941),1928,1927,1925,1933,DET,DET,1546,387,1,31.0,142,137.0,8,R,0.256,0.325,0.062,0.083,0.085,4.2,4.0,41.2,41.4,51.7,F,F,C-,C-,C,57.0,Common,False,False,0,0,0,bbref_war,False,False
reevebo01,reevebo01,Bobby Reeves,3B,SS,Golden Era (1920-1941),1928,1928,1926,1931,BOS,BOS,1598,402,8,21.0,175,218.0,6,R,0.252,0.331,0.077,0.122,0.098,1.0,11.5,51.8,29.7,43.3,F,F,C,D,C-,56.9,Common,False,False,0,0,0,bbref_war,False,False
oneilmi02,o'neimi02,Mickey O'Neil,C,,Golden Era (1920-1941),1922,1920,1919,1927,ATL,ATL,1995,475,4,18.0,139,127.0,10,R,0.246,0.303,0.052,0.066,0.069,1.2,1.0,28.1,28.2,65.9,F,F,D,D,B,56.5,Common,False,False,0,0,0,bbref_war,False,False
heffndo01,heffndo01,Don Heffner,2B,SS,Golden Era (1920-1941),1937,1934,1934,1944,NYY,NYY,2526,610,6,18.0,270,218.0,12,R,0.255,0.338,0.066,0.087,0.11,2.1,6.1,61.6,9.4,44.5,F,F,B-,F,C-,56.2,Common,False,False,0,0,0,bbref_war,False,False
webbsk01,webbsk01,Skeeter Webb,SS,2B,Golden Era (1920-1941),1940,1932,1932,1948,DET,DET,2274,498,3,33.0,132,215.0,12,R,0.234,0.273,0.053,0.096,0.049,1.0,3.4,10.9,24.5,61.9,F,F,F,D-,B-,55.7,Common,False,False,0,0,0,bbref_war,False,False
leveyji01,leveyji01,Jim Levey,SS,,Golden Era (1920-1941),1932,1930,1930,1933,BAL,BAL,1632,375,11,23.0,85,201.0,4,B,0.23,0.272,0.075,0.116,0.049,1.0,11.8,11.2,29.2,40.0,F,F,F,D,C-,55.3,Common,False,False,0,0,0,bbref_war,False,False
willite01,willite01,Ted Williams,LF,RF,Integration (1942-1960),1947,1946,1939,1960,BOS,BOS,7706,2654,521,24.0,2021,709.0,19,L,0.362,0.507,0.303,0.066,0.223,125.0,125.0,125.0,28.3,53.7,S,S,S,D,C,98.6,Legendary,True,True,19,0,0,bbref_war,False,False
musiast01,musiast01,Stan Musial,LF,"1B,CF,RF",Integration (1942-1960),1948,1948,1941,1963,STL,STL,10972,3630,475,78.0,1599,696.0,22,L,0.354,0.439,0.26,0.047,0.129,123.2,107.0,69.2,60.7,63.5,S,S,B,B-,B-,98.2,Legendary,True,True,24,0,0,bbref_war,False,True
mantlmi01,mantlmi01,Mickey Mantle,CF,"1B,LF,RF",Integration (1942-1960),1957,1957,1951,1968,NYY,NYY,8102,2415,536,153.0,1733,1710.0,18,B,0.323,0.455,0.304,0.158,0.195,75.7,125.0,120.3,92.3,60.8,B+,S,S,A,B-,97.9,Legendary,True,True,19,1,2,bbref_war,False,True
kalinal01,kalinal01,Al Kaline,RF,"1B,CF",Integration (1942-1960),1959,1961,1953,1974,DET,DET,10116,3007,399,137.0,1277,1020.0,22,R,0.317,0.398,0.213,0.082,0.117,83.8,84.7,59.9,67.6,112.0,A-,A-,C+,B,S,96.2,Legendary,True,True,18,10,20,bbref_war,False,True
brownwi02,brownwi02,Willard Brown,CF,LF,Integration (1942-1960),1943,1937,1935,1948,NLB,NLB,1818,643,63,95.0,137,16.0,14,R,0.354,0.402,0.238,0.007,0.072,111.9,84.4,25.5,97.7,56.1,S,A-,D,A+,C+,92.6,Legendary,True,True,6,0,0,bbref_war,False,False
snidedu01,snidedu01,Duke Snider,CF,"LF,RF",Integration (1942-1960),1954,1953,1947,1964,LAD,LAD,7161,2116,407,99.0,971,1237.0,18,L,0.312,0.397,0.279,0.141,0.124,68.3,121.0,65.7,61.4,62.4,B,S,B,B-,B-,92.4,Legendary,True,True,8,0,0,bbref_war,False,False
matheed01,matheed01,Eddie Mathews,3B,1B,Integration (1942-1960),1959,1959,1952,1968,ATL,ATL,8537,2315,512,68.0,1444,1487.0,18,L,0.295,0.402,0.283,0.131,0.152,54.9,122.0,87.1,42.3,70.0,C,S,A,C-,B,91.3,Legendary,True,True,12,0,0,bbref_war,False,False
bankser01,bankser01,Ernie Banks,SS,1B,Integration (1942-1960),1958,1959,1953,1971,CHC,CHC,9421,2583,512,50.0,763,1236.0,19,R,0.292,0.357,0.278,0.116,0.09,55.1,121.7,39.8,39.8,84.8,C+,S,D+,D+,A-,91.2,Legendary,True,True,14,1,2,bbref_war,False,True
robinja02,robinja02,Jackie Robinson,2B,"1B,3B,LF",Integration (1942-1960),1951,1951,1945,1956,LAD,LAD,5006,1568,141,203.0,756,291.0,11,R,0.319,0.414,0.166,0.05,0.125,91.6,57.6,66.7,100.1,83.9,A,C+,B,S,A-,90.3,Legendary,True,True,7,0,0,bbref_war,False,False
irvinmo01,irvinmo01,Monte Irvin,LF,"1B,RF,SS",Integration (1942-1960),1951,1951,1938,1956,SFG,SFG,3570,1091,140,54.0,484,231.0,18,R,0.329,0.415,0.207,0.051,0.119,98.7,80.0,62.1,59.5,59.8,A+,A-,B-,C+,C+,90.0,Legendary,True,True,5,0,0,bbref_war,False,False
camparo01,camparo01,Roy Campanella,C,,Integration (1942-1960),1951,1951,1937,1957,LAD,LAD,5050,1427,260,39.0,608,514.0,19,R,0.305,0.386,0.247,0.086,0.112,71.3,104.7,56.6,37.0,70.6,B,S,C+,D+,B,89.2,Legendary,True,True,11,0,0,bbref_war,False,False
kinerra01,kinerra01,Ralph Kiner,LF,CF,Integration (1942-1960),1950,1947,1946,1955,PIT,PIT,5205,1451,369,22.0,1011,749.0,11,R,0.285,0.411,0.295,0.109,0.171,49.8,125.0,102.2,38.1,39.7,C,S,S,D+,D+,88.2,Legendary,True,True,6,0,0,bbref_war,False,False
boyerke01,boyerke01,Ken Boyer,3B,CF,Integration (1942-1960),1960,1961,1955,1969,STL,STL,7455,2143,282,105.0,713,1017.0,17,R,0.305,0.369,0.199,0.118,0.091,66.2,78.0,40.5,57.6,92.3,B,B+,C-,C+,A,86.8,Epic,True,False,11,5,10,bbref_war,False,True
kellech01,kellech01,Charlie Keller,LF,RF,Integration (1942-1960),1942,1942,1939,1952,NYY,NYY,3790,1085,189,45.0,784,499.0,13,L,0.292,0.414,0.238,0.11,0.171,55.4,95.1,101.7,52.3,56.7,C+,A+,S,C,C+,85.9,Epic,True,False,5,0,0,bbref_war,False,False
kluszte01,kluszte01,Ted Kluszewski,1B,,Integration (1942-1960),1953,1954,1947,1961,CIN,CIN,5929,1766,279,20.0,492,365.0,16,L,0.31,0.371,0.24,0.056,0.085,82.0,102.6,35.7,29.6,44.8,A-,S,D+,D,C-,85.4,Epic,True,False,4,0,0,bbref_war,False,False
minosmi01,minosmi01,Minnie Miñoso,LF,"3B,CF,RF",Integration (1942-1960),1956,1954,1946,1980,CHW,CHW,7059,2113,195,216.0,848,585.0,21,R,0.313,0.405,0.177,0.071,0.11,81.6,63.5,55.0,76.1,70.7,A-,B-,C+,B+,B,85.4,Epic,True,True,11,3,6,bbref_war,False,False
gordojo01,gordojo01,Joe Gordon,2B,,Integration (1942-1960),1942,1942,1938,1950,NYY,NYY,5707,1530,253,89.0,759,702.0,11,R,0.28,0.365,0.205,0.107,0.115,45.9,80.5,58.4,53.6,100.4,C,A-,C+,C,S,84.6,Epic,True,True,9,0,0,bbref_war,False,False
hodgegi01,hodgegi01,Gil Hodges,1B,,Integration (1942-1960),1954,1954,1943,1963,LAD,LAD,7030,1921,370,63.0,943,1137.0,18,R,0.286,0.376,0.239,0.136,0.126,45.7,99.9,67.0,36.9,65.9,C,A+,B,D+,B,84.6,Epic,True,True,8,3,6,bbref_war,False,True
heathje01,heathje01,Jeff Heath,LF,RF,Integration (1942-1960),1943,1941,1936,1949,CLE,CLE,4937,1447,194,56.0,593,670.0,15,L,0.302,0.383,0.231,0.117,0.114,63.8,92.1,57.7,48.9,53.4,B-,A,C+,C,C,84.1,Epic,True,False,2,0,0,bbref_war,False,False
berrayo01,berrayo01,Yogi Berra,C,"LF,RF",Integration (1942-1960),1953,1956,1946,1965,NYY,NYY,7555,2150,358,30.0,704,414.0,19,L,0.295,0.364,0.207,0.039,0.093,71.5,83.4,41.6,33.7,68.5,B,A-,C-,D,B,83.8,Epic,True,True,18,0,0,bbref_war,False,False
hoskibi01,hoskibi01,Bill Hoskins,LF,,Integration (1942-1960),1942,1941,1937,1946,NLB,NLB,1405,452,37,29.0,135,16.0,16,L,0.329,0.393,0.197,0.013,0.09,91.7,65.8,39.5,68.3,47.7,A,B,D+,B,C,83.8,Epic,True,False,3,0,0,bbref_war,False,False
pearsle01,pearsle02,Lennie Pearson,1B,LF,Integration (1942-1960),1943,1940,1937,1948,NLB,NLB,1830,537,54,45.0,163,11.0,15,R,0.313,0.376,0.201,0.004,0.091,81.6,68.6,40.4,67.1,54.7,A-,B,C-,B,C,83.4,Epic,True,False,8,0,0,bbref_war,False,False
slaugen01,slaugen01,Enos Slaughter,RF,LF,Integration (1942-1960),1946,1942,1938,1959,STL,STL,7946,2383,169,71.0,1018,538.0,22,L,0.315,0.392,0.167,0.056,0.108,86.2,57.3,53.4,66.5,57.2,A,C+,C,B,C+,83.2,Epic,True,True,10,0,0,bbref_war,False,False
doerrbo01,doerrbo01,Bobby Doerr,2B,,Integration (1942-1960),1946,1944,1937,1951,BOS,BOS,7093,2042,223,54.0,809,608.0,14,R,0.291,0.37,0.189,0.077,0.11,60.6,70.8,54.9,43.7,81.3,B-,B,C,C-,A-,82.8,Epic,True,True,9,0,0,bbref_war,False,False
henrito01,henrito01,Tommy Henrich,RF,"1B,CF",Integration (1942-1960),1946,1948,1937,1950,NYY,NYY,4603,1297,183,37.0,712,383.0,11,L,0.282,0.385,0.218,0.074,0.136,53.8,85.5,74.7,52.3,54.5,C,A,B,C,C,82.7,Epic,True,False,5,0,0,bbref_war,False,False
galanau01,galanau01,Augie Galan,LF,"1B,CF",Integration (1942-1960),1944,1944,1934,1949,LAD,LAD,5937,1706,100,123.0,979,393.0,18,B,0.308,0.418,0.139,0.05,0.155,81.0,41.8,89.6,68.4,58.3,A-,C-,A,B,C+,82.2,Epic,True,False,3,0,0,bbref_war,False,False
boudrlo01,boudrlo01,Lou Boudreau,SS,,Integration (1942-1960),1943,1948,1938,1952,CLE,CLE,6029,1779,68,51.0,796,309.0,15,R,0.302,0.391,0.13,0.05,0.124,75.5,37.2,65.8,43.3,97.0,B+,D+,B,C-,A+,82.1,Epic,True,True,8,0,0,bbref_war,False,False
dobyla01,dobyla01,Larry Doby,CF,"2B,RF",Integration (1942-1960),1952,1952,1942,1959,CLE,CLE,5883,1697,273,64.0,945,1012.0,19,L,0.282,0.396,0.217,0.156,0.154,38.8,86.4,88.4,50.8,63.8,D+,A,A,C,B-,82.1,Epic,True,True,8,0,0,bbref_war,False,False
rosenal01,rosenal01,Al Rosen,3B,1B,Integration (1942-1960),1953,1953,1947,1956,CLE,CLE,3725,1063,192,39.0,587,385.0,10,R,0.287,0.386,0.212,0.087,0.135,55.8,85.0,74.0,40.4,51.7,C+,A,B,C-,C,82.0,Epic,True,False,4,0,0,bbref_war,False,False
kimbrhe01,kimbrhe01,Henry Kimbro,CF,,Integration (1942-1960),1944,1947,1937,1948,NLB,NLB,2234,667,31,75.0,317,11.0,12,L,0.308,0.408,0.148,0.002,0.133,81.9,45.6,72.6,75.6,52.4,A-,C,B,B+,C,81.8,Epic,True,False,7,0,0,bbref_war,False,False
jenseja01,jenseja01,Jackie Jensen,RF,CF,Integration (1942-1960),1956,1958,1950,1961,BOS,BOS,5236,1463,199,143.0,750,546.0,12,R,0.284,0.375,0.193,0.087,0.128,53.3,73.6,68.3,68.8,57.6,C,B,B,B,C+,81.7,Epic,True,False,3,1,2,bbref_war,False,False
reesepe01,reesepe01,Pee Wee Reese,SS,3B,Integration (1942-1960),1948,1949,1940,1958,LAD,LAD,8058,2170,126,232.0,1210,890.0,16,R,0.283,0.387,0.123,0.096,0.142,50.8,34.1,79.3,96.4,91.0,C,D,B+,A+,A,81.6,Epic,True,True,10,0,0,bbref_war,False,True
coopewa01,coopewa01,Walker Cooper,C,,Integration (1942-1960),1947,1947,1940,1957,STL,STL,4702,1341,173,18.0,309,357.0,21,R,0.307,0.352,0.196,0.063,0.06,77.5,76.3,16.3,39.9,55.9,B+,B+,F,D+,C+,81.5,Epic,True,False,8,0,0,bbref_war,False,False
gordosi01,gordosi01,Sid Gordon,LF,"3B,RF",Integration (1942-1960),1950,1950,1941,1955,ATL,ATL,4992,1415,202,19.0,731,356.0,14,R,0.29,0.388,0.2,0.063,0.133,62.7,78.3,72.3,37.4,48.3,B-,B+,B,D+,C,81.5,Epic,True,False,2,0,0,bbref_war,False,False
furilca01,furilca01,Carl Furillo,RF,CF,Integration (1942-1960),1951,1955,1946,1960,LAD,LAD,6378,1910,192,48.0,514,436.0,15,R,0.309,0.364,0.172,0.062,0.073,80.0,63.1,26.7,44.7,63.8,A-,B-,D,C-,B-,81.4,Epic,True,False,2,0,0,bbref_war,False,False
ashburi01,ashburi01,Richie Ashburn,CF,LF,Integration (1942-1960),1955,1954,1948,1962,PHI,PHI,8365,2574,29,234.0,1198,571.0,15,L,0.324,0.416,0.079,0.062,0.132,94.0,9.9,71.5,71.8,85.4,A,F,B,B,A,81.3,Epic,True,True,5,0,0,bbref_war,False,False
willima09,willima12,Marvin Williams,2B,,Integration (1942-1960),1944,1944,1943,1945,NLB,NLB,314,121,8,5.0,23,9.0,3,R,0.385,0.431,0.207,0.027,0.068,92.4,59.7,22.4,51.7,48.2,A,C+,D-,C,C,81.3,Epic,True,False,3,0,0,bbref_war,False,False
elliobo01,elliobo01,Bob Elliott,3B,RF,Integration (1942-1960),1948,1947,1939,1953,ATL,ATL,7141,2061,170,60.0,967,604.0,16,R,0.298,0.393,0.177,0.08,0.134,67.0,63.8,72.9,51.2,52.1,B,B-,B,C,C,81.0,Epic,True,False,7,0,0,bbref_war,False,False
walkedi02,walkedi02,Dixie Walker,RF,"CF,LF",Integration (1942-1960),1944,1944,1931,1949,LAD,LAD,6740,2064,105,59.0,817,325.0,20,L,0.313,0.394,0.137,0.037,0.115,88.5,41.2,58.4,59.3,55.6,A,C-,C+,C+,C+,80.9,Epic,True,False,5,0,0,bbref_war,False,False
ennisde01,ennisde01,Del Ennis,LF,RF,Integration (1942-1960),1950,1949,1946,1959,PHI,PHI,7254,2063,288,45.0,597,719.0,15,R,0.298,0.356,0.211,0.092,0.079,64.7,84.9,30.9,37.4,49.7,B-,A-,D,D+,C,80.8,Epic,True,False,3,0,0,bbref_war,False,False
pafkoan01,pafkoan01,Andy Pafko,CF,"3B,LF,RF",Integration (1942-1960),1949,1950,1943,1959,CHC,CHC,6292,1796,213,38.0,561,477.0,18,R,0.292,0.366,0.194,0.068,0.092,63.5,75.0,41.1,41.8,57.3,B-,B+,C-,C-,C+,80.7,Epic,True,False,5,0,0,bbref_war,False,False
piersji01,piersji01,Jim Piersall,CF,"LF,RF",Integration (1942-1960),1956,1961,1950,1967,BOS,BOS,5890,1604,104,115.0,524,583.0,19,R,0.288,0.349,0.136,0.086,0.086,56.9,42.9,36.7,59.9,108.8,C+,C-,D+,C+,S,80.7,Epic,True,False,2,2,4,bbref_war,False,False
thomsbo01,thomsbo01,Bobby Thomson,CF,"3B,LF",Integration (1942-1960),1951,1949,1946,1960,SFG,SFG,6305,1705,264,38.0,559,804.0,17,R,0.283,0.346,0.21,0.098,0.082,49.9,84.2,33.3,49.8,62.3,C,A-,D,C,B-,80.5,Epic,True,False,3,0,0,bbref_war,False,False
burgesm01,burgesm01,Smoky Burgess,C,,Integration (1942-1960),1959,1952,1949,1967,PIT,PIT,4471,1318,126,13.0,477,270.0,20,L,0.312,0.375,0.163,0.046,0.094,85.0,57.3,42.4,12.4,62.7,A,C+,C-,F,B-,80.4,Epic,True,False,9,0,0,bbref_war,False,False
kellge01,kellge01,George Kell,3B,1B,Integration (1942-1960),1950,1949,1943,1957,DET,DET,6702,2054,78,51.0,621,287.0,19,R,0.324,0.391,0.118,0.031,0.095,99.2,32.1,43.4,46.8,61.2,A+,D,C-,C,B-,80.3,Epic,True,True,10,0,0,bbref_war,False,False
davisjo07,davisjo07,Johnny Davis,LF,CF,Integration (1942-1960),1944,1946,1941,1948,NLB,NLB,985,296,32,11.0,124,14.0,8,R,0.306,0.388,0.178,0.012,0.111,74.8,59.7,55.8,43.6,50.2,B,C+,C+,C-,C,80.2,Epic,True,False,4,0,0,bbref_war,False,False
wilsoar02,wilsoar02,Artie Wilson,SS,,Integration (1942-1960),1946,1944,1944,1951,NLB,NLB,483,177,0,17.0,49,3.0,6,L,0.366,0.428,0.093,0.006,0.092,99.0,30.2,40.7,68.9,53.6,A+,D,C-,B,C,80.2,Epic,True,False,5,0,0,bbref_war,False,False
reisepe01,reisepe01,Pete Reiser,CF,LF,Integration (1942-1960),1947,1941,1940,1952,LAD,LAD,2662,786,58,87.0,343,369.0,10,L,0.302,0.387,0.159,0.113,0.116,63.5,53.1,59.4,86.2,53.4,B-,C,C+,A,C,80.1,Epic,True,False,3,0,0,bbref_war,False,False
sievero01,sievero01,Roy Sievers,LF,"1B,CF",Integration (1942-1960),1958,1957,1949,1965,MIN,MIN,6387,1703,318,14.0,841,920.0,18,R,0.287,0.378,0.231,0.115,0.122,50.8,95.3,64.2,23.3,38.4,C,A+,B-,D-,D+,80.1,Epic,True,False,5,0,0,bbref_war,False,False
thompha02,thompha02,Hank Thompson,3B,"2B,RF",Integration (1942-1960),1952,1950,1943,1956,SFG,SFG,3577,984,144,57.0,556,337.0,13,L,0.276,0.38,0.193,0.09,0.137,45.3,73.1,75.8,52.8,57.6,C,B,B+,C,C+,80.0,Epic,False,False,0,0,0,bbref_war,False,False
nichobi01,nichobi01,Bill Nicholson,RF,,Integration (1942-1960),1943,1943,1936,1953,CHC,CHC,5546,1484,235,27.0,800,828.0,16,L,0.279,0.375,0.215,0.123,0.124,42.2,85.5,65.6,45.1,51.4,C-,A,B,C,C,79.8,Rare,True,False,5,0,0,bbref_war,False,False
adcocjo01,adcocjo01,Joe Adcock,1B,LF,Integration (1942-1960),1959,1956,1950,1966,ATL,ATL,6606,1832,336,20.0,594,1059.0,17,R,0.29,0.351,0.237,0.152,0.087,46.1,100.4,37.2,14.1,51.8,C,S,D+,F,C,79.7,Rare,True,False,2,0,0,bbref_war,False,False
austifr01,austifr01,Frank Austin,SS,,Integration (1942-1960),1946,1948,1944,1948,NLB,NLB,1010,346,3,23.0,101,2.0,5,R,0.343,0.404,0.098,0.002,0.091,100.8,27.8,39.9,58.0,55.4,S,D,D+,C+,C+,79.7,Rare,True,False,4,0,0,bbref_war,False,False
moonwa01,moonwa01,Wally Moon,LF,"1B,CF,RF",Integration (1942-1960),1957,1959,1954,1965,STL,STL,4843,1399,142,89.0,644,591.0,12,L,0.302,0.383,0.171,0.103,0.116,66.7,60.6,59.3,53.2,49.9,B,B-,C+,C,C,79.7,Rare,True,False,3,1,2,bbref_war,False,False
vernomi01,vernomi01,Mickey Vernon,1B,,Integration (1942-1960),1953,1946,1939,1960,MIN,MIN,8731,2495,172,137.0,955,869.0,21,L,0.309,0.379,0.164,0.088,0.097,75.1,56.2,44.7,47.7,53.8,B+,C+,C-,C,C,79.7,Rare,True,False,7,0,0,bbref_war,False,False
hoppjo01,hoppjo01,Johnny Hopp,CF,"1B,LF,RF",Integration (1942-1960),1946,1944,1939,1952,STL,STL,4260,1262,46,128.0,464,378.0,18,L,0.314,0.385,0.124,0.073,0.1,81.8,34.2,47.0,88.2,53.6,A-,D,C,A,C,79.5,Rare,True,False,1,0,0,bbref_war,False,False
stephve01,stephve01,Vern Stephens,SS,3B,Integration (1942-1960),1947,1949,1941,1955,BAL,BAL,6497,1859,247,25.0,692,685.0,17,R,0.291,0.361,0.175,0.102,0.098,56.7,65.3,45.7,37.4,70.0,C+,B,C,D+,B,79.5,Rare,True,False,8,0,0,bbref_war,False,False
wertzvi01,wertzvi01,Vic Wertz,RF,"1B,LF",Integration (1942-1960),1952,1951,1947,1963,DET,DET,6099,1692,266,9.0,828,842.0,21,L,0.286,0.382,0.211,0.112,0.133,49.7,83.9,72.2,12.4,51.9,C,A-,B,F,C,79.5,Rare,True,False,4,0,0,bbref_war,False,False
valoel01,valoel01,Elmer Valo,RF,LF,Integration (1942-1960),1949,1949,1940,1961,OAK,OAK,5029,1420,58,110.0,942,284.0,23,L,0.303,0.422,0.117,0.041,0.165,77.6,29.2,97.5,64.3,51.5,B+,D,A+,B-,C,79.3,Rare,False,False,0,0,0,bbref_war,False,False
foxne01,foxne01,Nellie Fox,2B,,Integration (1942-1960),1957,1957,1947,1965,CHW,CHW,9232,2663,35,76.0,719,216.0,19,L,0.307,0.371,0.086,0.019,0.077,86.3,14.3,29.7,55.2,97.7,A,F,D,C+,A+,79.1,Rare,True,True,15,3,6,bbref_war,False,False
holmeto01,holmeto01,Tommy Holmes,RF,CF,Integration (1942-1960),1945,1945,1942,1952,ATL,ATL,4992,1507,88,40.0,480,122.0,11,L,0.308,0.37,0.129,0.022,0.086,86.4,38.6,36.6,52.0,58.6,A,D+,D+,C,C+,79.0,Rare,True,False,2,0,0,bbref_war,False,False
darkal01,darkal01,Al Dark,SS,3B,Integration (1942-1960),1952,1951,1946,1960,SFG,SFG,7219,2089,126,59.0,430,534.0,17,R,0.298,0.34,0.142,0.067,0.052,69.3,46.5,10.4,54.6,75.9,B,C,F,C,B+,78.0,Rare,True,False,3,0,0,bbref_war,False,True
keltnke01,keltnke01,Ken Keltner,3B,,Integration (1942-1960),1943,1948,1937,1950,CLE,CLE,5683,1570,163,39.0,514,480.0,13,R,0.287,0.346,0.173,0.076,0.081,57.5,63.1,32.4,39.5,72.0,C+,B-,D,D+,B,77.9,Rare,True,False,7,0,0,bbref_war,False,False
woodlge01,woodlge01,Gene Woodling,LF,"CF,RF",Integration (1942-1960),1957,1957,1943,1962,BAL,BAL,5587,1585,147,29.0,921,479.0,19,L,0.296,0.398,0.164,0.074,0.143,66.3,57.0,80.2,16.1,56.1,B,C+,A-,F,C+,77.9,Rare,True,False,1,0,0,bbref_war,False,False
sauerha01,sauerha01,Hank Sauer,LF,RF,Integration (1942-1960),1951,1952,1941,1959,CHC,CHC,4796,1278,288,11.0,561,714.0,16,R,0.27,0.35,0.247,0.128,0.104,33.1,105.8,49.9,22.0,43.0,D,S,C,D-,C-,77.7,Rare,True,False,2,0,0,bbref_war,False,False
davispi01,davispi01,Piper Davis,1B,,Integration (1942-1960),1945,1948,1942,1948,NLB,NLB,570,178,8,15.0,56,1.0,8,R,0.312,0.378,0.146,0.002,0.089,75.6,45.7,38.4,62.3,53.9,B+,C,D+,B-,C,77.5,Rare,True,False,4,0,0,bbref_war,False,False
garcisi01,garcisi01,Silvio García,SS,,Integration (1942-1960),1943,1947,1936,1947,NLB,NLB,447,144,9,23.0,35,0.0,4,R,0.322,0.379,0.134,0.0,0.072,77.7,44.0,25.4,76.9,52.2,B+,C-,D,B+,C,77.5,Rare,True,False,2,0,0,bbref_war,False,False
bauerha01,bauerha01,Hank Bauer,RF,LF,Integration (1942-1960),1953,1953,1948,1961,NYY,NYY,5145,1424,164,50.0,521,638.0,14,R,0.291,0.362,0.166,0.103,0.094,56.3,59.3,42.2,51.6,64.6,C+,C+,C-,C,B-,77.4,Rare,True,False,3,0,0,bbref_war,False,False
mccorfr01,mccorfr01,Frank McCormick,1B,,Integration (1942-1960),1942,1944,1934,1948,CIN,CIN,5723,1711,128,27.0,399,189.0,14,R,0.304,0.351,0.142,0.028,0.064,81.3,47.4,19.2,36.5,63.2,A-,C,F,D+,B-,77.3,Rare,True,False,9,0,0,bbref_war,False,False
bankhsa01,bankhsa01,Sam Bankhead,SS,"CF,LF",Integration (1942-1960),1944,1936,1932,1948,NLB,NLB,2472,702,19,103.0,255,7.0,18,R,0.307,0.375,0.109,0.003,0.093,79.4,30.7,41.6,78.1,58.8,B+,D,C-,B+,C+,77.2,Rare,True,False,10,0,0,bbref_war,False,False
dimagdo01,dimagdo01,Dom DiMaggio,CF,,Integration (1942-1960),1947,1942,1940,1953,BOS,BOS,5640,1680,87,100.0,750,571.0,11,R,0.298,0.388,0.121,0.087,0.123,65.7,33.4,65.0,73.6,64.8,B,D,B,B,B-,77.1,Rare,True,False,7,0,0,bbref_war,False,False
mcdougi01,mcdougi01,Gil McDougald,2B,"3B,SS",Integration (1942-1960),1954,1957,1951,1960,NYY,NYY,4676,1291,112,45.0,559,623.0,10,R,0.283,0.367,0.141,0.122,0.112,45.9,45.5,56.5,46.2,86.5,C,C,C+,C,A,77.1,Rare,True,False,6,0,0,bbref_war,False,True
torgeea01,torgeea01,Earl Torgeson,1B,,Integration (1942-1960),1951,1950,1947,1961,ATL,ATL,4969,1318,149,133.0,980,653.0,18,L,0.275,0.39,0.166,0.11,0.158,40.1,57.8,92.0,77.8,50.8,C-,C+,A,B+,C,77.1,Rare,False,False,0,0,0,bbref_war,False,False
coimbpa01,coimbpa01,Pancho Coimbre,RF,,Integration (1942-1960),1942,1941,1940,1944,NLB,NLB,540,181,6,8.0,55,2.0,4,R,0.335,0.402,0.12,0.003,0.092,86.2,38.7,40.7,45.5,51.4,A,D+,C-,C,C,77.0,Rare,True,False,4,0,0,bbref_war,False,False
cullero01,cullero01,Roy Cullenbine,RF,"1B,LF",Integration (1942-1960),1944,1945,1938,1947,CLE,CLE,3879,1072,110,26.0,853,399.0,14,B,0.284,0.415,0.158,0.078,0.181,54.0,53.3,109.4,33.9,49.2,C,C,S,D,C,77.0,Rare,True,False,2,0,0,bbref_war,False,False
peskyjo01,peskyjo01,Johnny Pesky,SS,"2B,3B",Integration (1942-1960),1948,1946,1942,1954,BOS,BOS,4745,1455,17,53.0,662,218.0,12,L,0.315,0.403,0.081,0.04,0.123,89.7,11.1,64.8,59.7,68.3,A,F,B-,C+,B,77.0,Rare,True,False,1,0,0,bbref_war,False,False
schoere01,schoere01,Red Schoendienst,2B,LF,Integration (1942-1960),1953,1953,1945,1963,STL,STL,8479,2449,84,89.0,606,346.0,21,B,0.305,0.353,0.11,0.035,0.068,81.3,28.2,22.7,53.8,79.1,A-,D,D-,C,B+,77.0,Rare,True,True,10,0,0,bbref_war,False,False
serrebo01,serrebo01,Bonnie Serrell,2B,,Integration (1942-1960),1943,1944,1941,1945,NLB,NLB,566,175,9,13.0,42,2.0,5,L,0.309,0.361,0.164,0.003,0.069,73.6,51.3,22.9,60.0,52.8,B,C,D-,B-,C,77.0,Rare,True,False,3,0,0,bbref_war,False,False
skowrbi01,skowrbi01,Bill Skowron,1B,,Integration (1942-1960),1960,1960,1954,1967,NYY,NYY,5547,1566,211,16.0,383,870.0,16,R,0.297,0.348,0.196,0.134,0.067,56.2,76.8,21.9,25.0,58.7,C+,B+,D-,D,C+,77.0,Rare,True,False,8,0,0,bbref_war,False,False
powervi01,powervi01,Vic Power,1B,"2B,3B",Integration (1942-1960),1958,1958,1954,1965,NLB,NLB,6046,1716,126,45.0,279,247.0,15,R,0.297,0.327,0.14,0.037,0.044,73.5,46.0,3.9,39.7,78.8,B,C,F,D+,B+,76.8,Rare,True,False,6,7,14,bbref_war,False,False
postwa01,postwa01,Wally Post,RF,LF,Integration (1942-1960),1958,1955,1949,1964,CIN,CIN,4007,1064,210,19.0,331,813.0,17,R,0.276,0.337,0.237,0.19,0.081,33.4,99.8,32.2,34.2,46.5,D,A+,D,D,C,76.7,Rare,False,False,0,0,0,bbref_war,False,False
rizzuph01,rizzuph01,Phil Rizzuto,SS,,Integration (1942-1960),1950,1950,1941,1956,NYY,NYY,5816,1588,38,149.0,651,398.0,13,R,0.285,0.361,0.09,0.06,0.099,58.3,16.3,46.1,74.0,98.5,C+,F,C,B,A+,76.6,Rare,True,True,5,0,0,bbref_war,True,False
mccosba01,mccosba01,Barney McCosky,CF,LF,Integration (1942-1960),1942,1940,1939,1953,DET,DET,4172,1301,24,58.0,497,261.0,14,L,0.32,0.394,0.104,0.054,0.107,91.0,22.6,52.5,56.8,52.4,A,D-,C,C+,C,76.5,Rare,False,False,0,0,0,bbref_war,False,False
maxwech01,maxwech01,Charlie Maxwell,LF,,Integration (1942-1960),1958,1956,1950,1964,DET,DET,3245,856,148,18.0,484,545.0,16,L,0.272,0.366,0.198,0.137,0.126,32.7,76.9,67.5,41.1,56.8,D,B+,B,C-,C+,76.2,Rare,True,False,2,0,0,bbref_war,False,False
cervbo01,cervbo01,Bob Cerv,LF,,Integration (1942-1960),1958,1958,1951,1962,NYY,NYY,2261,624,105,12.0,212,392.0,15,R,0.285,0.348,0.214,0.152,0.085,41.8,85.5,35.5,32.8,49.6,C-,A,D+,D,C,76.1,Rare,True,False,1,0,0,bbref_war,False,False
kurowwh01,kurowwh01,Whitey Kurowski,3B,,Integration (1942-1960),1945,1947,1941,1949,STL,STL,3229,925,106,19.0,369,332.0,9,R,0.287,0.367,0.169,0.091,0.102,54.6,60.8,48.7,50.3,49.2,C,B-,C,C,C,75.8,Rare,True,False,5,0,0,bbref_war,False,False
gilliji01,gilliji01,Jim Gilliam,2B,"3B,LF",Integration (1942-1960),1956,1956,1946,1966,LAD,LAD,7600,2021,65,219.0,1102,416.0,17,B,0.282,0.376,0.101,0.051,0.129,57.6,22.2,69.1,79.4,77.7,C+,D-,B,B+,B+,75.7,Rare,True,False,3,0,0,bbref_war,False,False
robined01,robined01,Eddie Robinson,1B,,Integration (1942-1960),1951,1952,1942,1957,CHW,CHW,4282,1146,172,10.0,521,359.0,17,L,0.282,0.374,0.184,0.067,0.116,54.8,69.9,59.5,15.5,46.6,C,B,C+,F,C,75.7,Rare,True,False,4,0,0,bbref_war,False,False
cavarph01,cavarph01,Phil Cavarretta,1B,"CF,LF,RF",Integration (1942-1960),1945,1945,1934,1955,CHC,CHC,6754,1977,95,65.0,820,598.0,22,L,0.306,0.395,0.122,0.07,0.125,75.4,32.7,66.3,54.5,47.6,B+,D,B,C,C,75.6,Rare,True,False,4,0,0,bbref_war,False,False
lollash01,lollash01,Sherm Lollar,C,,Integration (1942-1960),1956,1956,1946,1963,CHW,CHW,5351,1415,155,20.0,671,453.0,18,R,0.271,0.371,0.159,0.071,0.117,44.2,55.9,60.5,28.7,75.5,C-,C+,B-,D,B+,75.6,Rare,True,False,9,3,6,bbref_war,False,False
crandde01,crandde01,Del Crandall,C,,Integration (1942-1960),1958,1958,1949,1966,ATL,ATL,5026,1276,179,26.0,424,477.0,16,R,0.267,0.327,0.17,0.085,0.08,38.2,63.4,31.9,31.8,85.3,D+,B-,D,D,A,75.5,Rare,True,False,11,4,8,bbref_war,False,False
mullipa01,mullipa01,Pat Mullin,RF,"CF,LF",Integration (1942-1960),1949,1948,1940,1953,DET,DET,2493,676,87,20.0,330,312.0,10,L,0.279,0.367,0.193,0.107,0.121,44.1,71.9,63.1,36.6,44.2,C-,B,B-,D+,C-,75.3,Rare,True,False,2,0,0,bbref_war,False,False
eversho01,eversho01,Hoot Evers,CF,"LF,RF",Integration (1942-1960),1949,1950,1941,1956,DET,DET,3801,1055,98,45.0,415,420.0,17,R,0.294,0.368,0.156,0.091,0.099,60.9,52.6,46.2,41.4,53.1,B-,C,C,C-,C,75.2,Rare,True,False,2,0,0,bbref_war,False,False
bensoge01,,Gene Benson,CF,,Integration (1942-1960),1944,1940,1934,1948,NLB,NLB,2184,636,17,20.0,198,5.0,14,L,0.313,0.37,0.107,0.002,0.082,84.5,30.1,33.4,46.6,54.4,A-,D,D,C,C,75.1,Rare,True,False,4,0,0,lahman_proxy,False,False
boonera01,boonera01,Ray Boone,3B,"1B,SS",Integration (1942-1960),1953,1953,1948,1960,CLE,CLE,4589,1260,151,21.0,608,463.0,18,R,0.283,0.368,0.164,0.084,0.115,51.9,58.2,58.8,36.8,52.4,C,C+,C+,D+,C,75.0,Rare,True,False,2,0,0,bbref_war,False,False
cunnijo01,cunnijo01,Joe Cunningham,RF,1B,Integration (1942-1960),1959,1962,1954,1966,STL,STL,3362,980,64,16.0,599,369.0,13,L,0.304,0.415,0.13,0.087,0.15,70.2,38.2,85.7,24.5,47.1,B,D+,A,D-,C,74.9,Rare,True,False,2,0,0,bbref_war,False,False
bellgu01,bellgu01,Gus Bell,CF,"LF,RF",Integration (1942-1960),1954,1953,1950,1964,CIN,CIN,6478,1823,206,30.0,470,636.0,16,L,0.295,0.343,0.179,0.087,0.067,62.6,67.7,21.9,25.2,43.5,B-,B,D-,D,C-,74.6,Rare,True,False,4,0,0,bbref_war,False,False
hermage01,hermage01,Gene Hermanski,RF,LF,Integration (1942-1960),1949,1948,1943,1953,LAD,LAD,1960,533,46,43.0,289,212.0,11,L,0.283,0.382,0.142,0.089,0.128,50.8,45.7,68.8,65.0,50.9,C,C,B,B,C,74.6,Rare,False,False,0,0,0,bbref_war,False,False
eastelu01,eastelu01,Luke Easter,1B,LF,Integration (1942-1960),1951,1952,1947,1954,CLE,CLE,2092,577,104,5.0,226,296.0,8,L,0.277,0.356,0.208,0.126,0.095,39.2,82.4,43.2,17.6,48.5,D+,A-,C-,F,C,74.5,Rare,True,False,1,0,0,bbref_war,False,False
marshwi01,marshwi01,Willard Marshall,RF,"CF,LF",Integration (1942-1960),1949,1947,1942,1955,SFG,SFG,4233,1160,130,14.0,458,219.0,12,L,0.281,0.353,0.161,0.048,0.098,57.2,56.9,45.5,34.3,50.3,C+,C+,C,D,C,74.5,Rare,True,False,3,0,0,bbref_war,False,False
westlwa01,westlwa01,Wally Westlake,RF,"CF,LF",Integration (1942-1960),1950,1949,1947,1956,PIT,PIT,3117,848,127,19.0,317,453.0,14,R,0.281,0.35,0.192,0.126,0.086,42.9,74.3,36.1,37.5,48.6,C-,B,D+,D+,C,74.5,Rare,True,False,1,0,0,bbref_war,False,False
woodspa01,woodspa01,Parnell Woods,3B,,Integration (1942-1960),1942,1942,1937,1945,NLB,NLB,825,240,5,37.0,54,4.0,11,R,0.3,0.345,0.122,0.003,0.059,71.1,37.4,15.2,85.5,48.3,B,D+,F,A,C,74.5,Rare,True,False,8,0,0,bbref_war,False,False
fletcel01,fletcel01,Elbie Fletcher,1B,,Integration (1942-1960),1942,1941,1934,1949,PIT,PIT,4879,1323,79,32.0,851,495.0,13,L,0.277,0.402,0.133,0.083,0.165,47.4,39.0,97.2,47.9,59.0,C,D+,A+,C,C+,74.4,Rare,True,False,1,0,0,bbref_war,False,False
kuennha01,kuennha01,Harvey Kuenn,SS,"3B,CF,LF,RF",Integration (1942-1960),1958,1956,1952,1966,DET,DET,6913,2092,87,68.0,594,404.0,17,R,0.312,0.365,0.117,0.05,0.078,85.2,32.3,30.1,43.9,47.8,A,D,D,C-,C,74.4,Rare,True,False,10,0,0,bbref_war,False,False
smithal04,smithal04,Al Smith,RF,"3B,CF,LF",Integration (1942-1960),1959,1955,1946,1964,CHW,CHW,5499,1500,168,70.0,687,769.0,16,R,0.285,0.375,0.164,0.111,0.118,49.8,57.3,61.2,51.5,43.6,C,C+,B-,C,C-,74.4,Rare,True,False,3,0,0,bbref_war,False,False
spencst01,spencst01,Stan Spence,CF,"LF,RF",Integration (1942-1960),1946,1944,1940,1949,MIN,MIN,3871,1090,95,21.0,520,248.0,10,L,0.284,0.374,0.158,0.055,0.121,59.1,53.1,63.3,36.3,42.9,C+,C,B-,D+,C-,74.4,Rare,True,False,4,0,0,bbref_war,False,False
fainfe01,fainfe01,Ferris Fain,1B,,Integration (1942-1960),1950,1952,1947,1955,OAK,OAK,3930,1139,48,46.0,904,261.0,10,L,0.291,0.423,0.109,0.053,0.182,65.6,25.9,110.5,37.9,48.5,B,D,S,D+,C,74.3,Rare,True,False,5,0,0,bbref_war,False,False
hairssa01,hairssa01,Sam Hairston,3B,,Integration (1942-1960),1946,1946,1944,1951,NLB,NLB,418,131,5,7.0,44,1.0,6,R,0.313,0.383,0.112,0.002,0.095,72.6,38.0,43.0,42.5,51.4,B,D+,C-,C-,C,74.3,Rare,True,False,1,0,0,bbref_war,False,False
hemusso01,hemusso01,Solly Hemus,SS,"2B,3B",Integration (1942-1960),1954,1952,1949,1959,STL,STL,2694,736,51,21.0,456,248.0,12,L,0.277,0.392,0.143,0.077,0.139,48.5,43.9,77.5,40.3,62.8,C,C-,B+,C-,B-,74.3,Rare,False,False,0,0,0,bbref_war,False,False
kellmle01,kellmle01,Leon Kellman,3B,,Integration (1942-1960),1947,1946,1946,1948,NLB,NLB,163,48,1,6.0,29,0.0,3,R,0.294,0.425,0.08,0.0,0.145,58.6,36.0,81.8,55.9,49.3,C+,D+,A-,C+,C,74.3,Rare,True,False,2,0,0,bbref_war,False,False
lockele01,lockele01,Lester Lockett,LF,3B,Integration (1942-1960),1943,1948,1937,1948,NLB,NLB,1162,333,11,16.0,83,8.0,14,R,0.309,0.358,0.116,0.004,0.064,78.7,35.3,19.4,52.0,53.4,B+,D+,F,C,C,74.3,Rare,True,False,3,0,0,bbref_war,False,False
lopatst01,lopatst01,Stan Lopata,C,,Integration (1942-1960),1955,1956,1948,1960,PHI,PHI,2601,661,116,18.0,393,497.0,13,R,0.264,0.362,0.214,0.163,0.134,21.9,84.3,73.3,33.3,47.1,D-,A-,B,D,C,74.3,Rare,True,False,2,0,0,bbref_war,False,False
mitchda01,mitchda01,Dale Mitchell,LF,,Integration (1942-1960),1950,1952,1946,1956,CLE,CLE,3984,1244,41,45.0,346,119.0,12,L,0.314,0.369,0.107,0.026,0.079,90.7,25.5,31.2,44.5,48.1,A,D,D,C-,C,74.3,Rare,True,False,2,0,0,bbref_war,False,False
niemabo01,niemabo01,Bob Nieman,LF,RF,Integration (1942-1960),1957,1956,1951,1962,BAL,BAL,3452,1018,125,10.0,435,512.0,15,R,0.295,0.376,0.18,0.131,0.116,54.3,66.9,59.4,13.3,41.6,C,B,C+,F,C-,74.3,Rare,False,False,0,0,0,bbref_war,False,False
avilabo01,avilabo01,Bobby Avila,2B,,Integration (1942-1960),1953,1954,1949,1959,CLE,CLE,4620,1296,80,78.0,561,399.0,13,R,0.292,0.366,0.112,0.065,0.105,63.7,29.5,50.8,63.8,62.3,B-,D,C,B-,B-,74.2,Rare,True,False,3,0,0,bbref_war,False,False
baileed01,baileed01,Ed Bailey,C,,Integration (1942-1960),1960,1956,1953,1966,CIN,CIN,3581,915,155,17.0,545,577.0,16,L,0.262,0.36,0.187,0.133,0.129,25.0,71.7,69.5,15.3,69.9,D,B,B,F,B,74.0,Rare,True,False,6,0,0,bbref_war,False,False
collijo01,collijo01,Joe Collins,1B,RF,Integration (1942-1960),1953,1952,1948,1957,NYY,NYY,2329,596,86,27.0,338,263.0,10,L,0.265,0.359,0.18,0.096,0.127,33.6,66.5,68.2,39.8,53.2,D,B,B,D+,C,74.0,Rare,False,False,0,0,0,bbref_war,False,False
harvebo01,harvebo01,Bob Harvey,RF,,Integration (1942-1960),1946,1948,1943,1948,NLB,NLB,779,244,9,5.0,80,2.0,7,L,0.313,0.378,0.11,0.002,0.093,79.3,34.3,41.6,36.9,48.0,B+,D,C-,D+,C,74.0,Rare,True,False,1,0,0,bbref_war,False,False
judniwa01,judniwa01,Wally Judnich,CF,1B,Integration (1942-1960),1946,1942,1940,1949,BAL,BAL,2786,782,90,20.0,385,298.0,7,L,0.281,0.369,0.172,0.094,0.121,48.5,61.6,63.4,33.2,44.3,C,B-,B-,D,C-,74.0,Rare,False,False,0,0,0,bbref_war,False,False
wakefdi01,wakefdi01,Dick Wakefield,LF,,Integration (1942-1960),1947,1944,1941,1952,DET,DET,2132,625,56,10.0,360,270.0,9,L,0.294,0.397,0.154,0.108,0.144,57.6,51.1,81.4,21.3,43.3,C+,C,A-,D-,C-,74.0,Rare,True,False,1,0,0,bbref_war,False,False
stirnsn01,stirnsn01,Snuffy Stirnweiss,2B,"3B,SS",Integration (1942-1960),1946,1945,1943,1952,NYY,NYY,3695,989,29,134.0,541,447.0,11,R,0.274,0.366,0.108,0.099,0.125,41.7,24.5,66.2,92.3,77.7,C-,D-,B,A,B+,73.8,Rare,True,False,2,0,0,bbref_war,False,False
zernigu01,zernigu01,Gus Zernial,LF,,Integration (1942-1960),1952,1951,1949,1959,CHW,CHW,4131,1093,237,15.0,383,755.0,12,R,0.269,0.333,0.23,0.16,0.085,26.5,96.8,35.8,30.3,35.8,D,A+,D+,D,D+,73.5,Rare,True,False,1,0,0,bbref_war,False,False
buttsto01,buttsto01,Tommy Butts,SS,,Integration (1942-1960),1945,1946,1938,1948,NLB,NLB,1829,497,4,38.0,164,25.0,12,R,0.298,0.362,0.082,0.005,0.083,72.9,19.8,34.0,61.4,65.9,B,F,D,B-,B,73.4,Rare,True,False,5,0,0,bbref_war,False,False
colasjo01,colasjo01,José Colás,CF,,Integration (1942-1960),1948,1948,1947,1948,NLB,NLB,108,35,1,2.0,7,0.0,2,R,0.324,0.371,0.185,0.0,0.06,62.0,49.9,16.6,53.1,49.8,B-,C,F,C,C,73.4,Rare,True,False,2,0,0,bbref_war,False,False
crespal01,crespal01,Alejandro Crespo,LF,,Integration (1942-1960),1943,1946,1940,1946,NLB,NLB,225,69,5,2.0,18,1.0,2,R,0.307,0.358,0.16,0.004,0.074,63.5,49.1,27.2,38.0,51.5,B-,C,D,D+,C,73.4,Rare,True,False,1,0,0,bbref_war,False,False
davenll01,davenll01,Lloyd Davenport,CF,,Integration (1942-1960),1942,1943,1935,1945,NLB,NLB,921,267,1,29.0,80,5.0,15,L,0.309,0.366,0.082,0.005,0.078,76.8,23.9,30.5,67.6,52.2,B+,D-,D,B,C,73.4,Rare,True,False,8,0,0,bbref_war,False,False
jethrsa01,jethrsa01,Sam Jethroe,CF,,Integration (1942-1960),1947,1951,1938,1954,NLB,NLB,2459,680,59,135.0,223,296.0,12,B,0.272,0.344,0.161,0.122,0.086,35.8,55.2,36.6,103.9,46.0,D+,C+,D+,S,C,73.4,Rare,True,False,5,0,0,bbref_war,False,False
skinnbo01,skinnbo01,Bob Skinner,LF,1B,Integration (1942-1960),1960,1958,1954,1966,PIT,PIT,4318,1198,103,67.0,485,646.0,14,L,0.292,0.365,0.158,0.13,0.102,52.3,54.1,48.5,59.8,39.0,C,C,C,C+,D+,73.4,Rare,True,False,3,0,0,bbref_war,False,False
thomafr03,thomafr03,Frank Thomas,LF,"1B,3B,CF",Integration (1942-1960),1957,1954,1951,1966,PIT,PIT,6285,1671,286,15.0,484,894.0,20,R,0.28,0.335,0.211,0.13,0.072,41.4,86.3,25.4,14.5,41.4,C-,A,D,F,C-,73.4,Rare,True,False,3,0,0,bbref_war,False,False
loganjo01,loganjo01,Johnny Logan,SS,,Integration (1942-1960),1956,1955,1951,1963,ATL,ATL,5244,1407,93,19.0,451,472.0,14,R,0.282,0.341,0.122,0.077,0.077,52.7,35.6,29.3,42.3,83.7,C,D+,D,C-,A-,73.3,Rare,True,False,4,0,0,bbref_war,False,False
stanked01,stanked01,Eddie Stanky,2B,,Integration (1942-1960),1948,1950,1943,1953,LAD,LAD,4301,1154,29,48.0,996,374.0,12,R,0.272,0.42,0.09,0.071,0.196,45.1,16.0,120.8,60.0,69.7,C,F,S,B-,B,73.3,Rare,True,False,3,0,0,bbref_war,False,False
goodmbi01,goodmbi01,Billy Goodman,2B,"1B,3B",Integration (1942-1960),1954,1953,1947,1962,BOS,BOS,5644,1691,19,37.0,669,329.0,17,L,0.308,0.384,0.078,0.044,0.107,82.1,10.6,52.4,44.1,63.1,A-,F,C,C-,B-,73.1,Rare,True,False,2,0,0,bbref_war,False,False
lynchje01,lynchje01,Jerry Lynch,LF,RF,Integration (1942-1960),1960,1961,1954,1966,CIN,CIN,2879,798,115,12.0,224,416.0,14,L,0.285,0.339,0.207,0.129,0.075,46.2,82.3,27.7,20.0,33.2,C,A-,D,D-,D,73.1,Rare,False,False,0,0,0,bbref_war,False,False
marqulu01,marqulu01,Luis Márquez,CF,,Integration (1942-1960),1948,1948,1946,1954,NLB,NLB,684,194,9,48.0,64,24.0,7,R,0.284,0.354,0.105,0.032,0.084,56.1,33.8,35.2,91.9,51.1,C+,D,D+,A,C,73.0,Rare,True,False,2,0,0,bbref_war,False,False
northro01,northro01,Ron Northey,RF,,Integration (1942-1960),1947,1944,1942,1957,PHI,PHI,3172,874,108,7.0,361,297.0,15,L,0.278,0.356,0.188,0.084,0.103,48.3,71.2,49.1,26.8,32.2,C,B,C,D,D,73.0,Rare,False,False,0,0,0,bbref_war,False,False
chapmsa01,chapmsa01,Sam Chapman,CF,LF,Integration (1942-1960),1947,1941,1938,1951,OAK,OAK,4988,1329,180,41.0,562,682.0,12,R,0.273,0.346,0.177,0.116,0.097,37.5,65.8,45.2,37.5,51.9,D+,B,C,D+,C,72.9,Rare,True,False,1,0,0,bbref_war,False,False
runnepe01,runnepe01,Pete Runnels,2B,"1B,SS",Integration (1942-1960),1958,1958,1951,1964,BOS,BOS,6373,1854,49,37.0,844,627.0,14,L,0.307,0.393,0.103,0.087,0.122,73.8,23.2,64.4,36.1,52.6,B,D-,B-,D+,C,72.9,Rare,True,False,5,0,0,bbref_war,False,False
edwarha01,edwarha01,Hank Edwards,RF,"CF,LF",Integration (1942-1960),1948,1946,1941,1953,CLE,CLE,2191,613,51,9.0,208,264.0,14,L,0.289,0.35,0.175,0.113,0.086,51.7,61.8,36.3,21.2,48.4,C,B-,D+,D-,C,72.8,Rare,False,False,0,0,0,bbref_war,False,False
wilsofr02,wilsofr02,Fred Wilson,RF,,Integration (1942-1960),1942,1939,1939,1945,NLB,NLB,232,73,3,4.0,26,4.0,5,L,0.315,0.395,0.099,0.015,0.099,64.3,37.8,46.3,41.5,50.6,B-,D+,C,C-,C,72.8,Rare,True,False,1,0,0,bbref_war,False,False
crowege01,crowege01,George Crowe,1B,,Integration (1942-1960),1955,1955,1947,1961,NLB,NLB,1878,516,86,4.0,174,246.0,12,L,0.275,0.339,0.198,0.12,0.086,38.6,77.3,36.6,18.5,44.5,D+,B+,D+,F,C-,72.6,Rare,True,False,2,0,0,bbref_war,False,False
lockmwh01,lockmwh01,Whitey Lockman,1B,"CF,LF",Integration (1942-1960),1950,1948,1945,1960,SFG,SFG,5940,1658,114,43.0,552,383.0,17,L,0.293,0.357,0.122,0.062,0.087,65.7,35.1,37.3,46.3,53.2,B,D+,D+,C,C,72.6,Rare,True,False,1,0,0,bbref_war,False,False
longda02,longda02,Dale Long,1B,,Integration (1942-1960),1958,1957,1951,1963,CHC,CHC,3020,805,132,10.0,353,460.0,14,L,0.269,0.343,0.209,0.136,0.104,30.7,82.5,50.0,24.7,38.6,D,A-,C,D-,D+,72.6,Rare,True,False,1,0,0,bbref_war,False,False
hoakdo01,hoakdo01,Don Hoak,3B,,Integration (1942-1960),1960,1960,1954,1964,PIT,PIT,4322,1144,89,64.0,523,530.0,11,R,0.277,0.362,0.139,0.105,0.115,43.3,43.7,59.0,41.9,63.9,C-,C-,C+,C-,B-,72.4,Rare,True,False,1,0,0,bbref_war,False,False
norenir01,norenir01,Irv Noren,CF,"LF,RF",Integration (1942-1960),1953,1954,1950,1960,NYY,NYY,3119,857,65,34.0,335,350.0,15,L,0.28,0.353,0.139,0.095,0.097,48.0,43.6,44.9,47.9,60.8,C,C-,C-,C,B-,72.4,Rare,True,False,1,0,0,bbref_war,False,False
oneilbu01,oneilbu01,Buck O'Neil,1B,,Integration (1942-1960),1942,1946,1937,1948,NLB,NLB,1434,368,12,57.0,127,0.0,10,R,0.276,0.34,0.11,0.0,0.086,58.4,32.6,36.1,79.6,49.5,C+,D,D+,B+,C,72.3,Rare,True,False,2,0,0,bbref_war,False,False
armoubu01,armoubu01,Buddy Armour,SS,,Integration (1942-1960),1944,1940,1933,1947,NLB,NLB,700,197,3,27.0,50,1.0,11,L,0.295,0.349,0.086,0.002,0.066,66.4,28.4,21.3,73.8,53.2,B,D,D-,B,C,72.2,Rare,True,False,4,0,0,bbref_war,False,False
brutobi01,brutobi01,Bill Bruton,CF,,Integration (1942-1960),1959,1960,1953,1964,ATL,ATL,6056,1651,94,207.0,482,793.0,12,L,0.276,0.327,0.136,0.112,0.069,41.1,42.0,23.4,84.6,64.0,C-,C-,D-,A-,B-,72.2,Rare,False,False,0,0,0,bbref_war,False,False
joneswi01,joneswi01,Willie Jones,3B,,Integration (1942-1960),1952,1951,1947,1961,PHI,PHI,5826,1502,190,40.0,755,541.0,17,R,0.265,0.347,0.162,0.08,0.109,36.6,57.9,54.4,43.7,51.6,D+,C+,C,C-,C,72.1,Rare,True,False,2,0,0,bbref_war,False,False
landiji01,landiji01,Jim Landis,CF,RF,Integration (1942-1960),1960,1959,1957,1967,CHW,CHW,4288,1061,93,139.0,588,767.0,13,R,0.258,0.354,0.137,0.148,0.12,18.7,42.3,62.4,81.2,78.8,F,C-,B-,A-,B+,72.1,Rare,True,False,1,5,10,bbref_war,False,False
sampsto01,sampsto01,Tommy Sampson,2B,,Integration (1942-1960),1943,1944,1940,1948,NLB,NLB,740,225,2,17.0,39,2.0,9,R,0.315,0.358,0.076,0.001,0.05,78.2,23.8,8.8,60.5,54.1,B+,D-,F,B-,C,72.1,Rare,True,False,5,0,0,bbref_war,False,False
warear01,warear01,Archie Ware,1B,,Integration (1942-1960),1945,1947,1941,1948,NLB,NLB,696,200,4,14.0,52,2.0,8,L,0.303,0.355,0.098,0.002,0.059,71.5,31.5,15.7,55.8,50.6,B,D,F,C+,C,72.0,Rare,True,False,4,0,0,bbref_war,False,False
barkema01,barkema01,Marvin Barker,3B,CF,Integration (1942-1960),1943,1943,1935,1948,NLB,NLB,1524,386,13,20.0,101,9.0,15,R,0.299,0.349,0.114,0.003,0.068,69.9,36.2,22.5,44.6,48.0,B,D+,D-,C-,C,71.9,Uncommon,True,False,4,0,0,bbref_war,False,False
jacksra01,jacksra01,Randy Jackson,3B,,Integration (1942-1960),1954,1956,1950,1959,CHC,CHC,3203,835,103,36.0,281,382.0,12,R,0.267,0.329,0.165,0.1,0.083,35.4,58.7,34.4,49.3,57.7,D+,C+,D,C,C+,71.9,Uncommon,True,False,2,0,0,bbref_war,False,False
laabsch01,laabsch01,Chet Laabs,LF,"CF,RF",Integration (1942-1960),1942,1942,1937,1947,BAL,BAL,3102,813,117,32.0,389,595.0,12,R,0.268,0.355,0.196,0.16,0.116,25.7,74.8,59.4,37.3,41.3,D,B,C+,D+,C-,71.9,Uncommon,True,False,1,0,0,bbref_war,False,False
lindejo01,lindejo01,Johnny Lindell,CF,"LF,RF",Integration (1942-1960),1946,1944,1941,1954,NYY,NYY,2795,762,72,17.0,289,366.0,14,R,0.281,0.347,0.158,0.114,0.087,44.6,53.5,37.4,38.4,54.7,C-,C,D+,D+,C,71.8,Uncommon,True,False,1,0,0,bbref_war,False,False
yosted01,yosted01,Eddie Yost,3B,,Integration (1942-1960),1954,1959,1944,1962,MIN,MIN,7346,1863,139,72.0,1614,920.0,18,R,0.268,0.414,0.131,0.097,0.188,36.9,38.6,115.0,53.3,42.2,D+,D+,S,C,C-,71.8,Uncommon,True,False,1,0,0,bbref_war,False,False
joosted01,joosted01,Eddie Joost,SS,"2B,3B",Integration (1942-1960),1948,1949,1936,1955,OAK,OAK,5606,1339,134,61.0,1043,827.0,17,R,0.249,0.384,0.148,0.127,0.174,13.7,48.5,104.3,43.9,70.8,F,C,S,C-,B,71.6,Uncommon,True,False,2,0,0,bbref_war,False,False
souelhe01,souelhe01,Herb Souell,3B,,Integration (1942-1960),1945,1944,1940,1948,NLB,NLB,1467,426,6,56.0,106,2.0,9,B,0.296,0.349,0.082,0.001,0.069,72.2,20.0,23.2,76.5,50.2,B,D-,D-,B+,C,71.6,Uncommon,True,False,4,0,0,bbref_war,False,False
bostoly02,bostoly02,Lyman Bostock,1B,,Integration (1942-1960),1944,1941,1940,1948,NLB,NLB,389,125,0,4.0,29,0.0,6,L,0.321,0.368,0.08,0.0,0.069,75.6,29.5,23.6,40.2,47.9,B+,D,D-,C-,C,71.5,Uncommon,True,False,1,0,0,bbref_war,False,False
ettenni01,ettenni01,Nick Etten,1B,,Integration (1942-1960),1944,1944,1938,1947,NYY,NYY,3320,921,89,22.0,480,199.0,9,L,0.279,0.374,0.146,0.051,0.128,54.9,48.2,68.8,33.4,31.2,C,C,B,D,D,71.5,Uncommon,True,False,1,0,0,bbref_war,False,False
penniar01,penniar01,Art Pennington,1B,,Integration (1942-1960),1943,1945,1941,1945,NLB,NLB,483,131,7,10.0,66,5.0,6,B,0.271,0.361,0.104,0.009,0.12,52.7,34.3,62.4,52.2,48.0,C,D,B-,C,C,71.3,Uncommon,True,False,3,0,0,bbref_war,False,False
litwhda01,litwhda01,Danny Litwhiler,LF,RF,Integration (1942-1960),1944,1941,1940,1951,PHI,PHI,3494,982,107,11.0,299,377.0,14,R,0.28,0.341,0.156,0.091,0.076,48.9,54.6,29.0,32.9,48.5,C,C,D,D,C,71.2,Uncommon,True,False,1,0,0,bbref_war,False,False
estalbo01,estalbo01,Bobby Estalella,CF,"3B,LF",Integration (1942-1960),1942,1945,1935,1949,MIN,MIN,2196,620,44,13.0,350,246.0,9,R,0.283,0.383,0.138,0.095,0.137,50.1,42.3,75.5,27.5,44.0,C,C-,B+,D,C-,71.1,Uncommon,False,False,0,0,0,bbref_war,False,False
walkeha01,walkeha01,Harry Walker,CF,LF,Integration (1942-1960),1947,1947,1940,1955,STL,STL,2651,786,10,42.0,245,175.0,13,L,0.303,0.363,0.091,0.06,0.084,74.8,16.8,34.6,61.2,48.4,B,F,D,B-,C,71.1,Uncommon,True,False,2,0,0,bbref_war,False,False
boydbo01,boydbo01,Bob Boyd,1B,,Integration (1942-1960),1956,1957,1947,1961,BAL,BAL,2078,620,21,18.0,177,114.0,12,L,0.308,0.365,0.103,0.049,0.081,80.5,24.7,32.3,27.5,45.2,A-,D-,D,D,C,71.0,Uncommon,True,False,2,0,0,bbref_war,False,False
xiquele01,,Leovigildo Xiqués,LF,,Integration (1942-1960),1946,1944,1944,1947,NLB,NLB,166,47,0,6.0,17,0.0,3,R,0.283,0.35,0.042,0.0,0.093,55.9,31.4,41.7,55.5,53.3,C+,D,C-,C+,C,71.0,Uncommon,True,False,1,0,0,lahman_proxy,False,False
dropowa01,dropowa01,Walt Dropo,1B,,Integration (1942-1960),1955,1950,1949,1961,CHW,CHW,4124,1113,152,5.0,328,582.0,16,R,0.282,0.339,0.186,0.135,0.076,42.3,72.1,28.4,9.7,41.7,C-,B,D,F,C-,70.9,Uncommon,True,False,1,0,0,bbref_war,False,False
seminan01,seminan01,Andy Seminick,C,,Integration (1942-1960),1950,1950,1943,1957,PHI,PHI,3921,953,164,23.0,582,780.0,16,R,0.253,0.358,0.19,0.171,0.132,12.6,72.8,71.6,21.3,58.1,F,B,B,D-,C+,70.9,Uncommon,True,False,1,0,0,bbref_war,False,False
zarilal01,zarilal01,Al Zarilla,RF,"CF,LF",Integration (1942-1960),1949,1948,1943,1953,BAL,BAL,3535,975,61,33.0,415,382.0,13,L,0.286,0.368,0.141,0.094,0.107,53.5,44.0,52.1,41.5,39.0,C,C-,C,C-,D+,70.9,Uncommon,True,False,1,0,0,bbref_war,False,False
majesha01,majesha01,Hank Majeski,3B,,Integration (1942-1960),1948,1948,1939,1955,OAK,OAK,3421,956,57,10.0,299,260.0,17,R,0.289,0.352,0.123,0.065,0.081,60.8,35.7,32.7,19.2,60.9,B-,D+,D,F,B-,70.8,Uncommon,False,False,0,0,0,bbref_war,False,False
phillda01,phillda01,Dave Philley,CF,"1B,LF,RF",Integration (1942-1960),1952,1948,1941,1962,CHW,CHW,6296,1700,84,101.0,594,551.0,24,B,0.285,0.351,0.116,0.071,0.09,56.6,31.4,39.4,51.8,54.2,C+,D,D+,C,C,70.8,Uncommon,False,False,0,0,0,bbref_war,False,False
masiph01,masiph01,Phil Masi,C,,Integration (1942-1960),1946,1947,1939,1952,ATL,ATL,3468,917,47,45.0,410,311.0,15,R,0.278,0.36,0.117,0.079,0.111,49.0,31.8,55.2,53.5,54.9,C,D,C+,C,C,70.7,Uncommon,True,False,4,0,0,bbref_war,False,False
bilkost01,bilkost01,Steve Bilko,1B,,Integration (1942-1960),1954,1961,1949,1962,STL,STL,1738,432,76,2.0,234,395.0,12,R,0.258,0.346,0.203,0.212,0.12,17.0,78.4,62.3,10.5,50.1,F,B+,B-,F,C,70.6,Uncommon,False,False,0,0,0,bbref_war,False,False
hamnegr01,hamnegr01,Granny Hamner,SS,2B,Integration (1942-1960),1952,1952,1944,1962,PHI,PHI,5839,1529,104,35.0,351,432.0,18,R,0.272,0.314,0.128,0.065,0.057,46.3,38.7,13.9,47.8,71.9,C,D+,F,C,B,70.6,Uncommon,True,False,3,0,0,bbref_war,False,False
rosengo01,rosengo01,Goody Rosen,CF,RF,Integration (1942-1960),1942,1945,1937,1946,LAD,LAD,1916,557,22,12.0,218,166.0,7,L,0.291,0.364,0.107,0.078,0.102,60.1,25.7,48.7,46.8,53.8,B-,D,C,C,C,70.6,Uncommon,True,False,1,0,0,bbref_war,False,False
morynwa01,morynwa01,Walt Moryn,RF,LF,Integration (1942-1960),1957,1956,1954,1961,CHC,CHC,2506,667,101,7.0,251,393.0,10,L,0.27,0.34,0.182,0.14,0.092,30.3,69.0,41.1,19.9,49.1,D,B,C-,F,C,70.4,Uncommon,True,False,1,0,0,bbref_war,False,False
tebbebi01,tebbebi01,Birdie Tebbetts,C,,Integration (1942-1960),1942,1940,1936,1952,DET,DET,3704,1000,38,29.0,389,261.0,15,R,0.287,0.365,0.102,0.061,0.107,59.9,24.7,52.2,31.7,59.3,C+,D-,C,D,C+,70.4,Uncommon,True,False,4,0,0,bbref_war,False,False
westrwe01,westrwe01,Wes Westrum,C,,Integration (1942-1960),1950,1950,1947,1957,SFG,SFG,2322,503,96,10.0,489,514.0,11,R,0.222,0.368,0.172,0.181,0.181,1.0,62.1,109.7,33.3,62.0,F,B-,S,D,B-,70.4,Uncommon,True,False,2,0,0,bbref_war,False,False
russeji01,russeji01,Jim Russell,LF,CF,Integration (1942-1960),1946,1944,1942,1951,PIT,PIT,3595,959,67,59.0,503,427.0,10,B,0.271,0.363,0.13,0.099,0.122,38.9,37.8,63.8,64.2,48.3,D+,D+,B-,B-,C,70.3,Uncommon,False,False,0,0,0,bbref_war,False,False
willije03,willibi04,Jesse Williams,SS,,Integration (1942-1960),1942,1940,1939,1945,NLB,NLB,1012,270,5,32.0,100,2.0,8,R,0.267,0.339,0.09,0.002,0.089,52.2,24.6,38.7,67.9,58.9,C,D-,D+,B,C+,70.3,Uncommon,True,False,3,0,0,bbref_war,False,False
kokosdi01,kokosdi01,Dick Kokos,RF,LF,Integration (1942-1960),1950,1950,1948,1954,BAL,BAL,1558,410,59,15.0,242,252.0,5,L,0.263,0.365,0.178,0.139,0.134,24.6,65.1,73.2,23.3,43.7,D-,B,B,D-,C-,70.2,Uncommon,False,False,0,0,0,bbref_war,False,False
milleed03,milleed03,Eddie Miller,SS,2B,Integration (1942-1960),1942,1940,1936,1950,ATL,ATL,5337,1270,97,64.0,351,465.0,14,R,0.254,0.301,0.131,0.081,0.055,26.5,41.4,12.4,49.8,93.6,D,C-,F,C,A,70.2,Uncommon,True,False,8,0,0,bbref_war,False,False
duanycl01,duanycl01,Claro Duany,RF,,Integration (1942-1960),1946,1947,1944,1947,NLB,NLB,222,65,2,2.0,21,0.0,2,L,0.293,0.365,0.095,0.0,0.084,59.9,37.6,35.1,27.3,48.2,C+,D+,D+,D,C,70.1,Uncommon,True,False,1,0,0,bbref_war,False,False
dunnal01,dunnal01,Alphonse Dunn,1B,,Integration (1942-1960),1942,1937,1937,1943,NLB,NLB,219,57,1,5.0,29,0.0,4,R,0.26,0.36,0.073,0.0,0.115,49.9,32.8,58.4,49.8,47.6,C,D,C+,C,C,70.1,Uncommon,True,False,1,0,0,bbref_war,False,False
freesge02,freesge02,Gene Freese,3B,2B,Integration (1942-1960),1959,1960,1955,1966,PIT,PIT,3446,877,115,51.0,243,535.0,15,R,0.266,0.314,0.18,0.132,0.062,28.8,68.2,17.9,52.1,45.7,D,B,F,C,C,70.1,Uncommon,False,False,0,0,0,bbref_war,False,False
muelldo01,muelldo01,Don Mueller,RF,,Integration (1942-1960),1952,1954,1948,1959,SFG,SFG,4364,1292,65,11.0,167,146.0,12,L,0.308,0.334,0.106,0.032,0.036,84.5,27.3,1.0,28.1,43.6,A-,D,F,D,C-,70.1,Uncommon,True,False,2,0,0,bbref_war,False,False
neilra01,neilra01,Ray Neil,2B,,Integration (1942-1960),1947,1948,1946,1948,NLB,NLB,319,92,2,4.0,27,1.0,3,R,0.288,0.346,0.097,0.003,0.078,59.8,35.8,30.1,36.7,49.2,C+,D+,D,D+,C,70.1,Uncommon,True,False,1,0,0,bbref_war,False,False
clevedu01,clevedu01,Duke Cleveland,RF,,Integration (1942-1960),1942,1941,1938,1947,NLB,NLB,613,170,2,19.0,63,7.0,9,L,0.282,0.357,0.069,0.008,0.097,58.4,23.2,44.8,60.5,50.2,C+,D-,C-,B-,C,70.0,Uncommon,True,False,1,0,0,bbref_war,False,False
lemonji01,lemonji01,Jim Lemon,RF,LF,Integration (1942-1960),1958,1959,1950,1963,MIN,MIN,3445,901,164,13.0,363,787.0,14,R,0.268,0.338,0.211,0.194,0.094,25.5,84.4,42.6,23.4,27.4,D,A-,C-,D-,D,70.0,Uncommon,True,False,2,0,0,bbref_war,False,False
grothjo01,grothjo01,Johnny Groth,CF,"LF,RF",Integration (1942-1960),1951,1950,1946,1960,DET,DET,3808,1064,60,19.0,419,329.0,17,R,0.289,0.368,0.124,0.07,0.11,59.9,35.4,54.9,17.3,45.7,C+,D+,C,F,C,69.0,Uncommon,False,False,0,0,0,bbref_war,False,False
waitked01,waitked01,Eddie Waitkus,1B,,Integration (1942-1960),1949,1948,1941,1955,CHC,CHC,4254,1214,24,28.0,372,204.0,12,L,0.292,0.35,0.097,0.04,0.08,68.5,20.3,31.9,52.0,49.7,B,D-,D,C,C,69.0,Uncommon,True,False,1,0,0,bbref_war,False,False
marioma01,marioma01,Marty Marion,SS,,Integration (1942-1960),1945,1942,1940,1953,STL,STL,5506,1448,36,35.0,470,537.0,13,R,0.268,0.33,0.088,0.089,0.083,37.8,16.3,33.9,41.9,105.2,D+,F,D,C-,S,68.9,Uncommon,True,False,8,0,0,bbref_war,False,False
dillibo01,dillibo01,Bob Dillinger,3B,,Integration (1942-1960),1948,1947,1946,1951,BAL,BAL,2904,888,10,106.0,251,201.0,8,R,0.306,0.363,0.085,0.063,0.079,76.5,13.5,31.2,77.7,33.8,B+,F,D,B+,D,68.8,Uncommon,True,False,1,0,0,bbref_war,False,False
hillsa01,hillsa01,Sam Hill,CF,,Integration (1942-1960),1947,1948,1946,1948,NLB,NLB,173,51,2,3.0,13,0.0,3,L,0.295,0.358,0.092,0.0,0.068,59.0,39.2,22.8,31.8,48.5,C+,D+,D-,D,C,68.8,Uncommon,True,False,1,0,0,bbref_war,False,False
renfrch01,renfrch01,Chico Renfroe,2B,,Integration (1942-1960),1946,1947,1945,1948,NLB,NLB,492,132,1,9.0,61,0.0,4,R,0.268,0.358,0.083,0.0,0.109,53.0,27.6,53.9,50.7,50.5,C,D,C,C,C,68.8,Uncommon,True,False,1,0,0,bbref_war,False,False
loudelo01,loudelo01,Lou Louden,C,,Integration (1942-1960),1944,1944,1941,1948,NLB,NLB,683,189,3,13.0,48,0.0,8,R,0.29,0.344,0.081,0.0,0.068,64.1,27.6,22.6,43.4,52.2,B-,D,D-,C-,C,68.7,Uncommon,True,False,5,0,0,bbref_war,False,False
robinaa01,robinaa01,Aaron Robinson,C,,Integration (1942-1960),1948,1946,1943,1951,DET,DET,1839,478,61,0.0,337,194.0,9,L,0.26,0.376,0.152,0.089,0.155,31.0,51.2,89.3,1.0,53.7,D,C,A,F,C,68.7,Uncommon,True,False,1,0,0,bbref_war,False,False
virdobi01,virdobi01,Bill Virdon,CF,,Integration (1942-1960),1959,1960,1955,1968,PIT,PIT,5980,1596,91,47.0,442,647.0,13,L,0.277,0.327,0.12,0.098,0.071,44.9,33.6,24.5,40.8,71.8,C-,D,D-,C-,B,68.7,Uncommon,False,False,0,1,2,bbref_war,False,False
sandera01,sandera01,Ray Sanders,1B,,Integration (1942-1960),1945,1944,1942,1949,STL,STL,2182,597,42,8.0,328,216.0,7,L,0.274,0.37,0.127,0.086,0.13,43.5,37.5,70.5,38.3,46.1,C-,D+,B,D+,C,68.6,Uncommon,False,False,0,0,0,bbref_war,False,False
busbyji01,busbyji01,Jim Busby,CF,,Integration (1942-1960),1956,1953,1950,1962,BAL,BAL,4250,1113,48,97.0,310,439.0,17,R,0.285,0.34,0.087,0.092,0.072,52.6,16.5,25.9,66.4,71.1,C,F,D,B,B,68.5,Uncommon,True,False,1,0,0,bbref_war,False,False
greenji02,greenji02,Jim Greengrass,LF,RF,Integration (1942-1960),1954,1953,1952,1956,CIN,CIN,1793,482,69,6.0,165,271.0,6,R,0.269,0.33,0.179,0.137,0.084,29.9,66.9,34.6,21.5,47.4,D,B,D,D-,C,68.5,Uncommon,False,False,0,0,0,bbref_war,False,False
lopezhe01,lopezhe01,Hector Lopez,3B,"2B,LF,RF",Integration (1942-1960),1958,1957,1955,1966,NLB,NLB,4644,1251,136,16.0,418,696.0,13,R,0.278,0.339,0.152,0.129,0.082,39.8,52.2,33.4,22.3,55.1,D+,C,D,D-,C+,68.5,Uncommon,False,False,0,0,0,bbref_war,False,False
lowrepe01,lowrepe01,Peanuts Lowrey,LF,"3B,CF",Integration (1942-1960),1947,1943,1942,1955,CHC,CHC,4317,1177,37,48.0,403,226.0,15,R,0.284,0.344,0.091,0.045,0.081,60.3,17.8,32.5,63.1,55.5,B-,F,D,B-,C+,68.5,Uncommon,True,False,1,0,0,bbref_war,False,False
stewabu01,stewabu01,Bud Stewart,LF,RF,Integration (1942-1960),1950,1948,1941,1954,CHW,CHW,2041,547,32,29.0,252,157.0,10,L,0.269,0.355,0.134,0.066,0.113,43.4,39.9,57.0,43.4,45.8,C-,D+,C+,C-,C,68.5,Uncommon,False,False,0,0,0,bbref_war,False,False
cashbi01,cashbi01,Bill Cash,C,,Integration (1942-1960),1946,1947,1943,1948,NLB,NLB,928,251,8,5.0,107,7.0,6,R,0.27,0.347,0.101,0.007,0.103,53.6,29.4,49.4,38.9,51.5,C,D,C,D+,C,68.4,Uncommon,True,False,1,0,0,bbref_war,False,False
gracewi01,gracewi01,Willie Grace,RF,,Integration (1942-1960),1946,1947,1943,1948,NLB,NLB,354,108,0,4.0,25,0.0,6,B,0.305,0.353,0.062,0.0,0.066,67.7,26.7,20.8,36.8,47.8,B,D,D-,D+,C,68.2,Uncommon,True,False,2,0,0,bbref_war,False,False
riverji01,riverji01,Jim Rivera,RF,"CF,LF",Integration (1942-1960),1955,1955,1952,1961,CHW,CHW,3552,911,83,160.0,365,523.0,12,L,0.261,0.335,0.143,0.131,0.095,24.2,45.5,43.3,79.2,52.2,D-,C,C-,B+,C,68.2,Uncommon,False,False,0,0,0,bbref_war,False,False
barbebu01,barbebu01,Bud Barbee,1B,,Integration (1942-1960),1942,1937,1937,1948,NLB,NLB,489,130,6,4.0,52,1.0,9,R,0.274,0.348,0.09,0.002,0.1,54.7,32.3,47.5,33.4,46.9,C,D,C,D,C,68.1,Uncommon,True,False,1,0,0,bbref_war,False,False
coxbi02,coxbi02,Billy Cox,3B,SS,Integration (1942-1960),1949,1947,1941,1955,LAD,LAD,3712,974,66,42.0,298,218.0,11,R,0.272,0.327,0.121,0.055,0.073,47.7,35.0,26.6,43.3,58.1,C,D+,D,C-,C+,68.1,Uncommon,False,False,0,0,0,bbref_war,False,False
scottjo03,scottjo03,Johnie Scott,LF,,Integration (1942-1960),1946,1948,1944,1948,NLB,NLB,744,196,4,30.0,62,1.0,6,L,0.263,0.323,0.09,0.001,0.077,50.2,27.0,29.1,75.8,48.2,C,D,D,B+,C,68.0,Uncommon,True,False,2,0,0,bbref_war,False,False
templjo01,templjo01,Johnny Temple,2B,,Integration (1942-1960),1957,1958,1952,1964,CIN,CIN,5218,1484,22,140.0,648,338.0,14,R,0.292,0.374,0.069,0.055,0.116,66.3,5.5,59.7,66.3,45.7,B,F,C+,B,C,68.0,Uncommon,True,False,6,0,0,bbref_war,False,False
bollifr01,bollifr01,Frank Bolling,2B,,Integration (1942-1960),1959,1961,1954,1966,DET,DET,5562,1415,106,40.0,462,558.0,12,R,0.263,0.328,0.123,0.092,0.084,33.2,36.2,35.1,40.1,73.9,D,D+,D+,C-,B,67.9,Uncommon,True,False,4,1,2,bbref_war,False,False
dalledo01,dalledo01,Dom Dallessandro,LF,CF,Integration (1942-1960),1943,1941,1937,1947,CHC,CHC,1945,520,22,16.0,310,150.0,8,L,0.27,0.37,0.118,0.064,0.136,44.4,31.7,74.7,42.9,42.8,C-,D,B,C-,C-,67.9,Uncommon,False,False,0,0,0,bbref_war,False,False
hattogr01,hattogr01,Grady Hatton,3B,2B,Integration (1942-1960),1949,1947,1946,1960,CIN,CIN,4206,1068,91,42.0,646,430.0,16,L,0.257,0.357,0.13,0.09,0.131,28.0,39.6,71.3,50.9,53.1,D,D+,B,C,C,67.9,Uncommon,True,False,1,0,0,bbref_war,False,False
johnsbi03,johnsbi03,Billy Johnson,3B,,Integration (1942-1960),1948,1951,1943,1953,NYY,NYY,3253,882,61,13.0,347,290.0,10,R,0.273,0.347,0.12,0.08,0.093,43.7,34.0,42.1,29.7,63.2,C-,D,C-,D,B-,67.9,Uncommon,True,False,1,0,0,bbref_war,False,False
tatumgo01,tatumgo01,Goose Tatum,1B,,Integration (1942-1960),1945,1943,1941,1948,NLB,NLB,406,111,3,6.0,30,1.0,7,B,0.273,0.325,0.099,0.002,0.069,54.6,34.3,23.0,45.1,48.7,C,D,D-,C,C,67.9,Uncommon,True,False,1,0,0,bbref_war,False,False
tiptoer01,tiptoer01,Eric Tipton,LF,,Integration (1942-1960),1942,1943,1939,1945,CIN,CIN,1626,439,22,20.0,223,127.0,7,R,0.27,0.36,0.113,0.068,0.12,43.4,29.6,62.6,49.0,50.2,C-,D,B-,C,C,67.9,Uncommon,False,False,0,0,0,bbref_war,False,False
garagjo01,garagjo01,Joe Garagiola,C,,Integration (1942-1960),1950,1952,1946,1954,STL,STL,1872,481,42,5.0,267,173.0,12,L,0.265,0.362,0.136,0.075,0.125,37.6,42.1,66.5,24.7,49.8,D+,C-,B,D-,C,67.8,Uncommon,False,False,0,0,0,bbref_war,False,False
triangu01,triangu01,Gus Triandos,C,1B,Integration (1942-1960),1959,1956,1953,1965,BAL,BAL,3907,954,167,1.0,440,636.0,14,R,0.255,0.331,0.179,0.132,0.1,18.9,68.3,47.3,11.4,54.7,F,B,C,F,C,67.8,Uncommon,True,False,4,0,0,bbref_war,False,False
bankhfr01,bankhfr01,Fred Bankhead,2B,,Integration (1942-1960),1942,1940,1937,1948,NLB,NLB,1042,271,2,40.0,94,7.0,13,R,0.277,0.35,0.054,0.001,0.082,58.2,15.7,33.6,71.0,51.0,C+,F,D,B,C,67.7,Uncommon,True,False,1,0,0,bbref_war,False,False
gernedi01,gernedi01,Dick Gernert,1B,LF,Integration (1942-1960),1957,1959,1952,1962,BOS,BOS,2493,632,103,10.0,363,462.0,13,R,0.254,0.352,0.182,0.159,0.127,12.9,68.7,68.2,21.0,47.3,F,B,B,D-,C,67.7,Uncommon,False,False,0,0,0,bbref_war,False,False
repulri01,repulri01,Rip Repulski,LF,"CF,RF",Integration (1942-1960),1956,1955,1953,1961,STL,STL,3088,830,106,25.0,207,433.0,10,R,0.271,0.319,0.172,0.124,0.059,34.0,63.7,15.9,30.5,44.1,D,B-,F,D,C-,67.7,Uncommon,True,False,1,0,0,bbref_war,False,False
kubekto01,kubekto01,Tony Kubek,SS,LF,Integration (1942-1960),1960,1960,1957,1965,NYY,NYY,4167,1109,57,29.0,217,441.0,9,L,0.275,0.311,0.099,0.093,0.047,43.9,23.3,6.6,43.2,87.6,C-,D-,F,C-,A,67.6,Uncommon,True,False,4,0,0,bbref_war,False,False
perezja01,,Javier Pérez,3B,2B,Integration (1942-1960),1942,1944,1934,1945,NLB,NLB,778,211,3,15.0,73,6.0,8,R,0.271,0.335,0.076,0.007,0.085,53.7,22.5,36.0,50.7,55.6,C,D-,D+,C,C+,67.6,Uncommon,True,False,1,0,0,lahman_proxy,False,False
brownbo03,brownbo03,Bobby Brown,3B,,Integration (1942-1960),1949,1948,1946,1954,NYY,NYY,1619,452,22,9.0,214,88.0,8,L,0.282,0.369,0.097,0.048,0.116,57.2,22.2,59.5,28.0,49.8,C+,D-,C+,D,C,67.5,Uncommon,False,False,0,0,0,bbref_war,False,False
careyan01,careyan01,Andy Carey,3B,,Integration (1942-1960),1957,1958,1952,1962,NYY,NYY,2850,741,64,23.0,268,389.0,13,R,0.268,0.332,0.148,0.118,0.081,32.6,48.0,32.9,32.1,59.2,D,C,D,D,C+,67.5,Uncommon,False,False,0,0,0,bbref_war,False,False
mathive01,mathive01,Verdell Mathis,LF,,Integration (1942-1960),1943,1944,1940,1948,NLB,NLB,437,116,1,6.0,43,3.0,11,L,0.294,0.361,0.028,0.006,0.095,60.6,22.1,43.2,29.6,52.4,B-,D-,C-,D,C,67.5,Uncommon,True,False,5,0,0,bbref_war,False,False
mcculcl01,mcculcl01,Clyde McCullough,C,,Integration (1942-1960),1949,1942,1940,1956,CHC,CHC,3121,785,52,27.0,265,398.0,15,R,0.269,0.334,0.132,0.109,0.081,35.5,40.6,32.4,48.3,57.9,D+,C-,D,C,C+,67.5,Uncommon,True,False,2,0,0,bbref_war,False,False
mcmilro01,mcmilro01,Roy McMillan,SS,,Integration (1942-1960),1957,1956,1951,1966,CIN,CIN,6752,1639,68,41.0,665,711.0,17,R,0.256,0.342,0.099,0.095,0.108,25.8,22.7,53.2,27.5,99.3,D,D-,C,D,A+,67.5,Uncommon,True,False,2,3,6,bbref_war,False,False
abernro01,,Robert Abernathy,LF,,Integration (1942-1960),1947,1945,1945,1948,NLB,NLB,115,30,0,1.0,12,0.0,3,,0.261,0.341,0.026,0.0,0.093,50.6,33.5,41.8,21.1,53.7,C,D,C-,D-,C,67.4,Uncommon,True,False,1,0,0,lahman_proxy,False,False
browntj01,,T. J. Brown,SS,,Integration (1942-1960),1943,1942,1939,1948,NLB,NLB,553,135,0,12.0,34,0.0,11,R,0.262,0.313,0.082,0.0,0.062,50.1,30.6,17.6,51.5,56.0,C,D,F,C,C+,67.4,Uncommon,True,False,1,0,0,lahman_proxy,False,False
baumhfr01,baumhfr01,Frank Baumholtz,RF,"CF,LF",Integration (1942-1960),1952,1952,1947,1957,CHC,CHC,3477,1010,25,30.0,258,258.0,11,L,0.296,0.348,0.101,0.066,0.07,67.5,22.6,24.0,41.9,42.7,B,D-,D-,C-,C-,67.3,Uncommon,False,False,0,0,0,bbref_war,False,False
melesa01,melesa01,Sam Mele,RF,"1B,CF,LF",Integration (1942-1960),1952,1953,1947,1956,MIN,MIN,3437,916,80,15.0,311,342.0,14,R,0.275,0.338,0.15,0.081,0.086,45.5,50.4,36.2,26.0,36.1,C,C,D+,D,D+,67.3,Uncommon,False,False,0,0,0,bbref_war,False,False
wilsore01,wilsore01,Red Wilson,C,,Integration (1942-1960),1956,1956,1951,1960,DET,DET,1765,455,24,25.0,215,163.0,12,R,0.273,0.355,0.111,0.079,0.112,43.5,29.5,56.7,40.6,52.8,C-,D,C+,C-,C,67.3,Uncommon,False,False,0,0,0,bbref_war,False,False
priddje01,priddje01,Jerry Priddy,2B,,Integration (1942-1960),1948,1948,1941,1953,DET,DET,4720,1252,61,44.0,624,639.0,11,R,0.276,0.364,0.118,0.12,0.119,39.4,31.7,61.9,39.5,52.5,D+,D,B-,D+,C,67.2,Uncommon,False,False,0,0,0,bbref_war,False,False
wyrosjo01,wyrosjo01,Johnny Wyrostek,RF,CF,Integration (1942-1960),1949,1946,1942,1954,CIN,CIN,4240,1149,58,33.0,482,437.0,12,L,0.278,0.357,0.117,0.087,0.105,47.0,31.3,51.2,40.1,47.1,C,D,C,C-,C,67.2,Uncommon,True,False,2,0,0,bbref_war,False,False
anderha02,anderha02,Harry Anderson,LF,1B,Integration (1942-1960),1959,1958,1957,1961,PHI,PHI,1586,419,60,3.0,159,291.0,6,L,0.264,0.334,0.185,0.164,0.09,22.4,69.3,39.1,10.6,46.5,D-,B,D+,F,C,67.1,Uncommon,False,False,0,0,0,bbref_war,False,False
diazfe02,diazfe02,Fernando Díaz,RF,,Integration (1942-1960),1946,1947,1945,1947,NLB,NLB,439,113,1,14.0,36,0.0,3,R,0.257,0.321,0.073,0.0,0.075,47.9,26.8,27.9,60.3,53.3,C,D,D,B-,C,67.1,Uncommon,True,False,1,0,0,bbref_war,False,False
simpsha01,simpsha01,Harry Simpson,RF,"1B,CF,LF",Integration (1942-1960),1955,1952,1946,1959,NLB,NLB,3241,870,76,23.0,312,430.0,16,L,0.279,0.343,0.147,0.124,0.088,41.4,47.6,37.9,33.8,39.8,C-,C,D+,D,D+,67.1,Uncommon,True,False,1,0,0,bbref_war,False,False
fondyde01,fondyde01,Dee Fondy,1B,,Integration (1942-1960),1954,1952,1951,1958,CHC,CHC,3502,1000,69,84.0,203,526.0,9,L,0.288,0.327,0.13,0.138,0.055,47.1,39.5,12.4,56.1,44.6,C,D+,F,C+,C-,67.0,Uncommon,False,False,0,0,0,bbref_war,False,False
michaca01,michaca01,Cass Michaels,2B,"3B,SS",Integration (1942-1960),1950,1949,1943,1954,CHW,CHW,4367,1142,53,64.0,566,406.0,15,R,0.267,0.362,0.103,0.084,0.124,38.3,24.2,65.6,49.4,57.3,D+,D-,B,C,C+,67.0,Uncommon,True,False,2,0,0,bbref_war,False,False
odeake01,o'deake01,Ken O'Dea,C,,Integration (1942-1960),1942,1945,1935,1946,STL,STL,2195,560,40,3.0,273,251.0,13,L,0.268,0.355,0.127,0.095,0.118,36.5,37.6,60.8,25.8,52.8,D+,D+,B-,D,C,66.9,Uncommon,True,False,1,0,0,bbref_war,False,False
mossle01,mossle01,Les Moss,C,,Integration (1942-1960),1950,1949,1946,1958,BAL,BAL,2234,552,63,1.0,282,316.0,15,R,0.275,0.359,0.145,0.117,0.114,38.8,49.2,57.6,1.0,45.3,D+,C,C+,F,C,66.8,Uncommon,False,False,0,0,0,bbref_war,False,False
adamsbo03,adamsbo03,Bobby Adams,3B,2B,Integration (1942-1960),1952,1946,1946,1959,CIN,CIN,4019,1082,37,67.0,414,447.0,15,R,0.275,0.342,0.101,0.094,0.089,43.6,23.1,38.9,63.0,55.2,C-,D-,D+,B-,C+,66.7,Uncommon,False,False,0,0,0,bbref_war,False,False
carrach01,carrach01,Chico Carrasquel,SS,,Integration (1942-1960),1954,1954,1950,1959,CHW,CHW,4644,1199,55,31.0,491,467.0,11,R,0.265,0.34,0.088,0.092,0.096,34.6,17.1,43.8,36.4,87.8,D,F,C-,D+,A,66.7,Uncommon,True,False,4,0,0,bbref_war,False,False
olmolu01,olmolu01,Luis Olmo,CF,LF,Integration (1942-1960),1947,1945,1943,1951,LAD,LAD,1629,458,29,33.0,88,128.0,6,R,0.281,0.319,0.124,0.074,0.051,52.1,36.4,9.6,59.4,38.5,C,D+,F,C+,D+,66.7,Uncommon,False,False,0,0,0,bbref_war,False,False
rosarbu01,rosarbu01,Buddy Rosar,C,,Integration (1942-1960),1944,1943,1939,1951,OAK,OAK,3198,836,18,17.0,315,161.0,13,R,0.274,0.343,0.078,0.037,0.09,52.9,11.6,39.7,22.1,78.2,C,F,D+,D-,B+,66.7,Uncommon,True,False,5,0,0,bbref_war,False,False
abramca01,abramca01,Cal Abrams,RF,"CF,LF",Integration (1942-1960),1953,1954,1949,1956,LAD,LAD,1611,433,32,12.0,304,290.0,10,L,0.271,0.388,0.126,0.148,0.158,29.5,35.9,91.4,26.7,47.0,D,D+,A,D,C,66.5,Uncommon,False,False,0,0,0,bbref_war,False,False
sisledi01,sisledi01,Dick Sisler,1B,LF,Integration (1942-1960),1950,1950,1946,1953,PHI,PHI,2606,720,55,6.0,226,253.0,9,L,0.278,0.339,0.132,0.089,0.081,47.4,41.0,32.3,22.9,43.5,C,C-,D,D-,C-,66.4,Uncommon,True,False,1,0,0,bbref_war,False,False
bakerge02,bakerge02,Gene Baker,2B,3B,Integration (1942-1960),1956,1955,1948,1961,CHC,CHC,2411,635,42,26.0,199,219.0,10,R,0.264,0.32,0.127,0.08,0.075,36.3,37.5,28.0,40.7,57.2,D+,D+,D,C-,C+,66.3,Uncommon,True,False,1,0,0,bbref_war,False,False
kennebo01,kennebo01,Bob Kennedy,RF,"3B,LF",Integration (1942-1960),1950,1950,1939,1957,CLE,CLE,4624,1176,63,45.0,364,443.0,21,R,0.268,0.328,0.123,0.086,0.082,38.2,35.9,33.6,31.4,58.5,D+,D+,D,D,C+,66.3,Uncommon,False,False,0,0,0,bbref_war,False,False
ryanco01,ryanco01,Connie Ryan,2B,3B,Integration (1942-1960),1950,1952,1942,1954,ATL,ATL,3982,988,56,69.0,518,514.0,14,R,0.255,0.343,0.12,0.114,0.115,21.8,32.9,58.6,63.3,59.1,D-,D,C+,B-,C+,66.3,Uncommon,True,False,1,0,0,bbref_war,False,False
coangi01,coangi01,Gil Coan,LF,,Integration (1942-1960),1951,1951,1946,1956,MIN,MIN,2877,731,39,83.0,232,384.0,13,L,0.275,0.335,0.112,0.102,0.076,41.4,29.2,28.6,63.1,50.3,C-,D,D,B-,C,66.2,Uncommon,False,False,0,0,0,bbref_war,False,False
edwarbr01,edwarbr01,Bruce Edwards,C,,Integration (1942-1960),1949,1947,1946,1956,LAD,LAD,1675,429,39,9.0,190,179.0,11,R,0.267,0.341,0.13,0.091,0.097,36.5,39.4,44.8,35.9,47.6,D+,D+,C-,D+,C,66.2,Uncommon,True,False,2,0,0,bbref_war,False,False
muellra01,muellra01,Ray Mueller,C,,Integration (1942-1960),1944,1943,1935,1951,CIN,CIN,2911,733,56,14.0,250,322.0,16,R,0.261,0.325,0.123,0.097,0.082,30.3,36.4,33.7,39.9,64.1,D,D+,D,D+,B-,66.1,Uncommon,True,False,1,0,0,bbref_war,False,False
oconnda02,o'conda02,Danny O'Connell,2B,3B,Integration (1942-1960),1956,1957,1950,1962,ATL,ATL,4035,1049,39,48.0,431,396.0,11,R,0.266,0.343,0.093,0.084,0.101,36.9,19.0,48.3,48.8,68.1,D+,F,C,C,B,66.1,Uncommon,False,False,0,0,0,bbref_war,False,False
vollmcl01,vollmcl01,Clyde Vollmer,LF,"CF,RF",Integration (1942-1960),1950,1952,1942,1954,BOS,BOS,2021,508,69,7.0,243,328.0,13,R,0.258,0.346,0.163,0.143,0.114,19.3,58.4,58.0,23.6,43.6,F,C+,C+,D-,C-,66.1,Uncommon,False,False,0,0,0,bbref_war,False,False
willidi02,willidi02,Dick Williams,3B,"1B,CF,LF",Integration (1942-1960),1959,1960,1951,1964,NLB,NLB,2959,768,70,12.0,227,392.0,15,R,0.274,0.329,0.141,0.122,0.074,37.1,46.9,27.2,21.8,50.6,D+,C,D,D-,C,66.1,Uncommon,False,False,0,0,0,bbref_war,False,False
barrejo01,barrejo01,Johnny Barrett,RF,CF,Integration (1942-1960),1944,1944,1942,1946,PIT,PIT,1811,454,23,69.0,265,201.0,6,L,0.251,0.349,0.119,0.096,0.127,21.3,31.3,68.0,83.4,45.5,D-,D,B,A-,C,66.0,Uncommon,False,False,0,0,0,bbref_war,False,False
rignebi01,rignebi01,Bill Rigney,2B,"3B,SS",Integration (1942-1960),1949,1947,1946,1953,SFG,SFG,1966,510,41,25.0,208,206.0,8,R,0.263,0.337,0.121,0.092,0.095,32.9,35.2,43.7,45.3,51.5,D,D+,C-,C,C,65.8,Uncommon,True,False,1,0,0,bbref_war,False,False
rowelba01,rowelba01,Bama Rowell,2B,LF,Integration (1942-1960),1944,1940,1939,1948,ATL,ATL,1901,523,19,37.0,113,105.0,6,L,0.275,0.316,0.107,0.052,0.056,50.9,26.9,13.3,59.1,45.8,C,D,F,C+,C,65.8,Uncommon,False,False,0,0,0,bbref_war,False,False
battsma01,battsma01,Matt Batts,C,,Integration (1942-1960),1951,1953,1947,1956,BOS,BOS,1605,432,26,6.0,143,163.0,12,R,0.274,0.337,0.126,0.09,0.087,43.1,37.9,36.9,19.3,47.6,C-,D+,D+,F,C,65.7,Uncommon,False,False,0,0,0,bbref_war,False,False
nelsocl01,nelsocl01,Clyde Nelson,3B,,Integration (1942-1960),1946,1946,1943,1948,NLB,NLB,404,102,4,3.0,34,2.0,6,R,0.252,0.317,0.092,0.005,0.077,45.1,33.0,29.4,31.9,49.7,C,D,D,D,C,65.7,Uncommon,True,False,1,0,0,bbref_war,False,False
adamsbu01,adamsbu01,Buster Adams,CF,,Integration (1942-1960),1944,1944,1939,1947,PHI,PHI,2003,532,50,12.0,234,281.0,8,R,0.266,0.346,0.135,0.125,0.104,29.3,42.8,50.2,35.9,45.8,D,C-,C,D+,C,65.6,Uncommon,False,False,0,0,0,bbref_war,False,False
stephge01,stephge01,Gene Stephens,LF,"CF,RF",Integration (1942-1960),1960,1955,1952,1964,BOS,BOS,1913,460,37,27.0,233,322.0,14,L,0.262,0.348,0.119,0.136,0.114,24.6,33.6,57.9,40.9,59.6,D-,D,C+,C-,C+,65.6,Uncommon,False,False,0,0,0,bbref_war,False,False
whitesa02,whitesa02,Sammy White,C,,Integration (1942-1960),1955,1953,1951,1962,BOS,BOS,3502,916,66,14.0,218,381.0,11,R,0.273,0.314,0.129,0.1,0.055,40.3,40.0,12.7,23.1,58.2,C-,C-,F,D-,C+,65.6,Uncommon,True,False,1,0,0,bbref_war,False,False
blasido01,blasido01,Don Blasingame,2B,,Integration (1942-1960),1959,1957,1955,1966,STL,STL,5296,1366,21,105.0,552,462.0,15,L,0.269,0.34,0.07,0.076,0.096,41.0,5.7,44.1,69.7,68.6,C-,F,C-,B,B,65.5,Uncommon,True,False,1,0,0,bbref_war,False,False
colemje01,colemje01,Jerry Coleman,2B,SS,Integration (1942-1960),1952,1950,1949,1957,NYY,NYY,2119,558,16,22.0,235,218.0,9,R,0.273,0.355,0.083,0.085,0.107,42.8,14.3,52.4,36.0,58.0,C-,F,C,D+,C+,65.5,Uncommon,True,False,1,0,0,bbref_war,True,False
bouched01,bouched01,Ed Bouchee,1B,,Integration (1942-1960),1959,1957,1956,1962,PHI,PHI,2199,583,61,5.0,340,401.0,8,L,0.265,0.368,0.154,0.155,0.132,23.4,51.5,71.4,12.3,40.7,D-,C,B,F,C-,65.4,Uncommon,False,False,0,0,0,bbref_war,False,False
jablora01,jablora01,Ray Jablonski,3B,,Integration (1942-1960),1957,1954,1953,1960,STL,STL,2562,687,83,16.0,196,330.0,9,R,0.269,0.321,0.157,0.116,0.069,33.7,55.7,23.6,26.3,35.9,D,C+,D-,D,D+,65.4,Uncommon,True,False,1,0,0,bbref_war,False,False
linarro01,linarro01,Rogelio Linares,LF,,Integration (1942-1960),1944,1943,1940,1946,NLB,NLB,604,152,4,6.0,49,6.0,5,L,0.252,0.317,0.098,0.009,0.074,42.6,31.3,27.1,40.8,49.7,C-,D,D,C-,C,65.3,Uncommon,True,False,2,0,0,bbref_war,False,False
gustifr01,gustifr01,Frankie Gustine,2B,"3B,SS",Integration (1942-1960),1945,1947,1939,1950,PIT,PIT,4582,1214,38,60.0,369,427.0,12,R,0.278,0.334,0.098,0.087,0.074,47.6,21.7,27.4,54.0,47.4,C,D-,D,C,C,65.0,Uncommon,True,False,3,0,0,bbref_war,False,False
mccormi02,mccormi02,Mike McCormick,LF,CF,Integration (1942-1960),1946,1948,1940,1951,CIN,CIN,2325,640,14,16.0,188,173.0,12,R,0.284,0.336,0.087,0.07,0.071,55.9,16.0,25.1,42.6,50.2,C+,F,D,C-,C,65.0,Uncommon,False,False,0,0,0,bbref_war,False,False
tuttlbi01,tuttlbi01,Bill Tuttle,CF,3B,Integration (1942-1960),1959,1959,1952,1963,NLB,NLB,4268,1105,67,38.0,480,416.0,12,R,0.263,0.343,0.11,0.088,0.107,33.8,27.9,52.8,43.8,51.1,D,D,C,C-,C,65.0,Uncommon,False,False,0,0,0,bbref_war,False,False
wilkeji01,wilkeji01,Jimmy Wilkes,CF,,Integration (1942-1960),1946,1948,1945,1948,NLB,NLB,630,147,5,10.0,85,0.0,4,L,0.233,0.326,0.076,0.0,0.119,34.3,24.1,61.4,46.7,49.9,D,D-,B-,C,C,65.0,Uncommon,True,False,1,0,0,bbref_war,False,False
larkeno01,larkeno01,Norm Larker,1B,,Integration (1942-1960),1960,1960,1958,1963,LAD,LAD,1953,538,32,3.0,211,165.0,7,L,0.275,0.347,0.114,0.075,0.096,47.1,31.0,43.8,9.4,47.4,C,D,C-,F,C,64.9,Uncommon,True,False,2,0,0,bbref_war,False,False
courtcl01,courtcl01,Clint Courtney,C,,Integration (1942-1960),1956,1952,1951,1961,MIN,MIN,2796,750,38,3.0,264,143.0,13,L,0.275,0.346,0.105,0.04,0.084,52.5,26.4,35.2,1.0,53.6,C,D,D+,F,C,64.8,Uncommon,False,False,0,0,0,bbref_war,False,False
seerepa01,seerepa01,Pat Seerey,LF,"CF,RF",Integration (1942-1960),1946,1946,1943,1949,CLE,CLE,1815,406,86,3.0,259,485.0,8,R,0.224,0.321,0.188,0.234,0.125,1.0,72.2,66.2,6.6,43.4,F,B,B,F,C-,64.8,Uncommon,False,False,0,0,0,bbref_war,False,False
kluttcl01,kluttcl01,Clyde Kluttz,C,,Integration (1942-1960),1946,1947,1942,1952,ATL,ATL,1903,510,19,5.0,132,119.0,12,R,0.28,0.328,0.085,0.056,0.063,54.6,17.1,18.5,23.2,61.1,C,F,F,D-,B-,64.7,Uncommon,False,False,0,0,0,bbref_war,False,False
nealch01,nealch01,Charlie Neal,2B,"3B,SS",Integration (1942-1960),1959,1959,1956,1963,LAD,LAD,3316,858,87,48.0,337,557.0,9,R,0.262,0.332,0.138,0.153,0.092,20.6,44.0,41.3,54.5,43.2,D-,C-,C-,C,C-,64.6,Uncommon,True,False,3,1,2,bbref_war,False,False
morgabo01,morgabo01,Bobby Morgan,SS,"2B,3B",Integration (1942-1960),1954,1955,1950,1958,LAD,LAD,2088,487,53,18.0,327,381.0,10,R,0.24,0.349,0.143,0.151,0.141,2.1,46.6,78.5,26.7,62.1,F,C,B+,D,B-,64.5,Uncommon,False,False,0,0,0,bbref_war,False,False
wyattra01,wyattra01,Ralph Wyatt,SS,,Integration (1942-1960),1944,1945,1941,1946,NLB,NLB,475,115,3,10.0,31,0.0,7,R,0.242,0.289,0.074,0.0,0.061,40.5,26.5,17.3,54.1,51.5,C-,D,F,C,C,64.5,Uncommon,True,False,1,0,0,bbref_war,False,False
chartba01,chartbi01,Babe Charter,1B,,Integration (1942-1960),1945,1943,1943,1946,NLB,NLB,143,32,3,1.0,7,1.0,5,,0.224,0.265,0.098,0.007,0.046,41.0,41.5,5.9,20.0,50.2,C-,C-,F,D-,C,64.4,Uncommon,True,False,1,0,0,bbref_war,False,False
lepcite01,lepcite01,Ted Lepcio,2B,"3B,SS",Integration (1942-1960),1955,1957,1952,1961,BOS,BOS,2092,512,69,11.0,209,471.0,12,R,0.255,0.327,0.153,0.186,0.09,14.4,52.9,39.7,25.3,53.3,F,C,D+,D,C,64.4,Uncommon,False,False,0,0,0,bbref_war,False,False
haywobu01,haywobu01,Buster Haywood,C,,Integration (1942-1960),1944,1943,1940,1948,NLB,NLB,368,83,0,6.0,39,2.0,8,R,0.229,0.311,0.046,0.003,0.098,37.0,23.3,45.9,44.6,50.5,D+,D-,C,C-,C,64.3,Uncommon,True,False,1,0,0,bbref_war,False,False
hodgira01,hodgira01,Ralph Hodgin,LF,"3B,RF",Integration (1942-1960),1945,1944,1939,1948,CHW,CHW,1689,481,4,7.0,97,63.0,6,L,0.285,0.33,0.082,0.035,0.054,62.5,13.1,11.6,27.7,53.1,B-,F,F,D,C,64.3,Uncommon,False,False,0,0,0,bbref_war,False,False
kazaked01,kazaked01,Eddie Kazak,3B,,Integration (1942-1960),1950,1949,1948,1952,STL,STL,605,165,11,0.0,52,45.0,6,R,0.273,0.332,0.111,0.068,0.079,45.3,31.3,30.9,9.8,50.4,C,D,D,F,C,64.3,Uncommon,True,False,1,0,0,bbref_war,False,False
martibi02,martibi02,Billy Martin,2B,"3B,SS",Integration (1942-1960),1953,1952,1950,1961,NYY,NYY,3419,877,64,34.0,188,355.0,13,R,0.261,0.308,0.123,0.089,0.055,31.6,37.0,12.4,38.9,49.0,D,D+,F,D+,C,64.3,Uncommon,True,False,1,0,0,bbref_war,True,False
zimmedo01,zimmedo01,Don Zimmer,2B,"3B,SS",Integration (1942-1960),1960,1960,1954,1965,TEX,TEX,3283,773,91,45.0,246,678.0,14,R,0.252,0.299,0.16,0.186,0.061,11.5,57.4,16.8,44.7,51.8,F,C+,F,C-,C,64.3,Uncommon,True,False,2,0,0,bbref_war,False,False
earlyja01,earlyja01,Jake Early,C,,Integration (1942-1960),1943,1943,1939,1949,MIN,MIN,2208,532,32,7.0,281,259.0,9,L,0.252,0.341,0.124,0.104,0.114,21.6,35.4,57.8,17.9,61.6,D-,D+,C+,F,B-,64.2,Uncommon,True,False,1,0,0,bbref_war,False,False
phillbu02,phillbu02,Bubba Phillips,3B,LF,Integration (1942-1960),1959,1957,1955,1964,CHW,CHW,3278,835,62,25.0,182,314.0,10,R,0.264,0.308,0.114,0.086,0.054,35.3,33.2,11.7,33.6,59.6,D+,D,F,D,C+,64.2,Uncommon,False,False,0,0,0,bbref_war,False,False
cimolgi01,cimolgi01,Gino Cimoli,CF,"LF,RF",Integration (1942-1960),1960,1957,1956,1965,NLB,NLB,3054,808,44,21.0,221,474.0,12,R,0.271,0.322,0.124,0.144,0.068,30.9,35.6,22.5,42.5,51.7,D,D+,D-,C-,C,64.1,Uncommon,True,False,1,0,0,bbref_war,False,False
kryhodi01,kryhodi01,Dick Kryhoski,1B,,Integration (1942-1960),1952,1953,1949,1955,DET,DET,1794,475,45,5.0,119,163.0,7,L,0.265,0.314,0.138,0.084,0.062,35.9,45.2,17.7,8.8,49.5,D+,C,F,F,C,64.1,Uncommon,False,False,0,0,0,bbref_war,False,False
liponjo01,liponjo01,Johnny Lipon,SS,,Integration (1942-1960),1950,1948,1942,1954,DET,DET,2661,690,10,28.0,347,152.0,11,R,0.266,0.356,0.069,0.047,0.12,43.7,6.0,62.8,36.8,59.6,C-,F,B-,D+,C+,64.1,Uncommon,False,False,0,0,0,bbref_war,False,False
lupieto01,lupieto01,Tony Lupien,1B,,Integration (1942-1960),1944,1944,1940,1948,BOS,BOS,2358,632,18,57.0,241,111.0,6,L,0.268,0.337,0.087,0.043,0.093,46.4,15.8,41.5,55.3,42.1,C,F,C-,C+,C-,64.1,Uncommon,False,False,0,0,0,bbref_war,False,False
evansal01,evansal01,Al Evans,C,,Integration (1942-1960),1945,1948,1939,1951,MIN,MIN,2053,514,13,14.0,243,206.0,12,R,0.266,0.354,0.092,0.087,0.116,36.7,18.6,59.5,32.4,54.2,D+,F,C+,D,C,64.0,Uncommon,False,False,0,0,0,bbref_war,False,False
housefr03,housefr03,Frank House,C,,Integration (1942-1960),1955,1955,1950,1961,DET,DET,1994,494,47,6.0,151,147.0,10,L,0.254,0.312,0.125,0.072,0.077,29.0,38.8,29.4,22.7,55.4,D,D+,D,D-,C+,64.0,Uncommon,False,False,0,0,0,bbref_war,False,False
kollodo01,kollodo01,Don Kolloway,2B,1B,Integration (1942-1960),1947,1946,1940,1953,CHW,CHW,3993,1081,29,76.0,189,251.0,13,R,0.278,0.312,0.084,0.055,0.045,53.3,14.8,4.5,53.5,52.2,C,F,F,C,C,64.0,Uncommon,False,False,0,0,0,bbref_war,False,False
smithha08,smithha08,Hal Smith,C,3B,Integration (1942-1960),1958,1960,1955,1964,NLB,NLB,2682,715,58,7.0,196,361.0,11,R,0.275,0.323,0.135,0.112,0.066,39.9,43.6,20.7,11.3,41.8,D+,C-,D-,F,C-,64.0,Uncommon,False,False,0,0,0,bbref_war,False,False
wasdeji01,wasdeji01,Jimmy Wasdell,LF,"1B,RF",Integration (1942-1960),1943,1945,1937,1947,PHI,PHI,2866,782,29,29.0,243,165.0,14,L,0.278,0.339,0.087,0.042,0.08,55.6,16.1,31.4,45.1,37.3,C+,F,D,C,D+,64.0,Uncommon,False,False,0,0,0,bbref_war,False,False
klausbi01,klausbi01,Billy Klaus,SS,3B,Integration (1942-1960),1957,1957,1952,1963,BOS,BOS,2513,626,40,14.0,331,285.0,11,L,0.254,0.342,0.104,0.096,0.118,24.6,25.5,61.0,36.8,58.2,D-,D,B-,D+,C+,63.9,Common,False,False,0,0,0,bbref_war,False,False
lakeed01,lakeed01,Eddie Lake,SS,2B,Integration (1942-1960),1945,1945,1939,1950,BOS,BOS,2595,599,39,52.0,546,312.0,11,R,0.239,0.371,0.099,0.093,0.171,11.9,22.6,101.4,52.4,52.7,F,D-,S,C,C,63.8,Common,False,False,0,0,0,bbref_war,False,False
bakerfl01,bakerfl01,Floyd Baker,3B,2B,Integration (1942-1960),1949,1947,1943,1955,CHW,CHW,2280,573,1,23.0,382,165.0,15,L,0.267,0.372,0.048,0.06,0.141,42.1,1.0,78.9,28.9,62.6,C-,F,B+,D,B-,63.7,Common,False,False,0,0,0,bbref_war,False,False
spencda01,spencda01,Daryl Spencer,SS,"2B,3B",Integration (1942-1960),1959,1958,1952,1963,STL,STL,3689,901,105,13.0,449,516.0,12,R,0.253,0.342,0.126,0.117,0.117,19.7,38.4,59.9,34.5,46.3,F,D+,C+,D,C,63.7,Common,False,False,0,0,0,bbref_war,False,False
foileha01,foileha01,Hank Foiles,C,,Integration (1942-1960),1958,1957,1953,1964,CLE,CLE,1455,353,46,3.0,170,295.0,16,R,0.252,0.335,0.151,0.17,0.112,11.6,51.1,56.6,12.3,51.6,F,C,C+,F,C,63.6,Common,True,False,1,0,0,bbref_war,False,False
metkoca01,metkoca01,George Metkovich,CF,"1B,RF",Integration (1942-1960),1946,1944,1943,1954,BOS,BOS,3585,934,47,61.0,307,359.0,11,L,0.265,0.322,0.107,0.096,0.071,34.3,27.2,25.1,57.8,46.1,D,D,D,C+,C,63.6,Common,False,False,0,0,0,bbref_war,False,False
haasbe01,haasbe01,Bert Haas,1B,"3B,CF",Integration (1942-1960),1943,1946,1937,1951,CIN,CIN,2440,644,22,51.0,204,188.0,10,R,0.266,0.325,0.09,0.07,0.077,39.7,17.7,29.8,65.4,45.8,D+,F,D,B,C,63.5,Common,True,False,1,0,0,bbref_war,False,False
hockeor01,hockeor01,Oris Hockett,CF,"LF,RF",Integration (1942-1960),1942,1943,1938,1945,CLE,CLE,2165,598,13,43.0,159,157.0,7,L,0.276,0.329,0.089,0.067,0.068,49.2,17.2,22.6,43.0,46.6,C,F,D-,C-,C,63.5,Common,True,False,1,0,0,bbref_war,False,False
owenmi01,owenmi01,Mickey Owen,C,,Integration (1942-1960),1942,1942,1937,1954,LAD,LAD,3649,929,14,36.0,326,181.0,13,R,0.265,0.328,0.072,0.043,0.083,43.4,8.1,33.9,48.6,60.6,C-,F,D,C,B-,63.5,Common,True,False,4,0,0,bbref_war,False,False
blanche02,blanche02,Heberto Blanco,2B,,Integration (1942-1960),1942,1941,1941,1942,NLB,NLB,260,61,2,0.0,27,4.0,2,R,0.235,0.306,0.062,0.014,0.094,38.6,30.1,42.3,7.2,50.8,D+,D,C-,F,C,63.4,Common,True,False,1,0,0,bbref_war,False,False
kerrbu01,kerrbu01,Buddy Kerr,SS,,Integration (1942-1960),1946,1944,1943,1951,SFG,SFG,3631,903,31,38.0,324,280.0,9,R,0.255,0.316,0.086,0.067,0.08,30.0,15.5,31.5,55.1,66.9,D,F,D,C+,B,63.4,Common,True,False,1,0,0,bbref_war,False,False
grimeos01,grimeos01,Oscar Grimes,3B,"1B,2B",Integration (1942-1960),1943,1945,1938,1946,NYY,NYY,1832,469,18,30.0,297,303.0,10,R,0.262,0.369,0.1,0.138,0.14,23.4,21.8,77.8,52.3,44.1,D-,D-,B+,C,C-,63.2,Common,True,False,1,0,0,bbref_war,False,False
martira05,martira06,Rabbit Martínez,SS,,Integration (1942-1960),1944,1944,1935,1947,NLB,NLB,950,217,3,16.0,85,6.0,10,R,0.238,0.308,0.063,0.007,0.089,35.0,19.7,38.4,47.5,51.9,D+,F,D+,C,C,63.2,Common,True,False,6,0,0,bbref_war,False,False
tucketh01,tucketh01,Thurman Tucker,CF,,Integration (1942-1960),1947,1944,1942,1951,CHW,CHW,2231,570,9,77.0,291,237.0,9,L,0.261,0.347,0.07,0.092,0.116,31.0,6.4,59.5,66.4,57.5,D,F,C+,B,C+,63.2,Common,True,False,1,0,0,bbref_war,False,False
delsiji01,delsiji01,Jim Delsing,CF,LF,Integration (1942-1960),1953,1954,1948,1960,DET,DET,2461,627,40,15.0,299,251.0,13,L,0.259,0.343,0.123,0.083,0.108,31.2,35.6,53.0,25.9,36.0,D,D+,C,D,D+,63.1,Common,False,False,0,0,0,bbref_war,False,False
spencjo02,spencjo03,Joe Spencer,2B,,Integration (1942-1960),1944,1942,1941,1948,NLB,NLB,287,59,0,4.0,23,1.0,12,R,0.223,0.276,0.035,0.004,0.069,37.4,26.9,23.4,36.8,49.4,D+,D,D-,D+,C,63.1,Common,True,False,1,0,0,bbref_war,False,False
wagneha01,wagneha01,Hal Wagner,C,,Integration (1942-1960),1943,1944,1937,1949,OAK,OAK,1849,458,15,10.0,253,152.0,15,L,0.257,0.358,0.096,0.064,0.129,33.3,21.5,69.4,25.8,45.6,D,D-,B,D,C,63.0,Common,True,False,2,0,0,bbref_war,False,False
mayoed01,mayoed01,Eddie Mayo,2B,3B,Integration (1942-1960),1944,1945,1936,1948,DET,DET,3013,759,26,29.0,257,175.0,9,L,0.262,0.324,0.087,0.05,0.081,39.3,16.8,32.4,28.9,59.5,D+,F,D,D,C+,62.9,Common,True,False,1,0,0,bbref_war,False,False
witekmi01,witekmi01,Mickey Witek,2B,SS,Integration (1942-1960),1943,1943,1940,1949,SFG,SFG,2147,595,22,7.0,148,84.0,7,R,0.277,0.324,0.069,0.037,0.064,55.5,8.5,19.8,32.1,52.5,C+,F,F,D,C,62.9,Common,False,False,0,0,0,bbref_war,False,False
roccomi01,roccomi01,Mickey Rocco,1B,,Integration (1942-1960),1944,1945,1943,1946,CLE,CLE,1721,444,30,6.0,174,146.0,4,L,0.258,0.327,0.114,0.077,0.092,31.3,31.5,40.7,17.1,50.4,D,D,C-,F,C,62.8,Common,False,False,0,0,0,bbref_war,False,False
colemra01,colemra01,Ray Coleman,RF,"CF,LF",Integration (1942-1960),1950,1951,1947,1952,BAL,BAL,1729,446,20,19.0,148,158.0,8,L,0.258,0.318,0.116,0.084,0.079,30.0,30.3,30.7,40.2,45.4,D,D,D,C-,C,62.6,Common,False,False,0,0,0,bbref_war,False,False
herzowh01,herzowh01,Whitey Herzog,RF,"CF,LF",Integration (1942-1960),1960,1959,1956,1963,NLB,NLB,1614,414,25,13.0,241,261.0,9,L,0.258,0.355,0.112,0.134,0.128,21.4,29.4,68.6,29.5,46.8,D-,D,B,D,C,62.6,Common,False,False,0,0,0,bbref_war,False,False
jeffcha01,jeffcha01,Hal Jeffcoat,CF,RF,Integration (1942-1960),1954,1948,1948,1959,CHC,CHC,1963,487,26,49.0,114,289.0,13,R,0.266,0.312,0.109,0.133,0.061,28.6,29.7,16.9,54.5,48.2,D,D,F,C,C,62.6,Common,False,False,0,0,0,bbref_war,False,False
vanroma01,vanroma01,Maurice Van Robays,LF,,Integration (1942-1960),1942,1941,1939,1946,PIT,PIT,1844,493,20,2.0,139,155.0,6,R,0.267,0.321,0.113,0.078,0.07,39.4,29.4,23.9,26.7,42.7,D+,D,D-,D,C-,62.5,Common,False,False,0,0,0,bbref_war,False,False
cowanjo01,cowanjo01,Johnnie Cowan,2B,,Integration (1942-1960),1945,1946,1940,1948,NLB,NLB,325,83,1,2.0,12,0.0,7,R,0.255,0.286,0.04,0.0,0.035,47.6,23.9,1.0,24.5,49.3,C,D-,F,D-,C,62.3,Common,True,False,1,0,0,bbref_war,False,False
ricede01,ricede01,Del Rice,C,,Integration (1942-1960),1951,1952,1945,1961,STL,STL,3826,908,79,2.0,382,522.0,20,R,0.249,0.316,0.133,0.112,0.082,16.6,42.3,33.1,3.8,62.7,F,C-,D,F,B-,62.3,Common,True,False,1,0,0,bbref_war,False,False
wardpr01,wardpr01,Preston Ward,1B,3B,Integration (1942-1960),1955,1956,1948,1959,CLE,CLE,2067,522,50,7.0,231,315.0,12,L,0.262,0.329,0.127,0.139,0.092,23.6,38.8,41.3,18.4,45.8,D-,D+,C-,F,C,62.3,Common,False,False,0,0,0,bbref_war,False,False
finigji01,finigji01,Jim Finigan,3B,2B,Integration (1942-1960),1956,1954,1954,1959,NLB,NLB,1600,422,19,8.0,190,176.0,6,R,0.264,0.342,0.103,0.097,0.105,32.7,24.7,51.1,21.1,46.5,D,D-,C,D-,C,62.2,Common,True,False,2,0,0,bbref_war,False,False
pilaral01,pilaral01,Al Pilarcik,RF,CF,Integration (1942-1960),1958,1957,1956,1961,BAL,BAL,1614,413,22,41.0,185,150.0,7,L,0.256,0.334,0.09,0.082,0.101,28.5,19.3,48.2,54.6,44.6,D,F,C,C,C-,62.1,Common,False,False,0,0,0,bbref_war,False,False
rodrihe01,rodrihe01,Héctor Rodríguez,3B,,Integration (1942-1960),1948,1952,1944,1952,NLB,NLB,562,151,1,13.0,61,23.0,2,R,0.269,0.344,0.034,0.037,0.097,47.7,1.0,45.1,37.8,53.4,C,F,C,D+,C,62.1,Common,True,False,1,0,0,bbref_war,False,False
guttedo01,guttedo01,Don Gutteridge,2B,"3B,SS",Integration (1942-1960),1943,1942,1936,1948,BAL,BAL,4202,1075,39,95.0,309,444.0,12,R,0.262,0.312,0.113,0.1,0.067,30.8,28.6,21.7,68.9,31.2,D,D,D-,B,D,61.9,Common,False,False,0,0,0,bbref_war,False,False
murtada01,murtada01,Danny Murtaugh,2B,,Integration (1942-1960),1947,1948,1941,1951,PHI,PHI,2599,661,8,49.0,287,215.0,9,R,0.264,0.343,0.068,0.07,0.104,37.9,5.8,50.3,52.4,49.0,D+,F,C,C,C,61.9,Common,False,False,0,0,0,bbref_war,False,False
workmch01,workmch01,Chuck Workman,RF,3B,Integration (1942-1960),1944,1945,1938,1946,ATL,ATL,1749,423,50,24.0,161,202.0,7,L,0.242,0.311,0.126,0.105,0.084,12.0,39.7,34.5,45.7,48.4,F,D+,D,C,C,61.9,Common,False,False,0,0,0,bbref_war,False,False
rojekst01,rojekst01,Stan Rojek,SS,,Integration (1942-1960),1949,1948,1942,1952,PIT,PIT,1764,470,4,32.0,152,100.0,9,R,0.266,0.327,0.06,0.052,0.079,43.2,2.2,31.0,47.2,58.1,C-,F,D,C,C+,61.8,Common,False,False,0,0,0,bbref_war,False,False
robersh01,robersh01,Sherry Robertson,2B,"3B,RF",Integration (1942-1960),1948,1949,1940,1952,MIN,MIN,1507,346,26,32.0,202,238.0,11,L,0.233,0.331,0.128,0.125,0.125,1.7,37.9,66.2,56.5,43.3,F,D+,B,C+,C-,61.7,Common,False,False,0,0,0,bbref_war,False,False
berarjo01,berarjo01,Johnny Berardino,2B,"3B,SS",Integration (1942-1960),1946,1947,1939,1952,BAL,BAL,3028,755,36,27.0,284,268.0,13,R,0.26,0.319,0.112,0.074,0.076,33.8,30.0,28.9,33.2,35.9,D,D,D,D,D+,61.5,Common,False,False,0,0,0,bbref_war,False,False
delgrbo01,delgrbo01,Bobby Del Greco,CF,LF,Integration (1942-1960),1960,1962,1952,1965,PHI,PHI,1982,454,42,16.0,271,372.0,12,R,0.232,0.336,0.136,0.157,0.122,1.0,42.6,64.2,24.8,52.2,F,C-,B-,D-,C,61.5,Common,False,False,0,0,0,bbref_war,False,False
suderpe01,suderpe01,Pete Suder,2B,"3B,SS",Integration (1942-1960),1949,1949,1941,1955,OAK,OAK,5085,1268,49,19.0,288,456.0,13,R,0.26,0.306,0.098,0.084,0.06,31.5,22.7,16.4,23.5,61.3,D,D-,F,D-,B-,61.5,Common,False,False,0,0,0,bbref_war,False,False
verbaem01,verbaem01,Emil Verban,2B,,Integration (1942-1960),1947,1947,1944,1950,CHC,CHC,2911,793,1,21.0,108,74.0,10,R,0.272,0.301,0.053,0.024,0.036,53.6,1.0,1.0,44.2,58.0,C,F,F,C-,C+,61.5,Common,True,False,3,0,0,bbref_war,False,False
watkimu01,watkimu01,Murray Watkins,3B,,Integration (1942-1960),1945,1946,1941,1948,NLB,NLB,967,227,1,24.0,90,3.0,9,L,0.235,0.304,0.036,0.003,0.085,32.9,8.5,35.2,50.2,58.0,D,F,D+,C,C+,61.5,Common,True,False,3,0,0,bbref_war,False,False
castipe01,castipe01,Pete Castiglione,3B,SS,Integration (1942-1960),1950,1951,1947,1954,PIT,PIT,1670,426,24,10.0,103,126.0,9,R,0.263,0.31,0.095,0.069,0.062,37.4,22.0,17.6,25.4,51.4,D+,D-,F,D,C,61.4,Common,False,False,0,0,0,bbref_war,False,False
grammal01,grammal01,Alex Grammas,SS,"2B,3B",Integration (1942-1960),1958,1954,1954,1963,STL,STL,2073,512,12,17.0,206,192.0,12,R,0.253,0.325,0.073,0.077,0.092,26.9,9.5,40.7,32.9,70.2,D,F,C-,D,B,61.4,Common,False,False,0,0,0,bbref_war,False,False
heganji01,heganji01,Jim Hegan,C,,Integration (1942-1960),1950,1947,1941,1960,CLE,CLE,4772,1087,92,15.0,456,742.0,19,R,0.239,0.309,0.122,0.133,0.092,3.8,34.9,41.2,30.6,67.5,F,D,C-,D,B,61.4,Common,True,False,5,0,0,bbref_war,False,False
astrojo01,astrojo01,Joe Astroth,C,,Integration (1942-1960),1951,1953,1945,1956,OAK,OAK,1579,401,13,6.0,177,124.0,10,R,0.26,0.347,0.079,0.069,0.11,34.5,13.5,55.2,17.8,52.4,D,F,C+,F,C,61.3,Common,False,False,0,0,0,bbref_war,False,False
ginsbjo01,ginsbjo01,Joe Ginsberg,C,,Integration (1942-1960),1953,1957,1948,1962,DET,DET,1716,414,20,7.0,226,135.0,17,L,0.255,0.35,0.091,0.065,0.121,30.7,19.8,63.5,11.5,47.9,D,F,B-,F,C,61.3,Common,False,False,0,0,0,bbref_war,False,False
ruffile01,ruffile01,Leon Ruffin,C,,Integration (1942-1960),1942,1946,1935,1946,NLB,NLB,698,147,2,7.0,53,3.0,11,R,0.236,0.293,0.046,0.0,0.064,37.0,18.6,19.5,35.7,49.9,D+,F,F,D+,C,61.3,Common,True,False,2,0,0,bbref_war,False,False
zakfr01,zakfr01,Frankie Zak,SS,,Integration (1942-1960),1945,1944,1944,1946,PIT,PIT,208,56,0,6.0,26,23.0,3,R,0.269,0.35,0.034,0.098,0.111,36.3,4.2,55.7,45.3,49.9,D+,F,C+,C,C,61.3,Common,True,False,1,0,0,bbref_war,False,False
ruckejo01,ruckejo01,Johnny Rucker,CF,,Integration (1942-1960),1944,1941,1940,1946,SFG,SFG,2617,711,21,35.0,109,248.0,6,L,0.272,0.302,0.094,0.091,0.04,40.9,19.5,1.0,59.1,38.2,C-,F,F,C+,D+,61.1,Common,False,False,0,0,0,bbref_war,False,False
willida03,willida03,Davey Williams,2B,,Integration (1942-1960),1952,1952,1949,1955,SFG,SFG,1785,450,32,6.0,164,144.0,6,R,0.252,0.32,0.099,0.073,0.083,26.8,24.3,34.2,15.6,57.7,D,D-,D,F,C+,61.1,Common,True,False,1,0,0,bbref_war,False,False
johnsdo02,johnsdo02,Don Johnson,2B,,Integration (1942-1960),1946,1945,1943,1948,CHC,CHC,1935,528,8,26.0,112,171.0,6,R,0.273,0.315,0.065,0.083,0.055,43.3,5.7,12.1,49.1,52.7,C-,F,F,C,C,60.8,Common,True,False,2,0,0,bbref_war,False,False
outlaji01,outlaji01,Jimmy Outlaw,LF,"3B,RF",Integration (1942-1960),1944,1948,1937,1949,DET,DET,1974,529,6,24.0,188,176.0,10,R,0.271,0.339,0.069,0.069,0.09,44.4,7.3,39.6,30.8,43.4,C-,F,D+,D,C-,60.7,Common,False,False,0,0,0,bbref_war,False,False
buddido01,buddido01,Don Buddin,SS,,Integration (1942-1960),1960,1961,1956,1962,BOS,BOS,2289,551,41,15.0,410,404.0,7,R,0.241,0.358,0.118,0.148,0.15,3.0,32.4,85.6,32.5,41.6,F,D,A,D,C-,60.5,Common,False,False,0,0,0,bbref_war,False,False
fitzged01,fitzged01,Ed FitzGerald,C,,Integration (1942-1960),1955,1954,1948,1959,MIN,MIN,2086,542,19,9.0,185,235.0,14,R,0.269,0.338,0.078,0.09,0.09,38.4,12.6,39.7,22.8,46.6,D+,F,D+,D-,C,60.5,Common,False,False,0,0,0,bbref_war,False,False
atwelto01,atwelto01,Toby Atwell,C,,Integration (1942-1960),1954,1952,1952,1956,PIT,PIT,1117,290,9,4.0,161,84.0,7,L,0.26,0.355,0.073,0.065,0.125,35.0,10.4,66.0,16.9,43.9,D+,F,B,F,C-,60.4,Common,True,False,1,0,0,bbref_war,False,False
smallro01,smallro01,Roy Smalley,SS,,Integration (1942-1960),1952,1950,1948,1958,CHC,CHC,2644,601,61,4.0,257,541.0,11,R,0.23,0.307,0.141,0.181,0.093,1.0,45.5,41.8,29.9,47.9,F,C,C-,D,C,60.4,Common,False,False,0,0,0,bbref_war,False,False
lehnepa01,lehnepa01,Paul Lehner,CF,LF,Integration (1942-1960),1949,1950,1946,1952,BAL,BAL,1768,455,22,6.0,127,118.0,10,L,0.257,0.309,0.106,0.062,0.067,33.4,26.8,21.6,20.1,41.7,D,D,D-,D-,C-,60.3,Common,False,False,0,0,0,bbref_war,False,False
landrho01,landrho01,Hobie Landrith,C,,Integration (1942-1960),1955,1959,1950,1963,CIN,CIN,1929,450,34,5.0,253,188.0,16,L,0.237,0.334,0.1,0.073,0.13,14.8,25.2,69.9,1.0,55.2,F,D,B,F,C+,60.1,Common,False,False,0,0,0,bbref_war,False,False
newsosk01,newsosk01,Skeeter Newsome,SS,2B,Integration (1942-1960),1944,1945,1935,1947,BOS,BOS,3716,910,9,67.0,246,194.0,12,R,0.254,0.302,0.063,0.048,0.063,33.1,4.0,18.8,44.5,63.4,D,F,F,C-,B-,60.1,Common,False,False,0,0,0,bbref_war,False,False
bloodji01,bloodji01,Jimmy Bloodworth,2B,,Integration (1942-1960),1942,1949,1937,1951,DET,DET,3519,874,62,19.0,202,407.0,12,R,0.251,0.294,0.116,0.106,0.053,19.5,33.3,11.3,24.7,52.6,F,D,F,D-,C,60.0,Common,False,False,0,0,0,bbref_war,False,False
walkeru01,walkeru01,Rube Walker,C,,Integration (1942-1960),1951,1948,1948,1958,LAD,LAD,1585,360,35,3.0,150,213.0,12,L,0.248,0.313,0.114,0.115,0.084,15.9,33.2,34.8,16.4,51.1,F,D,D,F,C,60.0,Common,False,False,0,0,0,bbref_war,False,False
coscape01,coscape01,Pete Coscarart,2B,SS,Integration (1942-1960),1943,1939,1938,1946,PIT,PIT,2992,728,28,34.0,295,361.0,9,R,0.248,0.318,0.089,0.105,0.089,17.4,17.2,38.5,51.2,52.0,F,F,D+,C,C,59.9,Common,True,False,1,0,0,bbref_war,False,False
guerrmi01,guerrmi01,Mike Guerra,C,,Integration (1942-1960),1946,1944,1937,1951,MIN,MIN,1581,382,9,25.0,131,123.0,10,R,0.257,0.317,0.075,0.069,0.081,31.7,11.1,32.3,46.2,45.6,D,F,D,C,C,59.9,Common,False,False,0,0,0,bbref_war,False,False
hatfifr01,hatfifr01,Fred Hatfield,3B,2B,Integration (1942-1960),1954,1954,1950,1958,DET,DET,2039,493,25,15.0,248,247.0,12,L,0.251,0.339,0.082,0.1,0.105,20.9,14.9,51.1,26.3,56.7,D-,F,C,D,C+,59.9,Common,False,False,0,0,0,bbref_war,False,False
treshmi01,treshmi01,Mike Tresh,C,,Integration (1942-1960),1944,1945,1938,1949,CHW,CHW,3169,788,2,19.0,402,263.0,12,R,0.256,0.35,0.037,0.073,0.122,30.5,1.0,64.3,21.7,56.8,D,F,B-,D-,C+,59.8,Common,True,False,1,0,0,bbref_war,False,False
miksied01,miksied01,Eddie Miksis,2B,"3B,CF,RF,SS",Integration (1942-1960),1950,1956,1944,1958,LAD,LAD,3053,722,44,52.0,215,313.0,17,R,0.248,0.298,0.09,0.092,0.065,19.2,19.6,20.1,52.5,51.1,F,F,D-,C,C,59.7,Common,False,False,0,0,0,bbref_war,False,False
smithha09,smithha09,Hal Smith,C,,Integration (1942-1960),1959,1959,1956,1965,STL,STL,1697,437,23,6.0,102,128.0,7,R,0.258,0.3,0.087,0.071,0.056,32.0,18.4,13.6,10.8,57.2,D,F,F,F,C+,59.7,Common,True,False,3,0,0,bbref_war,False,False
clayda01,clayda01,Dain Clay,CF,,Integration (1942-1960),1944,1946,1943,1946,CIN,CIN,1540,397,3,39.0,115,130.0,4,R,0.258,0.314,0.055,0.078,0.069,31.0,1.0,23.3,62.0,53.7,D,F,D-,B-,C,59.6,Common,False,False,0,0,0,bbref_war,False,False
dierich01,dierich01,Chuck Diering,CF,,Integration (1942-1960),1951,1954,1947,1956,STL,STL,1648,411,14,16.0,237,250.0,9,R,0.255,0.346,0.089,0.131,0.12,18.7,17.4,62.7,22.6,46.6,F,F,B-,D-,C,59.6,Common,False,False,0,0,0,bbref_war,False,False
mackra01,mackra01,Ray Mack,2B,,Integration (1942-1960),1942,1940,1938,1947,CLE,CLE,2707,629,34,35.0,261,365.0,10,R,0.238,0.304,0.099,0.12,0.085,5.6,23.2,35.7,48.2,58.9,F,D-,D+,C,C+,59.6,Common,True,False,1,0,0,bbref_war,False,False
terwiwa01,terwiwa01,Wayne Terwilliger,2B,,Integration (1942-1960),1954,1953,1949,1960,MIN,MIN,2091,501,22,31.0,247,296.0,10,R,0.24,0.323,0.086,0.125,0.106,6.5,16.3,51.6,42.4,63.4,F,F,C,C-,B-,59.6,Common,False,False,0,0,0,bbref_war,False,False
haynesa01,haynesa01,Sammy Haynes,C,,Integration (1942-1960),1944,1943,1943,1945,NLB,NLB,239,47,0,2.0,8,0.0,3,R,0.197,0.232,0.013,0.0,0.032,29.4,23.0,1.0,24.0,49.5,D,D-,F,D-,C,59.4,Common,True,False,1,0,0,bbref_war,False,False
bridgro01,bridgro01,Rocky Bridges,SS,"2B,3B",Integration (1942-1960),1958,1958,1951,1961,CIN,CIN,2272,562,16,10.0,205,229.0,14,R,0.255,0.315,0.075,0.083,0.08,27.4,11.2,31.7,6.5,62.5,D,F,D,F,B-,59.3,Common,True,False,1,0,0,bbref_war,False,False
culledi01,culledi01,Dick Culler,SS,,Integration (1942-1960),1946,1946,1936,1949,ATL,ATL,1527,372,2,19.0,166,87.0,8,R,0.247,0.322,0.038,0.051,0.097,26.3,1.0,45.0,43.0,54.6,D,F,C,C-,C,59.3,Common,False,False,0,0,0,bbref_war,False,False
fernach01,fernach01,Chico Fernandez,SS,,Integration (1942-1960),1959,1962,1956,1963,DET,DET,2778,666,40,68.0,213,338.0,9,R,0.244,0.296,0.092,0.106,0.071,13.3,20.2,24.4,58.0,47.8,F,D-,D-,C+,C,59.3,Common,False,False,0,0,0,bbref_war,False,False
lamanra01,lamanra01,Ray Lamanno,C,,Integration (1942-1960),1946,1942,1941,1948,CIN,CIN,1408,355,18,2.0,118,151.0,5,R,0.252,0.314,0.086,0.098,0.077,22.4,17.8,29.3,22.8,53.3,D-,F,D,D-,C,59.3,Common,True,False,1,0,0,bbref_war,False,False
swiftbo01,swiftbo01,Bob Swift,C,,Integration (1942-1960),1947,1944,1940,1953,DET,DET,2750,635,14,10.0,324,233.0,15,R,0.247,0.335,0.06,0.069,0.117,23.2,4.8,60.0,25.3,55.0,D-,F,B-,D,C+,59.3,Common,False,False,0,0,0,bbref_war,False,False
bertore01,bertore01,Reno Bertoia,3B,2B,Integration (1942-1960),1957,1960,1953,1962,DET,DET,1745,425,27,16.0,142,252.0,12,R,0.252,0.307,0.103,0.132,0.067,16.3,26.4,22.0,31.2,47.3,F,D,D-,D,C,59.2,Common,False,False,0,0,0,bbref_war,False,False
mesnest01,mesnest01,Steve Mesner,3B,,Integration (1942-1960),1942,1943,1938,1945,CIN,CIN,1574,397,2,11.0,121,69.0,6,R,0.252,0.308,0.054,0.041,0.071,32.8,1.0,25.0,36.8,55.6,D,F,D,D+,C+,59.1,Common,False,False,0,0,0,bbref_war,False,False
tasbywi01,tasbywi01,Willie Tasby,CF,,Integration (1942-1960),1960,1959,1958,1963,BAL,BAL,1868,467,46,12.0,201,327.0,8,R,0.25,0.327,0.117,0.156,0.096,9.9,34.0,44.1,20.5,38.3,F,D,C-,D-,D+,59.1,Common,False,False,0,0,0,bbref_war,False,False
gardnbi02,gardnbi02,Billy Gardner,2B,"3B,SS",Integration (1942-1960),1958,1957,1954,1963,BAL,BAL,3544,841,41,19.0,246,439.0,12,R,0.243,0.296,0.092,0.108,0.062,11.9,19.9,17.9,27.5,64.5,F,F,F,D,B-,59.0,Common,False,False,0,0,0,bbref_war,False,False
dentesa01,dentesa01,Sam Dente,SS,3B,Integration (1942-1960),1952,1954,1947,1955,CLE,CLE,2320,585,4,9.0,167,96.0,9,R,0.26,0.314,0.053,0.041,0.072,39.8,1.0,25.9,24.4,46.4,D+,F,D,D-,C,58.9,Common,False,False,0,0,0,bbref_war,False,False
stricge01,stricge01,George Strickland,SS,"2B,3B",Integration (1942-1960),1955,1953,1950,1960,CLE,CLE,2824,633,36,12.0,361,453.0,11,R,0.232,0.321,0.087,0.136,0.114,1.0,15.9,58.3,29.8,64.1,F,F,C+,D,B-,58.9,Common,False,False,0,0,0,bbref_war,False,False
chrisma01,chrisma01,Mark Christman,3B,SS,Integration (1942-1960),1945,1944,1938,1949,BAL,BAL,3081,781,19,17.0,219,179.0,10,R,0.257,0.309,0.073,0.054,0.063,34.9,9.5,19.0,22.3,45.3,D,F,F,D-,C,58.8,Common,False,False,0,0,0,bbref_war,False,False
youngbo01,youngbo01,Bobby Young,2B,,Integration (1942-1960),1954,1952,1948,1958,CLE,CLE,2447,609,15,18.0,208,212.0,9,L,0.252,0.313,0.072,0.077,0.081,25.6,8.1,32.6,37.3,41.6,D,F,D,D+,C-,58.5,Common,False,False,0,0,0,bbref_war,False,False
schulho01,schulho01,Howie Schultz,1B,,Integration (1942-1960),1946,1946,1943,1948,LAD,LAD,1588,383,24,15.0,82,218.0,8,R,0.241,0.281,0.108,0.13,0.049,7.0,29.2,7.8,42.6,46.6,F,D,F,C-,C,58.4,Common,False,False,0,0,0,bbref_war,False,False
sistisi01,sistisi01,Sibby Sisti,2B,"3B,SS",Integration (1942-1960),1947,1951,1939,1954,ATL,ATL,2999,732,27,30.0,283,440.0,13,R,0.252,0.323,0.08,0.127,0.089,17.0,12.6,38.4,43.6,40.2,F,F,D+,C-,C-,58.4,Common,False,False,0,0,0,bbref_war,False,False
hitchbi01,hitchbi01,Billy Hitchcock,3B,"2B,SS",Integration (1942-1960),1950,1951,1942,1953,OAK,OAK,2249,547,5,15.0,206,230.0,10,R,0.253,0.32,0.06,0.087,0.085,25.3,1.9,35.3,34.4,43.7,D,F,D+,D,C-,58.0,Common,False,False,0,0,0,bbref_war,False,False
demaejo01,demaejo01,Joe DeMaestri,SS,,Integration (1942-1960),1958,1957,1951,1961,NLB,NLB,3441,813,49,15.0,168,511.0,11,R,0.24,0.282,0.102,0.146,0.052,3.3,25.3,10.3,23.3,58.7,F,D,F,D-,C+,57.9,Common,True,False,1,0,0,bbref_war,False,False
stallvi01,stallvi01,Virgil Stallcup,SS,,Integration (1942-1960),1950,1953,1947,1953,CIN,CIN,2059,497,22,9.0,51,181.0,8,R,0.241,0.26,0.093,0.086,0.024,14.9,20.9,1.0,25.1,51.8,F,D-,F,D,C,57.9,Common,False,False,0,0,0,bbref_war,False,False
hallir01,hallir01,Irv Hall,2B,SS,Integration (1942-1960),1944,1945,1943,1946,OAK,OAK,1904,496,0,16.0,97,148.0,4,R,0.261,0.302,0.05,0.073,0.048,34.1,1.0,7.2,25.4,48.5,D,F,F,D,C,57.8,Common,False,False,0,0,0,bbref_war,False,False
merulle01,merulle01,Lennie Merullo,SS,,Integration (1942-1960),1944,1942,1941,1947,CHC,CHC,2071,497,6,38.0,136,174.0,7,R,0.24,0.291,0.061,0.078,0.061,15.0,3.2,17.3,53.9,51.2,F,F,F,C,C,57.6,Common,False,False,0,0,0,bbref_war,False,False
bragabo01,bragabo01,Bobby Bragan,SS,C,Integration (1942-1960),1943,1943,1940,1948,LAD,LAD,1900,456,15,12.0,110,117.0,7,R,0.24,0.282,0.069,0.058,0.055,18.8,8.0,12.3,34.9,48.4,F,F,F,D,C,57.5,Common,False,False,0,0,0,bbref_war,False,False
wietewh01,wietewh01,Whitey Wietelmann,SS,2B,Integration (1942-1960),1943,1945,1939,1947,ATL,ATL,1762,409,7,14.0,156,131.0,9,B,0.236,0.304,0.052,0.066,0.084,14.1,1.0,34.8,35.9,55.1,F,F,D,D+,C+,57.5,Common,False,False,0,0,0,bbref_war,False,False
huntebi03,huntebi03,Billy Hunter,SS,,Integration (1942-1960),1956,1955,1953,1958,NYY,NYY,1875,410,16,23.0,111,192.0,7,R,0.219,0.264,0.076,0.096,0.055,1.0,11.0,12.8,43.0,59.2,F,F,F,C-,C+,57.0,Common,True,False,1,0,0,bbref_war,False,False
miranwi01,miranwi01,Willy Miranda,SS,,Integration (1942-1960),1954,1955,1951,1959,BAL,BAL,1914,423,6,13.0,165,250.0,12,B,0.23,0.289,0.055,0.109,0.076,1.7,1.3,29.0,24.1,61.3,F,F,D,D-,B-,56.2,Common,False,False,0,0,0,bbref_war,False,False
sullijo06,sullijo06,John Sullivan,SS,,Integration (1942-1960),1946,1943,1942,1949,MIN,MIN,1833,422,1,18.0,216,206.0,6,R,0.23,0.312,0.04,0.1,0.105,2.5,1.0,51.3,34.5,33.6,F,F,C,D,D,55.5,Common,False,False,0,0,0,bbref_war,False,False
bettsmo01,bettsmo01,Mookie Betts,RF,"2B,CF,SS",Modern Era (2016-Pres),2018,2018,2014,2025,BOS,BOS,6083,1767,291,196.0,736,924.0,12,R,0.302,0.379,0.237,0.137,0.107,92.2,72.4,60.3,90.1,116.9,A,B,B-,A,S,96.6,Legendary,True,False,8,6,12,bbref_war,False,True
judgeaa01,judgeaa01,Aaron Judge,RF,CF,Modern Era (2016-Pres),2021,2024,2016,2025,NYY,NYY,4105,1205,368,65.0,817,1369.0,10,R,0.3,0.421,0.332,0.266,0.169,81.0,113.1,113.1,45.5,68.1,A-,S,S,C,B,96.6,Legendary,True,False,7,0,0,bbref_war,False,True
arenano01,arenano01,Nolan Arenado,3B,,Modern Era (2016-Pres),2018,2022,2013,2025,COL,COL,6807,1921,353,31.0,577,1094.0,13,R,0.293,0.355,0.265,0.151,0.086,82.1,86.0,43.1,30.2,119.8,A-,A,C-,D,S,92.2,Legendary,True,False,8,10,20,bbref_war,False,False
goldspa01,goldspa01,Paul Goldschmidt,1B,,Modern Era (2016-Pres),2017,2015,2011,2025,ARI,ARI,7608,2190,372,174.0,1086,1979.0,15,R,0.303,0.399,0.247,0.22,0.134,87.4,76.4,83.5,65.2,69.7,A,B+,A-,B,B,91.2,Legendary,True,False,7,4,8,bbref_war,False,True
harpebr03,harpebr03,Bryce Harper,RF,"1B,CF,LF",Modern Era (2016-Pres),2017,2015,2012,2025,WSH,WSH,6435,1801,363,152.0,1105,1654.0,14,L,0.291,0.405,0.263,0.225,0.158,75.0,82.9,103.4,50.5,62.0,B+,A-,S,C,B-,89.6,Legendary,True,False,8,0,0,bbref_war,True,False
ohtansh01,ohtansh01,Shohei Ohtani,DH,,Modern Era (2016-Pres),2022,2024,2018,2025,LAA,LAA,3730,1050,280,165.0,541,1104.0,8,L,0.285,0.378,0.306,0.255,0.125,68.2,102.0,76.1,78.5,36.9,B,S,B+,B+,D+,88.0,Legendary,True,False,5,0,0,bbref_war,True,False
ramirjo01,ramirjo01,Jose Ramirez,3B,"2B,SS",Modern Era (2016-Pres),2022,2018,2013,2025,CLE,CLE,5970,1668,285,287.0,666,802.0,13,B,0.283,0.36,0.246,0.116,0.105,74.7,76.3,58.5,99.9,64.2,B,B+,C+,A+,B-,87.0,Epic,True,False,7,0,0,bbref_war,False,False
altuvjo01,altuvjo01,Jose Altuve,2B,,Modern Era (2016-Pres),2017,2017,2011,2025,HOU,HOU,7881,2388,255,325.0,655,1139.0,15,R,0.317,0.379,0.175,0.126,0.084,106.8,45.9,40.9,78.8,55.0,S,C,C-,B+,C+,86.4,Epic,True,False,9,1,2,bbref_war,True,True
freemfr01,freemfr01,Freddie Freeman,1B,,Modern Era (2016-Pres),2021,2023,2010,2025,ATL,ATL,8114,2431,367,104.0,1070,1763.0,16,L,0.31,0.396,0.209,0.178,0.115,97.3,60.1,67.0,55.1,52.7,A+,B-,B,C+,C,86.0,Epic,True,False,9,1,2,bbref_war,True,False
acunaro01,acunaro01,Ronald Acuña,RF,"CF,LF",Modern Era (2016-Pres),2021,2023,2018,2025,ATL,ATL,3156,913,186,205.0,439,821.0,8,R,0.292,0.386,0.243,0.223,0.12,76.3,75.1,71.4,95.1,41.1,B+,B+,B,A+,C-,85.1,Epic,True,False,5,0,0,bbref_war,False,False
alvaryo01,alvaryo01,Yordan Alvarez,DH,LF,Modern Era (2016-Pres),2022,2022,2019,2025,HOU,HOU,2455,728,170,9.0,346,566.0,7,L,0.297,0.389,0.276,0.197,0.121,82.3,89.2,72.2,22.2,36.9,A-,A,B,D-,D+,85.1,Epic,True,False,3,0,0,bbref_war,True,False
sotoju01,sotoju01,Juan Soto,RF,LF,Modern Era (2016-Pres),2022,2024,2018,2025,WSH,WSH,3857,1086,244,95.0,896,833.0,9,L,0.279,0.414,0.246,0.175,0.186,67.0,74.8,125.0,47.6,39.9,B,B,S,C,D+,84.9,Epic,True,False,4,0,0,bbref_war,True,False
machama01,machama01,Manny Machado,3B,SS,Modern Era (2016-Pres),2017,2016,2012,2025,BAL,BAL,7424,2069,369,113.0,663,1433.0,15,R,0.284,0.35,0.219,0.175,0.092,71.8,66.3,47.6,47.2,92.3,B,B,C,C,A,84.7,Epic,True,False,7,2,4,bbref_war,False,False
martijd02,martijd02,J. D. Martinez,RF,LF,Modern Era (2016-Pres),2018,2018,2011,2024,BOS,BOS,6152,1741,331,26.0,601,1714.0,15,R,0.303,0.37,0.268,0.244,0.093,86.1,87.0,49.1,27.2,45.1,A,A,C,D,C,84.3,Epic,True,False,6,0,0,bbref_war,False,False
tuckeky01,tuckeky01,Kyle Tucker,RF,,Modern Era (2016-Pres),2022,2023,2018,2025,HOU,HOU,2741,748,147,119.0,363,498.0,8,L,0.276,0.361,0.238,0.158,0.116,65.5,72.5,68.5,81.3,60.2,B,B,B,A-,B-,84.2,Epic,True,False,4,1,2,bbref_war,False,False
turneju01,turneju01,Justin Turner,3B,"1B,2B",Modern Era (2016-Pres),2017,2017,2009,2025,LAD,LAD,5709,1617,201,47.0,589,1012.0,19,R,0.298,0.378,0.202,0.152,0.094,86.6,57.5,49.6,39.1,61.5,A,C+,C,D+,B-,84.2,Epic,True,False,2,0,0,bbref_war,True,True
marteke01,marteke01,Ketel Marte,2B,"CF,SS",Modern Era (2016-Pres),2021,2019,2015,2025,ARI,ARI,4534,1273,171,65.0,471,809.0,11,B,0.291,0.366,0.221,0.157,0.1,80.1,64.9,54.8,48.5,61.4,A-,B-,C,C,B-,84.1,Epic,True,False,3,0,0,bbref_war,True,False
rizzoan01,rizzoan01,Anthony Rizzo,1B,,Modern Era (2016-Pres),2016,2015,2011,2024,CHC,CHC,6288,1644,303,72.0,781,1208.0,15,L,0.277,0.382,0.232,0.152,0.114,66.5,70.0,66.7,31.5,74.7,B,B,B,D,B,83.9,Epic,True,False,3,4,8,bbref_war,False,True
cruzne02,cruzne02,Nelson Cruz,DH,"LF,RF",Modern Era (2016-Pres),2016,2015,2005,2023,SEA,SEA,7501,2053,464,84.0,738,1916.0,20,R,0.289,0.362,0.268,0.223,0.094,73.4,88.0,49.7,25.9,36.9,B,A,C,D,D+,83.7,Epic,True,False,7,0,0,bbref_war,True,True
rendoan01,rendoan01,Anthony Rendon,3B,2B,Modern Era (2016-Pres),2018,2019,2013,2024,WSH,WSH,4350,1218,158,55.0,547,779.0,12,R,0.293,0.374,0.21,0.15,0.108,81.8,60.0,61.6,50.8,68.0,A-,B-,B-,C,B,83.7,Epic,True,False,1,0,0,bbref_war,False,False
cainlo01,cainlo01,Lorenzo Cain,CF,RF,Modern Era (2016-Pres),2016,2015,2010,2022,KCR,KCR,4314,1220,87,190.0,362,854.0,13,R,0.295,0.355,0.134,0.176,0.077,82.3,27.8,35.6,90.8,98.1,A-,D,D+,A,A+,83.6,Epic,True,False,2,1,2,bbref_war,True,False
donaljo02,donaljo02,Josh Donaldson,3B,,Modern Era (2016-Pres),2016,2015,2010,2023,TOR,TOR,5022,1310,279,40.0,725,1221.0,15,R,0.274,0.374,0.243,0.195,0.131,61.6,75.3,80.7,42.6,67.5,B-,B+,A-,C-,B,83.5,Epic,True,False,3,0,0,bbref_war,False,False
tatisfe02,tatisfe02,Fernando Tatis,RF,SS,Modern Era (2016-Pres),2022,2021,2019,2025,SDP,SDP,2603,720,152,124.0,293,690.0,6,R,0.277,0.354,0.237,0.235,0.1,61.0,72.9,54.5,80.3,65.8,B-,B,C,A-,B,83.4,Epic,True,False,3,2,4,bbref_war,False,False
seageco01,seageco01,Corey Seager,SS,,Modern Era (2016-Pres),2022,2023,2015,2025,TEX,TEX,4344,1254,221,21.0,473,875.0,11,L,0.289,0.364,0.221,0.181,0.1,76.6,66.6,54.4,26.5,66.1,B+,B,C,D,B,83.1,Epic,True,False,5,0,0,bbref_war,True,False
storytr01,storytr01,Trevor Story,SS,2B,Modern Era (2016-Pres),2019,2019,2016,2025,COL,COL,4043,1070,204,160.0,351,1251.0,10,R,0.272,0.335,0.235,0.268,0.078,54.4,72.3,35.9,81.4,81.3,C,B,D+,A-,A-,83.0,Epic,True,False,2,0,0,bbref_war,False,False
yelicch01,yelicch01,Christian Yelich,LF,"CF,RF",Modern Era (2016-Pres),2017,2018,2013,2025,MIA,MIA,6108,1741,233,221.0,834,1548.0,13,L,0.294,0.378,0.201,0.215,0.113,78.6,56.9,66.0,83.9,50.7,B+,C+,B,A-,C,82.9,Epic,True,False,3,1,2,bbref_war,False,False
lindofr01,lindofr01,Francisco Lindor,SS,,Modern Era (2016-Pres),2022,2018,2015,2025,NYM,NYM,6086,1664,279,216.0,588,1120.0,11,B,0.274,0.345,0.205,0.165,0.087,63.0,59.3,44.1,79.9,81.3,B-,C+,C-,B+,A-,82.7,Epic,True,False,5,2,4,bbref_war,False,False
bellico01,bellico01,Cody Bellinger,CF,"1B,LF,RF",Modern Era (2016-Pres),2020,2019,2017,2025,LAD,LAD,4230,1102,225,104.0,469,957.0,9,L,0.27,0.342,0.23,0.197,0.098,57.1,70.2,52.9,60.4,68.2,C+,B,C,B-,B,82.6,Epic,True,False,2,1,2,bbref_war,True,False
bregmal01,bregmal01,Alex Bregman,3B,SS,Modern Era (2016-Pres),2022,2019,2016,2025,HOU,HOU,4590,1250,209,43.0,627,716.0,10,R,0.274,0.369,0.213,0.129,0.12,65.7,61.8,71.7,34.2,67.4,B,B-,B,D,B,82.2,Epic,True,False,3,1,2,bbref_war,True,False
lemahdj01,lemahdj01,DJ LeMahieu,2B,"1B,3B",Modern Era (2016-Pres),2018,2019,2011,2025,COL,COL,6132,1772,126,93.0,575,1048.0,15,R,0.307,0.374,0.128,0.138,0.094,96.5,25.0,50.0,49.9,87.3,A+,D,C,C,A,82.0,Epic,True,False,3,4,8,bbref_war,False,False
springe01,springe01,George Springer,RF,CF,Modern Era (2016-Pres),2018,2019,2014,2025,HOU,HOU,5555,1480,293,120.0,676,1315.0,12,R,0.278,0.366,0.219,0.203,0.11,64.6,65.4,63.1,52.8,57.5,B-,B,B-,C,C+,82.0,Epic,True,False,4,0,0,bbref_war,True,False
blackch02,blackch02,Charlie Blackmon,CF,"LF,RF",Modern Era (2016-Pres),2017,2017,2011,2024,COL,COL,6165,1805,227,148.0,485,1142.0,14,L,0.306,0.363,0.211,0.172,0.068,93.3,61.2,27.9,61.3,40.7,A,B-,D,B-,C-,81.7,Epic,True,False,4,0,0,bbref_war,False,False
wittbo02,wittbo02,Bobby Witt Jr.,SS,,Modern Era (2016-Pres),2024,2024,2022,2025,KCR,KCR,2491,722,105,148.0,176,487.0,4,R,0.29,0.34,0.214,0.179,0.065,77.2,62.0,24.9,88.6,51.0,B+,B-,D-,A,C,81.7,Epic,True,False,2,2,4,bbref_war,False,False
correca01,correca01,Carlos Correa,SS,,Modern Era (2016-Pres),2019,2021,2015,2025,HOU,HOU,4716,1298,200,33.0,552,1086.0,12,R,0.287,0.363,0.19,0.192,0.104,73.9,52.6,57.8,35.2,79.8,B,C,C+,D+,B+,81.6,Epic,True,False,3,1,2,bbref_war,False,False
turnetr01,turnetr01,Trea Turner,SS,2B,Modern Era (2016-Pres),2021,2021,2015,2025,WSH,WSH,5157,1531,186,315.0,383,1028.0,12,R,0.293,0.347,0.176,0.186,0.069,80.5,46.8,28.6,98.5,61.0,A-,C,D,A+,B-,81.5,Epic,True,False,3,0,0,bbref_war,False,False
martest01,martest01,Starling Marte,CF,"LF,RF",Modern Era (2016-Pres),2016,2013,2012,2025,PIT,PIT,5751,1639,163,361.0,342,1267.0,16,R,0.293,0.351,0.17,0.2,0.055,79.3,42.7,16.3,94.9,74.6,B+,C-,F,A,B,81.3,Epic,True,False,2,2,4,bbref_war,False,False
olsonma02,olsonma02,Matt Olson,1B,,Modern Era (2016-Pres),2022,2023,2016,2025,ATL,ATL,4496,1155,288,9.0,613,1238.0,10,L,0.261,0.353,0.247,0.233,0.117,46.1,77.5,68.9,21.4,77.0,C,B+,B,D-,B+,80.8,Epic,True,False,3,3,6,bbref_war,False,False
bryankr01,bryankr01,Kris Bryant,3B,"LF,RF",Modern Era (2016-Pres),2018,2016,2015,2025,CHC,CHC,3919,1068,184,44.0,504,1064.0,12,R,0.282,0.379,0.226,0.231,0.116,66.7,67.3,68.0,49.0,47.0,B,B,B,C,C,80.7,Epic,True,False,4,0,0,bbref_war,False,False
bogaexa01,bogaexa01,Xander Bogaerts,SS,2B,Modern Era (2016-Pres),2019,2019,2013,2025,BOS,BOS,6349,1822,197,126.0,593,1270.0,13,R,0.3,0.365,0.175,0.174,0.087,87.8,45.9,43.8,62.2,51.0,A,C,C-,B-,C,80.5,Epic,True,False,4,0,0,bbref_war,False,False
polloaj01,polloaj01,AJ Pollock,CF,LF,Modern Era (2016-Pres),2017,2015,2012,2023,ARI,ARI,3787,1032,145,122.0,291,736.0,13,R,0.283,0.34,0.197,0.173,0.072,71.2,54.6,30.7,77.4,59.9,B,C,D,B+,C+,80.3,Epic,True,False,1,1,2,bbref_war,False,False
buxtoby01,buxtoby01,Byron Buxton,CF,,Modern Era (2016-Pres),2021,2017,2015,2025,MIN,MIN,3102,768,168,117.0,234,978.0,11,R,0.258,0.319,0.25,0.283,0.07,39.9,78.1,29.2,87.2,67.3,D+,B+,D,A,B,80.2,Epic,True,False,2,1,2,bbref_war,False,False
guerrvl02,guerrvl02,Vladimir Guerrero Jr.,1B,3B,Modern Era (2016-Pres),2022,2021,2019,2025,TOR,TOR,3734,1077,183,26.0,430,645.0,7,R,0.288,0.366,0.207,0.153,0.102,77.8,60.3,56.3,22.9,44.3,B+,B-,C+,D-,C-,80.1,Epic,True,False,5,1,2,bbref_war,True,False
semiema01,semiema01,Marcus Semien,2B,SS,Modern Era (2016-Pres),2021,2019,2013,2025,TEX,TEX,6365,1613,253,139.0,631,1305.0,13,R,0.258,0.327,0.197,0.171,0.091,47.6,56.0,47.2,66.2,88.2,C,C+,C,B,A,80.0,Epic,True,False,3,2,4,bbref_war,False,False
carroco02,carroco02,Corbin Carroll,RF,"CF,LF",Modern Era (2016-Pres),2024,2025,2022,2025,ARI,ARI,1822,470,82,123.0,205,439.0,4,L,0.258,0.341,0.233,0.211,0.099,45.0,67.5,53.6,105.9,50.8,C,B,C,S,C,79.9,Rare,True,False,2,0,0,bbref_war,False,False
beltbr01,beltbr01,Brandon Belt,1B,LF,Modern Era (2016-Pres),2016,2015,2011,2023,SFG,SFG,4729,1232,194,47.0,678,1346.0,13,L,0.278,0.373,0.213,0.251,0.126,60.9,60.6,76.6,35.9,58.1,B-,B-,B+,D+,C+,79.7,Rare,True,False,1,0,0,bbref_war,False,False
hendegu01,hendegu01,Gunnar Henderson,SS,3B,Modern Era (2016-Pres),2024,2024,2022,2025,BAL,BAL,1883,508,86,62.0,212,489.0,4,L,0.27,0.347,0.214,0.23,0.1,54.8,61.3,54.6,67.8,59.2,C,B-,C,B,C+,79.5,Rare,True,False,1,0,0,bbref_war,False,False
realmjt01,realmjt01,J. T. Realmuto,C,,Modern Era (2016-Pres),2021,2022,2014,2025,PHI,PHI,5050,1366,180,104.0,365,1176.0,12,R,0.275,0.334,0.186,0.211,0.069,61.0,50.7,28.3,63.7,80.2,B-,C,D,B-,A-,79.4,Rare,True,False,3,2,4,bbref_war,False,False
ozunama01,ozunama01,Marcell Ozuna,DH,"CF,LF",Modern Era (2016-Pres),2019,2017,2013,2025,ATL,ATL,6045,1627,296,29.0,604,1490.0,13,R,0.288,0.351,0.22,0.22,0.087,72.7,66.7,43.9,20.6,52.1,B,B,C-,D-,C,79.3,Rare,True,False,3,1,2,bbref_war,False,False
kiermke01,kiermke01,Kevin Kiermaier,CF,,Modern Era (2016-Pres),2017,2015,2013,2024,TB,TB,3682,905,95,132.0,277,908.0,13,L,0.257,0.314,0.162,0.209,0.069,43.8,38.6,28.2,77.0,114.1,C-,D+,D,B+,S,79.0,Rare,False,False,0,4,8,bbref_war,False,False
baezja01,baezja01,Javier Baez,SS,"2B,3B",Modern Era (2016-Pres),2019,2018,2014,2025,CHC,CHC,4794,1206,193,115.0,228,1403.0,13,R,0.268,0.308,0.204,0.272,0.045,50.9,59.6,7.8,65.0,84.5,C,C+,F,B,A-,78.6,Rare,True,False,3,1,2,bbref_war,True,False
perezsa02,perezsa02,Salvador Perez,C,1B,Modern Era (2016-Pres),2016,2021,2011,2025,KCR,KCR,6477,1712,303,6.0,271,1303.0,14,R,0.272,0.31,0.195,0.182,0.044,60.4,56.7,7.0,13.1,91.1,B-,C+,F,F,A,78.4,Rare,True,False,9,5,10,bbref_war,True,True
chapmma01,chapmma01,Matt Chapman,3B,,Modern Era (2016-Pres),2022,2018,2017,2025,OAK,OAK,4167,1001,203,35.0,516,1260.0,9,R,0.241,0.333,0.213,0.26,0.111,25.4,62.1,63.9,44.1,102.7,D,B-,B-,C-,S,77.7,Rare,True,False,1,5,10,bbref_war,False,False
segurje01,segurje01,Jean Segura,SS,"2B,3B",Modern Era (2016-Pres),2018,2016,2012,2023,PHI,PHI,5496,1545,110,211.0,323,824.0,13,R,0.296,0.342,0.137,0.134,0.055,86.4,29.2,16.7,77.6,65.0,A,D,F,B+,B,77.5,Rare,True,False,2,0,0,bbref_war,False,False
carpema01,carpema01,Matt Carpenter,3B,"1B,2B",Modern Era (2016-Pres),2016,2013,2011,2024,STL,STL,4856,1257,179,28.0,774,1225.0,14,L,0.275,0.38,0.207,0.192,0.136,61.9,58.1,85.5,24.7,48.8,B-,C+,A,D-,C,77.2,Rare,True,False,3,0,0,bbref_war,False,False
puigya01,puigya01,Yasiel Puig,RF,,Modern Era (2016-Pres),2016,2014,2013,2019,LAD,LAD,3015,834,132,79.0,297,681.0,8,R,0.277,0.348,0.198,0.202,0.088,63.2,55.8,44.6,46.9,58.2,B-,C+,C-,C,C+,77.1,Rare,True,False,1,0,0,bbref_war,False,False
deverra01,deverra01,Rafael Devers,3B,,Modern Era (2016-Pres),2022,2019,2017,2025,BOS,BOS,4409,1215,235,33.0,470,1086.0,10,L,0.281,0.357,0.236,0.214,0.1,66.4,72.8,54.4,23.8,34.0,B,B,C,D-,D,77.0,Rare,True,False,3,0,0,bbref_war,False,False
francwa01,francwa01,Wander Franco,SS,,Modern Era (2016-Pres),2022,2023,2021,2023,TB,TB,1037,292,30,40.0,92,139.0,3,B,0.282,0.34,0.173,0.122,0.08,72.4,42.8,38.2,60.9,59.4,B,C-,D+,B-,C+,77.0,Rare,True,False,1,0,0,bbref_war,False,False
dickeco01,dickeco01,Corey Dickerson,LF,,Modern Era (2016-Pres),2016,2018,2013,2023,COL,COL,3671,1028,136,30.0,227,799.0,13,L,0.286,0.328,0.218,0.213,0.058,71.1,64.6,19.0,34.3,47.4,B,B-,F,D,C,76.5,Rare,True,False,1,1,2,bbref_war,False,False
muncyma01,muncyma01,Max Muncy,3B,"1B,2B",Modern Era (2016-Pres),2022,2019,2015,2025,LAD,LAD,3293,755,214,18.0,604,969.0,10,L,0.234,0.36,0.257,0.245,0.154,20.3,80.5,100.1,32.6,59.2,D-,A-,S,D,C+,76.4,Rare,True,False,2,0,0,bbref_war,False,False
rodriju01,rodriju01,Julio Rodriguez,CF,,Modern Era (2016-Pres),2024,2025,2022,2025,SEA,SEA,2384,654,112,116.0,169,628.0,4,R,0.274,0.331,0.195,0.242,0.065,58.3,55.5,25.2,75.0,56.6,C+,C+,D,B+,C+,76.4,Rare,True,False,3,0,0,bbref_war,False,False
abreujo02,abreujo02,Jose Abreu,1B,,Modern Era (2016-Pres),2017,2014,2014,2024,CHW,CHW,5607,1587,263,11.0,432,1246.0,11,R,0.293,0.356,0.211,0.196,0.071,79.9,62.1,29.8,18.4,38.8,B+,B-,D,F,D+,76.3,Rare,True,False,3,0,0,bbref_war,False,False
hosmeer01,hosmeer01,Eric Hosmer,1B,,Modern Era (2016-Pres),2016,2017,2011,2023,KCR,KCR,6349,1753,198,76.0,562,1235.0,14,L,0.289,0.349,0.155,0.163,0.084,77.9,37.5,40.9,42.9,53.4,B+,D+,C-,C-,C,76.3,Rare,True,False,1,4,8,bbref_war,True,False
inciaen01,inciaen01,Ender Inciarte,CF,"LF,RF",Modern Era (2016-Pres),2017,2015,2014,2022,ATL,ATL,3125,875,42,118.0,239,447.0,9,L,0.285,0.337,0.104,0.126,0.069,76.5,14.2,28.6,74.6,88.6,B+,F,D,B,A,76.3,Rare,True,False,1,3,6,bbref_war,False,False
albieoz01,albieoz01,Ozzie Albies,2B,,Modern Era (2016-Pres),2021,2023,2017,2025,ATL,ATL,4088,1086,157,98.0,307,735.0,9,B,0.267,0.322,0.19,0.162,0.07,56.5,52.5,29.5,69.1,61.8,C+,C,D,B,B-,76.1,Rare,True,False,3,0,0,bbref_war,False,False
smithwi05,smithwi05,Will Smith,C,,Modern Era (2016-Pres),2022,2022,2019,2025,LAD,LAD,2508,661,128,12.0,330,554.0,7,R,0.264,0.358,0.212,0.188,0.112,51.7,61.2,64.9,23.4,58.9,C,B-,B-,D-,C+,75.8,Rare,True,False,3,0,0,bbref_war,False,False
bichebo01,bichebo01,Bo Bichette,SS,,Modern Era (2016-Pres),2022,2021,2019,2025,TOR,TOR,3075,904,111,60.0,187,639.0,7,R,0.294,0.337,0.175,0.194,0.057,80.3,47.0,18.2,42.7,49.1,A-,C,F,C-,C,75.6,Rare,True,False,2,0,0,bbref_war,False,False
duranja01,duranja01,Jarren Duran,CF,LF,Modern Era (2016-Pres),2023,2024,2021,2025,BOS,BOS,1934,516,50,91.0,156,522.0,5,L,0.267,0.328,0.185,0.246,0.073,51.0,47.6,32.2,85.2,55.5,C,C,D,A,C+,75.6,Rare,True,False,1,0,0,bbref_war,True,False
kwanst01,kwanst01,Steven Kwan,LF,,Modern Era (2016-Pres),2024,2022,2022,2025,CLE,CLE,2306,649,36,73.0,240,246.0,4,L,0.281,0.351,0.108,0.095,0.093,74.7,16.1,48.8,58.7,79.2,B,F,C,C+,B+,75.4,Rare,True,False,2,4,8,bbref_war,False,False
gallojo01,gallojo01,Joey Gallo,LF,"1B,3B,RF",Modern Era (2016-Pres),2020,2021,2015,2024,TEX,TEX,2869,557,208,33.0,497,1292.0,12,L,0.204,0.33,0.282,0.373,0.15,1.0,91.5,96.6,42.5,59.2,F,A,A+,C-,C+,75.2,Rare,True,False,2,2,4,bbref_war,False,False
eatonad02,eatonad02,Adam Eaton,CF,RF,Modern Era (2016-Pres),2016,2016,2012,2021,CHW,CHW,3439,950,66,87.0,346,679.0,11,L,0.288,0.368,0.134,0.169,0.094,76.3,26.2,49.5,65.2,55.5,B+,D,C,B,C+,75.1,Rare,False,False,0,0,0,bbref_war,False,False
peralda01,peralda01,David Peralta,LF,RF,Modern Era (2016-Pres),2018,2015,2014,2024,ARI,ARI,4188,1166,125,39.0,336,891.0,12,L,0.282,0.341,0.178,0.193,0.078,68.7,46.2,36.0,42.9,54.5,B,C,D+,C-,C,75.1,Rare,False,False,0,1,2,bbref_war,False,False
rileyau01,rileyau01,Austin Riley,3B,,Modern Era (2016-Pres),2022,2022,2019,2025,ATL,ATL,3144,850,169,7.0,264,911.0,7,R,0.27,0.334,0.222,0.261,0.076,53.4,67.1,34.1,14.7,61.0,C,B,D,F,B-,75.1,Rare,True,False,2,0,0,bbref_war,False,False
contrwi01,contrwi01,Willson Contreras,C,1B,Modern Era (2016-Pres),2021,2021,2016,2025,CHC,CHC,3700,954,172,37.0,419,1035.0,10,R,0.258,0.353,0.214,0.245,0.099,42.8,62.7,54.2,26.5,67.4,C-,B-,C,D,B,75.0,Rare,True,False,3,0,0,bbref_war,False,False
rosared01,rosared01,Eddie Rosario,LF,RF,Modern Era (2016-Pres),2018,2018,2015,2025,MIN,MIN,4073,1064,169,65.0,226,869.0,14,L,0.273,0.31,0.202,0.186,0.053,60.5,58.8,15.3,49.3,45.1,B-,C+,F,C,C,74.9,Rare,False,False,0,0,0,bbref_war,True,False
hoernni01,hoernni01,Nico Hoerner,2B,SS,Modern Era (2016-Pres),2022,2025,2019,2025,CHC,CHC,2616,738,36,131.0,192,315.0,7,R,0.282,0.34,0.102,0.11,0.067,74.4,13.6,26.7,79.8,78.8,B,F,D,B+,B+,74.8,Rare,False,False,0,2,4,bbref_war,False,False
mcneije01,mcneije01,Jeff McNeil,2B,"LF,RF",Modern Era (2016-Pres),2022,2022,2018,2025,NYM,NYM,3245,920,80,37.0,261,430.0,8,L,0.288,0.355,0.149,0.117,0.073,79.5,34.1,31.8,36.7,59.6,B+,D,D,D+,C+,74.8,Rare,True,False,2,0,0,bbref_war,False,False
merrija01,merrija01,Jackson Merrill,CF,,Modern Era (2016-Pres),2024,2024,2024,2025,SDP,SDP,994,278,40,17.0,62,209.0,2,L,0.28,0.322,0.201,0.195,0.058,65.8,55.6,19.1,41.7,51.2,B,C+,F,C-,C,74.8,Rare,True,False,1,0,0,bbref_war,False,False
merriwh01,merriwh01,Whit Merrifield,2B,"CF,LF,RF",Modern Era (2016-Pres),2019,2018,2016,2024,KCR,KCR,4467,1249,94,218.0,315,774.0,11,R,0.288,0.334,0.138,0.16,0.061,77.2,29.3,21.6,81.9,52.9,B+,D,D-,A-,C,74.8,Rare,True,False,3,0,0,bbref_war,False,False
alonspe01,alonspe01,Pete Alonso,1B,,Modern Era (2016-Pres),2022,2019,2019,2025,NYM,NYM,3763,951,264,18.0,419,984.0,7,R,0.253,0.341,0.263,0.228,0.097,38.7,85.3,52.2,23.8,38.9,D+,A,C,D-,D+,74.7,Rare,True,False,5,0,0,bbref_war,False,False
bradlja02,bradlja02,Jackie Bradley,CF,RF,Modern Era (2016-Pres),2017,2016,2013,2023,BOS,BOS,3735,839,109,69.0,361,1066.0,12,L,0.245,0.329,0.189,0.248,0.096,30.2,51.1,51.0,55.2,78.8,D,C,C,C+,B+,74.6,Rare,True,False,1,1,2,bbref_war,True,False
wongko01,wongko01,Kolten Wong,2B,,Modern Era (2016-Pres),2018,2019,2013,2023,STL,STL,3796,973,86,120.0,328,687.0,12,L,0.265,0.336,0.146,0.16,0.075,54.9,32.3,33.4,67.2,80.5,C,D,D,B,A-,74.5,Rare,False,False,0,2,4,bbref_war,False,False
arraelu01,arraelu01,Luis Arraez,2B,"1B,3B",Modern Era (2016-Pres),2022,2023,2019,2025,MIN,MIN,3244,1028,36,31.0,230,215.0,8,L,0.317,0.363,0.096,0.061,0.065,110.9,11.2,25.4,34.9,47.1,S,F,D,D,C,74.4,Rare,True,False,3,0,0,bbref_war,False,False
phamth01,phamth01,Tommy Pham,LF,"CF,RF",Modern Era (2016-Pres),2019,2017,2014,2025,STL,STL,4215,1081,149,131.0,539,1122.0,17,R,0.265,0.355,0.176,0.221,0.116,51.0,45.3,67.8,65.8,49.8,C,C,B,B,C,74.4,Rare,False,False,0,0,0,bbref_war,False,False
beninan01,beninan01,Andrew Benintendi,LF,,Modern Era (2016-Pres),2019,2018,2016,2025,BOS,BOS,4250,1135,118,86.0,442,841.0,11,L,0.276,0.346,0.159,0.179,0.095,64.0,38.0,50.2,54.2,54.7,B-,D+,C,C,C,74.3,Rare,True,False,1,1,2,bbref_war,False,False
caminju01,caminju01,Junior Caminero,3B,,Modern Era (2016-Pres),2024,2025,2023,2025,TB,TB,801,208,52,9.0,54,171.0,3,R,0.26,0.307,0.245,0.197,0.062,47.8,75.1,22.9,31.1,48.8,C,B+,D-,D,C,74.3,Rare,True,False,1,0,0,bbref_war,False,False
tayloch03,tayloch03,Chris Taylor,SS,"2B,3B,CF,LF",Modern Era (2016-Pres),2019,2017,2014,2025,LAD,LAD,3465,860,110,91.0,370,1145.0,14,R,0.263,0.341,0.187,0.282,0.097,44.6,50.0,52.3,63.4,50.6,C-,C,C,B-,C,74.1,Rare,True,False,1,0,0,bbref_war,True,False
walkech02,walkech02,Christian Walker,1B,,Modern Era (2016-Pres),2022,2022,2014,2025,ARI,ARI,3465,859,174,27.0,358,919.0,11,R,0.251,0.328,0.218,0.23,0.093,36.7,65.0,48.5,35.8,63.9,D+,B,C,D+,B-,74.1,Rare,False,False,0,3,6,bbref_war,False,False
rojasmi02,rojasmi02,Miguel Rojas,SS,"1B,2B,3B",Modern Era (2016-Pres),2022,2024,2014,2025,MIA,MIA,3801,988,57,67.0,267,515.0,12,R,0.278,0.336,0.116,0.122,0.073,69.8,20.1,32.3,47.0,82.6,B,D-,D,C,A-,74.0,Rare,False,False,0,0,0,bbref_war,False,False
harrimi04,harrimi04,Michael Harris,CF,,Modern Era (2016-Pres),2024,2022,2022,2025,ATL,ATL,1970,539,73,70.0,85,430.0,4,L,0.274,0.307,0.177,0.206,0.041,59.9,47.4,4.6,62.6,62.4,C+,C,F,B-,B-,73.9,Rare,False,False,0,0,0,bbref_war,False,False
roberlu01,roberlu01,Luis Robert,CF,,Modern Era (2016-Pres),2022,2023,2020,2025,CHW,CHW,2178,565,102,102.0,149,636.0,6,R,0.259,0.313,0.195,0.269,0.063,42.5,56.0,23.5,70.5,61.7,C-,C+,D-,B,B-,73.9,Rare,True,False,1,1,2,bbref_war,False,False
schwaky01,schwaky01,Kyle Schwarber,LF,,Modern Era (2016-Pres),2021,2025,2015,2025,CHC,CHC,4544,1050,340,37.0,764,1527.0,12,L,0.235,0.351,0.28,0.281,0.143,18.5,91.3,91.3,26.9,24.8,F,A,A,D,D-,73.9,Rare,True,False,3,0,0,bbref_war,True,False
doziebr01,doziebr01,Brian Dozier,2B,SS,Modern Era (2016-Pres),2016,2016,2012,2020,MIN,MIN,4316,1055,192,105.0,488,973.0,10,R,0.246,0.33,0.205,0.201,0.104,33.7,59.0,58.0,61.1,57.0,D,C+,C+,B-,C+,73.8,Rare,True,False,1,1,2,bbref_war,False,False
duvalad01,duvalad01,Adam Duvall,LF,"CF,RF",Modern Era (2016-Pres),2019,2016,2014,2024,ATL,ATL,3393,771,195,22.0,247,1074.0,13,R,0.241,0.297,0.261,0.286,0.064,24.2,84.3,24.4,28.8,66.4,D-,A-,D-,D,B,73.8,Rare,True,False,1,1,2,bbref_war,False,False
edmanto01,edmanto01,Tommy Edman,2B,"3B,CF,RF,SS",Modern Era (2016-Pres),2022,2022,2019,2025,STL,STL,2712,701,72,115.0,181,490.0,7,B,0.258,0.312,0.146,0.166,0.061,48.3,33.2,22.1,81.8,73.4,C,D,D-,A-,B,73.8,Rare,False,False,0,1,2,bbref_war,True,False
suzukse01,suzukse01,Seiya Suzuki,RF,,Modern Era (2016-Pres),2024,2024,2022,2025,CHC,CHC,1995,536,87,36.0,235,564.0,4,R,0.269,0.346,0.204,0.249,0.104,52.5,57.1,57.9,37.7,43.7,C,C+,C+,D+,C-,73.8,Rare,False,False,0,0,0,bbref_war,False,False
swansda01,swansda01,Dansby Swanson,SS,,Modern Era (2016-Pres),2022,2022,2016,2025,ATL,ATL,4732,1186,164,106.0,457,1286.0,10,R,0.253,0.319,0.174,0.251,0.085,37.5,46.0,41.7,61.2,79.1,D+,C,C-,B-,B+,73.8,Rare,True,False,2,2,4,bbref_war,False,False
contrwi02,contrwi02,William Contreras,C,,Modern Era (2016-Pres),2022,2024,2020,2025,ATL,ATL,2208,602,85,23.0,283,547.0,6,R,0.273,0.357,0.175,0.217,0.112,58.4,45.8,65.2,30.1,50.9,C+,C,B,D,C,73.7,Rare,True,False,2,0,0,bbref_war,False,False
gourryu01,gourryu01,Yuli Gurriel,1B,3B,Modern Era (2016-Pres),2019,2019,2016,2025,HOU,HOU,3434,956,98,28.0,227,437.0,10,R,0.287,0.332,0.162,0.114,0.059,79.1,40.9,20.0,31.7,49.6,B+,C-,D-,D,C,73.7,Rare,False,False,0,1,2,bbref_war,False,False
delacel01,delacel01,Elly De La Cruz,SS,,Modern Era (2016-Pres),2024,2024,2023,2025,CIN,CIN,1635,417,60,139.0,171,543.0,3,B,0.255,0.329,0.19,0.299,0.094,36.6,50.4,49.6,100.8,48.7,D+,C,C,S,C,73.6,Rare,True,False,2,0,0,bbref_war,False,False
happia01,happia01,Ian Happ,LF,CF,Modern Era (2016-Pres),2022,2022,2017,2025,CHC,CHC,3845,950,173,70.0,540,1175.0,9,B,0.248,0.342,0.198,0.253,0.119,32.6,55.6,70.7,43.8,63.7,D,C+,B,C-,B-,73.5,Rare,True,False,1,4,8,bbref_war,False,False
gordode01,gordode01,Dee Strange-Gordon,2B,SS,Modern Era (2016-Pres),2016,2015,2011,2022,MIA,MIA,3906,1118,18,336.0,168,618.0,11,L,0.295,0.324,0.078,0.144,0.037,84.1,2.0,1.8,116.4,55.9,A-,F,F,S,C+,73.4,Rare,True,False,2,1,2,bbref_war,False,True
polanjo01,polanjo01,Jorge Polanco,SS,2B,Modern Era (2016-Pres),2022,2021,2014,2025,MIN,MIN,4044,1063,154,61.0,393,860.0,12,B,0.268,0.335,0.192,0.181,0.089,56.3,53.5,45.3,39.4,45.6,C+,C,C,D+,C,73.4,Rare,True,False,1,0,0,bbref_war,False,False
schoojo01,schoojo01,Jonathan Schoop,2B,1B,Modern Era (2016-Pres),2018,2017,2013,2023,BAL,BAL,4319,1095,174,15.0,195,1029.0,12,R,0.269,0.308,0.191,0.22,0.043,54.9,54.9,6.6,20.7,74.3,C,C,F,D-,B,73.4,Rare,True,False,1,0,0,bbref_war,False,False
frazito01,frazito01,Todd Frazier,3B,1B,Modern Era (2016-Pres),2016,2014,2011,2021,CIN,CIN,4392,1059,218,73.0,438,1085.0,13,R,0.246,0.323,0.211,0.217,0.089,33.2,62.3,45.5,46.8,62.6,D,B-,C,C,B-,73.3,Rare,True,False,2,0,0,bbref_war,False,False
myerswi01,myerswi01,Wil Myers,1B,"CF,LF,RF",Modern Era (2016-Pres),2017,2016,2013,2023,SDP,SDP,3826,965,156,107.0,418,1169.0,11,R,0.26,0.335,0.205,0.258,0.1,44.0,58.8,54.4,58.8,41.2,C-,C+,C,C+,C-,73.3,Rare,True,False,1,0,0,bbref_war,False,False
penaje02,penaje02,Jeremy Peña,SS,,Modern Era (2016-Pres),2024,2025,2022,2025,HOU,HOU,2193,594,64,64.0,125,468.0,4,R,0.271,0.32,0.146,0.197,0.053,58.0,33.7,14.7,58.2,69.7,C+,D,F,C+,B,73.3,Rare,True,False,1,1,2,bbref_war,True,False
reynobr01,reynobr01,Bryan Reynolds,LF,"CF,RF",Modern Era (2016-Pres),2022,2021,2019,2025,PIT,PIT,3560,966,138,41.0,365,905.0,7,B,0.271,0.346,0.187,0.226,0.091,56.6,50.7,47.3,47.4,43.7,C+,C,C,C,C-,73.3,Rare,True,False,2,0,0,bbref_war,False,False
casteni01,casteni01,Nick Castellanos,RF,3B,Modern Era (2016-Pres),2019,2021,2013,2025,DET,DET,6412,1742,250,42.0,432,1617.0,14,R,0.282,0.332,0.216,0.227,0.063,66.9,64.1,23.8,33.4,24.9,B,B-,D-,D,D-,73.1,Rare,True,False,2,0,0,bbref_war,False,False
pederjo01,pederjo01,Joc Pederson,LF,"CF,RF",Modern Era (2016-Pres),2019,2016,2014,2025,LAD,LAD,3952,935,218,31.0,531,1085.0,13,L,0.247,0.35,0.242,0.238,0.12,32.5,74.3,71.9,23.4,42.7,D,B,B,D-,C-,73.1,Rare,True,False,2,0,0,bbref_war,False,False
oneilty01,oneilty01,Tyler O'Neill,LF,RF,Modern Era (2016-Pres),2021,2021,2018,2025,STL,STL,2056,498,118,48.0,211,701.0,8,R,0.247,0.324,0.223,0.304,0.091,28.8,67.1,46.9,53.8,54.8,D,B,C,C,C,73.0,Rare,False,False,0,2,4,bbref_war,False,False
diazya01,diazya01,Yandy Diaz,1B,3B,Modern Era (2016-Pres),2022,2023,2017,2025,TB,TB,3295,957,100,11.0,409,558.0,9,R,0.291,0.373,0.157,0.146,0.109,80.7,38.0,62.4,12.5,33.0,A-,D+,B-,F,D,72.9,Rare,True,False,1,0,0,bbref_war,False,False
grichra01,grichra01,Randal Grichuk,CF,"LF,RF",Modern Era (2016-Pres),2019,2015,2014,2025,TOR,TOR,4494,1126,212,27.0,273,1193.0,14,R,0.255,0.306,0.233,0.251,0.06,39.8,71.5,20.9,28.3,56.3,D+,B,D-,D,C+,72.8,Rare,False,False,0,0,0,bbref_war,False,False
gurrilo01,gurrilo01,Lourdes Gurriel,LF,,Modern Era (2016-Pres),2022,2023,2018,2025,TOR,TOR,3288,902,129,36.0,199,658.0,8,R,0.279,0.324,0.181,0.194,0.056,66.0,49.7,17.4,31.7,49.7,B,C,F,D,C,72.8,Rare,True,False,1,0,0,bbref_war,False,False
chishja01,chishja01,Jazz Chisholm,2B,CF,Modern Era (2016-Pres),2022,2025,2020,2025,MIA,MIA,2109,522,108,130.0,197,648.0,7,L,0.248,0.316,0.206,0.277,0.084,30.8,59.7,41.3,87.0,46.7,D,C+,C-,A,C,72.7,Rare,True,False,2,0,0,bbref_war,False,False
anderti01,anderti01,Tim Anderson,SS,,Modern Era (2016-Pres),2020,2021,2016,2025,CHW,CHW,3939,1088,98,122.0,153,980.0,10,R,0.288,0.316,0.155,0.232,0.036,71.7,38.1,1.0,69.6,46.0,B,D+,F,B,C,72.6,Rare,True,False,2,0,0,bbref_war,False,False
nimmobr01,nimmobr01,Brandon Nimmo,CF,"LF,RF",Modern Era (2016-Pres),2022,2022,2016,2025,NYM,NYM,3723,974,135,54.0,524,974.0,10,L,0.264,0.363,0.18,0.216,0.115,50.2,46.5,67.6,42.1,46.1,C,C,B,C-,C,72.6,Rare,False,False,0,0,0,bbref_war,False,False
rookebr01,rookebr01,Brent Rooker,DH,LF,Modern Era (2016-Pres),2022,2024,2020,2025,OAK,OAK,1875,486,109,21.0,191,590.0,7,R,0.259,0.336,0.234,0.28,0.091,41.6,71.4,46.8,34.3,36.1,C-,B,C,D,D+,72.6,Rare,True,False,2,0,0,bbref_war,False,False
suareeu01,suareeu01,Eugenio Suarez,3B,SS,Modern Era (2016-Pres),2022,2022,2014,2025,CIN,CIN,5820,1434,325,36.0,632,1814.0,13,R,0.252,0.337,0.234,0.279,0.101,34.5,72.3,55.5,16.4,50.2,D,B,C+,F,C,72.6,Rare,True,False,2,0,0,bbref_war,False,False
confomi01,confomi01,Michael Conforto,RF,"CF,LF",Modern Era (2016-Pres),2019,2017,2015,2025,NYM,NYM,3813,934,179,23.0,512,1055.0,10,L,0.256,0.354,0.216,0.237,0.118,41.2,63.3,69.6,23.9,41.5,C-,B-,B,D-,C-,72.5,Rare,True,False,1,0,0,bbref_war,False,False
morelmi01,morelmi01,Mitch Moreland,1B,,Modern Era (2016-Pres),2017,2015,2010,2021,BOS,BOS,4071,1020,186,11.0,385,975.0,13,L,0.257,0.329,0.202,0.209,0.093,44.0,57.9,48.5,20.7,58.1,C-,C+,C,D-,C+,72.5,Rare,True,False,1,1,2,bbref_war,False,False
woodja03,woodja03,James Wood,LF,,Modern Era (2016-Pres),2024,2025,2024,2025,WSH,WSH,893,231,40,29.0,124,318.0,2,L,0.259,0.351,0.2,0.31,0.121,39.4,54.9,72.4,43.1,46.3,D+,C,B,C-,C,72.5,Rare,True,False,1,0,0,bbref_war,False,False
laurera01,laurera01,Ramon Laureano,CF,"LF,RF",Modern Era (2016-Pres),2021,2025,2018,2025,OAK,OAK,2548,645,106,72.0,202,762.0,11,R,0.258,0.326,0.199,0.266,0.069,41.3,56.4,28.8,52.9,57.5,C-,C+,D,C,C+,72.4,Rare,False,False,0,0,0,bbref_war,False,False
lowebr01,lowebr01,Brandon Lowe,2B,,Modern Era (2016-Pres),2022,2021,2018,2025,TB,TB,2657,657,157,33.0,282,817.0,8,L,0.248,0.326,0.235,0.274,0.093,31.4,72.3,49.2,46.3,41.6,D,B,C,C,C-,72.4,Rare,True,False,2,0,0,bbref_war,False,False
meadoau01,meadoau01,Austin Meadows,LF,RF,Modern Era (2016-Pres),2020,2019,2018,2023,TB,TB,1507,390,70,23.0,156,363.0,7,L,0.259,0.333,0.214,0.214,0.092,45.6,61.2,48.1,34.8,43.1,C,B-,C,D,C-,72.4,Rare,True,False,1,0,0,bbref_war,False,False
moustmi01,moustmi01,Mike Moustakas,3B,"1B,2B",Modern Era (2016-Pres),2016,2015,2011,2023,KCR,KCR,5060,1252,215,21.0,399,968.0,15,L,0.26,0.318,0.204,0.159,0.071,50.4,59.8,30.0,22.0,53.4,C,C+,D,D-,C,72.4,Rare,True,False,3,0,0,bbref_war,False,False
grandya01,grandya01,Yasmani Grandal,C,1B,Modern Era (2016-Pres),2017,2021,2012,2024,LAD,LAD,4138,977,194,13.0,679,1124.0,13,B,0.241,0.363,0.215,0.23,0.158,27.4,62.2,103.8,15.1,50.1,D,B-,S,F,C,72.3,Rare,True,False,2,0,0,bbref_war,False,False
raleica01,raleica01,Cal Raleigh,C,,Modern Era (2016-Pres),2023,2025,2021,2025,SEA,SEA,2164,489,153,21.0,266,696.0,5,B,0.226,0.314,0.258,0.282,0.108,10.2,82.6,61.4,30.2,58.0,F,A-,B-,D,C+,72.2,Rare,True,False,1,1,2,bbref_war,False,False
daviskh01,daviskh01,Khris Davis,LF,,Modern Era (2016-Pres),2016,2018,2013,2021,OAK,OAK,3394,820,221,18.0,328,1017.0,10,R,0.247,0.32,0.266,0.266,0.086,30.4,86.7,42.7,25.6,32.4,D,A,C-,D,D,72.1,Rare,False,False,0,0,0,bbref_war,False,False
hernate01,hernate01,Teoscar Hernandez,RF,"CF,LF",Modern Era (2016-Pres),2022,2024,2016,2025,TOR,TOR,4045,1054,217,59.0,304,1276.0,11,R,0.264,0.321,0.224,0.295,0.071,44.7,68.4,30.6,42.2,36.0,C-,B,D,C-,D+,72.1,Rare,True,False,2,0,0,bbref_war,False,False
hernaen02,hernaen02,Enrique Hernandez,CF,"2B,3B,LF,RF,SS",Modern Era (2016-Pres),2018,2021,2014,2025,LAD,LAD,3719,877,130,17.0,358,840.0,14,R,0.246,0.319,0.186,0.197,0.092,34.5,50.4,48.0,37.7,71.4,D,C,C,D+,B,72.0,Rare,False,False,0,0,0,bbref_war,False,False
shawtr01,shawtr01,Travis Shaw,3B,1B,Modern Era (2016-Pres),2018,2018,2015,2022,BOS,BOS,2374,563,114,20.0,275,650.0,9,L,0.246,0.324,0.209,0.232,0.099,32.1,61.1,53.8,34.0,56.7,D,B-,C,D,C+,71.9,Uncommon,False,False,0,0,0,bbref_war,False,False
villajo01,villajo01,Jonathan Villar,SS,"2B,3B",Modern Era (2016-Pres),2017,2019,2013,2022,MIL,MIL,3530,899,101,239.0,344,1045.0,13,B,0.262,0.332,0.153,0.262,0.092,45.0,36.1,47.8,91.2,49.4,C,D+,C,A,C,71.9,Uncommon,False,False,0,0,0,bbref_war,False,False
winkeje01,winkeje01,Jesse Winker,LF,RF,Modern Era (2016-Pres),2020,2021,2017,2025,CIN,CIN,2434,636,96,18.0,365,532.0,10,L,0.267,0.371,0.184,0.179,0.128,55.6,49.4,78.6,22.9,32.1,C+,C,B+,D-,D,71.9,Uncommon,True,False,1,0,0,bbref_war,False,False
harrijo05,harrijo05,Josh Harrison,2B,"3B,LF",Modern Era (2016-Pres),2016,2014,2011,2023,PIT,PIT,3997,1080,73,91.0,187,662.0,14,R,0.28,0.327,0.129,0.156,0.046,69.2,25.5,9.2,52.5,66.7,B,D,F,C,B,71.8,Uncommon,True,False,2,0,0,bbref_war,False,False
hicksaa01,hicksaa01,Aaron Hicks,CF,"LF,RF",Modern Era (2016-Pres),2018,2018,2013,2024,NYY,NYY,3135,724,109,71.0,461,793.0,13,B,0.244,0.349,0.169,0.208,0.137,31.6,42.6,86.1,56.1,57.1,D,C-,A,C+,C+,71.8,Uncommon,False,False,0,0,0,bbref_war,False,False
hoskirh01,hoskirh01,Rhys Hoskins,1B,LF,Modern Era (2016-Pres),2020,2022,2017,2025,PHI,PHI,3155,750,186,20.0,479,929.0,8,R,0.242,0.351,0.243,0.244,0.133,27.3,74.4,82.7,21.0,35.4,D,B,A-,D-,D+,71.8,Uncommon,False,False,0,0,0,bbref_war,False,False
varshda01,varshda01,Daulton Varsho,CF,"C,LF,RF",Modern Era (2016-Pres),2022,2024,2020,2025,TOR,TOR,2150,487,99,53.0,198,594.0,6,L,0.227,0.295,0.203,0.25,0.083,12.9,57.9,40.5,56.9,85.0,F,C+,C-,C+,A,71.8,Uncommon,False,False,0,1,2,bbref_war,False,False
andujmi01,andujmi01,Miguel Andujar,3B,LF,Modern Era (2016-Pres),2022,2018,2017,2025,NYY,NYY,1682,474,53,13.0,78,276.0,11,R,0.291,0.325,0.171,0.15,0.045,79.4,44.8,8.4,21.8,37.4,B+,C-,F,D-,D+,71.7,Uncommon,False,False,0,0,0,bbref_war,False,False
naylojo01,naylojo01,Josh Naylor,1B,RF,Modern Era (2016-Pres),2022,2025,2019,2025,CLE,CLE,2590,697,104,55.0,221,457.0,9,L,0.269,0.329,0.178,0.16,0.077,58.8,48.2,35.6,44.2,38.3,C+,C,D+,C-,D+,71.7,Uncommon,True,False,1,0,0,bbref_war,False,False
wilsoja04,wilsoja05,Jacob Wilson,SS,,Modern Era (2016-Pres),2024,2025,2024,2025,OAK,OAK,578,174,13,5.0,35,49.0,2,R,0.301,0.348,0.123,0.079,0.056,90.8,24.5,17.7,22.1,46.1,A,D-,F,D-,C,71.7,Uncommon,True,False,1,0,0,bbref_war,False,False
gomesya01,gomesya01,Yan Gomes,C,,Modern Era (2016-Pres),2018,2013,2012,2024,CLE,CLE,3756,923,137,8.0,216,958.0,14,R,0.266,0.315,0.175,0.228,0.054,51.3,46.5,16.2,22.2,72.0,C,C,F,D-,B,71.6,Uncommon,True,False,1,0,0,bbref_war,False,False
gimenan01,gimenan01,Andres Gimenez,2B,SS,Modern Era (2016-Pres),2022,2022,2020,2025,CLE,CLE,2266,574,56,111.0,135,469.0,6,L,0.253,0.317,0.128,0.187,0.054,42.1,25.6,15.8,79.5,87.8,C-,D,F,B+,A,71.5,Uncommon,True,False,1,3,6,bbref_war,False,False
pillake01,pillake01,Kevin Pillar,CF,"LF,RF",Modern Era (2016-Pres),2017,2015,2013,2025,TOR,TOR,4131,1053,114,111.0,176,767.0,16,R,0.261,0.298,0.151,0.161,0.04,50.9,35.8,4.3,63.9,73.1,C,D+,F,B-,B,71.5,Uncommon,False,False,0,0,0,bbref_war,False,False
aguilje01,aguilje01,Jesus Aguilar,1B,,Modern Era (2016-Pres),2018,2018,2014,2023,MIL,MIL,2348,594,114,1.0,235,622.0,12,R,0.262,0.337,0.211,0.231,0.098,47.6,61.7,53.0,1.0,45.7,C,B-,C,F,C,71.4,Uncommon,True,False,1,0,0,bbref_war,False,False
croncj01,croncj01,C. J. Cron,1B,,Modern Era (2016-Pres),2019,2021,2014,2023,LAA,LAA,3670,953,187,10.0,268,928.0,11,R,0.262,0.324,0.213,0.228,0.067,47.5,63.3,27.0,15.2,49.0,C,B-,D,F,C,71.4,Uncommon,True,False,1,0,0,bbref_war,False,False
gregodi01,gregodi01,Didi Gregorius,SS,,Modern Era (2016-Pres),2016,2018,2012,2022,NYY,NYY,3893,999,134,37.0,254,612.0,11,L,0.268,0.317,0.172,0.138,0.059,59.4,45.3,20.1,36.9,50.6,C+,C,D-,D+,C,71.4,Uncommon,False,False,0,0,0,bbref_war,False,False
mullice01,mullice01,Cedric Mullins,CF,,Modern Era (2016-Pres),2022,2021,2018,2025,BAL,BAL,2867,708,103,147.0,269,658.0,9,L,0.25,0.32,0.175,0.206,0.085,38.1,45.8,42.0,81.6,48.6,D+,C,C-,A-,C,71.4,Uncommon,True,False,1,0,0,bbref_war,False,False
solerjo01,solerjo01,Jorge Soler,RF,LF,Modern Era (2016-Pres),2020,2019,2014,2025,KCR,KCR,3802,915,203,12.0,461,1162.0,14,R,0.251,0.337,0.229,0.257,0.107,35.0,69.8,60.6,21.3,29.5,D+,B,B-,D-,D,71.3,Uncommon,True,False,1,0,0,bbref_war,True,False
baderha01,baderha01,Harrison Bader,CF,LF,Modern Era (2016-Pres),2021,2021,2017,2025,STL,STL,2745,679,88,105.0,214,743.0,12,R,0.25,0.319,0.159,0.253,0.074,34.6,39.0,32.4,62.5,76.9,D,D+,D,B-,B+,71.2,Uncommon,False,False,0,1,2,bbref_war,False,False
donovbr01,donovbr01,Brendan Donovan,2B,LF,Modern Era (2016-Pres),2024,2022,2022,2025,STL,STL,1765,498,40,15.0,182,271.0,4,L,0.282,0.361,0.129,0.135,0.091,72.5,25.4,47.0,24.3,52.4,B,D,C,D-,C,71.2,Uncommon,True,False,1,1,2,bbref_war,False,False
garciad02,garciad02,Adolis Garcia,RF,CF,Modern Era (2016-Pres),2022,2023,2018,2025,TEX,TEX,2851,675,141,74.0,211,875.0,7,R,0.237,0.293,0.204,0.281,0.068,20.2,59.8,27.4,57.2,64.5,D-,C+,D,C+,B-,71.2,Uncommon,True,False,2,1,2,bbref_war,True,False
garvemi01,garvemi01,Mitch Garver,C,,Modern Era (2016-Pres),2020,2019,2017,2025,MIN,MIN,2043,475,106,5.0,264,630.0,9,R,0.249,0.339,0.221,0.251,0.111,34.5,65.3,64.1,17.6,44.6,D,B,B-,F,C-,71.2,Uncommon,False,False,0,0,0,bbref_war,False,False
herreod01,herreod01,Odubel Herrera,CF,,Modern Era (2016-Pres),2018,2016,2015,2022,PHI,PHI,2915,791,78,68.0,211,663.0,7,L,0.271,0.326,0.148,0.209,0.067,57.7,33.8,26.4,52.7,58.2,C+,D,D,C,C+,71.2,Uncommon,True,False,1,0,0,bbref_war,False,False
pasquvi01,pasquvi01,Vinnie Pasquantino,1B,,Modern Era (2016-Pres),2024,2025,2022,2025,KCR,KCR,1606,427,70,3.0,149,243.0,4,L,0.266,0.33,0.191,0.136,0.083,57.3,52.7,40.5,16.0,41.9,C+,C,C-,F,C-,71.2,Uncommon,False,False,0,0,0,bbref_war,False,False
yastrmi01,yastrmi01,Mike Yastrzemski,RF,"CF,LF",Modern Era (2016-Pres),2022,2025,2019,2025,SFG,SFG,2751,654,123,25.0,329,765.0,8,L,0.238,0.324,0.21,0.244,0.105,23.5,60.0,59.0,38.0,60.9,D-,B-,C+,D+,B-,71.2,Uncommon,False,False,0,0,0,bbref_war,False,False
arozara01,arozara01,Randy Arozarena,LF,RF,Modern Era (2016-Pres),2022,2021,2019,2025,TB,TB,2912,729,118,131.0,327,868.0,8,R,0.25,0.344,0.183,0.258,0.097,34.5,49.1,52.5,62.3,43.1,D,C,C,B-,C-,71.1,Uncommon,True,False,2,0,0,bbref_war,True,False
fraziad01,fraziad01,Adam Frazier,2B,"LF,RF",Modern Era (2016-Pres),2021,2021,2016,2025,PIT,PIT,3844,1015,67,63.0,308,596.0,12,L,0.277,0.338,0.129,0.138,0.072,67.9,25.1,30.8,43.6,57.6,B,D,D,C-,C+,71.1,Uncommon,True,False,1,0,0,bbref_war,False,False
hanigmi01,hanigmi01,Mitch Haniger,RF,CF,Modern Era (2016-Pres),2019,2018,2016,2024,SEA,SEA,2755,688,130,19.0,272,774.0,8,R,0.253,0.328,0.202,0.248,0.09,37.9,57.8,46.2,28.2,53.1,D+,C+,C,D,C,71.1,Uncommon,True,False,1,0,0,bbref_war,False,False
keplema01,keplema01,Max Kepler,RF,"CF,LF",Modern Era (2016-Pres),2019,2019,2015,2025,MIN,MIN,4178,983,179,38.0,460,882.0,11,L,0.236,0.319,0.198,0.184,0.101,26.1,55.9,55.5,37.0,65.0,D,C+,C+,D+,B,71.1,Uncommon,False,False,0,0,0,bbref_war,False,False
verdual01,verdual01,Alex Verdugo,LF,"CF,RF",Modern Era (2016-Pres),2021,2019,2017,2025,BOS,BOS,3083,831,70,23.0,254,511.0,9,L,0.272,0.329,0.143,0.151,0.076,62.6,31.7,34.0,35.8,57.9,B-,D,D,D+,C+,71.1,Uncommon,False,False,0,0,0,bbref_war,False,False
greenri02,greenri03,Riley Greene,CF,LF,Modern Era (2016-Pres),2024,2024,2022,2025,DET,DET,1866,493,76,14.0,181,591.0,4,L,0.264,0.332,0.189,0.285,0.087,45.9,51.5,44.0,28.7,49.9,C,C,C-,D,C,70.9,Uncommon,True,False,2,0,0,bbref_war,False,False
iglesjo01,iglesjo01,Jose Iglesias,SS,"2B,3B",Modern Era (2016-Pres),2018,2024,2011,2025,DET,DET,4346,1212,54,70.0,209,597.0,15,R,0.296,0.337,0.104,0.125,0.041,86.7,14.7,5.1,38.4,58.2,A,F,F,D+,C+,70.9,Uncommon,True,False,1,0,0,bbref_war,False,False
adamewi01,adamewi01,Willy Adames,SS,,Modern Era (2016-Pres),2022,2022,2018,2025,MIL,MIL,3818,933,180,63.0,428,1161.0,9,R,0.244,0.321,0.195,0.266,0.1,27.5,55.3,54.6,45.3,57.6,D,C+,C,C,C+,70.8,Uncommon,False,False,0,0,0,bbref_war,False,False
mcmahry01,mcmahry01,Ryan McMahon,3B,2B,Modern Era (2016-Pres),2022,2021,2017,2025,COL,COL,3540,845,144,31.0,423,1172.0,10,L,0.24,0.323,0.18,0.292,0.106,22.0,48.4,59.6,29.3,81.3,D-,C,C+,D,A-,70.8,Uncommon,True,False,1,0,0,bbref_war,False,False
torregl01,torregl01,Gleyber Torres,2B,SS,Modern Era (2016-Pres),2022,2022,2018,2025,NYY,NYY,3813,1006,154,57.0,418,847.0,8,R,0.265,0.336,0.171,0.198,0.096,52.1,45.0,51.2,35.2,42.3,C,C,C,D+,C-,70.8,Uncommon,True,False,3,0,0,bbref_war,False,False
wendljo01,wendljo01,Joey Wendle,2B,"3B,SS",Modern Era (2016-Pres),2019,2018,2016,2024,TB,TB,2142,561,32,62.0,125,436.0,9,L,0.271,0.322,0.128,0.182,0.056,59.0,24.6,17.6,52.7,70.8,C+,D-,F,C,B,70.8,Uncommon,True,False,1,0,0,bbref_war,False,False
calhoko01,calhoko01,Kole Calhoun,RF,,Modern Era (2016-Pres),2016,2014,2012,2023,LAA,LAA,4448,1076,179,34.0,450,1126.0,12,L,0.255,0.33,0.186,0.213,0.094,41.6,50.7,49.4,36.0,49.9,C-,C,C,D+,C,70.7,Uncommon,False,False,0,1,2,bbref_war,False,False
crowape01,crowape01,Pete Crow-Armstrong,CF,,Modern Era (2016-Pres),2024,2025,2023,2025,CHC,CHC,977,234,41,64.0,53,260.0,3,L,0.24,0.285,0.198,0.245,0.05,26.5,54.3,12.4,80.1,63.5,D,C,F,A-,B-,70.7,Uncommon,True,False,1,1,2,bbref_war,False,False
gonzama01,gonzama01,Marwin Gonzalez,SS,"1B,2B,3B,LF,RF",Modern Era (2016-Pres),2016,2017,2012,2022,HOU,HOU,3526,888,107,44.0,261,812.0,12,B,0.266,0.322,0.159,0.209,0.068,52.5,39.8,27.3,30.7,63.2,C,D+,D,D,B-,70.7,Uncommon,False,False,0,0,0,bbref_war,False,False
renfrhu01,renfrhu01,Hunter Renfroe,RF,LF,Modern Era (2016-Pres),2019,2022,2016,2025,SDP,SDP,3422,808,192,15.0,289,926.0,11,R,0.242,0.302,0.238,0.251,0.075,27.5,75.0,33.7,19.8,50.0,D,B+,D,F,C,70.7,Uncommon,False,False,0,0,0,bbref_war,False,False
turanbr02,turanbr02,Brice Turang,2B,,Modern Era (2016-Pres),2024,2025,2023,2025,MIL,MIL,1547,398,31,100.0,154,349.0,3,L,0.257,0.325,0.111,0.203,0.09,44.9,18.3,46.0,86.8,69.5,C-,F,C,A,B,70.7,Uncommon,False,False,0,1,2,bbref_war,False,False
escobed01,escobed01,Eduardo Escobar,3B,"2B,SS",Modern Era (2016-Pres),2018,2019,2011,2023,MIN,MIN,4691,1185,164,23.0,351,1043.0,17,B,0.261,0.315,0.201,0.203,0.071,48.2,57.1,30.2,27.6,43.2,C,C+,D,D,C-,70.6,Uncommon,True,False,1,0,0,bbref_war,False,False
owingch01,owingch01,Chris Owings,SS,"2B,CF,RF",Modern Era (2016-Pres),2017,2014,2013,2023,ARI,ARI,2305,550,37,79.0,143,610.0,12,R,0.27,0.31,0.152,0.213,0.051,56.2,34.3,13.1,67.5,53.8,C+,D,F,B,C,70.6,Uncommon,False,False,0,0,0,bbref_war,False,False
rutscad01,rutscad01,Adley Rutschman,C,,Modern Era (2016-Pres),2024,2022,2022,2025,BAL,BAL,1879,478,61,6.0,255,347.0,4,B,0.254,0.344,0.158,0.161,0.118,45.0,37.8,70.0,22.7,59.7,C,D+,B,D-,C+,70.6,Uncommon,True,False,2,0,0,bbref_war,False,False
adamsma01,adamsma01,Matt Adams,1B,,Modern Era (2016-Pres),2016,2014,2012,2021,STL,STL,2421,624,118,4.0,165,643.0,12,L,0.261,0.31,0.211,0.243,0.063,46.0,62.9,23.7,7.0,49.7,C,B-,D-,F,C,70.4,Uncommon,False,False,0,0,0,bbref_war,False,False
dahlda01,dahlda01,David Dahl,LF,RF,Modern Era (2016-Pres),2020,2016,2016,2024,COL,COL,1210,324,46,17.0,79,347.0,7,L,0.268,0.313,0.192,0.265,0.06,50.5,52.0,21.2,37.1,45.2,C,C,D-,D+,C,70.4,Uncommon,True,False,1,0,0,bbref_war,False,False
taylomi02,taylomi02,Michael Taylor,CF,"LF,RF",Modern Era (2016-Pres),2021,2022,2014,2025,WSH,WSH,3480,807,109,128.0,263,1164.0,12,R,0.244,0.3,0.152,0.297,0.07,25.8,36.4,29.3,59.9,90.0,D,D+,D,C+,A,70.4,Uncommon,False,False,0,1,2,bbref_war,False,False
friedtj01,friedtj01,TJ Friedl,CF,,Modern Era (2016-Pres),2023,2023,2021,2025,CIN,CIN,1620,417,54,55.0,178,299.0,5,L,0.257,0.344,0.157,0.161,0.096,47.8,36.8,51.0,61.9,44.0,C,D+,C,B-,C-,70.3,Uncommon,False,False,0,0,0,bbref_war,False,False
gennesc01,gennesc01,Scooter Gennett,2B,,Modern Era (2016-Pres),2016,2018,2013,2019,MIL,MIL,2704,773,87,24.0,156,571.0,8,L,0.286,0.327,0.163,0.197,0.054,72.2,41.3,15.8,32.0,33.4,B,C-,F,D,D,70.3,Uncommon,True,False,1,0,0,bbref_war,False,False
jimenel02,jimenel02,Eloy Jimenez,DH,LF,Modern Era (2016-Pres),2022,2022,2019,2024,CHW,CHW,1966,528,95,3.0,138,482.0,7,R,0.269,0.318,0.193,0.227,0.065,53.9,55.3,25.1,21.6,40.0,C,C+,D,D-,C-,70.3,Uncommon,False,False,0,0,0,bbref_war,False,False
arandjo01,arandjo01,Jonathan Aranda,1B,,Modern Era (2016-Pres),2024,2025,2022,2025,TB,TB,663,182,24,0.0,74,193.0,4,L,0.275,0.356,0.167,0.256,0.098,56.8,41.6,53.0,1.0,51.7,C+,C-,C,F,C,70.2,Uncommon,True,False,1,0,0,bbref_war,False,False
bourju01,bourju01,Justin Bour,1B,,Modern Era (2016-Pres),2016,2017,2014,2019,MIA,MIA,1714,433,92,3.0,218,447.0,7,L,0.253,0.337,0.205,0.229,0.112,38.9,59.1,64.7,12.6,41.0,D+,C+,B-,F,C-,70.2,Uncommon,False,False,0,0,0,bbref_war,False,False
garciav01,garciav01,Avisail Garcia,RF,CF,Modern Era (2016-Pres),2017,2017,2012,2024,CHW,CHW,3949,1038,140,51.0,262,1038.0,14,R,0.27,0.325,0.17,0.235,0.064,54.5,44.7,24.0,36.0,47.9,C,C-,D-,D+,C,70.2,Uncommon,True,False,1,0,0,bbref_war,False,False
santaan02,santaan02,Anthony Santander,RF,LF,Modern Era (2016-Pres),2021,2023,2017,2025,BAL,BAL,3024,729,161,10.0,251,705.0,9,B,0.247,0.309,0.228,0.207,0.073,35.1,70.2,32.1,17.1,44.4,D+,B,D,F,C-,70.2,Uncommon,True,False,1,0,0,bbref_war,False,False
kimha01,kimha01,Ha-Seong Kim,SS,"2B,3B",Modern Era (2016-Pres),2023,2023,2021,2025,SDP,SDP,1896,458,52,84.0,222,411.0,6,R,0.242,0.324,0.135,0.191,0.103,31.0,28.3,57.3,69.7,73.2,D,D,C+,B,B,70.1,Uncommon,False,False,0,1,2,bbref_war,False,False
urshegi01,urshegi01,Gio Urshela,3B,,Modern Era (2016-Pres),2021,2019,2015,2025,NYY,NYY,2807,759,73,7.0,178,555.0,11,R,0.282,0.325,0.15,0.183,0.058,69.3,35.5,19.6,16.3,50.8,B,D+,F,F,C,70.1,Uncommon,False,False,0,0,0,bbref_war,False,False
moncayo01,moncayo01,Yoan Moncada,3B,2B,Modern Era (2016-Pres),2021,2019,2016,2025,CHW,CHW,3046,769,105,32.0,338,993.0,10,B,0.259,0.341,0.18,0.292,0.102,40.3,47.3,56.7,36.9,46.9,C-,C,C+,D+,C,70.0,Uncommon,False,False,0,0,0,bbref_war,False,False
perdoge01,perdoge01,Geraldo Perdomo,SS,,Modern Era (2016-Pres),2023,2025,2021,2025,ARI,ARI,1803,457,34,61.0,250,336.0,5,B,0.253,0.348,0.12,0.16,0.119,44.2,20.9,70.9,68.0,58.0,C-,D-,B,B,C+,70.0,Uncommon,True,False,1,0,0,bbref_war,False,False
sanchga02,sanchga02,Gary Sanchez,C,,Modern Era (2016-Pres),2019,2017,2015,2025,NYY,NYY,2927,657,189,6.0,312,888.0,12,R,0.23,0.313,0.247,0.262,0.096,15.0,78.1,51.0,14.7,52.8,F,B+,C,F,C,70.0,Uncommon,True,False,2,0,0,bbref_war,False,False
tauchmi01,tauchmi01,Mike Tauchman,RF,"CF,LF",Modern Era (2016-Pres),2021,2019,2017,2025,NYY,NYY,1550,381,41,30.0,228,422.0,9,L,0.254,0.354,0.138,0.226,0.127,40.1,29.2,77.8,47.6,58.5,C-,D,B+,C,C+,70.0,Uncommon,False,False,0,0,0,bbref_war,False,False
piscost01,piscost01,Stephen Piscotty,RF,,Modern Era (2016-Pres),2018,2018,2015,2022,OAK,OAK,2517,643,93,23.0,225,623.0,8,R,0.259,0.328,0.176,0.216,0.081,45.5,46.2,38.9,30.3,46.6,C,C,D+,D,C,69.2,Uncommon,False,False,0,0,0,bbref_war,False,True
diazal02,diazal02,Aledmys Diaz,SS,"2B,3B",Modern Era (2016-Pres),2019,2016,2016,2024,HOU,HOU,2327,602,78,15.0,156,394.0,10,R,0.266,0.32,0.177,0.148,0.064,57.0,47.2,24.1,18.9,46.8,C+,C,D-,F,C,69.0,Uncommon,True,False,1,0,0,bbref_war,False,False
haysau01,haysau01,Austin Hays,LF,RF,Modern Era (2016-Pres),2022,2021,2017,2025,BAL,BAL,2408,631,83,24.0,155,582.0,9,R,0.263,0.315,0.175,0.222,0.06,49.2,46.0,20.8,33.2,54.8,C,C,D-,D,C,69.0,Uncommon,True,False,1,0,0,bbref_war,False,False
garcima01,garcima01,Maikel Garcia,3B,,Modern Era (2016-Pres),2024,2025,2022,2025,KCR,KCR,1656,436,27,83.0,143,307.0,4,R,0.263,0.319,0.118,0.168,0.078,52.8,20.6,36.5,75.7,57.2,C,D-,D+,B+,C+,68.8,Uncommon,True,False,1,1,2,bbref_war,False,False
hayeske01,hayeske01,Ke'Bryan Hayes,3B,,Modern Era (2016-Pres),2022,2022,2020,2025,PIT,PIT,2338,591,42,63.0,175,519.0,7,R,0.253,0.308,0.114,0.204,0.069,40.5,19.2,28.4,54.4,92.6,C-,F,D,C,A,68.8,Uncommon,False,False,0,2,4,bbref_war,False,False
kirkal01,kirkal01,Alejandro Kirk,C,,Modern Era (2016-Pres),2022,2022,2020,2025,TOR,TOR,1822,489,51,1.0,208,239.0,6,R,0.268,0.345,0.13,0.116,0.101,61.0,26.7,55.2,5.8,61.5,B-,D,C+,F,B-,68.8,Uncommon,True,False,2,0,0,bbref_war,False,False
marshbr02,marshbr02,Brandon Marsh,CF,LF,Modern Era (2016-Pres),2023,2023,2021,2025,PHI,PHI,1861,486,52,52.0,195,657.0,6,L,0.261,0.332,0.155,0.315,0.094,41.1,36.2,49.3,59.8,51.9,C-,D+,C,C+,C,68.7,Uncommon,False,False,0,0,0,bbref_war,False,False
holtbr01,holtbr01,Brock Holt,2B,"3B,LF,RF",Modern Era (2016-Pres),2016,2015,2012,2021,BOS,BOS,2367,621,25,41.0,233,508.0,11,L,0.276,0.343,0.107,0.19,0.086,63.5,15.3,42.9,45.6,59.4,B-,F,C-,C,C+,68.6,Uncommon,True,False,1,0,0,bbref_war,False,False
naquity01,naquity01,Tyler Naquin,CF,RF,Modern Era (2016-Pres),2019,2019,2016,2023,CLE,CLE,1668,439,61,20.0,117,475.0,9,L,0.267,0.322,0.184,0.26,0.067,50.3,49.2,26.8,34.6,42.1,C,C,D,D,C-,68.6,Uncommon,False,False,0,0,0,bbref_war,False,False
westbjo01,westbjo01,Jordan Westburg,3B,2B,Modern Era (2016-Pres),2024,2024,2023,2025,BAL,BAL,952,251,38,11.0,55,233.0,3,R,0.264,0.312,0.192,0.227,0.054,49.3,52.3,15.5,30.4,46.4,C,C,F,D,C,68.6,Uncommon,True,False,1,0,0,bbref_war,False,False
belljo02,belljo02,Josh Bell,1B,,Modern Era (2016-Pres),2021,2021,2016,2025,WSH,WSH,4503,1153,193,4.0,577,962.0,13,B,0.258,0.346,0.197,0.183,0.116,46.8,55.0,68.0,1.0,33.6,C,C+,B,F,D,68.5,Uncommon,True,False,1,0,0,bbref_war,False,False
nootbla01,nootbla01,Lars Nootbaar,RF,"CF,LF",Modern Era (2016-Pres),2023,2023,2021,2025,STL,STL,1682,407,58,28.0,252,396.0,5,L,0.242,0.341,0.164,0.202,0.129,30.7,40.1,79.0,42.6,53.8,D,C-,B+,C-,C,68.5,Uncommon,False,False,0,0,0,bbref_war,False,False
solando01,solando01,Donovan Solano,2B,"1B,3B",Modern Era (2016-Pres),2021,2023,2012,2025,SFG,SFG,2901,805,43,15.0,199,609.0,13,R,0.294,0.352,0.114,0.2,0.068,79.5,19.2,28.0,26.3,45.6,B+,F,D,D,C,68.5,Uncommon,False,False,0,0,0,bbref_war,False,False
hernace02,hernace02,Cesar Hernandez,2B,,Modern Era (2016-Pres),2018,2016,2013,2022,PHI,PHI,4278,1144,71,91.0,453,926.0,11,B,0.271,0.347,0.118,0.192,0.1,58.3,20.3,54.5,55.5,47.2,C+,D-,C,C+,C,68.4,Uncommon,False,False,0,1,2,bbref_war,False,False
lasteto01,lasteto01,Tommy La Stella,2B,3B,Modern Era (2016-Pres),2018,2019,2014,2023,CHC,CHC,1737,462,40,5.0,175,220.0,11,L,0.271,0.344,0.143,0.103,0.094,63.9,31.9,49.7,20.4,41.5,B-,D,C,D-,C-,68.4,Uncommon,True,False,1,0,0,bbref_war,False,False
stottbr01,stottbr01,Bryson Stott,2B,SS,Modern Era (2016-Pres),2024,2023,2022,2025,PHI,PHI,2017,516,49,99.0,182,373.0,4,L,0.256,0.318,0.127,0.167,0.082,45.9,25.3,39.1,75.3,56.3,C,D,D+,B+,C+,68.4,Uncommon,False,False,0,0,0,bbref_war,False,False
canhama01,canhama01,Mark Canha,LF,"1B,CF,RF",Modern Era (2016-Pres),2020,2019,2015,2025,OAK,OAK,3543,879,121,50.0,410,845.0,13,R,0.255,0.357,0.171,0.196,0.104,42.8,43.5,58.3,47.7,37.1,C-,C-,C+,C,D+,68.3,Uncommon,False,False,0,0,0,bbref_war,False,False
florewi01,florewi01,Wilmer Flores,2B,"1B,3B,SS",Modern Era (2016-Pres),2020,2023,2013,2025,SFG,SFG,4281,1107,169,6.0,328,671.0,13,R,0.266,0.325,0.185,0.14,0.072,57.2,51.1,31.1,2.1,40.5,C+,C,D,F,C-,68.3,Uncommon,False,False,0,0,0,bbref_war,False,False
lambja01,lambja01,Jake Lamb,3B,,Modern Era (2016-Pres),2017,2016,2014,2023,ARI,ARI,2309,543,96,18.0,295,689.0,13,L,0.238,0.332,0.198,0.259,0.118,22.9,54.3,69.6,34.4,51.5,D-,C,B,D,C,68.3,Uncommon,True,False,1,0,0,bbref_war,False,False
voitlu01,voitlu01,Luke Voit,1B,,Modern Era (2016-Pres),2020,2020,2017,2023,NYY,NYY,1680,425,95,3.0,192,550.0,9,R,0.253,0.339,0.215,0.288,0.1,35.4,63.4,55.1,12.2,37.5,D+,B-,C+,F,D+,68.3,Uncommon,False,False,0,0,0,bbref_war,False,False
bertijo01,bertijo01,Jon Berti,3B,"2B,SS",Modern Era (2016-Pres),2022,2022,2018,2025,MIA,MIA,1536,393,24,108.0,161,377.0,8,R,0.259,0.337,0.107,0.219,0.096,45.5,15.9,51.7,84.3,58.2,C,F,C,A-,C+,68.2,Uncommon,False,False,0,0,0,bbref_war,False,False
santada01,santada01,Danny Santana,CF,"LF,SS",Modern Era (2016-Pres),2018,2014,2014,2021,MIN,MIN,1740,443,47,75.0,90,478.0,9,B,0.262,0.306,0.173,0.259,0.053,45.3,44.2,15.0,71.4,40.8,C,C-,F,B,C-,68.2,Uncommon,False,False,0,0,0,bbref_war,False,False
santado01,santado01,Domingo Santana,RF,LF,Modern Era (2016-Pres),2017,2017,2014,2020,MIL,MIL,1680,428,77,30.0,209,612.0,8,R,0.255,0.341,0.192,0.319,0.109,34.9,53.0,62.3,39.6,35.3,D,C,B-,D+,D+,68.2,Uncommon,False,False,0,0,0,bbref_war,False,False
ahmedni01,ahmedni01,Nick Ahmed,SS,,Modern Era (2016-Pres),2018,2019,2014,2025,ARI,ARI,3116,726,72,44.0,227,681.0,14,R,0.237,0.294,0.155,0.197,0.074,26.0,36.2,32.4,44.1,86.0,D,D+,D,C-,A,68.1,Uncommon,False,False,0,2,4,bbref_war,False,False
goodmhu01,goodmhu01,Hunter Goodman,C,,Modern Era (2016-Pres),2024,2025,2023,2025,COL,COL,821,204,45,3.0,46,240.0,3,R,0.248,0.292,0.234,0.273,0.052,32.9,69.5,14.4,16.7,48.1,D,B,F,F,C,68.1,Uncommon,True,False,1,0,0,bbref_war,False,False
steersp01,steersp01,Spencer Steer,1B,LF,Modern Era (2016-Pres),2024,2023,2022,2025,CIN,CIN,1760,428,66,47.0,202,431.0,4,R,0.243,0.329,0.178,0.216,0.101,30.9,46.4,55.7,53.2,46.9,D,C,C+,C,C,68.1,Uncommon,False,False,0,0,0,bbref_war,False,False
lowena01,lowena01,Nathaniel Lowe,1B,,Modern Era (2016-Pres),2022,2022,2019,2025,TEX,TEX,3018,796,107,15.0,376,836.0,8,L,0.264,0.347,0.16,0.244,0.11,48.2,39.4,62.8,26.6,40.9,C,D+,B-,D,C-,68.0,Uncommon,False,False,0,1,2,bbref_war,False,False
marisja01,marisja01,Jake Marisnick,CF,LF,Modern Era (2016-Pres),2017,2015,2013,2023,HOU,HOU,2053,469,65,81.0,119,671.0,15,R,0.235,0.29,0.186,0.314,0.057,17.3,50.2,18.4,61.0,76.1,F,C,F,B-,B+,68.0,Uncommon,False,False,0,0,0,bbref_war,False,False
polangr01,polangr01,Gregory Polanco,RF,,Modern Era (2016-Pres),2017,2015,2014,2021,PIT,PIT,2883,696,96,98.0,287,694.0,8,L,0.247,0.315,0.167,0.207,0.09,34.3,41.9,46.5,63.0,47.2,D,C-,C,B-,C,68.0,Uncommon,False,False,0,0,0,bbref_war,False,False
wardta01,wardta01,Taylor Ward,LF,RF,Modern Era (2016-Pres),2022,2022,2018,2025,LAA,LAA,2494,615,113,24.0,280,689.0,8,R,0.248,0.328,0.193,0.239,0.098,33.2,53.8,53.4,35.3,41.5,D,C,C,D+,C-,68.0,Uncommon,False,False,0,0,0,bbref_war,False,False
duffyma01,duffyma01,Matt Duffy,3B,2B,Modern Era (2016-Pres),2019,2015,2014,2024,TB,TB,2331,646,31,41.0,176,438.0,10,R,0.28,0.339,0.096,0.167,0.07,69.0,11.8,29.7,49.3,55.1,B,F,D,C,C+,67.9,Uncommon,False,False,0,0,0,bbref_war,False,False
gattiev01,gattiev01,Evan Gattis,DH,C,Modern Era (2016-Pres),2016,2016,2013,2018,HOU,HOU,2443,605,139,3.0,167,575.0,6,R,0.248,0.3,0.228,0.216,0.063,34.9,70.1,23.2,8.4,42.2,D,B,D-,F,C-,67.9,Uncommon,False,False,0,0,0,bbref_war,False,False
hamilbi02,hamilbi02,Billy Hamilton,CF,,Modern Era (2016-Pres),2016,2016,2013,2023,CIN,CIN,2988,713,24,326.0,230,708.0,14,B,0.243,0.294,0.092,0.213,0.068,30.7,8.6,27.7,125.0,80.6,D,F,D,S,A-,67.9,Uncommon,False,False,0,0,0,bbref_war,False,False
morrilo01,morrilo01,Logan Morrison,1B,LF,Modern Era (2016-Pres),2016,2017,2010,2020,TB,TB,3331,792,140,23.0,393,740.0,11,L,0.247,0.333,0.19,0.193,0.107,35.2,52.0,60.3,31.7,39.1,D+,C,B-,D,D+,67.9,Uncommon,False,False,0,0,0,bbref_war,False,False
abramcj01,abramcj01,CJ Abrams,SS,,Modern Era (2016-Pres),2024,2023,2022,2025,WSH,WSH,1968,490,59,116.0,114,421.0,5,L,0.249,0.306,0.162,0.196,0.053,37.5,39.7,15.1,79.1,52.2,D+,D+,F,B+,C,67.8,Uncommon,True,False,1,0,0,bbref_war,False,False
darnatr01,darnatr01,Travis d'Arnaud,C,,Modern Era (2016-Pres),2019,2022,2013,2025,NYM,NYM,3245,795,129,3.0,252,756.0,15,R,0.257,0.316,0.196,0.202,0.07,44.2,55.6,29.6,14.0,43.1,C-,C+,D,F,C-,67.8,Uncommon,True,False,1,0,0,bbref_war,False,False
fletcda02,fletcda02,David Fletcher,2B,"3B,SS",Modern Era (2016-Pres),2021,2019,2018,2024,LAA,LAA,2026,560,16,29.0,135,209.0,7,R,0.276,0.323,0.082,0.096,0.062,69.8,5.4,22.6,44.2,68.8,B,F,D-,C-,B,67.8,Uncommon,False,False,0,0,0,bbref_war,False,False
perezhe01,perezhe01,Hernan Perez,2B,"3B,LF,RF",Modern Era (2016-Pres),2016,2016,2012,2021,DET,DET,1745,436,45,69.0,76,397.0,11,R,0.256,0.289,0.148,0.212,0.045,43.5,35.1,8.6,67.2,58.9,C-,D+,F,B,C+,67.8,Uncommon,False,False,0,0,0,bbref_war,False,False
stoweky01,stoweky01,Kyle Stowers,LF,RF,Modern Era (2016-Pres),2024,2025,2022,2025,BAL,BAL,712,180,31,5.0,69,240.0,5,L,0.253,0.325,0.198,0.302,0.087,35.0,53.5,43.5,24.8,48.2,D+,C,C-,D-,C,67.8,Uncommon,True,False,1,0,0,bbref_war,False,False
mountry01,mountry01,Ryan Mountcastle,1B,,Modern Era (2016-Pres),2022,2024,2020,2025,BAL,BAL,2443,642,98,17.0,174,664.0,6,R,0.263,0.312,0.176,0.249,0.065,47.0,47.1,25.3,30.1,44.9,C,C,D,D,C-,67.7,Uncommon,False,False,0,0,0,bbref_war,False,False
thameer01,thameer01,Eric Thames,1B,"LF,RF",Modern Era (2016-Pres),2018,2019,2011,2020,MIL,MIL,1868,451,96,18.0,207,617.0,7,L,0.241,0.325,0.226,0.292,0.098,24.2,66.9,53.1,34.6,33.6,D-,B,C,D,D,67.7,Uncommon,False,False,0,0,0,bbref_war,False,False
chiriro01,chiriro01,Robinson Chirinos,C,,Modern Era (2016-Pres),2017,2019,2011,2022,TEX,TEX,2124,480,95,5.0,231,664.0,12,R,0.235,0.331,0.211,0.272,0.097,19.4,60.8,52.2,6.5,63.9,F,B-,C,F,B-,67.6,Uncommon,False,False,0,0,0,bbref_war,False,False
dejonpa01,dejonpa01,Paul DeJong,SS,,Modern Era (2016-Pres),2020,2019,2017,2025,STL,STL,3164,723,146,29.0,247,975.0,12,R,0.237,0.303,0.198,0.271,0.072,21.5,56.9,30.7,27.4,66.3,D-,C+,D,D,B,67.6,Uncommon,True,False,1,0,0,bbref_war,False,False
margoma01,margoma01,Manuel Margot,CF,"LF,RF",Modern Era (2016-Pres),2019,2021,2016,2025,SDP,SDP,2946,748,56,96.0,218,567.0,10,R,0.256,0.309,0.129,0.178,0.07,44.8,25.3,29.6,63.6,61.6,C-,D,D,B-,B-,67.6,Uncommon,False,False,0,0,0,bbref_war,False,False
sanomi01,sanomi01,Miguel Sano,3B,1B,Modern Era (2016-Pres),2019,2017,2015,2024,MIN,MIN,2585,602,164,5.0,342,1078.0,9,R,0.238,0.329,0.253,0.365,0.116,15.5,80.2,68.4,7.9,31.6,F,A-,B,F,D,67.6,Uncommon,True,False,1,0,0,bbref_war,False,False
slateau01,slateau01,Austin Slater,CF,"LF,RF",Modern Era (2016-Pres),2021,2022,2017,2025,SFG,SFG,1630,405,45,49.0,191,521.0,12,R,0.257,0.345,0.144,0.276,0.104,40.4,31.8,57.8,60.3,46.3,C-,D,C+,B-,C,67.6,Uncommon,False,False,0,0,0,bbref_war,False,False
langesh01,langesh01,Shea Langeliers,C,,Modern Era (2016-Pres),2024,2025,2022,2025,OAK,OAK,1553,364,88,14.0,120,444.0,4,R,0.234,0.291,0.23,0.261,0.071,19.9,70.0,29.9,28.4,48.7,F,B,D,D,C,67.5,Uncommon,False,False,0,0,0,bbref_war,False,False
profaju01,profaju01,Jurickson Profar,LF,"2B,3B,SS",Modern Era (2016-Pres),2020,2024,2012,2025,SDP,SDP,4065,995,125,66.0,478,751.0,13,B,0.249,0.34,0.169,0.152,0.106,39.8,42.5,60.1,52.5,32.1,D+,C-,B-,C,D,67.4,Uncommon,True,False,1,0,0,bbref_war,False,False
reyesfr01,reyesfr01,Franmil Reyes,DH,RF,Modern Era (2016-Pres),2020,2021,2018,2023,CLE,CLE,1881,468,108,6.0,172,635.0,8,R,0.249,0.31,0.215,0.306,0.083,30.2,64.5,40.2,19.8,39.4,D,B-,C-,F,D+,67.4,Uncommon,False,False,0,0,0,bbref_war,False,False
grossro01,grossro01,Robbie Grossman,LF,RF,Modern Era (2016-Pres),2019,2021,2013,2024,OAK,OAK,3891,943,93,67.0,590,1014.0,15,B,0.25,0.357,0.148,0.218,0.137,36.8,33.2,86.3,41.4,42.2,D+,D,A,C-,C-,67.3,Uncommon,False,False,0,0,0,bbref_war,False,False
panikjo01,panikjo01,Joe Panik,2B,,Modern Era (2016-Pres),2017,2015,2014,2021,SFG,SFG,2778,733,42,22.0,256,314.0,10,L,0.269,0.334,0.111,0.099,0.084,62.8,17.2,41.6,35.5,52.5,B-,F,C-,D+,C,67.3,Uncommon,True,False,1,1,2,bbref_war,False,False
kineris01,kineris01,Isiah Kiner-Falefa,SS,"2B,3B",Modern Era (2016-Pres),2021,2021,2018,2025,TEX,TEX,3109,815,36,100.0,180,530.0,10,R,0.264,0.312,0.087,0.154,0.053,54.2,7.6,15.0,64.9,77.0,C,F,F,B-,B+,67.2,Uncommon,False,False,0,1,2,bbref_war,False,False
mancitr01,mancitr01,Trey Mancini,1B,"LF,RF",Modern Era (2016-Pres),2019,2019,2016,2023,BAL,BAL,3051,801,129,2.0,265,795.0,8,R,0.263,0.328,0.185,0.235,0.078,47.6,50.9,36.5,12.0,38.0,C,C,D+,F,D+,67.2,Uncommon,False,False,0,0,0,bbref_war,False,False
ohearry01,ohearry01,Ryan O'Hearn,1B,RF,Modern Era (2016-Pres),2022,2025,2018,2025,KCR,KCR,2223,560,84,11.0,217,547.0,9,L,0.262,0.329,0.168,0.213,0.085,48.4,43.0,41.6,26.0,39.0,C,C-,C-,D,D+,67.2,Uncommon,True,False,1,0,0,bbref_war,False,False
tovarez01,tovarez01,Ezequiel Tovar,SS,,Modern Era (2016-Pres),2024,2024,2022,2025,COL,COL,1629,421,51,22.0,71,473.0,4,R,0.258,0.291,0.171,0.275,0.041,41.3,44.0,5.1,35.0,62.1,C-,C-,F,D+,B-,67.2,Uncommon,False,False,0,1,2,bbref_war,False,False
lagarju01,lagarju01,Juan Lagares,CF,,Modern Era (2016-Pres),2016,2014,2013,2022,NYM,NYM,2329,582,31,45.0,120,528.0,10,R,0.26,0.3,0.106,0.199,0.046,48.0,15.4,9.2,50.9,83.3,C,F,F,C,A-,67.0,Uncommon,False,False,0,1,2,bbref_war,False,False
rosaram01,rosaram01,Amed Rosario,SS,2B,Modern Era (2016-Pres),2021,2022,2017,2025,CLE,CLE,3688,1008,69,110.0,168,760.0,13,R,0.275,0.311,0.126,0.189,0.045,63.0,23.8,8.2,71.2,38.8,B-,D-,F,B,D+,67.0,Uncommon,False,False,0,0,0,bbref_war,False,False
russead02,russead02,Addison Russell,SS,2B,Modern Era (2016-Pres),2017,2016,2015,2019,CHC,CHC,1987,480,60,17.0,186,532.0,5,R,0.242,0.312,0.15,0.241,0.084,27.7,35.0,41.4,31.5,78.0,D,D+,C-,D,B+,67.0,Uncommon,True,False,1,0,0,bbref_war,False,False
croneja01,croneja01,Jake Cronenworth,2B,1B,Modern Era (2016-Pres),2022,2021,2020,2025,SDP,SDP,2780,687,80,24.0,319,573.0,6,L,0.247,0.335,0.159,0.18,0.1,36.7,37.4,54.7,38.9,49.7,D+,D+,C,D+,C,66.9,Uncommon,True,False,2,0,0,bbref_war,False,False
gyorkje01,gyorkje01,Jedd Gyorko,2B,3B,Modern Era (2016-Pres),2016,2017,2013,2020,SDP,SDP,2693,659,121,14.0,248,670.0,9,R,0.247,0.312,0.183,0.224,0.083,33.9,50.6,40.3,23.9,48.5,D,C,C-,D-,C,66.9,Uncommon,False,False,0,0,0,bbref_war,False,False
murphse01,murphse01,Sean Murphy,C,,Modern Era (2016-Pres),2022,2023,2019,2025,OAK,OAK,1993,455,93,1.0,237,561.0,7,R,0.228,0.325,0.198,0.244,0.103,15.0,55.4,57.4,14.3,65.1,F,C+,C+,F,B,66.8,Uncommon,True,False,1,1,2,bbref_war,False,False
stephty01,stephty01,Tyler Stephenson,C,,Modern Era (2016-Pres),2022,2024,2020,2025,CIN,CIN,1754,458,63,2.0,187,499.0,6,R,0.261,0.338,0.165,0.252,0.094,45.2,41.5,50.1,4.1,49.3,C,C-,C,F,C,66.8,Uncommon,False,False,0,0,0,bbref_war,False,False
tapiara01,tapiara01,Raimel Tapia,LF,"CF,RF",Modern Era (2016-Pres),2020,2021,2016,2023,COL,COL,1879,514,29,63.0,120,383.0,10,L,0.273,0.32,0.106,0.18,0.063,61.2,15.8,23.6,66.3,46.4,B-,F,D-,B,C,66.8,Uncommon,False,False,0,0,0,bbref_war,False,False
uriasra01,uriasra01,Ramon Urias,3B,2B,Modern Era (2016-Pres),2022,2022,2020,2025,BAL,BAL,1674,431,50,9.0,137,424.0,7,R,0.257,0.321,0.145,0.229,0.074,43.4,33.1,32.7,24.1,63.9,C-,D,D,D-,B-,66.8,Uncommon,False,False,0,1,2,bbref_war,False,False
coopega03,coopega03,Garrett Cooper,1B,RF,Modern Era (2016-Pres),2020,2019,2017,2024,MIA,MIA,1735,459,57,1.0,157,519.0,10,R,0.268,0.337,0.166,0.267,0.083,51.1,42.0,40.1,2.0,45.2,C,C-,C-,F,C,66.7,Uncommon,True,False,1,0,0,bbref_war,False,False
roblevi01,roblevi01,Victor Robles,CF,RF,Modern Era (2016-Pres),2021,2019,2017,2025,WSH,WSH,1945,481,36,106.0,133,497.0,10,R,0.256,0.321,0.125,0.227,0.056,42.1,23.7,17.5,77.6,59.8,C-,D-,F,B+,C+,66.7,Uncommon,False,False,0,0,0,bbref_war,False,False
choiji01,choiji01,Ji-Man Choi,1B,,Modern Era (2016-Pres),2020,2019,2016,2023,TB,TB,1567,367,67,6.0,241,476.0,10,L,0.239,0.343,0.193,0.262,0.131,24.4,52.4,81.3,10.3,44.2,D-,C,A-,F,C-,66.6,Uncommon,False,False,0,0,0,bbref_war,False,False
tayloty01,tayloty01,Tyrone Taylor,CF,"LF,RF",Modern Era (2016-Pres),2022,2022,2019,2025,MIL,MIL,1524,362,50,41.0,88,381.0,7,R,0.238,0.292,0.177,0.23,0.053,24.9,45.9,15.2,55.4,63.1,D-,C,F,C+,B-,66.6,Uncommon,False,False,0,0,0,bbref_war,False,False
janseda01,janseda01,Danny Jansen,C,,Modern Era (2016-Pres),2022,2022,2018,2025,TOR,TOR,1781,391,88,1.0,208,424.0,10,R,0.222,0.318,0.206,0.209,0.107,12.5,59.2,60.8,10.7,60.9,F,C+,B-,F,B-,66.5,Uncommon,False,False,0,0,0,bbref_war,False,False
drurybr01,drurybr01,Brandon Drury,2B,"1B,3B,LF",Modern Era (2016-Pres),2018,2022,2015,2024,ARI,ARI,2915,713,109,5.0,188,718.0,12,R,0.259,0.307,0.198,0.228,0.057,44.4,56.5,18.4,7.1,39.0,C-,C+,F,F,D+,66.4,Uncommon,False,False,0,0,0,bbref_war,False,False
paredis01,paredis01,Isaac Paredes,3B,,Modern Era (2016-Pres),2022,2023,2020,2025,TB,TB,1915,453,92,2.0,246,387.0,7,R,0.237,0.337,0.193,0.174,0.111,27.4,53.3,63.7,1.0,50.1,D,C,B-,F,C,66.4,Uncommon,True,False,2,0,0,bbref_war,False,False
avilaal01,avilaal01,Alex Avila,C,,Modern Era (2016-Pres),2016,2011,2009,2021,DET,DET,3060,714,105,8.0,528,1068.0,14,L,0.246,0.351,0.16,0.281,0.137,28.7,38.3,86.3,8.6,54.9,D,D+,A,F,C,66.3,Uncommon,True,False,1,0,0,bbref_war,False,False
crawfjp01,crawfjp01,J. P. Crawford,SS,,Modern Era (2016-Pres),2022,2023,2017,2025,SEA,SEA,3369,837,67,35.0,441,724.0,9,L,0.25,0.341,0.119,0.182,0.113,39.6,20.8,65.7,31.4,63.4,D+,D-,B,D,B-,66.3,Uncommon,False,False,0,1,2,bbref_war,False,False
davisjd01,davisjd01,J. D. Davis,3B,"1B,LF",Modern Era (2016-Pres),2021,2019,2017,2025,NYM,NYM,1893,486,72,7.0,210,586.0,11,R,0.262,0.345,0.174,0.273,0.099,44.9,45.4,53.6,19.2,30.7,C-,C,C,F,D,66.3,Uncommon,False,False,0,0,0,bbref_war,False,False
grishtr01,grishtr01,Trent Grisham,CF,,Modern Era (2016-Pres),2022,2025,2019,2025,SDP,SDP,2426,528,104,50.0,341,729.0,7,L,0.218,0.321,0.182,0.259,0.121,3.7,48.5,72.6,49.1,63.3,F,C,B,C,B-,66.3,Uncommon,False,False,0,2,4,bbref_war,False,False
ramirha02,ramirha02,Harold Ramirez,DH,"LF,RF",Modern Era (2016-Pres),2022,2023,2019,2024,TB,TB,1811,517,38,19.0,79,350.0,7,R,0.285,0.322,0.121,0.181,0.041,72.6,23.0,4.7,30.8,40.5,B,D-,F,D,C-,66.2,Uncommon,False,False,0,0,0,bbref_war,False,False
anderbr06,anderbr06,Brian Anderson,3B,RF,Modern Era (2016-Pres),2021,2019,2017,2024,MIA,MIA,2227,559,66,14.0,237,613.0,8,R,0.252,0.336,0.152,0.242,0.094,36.9,35.4,49.6,26.8,54.2,D+,D+,C,D,C,66.1,Uncommon,False,False,0,0,0,bbref_war,False,False
burgeja01,burgeja01,Jake Burger,3B,1B,Modern Era (2016-Pres),2023,2023,2021,2025,CHW,CHW,1589,393,88,3.0,89,463.0,6,R,0.247,0.297,0.222,0.269,0.052,31.4,67.0,13.9,6.7,42.8,D,B,F,F,C-,66.1,Uncommon,False,False,0,0,0,bbref_war,False,False
candeje01,candeje01,Jeimer Candelario,3B,1B,Modern Era (2016-Pres),2020,2021,2016,2025,DET,DET,3195,757,110,19.0,326,857.0,12,B,0.245,0.32,0.182,0.234,0.088,31.3,48.3,44.4,28.1,44.8,D,C,C-,D,C-,66.1,Uncommon,False,False,0,0,0,bbref_war,False,False
sanchje02,sanchje02,Jesus Sanchez,RF,"CF,LF",Modern Era (2016-Pres),2022,2023,2020,2025,MIA,MIA,1865,446,73,33.0,171,538.0,7,L,0.239,0.307,0.181,0.262,0.083,24.1,48.2,40.5,39.3,52.6,D-,C,C-,D+,C,66.1,Uncommon,False,False,0,0,0,bbref_war,False,False
vazquch01,vazquch01,Christian Vazquez,C,,Modern Era (2016-Pres),2020,2019,2014,2025,BOS,BOS,3244,810,71,33.0,217,656.0,12,R,0.264,0.315,0.13,0.18,0.066,52.8,26.7,26.1,27.4,54.8,C,D,D,D,C,66.1,Uncommon,False,False,0,0,0,bbref_war,False,False
bohmal01,bohmal01,Alec Bohm,3B,1B,Modern Era (2016-Pres),2022,2024,2020,2025,PHI,PHI,2702,753,70,18.0,189,519.0,6,R,0.279,0.328,0.137,0.176,0.064,66.8,29.5,24.4,24.1,31.0,B,D,D-,D-,D,66.0,Uncommon,True,False,1,0,0,bbref_war,False,False
healyry01,healyry01,Ryon Healy,1B,3B,Modern Era (2016-Pres),2018,2016,2016,2020,OAK,OAK,1514,395,69,0.0,75,357.0,5,R,0.261,0.298,0.19,0.222,0.047,47.0,53.8,9.7,1.0,43.3,C,C,F,F,C-,66.0,Uncommon,False,False,0,0,0,bbref_war,False,False
mccanja02,mccanja02,James McCann,C,,Modern Era (2016-Pres),2019,2019,2014,2025,DET,DET,3165,765,97,15.0,202,880.0,12,R,0.257,0.309,0.163,0.247,0.055,41.7,41.0,16.9,22.4,56.4,C-,C-,F,D-,C+,66.0,Uncommon,True,False,1,0,0,bbref_war,False,False
thomala02,thomala02,Lane Thomas,RF,"CF,LF",Modern Era (2016-Pres),2022,2023,2019,2025,WSH,WSH,2023,489,76,71.0,180,573.0,9,R,0.242,0.309,0.176,0.255,0.08,26.9,46.4,37.9,56.8,41.5,D,C,D+,C+,C-,65.9,Uncommon,False,False,0,0,0,bbref_war,False,False
garcile02,garcile02,Leury Garcia,CF,"2B,LF,RF,SS",Modern Era (2016-Pres),2018,2021,2013,2022,CHW,CHW,2217,560,34,64.0,109,550.0,11,B,0.271,0.315,0.114,0.225,0.05,56.3,19.4,12.6,57.8,49.9,C+,F,F,C+,C,65.8,Uncommon,False,False,0,0,0,bbref_war,False,False
solarya01,solarya01,Yangervis Solarte,3B,2B,Modern Era (2016-Pres),2016,2016,2014,2019,SDP,SDP,2407,620,75,6.0,189,326.0,7,B,0.258,0.315,0.15,0.124,0.072,50.3,35.6,30.7,13.9,47.4,C,D+,D,F,C,65.8,Uncommon,False,False,0,0,0,bbref_war,False,False
kellyca02,kellyca02,Carson Kelly,C,,Modern Era (2016-Pres),2022,2025,2016,2025,ARI,ARI,1960,449,71,5.0,219,448.0,12,R,0.235,0.32,0.168,0.199,0.101,24.8,43.0,55.4,20.9,57.3,D-,C-,C+,D-,C+,65.7,Uncommon,False,False,0,0,0,bbref_war,False,False
vogtst01,vogtst01,Stephen Vogt,C,1B,Modern Era (2016-Pres),2016,2015,2012,2022,OAK,OAK,2348,560,82,5.0,210,491.0,12,L,0.25,0.31,0.172,0.185,0.08,39.3,44.4,37.6,10.4,47.4,D+,C-,D+,F,C,65.6,Uncommon,True,False,2,0,0,bbref_war,False,False
luxga01,luxga01,Gavin Lux,2B,LF,Modern Era (2016-Pres),2022,2022,2019,2025,LAD,LAD,1779,456,33,20.0,201,445.0,6,L,0.256,0.332,0.124,0.223,0.101,42.7,22.8,55.4,40.1,49.9,C-,D-,C+,C-,C,65.5,Uncommon,False,False,0,0,0,bbref_war,False,False
millebr02,millebr02,Brad Miller,SS,"1B,2B,3B",Modern Era (2016-Pres),2017,2013,2013,2023,PHI,PHI,3132,740,123,43.0,350,873.0,13,L,0.243,0.316,0.196,0.235,0.093,29.5,54.1,48.7,42.5,25.1,D,C,C,C-,D,65.5,Uncommon,False,False,0,0,0,bbref_war,False,False
dubonma01,dubonma01,Mauricio Dubon,2B,"CF,LF,SS",Modern Era (2016-Pres),2022,2023,2019,2025,HOU,HOU,1919,493,39,22.0,101,294.0,9,R,0.257,0.295,0.117,0.144,0.049,48.4,21.3,11.9,31.8,68.5,C,D-,F,D,B,65.4,Uncommon,False,False,0,2,4,bbref_war,False,False
mooredy01,mooredy01,Dylan Moore,2B,"3B,LF,RF,SS",Modern Era (2016-Pres),2022,2024,2019,2025,SEA,SEA,1653,340,63,118.0,202,583.0,8,R,0.206,0.31,0.177,0.304,0.105,1.0,45.6,59.2,80.0,55.7,F,C,C+,A-,C+,65.4,Uncommon,False,False,0,1,2,bbref_war,False,False
souzast01,souzast01,Steven Souza,RF,,Modern Era (2016-Pres),2017,2017,2014,2022,TB,TB,1669,383,72,42.0,198,601.0,8,R,0.23,0.32,0.184,0.317,0.106,12.4,49.3,59.5,47.6,49.3,F,C,C+,C,C,65.4,Uncommon,False,False,0,0,0,bbref_war,False,False
strawmy01,strawmy01,Myles Straw,CF,,Modern Era (2016-Pres),2022,2021,2018,2025,CLE,CLE,2031,501,10,101.0,206,401.0,9,R,0.248,0.319,0.07,0.174,0.093,38.4,1.0,48.8,78.4,72.1,D+,F,C,B+,B,65.4,Uncommon,False,False,0,1,2,bbref_war,False,False
jankotr01,jankotr01,Travis Jankowski,CF,"LF,RF",Modern Era (2016-Pres),2019,2023,2015,2025,SDP,SDP,1552,366,11,104.0,176,373.0,14,L,0.25,0.332,0.08,0.207,0.106,38.0,4.5,59.6,84.9,58.3,D+,F,C+,A-,C+,65.3,Uncommon,False,False,0,0,0,bbref_war,False,False
narvaom01,narvaom01,Omar Narvaez,C,,Modern Era (2016-Pres),2019,2019,2016,2025,CHW,CHW,2023,509,53,0.0,242,436.0,10,L,0.263,0.346,0.13,0.183,0.107,51.6,26.5,60.3,1.0,46.5,C,D,B-,F,C,65.3,Uncommon,True,False,1,0,0,bbref_war,False,False
odorro01,odorro01,Rougned Odor,2B,,Modern Era (2016-Pres),2018,2016,2014,2023,TEX,TEX,4044,930,178,70.0,269,1045.0,10,L,0.239,0.297,0.192,0.231,0.062,25.3,53.5,22.3,34.7,47.7,D,C,D-,D,C,65.3,Uncommon,False,False,0,0,0,bbref_war,False,False
ramoshe02,ramoshe02,Heliot Ramos,LF,,Modern Era (2016-Pres),2024,2024,2022,2025,SFG,SFG,1171,299,44,12.0,95,319.0,4,R,0.255,0.319,0.163,0.246,0.073,40.5,40.9,32.2,27.6,42.0,C-,C-,D,D,C-,65.3,Uncommon,True,False,1,0,0,bbref_war,False,False
garcilu04,garcilu04,Luis Garcia,2B,,Modern Era (2016-Pres),2022,2024,2020,2025,WSH,WSH,2165,576,58,49.0,108,386.0,6,L,0.266,0.299,0.144,0.168,0.047,55.4,33.0,9.9,43.0,34.0,C+,D,F,C-,D,65.2,Uncommon,False,False,0,0,0,bbref_war,False,False
jungjo01,jungjo01,Josh Jung,3B,,Modern Era (2016-Pres),2024,2023,2022,2025,TEX,TEX,1236,315,49,11.0,69,367.0,4,R,0.255,0.298,0.172,0.279,0.052,37.8,45.3,14.5,24.8,48.9,D+,C,F,D-,C,65.2,Uncommon,True,False,1,0,0,bbref_war,False,False
indiajo01,indiajo01,Jonathan India,2B,,Modern Era (2016-Pres),2023,2021,2021,2025,CIN,CIN,2402,598,72,42.0,288,575.0,5,R,0.249,0.346,0.149,0.206,0.103,36.8,34.0,57.4,40.9,37.2,D+,D,C+,C-,D+,65.1,Uncommon,False,False,0,0,0,bbref_war,False,False
barnhtu01,barnhtu01,Tucker Barnhart,C,,Modern Era (2016-Pres),2019,2017,2014,2025,CIN,CIN,2749,662,53,8.0,297,653.0,12,B,0.249,0.326,0.125,0.198,0.097,37.6,24.1,52.4,8.0,69.1,D+,D-,C,F,B,65.0,Uncommon,False,False,0,2,4,bbref_war,False,False
diazel01,diazel01,Elias Diaz,C,,Modern Era (2016-Pres),2021,2021,2015,2025,COL,COL,2572,634,71,2.0,190,554.0,12,R,0.254,0.308,0.141,0.19,0.068,42.9,31.9,28.0,1.0,56.8,C-,D,D,F,C+,65.0,Uncommon,True,False,1,0,0,bbref_war,True,False
galvifr01,galvifr01,Freddy Galvis,SS,2B,Modern Era (2016-Pres),2018,2019,2012,2021,PHI,PHI,3921,966,109,57.0,241,853.0,12,B,0.251,0.296,0.139,0.205,0.057,38.5,30.6,18.5,45.6,56.0,D+,D,F,C,C+,65.0,Uncommon,False,False,0,0,0,bbref_war,False,False
jeffery01,jeffery01,Ryan Jeffers,C,,Modern Era (2016-Pres),2022,2023,2020,2025,MIN,MIN,1638,392,68,7.0,165,467.0,6,R,0.239,0.321,0.18,0.253,0.089,25.0,48.0,45.6,16.2,51.3,D,C,C,F,C,65.0,Uncommon,False,False,0,0,0,bbref_war,False,False
rodgebr02,rodgebr02,Brendan Rodgers,2B,,Modern Era (2016-Pres),2022,2022,2019,2025,COL,COL,1805,471,47,1.0,122,437.0,7,R,0.261,0.313,0.14,0.223,0.062,47.0,31.0,22.9,8.0,59.0,C,D,D-,F,C+,65.0,Uncommon,False,False,0,1,2,bbref_war,False,False
perazjo01,perazjo01,Jose Peraza,SS,2B,Modern Era (2016-Pres),2018,2018,2015,2021,CIN,CIN,2011,534,35,79.0,89,282.0,7,R,0.266,0.306,0.107,0.131,0.041,57.3,16.5,5.2,59.8,47.8,C+,F,F,C+,C,64.9,Uncommon,False,False,0,0,0,bbref_war,False,False
deshide02,deshide02,Delino DeShields,CF,LF,Modern Era (2016-Pres),2018,2017,2015,2021,TEX,TEX,1828,450,19,111.0,211,487.0,7,R,0.246,0.327,0.096,0.236,0.102,32.4,10.5,56.6,88.0,53.3,D,F,C+,A,C,64.8,Uncommon,False,False,0,0,0,bbref_war,False,False
smithdo02,smithdo02,Dominic Smith,1B,LF,Modern Era (2016-Pres),2022,2020,2017,2025,NYM,NYM,2250,562,69,7.0,185,543.0,10,L,0.258,0.322,0.155,0.212,0.074,45.0,37.6,32.5,15.4,42.2,C,D+,D,F,C-,64.8,Uncommon,False,False,0,0,0,bbref_war,False,False
tellero01,tellero01,Rowdy Tellez,1B,,Modern Era (2016-Pres),2021,2022,2018,2025,TOR,TOR,2362,552,122,5.0,210,601.0,10,L,0.236,0.301,0.21,0.227,0.077,23.7,62.0,35.5,9.5,39.1,D-,B-,D+,F,D+,64.8,Uncommon,False,False,0,0,0,bbref_war,False,False
francma02,francma02,Maikel Franco,3B,,Modern Era (2016-Pres),2017,2015,2014,2022,PHI,PHI,3309,809,130,5.0,221,569.0,9,R,0.25,0.3,0.175,0.157,0.064,41.2,47.5,24.5,20.2,33.5,C-,C,D-,D-,D,64.7,Uncommon,False,False,0,0,0,bbref_war,False,False
zuninmi01,zuninmi01,Mike Zunino,C,,Modern Era (2016-Pres),2017,2021,2013,2023,SEA,SEA,2798,557,149,2.0,219,1088.0,11,R,0.213,0.287,0.237,0.348,0.073,1.0,73.8,31.6,2.6,59.8,F,B,D,F,C+,64.7,Uncommon,True,False,1,0,0,bbref_war,False,False
wadela01,wadela01,LaMonte Wade,1B,"LF,RF",Modern Era (2016-Pres),2022,2023,2019,2025,SFG,SFG,1617,381,55,13.0,239,401.0,8,L,0.236,0.341,0.155,0.212,0.126,24.3,36.1,76.9,31.9,43.4,D-,D+,B+,D,C-,64.6,Uncommon,False,False,0,0,0,bbref_war,False,False
walshja01,walshja01,Jared Walsh,1B,,Modern Era (2016-Pres),2022,2021,2019,2024,LAA,LAA,1288,308,59,4.0,104,406.0,6,L,0.239,0.301,0.199,0.288,0.074,22.8,56.1,32.5,16.3,44.3,D-,C+,D,F,C-,64.4,Uncommon,True,False,1,0,0,bbref_war,False,False
rengilu01,rengilu01,Luis Rengifo,2B,"3B,SS",Modern Era (2016-Pres),2022,2022,2019,2025,LAA,LAA,2288,571,62,52.0,170,466.0,7,B,0.25,0.307,0.132,0.187,0.068,38.6,27.4,27.8,51.7,47.4,D+,D,D,C,C,64.3,Uncommon,False,False,0,0,0,bbref_war,False,False
moranco01,moranco01,Colin Moran,3B,1B,Modern Era (2016-Pres),2019,2018,2016,2022,PIT,PIT,1520,400,50,1.0,142,377.0,7,L,0.263,0.327,0.152,0.223,0.084,49.1,36.2,41.1,1.0,36.3,C,D+,C-,F,D+,64.2,Uncommon,False,False,0,0,0,bbref_war,False,False
newmake01,newmake01,Kevin Newman,SS,2B,Modern Era (2016-Pres),2022,2019,2018,2025,PIT,PIT,2172,562,28,47.0,120,300.0,8,R,0.261,0.303,0.1,0.124,0.052,53.4,13.3,14.2,52.6,51.8,C,F,F,C,C,64.2,Uncommon,False,False,0,0,0,bbref_war,False,False
arciaor01,arciaor01,Orlando Arcia,SS,,Modern Era (2016-Pres),2020,2017,2016,2025,MIL,MIL,3254,778,90,43.0,241,722.0,12,R,0.247,0.299,0.134,0.204,0.067,34.8,29.1,27.2,42.2,54.0,D,D,D,C-,C,64.1,Uncommon,True,False,1,0,0,bbref_war,False,False
barneau01,barneau01,Austin Barnes,C,,Modern Era (2016-Pres),2020,2017,2015,2025,LAD,LAD,1516,338,35,23.0,196,391.0,11,R,0.237,0.343,0.124,0.22,0.122,25.5,23.7,73.7,38.7,53.9,D,D-,B,D+,C,64.1,Uncommon,False,False,0,0,0,bbref_war,False,False
hechaad01,hechaad01,Adeiny Hechavarria,SS,,Modern Era (2016-Pres),2016,2015,2012,2020,MIA,MIA,3071,778,37,35.0,163,550.0,13,R,0.259,0.296,0.104,0.168,0.049,48.9,14.3,11.6,43.0,61.6,C,F,F,C-,B-,64.0,Uncommon,False,False,0,0,0,bbref_war,False,False
mazarno01,mazarno01,Nomar Mazara,RF,LF,Modern Era (2016-Pres),2019,2019,2016,2022,TEX,TEX,2448,626,85,7.0,197,592.0,7,L,0.256,0.315,0.158,0.22,0.073,42.2,39.1,32.1,14.7,38.0,C-,D+,D,F,D+,64.0,Uncommon,False,False,0,0,0,bbref_war,False,False
volpean01,volpean01,Anthony Volpe,SS,,Modern Era (2016-Pres),2024,2024,2023,2025,NYY,NYY,1717,382,52,70.0,137,473.0,3,R,0.222,0.283,0.156,0.252,0.073,9.3,37.2,31.8,65.1,65.2,F,D+,D,B,B,64.0,Uncommon,False,False,0,1,2,bbref_war,False,False
beckhti01,beckhti01,Tim Beckham,SS,2B,Modern Era (2016-Pres),2017,2017,2013,2022,TB,TB,1639,404,63,13.0,111,514.0,8,R,0.246,0.299,0.179,0.29,0.063,29.2,47.7,23.1,26.7,42.6,D,C,D-,D,C-,63.9,Common,False,False,0,0,0,bbref_war,False,False
mckinza01,mckinza01,Zach McKinstry,3B,"2B,RF,SS",Modern Era (2016-Pres),2022,2025,2020,2025,DET,DET,1544,357,37,59.0,140,398.0,7,L,0.231,0.3,0.15,0.232,0.082,18.9,33.1,39.3,70.0,50.0,F,D,D+,B,C,63.9,Common,True,False,1,0,0,bbref_war,False,False
vogelda01,vogelda01,Dan Vogelbach,DH,1B,Modern Era (2016-Pres),2020,2022,2016,2024,SEA,SEA,1650,361,81,0.0,296,492.0,12,L,0.22,0.343,0.193,0.252,0.154,7.5,53.0,100.2,1.0,41.0,F,C,S,F,C-,63.9,Common,True,False,1,0,0,bbref_war,False,False
biggica01,biggica01,Cavan Biggio,2B,"1B,3B,RF",Modern Era (2016-Pres),2022,2019,2019,2025,TOR,TOR,1627,363,52,33.0,262,528.0,9,L,0.223,0.339,0.15,0.274,0.136,8.5,34.2,85.2,52.2,48.9,F,D,A,C,C,63.8,Common,False,False,0,0,0,bbref_war,False,False
brownse01,brownse01,Seth Brown,RF,"1B,LF",Modern Era (2016-Pres),2022,2022,2019,2025,OAK,OAK,1641,371,74,24.0,145,496.0,7,L,0.226,0.292,0.193,0.275,0.08,11.2,54.0,38.2,38.3,45.5,F,C,D+,D+,C,63.8,Common,False,False,0,0,0,bbref_war,False,False
fryda01,fryda01,David Fry,DH,,Modern Era (2016-Pres),2024,2024,2023,2025,CLE,CLE,582,137,26,7.0,59,172.0,3,R,0.235,0.32,0.186,0.261,0.089,23.2,48.9,45.7,28.3,36.9,D-,C,C,D,D+,63.8,Common,True,False,1,0,0,bbref_war,False,False
espinsa01,espinsa01,Santiago Espinal,3B,2B,Modern Era (2016-Pres),2022,2021,2020,2025,TOR,TOR,1619,423,20,28.0,125,242.0,6,R,0.261,0.316,0.088,0.137,0.071,53.0,8.8,30.1,38.7,53.5,C,F,D,D+,C,63.7,Common,True,False,1,0,0,bbref_war,False,False
estrath01,estrath01,Thairo Estrada,2B,SS,Modern Era (2016-Pres),2022,2023,2019,2025,SFG,SFG,1734,436,51,53.0,84,368.0,7,R,0.251,0.299,0.141,0.197,0.045,39.9,31.8,8.2,53.2,41.5,D+,D,F,C,C-,63.6,Common,False,False,0,0,0,bbref_war,False,False
francty01,francty01,Ty France,1B,,Modern Era (2016-Pres),2022,2021,2019,2025,SEA,SEA,2957,776,81,3.0,204,600.0,10,R,0.262,0.334,0.138,0.181,0.062,51.1,30.0,22.3,6.7,42.2,C,D,D-,F,C-,63.4,Common,True,False,1,1,2,bbref_war,False,False
gamelbe01,gamelbe01,Ben Gamel,LF,RF,Modern Era (2016-Pres),2021,2017,2016,2024,SEA,SEA,2046,516,41,22.0,243,571.0,12,L,0.254,0.336,0.128,0.244,0.106,38.7,24.4,59.7,35.0,36.6,D+,D-,C+,D+,D+,63.4,Common,False,False,0,0,0,bbref_war,False,False
stallja01,stallja01,Jacob Stallings,C,,Modern Era (2016-Pres),2019,2021,2016,2025,PIT,PIT,1705,395,33,1.0,174,435.0,11,R,0.248,0.328,0.121,0.217,0.094,36.0,22.7,49.5,1.4,64.6,D+,D-,C,F,B-,63.4,Common,False,False,0,1,2,bbref_war,False,False
uriaslu01,uriaslu01,Luis Urias,2B,"3B,SS",Modern Era (2016-Pres),2021,2021,2018,2025,MIL,MIL,1793,415,60,11.0,212,433.0,9,R,0.231,0.33,0.153,0.206,0.104,20.3,36.1,57.7,21.3,52.8,D-,D+,C+,D-,C,63.2,Common,False,False,0,0,0,bbref_war,False,False
dietrde01,dietrde01,Derek Dietrich,2B,"1B,3B,LF",Modern Era (2016-Pres),2016,2016,2013,2020,MIA,MIA,2191,536,84,7.0,181,576.0,8,L,0.246,0.334,0.181,0.228,0.071,32.6,47.1,29.9,21.0,31.1,D,C,D,D-,D,63.1,Common,False,False,0,0,0,bbref_war,False,False
farmeky01,farmeky01,Kyle Farmer,SS,"2B,3B",Modern Era (2016-Pres),2020,2023,2017,2025,CIN,CIN,2172,537,63,16.0,134,487.0,9,R,0.25,0.31,0.142,0.203,0.057,37.7,31.8,18.1,24.0,50.5,D+,D,F,D-,C,63.1,Common,False,False,0,0,0,bbref_war,False,False
kempto01,kempto01,Tony Kemp,2B,LF,Modern Era (2016-Pres),2020,2021,2016,2024,HOU,HOU,1945,460,35,53.0,227,298.0,10,L,0.241,0.33,0.108,0.129,0.106,34.2,16.1,60.2,55.6,42.2,D,F,B-,C+,C-,63.1,Common,False,False,0,0,0,bbref_war,False,False
caratvi01,caratvi01,Victor Caratini,C,1B,Modern Era (2016-Pres),2022,2024,2017,2025,CHC,CHC,1975,482,58,5.0,188,457.0,9,B,0.246,0.323,0.136,0.202,0.086,34.1,29.6,43.1,15.2,50.3,D,D,C-,F,C,63.0,Common,False,False,0,0,0,bbref_war,False,False
delacbr01,delacbr01,Bryan De La Cruz,LF,RF,Modern Era (2016-Pres),2023,2021,2021,2025,MIA,MIA,1738,436,58,15.0,109,473.0,6,R,0.251,0.295,0.151,0.253,0.058,35.6,36.8,19.5,28.1,42.8,D+,D+,F,D,C-,63.0,Common,False,False,0,0,0,bbref_war,False,False
hampsga01,hampsga01,Garrett Hampson,CF,"2B,SS",Modern Era (2016-Pres),2021,2023,2018,2025,COL,COL,1669,393,29,67.0,146,496.0,10,R,0.236,0.302,0.124,0.272,0.082,21.0,23.0,39.7,69.6,54.1,D-,D-,D+,B,C,63.0,Common,False,False,0,0,0,bbref_war,False,False
pindech01,pindech01,Chad Pinder,LF,"2B,RF",Modern Era (2016-Pres),2019,2018,2016,2022,OAK,OAK,1603,388,62,5.0,103,475.0,7,R,0.242,0.294,0.175,0.274,0.059,26.2,46.8,20.4,13.7,48.8,D,C,D-,F,C,63.0,Common,False,False,0,0,0,bbref_war,False,False
perezro02,perezro02,Roberto Perez,C,,Modern Era (2016-Pres),2017,2019,2014,2023,CLE,CLE,1520,314,55,2.0,192,527.0,10,R,0.216,0.307,0.169,0.294,0.113,1.8,43.3,65.3,1.7,72.4,F,C-,B,F,B,62.8,Common,False,False,0,2,4,bbref_war,False,False
torkesp01,torkesp01,Spencer Torkelson,1B,,Modern Era (2016-Pres),2024,2025,2022,2025,DET,DET,1871,424,80,5.0,209,544.0,4,R,0.227,0.31,0.185,0.257,0.099,12.7,50.2,53.6,18.3,41.4,F,C,C,F,C-,62.6,Common,False,False,0,0,0,bbref_war,False,False
vaughan01,vaughan01,Andrew Vaughn,1B,LF,Modern Era (2016-Pres),2023,2023,2021,2025,CHW,CHW,2469,625,86,3.0,177,538.0,6,R,0.253,0.31,0.161,0.199,0.065,41.2,40.6,25.5,8.0,32.1,C-,C-,D,F,D,62.6,Common,False,False,0,0,0,bbref_war,False,False
morelch01,morelch01,Christopher Morel,DH,"3B,LF",Modern Era (2016-Pres),2024,2023,2022,2025,CHC,CHC,1580,351,74,31.0,160,538.0,5,R,0.222,0.299,0.193,0.305,0.091,5.7,53.5,46.8,38.8,39.6,F,C,C,D+,D+,62.5,Common,False,False,0,0,0,bbref_war,False,False
peterja01,peterja01,Jace Peterson,2B,"3B,LF",Modern Era (2016-Pres),2019,2022,2014,2024,MIL,MIL,2415,546,42,77.0,310,617.0,13,L,0.232,0.324,0.113,0.221,0.115,20.2,18.0,67.7,58.1,50.3,D-,F,B,C+,C,62.5,Common,False,False,0,0,0,bbref_war,False,False
rojasjo01,rojasjo01,Josh Rojas,3B,2B,Modern Era (2016-Pres),2022,2022,2019,2025,ARI,ARI,2051,494,36,63.0,230,529.0,8,L,0.241,0.317,0.112,0.229,0.1,27.7,18.1,54.5,60.5,45.0,D,F,C,B-,C,62.5,Common,False,False,0,0,0,bbref_war,False,False
ruizke01,ruizke01,Keibert Ruiz,C,,Modern Era (2016-Pres),2022,2022,2020,2025,WSH,WSH,1727,429,44,10.0,91,200.0,7,B,0.248,0.293,0.124,0.108,0.049,42.9,25.0,11.8,17.6,54.4,C-,D,F,F,C,62.5,Common,False,False,0,0,0,bbref_war,False,False
taverle01,taverle01,Leody Taveras,CF,,Modern Era (2016-Pres),2022,2023,2020,2025,TEX,TEX,1769,418,41,75.0,126,470.0,7,B,0.236,0.287,0.128,0.246,0.066,22.5,25.7,25.9,68.9,51.5,D-,D,D,B,C,62.5,Common,False,False,0,0,0,bbref_war,False,False
castrwi01,castrwi01,Willi Castro,2B,"3B,CF,LF,RF,SS",Modern Era (2016-Pres),2022,2023,2019,2025,DET,DET,2325,568,56,75.0,176,623.0,8,B,0.244,0.313,0.14,0.241,0.068,30.1,29.6,27.8,61.0,35.1,D,D,D,B-,D+,62.3,Common,True,False,1,0,0,bbref_war,False,False
sanchca01,sanchca01,Carlos Sanchez,2B,3B,Modern Era (2016-Pres),2017,2017,2014,2022,CHW,CHW,2276,552,32,30.0,165,532.0,9,B,0.245,0.3,0.115,0.213,0.066,32.4,18.7,25.7,33.7,63.1,D,F,D,D,B-,62.3,Common,False,False,0,1,2,bbref_war,False,False
alfarjo01,alfarjo01,Jorge Alfaro,C,,Modern Era (2016-Pres),2019,2018,2016,2025,PHI,PHI,1629,412,48,19.0,72,595.0,10,R,0.258,0.305,0.139,0.34,0.041,36.1,31.4,4.9,31.8,45.0,D+,D,F,D,C,61.8,Common,False,False,0,0,0,bbref_war,False,False
doziehu01,doziehu01,Hunter Dozier,3B,"1B,RF",Modern Era (2016-Pres),2020,2019,2016,2023,KCR,KCR,2093,498,73,19.0,193,621.0,7,R,0.238,0.305,0.182,0.268,0.083,22.4,47.7,40.7,30.1,24.0,D-,C,C-,D,D-,61.7,Common,False,False,0,0,0,bbref_war,False,False
heimjo01,heimjo01,Jonah Heim,C,,Modern Era (2016-Pres),2022,2023,2020,2025,TEX,TEX,2020,455,68,11.0,157,422.0,6,B,0.225,0.282,0.146,0.192,0.071,15.6,34.5,30.5,26.9,60.6,F,D,D,D,B-,61.7,Common,True,False,1,1,2,bbref_war,False,False
adelljo01,adelljo01,Jo Adell,RF,"CF,LF",Modern Era (2016-Pres),2022,2025,2020,2025,LAA,LAA,1511,332,75,27.0,98,496.0,6,R,0.22,0.277,0.197,0.303,0.06,3.7,56.3,20.8,35.9,44.6,F,C+,D-,D+,C-,61.6,Common,False,False,0,0,0,bbref_war,False,False
carlsdy01,carlsdy01,Dylan Carlson,CF,"LF,RF",Modern Era (2016-Pres),2022,2021,2020,2025,STL,STL,1755,409,43,16.0,179,459.0,7,B,0.233,0.312,0.138,0.231,0.09,20.5,29.3,46.4,32.0,48.4,D-,D,C,D,C,61.5,Common,False,False,0,0,0,bbref_war,False,False
lopezni01,lopezni01,Nicky Lopez,2B,"3B,SS",Modern Era (2016-Pres),2022,2021,2019,2025,KCR,KCR,2128,522,7,47.0,181,340.0,9,L,0.245,0.31,0.066,0.146,0.078,37.4,1.0,35.7,52.0,56.5,D+,F,D+,C,C+,61.0,Common,False,False,0,0,0,bbref_war,False,False
trevijo01,trevijo01,Jose Trevino,C,,Modern Era (2016-Pres),2021,2022,2018,2025,TEX,TEX,1472,348,36,4.0,76,264.0,8,R,0.236,0.277,0.129,0.163,0.05,28.2,27.1,12.8,14.0,62.3,D,D,F,F,B-,61.0,Common,True,False,1,1,2,bbref_war,False,False
sheetga01,sheetga01,Gavin Sheets,RF,"1B,LF",Modern Era (2016-Pres),2023,2025,2021,2025,CHW,CHW,1791,423,65,5.0,158,405.0,5,L,0.236,0.301,0.161,0.205,0.08,25.1,40.4,37.7,10.2,34.0,D,C-,D+,F,D,60.7,Common,False,False,0,0,0,bbref_war,False,False
bauerja01,bauerja01,Jake Bauers,1B,"LF,RF",Modern Era (2016-Pres),2022,2025,2018,2025,MIL,MIL,1704,360,58,39.0,227,569.0,7,L,0.211,0.307,0.154,0.29,0.116,1.0,36.4,68.1,42.4,40.5,F,D+,B,C-,C-,60.2,Common,False,False,0,0,0,bbref_war,False,False
maldoma01,maldoma01,Martin Maldonado,C,,Modern Era (2016-Pres),2017,2017,2011,2025,HOU,HOU,3596,731,119,3.0,304,1107.0,18,R,0.22,0.288,0.15,0.259,0.065,6.4,36.1,25.2,1.7,67.7,F,D+,D,F,B,59.7,Common,False,False,0,1,2,bbref_war,False,False
goinsry01,goinsry01,Ryan Goins,2B,SS,Modern Era (2016-Pres),2017,2015,2013,2020,TOR,TOR,1545,353,22,6.0,108,371.0,8,L,0.234,0.285,0.102,0.219,0.067,22.8,14.3,27.0,18.4,65.1,D-,F,D,F,B,59.6,Common,False,False,0,0,0,bbref_war,False,False
hedgeau01,hedgeau01,Austin Hedges,C,,Modern Era (2016-Pres),2020,2018,2015,2025,CLE,CLE,2284,422,74,16.0,160,694.0,13,R,0.194,0.25,0.149,0.284,0.062,1.0,35.9,22.9,25.0,63.9,F,D+,D-,D,B-,59.5,Common,False,False,0,0,0,bbref_war,False,False
bondsba01,bondsba01,Barry Bonds,LF,CF,Steroid Era (1994-2005),2001,2001,1986,2007,SFG,SFG,9847,2935,762,514.0,2558,1539.0,22,L,0.334,0.514,0.393,0.105,0.263,100.9,125.0,125.0,75.5,115.9,S,S,S,B+,S,99.0,Legendary,True,False,14,8,16,bbref_war,False,False
griffke02,griffke02,Ken Griffey Jr.,CF,RF,Steroid Era (1994-2005),1994,1996,1989,2010,SEA,SEA,9801,2781,630,184.0,1312,1779.0,23,L,0.302,0.385,0.29,0.148,0.113,68.9,102.5,60.8,71.5,105.3,B,S,B-,B,S,97.2,Legendary,True,True,13,10,20,bbref_war,True,True
walkela01,walkela01,Larry Walker,RF,1B,Steroid Era (1994-2005),1998,1997,1989,2005,COL,COL,6907,2160,383,230.0,913,1231.0,18,L,0.346,0.425,0.286,0.141,0.112,107.8,99.1,59.6,77.1,89.2,S,A+,C+,B+,A,96.9,Legendary,True,True,5,7,14,bbref_war,False,False
rodrial01,rodrial01,Alex Rodriguez,SS,3B,Steroid Era (1994-2005),2002,2000,1994,2016,SEA,SEA,10566,3115,696,329.0,1338,2287.0,22,R,0.319,0.403,0.294,0.173,0.111,81.8,104.4,59.2,83.3,87.6,A-,S,C+,A-,A,96.6,Legendary,True,False,14,2,4,bbref_war,True,False
heltoto01,heltoto01,Todd Helton,1B,,Steroid Era (1994-2005),2003,2000,1997,2013,COL,COL,7962,2519,369,37.0,1335,1175.0,17,L,0.341,0.447,0.267,0.117,0.16,106.1,88.9,98.3,34.5,74.4,S,A,A+,D,B,95.4,Legendary,True,True,5,3,6,bbref_war,False,False
bagweje01,bagweje01,Jeff Bagwell,1B,,Steroid Era (1994-2005),1997,1994,1991,2005,HOU,HOU,7797,2314,449,202.0,1401,1558.0,15,R,0.308,0.432,0.292,0.162,0.168,72.7,100.6,105.0,80.3,60.0,B,S,S,A-,B-,93.6,Legendary,True,True,4,1,2,bbref_war,False,True
sosasa01,sosasa01,Sammy Sosa,RF,CF,Steroid Era (1994-2005),1999,2001,1989,2007,CHC,CHC,8813,2408,609,234.0,929,2306.0,19,R,0.297,0.385,0.319,0.229,0.123,57.1,116.6,68.5,41.2,90.5,C+,S,B,C-,A,92.9,Legendary,True,False,7,0,0,bbref_war,False,True
jonesch06,jonesch06,Chipper Jones,3B,LF,Steroid Era (1994-2005),2001,2007,1993,2012,ATL,ATL,8984,2726,468,150.0,1512,1409.0,19,B,0.325,0.422,0.255,0.121,0.147,91.1,84.7,87.7,56.0,62.6,A,A-,A,C+,B-,91.1,Legendary,True,True,8,0,0,bbref_war,False,False
rodriiv01,rodriiv01,Ivan Rodriguez,C,,Steroid Era (1994-2005),1999,1997,1991,2011,TEX,TEX,9592,2844,311,127.0,513,1474.0,23,R,0.321,0.364,0.208,0.14,0.059,86.2,65.4,17.8,51.5,125.0,A,B,F,C,S,90.9,Legendary,True,True,14,13,26,bbref_war,True,False
ramirma02,ramirma02,Manny Ramirez,LF,RF,Steroid Era (1994-2005),2001,1999,1993,2011,BOS,BOS,8244,2574,555,38.0,1329,1813.0,21,R,0.328,0.432,0.299,0.182,0.146,88.3,105.1,87.4,18.3,42.5,A,S,A,F,C-,90.7,Legendary,True,False,12,0,0,bbref_war,True,False
guerrvl01,guerrvl01,Vladimir Guerrero Sr.,RF,,Steroid Era (1994-2005),2002,1998,1996,2011,WSH,WSH,8155,2590,449,181.0,737,985.0,16,R,0.329,0.395,0.266,0.105,0.091,96.2,91.4,43.3,54.0,58.5,A+,A,C-,C,C+,90.0,Legendary,True,True,9,0,0,bbref_war,False,False
mcgwima01,mcgwima01,Mark McGwire,1B,,Steroid Era (1994-2005),1996,1998,1986,2001,OAK,OAK,6187,1626,583,12.0,1317,1596.0,17,R,0.285,0.42,0.386,0.21,0.182,47.6,125.0,116.0,12.1,54.7,C,S,S,F,C,89.8,Legendary,True,False,12,1,2,bbref_war,False,True
thomafr04,thomafr04,Frank Thomas,1B,,Steroid Era (1994-2005),1994,1997,1990,2008,CHW,CHW,8199,2468,521,32.0,1667,1397.0,20,R,0.33,0.452,0.274,0.116,0.184,96.3,92.5,117.2,20.3,33.7,A+,A,S,D-,D,89.7,Legendary,True,True,5,0,0,bbref_war,False,False
alomaro01,alomaro01,Roberto Alomar,2B,,Steroid Era (1994-2005),1996,1999,1988,2004,CLE,CLE,9073,2724,210,474.0,1032,1140.0,19,B,0.318,0.399,0.172,0.109,0.117,86.3,45.9,63.7,113.2,88.7,A,C,B-,S,A,89.6,Legendary,True,True,12,10,20,bbref_war,True,False
beltrca01,beltrca01,Carlos Beltran,CF,RF,Steroid Era (1994-2005),2004,2006,1998,2017,KCR,KCR,9768,2725,435,312.0,1084,1795.0,23,B,0.287,0.372,0.24,0.156,0.118,54.4,77.9,64.6,103.7,88.9,C,B+,B-,S,A,89.2,Legendary,True,False,9,3,6,bbref_war,False,True
palmera01,palmera01,Rafael Palmeiro,1B,LF,Steroid Era (1994-2005),1998,1993,1986,2005,TEX,TEX,10472,3020,569,97.0,1353,1348.0,20,L,0.299,0.387,0.271,0.118,0.122,68.6,93.9,68.1,37.7,75.4,B,A,B,D+,B+,88.2,Legendary,True,False,4,3,6,bbref_war,False,False
piazzmi01,piazzmi01,Mike Piazza,C,,Steroid Era (1994-2005),1997,1997,1992,2007,LAD,LAD,6911,2127,427,17.0,759,1113.0,18,R,0.331,0.4,0.258,0.14,0.102,94.7,89.2,52.2,13.0,57.5,A,A,C,F,C+,87.6,Epic,True,True,12,0,0,bbref_war,True,False
martied01,martied01,Edgar Martinez,DH,3B,Steroid Era (1994-2005),1996,1995,1987,2004,SEA,SEA,7213,2247,309,49.0,1283,1202.0,18,R,0.329,0.437,0.229,0.129,0.154,94.8,72.4,93.9,28.0,53.7,A,B,A,D,C,87.5,Epic,True,True,7,0,0,bbref_war,False,True
jonesan01,jonesan01,Andruw Jones,CF,"LF,RF",Steroid Era (1994-2005),2001,2000,1996,2012,ATL,ATL,7599,1933,434,152.0,891,1748.0,17,R,0.274,0.353,0.25,0.177,0.097,41.2,84.4,48.1,63.8,125.0,C-,A-,C,B-,S,86.9,Epic,True,False,5,10,20,bbref_war,False,False
edmonji01,edmonji01,Jim Edmonds,CF,,Steroid Era (1994-2005),2001,2004,1993,2010,STL,STL,6858,1949,393,67.0,998,1729.0,19,L,0.298,0.395,0.272,0.226,0.134,58.0,93.0,77.4,29.6,86.9,C+,A,B+,D,A,86.7,Epic,True,False,4,8,16,bbref_war,False,False
gilesbr02,gilesbr02,Brian Giles,LF,"CF,RF",Steroid Era (1994-2005),2001,1999,1995,2009,PIT,PIT,6527,1897,287,109.0,1183,835.0,16,L,0.306,0.422,0.246,0.102,0.163,76.4,79.1,100.8,55.3,54.8,B+,B+,S,C+,C,86.6,Epic,True,False,2,0,0,bbref_war,False,False
gonzalu01,gonzalu01,Luis Gonzalez,LF,,Steroid Era (1994-2005),2000,2001,1990,2008,ARI,ARI,9157,2591,354,128.0,1155,1218.0,20,L,0.306,0.394,0.229,0.116,0.118,74.7,73.4,65.0,34.3,83.8,B,B,B,D,A-,86.6,Epic,True,False,5,0,0,bbref_war,False,True
garcino01,garcino01,Nomar Garciaparra,SS,"1B,3B",Steroid Era (1994-2005),2000,2000,1996,2009,BOS,BOS,5586,1747,229,95.0,403,554.0,15,R,0.324,0.372,0.228,0.091,0.065,93.5,73.2,22.6,53.1,75.4,A,B,D-,C,B+,86.3,Epic,True,False,6,0,0,bbref_war,False,False
rolensc01,rolensc01,Scott Rolen,3B,,Steroid Era (1994-2005),2002,2004,1996,2012,PHI,PHI,7398,2077,316,118.0,899,1410.0,19,R,0.288,0.38,0.231,0.171,0.116,54.3,74.1,63.0,57.2,108.1,C,B,B-,C+,S,86.1,Epic,True,True,7,8,16,bbref_war,False,False
thomeji01,thomeji01,Jim Thome,1B,3B,Steroid Era (1994-2005),2000,1996,1991,2012,CLE,CLE,8422,2328,612,19.0,1747,2548.0,25,L,0.293,0.424,0.309,0.24,0.18,52.5,108.6,114.7,10.2,45.9,C,S,S,F,C,86.0,Epic,True,True,5,0,0,bbref_war,False,True
aloumo01,aloumo01,Moises Alou,LF,"CF,RF",Steroid Era (1994-2005),2000,1998,1990,2008,HOU,HOU,7037,2134,332,106.0,737,894.0,18,R,0.318,0.39,0.241,0.114,0.106,85.9,79.3,55.4,36.7,55.6,A,B+,C+,D+,C+,85.9,Epic,True,False,6,0,0,bbref_war,True,False
sheffga01,sheffga01,Gary Sheffield,RF,"3B,LF,SS",Steroid Era (1994-2005),2001,2003,1988,2009,LAD,LAD,9217,2689,509,253.0,1475,1171.0,24,R,0.313,0.414,0.268,0.1,0.141,82.3,91.5,82.7,40.1,37.1,A-,A,A-,C-,D+,85.9,Epic,True,False,9,0,0,bbref_war,False,False
abreubo01,abreubo01,Bobby Abreu,RF,LF,Steroid Era (1994-2005),2001,2004,1996,2014,PHI,PHI,8480,2470,288,400.0,1476,1840.0,20,L,0.306,0.418,0.214,0.179,0.162,69.7,64.4,99.6,82.0,66.5,B,B-,A+,A-,B,85.8,Epic,True,False,2,1,2,bbref_war,False,False
belleal01,belleal01,Albert Belle,LF,RF,Steroid Era (1994-2005),1995,1998,1989,2000,CLE,CLE,5853,1726,381,88.0,683,961.0,12,R,0.306,0.39,0.296,0.137,0.118,73.3,104.7,64.4,48.9,34.6,B,S,B-,C,D,85.8,Epic,True,False,5,0,0,bbref_war,False,False
giambja01,giambja01,Jason Giambi,1B,LF,Steroid Era (1994-2005),2002,2001,1995,2014,NYY,NYY,7267,2010,440,20.0,1366,1572.0,21,L,0.299,0.439,0.285,0.166,0.182,64.0,97.0,116.3,19.5,39.1,B-,A+,S,F,D+,85.8,Epic,True,False,5,0,0,bbref_war,False,True
willibe02,willibe02,Bernie Williams,CF,,Steroid Era (1994-2005),1999,1995,1991,2006,NYY,NYY,7869,2336,287,147.0,1069,1212.0,16,B,0.324,0.409,0.207,0.135,0.124,88.9,62.8,69.7,50.7,60.0,A,B-,B,C,B-,85.8,Epic,True,False,5,4,8,bbref_war,True,False
berkmla01,berkmla01,Lance Berkman,LF,"1B,CF,RF",Steroid Era (1994-2005),2004,2008,1999,2013,HOU,HOU,6491,1905,366,86.0,1201,1300.0,16,B,0.308,0.421,0.266,0.163,0.156,72.7,89.1,95.3,30.2,51.1,B,A,A+,D,C,85.7,Epic,True,False,6,0,0,bbref_war,False,False
drewjd01,drewj.01,J. D. Drew,RF,CF,Steroid Era (1994-2005),2005,2004,1998,2011,BOS,BOS,5173,1437,242,87.0,862,1137.0,14,L,0.293,0.408,0.239,0.183,0.157,57.1,75.9,95.8,50.6,71.5,C+,B+,A+,C,B,85.4,Epic,True,False,1,0,0,bbref_war,True,False
delgaca01,delgaca01,Carlos Delgado,1B,,Steroid Era (1994-2005),2001,2000,1993,2009,TOR,TOR,7283,2038,473,14.0,1109,1745.0,17,L,0.296,0.411,0.289,0.194,0.145,58.7,100.0,86.3,14.3,45.9,C+,S,A,F,C,84.4,Epic,True,False,2,0,0,bbref_war,False,True
loftoke01,loftoke01,Kenny Lofton,CF,,Steroid Era (1994-2005),1996,1993,1991,2007,CLE,CLE,8120,2428,130,622.0,945,1016.0,20,L,0.307,0.382,0.126,0.111,0.108,76.1,25.0,56.4,125.0,101.3,B+,D,C+,S,S,84.4,Epic,True,False,6,4,8,bbref_war,False,False
olerujo01,olerujo01,John Olerud,1B,,Steroid Era (1994-2005),1999,1993,1989,2005,NYM,NYM,7592,2239,255,11.0,1275,1016.0,18,L,0.314,0.42,0.189,0.102,0.149,83.5,54.3,89.5,11.9,75.7,A-,C,A,F,B+,84.3,Epic,True,False,2,3,6,bbref_war,False,True
burksel01,burksel01,Ellis Burks,CF,"LF,RF",Steroid Era (1994-2005),1996,1996,1987,2004,BOS,BOS,7232,2107,352,181.0,793,1340.0,19,R,0.31,0.38,0.232,0.15,0.097,75.2,75.4,48.0,60.8,60.7,B+,B+,C,B-,B-,84.1,Epic,True,False,2,1,2,bbref_war,False,False
jeterde01,jeterde01,Derek Jeter,SS,,Steroid Era (1994-2005),2000,1999,1995,2014,NYY,NYY,11195,3465,260,358.0,1082,1840.0,20,R,0.328,0.401,0.154,0.152,0.096,91.7,39.2,46.9,88.6,54.9,A,D+,C,A,C,83.9,Epic,True,True,14,5,10,bbref_war,True,True
ordonma01,ordonma01,Magglio Ordonez,RF,,Steroid Era (1994-2005),2002,2007,1997,2011,CHW,CHW,6978,2156,294,94.0,651,852.0,15,R,0.32,0.382,0.226,0.108,0.09,87.9,73.5,42.0,47.2,51.7,A,B,C-,C,C,83.8,Epic,True,False,6,0,0,bbref_war,False,False
justida01,justida01,David Justice,RF,LF,Steroid Era (1994-2005),1995,2000,1989,2002,ATL,ATL,5625,1571,305,53.0,903,999.0,15,L,0.291,0.39,0.245,0.15,0.139,58.3,81.3,81.8,22.5,65.4,C+,A-,A-,D-,B,83.7,Epic,True,False,3,0,0,bbref_war,True,False
gonzaju03,gonzaju03,Juan Gonzalez,RF,"CF,LF",Steroid Era (1994-2005),1997,1993,1989,2005,TEX,TEX,6556,1936,434,26.0,457,1273.0,17,R,0.307,0.356,0.295,0.177,0.067,70.3,106.8,24.1,32.2,41.1,B,S,D-,D,C-,83.5,Epic,True,False,3,0,0,bbref_war,False,False
kentje01,kentje01,Jeff Kent,2B,"1B,3B",Steroid Era (1994-2005),2001,2000,1992,2008,SFG,SFG,8498,2461,377,94.0,801,1522.0,19,R,0.303,0.372,0.237,0.152,0.093,68.9,77.6,44.7,42.0,65.6,B,B+,C-,C-,B,82.9,Epic,True,True,5,0,0,bbref_war,False,False
jordabr01,jordabr01,Brian Jordan,RF,"CF,LF",Steroid Era (1994-2005),1999,1998,1992,2006,ATL,ATL,5160,1454,184,119.0,353,842.0,15,R,0.298,0.346,0.195,0.14,0.059,65.7,59.0,17.5,69.8,94.3,B,C+,F,B,A,82.5,Epic,True,False,1,0,0,bbref_war,False,False
oneilpa01,o'neipa01,Paul O'Neill,RF,LF,Steroid Era (1994-2005),1995,1998,1985,2001,NYY,NYY,7318,2105,281,141.0,892,1166.0,17,L,0.308,0.389,0.204,0.141,0.12,74.3,62.2,66.5,38.6,67.8,B,B-,B,D+,B,82.5,Epic,True,False,5,0,0,bbref_war,False,False
willima04,willima04,Matt Williams,3B,SS,Steroid Era (1994-2005),1994,1993,1987,2003,SFG,SFG,7000,1878,378,53.0,469,1363.0,17,R,0.289,0.335,0.251,0.175,0.061,54.5,86.4,19.3,29.4,87.1,C,A,F,D,A,82.3,Epic,True,False,5,4,8,bbref_war,False,False
biggicr01,biggicr01,Craig Biggio,2B,"C,CF,LF",Steroid Era (1994-2005),1996,1997,1988,2007,HOU,HOU,10876,3060,291,414.0,1160,1753.0,20,R,0.302,0.394,0.145,0.128,0.109,69.9,34.2,57.7,107.3,70.8,B,D,C+,S,B,81.9,Epic,True,True,7,4,8,bbref_war,False,True
damonjo01,damonjo01,Johnny Damon,CF,"LF,RF",Steroid Era (1994-2005),2004,2000,1995,2012,BOS,BOS,9736,2769,235,408.0,1003,1257.0,18,L,0.304,0.372,0.165,0.106,0.098,74.1,43.3,48.4,107.6,64.5,B,C-,C,S,B-,81.9,Epic,True,False,2,0,0,bbref_war,False,False
finlest01,finlest01,Steve Finley,CF,RF,Steroid Era (1994-2005),1999,1996,1989,2007,ARI,ARI,9397,2548,304,320.0,844,1299.0,20,L,0.283,0.351,0.203,0.124,0.091,53.6,61.3,43.2,77.4,86.1,C,B-,C-,B+,A,81.9,Epic,True,False,2,5,10,bbref_war,False,False
sweenmi01,sweenmi01,Mike Sweeney,1B,C,Steroid Era (1994-2005),2002,2002,1995,2010,KCR,KCR,5188,1540,215,53.0,522,613.0,17,R,0.313,0.383,0.208,0.097,0.096,82.9,65.0,47.0,35.7,46.2,A-,B,C,D+,C,81.9,Epic,True,False,5,0,0,bbref_war,False,True
gracema01,gracema01,Mark Grace,1B,,Steroid Era (1994-2005),1995,1995,1988,2003,CHC,CHC,8065,2445,173,70.0,1075,642.0,16,L,0.315,0.396,0.155,0.065,0.119,87.8,38.8,65.9,40.3,74.9,A,D+,B,C-,B,81.8,Epic,True,False,3,4,8,bbref_war,False,False
knoblch01,knoblch01,Chuck Knoblauch,2B,LF,Steroid Era (1994-2005),1995,1996,1991,2002,MIN,MIN,6366,1839,98,407.0,804,730.0,12,R,0.303,0.398,0.137,0.106,0.117,73.5,29.5,64.3,108.1,77.6,B,D,B-,S,B+,81.8,Epic,True,False,4,1,2,bbref_war,False,False
lankfra01,lankfra01,Ray Lankford,CF,LF,Steroid Era (1994-2005),1996,1998,1990,2004,STL,STL,5747,1561,238,258.0,828,1550.0,15,L,0.287,0.377,0.225,0.221,0.125,48.0,71.0,70.3,76.6,66.3,C,B,B,B+,B,81.8,Epic,True,False,1,0,0,bbref_war,False,False
leede02,leede02,Derrek Lee,1B,,Steroid Era (1994-2005),2004,2005,1997,2011,CHC,CHC,6962,1959,331,104.0,874,1622.0,17,R,0.294,0.385,0.245,0.194,0.121,57.6,80.8,67.5,45.1,53.4,C+,A-,B,C,C,81.7,Epic,True,False,2,3,6,bbref_war,False,False
venturo01,venturo01,Robin Ventura,3B,1B,Steroid Era (1994-2005),1995,1999,1989,2004,CHW,CHW,7064,1885,294,24.0,1075,1179.0,17,L,0.28,0.374,0.193,0.134,0.131,50.4,57.6,75.2,13.0,107.6,C,C+,B+,F,S,81.4,Epic,True,False,2,6,12,bbref_war,False,False
salmoti01,salmoti01,Tim Salmon,RF,,Steroid Era (1994-2005),1998,1995,1992,2006,LAA,LAA,5934,1674,299,48.0,970,1360.0,14,R,0.296,0.398,0.236,0.192,0.141,58.9,76.6,83.2,28.8,42.3,C+,B+,A-,D,C-,81.2,Epic,False,False,0,0,0,bbref_war,False,True
vizquom01,vizquom01,Omar Vizquel,SS,"2B,3B",Steroid Era (1994-2005),1998,1999,1989,2012,CLE,CLE,10586,2877,80,404.0,1028,1087.0,24,B,0.293,0.363,0.103,0.091,0.097,65.4,15.4,48.0,80.8,115.4,B,F,C,A-,S,81.1,Epic,True,False,3,11,22,bbref_war,False,True
floydcl01,floydcl01,Cliff Floyd,LF,"1B,RF",Steroid Era (1994-2005),2001,2001,1993,2009,MIA,MIA,5319,1479,233,148.0,601,1064.0,19,L,0.292,0.371,0.231,0.165,0.102,58.2,74.8,51.6,63.4,53.0,C+,B,C,B-,C,81.0,Epic,True,False,1,0,0,bbref_war,False,False
grissma02,grissma02,Marquis Grissom,CF,LF,Steroid Era (1994-2005),1994,1992,1989,2005,WSH,WSH,8275,2251,227,429.0,553,1240.0,17,R,0.289,0.332,0.155,0.127,0.06,58.7,40.1,18.1,116.2,85.1,C+,C-,F,S,A,81.0,Epic,True,False,2,4,8,bbref_war,True,False
vaughmo01,vaughmo01,Mo Vaughn,1B,,Steroid Era (1994-2005),1996,1998,1991,2003,BOS,BOS,5532,1620,328,30.0,725,1429.0,12,L,0.308,0.399,0.249,0.228,0.117,66.9,83.9,63.5,21.2,41.7,B,A-,B-,D-,C-,81.0,Epic,True,False,3,0,0,bbref_war,False,False
tejadmi01,tejadmi01,Miguel Tejada,SS,3B,Steroid Era (1994-2005),2003,2004,1997,2013,OAK,OAK,8434,2407,307,85.0,553,1079.0,17,R,0.297,0.351,0.201,0.117,0.068,66.6,62.8,24.6,53.2,66.1,B,B-,D-,C,B,80.9,Epic,True,False,6,0,0,bbref_war,True,False
cirilje01,cirilje01,Jeff Cirillo,3B,,Steroid Era (1994-2005),1998,1998,1994,2007,MIL,MIL,5396,1598,112,63.0,563,694.0,15,R,0.313,0.385,0.149,0.113,0.099,81.6,36.6,49.6,43.4,83.9,A-,D+,C,C-,A-,80.8,Epic,True,False,2,0,0,bbref_war,False,False
greensh01,greensh01,Shawn Green,RF,"1B,CF",Steroid Era (1994-2005),2000,2001,1993,2007,LAD,LAD,7082,2003,328,162.0,744,1315.0,16,L,0.286,0.365,0.237,0.167,0.104,52.8,78.1,53.3,65.4,52.4,C,B+,C,B,C,80.8,Epic,True,False,2,1,2,bbref_war,False,False
lopezja01,lopezja01,Javy Lopez,C,,Steroid Era (1994-2005),2000,2003,1992,2006,ATL,ATL,5319,1527,260,8.0,357,969.0,16,R,0.305,0.355,0.235,0.162,0.067,69.7,78.3,23.8,8.0,59.0,B,B+,D-,F,C+,80.7,Epic,True,False,3,0,0,bbref_war,True,False
chaveer01,chaveer01,Eric Chavez,3B,,Steroid Era (1994-2005),2003,2001,1998,2014,OAK,OAK,5518,1477,260,50.0,639,1079.0,17,L,0.273,0.352,0.222,0.168,0.108,40.8,71.4,56.6,44.7,85.6,C-,B,C+,C-,A,80.5,Epic,False,False,0,6,12,bbref_war,False,False
sandere02,sandere02,Reggie Sanders,RF,"CF,LF",Steroid Era (1994-2005),1999,1995,1991,2007,CIN,CIN,6241,1666,305,304.0,674,1614.0,17,R,0.275,0.355,0.233,0.225,0.099,37.6,75.0,49.9,73.5,73.5,D+,B+,C,B,B,80.4,Epic,True,False,1,0,0,bbref_war,False,False
caminke01,caminke01,Ken Caminiti,3B,,Steroid Era (1994-2005),1995,1996,1987,2001,SDP,SDP,6288,1710,239,88.0,727,1163.0,16,B,0.287,0.364,0.206,0.163,0.109,53.3,63.5,57.4,46.4,75.6,C,B-,C+,C,B+,80.3,Epic,True,False,3,3,6,bbref_war,False,False
leeca01,leeca01,Carlos Lee,LF,1B,Steroid Era (1994-2005),2004,2004,1999,2012,CHW,CHW,7983,2273,358,125.0,655,984.0,16,R,0.297,0.353,0.221,0.108,0.08,67.4,71.9,34.2,40.4,55.5,B,B,D,C-,C+,80.2,Epic,True,False,3,0,0,bbref_war,False,False
valenjo02,valenjo02,John Valentin,SS,"2B,3B",Steroid Era (1994-2005),1996,1995,1992,2002,BOS,BOS,3917,1093,124,47.0,463,524.0,11,R,0.287,0.369,0.185,0.112,0.108,58.1,53.0,56.4,38.3,87.9,C+,C,C+,D+,A,80.2,Epic,False,False,0,0,0,bbref_war,False,False
wellsve01,wellsve01,Vernon Wells,CF,LF,Steroid Era (1994-2005),2005,2006,1999,2013,TOR,TOR,6642,1794,270,109.0,472,956.0,15,R,0.287,0.336,0.214,0.125,0.068,57.3,68.0,24.3,48.5,67.4,C+,B,D-,C,B,80.2,Epic,True,False,3,3,6,bbref_war,False,True
kleskry01,kleskry01,Ryan Klesko,LF,1B,Steroid Era (1994-2005),2000,2001,1992,2007,SDP,SDP,5611,1564,278,91.0,817,1077.0,16,L,0.289,0.383,0.232,0.155,0.131,56.0,74.5,75.3,46.4,43.3,C+,B,B+,C,C-,80.0,Epic,True,False,1,0,0,bbref_war,False,False
erstada01,erstada01,Darin Erstad,1B,"CF,LF",Steroid Era (1994-2005),2000,2000,1996,2009,LAA,LAA,6024,1697,124,179.0,475,939.0,14,L,0.295,0.349,0.136,0.135,0.074,63.2,31.6,29.1,78.4,102.5,B-,D,D,B+,S,79.8,Rare,True,False,2,3,6,bbref_war,False,False
gantro01,gantro01,Ron Gant,LF,"2B,3B,CF",Steroid Era (1994-2005),1995,1993,1987,2003,ATL,ATL,6449,1651,321,243.0,770,1411.0,18,R,0.268,0.344,0.224,0.176,0.102,35.1,71.9,52.2,82.1,69.1,D+,B,C,A-,B,79.7,Rare,True,False,2,0,0,bbref_war,False,False
castivi02,castivi02,Vinny Castilla,3B,SS,Steroid Era (1994-2005),1998,1998,1991,2006,COL,COL,6822,1884,320,33.0,423,1069.0,18,R,0.292,0.34,0.233,0.149,0.061,59.8,77.9,19.4,21.4,68.3,C+,B+,F,D-,B,79.5,Rare,True,False,2,0,0,bbref_war,False,False
bicheda01,bicheda01,Dante Bichette,RF,LF,Steroid Era (1994-2005),1996,1993,1988,2001,COL,COL,6381,1906,274,152.0,355,1078.0,15,R,0.313,0.353,0.222,0.142,0.056,79.4,72.3,14.9,41.9,37.7,B+,B,F,C-,D+,79.4,Rare,True,False,4,0,0,bbref_war,False,False
gilkebe01,gilkebe01,Bernard Gilkey,LF,RF,Steroid Era (1994-2005),1995,1996,1990,2001,STL,STL,4061,1115,118,115.0,466,708.0,14,R,0.294,0.367,0.187,0.149,0.101,61.4,53.8,50.7,49.7,69.7,B-,C,C,C,B,79.3,Rare,False,False,0,0,0,bbref_war,False,False
konerpa01,konerpa01,Paul Konerko,1B,,Steroid Era (1994-2005),2005,2010,1997,2014,CHW,CHW,8393,2340,439,9.0,921,1391.0,19,R,0.298,0.375,0.231,0.152,0.103,64.7,76.6,52.9,2.5,44.6,B-,B+,C,F,C-,79.3,Rare,True,False,6,0,0,bbref_war,True,True
furcara01,furcara02,Rafael Furcal,SS,,Steroid Era (1994-2005),2005,2005,2000,2014,ATL,ATL,6477,1817,113,314.0,643,910.0,15,B,0.288,0.357,0.133,0.125,0.097,57.7,28.8,47.8,105.9,84.1,C+,D,C,S,A-,79.1,Rare,True,False,3,0,0,bbref_war,False,False
whitero02,whitero02,Rondell White,CF,LF,Steroid Era (1994-2005),1999,1997,1993,2007,WSH,WSH,5357,1519,198,94.0,360,925.0,17,R,0.296,0.348,0.196,0.152,0.061,62.7,59.5,18.7,51.1,71.9,B-,C+,F,C,B,79.0,Rare,True,False,1,0,0,bbref_war,False,False
dyeje01,dyeje01,Jermaine Dye,RF,,Steroid Era (1994-2005),2002,1999,1996,2009,CHW,CHW,6487,1779,325,46.0,597,1308.0,15,R,0.291,0.356,0.236,0.172,0.086,56.6,78.3,38.8,33.9,49.4,C+,B+,D+,D,C,78.8,Rare,True,False,2,1,2,bbref_war,True,False
glaustr01,glaustr01,Troy Glaus,3B,1B,Steroid Era (1994-2005),2005,2000,1998,2010,LAA,LAA,5410,1375,320,56.0,854,1377.0,13,R,0.258,0.364,0.251,0.216,0.138,22.7,84.0,80.9,37.0,69.5,D-,A-,A-,D+,B,78.8,Rare,True,False,4,0,0,bbref_war,True,False
anderga01,anderga01,Garret Anderson,LF,"CF,RF",Steroid Era (1994-2005),2001,2002,1994,2010,LAA,LAA,8640,2529,287,80.0,429,1224.0,17,L,0.302,0.331,0.2,0.134,0.045,69.5,62.7,6.6,33.4,69.0,B,B-,F,D,B,78.7,Rare,True,False,3,0,0,bbref_war,True,False
polanpl01,polanpl01,Placido Polanco,2B,"3B,SS",Steroid Era (1994-2005),2005,2007,1998,2013,PHI,PHI,7214,2142,104,81.0,429,538.0,18,R,0.309,0.355,0.111,0.065,0.056,82.1,19.9,14.7,52.7,96.0,A-,F,F,C,A+,78.1,Rare,True,False,2,3,6,bbref_war,True,False
hidalri01,hidalri01,Richard Hidalgo,CF,"LF,RF",Steroid Era (1994-2005),2001,2000,1997,2005,HOU,HOU,3459,929,171,48.0,358,737.0,10,R,0.28,0.357,0.231,0.18,0.093,45.6,74.3,44.8,28.9,71.1,C,B,C-,D,B,77.7,Rare,False,False,0,0,0,bbref_war,False,False
alfoned01,alfoned01,Edgardo Alfonzo,3B,2B,Steroid Era (1994-2005),1999,2000,1995,2006,NYM,NYM,5385,1532,146,53.0,596,617.0,13,R,0.295,0.376,0.16,0.105,0.11,66.4,42.7,58.3,48.7,69.3,B,C-,C+,C,B,77.6,Rare,True,False,1,0,0,bbref_war,False,False
anderbr01,anderbr01,Brady Anderson,CF,"LF,RF",Steroid Era (1994-2005),1995,1996,1988,2002,BAL,BAL,6499,1661,210,315.0,960,1190.0,16,L,0.272,0.38,0.204,0.15,0.128,41.7,60.3,72.4,85.8,53.4,C-,B-,B,A,C,77.4,Rare,True,False,3,0,0,bbref_war,False,False
mondera01,mondera01,Raul Mondesi,RF,CF,Steroid Era (1994-2005),1998,1997,1993,2005,LAD,LAD,5814,1589,271,229.0,475,1130.0,16,R,0.279,0.337,0.214,0.178,0.076,44.9,68.0,31.1,74.5,62.8,C-,B,D,B,B-,77.4,Rare,True,False,1,2,4,bbref_war,False,False
renteed01,renteed01,Edgar Renteria,SS,,Steroid Era (1994-2005),2003,2003,1996,2011,STL,STL,8142,2327,140,294.0,718,1182.0,16,R,0.302,0.364,0.131,0.123,0.088,70.9,29.2,40.4,66.0,72.6,B,D,C-,B,B,77.3,Rare,True,False,5,2,4,bbref_war,True,False
camermi01,camermi01,Mike Cameron,CF,RF,Steroid Era (1994-2005),2001,2001,1995,2011,SEA,SEA,6839,1700,278,297.0,867,1901.0,18,R,0.256,0.349,0.197,0.237,0.116,19.2,58.1,63.2,90.9,89.9,F,C+,B-,A,A,77.1,Rare,True,False,1,3,6,bbref_war,False,False
caseyse01,caseyse01,Sean Casey,1B,,Steroid Era (1994-2005),2001,2004,1997,2008,CIN,CIN,5066,1531,130,18.0,477,577.0,13,L,0.31,0.375,0.164,0.104,0.086,79.8,44.6,39.0,27.8,52.0,B+,C-,D+,D,C,76.8,Rare,True,False,3,0,0,bbref_war,False,True
martiti02,martiti02,Tino Martinez,1B,,Steroid Era (1994-2005),1998,1997,1990,2005,NYY,NYY,7111,1925,339,27.0,780,1069.0,16,L,0.282,0.356,0.222,0.132,0.101,51.6,71.7,51.0,15.7,62.2,C,B,C,F,B-,76.8,Rare,True,False,2,0,0,bbref_war,False,False
vaughgr01,vaughgr01,Greg Vaughn,LF,,Steroid Era (1994-2005),1998,1993,1989,2003,MIL,MIL,6103,1475,355,121.0,865,1513.0,16,R,0.254,0.352,0.253,0.207,0.127,20.3,85.5,72.3,55.6,57.2,D-,A,B,C+,C+,76.8,Rare,True,False,4,0,0,bbref_war,False,False
jenkige01,jenkige01,Geoff Jenkins,LF,RF,Steroid Era (1994-2005),2003,2005,1998,2008,MIL,MIL,4700,1293,221,32.0,418,1186.0,11,L,0.286,0.356,0.226,0.225,0.082,47.0,72.7,35.8,34.1,65.0,C,B,D+,D,B,76.7,Rare,True,False,1,0,0,bbref_war,False,False
lowelmi01,lowelmi01,Mike Lowell,3B,,Steroid Era (1994-2005),2004,2007,1998,2010,MIA,MIA,5813,1619,223,30.0,548,817.0,13,R,0.287,0.352,0.199,0.122,0.087,57.7,60.7,40.0,19.8,64.0,C+,B-,C-,F,B-,76.7,Rare,True,False,4,1,2,bbref_war,True,False
greerru01,greerru01,Rusty Greer,LF,RF,Steroid Era (1994-2005),1997,1996,1994,2002,TEX,TEX,3829,1166,119,31.0,519,555.0,9,L,0.307,0.392,0.179,0.129,0.121,74.7,49.8,66.9,46.0,35.3,B,C,B,C,D+,76.6,Rare,False,False,0,0,0,bbref_war,False,False
posadjo01,posadjo01,Jorge Posada,C,,Steroid Era (1994-2005),2004,2003,1995,2011,NYY,NYY,6092,1664,275,20.0,936,1453.0,17,B,0.284,0.393,0.211,0.194,0.142,48.1,64.9,83.9,12.6,60.1,C,B-,A-,F,B-,76.5,Rare,True,False,5,0,0,bbref_war,False,False
evereca01,evereca01,Carl Everett,CF,"LF,RF",Steroid Era (1994-2005),1999,1999,1993,2006,BOS,BOS,4809,1304,202,107.0,442,1021.0,16,B,0.287,0.36,0.215,0.188,0.088,51.6,67.4,40.3,52.2,51.9,C,B,C-,C,C,76.4,Rare,True,False,2,0,0,bbref_war,False,False
kendaja01,kendaja01,Jason Kendall,C,,Steroid Era (1994-2005),2000,1998,1996,2010,PIT,PIT,7627,2195,75,189.0,721,686.0,16,R,0.311,0.395,0.112,0.08,0.089,82.6,19.3,41.8,56.7,75.0,A-,F,C-,C+,B+,76.4,Rare,True,False,3,0,0,bbref_war,False,False
surhobj01,surhob.01,B. J. Surhoff,LF,"1B,3B,C,RF",Steroid Era (1994-2005),1996,1999,1987,2005,BAL,BAL,8258,2326,188,141.0,640,839.0,20,L,0.296,0.349,0.159,0.098,0.075,67.2,42.2,30.4,43.6,75.1,B,C-,D,C-,B+,76.3,Rare,True,False,1,0,0,bbref_war,False,False
higgibo02,higgibo02,Bobby Higginson,LF,RF,Steroid Era (1994-2005),2000,2000,1995,2005,DET,DET,4910,1336,187,91.0,649,796.0,11,L,0.287,0.369,0.196,0.131,0.111,56.7,58.3,59.5,49.0,48.8,C+,C+,C+,C,C,76.2,Rare,False,False,0,0,0,bbref_war,False,False
huffau01,huffau01,Aubrey Huff,DH,"1B,3B,RF",Steroid Era (1994-2005),2005,2010,2000,2012,TB,TB,6104,1699,242,37.0,571,907.0,15,L,0.295,0.36,0.212,0.125,0.088,64.5,66.8,40.7,37.4,38.1,B-,B,C-,D+,D+,76.0,Rare,False,False,0,0,0,bbref_war,False,False
nevinph01,nevinph01,Phil Nevin,3B,"1B,C,LF",Steroid Era (1994-2005),2001,2001,1995,2006,SDP,SDP,4188,1131,208,18.0,449,1019.0,16,R,0.291,0.364,0.224,0.205,0.101,53.2,73.0,50.8,25.1,44.5,C,B,C,D,C-,75.8,Rare,True,False,1,0,0,bbref_war,False,False
boonebr01,boonebr01,Bret Boone,2B,,Steroid Era (1994-2005),1998,2001,1992,2005,SEA,SEA,6683,1775,252,94.0,552,1295.0,15,R,0.286,0.344,0.198,0.169,0.076,52.0,60.8,31.1,43.1,64.9,C,B-,D,C-,B-,75.7,Rare,True,False,3,4,8,bbref_war,False,False
stewash01,stewash01,Shannon Stewart,LF,CF,Steroid Era (1994-2005),2001,2000,1995,2008,TOR,TOR,5574,1653,115,196.0,504,684.0,15,R,0.305,0.371,0.146,0.111,0.084,74.7,35.6,37.3,72.3,50.7,B,D+,D+,B,C,75.7,Rare,False,False,0,0,0,bbref_war,False,False
valenjo03,valenjo03,Jose Valentin,SS,"2B,3B",Steroid Era (1994-2005),2001,2000,1992,2007,CHW,CHW,5539,1348,249,136.0,630,1294.0,16,B,0.253,0.328,0.219,0.201,0.099,20.3,69.4,49.5,60.5,80.5,D-,B,C,B-,A-,75.5,Rare,False,False,0,0,0,bbref_war,False,False
coninje01,coninje01,Jeff Conine,LF,"1B,RF",Steroid Era (1994-2005),1999,1996,1990,2007,MIA,MIA,6957,1982,214,54.0,671,1168.0,20,R,0.296,0.36,0.175,0.146,0.091,62.9,49.6,43.4,25.8,57.7,B-,C,C-,D,C+,75.4,Rare,True,False,2,0,0,bbref_war,True,False
durhara01,durhara01,Ray Durham,2B,,Steroid Era (1994-2005),2001,2002,1995,2008,CHW,CHW,7408,2054,192,273.0,820,1201.0,16,B,0.283,0.36,0.172,0.146,0.101,52.0,46.5,51.0,87.2,51.7,C,C,C,A,C,75.4,Rare,True,False,2,0,0,bbref_war,False,False
koskico01,koskico01,Corey Koskie,3B,,Steroid Era (1994-2005),2002,2001,1998,2006,MIN,MIN,3399,936,124,71.0,458,795.0,9,L,0.28,0.372,0.187,0.198,0.117,44.1,54.0,64.2,44.8,67.4,C-,C,B-,C-,B,75.4,Rare,False,False,0,0,0,bbref_war,False,False
burnije01,burnije01,Jeromy Burnitz,RF,"CF,LF",Steroid Era (1994-2005),1999,1997,1993,2006,MIL,MIL,5710,1447,315,74.0,739,1376.0,16,L,0.26,0.355,0.256,0.21,0.118,25.1,86.0,65.0,29.2,54.1,D,A,B,D,C,75.3,Rare,True,False,1,0,0,bbref_war,False,False
nixontr01,nixontr01,Trot Nixon,RF,CF,Steroid Era (1994-2005),2002,2003,1996,2008,BOS,BOS,3627,995,137,30.0,504,689.0,12,L,0.276,0.366,0.202,0.164,0.121,43.4,60.3,67.3,39.3,59.3,C-,B-,B,D+,C+,75.3,Rare,False,False,0,0,0,bbref_war,False,False
stairma01,stairma01,Matt Stairs,RF,"1B,LF",Steroid Era (1994-2005),2001,1998,1992,2011,OAK,OAK,5204,1366,265,30.0,717,1122.0,22,L,0.279,0.372,0.24,0.17,0.123,45.7,78.8,68.4,19.5,37.2,C,B+,B,F,D+,75.3,Rare,False,False,0,0,0,bbref_war,False,False
guillca01,guillca01,Carlos Guillen,SS,"2B,3B",Steroid Era (1994-2005),2004,2006,1998,2011,DET,DET,4673,1331,124,74.0,510,804.0,14,B,0.297,0.367,0.17,0.146,0.099,64.3,45.5,49.2,49.6,53.0,B-,C,C,C,C,75.2,Rare,True,False,3,0,0,bbref_war,False,False
hillgl01,hillgl01,Glenallen Hill,RF,LF,Steroid Era (1994-2005),1996,1998,1989,2001,CHC,CHC,3715,1005,186,96.0,270,845.0,17,R,0.286,0.339,0.235,0.21,0.073,48.1,77.8,28.6,49.3,39.1,C,B+,D,C,D+,75.2,Rare,False,False,0,0,0,bbref_war,False,False
younger01,younger01,Eric Young Sr.,2B,LF,Steroid Era (1994-2005),1997,2000,1992,2006,COL,COL,6119,1731,79,465.0,660,462.0,18,R,0.294,0.365,0.105,0.06,0.087,69.3,16.1,40.2,105.5,66.0,B,F,C-,S,B,75.2,Rare,True,False,1,0,0,bbref_war,False,False
vidrojo01,vidrojo01,Jose Vidro,2B,,Steroid Era (1994-2005),2002,2002,1997,2008,WSH,WSH,5113,1524,128,23.0,478,556.0,12,B,0.313,0.375,0.161,0.096,0.086,83.1,43.2,39.2,21.7,46.3,A-,C-,D+,D-,C,75.1,Rare,True,False,3,0,0,bbref_war,False,False
winnra01,winnra01,Randy Winn,CF,"LF,RF",Steroid Era (1994-2005),2005,2002,1998,2010,SFG,SFG,6186,1759,110,215.0,526,1010.0,15,B,0.296,0.353,0.147,0.147,0.075,63.0,35.6,30.6,70.5,67.1,B-,D+,D,B,B,75.0,Rare,True,False,1,0,0,bbref_war,False,False
bradlmi01,bradlmi01,Milton Bradley,CF,"LF,RF",Steroid Era (1994-2005),2005,2008,2000,2011,OAK,OAK,3605,976,125,88.0,496,817.0,14,B,0.289,0.382,0.188,0.181,0.123,53.9,54.6,69.0,41.2,45.9,C,C,B,C-,C,74.8,Rare,True,False,1,0,0,bbref_war,False,False
frymatr01,frymatr01,Travis Fryman,3B,SS,Steroid Era (1994-2005),1995,1993,1990,2002,DET,DET,6481,1776,223,72.0,602,1369.0,13,R,0.283,0.344,0.176,0.19,0.085,47.6,50.1,38.1,50.2,72.4,C,C,D+,C,B,74.7,Rare,True,False,5,1,2,bbref_war,False,False
brosisc01,brosisc01,Scott Brosius,3B,,Steroid Era (1994-2005),1996,1998,1991,2001,OAK,OAK,3889,1001,141,57.0,348,699.0,11,R,0.276,0.344,0.175,0.16,0.085,44.0,50.0,38.0,38.7,74.8,C-,C,D+,D+,B,74.6,Rare,True,False,1,1,2,bbref_war,True,False
morriha02,morriha02,Hal Morris,1B,,Steroid Era (1994-2005),1994,1991,1988,2000,CIN,CIN,3998,1216,76,45.0,356,548.0,14,L,0.314,0.372,0.152,0.124,0.083,81.0,38.3,36.8,36.1,46.7,A-,D+,D+,D+,C,74.6,Rare,False,False,0,0,0,bbref_war,False,False
stanlmi02,stanlmi02,Mike Stanley,C,1B,Steroid Era (1994-2005),1996,1993,1986,2000,BOS,BOS,4222,1138,187,13.0,652,929.0,18,R,0.281,0.38,0.22,0.184,0.13,46.0,69.4,74.5,12.2,44.8,C,B,B,F,C-,74.5,Rare,True,False,1,0,0,bbref_war,False,False
clarkto02,clarkto02,Tony Clark,1B,,Steroid Era (1994-2005),1999,1997,1995,2009,DET,DET,4532,1188,251,6.0,527,1209.0,16,B,0.281,0.358,0.24,0.223,0.106,42.8,79.6,55.4,5.8,46.8,C-,B+,C+,F,C,74.4,Rare,True,False,1,0,0,bbref_war,False,False
dunnad01,dunnad01,Adam Dunn,LF,"1B,RF",Steroid Era (1994-2005),2004,2004,2001,2014,CIN,CIN,6883,1631,462,63.0,1317,2379.0,16,L,0.256,0.386,0.272,0.268,0.166,16.4,92.7,102.8,34.6,28.3,F,A,S,D,D,74.4,Rare,True,False,2,0,0,bbref_war,False,False
alomasa02,alomasa02,Sandy Alomar,C,,Steroid Era (1994-2005),1994,1997,1988,2007,CLE,CLE,4530,1236,112,25.0,212,499.0,22,R,0.297,0.334,0.167,0.108,0.048,66.8,47.0,8.4,27.7,62.7,B,C,F,D,B-,74.3,Rare,True,False,6,1,2,bbref_war,True,False
seguida01,seguida01,David Segui,1B,,Steroid Era (1994-2005),1997,1998,1990,2004,WSH,WSH,4847,1412,139,17.0,524,687.0,18,B,0.307,0.375,0.173,0.127,0.098,74.9,48.2,48.8,15.1,43.5,B,C,C,F,C-,74.3,Rare,False,False,0,0,0,bbref_war,False,False
hoilech01,hoilech01,Chris Hoiles,C,,Steroid Era (1994-2005),1994,1993,1989,1998,BAL,BAL,2820,739,151,5.0,435,616.0,10,R,0.267,0.377,0.218,0.188,0.139,33.7,68.5,81.6,7.9,60.8,D,B,A-,F,B-,74.2,Rare,False,False,0,0,0,bbref_war,False,False
kotsama01,kotsama01,Mark Kotsay,CF,"1B,RF",Steroid Era (1994-2005),2002,2004,1997,2013,SDP,SDP,6464,1784,127,98.0,554,757.0,19,L,0.289,0.346,0.141,0.111,0.081,60.1,33.3,35.0,48.0,76.7,B-,D,D+,C,B+,74.1,Rare,False,False,0,0,0,bbref_war,False,False
castilu01,castilu01,Luis Castillo,2B,,Steroid Era (1994-2005),2004,2000,1996,2010,MIA,MIA,6510,1889,28,370.0,800,850.0,16,B,0.307,0.381,0.063,0.106,0.107,76.7,1.0,56.1,89.1,68.1,B+,F,C+,A,B,74.0,Rare,True,False,3,3,6,bbref_war,False,False
colbrgr01,colbrgr01,Greg Colbrunn,1B,,Steroid Era (1994-2005),1998,2000,1992,2004,ARI,ARI,2769,801,98,29.0,170,444.0,15,R,0.304,0.366,0.189,0.137,0.07,70.4,54.9,26.0,19.0,47.2,B,C,D,F,C,74.0,Rare,False,False,0,0,0,bbref_war,False,False
deshide01,deshide01,Delino DeShields,2B,LF,Steroid Era (1994-2005),1995,1997,1990,2002,STL,STL,5779,1548,80,463.0,754,1061.0,14,L,0.285,0.366,0.117,0.153,0.113,52.4,21.0,60.6,115.0,59.6,C,D-,B-,S,C+,74.0,Rare,False,False,0,0,0,bbref_war,False,False
ensbemo01,ensbemo01,Morgan Ensberg,3B,,Steroid Era (1994-2005),2004,2005,2000,2008,HOU,HOU,2204,579,110,22.0,332,436.0,9,R,0.265,0.366,0.211,0.166,0.131,33.5,65.0,75.0,24.6,59.9,D,B,B+,D-,C+,74.0,Rare,True,False,1,0,0,bbref_war,False,False
merceor01,merceor01,Orlando Merced,RF,"1B,LF",Steroid Era (1994-2005),1996,1995,1990,2003,PIT,PIT,3998,1108,103,57.0,487,661.0,15,B,0.288,0.369,0.152,0.145,0.115,55.6,38.1,62.5,43.8,62.9,C+,D+,B-,C-,B-,73.9,Rare,False,False,0,0,0,bbref_war,False,False
morame01,morame01,Melvin Mora,3B,"CF,LF,SS",Steroid Era (1994-2005),2004,2004,1999,2011,BAL,BAL,5422,1503,171,93.0,520,953.0,14,R,0.282,0.36,0.171,0.157,0.089,49.7,47.8,41.8,45.2,67.3,C,C,C-,C,B,73.9,Rare,True,False,2,0,0,bbref_war,False,False
vandejo02,vandejo02,John Vander Wal,RF,"1B,LF",Steroid Era (1994-2005),1999,2000,1991,2004,SDP,SDP,2751,717,97,38.0,385,698.0,16,L,0.278,0.373,0.202,0.227,0.131,39.4,60.3,75.4,30.6,53.8,D+,B-,B+,D,C,73.9,Rare,False,False,0,0,0,bbref_war,False,False
bellja01,bellja01,Jay Bell,SS,2B,Steroid Era (1994-2005),1994,1993,1986,2003,PIT,PIT,7398,1963,195,91.0,853,1443.0,18,R,0.276,0.353,0.161,0.17,0.103,43.0,41.7,52.8,44.4,79.5,C-,C-,C,C-,B+,73.7,Rare,True,False,2,1,2,bbref_war,False,False
youngdm01,youngdm01,Dmitri Young,LF,"1B,RF",Steroid Era (1994-2005),2001,2003,1996,2008,CIN,CIN,4762,1389,171,25.0,407,871.0,13,B,0.297,0.355,0.196,0.168,0.076,61.9,59.3,30.9,20.0,47.3,B-,C+,D,D-,C,73.6,Rare,True,False,2,0,0,bbref_war,False,False
durazer01,durazer01,Erubiel Durazo,DH,1B,Steroid Era (1994-2005),2002,2004,1999,2005,ARI,ARI,1948,547,94,7.0,307,428.0,7,L,0.281,0.381,0.206,0.187,0.134,45.7,62.7,77.5,18.8,41.6,C,B-,B+,F,C-,73.4,Rare,False,False,0,0,0,bbref_war,False,False
snowjt01,snowj.01,J. T. Snow,1B,,Steroid Era (1994-2005),2000,2004,1992,2008,SFG,SFG,5641,1509,189,20.0,760,1142.0,16,L,0.28,0.372,0.183,0.175,0.122,46.5,52.7,68.3,16.3,60.6,C,C,B,F,B-,73.3,Rare,False,False,0,6,12,bbref_war,False,False
youngke01,youngke01,Kevin Young,1B,3B,Steroid Era (1994-2005),1998,1999,1992,2003,PIT,PIT,3897,1007,144,83.0,336,882.0,12,R,0.274,0.342,0.205,0.202,0.085,38.1,62.6,38.4,48.2,57.0,D+,B-,D+,C,C+,73.2,Rare,False,False,0,0,0,bbref_war,False,False
cabreor01,cabreor01,Orlando Cabrera,SS,2B,Steroid Era (1994-2005),2005,2007,1997,2011,LAA,LAA,7562,2055,123,216.0,514,745.0,18,R,0.284,0.332,0.12,0.091,0.069,57.3,24.1,25.4,80.2,75.6,C+,D-,D,A-,B+,73.1,Rare,False,False,0,2,4,bbref_war,False,False
cruzjo02,cruzjo02,Jose Cruz,CF,"LF,RF",Steroid Era (1994-2005),2001,2003,1997,2008,TOR,TOR,4724,1167,204,113.0,658,1147.0,15,B,0.25,0.332,0.219,0.213,0.11,15.8,69.3,58.7,59.0,63.6,F,B,C+,C+,B-,73.1,Rare,False,False,0,1,2,bbref_war,False,False
hudlere01,hudlere01,Rex Hudler,2B,LF,Steroid Era (1994-2005),1994,1996,1984,1998,LAA,LAA,1767,461,56,107.0,77,325.0,14,R,0.281,0.315,0.186,0.17,0.041,46.8,54.7,3.0,79.0,55.0,C,C,F,B+,C+,72.9,Rare,False,False,0,0,0,bbref_war,False,False
jahajo01,jahajo01,John Jaha,1B,,Steroid Era (1994-2005),1996,1999,1992,2001,MIL,MIL,2775,730,141,36.0,430,686.0,10,R,0.272,0.375,0.216,0.205,0.129,36.1,68.1,73.4,30.3,40.3,D+,B,B,D,C-,72.9,Rare,True,False,1,0,0,bbref_war,False,False
javiest01,javiest01,Stan Javier,CF,"LF,RF",Steroid Era (1994-2005),1996,1990,1984,2001,OAK,OAK,5047,1358,57,246.0,578,839.0,20,B,0.284,0.364,0.106,0.143,0.109,52.2,17.0,57.4,97.5,67.0,C,F,C+,A+,B,72.9,Rare,False,False,0,0,0,bbref_war,False,False
kennead01,kennead01,Adam Kennedy,2B,"1B,3B",Steroid Era (1994-2005),2004,2002,1999,2012,LAA,LAA,5473,1488,80,179.0,401,839.0,14,L,0.285,0.342,0.115,0.15,0.068,52.6,21.4,24.7,70.0,82.1,C,D-,D-,B,A-,72.9,Rare,False,False,0,0,0,bbref_war,True,False
hammoje01,hammoje01,Jeffrey Hammonds,RF,"CF,LF",Steroid Era (1994-2005),1998,1997,1993,2005,BAL,BAL,3032,824,110,67.0,292,596.0,15,R,0.283,0.35,0.186,0.176,0.089,48.5,54.2,41.9,53.1,46.2,C,C,C-,C,C,72.8,Rare,True,False,1,0,0,bbref_war,False,False
aurilri01,aurilri01,Rich Aurilia,SS,"1B,2B,3B",Steroid Era (1994-2005),2000,2001,1995,2009,SFG,SFG,5721,1576,186,23.0,450,861.0,16,R,0.284,0.337,0.183,0.134,0.074,53.9,54.0,29.2,18.6,60.9,C,C,D,F,B-,72.7,Rare,True,False,1,0,0,bbref_war,False,False
catalfr01,catalfr01,Frank Catalanotto,LF,"1B,2B,RF",Steroid Era (1994-2005),2003,2001,1997,2010,TEX,TEX,3824,1113,84,45.0,331,492.0,14,L,0.297,0.367,0.163,0.104,0.084,67.3,42.0,37.7,38.8,44.4,B,C-,D+,D+,C-,72.7,Rare,False,False,0,0,0,bbref_war,False,False
johnsch04,johnsch04,Charles Johnson,C,,Steroid Era (1994-2005),1999,2000,1994,2005,MIA,MIA,3836,940,167,6.0,475,997.0,14,R,0.256,0.344,0.203,0.227,0.113,20.4,62.4,60.9,3.4,90.7,D-,B-,B-,F,A,72.7,Rare,True,False,2,4,8,bbref_war,False,False
muellbi02,muellbi02,Bill Mueller,3B,,Steroid Era (1994-2005),2001,2003,1996,2006,SFG,SFG,4223,1229,85,20.0,543,571.0,12,B,0.298,0.381,0.139,0.125,0.115,66.4,32.0,62.6,22.3,57.0,B,D,B-,D-,C+,72.7,Rare,False,False,0,0,0,bbref_war,False,False
randajo01,randajo01,Joe Randa,3B,,Steroid Era (1994-2005),2002,1997,1995,2006,KCR,KCR,5428,1543,123,42.0,432,738.0,13,R,0.294,0.348,0.15,0.12,0.072,63.9,37.1,28.1,25.5,68.6,B-,D+,D,D,B,72.7,Rare,False,False,0,0,0,bbref_war,False,False
rowanaa01,rowanaa01,Aaron Rowand,CF,LF,Steroid Era (1994-2005),2004,2004,2001,2011,CHW,CHW,4374,1193,136,67.0,261,914.0,11,R,0.282,0.344,0.171,0.19,0.06,46.7,48.0,18.4,50.6,70.1,C,C,F,C,B,72.7,Rare,True,False,1,1,2,bbref_war,False,False
hollato01,hollato01,Todd Hollandsworth,LF,"CF,RF",Steroid Era (1994-2005),2000,2000,1995,2006,LAD,LAD,3191,871,98,75.0,262,701.0,16,L,0.287,0.348,0.18,0.197,0.084,50.2,51.7,37.3,54.8,46.4,C,C,D+,C,C,72.5,Rare,False,False,0,0,0,bbref_war,False,False
kingje01,kingje01,Jeff King,1B,"2B,3B",Steroid Era (1994-2005),1995,1997,1989,1999,PIT,PIT,4262,1091,154,75.0,442,584.0,11,R,0.264,0.336,0.181,0.125,0.099,36.4,52.5,49.6,44.7,64.7,D+,C,C,C-,B-,72.5,Rare,False,False,0,0,0,bbref_war,False,False
martial03,martial03,Al Martin,LF,CF,Steroid Era (1994-2005),1996,1999,1992,2003,PIT,PIT,4242,1172,132,173.0,390,879.0,12,L,0.287,0.348,0.18,0.186,0.084,51.2,51.0,37.7,66.3,39.7,C,C,D+,B,D+,72.5,Rare,False,False,0,0,0,bbref_war,False,False
sexsori01,sexsori01,Richie Sexson,1B,LF,Steroid Era (1994-2005),2002,2005,1997,2008,MIL,MIL,4928,1286,306,14.0,588,1313.0,14,R,0.272,0.356,0.255,0.238,0.108,33.7,86.9,56.4,9.9,31.3,D,A,C+,F,D,72.5,Rare,True,False,2,0,0,bbref_war,False,False
fullmbr01,fullmbr01,Brad Fullmer,DH,1B,Steroid Era (1994-2005),2001,2002,1997,2004,TOR,TOR,2789,778,114,32.0,216,373.0,8,L,0.284,0.339,0.207,0.124,0.068,54.1,63.8,24.7,36.8,36.7,C,B-,D-,D+,D+,72.4,Rare,False,False,0,0,0,bbref_war,False,False
shumpte01,shumpte01,Terry Shumpert,2B,"3B,LF",Steroid Era (1994-2005),1999,1999,1990,2003,COL,COL,1969,497,49,85.0,166,369.0,14,R,0.277,0.343,0.187,0.159,0.084,44.8,51.7,37.2,70.2,46.4,C-,C,D+,B,C,72.4,Rare,False,False,0,0,0,bbref_war,False,False
byrneer01,byrneer01,Eric Byrnes,LF,"CF,RF",Steroid Era (1994-2005),2004,2007,2000,2010,OAK,OAK,3202,827,109,129.0,253,538.0,13,R,0.267,0.329,0.185,0.154,0.073,36.3,53.4,28.8,78.9,54.1,D+,C,D,B+,C,72.2,Rare,False,False,0,0,0,bbref_war,False,False
loretma01,loretma01,Mark Loretta,2B,"1B,3B,SS",Steroid Era (1994-2005),2002,2004,1995,2009,MIL,MIL,5812,1713,76,47.0,555,605.0,16,R,0.305,0.368,0.116,0.094,0.085,75.8,21.9,38.7,26.1,56.2,B+,D-,D+,D,C+,72.2,Rare,True,False,2,0,0,bbref_war,False,True
varitja01,varitja01,Jason Varitek,C,,Steroid Era (1994-2005),2004,2004,1997,2011,BOS,BOS,5099,1307,193,25.0,614,1216.0,15,B,0.27,0.354,0.183,0.2,0.107,35.0,52.8,55.7,21.8,64.2,D+,C,C+,D-,B-,72.2,Rare,True,False,3,1,2,bbref_war,False,True
grudzma01,grudzma01,Mark Grudzielanek,2B,SS,Steroid Era (1994-2005),2005,2005,1995,2010,KCR,KCR,7052,2040,90,133.0,364,954.0,16,R,0.299,0.345,0.108,0.124,0.052,67.6,18.4,12.2,53.0,80.1,B,F,F,C,A-,72.1,Rare,True,False,1,1,2,bbref_war,False,False
johnsni01,johnsni01,Nick Johnson,1B,,Steroid Era (1994-2005),2005,2006,2001,2012,WSH,WSH,2698,723,95,29.0,522,572.0,11,L,0.275,0.404,0.176,0.168,0.158,42.5,47.9,97.1,27.5,44.0,C-,C,A+,D,C-,72.1,Rare,False,False,0,0,0,bbref_war,False,False
hundlto01,hundlto01,Todd Hundley,C,,Steroid Era (1994-2005),1997,1996,1990,2003,NYM,NYM,3769,883,202,14.0,453,988.0,14,B,0.251,0.347,0.251,0.231,0.122,15.7,84.3,68.3,13.8,49.8,F,A-,B,F,C,72.0,Rare,True,False,2,0,0,bbref_war,False,False
karroer01,karroer01,Eric Karros,1B,,Steroid Era (1994-2005),1998,1995,1991,2004,LAD,LAD,6441,1724,284,59.0,552,1167.0,14,R,0.278,0.337,0.197,0.17,0.08,45.3,61.0,34.4,28.6,50.0,C,B-,D,D,C,72.0,Rare,False,False,0,0,0,bbref_war,False,False
belliro01,belliro01,Ronnie Belliard,2B,3B,Steroid Era (1994-2005),2004,2005,1998,2010,CLE,CLE,5045,1377,114,43.0,488,797.0,15,R,0.28,0.348,0.151,0.136,0.093,50.2,37.5,44.9,36.9,67.9,C,D+,C-,D+,B,71.9,Uncommon,True,False,1,0,0,bbref_war,False,False
buhneja01,buhneja01,Jay Buhner,RF,,Steroid Era (1994-2005),1995,1996,1987,2001,SEA,SEA,5013,1273,310,6.0,792,1406.0,16,R,0.261,0.368,0.262,0.226,0.14,24.5,88.8,82.1,1.0,29.2,D-,A,A-,F,D,71.9,Uncommon,True,False,1,1,2,bbref_war,False,False
hanseda01,hanseda01,Dave Hansen,3B,1B,Steroid Era (1994-2005),1995,1993,1990,2005,LAD,LAD,1793,466,35,5.0,283,332.0,16,L,0.299,0.408,0.142,0.156,0.152,62.8,33.1,92.3,5.0,46.8,B-,D,A,F,C,71.8,Uncommon,False,False,0,0,0,bbref_war,False,False
jonesja04,jonesja05,Jacque Jones,LF,"CF,RF",Steroid Era (1994-2005),2002,2002,1999,2008,MIN,MIN,4594,1272,165,82.0,314,949.0,11,L,0.284,0.33,0.182,0.197,0.06,47.8,53.9,18.6,43.4,55.6,C,C,F,C-,C+,71.7,Uncommon,False,False,0,0,0,bbref_war,False,False
gilesma01,gilesma01,Marcus Giles,2B,,Steroid Era (1994-2005),2004,2003,2001,2007,ATL,ATL,2934,813,76,70.0,318,523.0,7,R,0.277,0.353,0.152,0.158,0.096,45.2,38.4,47.1,60.0,59.1,C,D+,C,B-,C+,71.6,Uncommon,True,False,1,0,0,bbref_war,False,False
millake01,millake01,Kevin Millar,1B,"LF,RF",Steroid Era (1994-2005),2003,2001,1998,2009,BOS,BOS,4688,1284,170,7.0,564,838.0,12,R,0.284,0.367,0.196,0.157,0.103,51.3,58.3,52.8,8.5,43.1,C,C+,C,F,C-,71.6,Uncommon,False,False,0,0,0,bbref_war,False,False
berryse01,berryse01,Sean Berry,3B,,Steroid Era (1994-2005),1995,1998,1990,2000,WSH,WSH,2413,657,81,47.0,206,438.0,12,R,0.286,0.348,0.191,0.153,0.079,53.3,56.4,33.4,39.8,35.4,C,C+,D,D+,D+,71.4,Uncommon,False,False,0,0,0,bbref_war,False,False
jeffere01,jeffere01,Reggie Jefferson,DH,1B,Steroid Era (1994-2005),1996,1996,1991,1999,BOS,BOS,2123,637,72,2.0,146,451.0,10,B,0.309,0.357,0.181,0.19,0.064,70.0,52.1,21.2,5.0,39.4,B,C,D-,F,D+,71.3,Uncommon,False,False,0,0,0,bbref_war,False,False
velarra01,velarra01,Randy Velarde,2B,"3B,LF,SS",Steroid Era (1994-2005),1996,1999,1987,2002,NYY,NYY,4244,1171,100,78.0,463,853.0,18,R,0.287,0.363,0.133,0.175,0.1,52.1,29.9,50.2,47.2,63.9,C,D,C,C,B-,71.3,Uncommon,False,False,0,0,0,bbref_war,False,False
batisto01,batisto01,Tony Batista,3B,"2B,SS",Steroid Era (1994-2005),2000,1999,1996,2007,TOR,TOR,4568,1146,221,47.0,287,790.0,13,R,0.259,0.31,0.217,0.171,0.063,28.0,70.0,20.3,28.6,63.6,D,B,D-,D,B-,71.2,Uncommon,True,False,2,0,0,bbref_war,False,False
hernara02,hernara02,Ramon Hernandez,C,,Steroid Era (1994-2005),2004,2006,1999,2013,OAK,OAK,5105,1345,169,9.0,430,734.0,15,R,0.277,0.336,0.174,0.13,0.071,47.3,49.8,26.7,9.5,70.3,C,C,D,F,B,71.1,Uncommon,True,False,1,0,0,bbref_war,False,False
bellde01,bellde01,Derek Bell,RF,CF,Steroid Era (1994-2005),1996,1998,1991,2001,HOU,HOU,4578,1262,134,170.0,377,955.0,11,R,0.288,0.343,0.153,0.183,0.069,52.7,40.0,25.1,68.0,47.2,C,C-,D,B,C,71.0,Uncommon,False,False,0,0,0,bbref_war,False,False
berroge01,berroge01,Geronimo Berroa,DH,"LF,RF",Steroid Era (1994-2005),1995,1994,1989,2000,OAK,OAK,2506,692,101,19.0,276,510.0,13,R,0.286,0.355,0.186,0.178,0.096,51.0,55.1,47.3,22.7,39.2,C,C+,C,D-,D+,71.0,Uncommon,False,False,0,0,0,bbref_war,False,False
marreel01,marreel01,Eli Marrero,C,"LF,RF",Steroid Era (1994-2005),2001,2004,1997,2006,STL,STL,1906,463,66,56.0,168,372.0,12,R,0.263,0.328,0.18,0.174,0.088,31.1,51.2,40.8,53.8,61.3,D,C,C-,C,B-,70.9,Uncommon,False,False,0,0,0,bbref_war,False,False
nilssda01,nilssda01,Dave Nilsson,C,"1B,LF,RF",Steroid Era (1994-2005),1996,1996,1992,1999,MIL,MIL,2779,789,105,15.0,320,424.0,8,L,0.285,0.358,0.176,0.135,0.104,53.9,49.6,53.5,19.4,40.3,C,C,C,F,C-,70.9,Uncommon,True,False,1,0,0,bbref_war,False,False
oleartr01,o'leatr01,Troy O'Leary,LF,RF,Steroid Era (1994-2005),1998,1999,1993,2003,BOS,BOS,4010,1100,127,17.0,334,661.0,11,L,0.284,0.342,0.178,0.147,0.077,52.3,50.0,31.8,16.7,54.7,C,C,D,F,C,70.9,Uncommon,False,False,0,0,0,bbref_war,False,False
easleda01,easleda01,Damion Easley,2B,"3B,SS",Steroid Era (1994-2005),1999,1998,1992,2008,DET,DET,5484,1386,163,114.0,510,935.0,18,R,0.264,0.343,0.169,0.162,0.088,32.9,46.0,40.4,54.1,65.8,D,C,C-,C,B,70.8,Uncommon,True,False,1,0,0,bbref_war,False,False
naehrti01,naehrti01,Tim Naehring,3B,"2B,SS",Steroid Era (1994-2005),1994,1995,1990,1997,BOS,BOS,1872,527,49,5.0,236,312.0,8,R,0.287,0.37,0.142,0.143,0.111,54.8,34.2,59.0,13.7,61.4,C,D,C+,F,B-,70.8,Uncommon,False,False,0,0,0,bbref_war,False,False
tatisfe01,tatisfe01,Fernando Tatis,3B,LF,Steroid Era (1994-2005),2000,1999,1997,2010,STL,STL,3051,807,113,50.0,321,709.0,12,R,0.278,0.358,0.185,0.201,0.095,42.1,53.7,46.3,45.1,42.3,C-,C,C,C,C-,70.8,Uncommon,False,False,0,0,0,bbref_war,False,False
paytoja01,paytoja01,Jay Payton,CF,"LF,RF",Steroid Era (1994-2005),2004,2002,1998,2010,OAK,OAK,4154,1157,119,47.0,255,503.0,14,R,0.284,0.328,0.155,0.106,0.058,55.8,40.6,16.8,30.4,62.3,C+,C-,F,D,B-,70.7,Uncommon,False,False,0,0,0,bbref_war,False,False
walketo04,walketo04,Todd Walker,2B,3B,Steroid Era (1994-2005),2003,2002,1996,2007,CHC,CHC,4554,1316,107,66.0,421,571.0,15,L,0.294,0.353,0.152,0.107,0.084,64.7,38.6,37.7,37.4,38.0,B-,D+,D+,D+,D+,70.7,Uncommon,False,False,0,0,0,bbref_war,False,False
hernajo01,hernajo01,Jose Hernandez,SS,"1B,2B,3B",Steroid Era (1994-2005),1999,2002,1991,2006,CHC,CHC,4618,1166,168,41.0,384,1391.0,19,R,0.265,0.326,0.201,0.28,0.08,23.5,61.5,34.0,33.8,67.7,D-,B-,D,D,B,70.5,Uncommon,True,False,1,0,0,bbref_war,False,False
liebemi01,liebemi01,Mike Lieberthal,C,,Steroid Era (1994-2005),2000,1999,1994,2007,PHI,PHI,4218,1155,150,8.0,335,571.0,14,R,0.28,0.347,0.183,0.122,0.077,50.9,53.4,31.9,7.3,53.4,C,C,D,F,C,70.5,Uncommon,True,False,2,1,2,bbref_war,False,False
ochoaal01,ochoaal01,Alex Ochoa,RF,LF,Steroid Era (1994-2005),1999,2000,1995,2002,NYM,NYM,2143,597,46,56.0,203,288.0,10,R,0.281,0.351,0.149,0.119,0.091,52.3,36.5,43.1,41.2,54.1,C,D+,C-,C-,C,70.5,Uncommon,False,False,0,0,0,bbref_war,False,False
booneaa01,booneaa01,Aaron Boone,3B,1B,Steroid Era (1994-2005),2001,2003,1997,2009,CIN,CIN,3871,1017,126,107.0,303,707.0,13,R,0.266,0.33,0.174,0.163,0.071,34.9,49.2,27.3,60.6,58.0,D,C,D,B-,C+,70.4,Uncommon,True,False,1,0,0,bbref_war,False,False
daubabr01,daubabr01,Brian Daubach,1B,,Steroid Era (1994-2005),2001,2001,1998,2005,BOS,BOS,2025,525,93,5.0,236,541.0,8,L,0.263,0.35,0.222,0.234,0.11,25.7,69.0,57.9,14.7,49.1,D,B,C+,F,C,70.3,Uncommon,False,False,0,0,0,bbref_war,False,False
matthga02,matthga02,Gary Matthews,CF,"LF,RF",Steroid Era (1994-2005),2004,2006,1999,2010,TEX,TEX,4103,1056,108,95.0,454,849.0,15,B,0.265,0.337,0.162,0.178,0.097,33.0,42.8,48.1,55.5,62.2,D,C-,C,C+,B-,70.3,Uncommon,True,False,1,0,0,bbref_war,False,False
mientdo01,mientdo01,Doug Mientkiewicz,1B,,Steroid Era (1994-2005),2005,2003,1998,2009,MIN,MIN,3312,899,66,14.0,438,472.0,13,L,0.281,0.37,0.143,0.121,0.116,52.3,33.7,63.3,17.1,57.9,C,D,B-,F,C+,70.3,Uncommon,False,False,0,1,2,bbref_war,False,False
patteco01,patteco01,Corey Patterson,CF,LF,Steroid Era (1994-2005),2004,2006,2000,2011,CHC,CHC,4171,1050,118,218.0,206,933.0,14,L,0.268,0.308,0.159,0.211,0.048,32.6,42.3,8.5,89.8,65.3,D,C-,F,A,B,70.2,Uncommon,False,False,0,0,0,bbref_war,False,False
mclemma01,mclemma01,Mark McLemore,2B,"3B,LF,RF,SS",Steroid Era (1994-2005),1998,1996,1986,2004,TEX,TEX,6192,1602,53,272.0,875,983.0,20,B,0.269,0.369,0.092,0.13,0.138,40.5,10.2,81.0,72.8,72.8,C-,F,A-,B,B,70.1,Uncommon,False,False,0,0,0,bbref_war,False,False
counscr01,counscr01,Craig Counsell,2B,"3B,SS",Steroid Era (1994-2005),2005,2005,1995,2011,ARI,ARI,4741,1208,42,103.0,589,663.0,18,L,0.26,0.352,0.102,0.128,0.116,32.8,14.1,62.9,50.0,91.6,D,F,B-,C,A,69.2,Uncommon,False,False,0,0,0,bbref_war,True,False
bellda01,bellda01,David Bell,3B,2B,Steroid Era (1994-2005),2002,2004,1995,2006,PHI,PHI,4826,1239,123,19.0,428,687.0,16,R,0.267,0.33,0.153,0.128,0.081,39.2,39.8,34.7,19.6,78.7,D+,D+,D,F,B+,68.9,Uncommon,False,False,0,0,0,bbref_war,False,False
glanvdo01,glanvdo01,Doug Glanville,CF,LF,Steroid Era (1994-2005),1999,1999,1996,2004,PHI,PHI,3964,1100,59,168.0,208,502.0,10,R,0.281,0.32,0.106,0.119,0.051,52.7,17.7,10.7,87.0,69.5,C,F,F,A,B,68.9,Uncommon,False,False,0,0,0,bbref_war,False,False
guilljo01,guilljo01,Jose Guillen,RF,LF,Steroid Era (1994-2005),2003,2003,1997,2010,TB,TB,5888,1591,214,31.0,321,1103.0,18,R,0.28,0.334,0.191,0.174,0.052,46.7,57.5,11.8,24.9,49.6,C,C+,F,D-,C,68.9,Uncommon,False,False,0,0,0,bbref_war,False,False
kearnau01,kearnau01,Austin Kearns,RF,LF,Steroid Era (1994-2005),2005,2002,2002,2013,CIN,CIN,3606,914,121,33.0,475,898.0,14,R,0.265,0.358,0.177,0.212,0.113,29.8,49.9,60.5,37.7,55.7,D,C,B-,D+,C+,68.9,Uncommon,False,False,0,0,0,bbref_war,False,False
loducpa01,loducpa01,Paul Lo Duca,C,1B,Steroid Era (1994-2005),2003,2001,1998,2008,LAD,LAD,3892,1112,80,20.0,266,295.0,13,R,0.29,0.339,0.127,0.069,0.061,64.7,27.8,18.8,20.2,65.9,B-,D,F,D-,B,68.9,Uncommon,True,False,4,0,0,bbref_war,False,False
molinbe01,molinbe01,Bengie Molina,C,,Steroid Era (1994-2005),2005,2005,1998,2010,LAA,LAA,4812,1317,144,3.0,208,471.0,14,R,0.284,0.316,0.154,0.085,0.041,57.8,41.6,2.9,1.0,73.1,C+,C-,F,F,B,68.9,Uncommon,False,False,0,2,4,bbref_war,False,False
graffto01,graffto01,Tony Graffanino,2B,"3B,SS",Steroid Era (1994-2005),2002,2006,1996,2009,CHW,CHW,2810,746,58,53.0,275,486.0,16,R,0.281,0.347,0.13,0.137,0.084,50.5,27.8,37.5,50.1,62.3,C,D,D+,C,B-,68.8,Uncommon,False,False,0,0,0,bbref_war,False,False
pierzaj01,pierza.01,A. J. Pierzynski,C,,Steroid Era (1994-2005),2005,2003,1998,2016,CHW,CHW,7290,2043,188,15.0,308,895.0,20,L,0.292,0.333,0.154,0.12,0.043,61.5,40.6,5.0,9.9,63.0,B-,C-,F,F,B-,68.8,Uncommon,True,False,2,0,0,bbref_war,False,False
willige02,willige02,Gerald Williams,LF,"CF,RF",Steroid Era (1994-2005),1997,1998,1992,2005,NYY,NYY,3059,780,85,106.0,180,530.0,16,R,0.271,0.315,0.167,0.154,0.055,40.0,46.4,14.3,49.4,62.2,C-,C,F,C,B-,68.8,Uncommon,False,False,0,0,0,bbref_war,False,False
lawtoma02,lawtoma02,Matt Lawton,RF,"CF,LF",Steroid Era (1994-2005),2001,1998,1995,2006,MIN,MIN,4763,1273,138,165.0,681,613.0,15,L,0.27,0.373,0.162,0.11,0.126,43.3,42.5,70.9,49.3,33.7,C-,C-,B,C,D,68.7,Uncommon,True,False,2,0,0,bbref_war,False,False
riverju01,riverju01,Juan Rivera,LF,"1B,RF",Steroid Era (1994-2005),2005,2009,2001,2012,LAA,LAA,3471,950,132,17.0,253,448.0,13,R,0.28,0.332,0.173,0.121,0.07,51.3,50.0,26.3,10.9,51.7,C,C,D,F,C,68.7,Uncommon,False,False,0,0,0,bbref_war,False,False
stynech01,stynech01,Chris Stynes,3B,"2B,LF",Steroid Era (1994-2005),2000,2000,1995,2004,CIN,CIN,2326,640,51,49.0,191,308.0,10,R,0.284,0.343,0.133,0.122,0.075,54.1,30.4,30.3,53.4,54.0,C,D,D,C,C,68.7,Uncommon,False,False,0,0,0,bbref_war,False,False
ausmubr01,ausmubr01,Brad Ausmus,C,,Steroid Era (1994-2005),1999,2000,1993,2010,HOU,HOU,6279,1579,80,102.0,634,1034.0,19,R,0.268,0.348,0.102,0.141,0.1,38.8,15.6,50.2,48.3,90.8,D+,F,C,C,A,68.6,Uncommon,True,False,1,3,6,bbref_war,False,False
fletcda01,fletcda01,Darrin Fletcher,C,,Steroid Era (1994-2005),1997,2000,1989,2002,WSH,WSH,3902,1048,124,2.0,255,399.0,15,L,0.283,0.334,0.167,0.092,0.062,56.3,46.9,19.7,4.2,54.8,C+,C,F,F,C,68.6,Uncommon,True,False,1,0,0,bbref_war,False,False
hollida01,hollida01,Dave Hollins,3B,1B,Steroid Era (1994-2005),1995,1992,1990,2002,PHI,PHI,3346,870,112,47.0,464,687.0,14,B,0.267,0.368,0.166,0.173,0.123,35.0,44.3,68.6,52.6,42.3,D+,C-,B,C,C-,68.6,Uncommon,True,False,1,0,0,bbref_war,False,False
lansimi01,lansimi01,Mike Lansing,2B,"3B,SS",Steroid Era (1994-2005),1996,1997,1993,2001,WSH,WSH,4150,1124,84,119.0,299,570.0,10,R,0.275,0.329,0.13,0.122,0.067,46.5,29.0,23.6,61.2,66.4,C,D,D-,B-,B,68.6,Uncommon,False,False,0,0,0,bbref_war,False,False
offerjo01,offerjo01,Jose Offerman,SS,"1B,2B",Steroid Era (1994-2005),1997,1998,1990,2005,KCR,KCR,5681,1551,57,172.0,772,914.0,17,B,0.289,0.373,0.101,0.135,0.117,58.4,12.9,63.5,72.5,47.1,C+,F,B-,B,C,68.6,Uncommon,True,False,2,0,0,bbref_war,False,False
palmede01,palmede01,Dean Palmer,3B,,Steroid Era (1994-2005),1996,1996,1989,2003,TEX,TEX,4902,1229,275,48.0,502,1332.0,15,R,0.262,0.336,0.235,0.235,0.095,24.6,77.9,46.0,35.5,27.4,D-,B+,C,D+,D,68.6,Uncommon,True,False,1,0,0,bbref_war,False,False
kaplega01,kaplega01,Gabe Kapler,CF,"LF,RF",Steroid Era (1994-2005),2002,2008,1998,2010,TEX,TEX,2983,799,82,77.0,269,480.0,14,R,0.272,0.336,0.167,0.14,0.088,42.0,45.3,40.6,48.1,45.6,C-,C,C-,C,C,68.5,Uncommon,False,False,0,0,0,bbref_war,False,False
sweenma01,sweenma01,Mark Sweeney,1B,"LF,RF",Steroid Era (1994-2005),2004,2005,1995,2008,SFG,SFG,1830,464,42,16.0,259,425.0,16,L,0.276,0.375,0.154,0.201,0.135,39.7,38.5,78.3,34.2,46.6,D+,D+,B+,D,C,68.4,Uncommon,False,False,0,0,0,bbref_war,False,False
tuckemi01,tuckemi01,Michael Tucker,RF,"CF,LF",Steroid Era (1994-2005),1999,1997,1995,2006,CIN,CIN,4083,1047,125,114.0,490,960.0,14,L,0.259,0.342,0.172,0.204,0.106,24.6,46.5,55.0,60.3,55.6,D-,C,C+,B-,C+,68.4,Uncommon,False,False,0,0,0,bbref_war,False,False
wardtu01,wardtu01,Turner Ward,CF,"LF,RF",Steroid Era (1994-2005),1995,1994,1990,2001,PIT,PIT,1548,389,39,33.0,186,247.0,14,B,0.269,0.347,0.15,0.134,0.103,40.0,37.1,52.5,44.5,56.1,C-,D+,C,C-,C+,68.4,Uncommon,False,False,0,0,0,bbref_war,False,False
zeileto01,zeileto01,Todd Zeile,3B,"1B,C",Steroid Era (1994-2005),1997,1998,1989,2004,STL,STL,7573,2004,253,53.0,945,1279.0,21,R,0.271,0.351,0.167,0.143,0.108,41.3,46.1,56.9,23.4,49.0,C-,C,C+,D-,C,68.4,Uncommon,False,False,0,0,0,bbref_war,False,False
alicelu01,alicelu01,Luis Alicea,2B,3B,Steroid Era (1994-2005),1995,1997,1988,2002,STL,STL,3971,1031,47,81.0,500,624.0,13,B,0.273,0.366,0.119,0.138,0.12,43.4,21.8,66.0,57.3,59.5,C-,D-,B,C+,C+,68.3,Uncommon,False,False,0,0,0,bbref_war,False,False
bordimi01,bordimi01,Mike Bordick,SS,2B,Steroid Era (1994-2005),1998,1999,1990,2003,BAL,BAL,5770,1500,91,96.0,500,800.0,15,R,0.271,0.335,0.107,0.12,0.08,43.1,18.1,34.1,42.4,89.5,C-,F,D,C-,A,68.3,Uncommon,True,False,1,0,0,bbref_war,False,False
claytro01,claytro01,Royce Clayton,SS,,Steroid Era (1994-2005),1997,1999,1991,2007,SFG,SFG,7379,1904,110,231.0,565,1415.0,20,R,0.268,0.322,0.119,0.17,0.071,35.8,23.0,27.2,63.5,85.8,D+,D-,D,B-,A,68.3,Uncommon,True,False,1,0,0,bbref_war,False,False
encarju01,encarju01,Juan Encarnacion,RF,"CF,LF",Steroid Era (1994-2005),2002,2002,1997,2007,DET,DET,4685,1264,156,127.0,288,853.0,13,R,0.277,0.322,0.173,0.165,0.055,44.9,48.5,13.9,56.3,44.0,C-,C,F,C+,C-,68.3,Uncommon,False,False,0,0,0,bbref_war,False,False
mcraebr01,mcraebr01,Brian McRae,CF,,Steroid Era (1994-2005),1995,1996,1990,1999,CHC,CHC,5114,1336,103,196.0,488,824.0,13,B,0.27,0.337,0.141,0.139,0.085,40.2,32.7,38.5,67.9,56.7,C-,D,D+,B,C+,68.3,Uncommon,False,False,0,0,0,bbref_war,False,False
menchke01,menchke01,Kevin Mench,LF,RF,Steroid Era (1994-2005),2005,2004,2002,2010,TEX,TEX,2362,632,89,12.0,183,335.0,9,R,0.269,0.326,0.191,0.128,0.071,41.0,56.5,26.7,27.6,45.9,C-,C+,D,D,C,68.3,Uncommon,False,False,0,0,0,bbref_war,False,False
perezed01,perezed01,Eduardo Perez,1B,"3B,RF",Steroid Era (1994-2005),2000,2000,1993,2006,STL,STL,1800,445,79,19.0,194,393.0,14,R,0.259,0.342,0.215,0.197,0.101,25.8,66.8,51.4,26.4,41.7,D,B,C,D,C-,68.3,Uncommon,False,False,0,0,0,bbref_war,False,False
lugoju01,lugoju01,Julio Lugo,SS,2B,Steroid Era (1994-2005),2004,2005,2000,2011,TB,TB,4758,1279,80,198.0,439,876.0,15,R,0.278,0.342,0.126,0.165,0.084,45.7,26.0,37.5,74.1,55.2,C,D,D+,B,C+,68.2,Uncommon,False,False,0,0,0,bbref_war,False,False
rodrihe02,rodrihe02,Henry Rodriguez,LF,"1B,RF",Steroid Era (1994-2005),1998,1999,1992,2002,CHC,CHC,3031,784,160,10.0,276,803.0,13,L,0.266,0.33,0.24,0.247,0.086,27.5,80.0,38.9,10.5,32.7,D,A-,D+,F,D,68.2,Uncommon,True,False,1,0,0,bbref_war,False,False
spiveju01,spiveju01,Junior Spivey,2B,,Steroid Era (1994-2005),2003,2002,2001,2005,ARI,ARI,1553,419,48,32.0,175,373.0,6,R,0.27,0.354,0.166,0.21,0.099,34.0,44.1,49.1,43.3,54.8,D,C-,C,C-,C,68.2,Uncommon,True,False,1,0,0,bbref_war,False,False
delluda01,delluda01,David Dellucci,LF,RF,Steroid Era (1994-2005),2001,2005,1997,2009,ARI,ARI,2873,736,101,41.0,322,714.0,15,L,0.268,0.355,0.201,0.222,0.108,31.7,59.2,56.4,39.7,32.9,D,C+,C+,D+,D,68.1,Uncommon,False,False,0,0,0,bbref_war,False,False
lockhke01,lockhke01,Keith Lockhart,2B,3B,Steroid Era (1994-2005),1998,1996,1994,2003,ATL,ATL,2268,591,44,30.0,195,268.0,10,L,0.273,0.328,0.138,0.098,0.073,46.9,32.2,29.0,38.2,65.6,C,D,D,D+,B,68.1,Uncommon,False,False,0,0,0,bbref_war,False,False
stevele01,stevele01,Lee Stevens,1B,,Steroid Era (1994-2005),1998,1999,1990,2002,TEX,TEX,3332,847,144,9.0,345,832.0,11,L,0.27,0.336,0.213,0.225,0.089,33.0,66.9,41.8,13.6,39.8,D,B,C-,F,D+,68.1,Uncommon,False,False,0,0,0,bbref_war,False,False
wardda01,wardda01,Daryle Ward,1B,LF,Steroid Era (1994-2005),2004,2006,1998,2008,HOU,HOU,2234,588,90,1.0,192,422.0,12,L,0.271,0.33,0.228,0.184,0.08,37.1,72.8,34.4,1.0,34.6,D+,B,D,F,D,68.1,Uncommon,False,False,0,0,0,bbref_war,False,False
anderma02,anderma02,Marlon Anderson,2B,LF,Steroid Era (1994-2005),2003,2001,1998,2009,PHI,PHI,3204,849,63,71.0,227,471.0,14,L,0.277,0.33,0.135,0.134,0.071,47.5,30.8,27.0,50.5,60.2,C,D,D,C,B-,68.0,Uncommon,False,False,0,0,0,bbref_war,False,False
benarma01,benarma01,Marvin Benard,CF,"LF,RF",Steroid Era (1994-2005),1999,2000,1995,2003,SFG,SFG,2630,714,54,105.0,265,454.0,9,L,0.276,0.347,0.135,0.153,0.091,44.4,30.4,43.1,65.7,49.9,C-,D,C-,B,C,68.0,Uncommon,False,False,0,0,0,bbref_war,False,False
singlch01,singlch01,Chris Singleton,CF,,Steroid Era (1994-2005),2002,1999,1999,2005,CHW,CHW,2230,609,45,81.0,130,343.0,6,L,0.273,0.312,0.141,0.143,0.054,42.9,33.1,13.7,66.8,62.7,C-,D,F,B,B-,68.0,Uncommon,False,False,0,0,0,bbref_war,False,False
wilkebr01,wilkebr01,Brad Wilkerson,LF,"1B,CF,RF",Steroid Era (1994-2005),2005,2004,2001,2008,WSH,WSH,3187,788,122,53.0,492,947.0,9,L,0.25,0.354,0.201,0.257,0.133,12.1,59.5,77.1,36.4,52.3,F,C+,B+,D+,C,68.0,Uncommon,False,False,0,0,0,bbref_war,False,False
freelry01,freelry01,Ryan Freel,CF,"2B,3B,LF,RF",Steroid Era (1994-2005),2005,2004,2001,2009,CIN,CIN,1983,532,22,143.0,222,350.0,10,R,0.272,0.357,0.104,0.152,0.098,40.9,16.1,48.8,89.0,61.2,C-,F,C,A,B-,67.9,Uncommon,False,False,0,0,0,bbref_war,False,False
gibboja01,gibboja01,Jay Gibbons,RF,"1B,LF",Steroid Era (1994-2005),2004,2005,2001,2011,BAL,BAL,2917,759,127,2.0,224,442.0,9,L,0.266,0.321,0.21,0.13,0.072,37.8,66.4,27.7,1.0,45.3,D+,B,D,F,C,67.9,Uncommon,False,False,0,0,0,bbref_war,False,False
guzmacr01,guzmacr01,Cristian Guzman,SS,,Steroid Era (1994-2005),2004,2001,1999,2010,MIN,MIN,5382,1459,62,125.0,265,783.0,12,B,0.283,0.317,0.126,0.13,0.045,53.1,24.9,5.8,69.8,60.7,C,D-,F,B,B-,67.9,Uncommon,True,False,2,0,0,bbref_war,False,False
cordoma01,cordoma01,Marty Cordova,LF,,Steroid Era (1994-2005),1999,1995,1995,2003,MIN,MIN,3419,938,122,57.0,329,730.0,9,R,0.277,0.345,0.179,0.193,0.085,41.6,51.2,38.2,33.8,39.4,C-,C,D+,D,D+,67.8,Uncommon,False,False,0,0,0,bbref_war,False,False
roberda07,roberda07,Dave Roberts,CF,LF,Steroid Era (1994-2005),2003,2006,1999,2008,LAD,LAD,2707,721,23,243.0,307,362.0,11,L,0.27,0.346,0.104,0.118,0.1,42.5,14.2,50.4,115.0,47.1,C-,F,C,S,C,67.8,Uncommon,False,False,0,0,0,bbref_war,False,False
perryhe01,perryhe01,Herbert Perry,3B,1B,Steroid Era (1994-2005),2000,2000,1994,2004,TEX,TEX,1696,461,55,12.0,128,291.0,10,R,0.278,0.339,0.168,0.158,0.067,45.4,46.3,23.8,24.0,52.8,C,C,D-,D-,C,67.7,Uncommon,False,False,0,0,0,bbref_war,False,False
prattto02,prattto02,Todd Pratt,C,,Steroid Era (1994-2005),1999,2000,1992,2006,NYM,NYM,1612,404,49,6.0,208,454.0,15,R,0.282,0.38,0.157,0.218,0.119,43.0,40.4,65.3,16.1,48.7,C-,C-,B,F,C,67.7,Uncommon,False,False,0,0,0,bbref_war,False,False
vinafe01,vinafe01,Fernando Vina,2B,,Steroid Era (1994-2005),2000,2000,1993,2004,STL,STL,4240,1196,40,116.0,288,292.0,12,L,0.289,0.351,0.102,0.061,0.058,64.2,14.6,17.0,49.6,62.4,B-,F,F,C,B-,67.7,Uncommon,True,False,1,2,4,bbref_war,False,False
eckstda01,eckstda01,David Eckstein,SS,2B,Steroid Era (1994-2005),2004,2002,2001,2010,LAA,LAA,5041,1414,35,123.0,376,418.0,11,R,0.282,0.348,0.079,0.074,0.068,57.1,4.9,24.9,73.5,62.2,C+,F,D-,B,B-,67.5,Uncommon,True,False,2,0,0,bbref_war,True,False
nadyxa01,nadyxa01,Xavier Nady,RF,"1B,LF",Steroid Era (1994-2005),2005,2008,2000,2014,SDP,SDP,2969,797,104,19.0,189,626.0,15,R,0.28,0.335,0.178,0.182,0.059,45.4,51.8,17.4,27.6,44.2,C,C,F,D,C-,67.5,Uncommon,False,False,0,0,0,bbref_war,False,False
reedje02,reedje02,Jeff Reed,C,,Steroid Era (1994-2005),1995,1997,1984,2000,COL,COL,3101,774,61,7.0,391,566.0,19,L,0.275,0.36,0.149,0.167,0.116,42.4,37.1,63.1,10.1,55.7,C-,D+,B-,F,C+,67.4,Uncommon,False,False,0,0,0,bbref_war,False,False
saenzol01,saenzol01,Olmedo Saenz,1B,3B,Steroid Era (1994-2005),2002,2000,1994,2007,OAK,OAK,1663,438,73,3.0,148,355.0,9,R,0.27,0.345,0.205,0.186,0.076,35.9,62.6,30.9,7.3,44.5,D+,B-,D,F,C-,67.4,Uncommon,False,False,0,0,0,bbref_war,False,False
spiezsc01,spiezsc01,Scott Spiezio,1B,"2B,3B",Steroid Era (1994-2005),2001,2002,1996,2007,LAA,LAA,3899,996,119,33.0,412,594.0,12,B,0.263,0.334,0.165,0.126,0.092,35.7,44.0,43.5,33.9,53.3,D+,C-,C-,D,C,67.4,Uncommon,False,False,0,0,0,bbref_war,False,False
wilsopr01,wilsopr01,Preston Wilson,CF,LF,Steroid Era (1994-2005),2002,2001,1998,2007,MIA,MIA,4003,1055,189,124.0,350,1085.0,13,R,0.267,0.331,0.212,0.244,0.079,28.2,67.1,33.6,53.6,25.0,D,B,D,C,D,67.4,Uncommon,True,False,1,0,0,bbref_war,False,False
bautida01,bautida01,Danny Bautista,RF,"CF,LF",Steroid Era (1994-2005),1999,2001,1993,2004,ARI,ARI,2517,685,62,37.0,149,409.0,14,R,0.29,0.333,0.139,0.132,0.057,58.8,33.0,15.7,39.2,45.9,C+,D,F,D+,C,67.3,Uncommon,False,False,0,0,0,bbref_war,False,False
mccraqu01,mccraqu01,Quinton McCracken,CF,"LF,RF",Steroid Era (1994-2005),1998,1998,1995,2006,ARI,ARI,2462,675,21,89.0,229,445.0,13,B,0.29,0.35,0.114,0.169,0.083,55.6,20.1,37.0,61.5,48.0,C+,D-,D+,B-,C,67.3,Uncommon,False,False,0,0,0,bbref_war,False,False
michaja01,michaja01,Jason Michaels,LF,"CF,RF",Steroid Era (1994-2005),2005,2005,2001,2011,PHI,PHI,2332,613,59,22.0,243,496.0,12,R,0.275,0.352,0.154,0.19,0.101,40.5,38.9,51.0,23.2,53.9,C-,D+,C,D-,C,67.2,Uncommon,False,False,0,0,0,bbref_war,False,False
perezne01,perezne01,Neifi Perez,SS,2B,Steroid Era (1994-2005),2003,2005,1996,2007,CHC,CHC,5127,1370,64,57.0,231,503.0,15,B,0.275,0.307,0.115,0.096,0.046,48.9,21.0,7.4,37.4,82.8,C,D-,F,D+,A-,67.2,Uncommon,False,False,0,1,2,bbref_war,False,False
palmeor01,palmeor01,Orlando Palmeiro,LF,"CF,RF",Steroid Era (1994-2005),1999,2000,1995,2007,LAA,LAA,2335,640,12,37.0,265,230.0,13,L,0.295,0.371,0.08,0.081,0.102,66.9,5.7,52.1,43.2,53.0,B,F,C,C-,C,67.1,Uncommon,False,False,0,0,0,bbref_war,False,False
sanchre01,sanchre01,Rey Sanchez,SS,2B,Steroid Era (1994-2005),1999,1999,1991,2005,KCR,KCR,4850,1317,15,55.0,229,508.0,18,R,0.282,0.317,0.063,0.088,0.042,56.0,1.0,3.7,46.7,98.1,C+,F,F,C,A+,67.1,Uncommon,False,False,0,0,0,bbref_war,False,False
spierbi01,spierbi01,Bill Spiers,SS,"2B,3B",Steroid Era (1994-2005),1997,1997,1989,2001,HOU,HOU,3408,922,37,97.0,355,496.0,13,L,0.279,0.35,0.106,0.123,0.096,50.3,16.4,47.1,62.4,54.1,C,F,C,B-,C,67.1,Uncommon,False,False,0,0,0,bbref_war,False,False
whitema01,whitema01,Mark Whiten,RF,LF,Steroid Era (1994-2005),1994,1996,1990,2000,CLE,CLE,3104,804,105,78.0,378,712.0,15,B,0.259,0.34,0.16,0.206,0.107,24.8,42.5,55.8,53.4,53.5,D-,C-,C+,C,C,67.1,Uncommon,False,False,0,0,0,bbref_war,False,False
brognri01,brognri01,Rico Brogna,1B,,Steroid Era (1994-2005),1996,1995,1992,2001,NYM,NYM,2958,795,106,32.0,227,655.0,10,L,0.273,0.325,0.187,0.203,0.073,37.6,55.3,28.3,30.9,39.3,D+,C+,D,D,D+,67.0,Uncommon,False,False,0,0,0,bbref_war,False,False
cordewi01,cordewi01,Wil Cordero,SS,"1B,LF",Steroid Era (1994-2005),1998,1994,1992,2005,WSH,WSH,4311,1178,122,49.0,325,775.0,16,R,0.278,0.335,0.164,0.15,0.067,46.4,44.4,24.2,46.1,36.8,C,C-,D-,C,D+,67.0,Uncommon,True,False,1,0,0,bbref_war,False,False
hattesc01,hattesc01,Scott Hatteberg,1B,C,Steroid Era (1994-2005),2003,2002,1995,2008,OAK,OAK,4226,1153,106,3.0,562,503.0,14,L,0.28,0.368,0.149,0.101,0.115,53.0,37.0,62.5,1.2,41.7,C,D+,B-,F,C-,67.0,Uncommon,False,False,0,0,0,bbref_war,False,False
trammbu01,trammbu01,Bubba Trammell,RF,LF,Steroid Era (1994-2005),2000,2001,1997,2003,TB,TB,1798,469,82,10.0,210,325.0,8,R,0.261,0.339,0.198,0.16,0.103,30.7,59.7,53.0,17.3,38.0,D,C+,C,F,D+,67.0,Uncommon,False,False,0,0,0,bbref_war,False,False
curtich01,curtich01,Chad Curtis,CF,"LF,RF",Steroid Era (1994-2005),1995,1993,1992,2001,LAA,LAA,4017,1061,101,212.0,510,676.0,12,R,0.264,0.347,0.132,0.142,0.108,34.9,29.5,56.4,65.6,49.8,D,D,C+,B,C,66.9,Uncommon,False,False,0,0,0,bbref_war,False,False
sorrepa01,sorrepa01,Paul Sorrento,1B,,Steroid Era (1994-2005),1994,1997,1989,1999,CLE,CLE,3412,876,166,8.0,426,844.0,11,L,0.264,0.347,0.205,0.209,0.11,29.0,63.6,58.7,4.9,36.9,D,B-,C+,F,D+,66.9,Uncommon,False,False,0,0,0,bbref_war,False,False
wilsoda01,wilsoda01,Dan Wilson,C,,Steroid Era (1994-2005),1998,1997,1992,2005,SEA,SEA,4186,1097,88,23.0,280,763.0,14,R,0.274,0.322,0.137,0.164,0.063,41.5,32.6,20.3,22.2,75.4,C-,D,D-,D-,B+,66.9,Uncommon,True,False,1,0,0,bbref_war,False,False
cairomi01,cairomi01,Miguel Cairo,2B,"1B,3B",Steroid Era (1994-2005),2004,1998,1996,2012,TB,TB,3956,1044,41,139.0,243,482.0,19,R,0.279,0.33,0.101,0.104,0.059,52.0,15.2,17.1,63.1,64.8,C,F,F,B-,B-,66.7,Uncommon,False,False,0,0,0,bbref_war,False,False
hayesch01,hayesch01,Charlie Hayes,3B,1B,Steroid Era (1994-2005),1994,1993,1988,2001,PHI,PHI,5262,1379,144,47.0,420,918.0,16,R,0.276,0.324,0.144,0.155,0.066,44.6,36.2,22.7,28.2,59.4,C-,D+,D-,D,C+,66.7,Uncommon,False,False,0,0,0,bbref_war,False,False
leyriji01,leyriji01,Jim Leyritz,C,"1B,3B",Steroid Era (1994-2005),1995,1993,1990,2000,NYY,NYY,2527,667,90,7.0,337,581.0,15,R,0.274,0.371,0.163,0.191,0.115,39.2,44.0,62.3,10.9,44.2,D+,C-,B-,F,C-,66.7,Uncommon,False,False,0,0,0,bbref_war,False,False
wilkiri01,wilkiri01,Rick Wilkins,C,,Steroid Era (1994-2005),1994,1993,1991,2001,CHC,CHC,2114,515,81,9.0,278,571.0,15,L,0.252,0.344,0.172,0.226,0.119,16.9,47.8,65.8,15.6,68.2,F,C,B,F,B,66.7,Uncommon,False,False,0,0,0,bbref_war,False,False
perezed02,perezed02,Eddie Perez,C,,Steroid Era (1994-2005),1999,1998,1995,2005,ATL,ATL,1525,386,40,1.0,84,234.0,11,R,0.276,0.316,0.16,0.134,0.052,46.0,43.0,12.0,1.0,56.5,C,C-,F,F,C+,66.6,Uncommon,False,False,0,0,0,bbref_war,True,False
clarkbr02,clarkbr02,Brady Clark,CF,"LF,RF",Steroid Era (1994-2005),2004,2005,2000,2008,MIL,MIL,2015,559,36,48.0,208,252.0,11,R,0.282,0.362,0.113,0.107,0.09,53.8,21.0,42.0,40.1,51.0,C,D-,C-,C-,C,66.5,Uncommon,False,False,0,0,0,bbref_war,False,False
lambmi01,lambmi01,Mike Lamb,3B,1B,Steroid Era (1994-2005),2004,2007,2000,2010,HOU,HOU,2706,746,69,7.0,226,409.0,11,L,0.289,0.348,0.141,0.131,0.08,58.1,34.2,34.2,14.6,41.4,C+,D,D,F,C-,66.5,Uncommon,False,False,0,0,0,bbref_war,False,False
simonra01,simonra01,Randall Simon,1B,,Steroid Era (1994-2005),2001,2001,1997,2006,ATL,ATL,1609,455,49,2.0,82,148.0,10,L,0.296,0.328,0.147,0.086,0.043,67.3,38.4,4.3,3.6,42.0,B,D+,F,F,C-,66.5,Uncommon,False,False,0,0,0,bbref_war,False,False
verasqu01,verasqu01,Quilvio Veras,2B,,Steroid Era (1994-2005),1998,1998,1995,2001,SDP,SDP,2780,750,32,183.0,427,462.0,7,B,0.27,0.372,0.092,0.142,0.131,40.2,10.4,75.0,75.1,52.8,C-,F,B+,B+,C,66.5,Uncommon,False,False,0,0,0,bbref_war,False,False
womacto01,womacto01,Tony Womack,2B,"RF,SS",Steroid Era (1994-2005),2001,2004,1993,2006,ARI,ARI,4963,1353,36,363.0,308,649.0,16,L,0.28,0.324,0.088,0.123,0.058,50.8,8.6,16.6,113.2,50.2,C,F,F,S,C,66.5,Uncommon,True,False,1,0,0,bbref_war,False,False
braggda01,braggda01,Darren Bragg,RF,"CF,LF",Steroid Era (1994-2005),1998,1997,1994,2004,BOS,BOS,2461,627,46,56.0,304,570.0,14,L,0.263,0.351,0.132,0.195,0.112,29.0,28.7,60.2,43.2,65.3,D,D,B-,C-,B,66.4,Uncommon,False,False,0,0,0,bbref_war,False,False
leetr01,leetr01,Travis Lee,1B,,Steroid Era (1994-2005),2002,2003,1998,2006,TB,TB,3740,958,115,59.0,457,704.0,10,L,0.262,0.339,0.157,0.171,0.105,30.7,40.9,54.1,38.4,49.7,D,C-,C,D+,C,66.4,Uncommon,False,False,0,0,0,bbref_war,False,False
mayde01,mayde01,Derrick May,LF,RF,Steroid Era (1994-2005),1995,1995,1990,1999,CHC,CHC,2200,596,52,30.0,156,254.0,11,L,0.278,0.328,0.133,0.1,0.069,51.4,30.5,25.1,35.3,50.3,C,D,D,D+,C,66.4,Uncommon,False,False,0,0,0,bbref_war,False,False
greenwi01,greenwi01,Willie Greene,3B,,Steroid Era (1994-2005),1996,1998,1992,2000,CIN,CIN,1902,446,86,17.0,260,477.0,10,L,0.247,0.344,0.193,0.221,0.128,13.3,56.6,72.7,31.0,46.2,F,C+,B,D,C,66.3,Uncommon,False,False,0,0,0,bbref_war,False,False
taubeed01,taubeed01,Ed Taubensee,C,,Steroid Era (1994-2005),1995,1999,1991,2001,CIN,CIN,2874,784,94,11.0,255,574.0,12,L,0.279,0.338,0.17,0.191,0.084,43.6,47.6,37.2,18.5,36.9,C-,C,D+,F,D+,66.2,Uncommon,False,False,0,0,0,bbref_war,False,False
barremi01,barremi01,Michael Barrett,C,3B,Steroid Era (1994-2005),2004,2006,1998,2009,CHC,CHC,3512,925,98,11.0,279,480.0,13,R,0.279,0.336,0.171,0.117,0.073,50.5,46.9,28.8,14.9,32.6,C,C,D,F,D,66.1,Uncommon,False,False,0,0,0,bbref_war,False,False
fryeje01,fryeje01,Jeff Frye,2B,,Steroid Era (1994-2005),1996,1997,1992,2001,BOS,BOS,2155,626,16,56.0,212,279.0,9,R,0.291,0.357,0.098,0.118,0.087,60.9,13.2,39.8,49.8,45.0,B-,F,D+,C,C,66.1,Uncommon,False,False,0,0,0,bbref_war,False,False
reesepo01,reesepo01,Pokey Reese,2B,SS,Steroid Era (1994-2005),2001,1999,1997,2004,CIN,CIN,2833,704,44,144.0,226,531.0,8,R,0.253,0.311,0.11,0.168,0.073,23.2,19.3,28.6,84.8,80.3,D-,F,D,A-,A-,66.1,Uncommon,False,False,0,2,4,bbref_war,False,False
hillesh02,hillesh02,Shea Hillenbrand,3B,1B,Steroid Era (1994-2005),2004,2002,2001,2007,BOS,BOS,3570,1014,108,16.0,140,464.0,10,R,0.284,0.321,0.156,0.122,0.037,54.7,41.5,1.0,30.3,40.2,C,C-,F,D,C-,66.0,Uncommon,True,False,2,0,0,bbref_war,False,False
beckeri01,beckeri01,Rich Becker,CF,"LF,RF",Steroid Era (1994-2005),1997,1996,1993,2000,MIN,MIN,2227,570,45,66.0,350,616.0,11,L,0.26,0.369,0.129,0.24,0.146,22.7,27.3,86.9,57.8,51.9,D-,D,A,C+,C,65.9,Uncommon,False,False,0,0,0,bbref_war,False,False
grebecr01,grebecr01,Craig Grebeck,2B,"3B,SS",Steroid Era (1994-2005),1994,1991,1990,2001,CHW,CHW,1988,518,19,4.0,228,274.0,12,R,0.282,0.363,0.11,0.118,0.106,52.3,19.0,54.7,5.8,62.2,C,F,C,F,B-,65.9,Uncommon,False,False,0,0,0,bbref_war,False,False
harrile01,harrile01,Lenny Harris,3B,"1B,2B,LF,RF",Steroid Era (1994-2005),1994,1990,1988,2005,CIN,CIN,3924,1055,37,131.0,279,337.0,23,L,0.293,0.342,0.071,0.076,0.067,65.9,2.3,24.1,64.6,52.6,B,F,D-,B-,C,65.9,Uncommon,False,False,0,0,0,bbref_war,False,False
ledeeri01,ledeeri01,Ricky Ledee,LF,"CF,RF",Steroid Era (1994-2005),2003,2004,1998,2007,PHI,PHI,2030,494,63,29.0,244,495.0,14,L,0.252,0.335,0.189,0.229,0.111,17.4,54.0,58.8,32.2,46.5,F,C,C+,D,C,65.9,Uncommon,False,False,0,0,0,bbref_war,False,False
zaungr01,zaungr01,Gregg Zaun,C,,Steroid Era (1994-2005),2005,2005,1995,2010,TOR,TOR,3489,878,88,23.0,479,544.0,19,B,0.257,0.357,0.145,0.139,0.13,29.3,35.2,74.2,10.3,60.4,D,D+,B,F,B-,65.9,Uncommon,False,False,0,0,0,bbref_war,False,False
goodwto01,goodwto01,Tom Goodwin,CF,LF,Steroid Era (1994-2005),1998,1998,1991,2004,KCR,KCR,3846,1029,24,369.0,365,660.0,16,L,0.275,0.34,0.069,0.152,0.088,43.4,1.0,41.0,118.5,51.6,C-,F,C-,S,C,65.8,Uncommon,False,False,0,0,0,bbref_war,False,False
huskebu01,huskebu01,Butch Huskey,RF,"1B,LF",Steroid Era (1994-2005),1997,1997,1993,2000,NYM,NYM,2078,555,86,21.0,164,384.0,9,R,0.267,0.318,0.175,0.169,0.072,35.3,50.7,28.0,26.8,41.7,D+,C,D,D,C-,65.8,Uncommon,False,False,0,0,0,bbref_war,False,False
mabryjo01,mabryjo01,John Mabry,1B,"3B,LF,RF",Steroid Era (1994-2005),1997,2002,1994,2007,STL,STL,3409,898,96,7.0,284,717.0,17,L,0.287,0.34,0.141,0.169,0.073,52.7,34.3,28.6,3.2,52.0,C,D,D,F,C,65.8,Uncommon,False,False,0,0,0,bbref_war,False,False
monrocr01,monrocr01,Craig Monroe,LF,"CF,RF",Steroid Era (1994-2005),2004,2004,2001,2009,DET,DET,2691,678,115,19.0,188,588.0,10,R,0.259,0.307,0.198,0.191,0.064,26.2,60.8,21.7,28.9,42.7,D,B-,D-,D,C-,65.8,Uncommon,False,False,0,0,0,bbref_war,False,False
riverru01,riverru01,Ruben Rivera,CF,RF,Steroid Era (1994-2005),2000,1999,1995,2003,SDP,SDP,1586,343,64,50.0,185,510.0,9,R,0.218,0.31,0.187,0.286,0.103,1.0,53.6,53.1,55.4,61.9,F,C,C,C+,B-,65.8,Uncommon,False,False,0,0,0,bbref_war,False,False
haselbi01,haselbi01,Bill Haselman,C,,Steroid Era (1994-2005),1998,2000,1990,2003,TEX,TEX,1606,416,47,9.0,114,300.0,13,R,0.273,0.326,0.164,0.173,0.07,39.5,44.8,26.5,16.3,49.7,D+,C-,D,F,C,65.7,Uncommon,False,False,0,0,0,bbref_war,False,False
milleda02,milleda02,Damian Miller,C,,Steroid Era (1994-2005),2002,2000,1997,2007,ARI,ARI,3182,834,87,5.0,303,772.0,11,R,0.27,0.337,0.157,0.218,0.086,33.6,41.3,39.3,2.4,64.5,D,C-,D+,F,B-,65.7,Uncommon,True,False,1,0,0,bbref_war,False,False
moranmi01,moranmi01,Mickey Morandini,2B,,Steroid Era (1994-2005),1994,1998,1990,2000,PHI,PHI,4558,1222,32,123.0,437,714.0,12,L,0.277,0.347,0.097,0.137,0.087,47.3,12.0,39.9,63.3,56.6,C,F,D+,B-,C+,65.7,Uncommon,True,False,1,0,0,bbref_war,False,False
amarari01,amarari01,Rich Amaral,LF,"2B,CF",Steroid Era (1994-2005),1996,1993,1991,2000,SEA,SEA,1788,493,11,112.0,176,277.0,10,R,0.279,0.349,0.081,0.135,0.093,48.8,6.7,44.5,75.3,53.2,C,F,C-,B+,C,65.6,Uncommon,False,False,0,0,0,bbref_war,False,False
greento02,greento02,Todd Greene,C,,Steroid Era (1994-2005),2002,1997,1996,2006,TEX,TEX,1573,397,71,5.0,67,332.0,11,R,0.266,0.299,0.21,0.21,0.041,30.8,65.7,3.2,18.5,41.2,D,B,F,F,C-,65.6,Uncommon,False,False,0,0,0,bbref_war,False,False
grievbe01,grievbe01,Ben Grieve,RF,LF,Steroid Era (1994-2005),2000,2000,1997,2005,OAK,OAK,3215,864,118,24.0,466,784.0,10,L,0.271,0.367,0.177,0.21,0.122,35.2,50.1,68.0,33.5,18.0,D+,C,B,D,F,65.6,Uncommon,True,False,1,0,0,bbref_war,False,False
weisswa01,weisswa01,Walt Weiss,SS,,Steroid Era (1994-2005),1995,1990,1987,2000,OAK,OAK,4686,1207,25,96.0,658,658.0,14,B,0.267,0.366,0.071,0.118,0.129,40.2,1.0,73.2,46.8,74.0,C-,F,B,C,B,65.5,Uncommon,True,False,1,0,0,bbref_war,False,False
huntebr02,huntebr02,Brian Hunter,CF,LF,Steroid Era (1994-2005),1998,1995,1994,2003,HOU,HOU,3347,882,25,260.0,243,581.0,12,R,0.276,0.328,0.087,0.163,0.071,43.4,8.9,27.2,97.2,54.7,C-,F,D,A+,C,65.4,Uncommon,False,False,0,0,0,bbref_war,False,False
redmomi01,redmomi01,Mike Redmond,C,,Steroid Era (1994-2005),2002,2002,1998,2010,MIA,MIA,2264,649,13,1.0,145,255.0,13,R,0.31,0.365,0.077,0.102,0.063,78.5,6.2,20.3,1.0,57.0,B+,F,D-,F,C+,65.4,Uncommon,False,False,0,0,0,bbref_war,False,False
coomero01,coomero01,Ron Coomer,3B,1B,Steroid Era (1994-2005),1998,1997,1995,2003,MIN,MIN,3019,827,92,13.0,177,429.0,9,R,0.277,0.313,0.148,0.143,0.052,46.0,38.3,12.0,21.6,51.1,C,D+,F,D-,C,65.3,Uncommon,True,False,1,0,0,bbref_war,False,False
spencsh01,spencsh01,Shane Spencer,LF,RF,Steroid Era (1994-2005),2001,2001,1998,2004,NYY,NYY,1671,438,59,13.0,152,357.0,8,R,0.262,0.326,0.166,0.192,0.082,29.0,45.2,35.5,23.2,53.3,D,C,D+,D-,C,65.3,Uncommon,False,False,0,0,0,bbref_war,False,False
brousbe01,brousbe01,Ben Broussard,1B,,Steroid Era (1994-2005),2005,2004,2002,2008,CLE,CLE,2136,561,87,15.0,171,466.0,8,L,0.263,0.324,0.188,0.198,0.073,28.8,55.4,28.4,27.8,39.2,D,C+,D,D,D+,65.2,Uncommon,False,False,0,0,0,bbref_war,False,False
wilsocr03,wilsocr03,Craig Wilson,1B,RF,Steroid Era (1994-2005),2004,2003,2001,2007,PIT,PIT,2010,527,99,14.0,198,643.0,8,R,0.262,0.353,0.211,0.278,0.086,21.2,65.2,38.9,25.3,31.9,D-,B,D+,D,D,65.2,Uncommon,False,False,0,0,0,bbref_war,False,False
fickro01,fickro01,Robert Fick,1B,"C,RF",Steroid Era (1994-2005),2001,2001,1998,2007,DET,DET,2373,613,69,6.0,235,386.0,11,L,0.268,0.336,0.162,0.139,0.09,38.6,43.4,42.4,13.6,41.8,D+,C-,C-,F,C-,65.1,Uncommon,True,False,1,0,0,bbref_war,False,False
myersgr01,myersgr01,Greg Myers,C,,Steroid Era (1994-2005),1998,2003,1987,2005,OAK,OAK,3042,776,87,3.0,268,539.0,22,L,0.266,0.326,0.163,0.166,0.084,34.9,44.5,37.2,1.0,54.3,D,C-,D+,F,C,65.1,Uncommon,False,False,0,0,0,bbref_war,False,False
helmswe01,helmswe01,Wes Helms,3B,1B,Steroid Era (1994-2005),2003,2006,1998,2011,ATL,ATL,2711,694,75,3.0,220,687.0,13,R,0.279,0.341,0.163,0.216,0.074,41.4,43.7,29.5,1.0,49.1,C-,C-,D,F,C,65.0,Uncommon,False,False,0,0,0,bbref_war,False,False
kieltbo01,kieltbo01,Bobby Kielty,RF,LF,Steroid Era (1994-2005),2004,2002,2001,2007,OAK,OAK,1792,456,53,21.0,246,372.0,9,B,0.254,0.348,0.154,0.179,0.118,23.4,39.1,65.0,38.1,46.7,D-,D+,B,D+,C,65.0,Uncommon,False,False,0,0,0,bbref_war,False,False
cangejo01,cangejo01,John Cangelosi,CF,LF,Steroid Era (1994-2005),1994,1987,1985,1999,PIT,PIT,2004,501,12,154.0,358,322.0,13,B,0.257,0.382,0.076,0.127,0.157,30.5,3.1,95.8,83.9,50.7,D,F,A+,A-,C,64.9,Uncommon,False,False,0,0,0,bbref_war,False,False
corajo01,corajo01,Joey Cora,2B,,Steroid Era (1994-2005),1995,1997,1987,1998,SEA,SEA,3734,1035,30,117.0,380,335.0,12,B,0.283,0.354,0.102,0.079,0.092,57.5,14.2,43.7,61.8,30.8,C+,F,C-,B-,D,64.9,Uncommon,True,False,1,0,0,bbref_war,False,False
cedenro01,cedenro01,Roger Cedeno,RF,"CF,LF",Steroid Era (1994-2005),1999,1999,1995,2005,LAD,LAD,3174,865,40,213.0,319,613.0,11,B,0.279,0.347,0.101,0.17,0.091,45.7,14.8,43.5,97.3,29.1,C,F,C-,A+,D,64.8,Uncommon,False,False,0,0,0,bbref_war,False,False
mieskma01,mieskma01,Matt Mieske,RF,LF,Steroid Era (1994-2005),1996,1999,1993,2000,MIL,MIL,1547,406,56,7.0,124,313.0,10,R,0.267,0.322,0.175,0.184,0.072,34.3,49.4,28.3,9.4,45.4,D,C,D,F,C,64.8,Uncommon,False,False,0,0,0,bbref_war,False,False
valenja01,valenja01,Javier Valentin,C,,Steroid Era (1994-2005),2003,2005,1997,2008,CIN,CIN,1507,379,45,0.0,131,257.0,10,B,0.268,0.33,0.16,0.143,0.087,38.2,42.5,40.2,2.4,47.4,D+,C-,C-,F,C,64.8,Uncommon,False,False,0,0,0,bbref_war,False,False
kreutch01,kreutch01,Chad Kreuter,C,,Steroid Era (1994-2005),1998,1993,1988,2003,LAD,LAD,2505,593,54,5.0,361,593.0,18,B,0.259,0.361,0.137,0.202,0.134,25.7,31.3,77.4,20.6,54.4,D,D,B+,D-,C,64.7,Uncommon,False,False,0,0,0,bbref_war,False,False
jimenda01,jimend'01,D'Angelo Jimenez,2B,SS,Steroid Era (1994-2005),2003,2004,1999,2007,SDP,SDP,2159,568,36,36.0,291,391.0,11,B,0.265,0.352,0.117,0.157,0.118,34.4,21.9,64.7,38.8,51.0,D,D-,B-,D+,C,64.5,Uncommon,False,False,0,0,0,bbref_war,False,False
bellhma01,bellhma01,Mark Bellhorn,2B,3B,Steroid Era (1994-2005),2002,2004,1997,2007,OAK,OAK,2107,484,69,30.0,346,723.0,12,B,0.241,0.355,0.169,0.282,0.145,2.2,45.3,86.1,41.2,51.7,F,C,A,C-,C,64.4,Uncommon,False,False,0,0,0,bbref_war,False,False
mackoro01,mackoro01,Rob Mackowiak,RF,"3B,CF,LF",Steroid Era (1994-2005),2004,2005,2001,2008,PIT,PIT,2328,603,64,49.0,227,586.0,9,L,0.262,0.334,0.147,0.224,0.086,25.9,36.2,39.1,47.8,50.2,D,D+,D+,C,C,64.4,Uncommon,False,False,0,0,0,bbref_war,False,False
lopezfe01,lopezfe01,Felipe Lopez,SS,"2B,3B",Steroid Era (1994-2005),2005,2005,2001,2011,CIN,CIN,4337,1145,90,124.0,445,913.0,16,B,0.272,0.342,0.127,0.175,0.095,39.5,27.1,46.0,53.7,36.5,D+,D,C,C,D+,64.3,Uncommon,True,False,1,0,0,bbref_war,False,False
sanchal03,sanchal03,Alex Sanchez,CF,,Steroid Era (1994-2005),2003,2002,2001,2005,MIL,MIL,1527,452,6,122.0,76,233.0,7,L,0.296,0.33,0.076,0.144,0.047,62.5,3.7,7.8,77.0,43.8,B-,F,F,B+,C-,64.3,Uncommon,False,False,0,0,0,bbref_war,False,False
disarga01,disarga01,Gary Disarcina,SS,,Steroid Era (1994-2005),1996,1998,1989,2000,LAA,LAA,3744,966,28,47.0,154,306.0,12,R,0.272,0.306,0.091,0.076,0.04,47.5,11.0,2.2,33.6,79.5,C,F,F,D,B+,64.2,Uncommon,True,False,1,0,0,bbref_war,False,False
longte01,longte01,Terrence Long,CF,"LF,RF",Steroid Era (1994-2005),2002,2000,1999,2006,OAK,OAK,3068,824,69,27.0,227,460.0,8,L,0.27,0.319,0.137,0.138,0.068,40.5,31.8,24.6,39.5,44.3,C-,D,D-,D+,C-,64.2,Uncommon,False,False,0,0,0,bbref_war,False,False
owenser01,owenser01,Eric Owens,LF,"CF,RF",Steroid Era (1994-2005),1999,2000,1995,2003,SDP,SDP,2353,621,26,126.0,182,284.0,9,R,0.274,0.326,0.09,0.099,0.069,47.6,10.6,25.2,72.3,48.7,C,F,D,B,C,64.2,Uncommon,False,False,0,0,0,bbref_war,False,False
sojolu01,sojolu01,Luis Sojo,2B,"3B,SS",Steroid Era (1994-2005),1994,1992,1990,2003,SEA,SEA,2571,671,36,28.0,124,198.0,15,R,0.277,0.315,0.106,0.068,0.049,53.1,18.6,9.2,30.7,57.4,C,F,F,D,C+,64.2,Uncommon,False,False,0,0,0,bbref_war,False,False
vizcajo01,vizcajo01,Jose Vizcaino,SS,"2B,3B",Steroid Era (1994-2005),1997,1997,1989,2006,NYM,NYM,5379,1453,36,74.0,378,729.0,21,B,0.284,0.331,0.08,0.125,0.066,53.8,5.5,22.8,44.7,62.1,C,F,D-,C-,B-,64.2,Uncommon,False,False,0,0,0,bbref_war,False,False
cruzde01,cruzde01,Deivi Cruz,SS,,Steroid Era (1994-2005),2001,2000,1997,2005,DET,DET,4124,1109,70,16.0,132,429.0,10,R,0.273,0.297,0.126,0.095,0.03,47.0,27.5,1.0,15.5,64.5,C,D,F,F,B-,64.1,Uncommon,False,False,0,0,0,bbref_war,False,False
gonzaal01,gonzaal01,Alex Gonzalez,SS,3B,Steroid Era (1994-2005),1999,1996,1994,2006,TOR,TOR,4977,1209,137,97.0,392,1165.0,15,R,0.244,0.308,0.16,0.218,0.08,10.1,42.5,34.0,38.5,68.6,F,C-,D,D+,B,64.0,Uncommon,False,False,0,0,0,bbref_war,False,False
houstty01,houstty01,Tyler Houston,3B,"1B,C",Steroid Era (1994-2005),2000,2001,1996,2003,CHC,CHC,1805,479,63,10.0,119,408.0,11,L,0.266,0.314,0.167,0.216,0.064,30.2,47.0,21.2,22.5,45.5,D,C,D-,D-,C,64.0,Uncommon,False,False,0,0,0,bbref_war,False,False
maynebr01,maynebr01,Brent Mayne,C,,Steroid Era (1994-2005),1998,1999,1990,2004,KCR,KCR,3614,951,38,18.0,370,580.0,17,L,0.276,0.35,0.103,0.148,0.099,45.1,16.6,49.7,11.8,60.1,C,F,C,F,B-,64.0,Uncommon,False,False,0,0,0,bbref_war,False,False
garcica01,garcica01,Carlos Garcia,2B,,Steroid Era (1994-2005),1994,1993,1990,1999,PIT,PIT,2178,580,33,73.0,115,340.0,10,R,0.279,0.322,0.115,0.138,0.052,48.7,22.1,11.5,55.0,42.7,C,D-,F,C+,C-,63.9,Common,True,False,1,0,0,bbref_war,False,False
waltoje01,waltoje01,Jerome Walton,CF,LF,Steroid Era (1994-2005),1995,1989,1989,1998,CHC,CHC,1573,423,25,58.0,138,280.0,10,R,0.273,0.334,0.11,0.158,0.077,41.2,19.9,32.2,52.3,48.6,C-,F,D,C,C,63.9,Common,False,False,0,0,0,bbref_war,False,False
lewisda01,lewisda01,Darren Lewis,CF,"LF,RF",Steroid Era (1994-2005),1995,1993,1990,2002,SFG,SFG,4081,1021,27,247.0,403,514.0,15,R,0.252,0.329,0.078,0.114,0.096,26.6,4.0,47.3,84.1,70.1,D,F,C,A-,B,63.8,Common,False,False,0,1,2,bbref_war,False,False
perezti01,perezti01,Timo Perez,CF,"LF,RF",Steroid Era (1994-2005),2003,2002,2000,2007,NYM,NYM,1671,449,26,23.0,92,159.0,8,L,0.275,0.313,0.117,0.084,0.05,49.5,23.2,10.3,28.8,53.0,C,D-,F,D,C,63.8,Common,False,False,0,0,0,bbref_war,False,False
blowemi01,blowemi01,Mike Blowers,3B,1B,Steroid Era (1994-2005),1994,1993,1989,1999,SEA,SEA,2300,591,78,7.0,248,610.0,11,R,0.265,0.337,0.167,0.23,0.099,27.7,45.8,49.8,9.5,41.0,D,C,C,F,C-,63.7,Common,False,False,0,0,0,bbref_war,False,False
andresh01,andresh01,Shane Andrews,3B,,Steroid Era (1994-2005),1998,1998,1995,2002,WSH,WSH,1704,375,86,7.0,191,515.0,8,R,0.22,0.298,0.201,0.268,0.099,1.0,61.5,49.8,12.5,54.7,F,B-,C,F,C,63.6,Common,False,False,0,0,0,bbref_war,False,False
brownem01,brownem01,Emil Brown,RF,"CF,LF",Steroid Era (1994-2005),2005,2006,1997,2009,KCR,KCR,2249,581,59,52.0,197,468.0,11,R,0.265,0.326,0.144,0.176,0.079,32.4,35.3,33.4,49.2,37.3,D,D+,D,C,D+,63.6,Common,False,False,0,0,0,bbref_war,False,False
benjami01,benjami01,Mike Benjamin,SS,"2B,3B",Steroid Era (1994-2005),1996,1998,1989,2002,SFG,SFG,1926,442,24,44.0,106,429.0,13,R,0.256,0.303,0.124,0.202,0.053,22.6,25.3,12.6,52.2,74.8,D-,D,F,C,B,63.5,Common,False,False,0,0,0,bbref_war,False,False
brumfja01,brumfja01,Jacob Brumfield,CF,LF,Steroid Era (1994-2005),1995,1994,1992,1999,CIN,CIN,1575,404,32,74.0,137,290.0,9,R,0.257,0.318,0.137,0.167,0.079,26.3,31.1,33.4,61.5,46.0,D,D,D,B-,C,63.5,Common,False,False,0,0,0,bbref_war,False,False
huntebr01,huntebr01,Brian Hunter,1B,,Steroid Era (1994-2005),1996,1996,1991,2000,ATL,ATL,1555,364,67,4.0,141,335.0,11,R,0.242,0.305,0.203,0.189,0.08,11.9,61.5,34.3,9.6,47.4,F,B-,D,F,C,63.5,Common,False,False,0,0,0,bbref_war,False,False
cintral01,cintral01,Alex Cintron,SS,"2B,3B",Steroid Era (1994-2005),2004,2003,2001,2009,ARI,ARI,2056,565,33,18.0,112,230.0,9,B,0.281,0.318,0.125,0.096,0.051,53.8,25.9,11.3,33.7,35.2,C,D,F,D,D+,63.3,Common,False,False,0,0,0,bbref_war,False,False
penawi01,penawi01,Wily Mo Peña,RF,"CF,LF",Steroid Era (1994-2005),2005,2004,2002,2011,CIN,CIN,1703,425,84,12.0,111,559.0,10,R,0.255,0.311,0.212,0.312,0.062,12.3,67.4,19.6,25.8,35.0,F,B,F,D,D+,63.3,Common,False,False,0,0,0,bbref_war,False,False
flahejo01,flahejo01,John Flaherty,C,,Steroid Era (1994-2005),1999,1999,1992,2005,TB,TB,3372,849,80,10.0,175,514.0,15,R,0.268,0.305,0.143,0.142,0.048,38.6,36.1,8.6,9.4,55.7,D+,D+,F,F,C+,63.2,Common,False,False,0,0,0,bbref_war,False,False
buforda01,buforda01,Damon Buford,CF,,Steroid Era (1994-2005),1997,1998,1993,2001,TEX,TEX,1853,448,54,56.0,173,430.0,10,R,0.249,0.315,0.149,0.21,0.081,16.2,37.5,35.4,46.3,54.7,F,D+,D+,C,C,63.1,Common,False,False,0,0,0,bbref_war,False,False
diazei01,diazei01,Einar Diaz,C,,Steroid Era (1994-2005),2000,2001,1996,2006,CLE,CLE,2061,523,21,21.0,96,199.0,11,R,0.275,0.324,0.104,0.096,0.044,48.5,17.5,5.4,30.6,59.1,C,F,F,D,C+,63.1,Common,False,False,0,0,0,bbref_war,False,False
girarjo01,girarjo01,Joe Girardi,C,,Steroid Era (1994-2005),1996,2000,1989,2003,CHC,CHC,4127,1100,36,44.0,279,607.0,15,R,0.278,0.327,0.091,0.136,0.063,47.9,10.4,20.7,35.6,60.3,C,F,D-,D+,B-,63.1,Common,True,False,1,0,0,bbref_war,False,False
harriwi01,harriwi02,Willie Harris,LF,"2B,CF",Steroid Era (1994-2005),2005,2008,2001,2012,CHW,CHW,2441,580,39,107.0,306,500.0,12,L,0.252,0.346,0.112,0.177,0.117,21.6,19.0,64.1,66.4,49.5,D-,F,B-,B,C,63.1,Common,False,False,0,0,0,bbref_war,False,False
estrajo01,estrajo01,Johnny Estrada,C,,Steroid Era (1994-2005),2004,2004,2001,2008,ATL,ATL,2079,576,42,0.0,103,228.0,8,B,0.285,0.324,0.121,0.102,0.045,57.1,25.8,6.5,1.0,47.3,C+,D,F,F,C,63.0,Common,True,False,1,0,0,bbref_war,False,False
lampkto01,lampkto01,Tom Lampkin,C,,Steroid Era (1994-2005),1999,1999,1988,2002,SEA,SEA,1796,422,56,23.0,193,286.0,13,L,0.24,0.325,0.16,0.144,0.093,14.2,42.5,44.7,21.4,57.0,F,C-,C-,D-,C+,63.0,Common,False,False,0,0,0,bbref_war,False,False
mearepa01,mearepa01,Pat Meares,SS,2B,Steroid Era (1994-2005),1997,1995,1993,2001,MIN,MIN,3287,849,58,43.0,150,588.0,9,R,0.264,0.309,0.125,0.17,0.046,32.5,26.5,7.1,45.9,59.1,D,D,F,C,C+,62.9,Common,False,False,0,0,0,bbref_war,False,False
ariasal01,ariasal01,Alex Arias,SS,3B,Steroid Era (1994-2005),1998,1996,1992,2002,PHI,PHI,1773,470,18,10.0,181,211.0,11,R,0.278,0.349,0.089,0.095,0.091,51.5,10.5,42.9,26.8,45.6,C,F,C-,D,C,62.8,Common,False,False,0,0,0,bbref_war,False,False
davisru01,davisru01,Russ Davis,3B,,Steroid Era (1994-2005),1997,1997,1994,2001,SEA,SEA,1980,508,84,16.0,146,503.0,8,R,0.257,0.312,0.189,0.233,0.068,21.1,56.7,24.7,24.3,31.9,D-,C+,D-,D-,D,62.8,Common,False,False,0,0,0,bbref_war,False,False
obriech01,o'brich01,Charlie O'Brien,C,,Steroid Era (1994-2005),1994,1989,1985,2000,TOR,TOR,2232,493,56,1.0,209,354.0,17,R,0.238,0.322,0.156,0.133,0.086,13.7,40.9,38.9,1.0,71.3,F,C-,D+,F,B,62.8,Common,False,False,0,0,0,bbref_war,False,False
larueja01,larueja01,Jason LaRue,C,,Steroid Era (1994-2005),2003,2005,1999,2010,CIN,CIN,2719,628,96,14.0,237,760.0,12,R,0.245,0.325,0.173,0.253,0.07,8.0,48.6,26.3,11.2,68.7,F,C,D,F,B,62.7,Common,False,False,0,0,0,bbref_war,False,False
martira03,martira03,Ramon Martinez,SS,"2B,3B",Steroid Era (1994-2005),2001,2000,1998,2009,SFG,SFG,1952,512,29,10.0,170,267.0,13,R,0.274,0.334,0.12,0.127,0.08,45.1,24.2,34.4,19.0,42.0,C,D-,D,F,C-,62.7,Common,False,False,0,0,0,bbref_war,False,False
schnebr01,schnebr01,Brian Schneider,C,,Steroid Era (1994-2005),2004,2004,2000,2012,WSH,WSH,3165,781,67,4.0,331,526.0,13,L,0.255,0.33,0.121,0.137,0.096,27.9,25.0,47.2,9.0,64.8,D,D,C,F,B-,62.7,Common,False,False,0,0,0,bbref_war,False,False
jacksda04,jacksda04,Damian Jackson,2B,"LF,SS",Steroid Era (1994-2005),2000,2000,1996,2006,SDP,SDP,2209,536,32,133.0,245,517.0,13,R,0.244,0.327,0.115,0.208,0.102,11.5,21.0,51.9,83.2,54.2,F,D-,C,A-,C,62.5,Common,False,False,0,0,0,bbref_war,False,False
livinsc01,livinsc01,Scott Livingstone,3B,,Steroid Era (1994-2005),1994,1992,1991,1998,DET,DET,1533,431,17,10.0,89,189.0,10,L,0.287,0.323,0.091,0.114,0.055,57.1,12.0,14.4,16.3,51.9,C+,F,F,F,C,62.5,Common,False,False,0,0,0,bbref_war,False,False
spraged02,spraged02,Ed Sprague,3B,1B,Steroid Era (1994-2005),1996,1996,1991,2001,TOR,TOR,4095,1010,152,6.0,358,833.0,14,R,0.252,0.329,0.175,0.178,0.086,21.4,49.5,38.8,6.9,41.8,D-,C,D+,F,C-,62.5,Common,True,False,1,0,0,bbref_war,False,False
carrch02,carrch02,Chuck Carr,CF,,Steroid Era (1994-2005),1994,1993,1990,1997,MIA,MIA,1713,435,13,144.0,149,273.0,9,B,0.254,0.317,0.079,0.145,0.08,26.4,5.8,33.9,86.5,61.4,D,F,D,A,B-,62.4,Common,False,False,0,0,0,bbref_war,False,False
eusebto01,eusebto01,Tony Eusebio,C,,Steroid Era (1994-2005),1998,1995,1991,2001,HOU,HOU,1739,479,30,1.0,182,324.0,9,R,0.278,0.347,0.11,0.169,0.09,44.8,20.1,42.3,1.0,50.7,C-,D-,C-,F,C,62.4,Common,False,False,0,0,0,bbref_war,False,False
matoslu01,matoslu01,Luis Matos,CF,,Steroid Era (1994-2005),2003,2003,2000,2006,BAL,BAL,1605,410,30,72.0,108,297.0,8,R,0.255,0.312,0.12,0.17,0.062,25.1,24.3,19.6,60.6,55.1,D,D-,F,B-,C+,62.3,Common,False,False,0,0,0,bbref_war,False,False
difelmi01,difelmi01,Mike Difelice,C,,Steroid Era (1994-2005),2002,1999,1996,2008,TB,TB,1558,368,28,3.0,101,334.0,15,R,0.258,0.306,0.145,0.169,0.056,28.0,35.8,14.7,17.4,56.0,D,D+,F,F,C+,62.1,Common,False,False,0,0,0,bbref_war,False,False
fordybr01,fordybr01,Brook Fordyce,C,,Steroid Era (1994-2005),1999,2000,1995,2004,BAL,BAL,1807,467,41,8.0,119,295.0,11,R,0.268,0.317,0.139,0.142,0.059,38.5,33.4,17.8,15.2,43.1,D+,D,F,F,C-,62.1,Common,False,False,0,0,0,bbref_war,False,False
stinnke01,stinnke01,Kelly Stinnett,C,,Steroid Era (1994-2005),1999,1998,1994,2007,CIN,CIN,2033,476,65,10.0,196,567.0,16,R,0.245,0.332,0.163,0.249,0.096,9.6,43.9,47.2,23.1,52.4,F,C-,C,D-,C,62.1,Common,False,False,0,0,0,bbref_war,False,False
servasc01,servasc01,Scott Servais,C,,Steroid Era (1994-2005),1996,1995,1991,2001,HOU,HOU,2493,611,63,3.0,183,407.0,13,R,0.26,0.324,0.14,0.152,0.071,30.8,34.4,27.4,1.0,54.6,D,D,D,F,C,62.0,Common,False,False,0,0,0,bbref_war,False,False
abbotku01,abbotku01,Kurt Abbott,SS,2B,Steroid Era (1994-2005),1996,1995,1993,2001,MIA,MIA,2044,523,62,22.0,133,571.0,10,R,0.257,0.306,0.168,0.261,0.06,18.1,45.4,17.9,35.0,44.0,F,C,F,D+,C-,61.9,Common,False,False,0,0,0,bbref_war,False,False
burrose01,burrose01,Sean Burroughs,3B,,Steroid Era (1994-2005),2005,2004,2002,2012,SDP,SDP,1664,463,12,20.0,119,223.0,7,L,0.278,0.335,0.077,0.123,0.066,49.1,4.8,22.7,38.2,54.2,C,F,D-,D+,C,61.9,Common,False,False,0,0,0,bbref_war,False,False
haltesh01,haltesh01,Shane Halter,3B,SS,Steroid Era (1994-2005),2000,2001,1997,2004,DET,DET,1899,468,45,17.0,146,414.0,8,R,0.25,0.307,0.145,0.202,0.072,17.1,35.1,28.0,26.0,60.1,F,D+,D,D,B-,61.8,Common,False,False,0,0,0,bbref_war,False,False
kellypa03,kellypa03,Pat Kelly,2B,3B,Steroid Era (1994-2005),1994,1993,1991,1999,NYY,NYY,1988,495,36,61.0,145,425.0,9,R,0.253,0.31,0.122,0.184,0.065,21.7,25.1,22.3,49.4,58.6,D-,D,D-,C,C+,61.8,Common,False,False,0,0,0,bbref_war,False,False
lemkema01,lemkema01,Mark Lemke,2B,,Steroid Era (1994-2005),1994,1993,1988,1998,ATL,ATL,3230,795,32,11.0,348,341.0,11,B,0.251,0.325,0.082,0.089,0.102,28.2,7.0,51.6,11.5,80.5,D,F,C,F,A-,61.8,Common,False,False,0,0,0,bbref_war,False,False
paquecr01,paquecr01,Craig Paquette,3B,"1B,LF,RF",Steroid Era (1994-2005),1997,2001,1993,2003,KCR,KCR,2591,620,99,27.0,120,620.0,11,R,0.248,0.284,0.185,0.227,0.046,12.9,55.3,7.2,33.4,42.8,F,C+,F,D,C-,61.8,Common,False,False,0,0,0,bbref_war,False,False
febleca01,febleca01,Carlos Febles,2B,,Steroid Era (1994-2005),2000,1999,1998,2003,KCR,KCR,1656,414,24,68.0,163,297.0,6,R,0.25,0.328,0.104,0.16,0.088,21.3,16.5,40.5,68.2,52.5,D-,F,C-,B,C,61.6,Common,False,False,0,0,0,bbref_war,False,False
hallto02,hallto02,Toby Hall,C,,Steroid Era (1994-2005),2003,2005,2000,2008,TB,TB,2350,616,46,2.0,104,216.0,10,R,0.266,0.303,0.111,0.087,0.043,41.5,21.6,5.0,1.0,65.5,C-,D-,F,F,B,61.6,Common,False,False,0,0,0,bbref_war,False,False
harveke01,harveke01,Ken Harvey,1B,,Steroid Era (1994-2005),2004,2003,2001,2005,KCR,KCR,998,273,27,3.0,60,200.0,4,R,0.274,0.322,0.137,0.186,0.056,39.1,33.4,14.9,4.1,45.4,D+,D,F,F,C,61.6,Common,True,False,1,0,0,bbref_war,False,False
mcewijo01,mcewijo01,Joe McEwing,2B,"3B,LF,RF,SS",Steroid Era (1994-2005),2001,1999,1998,2006,NYM,NYM,1767,443,25,33.0,113,352.0,9,R,0.26,0.315,0.111,0.175,0.064,28.2,20.4,21.8,38.7,59.8,D,D-,D-,D+,C+,61.6,Common,False,False,0,0,0,bbref_war,False,False
rebouje01,rebouje01,Jeff Reboulet,SS,"2B,3B",Steroid Era (1994-2005),1995,1995,1992,2003,MIN,MIN,2229,536,20,22.0,292,401.0,12,R,0.253,0.343,0.093,0.16,0.116,24.3,12.5,62.7,22.7,65.4,D-,F,B-,D-,B,61.6,Common,False,False,0,0,0,bbref_war,False,False
guerrwi01,guerrwi01,Wilton Guerrero,2B,LF,Steroid Era (1994-2005),1999,1997,1996,2004,LAD,LAD,1678,473,11,42.0,64,249.0,10,B,0.285,0.308,0.093,0.144,0.031,52.8,10.8,1.0,48.7,41.9,C,F,F,C,C-,61.5,Common,False,False,0,0,0,bbref_war,False,False
rivaslu01,rivaslu01,Luis Rivas,2B,,Steroid Era (1994-2005),2004,2004,2000,2008,MIN,MIN,2101,541,34,81.0,126,316.0,8,R,0.262,0.307,0.123,0.142,0.055,33.1,24.6,14.6,69.4,34.0,D,D-,F,B,D,61.5,Common,False,False,0,0,0,bbref_war,False,False
santafp01,santaf.01,F. P. Santangelo,LF,"2B,CF,RF",Steroid Era (1994-2005),1998,1996,1995,2001,WSH,WSH,1691,415,21,37.0,240,319.0,7,B,0.245,0.364,0.105,0.157,0.118,17.5,16.1,65.0,43.4,58.2,F,F,B,C-,C+,61.5,Common,False,False,0,0,0,bbref_war,False,False
bransje01,bransje01,Jeff Branson,3B,"2B,SS",Steroid Era (1994-2005),1996,1995,1992,2001,CIN,CIN,1555,383,34,9.0,122,312.0,10,L,0.256,0.311,0.132,0.178,0.075,25.0,29.6,30.0,26.9,49.8,D,D,D,D,C,61.2,Common,False,False,0,0,0,bbref_war,False,False
gatesbr01,gatesbr01,Brent Gates,2B,3B,Steroid Era (1994-2005),1996,1993,1993,1999,OAK,OAK,2329,616,25,18.0,225,349.0,7,B,0.264,0.327,0.093,0.134,0.087,36.1,11.5,39.5,27.9,53.9,D+,F,D+,D,C,61.1,Common,False,False,0,0,0,bbref_war,False,False
hockide01,hockide01,Denny Hocking,2B,"3B,LF,RF,SS",Steroid Era (1994-2005),2001,2000,1993,2005,MIN,MIN,2358,591,25,36.0,205,442.0,13,B,0.267,0.327,0.098,0.165,0.081,36.0,13.8,35.0,42.0,45.8,D+,F,D+,C-,C,61.1,Common,False,False,0,0,0,bbref_war,False,False
maciajo01,maciajo01,Jose Macias,3B,"2B,CF",Steroid Era (1994-2005),2002,2001,1999,2005,DET,DET,1646,422,26,43.0,93,243.0,8,B,0.256,0.298,0.115,0.138,0.053,28.8,21.7,12.5,48.3,51.9,D,D-,F,C,C,61.0,Common,False,False,0,0,0,bbref_war,False,False
nunezab01,nunezab01,Abraham Nunez,2B,"3B,SS",Steroid Era (1994-2005),2002,2005,1997,2008,PIT,PIT,2486,601,18,38.0,250,447.0,12,B,0.257,0.324,0.088,0.155,0.087,27.4,9.2,40.1,42.1,62.7,D,F,C-,C-,B-,61.0,Common,False,False,0,0,0,bbref_war,False,False
stockke01,stockke01,Kevin Stocker,SS,,Steroid Era (1994-2005),1997,1997,1993,2000,PHI,PHI,2773,703,23,45.0,313,541.0,9,B,0.26,0.346,0.088,0.166,0.103,29.1,8.2,52.6,44.5,53.2,D,F,C,C-,C,60.9,Common,False,False,0,0,0,bbref_war,False,False
woodwch01,woodwch01,Chris Woodward,SS,"2B,3B",Steroid Era (1994-2005),2003,2002,1999,2011,TOR,TOR,1706,408,33,9.0,137,400.0,13,R,0.258,0.314,0.131,0.208,0.072,23.9,28.7,27.7,21.0,53.2,D-,D,D,D-,C,60.8,Common,False,False,0,0,0,bbref_war,False,False
berroan01,berroan01,Angel Berroa,SS,,Steroid Era (1994-2005),2004,2003,2001,2009,KCR,KCR,2575,665,46,50.0,117,460.0,10,R,0.267,0.315,0.121,0.163,0.045,35.4,24.5,6.4,50.8,37.7,D+,D-,F,C,D+,60.7,Common,False,False,0,0,0,bbref_war,False,False
moutoja01,moutoja01,James Mouton,LF,"CF,RF",Steroid Era (1994-2005),1997,1995,1994,2001,HOU,HOU,1570,386,18,109.0,174,338.0,8,R,0.248,0.33,0.092,0.192,0.098,16.9,11.8,48.7,78.2,48.1,F,F,C,B+,C,60.6,Common,False,False,0,0,0,bbref_war,False,False
widgech01,widgech01,Chris Widger,C,,Steroid Era (1994-2005),2000,1999,1995,2006,WSH,WSH,1826,435,55,10.0,141,384.0,12,R,0.243,0.3,0.163,0.188,0.07,12.9,44.4,25.9,18.9,44.9,F,C-,D,F,C-,60.4,Common,False,False,0,0,0,bbref_war,False,False
relafde01,relafde01,Desi Relaford,SS,"2B,3B",Steroid Era (1994-2005),2001,2001,1996,2007,PHI,PHI,2939,714,40,81.0,293,497.0,12,B,0.249,0.326,0.111,0.152,0.091,21.2,19.2,43.2,54.6,43.0,D-,F,C-,C,C-,60.3,Common,False,False,0,0,0,bbref_war,False,False
perezto03,perezto03,Tomas Perez,2B,"3B,SS",Steroid Era (1994-2005),1998,2001,1995,2008,TOR,TOR,1896,455,24,6.0,131,341.0,12,B,0.259,0.315,0.109,0.146,0.073,30.6,19.5,28.7,7.1,59.0,D,F,D,F,C+,60.2,Common,False,False,0,0,0,bbref_war,False,False
gutieri01,gutieri01,Ricky Gutierrez,SS,2B,Steroid Era (1994-2005),1999,2001,1993,2004,HOU,HOU,3632,967,38,50.0,364,586.0,13,R,0.272,0.344,0.087,0.141,0.089,42.4,9.2,41.3,42.8,31.2,C-,F,C-,C-,D,60.1,Common,False,False,0,0,0,bbref_war,False,False
lewisma01,lewisma01,Mark Lewis,2B,"3B,SS",Steroid Era (1994-2005),1996,1992,1991,2001,CLE,CLE,2795,736,48,29.0,196,511.0,12,R,0.271,0.319,0.114,0.164,0.064,39.2,21.8,21.1,32.9,32.6,D+,D-,D-,D,D,60.1,Common,False,False,0,0,0,bbref_war,False,False
bogarti01,bogarti01,Tim Bogar,SS,3B,Steroid Era (1994-2005),1996,1997,1993,2001,NYM,NYM,1516,345,24,13.0,143,272.0,9,R,0.244,0.313,0.11,0.153,0.084,17.5,19.8,37.5,23.5,63.0,F,F,D+,D-,B-,60.0,Common,False,False,0,0,0,bbref_war,False,False
ordonre01,ordonre01,Rey Ordonez,SS,,Steroid Era (1994-2005),2001,1999,1996,2004,NYM,NYM,3115,767,12,28.0,191,339.0,9,R,0.251,0.297,0.07,0.1,0.062,27.4,1.5,19.7,26.0,84.2,D,F,F,D,A-,60.0,Common,False,False,0,3,6,bbref_war,False,False
bergda01,bergda01,Dave Berg,2B,"3B,SS",Steroid Era (1994-2005),2001,1999,1998,2004,MIA,MIA,1600,430,21,8.0,133,308.0,7,R,0.269,0.328,0.104,0.174,0.075,36.2,17.0,30.5,17.5,45.1,D+,F,D,F,C,59.9,Common,False,False,0,0,0,bbref_war,False,False
mathemi01,mathemi01,Mike Matheny,C,,Steroid Era (1994-2005),2000,2000,1994,2006,STL,STL,3877,925,67,8.0,266,795.0,13,R,0.248,0.308,0.107,0.18,0.071,17.8,18.8,27.3,4.9,77.7,F,F,D,F,B+,59.9,Common,False,False,0,4,8,bbref_war,False,False
foxan01,foxan01,Andy Fox,SS,"2B,3B",Steroid Era (1994-2005),1999,1998,1996,2004,ARI,ARI,1925,461,30,74.0,197,407.0,11,L,0.247,0.333,0.102,0.179,0.094,16.8,15.5,45.9,66.9,42.3,F,F,C,B,C-,59.8,Common,False,False,0,0,0,bbref_war,False,False
gomezch02,gomezch02,Chris Gomez,SS,"1B,2B,3B",Steroid Era (1994-2005),2004,1998,1993,2008,TB,TB,4604,1206,60,35.0,408,750.0,19,R,0.262,0.329,0.105,0.155,0.083,32.3,17.5,36.6,22.1,41.4,D,F,D+,D-,C-,59.7,Common,False,False,0,0,0,bbref_war,False,False
listapa01,listapa01,Pat Listach,SS,CF,Steroid Era (1994-2005),1994,1992,1992,1997,MIL,MIL,1772,444,5,116.0,167,338.0,6,B,0.251,0.316,0.059,0.173,0.085,20.6,1.0,38.6,81.2,52.1,D-,F,D+,A-,C,59.6,Common,False,False,0,0,0,bbref_war,False,False
strando01,strando01,Doug Strange,3B,2B,Steroid Era (1994-2005),1994,1993,1989,1998,TEX,TEX,1859,434,31,14.0,155,330.0,9,B,0.244,0.309,0.108,0.158,0.081,16.7,19.6,35.4,21.2,60.6,F,F,D+,D-,B-,59.6,Common,False,False,0,0,0,bbref_war,False,False
vazqura01,vazqura01,Ramon Vazquez,SS,"2B,3B",Steroid Era (1994-2005),2004,2002,2001,2009,SDP,SDP,1951,496,22,20.0,217,414.0,10,L,0.258,0.334,0.098,0.187,0.102,25.7,13.4,51.6,39.1,40.5,D,F,C,D+,C-,59.6,Common,False,False,0,0,0,bbref_war,False,False
sveumda01,sveumda01,Dale Sveum,SS,3B,Steroid Era (1994-2005),1994,1987,1986,1999,MIL,MIL,2526,597,69,10.0,227,656.0,13,B,0.249,0.305,0.155,0.234,0.076,13.6,40.6,30.8,9.9,38.7,F,C-,D,F,D+,59.4,Common,False,False,0,0,0,bbref_war,False,False
gilbe01,gilbe01,Benji Gil,SS,2B,Steroid Era (1994-2005),1997,2001,1993,2003,TEX,TEX,1610,381,32,24.0,102,448.0,8,R,0.243,0.289,0.119,0.234,0.059,8.7,24.1,17.4,27.8,67.1,F,D-,F,D,B,59.3,Common,False,False,0,0,0,bbref_war,False,False
castrju01,castrju01,Juan Castro,SS,"2B,3B",Steroid Era (1994-2005),2003,2003,1995,2011,CIN,CIN,2627,601,36,5.0,149,472.0,20,R,0.255,0.289,0.117,0.171,0.049,24.8,24.6,9.6,2.1,56.8,D-,D-,F,F,C+,59.1,Common,False,False,0,0,0,bbref_war,False,False
davisbe01,davisbe01,Ben Davis,C,,Steroid Era (1994-2005),2001,2001,1998,2004,SDP,SDP,1512,358,38,9.0,153,385.0,8,B,0.237,0.306,0.129,0.228,0.09,3.8,29.0,42.7,16.2,55.5,F,D,C-,F,C+,58.9,Common,False,False,0,0,0,bbref_war,False,False
lopezlu02,lopezlu02,Luis Lopez,SS,"2B,3B",Steroid Era (1994-2005),2000,2000,1993,2005,MIL,MIL,1620,390,22,10.0,100,343.0,12,B,0.26,0.318,0.109,0.192,0.062,27.4,19.7,19.5,20.1,41.5,D,F,F,D-,C-,58.8,Common,False,False,0,0,0,bbref_war,False,False
bennega01,bennega01,Gary Bennett,C,,Steroid Era (1994-2005),2000,2003,1995,2008,PHI,PHI,1690,408,22,6.0,139,270.0,15,R,0.241,0.313,0.086,0.153,0.089,15.9,11.6,41.8,23.9,47.9,F,F,C-,D-,C,58.1,Common,False,False,0,0,0,bbref_war,False,False
fabrejo01,fabrejo01,Jorge Fabregas,C,,Steroid Era (1994-2005),1998,2000,1994,2002,LAA,LAA,1827,441,23,4.0,114,217.0,13,L,0.253,0.295,0.075,0.107,0.057,28.8,5.4,16.2,8.7,58.4,D,F,F,F,C+,58.1,Common,False,False,0,0,0,bbref_war,False,False
walbema01,walbema01,Matt Walbeck,C,,Steroid Era (1994-2005),1998,1998,1993,2003,DET,DET,2109,492,28,13.0,133,343.0,11,B,0.253,0.307,0.077,0.162,0.07,24.0,6.2,26.2,20.2,52.6,D-,F,D,D-,C,58.1,Common,False,False,0,0,0,bbref_war,False,False
bakopa01,bakopa01,Paul Bako,C,,Steroid Era (1994-2005),2003,1998,1998,2009,CHC,CHC,2202,508,24,4.0,233,589.0,14,L,0.244,0.315,0.096,0.225,0.095,10.3,13.7,46.5,6.2,54.8,F,F,C,F,C,57.8,Common,False,False,0,0,0,bbref_war,False,False
howarda02,howarda02,David Howard,SS,2B,Steroid Era (1994-2005),1994,1995,1991,1999,KCR,KCR,1583,362,11,23.0,137,311.0,9,B,0.234,0.292,0.069,0.177,0.076,6.6,2.2,31.0,31.9,68.8,F,F,D,D,B,57.6,Common,False,False,0,0,0,bbref_war,False,False
delahed01,delahed01,Ed Delahanty,LF,"1B,2B,CF,SS",The Genesis Era (1871-1900),1898,1899,1888,1903,PHI,PHI,7510,2597,101,456.0,742,439.0,16,R,0.377,0.451,0.19,0.046,0.108,125.0,98.2,77.1,60.6,58.9,S,A+,B+,B-,C+,96.7,Legendary,False,True,0,0,0,bbref_war,False,False
broutda01,broutda01,Dan Brouthers,1B,,The Genesis Era (1871-1900),1888,1892,1879,1904,HIST,HIST,6726,2303,107,257.0,840,238.0,20,L,0.346,0.435,0.173,0.026,0.118,111.7,84.4,87.7,46.9,63.4,S,A-,A,C,B-,94.0,Legendary,False,True,0,0,0,bbref_war,False,False
kellejo01,kellejo01,Joe Kelley,LF,"1B,CF",The Genesis Era (1871-1900),1897,1896,1891,1908,HIST,HIST,7006,2220,65,443.0,911,430.0,19,R,0.351,0.442,0.158,0.041,0.128,111.5,73.2,97.8,74.1,56.3,S,B,A+,B,C+,93.4,Legendary,False,True,0,0,0,bbref_war,False,False
thompsa01,thompsa01,Sam Thompson,RF,,The Genesis Era (1871-1900),1892,1895,1885,1906,PHI,PHI,5998,1988,126,232.0,452,234.0,15,L,0.352,0.404,0.181,0.034,0.071,115.1,91.6,40.2,44.2,54.0,S,A,C-,C-,C,92.0,Legendary,False,True,0,0,0,bbref_war,False,False
connoro01,connoro01,Roger Connor,1B,3B,The Genesis Era (1871-1900),1888,1885,1880,1897,SFG,SFG,7797,2467,138,244.0,1002,455.0,19,B,0.314,0.41,0.185,0.06,0.133,73.8,92.4,102.7,48.2,81.3,B,A,S,C,A-,91.9,Legendary,False,True,0,0,0,bbref_war,False,False
hamilbi01,hamilbi01,Billy Hamilton,CF,"LF,RF",The Genesis Era (1871-1900),1894,1894,1888,1901,PHI,PHI,6283,2164,40,914.0,1189,362.0,14,L,0.36,0.469,0.093,0.047,0.159,118.8,31.2,125.0,116.4,58.5,S,D,S,S,C+,91.7,Legendary,False,True,0,0,0,bbref_war,False,False
duffyhu01,duffyhu01,Hugh Duffy,CF,"LF,RF",The Genesis Era (1871-1900),1894,1894,1888,1906,ATL,ATL,7044,2293,106,574.0,664,268.0,17,R,0.348,0.411,0.138,0.036,0.092,110.4,64.6,61.9,76.0,67.5,S,B-,B-,B+,B,91.2,Legendary,False,True,0,0,0,bbref_war,False,False
ansonca01,ansonca01,Cap Anson,1B,"3B,C",The Genesis Era (1871-1900),1887,1886,1871,1897,CHC,CHC,10281,3435,97,277.0,984,330.0,27,R,0.342,0.413,0.146,0.031,0.105,106.9,70.4,74.2,36.2,73.4,S,B,B,D+,B,90.7,Legendary,False,True,0,0,0,bbref_war,False,False
stoveha01,stoveha01,Harry Stovey,1B,"CF,LF,RF",The Genesis Era (1871-1900),1886,1888,1880,1893,OAK,OAK,6153,1775,122,509.0,664,452.0,16,R,0.301,0.371,0.193,0.053,0.097,64.4,100.6,66.4,76.6,60.4,B-,S,B,B+,B-,89.0,Legendary,False,False,0,0,0,bbref_war,False,False
brownpe01,brownpe01,Pete Browning,CF,"3B,LF",The Genesis Era (1871-1900),1885,1887,1882,1894,NLB,NLB,4820,1646,46,258.0,466,245.0,16,R,0.36,0.413,0.141,0.035,0.078,121.0,65.1,47.4,56.6,44.6,S,B,C,C+,C-,88.6,Legendary,False,False,0,0,0,bbref_war,False,False
tiernmi01,tiernmi01,Mike Tiernan,RF,"CF,LF",The Genesis Era (1871-1900),1891,1896,1887,1899,SFG,SFG,5915,1838,106,428.0,748,376.0,13,L,0.326,0.409,0.161,0.057,0.118,85.4,77.7,87.1,70.7,50.8,A,B+,A,B,C,88.5,Legendary,False,False,0,0,0,bbref_war,False,False
kellyki01,kellyki01,King Kelly,RF,"3B,C,SS",The Genesis Era (1871-1900),1886,1886,1878,1893,CHC,CHC,5896,1813,69,368.0,549,418.0,18,R,0.329,0.395,0.156,0.062,0.097,86.8,76.2,66.1,70.5,58.1,A,B+,B,B,C+,88.1,Legendary,False,True,0,0,0,bbref_war,False,False
burkeje01,burkeje01,Jesse Burkett,LF,RF,The Genesis Era (1871-1900),1898,1901,1890,1905,NLB,NLB,8426,2850,75,389.0,1029,613.0,16,L,0.377,0.449,0.112,0.051,0.106,125.0,44.6,75.3,47.0,47.7,S,C-,B+,C,C,86.3,Epic,False,True,0,0,0,bbref_war,False,False
langebi01,langebi01,Bill Lange,CF,,The Genesis Era (1871-1900),1896,1895,1893,1899,CHC,CHC,3202,1056,39,400.0,350,123.0,7,R,0.33,0.4,0.128,0.034,0.098,94.7,55.6,67.4,99.0,51.9,A,C+,B,A+,C,86.1,Epic,False,False,0,0,0,bbref_war,False,False
stenzja01,stenzja01,Jake Stenzel,CF,,The Genesis Era (1871-1900),1896,1895,1890,1899,PIT,PIT,3031,1024,32,292.0,300,110.0,11,R,0.34,0.41,0.143,0.032,0.089,104.1,65.5,58.9,81.8,36.5,S,B,C+,A-,D+,86.1,Epic,False,False,0,0,0,bbref_war,False,False
mcgrajo01,mcgrajo01,John McGraw,3B,SS,The Genesis Era (1871-1900),1897,1899,1891,1907,HIST,HIST,3924,1309,13,436.0,836,155.0,18,L,0.346,0.479,0.073,0.024,0.177,111.9,17.0,125.0,82.3,62.3,S,F,S,A-,B-,85.9,Epic,False,False,0,0,0,bbref_war,False,False
oneilti01,o'neiti01,Tip O'Neill,LF,,The Genesis Era (1871-1900),1888,1887,1883,1892,STL,STL,4248,1385,52,161.0,420,194.0,10,R,0.338,0.406,0.138,0.039,0.093,100.6,63.1,62.1,39.7,56.8,S,B-,B-,D+,C+,85.3,Epic,False,False,0,0,0,bbref_war,False,False
ewingbu01,ewingbu01,Buck Ewing,C,"1B,3B,RF",The Genesis Era (1871-1900),1888,1888,1880,1897,SFG,SFG,5363,1625,71,354.0,392,294.0,18,R,0.312,0.358,0.162,0.052,0.067,74.1,77.5,36.3,67.8,70.8,B,B+,D+,B,B,85.0,Epic,False,True,0,0,0,bbref_war,False,False
childcu01,childcu01,Cupid Childs,2B,,The Genesis Era (1871-1900),1893,1892,1888,1901,HIST,HIST,5622,1721,20,269.0,991,228.0,13,L,0.33,0.444,0.098,0.026,0.162,96.8,33.1,125.0,48.1,67.6,A+,D,S,C,B,84.9,Epic,False,False,0,0,0,bbref_war,False,False
joycebi01,joycebi01,Bill Joyce,3B,1B,The Genesis Era (1871-1900),1895,1896,1890,1898,SFG,SFG,3310,971,70,266.0,721,380.0,9,L,0.301,0.439,0.184,0.086,0.17,55.0,90.6,125.0,64.5,34.2,C+,A,S,B-,D,84.7,Epic,False,False,0,0,0,bbref_war,False,False
orrda01,orrda01,Dave Orr,1B,,The Genesis Era (1871-1900),1887,1886,1883,1890,HIST,HIST,3289,1125,37,66.0,98,86.0,10,R,0.343,0.367,0.157,0.025,0.029,108.6,75.3,1.0,33.9,53.7,S,B+,F,D,C,84.7,Epic,False,False,0,0,0,bbref_war,False,False
barnero01,barnero01,Ross Barnes,2B,SS,The Genesis Era (1871-1900),1874,1876,1871,1881,HIST,HIST,2391,860,6,103.0,116,65.0,9,R,0.36,0.388,0.107,0.027,0.043,122.7,42.4,12.8,46.8,68.7,S,C-,F,C,B,84.6,Epic,False,False,0,0,0,bbref_war,False,False
smithel01,smithel01,Elmer Smith,LF,RF,The Genesis Era (1871-1900),1895,1896,1886,1901,PIT,PIT,4693,1456,37,233.0,639,258.0,16,L,0.327,0.417,0.134,0.043,0.125,90.4,57.3,94.1,50.8,50.7,A,C+,A,C,C,84.5,Epic,False,False,0,0,0,bbref_war,False,False
lyonsde01,lyonsde01,Denny Lyons,3B,,The Genesis Era (1871-1900),1890,1889,1885,1897,OAK,OAK,4300,1334,62,224.0,623,280.0,13,R,0.325,0.421,0.136,0.057,0.126,84.8,61.6,95.0,47.1,50.5,A-,B-,A+,C,C,84.1,Epic,False,False,0,0,0,bbref_war,False,False
jennihu01,jennihu01,Hughie Jennings,SS,1B,The Genesis Era (1871-1900),1896,1896,1891,1918,HIST,HIST,4895,1526,18,359.0,347,234.0,21,R,0.333,0.417,0.102,0.03,0.066,98.6,37.0,35.7,73.4,81.9,A+,D+,D+,B,A-,84.0,Epic,False,True,0,0,0,bbref_war,False,False
richaha01,richaha01,Hardy Richardson,2B,"3B,CF,LF",The Genesis Era (1871-1900),1886,1886,1879,1892,HIST,HIST,5657,1694,73,207.0,377,446.0,15,R,0.321,0.367,0.149,0.065,0.065,79.2,71.5,34.9,54.8,68.2,B+,B,D,C,B,83.9,Epic,False,False,0,0,0,bbref_war,False,False
clemeja01,clemeja01,Jack Clements,C,,The Genesis Era (1871-1900),1892,1895,1884,1900,PHI,PHI,4295,1231,77,55.0,341,317.0,18,L,0.317,0.391,0.166,0.058,0.093,76.8,84.7,62.4,29.2,50.4,B+,A-,B-,D,C,83.8,Epic,False,False,0,0,0,bbref_war,False,False
keelewi01,keelewi01,Willie Keeler,RF,,The Genesis Era (1871-1900),1898,1897,1892,1910,HIST,HIST,8591,2932,33,495.0,524,136.0,20,L,0.38,0.423,0.085,0.011,0.058,125.0,25.9,27.3,66.7,60.7,S,D,D,B,B-,83.4,Epic,False,True,0,0,0,bbref_war,False,False
ryanji01,ryanji01,Jimmy Ryan,CF,"LF,RF",The Genesis Era (1871-1900),1891,1888,1885,1903,CHC,CHC,8172,2513,118,419.0,804,491.0,18,R,0.316,0.388,0.151,0.062,0.096,75.3,72.7,65.6,56.4,49.0,B+,B,B,C+,C,83.2,Epic,False,False,0,0,0,bbref_war,False,False
glassja01,glassja01,Jack Glasscock,SS,2B,The Genesis Era (1871-1900),1886,1890,1879,1895,HIST,HIST,7033,2041,27,372.0,440,212.0,20,R,0.316,0.364,0.099,0.021,0.063,85.9,37.1,33.1,64.3,98.0,A,D+,D,B-,A+,83.1,Epic,False,False,0,0,0,bbref_war,False,False
becklja01,becklja01,Jake Beckley,1B,,The Genesis Era (1871-1900),1899,1899,1888,1907,CIN,CIN,9551,2938,87,315.0,616,526.0,22,L,0.329,0.381,0.129,0.045,0.063,91.2,55.7,33.3,38.6,68.3,A,C+,D,D+,B,82.5,Epic,False,True,0,0,0,bbref_war,False,False
griffmi01,griffmi01,Mike Griffin,CF,,The Genesis Era (1871-1900),1895,1895,1887,1898,LAD,LAD,5923,1755,42,473.0,809,284.0,12,L,0.303,0.4,0.117,0.042,0.129,69.0,47.0,98.0,68.2,65.3,B,C,A+,B,B,82.2,Epic,False,False,0,0,0,bbref_war,False,False
reilljo01,reilljo01,John Reilly,1B,,The Genesis Era (1871-1900),1887,1888,1880,1891,CIN,CIN,4684,1352,69,245.0,157,241.0,10,R,0.306,0.343,0.168,0.045,0.032,70.7,83.0,1.5,64.0,56.3,B,A-,F,B-,C+,82.0,Epic,False,False,0,0,0,bbref_war,False,False
pikeli01,pikeli01,Lip Pike,CF,"2B,RF",The Genesis Era (1871-1900),1874,1875,1871,1887,HIST,HIST,1979,638,21,50.0,51,57.0,11,L,0.326,0.342,0.156,0.023,0.023,93.5,75.8,1.0,40.2,44.3,A,B+,F,C-,C-,81.9,Epic,False,False,0,0,0,bbref_war,False,False
selbaki01,selbaki01,Kip Selbach,LF,RF,The Genesis Era (1871-1900),1898,1900,1894,1906,WSH,WSH,6165,1807,44,334.0,785,358.0,14,R,0.309,0.396,0.124,0.046,0.12,73.0,50.8,89.4,61.0,57.6,B,C,A,B-,C+,81.9,Epic,False,False,0,0,0,bbref_war,False,False
mckeaed01,mckeaed01,Ed McKean,SS,,The Genesis Era (1871-1900),1894,1890,1887,1899,HIST,HIST,6894,2084,67,324.0,636,257.0,13,R,0.319,0.38,0.125,0.034,0.083,85.6,54.7,52.6,46.9,57.2,A,C,C,C,C+,81.7,Epic,False,False,0,0,0,bbref_war,False,False
hollibu01,hollibu01,Bug Holliday,CF,"LF,RF",The Genesis Era (1871-1900),1892,1892,1889,1898,CIN,CIN,3658,1141,65,252.0,360,226.0,10,R,0.315,0.379,0.144,0.057,0.089,75.3,68.2,58.3,62.5,40.6,B+,B,C+,B-,C-,81.6,Epic,False,False,0,0,0,bbref_war,False,False
burnsoy01,burnsoy01,Thomas Burns,RF,"LF,SS",The Genesis Era (1871-1900),1890,1887,1884,1895,LAD,LAD,4645,1392,65,263.0,464,249.0,14,R,0.312,0.382,0.148,0.056,0.096,73.2,68.3,65.3,56.6,37.6,B,B,B,C+,D+,81.1,Epic,False,False,0,0,0,bbref_war,False,False
vanhage01,vanhage01,George Van Haltren,CF,"LF,RF,SS",The Genesis Era (1871-1900),1896,1896,1887,1903,SFG,SFG,8043,2544,69,583.0,871,498.0,18,L,0.324,0.395,0.118,0.059,0.101,82.8,48.3,70.3,62.8,47.5,A-,C,B,B-,C,81.1,Epic,False,False,0,0,0,bbref_war,False,False
lowebo01,lowebo01,Bobby Lowe,2B,"3B,LF,SS",The Genesis Era (1871-1900),1896,1897,1890,1907,ATL,ATL,7078,1934,71,303.0,474,436.0,19,R,0.304,0.369,0.122,0.056,0.082,66.3,54.7,51.4,44.6,80.4,B,C,C,C-,A-,81.0,Epic,False,False,0,0,0,bbref_war,False,False
wrighge01,wrighge01,George Wright,SS,,The Genesis Era (1871-1900),1875,1879,1871,1882,HIST,HIST,2873,866,11,47.0,68,119.0,12,R,0.328,0.343,0.118,0.021,0.021,96.2,49.1,1.0,32.6,72.3,A+,C,F,D,B,80.7,Epic,False,False,0,0,0,bbref_war,False,False
longhe01,longhe01,Herman Long,SS,,The Genesis Era (1871-1900),1896,1892,1889,1904,ATL,ATL,7678,2129,91,537.0,612,462.0,17,L,0.299,0.363,0.111,0.054,0.081,62.5,45.5,50.4,71.2,83.3,B-,C,C,B,A-,80.6,Epic,False,False,0,0,0,bbref_war,False,False
gorege01,gorege01,George Gore,CF,LF,The Genesis Era (1871-1900),1884,1885,1879,1892,CHC,CHC,5357,1612,46,170.0,717,332.0,15,L,0.314,0.403,0.115,0.048,0.125,77.0,47.1,94.6,36.8,53.0,B+,C,A,D+,C,80.5,Epic,False,False,0,0,0,bbref_war,False,False
doyleja01,doyleja01,Jack Doyle,1B,"2B,C,RF",The Genesis Era (1871-1900),1896,1894,1889,1905,SFG,SFG,6055,1811,25,518.0,440,281.0,21,R,0.327,0.382,0.094,0.039,0.072,90.9,34.2,42.1,84.5,53.0,A,D,C-,A-,C,80.4,Epic,False,False,0,0,0,bbref_war,False,False
mccarto01,mccarto01,Tommy McCarthy,RF,LF,The Genesis Era (1871-1900),1891,1890,1884,1896,STL,STL,5120,1493,44,468.0,536,185.0,13,R,0.307,0.387,0.093,0.026,0.106,77.3,34.0,75.3,79.0,59.6,B+,D,B+,B+,C+,80.4,Epic,False,True,0,0,0,bbref_war,False,False
larkihe01,larkihe01,Henry Larkin,1B,"CF,LF",The Genesis Era (1871-1900),1889,1886,1884,1893,OAK,OAK,4718,1429,53,129.0,484,182.0,10,R,0.31,0.393,0.14,0.037,0.102,76.5,63.4,71.4,34.0,40.2,B+,B-,B,D,C-,80.3,Epic,False,False,0,0,0,bbref_war,False,False
mcphebi01,mcphebi01,Bid McPhee,2B,,The Genesis Era (1871-1900),1891,1892,1882,1899,CIN,CIN,8304,2258,53,568.0,982,377.0,18,R,0.277,0.378,0.114,0.043,0.132,45.5,44.4,101.2,65.2,85.3,C,C-,S,B,A,80.3,Epic,False,True,0,0,0,bbref_war,False,False
hinespa01,hinespa01,Paul Hines,CF,1B,The Genesis Era (1871-1900),1882,1884,1872,1891,HIST,HIST,7062,2133,57,163.0,372,310.0,21,R,0.314,0.359,0.129,0.043,0.062,78.1,58.8,32.1,42.7,59.6,B+,C+,D,C-,C+,80.2,Epic,False,False,0,0,0,bbref_war,False,False
millijo01,millijo01,John Milligan,C,1B,The Genesis Era (1871-1900),1888,1891,1884,1893,OAK,OAK,2964,848,49,41.0,210,190.0,11,R,0.294,0.346,0.157,0.051,0.063,58.4,78.0,33.2,31.0,62.1,C+,B+,D,D,B-,79.9,Rare,False,False,0,0,0,bbref_war,False,False
farredu01,farredu01,Duke Farrell,C,"1B,3B",The Genesis Era (1871-1900),1894,1891,1888,1905,WSH,WSH,5682,1572,52,150.0,480,369.0,20,B,0.29,0.365,0.124,0.045,0.096,56.8,52.9,65.6,38.0,78.9,C+,C,B,D+,B+,79.5,Rare,False,False,0,0,0,bbref_war,False,False
crossla01,crossla01,Lave Cross,3B,C,The Genesis Era (1871-1900),1899,1894,1887,1907,OAK,OAK,9084,2651,47,303.0,466,217.0,23,R,0.314,0.347,0.099,0.015,0.045,85.9,36.7,14.9,39.4,82.0,A,D+,F,D+,A-,79.3,Rare,False,False,0,0,0,bbref_war,False,False
dunlafr01,dunlafr01,Fred Dunlap,2B,,The Genesis Era (1871-1900),1883,1884,1880,1891,HIST,HIST,3974,1159,41,85.0,283,263.0,14,R,0.31,0.352,0.124,0.059,0.061,70.4,55.5,30.7,27.6,74.4,B,C+,D,D,B,79.2,Rare,False,False,0,0,0,bbref_war,False,False
lathaar01,lathaar01,Arlie Latham,3B,,The Genesis Era (1871-1900),1887,1891,1880,1909,STL,STL,6832,1836,27,742.0,589,305.0,18,R,0.29,0.359,0.085,0.034,0.084,59.7,26.8,53.7,96.3,86.0,C+,D,C,A+,A,79.1,Rare,False,False,0,0,0,bbref_war,False,False
cartwed01,cartwed01,Ed Cartwright,1B,,The Genesis Era (1871-1900),1895,1895,1890,1897,WSH,WSH,1902,562,24,144.0,202,136.0,5,R,0.295,0.368,0.137,0.064,0.095,56.0,61.8,64.9,62.2,49.2,C+,B-,B-,B-,C,77.9,Rare,False,False,0,0,0,bbref_war,False,False
jonesch01,jonesch01,Charley Jones,LF,CF,The Genesis Era (1871-1900),1883,1879,1875,1888,CIN,CIN,3741,1115,56,20.0,237,162.0,16,R,0.308,0.349,0.156,0.04,0.053,73.5,75.6,22.5,5.0,51.4,B,B+,D-,F,C,77.9,Rare,False,False,0,0,0,bbref_war,False,False
mcveyca01,mcveyca01,Cal McVey,1B,"3B,C",The Genesis Era (1871-1900),1876,1875,1871,1879,HIST,HIST,2513,869,11,26.0,30,51.0,9,R,0.342,0.351,0.104,0.022,0.013,108.2,41.6,1.0,28.1,48.0,S,C-,F,D,C,77.7,Rare,False,False,0,0,0,bbref_war,False,False
willine01,willine01,Ed Williamson,3B,SS,The Genesis Era (1871-1900),1884,1884,1878,1890,CHC,CHC,4553,1159,64,88.0,506,532.0,13,R,0.268,0.347,0.159,0.11,0.105,20.9,77.9,74.5,41.5,81.7,D-,B+,B,C-,A-,77.7,Rare,False,False,0,0,0,bbref_war,False,False
grantfr99,grantfr99,Frank Grant,2B,,The Genesis Era (1871-1900),1899,1894,1891,1907,NLB,NLB,115,38,1,3.0,13,3.0,8,R,0.33,0.403,0.139,0.023,0.101,52.6,68.5,70.3,25.3,57.6,C,B,B,D,C+,77.6,Rare,False,True,0,0,0,lahman_proxy,False,False
carutbo01,carutbo01,Bob Caruthers,RF,,The Genesis Era (1871-1900),1888,1886,1884,1893,STL,STL,2465,695,29,152.0,417,140.0,11,L,0.289,0.402,0.124,0.055,0.15,52.6,51.9,119.4,54.7,42.0,C,C,S,C,C-,77.5,Rare,False,False,0,0,0,bbref_war,False,False
dalyto01,dalyto01,Tom Daly,2B,"3B,C",The Genesis Era (1871-1900),1894,1899,1884,1903,LAD,LAD,5700,1583,49,385.0,687,596.0,18,B,0.304,0.394,0.12,0.089,0.119,57.7,50.4,88.2,65.0,47.1,C+,C,A,B,C,77.5,Rare,False,False,0,0,0,bbref_war,False,False
bennech01,bennech01,Charlie Bennett,C,,The Genesis Era (1871-1900),1884,1883,1878,1893,HIST,HIST,3821,978,55,42.0,478,572.0,15,R,0.28,0.348,0.155,0.113,0.093,31.7,74.8,62.8,22.4,82.8,D,B,B-,D-,A-,77.4,Rare,False,False,0,0,0,bbref_war,False,False
hallge01,hallge01,George Hall,LF,CF,The Genesis Era (1871-1900),1874,1876,1871,1877,HIST,HIST,1671,538,13,20.0,37,29.0,7,L,0.322,0.337,0.129,0.017,0.022,91.2,55.9,1.0,30.1,49.1,A,C+,F,D,C,77.4,Rare,False,False,0,0,0,bbref_war,False,False
orourji01,o'rouji01,Jim O'Rourke,LF,"1B,3B,C,CF,RF",The Genesis Era (1871-1900),1884,1884,1872,1904,HIST,HIST,8503,2639,62,229.0,513,362.0,23,R,0.316,0.358,0.122,0.035,0.062,82.5,52.1,31.4,24.5,50.1,A-,C,D,D-,C,76.8,Rare,False,True,0,0,0,bbref_war,False,False
werdepe01,werdepe01,Perry Werden,1B,,The Genesis Era (1871-1900),1891,1890,1884,1897,STL,STL,2746,774,26,151.0,282,161.0,7,R,0.282,0.358,0.131,0.052,0.092,47.5,56.2,61.3,56.3,65.0,C,C+,B-,C+,B,76.7,Rare,False,False,0,0,0,bbref_war,False,False
carrofr01,carrofr01,Fred Carroll,C,"LF,RF",The Genesis Era (1871-1900),1887,1889,1884,1891,PIT,PIT,2892,820,27,137.0,348,136.0,8,R,0.293,0.378,0.128,0.035,0.104,61.7,55.0,73.4,44.6,44.9,B-,C+,B,C-,C-,76.6,Rare,False,False,0,0,0,bbref_war,False,False
mcguide01,mcguide01,Deacon McGuire,C,1B,The Genesis Era (1871-1900),1895,1895,1884,1912,WSH,WSH,6291,1750,45,118.0,515,442.0,31,R,0.307,0.374,0.114,0.047,0.083,71.3,47.9,52.4,32.8,54.7,B,C,C,D,C,76.3,Rare,False,False,0,0,0,bbref_war,False,False
swarted01,swarted01,Ed Swartwood,RF,"1B,CF",The Genesis Era (1871-1900),1885,1890,1881,1892,PIT,PIT,2880,863,14,120.0,325,52.0,9,L,0.306,0.384,0.101,0.004,0.098,81.8,37.0,67.7,46.4,40.6,A-,D+,B,C,C-,76.3,Rare,False,False,0,0,0,bbref_war,False,False
wilmowa01,wilmowa01,Walt Wilmot,LF,CF,The Genesis Era (1871-1900),1891,1890,1888,1898,CHC,CHC,3988,1100,58,383.0,350,233.0,10,B,0.276,0.341,0.131,0.056,0.084,41.7,58.1,53.7,89.7,54.1,C-,C+,C,A,C,76.2,Rare,False,False,0,0,0,bbref_war,False,False
nashbi01,nashbi01,Billy Nash,3B,,The Genesis Era (1871-1900),1890,1888,1884,1898,ATL,ATL,5867,1616,60,269.0,805,414.0,15,R,0.282,0.363,0.114,0.062,0.109,45.1,46.6,78.0,47.9,73.1,C,C,B+,C,B,76.0,Rare,False,False,0,0,0,bbref_war,False,False
wardjo01,wardjo01,John Ward,SS,"2B,CF,RF",The Genesis Era (1871-1900),1890,1887,1878,1894,SFG,SFG,7656,2107,26,540.0,421,326.0,17,L,0.303,0.356,0.063,0.03,0.072,72.4,12.4,42.0,93.2,79.2,B,F,C-,A,B+,76.0,Rare,False,True,0,0,0,bbref_war,False,False
milledu01,milledu01,Dusty Miller,RF,,The Genesis Era (1871-1900),1896,1895,1889,1899,CIN,CIN,2561,771,22,206.0,174,137.0,8,L,0.301,0.353,0.12,0.05,0.063,65.1,51.0,32.7,67.3,48.2,B,C,D,B,C,75.8,Rare,False,False,0,0,0,bbref_war,False,False
pfefffr01,pfefffr01,Fred Pfeffer,2B,SS,The Genesis Era (1871-1900),1888,1884,1882,1897,CHC,CHC,6560,1680,94,383.0,527,503.0,17,R,0.262,0.328,0.134,0.071,0.086,25.3,62.1,56.1,67.5,76.9,D,B-,C+,B,B+,75.5,Rare,False,False,0,0,0,bbref_war,False,False
whitede01,whitede01,Deacon White,3B,"1B,C,RF",The Genesis Era (1871-1900),1879,1884,1871,1890,HIST,HIST,6624,2067,24,70.0,308,221.0,20,L,0.333,0.359,0.098,0.031,0.035,98.6,36.7,5.3,29.0,49.8,A+,D+,F,D,C,75.5,Rare,False,True,0,0,0,bbref_war,False,False
brodist01,brodist01,Steve Brodie,CF,RF,The Genesis Era (1871-1900),1895,1895,1890,1902,HIST,HIST,5703,1728,25,289.0,420,233.0,14,L,0.322,0.38,0.081,0.034,0.062,88.0,24.3,31.7,49.5,56.6,A,D-,D,C,C+,75.0,Rare,False,False,0,0,0,bbref_war,False,False
turnetu01,turnetu01,Tuck Turner,RF,LF,The Genesis Era (1871-1900),1896,1894,1893,1898,PHI,PHI,1504,482,7,53.0,129,101.0,7,B,0.32,0.378,0.109,0.061,0.079,77.8,42.6,48.2,40.2,40.3,B+,C-,C,C-,C-,74.9,Rare,False,False,0,0,0,bbref_war,False,False
zimmech01,zimmech01,Charles Zimmer,C,,The Genesis Era (1871-1900),1895,1892,1884,1903,HIST,HIST,4546,1225,26,151.0,390,511.0,20,R,0.288,0.359,0.109,0.093,0.082,42.3,43.0,51.3,39.4,90.5,C-,C-,C,D+,A,74.8,Rare,False,False,0,0,0,bbref_war,False,False
keistbi01,keistbi01,Bill Keister,SS,"2B,RF",The Genesis Era (1871-1900),1900,1899,1896,1903,HIST,HIST,2433,758,18,131.0,90,116.0,7,L,0.312,0.349,0.129,0.045,0.035,75.4,56.1,4.9,54.9,35.9,B+,C+,F,C,D+,74.7,Rare,False,False,0,0,0,bbref_war,False,False
hoydu01,hoydu01,Billy Hoy,CF,,The Genesis Era (1871-1900),1892,1888,1888,1902,NLB,NLB,7115,2048,40,596.0,1006,345.0,14,L,0.293,0.392,0.085,0.048,0.124,58.7,25.7,93.8,73.5,47.9,C+,D,A,B,C,74.1,Rare,False,False,0,0,0,bbref_war,False,False
foutzda01,foutzda01,Dave Foutz,1B,"LF,RF",The Genesis Era (1871-1900),1888,1890,1884,1896,STL,STL,4537,1253,31,280.0,300,183.0,13,R,0.291,0.339,0.11,0.038,0.065,59.2,43.6,35.1,58.8,54.5,C+,C-,D+,C+,C,73.8,Rare,False,False,0,0,0,bbref_war,False,False
reitzhe01,reitzhe01,Henry Reitz,2B,,The Genesis Era (1871-1900),1896,1897,1893,1899,HIST,HIST,2744,801,11,122.0,266,147.0,7,L,0.292,0.363,0.099,0.048,0.087,57.5,34.9,56.9,45.9,63.4,C+,D,C+,C,B-,73.5,Rare,False,False,0,0,0,bbref_war,False,False
smithge01,smithge01,Germany Smith,SS,,The Genesis Era (1871-1900),1889,1892,1884,1898,LAD,LAD,6562,1597,47,235.0,408,390.0,16,R,0.272,0.305,0.107,0.049,0.045,39.5,43.1,15.1,42.8,100.7,D+,C-,F,C-,S,73.5,Rare,False,False,0,0,0,bbref_war,False,False
suttoez01,suttoez01,Ezra Sutton,3B,SS,The Genesis Era (1871-1900),1884,1884,1871,1888,ATL,ATL,5360,1574,25,70.0,169,182.0,18,R,0.311,0.34,0.105,0.033,0.039,78.7,41.1,8.9,30.2,54.2,B+,C-,F,D,C,73.5,Rare,False,False,0,0,0,bbref_war,False,False
wolfji01,wolfji01,Chicken Wolf,RF,,The Genesis Era (1871-1900),1885,1890,1882,1892,NLB,NLB,4959,1439,18,186.0,229,120.0,11,R,0.301,0.331,0.103,0.019,0.037,73.5,38.5,6.4,44.4,58.4,B,D+,F,C-,C+,73.3,Rare,False,False,0,0,0,bbref_war,False,False
brownto01,brownto01,Tom Brown,RF,"CF,LF",The Genesis Era (1871-1900),1886,1891,1882,1898,HIST,HIST,7387,1958,64,658.0,749,784.0,19,L,0.288,0.351,0.108,0.06,0.083,50.6,42.3,52.4,69.5,50.9,C,C-,C,B,C,73.2,Rare,False,False,0,0,0,bbref_war,False,False
roweja01,roweja01,Jack Rowe,SS,C,The Genesis Era (1871-1900),1885,1884,1879,1890,HIST,HIST,4386,1256,28,59.0,224,177.0,12,L,0.3,0.333,0.118,0.037,0.045,67.7,49.3,14.7,31.1,52.3,B,C,F,D,C,73.2,Rare,False,False,0,0,0,bbref_war,False,False
dalryab01,dalryab01,Abner Dalrymple,LF,,The Genesis Era (1871-1900),1882,1884,1878,1891,CHC,CHC,4172,1202,43,58.0,204,359.0,12,L,0.308,0.334,0.134,0.068,0.038,66.7,62.2,7.6,3.2,50.7,B,B-,F,F,C,73.0,Rare,False,False,0,0,0,bbref_war,False,False
shindbi01,shindbi01,Billy Shindle,3B,SS,The Genesis Era (1871-1900),1892,1889,1886,1898,LAD,LAD,5815,1564,31,318.0,388,334.0,13,R,0.285,0.343,0.101,0.045,0.069,52.5,37.6,39.1,56.8,66.4,C,D+,D+,C+,B,73.0,Rare,False,False,0,0,0,bbref_war,False,False
bierblo01,bierblo01,Lou Bierbauer,2B,,The Genesis Era (1871-1900),1892,1889,1886,1898,PIT,PIT,5713,1524,34,206.0,268,160.0,13,L,0.282,0.319,0.101,0.03,0.049,54.1,38.3,18.4,36.8,81.2,C,D+,F,D+,A-,72.8,Rare,False,False,0,0,0,bbref_war,False,False
wisesa01,wisesa01,Sam Wise,2B,SS,The Genesis Era (1871-1900),1887,1887,1881,1893,ATL,ATL,4715,1281,48,203.0,389,643.0,12,L,0.287,0.35,0.136,0.104,0.081,38.1,60.7,50.7,56.8,45.7,D+,B-,C,C+,C,72.8,Rare,False,False,0,0,0,bbref_war,False,False
woodge01,woodge01,George Wood,LF,,The Genesis Era (1871-1900),1885,1883,1880,1892,HIST,HIST,5371,1467,68,113.0,418,547.0,15,L,0.287,0.339,0.143,0.091,0.068,41.7,66.0,38.2,31.9,50.8,C-,B,D+,D,C,72.8,Rare,False,False,0,0,0,bbref_war,False,False
welchcu01,welchcu01,Curt Welch,CF,,The Genesis Era (1871-1900),1888,1888,1884,1893,OAK,OAK,4385,1152,16,453.0,381,151.0,12,R,0.267,0.359,0.091,0.033,0.086,39.3,30.0,55.2,85.1,71.7,D+,D,C+,A,B,72.6,Rare,False,False,0,0,0,bbref_war,False,False
tucketo01,tucketo01,Tommy Tucker,1B,,The Genesis Era (1871-1900),1890,1889,1887,1899,ATL,ATL,6482,1882,42,352.0,481,394.0,15,B,0.3,0.375,0.088,0.059,0.064,62.1,29.1,33.4,64.2,57.7,B-,D,D,B-,C+,72.3,Rare,False,False,0,0,0,bbref_war,False,False
peitzhe01,peitzhe01,Heinie Peitz,C,"1B,3B",The Genesis Era (1871-1900),1899,1902,1892,1913,CIN,CIN,4124,1117,16,91.0,410,261.0,16,R,0.285,0.361,0.098,0.056,0.099,49.1,35.1,68.1,37.4,63.3,C,D+,B,D+,B-,72.1,Rare,False,False,0,0,0,bbref_war,False,False
abbeych01,abbeych01,Charlie Abbey,CF,"LF,RF",The Genesis Era (1871-1900),1895,1894,1893,1897,WSH,WSH,1756,493,19,93.0,167,122.0,5,L,0.281,0.351,0.123,0.063,0.086,43.5,52.2,55.4,49.6,44.7,C-,C,C+,C,C-,71.9,Uncommon,False,False,0,0,0,bbref_war,False,False
lachaca01,lachaca01,George LaChance,1B,,The Genesis Era (1871-1900),1897,1895,1893,1905,LAD,LAD,4928,1380,39,192.0,219,429.0,12,B,0.296,0.333,0.118,0.08,0.042,53.1,49.7,11.8,54.1,53.4,C,C,F,C,C,71.9,Uncommon,False,False,0,0,0,bbref_war,False,False
burkeed01,burkeed01,Eddie Burke,LF,CF,The Genesis Era (1871-1900),1893,1896,1890,1897,SFG,SFG,3516,983,30,293.0,319,245.0,11,L,0.281,0.355,0.104,0.065,0.083,43.5,39.7,52.8,74.5,49.3,C-,D+,C,B,C,71.6,Uncommon,False,False,0,0,0,bbref_war,False,False
dennyje01,dennyje01,Jerry Denny,3B,SS,The Genesis Era (1871-1900),1886,1887,1881,1894,HIST,HIST,4946,1286,74,130.0,173,602.0,15,R,0.272,0.293,0.144,0.115,0.027,25.0,71.1,1.0,41.9,72.2,D,B,F,C-,B,71.6,Uncommon,False,False,0,0,0,bbref_war,False,False
oconnja01,o'conja01,Jack O'Connor,C,"1B,CF,RF",The Genesis Era (1871-1900),1894,1890,1887,1910,HIST,HIST,5383,1418,19,219.0,302,285.0,22,R,0.288,0.337,0.091,0.039,0.064,56.8,31.8,33.4,46.7,64.0,C+,D,D,C,B-,71.5,Uncommon,False,False,0,0,0,bbref_war,False,False
duffech01,duffech01,Charlie Duffee,CF,LF,The Genesis Era (1871-1900),1891,1891,1889,1893,STL,STL,1943,518,35,110.0,180,150.0,5,R,0.267,0.332,0.122,0.07,0.084,29.3,54.7,54.0,48.9,56.5,D,C,C,C,C+,71.1,Uncommon,False,False,0,0,0,bbref_war,False,False
collihu01,collihu01,Hub Collins,2B,LF,The Genesis Era (1871-1900),1889,1890,1886,1892,LAD,LAD,2779,790,11,335.0,332,252.0,8,R,0.284,0.365,0.085,0.081,0.106,42.1,27.1,75.6,82.5,49.9,C-,D,B+,A-,C,71.0,Uncommon,False,False,0,0,0,bbref_war,False,False
fennefr01,fennefr01,Frank Fennelly,SS,,The Genesis Era (1871-1900),1887,1884,1884,1890,CIN,CIN,3042,781,34,175.0,378,242.0,9,R,0.257,0.345,0.121,0.07,0.11,20.6,49.9,79.0,56.3,59.6,D-,C,B+,C+,C+,71.0,Uncommon,False,False,0,0,0,bbref_war,False,False
mccreto01,mccreto01,Tom McCreery,RF,"1B,CF",The Genesis Era (1871-1900),1899,1896,1895,1903,LAD,LAD,2962,857,27,116.0,310,374.0,12,B,0.291,0.361,0.115,0.111,0.095,41.6,46.5,64.4,46.7,45.1,C-,C,B-,C,C,71.0,Uncommon,False,False,0,0,0,bbref_war,False,False
morrijo01,morrijo01,John Morrill,1B,"2B,3B",The Genesis Era (1871-1900),1883,1883,1876,1890,ATL,ATL,4912,1275,43,61.0,358,656.0,15,R,0.275,0.328,0.135,0.137,0.073,27.4,61.7,42.8,30.6,62.8,D,B-,C-,D,B-,71.0,Uncommon,False,False,0,0,0,bbref_war,False,False
dungasa01,dungasa01,Sam Dungan,RF,,The Genesis Era (1871-1900),1894,1901,1892,1901,CHC,CHC,1543,464,3,38.0,116,37.0,6,R,0.301,0.356,0.086,0.022,0.069,71.4,28.2,38.9,33.7,45.4,B,D,D+,D,C,70.8,Uncommon,False,False,0,0,0,bbref_war,False,False
everibi01,everibi01,Bill Everitt,1B,3B,The Genesis Era (1871-1900),1898,1898,1895,1901,CHC,CHC,2842,902,11,186.0,212,205.0,7,L,0.317,0.368,0.072,0.067,0.069,74.9,18.5,38.8,55.7,42.8,B,F,D+,C+,C-,70.6,Uncommon,False,False,0,0,0,bbref_war,False,False
milledo01,milledo01,George Miller,C,"3B,LF,RF,SS",The Genesis Era (1871-1900),1890,1891,1884,1896,PIT,PIT,5171,1381,33,260.0,467,129.0,13,R,0.279,0.351,0.085,0.023,0.093,52.5,27.9,62.6,49.1,52.9,C,D,B-,C,C,70.5,Uncommon,False,False,0,0,0,bbref_war,False,False
forceda01,forceda01,Davy Force,SS,"2B,3B",The Genesis Era (1871-1900),1874,1875,1871,1886,HIST,HIST,4250,1059,1,35.0,156,268.0,17,R,0.312,0.33,0.063,0.021,0.026,81.5,14.5,1.0,29.7,69.1,A-,F,F,D,B,70.4,Uncommon,False,False,0,0,0,bbref_war,False,False
obrieda01,o'brida01,Darby O'Brien,LF,,The Genesis Era (1871-1900),1890,1889,1887,1892,LAD,LAD,2856,805,20,321.0,231,327.0,6,R,0.282,0.344,0.105,0.105,0.074,33.6,41.2,43.5,83.2,52.7,D,C-,C-,A-,C,70.4,Uncommon,False,False,0,0,0,bbref_war,False,False
pinknge01,pinknge01,George Pinkney,3B,2B,The Genesis Era (1871-1900),1888,1890,1884,1893,LAD,LAD,4610,1212,21,296.0,526,177.0,10,L,0.271,0.353,0.081,0.032,0.102,43.6,24.4,71.8,63.8,58.8,C-,D-,B,B-,C+,70.4,Uncommon,False,False,0,0,0,bbref_war,False,False
virtuja01,virtuja01,Jake Virtue,1B,,The Genesis Era (1871-1900),1892,1892,1890,1894,HIST,HIST,1764,483,7,50.0,275,140.0,5,B,0.274,0.376,0.103,0.068,0.134,36.1,36.5,103.2,36.5,49.9,D+,D+,S,D+,C,70.4,Uncommon,False,False,0,0,0,bbref_war,False,False
eggleda01,eggleda01,Dave Eggler,CF,,The Genesis Era (1871-1900),1874,1872,1871,1885,HIST,HIST,2544,697,0,46.0,49,162.0,12,R,0.315,0.326,0.073,0.021,0.017,84.0,20.8,1.0,30.0,55.0,A-,D-,F,D,C+,70.3,Uncommon,False,False,0,0,0,bbref_war,False,False
tebeage01,tebeage01,George Tebeau,LF,CF,The Genesis Era (1871-1900),1890,1890,1887,1895,CIN,CIN,2319,623,15,228.0,324,235.0,7,R,0.269,0.364,0.107,0.088,0.122,26.3,40.7,91.0,72.4,45.0,D,C-,A,B,C,70.3,Uncommon,False,False,0,0,0,bbref_war,False,False
comisch01,comisch01,Charlie Comiskey,1B,,The Genesis Era (1871-1900),1887,1887,1882,1894,STL,STL,5796,1529,28,416.0,197,132.0,13,R,0.275,0.305,0.085,0.024,0.034,49.5,28.7,4.3,70.7,70.3,C,D,F,B,B,70.0,Uncommon,False,False,0,0,0,bbref_war,False,False
vaughfa01,vaughfa01,Farmer Vaughn,C,1B,The Genesis Era (1871-1900),1894,1895,1886,1899,CIN,CIN,3454,946,21,92.0,151,166.0,14,R,0.289,0.327,0.099,0.032,0.049,59.1,37.7,18.6,36.2,52.8,C+,D+,F,D+,C,70.0,Uncommon,False,False,0,0,0,bbref_war,False,False
shaffor01,shaffor01,Orator Shafer,RF,,The Genesis Era (1871-1900),1880,1884,1874,1890,HIST,HIST,3552,1000,11,34.0,227,226.0,15,L,0.301,0.345,0.085,0.053,0.061,64.1,27.5,30.4,30.9,56.9,B-,D,D,D,C+,69.0,Uncommon,False,False,0,0,0,bbref_war,False,False
sullima01,sullima01,Marty Sullivan,LF,,The Genesis Era (1871-1900),1889,1890,1887,1891,CHC,CHC,1618,441,26,99.0,162,168.0,6,R,0.273,0.341,0.122,0.094,0.091,28.0,53.8,60.2,50.2,46.8,D,C,B-,C,C,69.0,Uncommon,False,False,0,0,0,bbref_war,False,False
demonge01,demonge01,Gene DeMontreville,2B,SS,The Genesis Era (1871-1900),1899,1898,1894,1904,WSH,WSH,3615,1096,17,228.0,174,231.0,12,R,0.309,0.345,0.071,0.059,0.045,70.0,19.0,15.1,55.4,55.1,B,F,F,C+,C+,68.9,Uncommon,False,False,0,0,0,bbref_war,False,False
obrieja01,o'brija01,Jack O'Brien,C,1B,The Genesis Era (1871-1900),1885,1882,1882,1890,OAK,OAK,2169,577,11,76.0,180,31.0,8,R,0.268,0.335,0.105,0.011,0.077,46.7,40.0,47.0,42.6,49.6,C,C-,C,C-,C,68.9,Uncommon,False,False,0,0,0,bbref_war,False,False
tebeapa01,tebeapa01,Patsy Tebeau,3B,"1B,2B",The Genesis Era (1871-1900),1892,1893,1887,1900,HIST,HIST,4618,1290,27,164.0,319,255.0,13,R,0.286,0.342,0.09,0.054,0.07,50.4,31.8,39.4,37.5,62.3,C,D,D+,D+,B-,68.9,Uncommon,False,False,0,0,0,bbref_war,False,False
shochge01,shochge01,George Shoch,2B,"LF,RF,SS",The Genesis Era (1871-1900),1894,1896,1886,1897,LAD,LAD,2540,671,10,138.0,298,129.0,11,R,0.283,0.378,0.076,0.036,0.114,52.3,21.9,83.1,40.0,49.9,C,D-,A-,C-,C,68.7,Uncommon,False,False,0,0,0,bbref_war,False,False
hallmbi01,hallmbi01,Bill Hallman,2B,"3B,SS",The Genesis Era (1871-1900),1895,1892,1888,1903,PHI,PHI,6030,1641,21,200.0,426,403.0,16,R,0.297,0.35,0.087,0.061,0.067,59.2,28.6,37.0,39.4,52.1,C+,D,D+,D+,C,68.6,Uncommon,False,False,0,0,0,bbref_war,False,False
donovpa01,donovpa01,Patsy Donovan,RF,LF,The Genesis Era (1871-1900),1898,1902,1890,1907,PIT,PIT,7505,2256,16,518.0,457,334.0,20,L,0.308,0.355,0.058,0.041,0.056,73.6,9.3,26.1,59.9,53.4,B,F,D,C+,C,68.5,Uncommon,False,False,0,0,0,bbref_war,False,False
mctamji01,mctamji01,Jim McTamany,CF,,The Genesis Era (1871-1900),1888,1890,1885,1891,LAD,LAD,3102,794,19,255.0,535,264.0,8,R,0.256,0.373,0.099,0.072,0.145,19.5,35.3,114.5,62.1,49.2,F,D+,S,B-,C,68.4,Uncommon,False,False,0,0,0,bbref_war,False,False
startjo01,startjo01,Joe Start,1B,,The Genesis Era (1871-1900),1881,1882,1871,1886,HIST,HIST,4743,1417,15,18.0,164,109.0,16,L,0.313,0.344,0.072,0.024,0.045,82.3,18.5,14.5,2.5,60.1,A-,F,F,F,B-,68.4,Uncommon,False,False,0,0,0,bbref_war,False,False
burnsto01,burnsto01,Tom Burns,SS,3B,The Genesis Era (1871-1900),1885,1890,1880,1892,CHC,CHC,4920,1307,39,162.0,270,454.0,13,R,0.279,0.313,0.107,0.079,0.047,37.7,43.2,16.8,38.4,70.0,D+,C-,F,D+,B,68.3,Uncommon,False,False,0,0,0,bbref_war,False,False
elybo01,elybo01,Bones Ely,SS,,The Genesis Era (1871-1900),1897,1899,1884,1902,PIT,PIT,5167,1333,24,165.0,257,292.0,15,R,0.279,0.319,0.083,0.047,0.054,46.0,26.8,23.6,43.2,76.9,C,D,D-,C-,B+,68.3,Uncommon,False,False,0,0,0,bbref_war,False,False
yorkto01,yorkto01,Tom York,LF,,The Genesis Era (1871-1900),1879,1879,1871,1885,HIST,HIST,4005,1095,14,20.0,198,202.0,15,L,0.289,0.325,0.118,0.067,0.05,49.8,49.5,19.9,17.6,51.1,C,C,F,F,C,68.3,Uncommon,False,False,0,0,0,bbref_war,False,False
grimjo01,grimjo01,John Grim,C,,The Genesis Era (1871-1900),1894,1895,1888,1899,LAD,LAD,2644,707,16,83.0,87,84.0,11,R,0.272,0.311,0.1,0.033,0.036,43.8,38.5,5.9,41.6,70.6,C-,D+,F,C-,B,68.1,Uncommon,False,False,0,0,0,bbref_war,False,False
corcoto01,corcoto01,Tommy Corcoran,SS,2B,The Genesis Era (1871-1900),1895,1893,1890,1907,LAD,LAD,8824,2259,34,388.0,384,447.0,18,R,0.268,0.305,0.086,0.044,0.046,37.9,27.1,15.5,51.0,85.3,D+,D,F,C,A,67.9,Uncommon,False,False,0,0,0,bbref_war,False,False
robinwi01,robinwi01,Wilbert Robinson,C,,The Genesis Era (1871-1900),1895,1894,1886,1902,HIST,HIST,5075,1388,18,196.0,286,323.0,18,R,0.308,0.356,0.082,0.059,0.064,68.8,26.3,33.7,34.2,38.2,B,D,D,D,D+,67.8,Uncommon,False,False,0,0,0,bbref_war,False,False
mckinal01,mckinal01,Alex McKinnon,1B,,The Genesis Era (1871-1900),1886,1886,1884,1887,HIST,HIST,1572,465,13,16.0,45,125.0,4,R,0.296,0.315,0.115,0.077,0.028,52.5,49.3,1.0,26.3,47.3,C,C,F,D,C,67.6,Uncommon,False,False,0,0,0,bbref_war,False,False
orourti01,o'routi01,Tim O'Rourke,3B,SS,The Genesis Era (1871-1900),1892,1893,1890,1894,NLB,NLB,1510,440,1,81.0,197,58.0,8,L,0.291,0.38,0.061,0.034,0.114,60.3,11.6,83.6,43.6,41.2,B-,F,A-,C-,C-,67.5,Uncommon,False,False,0,0,0,bbref_war,False,False
keenaji01,keenaji01,Jim Keenan,C,1B,The Genesis Era (1871-1900),1886,1889,1875,1891,CIN,CIN,1881,451,22,41.0,177,179.0,11,R,0.254,0.328,0.118,0.076,0.088,16.9,49.9,58.1,31.3,66.6,F,C,C+,D,B,67.4,Uncommon,False,False,0,0,0,bbref_war,False,False
mannfr01,mannfr01,Fred Mann,CF,,The Genesis Era (1871-1900),1884,1884,1882,1887,PIT,PIT,2277,597,12,67.0,163,57.0,8,L,0.262,0.323,0.121,0.023,0.066,38.1,49.5,35.4,44.1,39.0,D+,C,D+,C-,D+,67.2,Uncommon,False,False,0,0,0,bbref_war,False,False
mcbrial01,mcbrial01,Algie McBride,CF,RF,The Genesis Era (1871-1900),1899,1898,1896,1901,CIN,CIN,1589,464,12,36.0,132,128.0,6,L,0.292,0.356,0.093,0.073,0.076,50.3,33.9,45.2,33.8,44.0,C,D,C,D,C-,67.2,Uncommon,False,False,0,0,0,bbref_war,False,False
seeryem01,seeryem01,Emmett Seery,LF,RF,The Genesis Era (1871-1900),1888,1889,1884,1892,HIST,HIST,3547,893,27,240.0,471,426.0,10,L,0.262,0.353,0.112,0.105,0.115,16.0,44.7,84.4,58.8,47.6,F,C-,A-,C+,C,67.2,Uncommon,False,False,0,0,0,bbref_war,False,False
fogarji01,fogarji01,Jim Fogarty,RF,CF,The Genesis Era (1871-1900),1887,1887,1884,1890,PHI,PHI,2880,709,20,325.0,351,327.0,7,R,0.246,0.335,0.097,0.1,0.108,3.3,34.7,77.0,87.0,70.3,F,D,B+,A,B,67.1,Uncommon,False,False,0,0,0,bbref_war,False,False
quinnjo02,quinnjo02,Joe Quinn,2B,"1B,3B,SS",The Genesis Era (1871-1900),1890,1890,1884,1901,STL,STL,6897,1804,30,270.0,366,295.0,20,R,0.284,0.328,0.075,0.036,0.056,54.1,21.6,25.8,45.1,59.4,C,D-,D,C,C+,67.0,Uncommon,False,False,0,0,0,bbref_war,False,False
davisju01,davisju01,Jumbo Davis,3B,,The Genesis Era (1871-1900),1888,1887,1884,1891,STL,STL,1723,468,14,151.0,108,124.0,9,L,0.272,0.322,0.107,0.067,0.058,34.5,42.8,28.2,63.4,46.0,D,C-,D,B-,C,66.9,Uncommon,False,False,0,0,0,bbref_war,False,False
leonaan01,leonaan01,Andy Leonard,LF,2B,The Genesis Era (1871-1900),1874,1875,1871,1880,HIST,HIST,2394,715,4,74.0,29,52.0,9,R,0.31,0.316,0.064,0.011,0.009,82.6,15.2,1.0,36.3,41.8,A-,F,F,D+,C-,66.9,Uncommon,False,False,0,0,0,bbref_war,False,False
robinya01,robinya01,William Robinson,2B,3B,The Genesis Era (1871-1900),1887,1886,1882,1892,STL,STL,3436,827,16,272.0,667,309.0,11,R,0.254,0.389,0.089,0.062,0.162,20.4,29.1,125.0,65.5,38.3,D-,D,S,B,D+,66.9,Uncommon,False,False,0,0,0,bbref_war,False,False
corkhpo01,corkhpo01,John Corkhill,CF,RF,The Genesis Era (1871-1900),1886,1888,1883,1892,CIN,CIN,4404,1120,31,137.0,174,109.0,13,L,0.271,0.304,0.088,0.019,0.037,46.6,30.0,6.7,38.9,68.9,C,D,F,D+,B,66.8,Uncommon,False,False,0,0,0,bbref_war,False,False
schripo01,schripo01,Pop Schriver,C,,The Genesis Era (1871-1900),1893,1899,1886,1901,CHC,CHC,2733,721,16,46.0,227,167.0,14,R,0.272,0.342,0.101,0.055,0.081,38.2,38.0,51.1,30.1,51.6,D+,D+,C,D,C,66.8,Uncommon,False,False,0,0,0,bbref_war,False,False
hanlone01,hanlone01,Ned Hanlon,CF,LF,The Genesis Era (1871-1900),1885,1885,1880,1892,HIST,HIST,5087,1318,30,329.0,472,357.0,13,L,0.269,0.34,0.084,0.057,0.092,34.8,25.8,62.0,65.7,49.8,D,D,B-,B,C,66.5,Uncommon,False,False,0,0,0,bbref_war,False,False
irwinch01,irwinch01,Charlie Irwin,3B,SS,The Genesis Era (1871-1900),1897,1902,1893,1902,CIN,CIN,3685,986,16,180.0,287,173.0,11,L,0.277,0.34,0.08,0.047,0.073,44.4,24.6,42.4,46.2,56.4,C-,D-,C-,C,C+,66.5,Uncommon,False,False,0,0,0,bbref_war,False,False
sullijo01,sullijo01,Joe Sullivan,SS,,The Genesis Era (1871-1900),1894,1894,1893,1896,PHI,PHI,1656,495,11,51.0,117,80.0,6,,0.299,0.362,0.082,0.044,0.064,64.1,26.3,34.0,35.5,33.5,B-,D,D,D+,D,66.5,Uncommon,False,False,0,0,0,bbref_war,False,False
highadi01,highadi01,Dick Higham,RF,C,The Genesis Era (1871-1900),1874,1878,1871,1880,HIST,HIST,1786,549,4,20.0,17,28.0,9,L,0.308,0.314,0.071,0.016,0.009,79.4,21.0,1.0,17.2,43.7,B+,D-,F,F,C-,66.4,Uncommon,False,False,0,0,0,bbref_war,False,False
tayloha01,tayloha01,Harry Taylor,1B,,The Genesis Era (1871-1900),1892,1890,1890,1893,NLB,NLB,1754,502,3,108.0,213,64.0,4,L,0.286,0.367,0.036,0.032,0.108,56.4,1.0,77.1,45.1,54.8,C+,F,B+,C,C,66.2,Uncommon,False,False,0,0,0,bbref_war,False,False
boyleja01,boyleja01,Jack Boyle,C,1B,The Genesis Era (1871-1900),1891,1891,1886,1898,PHI,PHI,4232,1070,23,126.0,326,339.0,13,R,0.276,0.343,0.089,0.066,0.077,39.2,31.0,46.8,37.2,53.4,D+,D,C,D+,C,66.1,Uncommon,False,False,0,0,0,bbref_war,False,False
shugafr01,shugafr01,Frank Shugart,SS,CF,The Genesis Era (1871-1900),1894,1892,1890,1901,PIT,PIT,3014,804,22,131.0,218,207.0,9,L,0.27,0.326,0.11,0.062,0.068,34.3,42.8,37.3,48.5,42.7,D,C-,D+,C,C-,66.1,Uncommon,False,False,0,0,0,bbref_war,False,False
richada01,richada01,Danny Richardson,2B,SS,The Genesis Era (1871-1900),1888,1891,1884,1894,SFG,SFG,4451,1129,32,225.0,283,289.0,11,R,0.257,0.3,0.085,0.062,0.056,23.1,28.8,25.7,52.6,82.8,D-,D,D,C,A-,66.0,Uncommon,False,False,0,0,0,bbref_war,False,False
cravebi01,cravebi01,Bill Craver,2B,SS,The Genesis Era (1871-1900),1874,1875,1871,1877,HIST,HIST,1567,455,2,40.0,27,34.0,8,R,0.29,0.302,0.086,0.021,0.017,62.8,28.6,1.0,33.1,44.8,B-,D,F,D,C-,65.9,Uncommon,False,False,0,0,0,bbref_war,False,False
kerinjo01,kerinjo01,John Kerins,1B,C,The Genesis Era (1871-1900),1887,1886,1884,1890,NLB,NLB,2227,561,20,95.0,165,65.0,8,R,0.252,0.308,0.105,0.027,0.069,28.0,40.7,38.3,46.4,51.8,D,C-,D+,C,C,65.7,Uncommon,False,False,0,0,0,bbref_war,False,False
radfopa01,radfopa01,Paul Radford,RF,"CF,SS",The Genesis Era (1871-1900),1889,1891,1883,1894,WSH,WSH,4979,1206,13,346.0,790,449.0,12,R,0.255,0.367,0.069,0.072,0.143,18.0,15.5,112.7,62.9,59.3,F,F,S,B-,C+,65.7,Uncommon,False,False,0,0,0,bbref_war,False,False
mulvejo01,mulvejo01,Joe Mulvey,3B,,The Genesis Era (1871-1900),1887,1885,1883,1895,PHI,PHI,4063,1059,28,147.0,134,257.0,13,R,0.274,0.299,0.102,0.058,0.032,38.8,40.2,2.0,47.4,53.8,D+,C-,F,C,C,65.6,Uncommon,False,False,0,0,0,bbref_war,False,False
barklsa01,barklsa01,Sam Barkley,2B,,The Genesis Era (1871-1900),1886,1884,1884,1889,HIST,HIST,2329,602,10,51.0,176,95.0,6,R,0.258,0.314,0.1,0.038,0.07,30.9,37.6,39.6,32.4,55.0,D,D+,D+,D,C+,65.2,Uncommon,False,False,0,0,0,bbref_war,False,False
deckege01,deckege01,George Decker,1B,"LF,RF",The Genesis Era (1871-1900),1896,1898,1892,1899,CHC,CHC,2739,756,25,112.0,173,167.0,10,L,0.276,0.324,0.101,0.055,0.06,41.5,38.8,29.4,46.8,34.5,C-,D+,D,C,D,65.2,Uncommon,False,False,0,0,0,bbref_war,False,False
obrieto02,o'brito02,Tom O'Brien,LF,1B,The Genesis Era (1871-1900),1898,1899,1897,1900,PIT,PIT,1573,437,10,55.0,120,87.0,5,,0.278,0.341,0.088,0.05,0.07,44.2,30.4,39.3,38.7,42.8,C-,D,D+,D+,C-,65.2,Uncommon,False,False,0,0,0,bbref_war,False,False
mcquemo01,mcquemo01,Mox McQuery,1B,,The Genesis Era (1871-1900),1886,1890,1884,1891,HIST,HIST,1581,429,13,33.0,123,92.0,5,,0.271,0.327,0.094,0.054,0.072,37.8,35.4,41.5,30.2,46.7,D+,D+,C-,D,C,65.1,Uncommon,False,False,0,0,0,bbref_war,False,False
hartmfr01,hartmfr01,Fred Hartman,3B,,The Genesis Era (1871-1900),1898,1901,1894,1902,STL,STL,2242,623,10,88.0,118,129.0,6,R,0.278,0.326,0.09,0.054,0.049,43.6,30.1,19.0,45.0,48.8,C-,D,F,C,C,65.0,Uncommon,False,False,0,0,0,bbref_war,False,False
burdoja01,burdoja01,Jack Burdock,2B,,The Genesis Era (1871-1900),1880,1883,1872,1891,ATL,ATL,4915,1231,18,59.0,140,367.0,19,R,0.277,0.293,0.097,0.072,0.022,37.9,37.1,1.0,23.7,64.9,D+,D+,F,D-,B-,64.8,Uncommon,False,False,0,0,0,bbref_war,False,False
crookja01,crookja01,Jack Crooks,2B,3B,The Genesis Era (1871-1900),1892,1891,1889,1898,NLB,NLB,2783,671,21,220.0,612,223.0,9,R,0.24,0.385,0.079,0.065,0.178,7.2,22.5,125.0,61.4,51.7,F,D-,S,B-,C,64.7,Uncommon,False,False,0,0,0,bbref_war,False,False
farreja02,farreja02,Jack Farrell,2B,SS,The Genesis Era (1871-1900),1883,1883,1879,1889,HIST,HIST,3613,877,23,87.0,197,254.0,13,R,0.258,0.294,0.096,0.059,0.049,24.7,35.7,18.5,26.3,76.5,D-,D+,F,D,B+,64.7,Uncommon,False,False,0,0,0,bbref_war,False,False
clappjo01,clappjo01,John Clapp,C,,The Genesis Era (1871-1900),1878,1880,1872,1883,NLB,NLB,2523,713,7,17.0,112,51.0,11,R,0.284,0.319,0.066,0.021,0.049,57.4,15.0,19.2,16.2,60.7,C+,F,F,F,B-,64.4,Uncommon,False,False,0,0,0,bbref_war,False,False
canavji01,canavji01,Jim Canavan,2B,"LF,RF,SS",The Genesis Era (1871-1900),1893,1894,1891,1897,CIN,CIN,2072,464,30,114.0,232,165.0,6,R,0.224,0.305,0.121,0.071,0.1,1.0,51.7,69.8,54.1,44.5,F,C,B,C,C-,64.3,Uncommon,False,False,0,0,0,bbref_war,False,False
reillch02,reillch02,Charlie Reilly,3B,,The Genesis Era (1871-1900),1893,1890,1889,1897,PHI,PHI,2381,595,17,132.0,180,187.0,8,B,0.259,0.325,0.08,0.064,0.072,23.9,25.5,41.7,49.1,66.4,D-,D,C-,C,B,64.3,Uncommon,False,False,0,0,0,bbref_war,False,False
gleasbi01,gleasbi01,Bill Gleason,SS,,The Genesis Era (1871-1900),1885,1883,1882,1889,STL,STL,3395,907,7,70.0,177,51.0,8,R,0.275,0.323,0.065,0.008,0.053,53.0,14.3,23.0,26.8,58.0,C,F,D-,D,C+,64.1,Uncommon,False,False,0,0,0,bbref_war,False,False
hornujo01,hornujo01,Joe Hornung,LF,,The Genesis Era (1871-1900),1882,1882,1879,1890,ATL,ATL,4784,1230,31,159.0,120,498.0,12,R,0.266,0.282,0.114,0.099,0.021,21.4,47.0,1.0,34.2,62.8,D-,C,F,D,B-,64.0,Uncommon,False,False,0,0,0,bbref_war,False,False
weavefa01,weavefa01,Farmer Weaver,CF,"LF,RF",The Genesis Era (1871-1900),1891,1891,1888,1894,NLB,NLB,3073,853,9,162.0,185,92.0,8,B,0.278,0.33,0.071,0.028,0.056,50.4,17.9,25.7,47.5,43.9,C,F,D,C,C-,64.0,Uncommon,False,False,0,0,0,bbref_war,False,False
allenbo01,allenbo01,Bob Allen,SS,,The Genesis Era (1871-1900),1893,1890,1890,1900,PHI,PHI,2216,534,14,53.0,297,221.0,7,R,0.241,0.334,0.094,0.087,0.118,2.3,32.7,87.0,33.9,69.8,F,D,A,D,B,63.9,Common,False,False,0,0,0,bbref_war,False,False
dickebu01,dickebu01,Buttercup Dickerson,LF,CF,The Genesis Era (1871-1900),1881,1884,1878,1885,HIST,HIST,1762,500,4,0.0,48,51.0,10,L,0.284,0.304,0.093,0.028,0.026,55.4,33.3,1.0,3.0,47.5,C+,D,F,F,C,63.9,Common,False,False,0,0,0,bbref_war,False,False
dowdto01,dowdto01,Tommy Dowd,2B,"CF,LF,RF",The Genesis Era (1871-1900),1896,1895,1891,1901,STL,STL,5514,1493,24,368.0,370,274.0,12,R,0.273,0.321,0.078,0.048,0.063,40.9,22.4,32.8,68.3,36.9,C-,D-,D,B,D+,63.9,Common,False,False,0,0,0,bbref_war,False,False
nelsoca01,nelsoca01,Candy Nelson,SS,2B,The Genesis Era (1871-1900),1885,1885,1872,1890,HIST,HIST,3294,833,3,68.0,352,45.0,15,L,0.257,0.356,0.049,0.006,0.123,38.3,3.9,92.0,34.3,56.0,D+,F,A,D,C+,63.9,Common,False,False,0,0,0,bbref_war,False,False
smithpo01,smithpo01,Pop Smith,2B,SS,The Genesis Era (1871-1900),1886,1884,1880,1891,PIT,PIT,4238,941,24,169.0,325,345.0,16,R,0.232,0.299,0.1,0.065,0.074,1.0,36.9,43.4,53.7,76.6,F,D+,C-,C,B+,63.8,Common,False,False,0,0,0,bbref_war,False,False
johnsdi01,johnsdi01,Dick Johnston,CF,,The Genesis Era (1871-1900),1887,1888,1884,1891,ATL,ATL,2992,751,33,151.0,133,283.0,9,R,0.253,0.285,0.119,0.092,0.041,11.2,50.9,11.0,53.6,55.2,F,C,F,C,C+,63.7,Common,False,False,0,0,0,bbref_war,False,False
mcgeami01,mcgeami01,Mike McGeary,2B,"3B,C,SS",The Genesis Era (1871-1900),1875,1876,1871,1882,HIST,HIST,2481,684,0,66.0,26,60.0,12,R,0.292,0.297,0.034,0.012,0.007,66.9,1.0,1.0,27.4,64.6,B,F,F,D,B-,63.7,Common,False,False,0,0,0,bbref_war,False,False
staffge01,staffge01,James Stafford,2B,"CF,LF,SS",The Genesis Era (1871-1900),1895,1897,1890,1899,SFG,SFG,2137,585,21,118.0,164,182.0,11,R,0.277,0.332,0.077,0.077,0.069,36.4,24.4,39.1,49.6,44.9,D+,D-,D+,C,C-,63.7,Common,False,False,0,0,0,bbref_war,False,False
mcaleji01,mcaleji01,Jimmy McAleer,CF,LF,The Genesis Era (1871-1900),1896,1892,1889,1907,HIST,HIST,3981,1008,11,262.0,365,329.0,13,R,0.255,0.328,0.075,0.077,0.091,17.7,20.8,60.6,57.1,63.0,F,D-,B-,C+,B-,63.6,Common,False,False,0,0,0,bbref_war,False,False
peterjo01,peterjo01,John Peters,SS,,The Genesis Era (1871-1900),1877,1876,1874,1884,CHC,CHC,2693,748,3,14.0,25,77.0,11,R,0.294,0.301,0.046,0.022,0.01,65.7,4.2,1.0,16.3,66.9,B,F,F,F,B,63.6,Common,False,False,0,0,0,bbref_war,False,False
phillbi01,phillbi01,Bill Phillips,1B,,The Genesis Era (1871-1900),1882,1885,1879,1888,HIST,HIST,4255,1130,17,39.0,178,295.0,10,R,0.273,0.301,0.108,0.056,0.033,39.0,41.8,3.3,25.5,44.8,D+,C-,F,D,C-,63.6,Common,False,False,0,0,0,bbref_war,False,False
millsev01,millsev01,Everett Mills,1B,,The Genesis Era (1871-1900),1874,1873,1871,1876,HIST,HIST,1525,433,2,10.0,13,12.0,6,,0.284,0.29,0.072,0.008,0.008,60.8,20.8,1.0,13.2,49.1,B-,D-,F,F,C,63.4,Common,False,False,0,0,0,bbref_war,False,False
sommejo01,sommejo01,Joe Sommer,LF,"3B,RF",The Genesis Era (1871-1900),1884,1882,1880,1890,HIST,HIST,3675,911,11,101.0,238,118.0,11,R,0.265,0.313,0.069,0.015,0.059,42.4,16.8,29.0,31.2,59.2,C-,F,D,D,C+,63.4,Common,False,False,0,0,0,bbref_war,False,False
esterdu01,esterdu01,Dude Esterbrook,3B,1B,The Genesis Era (1871-1900),1885,1884,1880,1891,SFG,SFG,2837,741,6,55.0,70,141.0,12,R,0.272,0.294,0.082,0.042,0.024,41.9,26.4,1.0,31.1,59.1,C-,D,F,D,C+,63.3,Common,False,False,0,0,0,bbref_war,False,False
houcksa01,houcksa01,Sadie Houck,SS,,The Genesis Era (1871-1900),1883,1884,1879,1887,HIST,HIST,2659,666,4,31.0,48,77.0,10,R,0.26,0.279,0.1,0.022,0.019,36.9,36.6,1.0,17.1,56.0,D+,D+,F,F,C+,63.0,Common,False,False,0,0,0,bbref_war,False,False
carrocl01,carrocl01,Cliff Carroll,LF,RF,The Genesis Era (1871-1900),1886,1890,1882,1893,HIST,HIST,3972,995,31,197.0,361,290.0,11,B,0.258,0.322,0.083,0.066,0.077,23.0,26.7,46.3,46.7,52.2,D-,D,C,C,C,62.8,Common,False,False,0,0,0,bbref_war,False,False
douglkl01,douglkl01,Klondike Douglass,1B,C,The Genesis Era (1871-1900),1900,1897,1896,1904,PHI,PHI,2800,766,10,84.0,227,109.0,9,L,0.28,0.347,0.065,0.035,0.078,50.7,14.9,47.4,38.1,31.3,C,F,C,D+,D,62.7,Common,False,False,0,0,0,bbref_war,False,False
fullesh01,fullesh01,Shorty Fuller,SS,,The Genesis Era (1871-1900),1892,1890,1888,1896,SFG,SFG,3678,863,6,260.0,444,198.0,9,R,0.241,0.33,0.053,0.039,0.111,15.5,5.6,80.4,58.7,71.5,F,F,A-,C+,B,62.7,Common,False,False,0,0,0,bbref_war,False,False
carpehi01,carpehi01,Hick Carpenter,3B,,The Genesis Era (1871-1900),1884,1882,1879,1892,CIN,CIN,4637,1202,18,158.0,112,174.0,12,R,0.276,0.296,0.069,0.034,0.022,47.5,17.7,1.0,44.8,50.8,C,F,F,C-,C,62.6,Common,False,False,0,0,0,bbref_war,False,False
hotalpe01,hotalpe01,Pete Hotaling,CF,,The Genesis Era (1871-1900),1882,1879,1879,1888,HIST,HIST,3492,931,9,78.0,224,251.0,9,L,0.27,0.32,0.092,0.061,0.065,34.8,31.7,34.6,35.0,36.9,D,D,D,D+,D+,62.6,Common,False,False,0,0,0,bbref_war,False,False
purcebl01,purcebl01,Blondie Purcell,LF,"CF,RF",The Genesis Era (1871-1900),1884,1889,1879,1890,PHI,PHI,4563,1217,13,197.0,284,248.0,16,R,0.281,0.323,0.077,0.044,0.056,48.5,22.5,25.6,38.1,33.2,C,D-,D,D+,D,62.6,Common,False,False,0,0,0,bbref_war,False,False
rosemch01,rosemch01,James Roseman,CF,"LF,RF",The Genesis Era (1871-1900),1885,1885,1882,1890,HIST,HIST,2761,726,17,19.0,133,68.0,10,R,0.263,0.312,0.097,0.023,0.045,38.7,35.9,14.9,25.7,38.8,D+,D+,F,D,D+,62.5,Common,False,False,0,0,0,bbref_war,False,False
kuehnbi01,kuehnbi01,Bill Kuehne,3B,SS,The Genesis Era (1871-1900),1886,1884,1883,1892,PIT,PIT,4286,993,25,150.0,136,260.0,14,R,0.238,0.259,0.116,0.046,0.025,10.4,46.4,1.0,46.3,61.4,F,C,F,C,B-,62.4,Common,False,False,0,0,0,bbref_war,False,False
mackre01,mackre01,Reddy Mack,2B,,The Genesis Era (1871-1900),1888,1887,1885,1890,NLB,NLB,2062,524,6,83.0,275,207.0,6,R,0.254,0.352,0.086,0.087,0.116,13.9,27.0,85.3,36.4,47.0,F,D,A,D+,C,62.3,Common,False,False,0,0,0,bbref_war,False,False
fulmech01,fulmech01,Charles Fulmer,SS,2B,The Genesis Era (1871-1900),1876,1882,1871,1884,CIN,CIN,2439,635,8,14.0,43,67.0,12,R,0.274,0.287,0.07,0.029,0.018,47.0,19.5,1.0,8.5,63.6,C,F,F,F,B-,62.2,Common,False,False,0,0,0,bbref_war,False,False
mcgarch01,mcgarch01,Chippy McGarr,3B,SS,The Genesis Era (1871-1900),1890,1887,1884,1896,HIST,HIST,3256,875,9,267.0,184,239.0,11,R,0.271,0.316,0.058,0.076,0.057,31.3,10.9,26.8,68.9,57.4,D,F,D,B,C+,62.2,Common,False,False,0,0,0,bbref_war,False,False
nicolhu01,nicolhu01,Hugh Nicol,RF,,The Genesis Era (1871-1900),1884,1883,1881,1890,CIN,CIN,3465,813,5,383.0,337,158.0,10,R,0.243,0.32,0.049,0.038,0.095,16.7,3.6,65.0,87.2,61.6,F,F,B,A,B-,62.2,Common,False,False,0,0,0,bbref_war,False,False
werrijo01,werrijo01,Joe Werrick,3B,,The Genesis Era (1871-1900),1886,1887,1884,1888,NLB,NLB,1534,383,10,83.0,102,98.0,4,R,0.25,0.3,0.098,0.06,0.062,17.6,36.7,31.8,47.7,46.5,F,D+,D,C,C,62.1,Common,False,False,0,0,0,bbref_war,False,False
ganzech01,ganzech01,Charlie Ganzel,C,,The Genesis Era (1871-1900),1889,1888,1884,1897,ATL,ATL,2987,774,10,60.0,162,124.0,15,R,0.261,0.298,0.076,0.045,0.043,31.2,22.1,13.3,34.4,62.9,D,D-,F,D,B-,62.0,Common,False,False,0,0,0,bbref_war,False,False
clarkbo02,clarkbo02,William Clarke,C,1B,The Genesis Era (1871-1900),1900,1901,1893,1905,NLB,NLB,3346,858,20,54.0,176,218.0,13,R,0.269,0.318,0.078,0.059,0.047,34.5,24.2,16.9,32.8,53.2,D,D-,F,D,C,61.9,Common,False,False,0,0,0,bbref_war,False,False
blakeha01,blakeha01,Harry Blake,RF,CF,The Genesis Era (1871-1900),1896,1898,1894,1899,HIST,HIST,1880,474,8,55.0,231,139.0,6,R,0.252,0.336,0.072,0.066,0.109,18.0,19.4,78.5,35.9,51.2,F,F,B+,D+,C,61.7,Common,False,False,0,0,0,bbref_war,False,False
dorgami01,dorgami01,Mike Dorgan,RF,,The Genesis Era (1871-1900),1881,1885,1877,1890,SFG,SFG,2924,802,4,39.0,118,179.0,11,R,0.285,0.311,0.07,0.058,0.037,48.2,18.1,6.5,21.1,50.3,C,F,F,D-,C,61.6,Common,False,False,0,0,0,bbref_war,False,False
flintsi01,flintsi01,Silver Flint,C,,The Genesis Era (1871-1900),1882,1879,1875,1889,CHC,CHC,2913,687,21,12.0,54,471.0,13,R,0.259,0.27,0.103,0.148,0.015,13.5,42.2,1.0,19.9,69.5,F,C-,F,F,B,61.6,Common,False,False,0,0,0,bbref_war,False,False
twitcla01,twitcla01,Larry Twitchell,LF,RF,The Genesis Era (1871-1900),1889,1893,1886,1894,HIST,HIST,2571,676,19,84.0,168,231.0,10,R,0.271,0.316,0.094,0.087,0.054,28.5,34.1,24.0,36.8,39.0,D,D,D-,D+,D+,61.6,Common,False,False,0,0,0,bbref_war,False,False
mannija01,mannija01,Jack Manning,RF,,The Genesis Era (1871-1900),1877,1884,1873,1886,PHI,PHI,3505,922,14,34.0,181,198.0,13,R,0.277,0.31,0.091,0.062,0.046,40.7,33.3,15.6,8.9,37.3,C-,D,F,F,D+,61.3,Common,False,False,0,0,0,bbref_war,False,False
schafha01,schafha01,Harry Schafer,3B,,The Genesis Era (1871-1900),1875,1875,1871,1878,HIST,HIST,1655,449,4,35.0,12,45.0,8,R,0.272,0.277,0.064,0.027,0.007,45.6,16.5,1.0,26.6,53.6,C,F,F,D,C,61.3,Common,False,False,0,0,0,bbref_war,False,False
clintji01,clintji01,Jim Clinton,LF,CF,The Genesis Era (1871-1900),1876,1883,1872,1886,HIST,HIST,1719,438,4,3.0,82,20.0,10,R,0.274,0.316,0.07,0.006,0.047,53.0,20.2,16.6,1.0,41.1,C,D-,F,F,C-,61.2,Common,False,False,0,0,0,bbref_war,False,False
farrasi01,farrasi01,Sid Farrar,1B,,The Genesis Era (1871-1900),1887,1887,1883,1890,PHI,PHI,3573,905,18,92.0,233,269.0,8,,0.253,0.301,0.089,0.074,0.055,16.1,30.7,24.9,35.2,59.5,F,D,D-,D+,C+,61.2,Common,False,False,0,0,0,bbref_war,False,False
irwinar01,irwinar01,Arthur Irwin,SS,,The Genesis Era (1871-1900),1886,1880,1880,1894,PHI,PHI,3871,934,5,93.0,309,378.0,14,L,0.252,0.305,0.073,0.085,0.07,12.5,19.6,39.9,34.3,74.7,F,F,D+,D,B,61.2,Common,False,False,0,0,0,bbref_war,False,False
gillepe01,gillepe01,Patrick Gillespie,LF,,The Genesis Era (1871-1900),1883,1883,1880,1887,SFG,SFG,2927,809,10,54.0,106,218.0,8,L,0.278,0.303,0.078,0.072,0.034,38.5,22.7,4.4,26.3,50.6,D+,D-,F,D,C,60.9,Common,False,False,0,0,0,bbref_war,False,False
colemjo01,colemjo01,John Coleman,RF,,The Genesis Era (1871-1900),1887,1885,1883,1890,OAK,OAK,2508,645,7,71.0,152,154.0,10,L,0.259,0.304,0.089,0.057,0.057,25.9,28.9,26.8,39.3,41.8,D,D,D,D+,C-,60.8,Common,False,False,0,0,0,bbref_war,False,False
brownwi01,brownwi01,William Brown,1B,C,The Genesis Era (1871-1900),1890,1893,1887,1894,SFG,SFG,1589,415,6,39.0,123,124.0,9,R,0.261,0.319,0.077,0.072,0.071,24.1,23.7,41.1,32.4,46.2,D-,D-,C-,D,C,60.6,Common,False,False,0,0,0,bbref_war,False,False
bastich01,bastich01,Charlie Bastian,2B,SS,The Genesis Era (1871-1900),1887,1886,1884,1891,PHI,PHI,1806,342,11,57.0,179,308.0,10,R,0.194,0.269,0.081,0.144,0.085,1.0,25.9,54.2,41.4,66.1,F,D,C,C-,B,60.5,Common,False,False,0,0,0,bbref_war,False,False
donneji01,donneji01,Jim Donnelly,3B,,The Genesis Era (1871-1900),1890,1896,1884,1898,HIST,HIST,2388,549,2,173.0,169,154.0,12,R,0.258,0.314,0.055,0.045,0.066,29.1,9.3,35.5,57.0,50.7,D,F,D+,C+,C,60.5,Common,False,False,0,0,0,bbref_war,False,False
cuthbne01,cuthbne01,Ned Cuthbert,LF,,The Genesis Era (1871-1900),1874,1872,1871,1884,HIST,HIST,2114,537,8,70.0,65,35.0,10,R,0.264,0.284,0.067,0.018,0.027,41.5,17.7,1.0,46.3,40.7,C-,F,F,C,C-,60.4,Common,False,False,0,0,0,bbref_war,False,False
bassech01,bassech01,Charley Bassett,2B,"3B,SS",The Genesis Era (1871-1900),1889,1891,1884,1892,HIST,HIST,3493,806,15,116.0,239,312.0,10,R,0.241,0.296,0.077,0.07,0.064,6.7,22.2,33.8,39.8,72.7,F,D-,D,D+,B,60.3,Common,False,False,0,0,0,bbref_war,False,False
andreed01,andreed01,Ed Andrews,CF,"2B,LF",The Genesis Era (1871-1900),1887,1885,1884,1891,PHI,PHI,3233,830,12,205.0,194,245.0,9,R,0.262,0.303,0.066,0.069,0.053,26.0,16.2,22.7,58.8,47.3,D,F,D-,C+,C,60.2,Common,False,False,0,0,0,bbref_war,False,False
clingbi01,clingbi01,Billy Clingman,SS,3B,The Genesis Era (1871-1900),1898,1899,1890,1903,NLB,NLB,2854,700,8,98.0,303,303.0,10,B,0.251,0.329,0.058,0.091,0.098,10.0,9.9,67.1,37.3,69.2,F,F,B,D+,B,60.2,Common,False,False,0,0,0,bbref_war,False,False
myersal01,myersal01,Al Myers,2B,,The Genesis Era (1871-1900),1887,1890,1884,1891,PHI,PHI,3222,788,13,111.0,294,263.0,9,R,0.25,0.324,0.077,0.07,0.089,14.4,22.7,58.6,43.1,44.4,F,D-,C+,C-,C-,60.1,Common,False,False,0,0,0,bbref_war,False,False
dextech01,dextech01,Charlie Dexter,RF,"1B,3B,C,CF",The Genesis Era (1871-1900),1899,1898,1896,1903,NLB,NLB,2876,751,16,183.0,198,226.0,9,R,0.264,0.323,0.065,0.073,0.066,26.2,15.5,35.7,57.4,38.8,D,F,D+,C+,D+,59.9,Common,False,False,0,0,0,bbref_war,False,False
mackco01,mackco01,Connie Mack,C,,The Genesis Era (1871-1900),1890,1892,1886,1896,PIT,PIT,2698,659,5,127.0,170,127.0,11,R,0.251,0.315,0.061,0.04,0.059,23.8,12.3,29.3,44.5,57.8,D-,F,D,C-,C+,59.9,Common,False,False,0,0,0,bbref_war,False,False
dailyco01,dailyco01,Con Daily,C,,The Genesis Era (1871-1900),1891,1891,1885,1896,LAD,LAD,2215,541,2,94.0,208,208.0,13,L,0.26,0.337,0.057,0.08,0.094,20.9,10.2,63.5,39.5,49.5,D-,F,B-,D+,C,59.8,Common,False,False,0,0,0,bbref_war,False,False
snydepo01,snydepo01,Pop Snyder,C,,The Genesis Era (1871-1900),1879,1882,1873,1891,CIN,CIN,3643,855,9,33.0,83,203.0,18,R,0.256,0.273,0.08,0.026,0.023,31.5,25.5,1.0,2.2,59.4,D,D,F,F,C+,59.8,Common,False,False,0,0,0,bbref_war,False,False
obriejo02,o'brijo02,John O'Brien,2B,,The Genesis Era (1871-1900),1896,1896,1891,1899,NLB,NLB,1910,486,12,45.0,154,81.0,8,L,0.254,0.322,0.061,0.039,0.073,27.2,13.6,43.1,31.5,46.4,D,F,C-,D,C,59.7,Common,False,False,0,0,0,bbref_war,False,False
poormto01,poormto01,Tom Poorman,RF,,The Genesis Era (1871-1900),1886,1886,1880,1888,OAK,OAK,2043,498,12,165.0,102,191.0,7,L,0.244,0.285,0.092,0.088,0.047,4.6,31.9,17.1,65.3,47.9,F,D,F,B,C,59.6,Common,False,False,0,0,0,bbref_war,False,False
stearec01,stearec01,Dan Stearns,1B,,The Genesis Era (1871-1900),1883,1883,1880,1889,HIST,HIST,2025,491,8,67.0,173,117.0,8,L,0.242,0.306,0.083,0.053,0.078,12.9,26.0,48.0,44.5,39.6,F,D,C,C-,D+,59.6,Common,False,False,0,0,0,bbref_war,False,False
striccu01,striccu01,Cub Stricker,2B,,The Genesis Era (1871-1900),1889,1888,1882,1893,HIST,HIST,4635,1106,12,278.0,414,152.0,12,R,0.249,0.316,0.062,0.03,0.083,24.3,11.9,52.8,58.5,33.5,D-,F,C,C+,D,59.6,Common,False,False,0,0,0,bbref_war,False,False
sundabi01,sundabi01,Billy Sunday,CF,RF,The Genesis Era (1871-1900),1887,1890,1883,1890,CHC,CHC,2007,498,12,246.0,134,229.0,9,L,0.251,0.305,0.066,0.098,0.066,8.1,16.2,35.6,85.2,46.8,F,F,D+,A,C,59.6,Common,False,False,0,0,0,bbref_war,False,False
careyto01,careyto01,Tom Carey,SS,2B,The Genesis Era (1871-1900),1876,1876,1871,1879,HIST,HIST,2394,646,5,27.0,16,61.0,9,R,0.27,0.274,0.05,0.027,0.006,43.3,6.2,1.0,21.9,56.8,C-,F,F,D-,C+,59.5,Common,False,False,0,0,0,bbref_war,False,False
gerhajo01,gerhajo01,Joe Gerhardt,2B,3B,The Genesis Era (1871-1900),1878,1878,1873,1891,NLB,NLB,4140,939,7,37.0,162,238.0,17,R,0.262,0.283,0.07,0.03,0.025,36.0,17.6,1.0,2.7,60.5,D+,F,F,F,B-,59.5,Common,False,False,0,0,0,bbref_war,False,False
remseja01,remseja01,Jack Remsen,CF,,The Genesis Era (1871-1900),1876,1876,1872,1884,NLB,NLB,2353,573,9,14.0,71,131.0,11,R,0.253,0.275,0.075,0.037,0.03,26.1,22.2,1.0,21.2,59.3,D,D-,F,D-,C+,59.5,Common,False,False,0,0,0,bbref_war,False,False
ryanja01,ryanja01,Jack Ryan,C,,The Genesis Era (1871-1900),1899,1890,1889,1913,MIN,MIN,2192,476,4,32.0,85,155.0,13,R,0.253,0.291,0.075,0.079,0.048,16.0,24.9,17.5,24.8,58.7,F,D-,F,D-,C+,59.4,Common,False,False,0,0,0,bbref_war,False,False
brownle01,brownle01,Lew Brown,C,1B,The Genesis Era (1871-1900),1879,1878,1876,1884,ATL,ATL,1531,379,10,0.0,45,155.0,10,R,0.248,0.269,0.114,0.098,0.029,5.4,48.3,1.0,3.2,56.6,F,C,F,F,C+,59.3,Common,False,False,0,0,0,bbref_war,False,False
buckldi01,buckldi01,Dick Buckley,C,,The Genesis Era (1871-1900),1891,1890,1888,1895,STL,STL,1833,449,26,25.0,98,188.0,9,R,0.244,0.29,0.097,0.102,0.051,1.1,40.3,20.8,25.4,54.9,F,C-,D-,D,C,59.3,Common,False,False,0,0,0,bbref_war,False,False
coreyfr01,coreyfr01,Fred Corey,3B,,The Genesis Era (1871-1900),1882,1884,1878,1885,OAK,OAK,1738,427,7,0.0,60,70.0,7,R,0.246,0.273,0.102,0.039,0.033,19.6,38.4,3.2,4.3,49.0,F,D+,F,F,C,59.3,Common,False,False,0,0,0,bbref_war,False,False
mcclebi01,mcclebi01,Bill McClellan,2B,SS,The Genesis Era (1871-1900),1885,1886,1878,1888,LAD,LAD,3197,773,6,132.0,274,185.0,9,B,0.248,0.313,0.071,0.051,0.081,18.4,18.1,50.3,49.0,35.4,F,F,C,C,D+,59.3,Common,False,False,0,0,0,bbref_war,False,False
bradyst01,bradyst01,Steve Brady,RF,1B,The Genesis Era (1871-1900),1884,1885,1874,1886,HIST,HIST,2030,529,4,22.0,94,15.0,7,,0.261,0.296,0.05,0.007,0.044,41.0,5.7,14.0,25.3,48.9,C-,F,F,D,C,59.2,Common,False,False,0,0,0,bbref_war,False,False
whitebi02,whitebi02,Bill White,SS,,The Genesis Era (1871-1900),1886,1886,1883,1888,NLB,NLB,1834,441,6,76.0,125,97.0,6,R,0.24,0.291,0.071,0.049,0.064,12.2,18.3,33.3,42.6,53.1,F,F,D,C-,C,59.1,Common,False,False,0,0,0,bbref_war,False,False
mccorba01,mccorba01,Barry McCormick,3B,"2B,SS",The Genesis Era (1871-1900),1899,1898,1895,1904,CHC,CHC,3645,867,15,130.0,280,439.0,11,R,0.246,0.306,0.073,0.094,0.073,4.4,19.7,43.1,46.0,53.6,F,F,C-,C,C,59.0,Common,False,False,0,0,0,bbref_war,False,False
battijo01,battijo01,Joe Battin,3B,2B,The Genesis Era (1871-1900),1875,1876,1871,1890,PIT,PIT,1953,439,3,26.0,40,36.0,12,R,0.238,0.254,0.064,0.021,0.021,18.2,15.8,1.0,25.5,69.5,F,F,F,D,B,58.9,Common,False,False,0,0,0,bbref_war,False,False
bushodo01,bushodo01,Doc Bushong,C,,The Genesis Era (1871-1900),1883,1885,1875,1890,HIST,HIST,2397,514,2,39.0,124,125.0,13,R,0.237,0.287,0.049,0.029,0.065,15.3,6.4,34.3,24.1,71.9,F,F,D,D-,B,58.9,Common,False,False,0,0,0,bbref_war,False,False
knighlo01,knighlo01,Lon Knight,RF,,The Genesis Era (1871-1900),1881,1881,1875,1885,OAK,OAK,2288,555,3,2.0,97,71.0,9,R,0.248,0.275,0.082,0.025,0.036,24.9,25.9,5.5,15.3,46.4,D-,D,F,F,C,58.9,Common,False,False,0,0,0,bbref_war,False,False
gilliba01,gilliba01,Barney Gilligan,C,,The Genesis Era (1871-1900),1883,1884,1879,1888,HIST,HIST,1865,386,3,8.0,147,235.0,10,R,0.212,0.278,0.069,0.119,0.083,1.0,17.7,52.8,19.3,67.4,F,F,C,F,B,58.8,Common,False,False,0,0,0,bbref_war,False,False
dailyed01,dailyed01,Ed Daily,RF,LF,The Genesis Era (1871-1900),1888,1888,1885,1891,PHI,PHI,2573,616,19,235.0,125,222.0,11,R,0.239,0.276,0.085,0.082,0.046,2.2,28.9,16.1,66.9,40.2,F,D,F,B,C-,58.6,Common,False,False,0,0,0,bbref_war,False,False
fergubo01,fergubo01,Bob Ferguson,2B,3B,The Genesis Era (1871-1900),1877,1878,1871,1884,HIST,HIST,3467,920,1,16.0,128,136.0,14,B,0.274,0.311,0.046,0.049,0.05,41.8,3.3,19.7,9.7,45.7,C-,F,F,F,C,58.5,Common,False,False,0,0,0,bbref_war,False,False
greenbi01,greenbi01,Bill Greenwood,2B,,The Genesis Era (1871-1900),1888,1887,1882,1890,HIST,HIST,2170,490,8,194.0,201,147.0,6,B,0.226,0.298,0.061,0.061,0.084,1.0,12.0,53.7,66.4,48.6,F,F,C,B,C,58.5,Common,False,False,0,0,0,bbref_war,False,False
hankifr01,hankifr01,Frank Hankinson,3B,,The Genesis Era (1871-1900),1884,1886,1878,1888,HIST,HIST,3272,747,13,31.0,170,266.0,10,R,0.239,0.279,0.079,0.072,0.053,4.5,24.1,22.8,26.9,60.0,F,D-,D-,D,B-,58.5,Common,False,False,0,0,0,bbref_war,False,False
donahti01,donahti01,Tim Donahue,C,,The Genesis Era (1871-1900),1898,1898,1891,1902,CHC,CHC,1500,354,2,54.0,142,109.0,8,L,0.239,0.319,0.057,0.064,0.089,7.1,11.2,58.8,36.0,51.1,F,F,C+,D+,C,58.4,Common,False,False,0,0,0,bbref_war,False,False
crowlbi01,crowlbi01,Bill Crowley,RF,"CF,LF",The Genesis Era (1871-1900),1881,1880,1875,1885,HIST,HIST,2057,540,8,0.0,102,178.0,9,R,0.266,0.301,0.075,0.084,0.048,25.0,22.3,17.5,1.0,44.8,D,D-,F,F,C-,58.3,Common,False,False,0,0,0,bbref_war,False,False
mcgeaja01,mcgeaja01,Jack McGeachey,RF,CF,The Genesis Era (1871-1900),1888,1887,1886,1891,HIST,HIST,2464,604,9,164.0,57,148.0,9,R,0.245,0.265,0.069,0.058,0.023,13.6,18.6,1.0,57.8,46.9,F,F,F,C+,C,58.3,Common,False,False,0,0,0,bbref_war,False,False
murphmo01,murphmo01,Morgan Murphy,C,,The Genesis Era (1871-1900),1895,1891,1890,1901,PHI,PHI,1977,444,10,53.0,157,269.0,12,R,0.226,0.288,0.061,0.134,0.076,1.0,16.1,46.1,33.6,58.4,F,F,C,D,C+,58.3,Common,False,False,0,0,0,bbref_war,False,False
richmjo01,richmjo01,John Richmond,SS,CF,The Genesis Era (1871-1900),1882,1884,1875,1885,HIST,HIST,1725,410,5,1.0,103,80.0,9,,0.246,0.286,0.066,0.033,0.05,21.6,16.0,20.3,12.1,52.2,D-,F,D-,F,C,58.3,Common,False,False,0,0,0,bbref_war,False,False
murnati01,murnati01,Tim Murnane,1B,CF,The Genesis Era (1871-1900),1876,1875,1872,1884,ATL,ATL,1632,426,5,39.0,60,54.0,8,L,0.266,0.291,0.04,0.027,0.034,40.1,1.0,4.4,27.1,45.9,C-,F,F,D,C,58.2,Common,False,False,0,0,0,bbref_war,False,False
harledi01,harledi01,Dick Harley,LF,"CF,RF",The Genesis Era (1871-1900),1900,1902,1897,1903,STL,STL,2882,755,10,139.0,223,250.0,7,L,0.262,0.332,0.05,0.079,0.07,23.0,4.3,39.8,47.3,35.0,D-,F,D+,C,D+,58.0,Common,False,False,0,0,0,bbref_war,False,False
maculji01,maculji01,Jimmy Macullar,SS,CF,The Genesis Era (1871-1900),1884,1884,1879,1886,HIST,HIST,1541,319,7,23.0,155,27.0,6,R,0.207,0.285,0.069,0.016,0.091,1.0,18.1,60.2,30.4,45.3,F,F,B-,D,C,58.0,Common,False,False,0,0,0,bbref_war,False,False
muldomi01,muldomi01,Mike Muldoon,3B,,The Genesis Era (1871-1900),1884,1882,1882,1886,HIST,HIST,1932,450,10,12.0,92,134.0,5,,0.233,0.27,0.09,0.066,0.045,1.2,32.2,15.2,23.7,51.1,F,D,F,D-,C,58.0,Common,False,False,0,0,0,bbref_war,False,False
cassijo01,cassijo01,John Cassidy,RF,CF,The Genesis Era (1871-1900),1878,1877,1875,1885,HIST,HIST,2642,650,5,0.0,84,132.0,12,R,0.264,0.286,0.065,0.035,0.029,36.4,15.9,1.0,1.0,38.6,D+,F,F,F,D+,57.9,Common,False,False,0,0,0,bbref_war,False,False
harbibi01,harbibi01,Bill Harbridge,C,CF,The Genesis Era (1871-1900),1878,1878,1875,1884,HIST,HIST,1510,373,2,2.0,80,69.0,9,L,0.254,0.29,0.06,0.033,0.049,28.7,13.1,18.5,1.7,46.1,D,F,F,F,C,57.9,Common,False,False,0,0,0,bbref_war,False,False
whitnar01,whitnar01,Art Whitney,3B,SS,The Genesis Era (1871-1900),1885,1886,1880,1891,PIT,PIT,3681,820,6,67.0,302,173.0,13,R,0.234,0.284,0.052,0.029,0.061,11.7,5.9,30.8,26.5,63.2,F,F,D,D,B-,57.9,Common,False,False,0,0,0,bbref_war,False,False
lyonsha01,lyonsha01,Harry Lyons,CF,LF,The Genesis Era (1871-1900),1890,1890,1887,1893,SFG,SFG,1713,401,7,120.0,97,83.0,7,R,0.234,0.277,0.055,0.046,0.053,7.8,9.1,23.3,55.5,51.7,F,F,D-,C+,C,57.8,Common,False,False,0,0,0,bbref_war,False,False
dunnja01,dunnja01,Jack Dunn,3B,SS,The Genesis Era (1871-1900),1900,1904,1897,1904,LAD,LAD,1622,397,1,55.0,83,122.0,10,R,0.254,0.296,0.05,0.065,0.046,19.9,7.4,16.3,36.4,45.1,F,F,F,D+,C,57.5,Common,False,False,0,0,0,bbref_war,False,False
baldwki01,baldwki01,Kid Baldwin,C,,The Genesis Era (1871-1900),1887,1884,1884,1890,CIN,CIN,1677,371,7,40.0,36,90.0,9,R,0.221,0.243,0.078,0.052,0.021,1.0,24.4,1.0,32.9,54.9,F,D-,F,D,C,57.3,Common,False,False,0,0,0,bbref_war,False,False
maskrle01,maskrle01,Leech Maskrey,LF,,The Genesis Era (1871-1900),1884,1884,1882,1886,NLB,NLB,1601,360,2,4.0,61,0.0,6,R,0.225,0.256,0.069,0.0,0.037,12.1,17.5,6.5,18.1,52.1,F,F,F,F,C,57.3,Common,False,False,0,0,0,bbref_war,False,False
mackde01,mackde01,Denny Mack,SS,1B,The Genesis Era (1871-1900),1876,1872,1871,1883,HIST,HIST,1505,343,1,31.0,93,40.0,8,R,0.232,0.284,0.039,0.027,0.067,11.3,1.0,37.1,28.1,54.5,F,F,D+,D,C,57.0,Common,False,False,0,0,0,bbref_war,False,False
myersge01,myersge01,George Myers,C,,The Genesis Era (1871-1900),1886,1888,1884,1889,HIST,HIST,1578,321,5,72.0,109,149.0,6,R,0.203,0.26,0.047,0.088,0.064,1.0,5.1,33.9,44.2,46.8,F,F,D,C-,C,56.3,Common,False,False,0,0,0,bbref_war,False,False
evansja01,evansja01,Jake Evans,RF,,The Genesis Era (1871-1900),1882,1879,1879,1885,HIST,HIST,1831,435,1,0.0,63,172.0,7,,0.238,0.264,0.063,0.091,0.033,1.0,14.0,3.2,1.0,63.1,F,F,F,F,B-,55.8,Common,False,False,0,0,0,bbref_war,False,False
questjo01,questjo01,Joe Quest,2B,,The Genesis Era (1871-1900),1881,1880,1871,1886,CHC,CHC,2295,499,1,5.0,104,161.0,12,R,0.224,0.259,0.046,0.074,0.045,1.0,4.2,14.7,17.0,58.7,F,F,F,F,C+,55.5,Common,False,False,0,0,0,bbref_war,False,False
holbebi01,holbebi01,Bill Holbert,C,,The Genesis Era (1871-1900),1881,1881,1876,1888,HIST,HIST,2335,486,0,16.0,58,122.0,13,R,0.216,0.233,0.024,0.054,0.022,1.0,1.0,1.0,14.6,67.0,F,F,F,F,B,55.2,Common,False,False,0,0,0,bbref_war,False,False
creamge01,creamge01,George Creamer,2B,,The Genesis Era (1871-1900),1881,1882,1878,1884,HIST,HIST,1862,400,1,0.0,71,89.0,7,R,0.215,0.244,0.061,0.046,0.037,1.0,12.2,6.6,1.9,47.5,F,F,F,F,C,54.8,Common,False,False,0,0,0,bbref_war,False,False
lilliji01,lilliji01,Jim Lillie,RF,LF,The Genesis Era (1871-1900),1884,1884,1883,1886,HIST,HIST,1518,332,6,13.0,23,221.0,4,R,0.219,0.23,0.053,0.143,0.015,1.0,9.9,1.0,23.4,43.5,F,F,F,D-,C-,54.8,Common,False,False,0,0,0,bbref_war,False,False
caskied01,caskied01,Ed Caskin,SS,,The Genesis Era (1871-1900),1883,1879,1879,1886,SFG,SFG,1871,427,2,0.0,82,170.0,7,R,0.228,0.261,0.041,0.087,0.042,1.0,1.0,11.9,1.0,55.7,F,F,F,F,C+,54.3,Common,False,False,0,0,0,bbref_war,False,False
