playerID,bbrefID,name,era,peak_year,peak_year_display,debut_year,last_year,team,franchise_name,role,career_g,career_gs,career_sv,career_ip,career_w,career_l,career_so,career_bb,career_hr,peak_war,peak_k9,peak_bb9,peak_hr9,peak_era,peak_era_plus,peak_ip_per_gs,str_val,ctl_val,grt_val,sta_val,hr_val,def_val,str_grade,ctl_grade,grt_grade,sta_grade,def_grade,ovr,rarity,is_allstar,is_hof,allstar_selections,defense_source
clemero02,clemero02,Roger Clemens,Big Hair Era (1977-1993),1991,1997,1984,2007,BOS,BOS,SP,709,707,0,4916.666666666667,354,184,4672,1580,363.0,65.39,8.67,2.46,0.47,2.46,181.23,7.6,93.8,77.4,102.8,55.6,81.5,52.5,A,B+,S,C+,C,83.5,Legendary,True,False,11,bbref_war
henketo01,henketo01,Tom Henke,Big Hair Era (1977-1993),1990,1989,1982,1995,TOR,TOR,RP,642,0,311,789.6666666666666,41,42,861,255,64.0,17.5,10.52,2.68,0.72,2.47,178.07,,125.0,71.3,100.7,2.1,54.7,47.1,S,B,S,F,C,79.7,Legendary,True,False,2,bbref_war
swindgr01,swindgr01,Greg Swindell,Big Hair Era (1977-1993),1992,1988,1986,2002,CLE,CLE,SP,664,269,7,2233.3333333333335,123,122,1542,501,262.0,26.03,6.31,1.92,0.8,3.22,135.82,28.78,54.1,92.8,73.3,125.0,45.6,56.4,C,A,B,S,C+,78.9,Legendary,True,False,1,bbref_war
jonesdo01,jonesdo01,Doug Jones,Big Hair Era (1977-1993),1992,1988,1982,2000,CLE,CLE,RP,846,4,303,1128.3333333333333,69,79,909,247,86.0,18.89,7.04,1.61,0.47,2.42,178.47,,66.4,101.6,101.0,3.0,82.0,53.5,B,S,S,F,C,74.5,Legendary,True,False,5,bbref_war
carltst01,carltst01,Steve Carlton,Big Hair Era (1977-1993),1980,1972,1965,1988,PHI,PHI,SP,741,709,2,5217.333333333333,329,244,4136,1833,414.0,51.59,8.09,2.74,0.55,2.53,149.59,7.9,84.2,69.4,82.2,58.1,73.1,53.1,A-,B,A-,C+,C,74.0,Legendary,True,True,10,bbref_war
suttebr01,suttebr01,Bruce Sutter,Big Hair Era (1977-1993),1979,1977,1976,1988,CHC,CHC,RP,661,0,300,1042.0,68,71,861,309,77.0,24.55,8.1,2.53,0.53,2.27,185.27,,84.2,75.5,105.4,5.7,75.2,56.3,A-,B+,S,F,C+,73.7,Legendary,True,True,6,bbref_war
saberbr01,saberbr01,Bret Saberhagen,Big Hair Era (1977-1993),1989,1989,1984,2001,KCR,KCR,SP,399,371,1,2562.6666666666665,167,117,1715,471,218.0,42.84,6.24,1.56,0.67,3.01,146.28,7.13,52.9,102.9,80.1,51.6,59.2,53.9,C,S,A-,C,C,72.4,Epic,True,False,3,bbref_war
sambijo01,sambijo01,Joe Sambito,Big Hair Era (1977-1993),1980,1979,1976,1987,HOU,HOU,RP,461,5,84,629.0,37,38,489,195,48.0,9.69,7.37,2.63,0.58,2.29,198.02,89.0,71.9,72.6,113.7,3.9,69.8,52.3,B,B,S,F,C,71.2,Epic,True,False,1,bbref_war
goodedw01,goodedw01,Dwight Gooden,Big Hair Era (1977-1993),1987,1985,1984,2000,NYM,NYM,SP,430,410,3,2800.6666666666665,194,112,2293,954,210.0,35.89,7.82,2.57,0.48,2.85,132.76,7.32,79.6,74.3,71.3,53.2,80.3,56.2,B+,B,B,C,C+,71.1,Epic,True,False,4,bbref_war
harvebr01,harvebr01,Bryan Harvey,Big Hair Era (1977-1993),1990,1993,1987,1995,LAA,LAA,RP,322,0,177,387.0,17,25,448,144,30.0,12.34,10.47,3.32,0.67,2.34,151.91,,124.1,53.0,83.7,2.0,59.8,52.6,S,C,A-,F,C,71.1,Epic,True,False,2,bbref_war
rijojo01,rijojo01,Jose Rijo,Big Hair Era (1977-1993),1991,1993,1984,2002,CIN,CIN,SP,376,269,3,1880.0,116,91,1606,663,147.0,35.62,7.8,2.75,0.55,2.63,145.7,6.88,79.1,69.2,79.7,49.5,72.3,54.6,B+,B,B+,C,C,70.8,Epic,True,False,1,bbref_war
anderla02,anderla02,Larry Andersen,Big Hair Era (1977-1993),1989,1990,1975,1994,PHI,PHI,RP,699,1,49,995.3333333333334,40,39,758,311,58.0,12.73,7.51,2.5,0.34,2.31,171.84,,74.4,76.3,96.7,3.4,96.0,56.5,B,B+,A+,F,C+,70.0,Epic,False,False,0,bbref_war
darwida01,darwida01,Danny Darwin,Big Hair Era (1977-1993),1986,1993,1978,1998,TEX,TEX,SP,716,371,32,3016.6666666666665,171,182,1942,874,321.0,27.25,5.75,2.46,0.9,3.32,131.8,14.37,44.6,77.4,70.7,112.4,34.9,57.1,C-,B+,B,S,C+,69.6,Epic,False,False,0,bbref_war
smithle02,smithle02,Lee Smith,Big Hair Era (1977-1993),1986,1983,1980,1997,CHC,CHC,RP,1022,6,478,1289.3333333333333,71,92,1251,486,89.0,20.92,8.96,3.14,0.53,2.57,160.95,23.4,98.7,58.2,89.6,3.5,75.2,56.4,A+,C+,A,F,C+,68.7,Legendary,True,True,7,bbref_war
montgje01,montgje01,Jeff Montgomery,Big Hair Era (1977-1993),1992,1989,1987,1999,KCR,KCR,RP,700,1,304,868.6666666666666,46,52,733,296,81.0,18.91,7.83,2.84,0.61,2.49,179.15,,79.7,66.8,101.4,2.5,65.8,52.3,B+,B,S,F,C,68.3,Epic,True,False,3,bbref_war
howest01,howest01,Steve Howe,Big Hair Era (1977-1993),1983,1983,1980,1996,NYY,NYY,RP,497,0,91,606.0,47,41,328,139,32.0,12.1,5.09,1.86,0.26,2.09,193.72,,33.6,94.6,110.9,3.1,104.6,53.6,D,A,S,F,C,68.2,Epic,True,False,1,bbref_war
robindo01,robindo01,Don Robinson,Big Hair Era (1977-1993),1984,1978,1978,1992,PIT,PIT,SP,524,229,57,1958.3333333333333,109,106,1251,643,175.0,13.45,5.78,2.57,0.72,3.38,111.29,26.28,45.2,74.4,57.3,125.0,54.5,49.3,C,B,C+,S,C,68.2,Epic,False,False,0,bbref_war
howelja01,howelja01,Jay Howell,Big Hair Era (1977-1993),1989,1989,1980,1994,LAD,LAD,RP,568,21,155,844.6666666666666,58,53,666,291,57.0,16.08,7.55,2.82,0.42,2.26,175.48,103.67,75.0,67.3,99.1,3.5,87.3,53.6,B+,B,A+,F,C,67.9,Epic,True,False,3,bbref_war
gossari01,gossari01,Rich Gossage,Big Hair Era (1977-1993),1978,1975,1972,1994,NYY,NYY,RP,1002,37,310,1809.3333333333333,124,107,1502,732,119.0,31.57,8.22,3.53,0.51,2.48,178.92,7.72,86.2,47.1,101.3,10.7,76.9,55.2,A,C,S,F,C+,66.9,Legendary,True,True,9,bbref_war
sotoma01,sotoma01,Mario Soto,Big Hair Era (1977-1993),1982,1982,1977,1988,CIN,CIN,SP,297,224,4,1730.3333333333333,100,92,1449,657,172.0,28.0,8.06,3.29,0.82,3.14,122.24,10.12,83.5,53.9,64.5,76.7,43.6,54.8,A-,C,B-,B+,C,66.9,Epic,True,False,3,bbref_war
eichhma01,eichhma01,Mark Eichhorn,Big Hair Era (1977-1993),1991,1986,1982,1996,TOR,TOR,RP,563,7,32,885.6666666666666,48,43,640,270,49.0,19.79,6.9,2.62,0.44,2.52,177.76,,64.0,72.8,100.5,4.5,85.3,50.0,B-,B,S,F,C,66.8,Epic,False,False,0,bbref_war
ryanno01,ryanno01,Nolan Ryan,Big Hair Era (1977-1993),1977,1977,1966,1993,HOU,HOU,SP,807,773,3,5386.0,324,292,5714,2795,321.0,43.24,10.58,4.74,0.51,2.8,130.9,7.42,125.0,12.9,70.1,54.1,77.6,56.4,S,F,B,C,C+,66.8,Legendary,True,True,8,bbref_war
fingero01,fingero01,Rollie Fingers,Big Hair Era (1977-1993),1978,1981,1968,1985,OAK,OAK,RP,944,37,341,1701.3333333333333,114,118,1299,492,123.0,18.86,7.26,2.4,0.51,2.56,158.92,,70.0,79.2,88.3,5.9,77.4,52.3,B,B+,A,F,C,66.7,Legendary,True,True,7,bbref_war
guidrro01,guidrro01,Ron Guidry,Big Hair Era (1977-1993),1980,1978,1975,1988,NYY,NYY,SP,368,323,4,2392.0,170,91,1778,633,226.0,37.99,6.74,2.47,0.75,3.03,135.2,7.76,61.4,77.1,72.9,57.0,50.6,51.5,B-,B+,B,C+,C,66.5,Epic,True,False,4,bbref_war
aguilri01,aguilri01,Rick Aguilera,Big Hair Era (1977-1993),1993,1989,1985,2000,MIN,MIN,RP,732,89,318,1291.3333333333333,86,81,1030,351,138.0,15.39,7.2,2.36,0.74,3.04,161.66,9.81,69.1,80.2,90.1,5.2,51.8,56.1,B,A-,A,F,C+,66.0,Epic,True,False,3,bbref_war
hoytla01,hoytla01,LaMarr Hoyt,Big Hair Era (1977-1993),1982,1982,1979,1986,CHW,CHW,SP,244,172,10,1311.3333333333333,98,68,681,279,140.0,13.72,4.65,1.65,0.88,3.83,87.63,21.29,26.2,100.5,42.0,125.0,36.5,51.4,D,S,C-,S,C,65.3,Epic,True,False,1,bbref_war
penaal01,penaal01,Alejandro Peña,Big Hair Era (1977-1993),1988,1984,1981,1996,LAD,LAD,RP,503,72,74,1057.6666666666667,56,52,839,331,75.0,16.79,7.12,2.53,0.49,2.61,150.77,8.8,67.8,75.4,83.0,12.3,79.5,58.6,B,B+,A-,F,C+,65.3,Epic,False,False,0,bbref_war
assenpa01,assenpa01,Paul Assenmacher,Big Hair Era (1977-1993),1991,1990,1986,1999,CHC,CHC,RP,884,1,56,855.6666666666666,61,44,807,315,73.0,12.94,8.79,3.07,0.7,2.94,147.3,103.0,95.9,60.3,80.7,1.0,56.3,57.4,A+,B-,A-,F,C+,65.1,Epic,False,False,0,bbref_war
flanami01,flanami01,Mike Flanagan,Big Hair Era (1977-1993),1982,1979,1975,1992,BAL,BAL,SP,526,404,4,2770.0,167,143,1491,890,251.0,18.71,5.15,2.74,0.82,3.61,121.64,19.84,34.5,69.4,64.1,125.0,43.2,43.9,D,B,B-,S,C-,65.1,Epic,True,False,1,bbref_war
hershor01,hershor01,Orel Hershiser,Big Hair Era (1977-1993),1988,1988,1983,2000,LAD,LAD,SP,510,466,5,3130.3333333333335,204,150,2014,1007,235.0,37.23,6.21,2.61,0.56,2.76,136.97,7.53,52.5,73.1,74.0,55.0,72.1,56.0,C,B,B,C+,C+,64.6,Epic,True,False,3,bbref_war
myersra01,myersra01,Randy Myers,Big Hair Era (1977-1993),1991,1997,1985,1998,NYM,NYM,RP,728,12,347,884.6666666666666,44,63,884,396,69.0,14.8,9.23,4.02,0.62,2.65,169.93,11.0,103.3,33.3,95.5,2.5,65.0,52.0,S,D,A+,F,C,64.2,Epic,True,False,4,bbref_war
tananfr01,tananfr01,Frank Tanana,Big Hair Era (1977-1993),1977,1977,1973,1993,DET,DET,SP,638,616,1,4188.333333333333,240,236,2773,1255,448.0,38.09,6.83,2.54,0.86,3.0,124.13,7.54,62.9,75.0,65.7,55.1,39.3,57.0,B-,B+,B,C+,C+,64.0,Epic,True,False,3,bbref_war
plesada01,plesada01,Dan Plesac,Big Hair Era (1977-1993),1989,1986,1986,2003,MIL,MIL,RP,1064,14,158,1072.0,65,71,1041,402,105.0,13.61,8.58,3.21,0.63,2.9,147.78,19.75,92.4,56.3,81.1,2.3,63.7,56.0,A,C+,A-,F,C+,63.8,Epic,True,False,3,bbref_war
perezpa01,perezpa01,Pascual Perez,Big Hair Era (1977-1993),1987,1988,1980,1991,ATL,ATL,SP,207,193,0,1244.3333333333333,67,68,822,344,107.0,20.18,6.08,2.15,0.8,3.17,129.87,6.73,50.2,86.1,69.4,48.3,45.7,54.5,C,A,B,C,C,63.7,Epic,True,False,1,bbref_war
smithda02,smithda02,Dave Smith,Big Hair Era (1977-1993),1985,1987,1980,1992,HOU,HOU,RP,609,1,216,809.3333333333334,53,53,548,283,34.0,12.43,6.89,2.73,0.35,2.26,160.34,,63.9,69.7,89.2,3.4,94.4,54.0,B-,B,A,F,C,63.6,Epic,True,False,2,bbref_war
candejo01,candejo01,John Candelaria,Big Hair Era (1977-1993),1982,1977,1975,1993,PIT,PIT,SP,600,356,29,2525.6666666666665,177,122,1673,592,245.0,29.33,5.85,1.87,0.9,2.99,128.43,6.51,46.4,94.1,68.5,46.4,34.7,51.9,C,A,B,C,C,63.5,Epic,True,False,1,bbref_war
olsongr01,olsongr01,Gregg Olson,Big Hair Era (1977-1993),1992,1989,1988,2001,BAL,BAL,RP,622,0,217,672.0,40,39,588,330,46.0,13.47,8.45,3.92,0.35,2.49,173.9,,90.1,36.1,98.0,1.1,95.0,45.0,A,D+,A+,F,C,63.2,Epic,True,False,1,bbref_war
fernasi01,fernasi01,Sid Fernandez,Big Hair Era (1977-1993),1989,1992,1983,1997,NYM,NYM,SP,307,300,1,1866.6666666666667,114,96,1743,715,191.0,24.17,8.49,3.38,0.76,3.04,117.57,6.48,90.9,51.4,61.4,46.2,49.4,54.8,A,C,B-,C,C,63.1,Epic,True,False,2,bbref_war
kilgupa01,kilgupa01,Paul Kilgus,Big Hair Era (1977-1993),1990,1993,1987,1993,TEX,TEX,SP,163,68,4,545.3333333333334,21,34,251,190,52.0,2.48,4.14,3.14,0.86,4.19,179.1,12.2,17.6,58.3,101.4,94.2,39.2,50.5,F,C+,S,A,C,62.9,Epic,False,False,0,bbref_war
higuete01,higuete01,Teddy Higuera,Big Hair Era (1977-1993),1988,1986,1985,1994,MIL,MIL,SP,213,205,0,1380.0,94,64,1081,443,131.0,31.75,7.1,2.73,0.79,3.37,121.41,6.81,67.4,69.9,63.9,49.0,46.1,57.6,B,B,B-,C,C+,62.8,Epic,True,False,1,bbref_war
murphro01,murphro01,Rob Murphy,Big Hair Era (1977-1993),1988,1986,1985,1995,CIN,CIN,RP,597,0,30,623.3333333333334,32,38,520,247,54.0,9.0,7.8,3.45,0.64,2.84,175.48,,79.3,49.5,99.1,1.2,62.6,50.7,B+,C,A+,F,C,62.8,Epic,False,False,0,bbref_war
bluevi01,bluevi01,Vida Blue,Big Hair Era (1977-1993),1977,1971,1969,1986,OAK,OAK,SP,502,473,2,3343.3333333333335,209,161,2175,1185,263.0,38.34,5.96,2.64,0.53,2.74,133.39,7.47,48.3,72.3,71.7,54.5,74.7,53.0,C,B,B,C,C,62.6,Epic,True,False,6,bbref_war
welchbo01,welchbo01,Bob Welch,Big Hair Era (1977-1993),1985,1987,1978,1994,LAD,LAD,SP,506,462,8,3092.0,211,146,1969,1034,267.0,30.03,6.42,2.75,0.65,2.94,131.19,7.09,56.0,69.1,70.3,51.3,62.1,54.8,C+,B,B,C,C,62.4,Epic,True,False,2,bbref_war
warddu01,warddu01,Duane Ward,Big Hair Era (1977-1993),1990,1992,1986,1995,TOR,TOR,RP,462,2,121,666.6666666666666,32,37,679,286,32.0,11.23,9.29,3.75,0.42,3.05,138.34,11.67,104.4,40.9,74.9,3.9,87.2,46.7,S,C-,B,F,C,62.3,Epic,True,False,1,bbref_war
harrigr02,harrigr02,Greg Harris,Big Hair Era (1977-1993),1991,1989,1988,1995,SDP,SDP,SP,243,109,16,909.3333333333334,45,64,605,303,103.0,14.38,6.0,2.95,1.01,3.8,137.44,10.12,48.8,63.7,74.3,76.7,23.0,56.2,C,B-,B,B+,C+,62.2,Epic,False,False,0,bbref_war
martide01,martide01,Dennis Martinez,Big Hair Era (1977-1993),1991,1991,1976,1998,BAL,BAL,SP,692,562,8,3999.6666666666665,245,193,2149,1165,372.0,33.9,5.36,2.23,0.62,2.95,134.61,6.99,38.1,84.1,72.5,50.5,64.8,53.9,D+,A-,B,C,C,62.2,Epic,True,False,4,bbref_war
rogerst01,rogerst01,Steve Rogers,Big Hair Era (1977-1993),1977,1982,1973,1985,WSH,WSH,SP,399,393,2,2837.6666666666665,158,152,1621,876,151.0,37.38,5.36,2.66,0.45,2.8,145.11,7.55,38.1,71.7,79.3,55.2,84.2,48.6,D+,B,B+,C+,C,62.2,Epic,True,False,5,bbref_war
scottmi03,scottmi03,Mike Scott,Big Hair Era (1977-1993),1987,1986,1979,1991,HOU,HOU,SP,347,319,3,2068.6666666666665,124,108,1469,627,173.0,27.46,7.12,2.62,0.81,3.13,114.12,6.71,67.7,73.0,59.2,48.1,44.5,54.7,B,B,C+,C,C,62.2,Epic,True,False,3,bbref_war
violafr01,violafr01,Frank Viola,Big Hair Era (1977-1993),1989,1987,1982,1996,MIN,MIN,SP,421,420,0,2836.3333333333335,176,150,1844,864,294.0,41.33,6.07,2.59,0.74,3.09,136.91,7.02,50.0,73.8,74.0,50.7,52.4,48.5,C,B,B,C,C,62.1,Epic,True,False,3,bbref_war
dibblro01,dibblro01,Rob Dibble,Big Hair Era (1977-1993),1991,1990,1988,1995,CIN,CIN,RP,385,0,89,477.0,27,25,645,238,27.0,9.55,12.17,4.49,0.51,2.98,138.9,,125.0,19.9,75.3,2.1,77.2,53.5,S,F,B+,F,C,61.9,Epic,True,False,2,bbref_war
mayru01,mayru01,Rudy May,Big Hair Era (1977-1993),1977,1980,1965,1983,LAA,LAA,SP,535,360,12,2622.0,152,156,1760,958,199.0,17.77,6.18,3.09,0.6,2.99,127.16,9.8,51.9,59.6,67.7,74.0,67.7,50.1,C,C+,B,B,C,61.8,Epic,False,False,0,bbref_war
worreto01,worreto01,Todd Worrell,Big Hair Era (1977-1993),1988,1987,1985,1997,STL,STL,RP,617,0,256,693.6666666666666,50,52,628,247,65.0,12.45,8.09,3.14,0.7,2.51,150.55,,84.1,58.2,82.9,1.5,56.5,49.3,A-,C+,A-,F,C,61.8,Epic,True,False,3,bbref_war
reardje01,reardje01,Jeff Reardon,Big Hair Era (1977-1993),1988,1982,1979,1994,WSH,WSH,RP,880,0,367,1132.3333333333333,73,77,877,358,109.0,14.04,6.91,2.76,0.8,2.61,164.73,,64.2,68.9,92.1,2.7,46.0,51.3,B-,B,A,F,C,61.6,Epic,True,False,4,bbref_war
smilejo01,smilejo01,John Smiley,Big Hair Era (1977-1993),1992,1992,1986,1997,PIT,PIT,SP,361,280,4,1907.6666666666667,126,103,1284,496,185.0,22.09,6.06,2.13,0.77,3.31,115.7,6.69,49.9,86.8,60.2,48.0,49.3,50.1,C,A,B-,C,C,61.4,Epic,True,False,2,bbref_war
benesan01,benesan01,Andy Benes,Big Hair Era (1977-1993),1993,1993,1989,2002,SDP,SDP,SP,403,387,1,2505.3333333333335,155,139,2000,909,289.0,25.6,7.3,2.85,0.81,3.53,113.77,6.72,70.8,66.5,59.0,48.2,43.9,54.5,B,B,C+,C,C,61.2,Epic,True,False,1,bbref_war
oroscje01,oroscje01,Jesse Orosco,Big Hair Era (1977-1993),1985,1983,1979,2003,NYM,NYM,RP,1252,4,144,1295.3333333333333,87,80,1179,581,113.0,17.0,7.76,3.59,0.64,2.3,169.35,54.67,78.6,45.5,95.1,3.4,63.5,53.7,B+,C,A+,F,C,61.2,Epic,True,False,2,bbref_war
richajr01,richaj.01,J. R. Richard,Big Hair Era (1977-1993),1977,1979,1971,1980,HOU,HOU,SP,238,221,0,1606.0,107,71,1493,770,73.0,21.59,8.37,3.98,0.42,2.92,117.1,7.33,88.8,34.4,61.1,53.3,87.2,51.8,A,D,B-,C,C,61.0,Epic,True,False,1,bbref_war
eckerde01,eckerde01,Dennis Eckersley,Big Hair Era (1977-1993),1979,1978,1975,1998,OAK,OAK,RP,1071,361,390,3285.6666666666665,197,171,2401,738,347.0,38.09,5.82,2.21,0.99,3.23,127.91,7.26,45.8,84.5,68.1,50.0,24.4,52.2,C,A-,B,C,C,60.9,Epic,True,True,6,bbref_war
hernawi01,hernawi01,Willie Hernandez,Big Hair Era (1977-1993),1984,1984,1977,1989,CHC,CHC,RP,744,11,147,1044.6666666666667,70,63,788,349,97.0,15.77,7.02,2.38,0.81,2.86,140.43,112.67,66.1,79.7,76.3,3.6,44.9,50.6,B,B+,B+,F,C,60.8,Epic,True,False,3,bbref_war
cookde01,cookde01,Dennis Cook,Big Hair Era (1977-1993),1992,1998,1988,2002,NYM,NYM,RP,665,71,9,1011.6666666666666,64,46,739,390,130.0,7.97,6.14,3.3,1.17,3.62,208.91,10.11,51.2,53.5,120.8,8.6,5.2,52.2,C,C,S,F,C,60.5,Epic,False,False,0,bbref_war
reuscri01,reuscri01,Rick Reuschel,Big Hair Era (1977-1993),1978,1977,1972,1991,CHC,CHC,SP,557,529,5,3548.3333333333335,214,191,2015,935,221.0,43.03,5.34,2.45,0.52,3.16,129.52,6.89,37.8,77.8,69.2,49.6,76.2,59.7,D+,B+,B,C,C+,60.4,Epic,True,False,3,bbref_war
valenfe01,valenfe01,Fernando Valenzuela,Big Hair Era (1977-1993),1985,1986,1980,1997,LAD,LAD,SP,453,424,2,2930.0,173,153,2074,1151,226.0,31.32,7.16,3.31,0.59,3.07,119.49,7.39,68.4,53.2,62.7,53.8,68.2,56.4,B,C,B-,C,C+,60.4,Epic,True,False,6,bbref_war
drabedo01,drabedo01,Doug Drabek,Big Hair Era (1977-1993),1991,1992,1986,1998,PIT,PIT,SP,398,387,0,2535.0,155,134,1594,704,246.0,25.37,5.54,2.24,0.69,3.02,120.76,7.06,41.1,83.6,63.5,51.1,57.4,48.5,C-,A-,B-,C,C,60.0,Epic,True,False,1,bbref_war
candito01,candito01,Tom Candiotti,Big Hair Era (1977-1993),1990,1991,1983,1999,CLE,CLE,SP,451,410,0,2725.0,151,164,1735,883,250.0,34.38,6.05,2.8,0.6,3.2,125.67,6.93,49.7,67.9,66.7,49.9,66.8,59.4,C,B,B,C,C+,59.9,Epic,False,False,0,bbref_war
ontivst02,ontivst02,Steve Ontiveros,Big Hair Era (1977-1993),1990,1994,1985,2000,OAK,OAK,RP,207,73,19,661.6666666666666,34,31,382,207,60.0,9.73,5.05,2.67,0.77,3.37,179.36,6.94,32.9,71.5,101.6,21.8,49.3,53.0,D,B,S,D-,C,59.9,Epic,True,False,1,bbref_war
keyji01,keyji01,Jimmy Key,Big Hair Era (1977-1993),1991,1987,1984,1998,TOR,TOR,SP,470,389,10,2591.6666666666665,186,117,1538,668,254.0,36.6,5.42,2.41,0.83,3.14,138.45,6.68,39.1,78.7,75.0,47.9,41.8,45.9,D+,B+,B+,C,C,59.8,Epic,True,False,4,bbref_war
langsma01,langsma01,Mark Langston,Big Hair Era (1977-1993),1989,1993,1984,1999,LAA,LAA,SP,457,428,0,2962.6666666666665,179,158,2464,1289,311.0,41.28,7.7,3.67,0.83,3.31,125.99,7.3,77.5,43.2,66.9,53.1,42.5,56.2,B+,C-,B,C,C+,59.8,Epic,True,False,4,bbref_war
quiseda01,quiseda01,Dan Quisenberry,Big Hair Era (1977-1993),1983,1983,1979,1990,KCR,KCR,RP,674,0,244,1043.3333333333333,56,46,379,162,59.0,22.47,3.06,1.2,0.52,2.47,171.5,,1.0,113.2,96.5,5.9,75.7,48.9,F,S,A+,F,C,59.8,Epic,True,False,3,bbref_war
hansoer01,hansoer01,Erik Hanson,Big Hair Era (1977-1993),1993,1990,1988,1998,SEA,SEA,SP,245,238,0,1555.3333333333333,89,84,1175,504,139.0,20.78,7.04,2.85,0.77,3.95,113.18,6.55,66.4,66.4,58.6,46.8,48.9,48.2,B,B,C+,C,C,59.7,Epic,True,False,1,bbref_war
smithbr01,smithbr01,Bryn Smith,Big Hair Era (1977-1993),1987,1989,1981,1993,WSH,WSH,SP,365,255,6,1791.3333333333333,108,94,1028,432,140.0,17.72,5.24,2.03,0.7,3.23,114.65,7.34,36.1,89.7,59.5,53.4,56.2,49.0,D+,A,C+,C,C,59.6,Epic,False,False,0,bbref_war
tudorjo01,tudorjo01,John Tudor,Big Hair Era (1977-1993),1985,1985,1979,1990,BOS,BOS,SP,281,263,1,1797.0,117,72,988,475,156.0,30.33,4.99,2.23,0.77,2.94,136.11,6.92,31.9,83.9,73.5,49.9,49.0,46.5,D,A-,B,C,C,59.6,Epic,False,False,0,bbref_war
sandesc01,sandesc01,Scott Sanderson,Big Hair Era (1977-1993),1985,1980,1978,1996,WSH,WSH,SP,472,407,5,2561.6666666666665,163,143,1611,625,297.0,21.95,5.9,2.07,0.93,3.59,110.93,6.34,47.1,88.4,57.1,45.0,31.3,58.3,C,A,C+,C,C+,59.4,Epic,True,False,1,bbref_war
forscke01,forscke01,Ken Forsch,Big Hair Era (1977-1993),1979,1971,1970,1986,HOU,HOU,SP,521,241,51,2127.3333333333335,114,113,1047,586,155.0,20.85,4.01,2.12,0.55,3.05,121.31,9.91,15.4,86.9,63.9,75.0,73.2,54.0,F,A,B-,B+,C,59.2,Epic,True,False,2,bbref_war
finlech01,finlech01,Chuck Finley,Big Hair Era (1977-1993),1993,1990,1986,2002,LAA,LAA,SP,524,467,0,3197.3333333333335,200,173,2610,1332,304.0,39.68,7.38,3.67,0.82,3.38,133.4,6.84,72.1,43.1,71.7,49.2,43.5,56.1,B,C-,B,C,C+,59.1,Epic,True,False,5,bbref_war
farrst01,farrst01,Steve Farr,Big Hair Era (1977-1993),1988,1990,1984,1994,KCR,KCR,RP,509,28,132,824.3333333333334,48,45,668,334,70.0,17.56,7.18,3.42,0.69,3.0,162.1,37.03,68.8,50.3,90.4,6.7,57.1,55.7,B,C,A,F,C+,59.0,Epic,False,False,0,bbref_war
hurstbr01,hurstbr01,Bruce Hurst,Big Hair Era (1977-1993),1987,1989,1980,1994,BOS,BOS,SP,379,359,0,2417.3333333333335,145,113,1689,740,258.0,30.71,6.57,2.77,0.93,3.57,117.58,6.91,58.5,68.7,61.4,49.8,31.2,56.8,C+,B,B-,C,C+,59.0,Epic,True,False,1,bbref_war
swiftbi02,swiftbi02,Bill Swift,Big Hair Era (1977-1993),1992,1993,1985,1998,SEA,SEA,SP,403,220,27,1599.6666666666667,94,78,767,507,116.0,19.38,4.49,2.54,0.56,3.16,141.09,8.27,23.3,75.1,76.7,61.2,71.3,50.4,D-,B+,B+,B-,C,59.0,Epic,False,False,0,bbref_war
coxda01,coxda01,Danny Cox,Big Hair Era (1977-1993),1987,1985,1983,1995,STL,STL,SP,278,174,8,1298.0,74,75,723,432,102.0,12.24,5.03,2.7,0.68,3.23,147.95,6.74,32.6,70.8,81.2,48.4,59.0,48.1,D,B,A-,C,C,58.8,Epic,False,False,0,bbref_war
hennemi01,hennemi01,Mike Henneman,Big Hair Era (1977-1993),1991,1988,1987,1996,DET,DET,RP,561,0,193,732.6666666666666,57,42,533,271,47.0,13.59,6.41,2.96,0.51,2.81,158.99,,55.8,63.3,88.3,3.0,77.3,53.1,C+,B-,A,F,C,58.8,Epic,True,False,1,bbref_war
charlno01,charlno01,Norm Charlton,Big Hair Era (1977-1993),1993,1990,1988,2001,CIN,CIN,RP,605,37,97,899.3333333333334,51,54,808,409,70.0,10.87,8.16,3.7,0.61,3.04,148.49,9.75,85.3,42.2,81.5,5.1,65.8,48.0,A,C-,A-,F,C,58.7,Epic,True,False,1,bbref_war
pastofr01,pastofr01,Frank Pastore,Big Hair Era (1977-1993),1982,1980,1979,1986,CIN,CIN,SP,220,139,6,986.3333333333334,48,58,541,301,80.0,5.61,4.95,2.65,0.71,4.04,95.01,13.52,31.1,72.2,46.8,105.3,55.4,53.0,D,B,C,S,C,58.7,Epic,False,False,0,bbref_war
rozemda01,rozemda01,Dave Rozema,Big Hair Era (1977-1993),1980,1977,1977,1986,DET,DET,SP,248,132,17,1106.0,60,53,448,258,113.0,15.24,3.38,2.1,0.9,3.41,135.57,11.41,4.7,87.5,73.1,87.6,34.5,49.1,F,A,B,A,C,58.6,Epic,False,False,0,bbref_war
tewksbo01,tewksbo01,Bob Tewksbury,Big Hair Era (1977-1993),1993,1992,1986,1998,STL,STL,SP,302,277,1,1807.0,110,102,812,292,142.0,20.65,4.11,1.41,0.69,3.63,114.19,6.5,17.0,107.1,59.2,46.4,57.6,55.8,F,S,C+,C,C+,58.5,Epic,True,False,1,bbref_war
deleolu01,deleolu01,Luis DeLeon,Big Hair Era (1977-1993),1984,1982,1981,1989,SDP,SDP,RP,207,1,32,334.3333333333333,17,19,248,77,39.0,3.36,6.68,2.07,1.05,3.12,128.71,4.0,60.3,88.4,68.7,5.3,18.3,47.6,B-,A,B,F,C,58.4,Epic,False,False,0,bbref_war
mulhote01,mulhote01,Terry Mulholland,Big Hair Era (1977-1993),1993,1993,1986,2006,PHI,PHI,SP,685,332,5,2575.6666666666665,124,142,1325,681,293.0,15.92,4.77,2.12,0.78,3.76,114.18,8.52,28.2,87.2,59.2,63.3,47.9,51.9,D,A,C+,B-,C,58.1,Epic,True,False,1,bbref_war
burketi01,burketi01,Tim Burke,Big Hair Era (1977-1993),1988,1987,1985,1992,WSH,WSH,RP,498,2,102,699.3333333333334,49,33,444,219,49.0,12.95,5.89,2.76,0.63,2.62,161.39,50.67,46.9,69.0,89.9,3.7,64.0,56.4,C,B,A,F,C+,58.0,Epic,True,False,1,bbref_war
davisst02,davisst02,Storm Davis,Big Hair Era (1977-1993),1985,1984,1982,1994,BAL,BAL,SP,442,239,11,1780.6666666666667,113,96,1048,687,136.0,16.15,5.23,3.21,0.6,3.64,110.72,12.85,35.9,56.1,57.0,99.7,66.8,48.9,D+,C+,C+,A+,C,58.0,Epic,False,False,0,bbref_war
mcdowja01,mcdowja01,Jack McDowell,Big Hair Era (1977-1993),1993,1992,1987,1999,CHW,CHW,SP,277,275,0,1889.0,127,87,1311,606,173.0,24.97,6.42,2.81,0.8,3.73,114.73,7.08,55.9,67.4,59.6,51.2,45.7,45.3,C+,B,C+,C,C,58.0,Epic,True,False,3,bbref_war
francjo01,francjo01,John Franco,Big Hair Era (1977-1993),1987,1985,1984,2005,NYM,NYM,RP,1119,0,424,1245.6666666666667,90,87,975,495,81.0,15.29,6.29,3.38,0.48,2.35,173.27,,53.8,51.3,97.6,2.7,80.9,54.7,C,C,A+,F,C,57.9,Epic,True,False,4,bbref_war
hootobu01,hootobu01,Burt Hooton,Big Hair Era (1977-1993),1977,1977,1971,1985,LAD,LAD,SP,480,377,7,2652.0,151,136,1491,799,193.0,29.15,5.25,2.62,0.53,2.92,124.72,7.04,36.3,72.8,66.1,50.9,75.5,52.3,D+,B,B,C,C,57.8,Epic,True,False,1,bbref_war
reussje01,reussje01,Jerry Reuss,Big Hair Era (1977-1993),1981,1975,1969,1990,LAD,LAD,SP,628,547,11,3669.6666666666665,220,191,1907,1127,245.0,27.93,4.73,2.38,0.46,2.92,125.22,7.11,27.4,79.8,66.4,51.5,82.8,50.7,D,B+,B,C,C,57.8,Epic,True,False,2,bbref_war
stiebda01,stiebda01,Dave Stieb,Big Hair Era (1977-1993),1983,1984,1979,1998,TOR,TOR,SP,443,412,3,2895.3333333333335,176,137,1669,1034,225.0,44.5,5.27,2.91,0.63,3.05,139.69,7.36,36.6,64.8,75.8,53.6,63.7,46.0,D+,B-,B+,C,C,57.8,Epic,True,False,7,bbref_war
righeda01,righeda01,Dave Righetti,Big Hair Era (1977-1993),1984,1986,1979,1995,NYY,NYY,RP,718,89,252,1403.6666666666667,82,79,1112,591,95.0,20.98,7.54,3.66,0.43,3.04,140.13,6.93,74.8,43.4,76.1,13.3,86.0,55.8,B,C-,B+,F,C+,57.7,Epic,True,False,2,bbref_war
deleojo01,deleojo01,Jose DeLeon,Big Hair Era (1977-1993),1988,1991,1983,1995,STL,STL,SP,415,264,6,1897.3333333333333,86,119,1594,841,153.0,17.16,7.6,3.69,0.66,3.4,118.96,6.66,75.8,42.7,62.3,47.7,61.2,44.1,B+,C-,B-,C,C-,57.6,Rare,False,False,0,bbref_war
garbege01,garbege01,Gene Garber,Big Hair Era (1977-1993),1982,1978,1969,1988,ATL,ATL,RP,931,9,218,1510.0,96,113,940,445,123.0,16.02,5.44,2.29,0.63,2.97,146.91,19.08,39.5,82.2,80.5,6.9,64.3,55.9,D+,A-,A-,F,C+,57.6,Rare,False,False,0,bbref_war
plunker01,plunker01,Eric Plunk,Big Hair Era (1977-1993),1993,1996,1986,1999,CLE,CLE,RP,714,41,35,1151.0,72,58,1081,647,122.0,12.48,8.97,4.58,0.69,2.81,161.3,14.9,99.0,17.4,89.8,4.0,58.1,50.6,A+,F,A,F,C,57.6,Rare,False,False,0,bbref_war
barkele01,barkele01,Len Barker,Big Hair Era (1977-1993),1981,1982,1976,1987,CLE,CLE,SP,248,194,5,1323.6666666666667,74,76,975,513,96.0,14.03,6.84,3.35,0.58,4.18,105.11,8.1,63.1,52.2,53.3,59.8,69.0,56.1,B-,C,C,C+,C+,57.4,Rare,True,False,1,bbref_war
montejo01,montejo01,John Montefusco,Big Hair Era (1977-1993),1978,1976,1974,1986,SFG,SFG,SP,298,244,5,1652.3333333333333,90,83,1081,513,135.0,21.07,6.2,2.81,0.64,3.33,110.25,6.67,52.3,67.6,56.7,47.8,63.5,58.9,C,B,C+,C,C+,57.4,Rare,True,False,1,bbref_war
whitsed01,whitsed01,Ed Whitson,Big Hair Era (1977-1993),1984,1990,1977,1991,SDP,SDP,SP,452,333,8,2240.0,126,123,1266,698,211.0,23.82,4.92,2.41,0.62,3.08,119.6,7.42,30.7,78.8,62.7,54.1,64.9,59.1,D,B+,B-,C,C+,57.4,Rare,True,False,1,bbref_war
morrija02,morrija02,Jack Morris,Big Hair Era (1977-1993),1985,1979,1977,1994,DET,DET,SP,549,527,0,3824.0,254,186,2478,1390,389.0,32.61,6.4,3.11,0.94,3.31,124.89,7.57,55.6,58.9,66.2,55.4,29.8,44.2,C+,C+,B,C+,C-,57.2,Epic,True,True,5,bbref_war
hammaat01,hammaat01,Atlee Hammaker,Big Hair Era (1977-1993),1985,1983,1981,1995,SFG,SFG,SP,249,152,5,1078.6666666666667,59,67,615,287,94.0,10.78,5.63,2.23,0.82,3.47,99.38,7.33,42.6,84.0,49.6,53.3,42.8,59.2,C-,A-,C,C,C+,57.1,Rare,True,False,1,bbref_war
rojasme01,rojasme01,Mel Rojas,Big Hair Era (1977-1993),1993,1992,1990,1999,WSH,WSH,RP,525,0,126,667.0,34,31,562,254,65.0,9.29,7.38,3.16,0.62,3.04,136.14,,72.1,57.6,73.5,2.9,65.4,52.5,B,C+,B,F,C,57.1,Rare,False,False,0,bbref_war
burrira01,burrira01,Ray Burris,Big Hair Era (1977-1993),1977,1976,1973,1987,CHC,CHC,SP,480,302,4,2188.6666666666665,108,134,1065,764,221.0,17.6,4.24,2.94,0.89,3.79,109.11,14.88,19.2,64.0,55.9,116.8,36.2,58.7,F,B-,C+,S,C+,57.0,Rare,False,False,0,bbref_war
cruzvi01,cruzvi01,Victor Cruz,Big Hair Era (1977-1993),1980,1978,1978,1983,CLE,CLE,RP,187,0,37,271.0,18,23,248,131,28.0,6.74,8.24,4.35,0.93,3.09,174.23,,86.6,23.8,98.3,3.9,31.4,54.2,A,D-,A+,F,C,57.0,Rare,False,False,0,bbref_war
leonade01,leonade01,Dennis Leonard,Big Hair Era (1977-1993),1978,1977,1974,1986,KCR,KCR,SP,312,302,1,2187.0,144,106,1323,622,202.0,23.98,5.63,2.5,0.8,3.5,111.84,7.5,42.6,76.2,57.7,54.7,46.0,46.3,C-,B+,C+,C,C,56.9,Rare,False,False,0,bbref_war
zachrpa01,zachrpa01,Pat Zachry,Big Hair Era (1977-1993),1979,1976,1976,1985,NYM,NYM,SP,293,154,3,1177.3333333333333,69,67,669,495,88.0,11.56,5.06,3.6,0.68,3.4,111.07,14.64,33.0,45.2,57.2,114.8,58.9,56.8,D,C,C+,S,C+,56.9,Rare,True,False,1,bbref_war
bielemi01,bielemi01,Mike Bielecki,Big Hair Era (1977-1993),1991,1989,1984,1997,ATL,ATL,SP,347,178,5,1231.0,70,73,783,496,116.0,9.18,5.83,3.38,0.72,3.75,110.79,10.95,46.1,51.3,57.0,83.8,54.0,52.1,C,C,C+,A-,C,56.5,Rare,False,False,0,bbref_war
burgmto01,burgmto01,Tom Burgmeier,Big Hair Era (1977-1993),1979,1980,1968,1984,BOS,BOS,RP,745,3,102,1258.6666666666667,79,55,584,384,94.0,17.98,4.42,2.33,0.54,2.43,167.1,,22.3,81.2,93.6,7.0,73.8,49.9,D-,A-,A,F,C,56.5,Rare,True,False,1,bbref_war
tapanke01,tapanke01,Kevin Tapani,Big Hair Era (1977-1993),1993,1991,1989,2001,MIN,MIN,SP,361,354,0,2265.0,143,125,1482,554,260.0,22.15,5.59,2.18,0.93,4.19,106.31,6.48,42.1,85.4,54.1,46.2,31.2,51.8,C-,A,C,C,C,56.5,Rare,False,False,0,bbref_war
blackbu02,blackbu02,Buddy Black,Big Hair Era (1977-1993),1986,1984,1981,1995,KCR,KCR,SP,398,296,11,2053.3333333333335,121,116,1039,623,217.0,20.21,4.46,2.48,0.84,3.56,116.7,10.14,23.0,76.9,60.9,76.9,41.2,50.6,D-,B+,B-,B+,C,56.3,Rare,False,False,0,bbref_war
leibrch01,leibrch01,Charlie Leibrandt,Big Hair Era (1977-1993),1988,1985,1979,1993,KCR,KCR,SP,394,346,2,2308.0,140,119,1121,656,172.0,30.75,4.68,2.34,0.67,3.34,123.84,6.74,26.7,80.8,65.5,48.4,60.0,55.8,D,A-,B,C,C+,56.3,Rare,False,False,0,bbref_war
vuckope01,vuckope01,Pete Vuckovich,Big Hair Era (1977-1993),1980,1978,1975,1986,MIL,MIL,SP,286,186,10,1455.3333333333333,93,69,882,545,107.0,17.38,5.59,3.13,0.66,3.3,118.86,8.74,42.0,58.4,62.3,65.1,61.3,53.1,C-,C+,B-,B,C,56.2,Rare,False,False,0,bbref_war
bosioch01,bosioch01,Chris Bosio,Big Hair Era (1977-1993),1992,1989,1986,1996,MIL,MIL,SP,309,246,9,1710.0,94,93,1059,481,162.0,22.39,5.25,2.44,0.77,3.62,116.71,6.81,36.2,78.0,60.9,49.0,49.0,51.0,D+,B+,B-,C,C,56.1,Rare,False,False,0,bbref_war
wittmi01,wittmi01,Mike Witt,Big Hair Era (1977-1993),1985,1986,1981,1993,LAA,LAA,SP,341,299,6,2108.3333333333335,117,116,1373,713,183.0,21.3,6.12,2.98,0.72,3.56,114.94,7.08,51.0,62.7,59.7,51.2,54.1,47.2,C,B-,C+,C,C,56.1,Rare,True,False,2,bbref_war
bankhsc01,bankhsc01,Scott Bankhead,Big Hair Era (1977-1993),1989,1989,1986,1995,SEA,SEA,SP,267,110,1,901.0,57,48,614,289,111.0,11.86,6.35,2.8,1.05,3.92,115.31,6.47,54.7,67.9,60.0,46.1,18.2,50.6,C,B,B-,C,C,56.0,Rare,False,False,0,bbref_war
bannifl01,bannifl01,Floyd Bannister,Big Hair Era (1977-1993),1983,1982,1977,1992,CHW,CHW,SP,431,363,0,2388.0,134,143,1723,846,291.0,22.94,6.65,2.93,1.13,3.74,116.89,6.48,59.9,64.0,61.0,46.2,9.1,46.6,C+,B-,B-,C,C,55.9,Rare,True,False,1,bbref_war
whitewa02,whitewa02,Wally Whitehurst,Big Hair Era (1977-1993),1992,1993,1989,1996,NYM,NYM,SP,163,66,3,487.6666666666667,20,37,313,130,43.0,5.7,5.78,2.4,0.79,4.02,92.02,7.33,45.1,79.2,44.8,53.3,46.2,63.0,C,B+,C-,C,B-,55.7,Rare,False,False,0,bbref_war
gullibi01,gullibi01,Bill Gullickson,Big Hair Era (1977-1993),1983,1986,1979,1994,WSH,WSH,SP,398,390,0,2560.0,162,136,1279,622,282.0,17.97,4.97,2.23,0.67,3.47,108.58,6.86,31.6,83.8,55.6,49.3,59.3,49.2,D,A-,C+,C,C,55.6,Rare,False,False,0,bbref_war
mooredo01,mooredo01,Donnie Moore,Big Hair Era (1977-1993),1984,1985,1975,1988,CHC,CHC,RP,416,4,89,654.6666666666666,43,40,416,186,53.0,6.87,5.81,2.46,0.7,3.18,137.52,75.67,45.6,77.5,74.4,4.7,56.1,50.0,C,B+,B,F,C,55.4,Rare,True,False,1,bbref_war
johnto01,johnto01,Tommy John,Big Hair Era (1977-1993),1977,1968,1963,1989,NYY,NYY,SP,760,700,4,4710.333333333333,288,231,2245,1259,302.0,34.47,4.13,2.44,0.51,3.1,127.75,7.18,17.4,78.1,68.0,52.1,77.3,54.8,F,B+,B,C,C,55.3,Rare,True,False,4,bbref_war
gubicma01,gubicma01,Mark Gubicza,Big Hair Era (1977-1993),1989,1988,1984,1997,KCR,KCR,SP,384,329,2,2223.3333333333335,132,136,1371,786,155.0,31.65,5.53,3.04,0.56,3.51,122.22,6.83,40.9,60.9,64.4,49.1,71.9,52.9,C-,B-,B-,C,C,55.2,Rare,True,False,2,bbref_war
burnsbr01,burnsbr01,Britt Burns,Big Hair Era (1977-1993),1982,1980,1978,1985,CHW,CHW,SP,193,161,3,1094.3333333333333,70,60,734,362,93.0,18.37,6.05,2.97,0.75,3.59,110.39,6.83,49.8,62.9,56.8,49.1,50.6,51.7,C,B-,C+,C,C,54.9,Rare,True,False,1,bbref_war
davisma01,davisma01,Mark Davis,Big Hair Era (1977-1993),1987,1989,1980,1997,SDP,SDP,RP,624,85,96,1145.0,51,84,1007,534,129.0,11.48,8.52,3.85,0.83,3.19,126.15,43.54,91.4,38.0,67.0,5.8,42.1,56.4,A,D+,B,F,C+,54.9,Rare,True,False,2,bbref_war
kneppbo01,kneppbo01,Bob Knepper,Big Hair Era (1977-1993),1984,1978,1976,1990,HOU,HOU,SP,445,413,1,2708.0,146,155,1473,857,228.0,22.42,5.07,2.61,0.65,3.05,117.09,6.76,33.1,73.1,61.1,48.6,61.7,54.6,D,B,B-,C,C,54.9,Rare,True,False,2,bbref_war
niedeto01,niedeto01,Tom Niedenfuer,Big Hair Era (1977-1993),1985,1983,1981,1990,LAD,LAD,RP,484,0,97,653.0,36,46,474,226,60.0,10.77,6.9,3.0,0.69,2.88,129.7,,64.0,62.1,69.3,3.2,57.6,54.4,B-,B-,B,F,C,54.9,Rare,False,False,0,bbref_war
bedrost01,bedrost01,Steve Bedrosian,Big Hair Era (1977-1993),1985,1982,1981,1995,ATL,ATL,RP,732,46,184,1191.0,76,79,921,518,114.0,15.06,7.42,3.8,0.78,3.08,148.58,48.1,72.9,39.5,81.6,8.3,48.1,52.0,B,D+,A-,F,C,54.8,Rare,True,False,1,bbref_war
ojedabo01,ojedabo01,Bob Ojeda,Big Hair Era (1977-1993),1985,1986,1980,1994,BOS,BOS,SP,351,291,1,1884.3333333333333,115,98,1128,676,145.0,20.7,5.66,2.95,0.63,3.4,115.53,6.67,43.2,63.6,60.1,47.8,63.9,54.5,C-,B-,B-,C,C,54.8,Rare,False,False,0,bbref_war
mcwilla01,mcwilla01,Larry McWilliams,Big Hair Era (1977-1993),1983,1983,1978,1990,ATL,ATL,SP,370,224,3,1558.3333333333333,78,90,940,542,137.0,14.05,5.81,3.03,0.66,3.43,110.43,7.33,45.7,61.2,56.8,53.3,60.9,54.3,C,B-,C+,C,C,54.7,Rare,False,False,0,bbref_war
boydoi01,boydoi01,Oil Can Boyd,Big Hair Era (1977-1993),1986,1985,1982,1991,BOS,BOS,SP,214,207,0,1389.6666666666667,78,77,799,368,166.0,18.77,5.29,2.34,0.99,3.84,108.08,6.86,36.9,80.8,55.3,49.4,25.3,53.4,D+,A-,C+,C,C,54.6,Rare,False,False,0,bbref_war
rhoderi01,rhoderi01,Rick Rhoden,Big Hair Era (1977-1993),1983,1986,1974,1989,PIT,PIT,SP,413,380,1,2593.6666666666665,151,125,1419,801,198.0,25.78,5.14,2.64,0.68,3.32,115.78,6.92,34.3,72.4,60.3,49.9,59.1,48.2,D,B,B-,C,C,54.6,Rare,True,False,2,bbref_war
schoomi01,schoomi01,Mike Schooler,Big Hair Era (1977-1993),1990,1989,1988,1993,SEA,SEA,RP,260,0,98,291.6666666666667,15,29,248,103,23.0,3.87,7.65,3.18,0.71,3.49,118.82,,76.7,57.1,62.2,1.2,55.4,52.6,B+,C+,B-,F,C,54.6,Rare,False,False,0,bbref_war
boddimi01,boddimi01,Mike Boddicker,Big Hair Era (1977-1993),1988,1990,1980,1993,BAL,BAL,SP,342,309,3,2123.6666666666665,134,116,1330,721,188.0,28.29,5.46,2.88,0.77,3.49,120.53,6.76,39.7,65.6,63.3,48.5,49.0,52.0,D+,B,B-,C,C,54.5,Rare,True,False,1,bbref_war
heskejo01,heskejo01,Joe Hesketh,Big Hair Era (1977-1993),1988,1985,1984,1994,WSH,WSH,RP,339,114,21,961.6666666666666,60,47,726,378,85.0,10.67,6.66,3.35,0.73,3.35,134.13,7.18,60.0,52.3,72.2,20.7,53.5,51.3,B-,C,B,D-,C,54.5,Rare,False,False,0,bbref_war
crewsti01,crewsti01,Tim Crews,Big Hair Era (1977-1993),1990,1990,1987,1992,LAD,LAD,RP,281,4,15,423.6666666666667,11,13,293,110,34.0,3.55,6.22,2.34,0.72,3.44,114.02,46.33,52.7,80.9,59.1,4.4,54.0,56.7,C,A-,C+,F,C+,54.4,Rare,False,False,0,bbref_war
haliced01,haliced01,Ed Halicki,Big Hair Era (1977-1993),1977,1977,1974,1980,SFG,SFG,SP,192,157,1,1063.0,55,66,707,334,82.0,11.64,5.99,2.83,0.69,3.62,98.58,6.85,48.6,67.0,49.1,49.3,57.1,59.5,C,B,C,C,C+,54.4,Rare,False,False,0,bbref_war
lavelga01,lavelga01,Gary Lavelle,Big Hair Era (1977-1993),1979,1977,1974,1987,SFG,SFG,RP,745,3,136,1085.0,80,77,769,440,51.0,18.04,6.55,3.46,0.42,2.58,142.48,,58.2,49.2,77.6,4.1,86.6,63.7,C+,C,B+,F,B-,54.4,Rare,True,False,2,bbref_war
robinro01,robinro01,Ron Robinson,Big Hair Era (1977-1993),1987,1990,1984,1992,CIN,CIN,SP,232,102,19,800.0,48,39,473,253,61.0,9.76,5.55,2.79,0.7,3.46,107.74,7.01,41.3,68.0,55.0,50.6,57.0,56.8,C-,B,C+,C,C+,54.4,Rare,False,False,0,bbref_war
searara01,searara01,Ray Searage,Big Hair Era (1977-1993),1986,1984,1981,1990,MIL,MIL,RP,254,0,11,287.6666666666667,11,13,193,137,22.0,4.51,6.04,4.29,0.69,3.5,207.48,,49.5,25.7,119.9,1.2,57.7,51.0,C,D,S,F,C,54.4,Rare,False,False,0,bbref_war
gurala01,gurala01,Larry Gura,Big Hair Era (1977-1993),1978,1980,1970,1985,KCR,KCR,SP,403,261,14,2047.0,126,97,801,600,204.0,20.65,3.49,2.3,0.71,3.15,127.91,8.98,6.6,82.1,68.1,67.2,55.2,46.1,F,A-,B,B,C,54.3,Rare,True,False,1,bbref_war
smithza01,smithza01,Zane Smith,Big Hair Era (1977-1993),1990,1990,1984,1996,PIT,PIT,SP,360,291,3,1919.3333333333333,100,115,1011,583,122.0,18.25,4.83,2.75,0.59,3.44,122.6,6.81,29.2,69.2,64.7,49.0,68.8,54.2,D,B,B-,C,C,54.3,Rare,False,False,0,bbref_war
stewada01,stewada01,Dave Stewart,Big Hair Era (1977-1993),1988,1990,1978,1995,OAK,OAK,SP,523,348,19,2629.6666666666665,168,129,1741,1034,264.0,23.9,5.87,3.34,0.77,3.46,118.17,8.21,46.6,52.4,61.8,60.7,49.2,47.7,C,C,B-,B-,C,54.2,Rare,True,False,1,bbref_war
belchti01,belchti01,Tim Belcher,Big Hair Era (1977-1993),1992,1996,1987,2000,LAD,LAD,SP,394,373,5,2442.6666666666665,146,140,1519,860,264.0,23.83,5.98,3.09,0.83,3.57,115.89,6.78,48.6,59.5,60.3,48.7,41.7,52.7,C,C+,B-,C,C,54.1,Rare,False,False,0,bbref_war
brownto05,brownto05,Tom Browning,Big Hair Era (1977-1993),1988,1990,1984,1995,CIN,CIN,SP,302,300,0,1921.0,123,90,1000,511,236.0,18.24,4.67,2.33,1.08,3.65,123.51,6.79,26.5,81.3,65.3,48.8,15.2,54.0,D,A-,B,C,C,54.1,Rare,True,False,1,bbref_war
jacksda02,jacksda02,Danny Jackson,Big Hair Era (1977-1993),1988,1988,1983,1997,KCR,KCR,SP,353,324,1,2072.6666666666665,112,131,1225,816,133.0,23.87,5.63,3.25,0.52,3.4,121.01,6.68,42.7,54.9,63.7,47.8,76.1,53.2,C-,C,B-,C,C,54.0,Rare,True,False,2,bbref_war
waitsri01,waitsri01,Rick Waits,Big Hair Era (1977-1993),1978,1978,1973,1985,CLE,CLE,SP,317,190,8,1427.0,79,92,659,568,110.0,15.24,4.19,3.52,0.7,3.92,104.17,16.81,18.4,47.3,52.7,125.0,56.1,57.1,F,C,C,S,C+,54.0,Rare,False,False,0,bbref_war
alexado01,alexado01,Doyle Alexander,Big Hair Era (1977-1993),1984,1987,1971,1989,BAL,BAL,SP,561,464,3,3367.6666666666665,194,174,1528,978,324.0,29.41,4.5,2.42,0.9,3.47,124.92,7.03,23.6,78.6,66.2,50.8,35.1,48.4,D-,B+,B,C,C,53.9,Rare,True,False,1,bbref_war
learyti01,learyti01,Tim Leary,Big Hair Era (1977-1993),1987,1986,1981,1994,LAD,LAD,SP,292,224,1,1491.3333333333333,78,105,888,535,147.0,11.96,5.87,2.78,0.79,3.8,98.89,7.1,46.7,68.4,49.3,51.4,46.7,55.4,C,B,C,C,C+,53.9,Rare,False,False,0,bbref_war
caudibi01,caudibi01,Bill Caudill,Big Hair Era (1977-1993),1983,1980,1979,1987,CHC,CHC,RP,445,24,106,667.0,35,52,620,288,81.0,12.46,8.73,3.86,1.06,3.25,124.09,35.67,94.9,37.8,65.7,4.3,17.0,54.7,A,D+,B,F,C,53.8,Rare,True,False,1,bbref_war
dennyjo01,dennyjo01,John Denny,Big Hair Era (1977-1993),1981,1983,1974,1986,STL,STL,SP,325,322,0,2148.6666666666665,123,108,1146,778,137.0,28.55,4.67,2.9,0.49,3.01,124.16,7.03,26.4,65.0,65.7,50.8,79.4,58.6,D,B,B,C,C+,53.8,Rare,False,False,0,bbref_war
hollaal01,hollaal01,Al Holland,Big Hair Era (1977-1993),1982,1983,1977,1987,SFG,SFG,RP,384,11,78,646.0,34,30,513,232,55.0,13.01,7.09,3.23,0.74,2.7,126.0,26.04,67.2,55.7,66.9,5.9,52.2,57.4,B,C+,B,F,C+,53.8,Rare,True,False,1,bbref_war
swancr01,swancr01,Craig Swan,Big Hair Era (1977-1993),1979,1978,1973,1984,NYM,NYM,SP,231,185,2,1235.6666666666667,59,72,673,368,115.0,15.37,5.03,2.43,0.74,3.33,107.38,6.47,32.6,78.2,54.8,46.1,52.1,56.8,D,B+,C,C,C+,53.8,Rare,False,False,0,bbref_war
belinst01,belinst01,Stan Belinda,Big Hair Era (1977-1993),1993,1995,1989,2000,PIT,PIT,RP,585,0,79,685.3333333333334,41,37,622,285,85.0,7.52,8.26,3.53,0.9,3.45,119.41,,86.9,47.2,62.6,1.8,34.2,50.0,A,C,B-,F,C,53.7,Rare,False,False,0,bbref_war
guantce01,guantce01,Cecilio Guante,Big Hair Era (1977-1993),1985,1985,1982,1990,PIT,PIT,RP,363,1,35,595.0,29,34,503,236,61.0,7.18,7.62,3.53,0.77,3.14,128.43,,76.2,47.0,68.5,5.2,49.1,51.6,B+,C,B,F,C,53.7,Rare,False,False,0,bbref_war
habyajo01,habyajo01,John Habyan,Big Hair Era (1977-1993),1992,1991,1985,1996,NYY,NYY,RP,348,18,12,532.3333333333334,26,24,372,186,47.0,6.7,6.33,2.91,0.74,3.66,133.82,8.95,54.5,64.8,72.0,4.2,52.5,50.1,C,B-,B,F,C,53.6,Rare,False,False,0,bbref_war
krukomi01,krukomi01,Mike Krukow,Big Hair Era (1977-1993),1981,1986,1976,1989,SFG,SFG,SP,369,355,1,2190.6666666666665,124,117,1478,767,196.0,18.38,6.2,3.1,0.72,3.61,105.71,6.32,52.3,59.4,53.7,44.8,53.8,56.5,C,C+,C,C-,C+,53.6,Rare,True,False,1,bbref_war
perezme01,perezme01,Melido Perez,Big Hair Era (1977-1993),1991,1992,1987,1995,NYY,NYY,SP,243,201,1,1354.6666666666667,78,85,1092,551,144.0,11.99,7.15,3.67,0.91,3.99,103.42,7.83,68.3,43.1,52.2,57.5,33.1,49.3,B,C-,C,C+,C,53.6,Rare,False,False,0,bbref_war
haasmo01,haasmo01,Moose Haas,Big Hair Era (1977-1993),1983,1980,1976,1987,MIL,MIL,SP,266,252,2,1655.0,100,83,853,436,162.0,17.07,4.62,2.23,0.82,3.74,109.54,6.67,25.7,84.1,56.2,47.8,43.7,52.1,D,A-,C+,C,C,53.5,Rare,False,False,0,bbref_war
portuma01,portuma01,Mark Portugal,Big Hair Era (1977-1993),1992,1993,1985,1999,HOU,HOU,SP,346,283,5,1826.3333333333333,109,95,1134,607,209.0,15.91,5.83,2.97,0.87,3.53,113.92,6.56,45.9,63.0,59.0,46.8,38.3,51.9,C,B-,C+,C,C,53.5,Rare,False,False,0,bbref_war
schmida01,schmida01,Dave Schmidt,Big Hair Era (1977-1993),1985,1982,1981,1992,TEX,TEX,RP,376,63,50,902.0,54,55,479,237,85.0,10.92,5.29,2.36,0.73,3.29,127.59,30.4,36.9,80.2,67.9,12.1,53.5,52.0,D+,A-,B,F,C,53.3,Rare,False,False,0,bbref_war
castito02,castito02,Tony Castillo,Big Hair Era (1977-1993),1993,1995,1988,1998,TOR,TOR,RP,403,6,22,526.6666666666666,28,23,333,179,52.0,9.05,5.75,2.87,0.86,3.4,147.77,18.17,44.6,65.7,81.0,3.8,39.5,56.2,C-,B,A-,F,C+,53.2,Rare,False,False,0,bbref_war
mcgafan01,mcgafan01,Andy McGaffigan,Big Hair Era (1977-1993),1986,1986,1981,1991,WSH,WSH,RP,363,62,24,833.3333333333334,38,33,610,294,55.0,11.56,6.87,3.16,0.62,3.28,115.71,8.79,63.5,57.7,60.2,12.6,64.7,52.8,B-,C+,B-,F,C,53.1,Rare,False,False,0,bbref_war
chrisla01,chrisla01,Larry Christenson,Big Hair Era (1977-1993),1978,1982,1973,1983,PHI,PHI,SP,243,220,4,1402.6666666666667,83,71,781,395,100.0,9.07,4.95,2.37,0.63,3.63,101.78,6.42,31.2,80.1,51.2,45.6,63.6,47.2,D,A-,C,C,C,53.0,Rare,False,False,0,bbref_war
hartlmi01,hartlmi01,Mike Hartley,Big Hair Era (1977-1993),1992,1993,1989,1995,LAD,LAD,RP,202,6,4,318.6666666666667,19,13,259,139,28.0,3.1,7.31,3.93,0.79,3.7,149.22,13.22,71.0,35.9,82.0,5.0,46.5,54.0,B,D+,A-,F,C,53.0,Rare,False,False,0,bbref_war
tekulke01,tekulke01,Kent Tekulve,Big Hair Era (1977-1993),1982,1983,1974,1989,PIT,PIT,RP,1050,0,184,1436.6666666666667,94,90,779,491,63.0,19.56,4.87,2.98,0.34,2.55,157.08,,29.9,62.8,87.1,3.5,96.2,54.1,D,B-,A,F,C,53.0,Rare,True,False,1,bbref_war
draveda01,draveda01,Dave Dravecky,Big Hair Era (1977-1993),1985,1985,1982,1989,SDP,SDP,SP,226,146,10,1062.6666666666667,64,57,558,315,97.0,14.36,4.73,2.69,0.82,3.13,115.87,7.82,27.5,70.8,60.3,57.4,43.8,48.0,D,B,B-,C+,C,52.8,Rare,True,False,1,bbref_war
kisonbr01,kisonbr01,Bruce Kison,Big Hair Era (1977-1993),1979,1979,1971,1985,PIT,PIT,SP,380,246,12,1809.6666666666667,115,88,1073,662,150.0,12.52,5.14,3.08,0.65,3.36,113.45,7.92,34.4,59.9,58.7,58.3,62.1,51.5,D,C+,C+,C+,C,52.7,Rare,False,False,0,bbref_war
fidryma01,fidryma01,Mark Fidrych,Big Hair Era (1977-1993),1978,1976,1976,1980,DET,DET,SP,58,56,0,412.3333333333333,29,19,170,99,23.0,11.34,3.71,2.16,0.5,3.1,116.6,6.38,10.3,85.9,60.8,45.4,78.1,53.6,F,A,B-,C,C,52.6,Rare,True,False,2,bbref_war
sorenla01,sorenla01,Lary Sorensen,Big Hair Era (1977-1993),1980,1978,1977,1988,MIL,MIL,SP,346,235,6,1736.3333333333333,93,103,569,402,147.0,17.35,2.87,1.99,0.69,3.8,103.75,9.81,1.0,90.6,52.4,74.2,58.0,51.7,F,A,C,B,C,52.6,Rare,True,False,1,bbref_war
harrigr01,harrigr01,Greg Harris,Big Hair Era (1977-1993),1990,1985,1981,1995,BOS,BOS,RP,703,98,54,1467.0,74,90,1141,652,129.0,18.3,6.83,3.83,0.68,3.13,146.37,43.8,62.9,38.7,80.1,9.5,58.4,54.9,B-,D+,A-,F,C,52.5,Rare,False,False,0,bbref_war
sutclri01,sutclri01,Rick Sutcliffe,Big Hair Era (1977-1993),1984,1987,1976,1994,CHC,CHC,SP,457,392,6,2697.6666666666665,171,139,1679,1081,236.0,28.71,6.06,3.44,0.72,3.66,110.05,7.26,49.9,49.5,56.5,52.7,54.3,58.6,C,C,C+,C,C+,52.5,Rare,True,False,3,bbref_war
willima05,willima05,Mark Williamson,Big Hair Era (1977-1993),1990,1989,1987,1994,BAL,BAL,RP,365,15,21,689.6666666666666,46,35,397,226,62.0,7.22,5.27,3.01,0.85,3.71,160.99,35.98,36.5,61.9,89.6,7.7,39.8,48.0,D+,B-,A,F,C,52.5,Rare,False,False,0,bbref_war
rawlesh01,rawlesh01,Shane Rawley,Big Hair Era (1977-1993),1983,1985,1978,1989,PHI,PHI,SP,469,230,40,1871.3333333333333,111,118,991,734,153.0,18.88,4.95,3.44,0.65,3.79,108.41,10.77,31.2,49.8,55.5,82.2,61.6,56.9,D,C,C+,A-,C+,52.4,Rare,True,False,1,bbref_war
ruffibr01,ruffibr01,Bruce Ruffin,Big Hair Era (1977-1993),1993,1986,1986,1997,PHI,PHI,RP,469,152,63,1268.0,60,82,843,565,92.0,12.82,6.27,3.53,0.6,3.66,140.78,8.1,53.5,47.0,76.5,12.6,67.7,55.3,C,C,B+,F,C+,52.3,Rare,False,False,0,bbref_war
leffecr01,leffecr01,Craig Lefferts,Big Hair Era (1977-1993),1986,1984,1983,1994,SDP,SDP,RP,696,45,101,1145.6666666666667,58,72,719,322,120.0,10.21,5.76,2.63,0.8,2.82,129.48,17.8,44.9,72.6,69.2,4.1,45.5,52.2,C-,B,B,F,C,52.2,Rare,False,False,0,bbref_war
guzmajo01,guzmajo01,Jose Guzman,Big Hair Era (1977-1993),1988,1991,1985,1994,TEX,TEX,SP,193,186,0,1224.3333333333333,80,74,889,482,129.0,14.06,6.56,3.5,0.96,3.97,112.02,6.61,58.3,47.8,57.8,47.2,28.5,53.4,C+,C,C+,C,C,52.1,Rare,False,False,0,bbref_war
murrada01,murrada01,Dale Murray,Big Hair Era (1977-1993),1981,1974,1974,1985,WSH,WSH,RP,518,1,60,902.3333333333334,53,50,400,329,40.0,6.15,4.21,3.07,0.24,3.13,168.13,,18.8,60.3,94.3,5.8,106.9,51.7,F,B-,A,F,C,52.1,Rare,False,False,0,bbref_war
leachte01,leachte01,Terry Leach,Big Hair Era (1977-1993),1988,1987,1981,1993,NYM,NYM,RP,376,21,10,700.0,38,27,331,197,38.0,9.94,4.32,2.25,0.52,2.9,136.2,20.06,20.6,83.5,73.5,7.0,76.1,52.1,D-,A-,B,F,C,51.9,Rare,False,False,0,bbref_war
milacbo01,milacbo01,Bob Milacki,Big Hair Era (1977-1993),1991,1989,1988,1996,BAL,BAL,SP,143,125,1,795.6666666666666,39,47,387,301,85.0,6.13,4.45,3.4,0.91,4.13,160.28,6.66,22.7,50.8,89.2,47.7,33.2,48.5,D-,C,A,C,C,51.9,Rare,False,False,0,bbref_war
langfri01,langfri01,Rick Langford,Big Hair Era (1977-1993),1980,1979,1976,1986,OAK,OAK,SP,260,196,0,1491.0,73,106,671,416,160.0,14.7,4.03,2.42,0.9,3.69,104.59,9.4,15.7,78.6,53.0,70.7,34.2,52.5,F,B+,C,B,C,51.8,Rare,False,False,0,bbref_war
davisro02,davisro02,Ron Davis,Big Hair Era (1977-1993),1982,1980,1978,1988,MIN,MIN,RP,481,0,130,746.6666666666666,47,53,597,300,82.0,8.97,7.17,3.27,0.84,3.35,118.6,,68.5,54.4,62.1,5.9,40.9,49.5,B,C,B-,F,C,51.7,Rare,True,False,1,bbref_war
grosske01,grosske01,Kevin Gross,Big Hair Era (1977-1993),1988,1992,1983,1997,PHI,PHI,SP,474,368,5,2487.6666666666665,142,158,1727,986,230.0,21.25,6.29,3.4,0.75,3.78,101.56,6.63,53.7,50.9,51.0,47.5,51.2,62.2,C,C,C,C,B-,51.7,Rare,True,False,1,bbref_war
mcgresc01,mcgresc01,Scott McGregor,Big Hair Era (1977-1993),1981,1983,1976,1988,BAL,BAL,SP,356,309,5,2140.6666666666665,138,108,904,518,235.0,20.34,3.8,1.97,0.88,3.54,110.27,7.01,11.8,91.3,56.7,50.6,37.2,46.6,F,A,C+,C,C,51.7,Rare,True,False,1,bbref_war
butchjo01,butchjo01,John Butcher,Big Hair Era (1977-1993),1983,1984,1980,1986,TEX,TEX,SP,164,113,6,833.6666666666666,36,49,363,229,79.0,4.46,3.92,2.47,0.85,4.42,111.36,8.93,13.8,77.1,57.4,66.7,39.8,49.7,F,B+,C+,B,C,51.6,Rare,False,False,0,bbref_war
youngma01,youngma01,Matt Young,Big Hair Era (1977-1993),1987,1983,1983,1993,SEA,SEA,SP,333,163,25,1189.6666666666667,55,95,857,565,99.0,9.72,6.52,4.02,0.78,4.08,100.71,9.71,57.6,33.3,50.5,73.4,48.1,56.5,C+,D,C,B,C+,51.6,Rare,True,False,1,bbref_war
ruhleve01,ruhleve01,Vern Ruhle,Big Hair Era (1977-1993),1978,1980,1974,1986,HOU,HOU,SP,327,188,11,1411.3333333333333,67,88,582,348,119.0,13.11,3.49,2.35,0.68,3.42,119.78,7.43,6.6,80.6,62.9,54.2,58.9,57.6,F,A-,B-,C,C+,51.5,Rare,False,False,0,bbref_war
wegmabi01,wegmabi01,Bill Wegman,Big Hair Era (1977-1993),1988,1992,1985,1995,MIL,MIL,SP,262,216,2,1482.6666666666667,81,90,696,352,187.0,18.66,4.08,2.01,1.1,3.93,111.78,6.54,16.5,90.3,57.7,46.7,12.8,54.5,F,A,C+,C,C,51.5,Rare,False,False,0,bbref_war
palldo01,palldo01,Donn Pall,Big Hair Era (1977-1993),1991,1991,1988,1998,CHW,CHW,RP,328,0,10,505.3333333333333,24,23,278,139,52.0,5.13,5.29,2.23,0.85,3.3,122.02,,37.0,83.9,64.3,4.3,39.7,48.8,D+,A-,B-,F,C,51.4,Rare,False,False,0,bbref_war
puleoch01,puleoch01,Charlie Puleo,Big Hair Era (1977-1993),1986,1987,1981,1989,ATL,ATL,SP,180,76,2,633.0,29,39,387,319,59.0,4.12,5.81,4.19,0.75,4.06,81.64,15.17,45.7,28.3,38.1,119.2,50.5,59.8,C,D,D+,S,C+,51.4,Rare,False,False,0,bbref_war
jacksro03,jacksro03,Roy Lee Jackson,Big Hair Era (1977-1993),1982,1982,1977,1986,TOR,TOR,RP,280,18,34,559.0,28,34,351,203,50.0,6.57,5.94,2.95,0.84,3.33,130.19,25.78,47.9,63.6,69.6,7.9,41.5,52.4,C,B-,B,F,C,51.2,Rare,False,False,0,bbref_war
olinst01,olinst01,Steve Olin,Big Hair Era (1977-1993),1990,1992,1989,1992,CLE,CLE,RP,195,1,48,273.0,16,19,173,90,14.0,4.47,5.7,2.97,0.46,3.1,128.85,92.33,43.9,63.1,68.8,3.5,82.5,51.4,C-,B-,B,F,C,51.2,Rare,False,False,0,bbref_war
russeje01,russeje01,Jeff Russell,Big Hair Era (1977-1993),1992,1992,1983,1996,TEX,TEX,RP,589,79,186,1099.6666666666667,56,73,693,415,100.0,13.56,5.63,3.14,0.64,3.35,141.31,6.96,42.6,58.1,76.9,7.7,62.8,50.6,C-,C+,B+,F,C,51.2,Rare,True,False,2,bbref_war
kernji01,kernji01,Jim Kern,Big Hair Era (1977-1993),1978,1979,1974,1986,CLE,CLE,RP,416,14,88,793.3333333333334,53,57,651,444,35.0,16.54,7.86,4.71,0.34,2.79,140.37,57.69,80.1,13.7,76.2,8.1,95.5,52.6,A-,F,B+,F,C,51.1,Rare,True,False,3,bbref_war
navarja01,navarja01,Jaime Navarro,Big Hair Era (1977-1993),1992,1992,1989,2000,MIL,MIL,SP,361,309,2,2055.3333333333335,116,126,1113,690,214.0,15.87,4.82,2.66,0.74,3.94,106.31,6.76,29.0,71.8,54.1,48.5,52.3,50.6,D,B,C,C,C,51.1,Rare,False,False,0,bbref_war
bibbyji01,bibbyji01,Jim Bibby,Big Hair Era (1977-1993),1977,1980,1972,1984,PIT,PIT,SP,340,239,8,1722.6666666666667,111,101,1079,723,131.0,19.12,5.77,3.63,0.6,3.38,112.64,7.37,45.0,44.2,58.2,53.6,67.5,55.3,C,C-,C+,C,C+,51.0,Rare,True,False,1,bbref_war
lampde01,lampde01,Dennis Lamp,Big Hair Era (1977-1993),1982,1978,1977,1992,CHC,CHC,RP,639,163,35,1830.6666666666667,96,96,857,549,122.0,17.81,4.03,2.4,0.5,3.3,129.92,26.86,15.6,79.1,69.4,22.9,78.0,51.8,F,B+,B,D-,C,51.0,Rare,False,False,0,bbref_war
fossato01,fossato01,Tony Fossas,Big Hair Era (1977-1993),1992,1995,1988,1999,BOS,BOS,RP,567,0,7,415.6666666666667,17,24,324,180,39.0,4.91,6.54,3.72,0.7,3.15,149.54,,58.0,41.7,82.2,1.0,56.7,48.4,C+,C-,A-,F,C,50.9,Rare,False,False,0,bbref_war
maddumi01,maddumi01,Mike Maddux,Big Hair Era (1977-1993),1993,1991,1986,2000,PHI,PHI,RP,472,48,20,861.6666666666666,39,37,564,284,67.0,7.59,6.04,2.85,0.61,3.46,115.89,44.05,49.6,66.3,60.3,6.7,66.7,50.9,C,B,B-,F,C,50.9,Rare,False,False,0,bbref_war
palmeda01,palmeda01,David Palmer,Big Hair Era (1977-1993),1985,1986,1978,1989,WSH,WSH,SP,212,176,2,1085.0,64,59,748,434,78.0,10.93,6.24,3.52,0.67,3.77,102.67,6.67,53.0,47.4,51.7,47.8,60.0,54.1,C,C,C,C,C,50.9,Rare,False,False,0,bbref_war
pricejo02,pricejo02,Joe Price,Big Hair Era (1977-1993),1983,1983,1980,1990,CIN,CIN,RP,372,84,13,906.0,45,49,657,337,95.0,10.22,6.39,3.18,0.88,3.36,122.28,23.45,55.4,57.0,64.5,14.1,36.7,53.9,C+,C+,B-,F,C,50.9,Rare,False,False,0,bbref_war
rasmude01,rasmude01,Dennis Rasmussen,Big Hair Era (1977-1993),1987,1986,1983,1995,SDP,SDP,SP,256,235,0,1460.6666666666667,91,77,835,522,175.0,10.6,5.41,3.17,1.08,4.01,116.42,7.37,39.0,57.4,60.7,53.7,15.3,54.7,D+,C+,B-,C,C,50.8,Rare,False,False,0,bbref_war
zahnge01,zahnge01,Geoff Zahn,Big Hair Era (1977-1993),1980,1978,1973,1985,LAA,LAA,SP,304,270,1,1849.0,111,109,705,526,149.0,20.67,3.4,2.43,0.67,3.45,125.36,7.18,5.1,78.4,66.5,52.0,59.5,48.9,F,B+,B,C,C,50.7,Rare,False,False,0,bbref_war
eastwra01,eastwra01,Rawly Eastwick,Big Hair Era (1977-1993),1977,1976,1974,1981,CIN,CIN,RP,326,1,68,525.3333333333334,28,27,295,156,38.0,5.62,5.04,2.66,0.61,3.01,133.35,97.0,32.7,71.7,71.7,5.3,66.3,48.3,D,B,B,F,C,50.6,Rare,False,False,0,bbref_war
houghch01,houghch01,Charlie Hough,Big Hair Era (1977-1993),1985,1985,1970,1994,TEX,TEX,SP,858,440,61,3801.3333333333335,216,216,2362,1665,383.0,28.24,5.76,3.48,0.92,3.58,116.67,7.23,44.7,48.4,60.8,52.5,32.6,52.7,C-,C,B-,C,C,50.6,Rare,True,False,1,bbref_war
martiti01,martiti01,Tippy Martinez,Big Hair Era (1977-1993),1980,1983,1974,1988,BAL,BAL,RP,546,2,115,834.0,55,42,632,425,53.0,11.38,6.92,4.03,0.47,2.81,140.31,,64.4,32.9,76.2,4.6,81.5,46.3,B-,D,B+,F,C,50.5,Rare,True,False,1,bbref_war
sosael01,sosael01,Elias Sosa,Big Hair Era (1977-1993),1977,1979,1972,1983,SFG,SFG,RP,601,3,83,918.0,59,51,538,334,64.0,11.82,5.49,3.25,0.5,2.89,143.28,98.33,40.3,54.9,78.1,4.6,78.2,51.7,C-,C,B+,F,C,50.5,Rare,False,False,0,bbref_war
caldwmi01,caldwmi01,Mike Caldwell,Big Hair Era (1977-1993),1978,1978,1971,1984,MIL,MIL,SP,475,307,18,2408.6666666666665,137,130,939,597,218.0,20.71,3.6,2.16,0.77,3.32,100.46,8.23,8.5,85.9,50.3,60.8,48.9,52.6,F,A,C,B-,C,50.4,Rare,False,False,0,bbref_war
darliro01,darliro01,Ron Darling,Big Hair Era (1977-1993),1986,1986,1983,1995,NYM,NYM,SP,382,364,0,2360.3333333333335,136,116,1590,906,239.0,17.25,5.92,3.42,0.79,3.39,107.59,6.68,47.5,50.3,54.9,47.9,46.6,54.6,C,C,C,C,C,50.4,Rare,True,False,1,bbref_war
dipinfr01,dipinfr01,Frank DiPino,Big Hair Era (1977-1993),1987,1987,1981,1993,HOU,HOU,RP,514,6,56,700.0,35,38,515,269,53.0,5.68,6.62,3.19,0.52,3.01,113.74,,59.3,56.7,58.9,2.5,75.7,50.7,C+,C+,C+,F,C,50.4,Rare,False,False,0,bbref_war
mooremi01,mooremi01,Mike Moore,Big Hair Era (1977-1993),1988,1985,1982,1995,SEA,SEA,SP,450,440,2,2831.6666666666665,161,176,1667,1156,291.0,28.01,5.62,3.35,0.86,3.83,113.17,6.86,42.4,52.1,58.6,49.4,38.9,55.8,C-,C,C+,C,C+,50.4,Rare,True,False,1,bbref_war
comerst01,comerst01,Steve Comer,Big Hair Era (1977-1993),1981,1978,1978,1984,TEX,TEX,SP,176,83,13,701.6666666666666,44,37,245,252,57.0,3.03,3.14,3.23,0.73,4.13,97.45,20.77,1.0,55.5,48.3,125.0,53.1,54.0,F,C+,C,S,C,50.3,Rare,False,False,0,bbref_war
solomed01,solomed01,Eddie Solomon,Big Hair Era (1977-1993),1978,1981,1973,1982,PIT,PIT,SP,191,95,4,718.0,36,42,337,247,76.0,8.04,4.28,2.97,0.91,3.77,120.84,8.16,19.9,62.9,63.5,60.3,33.1,60.0,F,B-,B-,B-,B-,50.3,Rare,False,False,0,bbref_war
hernaxa01,hernaxa01,Xavier Hernandez,Big Hair Era (1977-1993),1993,1992,1989,1998,HOU,HOU,RP,463,7,35,671.0,40,35,562,266,67.0,3.9,7.14,3.4,0.75,3.53,114.05,62.33,68.2,50.8,59.1,3.9,50.7,49.8,B,C,C+,F,C,50.1,Rare,False,False,0,bbref_war
mahleri01,mahleri01,Rick Mahler,Big Hair Era (1977-1993),1985,1985,1979,1991,ATL,ATL,SP,392,271,6,1951.3333333333333,96,111,952,606,165.0,17.56,4.28,2.59,0.71,3.76,104.61,7.17,19.8,73.7,53.0,52.0,55.5,57.8,F,B,C,C,C+,50.1,Rare,False,False,0,bbref_war
morgami01,morgami01,Mike Morgan,Big Hair Era (1977-1993),1989,1992,1978,2002,CHC,CHC,SP,597,411,8,2772.3333333333335,141,186,1403,938,270.0,24.0,4.54,2.84,0.8,3.6,113.17,6.79,24.2,66.6,58.6,48.8,46.0,60.1,D-,B,C+,C,B-,50.0,Rare,True,False,1,bbref_war
niekrjo01,niekrjo01,Joe Niekro,Big Hair Era (1977-1993),1979,1982,1967,1988,HOU,HOU,SP,702,500,16,3584.0,221,204,1747,1262,276.0,21.91,4.13,2.84,0.65,3.14,112.97,7.68,17.3,66.5,58.4,56.3,61.8,53.4,F,B,C+,C+,C,49.8,Rare,True,False,1,bbref_war
abbotji01,abbotji01,Jim Abbott,Big Hair Era (1977-1993),1993,1991,1989,1999,LAA,LAA,SP,263,254,0,1674.0,87,108,888,620,154.0,22.5,4.81,3.02,0.74,3.77,112.88,6.73,28.8,61.5,58.4,48.3,52.3,52.6,D,B-,C+,C,C,49.7,Rare,False,False,0,bbref_war
beckwjo01,beckwjo01,Joe Beckwith,Big Hair Era (1977-1993),1983,1984,1979,1986,LAD,LAD,RP,229,5,7,422.0,18,19,319,150,39.0,3.05,6.8,3.2,0.83,3.54,110.05,54.78,62.4,56.5,56.5,7.2,42.1,53.1,B-,C+,C+,F,C,49.7,Rare,False,False,0,bbref_war
clearma01,clearma01,Mark Clear,Big Hair Era (1977-1993),1982,1982,1979,1990,BOS,BOS,RP,481,1,83,804.3333333333334,71,49,804,554,60.0,9.49,9.15,5.75,0.65,3.47,126.85,78.33,102.0,1.0,67.5,6.0,61.4,58.0,S,F,B,F,C+,49.5,Rare,True,False,2,bbref_war
crawfst01,crawfst01,Steve Crawford,Big Hair Era (1977-1993),1985,1989,1980,1991,BOS,BOS,RP,277,16,19,562.6666666666666,30,23,320,186,54.0,3.91,4.9,2.75,0.65,3.62,131.61,49.54,30.4,69.1,70.5,7.9,61.5,55.2,D,B,B,F,C+,49.5,Rare,False,False,0,bbref_war
diazca01,diazca01,Carlos Diaz,Big Hair Era (1977-1993),1984,1983,1982,1986,LAD,LAD,RP,179,0,4,258.0,13,6,207,97,17.0,1.82,7.22,3.38,0.59,3.21,100.02,,69.4,51.3,50.0,3.8,68.1,57.0,B,C,C,F,C+,49.5,Rare,False,False,0,bbref_war
huismma01,huismma01,Mark Huismann,Big Hair Era (1977-1993),1986,1986,1983,1991,KCR,KCR,RP,152,1,11,296.3333333333333,13,11,219,83,37.0,1.4,6.46,2.6,1.19,4.27,102.42,97.33,56.6,73.4,51.6,8.7,3.0,53.2,C+,B,C,F,C,49.5,Rare,False,False,0,bbref_war
kinger01,kinger01,Eric King,Big Hair Era (1977-1993),1989,1989,1986,1992,DET,DET,SP,203,113,16,863.3333333333334,52,45,459,333,73.0,9.62,4.78,3.47,0.76,3.97,102.23,10.82,28.4,48.8,51.4,82.6,49.8,47.8,D,C,C,A-,C,49.4,Rare,False,False,0,bbref_war
magrajo01,magrajo01,Joe Magrane,Big Hair Era (1977-1993),1990,1988,1987,1996,STL,STL,SP,190,166,0,1096.6666666666667,57,67,564,391,79.0,12.25,4.67,2.99,0.54,3.56,108.69,6.56,26.5,62.4,55.6,46.9,74.3,50.1,D,B-,C+,C,C,49.4,Rare,False,False,0,bbref_war
romoen01,romoen01,Enrique Romo,Big Hair Era (1977-1993),1980,1977,1977,1982,PIT,PIT,RP,350,3,52,603.0,44,33,436,203,57.0,6.19,6.51,3.03,0.85,3.45,109.99,38.11,57.4,61.3,56.5,6.2,40.0,52.8,C+,B-,C+,F,C,49.4,Rare,False,False,0,bbref_war
berenju01,berenju01,Juan Berenguer,Big Hair Era (1977-1993),1987,1983,1978,1992,MIN,MIN,RP,490,95,32,1205.3333333333333,67,62,975,604,116.0,13.3,7.5,4.21,0.83,3.29,129.3,12.88,74.2,27.8,69.0,12.5,42.4,49.5,B,D,B,F,C,49.2,Rare,False,False,0,bbref_war
clancji01,clancji01,Jim Clancy,Big Hair Era (1977-1993),1983,1980,1977,1991,TOR,TOR,SP,472,381,10,2517.3333333333335,140,167,1422,947,244.0,25.02,5.13,3.17,0.83,3.73,115.1,6.52,34.2,57.2,59.8,46.5,41.9,46.4,D,C+,C+,C,C,49.2,Rare,True,False,1,bbref_war
gottji01,gottji01,Jim Gott,Big Hair Era (1977-1993),1988,1993,1982,1995,LAD,LAD,RP,554,96,91,1120.0,56,74,837,466,85.0,10.53,6.61,3.51,0.71,3.52,117.11,6.92,59.2,47.7,61.1,9.2,55.7,56.0,C+,C,B-,F,C+,49.0,Rare,False,False,0,bbref_war
parreje01,parreje01,Jeff Parrett,Big Hair Era (1977-1993),1992,1988,1986,1996,PHI,PHI,RP,491,11,22,724.6666666666666,56,43,616,345,61.0,6.66,7.76,4.15,0.71,3.51,121.13,12.28,78.5,29.5,63.7,4.0,55.9,53.8,B+,D,B-,F,C,49.0,Rare,False,False,0,bbref_war
stoddti01,stoddti01,Tim Stoddard,Big Hair Era (1977-1993),1984,1980,1975,1989,BAL,BAL,RP,485,0,76,729.6666666666666,41,35,582,356,72.0,8.57,7.49,4.22,0.86,3.23,137.06,,73.9,27.5,74.1,4.9,39.1,49.3,B,D,B,F,C,49.0,Rare,False,False,0,bbref_war
mccaski01,mccaski01,Kirk McCaskill,Big Hair Era (1977-1993),1989,1989,1985,1996,LAA,LAA,SP,380,242,7,1729.0,106,108,1003,665,154.0,16.09,5.22,3.27,0.76,3.73,111.71,6.49,35.7,54.4,57.6,46.2,50.1,50.0,D+,C,C+,C,C,48.9,Rare,False,False,0,bbref_war
corbedo01,corbedo01,Doug Corbett,Big Hair Era (1977-1993),1983,1980,1980,1987,LAA,LAA,RP,313,1,66,553.0,24,30,343,200,49.0,10.21,5.66,3.2,0.75,3.18,132.75,85.0,43.2,56.6,71.3,6.8,51.5,47.8,C-,C+,B,F,C,48.8,Rare,True,False,1,bbref_war
downske01,downske01,Kelly Downs,Big Hair Era (1977-1993),1990,1987,1986,1993,SFG,SFG,SP,237,135,1,963.6666666666666,57,53,598,373,73.0,6.11,5.61,3.54,0.67,3.77,100.83,7.68,42.3,46.7,50.5,56.3,59.3,49.2,C-,C,C,C+,C,48.7,Rare,False,False,0,bbref_war
murast01,murast01,Steve Mura,Big Hair Era (1977-1993),1981,1980,1978,1985,SDP,SDP,SP,167,83,5,632.6666666666666,30,39,360,289,46.0,1.58,5.12,4.11,0.65,4.0,85.28,14.37,34.1,30.6,40.4,112.5,61.4,50.4,D,D,C-,S,C,48.7,Rare,False,False,0,bbref_war
scurrro01,scurrro01,Rod Scurry,Big Hair Era (1977-1993),1984,1982,1980,1988,PIT,PIT,RP,332,7,39,460.6666666666667,19,32,431,274,31.0,7.42,8.34,5.07,0.57,2.84,139.94,10.57,88.4,3.6,76.0,3.9,70.3,51.5,A,F,B+,F,C,48.7,Rare,False,False,0,bbref_war
walkbo01,walkbo01,Bob Walk,Big Hair Era (1977-1993),1988,1988,1980,1993,PIT,PIT,SP,350,259,5,1666.0,105,81,848,606,143.0,8.67,4.72,3.09,0.7,3.34,107.92,7.23,27.3,59.7,55.2,52.5,56.2,49.2,D,C+,C+,C,C,48.7,Rare,True,False,1,bbref_war
bairdo01,bairdo01,Doug Bair,Big Hair Era (1977-1993),1983,1978,1976,1990,CIN,CIN,RP,584,5,81,909.3333333333334,55,43,689,405,86.0,9.89,6.99,3.89,0.87,2.94,133.55,89.5,65.5,36.9,71.8,5.2,37.5,48.4,B,D+,B,F,C,48.6,Rare,False,False,0,bbref_war
jamesbo01,jamesbo01,Bob James,Big Hair Era (1977-1993),1983,1985,1978,1987,WSH,WSH,RP,279,2,73,407.0,24,26,340,157,39.0,2.98,7.95,3.46,0.8,3.56,89.7,16.33,81.7,49.1,43.3,4.5,45.5,43.4,A-,C,C-,F,C-,48.6,Rare,False,False,0,bbref_war
nunezed01,nunezed01,Ed Nunez,Big Hair Era (1977-1993),1985,1990,1982,1994,SEA,SEA,RP,427,14,54,652.3333333333334,28,36,508,280,74.0,8.17,6.95,3.67,0.91,3.38,123.63,7.23,64.9,43.0,65.4,5.0,33.2,56.5,B-,C-,B,F,C+,48.6,Rare,False,False,0,bbref_war
wilcomi01,wilcomi01,Milt Wilcox,Big Hair Era (1977-1993),1980,1978,1970,1986,DET,DET,SP,394,283,6,2016.6666666666667,119,113,1137,770,204.0,13.44,5.17,3.18,0.84,3.88,106.81,6.97,34.9,57.0,54.4,50.3,41.6,47.2,D,C+,C,C,C,48.6,Rare,False,False,0,bbref_war
kruegbi01,kruegbi01,Bill Krueger,Big Hair Era (1977-1993),1990,1991,1983,1995,OAK,OAK,SP,301,164,4,1194.3333333333333,68,66,639,493,104.0,6.97,5.2,3.33,0.76,3.91,93.41,8.63,35.4,52.8,45.7,64.2,50.0,57.1,D+,C,C,B-,C+,48.5,Rare,False,False,0,bbref_war
shower01,shower01,Eric Show,Big Hair Era (1977-1993),1985,1986,1981,1991,SDP,SDP,SP,332,235,7,1655.0,101,89,971,610,171.0,16.73,5.32,3.32,0.91,3.38,109.79,7.07,37.4,53.2,56.4,51.2,33.0,47.6,D+,C,C+,C,C,48.5,Rare,False,False,0,bbref_war
landrbi01,landrbi01,Bill Landrum,Big Hair Era (1977-1993),1989,1989,1986,1993,PIT,PIT,RP,268,2,58,361.3333333333333,18,15,218,124,18.0,3.95,5.56,3.03,0.4,3.16,115.37,32.5,41.5,61.2,60.0,3.2,89.7,54.3,C-,B-,B-,F,C,48.4,Rare,False,False,0,bbref_war
andujjo01,andujjo01,Joaquin Andujar,Big Hair Era (1977-1993),1983,1982,1976,1988,HOU,HOU,SP,405,305,9,2153.0,127,118,1032,731,155.0,16.71,4.36,2.87,0.63,3.41,104.44,7.08,21.2,65.7,52.9,51.2,63.6,48.9,D-,B,C,C,C,48.3,Rare,True,False,4,bbref_war
castrbi01,castrbi01,Bill Castro,Big Hair Era (1977-1993),1978,1978,1974,1983,MIL,MIL,RP,303,9,45,546.3333333333334,31,26,203,145,36.0,7.38,3.3,2.36,0.54,2.98,147.22,16.96,3.4,80.2,80.7,6.5,74.2,50.8,F,A-,A-,F,C,48.3,Rare,False,False,0,bbref_war
deshaji01,deshaji01,Jim Deshaies,Big Hair Era (1977-1993),1989,1988,1984,1995,HOU,HOU,SP,257,253,0,1525.0,84,95,951,575,179.0,16.46,5.63,3.26,0.93,3.58,103.93,6.21,42.6,54.8,52.6,43.9,31.3,53.3,C-,C,C,C-,C,48.3,Rare,False,False,0,bbref_war
garresc01,garresc01,Scott Garrelts,Big Hair Era (1977-1993),1986,1989,1982,1991,SFG,SFG,RP,352,89,48,959.3333333333334,69,53,703,413,74.0,11.23,6.5,3.65,0.68,3.05,113.84,7.33,57.3,43.7,59.0,17.7,59.1,53.6,C+,C-,C+,F,C,48.3,Rare,True,False,1,bbref_war
hartzpa01,hartzpa01,Paul Hartzell,Big Hair Era (1977-1993),1978,1976,1976,1984,LAA,LAA,SP,170,77,12,703.3333333333334,27,39,237,181,49.0,5.93,3.03,2.32,0.63,3.9,88.43,9.8,1.0,81.5,42.5,74.0,64.4,53.8,F,A-,C-,B,C,48.3,Rare,False,False,0,bbref_war
schulbu01,schulbu01,Buddy Schultz,Big Hair Era (1977-1993),1977,1977,1975,1979,STL,STL,RP,168,3,12,240.0,15,9,193,88,21.0,1.09,7.24,3.3,0.79,3.68,95.22,28.44,69.7,53.6,46.9,3.7,46.9,54.3,B,C,C,F,C,48.2,Rare,False,False,0,bbref_war
lopezau01,lopezau01,Aurelio Lopez,Big Hair Era (1977-1993),1983,1979,1974,1987,DET,DET,RP,459,9,93,910.0,62,36,635,367,102.0,11.38,6.48,3.4,0.96,3.19,122.93,75.61,56.9,50.8,64.9,8.3,27.9,47.1,C+,C,B-,F,C,48.1,Rare,True,False,1,bbref_war
lucasga01,lucasga01,Gary Lucas,Big Hair Era (1977-1993),1984,1981,1980,1987,SDP,SDP,RP,409,18,63,669.0,29,44,410,227,41.0,5.7,5.45,3.12,0.57,2.98,125.95,8.33,39.6,58.8,66.9,5.7,71.0,47.4,D+,C+,B,F,C,48.1,Rare,False,False,0,bbref_war
stanlbo01,stanlbo01,Bob Stanley,Big Hair Era (1977-1993),1980,1982,1977,1989,BOS,BOS,RP,637,85,132,1707.0,115,97,693,471,113.0,22.94,3.34,2.41,0.54,3.33,136.13,19.09,4.1,78.8,73.5,18.2,74.0,50.4,F,B+,B,F,C,48.0,Rare,True,False,2,bbref_war
dayleke01,dayleke01,Ken Dayley,Big Hair Era (1977-1993),1987,1987,1982,1993,STL,STL,RP,385,33,39,573.6666666666666,33,45,406,225,42.0,4.68,6.36,3.45,0.62,3.45,117.56,6.51,55.0,49.4,61.4,4.4,64.9,48.5,C+,C,B-,F,C,47.8,Uncommon,False,False,0,bbref_war
lynched01,lynched01,Ed Lynch,Big Hair Era (1977-1993),1983,1982,1980,1987,NYM,NYM,SP,248,119,8,940.3333333333334,47,54,396,229,89.0,8.4,3.68,2.26,0.83,3.92,87.63,8.18,9.8,83.1,42.0,60.5,42.6,56.8,F,A-,C-,B-,C+,47.8,Uncommon,False,False,0,bbref_war
perezmi01,perezmi01,Mike Perez,Big Hair Era (1977-1993),1993,1992,1990,1997,STL,STL,RP,313,0,22,346.0,24,16,224,120,26.0,4.4,5.83,3.14,0.6,3.06,121.14,,46.0,58.1,63.7,1.3,67.4,46.3,C,C+,B-,F,C,47.8,Uncommon,False,False,0,bbref_war
johnsjo04,johnsjo04,John Henry Johnson,Big Hair Era (1977-1993),1981,1978,1978,1987,TEX,TEX,RP,214,61,9,602.6666666666666,26,33,407,250,60.0,8.38,6.07,3.62,0.92,3.64,128.33,21.86,50.1,44.5,68.4,15.5,32.3,60.3,C,C-,B,F,B-,47.7,Uncommon,False,False,0,bbref_war
ruthvdi01,ruthvdi01,Dick Ruthven,Big Hair Era (1977-1993),1978,1976,1973,1986,PHI,PHI,SP,355,332,1,2109.0,123,127,1145,767,165.0,17.3,4.97,3.08,0.68,3.91,97.62,6.49,31.6,59.9,48.5,46.2,58.8,56.8,D,C+,C,C,C+,47.7,Rare,True,False,2,bbref_war
boskish01,boskish01,Shawn Boskie,Big Hair Era (1977-1993),1993,1990,1990,1998,CHC,CHC,SP,217,132,1,870.3333333333334,49,63,494,292,133.0,2.12,5.04,3.04,1.32,4.92,86.18,9.9,32.6,61.0,41.0,74.9,1.0,52.9,D,B-,C-,B,C,47.6,Uncommon,False,False,0,bbref_war
forscbo01,forscbo01,Bob Forsch,Big Hair Era (1977-1993),1979,1975,1974,1989,STL,STL,SP,498,422,3,2794.6666666666665,168,136,1133,832,216.0,18.01,3.92,2.66,0.67,3.53,107.75,6.64,13.8,71.9,55.0,47.5,59.6,47.3,F,B,C+,C,C,47.6,Uncommon,False,False,0,bbref_war
lollati01,lollati01,Tim Lollar,Big Hair Era (1977-1993),1983,1982,1980,1986,SDP,SDP,SP,199,131,4,906.0,47,52,600,480,93.0,2.84,5.96,4.77,0.92,4.27,86.73,15.41,48.2,12.0,41.4,121.2,32.0,49.4,C,F,C-,S,C,47.6,Uncommon,False,False,0,bbref_war
smithmi03,smithmi03,Mike Smithson,Big Hair Era (1977-1993),1985,1983,1982,1989,MIN,MIN,SP,240,204,2,1356.3333333333333,76,86,731,383,168.0,7.36,4.82,2.53,1.05,4.44,92.29,6.51,28.9,75.4,45.0,46.4,18.6,47.8,D,B+,C,C,C,47.6,Uncommon,False,False,0,bbref_war
thigpbo01,thigpbo01,Bobby Thigpen,Big Hair Era (1977-1993),1989,1990,1986,1994,CHW,CHW,RP,448,0,201,568.6666666666666,31,36,376,238,56.0,8.87,5.91,3.6,0.88,3.0,145.82,,47.4,45.0,79.8,2.7,36.7,45.9,C,C,B+,F,C,47.6,Rare,True,False,1,bbref_war
underto01,underto01,Tom Underwood,Big Hair Era (1977-1993),1979,1979,1974,1984,PHI,PHI,SP,379,203,18,1586.0,86,87,948,662,130.0,12.46,5.19,3.59,0.74,3.8,103.25,8.29,35.2,45.3,52.1,61.4,51.8,50.2,D+,C,C,B-,C,47.5,Uncommon,False,False,0,bbref_war
brusswa01,brusswa01,Warren Brusstar,Big Hair Era (1977-1993),1981,1983,1977,1985,PHI,PHI,RP,340,0,14,484.6666666666667,28,16,273,183,28.0,6.16,5.36,3.25,0.43,2.91,126.02,,38.2,55.0,66.9,3.8,85.7,51.2,D+,C+,B,F,C,47.4,Uncommon,False,False,0,bbref_war
howelke01,howelke01,Ken Howell,Big Hair Era (1977-1993),1987,1989,1984,1990,LAD,LAD,RP,245,54,31,613.3333333333334,38,48,549,275,46.0,3.14,8.06,4.04,0.68,3.95,87.18,20.76,83.5,32.8,41.7,12.8,59.2,56.7,A-,D,C-,F,C+,47.2,Uncommon,False,False,0,bbref_war
aasedo01,aasedo01,Don Aase,Big Hair Era (1977-1993),1980,1980,1977,1990,LAA,LAA,RP,448,91,82,1109.3333333333333,66,60,641,457,89.0,14.46,4.9,3.45,0.69,3.75,137.54,7.05,30.3,49.5,74.4,19.5,57.1,55.7,D,C,B,F,C+,47.1,Uncommon,True,False,1,bbref_war
laddpe01,laddpe01,Pete Ladd,Big Hair Era (1977-1993),1984,1986,1979,1986,MIL,MIL,RP,205,1,39,287.0,17,23,209,96,40.0,1.69,6.55,3.01,1.25,4.14,107.93,91.0,58.2,61.8,55.2,3.5,1.0,55.3,C+,B-,C+,F,C+,47.1,Uncommon,False,False,0,bbref_war
nelsoge01,nelsoge01,Gene Nelson,Big Hair Era (1977-1993),1987,1990,1981,1993,OAK,OAK,RP,493,68,28,1080.0,53,64,655,418,117.0,9.7,5.68,3.37,0.9,3.67,130.3,52.3,43.6,51.7,69.7,10.7,35.1,48.3,C-,C,B,F,C,47.0,Uncommon,False,False,0,bbref_war
innisje01,innisje01,Jeff Innis,Big Hair Era (1977-1993),1990,1991,1987,1993,NYM,NYM,RP,288,1,5,360.0,10,20,192,121,22.0,4.64,4.8,3.03,0.55,3.05,131.23,25.67,28.7,61.4,70.3,2.2,72.8,57.5,D,B-,B,F,C+,46.9,Uncommon,False,False,0,bbref_war
wittbo01,wittbo01,Bobby Witt,Big Hair Era (1977-1993),1993,1990,1986,2001,TEX,TEX,SP,430,397,0,2465.0,142,157,1955,1375,252.0,15.79,6.76,4.23,0.84,4.31,102.8,6.64,61.7,27.1,51.8,47.5,41.0,51.1,B-,D,C,C,C,46.9,Uncommon,False,False,0,bbref_war
figueed01,figueed01,Ed Figueroa,Big Hair Era (1977-1993),1977,1975,1974,1981,NYY,NYY,SP,200,179,1,1309.6666666666667,80,67,571,443,90.0,17.19,4.05,3.02,0.58,3.27,103.94,7.65,16.1,61.5,52.6,56.0,69.6,46.6,F,B-,C,C+,C,46.8,Uncommon,False,False,0,bbref_war
lapoida01,lapoida01,Dave LaPoint,Big Hair Era (1977-1993),1985,1988,1980,1991,STL,STL,SP,294,227,1,1486.6666666666667,80,86,802,559,117.0,11.28,4.91,3.24,0.62,3.69,101.59,6.53,30.5,55.3,51.0,46.6,65.7,46.8,D,C+,C,C,C,46.8,Uncommon,False,False,0,bbref_war
travebi01,travebi01,Bill Travers,Big Hair Era (1977-1993),1977,1976,1974,1983,MIL,MIL,SP,205,168,1,1120.6666666666667,65,71,488,415,134.0,8.45,3.87,3.3,1.08,3.99,94.04,13.11,12.9,53.6,46.1,101.9,15.2,51.3,F,C,C,S,C,46.8,Uncommon,True,False,1,bbref_war
honeyri01,honeyri01,Rick Honeycutt,Big Hair Era (1977-1993),1984,1983,1977,1997,OAK,OAK,RP,797,268,38,2160.0,109,143,1038,657,185.0,17.97,4.0,2.56,0.74,3.34,116.64,6.61,15.2,74.7,60.8,25.1,51.6,54.3,F,B,B-,D,C,46.7,Uncommon,True,False,2,bbref_war
mcdowro01,mcdowro01,Roger McDowell,Big Hair Era (1977-1993),1989,1985,1985,1996,NYM,NYM,RP,723,2,159,1050.0,70,70,524,410,50.0,9.49,4.61,3.39,0.36,2.83,142.15,63.67,25.5,51.1,77.4,4.4,93.0,57.6,D,C,B+,F,C+,46.7,Uncommon,False,False,0,bbref_war
youngcu01,youngcu01,Curt Young,Big Hair Era (1977-1993),1988,1987,1983,1993,OAK,OAK,SP,251,162,0,1107.0,69,53,536,366,147.0,7.51,4.49,2.64,1.11,3.9,99.12,6.63,23.5,72.4,49.4,47.4,11.7,52.8,D-,B,C,C,C,46.7,Uncommon,False,False,0,bbref_war
boevejo01,boevejo01,Joe Boever,Big Hair Era (1977-1993),1991,1994,1985,1996,ATL,ATL,RP,516,0,49,754.3333333333334,34,45,541,343,75.0,6.74,6.15,4.18,0.74,3.28,150.39,,51.4,28.8,82.8,4.3,52.2,52.8,C,D,A-,F,C,46.6,Uncommon,False,False,0,bbref_war
hudsoch02,hudsoch02,Charles Hudson,Big Hair Era (1977-1993),1986,1987,1983,1989,PHI,PHI,SP,208,140,2,1007.6666666666666,50,60,580,361,110.0,7.29,5.18,3.22,0.98,4.14,92.42,7.72,35.1,55.8,45.1,56.6,25.6,56.6,D+,C+,C,C+,C+,46.6,Uncommon,False,False,0,bbref_war
rasmuer01,rasmuer01,Eric Rasmussen,Big Hair Era (1977-1993),1978,1977,1975,1983,STL,STL,SP,238,144,5,1017.6666666666666,50,77,489,309,87.0,6.38,4.36,2.74,0.77,3.78,92.49,6.95,21.2,69.5,45.1,50.1,48.3,53.8,D-,B,C,C,C,46.6,Uncommon,False,False,0,bbref_war
slatoji01,slatoji01,Jim Slaton,Big Hair Era (1977-1993),1977,1976,1971,1986,MIL,MIL,SP,496,360,14,2683.6666666666665,151,158,1191,1004,277.0,17.53,4.11,3.1,0.82,3.7,104.7,8.54,17.1,59.4,53.1,63.5,42.8,50.5,F,C+,C,B-,C,46.6,Uncommon,True,False,1,bbref_war
willifr01,willifr01,Frank Williams,Big Hair Era (1977-1993),1986,1987,1984,1989,SFG,SFG,RP,333,1,8,471.6666666666667,24,14,314,227,23.0,5.67,5.99,4.33,0.44,3.0,151.46,106.33,48.7,24.4,83.4,3.6,85.0,53.6,C,D-,A-,F,C,46.6,Uncommon,False,False,0,bbref_war
robinje01,robinje01,Jeff Robinson,Big Hair Era (1977-1993),1988,1987,1984,1992,SFG,SFG,RP,454,62,39,901.3333333333334,46,57,629,349,75.0,6.19,6.33,3.37,0.71,3.62,106.6,36.83,54.5,51.6,54.3,7.6,55.3,49.0,C,C,C,F,C,46.5,Uncommon,False,False,0,bbref_war
heaveda01,heaveda01,Dave Heaverlo,Big Hair Era (1977-1993),1978,1978,1975,1981,SFG,SFG,RP,356,0,26,537.6666666666666,26,26,288,188,41.0,7.36,4.82,3.15,0.69,3.41,135.06,,29.0,58.0,72.8,4.4,57.9,58.8,D,C+,B,F,C+,46.4,Uncommon,False,False,0,bbref_war
lillide01,lillide01,Derek Lilliquist,Big Hair Era (1977-1993),1993,1992,1989,1996,CLE,CLE,RP,262,52,17,483.6666666666667,25,34,261,134,59.0,4.78,4.87,2.49,1.07,3.99,117.75,14.77,29.8,76.5,61.5,7.1,15.6,51.3,D,B+,B-,F,C,46.4,Uncommon,False,False,0,bbref_war
beattji01,beattji01,Jim Beattie,Big Hair Era (1977-1993),1981,1984,1978,1986,SEA,SEA,SP,203,182,1,1148.6666666666667,52,87,660,461,88.0,16.12,5.12,3.59,0.62,3.88,106.81,6.51,34.1,45.4,54.4,46.4,64.7,52.8,D,C,C,C,C,46.3,Uncommon,False,False,0,bbref_war
frazige01,frazige01,George Frazier,Big Hair Era (1977-1993),1982,1983,1978,1987,STL,STL,RP,415,0,29,675.6666666666666,35,43,449,313,54.0,5.42,5.94,3.66,0.61,3.7,124.78,,47.9,43.3,66.1,5.9,66.6,55.2,C,C-,B,F,C+,46.3,Uncommon,False,False,0,bbref_war
hillesh01,hillesh01,Shawn Hillegas,Big Hair Era (1977-1993),1990,1988,1987,1993,CHW,CHW,RP,181,62,10,515.3333333333334,24,38,332,238,54.0,1.71,5.8,4.16,0.94,4.61,153.32,10.63,45.5,29.3,84.7,15.7,29.9,51.8,C,D,A-,F,C,46.3,Uncommon,False,False,0,bbref_war
renkost01,renkost01,Steve Renko,Big Hair Era (1977-1993),1977,1973,1969,1983,WSH,WSH,SP,451,365,6,2494.0,134,146,1455,1010,248.0,15.36,5.19,3.46,0.89,3.7,105.0,6.85,35.3,49.2,53.3,49.3,35.8,53.3,D+,C,C,C,C,46.3,Uncommon,False,False,0,bbref_war
tidrodi01,tidrodi01,Dick Tidrow,Big Hair Era (1977-1993),1977,1972,1972,1984,NYY,NYY,RP,620,138,55,1746.6666666666667,100,94,975,579,163.0,14.64,4.98,2.91,0.84,3.46,114.54,17.8,31.7,64.7,59.5,18.6,41.4,49.7,D,B-,C+,F,C,46.3,Uncommon,False,False,0,bbref_war
mcculla01,mcculla01,Lance McCullers,Big Hair Era (1977-1993),1988,1986,1985,1992,SDP,SDP,RP,306,9,39,526.3333333333334,28,31,442,252,47.0,5.21,7.56,4.31,0.8,3.25,117.65,49.59,75.1,25.0,61.5,6.2,45.1,51.3,B+,D,B-,F,C,46.2,Uncommon,False,False,0,bbref_war
schatda01,schatda01,Dan Schatzeder,Big Hair Era (1977-1993),1980,1980,1977,1991,WSH,WSH,RP,504,121,10,1317.0,69,68,748,475,128.0,13.04,5.08,3.12,0.75,3.11,117.13,16.91,33.4,58.6,61.1,19.7,50.7,47.8,D,C+,B-,F,C,46.2,Uncommon,False,False,0,bbref_war
humeto01,humeto01,Tom Hume,Big Hair Era (1977-1993),1981,1979,1977,1987,CIN,CIN,RP,543,55,92,1086.0,57,71,536,384,88.0,11.17,4.48,2.79,0.59,3.17,120.44,38.49,23.2,68.0,63.3,9.1,68.6,54.4,D-,B,B-,F,C,46.1,Uncommon,True,False,1,bbref_war
mohorda01,mohorda01,Dale Mohorcic,Big Hair Era (1977-1993),1988,1987,1986,1990,TEX,TEX,RP,254,0,33,363.6666666666667,16,21,174,99,37.0,4.44,4.31,2.45,0.92,3.49,125.88,,20.3,77.7,66.8,3.8,32.9,52.7,D-,B+,B,F,C,46.1,Uncommon,False,False,0,bbref_war
petryda01,petryda01,Dan Petry,Big Hair Era (1977-1993),1982,1982,1979,1991,DET,DET,SP,370,300,1,2080.3333333333335,125,104,1063,852,218.0,19.03,4.65,3.37,0.82,3.49,115.72,6.75,26.1,51.8,60.2,48.4,43.0,44.0,D,C,B-,C,C-,46.1,Uncommon,True,False,1,bbref_war
castibo01,castibo01,Bobby Castillo,Big Hair Era (1977-1993),1980,1982,1977,1985,LAD,LAD,RP,250,59,18,689.0,38,40,434,327,67.0,6.62,5.4,4.13,0.84,3.65,156.62,9.77,38.7,30.0,86.8,18.2,41.6,47.0,D+,D,A,F,C,46.0,Uncommon,False,False,0,bbref_war
monteri01,monteri01,Rich Monteleone,Big Hair Era (1977-1993),1991,1992,1987,1996,NYY,NYY,RP,210,0,0,353.3333333333333,24,17,212,119,43.0,3.19,5.47,2.94,0.88,3.31,114.31,,40.0,63.9,59.3,5.4,36.6,51.7,C-,B-,C+,F,C,46.0,Uncommon,False,False,0,bbref_war
sarmima01,sarmima01,Manny Sarmiento,Big Hair Era (1977-1993),1979,1982,1976,1983,CIN,CIN,RP,228,22,12,513.6666666666666,26,22,283,172,42.0,3.86,4.96,3.01,0.74,3.49,120.94,26.73,31.3,61.7,63.6,10.7,52.5,53.2,D,B-,B-,F,C,46.0,Uncommon,False,False,0,bbref_war
anderal02,anderal02,Allan Anderson,Big Hair Era (1977-1993),1988,1988,1986,1991,MIN,MIN,SP,148,128,0,818.6666666666666,49,54,339,211,87.0,8.48,3.73,2.32,0.96,4.11,95.74,6.58,10.6,81.4,47.2,47.0,28.5,51.6,F,A-,C,C,C,45.9,Uncommon,False,False,0,bbref_war
jonesji02,jonesji02,Jimmy Jones,Big Hair Era (1977-1993),1989,1986,1986,1993,SDP,SDP,SP,153,118,0,755.0,43,39,376,239,72.0,-1.92,4.48,2.76,0.82,4.33,90.26,6.52,23.3,69.0,43.7,46.5,43.7,50.7,D-,B,C-,C,C,45.7,Uncommon,False,False,0,bbref_war
schirca01,schirca01,Calvin Schiraldi,Big Hair Era (1977-1993),1988,1986,1984,1991,NYM,NYM,RP,235,47,21,553.3333333333334,32,39,471,267,62.0,4.97,7.69,4.37,0.99,4.05,113.62,26.72,77.3,23.2,58.9,11.4,24.7,57.5,B+,D-,C+,F,C+,45.7,Uncommon,False,False,0,bbref_war
littema01,littema01,Mark Littell,Big Hair Era (1977-1993),1977,1976,1973,1982,STL,STL,RP,316,19,56,532.0,32,31,466,304,28.0,8.5,8.13,5.07,0.45,3.11,120.92,38.77,84.7,3.5,63.6,6.4,83.8,50.1,A-,F,B-,F,C,45.6,Uncommon,False,False,0,bbref_war
dopsojo01,dopsojo01,John Dopson,Big Hair Era (1977-1993),1991,1989,1985,1994,BOS,BOS,SP,144,119,1,725.3333333333334,30,47,386,264,74.0,6.69,4.83,3.28,0.88,4.14,104.97,6.65,29.1,54.1,53.2,47.6,36.3,49.1,D,C,C,C,C,45.5,Uncommon,False,False,0,bbref_war
erickro01,erickro01,Roger Erickson,Big Hair Era (1977-1993),1980,1980,1978,1983,MIN,MIN,SP,135,117,1,799.3333333333334,35,53,365,251,68.0,8.1,4.11,2.83,0.77,4.13,99.04,6.57,17.0,67.1,49.4,46.9,49.3,52.8,F,B,C,C,C,45.5,Uncommon,False,False,0,bbref_war
moffira01,moffira01,Randy Moffitt,Big Hair Era (1977-1993),1977,1973,1972,1983,SFG,SFG,RP,534,1,96,781.3333333333334,43,52,455,286,61.0,7.82,5.48,3.41,0.63,3.1,122.6,,40.0,50.4,64.7,3.7,64.4,56.0,C-,C,B-,F,C+,45.4,Uncommon,False,False,0,bbref_war
willimi02,willimi02,Mitch Williams,Big Hair Era (1977-1993),1990,1991,1986,1997,TEX,TEX,RP,619,3,192,691.3333333333334,45,58,660,544,49.0,9.24,8.71,6.82,0.63,3.27,117.69,70.92,94.5,1.0,61.5,1.5,63.7,55.3,A,F,B-,F,C+,45.4,Uncommon,True,False,1,bbref_war
tibbsja01,tibbsja01,Jay Tibbs,Big Hair Era (1977-1993),1987,1984,1984,1990,BAL,BAL,SP,158,133,0,862.6666666666666,39,54,448,319,68.0,5.41,4.67,3.33,0.71,4.2,103.2,6.55,26.5,52.8,52.1,46.7,55.4,51.9,D,C,C,C,C,45.2,Uncommon,False,False,0,bbref_war
aquinlu01,aquinlu01,Luis Aquino,Big Hair Era (1977-1993),1991,1991,1986,1995,KCR,KCR,RP,222,69,5,678.3333333333334,31,32,318,224,45.0,11.5,4.14,3.0,0.53,3.53,118.81,15.79,17.5,62.2,62.2,20.7,74.7,56.3,F,B-,B-,D-,C+,45.1,Uncommon,False,False,0,bbref_war
smithpe02,smithpe02,Pete Smith,Big Hair Era (1977-1993),1992,1988,1987,1998,ATL,ATL,SP,231,163,1,1025.6666666666667,47,71,640,404,126.0,7.1,5.56,3.65,0.99,4.2,100.98,6.6,41.4,43.6,50.6,47.2,24.5,58.2,C-,C-,C,C,C+,45.1,Uncommon,False,False,0,bbref_war
lancale01,lancale01,Les Lancaster,Big Hair Era (1977-1993),1990,1989,1987,1993,CHC,CHC,RP,323,39,22,703.6666666666666,41,28,408,261,60.0,7.05,5.22,3.34,0.77,4.05,122.72,30.98,35.7,52.5,64.8,10.0,49.1,56.8,D+,C,B-,F,C+,45.0,Uncommon,False,False,0,bbref_war
masonro01,masonro01,Roger Mason,Big Hair Era (1977-1993),1989,1993,1984,1994,SFG,SFG,RP,232,23,13,416.3333333333333,22,35,286,161,42.0,2.11,6.27,3.29,0.87,3.82,98.78,7.38,53.5,54.0,49.2,6.2,37.7,56.8,C,C,C,F,C+,44.8,Uncommon,False,False,0,bbref_war
powerte01,powerte01,Ted Power,Big Hair Era (1977-1993),1986,1984,1981,1993,CIN,CIN,RP,564,85,70,1160.0,68,69,701,452,97.0,9.88,5.73,3.58,0.75,3.5,120.41,8.69,44.3,45.8,63.3,8.2,51.3,52.4,C-,C,B-,F,C,44.8,Uncommon,False,False,0,bbref_war
wilsotr01,wilsotr01,Trevor Wilson,Big Hair Era (1977-1993),1991,1991,1988,1998,SFG,SFG,SP,169,115,0,728.0,41,46,431,305,61.0,3.45,5.38,3.78,0.67,3.78,100.57,6.63,38.4,40.1,50.4,47.4,59.3,49.5,D+,C-,C,C,C,44.8,Uncommon,False,False,0,bbref_war
grantma01,grantma01,Mark Grant,Big Hair Era (1977-1993),1989,1989,1984,1993,SDP,SDP,RP,233,58,8,638.6666666666666,22,32,382,235,72.0,3.16,5.38,3.32,1.02,4.12,121.11,24.97,38.5,53.0,63.7,13.9,22.0,53.1,D+,C,B-,F,C,44.6,Uncommon,False,False,0,bbref_war
mcclubo01,mcclubo01,Bob McClure,Big Hair Era (1977-1993),1984,1977,1975,1993,MIL,MIL,RP,698,73,52,1158.6666666666667,68,57,701,497,104.0,9.67,5.61,3.62,0.56,3.32,120.37,37.19,42.3,44.5,63.2,5.7,72.1,52.0,C-,C-,B-,F,C,44.6,Uncommon,False,False,0,bbref_war
leallu01,leallu01,Luis Leal,Big Hair Era (1977-1993),1982,1982,1980,1985,TOR,TOR,SP,165,151,1,946.0,51,58,491,320,101.0,10.56,4.67,3.04,0.96,4.14,99.69,6.12,26.5,60.9,49.8,43.2,28.0,46.8,D,B-,C,C-,C,44.5,Uncommon,False,False,0,bbref_war
harkemi01,harkemi01,Mike Harkey,Big Hair Era (1977-1993),1992,1990,1988,1997,CHC,CHC,SP,131,104,0,656.0,36,36,316,225,75.0,7.09,4.49,3.28,1.05,4.24,114.22,6.15,23.5,54.1,59.2,43.4,18.6,56.2,D-,C,C+,C-,C+,44.4,Uncommon,False,False,0,bbref_war
hibbagr01,hibbagr01,Greg Hibbard,Big Hair Era (1977-1993),1992,1990,1989,1994,CHW,CHW,SP,165,158,1,990.0,57,50,408,288,86.0,5.48,3.71,2.62,0.78,4.05,98.96,6.21,10.3,73.0,49.3,43.9,47.5,46.6,F,B,C,C-,C,44.4,Uncommon,False,False,0,bbref_war
willica01,willica01,Carl Willis,Big Hair Era (1977-1993),1991,1992,1984,1995,MIN,MIN,RP,267,2,13,390.0,22,16,222,115,28.0,4.07,5.08,2.78,0.54,3.72,96.58,12.83,33.4,68.3,47.8,4.6,74.0,51.7,D,B,C,F,C,44.4,Uncommon,False,False,0,bbref_war
farrejo03,farrejo03,John Farrell,Big Hair Era (1977-1993),1990,1989,1987,1996,CLE,CLE,SP,116,109,0,698.6666666666666,36,46,355,250,72.0,8.01,4.59,3.05,0.74,4.14,93.49,5.76,25.1,60.7,45.8,40.1,52.1,56.3,D,B-,C,C-,C+,44.3,Uncommon,False,False,0,bbref_war
mintogr01,mintogr01,Greg Minton,Big Hair Era (1977-1993),1982,1982,1975,1990,SFG,SFG,RP,710,7,150,1130.6666666666667,59,65,479,483,43.0,16.73,3.85,3.54,0.27,2.63,150.12,124.33,12.6,46.9,82.6,5.0,103.0,58.1,F,C,A-,F,C+,44.3,Uncommon,True,False,1,bbref_war
campri01,campri01,Rick Camp,Big Hair Era (1977-1993),1981,1980,1976,1985,ATL,ATL,RP,414,65,57,942.3333333333334,56,49,407,336,72.0,13.89,3.94,3.06,0.72,3.24,134.83,10.71,14.2,60.5,72.6,11.4,54.6,58.3,F,B-,B,F,C+,44.2,Uncommon,False,False,0,bbref_war
guettle01,guettle01,Lee Guetterman,Big Hair Era (1977-1993),1989,1989,1984,1996,NYY,NYY,RP,425,23,25,658.3333333333334,38,36,287,222,52.0,7.37,3.91,2.65,0.63,3.41,119.84,13.5,13.6,71.9,62.9,6.1,64.5,54.3,F,B,B-,F,C,44.0,Uncommon,False,False,0,bbref_war
heatone01,heatone01,Neal Heaton,Big Hair Era (1977-1993),1987,1986,1982,1993,CLE,CLE,SP,382,202,10,1507.0,80,96,699,524,163.0,10.36,4.3,2.97,0.95,4.1,92.61,7.13,20.2,62.9,45.2,51.6,28.7,55.8,D-,B-,C,C,C+,44.0,Uncommon,True,False,1,bbref_war
abbotgl01,abbotgl01,Glenn Abbott,Big Hair Era (1977-1993),1979,1983,1973,1984,SEA,SEA,SP,248,206,0,1286.0,62,83,484,352,162.0,8.02,3.27,2.31,1.12,4.1,104.68,6.23,2.9,81.6,53.0,44.1,10.9,47.8,F,A-,C,C-,C,43.9,Uncommon,False,False,0,bbref_war
lacosmi01,lacosmi01,Mike LaCoss,Big Hair Era (1977-1993),1987,1979,1978,1991,SFG,SFG,SP,415,243,12,1739.6666666666667,98,103,783,725,99.0,7.4,4.43,3.75,0.45,3.53,100.23,7.94,22.5,41.0,50.1,58.4,84.0,51.7,D-,C-,C,C+,C,43.9,Uncommon,True,False,1,bbref_war
pooleji02,pooleji02,Jim Poole,Big Hair Era (1977-1993),1993,1993,1990,2000,CLE,CLE,RP,431,0,4,363.0,22,12,256,156,41.0,3.72,6.55,3.85,0.78,3.11,115.15,,58.1,38.1,59.8,1.0,48.1,46.6,C+,D+,C+,F,C,43.9,Uncommon,False,False,0,bbref_war
carmado01,carmado01,Don Carman,Big Hair Era (1977-1993),1986,1986,1983,1992,PHI,PHI,RP,342,102,11,921.6666666666666,53,54,598,378,115.0,9.6,6.15,3.26,1.01,3.78,87.26,7.31,51.4,54.9,41.7,18.2,22.5,58.3,C,C,C-,F,C+,43.8,Uncommon,False,False,0,bbref_war
freemma02,freemma02,Marvin Freeman,Big Hair Era (1977-1993),1992,1994,1986,1996,PHI,PHI,RP,221,78,5,593.6666666666666,35,28,383,249,63.0,7.47,5.42,3.43,1.05,4.44,117.67,5.07,39.0,50.1,61.5,15.8,18.0,57.8,D+,C,B-,F,C+,43.8,Uncommon,False,False,0,bbref_war
troutst01,troutst01,Steve Trout,Big Hair Era (1977-1993),1984,1984,1978,1989,CHW,CHW,SP,301,236,4,1501.3333333333333,88,92,656,578,90.0,15.6,3.89,3.38,0.49,3.84,106.21,6.67,13.3,51.4,54.0,47.8,79.8,57.2,F,C,C,C,C+,43.7,Uncommon,False,False,0,bbref_war
nabhoch01,nabhoch01,Chris Nabholz,Big Hair Era (1977-1993),1992,1992,1990,1995,WSH,WSH,SP,141,100,0,611.6666666666666,37,35,405,278,41.0,6.06,5.96,4.09,0.6,3.94,95.45,5.77,48.2,31.2,47.0,40.2,67.0,52.2,C,D,C,C-,C,43.6,Uncommon,False,False,0,bbref_war
norrimi01,norrimi01,Mike Norris,Big Hair Era (1977-1993),1980,1980,1975,1990,OAK,OAK,SP,201,157,0,1124.3333333333333,58,59,636,499,108.0,9.43,5.24,3.59,0.79,3.51,90.96,6.97,36.0,45.5,44.1,50.3,47.1,47.0,D+,C,C-,C,C,43.6,Uncommon,True,False,1,bbref_war
shirlbo01,shirlbo01,Bob Shirley,Big Hair Era (1977-1993),1980,1985,1977,1987,NYY,NYY,RP,434,162,18,1432.0,67,94,790,543,127.0,11.4,5.11,3.37,0.73,3.47,107.9,10.23,34.0,51.7,55.1,19.9,53.2,55.1,D,C,C+,F,C+,43.6,Uncommon,False,False,0,bbref_war
thomaro02,thomaro02,Roy Thomas,Big Hair Era (1977-1993),1980,1985,1977,1987,SEA,SEA,RP,182,13,7,419.3333333333333,20,11,289,196,33.0,4.11,6.01,3.87,0.61,3.63,111.44,17.39,49.1,37.4,57.4,11.0,66.4,52.4,C,D+,C+,F,C,43.6,Uncommon,False,False,0,bbref_war
keougma02,keougma02,Matt Keough,Big Hair Era (1977-1993),1980,1980,1977,1986,OAK,OAK,SP,215,175,0,1190.0,58,84,590,510,132.0,8.68,4.71,3.66,0.77,3.68,98.43,7.7,27.1,43.5,49.0,56.5,49.2,53.4,D,C-,C,C+,C,43.5,Uncommon,True,False,1,bbref_war
ackerji01,ackerji01,Jim Acker,Big Hair Era (1977-1993),1986,1989,1983,1992,TOR,TOR,RP,467,32,30,904.3333333333334,33,49,482,329,82.0,6.29,4.87,3.23,0.68,3.73,117.77,17.23,29.8,55.5,61.6,8.4,58.8,50.2,D,C+,B-,F,C,43.4,Uncommon,False,False,0,bbref_war
bordiri01,bordiri01,Rich Bordi,Big Hair Era (1977-1993),1984,1985,1980,1988,OAK,OAK,RP,173,17,10,371.3333333333333,20,20,247,121,42.0,2.64,5.92,2.99,0.86,3.85,85.02,36.15,47.5,62.5,40.3,10.0,39.2,47.9,C,B-,C-,F,C,43.4,Uncommon,False,False,0,bbref_war
carpecr01,carpecr01,Cris Carpenter,Big Hair Era (1977-1993),1992,1992,1988,1996,STL,STL,RP,291,13,7,414.3333333333333,27,22,252,131,38.0,2.44,5.6,2.99,0.86,3.8,99.61,13.6,42.1,62.3,49.7,2.6,39.1,49.8,C-,B-,C,F,C,43.4,Uncommon,False,False,0,bbref_war
cerutjo01,cerutjo01,John Cerutti,Big Hair Era (1977-1993),1988,1989,1985,1991,TOR,TOR,SP,229,116,4,861.0,49,43,398,291,119.0,6.89,4.16,3.04,1.24,3.94,101.53,7.89,17.9,60.9,51.0,58.0,1.0,45.0,F,B-,C,C+,C,43.4,Uncommon,False,False,0,bbref_war
leach01,leach01,Charlie Lea,Big Hair Era (1977-1993),1983,1984,1980,1988,WSH,WSH,SP,152,144,0,923.3333333333334,62,48,535,341,79.0,8.4,5.21,3.32,0.77,3.54,88.45,5.54,35.6,53.0,42.5,38.3,48.8,49.2,D+,C,C-,D+,C,43.4,Uncommon,True,False,1,bbref_war
jonesod01,jonesod01,Odell Jones,Big Hair Era (1977-1993),1983,1981,1975,1988,PIT,PIT,RP,201,45,13,549.3333333333334,24,35,338,213,56.0,3.07,5.58,3.46,0.73,3.6,107.11,18.71,41.8,49.1,54.6,10.8,53.7,51.6,C-,C,C,F,C,43.3,Uncommon,False,False,0,bbref_war
crimch01,crimch01,Chuck Crim,Big Hair Era (1977-1993),1990,1989,1987,1994,MIL,MIL,RP,449,6,45,696.3333333333334,47,43,334,209,71.0,7.38,4.49,2.66,0.89,3.63,109.9,45.17,23.4,71.8,56.4,4.8,36.1,56.0,D-,B,C+,F,C+,43.2,Uncommon,False,False,0,bbref_war
dawlebi01,dawlebi01,Bill Dawley,Big Hair Era (1977-1993),1986,1984,1983,1989,HOU,HOU,RP,275,0,25,470.6666666666667,27,30,292,166,49.0,5.67,5.58,3.17,0.94,3.42,105.72,,41.9,57.2,53.7,6.1,30.6,51.3,C-,C+,C,F,C,43.2,Uncommon,True,False,1,bbref_war
laskebi01,laskebi01,Bill Laskey,Big Hair Era (1977-1993),1984,1982,1982,1988,SFG,SFG,SP,159,116,2,745.3333333333334,42,53,325,210,76.0,5.23,3.92,2.54,0.92,4.14,85.39,5.96,13.9,75.3,40.5,41.8,32.7,58.3,F,B+,C-,C-,C+,43.2,Uncommon,False,False,0,bbref_war
lerchra01,lerchra01,Randy Lerch,Big Hair Era (1977-1993),1979,1979,1975,1986,PHI,PHI,SP,253,164,3,1099.3333333333333,60,64,507,432,101.0,0.68,4.15,3.38,0.74,4.15,88.17,9.07,17.7,51.4,42.3,67.9,52.1,50.2,F,C,C-,B,C,43.2,Uncommon,False,False,0,bbref_war
spillda01,spillda01,Dan Spillner,Big Hair Era (1977-1993),1981,1982,1974,1985,CLE,CLE,RP,556,123,50,1492.6666666666667,75,89,878,605,134.0,11.66,5.54,3.55,0.72,3.82,109.05,17.02,41.1,46.4,55.9,11.5,54.5,57.9,C-,C,C+,F,C+,43.2,Uncommon,False,False,0,bbref_war
allenne01,allenne01,Neil Allen,Big Hair Era (1977-1993),1982,1982,1979,1989,NYM,NYM,RP,434,59,75,988.3333333333334,58,70,611,417,73.0,8.47,5.85,3.7,0.66,3.66,106.32,23.27,46.4,42.2,54.1,11.6,60.6,53.7,C,C-,C,F,C,43.1,Uncommon,False,False,0,bbref_war
jeffcmi01,jeffcmi01,Mike Jeffcoat,Big Hair Era (1977-1993),1989,1984,1983,1994,TEX,TEX,RP,255,45,7,500.0,25,26,242,149,49.0,4.08,4.47,2.62,0.82,3.96,102.2,27.7,23.1,72.8,51.4,7.8,43.8,56.5,D-,B,C,F,C+,43.0,Uncommon,False,False,0,bbref_war
tobikda01,tobikda01,Dave Tobik,Big Hair Era (1977-1993),1981,1981,1978,1985,DET,DET,RP,196,2,28,396.0,14,23,256,153,44.0,3.88,5.77,3.49,0.98,3.65,113.07,79.83,45.0,48.3,58.5,9.0,26.2,47.7,C,C,C+,F,C,43.0,Uncommon,False,False,0,bbref_war
jeffeje01,jeffeje01,Jesse Jefferson,Big Hair Era (1977-1993),1978,1978,1973,1981,TOR,TOR,SP,237,144,1,1085.6666666666667,39,81,522,520,118.0,3.65,4.29,4.21,0.97,4.63,106.69,11.65,20.1,27.7,54.3,89.6,27.4,51.1,D-,D,C,A,C,42.9,Uncommon,False,False,0,bbref_war
armstja01,armstja01,Jack Armstrong,Big Hair Era (1977-1993),1991,1990,1988,1994,CIN,CIN,SP,152,130,0,786.6666666666666,40,65,510,319,102.0,2.39,5.83,3.65,1.17,4.58,92.16,5.79,46.1,43.7,44.9,40.4,5.5,53.6,C,C-,C-,C-,C,42.7,Uncommon,True,False,1,bbref_war
holtobr01,holtobr01,Brian Holton,Big Hair Era (1977-1993),1988,1988,1985,1990,LAD,LAD,RP,185,16,3,370.6666666666667,20,19,210,125,31.0,2.19,5.1,3.04,0.75,3.62,100.47,33.71,33.7,61.1,50.3,8.6,50.7,52.9,D,B-,C,F,C,42.7,Uncommon,False,False,0,bbref_war
kraveke01,kraveke01,Ken Kravec,Big Hair Era (1977-1993),1978,1979,1975,1982,CHW,CHW,SP,160,128,1,858.6666666666666,43,56,557,404,78.0,7.37,6.02,4.17,0.75,4.2,83.74,7.16,49.3,29.0,39.4,51.9,50.7,59.6,C,D,D+,C,C+,42.7,Uncommon,False,False,0,bbref_war
berenbr01,berenbr01,Bruce Berenyi,Big Hair Era (1977-1993),1983,1982,1980,1986,CIN,CIN,SP,142,131,0,781.6666666666666,44,55,607,425,32.0,5.29,6.99,4.89,0.37,4.03,89.96,5.6,65.5,8.5,43.5,38.8,92.6,54.9,B,F,C-,D+,C,42.6,Uncommon,False,False,0,bbref_war
dotsori01,dotsori01,Richard Dotson,Big Hair Era (1977-1993),1983,1983,1979,1990,CHW,CHW,SP,305,295,0,1857.3333333333333,111,113,973,740,194.0,17.12,4.75,3.65,0.88,3.86,105.17,6.51,27.9,43.6,53.4,46.4,37.0,50.2,D,C-,C,C,C,42.5,Uncommon,True,False,1,bbref_war
falcope01,falcope01,Pete Falcone,Big Hair Era (1977-1993),1981,1976,1975,1984,NYM,NYM,SP,325,217,7,1435.3333333333333,70,90,865,671,152.0,12.85,5.45,4.2,0.9,3.73,103.29,7.31,39.6,28.0,52.1,53.1,34.5,57.4,D+,D,C,C,C+,42.5,Uncommon,False,False,0,bbref_war
redfepe01,redfepe01,Pete Redfern,Big Hair Era (1977-1993),1979,1979,1976,1982,MIN,MIN,SP,170,111,3,714.0,42,48,426,306,68.0,1.54,5.37,3.86,0.86,4.54,89.51,7.55,38.3,37.8,43.2,55.2,39.3,49.4,D+,D+,C-,C+,C,42.5,Uncommon,False,False,0,bbref_war
burnsto02,burnsto02,Todd Burns,Big Hair Era (1977-1993),1990,1989,1988,1993,OAK,OAK,RP,203,33,13,489.6666666666667,21,23,252,175,43.0,5.59,4.63,3.22,0.79,3.47,117.66,24.85,25.8,56.0,61.5,12.0,46.6,49.1,D,C+,B-,F,C,42.4,Uncommon,False,False,0,bbref_war
espinni01,espinni01,Nino Espinosa,Big Hair Era (1977-1993),1977,1977,1974,1981,NYM,NYM,SP,140,126,0,820.3333333333334,44,55,338,252,85.0,4.26,3.81,2.75,0.89,3.97,82.18,7.23,12.0,69.2,38.4,52.5,35.4,51.9,F,B,D+,C,C,42.1,Uncommon,False,False,0,bbref_war
hausmto01,hausmto01,Tom Hausman,Big Hair Era (1977-1993),1979,1979,1975,1982,NYM,NYM,RP,160,33,3,441.0,15,23,180,121,37.0,3.34,3.67,2.47,0.76,3.8,101.37,13.99,9.7,77.2,50.9,14.9,50.4,57.2,F,B+,C,F,C+,42.1,Uncommon,False,False,0,bbref_war
stclara01,st.clra01,Randy St. Claire,Big Hair Era (1977-1993),1987,1987,1984,1994,WSH,WSH,RP,162,0,9,252.0,12,6,160,93,28.0,0.99,5.66,3.18,0.9,4.13,96.64,,43.1,56.9,47.8,5.1,34.2,53.9,C-,C+,C,F,C,42.1,Uncommon,False,False,0,bbref_war
bautijo01,bautijo01,Jose Bautista,Big Hair Era (1977-1993),1991,1993,1988,1997,BAL,BAL,RP,312,49,3,685.6666666666666,32,42,328,171,106.0,3.55,4.4,2.21,1.25,4.07,93.09,25.07,21.8,84.4,45.5,11.3,1.0,46.9,D-,A-,C,F,C,42.0,Uncommon,False,False,0,bbref_war
frohwto01,frohwto01,Todd Frohwirth,Big Hair Era (1977-1993),1990,1991,1987,1996,PHI,PHI,RP,284,0,11,417.6666666666667,20,19,259,172,23.0,7.21,5.72,3.53,0.44,2.99,95.26,,44.2,47.2,46.9,4.3,84.4,51.1,C-,C,C,F,C,42.0,Uncommon,False,False,0,bbref_war
laceybo01,laceybo01,Bob Lacey,Big Hair Era (1977-1993),1980,1977,1977,1984,OAK,OAK,RP,284,2,22,450.6666666666667,20,29,251,139,49.0,4.12,5.01,2.78,0.98,3.67,96.64,65.33,32.2,68.5,47.8,5.1,26.0,55.7,D,B,C,F,C+,42.0,Uncommon,False,False,0,bbref_war
wilsost01,wilsost01,Steve Wilson,Big Hair Era (1977-1993),1990,1990,1988,1993,LAD,LAD,RP,205,23,6,345.3333333333333,13,18,252,130,33.0,2.19,6.57,3.39,0.86,4.4,77.11,9.99,58.4,51.1,35.1,5.9,39.0,59.3,C+,C,D+,F,C+,42.0,Uncommon,False,False,0,bbref_war
reedje01,reedje01,Jerry Reed,Big Hair Era (1977-1993),1987,1987,1981,1990,SEA,SEA,RP,238,12,18,479.3333333333333,20,19,248,172,47.0,5.54,4.61,3.12,0.85,3.75,113.5,46.16,25.4,58.8,58.8,8.5,39.7,55.4,D,C+,C+,F,C+,41.8,Uncommon,False,False,0,bbref_war
rodriri02,rodriri02,Rich Rodriguez,Big Hair Era (1977-1993),1993,1992,1990,2003,SDP,SDP,RP,609,2,8,640.6666666666666,31,22,396,261,62.0,5.82,5.39,3.56,0.86,3.41,120.45,85.5,38.6,46.1,63.3,1.2,39.2,53.1,D+,C,B-,F,C,41.8,Uncommon,False,False,0,bbref_war
garvije01,garvije01,Jerry Garvin,Big Hair Era (1977-1993),1980,1977,1977,1982,TOR,TOR,RP,196,65,8,606.0,20,41,320,219,74.0,7.16,4.75,3.25,1.1,4.43,116.15,12.85,27.9,55.0,60.5,17.7,12.9,51.9,D,C+,B-,F,C,41.7,Uncommon,False,False,0,bbref_war
vandeed01,vandeed01,Ed Vande Berg,Big Hair Era (1977-1993),1985,1982,1982,1988,SEA,SEA,RP,413,17,22,519.0,25,28,314,200,52.0,6.55,5.45,3.47,0.9,3.92,113.59,7.67,39.5,48.9,58.8,2.3,34.4,57.1,D+,C,C+,F,C+,41.7,Uncommon,False,False,0,bbref_war
nippeal01,nippeal01,Al Nipper,Big Hair Era (1977-1993),1986,1984,1983,1990,BOS,BOS,SP,144,124,1,797.6666666666666,46,50,381,303,97.0,5.53,4.3,3.42,1.09,4.52,107.41,6.5,20.2,50.3,54.8,46.3,13.4,54.0,D-,C,C,C,C,41.6,Uncommon,False,False,0,bbref_war
hickebr01,hickebr01,Bryan Hickerson,Big Hair Era (1977-1993),1993,1992,1991,1995,SFG,SFG,RP,209,36,2,404.3333333333333,21,21,279,143,52.0,-1.36,6.21,3.18,1.16,4.72,85.35,27.68,52.4,56.9,40.5,8.0,6.5,49.8,C,C+,C-,F,C,41.5,Uncommon,False,False,0,bbref_war
milledy01,milledy01,Dyar Miller,Big Hair Era (1977-1993),1978,1978,1975,1981,LAA,LAA,RP,251,1,22,465.3333333333333,23,17,235,177,35.0,6.59,4.55,3.42,0.68,3.23,122.08,50.67,24.4,50.1,64.4,7.3,59.0,53.9,D-,C,B-,F,C,41.5,Uncommon,False,False,0,bbref_war
terrewa01,terrewa01,Walt Terrell,Big Hair Era (1977-1993),1986,1987,1982,1992,DET,DET,SP,321,294,0,1986.6666666666667,111,124,929,748,187.0,12.02,4.32,3.56,0.79,3.99,100.12,6.75,20.6,46.3,50.1,48.4,47.0,50.9,D-,C,C,C,C,41.4,Uncommon,False,False,0,bbref_war
barrifr01,barrifr01,Francisco Barrios,Big Hair Era (1977-1993),1978,1977,1974,1981,CHW,CHW,SP,129,102,3,718.0,38,38,323,246,64.0,8.38,4.05,3.08,0.8,4.15,83.92,6.77,16.0,59.8,39.6,48.6,45.3,57.4,F,C+,D+,C,C+,41.3,Uncommon,False,False,0,bbref_war
sanchlu01,sanchlu01,Luis Sanchez,Big Hair Era (1977-1993),1983,1983,1981,1985,LAA,LAA,RP,194,1,27,369.6666666666667,28,21,216,145,32.0,3.89,5.26,3.53,0.78,3.75,111.1,98.33,36.4,47.1,57.2,7.7,47.8,50.8,D+,C,C+,F,C,41.3,Uncommon,False,False,0,bbref_war
terrysc01,terrysc01,Scott Terry,Big Hair Era (1977-1993),1988,1988,1986,1991,STL,STL,RP,236,40,8,499.3333333333333,24,28,262,176,35.0,2.08,4.72,3.17,0.63,3.73,103.93,18.13,27.3,57.2,52.6,9.5,64.0,48.5,D,C+,C,F,C,41.3,Uncommon,False,False,0,bbref_war
agostju01,agostju01,Juan Agosto,Big Hair Era (1977-1993),1987,1988,1981,1993,CHW,CHW,RP,543,2,29,626.3333333333334,40,33,307,248,30.0,5.44,4.56,3.57,0.42,3.27,123.19,,24.7,46.1,65.1,1.3,87.2,52.5,D-,C,B,F,C,41.2,Uncommon,False,False,0,bbref_war
tomlida01,tomlida01,Dave Tomlin,Big Hair Era (1977-1993),1977,1977,1972,1986,CIN,CIN,RP,409,1,12,511.3333333333333,25,12,278,198,32.0,3.28,4.94,3.18,0.45,3.18,95.41,73.0,31.0,57.2,47.0,2.5,83.3,56.5,D,C+,C,F,C+,41.2,Uncommon,False,False,0,bbref_war
edensto01,edensto01,Tom Edens,Big Hair Era (1977-1993),1992,1992,1987,1995,MIN,MIN,RP,182,14,6,312.3333333333333,19,12,182,123,20.0,2.39,5.24,3.54,0.58,3.86,106.28,8.11,36.1,46.7,54.1,6.2,70.0,49.4,D+,C,C,F,C,41.1,Uncommon,False,False,0,bbref_war
waynega01,waynega01,Gary Wayne,Big Hair Era (1977-1993),1992,1989,1989,1994,MIN,MIN,RP,231,0,4,249.66666666666666,14,14,164,104,22.0,2.32,5.91,3.75,0.79,3.93,108.09,,47.4,40.9,55.3,1.0,46.3,53.2,C,C-,C+,F,C,41.0,Uncommon,False,False,0,bbref_war
willsfr01,willsfr01,Frank Wills,Big Hair Era (1977-1993),1987,1989,1983,1991,TOR,TOR,RP,154,35,6,435.6666666666667,22,26,281,198,50.0,0.78,6.19,3.65,0.88,4.52,88.89,14.66,52.0,43.7,42.8,12.3,37.3,51.7,C,C-,C-,F,C,40.9,Uncommon,False,False,0,bbref_war
rainech01,rainech01,Chuck Rainey,Big Hair Era (1977-1993),1982,1979,1979,1984,BOS,BOS,SP,141,106,2,669.6666666666666,43,35,300,287,53.0,1.78,4.03,3.86,0.71,4.5,99.01,8.56,15.7,37.8,49.4,63.7,55.1,52.4,F,D+,C,B-,C,40.7,Uncommon,False,False,0,bbref_war
thurmma01,thurmma01,Mark Thurmond,Big Hair Era (1977-1993),1986,1984,1983,1990,SDP,SDP,RP,314,97,21,837.6666666666666,40,46,320,262,69.0,5.18,3.43,2.77,0.7,3.6,112.75,14.0,5.6,68.6,58.3,15.4,56.9,48.3,F,B,C+,F,C,40.7,Uncommon,False,False,0,bbref_war
stantmi01,stantmi01,Mike Stanton,Big Hair Era (1977-1993),1982,1983,1975,1985,SEA,SEA,RP,277,3,31,384.3333333333333,13,22,304,182,27.0,1.19,7.12,4.26,0.63,4.61,88.14,40.0,67.7,26.4,42.3,3.4,63.8,56.9,B,D,C-,F,C+,40.6,Uncommon,False,False,0,bbref_war
farmeed01,farmeed01,Ed Farmer,Big Hair Era (1977-1993),1978,1980,1971,1983,CHW,CHW,RP,370,21,75,624.0,30,43,395,345,52.0,3.86,5.4,4.62,0.67,3.82,144.68,17.26,38.8,16.1,79.0,7.1,59.7,50.9,D+,F,B+,F,C,40.1,Uncommon,True,False,1,bbref_war
hortori01,hortori01,Ricky Horton,Big Hair Era (1977-1993),1987,1986,1984,1990,STL,STL,RP,325,53,15,673.3333333333334,32,27,319,222,55.0,4.87,4.26,2.97,0.74,3.76,103.53,15.17,19.6,63.1,52.3,9.1,52.6,44.6,F,B-,C,F,C-,40.0,Uncommon,False,False,0,bbref_war
atherke01,atherke01,Keith Atherton,Big Hair Era (1977-1993),1986,1983,1983,1989,OAK,OAK,RP,342,0,26,566.3333333333334,33,41,349,215,75.0,4.36,5.55,3.42,1.19,3.99,103.39,,41.2,50.3,52.2,5.6,2.8,52.7,C-,C,C,F,C,39.5,Uncommon,False,False,0,bbref_war
kippebo01,kippebo01,Bob Kipper,Big Hair Era (1977-1993),1989,1989,1985,1992,PIT,PIT,RP,271,45,11,562.0,27,37,369,217,81.0,-0.04,5.7,3.29,1.12,3.95,91.24,24.76,43.9,53.9,44.3,7.1,11.0,47.9,C-,C,C-,F,C,39.5,Uncommon,False,False,0,bbref_war
longbi01,longbi01,Bill Long,Big Hair Era (1977-1993),1988,1987,1985,1991,CHW,CHW,RP,159,52,9,518.6666666666666,27,27,247,140,63.0,2.46,4.29,2.43,1.09,4.37,77.84,8.5,20.0,78.3,35.6,19.1,13.5,49.9,D-,B+,D+,F,C,39.5,Uncommon,False,False,0,bbref_war
gardnwe01,gardnwe01,Wes Gardner,Big Hair Era (1977-1993),1987,1988,1984,1991,BOS,BOS,RP,189,44,14,466.3333333333333,18,30,358,218,52.0,0.83,6.55,4.05,0.99,4.66,91.69,35.51,58.2,32.5,44.6,10.9,24.4,52.8,C+,D,C-,F,C,39.3,Uncommon,False,False,0,bbref_war
hawkian01,hawkian01,Andy Hawkins,Big Hair Era (1977-1993),1986,1985,1982,1991,SDP,SDP,SP,280,249,0,1558.3333333333333,84,91,706,612,152.0,6.33,3.93,3.29,0.83,3.87,92.23,6.19,14.0,54.0,45.0,43.7,42.7,48.0,F,C,C,C-,C,39.3,Uncommon,False,False,0,bbref_war
gleatje01,gleatje01,Jerry Don Gleaton,Big Hair Era (1977-1993),1988,1990,1979,1992,KCR,KCR,RP,307,16,26,447.3333333333333,15,23,265,199,40.0,3.21,5.55,4.0,0.71,3.97,110.62,6.56,41.3,33.8,56.9,4.4,55.0,55.5,C-,D,C+,F,C+,39.2,Uncommon,False,False,0,bbref_war
lacorfr01,lacorfr01,Frank LaCorte,Big Hair Era (1977-1993),1979,1976,1975,1984,ATL,ATL,RP,253,32,26,490.0,23,44,372,258,49.0,0.82,6.82,4.31,0.72,4.37,85.39,12.29,62.7,24.9,40.5,10.2,53.9,59.8,B-,D-,C-,F,C+,39.2,Uncommon,False,False,0,bbref_war
westda01,westda01,David West,Big Hair Era (1977-1993),1993,1994,1988,1998,PHI,PHI,RP,204,78,3,569.3333333333334,31,38,437,311,65.0,4.73,6.89,4.75,0.98,4.15,107.42,5.65,63.9,12.4,54.8,15.5,25.4,54.1,B-,F,C,F,C,39.1,Uncommon,False,False,0,bbref_war
henrydw01,henrydw01,Dwayne Henry,Big Hair Era (1977-1993),1989,1992,1984,1995,TEX,TEX,RP,256,1,14,334.6666666666667,14,15,275,216,26.0,2.16,7.74,5.55,0.58,3.6,100.34,,78.3,1.0,50.2,2.3,69.6,54.6,B+,F,C,F,C,38.9,Common,False,False,0,bbref_war
mirabpa01,mirabpa01,Paul Mirabella,Big Hair Era (1977-1993),1985,1988,1978,1990,MIL,MIL,RP,298,33,13,499.6666666666667,19,29,258,239,43.0,3.61,4.4,4.2,0.73,3.82,146.61,27.07,21.9,28.0,80.3,6.6,53.3,54.6,D-,D,A-,F,C,38.9,Common,False,False,0,bbref_war
glynned01,glynned01,Ed Glynn,Big Hair Era (1977-1993),1979,1979,1975,1985,DET,DET,RP,175,8,12,264.6666666666667,12,17,184,151,26.0,2.13,6.04,4.81,0.84,3.82,134.74,11.89,49.6,10.8,72.6,3.9,41.7,57.4,C,F,B,F,C+,38.8,Common,False,False,0,bbref_war
mongesi01,mongesi01,Sid Monge,Big Hair Era (1977-1993),1979,1979,1975,1984,CLE,CLE,RP,435,17,56,764.0,49,40,471,356,79.0,10.24,5.69,4.15,0.84,3.27,112.03,21.07,43.7,29.5,57.8,7.3,41.2,57.0,C-,D,C+,F,C+,38.8,Uncommon,True,False,1,bbref_war
bailesc01,bailesc01,Scott Bailes,Big Hair Era (1977-1993),1989,1989,1986,1998,CLE,CLE,RP,343,59,13,679.6666666666666,39,44,351,256,89.0,1.81,4.61,3.09,1.1,4.71,100.3,8.9,25.4,59.6,50.2,9.7,12.8,55.4,D,C+,C,F,C+,38.7,Common,False,False,0,bbref_war
jonesba01,jonesba01,Barry Jones,Big Hair Era (1977-1993),1990,1990,1986,1993,CHW,CHW,RP,348,0,23,433.0,33,33,250,194,32.0,3.21,5.13,3.95,0.6,3.44,117.36,,34.2,35.2,61.3,2.1,67.3,47.2,D,D+,B-,F,C,38.7,Common,False,False,0,bbref_war
nolesdi01,nolesdi01,Dickie Noles,Big Hair Era (1977-1993),1983,1987,1979,1990,PHI,PHI,RP,277,96,11,860.3333333333334,36,53,455,338,66.0,1.93,4.89,3.46,0.59,4.3,85.61,20.35,30.1,49.1,40.6,17.1,69.0,54.1,D,C,C-,F,C,38.7,Common,False,False,0,bbref_war
devinad01,devinad01,Adrian Devine,Big Hair Era (1977-1993),1977,1976,1973,1980,ATL,ATL,RP,217,12,31,387.3333333333333,26,22,194,135,34.0,3.05,4.51,3.14,0.79,4.21,94.43,35.44,23.7,58.3,46.4,6.7,46.6,61.9,D-,C+,C,F,B-,38.5,Common,False,False,0,bbref_war
havenbr01,havenbr01,Brad Havens,Big Hair Era (1977-1993),1986,1981,1981,1989,MIN,MIN,RP,205,61,3,590.6666666666666,24,37,370,246,76.0,3.37,5.82,3.67,1.15,4.29,90.08,19.74,45.8,43.2,43.6,14.4,7.7,53.5,C,C-,C-,F,C,38.4,Common,False,False,0,bbref_war
leipeda01,leipeda01,Dave Leiper,Big Hair Era (1977-1993),1988,1995,1984,1996,OAK,OAK,RP,264,0,7,278.0,12,8,150,114,25.0,1.79,4.87,3.74,0.75,3.66,117.98,,29.9,41.3,61.7,1.0,51.3,50.2,D,C-,B-,F,C,38.4,Common,False,False,0,bbref_war
mclaujo01,mclaujo01,Joey McLaughlin,Big Hair Era (1977-1993),1981,1979,1977,1984,TOR,TOR,RP,250,12,36,448.6666666666667,29,28,268,198,46.0,4.61,5.38,3.97,0.92,3.85,114.18,8.28,38.4,34.6,59.2,6.8,32.1,51.9,D+,D,C+,F,C,38.3,Common,False,False,0,bbref_war
scherbi01,scherbi01,Bill Scherrer,Big Hair Era (1977-1993),1985,1983,1982,1988,CIN,CIN,RP,228,2,11,311.3333333333333,8,10,207,140,31.0,1.72,5.98,4.05,0.9,4.08,103.93,8.67,48.6,32.4,52.6,3.2,35.0,53.6,C,D,C,F,C,38.3,Common,False,False,0,bbref_war
ballaje01,ballaje01,Jeff Ballard,Big Hair Era (1977-1993),1990,1989,1987,1994,BAL,BAL,SP,197,118,2,773.3333333333334,41,53,244,229,92.0,-1.27,2.84,2.67,1.07,4.71,80.44,6.91,1.0,71.6,37.3,49.8,16.0,49.7,F,B,D+,C,C,38.2,Common,False,False,0,bbref_war
hasslan01,hasslan01,Andy Hassler,Big Hair Era (1977-1993),1979,1974,1971,1985,LAA,LAA,RP,387,112,29,1123.3333333333333,44,71,630,520,67.0,9.76,4.94,4.18,0.56,3.41,112.18,8.32,31.1,28.6,57.9,17.2,71.7,52.1,D,D,C+,F,C,38.2,Common,False,False,0,bbref_war
boltoto01,boltoto01,Tom Bolton,Big Hair Era (1977-1993),1991,1990,1987,1994,BOS,BOS,RP,209,56,1,540.3333333333334,31,34,336,244,46.0,4.3,5.63,4.03,0.77,4.44,97.64,8.62,42.6,33.0,48.5,13.2,48.3,53.8,C-,D,C,F,C,38.1,Common,False,False,0,bbref_war
ruskisc01,ruskisc01,Scott Ruskin,Big Hair Era (1977-1993),1992,1990,1990,1993,WSH,WSH,RP,192,0,8,193.66666666666666,11,9,146,90,15.0,0.0,6.78,4.18,0.7,3.95,83.0,,62.1,28.6,38.9,1.0,56.8,54.0,B-,D,D+,F,C,38.1,Common,False,False,0,bbref_war
siskdo01,siskdo01,Doug Sisk,Big Hair Era (1977-1993),1986,1984,1982,1991,NYM,NYM,RP,332,0,33,523.3333333333334,22,20,195,267,15.0,5.75,3.39,4.52,0.23,2.87,165.26,,4.8,19.0,92.4,5.0,108.1,56.9,F,F,A,F,C+,38.0,Common,False,False,0,bbref_war
galeri01,galeri01,Rich Gale,Big Hair Era (1977-1993),1981,1978,1978,1984,KCR,KCR,SP,195,144,2,970.0,55,56,518,457,82.0,1.55,4.81,4.24,0.76,4.54,84.87,7.92,28.8,27.0,40.2,58.3,49.8,50.7,D,D,C-,C+,C,37.8,Common,False,False,0,bbref_war
gibsopa01,gibsopa01,Paul Gibson,Big Hair Era (1977-1993),1991,1990,1988,1996,DET,DET,RP,319,15,11,556.6666666666666,22,24,345,236,55.0,3.89,5.39,3.84,0.87,3.93,103.55,51.08,38.5,38.3,52.3,6.8,37.5,52.6,D+,D+,C,F,C,37.8,Common,False,False,0,bbref_war
prolymi01,prolymi01,Mike Proly,Big Hair Era (1977-1993),1980,1982,1976,1983,CHW,CHW,RP,267,18,22,545.6666666666666,22,29,185,195,33.0,8.47,3.05,3.22,0.54,3.23,120.57,37.61,1.0,56.0,63.4,8.9,73.4,54.8,F,C+,B-,F,C,37.8,Common,False,False,0,bbref_war
mccatst01,mccatst01,Steve McCatty,Big Hair Era (1977-1993),1981,1981,1977,1985,OAK,OAK,SP,221,161,5,1188.3333333333333,63,63,541,520,124.0,10.25,4.11,3.91,0.94,3.86,99.32,7.17,17.1,36.4,49.6,52.0,30.3,51.8,F,D+,C,C,C,37.7,Common,False,False,0,bbref_war
frasewi01,frasewi01,Willie Fraser,Big Hair Era (1977-1993),1990,1987,1986,1995,LAA,LAA,RP,239,57,7,657.0,38,40,328,238,89.0,3.25,4.71,3.08,1.09,4.07,90.53,29.23,27.2,60.0,43.8,10.7,13.9,47.7,D,B-,C-,F,C,37.4,Common,False,False,0,bbref_war
reuscpa01,reuscpa01,Paul Reuschel,Big Hair Era (1977-1993),1977,1978,1975,1979,CHC,CHC,RP,198,9,13,393.0,16,16,188,132,38.0,2.56,4.31,3.02,0.87,4.51,89.85,36.15,20.3,61.5,43.4,8.4,37.9,58.8,D-,B-,C-,F,C+,37.4,Common,False,False,0,bbref_war
klinkjo01,klinkjo01,Joe Klink,Big Hair Era (1977-1993),1991,1990,1987,1996,OAK,OAK,RP,176,0,3,164.66666666666666,10,6,94,75,10.0,0.61,5.14,4.1,0.55,4.26,114.28,,34.3,31.0,59.3,1.0,73.2,47.3,D,D,C+,F,C,37.3,Common,False,False,0,bbref_war
dacqujo01,d'acqjo01,John D'Acquisto,Big Hair Era (1977-1993),1978,1978,1973,1982,SFG,SFG,RP,266,92,15,779.6666666666666,34,51,600,544,52.0,3.74,6.79,5.84,0.46,4.01,96.04,12.94,62.2,1.0,47.4,17.4,82.5,52.3,B-,F,C,F,C,37.0,Common,False,False,0,bbref_war
fishebr01,fishebr01,Brian Fisher,Big Hair Era (1977-1993),1988,1985,1985,1992,PIT,PIT,RP,222,65,23,640.0,36,34,370,252,70.0,0.5,5.2,3.54,0.98,4.39,86.34,6.49,35.4,46.7,41.1,16.0,25.4,50.2,D+,C,C-,F,C,37.0,Common,False,False,0,bbref_war
mclaubo01,mclaubo01,Bo McLaughlin,Big Hair Era (1977-1993),1978,1976,1976,1982,HOU,HOU,RP,156,21,9,313.0,10,20,188,123,22.0,-2.63,5.41,3.54,0.63,4.49,74.84,26.96,38.9,46.9,33.6,8.6,63.8,52.6,D+,C,D,F,C,37.0,Common,False,False,0,bbref_war
lahtije01,lahtije01,Jeff Lahti,Big Hair Era (1977-1993),1984,1985,1982,1986,STL,STL,RP,205,1,20,286.0,17,11,137,111,14.0,3.09,4.31,3.49,0.44,3.12,100.11,56.67,20.4,48.2,50.1,3.5,84.8,45.9,D-,C,C,F,C,36.7,Common,False,False,0,bbref_war
cadargr01,cadargr01,Greg Cadaret,Big Hair Era (1977-1993),1992,1991,1987,1998,NYY,NYY,RP,451,35,14,724.3333333333334,38,32,539,403,58.0,5.97,6.83,5.13,0.72,3.95,111.07,17.99,62.8,1.8,57.2,4.6,54.4,54.7,B-,F,C+,F,C,36.6,Common,False,False,0,bbref_war
schroke01,schroke01,Ken Schrom,Big Hair Era (1977-1993),1984,1983,1980,1987,MIN,MIN,SP,176,137,1,900.0,51,51,372,320,125.0,2.76,3.72,3.2,1.25,4.81,88.44,6.25,10.5,56.5,42.5,44.3,1.0,49.1,F,C+,C-,C-,C,36.5,Common,True,False,1,bbref_war
hooddo01,hooddo01,Don Hood,Big Hair Era (1977-1993),1979,1979,1973,1983,CLE,CLE,RP,297,72,6,848.3333333333334,34,35,374,364,57.0,6.27,3.94,3.93,0.66,3.69,119.36,13.94,14.1,35.9,62.6,16.0,60.7,52.2,F,D+,B-,F,C,36.2,Common,False,False,0,bbref_war
busketo01,busketo01,Tom Buskey,Big Hair Era (1977-1993),1977,1975,1973,1980,CLE,CLE,RP,258,0,34,479.3333333333333,21,27,212,167,57.0,4.61,3.97,3.17,1.07,3.6,106.79,,14.6,57.3,54.4,7.3,16.1,51.8,F,C+,C,F,C,36.1,Common,False,False,0,bbref_war
easteja01,easteja01,Jamie Easterly,Big Hair Era (1977-1993),1983,1983,1974,1987,ATL,ATL,RP,321,36,14,611.3333333333334,23,33,350,319,48.0,4.2,5.39,4.34,0.55,4.09,99.87,25.17,38.5,24.3,49.9,7.8,73.1,59.3,D+,D-,C,F,C+,36.0,Common,False,False,0,bbref_war
owchibo01,owchibo01,Bob Owchinko,Big Hair Era (1977-1993),1981,1978,1976,1986,SDP,SDP,RP,275,104,7,890.6666666666666,37,60,490,363,88.0,3.5,4.66,3.53,0.84,4.0,84.23,10.05,26.3,47.1,39.8,19.0,41.7,55.0,D,C,D+,F,C+,36.0,Common,False,False,0,bbref_war
stewasa01,stewasa01,Sammy Stewart,Big Hair Era (1977-1993),1982,1981,1978,1987,BAL,BAL,RP,359,25,45,956.6666666666666,59,48,586,502,77.0,10.23,5.39,4.7,0.72,3.57,114.01,66.97,38.5,13.9,59.1,17.2,54.3,48.3,D+,F,C+,F,C,35.6,Common,False,False,0,bbref_war
armstmi01,armstmi01,Mike Armstrong,Big Hair Era (1977-1993),1983,1982,1980,1987,NYY,NYY,RP,197,1,11,338.0,19,17,221,155,42.0,2.06,5.97,4.09,1.07,3.83,92.0,8.67,48.5,31.3,44.8,6.4,16.0,52.6,C,D,C-,F,C,35.5,Common,False,False,0,bbref_war
clarkbr01,clarkbr01,Bryan Clark,Big Hair Era (1977-1993),1984,1982,1981,1990,SEA,SEA,RP,186,37,4,516.3333333333334,20,23,259,261,38.0,5.15,4.66,4.5,0.6,3.85,120.5,14.52,26.3,19.5,63.3,16.3,67.9,46.4,D,F,B-,F,C,35.4,Common,False,False,0,bbref_war
sampebi01,sampebi01,Bill Sampen,Big Hair Era (1977-1993),1992,1990,1990,1994,WSH,WSH,RP,182,14,2,299.3333333333333,25,21,176,133,26.0,1.68,5.29,4.0,0.78,3.73,96.49,25.21,36.9,33.8,47.7,5.6,47.5,51.7,D+,D,C,F,C,35.4,Common,False,False,0,bbref_war
augusje01,augusje01,Jerry Augustine,Big Hair Era (1977-1993),1978,1976,1975,1984,MIL,MIL,RP,279,104,11,944.0,55,59,348,340,87.0,6.23,3.18,3.04,0.7,4.01,87.3,17.03,1.3,60.9,41.7,25.5,56.7,53.4,F,B-,C-,D,C,35.3,Common,False,False,0,bbref_war
grahejo01,grahejo01,Joe Grahe,Big Hair Era (1977-1993),1993,1992,1990,1999,LAA,LAA,RP,187,39,45,400.3333333333333,22,30,204,182,27.0,3.81,4.59,4.09,0.61,4.41,105.37,7.81,25.1,31.2,53.5,9.7,66.6,54.5,D,D,C,F,C,35.0,Common,False,False,0,bbref_war
beardda01,beardda01,Dave Beard,Big Hair Era (1977-1993),1983,1982,1980,1989,OAK,OAK,RP,172,3,30,275.6666666666667,19,20,185,124,37.0,-2.54,6.04,4.05,1.21,4.7,91.13,25.58,49.5,32.4,44.2,5.2,1.0,49.8,C,D,C-,F,C,34.8,Common,False,False,0,bbref_war
robinje02,robinje02,Jeff Robinson,Big Hair Era (1977-1993),1990,1988,1987,1992,DET,DET,SP,141,117,0,708.6666666666666,47,40,425,347,88.0,1.51,5.4,4.41,1.12,4.79,84.51,6.12,38.7,22.2,39.9,43.2,10.9,51.8,D+,D-,D+,C-,C,34.8,Common,False,False,0,bbref_war
codirch01,codirch01,Chris Codiroli,Big Hair Era (1977-1993),1986,1985,1982,1990,OAK,OAK,SP,144,108,3,670.3333333333334,38,47,312,261,76.0,-1.19,4.15,3.52,0.93,4.72,70.62,6.09,17.7,47.5,30.9,42.9,31.4,54.0,F,C,D,C-,C,34.7,Common,False,False,0,bbref_war
osunaal01,osunaal01,Al Osuna,Big Hair Era (1977-1993),1992,1993,1990,1996,HOU,HOU,RP,218,0,14,192.66666666666666,18,10,143,109,17.0,-0.08,6.68,5.09,0.79,3.83,107.4,,60.3,2.8,54.8,1.0,46.2,54.4,B-,F,C,F,C,34.7,Common,False,False,0,bbref_war
bookegr01,bookegr01,Greg Booker,Big Hair Era (1977-1993),1987,1987,1983,1990,SDP,SDP,RP,161,4,1,264.0,5,7,119,118,22.0,0.1,4.17,3.76,0.71,3.61,106.2,33.61,18.1,40.5,54.0,5.8,55.6,53.9,F,C-,C,F,C,34.5,Common,False,False,0,bbref_war
munozmi01,munozmi01,Mike Munoz,Big Hair Era (1977-1993),1993,1999,1989,2000,COL,COL,RP,453,0,11,364.3333333333333,18,20,240,174,34.0,3.95,5.29,4.35,0.73,4.03,107.62,,36.8,23.8,55.0,1.0,53.0,54.4,D+,D-,C+,F,C,34.4,Common,False,False,0,bbref_war
camacer01,camacer01,Ernie Camacho,Big Hair Era (1977-1993),1984,1984,1980,1990,CLE,CLE,RP,193,3,45,262.6666666666667,10,20,159,128,16.0,4.09,5.09,4.26,0.46,3.55,96.45,7.22,33.6,26.5,47.7,3.7,82.7,52.5,D,D,C,F,C,34.3,Common,False,False,0,bbref_war
hannapr01,hannapr01,Preston Hanna,Big Hair Era (1977-1993),1978,1980,1975,1982,ATL,ATL,RP,156,47,1,437.3333333333333,17,25,253,279,28.0,2.37,5.17,5.73,0.58,4.46,122.18,17.11,34.9,1.0,64.4,16.6,69.3,65.3,D,F,B-,F,B,34.3,Common,False,False,0,bbref_war
wickake01,wickake01,Kevin Wickander,Big Hair Era (1977-1993),1992,1995,1989,1996,CLE,CLE,RP,150,0,2,138.66666666666666,5,1,101,85,12.0,1.55,6.56,5.52,0.78,4.02,109.73,,58.2,1.0,56.3,1.0,47.8,52.1,C+,F,C+,F,C,34.0,Common,False,False,0,bbref_war
perrypa02,perrypa02,Pat Perry,Big Hair Era (1977-1993),1988,1987,1985,1990,STL,STL,RP,182,0,6,263.0,12,10,131,99,23.0,2.42,4.48,3.39,0.79,3.46,82.83,,23.3,51.1,38.8,3.9,46.9,49.4,D-,C,D+,F,C,33.7,Common,False,False,0,bbref_war
freyst01,freyst01,Steve Frey,Big Hair Era (1977-1993),1993,1990,1989,1996,WSH,WSH,RP,314,0,28,304.0,18,15,157,154,30.0,3.49,4.63,4.46,0.92,3.58,130.6,,25.8,20.7,69.9,1.0,32.5,51.8,D,D-,B,F,C,33.5,Common,False,False,0,bbref_war
clemepa01,clemepa01,Pat Clements,Big Hair Era (1977-1993),1989,1985,1985,1992,SDP,SDP,RP,288,2,12,360.3333333333333,17,11,158,160,17.0,3.8,3.96,3.99,0.41,3.71,108.42,39.0,14.6,34.1,55.5,2.2,88.2,51.1,F,D,C+,F,C,33.3,Common,False,False,0,bbref_war
ruckeda01,ruckeda01,Dave Rucker,Big Hair Era (1977-1993),1984,1984,1981,1988,DET,DET,RP,206,10,1,319.6666666666667,16,20,170,147,19.0,0.42,4.79,4.14,0.53,3.94,94.84,19.26,28.4,29.8,46.6,4.8,74.5,48.5,D,D,C,F,C,33.1,Common,False,False,0,bbref_war
mcmurcr01,mcmurcr01,Craig McMurtry,Big Hair Era (1977-1993),1988,1983,1983,1995,ATL,ATL,RP,212,79,4,667.6666666666666,28,42,349,336,54.0,6.39,4.64,4.47,0.69,3.9,96.77,10.59,26.0,20.6,47.9,18.6,57.1,53.5,D,D-,C,F,C,31.9,Common,False,False,0,bbref_war
dedmoje01,dedmoje01,Jeff Dedmon,Big Hair Era (1977-1993),1986,1986,1983,1988,ATL,ATL,RP,250,3,12,394.0,20,16,210,186,30.0,1.4,4.8,4.25,0.69,3.84,93.84,29.89,28.6,26.7,46.0,5.0,58.1,56.8,D,D,C,F,C+,31.8,Common,False,False,0,bbref_war
hickeke01,hickeke01,Kevin Hickey,Big Hair Era (1977-1993),1986,1982,1981,1991,CHW,CHW,RP,231,0,17,232.66666666666666,9,14,118,101,21.0,1.07,4.56,3.91,0.81,3.91,94.4,,24.7,36.4,46.4,1.0,44.2,49.3,D-,D+,C,F,C,31.7,Common,False,False,0,bbref_war
macdobo01,macdoro01,Bob Macdonald,Big Hair Era (1977-1993),1992,1991,1990,1996,TOR,TOR,RP,197,0,3,234.33333333333334,8,9,142,107,26.0,1.2,5.45,4.11,1.0,4.34,85.94,,39.7,30.7,40.9,1.7,23.9,47.9,D+,D,C-,F,C,31.7,Common,False,False,0,bbref_war
montajo01,montajo01,John Montague,Big Hair Era (1977-1993),1977,1977,1973,1980,SEA,SEA,RP,223,17,21,546.6666666666666,24,26,260,226,57.0,-0.47,4.28,3.72,0.94,4.76,86.93,76.27,19.9,41.7,41.5,12.3,30.4,50.1,F,C-,C-,F,C,31.6,Common,False,False,0,bbref_war
powelde01,powelde01,Dennis Powell,Big Hair Era (1977-1993),1988,1987,1985,1993,SEA,SEA,RP,207,23,3,339.6666666666667,11,22,199,159,35.0,1.19,5.33,4.18,1.06,4.66,89.25,19.19,37.5,28.8,43.0,4.5,17.2,52.2,D+,D,C-,F,C,31.5,Common,False,False,0,bbref_war
harrige01,harrige01,Gene Harris,Big Hair Era (1977-1993),1992,1993,1989,1995,SEA,SEA,RP,183,7,26,241.0,12,18,170,138,21.0,-0.93,6.35,5.15,0.78,4.71,93.22,19.61,54.7,1.1,45.6,2.8,47.3,55.9,C,F,C,F,C+,30.9,Common,False,False,0,bbref_war
barojsa01,barojsa01,Salome Barojas,Big Hair Era (1977-1993),1984,1983,1982,1988,CHW,CHW,RP,179,18,35,390.0,18,21,177,179,33.0,4.83,4.08,4.13,0.76,3.95,99.28,11.39,16.6,30.1,49.5,10.0,49.7,55.2,F,D,C,F,C+,30.8,Common,False,False,0,bbref_war
stanhdo01,stanhdo01,Don Stanhouse,Big Hair Era (1977-1993),1977,1976,1972,1982,TEX,TEX,RP,294,66,64,760.3333333333334,38,54,408,455,48.0,6.39,4.85,5.35,0.51,3.66,101.25,9.38,29.4,1.0,50.8,14.9,77.4,50.6,D,F,C,F,C,28.9,Common,True,False,1,bbref_war
martire01,martire01,Renie Martin,Big Hair Era (1977-1993),1982,1981,1979,1984,SFG,SFG,RP,173,51,12,508.3333333333333,24,35,237,256,50.0,-2.05,4.2,4.53,0.89,4.27,92.38,9.41,18.5,18.7,45.1,16.4,36.2,56.6,F,F,C,F,C+,27.7,Common,False,False,0,bbref_war
patteke01,patteke01,Ken Patterson,Big Hair Era (1977-1993),1991,1991,1988,1994,CHW,CHW,RP,224,4,5,317.6666666666667,14,8,183,166,38.0,1.86,5.18,4.7,1.08,3.88,88.12,39.22,35.1,13.8,42.3,3.6,15.3,49.9,D+,F,C-,F,C,26.6,Common,False,False,0,bbref_war
winnji01,winnji01,Jim Winn,Big Hair Era (1977-1993),1986,1984,1983,1988,PIT,PIT,RP,161,10,10,308.3333333333333,12,17,159,156,31.0,-1.24,4.64,4.55,0.9,4.67,81.78,20.07,26.0,18.1,38.2,7.8,34.1,48.5,D,F,D+,F,C,25.9,Common,False,False,0,bbref_war
swanru01,swanru01,Russ Swan,Big Hair Era (1977-1993),1992,1991,1989,1994,SEA,SEA,RP,168,20,11,266.6666666666667,14,22,108,124,26.0,-0.55,3.64,4.18,0.88,4.83,73.13,6.8,9.2,28.5,32.5,5.1,37.1,51.2,F,D,D,F,C,22.7,Common,False,False,0,bbref_war
johnswa01,johnswa01,Walter Johnson,Deadball (1901-1919),1914,1913,1907,1927,MIN,MIN,SP,802,666,34,5914.666666666667,417,279,3509,1363,97.0,85.09,5.96,1.65,0.07,1.42,209.9,9.65,87.9,92.0,121.4,42.7,104.5,62.9,A,A,S,C-,B-,90.1,Legendary,False,True,0,bbref_war
wadderu01,wadderu01,Rube Waddell,Deadball (1901-1919),1904,1904,1897,1910,OAK,OAK,SP,407,340,5,2961.3333333333335,193,143,2316,803,37.0,50.85,7.39,2.45,0.1,1.97,150.47,8.88,121.4,64.9,82.8,38.7,89.1,56.3,S,B-,A-,D+,C+,80.4,Legendary,False,True,0,bbref_war
mathech01,mathech01,Christy Mathewson,Deadball (1901-1919),1907,1908,1900,1916,SFG,SFG,SP,636,552,29,4788.666666666667,373,188,2507,848,90.0,67.13,5.63,1.74,0.11,1.78,171.07,8.83,80.1,88.9,96.2,38.4,87.5,49.4,A-,A,A+,D+,C,78.9,Legendary,False,True,0,bbref_war
walshed01,walshed01,Ed Walsh,Deadball (1901-1919),1909,1912,1904,1917,CHW,CHW,SP,430,315,35,2964.3333333333335,195,126,1736,617,23.0,61.26,5.49,1.7,0.07,1.71,157.35,9.38,76.7,90.1,87.3,41.3,101.3,67.4,B+,A,A,C-,B,78.2,Legendary,False,True,0,bbref_war
brownmo01,brownmo01,Mordecai Brown,Deadball (1901-1919),1908,1909,1903,1916,CHC,CHC,SP,481,332,49,3172.3333333333335,239,130,1375,673,43.0,43.52,4.12,1.66,0.07,1.7,170.3,9.62,44.7,91.4,95.7,42.6,102.2,79.0,C-,A,A+,C-,B+,73.4,Legendary,False,True,0,bbref_war
alexape01,alexape01,Pete Alexander,Deadball (1901-1919),1916,1920,1911,1930,CHC,CHC,SP,696,599,32,5190.0,373,208,2198,951,164.0,67.64,4.89,1.75,0.13,1.88,162.38,9.03,62.6,88.4,90.5,39.5,76.1,51.4,B-,A,A,D+,C,72.7,Legendary,False,True,0,bbref_war
bendech01,bendech01,Charles Bender,Deadball (1901-1919),1910,1911,1903,1925,OAK,OAK,SP,459,334,34,3017.0,212,127,1711,712,40.0,31.75,4.92,1.98,0.1,2.1,136.02,9.0,63.5,80.7,73.4,39.3,92.3,59.8,B-,A-,B,D+,C+,67.9,Legendary,False,True,0,bbref_war
adamsba01,adamsba01,Babe Adams,Deadball (1901-1919),1914,1913,1906,1926,PIT,PIT,SP,482,355,15,2995.3333333333335,194,140,1036,430,68.0,39.97,3.4,1.1,0.14,2.28,148.81,8.77,27.6,110.5,81.7,38.1,75.4,59.0,D,S,A-,D+,C+,67.4,Epic,False,False,0,bbref_war
jossad01,jossad01,Addie Joss,Deadball (1901-1919),1906,1908,1902,1910,CLE,CLE,SP,286,260,5,2327.0,160,97,920,364,19.0,41.12,3.49,1.44,0.07,1.82,151.63,8.89,29.8,99.0,83.6,38.7,105.4,64.9,D,A+,A-,D+,B-,67.4,Legendary,False,True,0,bbref_war
planked01,planked01,Eddie Plank,Deadball (1901-1919),1907,1904,1901,1917,OAK,OAK,SP,623,529,23,4495.666666666667,326,194,2246,1072,42.0,49.24,5.02,2.04,0.08,2.2,129.9,8.53,65.8,78.8,69.4,36.8,99.4,50.9,B,B+,B,D+,C,66.5,Legendary,False,True,0,bbref_war
hahnno01,hahnno01,Noodles Hahn,Deadball (1901-1919),1902,1902,1899,1906,CIN,CIN,SP,243,231,0,2029.3333333333333,130,94,917,381,27.0,46.06,4.08,1.7,0.12,2.52,135.37,8.92,43.6,90.3,73.0,38.9,81.3,52.8,C-,A,B,D+,C,64.3,Epic,False,False,0,bbref_war
wickwfr01,wickwfr01,Frank Wickware,Deadball (1901-1919),1913,1920,1910,1921,NLB,NLB,SP,133,101,3,879.6666666666666,56,38,583,259,13.0,-0.52,6.97,2.26,0.18,2.75,66.47,8.11,111.6,71.4,28.2,34.6,55.5,52.1,S,B,D,D,C,63.4,Epic,False,False,0,bbref_war
phillde01,phillde01,Deacon Phillippe,Deadball (1901-1919),1902,1901,1899,1911,PIT,PIT,SP,372,289,12,2607.0,189,109,929,363,41.0,32.12,3.29,1.26,0.15,2.5,129.16,8.79,25.0,105.1,69.0,38.2,70.8,68.7,D,S,B,D+,B,62.5,Epic,False,False,0,bbref_war
chesbja01,chesbja01,Jack Chesbro,Deadball (1901-1919),1904,1904,1899,1909,NYY,NYY,SP,392,332,5,2896.6666666666665,198,132,1265,690,39.0,40.31,4.27,1.93,0.09,2.37,123.39,8.69,48.1,82.6,65.2,37.7,93.0,54.2,C,A-,B,D+,C,62.0,Epic,False,True,0,bbref_war
whitedo01,whitedo01,Doc White,Deadball (1901-1919),1906,1902,1901,1913,CHW,CHW,SP,427,363,5,3041.0,189,156,1384,670,33.0,33.64,4.07,1.81,0.09,2.26,122.76,8.26,43.4,86.6,64.8,35.4,94.7,64.2,C-,A,B-,D+,B-,62.0,Epic,False,False,0,bbref_war
cicoted01,cicoted01,Eddie Cicotte,Deadball (1901-1919),1917,1917,1905,1920,CHW,CHW,SP,502,361,24,3226.0,209,149,1374,827,32.0,44.83,3.63,2.07,0.08,2.12,148.2,9.14,33.1,77.8,81.3,40.0,97.8,59.3,D,B+,A-,C-,C+,61.9,Epic,False,False,0,bbref_war
schupfe01,schupfe01,Ferdie Schupp,Deadball (1901-1919),1916,1917,1913,1922,SFG,SFG,SP,216,120,6,1054.0,61,39,553,464,30.0,9.66,4.68,3.44,0.22,2.79,158.7,17.27,57.7,31.9,88.2,83.0,38.6,57.6,C+,D,A,A-,C+,61.7,Epic,False,False,0,bbref_war
vaughhi01,vaughhi01,Hippo Vaughn,Deadball (1901-1919),1917,1918,1908,1921,CHC,CHC,SP,390,331,5,2730.0,178,137,1416,817,39.0,42.1,4.61,2.33,0.12,2.14,137.0,8.28,56.2,69.1,74.1,35.5,81.1,48.7,C+,B,B,D+,C,61.7,Epic,False,False,0,bbref_war
leonadu01,leonadu01,Dutch Leonard,Deadball (1901-1919),1916,1914,1913,1925,BOS,BOS,SP,331,272,13,2192.0,139,113,1160,664,54.0,35.2,5.01,2.58,0.2,2.4,140.78,8.38,65.6,60.7,76.5,36.0,48.0,51.3,B,B-,B+,D+,C,61.1,Epic,False,False,0,bbref_war
tanneje01,tanneje01,Jesse Tannehill,Deadball (1901-1919),1901,1899,1894,1911,PIT,PIT,SP,359,321,7,2759.3333333333335,197,117,944,478,40.0,36.12,3.07,1.46,0.1,2.5,129.93,8.83,20.0,98.3,69.5,38.4,89.4,65.8,D-,A+,B,D+,B,60.5,Epic,False,False,0,bbref_war
anderfr01,anderfr01,Fred Anderson,Deadball (1901-1919),1915,1915,1909,1918,SFG,SFG,SP,178,114,8,986.3333333333334,53,57,514,247,22.0,4.95,4.69,2.25,0.2,2.86,124.36,9.52,58.0,71.6,65.8,42.1,48.2,53.4,C+,B,B,C-,C,60.2,Epic,False,False,0,bbref_war
mcquige01,mcquige01,George McQuillan,Deadball (1901-1919),1910,1908,1907,1918,PHI,PHI,SP,273,173,14,1576.3333333333333,85,89,590,401,23.0,22.34,3.39,2.23,0.12,2.24,161.16,8.61,27.5,72.3,89.8,37.2,81.9,55.9,D,B,A,D+,C+,59.9,Epic,False,False,0,bbref_war
pfiesja01,pfiesja01,Jack Pfiester,Deadball (1901-1919),1907,1906,1903,1911,CHC,CHC,SP,149,128,0,1067.3333333333333,71,44,503,293,6.0,11.62,4.25,2.39,0.05,1.96,123.31,8.3,47.7,66.9,65.1,35.6,110.8,75.6,C,B,B,D+,B+,59.6,Epic,False,False,0,bbref_war
hugheto02,hugheto02,Tom Hughes,Deadball (1901-1919),1914,1915,1906,1918,ATL,ATL,SP,160,86,17,863.0,56,39,476,235,14.0,11.86,5.01,2.47,0.13,2.51,107.39,9.64,65.6,64.3,54.8,42.7,78.0,51.6,B,B-,C,C-,C,59.1,Epic,False,False,0,bbref_war
marquru01,marquru01,Rube Marquard,Deadball (1901-1919),1916,1911,1908,1925,SFG,SFG,SP,536,404,19,3306.6666666666665,201,177,1593,858,107.0,31.27,4.76,2.24,0.26,2.71,126.15,8.43,59.6,72.2,67.0,36.3,21.3,51.9,C+,B,B,D+,C,58.8,Epic,False,True,0,bbref_war
overaor01,overaor01,Orval Overall,Deadball (1901-1919),1908,1909,1905,1913,CHC,CHC,SP,218,182,12,1535.3333333333333,108,71,935,551,16.0,21.82,5.48,3.23,0.09,2.23,122.24,8.32,76.6,38.9,64.5,35.7,93.3,71.8,B+,D+,B-,D+,B,58.6,Epic,False,False,0,bbref_war
reulbed01,reulbed01,Ed Reulbach,Deadball (1901-1919),1908,1905,1905,1917,CHC,CHC,SP,399,300,13,2632.3333333333335,182,106,1137,892,33.0,33.62,4.11,2.86,0.09,1.93,144.39,8.92,44.3,51.2,78.9,38.8,96.8,72.4,C-,C,B+,D+,B,57.9,Rare,False,False,0,bbref_war
ayersdo01,ayersdo01,Doc Ayers,Deadball (1901-1919),1917,1915,1913,1921,MIN,MIN,SP,299,140,15,1428.6666666666667,65,79,622,382,23.0,15.6,3.93,2.33,0.13,2.7,124.83,10.88,40.1,69.1,66.1,49.2,76.0,55.2,C-,B,B,C,C+,57.8,Rare,False,False,0,bbref_war
falkecy01,falkecy01,Cy Falkenberg,Deadball (1901-1919),1910,1914,1903,1917,CLE,CLE,SP,330,266,8,2275.0,130,123,1164,690,23.0,24.39,4.79,2.69,0.09,2.54,118.98,8.62,60.4,57.0,62.3,37.3,95.5,46.0,B-,C+,B-,D+,C,57.6,Rare,False,False,0,bbref_war
collira01,collira01,Ray Collins,Deadball (1901-1919),1912,1910,1909,1915,BOS,BOS,SP,199,151,4,1336.0,84,62,511,269,15.0,24.55,3.44,1.81,0.1,2.51,114.6,9.14,28.7,86.4,59.5,40.0,90.3,55.9,D,A,C+,C-,C+,57.0,Rare,False,False,0,bbref_war
ruckena01,ruckena01,Nap Rucker,Deadball (1901-1919),1910,1911,1907,1916,LAD,LAD,SP,336,274,14,2375.3333333333335,134,134,1217,701,41.0,45.34,4.82,2.72,0.15,2.39,120.93,8.85,61.0,55.9,63.6,38.5,68.2,47.9,B-,C+,B-,D+,C,56.7,Rare,False,False,0,bbref_war
rudoldi01,rudoldi01,Dick Rudolph,Deadball (1901-1919),1916,1914,1910,1927,ATL,ATL,SP,279,241,8,2049.0,121,108,786,402,35.0,22.83,3.52,1.7,0.14,2.53,109.73,8.74,30.5,90.3,56.3,37.9,75.2,56.1,D,A,C+,D+,C+,56.5,Rare,False,False,0,bbref_war
ewingbo01,ewingbo01,Bob Ewing,Deadball (1901-1919),1906,1905,1902,1912,CIN,CIN,SP,291,264,4,2301.0,124,118,998,614,31.0,30.02,3.97,2.27,0.13,2.4,121.85,8.85,41.1,71.1,64.2,38.5,80.0,51.5,C-,B,B-,D+,C,56.4,Rare,False,False,0,bbref_war
suggsge01,suggsge01,George Suggs,Deadball (1901-1919),1911,1914,1908,1915,CIN,CIN,SP,245,185,17,1652.0,99,91,588,355,40.0,21.24,3.28,1.82,0.18,2.94,116.3,11.69,24.8,86.2,60.6,53.5,58.0,46.7,D-,A,B-,C,C,56.2,Rare,False,False,0,bbref_war
hendrcl01,hendrcl01,Claude Hendrix,Deadball (1901-1919),1916,1914,1911,1920,CHC,CHC,SP,360,257,17,2371.3333333333335,144,116,1092,697,41.0,23.31,4.37,2.58,0.14,2.48,119.06,9.24,50.4,60.6,62.4,40.5,74.8,57.1,C,B-,B-,C-,C+,56.0,Rare,False,False,0,bbref_war
smithfr03,smithfr03,Frank Smith,Deadball (1901-1919),1908,1909,1904,1915,CHW,CHW,SP,354,255,6,2274.0,139,111,1051,676,27.0,20.76,4.32,2.59,0.08,2.22,110.83,8.7,49.4,60.5,57.0,37.7,101.2,70.7,C,B-,C+,D+,B,56.0,Rare,False,False,0,bbref_war
wiltsho01,wiltsho01,Hooks Wiltse,Deadball (1901-1919),1908,1908,1904,1915,SFG,SFG,SP,357,225,33,2112.3333333333335,139,90,965,498,54.0,25.06,4.02,2.07,0.19,2.41,114.23,8.95,42.3,77.7,59.2,39.0,52.8,53.9,C-,B+,C+,D+,C,56.0,Rare,False,False,0,bbref_war
coopewi01,coopewi01,Wilbur Cooper,Deadball (1901-1919),1919,1917,1912,1926,PIT,PIT,SP,517,408,14,3480.0,216,178,1252,853,103.0,38.7,3.55,2.02,0.2,2.57,127.95,9.03,31.3,79.6,68.2,39.5,47.8,53.1,D,B+,B,D+,C,55.7,Rare,False,False,0,bbref_war
scottji01,scottji01,Jim Scott,Deadball (1901-1919),1914,1913,1909,1917,CHW,CHW,SP,317,226,9,1892.0,107,113,945,609,21.0,27.0,4.36,2.81,0.09,2.28,125.7,8.11,50.3,52.9,66.7,34.6,95.5,64.4,C,C,B,D,B-,55.7,Rare,False,False,0,bbref_war
russere01,russere01,Reb Russell,Deadball (1901-1919),1916,1913,1913,1919,CHW,CHW,SP,242,148,13,1291.6666666666667,81,59,495,267,7.0,22.58,3.45,1.86,0.05,2.33,102.88,8.67,28.9,84.8,51.9,37.5,112.3,59.4,D,A-,C,D+,C+,55.6,Rare,False,False,0,bbref_war
willivi01,willivi01,Vic Willis,Deadball (1901-1919),1902,1899,1898,1910,ATL,ATL,SP,513,471,11,3996.0,249,205,1651,1212,66.0,51.45,3.9,2.68,0.11,2.36,135.73,8.64,39.3,57.4,73.2,37.4,86.1,64.0,D+,C+,B,D+,B-,55.6,Epic,False,True,0,bbref_war
mitchwi01,mitchwi01,Willie Mitchell,Deadball (1901-1919),1913,1913,1909,1919,CLE,CLE,SP,276,190,4,1632.0,84,92,921,605,14.0,16.89,5.22,3.25,0.06,2.75,113.22,9.05,70.4,38.2,58.6,39.6,106.1,48.2,B,D+,C+,D+,C,55.5,Rare,False,False,0,bbref_war
donovbi01,donovbi01,Bill Donovan,Deadball (1901-1919),1905,1903,1898,1918,DET,DET,SP,378,327,8,2964.6666666666665,185,139,1552,1059,30.0,34.93,4.87,2.94,0.09,2.42,113.78,9.0,62.2,48.6,59.0,39.3,94.0,47.5,B-,C,C+,D+,C,55.4,Rare,False,False,0,bbref_war
howelha01,howelha01,Harry Howell,Deadball (1901-1919),1905,1904,1898,1910,BAL,BAL,SP,340,282,6,2567.6666666666665,131,146,986,677,27.0,29.74,3.73,2.32,0.06,2.45,117.6,8.92,35.3,69.3,61.4,38.8,106.9,51.8,D+,B,B-,D+,C,55.3,Rare,False,False,0,bbref_war
bernhbi01,bernhbi01,Bill Bernhard,Deadball (1901-1919),1902,1902,1899,1907,CLE,CLE,SP,231,200,3,1792.0,116,81,545,365,26.0,19.4,2.68,1.83,0.12,3.0,132.61,9.08,10.9,85.9,71.2,39.7,82.3,60.2,F,A,B,D+,B-,55.1,Rare,False,False,0,bbref_war
robinha01,robinha01,Hank Robinson,Deadball (1901-1919),1914,1912,1911,1918,PIT,PIT,SP,150,73,2,701.3333333333334,42,37,238,159,6.0,9.03,3.05,2.04,0.08,2.53,117.11,10.58,19.6,78.8,61.1,47.6,100.4,60.7,F,B+,B-,C,B-,55.1,Rare,False,False,0,bbref_war
douglph01,douglph01,Phil Douglas,Deadball (1901-1919),1918,1922,1912,1922,SFG,SFG,SP,299,200,8,1708.3333333333333,94,93,683,411,52.0,15.13,3.79,2.14,0.21,2.55,122.71,8.63,36.9,75.6,64.8,37.3,42.8,59.8,D+,B+,B-,D+,C+,55.0,Rare,False,False,0,bbref_war
garvine01,garvine01,Ned Garvin,Deadball (1901-1919),1901,1900,1896,1904,LAD,LAD,SP,181,158,3,1400.6666666666667,58,97,612,413,20.0,18.73,3.93,2.65,0.13,2.72,129.75,9.43,40.2,58.2,69.3,41.6,78.7,53.4,C-,C+,B,C-,C,54.8,Rare,False,False,0,bbref_war
mamaual01,mamaual01,Al Mamaux,Deadball (1901-1919),1919,1915,1913,1924,LAD,LAD,SP,254,140,10,1293.0,76,67,625,511,22.0,17.22,4.57,3.39,0.15,2.54,122.78,14.56,55.3,33.7,64.8,68.7,69.9,47.3,C+,D,B-,B,C,54.6,Rare,False,False,0,bbref_war
leevesa01,leevesa01,Sam Leever,Deadball (1901-1919),1903,1903,1898,1910,PIT,PIT,SP,388,299,13,2660.6666666666665,194,100,847,587,29.0,32.77,2.85,1.99,0.1,2.42,130.08,8.57,14.7,80.4,69.6,37.0,89.8,64.3,F,A-,B,D+,B-,54.4,Rare,False,False,0,bbref_war
benzjo01,benzjo01,Joe Benz,Deadball (1901-1919),1915,1915,1911,1919,CHW,CHW,SP,251,163,3,1359.6666666666667,76,75,539,334,16.0,18.24,3.53,2.22,0.11,2.44,118.37,8.34,30.8,72.8,61.9,35.8,86.2,58.4,D,B,B-,D+,C+,54.0,Rare,False,False,0,bbref_war
ellerho01,ellerho01,Hod Eller,Deadball (1901-1919),1919,1918,1917,1921,CIN,CIN,SP,160,88,5,863.0,60,40,381,213,19.0,9.16,3.97,2.22,0.2,2.62,103.56,10.61,41.2,72.7,52.3,47.8,49.3,54.6,C-,B,C,C,C,53.9,Rare,False,False,0,bbref_war
fordru01,fordru01,Russ Ford,Deadball (1901-1919),1912,1910,1909,1915,NYY,NYY,SP,199,170,9,1487.3333333333333,99,71,710,376,44.0,33.12,4.3,2.28,0.27,2.59,116.69,8.73,48.8,70.9,60.8,37.9,20.6,39.3,C,B,B-,D+,D+,53.8,Rare,False,False,0,bbref_war
amesre01,amesre01,Red Ames,Deadball (1901-1919),1912,1914,1903,1919,SFG,SFG,SP,533,368,36,3198.0,183,167,1702,1034,42.0,19.6,4.36,2.83,0.15,2.47,124.6,8.39,50.4,52.4,66.0,36.1,68.8,49.6,C,C,B,D+,C,53.5,Rare,False,False,0,bbref_war
lakejo01,lakejo01,Joe Lake,Deadball (1901-1919),1910,1909,1908,1913,BAL,BAL,SP,199,139,5,1318.0,62,90,594,332,19.0,5.05,4.06,2.27,0.13,2.85,101.01,9.71,43.1,71.2,50.7,43.1,78.2,36.0,C-,B,C,C-,D+,53.4,Rare,False,False,0,bbref_war
camniho01,camniho01,Howie Camnitz,Deadball (1901-1919),1910,1909,1904,1915,PIT,PIT,SP,326,236,15,2085.3333333333335,133,106,915,656,41.0,20.98,4.07,2.61,0.16,2.56,119.87,8.69,43.4,59.6,62.9,37.7,64.1,60.0,C-,C+,B-,D+,B-,53.3,Rare,False,False,0,bbref_war
bediehu01,bediehu01,Hugh Bedient,Deadball (1901-1919),1914,1913,1912,1915,BOS,BOS,SP,179,102,19,936.6666666666666,59,53,420,236,15.0,6.89,4.04,2.27,0.14,3.08,98.56,9.39,42.6,71.2,49.1,41.4,72.1,51.6,C-,B,C,C-,C,53.1,Rare,False,False,0,bbref_war
orthal01,orthal01,Al Orth,Deadball (1901-1919),1901,1906,1895,1909,PHI,PHI,SP,440,394,6,3354.6666666666665,204,189,948,661,75.0,34.23,2.72,1.56,0.17,2.99,118.11,8.79,11.8,94.8,61.8,38.2,59.2,44.1,F,A,B-,D+,C-,53.0,Rare,False,False,0,bbref_war
altroni01,altroni01,Nick Altrock,Deadball (1901-1919),1906,1905,1898,1924,MIN,MIN,SP,218,161,7,1514.0,83,75,425,272,16.0,10.28,2.59,1.53,0.09,2.43,98.86,9.26,8.6,96.1,49.3,40.7,93.9,72.0,F,A+,C,C-,B,52.9,Rare,False,False,0,bbref_war
pattero01,pattero01,Roy Patterson,Deadball (1901-1919),1904,1902,1901,1907,CHW,CHW,SP,184,152,2,1365.0,81,72,442,273,23.0,15.67,2.91,1.8,0.15,2.75,110.45,8.92,16.3,86.9,56.8,38.9,68.9,72.4,F,A,C+,D+,B,52.9,Rare,False,False,0,bbref_war
mooreea01,mooreea01,Earl Moore,Deadball (1901-1919),1905,1909,1901,1914,CLE,CLE,SP,388,326,6,2776.0,163,154,1403,1108,57.0,32.14,5.0,3.41,0.17,2.41,124.83,8.78,65.4,32.9,66.1,38.1,62.5,54.6,B,D,B,D+,C,52.7,Rare,False,False,0,bbref_war
mortogu01,mortogu01,Guy Morton,Deadball (1901-1919),1919,1915,1914,1924,CLE,CLE,SP,317,185,6,1629.6666666666667,98,88,830,583,27.0,18.5,4.61,3.01,0.16,3.01,118.39,9.38,56.1,46.1,62.0,41.3,66.0,43.3,C+,C,B-,C-,C-,52.7,Rare,False,False,0,bbref_war
demaral01,demaral01,Al Demaree,Deadball (1901-1919),1915,1913,1912,1919,SFG,SFG,SP,232,173,9,1424.0,80,72,514,337,34.0,12.2,3.33,2.1,0.18,2.67,119.99,8.24,26.1,76.9,63.0,35.3,56.7,57.6,D,B+,B-,D+,C+,52.5,Rare,False,False,0,bbref_war
tayloja02,tayloja02,Jack Taylor,Deadball (1901-1919),1903,1902,1898,1907,CHC,CHC,SP,311,287,5,2626.0,152,139,662,584,41.0,31.82,2.43,2.03,0.13,2.3,140.06,9.04,4.8,79.0,76.0,39.5,78.2,53.4,F,B+,B+,D+,C,52.5,Rare,False,False,0,bbref_war
smithch02,smithch02,Charlie Smith,Deadball (1901-1919),1909,1907,1902,1914,CHC,CHC,SP,212,148,3,1349.3333333333333,66,87,570,353,22.0,9.81,3.82,2.3,0.13,2.64,107.18,8.56,37.5,70.1,54.7,37.0,78.3,48.0,D+,B,C,D+,C,52.4,Rare,False,False,0,bbref_war
hugheto01,hugheto01,Tom Hughes,Deadball (1901-1919),1905,1908,1900,1913,MIN,MIN,SP,399,313,15,2644.0,132,174,1368,853,52.0,16.1,4.8,2.87,0.17,2.86,106.47,8.18,60.6,50.9,54.2,34.9,61.3,49.7,B-,C,C,D,C,52.2,Rare,False,False,0,bbref_war
pfeffje01,pfeffje01,Jeff Pfeffer,Deadball (1901-1919),1917,1914,1911,1924,LAD,LAD,SP,347,280,10,2407.3333333333335,158,112,836,592,67.0,37.29,3.32,2.07,0.23,2.44,124.17,8.62,25.8,77.7,65.7,37.3,35.3,45.9,D,B+,B,D+,C,52.0,Rare,False,False,0,bbref_war
toneyfr01,toneyfr01,Fred Toney,Deadball (1901-1919),1918,1915,1911,1923,SFG,SFG,SP,336,271,12,2206.0,139,102,718,583,59.0,27.81,3.07,2.12,0.22,2.39,130.31,8.28,20.0,76.0,69.7,35.5,41.9,62.6,D-,B+,B,D+,B-,52.0,Rare,False,False,0,bbref_war
gladefr01,gladefr01,Fred Glade,Deadball (1901-1919),1906,1904,1902,1908,BAL,BAL,SP,132,126,2,1072.6666666666667,52,68,464,237,11.0,12.24,3.89,1.99,0.09,2.62,81.89,8.17,39.3,80.5,38.2,34.9,94.0,49.1,D+,A-,D+,D,C,51.9,Rare,False,False,0,bbref_war
sallesl01,sallesl01,Slim Sallee,Deadball (1901-1919),1913,1912,1908,1921,STL,STL,SP,476,307,36,2821.6666666666665,174,143,836,573,68.0,30.8,2.92,1.91,0.22,2.46,123.73,8.96,16.4,83.0,65.4,39.1,39.3,54.4,F,A-,B,D+,C,51.8,Rare,False,False,0,bbref_war
tesreje01,tesreje01,Jeff Tesreau,Deadball (1901-1919),1915,1915,1912,1918,SFG,SFG,SP,247,206,9,1679.0,115,72,880,572,37.0,22.44,4.72,3.07,0.2,2.43,117.68,8.24,58.7,44.4,61.5,35.3,49.3,58.2,C+,C-,B-,D+,C+,51.8,Rare,False,False,0,bbref_war
hamilea01,hamilea01,Earl Hamilton,Deadball (1901-1919),1918,1914,1911,1924,BAL,BAL,SP,410,261,13,2342.6666666666665,116,147,790,773,43.0,21.64,3.37,2.81,0.14,3.0,141.97,9.32,26.9,53.0,77.3,41.0,72.2,52.8,D,C,B+,C-,C,51.7,Rare,False,False,0,bbref_war
raganpa01,raganpa01,Pat Ragan,Deadball (1901-1919),1915,1915,1909,1923,LAD,LAD,SP,283,182,6,1608.3333333333333,77,104,680,470,38.0,12.76,3.88,2.67,0.19,2.81,120.94,9.49,38.9,57.6,63.6,41.9,53.6,55.0,D+,C+,B-,C-,C+,51.7,Rare,False,False,0,bbref_war
dygerji01,dygerji01,Jimmy Dygert,Deadball (1901-1919),1908,1908,1905,1910,OAK,OAK,SP,175,105,2,986.0,57,49,583,383,9.0,8.74,5.32,3.5,0.08,2.65,93.09,10.2,72.9,30.0,45.5,45.6,98.2,55.9,B,D,C,C,C+,51.6,Rare,False,False,0,bbref_war
wintege01,wintege01,George Winter,Deadball (1901-1919),1904,1907,1901,1908,BOS,BOS,SP,220,182,4,1656.0,83,102,568,377,32.0,12.21,3.08,2.11,0.15,2.69,113.08,9.01,20.2,76.6,58.5,39.3,70.0,66.2,D-,B+,C+,D+,B,51.5,Rare,False,False,0,bbref_war
mcginjo01,mcginjo01,Joe McGinnity,Deadball (1901-1919),1902,1903,1899,1908,SFG,SFG,SP,465,381,24,3441.3333333333335,246,142,1068,812,52.0,56.73,2.63,2.22,0.11,2.6,133.65,9.09,9.7,72.9,71.9,39.7,86.6,46.3,F,B,B,D+,C,51.2,Epic,False,True,0,bbref_war
sieveed01,sieveed01,Ed Siever,Deadball (1901-1919),1904,1902,1901,1908,DET,DET,SP,203,174,2,1507.0,83,82,470,311,24.0,20.47,2.81,1.86,0.14,2.6,116.18,8.5,13.8,84.9,60.5,36.6,72.4,46.4,F,A-,B-,D+,C,51.2,Rare,False,False,0,bbref_war
coaklan01,coaklan01,Andy Coakley,Deadball (1901-1919),1906,1908,1902,1911,OAK,OAK,SP,150,124,3,1072.3333333333333,58,59,428,314,9.0,12.29,3.55,2.65,0.06,2.2,120.68,7.66,31.3,58.4,63.4,32.2,106.9,53.9,D,C+,B-,D,C,51.1,Rare,False,False,0,bbref_war
coombja01,coombja01,Jack Coombs,Deadball (1901-1919),1910,1910,1906,1920,OAK,OAK,SP,354,270,8,2320.0,158,110,1052,841,38.0,24.21,4.45,3.28,0.08,2.4,117.7,8.59,52.3,37.3,61.5,37.1,99.2,56.1,C,D+,B-,D+,C+,51.1,Rare,False,False,0,bbref_war
covelha01,covelha01,Harry Coveleski,Deadball (1901-1919),1914,1916,1907,1918,DET,DET,SP,198,151,9,1248.0,81,55,511,376,13.0,19.51,3.7,2.53,0.09,2.28,106.03,9.14,34.8,62.5,53.9,40.1,92.9,51.4,D,B-,C,C-,C,51.0,Rare,False,False,0,bbref_war
sparktu01,sparktu01,Tully Sparks,Deadball (1901-1919),1905,1906,1897,1910,PHI,PHI,SP,314,270,8,2343.6666666666665,121,137,780,630,33.0,24.84,3.11,2.18,0.08,2.51,111.02,8.92,20.8,74.0,57.2,38.9,97.6,46.6,D-,B,C+,D+,C,51.0,Rare,False,False,0,bbref_war
dinnebi01,dinnebi01,Bill Dinneen,Deadball (1901-1919),1902,1902,1898,1909,BOS,BOS,SP,391,352,7,3074.6666666666665,170,177,1127,829,78.0,36.14,3.5,2.45,0.21,2.82,120.7,9.03,30.1,65.2,63.5,39.5,42.3,63.1,D,B,B-,D+,B-,50.9,Rare,False,False,0,bbref_war
peltyba01,peltyba01,Barney Pelty,Deadball (1901-1919),1907,1906,1903,1912,BAL,BAL,SP,266,217,4,1908.0,92,117,693,532,22.0,20.35,3.35,2.36,0.1,2.46,110.65,8.91,26.5,68.2,56.9,38.8,90.5,52.8,D,B,C+,D+,C,50.9,Rare,False,False,0,bbref_war
perripo01,perripo01,Pol Perritt,Deadball (1901-1919),1916,1914,1912,1921,SFG,SFG,SP,256,177,8,1469.6666666666667,92,78,543,390,41.0,13.02,3.37,2.19,0.23,2.47,117.36,8.56,27.1,73.6,61.3,37.0,35.8,58.6,D,B,B-,D+,C+,50.8,Rare,False,False,0,bbref_war
owenfr01,owenfr01,Frank Owen,Deadball (1901-1919),1905,1904,1901,1909,CHW,CHW,SP,194,155,2,1368.3333333333333,82,67,443,298,17.0,9.04,2.89,1.91,0.11,2.45,96.17,9.29,15.8,83.1,47.5,40.8,86.5,71.8,F,A-,C,C-,B,50.6,Rare,False,False,0,bbref_war
greggve01,greggve01,Vean Gregg,Deadball (1901-1919),1914,1911,1911,1925,CLE,CLE,SP,239,161,12,1393.0,92,63,720,552,17.0,24.42,4.62,3.55,0.1,2.66,118.33,9.65,56.4,28.2,61.9,42.8,89.7,56.9,C+,D,B-,C-,C+,50.4,Rare,False,False,0,bbref_war
maysca01,maysca01,Carl Mays,Deadball (1901-1919),1919,1920,1915,1929,BOS,BOS,SP,490,325,31,3021.3333333333335,207,126,862,734,73.0,34.48,2.7,2.31,0.17,2.55,132.06,8.98,11.4,69.8,70.8,39.2,61.6,69.5,F,B,B,D+,B,50.4,Rare,False,False,0,bbref_war
powelja01,powelja01,Jack Powell,Deadball (1901-1919),1902,1899,1897,1912,BAL,BAL,SP,578,516,15,4389.0,245,255,1621,1021,110.0,36.17,3.04,2.22,0.18,2.78,122.21,8.62,19.1,72.6,64.4,37.3,55.4,61.1,F,B,B-,D+,B-,50.4,Rare,False,False,0,bbref_war
summeed01,summeed01,Ed Summers,Deadball (1901-1919),1910,1909,1908,1912,DET,DET,SP,138,112,3,999.0,68,45,362,221,19.0,11.62,3.26,1.99,0.17,2.42,105.25,8.31,24.4,80.4,53.4,35.6,60.7,48.5,D-,A-,C,D+,C,50.3,Rare,False,False,0,bbref_war
cranddo01,cranddo01,Doc Crandall,Deadball (1901-1919),1912,1915,1908,1918,SFG,SFG,SP,302,135,25,1546.6666666666667,102,62,606,379,52.0,13.19,3.46,2.18,0.3,2.91,107.44,11.44,29.0,74.1,54.8,52.2,6.9,46.9,D,B,C,C,C,50.0,Rare,False,False,0,bbref_war
fishera01,fishera01,Ray Fisher,Deadball (1901-1919),1915,1915,1910,1920,NYY,NYY,SP,278,208,7,1755.6666666666667,100,94,680,481,34.0,21.57,3.45,2.45,0.18,2.57,118.46,8.36,29.0,64.9,62.0,35.9,56.7,56.5,D,B-,B-,D+,C+,50.0,Rare,False,False,0,bbref_war
youngir01,youngir01,Irv Young,Deadball (1901-1919),1908,1905,1905,1911,ATL,ATL,SP,209,161,4,1384.6666666666667,63,95,560,316,23.0,11.67,3.64,2.05,0.15,3.11,87.05,8.59,33.3,78.3,41.6,37.1,69.8,50.3,D,B+,C-,D+,C,49.9,Rare,False,False,0,bbref_war
lundgca01,lundgca01,Carl Lundgren,Deadball (1901-1919),1905,1907,1902,1909,CHC,CHC,SP,179,149,6,1322.0,91,55,535,476,16.0,15.32,3.78,3.19,0.08,2.21,125.28,8.24,36.6,40.1,66.4,35.3,97.6,76.4,D+,C-,B,D+,B+,49.8,Rare,False,False,0,bbref_war
weimeja01,weimeja01,Jake Weimer,Deadball (1901-1919),1906,1904,1903,1909,CIN,CIN,SP,191,180,2,1472.6666666666667,97,69,657,493,14.0,25.89,4.02,3.01,0.09,2.23,109.94,8.14,42.2,46.2,56.5,34.7,96.8,59.5,C-,C,C+,D,C+,49.2,Rare,False,False,0,bbref_war
mullige01,mullige01,George Mullin,Deadball (1901-1919),1906,1911,1902,1915,DET,DET,SP,487,428,8,3686.6666666666665,228,196,1482,1238,42.0,29.17,3.87,2.88,0.08,2.53,109.68,8.51,38.8,50.7,56.3,36.7,97.9,45.8,D+,C,C+,D+,C,49.1,Rare,False,False,0,bbref_war
weilmca01,weilmca01,Carl Weilman,Deadball (1901-1919),1915,1914,1912,1920,BAL,BAL,SP,239,179,10,1521.0,85,95,536,418,22.0,24.88,3.16,2.47,0.13,2.68,118.91,8.4,22.0,64.4,62.3,36.1,79.8,49.5,D-,B-,B-,D+,C,49.1,Rare,False,False,0,bbref_war
culloni01,culloni01,Nick Cullop,Deadball (1901-1919),1916,1915,1913,1921,NYY,NYY,SP,174,121,5,1024.0,57,55,400,259,24.0,7.65,3.52,2.28,0.21,2.73,99.14,9.38,30.4,70.9,49.4,41.3,43.9,53.8,D,B,C,C-,C,48.8,Rare,False,False,0,bbref_war
groombo01,groombo01,Bob Groom,Deadball (1901-1919),1913,1912,1909,1918,MIN,MIN,SP,367,288,13,2336.3333333333335,119,150,1159,783,49.0,15.82,4.64,3.03,0.17,3.04,98.28,8.08,56.9,45.6,48.9,34.4,60.2,50.7,C+,C,C,D,C,48.6,Rare,False,False,0,bbref_war
taylodu01,taylodu01,Luther Taylor,Deadball (1901-1919),1904,1904,1900,1908,SFG,SFG,SP,274,237,3,1916.3333333333333,116,106,767,551,38.0,14.38,3.6,2.63,0.17,2.87,111.89,8.13,32.5,59.0,57.7,34.7,62.1,56.1,D,C+,C+,D,C+,48.4,Rare,False,False,0,bbref_war
kitsofr01,kitsofr01,Frank Kitson,Deadball (1901-1919),1902,1899,1898,1907,LAD,LAD,SP,304,250,7,2221.6666666666665,129,118,736,488,52.0,22.12,2.99,1.92,0.23,3.13,100.77,9.51,18.0,82.8,50.5,42.0,37.8,45.7,F,A-,C,C-,C,48.3,Rare,False,False,0,bbref_war
wickebo01,wickebo01,Bob Wicker,Deadball (1901-1919),1904,1905,1901,1906,CHC,CHC,SP,138,117,1,1036.6666666666667,64,52,472,293,16.0,9.6,4.1,2.54,0.14,2.73,79.72,8.86,44.1,61.9,36.8,38.6,74.3,58.0,C-,B-,D+,D+,C+,48.1,Rare,False,False,0,bbref_war
bentoru01,bentoru01,Rube Benton,Deadball (1901-1919),1919,1912,1910,1925,CIN,CIN,SP,437,305,21,2517.3333333333335,150,144,950,712,52.0,15.64,3.44,2.57,0.18,3.0,110.31,8.45,28.6,61.0,56.7,36.4,58.2,61.6,D,B-,C+,D+,B-,48.0,Rare,False,False,0,bbref_war
humphbe01,humphbe01,Bert Humphries,Deadball (1901-1919),1912,1913,1910,1915,CHC,CHC,SP,153,91,9,798.0,50,43,258,151,31.0,7.24,2.91,1.7,0.35,2.79,104.19,8.81,16.2,90.1,52.7,38.3,1.0,50.1,F,A,C,D+,C,48.0,Rare,False,False,0,bbref_war
caldwra02,caldwra02,Ray Caldwell,Deadball (1901-1919),1914,1914,1910,1921,NYY,NYY,SP,343,260,9,2242.0,133,120,1006,738,59.0,26.71,4.3,2.99,0.22,2.98,106.95,8.87,48.8,47.1,54.5,38.6,38.2,48.2,C,C,C,D+,C,47.7,Uncommon,False,False,0,bbref_war
package01,package01,Gene Packard,Deadball (1901-1919),1915,1916,1912,1919,STL,STL,SP,248,153,17,1410.3333333333333,85,69,488,356,28.0,8.83,3.24,2.37,0.16,2.94,99.44,9.75,23.9,67.8,49.6,43.3,64.9,49.8,D-,B,C,C-,C,47.6,Uncommon,False,False,0,bbref_war
leifile01,leifile01,Lefty Leifield,Deadball (1901-1919),1910,1911,1905,1920,PIT,PIT,SP,296,216,7,1838.0,124,97,616,554,27.0,20.0,3.25,2.76,0.14,2.37,117.66,8.94,24.1,54.5,61.5,39.0,72.9,59.6,D-,C,B-,D+,C+,47.5,Uncommon,False,False,0,bbref_war
moselea01,moselea01,Earl Moseley,Deadball (1901-1919),1914,1915,1913,1916,NLB,NLB,SP,136,100,3,855.6666666666666,49,48,469,340,13.0,5.78,4.93,3.58,0.14,3.01,102.84,8.69,63.7,27.3,51.8,37.7,75.2,47.4,B-,D,C,D+,C,47.5,Uncommon,False,False,0,bbref_war
hessot01,hessot01,Otto Hess,Deadball (1901-1919),1907,1906,1902,1915,CLE,CLE,SP,198,165,5,1418.0,70,90,580,448,25.0,9.99,3.72,2.78,0.17,2.86,106.32,8.33,35.3,54.0,54.1,35.8,62.8,58.7,D+,C,C,D+,C+,47.3,Uncommon,False,False,0,bbref_war
tylerle01,tylerle01,Lefty Tyler,Deadball (1901-1919),1916,1918,1910,1921,ATL,ATL,SP,323,265,7,2230.0,127,116,1003,829,51.0,19.64,4.08,3.07,0.16,2.77,109.21,8.42,43.6,44.3,56.0,36.2,66.4,52.0,C-,C-,C+,D+,C,47.3,Uncommon,False,False,0,bbref_war
donahre01,donahre01,Red Donahue,Deadball (1901-1919),1901,1901,1893,1906,PHI,PHI,SP,367,340,3,2966.3333333333335,164,175,787,689,61.0,28.62,2.37,1.96,0.14,2.99,110.21,8.95,3.5,81.6,56.6,39.0,72.0,47.4,F,A-,C+,D+,C,47.2,Uncommon,False,False,0,bbref_war
killied01,killied01,Ed Killian,Deadball (1901-1919),1906,1905,1903,1910,DET,DET,SP,214,180,4,1598.3333333333333,103,78,516,482,9.0,24.58,2.93,2.69,0.04,2.35,113.52,8.79,16.6,57.1,58.8,38.2,115.4,47.4,F,C+,C+,D+,C,47.0,Uncommon,False,False,0,bbref_war
davenda01,davenda01,Dave Davenport,Deadball (1901-1919),1916,1915,1914,1919,BAL,BAL,SP,259,186,12,1537.0,73,83,719,521,22.0,14.31,4.21,3.05,0.13,2.93,99.62,8.24,46.7,44.9,49.8,35.3,78.6,47.0,C,C-,C,D+,C,46.9,Uncommon,False,False,0,bbref_war
prendmi01,prendmi01,Mike Prendergast,Deadball (1901-1919),1916,1918,1914,1919,PHI,PHI,SP,180,97,4,908.3333333333334,41,53,311,207,29.0,8.07,3.08,2.05,0.29,2.74,98.38,10.33,20.2,78.4,48.9,46.3,11.7,50.2,D-,B+,C,C,C,46.9,Uncommon,False,False,0,bbref_war
kargeed01,kargeed01,Ed Karger,Deadball (1901-1919),1908,1907,1906,1911,STL,STL,SP,165,123,3,1091.6666666666667,48,67,415,314,12.0,10.24,3.42,2.59,0.1,2.79,94.04,8.86,28.2,60.4,46.1,38.5,91.2,51.5,D,B-,C,D+,C,46.6,Uncommon,False,False,0,bbref_war
easonma01,easonma01,Mal Eason,Deadball (1901-1919),1902,1902,1900,1906,CHC,CHC,SP,125,114,1,951.3333333333334,36,73,274,291,20.0,1.29,2.59,2.75,0.19,3.42,146.94,8.6,8.7,54.9,80.5,37.2,53.1,45.6,F,C,A-,D+,C,46.5,Uncommon,False,False,0,bbref_war
mayerer01,mayerer01,Erskine Mayer,Deadball (1901-1919),1915,1914,1912,1919,PHI,PHI,SP,245,165,6,1427.0,91,70,482,345,43.0,14.74,3.1,2.2,0.27,2.76,99.02,10.42,20.7,73.3,49.4,46.8,17.5,53.9,D-,B,C,C,C,46.4,Uncommon,False,False,0,bbref_war
bagbyji01,bagbyji01,Jim Bagby,Deadball (1901-1919),1918,1920,1912,1923,CLE,CLE,SP,316,208,29,1821.6666666666667,127,88,450,458,47.0,31.56,2.22,2.14,0.2,2.83,117.46,9.81,1.0,75.4,61.3,43.6,50.3,51.7,F,B+,B-,C-,C,46.1,Uncommon,False,False,0,bbref_war
corrifr01,corrifr01,Frank Corridon,Deadball (1901-1919),1908,1904,1904,1910,PHI,PHI,SP,180,140,7,1216.0,70,67,458,375,7.0,8.05,3.39,2.78,0.05,2.8,96.8,8.72,27.5,54.2,47.9,37.8,111.0,49.1,D,C,C,D+,C,46.1,Uncommon,False,False,0,bbref_war
daussho01,daussho01,Hooks Dauss,Deadball (1901-1919),1917,1915,1912,1926,DET,DET,SP,538,388,40,3390.6666666666665,222,182,1201,1067,87.0,25.6,3.44,2.8,0.17,2.87,111.08,8.47,28.7,53.2,57.2,36.5,63.0,47.8,D,C,C+,D+,C,45.8,Uncommon,False,False,0,bbref_war
smithge02,smithge02,George Smith,Deadball (1901-1919),1919,1920,1916,1923,PHI,PHI,SP,229,118,4,1143.3333333333333,41,81,263,255,54.0,5.98,2.13,1.98,0.41,3.68,92.63,15.78,1.0,80.8,45.2,75.1,1.0,47.8,F,A-,C,B+,C,45.5,Uncommon,False,False,0,bbref_war
chenela01,chenela01,Larry Cheney,Deadball (1901-1919),1914,1912,1911,1919,LAD,LAD,SP,313,225,19,1881.3333333333333,116,100,926,733,36.0,17.43,4.49,3.41,0.18,2.52,99.57,8.67,53.3,32.8,49.7,37.5,56.7,58.5,C,D,C,D+,C+,45.3,Uncommon,False,False,0,bbref_war
shoreer01,shoreer01,Ernie Shore,Deadball (1901-1919),1916,1915,1912,1920,BOS,BOS,SP,160,121,5,979.3333333333334,65,43,309,270,12.0,11.52,2.84,2.48,0.11,2.47,100.05,8.18,14.5,64.0,50.0,35.0,86.4,67.0,F,B-,C,D+,B,45.0,Uncommon,False,False,0,bbref_war
rhoadbo01,rhoadbo01,Bob Rhoads,Deadball (1901-1919),1906,1906,1902,1909,CLE,CLE,SP,218,185,2,1691.6666666666667,97,82,522,494,19.0,12.83,2.66,2.63,0.08,2.37,106.57,9.16,10.2,59.2,54.3,40.1,98.0,62.1,F,C+,C,C-,B-,44.9,Uncommon,False,False,0,bbref_war
millefr02,millefr02,Frank Miller,Deadball (1901-1919),1918,1916,1913,1923,PIT,PIT,SP,163,127,4,1010.0,52,66,359,254,21.0,11.81,3.2,2.26,0.19,3.01,91.97,6.96,23.0,71.3,44.8,28.5,54.0,51.6,D-,B,C-,D,C,44.3,Uncommon,False,False,0,bbref_war
bailebi01,bailebi01,Bill Bailey,Deadball (1901-1919),1912,1909,1907,1922,BAL,BAL,SP,203,117,0,1084.3333333333333,38,76,570,527,20.0,4.16,5.2,3.93,0.12,3.3,83.18,10.04,70.1,15.3,39.1,44.8,82.2,45.5,B,F,D+,C-,C,44.2,Uncommon,False,False,0,bbref_war
richile01,richile01,Lew Richie,Deadball (1901-1919),1909,1911,1906,1913,PHI,PHI,SP,241,136,9,1359.3333333333333,74,65,438,495,21.0,16.47,2.94,3.23,0.13,2.37,124.18,10.19,16.9,38.8,65.7,45.6,80.1,59.1,F,D+,B,C,C+,44.2,Uncommon,False,False,0,bbref_war
bellge01,bellge01,George Bell,Deadball (1901-1919),1909,1910,1907,1911,LAD,LAD,SP,160,124,4,1086.0,43,79,376,305,15.0,8.34,3.12,2.53,0.12,2.85,91.42,8.7,21.0,62.5,44.4,37.7,80.5,47.9,D-,B-,C-,D+,C,44.1,Uncommon,False,False,0,bbref_war
lushjo01,lushjo01,Johnny Lush,Deadball (1901-1919),1907,1908,1904,1910,STL,STL,SP,182,155,2,1239.3333333333333,66,85,490,413,17.0,6.6,3.56,3.0,0.12,2.68,106.61,7.98,31.4,46.7,54.3,33.9,80.8,38.1,D,C,C,D,D+,44.1,Uncommon,False,False,0,bbref_war
patteca01,patteca01,Casey Patten,Deadball (1901-1919),1904,1906,1901,1908,MIN,MIN,SP,270,238,4,2062.3333333333335,106,128,757,557,40.0,16.21,3.31,2.42,0.18,3.34,90.34,8.7,25.6,65.9,43.7,37.7,58.5,34.1,D,B,C-,D+,D,44.1,Uncommon,False,False,0,bbref_war
newtodo01,newtodo01,Doc Newton,Deadball (1901-1919),1905,1902,1900,1909,NYY,NYY,SP,178,139,3,1201.6666666666667,54,72,503,416,17.0,11.24,3.75,3.09,0.13,3.23,100.66,8.54,36.0,43.6,50.4,36.9,78.2,42.0,D+,C-,C,D+,C-,44.0,Uncommon,False,False,0,bbref_war
frommar01,frommar01,Art Fromme,Deadball (1901-1919),1910,1909,1906,1915,CIN,CIN,SP,252,167,4,1438.0,80,90,638,530,37.0,13.49,3.93,3.38,0.23,2.72,115.48,9.0,40.1,34.1,60.1,39.3,36.5,49.9,C-,D,B-,D+,C,43.8,Uncommon,False,False,0,bbref_war
morgacy01,morgacy01,Cy Morgan,Deadball (1901-1919),1909,1909,1903,1913,BAL,BAL,SP,210,172,3,1445.3333333333333,78,78,667,578,18.0,14.96,4.07,3.45,0.12,2.33,96.59,8.74,43.4,31.4,47.8,37.9,81.7,61.1,C-,D,C,D+,B-,43.5,Uncommon,False,False,0,bbref_war
fosteru01,fosteru01,Rube Foster,Deadball (1901-1919),1915,1915,1913,1917,BOS,BOS,SP,138,103,3,842.3333333333334,58,33,294,305,6.0,11.2,3.14,3.26,0.06,2.36,115.16,8.3,21.6,37.9,59.9,35.6,105.8,58.3,D-,D+,C+,D+,C+,43.4,Uncommon,False,False,0,bbref_war
seatoto01,seatoto01,Tom Seaton,Deadball (1901-1919),1914,1913,1912,1917,CHC,CHC,SP,231,154,11,1340.0,93,65,644,530,30.0,11.17,4.33,3.56,0.2,3.14,107.06,8.83,49.4,27.9,54.6,38.4,47.9,46.1,C,D,C,D+,C,43.4,Uncommon,False,False,0,bbref_war
warhoja01,warhoja01,Jack Warhop,Deadball (1901-1919),1911,1912,1908,1915,NYY,NYY,SP,221,150,7,1412.6666666666667,69,93,463,400,28.0,18.37,3.01,2.45,0.18,3.09,93.46,9.39,18.6,65.2,45.7,41.4,57.0,39.7,F,B,C,C-,D+,43.4,Uncommon,False,False,0,bbref_war
pittito01,pittito01,Togie Pittinger,Deadball (1901-1919),1904,1902,1900,1907,ATL,ATL,SP,262,227,3,2040.6666666666667,115,113,832,734,39.0,20.98,3.76,3.18,0.15,2.98,96.81,8.87,36.2,40.7,47.9,38.6,69.8,49.0,D+,C-,C,D+,C,42.9,Uncommon,False,False,0,bbref_war
willile01,willile01,Lefty Williams,Deadball (1901-1919),1917,1919,1913,1920,CHW,CHW,SP,189,152,5,1186.0,82,48,515,347,30.0,12.94,3.91,2.63,0.23,3.13,80.6,6.81,39.6,58.9,37.4,27.7,36.9,53.9,D+,C+,D+,D,C,42.7,Uncommon,False,False,0,bbref_war
harpeha01,harpeha01,Harry Harper,Deadball (1901-1919),1917,1916,1913,1923,MIN,MIN,SP,219,171,5,1256.0,57,76,623,582,26.0,14.88,4.56,4.16,0.17,2.64,115.62,9.04,55.0,7.7,60.2,39.5,59.3,59.2,C+,F,B-,D+,C+,42.6,Uncommon,False,False,0,bbref_war
perduhu01,perduhu01,Hub Perdue,Deadball (1901-1919),1913,1912,1911,1915,ATL,ATL,SP,161,122,7,918.3333333333334,51,64,317,199,43.0,2.34,3.11,1.95,0.42,3.85,82.06,7.67,20.8,81.8,38.3,32.2,1.0,48.2,D-,A-,D+,D,C,42.5,Uncommon,False,False,0,bbref_war
cronija01,cronija01,Jack Cronin,Deadball (1901-1919),1901,1902,1895,1904,SFG,SFG,SP,128,102,3,923.3333333333334,43,58,318,235,28.0,8.6,3.1,2.29,0.27,3.4,86.52,8.82,20.6,70.4,41.2,38.4,17.8,48.8,D-,B,C-,D+,C,42.1,Uncommon,False,False,0,bbref_war
dugglbi01,dugglbi01,Bill Duggleby,Deadball (1901-1919),1903,1906,1898,1907,PHI,PHI,SP,241,191,6,1741.3333333333333,93,102,453,424,39.0,15.48,2.37,2.16,0.2,3.12,95.44,9.23,3.6,74.8,47.0,40.5,48.9,44.6,F,B,C,C-,C-,42.1,Uncommon,False,False,0,bbref_war
beebefr01,beebefr01,Fred Beebe,Deadball (1901-1919),1909,1907,1906,1916,STL,STL,SP,202,153,4,1294.3333333333333,62,83,634,534,17.0,5.7,4.41,3.71,0.12,2.86,93.82,8.25,51.4,22.7,46.0,35.3,83.0,50.2,C,D-,C,D+,C,42.0,Uncommon,False,False,0,bbref_war
shawji01,shawji01,Jim Shaw,Deadball (1901-1919),1917,1919,1913,1921,MIN,MIN,SP,287,193,17,1600.3333333333333,84,98,767,688,28.0,19.33,4.36,3.86,0.15,2.97,104.19,8.54,50.2,17.7,52.7,36.9,69.1,51.3,C,F,C,D+,C,41.7,Uncommon,False,False,0,bbref_war
willeed01,willeed01,Ed Willett,Deadball (1901-1919),1910,1910,1906,1915,DET,DET,SP,274,202,5,1773.3333333333333,102,99,600,565,24.0,13.62,2.89,2.83,0.1,2.87,97.8,8.61,15.8,52.3,48.6,37.3,89.8,43.1,F,C,C,D+,C-,41.4,Uncommon,False,False,0,bbref_war
flahepa02,flahepa02,Patsy Flaherty,Deadball (1901-1919),1905,1904,1899,1911,PIT,PIT,SP,173,150,2,1302.6666666666667,67,84,271,331,25.0,6.78,1.86,2.47,0.14,2.86,86.71,11.05,1.0,64.4,41.4,50.1,71.9,62.9,F,B-,C-,C,B-,41.0,Uncommon,False,False,0,bbref_war
hallch02,hallch02,Charley Hall,Deadball (1901-1919),1910,1910,1906,1918,BOS,BOS,SP,188,80,12,909.6666666666666,54,47,427,391,16.0,6.68,4.3,3.91,0.17,2.91,94.56,10.98,48.8,16.1,46.5,49.8,63.2,51.3,C,F,C,C,C,41.0,Uncommon,False,False,0,bbref_war
allenfr01,allenfr01,Frank Allen,Deadball (1901-1919),1914,1915,1912,1917,LAD,LAD,SP,180,127,3,970.3333333333334,50,67,457,373,26.0,7.13,4.24,3.46,0.24,2.93,98.55,7.68,47.4,31.2,49.1,32.3,31.2,51.5,C,D,C,D,C,40.9,Uncommon,False,False,0,bbref_war
dornegu01,dornegu01,Gus Dorner,Deadball (1901-1919),1906,1907,1902,1909,ATL,ATL,SP,131,106,1,910.3333333333334,35,69,275,330,18.0,-2.14,2.72,3.26,0.18,3.37,126.28,9.29,11.7,37.8,67.1,40.8,57.8,50.0,F,D+,B,C-,C,40.7,Uncommon,False,False,0,bbref_war
lavenji01,lavenji01,Jimmy Lavender,Deadball (1901-1919),1914,1915,1912,1917,CHC,CHC,SP,224,142,12,1207.3333333333333,63,76,547,447,38.0,6.61,4.08,3.33,0.28,3.09,95.53,8.65,43.6,35.5,47.1,37.4,13.5,54.5,C-,D+,C,D+,C,40.6,Uncommon,False,False,0,bbref_war
schulal01,schulal01,Al Schulz,Deadball (1901-1919),1914,1915,1912,1916,NYY,NYY,SP,160,110,4,933.3333333333334,47,62,445,409,19.0,3.9,4.29,3.94,0.18,3.32,102.59,10.08,48.6,15.0,51.7,45.0,55.6,44.5,C,F,C,C,C-,40.6,Uncommon,False,False,0,bbref_war
willist03,willist03,String Bean Williams,Deadball (1901-1919),1915,1924,1910,1925,HIST,HIST,SP,152,104,2,975.6666666666666,60,55,457,320,28.0,-0.7,4.06,3.24,0.38,4.82,73.51,13.27,43.3,38.7,32.8,61.9,1.0,52.0,C-,D+,D,B-,C,40.6,Uncommon,False,False,0,bbref_war
mcintha01,mcintha01,Harry McIntire,Deadball (1901-1919),1909,1908,1905,1913,LAD,LAD,SP,237,188,7,1650.0,71,117,626,539,34.0,7.22,3.3,2.94,0.19,3.09,86.16,8.7,25.3,48.6,41.0,37.7,53.6,54.4,D,C,C-,D+,C,39.8,Uncommon,False,False,0,bbref_war
coumbfr01,coumbfr01,Fritz Coumbe,Deadball (1901-1919),1917,1916,1914,1921,CLE,CLE,RP,193,70,13,761.3333333333334,38,38,212,217,10.0,8.03,2.47,2.57,0.12,2.76,111.19,11.29,5.9,61.1,57.3,12.5,82.0,52.3,F,B-,C+,F,C,39.7,Uncommon,False,False,0,bbref_war
townsha01,townsha01,Happy Townsend,Deadball (1901-1919),1904,1905,1901,1906,MIN,MIN,SP,153,125,0,1137.6666666666667,34,82,473,416,24.0,0.96,3.74,3.29,0.19,3.59,85.58,9.07,35.7,36.9,40.6,39.7,52.8,50.1,D+,D+,C-,D+,C,39.4,Uncommon,False,False,0,bbref_war
gallibe01,gallibe01,Bert Gallia,Deadball (1901-1919),1916,1915,1912,1920,MIN,MIN,SP,242,135,10,1277.0,66,68,550,494,21.0,10.85,3.82,3.39,0.14,2.95,79.53,8.66,37.5,33.6,36.7,37.5,74.5,58.0,D+,D,D+,D+,C+,39.2,Uncommon,False,False,0,bbref_war
schnepe01,schnepe01,Pete Schneider,Deadball (1901-1919),1916,1915,1914,1919,CIN,CIN,SP,207,162,4,1274.0,59,86,487,498,16.0,6.6,3.44,3.52,0.11,2.66,102.07,7.73,28.6,29.3,51.3,32.6,85.2,55.9,D,D,C,D,C+,39.2,Uncommon,False,False,0,bbref_war
knetzel01,knetzel01,Elmer Knetzer,Deadball (1901-1919),1912,1915,1909,1917,LAD,LAD,SP,220,134,6,1267.3333333333333,69,69,535,484,30.0,5.13,3.82,3.58,0.2,3.18,95.35,9.04,37.6,27.2,47.0,39.5,49.4,46.4,D+,D,C,D+,C,38.7,Common,False,False,0,bbref_war
wilheka01,wilheka01,Kaiser Wilhelm,Deadball (1901-1919),1909,1908,1903,1921,LAD,LAD,SP,216,158,5,1432.3333333333333,56,105,444,418,34.0,5.3,2.43,2.49,0.16,3.01,81.87,10.01,4.8,63.7,38.2,44.6,64.7,40.3,F,B-,D+,C-,C-,38.6,Common,False,False,0,bbref_war
harmobo01,harmobo01,Bob Harmon,Deadball (1901-1919),1914,1914,1909,1918,STL,STL,SP,321,240,12,2054.0,107,133,634,762,43.0,13.09,2.71,3.06,0.2,3.14,98.77,8.91,11.4,44.6,49.2,38.8,50.5,56.3,F,C-,C,D+,C+,37.5,Common,False,False,0,bbref_war
boehljo01,boehljo01,Joe Boehling,Deadball (1901-1919),1915,1913,1912,1920,MIN,MIN,SP,162,118,5,925.3333333333334,55,50,396,386,13.0,9.28,3.85,3.75,0.13,2.97,88.42,7.5,38.3,21.3,42.5,31.4,79.6,63.9,D+,D-,C-,D,B-,37.4,Common,False,False,0,bbref_war
perrysc01,perrysc01,Scott Perry,Deadball (1901-1919),1918,1918,1916,1921,OAK,OAK,SP,131,103,5,891.3333333333334,40,68,231,283,23.0,15.19,2.33,2.86,0.23,3.05,102.75,9.54,2.6,51.4,51.8,42.2,35.0,42.6,F,C,C,C-,C-,36.7,Common,False,False,0,bbref_war
lindavi01,lindavi01,Vive Lindaman,Deadball (1901-1919),1908,1906,1906,1909,ATL,ATL,SP,131,100,2,904.0,36,60,286,296,22.0,2.61,2.85,2.95,0.22,2.92,85.16,9.46,14.7,48.4,40.4,41.7,40.5,46.8,F,C,C-,C-,C,36.5,Common,False,False,0,bbref_war
dubucje01,dubucje01,Jean Dubuc,Deadball (1901-1919),1915,1912,1908,1919,DET,DET,SP,256,150,13,1444.3333333333333,85,76,438,577,20.0,12.16,2.73,3.56,0.13,2.92,95.55,11.9,12.0,27.7,47.1,54.6,76.7,52.0,F,D,C,C,C,36.3,Common,False,False,0,bbref_war
harpeja01,harpeja01,Jack Harper,Deadball (1901-1919),1902,1904,1899,1906,CIN,CIN,SP,158,148,1,1216.6666666666667,80,64,466,438,25.0,6.38,3.44,3.2,0.2,3.5,78.02,7.28,28.5,39.9,35.7,30.2,48.7,61.0,D,D+,D+,D,B-,36.0,Common,False,False,0,bbref_war
scanldo01,scanldo01,Doc Scanlan,Deadball (1901-1919),1906,1910,1903,1911,LAD,LAD,SP,181,149,5,1252.0,65,71,584,608,15.0,11.67,4.26,4.26,0.1,2.93,90.17,8.45,47.9,4.3,43.6,36.4,89.5,42.3,C,F,C-,D+,C-,36.0,Common,False,False,0,bbref_war
morenle01,morenle01,Lew Moren,Deadball (1901-1919),1908,1909,1903,1910,PHI,PHI,SP,141,105,3,882.0,48,57,356,331,17.0,2.09,3.63,3.38,0.17,2.95,72.26,8.01,33.2,34.0,32.0,34.1,59.7,59.6,D,D,D,D,C+,35.9,Common,False,False,0,bbref_war
oeschjo01,oeschjo01,Joe Oeschger,Deadball (1901-1919),1919,1921,1914,1925,PHI,PHI,SP,365,197,8,1818.0,82,116,535,651,61.0,9.46,2.76,3.07,0.29,3.32,99.15,8.83,12.7,44.2,49.4,38.4,10.5,51.7,F,C-,C,D+,C,35.4,Common,False,False,0,bbref_war
bargecy01,bargecy01,Cy Barger,Deadball (1901-1919),1911,1910,1906,1915,LAD,LAD,SP,151,111,9,975.6666666666666,46,63,297,334,18.0,5.24,2.74,3.08,0.17,3.56,85.43,8.46,12.2,43.9,40.5,36.4,62.9,43.7,F,C-,C-,D+,C-,34.9,Common,False,False,0,bbref_war
frasech01,frasech01,Chick Fraser,Deadball (1901-1919),1901,1900,1896,1909,PHI,PHI,SP,434,388,6,3364.0,175,212,1098,1338,69.0,18.95,2.8,3.56,0.16,3.59,99.37,8.72,13.5,27.8,49.6,37.8,67.3,41.0,F,D,C,D+,C-,33.8,Common,False,False,0,bbref_war
jacobel01,jacobel01,Elmer Jacobs,Deadball (1901-1919),1919,1917,1914,1927,PIT,PIT,SP,250,133,7,1189.3333333333333,50,81,336,423,40.0,9.05,2.53,3.14,0.31,3.37,93.39,9.63,7.2,42.0,45.7,42.6,4.1,50.1,F,C-,C,C-,C,32.8,Common,False,False,0,bbref_war
bolanbe01,bolanbe01,Bernie Boland,Deadball (1901-1919),1918,1919,1915,1921,DET,DET,SP,209,119,12,1062.0,68,53,364,432,13.0,11.81,3.08,3.66,0.11,3.25,81.56,8.68,20.3,24.5,38.0,37.6,86.4,40.9,D-,D-,D+,D+,C-,32.7,Common,False,False,0,bbref_war
brownbu01,brownbu01,Buster Brown,Deadball (1901-1919),1909,1910,1905,1913,ATL,ATL,SP,234,165,4,1451.6666666666667,51,103,501,631,36.0,12.75,3.03,3.95,0.2,3.1,93.11,8.73,19.1,14.8,45.5,37.8,46.7,43.3,F,F,C,D+,C-,30.0,Common,False,False,0,bbref_war
myersel01,myersel01,Elmer Myers,Deadball (1901-1919),1919,1920,1915,1922,OAK,OAK,SP,185,127,7,1102.0,55,72,428,440,30.0,1.31,3.4,3.61,0.28,3.98,66.84,8.22,27.7,26.2,28.4,35.2,14.9,48.5,D,D,D,D+,C,29.0,Common,False,False,0,bbref_war
jamesbi01,jamesbi01,Bill James,Deadball (1901-1919),1915,1914,1911,1919,DET,DET,SP,203,147,4,1179.6666666666667,65,71,408,578,16.0,6.28,3.11,4.34,0.11,3.14,90.85,8.28,21.0,1.7,44.1,35.5,86.2,47.3,D-,F,C-,D+,C,28.7,Common,False,False,0,bbref_war
kimbrcr01,kimbrcr01,Craig Kimbrel,Efficiency Era (2006-2015),2014,2017,2010,2025,ATL,ATL,RP,851,0,440,821.6666666666666,56,48,1282,346,75.0,19.36,14.85,3.13,0.61,1.76,296.0,,125.0,59.1,125.0,3.4,75.2,84.2,S,C+,S,F,A-,85.8,Legendary,True,False,9,bbref_war
kershcl01,kershcl01,Clayton Kershaw,Efficiency Era (2006-2015),2013,2013,2008,2025,LAD,LAD,SP,455,451,0,2855.3333333333335,223,96,3052,713,235.0,47.72,9.92,2.03,0.53,2.18,178.1,7.0,80.0,90.2,100.8,74.4,82.7,49.5,A-,A,S,B,C,85.5,Legendary,True,False,11,bbref_war
millean01,millean01,Andrew Miller,Efficiency Era (2006-2015),2015,2016,2006,2021,BOS,BOS,RP,612,66,63,829.0,55,55,979,383,80.0,12.21,13.89,2.95,0.69,2.21,206.03,,125.0,64.3,118.9,2.9,67.5,84.6,S,B-,S,F,A-,85.1,Legendary,True,False,2,bbref_war
ueharko01,ueharko01,Koji Uehara,Efficiency Era (2006-2015),2012,2013,2009,2017,BOS,BOS,RP,436,12,95,480.6666666666667,22,26,572,78,60.0,12.61,10.57,1.27,1.04,2.42,203.2,5.56,88.7,111.6,117.1,5.4,34.5,57.0,A,S,S,F,C+,84.7,Legendary,True,False,1,bbref_war
papeljo01,papeljo01,Jonathan Papelbon,Efficiency Era (2006-2015),2009,2006,2005,2016,BOS,BOS,RP,689,3,368,725.6666666666666,41,36,808,185,57.0,19.53,10.73,1.99,0.58,2.05,246.06,,90.8,91.2,125.0,3.9,77.7,55.2,A,A,S,F,C+,84.0,Legendary,True,False,6,bbref_war
chapmar01,chapmar01,Aroldis Chapman,Efficiency Era (2006-2015),2015,2025,2010,2025,NYY,NYY,RP,863,0,367,821.3333333333334,60,48,1331,408,54.0,17.53,14.92,3.48,0.48,1.79,245.92,,125.0,49.5,125.0,3.3,87.4,73.1,S,C,S,F,B,83.4,Legendary,True,False,8,bbref_war
nathajo01,nathajo01,Joe Nathan,Efficiency Era (2006-2015),2007,2004,1999,2016,MIN,MIN,RP,787,29,377,923.3333333333334,64,34,976,344,84.0,21.71,11.0,2.64,0.54,1.81,256.51,,94.5,72.9,125.0,3.7,81.6,54.8,A,B,S,F,C,80.5,Legendary,True,False,6,bbref_war
hallaro01,hallaro01,Roy Halladay,Efficiency Era (2006-2015),2008,2011,1998,2013,TOR,TOR,SP,416,390,1,2749.3333333333335,203,105,2117,592,236.0,51.33,7.42,1.4,0.67,2.73,161.09,7.39,46.7,107.9,89.7,79.0,68.9,59.7,C,S,A,B+,C+,79.4,Legendary,True,True,8,bbref_war
fernajo02,fernajo02,Jose Fernandez,Efficiency Era (2006-2015),2014,2013,2013,2016,MIA,MIA,SP,76,76,0,471.3333333333333,38,17,589,140,31.0,13.06,11.25,2.67,0.59,2.58,149.27,6.2,97.7,72.1,82.0,65.0,76.7,50.7,A+,B,A-,B,C,79.1,Legendary,True,False,2,bbref_war
hollagr01,hollagr01,Greg Holland,Efficiency Era (2006-2015),2014,2013,2010,2022,KCR,KCR,RP,556,0,220,547.6666666666666,30,28,677,241,43.0,12.96,11.82,3.49,0.49,2.35,211.87,,105.4,49.1,122.7,3.7,86.5,64.5,S,C,S,F,B-,77.4,Legendary,True,False,3,bbref_war
betanra01,betanra01,Rafael Betancourt,Efficiency Era (2006-2015),2009,2007,2003,2015,CLE,CLE,RP,680,0,75,685.6666666666666,38,37,724,164,71.0,13.44,9.97,1.85,0.85,2.61,187.69,,80.7,95.2,107.0,3.8,52.2,55.2,A-,A+,S,F,C+,76.7,Legendary,False,False,0,bbref_war
greinza01,greinza01,Zack Greinke,Efficiency Era (2006-2015),2014,2009,2004,2023,KCR,KCR,SP,586,541,1,3389.3333333333335,225,156,2979,762,367.0,44.47,8.61,1.94,0.77,2.66,159.41,6.51,62.5,92.8,88.6,68.6,59.6,46.6,B-,A,A,B,C,76.6,Legendary,True,False,4,bbref_war
santajo01,santajo02,Johan Santana,Efficiency Era (2006-2015),2006,2004,2000,2012,MIN,MIN,SP,360,284,1,2025.6666666666667,139,78,1988,567,220.0,44.48,8.99,2.17,0.95,2.87,153.23,7.11,67.6,86.2,84.6,75.8,42.6,64.7,B,A,A-,B+,B-,76.3,Legendary,True,False,4,bbref_war
neshepa01,neshepa01,Pat Neshek,Efficiency Era (2006-2015),2014,2017,2006,2019,MIN,MIN,RP,544,0,16,488.0,36,25,471,133,57.0,10.12,9.27,1.92,0.85,2.28,203.49,,71.4,93.2,117.3,2.4,52.1,48.2,B,A,S,F,C,75.9,Legendary,True,False,2,bbref_war
romose01,romose01,Sergio Romo,Efficiency Era (2006-2015),2013,2012,2008,2022,SFG,SFG,RP,821,5,137,722.6666666666666,42,36,789,179,85.0,8.55,10.23,1.8,0.79,2.45,166.32,,84.1,96.5,93.1,1.7,57.5,79.2,A-,A+,A,F,B+,75.5,Legendary,True,False,1,bbref_war
leecl02,leecl02,Cliff Lee,Efficiency Era (2006-2015),2010,2011,2002,2014,CLE,CLE,SP,328,324,0,2156.6666666666665,143,91,1824,464,223.0,39.13,7.89,1.46,0.78,3.01,138.0,7.06,52.9,106.2,74.7,75.1,58.9,44.9,C,S,B,B+,C-,74.9,Legendary,True,False,4,bbref_war
millesh01,millesh01,Shelby Miller,Efficiency Era (2006-2015),2015,2015,2012,2025,ARI,ARI,SP,302,133,13,921.6666666666666,51,69,789,359,103.0,13.03,7.87,3.32,0.84,3.13,165.75,13.15,52.6,53.9,92.7,125.0,53.1,59.3,C,C,A,S,C+,74.2,Legendary,True,False,1,bbref_war
adamsmi03,adamsmi03,Mike Adams,Efficiency Era (2006-2015),2009,2011,2004,2014,SDP,SDP,RP,408,0,4,407.3333333333333,21,20,409,126,33.0,9.81,9.07,2.62,0.65,2.22,225.52,,68.6,73.7,125.0,3.7,71.4,58.3,B,B,S,F,C+,73.9,Epic,False,False,0,bbref_war
putzjj01,putzjj01,J. J. Putz,Efficiency Era (2006-2015),2010,2007,2003,2014,SEA,SEA,RP,572,0,189,566.6666666666666,37,33,599,184,50.0,12.91,10.08,2.28,0.75,2.45,181.94,,82.2,83.2,103.3,3.3,62.1,60.2,A-,A-,S,F,B-,73.8,Legendary,True,False,1,bbref_war
daviswa01,daviswa01,Wade Davis,Efficiency Era (2006-2015),2015,2014,2009,2021,KCR,KCR,RP,557,88,141,990.3333333333334,63,55,929,389,104.0,14.7,9.76,3.37,0.76,2.71,233.79,5.79,77.9,52.6,125.0,8.0,60.8,79.9,B+,C,S,F,B+,72.1,Epic,True,False,3,bbref_war
odayda01,odayda01,Darren O'Day,Efficiency Era (2006-2015),2013,2015,2008,2022,BAL,BAL,RP,644,0,21,609.0,42,21,637,172,64.0,15.24,9.32,2.35,0.81,2.13,192.29,,72.1,81.1,110.0,2.7,55.9,62.1,B,A-,S,F,B-,72.1,Epic,True,False,1,bbref_war
priceda01,priceda01,David Price,Efficiency Era (2006-2015),2014,2012,2008,2022,TB,TB,SP,400,322,3,2143.6666666666665,157,82,2076,562,221.0,31.89,8.96,2.29,0.89,3.15,131.23,6.68,67.2,82.9,70.3,70.7,48.5,76.7,B,A-,B,B,B+,72.0,Legendary,True,False,5,bbref_war
saitota01,saitota01,Takashi Saito,Efficiency Era (2006-2015),2009,2007,2006,2012,LAD,LAD,RP,338,0,84,338.0,21,15,400,108,25.0,10.53,10.65,2.88,0.67,2.34,185.21,,89.8,66.4,105.4,3.5,69.7,52.6,A,B,S,F,C,72.0,Epic,True,False,1,bbref_war
hernafe02,hernafe02,Felix Hernandez,Efficiency Era (2006-2015),2012,2010,2005,2019,SEA,SEA,SP,419,418,0,2729.6666666666665,169,136,2524,805,264.0,38.39,8.65,2.46,0.67,2.82,141.52,6.84,63.1,78.1,77.0,72.6,68.9,47.6,B-,B+,B+,B,C,71.3,Legendary,True,False,6,bbref_war
buchhcl01,buchhcl01,Clay Buchholz,Efficiency Era (2006-2015),2011,2010,2007,2019,BOS,BOS,SP,236,218,0,1332.3333333333333,90,69,1024,458,139.0,20.17,7.22,2.93,0.66,2.71,185.96,6.38,44.0,64.9,105.9,67.1,69.8,78.7,C-,B-,S,B,B+,71.2,Epic,True,False,2,bbref_war
soriara01,soriara01,Rafael Soriano,Efficiency Era (2006-2015),2009,2012,2002,2015,SEA,SEA,RP,591,8,207,636.3333333333334,24,28,641,197,62.0,12.68,9.49,2.56,0.85,2.46,185.95,,74.2,75.3,105.9,4.0,52.6,77.1,B,B+,S,F,B+,70.9,Epic,True,False,1,bbref_war
sabatcc01,sabatc.01,CC Sabathia,Efficiency Era (2006-2015),2008,2008,2001,2019,NYY,NYY,SP,561,560,0,3577.3333333333335,251,161,3093,1099,382.0,38.75,7.91,2.31,0.74,3.17,143.0,6.96,53.2,82.3,77.9,74.0,63.0,64.5,C,A-,B+,B,B-,70.8,Legendary,True,True,6,bbref_war
lidgebr01,lidgebr01,Brad Lidge,Efficiency Era (2006-2015),2007,2004,2002,2012,HOU,HOU,RP,603,1,225,603.3333333333334,26,32,799,287,57.0,12.22,12.19,3.93,0.7,2.59,187.1,,110.3,36.9,106.6,3.8,66.7,66.3,S,D+,S,F,B,70.7,Epic,True,False,2,bbref_war
soriajo01,soriajo01,Joakim Soria,Efficiency Era (2006-2015),2010,2010,2007,2021,KCR,KCR,RP,773,1,229,763.0,36,45,831,231,67.0,16.12,9.92,2.56,0.61,2.46,187.92,,80.0,75.3,107.1,3.7,74.5,11.8,A-,B+,S,F,F,70.5,Epic,True,False,2,bbref_war
wainwad01,wainwad01,Adam Wainwright,Efficiency Era (2006-2015),2010,2013,2005,2023,STL,STL,SP,478,411,3,2668.3333333333335,200,128,2202,736,233.0,33.77,7.48,2.21,0.63,2.87,139.15,6.77,47.5,85.2,75.5,71.7,73.1,81.2,C,A,B+,B,A-,70.5,Epic,True,False,3,bbref_war
lestejo01,lestejo01,Jon Lester,Efficiency Era (2006-2015),2011,2009,2006,2021,BOS,BOS,SP,452,451,0,2740.0,200,117,2488,892,294.0,34.75,8.8,2.72,0.76,3.07,140.26,6.43,65.0,70.9,76.2,67.7,61.1,80.7,B,B,B+,B,A-,70.3,Epic,True,False,5,bbref_war
rodrifr03,rodrifr03,Francisco Rodriguez,Efficiency Era (2006-2015),2006,2006,2002,2017,MIL,MIL,RP,948,0,437,976.0,52,53,1142,389,98.0,17.59,11.35,3.86,0.66,2.42,191.36,,99.1,38.8,109.4,4.6,70.2,65.3,A+,D+,S,F,B,69.3,Epic,True,False,6,bbref_war
hamelco01,hamelco01,Cole Hamels,Efficiency Era (2006-2015),2012,2011,2006,2020,PHI,PHI,SP,423,422,0,2698.0,163,122,2560,767,310.0,36.52,8.67,2.47,0.95,3.06,134.71,6.69,63.3,77.7,72.6,70.8,42.6,59.8,B-,B+,B,B,C+,69.1,Epic,True,False,4,bbref_war
mccarbr01,mccarbr01,Brandon McCarthy,Efficiency Era (2006-2015),2011,2011,2005,2018,TEX,TEX,SP,255,197,0,1223.6666666666667,69,75,908,323,145.0,10.11,6.83,2.13,1.03,3.91,109.05,11.4,38.9,87.3,55.9,125.0,35.3,60.7,D+,A,C+,S,B-,69.1,Epic,False,False,0,bbref_war
cuetojo01,cuetojo01,Johnny Cueto,Efficiency Era (2006-2015),2014,2014,2008,2024,CIN,CIN,SP,370,365,0,2256.3333333333335,144,113,1857,637,253.0,30.69,7.3,2.2,0.74,2.92,139.44,6.62,45.2,85.3,75.6,69.9,62.3,77.1,C,A,B+,B,B+,69.0,Epic,True,False,2,bbref_war
harenda01,harenda01,Dan Haren,Efficiency Era (2006-2015),2008,2009,2003,2015,OAK,OAK,SP,391,380,1,2419.6666666666665,153,131,2013,500,305.0,31.22,7.79,1.81,1.01,3.49,125.34,6.67,51.6,96.4,66.5,70.6,36.7,60.0,C,A+,B,B,B-,69.0,Epic,True,False,3,bbref_war
carpech01,carpech01,Chris Carpenter,Efficiency Era (2006-2015),2006,2009,1997,2012,STL,STL,SP,350,332,0,2219.3333333333335,144,94,1697,627,220.0,30.34,7.2,2.14,0.8,3.2,134.03,6.81,43.7,87.1,72.1,72.2,56.7,75.7,C-,A,B,B,B+,68.2,Epic,True,False,3,bbref_war
streehu01,streehu01,Huston Street,Efficiency Era (2006-2015),2012,2005,2005,2017,OAK,OAK,RP,668,0,324,680.0,42,34,665,183,70.0,12.16,8.75,2.33,0.82,2.48,178.49,,64.4,81.6,101.0,3.7,55.0,60.1,B-,A-,S,F,B-,68.1,Epic,True,False,2,bbref_war
medlekr01,medlekr01,Kris Medlen,Efficiency Era (2006-2015),2012,2012,2009,2018,ATL,ATL,SP,174,76,1,599.3333333333334,41,26,496,163,50.0,8.75,7.48,2.24,0.75,3.15,101.96,8.96,47.5,84.3,51.3,97.6,61.6,87.1,C,A-,C,A+,A,67.9,Epic,False,False,0,bbref_war
benoijo01,benoijo01,Joaquin Benoit,Efficiency Era (2006-2015),2012,2013,2001,2017,TEX,TEX,RP,764,55,53,1068.6666666666667,58,49,1058,437,129.0,14.32,9.68,2.92,0.92,2.61,183.83,9.67,76.9,65.2,104.5,5.3,45.2,56.4,B+,B,S,F,C+,67.5,Epic,False,False,0,bbref_war
rodnefe01,rodnefe01,Fernando Rodney,Efficiency Era (2006-2015),2013,2012,2002,2019,DET,DET,RP,951,0,327,933.0,48,71,943,464,73.0,8.27,9.64,3.95,0.62,2.82,279.72,,76.2,36.1,125.0,3.6,74.4,72.3,B+,D+,S,F,B,67.2,Epic,True,False,3,bbref_war
motteja01,motteja01,Jason Motte,Efficiency Era (2006-2015),2012,2010,2008,2017,STL,STL,RP,444,0,60,397.6666666666667,27,15,375,125,49.0,5.59,8.66,2.65,0.91,2.93,190.1,,63.2,72.8,108.6,2.5,46.4,65.1,B-,B,S,F,B,67.1,Epic,False,False,0,bbref_war
chambjo03,chambjo03,Joba Chamberlain,Efficiency Era (2006-2015),2010,2008,2007,2016,NYY,NYY,RP,385,43,7,555.3333333333334,25,21,546,226,57.0,8.3,8.96,3.58,0.77,3.62,293.15,6.72,67.2,46.6,125.0,11.2,59.4,50.2,B,C,S,F,C,66.9,Epic,False,False,0,bbref_war
johnsjo09,johnsjo09,Josh Johnson,Efficiency Era (2006-2015),2009,2010,2005,2013,MIA,MIA,SP,170,160,0,998.0,58,45,915,338,74.0,26.39,8.17,2.96,0.58,3.08,147.43,7.27,56.7,64.1,80.8,77.6,77.9,16.9,C+,B-,A-,B+,F,66.8,Epic,True,False,2,bbref_war
wilsobr01,wilsobr01,Brian Wilson,Efficiency Era (2006-2015),2010,2010,2006,2014,SFG,SFG,RP,394,0,172,382.0,24,25,407,175,22.0,6.53,9.78,3.7,0.47,2.87,197.69,,78.2,43.1,113.5,3.6,87.9,63.8,B+,C-,S,F,B-,66.8,Epic,True,False,3,bbref_war
peavyja01,peavyja01,Jake Peavy,Efficiency Era (2006-2015),2006,2007,2002,2016,SDP,SDP,SP,388,377,0,2377.0,152,126,2207,708,259.0,28.51,8.85,2.75,0.94,3.18,130.99,6.45,65.8,69.8,70.1,68.0,43.9,54.0,B,B,B,B,C,66.5,Epic,True,False,3,bbref_war
lackejo01,lackejo01,John Lackey,Efficiency Era (2006-2015),2008,2007,2002,2017,LAA,LAA,SP,448,446,0,2840.3333333333335,188,147,2294,815,319.0,29.84,7.75,2.43,0.9,3.32,128.99,6.59,51.1,78.9,68.8,69.6,47.4,77.5,C,B+,B,B,B+,66.4,Epic,True,False,1,bbref_war
waldejo01,waldejo01,Jordan Walden,Efficiency Era (2006-2015),2012,2014,2010,2015,LAA,LAA,RP,243,0,39,222.0,12,14,266,96,13.0,3.3,10.78,3.89,0.53,3.0,185.21,,91.5,37.9,105.4,2.5,82.8,61.8,A,D+,S,F,B-,66.3,Epic,True,False,1,bbref_war
shielja02,shielja02,James Shields,Efficiency Era (2006-2015),2012,2011,2006,2018,TB,TB,SP,407,405,0,2616.0,145,139,2234,746,361.0,27.95,7.96,2.25,1.03,3.41,119.0,6.78,53.9,83.9,62.3,71.8,35.2,68.0,C,A-,B-,B,B,66.0,Epic,True,False,1,bbref_war
herreke01,herreke01,Kelvin Herrera,Efficiency Era (2006-2015),2015,2014,2011,2020,KCR,KCR,RP,522,0,61,513.6666666666666,27,32,510,160,50.0,10.92,8.92,2.67,0.77,2.77,177.15,,66.7,72.1,100.1,3.5,60.1,51.0,B,B,S,F,C,65.8,Epic,True,False,2,bbref_war
madsory01,madsory01,Ryan Madson,Efficiency Era (2006-2015),2011,2017,2003,2018,PHI,PHI,RP,740,18,91,869.6666666666666,61,48,775,250,82.0,12.67,8.1,2.28,0.65,2.69,172.14,77.0,55.7,83.0,96.9,4.2,71.2,48.9,C+,A-,A+,F,C,65.5,Epic,False,False,0,bbref_war
weaveje02,weaveje02,Jered Weaver,Efficiency Era (2006-2015),2011,2011,2006,2017,LAA,LAA,SP,331,331,0,2067.3333333333335,150,98,1621,551,262.0,31.09,7.58,2.37,0.99,3.07,133.33,6.51,48.9,80.5,71.7,68.7,39.3,58.5,C,A-,B,B,C+,65.5,Epic,True,False,3,bbref_war
gonzami02,gonzami02,Mike Gonzalez,Efficiency Era (2006-2015),2007,2006,2003,2013,PIT,PIT,RP,509,0,56,444.3333333333333,17,24,511,205,42.0,8.69,10.54,4.18,0.45,2.41,199.51,,88.2,29.7,114.7,2.6,90.0,46.8,A,D,S,F,C,65.4,Epic,False,False,0,bbref_war
feldmsc01,feldmsc01,Scott Feldman,Efficiency Era (2006-2015),2011,2009,2005,2017,TEX,TEX,SP,342,204,0,1386.3333333333333,78,84,882,439,161.0,9.34,5.68,2.67,0.88,3.87,163.53,8.08,23.5,72.3,91.3,87.2,48.9,56.0,D-,B,A,A,C+,65.1,Epic,False,False,0,bbref_war
siegrke01,siegrke01,Kevin Siegrist,Efficiency Era (2006-2015),2015,2015,2013,2017,STL,STL,RP,276,0,10,245.66666666666666,18,10,286,116,25.0,4.54,10.48,4.25,0.92,3.04,264.18,,87.5,27.8,125.0,2.2,45.9,48.8,A,D,S,F,C,65.1,Epic,False,False,0,bbref_war
beckejo02,beckejo02,Josh Beckett,Efficiency Era (2006-2015),2007,2007,2001,2014,BOS,BOS,SP,335,332,0,2051.0,138,106,1901,629,238.0,30.69,8.38,2.54,0.97,3.67,125.76,6.39,59.5,75.7,66.7,67.3,41.3,44.6,C+,B+,B,B,C-,64.9,Epic,True,False,3,bbref_war
zimmejo02,zimmejo02,Jordan Zimmermann,Efficiency Era (2006-2015),2013,2012,2009,2021,WSH,WSH,SP,279,275,0,1614.0,95,91,1271,346,195.0,20.68,7.44,1.79,0.93,3.41,116.13,6.04,46.9,97.0,60.5,63.1,44.2,41.2,C,A+,B-,B-,C-,64.8,Epic,True,False,2,bbref_war
linceti01,linceti01,Tim Lincecum,Efficiency Era (2006-2015),2010,2008,2007,2016,SFG,SFG,SP,278,270,1,1682.0,110,89,1736,669,147.0,24.23,9.54,3.41,0.65,3.26,123.56,6.33,74.9,51.5,65.3,66.5,71.2,64.2,B,C,B,B,B-,64.7,Epic,True,False,4,bbref_war
thatcjo01,thatcjo01,Joe Thatcher,Efficiency Era (2006-2015),2011,2010,2007,2015,SDP,SDP,RP,405,0,1,260.6666666666667,11,16,270,91,19.0,4.08,9.94,3.25,0.53,2.68,166.64,,80.3,55.8,93.3,1.0,82.8,60.2,A-,C+,A,F,B-,64.6,Epic,False,False,0,bbref_war
morrobr01,morrobr01,Brandon Morrow,Efficiency Era (2006-2015),2012,2012,2007,2018,TOR,TOR,RP,334,113,40,859.0,51,43,877,368,88.0,10.66,9.66,3.4,0.85,3.72,154.2,7.42,76.6,51.7,85.2,27.3,51.9,77.4,B+,C,A,D,B+,63.9,Epic,False,False,0,bbref_war
stroppe01,stroppe01,Pedro Strop,Efficiency Era (2006-2015),2015,2012,2009,2021,CHC,CHC,RP,561,0,32,505.6666666666667,29,30,554,232,34.0,9.69,9.66,3.81,0.49,2.55,188.79,,76.6,40.1,107.7,2.6,86.2,61.9,B+,C-,S,F,B-,63.9,Epic,False,False,0,bbref_war
kenneia01,kenneia01,Ian Kennedy,Efficiency Era (2006-2015),2014,2011,2007,2023,ARI,ARI,SP,497,290,66,1904.3333333333333,104,114,1775,647,280.0,18.46,8.51,2.76,1.1,3.56,120.01,6.22,61.3,69.6,63.0,65.3,28.0,81.9,B-,B,B-,B,A-,63.8,Epic,False,False,0,bbref_war
myersbr01,myersbr01,Brett Myers,Efficiency Era (2006-2015),2007,2010,2002,2013,PHI,PHI,SP,381,252,40,1710.0,97,96,1379,556,247.0,15.05,7.85,2.96,1.14,3.91,111.84,9.13,52.5,63.9,57.7,99.6,24.8,75.7,C,B-,C+,A+,B+,63.5,Epic,False,False,0,bbref_war
tazawju01,tazawju01,Junichi Tazawa,Efficiency Era (2006-2015),2013,2012,2009,2018,BOS,BOS,RP,388,4,4,395.3333333333333,21,26,374,109,49.0,3.68,8.88,2.05,0.98,3.58,131.74,6.33,66.2,89.7,70.6,3.9,39.8,85.3,B,A,B,F,A,63.5,Epic,False,False,0,bbref_war
zieglbr01,zieglbr01,Brad Ziegler,Efficiency Era (2006-2015),2012,2008,2008,2018,ARI,ARI,RP,739,0,105,717.3333333333334,37,38,479,248,32.0,12.95,5.91,2.97,0.27,2.19,217.63,,26.6,63.6,125.0,3.5,107.4,76.1,D,B-,S,F,B+,63.5,Epic,False,False,0,bbref_war
otsukak01,otsukak01,Akinori Otsuka,Efficiency Era (2006-2015),2006,2004,2004,2007,TEX,TEX,RP,236,0,39,232.0,13,15,217,80,12.0,6.6,8.42,3.1,0.47,2.44,183.71,,60.0,60.0,104.4,3.3,88.7,47.0,B-,B-,S,F,C,63.4,Epic,False,False,0,bbref_war
smylydr01,smylydr01,Drew Smyly,Efficiency Era (2006-2015),2015,2014,2012,2024,TB,TB,SP,330,179,3,1144.6666666666667,68,66,1119,373,190.0,12.78,8.73,2.59,1.24,3.52,130.36,5.47,64.2,74.6,69.7,56.3,15.4,40.8,B-,B,B,C+,C-,63.4,Epic,False,False,0,bbref_war
broxtjo01,broxtjo01,Jonathan Broxton,Efficiency Era (2006-2015),2009,2006,2005,2017,LAD,LAD,RP,694,0,118,676.0,43,38,758,268,51.0,10.17,10.54,3.32,0.54,2.85,146.43,,88.3,53.9,80.2,3.6,81.5,60.2,A,C,A-,F,B-,63.2,Epic,True,False,2,bbref_war
gregelu01,gregelu01,Luke Gregerson,Efficiency Era (2006-2015),2013,2012,2009,2019,SDP,SDP,RP,646,0,66,617.3333333333334,35,36,621,177,54.0,6.68,9.39,2.44,0.69,2.85,133.18,,72.9,78.5,71.6,3.2,67.3,70.4,B,B+,B,F,B,63.1,Epic,False,False,0,bbref_war
worleva01,worleva01,Vance Worley,Efficiency Era (2006-2015),2013,2011,2010,2017,PHI,PHI,SP,163,97,2,667.0,35,36,497,220,67.0,6.62,6.76,2.87,0.88,3.75,132.61,8.65,37.9,66.5,71.2,93.9,49.7,49.6,D+,B,B,A,C,63.0,Epic,False,False,0,bbref_war
crainje01,crainje01,Jesse Crain,Efficiency Era (2006-2015),2010,2011,2004,2013,MIN,MIN,RP,532,0,4,532.0,45,30,440,206,44.0,11.23,7.56,3.39,0.7,2.65,226.11,,48.5,52.1,125.0,3.8,66.9,50.1,C,C,S,F,C,62.8,Epic,True,False,1,bbref_war
fistedo01,fistedo01,Doug Fister,Efficiency Era (2006-2015),2012,2011,2009,2018,SEA,SEA,SP,242,226,1,1422.3333333333333,83,92,970,332,140.0,19.57,6.08,1.79,0.8,3.42,124.21,6.28,28.9,97.0,65.7,66.0,57.1,42.1,D,A+,B,B,C-,62.8,Epic,False,False,0,bbref_war
chacijh01,chacijh01,Jhoulys Chacin,Efficiency Era (2006-2015),2013,2013,2009,2022,COL,COL,SP,338,227,0,1435.6666666666667,85,91,1151,586,156.0,19.63,7.09,3.58,0.83,3.67,119.52,14.22,42.3,46.6,62.7,125.0,53.6,64.7,C-,C,B-,S,B-,62.6,Epic,False,False,0,bbref_war
allenco01,allenco01,Cody Allen,Efficiency Era (2006-2015),2015,2014,2012,2019,CLE,CLE,RP,481,0,153,463.6666666666667,24,31,593,193,55.0,8.68,11.52,3.53,0.94,2.98,146.34,,101.3,47.9,80.1,3.2,43.7,50.6,S,C,A-,F,C,62.5,Epic,False,False,0,bbref_war
blantjo01,blantjo01,Joe Blanton,Efficiency Era (2006-2015),2008,2005,2004,2017,OAK,OAK,SP,427,252,2,1767.6666666666667,101,97,1284,467,223.0,14.66,6.1,2.54,0.93,3.99,123.08,8.4,29.1,75.7,65.0,91.0,44.2,81.4,D,B+,B,A,A-,62.4,Epic,False,False,0,bbref_war
samarje01,samarje01,Jeff Samardzija,Efficiency Era (2006-2015),2014,2014,2008,2020,CHC,CHC,SP,364,241,1,1645.3333333333333,80,106,1449,491,205.0,16.88,8.35,2.53,1.06,3.76,110.61,6.31,59.1,76.2,56.9,66.3,32.1,53.9,C+,B+,C+,B,C,62.3,Epic,True,False,1,bbref_war
clippty01,clippty01,Tyler Clippard,Efficiency Era (2006-2015),2013,2011,2007,2022,WSH,WSH,RP,807,14,74,872.3333333333334,56,48,956,344,112.0,12.14,10.33,3.24,1.11,2.66,158.45,44.67,85.4,56.3,88.0,4.8,27.7,53.4,A,C+,A,F,C,62.2,Epic,True,False,2,bbref_war
iwakuhi01,iwakuhi01,Hisashi Iwakuma,Efficiency Era (2006-2015),2014,2013,2012,2017,SEA,SEA,SP,150,136,2,883.6666666666666,63,39,714,185,115.0,16.98,7.27,1.88,1.17,3.42,110.86,6.43,44.7,94.3,57.1,67.7,21.7,37.4,C-,A,C+,B,D+,62.1,Epic,True,False,1,bbref_war
liriafr01,liriafr01,Francisco Liriano,Efficiency Era (2006-2015),2013,2006,2005,2019,MIN,MIN,SP,419,300,1,1813.6666666666667,112,114,1815,816,184.0,17.7,9.32,3.63,0.67,3.45,123.44,6.19,72.0,45.3,65.2,64.9,68.8,65.3,B,C,B,B-,B,62.1,Epic,True,False,1,bbref_war
oflaher01,oflaher01,Eric O'Flaherty,Efficiency Era (2006-2015),2011,2011,2006,2017,ATL,ATL,RP,496,0,1,416.3333333333333,23,15,318,153,28.0,7.92,6.99,2.94,0.42,2.41,191.73,,41.0,64.7,109.6,1.9,93.0,67.1,C-,B-,S,F,B,62.1,Epic,False,False,0,bbref_war
sanchan01,sanchan01,Anibal Sanchez,Efficiency Era (2006-2015),2012,2013,2006,2022,DET,DET,SP,364,341,0,2017.6666666666667,116,119,1774,686,238.0,26.11,8.11,2.9,0.8,3.36,129.66,6.11,55.9,65.8,69.3,63.9,57.2,33.4,C+,B,B,B-,D,61.9,Epic,False,False,0,bbref_war
kurodhi01,kurodhi01,Hiroki Kuroda,Efficiency Era (2006-2015),2011,2012,2008,2014,LAD,LAD,SP,212,211,0,1319.0,79,79,986,292,129.0,21.55,6.73,1.99,0.88,3.45,114.75,6.23,37.5,91.2,59.6,65.3,49.3,47.7,D+,A,C+,B,C,61.7,Epic,False,False,0,bbref_war
valvejo01,valvejo01,Jose Valverde,Efficiency Era (2006-2015),2008,2007,2003,2014,ARI,ARI,RP,626,0,288,630.3333333333334,27,33,692,264,67.0,11.91,10.07,3.7,0.83,2.62,172.55,,82.0,43.2,97.2,3.6,53.7,58.4,A-,C-,A+,F,C+,61.7,Epic,True,False,3,bbref_war
reedad01,reedad01,Addison Reed,Efficiency Era (2006-2015),2015,2016,2011,2018,CHW,CHW,RP,465,0,125,458.6666666666667,19,27,469,119,53.0,6.58,9.02,2.34,0.95,3.43,141.36,,68.0,81.4,76.9,3.4,43.0,47.5,B,A-,B+,F,C,61.6,Epic,False,False,0,bbref_war
harderi01,harderi01,Rich Harden,Efficiency Era (2006-2015),2006,2008,2003,2011,OAK,OAK,SP,170,160,0,928.3333333333334,59,38,949,422,105.0,17.61,9.35,3.93,0.84,3.39,141.93,5.93,72.4,36.8,77.3,61.9,53.5,57.6,B,D+,B+,B-,C+,61.5,Epic,False,False,0,bbref_war
bellhe01,bellhe01,Heath Bell,Efficiency Era (2006-2015),2009,2007,2004,2014,SDP,SDP,RP,590,0,168,628.6666666666666,38,32,637,214,48.0,8.9,9.47,2.97,0.64,2.79,143.85,,74.0,63.8,78.5,4.2,72.1,62.7,B,B-,B+,F,B-,61.4,Epic,True,False,3,bbref_war
thornma01,thornma01,Matt Thornton,Efficiency Era (2006-2015),2010,2009,2004,2016,CHW,CHW,RP,748,1,23,662.6666666666666,36,46,642,251,52.0,12.36,9.03,2.63,0.54,2.77,147.21,,68.2,73.3,80.7,1.8,81.2,30.7,B,B,A-,F,D,61.4,Epic,True,False,1,bbref_war
downssc01,downssc01,Scott Downs,Efficiency Era (2006-2015),2009,2008,2000,2014,TOR,TOR,RP,619,50,27,751.3333333333334,38,40,575,279,67.0,11.39,7.41,3.07,0.61,2.67,183.96,7.23,46.5,60.9,104.6,3.9,74.9,79.6,C,B-,S,F,B+,61.3,Epic,False,False,0,bbref_war
rosentr01,rosentr01,Trevor Rosenthal,Efficiency Era (2006-2015),2015,2015,2012,2020,STL,STL,RP,373,0,132,364.0,12,25,490,177,19.0,7.0,12.21,3.9,0.49,2.92,124.59,,110.5,37.7,66.0,3.5,86.3,57.7,S,D+,B,F,C+,61.3,Epic,True,False,1,bbref_war
albural01,albural01,Al Alburquerque,Efficiency Era (2006-2015),2014,2014,2011,2017,DET,DET,RP,264,0,1,245.0,17,8,291,135,17.0,5.13,10.69,4.96,0.62,3.16,225.56,,90.3,7.9,125.0,2.7,73.6,27.2,A,F,S,F,D,61.2,Epic,False,False,0,bbref_war
hugheph01,hugheph01,Phil Hughes,Efficiency Era (2006-2015),2012,2014,2007,2018,NYY,NYY,SP,290,211,3,1291.0,88,79,1040,313,191.0,13.64,7.38,1.95,1.25,4.1,104.57,6.87,46.1,92.4,53.0,72.9,14.2,33.7,C,A,C,B,D,61.2,Epic,True,False,1,bbref_war
storedr01,storedr01,Drew Storen,Efficiency Era (2006-2015),2014,2014,2010,2017,WSH,WSH,RP,470,0,99,440.3333333333333,29,18,417,132,38.0,5.45,8.53,2.69,0.74,3.28,153.04,,61.5,71.8,84.5,2.9,62.9,56.9,B-,B,A-,F,C+,60.9,Epic,False,False,0,bbref_war
lewisco01,lewisco01,Colby Lewis,Efficiency Era (2006-2015),2011,2010,2002,2016,TEX,TEX,SP,233,195,0,1215.0,77,72,961,377,178.0,11.3,7.33,2.33,1.27,4.08,122.01,6.09,45.5,81.7,64.3,63.7,12.7,51.0,C,A-,B-,B-,C,60.6,Epic,False,False,0,bbref_war
sloweke01,sloweke01,Kevin Slowey,Efficiency Era (2006-2015),2010,2008,2007,2014,MIN,MIN,SP,137,106,0,662.0,43,36,495,111,99.0,4.67,6.73,1.51,1.35,4.62,86.24,7.98,37.5,104.8,41.1,86.1,5.1,31.9,D+,S,C-,A,D,60.6,Epic,False,False,0,bbref_war
cainma01,cainma01,Matt Cain,Efficiency Era (2006-2015),2009,2009,2005,2017,SFG,SFG,SP,342,331,0,2085.6666666666665,104,118,1694,712,211.0,28.67,7.54,3.05,0.75,3.3,123.77,6.53,48.2,61.5,65.5,68.9,61.2,66.1,C,B-,B,B,B,60.5,Epic,True,False,3,bbref_war
hochelu01,hochelu01,Luke Hochevar,Efficiency Era (2006-2015),2011,2013,2007,2016,KCR,KCR,SP,279,128,3,929.3333333333334,46,65,702,299,116.0,5.42,6.77,2.88,0.99,4.37,130.46,7.74,38.0,66.4,69.8,83.2,39.1,49.8,D+,B,B,A-,C,60.5,Epic,False,False,0,bbref_war
mujiced01,mujiced01,Edward Mujica,Efficiency Era (2006-2015),2011,2011,2006,2017,CLE,CLE,RP,499,4,50,553.0,24,28,430,89,80.0,5.32,7.22,1.41,1.17,3.38,136.78,23.42,44.0,107.7,73.9,4.9,22.2,44.0,C-,S,B,F,C-,60.4,Epic,False,False,0,bbref_war
balfogr01,balfogr01,Grant Balfour,Efficiency Era (2006-2015),2010,2008,2001,2015,TB,TB,RP,534,1,84,539.6666666666666,30,23,571,252,47.0,10.72,9.82,3.59,0.79,2.64,163.9,26.0,78.7,46.3,91.5,4.0,58.4,52.5,B+,C,A,F,C,60.3,Epic,True,False,1,bbref_war
webbbr01,webbbr01,Brandon Webb,Efficiency Era (2006-2015),2006,2006,2003,2009,ARI,ARI,SP,199,198,0,1319.6666666666667,87,62,1065,435,92.0,32.98,7.26,2.97,0.63,3.27,128.96,6.3,44.6,63.9,68.8,66.1,73.3,48.2,C-,B-,B,B,C,60.3,Epic,True,False,3,bbref_war
latosma01,latosma01,Mat Latos,Efficiency Era (2006-2015),2012,2012,2009,2017,SDP,SDP,SP,197,189,0,1153.3333333333333,71,59,1011,353,116.0,13.03,7.93,2.76,0.86,3.44,105.6,6.06,53.6,69.8,53.6,63.4,51.0,78.1,C,B,C,B-,B+,60.2,Epic,False,False,0,bbref_war
alberma01,alberma01,Matt Albers,Efficiency Era (2006-2015),2013,2017,2006,2019,HOU,HOU,RP,616,24,7,759.0,47,48,571,314,87.0,7.22,6.39,3.28,0.76,2.83,223.44,16.33,33.0,55.0,125.0,5.3,61.0,57.5,D,C+,S,F,C+,60.0,Epic,False,False,0,bbref_war
bakersc02,bakersc02,Scott Baker,Efficiency Era (2006-2015),2009,2008,2005,2015,MIN,MIN,SP,193,172,0,1064.6666666666667,66,53,839,245,145.0,16.67,7.22,2.14,1.1,3.94,112.26,5.96,44.1,87.0,58.0,62.1,28.2,40.6,C-,A,C+,B-,C-,60.0,Epic,False,False,0,bbref_war
santaer01,santaer01,Ervin Santana,Efficiency Era (2006-2015),2011,2008,2005,2021,LAA,LAA,SP,425,386,0,2486.6666666666665,151,129,1978,776,331.0,25.48,7.18,2.6,1.05,3.57,118.99,6.53,43.5,74.2,62.3,68.9,32.9,59.9,C-,B,B-,B,C+,60.0,Epic,True,False,2,bbref_war
nolasri01,nolasri01,Ricky Nolasco,Efficiency Era (2006-2015),2011,2008,2006,2017,MIA,MIA,SP,330,312,0,1887.6666666666667,114,118,1513,460,239.0,13.01,7.41,2.0,1.04,4.32,97.13,6.18,46.5,91.0,48.1,64.8,34.1,42.2,C,A,C,B-,C-,59.9,Epic,False,False,0,bbref_war
hollade01,hollade01,Derek Holland,Efficiency Era (2006-2015),2013,2013,2009,2021,TEX,TEX,SP,346,228,0,1466.0,82,83,1241,533,220.0,12.65,7.61,2.95,1.07,3.92,129.94,6.19,49.2,64.4,69.5,64.9,31.4,51.5,C,B-,B,B-,C,59.7,Epic,False,False,0,bbref_war
cahiltr01,cahiltr01,Trevor Cahill,Efficiency Era (2006-2015),2012,2010,2009,2021,OAK,OAK,SP,361,233,1,1507.6666666666667,86,99,1151,615,170.0,13.64,6.34,3.52,0.89,3.81,113.88,14.5,32.3,48.4,59.0,125.0,48.6,69.8,D,C,C+,S,B,59.6,Epic,True,False,1,bbref_war
marshse01,marshse01,Sean Marshall,Efficiency Era (2006-2015),2010,2011,2006,2014,CHC,CHC,RP,396,59,16,615.3333333333334,37,46,537,221,60.0,10.02,8.44,2.84,0.74,3.29,151.94,8.08,60.3,67.5,83.8,7.5,62.8,49.5,B-,B,A-,F,C,59.6,Epic,False,False,0,bbref_war
kazmisc01,kazmisc01,Scott Kazmir,Efficiency Era (2006-2015),2008,2007,2004,2021,TB,TB,SP,303,301,0,1701.0,108,97,1618,687,193.0,23.15,9.01,3.44,0.91,3.52,120.17,5.84,68.0,50.5,63.1,60.7,46.8,52.6,B,C,B-,B-,C,59.5,Epic,True,False,3,bbref_war
burneaj01,burnea.01,A. J. Burnett,Efficiency Era (2006-2015),2008,2009,1999,2015,MIA,MIA,SP,435,430,0,2731.3333333333335,164,157,2513,1100,263.0,21.92,8.69,3.47,0.79,3.63,114.73,6.55,63.6,49.8,59.6,69.1,58.2,56.0,B-,C,C+,B,C+,59.3,Epic,True,False,1,bbref_war
belisma01,belisma01,Matt Belisle,Efficiency Era (2006-2015),2012,2012,2003,2018,COL,COL,RP,693,44,14,928.6666666666666,52,58,711,238,97.0,8.78,7.24,2.01,0.81,3.89,143.7,5.92,44.3,90.9,78.4,8.4,55.5,35.3,C-,A,B+,F,D+,59.2,Epic,False,False,0,bbref_war
buehrma01,buehrma01,Mark Buehrle,Efficiency Era (2006-2015),2007,2007,2000,2015,CHW,CHW,SP,518,493,0,3283.3333333333335,214,160,1870,734,361.0,35.94,5.25,1.94,0.97,3.56,127.56,6.75,17.8,92.6,67.9,71.5,40.3,36.6,F,A,B,B,D+,59.1,Epic,True,False,5,bbref_war
gonzagi01,gonzagi01,Gio Gonzalez,Efficiency Era (2006-2015),2013,2017,2008,2020,WSH,WSH,SP,344,328,0,1933.0,131,101,1860,815,171.0,27.16,8.68,3.64,0.65,3.25,123.94,6.08,63.5,45.0,65.6,63.6,70.7,49.6,B-,C,B,B-,C,59.1,Epic,True,False,2,bbref_war
hammeja01,hammeja01,Jason Hammel,Efficiency Era (2006-2015),2014,2014,2006,2018,TB,TB,SP,377,298,4,1810.3333333333333,96,114,1428,567,232.0,14.07,7.76,2.44,1.09,4.17,104.37,5.78,51.3,78.7,52.8,60.1,29.6,56.8,C,B+,C,B-,C+,59.0,Epic,False,False,0,bbref_war
milonto01,milonto01,Tommy Milone,Efficiency Era (2006-2015),2014,2012,2011,2023,SEA,SEA,SP,198,148,3,953.3333333333334,53,53,713,233,162.0,6.32,6.58,2.2,1.33,4.06,111.53,7.38,35.5,85.3,57.5,78.9,7.0,44.3,D+,A,C+,B+,C-,59.0,Epic,False,False,0,bbref_war
bedarer01,bedarer01,Erik Bedard,Efficiency Era (2006-2015),2007,2007,2002,2014,BAL,BAL,SP,241,230,1,1303.6666666666667,71,82,1246,533,131.0,17.23,8.76,3.53,0.84,3.69,121.27,5.71,64.5,48.0,63.8,59.2,52.9,64.3,B-,C,B-,C+,B-,58.8,Epic,False,False,0,bbref_war
anderbr04,anderbr04,Brett Anderson,Efficiency Era (2006-2015),2012,2019,2009,2021,OAK,OAK,SP,222,210,3,1140.3333333333333,67,74,772,304,115.0,11.63,6.1,2.31,0.83,3.63,123.7,5.84,29.1,82.2,65.4,60.8,54.4,53.9,D,A-,B,B-,C,58.7,Epic,False,False,0,bbref_war
porceri01,porceri01,Rick Porcello,Efficiency Era (2006-2015),2014,2016,2009,2020,DET,DET,SP,355,351,0,2096.3333333333335,150,125,1561,489,260.0,18.14,6.76,2.08,1.07,4.13,106.95,5.99,37.9,88.9,54.5,62.5,31.7,48.7,D+,A,C,B-,C,58.7,Epic,False,False,0,bbref_war
janssca01,janssca01,Casey Janssen,Efficiency Era (2006-2015),2011,2011,2006,2015,TOR,TOR,RP,437,22,90,533.0,31,29,395,129,52.0,7.99,6.83,2.13,0.83,3.32,144.18,5.53,38.9,87.5,78.7,6.3,53.7,72.1,D+,A,B+,F,B,58.5,Epic,False,False,0,bbref_war
bailean01,bailean01,Andrew Bailey,Efficiency Era (2006-2015),2013,2009,2009,2017,OAK,OAK,RP,265,0,95,274.3333333333333,16,14,276,91,29.0,6.45,9.1,2.88,0.94,2.88,136.68,,69.1,66.2,73.8,4.2,43.8,65.0,B,B,B,F,B,58.3,Epic,True,False,2,bbref_war
duchsju01,duchsju01,Justin Duchscherer,Efficiency Era (2006-2015),2006,2008,2001,2010,OAK,OAK,RP,224,32,14,454.6666666666667,33,25,347,121,47.0,10.67,6.87,2.39,0.86,2.82,145.82,5.83,39.4,80.0,79.8,15.5,51.3,71.1,D+,A-,B+,F,B,58.2,Epic,True,False,2,bbref_war
leakemi01,leakemi01,Mike Leake,Efficiency Era (2006-2015),2015,2015,2010,2019,CIN,CIN,SP,301,296,0,1829.0,105,98,1231,403,238.0,13.16,6.06,1.91,1.17,3.88,106.49,6.24,28.6,93.6,54.2,65.5,22.2,62.8,D,A,C,B,B-,58.2,Epic,False,False,0,bbref_war
lillyte01,lillyte01,Ted Lilly,Efficiency Era (2006-2015),2007,2009,1999,2013,LAD,LAD,SP,356,331,0,1982.6666666666667,130,113,1681,661,293.0,25.91,7.63,2.7,1.28,3.83,117.54,6.18,49.5,71.4,61.4,64.8,11.3,44.8,C,B,B-,B-,C-,58.1,Epic,True,False,2,bbref_war
norribu01,norribu01,Bud Norris,Efficiency Era (2006-2015),2013,2014,2009,2018,HOU,HOU,SP,355,188,47,1221.3333333333333,67,90,1153,485,156.0,7.42,8.49,3.39,1.13,4.07,98.72,8.31,60.9,52.1,49.2,89.9,26.1,54.3,B-,C,C,A,C,58.1,Epic,False,False,0,bbref_war
wilsocj01,wilsocj01,C. J. Wilson,Efficiency Era (2006-2015),2011,2010,2005,2015,TEX,TEX,SP,444,192,52,1430.3333333333333,94,70,1259,602,117.0,19.13,8.02,3.66,0.65,3.37,129.83,6.28,54.6,44.4,69.4,66.0,71.6,48.5,C,C-,B,B,C,58.0,Epic,True,False,2,bbref_war
dempsry01,dempsry01,Ryan Dempster,Efficiency Era (2006-2015),2008,2008,1998,2013,CHC,CHC,SP,579,351,87,2387.0,132,133,2075,1071,267.0,24.82,8.17,3.7,0.96,3.62,124.75,7.61,56.7,43.3,66.1,81.7,41.4,40.7,C+,C-,B,A-,C-,57.9,Epic,True,False,2,bbref_war
garcija02,garcija02,Jaime Garcia,Efficiency Era (2006-2015),2013,2015,2008,2018,STL,STL,SP,218,188,0,1135.0,70,62,925,369,110.0,10.7,7.29,2.81,0.79,3.64,114.56,6.02,45.0,68.3,59.5,62.9,58.1,47.9,C,B,C+,B-,C,57.9,Rare,False,False,0,bbref_war
kellesh01,kellesh01,Shawn Kelley,Efficiency Era (2006-2015),2015,2016,2009,2019,SEA,SEA,RP,493,0,26,464.6666666666667,32,25,521,141,76.0,5.2,9.92,2.44,1.31,3.13,114.45,,80.0,78.6,59.4,3.0,8.2,49.7,A-,B+,C+,F,C,57.8,Rare,False,False,0,bbref_war
dukeza01,dukeza01,Zach Duke,Efficiency Era (2006-2015),2012,2005,2005,2019,PIT,PIT,RP,570,169,4,1360.0,69,91,854,419,132.0,12.34,6.35,2.83,0.73,3.53,171.47,6.35,32.5,67.8,96.5,18.3,64.0,51.1,D,B,A+,F,C,57.7,Epic,True,False,1,bbref_war
gallayo01,gallayo01,Yovani Gallardo,Efficiency Era (2006-2015),2011,2015,2007,2018,MIL,MIL,SP,319,307,1,1816.6666666666667,121,101,1584,710,205.0,18.31,8.39,3.32,0.92,3.62,113.2,6.1,59.6,54.0,58.6,63.8,45.4,55.6,C+,C,C+,B-,C+,57.7,Epic,True,False,1,bbref_war
garzama01,garzama01,Matt Garza,Efficiency Era (2006-2015),2011,2009,2006,2017,MIL,MIL,SP,290,284,1,1710.6666666666667,93,106,1380,581,198.0,15.45,7.58,2.88,0.99,3.74,109.01,6.22,48.9,66.3,55.9,65.3,39.2,64.0,C,B,C+,B,B-,57.7,Rare,False,False,0,bbref_war
baileho02,baileho02,Homer Bailey,Efficiency Era (2006-2015),2012,2013,2007,2020,CIN,CIN,SP,245,245,0,1401.6666666666667,81,86,1157,463,175.0,9.8,7.76,2.74,1.03,4.04,99.0,5.98,51.3,70.2,49.3,62.4,34.8,71.8,C,B,C,B-,B,57.4,Rare,False,False,0,bbref_war
chenwe02,chenwe02,Wei-Yin Chen,Efficiency Era (2006-2015),2015,2015,2012,2019,MIA,MIA,SP,219,170,0,1064.6666666666667,59,51,846,270,156.0,9.94,7.07,2.28,1.27,4.02,100.5,5.92,42.1,83.3,50.3,61.7,12.0,68.8,C-,A-,C,B-,B,57.2,Rare,False,False,0,bbref_war
mijarjo01,mijarjo01,Jose Mijares,Efficiency Era (2006-2015),2010,2009,2008,2013,MIN,MIN,RP,324,0,0,259.0,6,11,229,103,21.0,4.22,7.96,3.58,0.73,3.23,188.91,,53.9,46.7,107.8,1.2,63.6,35.5,C,C,S,F,D+,57.2,Rare,False,False,0,bbref_war
perkigl01,perkigl01,Glen Perkins,Efficiency Era (2006-2015),2012,2013,2006,2017,MIN,MIN,RP,409,44,120,624.3333333333334,35,25,504,158,74.0,9.39,7.92,2.26,1.06,3.34,138.09,5.81,53.4,83.6,74.8,7.7,32.4,27.7,C,A-,B,F,D,57.1,Epic,True,False,3,bbref_war
peraljo01,peraljo01,Joel Peralta,Efficiency Era (2006-2015),2010,2010,2005,2016,TB,TB,RP,620,0,15,648.0,20,35,612,185,95.0,5.32,8.4,2.55,1.06,3.49,126.75,,59.8,75.4,67.4,4.4,32.5,80.9,C+,B+,B,F,A-,57.0,Rare,False,False,0,bbref_war
santihe01,santihe01,Hector Santiago,Efficiency Era (2006-2015),2015,2013,2011,2021,CHW,CHW,SP,270,140,6,947.0,48,51,856,440,145.0,8.96,8.2,4.15,1.31,3.92,107.31,11.63,57.1,30.7,54.7,125.0,8.5,44.4,C+,D,C,S,C-,57.0,Rare,True,False,1,bbref_war
smithjo05,smithjo05,Joe Smith,Efficiency Era (2006-2015),2012,2014,2007,2022,CLE,CLE,RP,866,0,30,762.3333333333334,55,34,666,254,66.0,10.26,8.06,3.03,0.52,2.7,153.65,,55.2,62.0,84.9,2.3,83.6,39.5,C+,B-,A-,F,D+,57.0,Rare,False,False,0,bbref_war
lohseky01,lohseky01,Kyle Lohse,Efficiency Era (2006-2015),2008,2012,2001,2016,MIN,MIN,SP,457,418,2,2531.6666666666665,147,143,1615,694,316.0,19.16,5.71,2.15,1.06,3.78,111.02,6.13,23.9,86.8,57.2,64.2,32.4,72.4,D-,A,C+,B-,B,56.8,Rare,False,False,0,bbref_war
haranaa01,haranaa01,Aaron Harang,Efficiency Era (2006-2015),2008,2007,2002,2015,CIN,CIN,SP,387,381,0,2322.0,128,143,1842,712,298.0,22.8,7.41,2.69,1.03,3.84,107.84,6.37,46.5,71.7,55.1,67.0,35.2,30.5,C,B,C+,B,D,56.7,Rare,False,False,0,bbref_war
kuoho01,kuoho01,Hung-Chih Kuo,Efficiency Era (2006-2015),2008,2010,2005,2011,LAD,LAD,RP,218,14,13,292.3333333333333,13,17,345,127,18.0,4.74,10.62,3.91,0.55,3.73,132.64,14.55,89.4,37.4,71.2,7.6,80.3,41.3,A,D+,B,F,C-,56.7,Rare,True,False,1,bbref_war
machije01,machije01,Jean Machi,Efficiency Era (2006-2015),2014,2014,2012,2017,SFG,SFG,RP,194,0,6,191.66666666666666,13,2,152,57,18.0,1.98,7.14,2.68,0.85,3.38,157.5,,42.9,72.0,87.4,3.4,52.6,59.8,C-,B,A,F,C+,56.7,Rare,False,False,0,bbref_war
ayalalu01,ayalalu01,Luis Ayala,Efficiency Era (2006-2015),2007,2004,2003,2013,WSH,WSH,RP,534,0,19,554.3333333333334,38,47,367,139,54.0,9.8,5.93,2.07,0.82,2.73,152.8,,26.8,89.0,84.3,4.2,55.0,61.1,D,A,A-,F,B-,56.5,Rare,False,False,0,bbref_war
cordech01,cordech01,Chad Cordero,Efficiency Era (2006-2015),2006,2005,2003,2010,WSH,WSH,RP,314,0,128,330.3333333333333,20,15,298,122,40.0,7.4,8.12,3.32,1.09,2.89,172.87,,56.0,53.8,97.4,4.2,29.4,51.5,C+,C,A+,F,C,56.5,Rare,True,False,1,bbref_war
dickera01,dicker.01,R. A. Dickey,Efficiency Era (2006-2015),2013,2012,2001,2017,TEX,TEX,SP,400,300,2,2073.6666666666665,120,118,1477,663,264.0,21.77,6.65,2.61,1.03,3.57,113.68,6.55,36.4,74.0,58.9,69.2,35.3,39.9,D+,B,C+,B,D+,56.5,Rare,True,False,1,bbref_war
estrama01,estrama01,Marco Estrada,Efficiency Era (2006-2015),2015,2015,2008,2019,MIL,MIL,SP,283,194,0,1251.3333333333333,62,68,1094,395,199.0,12.93,7.85,2.8,1.41,4.14,102.57,6.25,52.5,68.6,51.7,65.6,1.0,64.1,C,B,C,B,B-,56.3,Rare,True,False,1,bbref_war
hansoto01,hansoto01,Tommy Hanson,Efficiency Era (2006-2015),2011,2009,2009,2013,ATL,ATL,SP,123,121,0,708.0,49,35,648,249,78.0,6.7,8.24,3.17,0.99,3.8,105.08,5.84,57.6,58.3,53.3,60.7,38.8,57.6,C+,C+,C,B-,C+,56.2,Rare,False,False,0,bbref_war
cappsma01,cappsma01,Matt Capps,Efficiency Era (2006-2015),2008,2007,2005,2012,PIT,PIT,RP,444,0,138,439.6666666666667,29,33,319,84,53.0,7.34,6.38,1.56,1.0,3.2,133.58,,32.8,103.2,71.8,3.5,37.6,35.8,D,S,B,F,D+,56.1,Rare,True,False,1,bbref_war
jimenub01,jimenub01,Ubaldo Jimenez,Efficiency Era (2006-2015),2010,2010,2006,2017,COL,COL,SP,329,315,1,1870.0,114,117,1720,848,186.0,23.41,8.43,3.83,0.68,3.75,118.76,6.0,60.1,39.6,62.2,62.6,67.9,56.5,B-,D+,B-,B-,C+,56.1,Rare,True,False,1,bbref_war
howeljp01,howeljp01,J. P. Howell,Efficiency Era (2006-2015),2012,2008,2005,2017,TB,TB,RP,547,33,22,619.6666666666666,36,30,566,270,59.0,9.7,8.63,3.79,0.69,2.63,164.65,5.29,62.8,40.7,92.0,3.8,67.3,62.9,B-,C-,A,F,B-,56.0,Rare,False,False,0,bbref_war
bushda01,bushda01,Dave Bush,Efficiency Era (2006-2015),2007,2006,2004,2013,MIL,MIL,SP,211,187,0,1144.3333333333333,56,69,768,296,170.0,6.87,6.02,2.04,1.29,4.54,89.85,7.2,28.0,89.9,43.4,76.8,10.1,71.3,D,A,C-,B+,B,55.9,Rare,False,False,0,bbref_war
cokeph01,cokeph01,Phil Coke,Efficiency Era (2006-2015),2011,2008,2008,2016,DET,DET,RP,407,15,8,421.0,22,27,323,159,33.0,2.42,6.84,3.24,0.68,4.01,183.74,36.21,38.9,56.3,104.4,4.6,68.2,37.4,D+,C+,S,F,D+,55.9,Rare,False,False,0,bbref_war
garcija01,garcija01,Santiago Casilla,Efficiency Era (2006-2015),2014,2014,2004,2018,OAK,OAK,RP,655,0,144,645.3333333333334,42,31,583,277,58.0,8.25,8.26,3.8,0.55,2.41,164.5,,57.9,40.5,91.9,3.4,81.0,75.7,C+,C-,A,F,B+,55.9,Rare,False,False,0,bbref_war
rodriwa01,rodriwa01,Wandy Rodriguez,Efficiency Era (2006-2015),2010,2009,2005,2015,HOU,HOU,SP,275,263,0,1557.3333333333333,97,98,1281,534,185.0,16.52,7.75,2.98,0.96,3.75,108.81,6.01,51.1,63.6,55.7,62.7,41.3,36.6,C,B-,C+,B-,D+,55.9,Rare,False,False,0,bbref_war
cashnan01,cashnan01,Andrew Cashner,Efficiency Era (2006-2015),2014,2017,2010,2019,SDP,SDP,SP,300,188,1,1196.0,57,87,901,442,130.0,11.84,6.26,3.12,0.92,3.82,127.26,7.3,31.3,59.6,67.7,78.0,45.9,40.3,D,C+,B,B+,C-,55.7,Rare,False,False,0,bbref_war
quallch01,quallch01,Chad Qualls,Efficiency Era (2006-2015),2007,2007,2004,2017,HOU,HOU,RP,844,0,74,807.3333333333334,52,48,624,211,83.0,8.94,7.31,2.44,0.82,3.22,136.23,,45.2,78.6,73.5,4.0,55.0,58.2,C,B+,B,F,C+,55.6,Rare,False,False,0,bbref_war
atchisc01,atchisc01,Scott Atchison,Efficiency Era (2006-2015),2010,2014,2004,2015,BOS,BOS,RP,298,1,3,346.6666666666667,17,11,253,89,35.0,4.49,6.81,2.33,0.8,3.29,135.15,60.0,38.5,81.7,72.8,6.5,57.1,66.1,D+,A-,B,F,B,55.4,Rare,False,False,0,bbref_war
kontoge01,kontoge01,George Kontos,Efficiency Era (2006-2015),2015,2015,2011,2018,SFG,SFG,RP,350,0,2,357.0,18,18,288,103,38.0,4.44,7.19,2.54,0.92,2.86,141.58,,43.6,76.0,77.0,3.7,45.1,68.1,C-,B+,B+,F,B,55.4,Rare,False,False,0,bbref_war
perezol01,perezol01,Oliver Perez,Efficiency Era (2006-2015),2008,2004,2002,2022,NYM,NYM,RP,703,195,5,1465.6666666666667,74,94,1546,762,198.0,14.2,9.65,4.15,1.04,3.44,152.24,6.09,76.5,30.6,84.0,27.6,34.4,35.1,B+,D,A-,D,D+,55.4,Rare,False,False,0,bbref_war
arroybr01,arroybr01,Bronson Arroyo,Efficiency Era (2006-2015),2007,2006,2000,2017,CIN,CIN,SP,419,383,1,2435.6666666666665,148,137,1571,661,347.0,23.16,5.86,2.36,1.12,3.92,113.78,6.45,25.9,80.8,59.0,68.0,26.2,47.3,D,A-,C+,B,C,55.3,Rare,True,False,1,bbref_war
calerki01,calerki01,Kiko Calero,Efficiency Era (2006-2015),2006,2009,2003,2009,OAK,OAK,RP,313,1,7,302.6666666666667,14,12,324,126,24.0,6.24,9.63,3.75,0.71,3.24,139.56,38.33,76.2,42.0,75.7,3.2,65.1,61.9,B+,C-,B+,F,B-,55.3,Rare,False,False,0,bbref_war
pestavi01,pestavi01,Vinnie Pestano,Efficiency Era (2006-2015),2012,2012,2010,2015,CLE,CLE,RP,223,0,11,202.66666666666666,6,8,244,87,24.0,4.48,10.84,3.86,1.07,2.98,141.31,,92.2,38.7,76.9,2.5,31.7,27.5,A,D+,B+,F,D,55.3,Rare,False,False,0,bbref_war
contrjo01,contrjo01,Jose Contreras,Efficiency Era (2006-2015),2007,2006,2003,2013,CHW,CHW,SP,299,175,9,1173.0,78,67,889,427,131.0,13.46,6.55,3.02,0.91,4.38,124.65,6.48,35.1,62.2,66.0,68.3,46.6,36.1,D+,B-,B,B,D+,55.2,Rare,True,False,1,bbref_war
fuentbr01,fuentbr01,Brian Fuentes,Efficiency Era (2006-2015),2007,2005,2001,2012,COL,COL,RP,650,0,204,613.3333333333334,26,43,639,258,64.0,11.1,9.71,3.73,0.83,3.07,141.1,,77.3,42.5,76.7,3.0,53.6,58.8,B+,C-,B+,F,C+,55.2,Rare,True,False,4,bbref_war
geedi01,geedi01,Dillon Gee,Efficiency Era (2006-2015),2013,2013,2010,2017,NYM,NYM,SP,165,128,1,853.6666666666666,51,48,619,268,111.0,6.8,6.57,2.84,1.17,4.0,108.9,7.53,35.3,67.4,55.8,80.7,21.6,48.0,D+,B,C+,A-,C,55.2,Rare,False,False,0,bbref_war
marcush01,marcush01,Shaun Marcum,Efficiency Era (2006-2015),2008,2010,2005,2015,TOR,TOR,SP,195,167,1,1030.0,61,48,836,314,140.0,13.99,7.32,2.77,1.22,3.76,94.54,6.05,45.4,69.4,46.4,63.2,17.3,90.1,C,B,C,B-,A,55.2,Rare,False,False,0,bbref_war
rossty01,rossty01,Tyson Ross,Efficiency Era (2006-2015),2015,2015,2010,2019,SDP,SDP,SP,203,142,1,904.6666666666666,44,70,816,388,73.0,8.84,8.5,3.56,0.67,3.48,102.69,6.14,61.1,47.2,51.7,64.2,69.6,42.6,B-,C,C,B-,C-,55.2,Rare,True,False,1,bbref_war
zambrca01,zambrca01,Carlos Zambrano,Efficiency Era (2006-2015),2006,2004,2001,2012,CHC,CHC,SP,354,302,0,1959.0,132,91,1637,898,161.0,33.57,7.69,3.93,0.72,3.44,131.79,6.49,50.3,36.8,70.7,68.4,64.4,44.5,C,D+,B,B,C-,55.2,Rare,True,False,3,bbref_war
staufti01,staufti01,Tim Stauffer,Efficiency Era (2006-2015),2011,2010,2005,2015,SDP,SDP,RP,201,73,0,595.6666666666666,33,34,449,202,64.0,5.11,7.03,2.92,0.8,3.35,135.41,9.24,41.5,65.1,73.0,26.3,57.3,68.3,C-,B,B,D,B,55.1,Rare,False,False,0,bbref_war
felizne01,felizne01,Neftali Feliz,Efficiency Era (2006-2015),2012,2010,2009,2021,TEX,TEX,RP,362,7,107,393.3333333333333,21,20,366,155,46.0,9.64,8.75,3.44,0.94,2.71,150.77,6.1,64.4,50.5,83.0,5.2,43.2,51.7,B-,C,A-,F,C,55.0,Rare,True,False,1,bbref_war
grillja01,grillja01,Jason Grilli,Efficiency Era (2006-2015),2012,2008,2000,2017,PIT,PIT,RP,595,16,79,684.6666666666666,34,47,694,292,76.0,5.91,10.36,3.76,0.8,3.27,128.79,,85.9,41.6,68.7,3.9,56.9,50.2,A,C-,B,F,C,55.0,Rare,True,False,1,bbref_war
jenksbo01,jenksbo01,Bobby Jenks,Efficiency Era (2006-2015),2008,2007,2005,2011,CHW,CHW,RP,348,0,173,357.3333333333333,16,20,351,123,26.0,8.32,8.84,3.1,0.65,3.53,131.81,,65.6,60.2,70.7,3.9,70.7,35.3,B,B-,B,F,D+,55.0,Rare,True,False,2,bbref_war
johnsji04,johnsji04,Jim Johnson,Efficiency Era (2006-2015),2011,2011,2006,2018,BAL,BAL,RP,674,2,178,704.6666666666666,38,46,531,237,54.0,11.76,6.5,2.55,0.51,2.94,148.19,,34.4,75.7,81.3,4.6,84.5,45.4,D,B+,A-,F,C,55.0,Rare,True,False,1,bbref_war
wadeco01,wadeco01,Cory Wade,Efficiency Era (2006-2015),2010,2008,2008,2012,NYY,NYY,RP,161,0,0,177.66666666666666,11,6,137,41,23.0,1.67,6.94,2.08,1.17,3.65,133.78,,40.3,88.9,72.0,4.8,22.3,58.3,C-,A,B,F,C+,55.0,Rare,False,False,0,bbref_war
floydga01,floydga01,Gavin Floyd,Efficiency Era (2006-2015),2010,2009,2004,2016,CHW,CHW,SP,243,196,0,1250.0,74,76,985,415,160.0,17.44,7.11,2.74,1.11,4.12,109.0,6.29,42.6,70.1,55.9,66.0,27.8,28.8,C-,B,C+,B,D,54.9,Rare,False,False,0,bbref_war
woodtr01,woodtr01,Travis Wood,Efficiency Era (2006-2015),2013,2013,2010,2017,CHC,CHC,SP,298,147,4,994.0,47,59,801,370,120.0,6.74,7.36,3.25,1.01,4.0,104.9,6.83,45.9,55.9,53.2,72.4,37.0,68.4,C,C+,C,B,B,54.9,Rare,True,False,1,bbref_war
cottsne01,cottsne01,Neal Cotts,Efficiency Era (2006-2015),2008,2013,2003,2015,CHW,CHW,RP,483,5,4,443.3333333333333,21,24,421,194,58.0,6.12,8.75,3.51,1.04,3.38,158.59,,64.5,48.5,88.1,2.1,33.8,50.8,B-,C,A,F,C,54.8,Rare,False,False,0,bbref_war
youngch03,youngch03,Chris Young,Efficiency Era (2006-2015),2008,2007,2004,2017,SDP,SDP,SP,271,221,1,1297.6666666666667,79,67,1062,502,186.0,16.12,7.48,3.36,1.11,3.54,126.26,5.87,47.5,52.8,67.1,61.1,27.4,48.6,C,C,B,B-,C,54.8,Rare,True,False,1,bbref_war
gorzeto01,gorzeto01,Tom Gorzelanny,Efficiency Era (2006-2015),2011,2007,2005,2016,PIT,PIT,RP,314,121,2,883.6666666666666,50,53,714,387,98.0,9.5,7.34,3.54,0.87,3.74,159.45,17.56,45.6,47.6,88.6,29.6,50.3,45.8,C,C,A,D,C,54.7,Rare,False,False,0,bbref_war
sprinru01,sprinru01,Russ Springer,Efficiency Era (2006-2015),2006,2007,1992,2010,HOU,HOU,RP,740,27,9,856.3333333333334,36,45,775,349,121.0,5.6,7.98,2.97,1.09,3.39,144.25,9.13,54.1,63.8,78.8,2.4,29.8,73.8,C,B-,B+,F,B,54.7,Rare,False,False,0,bbref_war
chenbr01,chenbr01,Bruce Chen,Efficiency Era (2006-2015),2010,2000,1998,2015,KCR,KCR,SP,400,227,1,1532.0,82,81,1140,546,257.0,14.67,6.29,2.87,1.27,3.93,119.92,6.84,31.7,66.5,62.9,72.6,12.6,54.3,D,B,B-,B,C,54.5,Rare,False,False,0,bbref_war
colemlo01,colemlo01,Louis Coleman,Efficiency Era (2006-2015),2014,2011,2011,2018,KCR,KCR,RP,264,0,2,276.6666666666667,12,6,272,126,36.0,3.8,8.85,4.1,1.17,3.51,175.64,,65.7,32.1,99.2,4.1,21.7,69.9,B,D,A+,F,B,54.4,Rare,False,False,0,bbref_war
jacksed01,jacksed01,Edwin Jackson,Efficiency Era (2006-2015),2010,2009,2003,2019,LAD,LAD,SP,412,318,1,1960.0,107,133,1508,779,249.0,15.73,6.92,3.19,1.01,3.96,118.63,6.32,40.0,57.7,62.1,66.4,37.4,51.0,C-,C+,B-,B,C,54.3,Rare,True,False,1,bbref_war
hendeji01,hendeji01,Jim Henderson,Efficiency Era (2006-2015),2014,2013,2012,2016,MIL,MIL,RP,155,0,31,137.0,10,11,177,55,19.0,1.23,11.63,3.61,1.25,3.61,103.68,,102.8,45.7,52.4,2.2,14.4,59.5,S,C,C,F,C+,54.2,Rare,False,False,0,bbref_war
lowema01,lowema01,Mark Lowe,Efficiency Era (2006-2015),2010,2015,2006,2016,SEA,SEA,RP,382,0,6,385.6666666666667,10,27,352,163,47.0,2.81,8.33,3.22,0.92,3.15,144.34,,58.8,56.6,78.8,3.6,45.4,56.5,C+,C+,B+,F,C+,54.2,Rare,False,False,0,bbref_war
marmoca01,marmoca01,Carlos Marmol,Efficiency Era (2006-2015),2009,2007,2006,2014,CHC,CHC,RP,519,13,117,577.0,23,35,744,395,49.0,10.68,11.73,6.03,0.68,3.38,155.3,5.92,104.2,1.0,85.9,5.2,68.1,44.1,S,F,A,F,C-,54.2,Rare,True,False,1,bbref_war
dysonsa01,dysonsa01,Sam Dyson,Efficiency Era (2006-2015),2015,2016,2012,2019,TEX,TEX,RP,376,1,59,386.6666666666667,24,23,310,129,31.0,6.96,7.48,2.68,0.62,2.95,131.35,11.0,47.5,71.8,70.4,4.0,73.7,48.2,C,B,B,F,C,54.1,Rare,False,False,0,bbref_war
lopezja02,lopezja02,Javier Lopez,Efficiency Era (2006-2015),2010,2008,2003,2016,SFG,SFG,RP,839,0,14,533.3333333333334,30,17,358,235,26.0,8.96,6.34,3.39,0.39,2.59,179.18,,32.3,51.9,101.5,1.0,96.0,54.6,D,C,S,F,C,54.1,Rare,False,False,0,bbref_war
cecilbr01,cecilbr01,Brett Cecil,Efficiency Era (2006-2015),2014,2010,2009,2018,TOR,TOR,RP,443,74,12,756.0,44,47,670,269,96.0,8.14,8.4,2.9,1.0,3.81,123.08,6.18,59.8,65.8,65.0,10.2,38.2,57.5,C+,B,B,F,C+,54.0,Rare,True,False,1,bbref_war
okajihi01,okajihi01,Hideki Okajima,Efficiency Era (2006-2015),2010,2007,2007,2013,BOS,BOS,RP,266,0,6,250.33333333333334,17,8,216,88,27.0,6.85,7.77,3.16,0.97,3.09,153.33,,51.3,58.3,84.7,2.9,40.7,56.9,C,C+,A-,F,C+,53.9,Rare,True,False,1,bbref_war
capuach01,capuach01,Chris Capuano,Efficiency Era (2006-2015),2006,2006,2003,2016,MIL,MIL,SP,316,225,0,1429.6666666666667,77,92,1199,463,196.0,10.89,7.44,2.79,1.26,4.15,99.28,6.27,47.0,68.8,49.5,65.8,13.0,37.4,C,B,C,B,D+,53.7,Rare,True,False,1,bbref_war
billich01,billich01,Chad Billingsley,Efficiency Era (2006-2015),2009,2008,2006,2015,LAD,LAD,SP,226,197,0,1212.3333333333333,83,64,1052,499,92.0,17.14,7.98,3.76,0.67,3.66,112.6,6.2,54.1,41.6,58.2,65.0,69.7,38.6,C,C-,C+,B,D+,53.6,Rare,True,False,1,bbref_war
rauchjo01,rauchjo01,Jon Rauch,Efficiency Era (2006-2015),2007,2006,2002,2013,WSH,WSH,RP,556,11,62,595.0,43,40,475,179,70.0,7.38,7.42,2.7,0.9,3.52,138.61,19.0,46.8,71.4,75.1,4.5,47.5,43.7,C,B,B+,F,C-,53.6,Rare,False,False,0,bbref_war
burnese01,burnese01,Sean Burnett,Efficiency Era (2006-2015),2011,2010,2004,2016,WSH,WSH,RP,380,13,10,378.3333333333333,15,23,277,148,37.0,5.88,6.59,3.2,0.84,3.28,177.5,5.51,35.6,57.4,100.4,3.6,53.0,38.5,D+,C+,S,F,D+,53.5,Rare,False,False,0,bbref_war
carpeda01,carpeda01,David Carpenter,Efficiency Era (2006-2015),2014,2013,2011,2019,HOU,HOU,RP,222,0,4,214.66666666666666,11,11,218,78,22.0,1.95,9.14,3.27,0.92,3.69,128.68,,69.6,55.3,68.6,3.2,45.3,47.3,B,C+,B,F,C,53.5,Rare,False,False,0,bbref_war
hunteto02,hunteto02,Tommy Hunter,Efficiency Era (2006-2015),2014,2010,2008,2023,BAL,BAL,RP,508,76,22,917.3333333333334,56,47,639,208,129.0,10.28,6.48,2.14,1.06,3.47,128.13,5.86,34.2,87.1,68.3,11.5,32.2,55.6,D,A,B,F,C+,53.5,Rare,False,False,0,bbref_war
blevije01,blevije01,Jerry Blevins,Efficiency Era (2006-2015),2013,2012,2007,2019,OAK,OAK,RP,609,1,7,495.3333333333333,30,13,508,195,50.0,6.22,9.27,3.44,0.97,3.09,133.01,,71.3,50.6,71.5,1.1,41.1,56.1,B,C,B,F,C+,53.4,Rare,False,False,0,bbref_war
furbuch01,furbuch01,Charlie Furbush,Efficiency Era (2006-2015),2013,2012,2011,2015,SEA,SEA,RP,247,12,1,260.6666666666667,13,24,268,89,30.0,1.28,9.25,3.07,1.04,3.97,122.89,7.11,71.1,60.9,64.9,4.2,34.6,36.8,B,B-,B-,F,D+,53.4,Rare,False,False,0,bbref_war
ventejo01,ventejo01,Jonny Venters,Efficiency Era (2006-2015),2012,2011,2010,2019,ATL,ATL,RP,292,1,10,272.0,20,13,297,136,13.0,3.81,9.83,4.5,0.43,2.71,141.41,34.33,78.8,20.8,76.9,2.7,92.0,85.9,B+,D-,B+,F,A,53.4,Rare,True,False,1,bbref_war
bardda01,bardda01,Daniel Bard,Efficiency Era (2006-2015),2013,2022,2009,2023,BOS,BOS,RP,408,10,66,457.3333333333333,31,35,475,241,43.0,9.37,9.67,4.39,0.7,3.01,151.22,,76.7,24.0,83.3,3.9,66.0,69.1,B+,D-,A-,F,B,53.3,Rare,False,False,0,bbref_war
hellije01,hellije01,Jeremy Hellickson,Efficiency Era (2006-2015),2014,2011,2010,2019,TB,TB,SP,232,224,0,1269.3333333333333,76,75,929,385,184.0,12.34,6.36,2.69,1.28,3.77,108.59,6.06,32.5,71.7,55.6,63.3,11.8,63.6,D,B,C+,B-,B-,53.2,Rare,False,False,0,bbref_war
lopezwi01,lopezwi01,Wilton Lopez,Efficiency Era (2006-2015),2012,2012,2009,2014,HOU,HOU,RP,292,2,11,305.3333333333333,16,17,221,57,27.0,4.52,6.51,1.68,0.8,3.54,109.48,9.67,34.6,100.0,56.2,4.1,57.3,39.7,D,S,C+,F,D+,53.2,Rare,False,False,0,bbref_war
cedenxa01,cedenxa01,Xavier Cedeno,Efficiency Era (2006-2015),2015,2015,2011,2019,HOU,HOU,RP,254,0,3,177.66666666666666,10,7,175,72,16.0,2.81,9.1,3.54,0.57,3.28,124.09,,69.1,47.8,65.7,1.0,78.6,65.9,B,C,B,F,B,53.0,Rare,False,False,0,bbref_war
collmjo01,collmjo01,Josh Collmenter,Efficiency Era (2006-2015),2014,2014,2011,2017,ARI,ARI,RP,214,78,2,695.3333333333334,38,35,494,168,88.0,7.43,6.39,2.17,1.14,3.64,107.53,8.98,33.0,86.1,54.9,30.1,24.8,74.3,D,A,C,D,B,53.0,Rare,False,False,0,bbref_war
salasfe01,salasfe01,Fernando Salas,Efficiency Era (2006-2015),2013,2011,2010,2019,STL,STL,RP,496,0,30,489.6666666666667,25,28,474,149,57.0,3.43,8.63,2.8,1.02,3.55,110.38,,62.9,68.4,56.7,3.7,36.3,72.4,B-,B,C+,F,B,53.0,Rare,False,False,0,bbref_war
fienca01,fienca01,Casey Fien,Efficiency Era (2006-2015),2013,2012,2009,2017,MIN,MIN,RP,303,0,1,289.0,17,18,251,61,47.0,2.59,7.83,1.79,1.36,4.06,99.96,,52.2,97.0,50.0,2.9,3.4,49.6,C,A+,C,F,C,52.9,Rare,False,False,0,bbref_war
maholpa01,maholpa01,Paul Maholm,Efficiency Era (2006-2015),2008,2008,2005,2014,PIT,PIT,SP,273,250,0,1556.3333333333333,77,100,984,510,149.0,13.95,5.83,2.93,0.86,4.13,113.4,6.31,25.5,65.0,58.7,66.3,51.7,55.6,D,B,C+,B,C+,52.6,Rare,False,False,0,bbref_war
masteju01,masteju01,Justin Masterson,Efficiency Era (2006-2015),2011,2011,2008,2015,CLE,CLE,SP,258,184,0,1201.0,64,74,1004,498,97.0,11.42,7.45,3.6,0.71,4.12,102.54,7.14,47.1,46.1,51.6,76.1,65.2,33.9,C,C,C,B+,D,52.6,Rare,True,False,1,bbref_war
motagu01,motagu01,Guillermo Mota,Efficiency Era (2006-2015),2006,2003,1999,2012,LAD,LAD,RP,743,0,10,856.6666666666666,39,45,696,331,90.0,7.08,7.39,3.39,0.94,3.27,152.59,,46.3,52.0,84.2,6.0,43.4,77.3,C,C,A-,F,B+,52.6,Rare,False,False,0,bbref_war
linebsc01,linebsc01,Scott Linebrink,Efficiency Era (2006-2015),2006,2004,2000,2011,SDP,SDP,RP,607,6,8,656.6666666666666,42,31,567,229,82.0,9.01,7.63,2.94,1.01,3.06,139.44,15.39,49.5,64.7,75.6,4.6,36.6,50.6,C,B-,B+,F,C,52.5,Rare,False,False,0,bbref_war
manesse01,manesse01,Seth Maness,Efficiency Era (2006-2015),2015,2013,2013,2017,STL,STL,RP,252,0,7,247.0,18,10,156,47,23.0,2.3,5.68,1.71,0.84,3.21,124.73,,23.6,99.1,66.1,3.3,53.3,43.8,D-,A+,B,F,C-,52.5,Rare,False,False,0,bbref_war
reynoma02,reynoma02,Matt Reynolds,Efficiency Era (2006-2015),2012,2012,2010,2016,COL,COL,RP,221,0,2,173.0,5,6,162,57,31.0,2.73,8.43,2.97,1.61,3.8,133.25,,60.1,63.9,71.6,1.0,1.0,66.0,B-,B-,B,F,B,52.4,Rare,False,False,0,bbref_war
layneto01,layneto01,Tommy Layne,Efficiency Era (2006-2015),2014,2016,2012,2017,BOS,BOS,RP,216,0,4,149.66666666666666,8,5,137,72,8.0,2.06,8.24,4.33,0.48,3.61,168.1,,57.6,25.6,94.3,1.0,87.2,68.9,C+,D,A,F,B,52.3,Rare,False,False,0,bbref_war
correke01,correke01,Kevin Correia,Efficiency Era (2006-2015),2007,2013,2003,2015,SFG,SFG,SP,358,221,0,1428.6666666666667,76,98,906,474,179.0,9.27,5.91,2.91,1.02,3.98,107.47,6.95,26.6,65.5,54.9,73.9,36.4,49.9,D,B,C,B,C,52.2,Rare,True,False,1,bbref_war
bondeje01,bondeje01,Jeremy Bonderman,Efficiency Era (2006-2015),2007,2006,2003,2013,DET,DET,SP,225,200,0,1231.0,69,81,961,431,154.0,7.43,7.43,3.14,1.06,4.68,87.72,6.99,46.8,59.1,42.0,74.3,32.0,47.9,C,C+,C-,B,C,52.1,Rare,False,False,0,bbref_war
sherrge01,sherrge01,George Sherrill,Efficiency Era (2006-2015),2008,2009,2004,2012,SEA,SEA,RP,442,0,56,324.3333333333333,19,17,320,154,29.0,6.2,9.07,4.12,0.74,3.28,151.33,,68.6,31.6,83.4,1.0,63.0,57.5,B,D,A-,F,C+,52.1,Rare,True,False,1,bbref_war
sippto01,sippto01,Tony Sipp,Efficiency Era (2006-2015),2012,2015,2009,2019,HOU,HOU,RP,616,0,7,503.6666666666667,26,22,531,221,74.0,6.13,9.69,3.86,1.16,3.19,142.49,,77.0,38.8,77.6,2.0,22.6,46.9,B+,D+,B+,F,C,52.1,Rare,False,False,0,bbref_war
affelje01,affelje01,Jeremy Affeldt,Efficiency Era (2006-2015),2008,2003,2002,2015,SFG,SFG,RP,774,42,28,926.0,43,46,720,396,76.0,11.0,7.66,3.47,0.64,3.31,147.32,9.05,49.8,49.8,80.8,6.3,72.3,46.4,C,C,A-,F,C,52.0,Rare,False,False,0,bbref_war
frasoja01,frasoja01,Jason Frasor,Efficiency Era (2006-2015),2011,2009,2004,2015,TOR,TOR,RP,679,0,36,646.6666666666666,35,35,615,283,56.0,7.82,8.06,3.79,0.72,3.04,148.52,,55.3,40.8,81.5,2.9,64.1,78.9,C+,C-,A-,F,B+,52.0,Rare,False,False,0,bbref_war
niesejo01,niesejo01,Jonathon Niese,Efficiency Era (2006-2015),2013,2012,2008,2016,NYM,NYM,SP,211,197,0,1189.3333333333333,69,68,914,367,131.0,7.11,6.78,2.67,0.98,4.01,91.86,5.98,38.2,72.2,44.7,62.4,39.9,35.9,D+,B,C-,B-,D+,51.9,Rare,False,False,0,bbref_war
reyesde01,reyesde01,Dennys Reyes,Efficiency Era (2006-2015),2006,2006,1997,2011,CIN,CIN,RP,673,40,4,726.6666666666666,35,35,642,400,61.0,6.79,7.91,4.23,0.68,3.57,173.99,8.38,53.2,28.5,98.1,5.3,68.5,55.1,C,D,A+,F,C+,51.9,Rare,False,False,0,bbref_war
delarjo01,rosajo01,Jorge De La Rosa,Efficiency Era (2006-2015),2011,2013,2004,2018,COL,COL,SP,430,241,1,1522.6666666666667,104,87,1273,688,178.0,16.11,7.87,3.76,0.91,4.14,112.28,5.79,52.6,41.7,58.0,60.1,46.3,45.6,C,C-,C+,B-,C,51.7,Rare,False,False,0,bbref_war
padilvi01,padilvi01,Vicente Padilla,Efficiency Era (2006-2015),2006,2002,1999,2012,PHI,PHI,SP,386,237,6,1571.3333333333333,108,91,1121,551,181.0,12.91,6.35,2.87,1.03,4.12,104.28,6.07,32.5,66.7,52.8,63.5,35.0,48.7,D,B,C,B-,C,51.7,Rare,True,False,1,bbref_war
kendrky01,kendrky01,Kyle Kendrick,Efficiency Era (2006-2015),2011,2007,2007,2017,PHI,PHI,SP,255,214,0,1289.3333333333333,81,83,705,371,177.0,7.05,5.07,2.44,1.1,4.25,101.82,7.34,15.4,78.8,51.2,78.4,28.6,40.5,F,B+,C,B+,C-,51.6,Rare,False,False,0,bbref_war
parnebo01,parnebo01,Bobby Parnell,Efficiency Era (2006-2015),2012,2012,2008,2016,NYM,NYM,RP,335,8,37,336.6666666666667,20,28,297,138,19.0,2.44,8.42,3.01,0.44,2.97,109.46,,60.1,62.7,56.1,2.9,91.0,37.8,B-,B-,C+,F,D+,51.6,Rare,False,False,0,bbref_war
abadfe01,abadfe01,Fernando Abad,Efficiency Era (2006-2015),2015,2014,2010,2023,HOU,HOU,RP,406,6,2,354.6666666666667,9,29,292,126,45.0,4.29,7.71,2.99,1.05,3.16,135.21,,50.6,63.2,72.9,1.6,32.9,56.3,C,B-,B,F,C+,51.4,Rare,False,False,0,bbref_war
moylape01,moylape01,Peter Moylan,Efficiency Era (2006-2015),2010,2007,2006,2018,ATL,ATL,RP,499,0,4,418.6666666666667,24,10,324,180,30.0,6.31,7.08,3.86,0.52,2.77,168.35,,42.1,38.6,94.4,1.9,83.3,62.6,C-,D+,A,F,B-,51.4,Rare,False,False,0,bbref_war
stulter01,stulter01,Eric Stults,Efficiency Era (2006-2015),2009,2012,2006,2015,LAD,LAD,SP,135,112,0,683.3333333333334,36,48,433,192,83.0,2.96,5.7,2.62,0.92,4.05,95.88,6.64,23.7,73.5,47.3,70.2,45.5,48.4,D-,B,C,B,C,51.4,Rare,False,False,0,bbref_war
alvarhe01,alvarhe01,Henderson Alvarez,Efficiency Era (2006-2015),2014,2014,2011,2017,MIA,MIA,SP,95,95,0,577.6666666666666,27,35,302,140,56.0,7.84,4.71,2.18,0.87,3.82,102.96,5.86,10.5,85.9,51.9,61.0,50.1,52.1,F,A,C,B-,C,51.3,Rare,True,False,1,bbref_war
ogandal01,ogandal01,Alexi Ogando,Efficiency Era (2006-2015),2013,2011,2010,2018,TEX,TEX,RP,284,48,4,504.3333333333333,33,19,408,186,53.0,9.77,7.25,3.21,0.98,3.32,141.08,25.87,44.4,57.0,76.7,13.8,40.2,53.9,C-,C+,B+,F,C,51.3,Rare,True,False,1,bbref_war
hernada01,hernada01,David Hernandez,Efficiency Era (2006-2015),2012,2018,2009,2019,ARI,ARI,RP,547,27,24,648.6666666666666,38,47,664,253,88.0,7.44,9.04,3.49,1.15,3.74,125.9,7.62,68.2,49.0,66.8,6.9,24.0,60.1,B,C,B,F,B-,51.2,Rare,False,False,0,bbref_war
richacl01,richacl01,Clayton Richard,Efficiency Era (2006-2015),2012,2009,2008,2019,SDP,SDP,SP,275,210,1,1284.6666666666667,69,84,824,438,149.0,4.55,5.88,2.99,0.95,4.1,96.86,7.42,26.2,63.1,48.0,79.4,43.1,56.9,D,B-,C,B+,C+,51.2,Rare,False,False,0,bbref_war
frierer01,frierer01,Ernesto Frieri,Efficiency Era (2006-2015),2012,2012,2009,2017,SDP,SDP,RP,304,0,73,303.3333333333333,11,14,387,143,42.0,3.65,11.66,4.44,1.07,2.99,113.6,,103.2,22.6,58.8,3.8,31.7,55.2,S,D-,C+,F,C+,51.1,Rare,False,False,0,bbref_war
jurrjja01,jurrjja01,Jair Jurrjens,Efficiency Era (2006-2015),2010,2009,2007,2014,ATL,ATL,SP,130,128,0,767.3333333333334,53,38,514,264,70.0,12.1,6.2,3.08,0.78,3.5,101.86,5.89,30.4,60.7,51.2,61.3,59.2,66.8,D,B-,C,B-,B,51.1,Rare,True,False,1,bbref_war
leagubr01,leagubr01,Brandon League,Efficiency Era (2006-2015),2009,2012,2004,2014,TOR,TOR,RP,498,0,74,532.0,27,35,375,185,41.0,4.45,6.84,2.97,0.44,3.07,126.1,,39.0,63.7,67.0,4.1,91.5,69.8,D+,B-,B,F,B,51.1,Rare,True,False,1,bbref_war
hendrma01,hendrma01,Mark Hendrickson,Efficiency Era (2006-2015),2006,2006,2002,2011,TB,TB,SP,328,166,1,1169.0,58,74,666,345,145.0,5.75,5.08,2.63,1.09,4.73,106.07,7.48,15.5,73.5,53.9,80.1,29.1,36.7,F,B,C,A-,D+,51.0,Rare,False,False,0,bbref_war
oliveda02,oliveda02,Darren Oliver,Efficiency Era (2006-2015),2008,1999,1993,2013,TEX,TEX,RP,766,229,7,1915.6666666666667,118,98,1259,720,216.0,16.23,6.09,3.23,0.88,3.8,148.48,22.91,29.0,56.3,81.5,21.2,49.0,73.0,D,C+,A-,D-,B,51.0,Rare,False,False,0,bbref_war
westbja01,westbja01,Jake Westbrook,Efficiency Era (2006-2015),2007,2004,2000,2013,CLE,CLE,SP,315,273,0,1747.6666666666667,105,103,965,571,148.0,14.26,5.04,2.83,0.74,4.0,110.57,6.46,14.9,67.6,56.9,68.1,62.2,56.4,F,B,C+,B,C+,51.0,Rare,True,False,1,bbref_war
cookaa01,cookaa01,Aaron Cook,Efficiency Era (2006-2015),2006,2008,2002,2012,COL,COL,SP,256,224,0,1406.3333333333333,76,79,578,429,126.0,18.06,3.78,2.45,0.78,4.11,116.57,6.48,1.0,78.5,60.8,68.2,59.3,52.7,F,B+,B-,B,C,50.9,Rare,True,False,1,bbref_war
breslcr01,breslcr01,Craig Breslow,Efficiency Era (2006-2015),2011,2013,2005,2017,BOS,BOS,RP,576,2,8,570.6666666666666,23,30,442,226,56.0,7.24,7.16,3.3,0.86,3.02,149.82,32.5,43.2,54.4,82.4,3.6,51.1,54.1,C-,C,A-,F,C,50.8,Rare,False,False,0,bbref_war
guthrje01,guthrje01,Jeremy Guthrie,Efficiency Era (2006-2015),2010,2010,2004,2017,BAL,BAL,SP,306,273,0,1765.3333333333333,91,109,1046,510,250.0,19.54,5.32,2.55,1.26,4.19,106.89,6.41,18.7,75.6,54.5,67.5,13.1,55.5,F,B+,C,B,C+,50.8,Rare,False,False,0,bbref_war
pattotr01,pattotr01,Troy Patton,Efficiency Era (2006-2015),2012,2012,2007,2014,BAL,BAL,RP,151,2,0,169.0,5,4,135,43,20.0,3.16,7.19,2.29,1.07,3.25,109.07,6.33,43.6,82.9,55.9,5.0,31.8,57.1,C-,A-,C+,F,C+,50.8,Rare,False,False,0,bbref_war
wuertmi01,wuertmi01,Michael Wuertz,Efficiency Era (2006-2015),2007,2009,2004,2011,CHC,CHC,RP,426,0,11,414.3333333333333,21,11,444,198,44.0,5.77,9.74,4.07,0.92,3.45,130.98,,77.6,33.0,70.1,3.4,45.4,54.2,B+,D,B,F,C,50.7,Rare,False,False,0,bbref_war
danksjo01,danksjo01,John Danks,Efficiency Era (2006-2015),2010,2008,2007,2016,CHW,CHW,SP,247,247,0,1503.3333333333333,79,104,1102,491,197.0,21.27,6.71,2.89,1.16,4.22,104.35,6.12,37.3,66.1,52.8,64.0,22.8,17.0,D+,B,C,B-,F,50.6,Rare,False,False,0,bbref_war
mcallza01,mcallza01,Zach McAllister,Efficiency Era (2006-2015),2015,2017,2011,2023,CLE,CLE,RP,287,68,1,597.0,29,35,547,201,71.0,3.27,8.32,3.1,1.04,3.91,109.2,22.44,58.7,60.1,56.0,18.1,33.8,50.6,C+,B-,C+,F,C,50.6,Rare,False,False,0,bbref_war
vargaja01,vargaja01,Jason Vargas,Efficiency Era (2006-2015),2013,2017,2005,2019,SEA,SEA,SP,298,277,0,1643.0,99,99,1147,508,216.0,16.99,6.35,2.72,1.1,3.98,100.36,5.96,32.4,70.7,50.2,62.2,28.1,30.2,D,B,C,B-,D,50.6,Rare,True,False,1,bbref_war
warread01,warread01,Adam Warren,Efficiency Era (2006-2015),2015,2015,2012,2019,NYY,NYY,RP,323,21,6,492.3333333333333,30,24,428,171,56.0,7.04,7.93,2.99,0.95,3.35,113.92,16.19,53.4,63.1,59.0,10.8,42.9,59.8,C,B-,C+,F,C+,50.6,Rare,False,False,0,bbref_war
loganbo02,loganbo02,Boone Logan,Efficiency Era (2006-2015),2012,2010,2006,2018,NYY,NYY,RP,635,0,3,442.0,30,23,479,199,55.0,4.55,9.87,3.82,0.99,3.79,120.91,,79.3,39.8,63.6,1.0,38.7,55.1,B+,D+,B-,F,C+,50.5,Rare,False,False,0,bbref_war
francfr01,francfr01,Frank Francisco,Efficiency Era (2006-2015),2008,2004,2004,2014,TEX,TEX,RP,391,0,73,386.3333333333333,20,22,426,172,41.0,5.99,9.92,3.91,0.92,3.72,122.17,,80.0,37.4,64.4,3.7,45.9,42.2,A-,D+,B-,F,C-,50.4,Rare,False,False,0,bbref_war
santose01,santose01,Sergio Santos,Efficiency Era (2006-2015),2012,2010,2010,2015,TOR,TOR,RP,194,0,39,183.0,7,12,227,88,18.0,2.03,11.16,4.33,0.89,3.98,113.14,,96.6,25.6,58.5,2.9,48.9,43.2,A+,D,C+,F,C-,50.2,Rare,False,False,0,bbref_war
willije02,willije01,Jerome Williams,Efficiency Era (2006-2015),2011,2003,2003,2016,SFG,SFG,SP,236,149,2,1029.6666666666667,52,66,655,352,130.0,6.5,5.86,3.0,1.02,4.26,95.59,7.43,25.9,62.9,47.1,79.5,36.3,48.7,D,B-,C,B+,C,50.2,Rare,False,False,0,bbref_war
volqued01,volqued01,Edinson Volquez,Efficiency Era (2006-2015),2012,2008,2005,2020,TEX,TEX,SP,294,273,0,1546.3333333333333,95,89,1323,735,159.0,12.52,7.98,4.16,0.74,3.63,107.4,5.78,54.2,30.4,54.8,60.0,62.6,60.2,C,D,C,B-,B-,50.0,Rare,True,False,1,bbref_war
bastaan01,bastaan01,Antonio Bastardo,Efficiency Era (2006-2015),2013,2011,2009,2017,PHI,PHI,RP,419,5,12,393.0,27,20,470,192,44.0,3.91,11.06,4.35,0.87,3.57,116.79,,95.3,25.1,60.9,2.3,49.9,33.6,A+,D,B-,F,D,49.8,Rare,False,False,0,bbref_war
jennida01,jennida01,Dan Jennings,Efficiency Era (2006-2015),2015,2016,2012,2019,MIA,MIA,RP,390,1,2,348.6666666666667,17,20,281,157,25.0,4.88,7.12,3.92,0.63,2.96,163.94,64.33,42.6,37.0,91.6,2.4,73.3,59.3,C-,D+,A,F,C+,49.8,Rare,False,False,0,bbref_war
lecursa01,lecursa01,Sam LeCure,Efficiency Era (2006-2015),2012,2013,2010,2015,CIN,CIN,RP,250,10,1,320.6666666666667,10,16,300,124,31.0,2.59,8.42,3.48,0.87,3.51,116.19,13.71,60.0,49.4,60.5,6.9,50.3,74.6,B-,C,B-,F,B,49.8,Rare,False,False,0,bbref_war
cruzju02,cruzju02,Juan Cruz,Efficiency Era (2006-2015),2007,2006,2001,2012,ARI,ARI,RP,447,38,6,655.0,38,36,659,346,67.0,6.95,9.57,4.5,0.84,3.31,137.75,5.95,75.3,20.9,74.5,7.9,53.4,61.0,B+,D-,B,F,B-,49.6,Rare,False,False,0,bbref_war
lyonbr01,lyonbr01,Brandon Lyon,Efficiency Era (2006-2015),2007,2007,2001,2013,ARI,ARI,RP,572,21,79,681.3333333333334,42,47,465,220,69.0,9.34,6.43,2.98,0.65,3.39,134.77,5.73,33.5,63.4,72.6,5.6,71.0,56.7,D,B-,B,F,C+,49.6,Rare,False,False,0,bbref_war
meredcl01,meredcl01,Cla Meredith,Efficiency Era (2006-2015),2008,2006,2005,2010,SDP,SDP,RP,286,0,1,283.3333333333333,14,14,189,80,24.0,2.96,6.0,2.54,0.76,3.62,132.41,,27.8,75.8,71.1,3.4,60.5,47.7,D,B+,B,F,C,49.6,Rare,False,False,0,bbref_war
ramirra02,ramirra02,Ramon Ramirez,Efficiency Era (2006-2015),2010,2008,2006,2014,SFG,SFG,RP,424,0,9,434.6666666666667,23,21,364,190,32.0,7.54,7.63,3.91,0.61,3.1,148.63,,49.5,37.3,81.6,4.0,74.8,62.6,C,D+,A-,F,B-,49.6,Rare,False,False,0,bbref_war
tillmch01,tillmch01,Chris Tillman,Efficiency Era (2006-2015),2013,2013,2009,2018,BAL,BAL,SP,210,205,0,1145.0,74,60,847,436,164.0,12.38,6.77,3.2,1.21,4.04,103.48,5.67,38.1,57.2,52.3,58.7,18.5,58.6,D+,C+,C,C+,C+,49.6,Rare,True,False,1,bbref_war
willido03,willido03,Dontrelle Willis,Efficiency Era (2006-2015),2006,2005,2003,2011,MIA,MIA,SP,205,202,0,1221.6666666666667,72,69,896,500,114.0,16.73,6.66,3.38,0.82,3.97,104.26,6.05,36.5,52.3,52.8,63.2,55.1,38.6,D+,C,C,B-,D+,49.6,Rare,True,False,2,bbref_war
buchhta01,buchhta01,Taylor Buchholz,Efficiency Era (2006-2015),2008,2008,2006,2011,COL,COL,RP,158,27,1,311.0,20,22,229,85,41.0,2.54,6.63,2.46,1.19,4.28,115.78,8.83,36.1,78.1,60.3,15.0,20.3,51.5,D+,B+,B-,F,C,49.5,Rare,False,False,0,bbref_war
farquda01,farquda01,Danny Farquhar,Efficiency Era (2006-2015),2015,2014,2011,2018,SEA,SEA,RP,253,0,18,272.3333333333333,10,15,309,106,30.0,1.05,10.21,3.5,0.99,3.93,92.82,,83.9,48.8,45.3,4.5,38.8,45.4,A-,C,C,F,C,49.4,Rare,False,False,0,bbref_war
saundjo01,saundjo01,Joe Saunders,Efficiency Era (2006-2015),2009,2008,2005,2014,LAA,LAA,SP,235,229,0,1387.3333333333333,89,86,792,439,179.0,9.98,5.14,2.73,1.11,4.12,104.41,6.09,16.3,70.4,52.9,63.7,27.6,71.6,F,B,C,B-,B,49.4,Rare,True,False,1,bbref_war
rossro01,rossro01,Robbie Ross,Efficiency Era (2006-2015),2014,2012,2012,2017,TEX,TEX,RP,266,12,6,330.6666666666667,16,12,274,120,25.0,2.56,7.46,3.27,0.68,3.92,119.44,6.53,47.2,55.4,62.6,6.4,68.3,69.7,C,C+,B-,F,B,49.2,Rare,False,False,0,bbref_war
thayeda01,thayeda01,Dale Thayer,Efficiency Era (2006-2015),2012,2014,2009,2015,SDP,SDP,RP,264,0,9,251.66666666666666,11,17,213,66,30.0,1.87,7.62,2.36,1.07,3.47,95.58,,49.3,80.9,47.1,3.0,31.0,57.2,C,A-,C,F,C+,49.2,Rare,False,False,0,bbref_war
badenbu01,badenbu01,Burke Badenhop,Efficiency Era (2006-2015),2012,2014,2008,2015,MIA,MIA,RP,418,10,4,512.3333333333334,20,27,350,153,35.0,4.63,6.1,2.55,0.54,3.5,118.48,36.0,29.1,75.4,62.0,5.3,81.4,51.3,D,B+,B-,F,C,49.1,Rare,False,False,0,bbref_war
villaca01,villaca01,Carlos Villanueva,Efficiency Era (2006-2015),2011,2011,2006,2016,MIL,MIL,RP,476,76,11,998.6666666666666,51,55,862,323,139.0,8.99,7.46,3.0,1.24,3.93,110.88,10.78,47.3,62.8,57.1,22.4,15.5,62.5,C,B-,C+,D-,B-,49.1,Rare,False,False,0,bbref_war
arredjo01,arredjo01,Jose Arredondo,Efficiency Era (2006-2015),2010,2008,2008,2012,LAA,LAA,RP,214,0,1,220.0,22,11,212,110,21.0,2.54,8.67,4.5,0.86,3.27,152.94,,63.4,20.8,84.4,3.9,51.3,73.0,B-,D-,A-,F,B,49.0,Rare,False,False,0,bbref_war
carlsje01,carlsje01,Jesse Carlson,Efficiency Era (2006-2015),2009,2008,2008,2010,TOR,TOR,RP,162,0,3,141.33333333333334,8,8,114,47,16.0,1.86,7.26,2.99,1.02,3.63,125.84,,44.6,63.1,66.8,2.0,36.2,64.7,C-,B-,B,F,B-,49.0,Rare,False,False,0,bbref_war
francje01,francje01,Jeff Francis,Efficiency Era (2006-2015),2008,2007,2004,2015,COL,COL,SP,254,217,1,1291.0,72,82,869,384,161.0,11.34,5.82,2.64,1.06,4.85,95.76,5.74,25.3,73.0,47.2,59.6,31.9,41.5,D,B,C,C+,C-,49.0,Rare,False,False,0,bbref_war
gonzami03,gonzami03,Miguel Gonzalez,Efficiency Era (2006-2015),2015,2012,2012,2018,BAL,BAL,SP,155,148,0,883.6666666666666,52,57,617,286,123.0,10.23,6.28,2.91,1.25,4.06,96.44,5.8,31.6,65.4,47.7,60.2,14.0,62.1,D,B,C,B-,B-,49.0,Rare,False,False,0,bbref_war
shousbr01,shousbr01,Brian Shouse,Efficiency Era (2006-2015),2006,2004,1993,2009,TEX,TEX,RP,467,0,6,350.6666666666667,13,10,233,118,31.0,5.78,5.99,2.96,0.66,3.31,140.76,,27.7,63.9,76.5,1.0,70.0,66.5,D,B-,B+,F,B,49.0,Rare,False,False,0,bbref_war
felicpe01,felicpe01,Pedro Feliciano,Efficiency Era (2006-2015),2008,2006,2002,2013,NYM,NYM,RP,484,0,4,383.6666666666667,22,21,350,165,30.0,5.93,8.32,3.81,0.7,3.16,132.51,,58.6,40.3,71.1,1.0,66.3,58.0,C+,C-,B,F,C+,48.9,Rare,False,False,0,bbref_war
swarzan01,swarzan01,Anthony Swarzak,Efficiency Era (2006-2015),2015,2017,2009,2021,MIN,MIN,RP,388,32,10,653.3333333333334,26,37,494,202,87.0,6.11,7.02,2.67,0.98,3.82,115.8,15.39,41.4,72.3,60.3,10.4,39.8,36.7,C-,B,B-,F,D+,48.9,Rare,False,False,0,bbref_war
lindsma01,lindsma01,Matt Lindstrom,Efficiency Era (2006-2015),2011,2013,2007,2014,MIA,MIA,RP,469,0,51,420.6666666666667,17,21,327,154,23.0,5.39,6.94,3.13,0.43,3.4,127.93,,40.3,59.2,68.2,2.4,91.7,38.0,C-,C+,B,F,D+,48.8,Rare,False,False,0,bbref_war
vargacl01,vargacl01,Claudio Vargas,Efficiency Era (2006-2015),2007,2003,2003,2010,MIL,MIL,SP,217,114,1,764.6666666666666,48,40,544,294,127.0,4.63,6.34,3.2,1.41,4.75,106.96,6.43,32.2,57.2,54.5,67.7,1.0,52.7,D,C+,C,B,C,48.8,Rare,False,False,0,bbref_war
jepseke01,jepseke01,Kevin Jepsen,Efficiency Era (2006-2015),2013,2015,2008,2018,LAA,LAA,RP,469,0,27,416.6666666666667,18,33,373,169,37.0,3.72,8.54,3.61,0.63,3.34,119.38,,61.6,45.8,62.6,2.1,72.9,45.3,B-,C,B-,F,C,48.7,Rare,False,False,0,bbref_war
brothre01,brothre01,Rex Brothers,Efficiency Era (2006-2015),2015,2013,2011,2021,COL,COL,RP,374,0,21,322.3333333333333,23,16,394,192,35.0,5.76,11.36,5.24,0.93,3.42,138.42,,99.3,1.0,75.0,2.2,44.7,44.9,A+,F,B+,F,C-,48.6,Rare,False,False,0,bbref_war
perezra01,perezra01,Rafael Perez,Efficiency Era (2006-2015),2009,2007,2006,2012,CLE,CLE,RP,338,0,3,329.0,21,12,268,117,26.0,4.35,7.33,3.2,0.71,3.64,129.7,,45.5,57.3,69.3,3.2,65.4,36.1,C,C+,B,F,D+,48.6,Rare,False,False,0,bbref_war
seaybo01,seaybo01,Bobby Seay,Efficiency Era (2006-2015),2006,2007,2001,2009,DET,DET,RP,261,0,1,223.0,11,6,190,90,17.0,3.31,7.62,3.49,0.6,3.92,127.44,,49.4,49.1,67.8,2.0,76.3,59.2,C,C,B,F,C+,48.6,Rare,False,False,0,bbref_war
walkety01,walkety01,Tyler Walker,Efficiency Era (2006-2015),2007,2007,2002,2010,SFG,SFG,RP,286,1,34,299.6666666666667,23,18,243,110,37.0,2.61,7.35,3.22,1.18,3.97,141.39,10.67,45.7,56.9,76.9,4.2,20.8,40.4,C,C+,B+,F,C-,48.6,Rare,False,False,0,bbref_war
vogelry01,vogelry01,Ryan Vogelsong,Efficiency Era (2006-2015),2011,2011,2000,2016,SFG,SFG,SP,289,179,0,1190.0,61,75,900,471,129.0,5.45,7.02,3.3,0.8,3.76,81.61,6.05,41.3,54.6,38.0,63.2,56.6,55.1,C-,C,D+,B-,C+,48.5,Rare,True,False,1,bbref_war
rzepcma01,rzepcma01,Marc Rzepczynski,Efficiency Era (2006-2015),2013,2009,2009,2018,CLE,CLE,RP,506,23,2,434.6666666666667,14,27,409,205,36.0,4.58,8.51,4.31,0.63,3.57,146.85,5.44,61.2,26.2,80.5,3.6,73.0,45.1,B-,D,A-,F,C,48.4,Rare,False,False,0,bbref_war
choatra01,choatra01,Randy Choate,Efficiency Era (2006-2015),2011,2013,2000,2015,NYY,NYY,RP,672,0,7,408.0,16,14,348,175,20.0,4.97,7.96,3.89,0.38,3.34,139.14,,53.8,37.9,75.4,1.0,96.9,30.4,C,D+,B+,F,D,48.3,Rare,False,False,0,bbref_war
cingrto01,cingrto01,Tony Cingrani,Efficiency Era (2006-2015),2015,2013,2012,2018,CIN,CIN,RP,216,30,17,334.6666666666667,12,22,366,160,47.0,2.0,9.84,4.3,1.26,4.01,118.52,14.97,79.0,26.3,62.0,10.0,12.9,86.8,B+,D,B-,F,A,48.3,Rare,False,False,0,bbref_war
dunnmi01,dunnmi01,Mike Dunn,Efficiency Era (2006-2015),2013,2013,2009,2019,MIA,MIA,RP,555,0,4,436.0,34,26,473,224,47.0,4.53,9.91,4.21,0.98,3.32,127.39,,79.9,28.8,67.8,1.4,39.9,38.9,B+,D,B,F,D+,48.3,Rare,False,False,0,bbref_war
rodrife02,rodrife02,Fernando Rodriguez,Efficiency Era (2006-2015),2013,2016,2009,2016,OAK,OAK,RP,216,0,0,231.66666666666666,11,15,242,109,24.0,0.25,9.4,4.23,0.93,4.35,130.68,,73.1,28.2,69.9,4.4,44.4,49.9,B,D,B,F,C,48.2,Rare,False,False,0,bbref_war
guerrma02,guerrma02,Matt Guerrier,Efficiency Era (2006-2015),2009,2007,2004,2014,MIN,MIN,RP,555,3,6,623.0,27,35,411,206,69.0,8.72,5.61,2.6,0.97,2.99,138.21,69.67,22.6,74.1,74.8,5.8,41.1,43.5,D-,B,B,F,C-,48.0,Rare,False,False,0,bbref_war
straida01,straida01,Dan Straily,Efficiency Era (2006-2015),2015,2016,2012,2019,OAK,OAK,SP,156,140,0,803.3333333333334,44,40,681,312,143.0,6.84,7.72,3.45,1.44,4.23,89.5,5.76,50.7,50.2,43.2,59.8,1.0,57.9,C,C,C-,C+,C+,47.9,Uncommon,False,False,0,bbref_war
delgara01,delgara01,Randall Delgado,Efficiency Era (2006-2015),2015,2015,2011,2018,ARI,ARI,RP,271,53,2,542.6666666666666,30,29,465,203,67.0,2.81,7.34,3.25,1.18,3.97,109.87,20.22,45.6,55.9,56.4,16.3,20.8,95.2,C,C+,C+,F,A+,47.7,Uncommon,False,False,0,bbref_war
matsuda01,matsuda01,Daisuke Matsuzaka,Efficiency Era (2006-2015),2010,2008,2007,2014,BOS,BOS,SP,158,132,1,790.3333333333334,56,43,720,387,85.0,10.82,8.21,4.44,0.89,4.22,99.06,6.2,57.2,22.6,49.4,65.0,48.0,62.1,C+,D-,C,B,B-,47.6,Uncommon,False,False,0,bbref_war
koehlto01,koehlto01,Tom Koehler,Efficiency Era (2006-2015),2014,2014,2012,2017,MIA,MIA,SP,161,133,0,784.3333333333334,36,55,604,322,94.0,3.33,6.93,3.69,1.08,4.39,92.9,7.09,40.2,43.4,45.4,75.5,30.5,47.1,C-,C-,C,B+,C,47.5,Uncommon,False,False,0,bbref_war
nicasju01,nicasju01,Juan Nicasio,Efficiency Era (2006-2015),2015,2017,2011,2020,COL,COL,RP,364,82,9,720.3333333333334,40,46,668,260,83.0,4.52,8.5,3.43,0.88,4.43,100.84,16.81,61.1,51.0,50.5,16.1,49.4,39.9,B-,C,C,F,D+,47.5,Uncommon,False,False,0,bbref_war
cookry01,cookry01,Ryan Cook,Efficiency Era (2006-2015),2014,2012,2011,2018,OAK,OAK,RP,236,0,17,224.0,15,13,233,96,17.0,3.26,9.36,3.86,0.68,3.58,102.63,,72.6,38.8,51.7,2.9,68.0,55.5,B,D+,C,F,C+,47.4,Uncommon,True,False,1,bbref_war
aceveal01,aceveal01,Alfredo Aceves,Efficiency Era (2006-2015),2011,2011,2008,2014,NYY,NYY,RP,204,15,29,380.3333333333333,31,16,282,129,48.0,4.21,6.67,3.05,1.14,3.83,121.86,31.54,36.7,61.4,64.2,13.8,25.1,68.3,D+,B-,B-,F,B,47.3,Uncommon,False,False,0,bbref_war
wangch01,wangch01,Chien-Ming Wang,Efficiency Era (2006-2015),2008,2006,2005,2016,NYY,NYY,SP,174,126,1,845.6666666666666,68,34,394,252,65.0,14.92,4.07,2.6,0.61,3.96,102.65,6.43,2.0,74.3,51.7,67.7,74.6,28.9,F,B,C,B,D,47.3,Uncommon,False,False,0,bbref_war
campsh01,campsh01,Shawn Camp,Efficiency Era (2006-2015),2009,2010,2004,2014,TOR,TOR,RP,541,0,12,592.3333333333334,29,33,403,176,65.0,4.6,6.13,2.57,0.87,3.83,115.28,,29.5,75.1,59.9,4.7,50.5,57.0,D,B+,C+,F,C+,47.2,Uncommon,False,False,0,bbref_war
corpama01,corpama01,Manny Corpas,Efficiency Era (2006-2015),2009,2007,2006,2013,COL,COL,RP,359,0,34,374.3333333333333,13,20,264,112,38.0,4.48,6.35,2.69,0.91,4.14,119.22,,32.4,71.6,62.5,4.1,46.2,53.1,D,B,B-,F,C,47.2,Uncommon,False,False,0,bbref_war
detwiro01,detwiro01,Ross Detwiler,Efficiency Era (2006-2015),2013,2012,2007,2022,WSH,WSH,RP,307,100,2,752.0,30,51,505,273,93.0,4.59,6.3,2.91,0.89,3.88,112.41,6.81,31.8,65.3,58.1,23.8,48.5,48.9,D,B,C+,D-,C,47.2,Uncommon,False,False,0,bbref_war
lewisje01,lewisje01,Jensen Lewis,Efficiency Era (2006-2015),2008,2007,2007,2010,CLE,CLE,RP,161,0,14,198.0,7,11,177,85,23.0,2.22,8.05,3.86,1.05,3.68,137.53,,55.0,38.7,74.4,6.3,33.6,51.3,C+,D+,B,F,C,47.2,Uncommon,False,False,0,bbref_war
webbry01,webbry01,Ryan Webb,Efficiency Era (2006-2015),2012,2013,2009,2016,SDP,SDP,RP,375,0,0,393.3333333333333,17,18,271,124,21.0,3.46,6.22,2.9,0.45,3.35,117.54,,30.7,65.8,61.4,4.2,89.7,51.8,D,B,B-,F,C,47.2,Uncommon,False,False,0,bbref_war
ramirho01,ramirho01,Horacio Ramirez,Efficiency Era (2006-2015),2006,2003,2003,2011,ATL,ATL,SP,169,105,0,688.3333333333334,40,35,318,264,83.0,3.64,4.24,3.38,1.07,4.24,104.98,9.49,4.3,52.1,53.2,103.8,31.6,50.8,F,C,C,S,C,47.1,Uncommon,False,False,0,bbref_war
axforjo01,axforjo01,John Axford,Efficiency Era (2006-2015),2014,2011,2009,2021,MIL,MIL,RP,544,1,144,525.6666666666666,38,34,589,261,50.0,5.76,10.15,4.48,0.6,3.31,116.23,,83.1,21.5,60.6,3.3,76.0,28.0,A-,D-,B-,F,D,47.0,Uncommon,False,False,0,bbref_war
sanchjo01,sanchjo01,Jonathan Sanchez,Efficiency Era (2006-2015),2009,2010,2006,2013,SFG,SFG,SP,194,137,0,786.3333333333334,39,58,796,437,91.0,4.27,9.37,4.79,1.0,4.4,85.16,6.96,72.6,12.7,40.4,73.9,38.2,51.4,B,F,C-,B,C,47.0,Uncommon,False,False,0,bbref_war
greggke01,greggke01,Kevin Gregg,Efficiency Era (2006-2015),2007,2007,2003,2015,LAA,LAA,RP,594,8,177,720.3333333333334,30,46,661,329,78.0,6.27,8.3,3.8,0.76,3.72,119.17,17.17,58.4,40.5,62.5,6.8,61.1,48.6,C+,C-,B-,F,C,46.9,Uncommon,False,False,0,bbref_war
edginjo01,edginjo01,Josh Edgin,Efficiency Era (2006-2015),2014,2014,2012,2017,NYM,NYM,RP,177,0,2,129.0,4,4,116,52,13.0,1.57,8.09,3.63,0.91,3.49,127.89,,55.7,45.3,68.1,1.0,46.8,40.7,C+,C,B,F,C-,46.8,Uncommon,False,False,0,bbref_war
harrima01,harrima01,Matt Harrison,Efficiency Era (2006-2015),2011,2012,2008,2015,TEX,TEX,SP,135,103,2,668.3333333333334,50,35,408,234,72.0,9.5,5.42,3.11,0.96,4.15,96.85,6.7,20.0,59.9,48.0,70.9,42.0,41.1,D-,C+,C,B,C-,46.8,Uncommon,True,False,1,bbref_war
defraju01,defraju01,Justin De Fratus,Efficiency Era (2006-2015),2013,2014,2011,2015,PHI,PHI,RP,191,0,0,194.0,7,6,170,77,16.0,0.67,7.89,3.57,0.74,4.08,127.09,,52.9,46.9,67.6,3.7,62.4,23.7,C,C,B,F,D-,46.7,Uncommon,False,False,0,bbref_war
matthry01,matthry01,Ryan Mattheus,Efficiency Era (2006-2015),2013,2012,2011,2015,WSH,WSH,RP,203,0,0,198.33333333333334,9,11,116,71,13.0,1.02,5.26,3.22,0.59,3.72,152.75,,18.0,56.7,84.3,3.3,76.9,52.9,F,C+,A-,F,C,46.7,Uncommon,False,False,0,bbref_war
morribr01,morribr01,Bryan Morris,Efficiency Era (2006-2015),2014,2014,2012,2017,PIT,PIT,RP,231,0,1,236.0,20,12,168,101,22.0,2.67,6.41,3.85,0.84,3.13,163.03,,33.2,39.0,91.0,3.8,53.2,52.8,D,D+,A,F,C,46.7,Uncommon,False,False,0,bbref_war
ramosaj01,ramosaj01,AJ Ramos,Efficiency Era (2006-2015),2015,2014,2012,2021,MIA,MIA,RP,381,0,99,373.3333333333333,17,18,430,205,25.0,6.87,10.44,4.79,0.54,2.85,116.34,,86.9,12.5,60.6,3.6,81.8,41.5,A,F,B-,F,C-,46.7,Uncommon,True,False,1,bbref_war
pelfrmi01,pelfrmi01,Mike Pelfrey,Efficiency Era (2006-2015),2012,2008,2006,2017,NYM,NYM,SP,275,256,1,1476.3333333333333,68,103,838,542,139.0,8.85,4.99,2.94,0.72,4.32,103.56,5.86,14.2,64.5,52.3,61.0,64.8,29.8,F,B-,C,B-,D,46.6,Uncommon,False,False,0,bbref_war
zumayjo01,zumayjo01,Joel Zumaya,Efficiency Era (2006-2015),2008,2006,2006,2010,DET,DET,RP,171,0,5,209.66666666666666,13,12,210,114,18.0,4.17,9.01,4.89,0.77,3.05,145.36,,67.9,9.7,79.5,6.2,59.5,62.5,B,F,B+,F,B-,46.3,Uncommon,False,False,0,bbref_war
torreal01,torreal01,Alex Torres,Efficiency Era (2006-2015),2014,2013,2011,2015,TB,TB,RP,152,0,1,154.33333333333334,7,4,157,86,9.0,2.02,9.16,5.02,0.52,2.68,141.76,,69.8,6.3,77.1,3.7,83.1,64.8,B,F,B+,F,B-,46.2,Uncommon,False,False,0,bbref_war
hanrajo01,hanrajo01,Joel Hanrahan,Efficiency Era (2006-2015),2010,2011,2007,2013,PIT,PIT,RP,362,11,100,404.6666666666667,22,18,441,198,40.0,4.34,9.81,4.4,0.89,3.85,118.28,4.64,78.5,23.5,61.9,4.9,48.4,39.5,B+,D-,B-,F,D+,46.1,Uncommon,True,False,2,bbref_war
burtoja01,burtoja01,Jared Burton,Efficiency Era (2006-2015),2010,2012,2007,2014,CIN,CIN,RP,367,0,10,361.0,18,19,305,136,31.0,4.69,7.63,3.36,0.76,3.43,114.85,,49.5,52.8,59.7,3.4,61.0,38.3,C,C,C+,F,D+,46.0,Uncommon,False,False,0,bbref_war
carmofa01,carmofa01,Roberto Hernandez,Efficiency Era (2006-2015),2012,2007,2006,2016,CLE,CLE,SP,270,219,1,1358.3333333333333,71,99,833,505,147.0,9.13,5.52,3.11,0.91,3.98,88.21,6.63,21.4,59.8,42.3,70.1,46.6,46.4,D-,C+,C-,B,C,46.0,Uncommon,True,False,1,bbref_war
masseni01,masseni01,Nick Masset,Efficiency Era (2006-2015),2009,2009,2006,2015,CIN,CIN,RP,387,2,4,403.0,20,16,339,175,33.0,3.07,7.62,3.8,0.75,3.85,125.79,50.67,49.3,40.6,66.8,4.3,61.3,62.2,C,C-,B,F,B-,46.0,Uncommon,False,False,0,bbref_war
luetglu01,luetglu01,Lucas Luetge,Efficiency Era (2006-2015),2015,2021,2012,2023,SEA,SEA,RP,230,1,5,232.33333333333334,12,11,226,86,20.0,2.02,8.75,3.33,0.77,3.6,87.91,72.33,64.5,53.6,42.1,3.7,59.3,47.1,B-,C,C-,F,C,45.9,Uncommon,False,False,0,bbref_war
heilmaa01,heilmaa01,Aaron Heilman,Efficiency Era (2006-2015),2007,2005,2003,2011,NYM,NYM,RP,477,25,16,630.0,35,46,548,256,72.0,4.32,7.89,3.47,0.87,3.94,108.13,10.51,52.9,49.8,55.3,6.2,50.6,55.9,C,C,C+,F,C+,45.8,Uncommon,False,False,0,bbref_war
mcgowdu01,mcgowdu01,Dustin McGowan,Efficiency Era (2006-2015),2013,2007,2005,2017,TOR,TOR,RP,290,69,2,650.3333333333334,35,34,540,279,78.0,3.98,7.52,3.52,1.01,4.11,108.35,6.91,48.0,48.2,55.4,18.3,37.3,66.3,C,C,C+,F,B,45.8,Uncommon,False,False,0,bbref_war
nunezle01,nunezle01,Juan Carlos Oviedo,Efficiency Era (2006-2015),2009,2008,2005,2014,KCR,KCR,RP,349,6,93,388.6666666666667,21,23,314,133,50.0,4.4,7.58,3.09,1.1,3.76,112.81,7.28,48.8,60.4,58.3,4.6,28.3,34.4,C,B-,C+,F,D,45.7,Uncommon,False,False,0,bbref_war
takahhi01,takahhi01,Hisanori Takahashi,Efficiency Era (2006-2015),2012,2010,2010,2013,LAA,LAA,RP,168,12,10,243.33333333333334,14,12,221,84,29.0,0.96,8.17,3.11,1.07,3.99,88.15,10.17,56.7,59.9,42.3,8.8,31.1,62.3,C+,C+,C-,F,B-,45.7,Uncommon,False,False,0,bbref_war
wrighwe01,wrighwe01,Wesley Wright,Efficiency Era (2006-2015),2012,2012,2008,2015,HOU,HOU,RP,371,4,2,307.0,10,18,295,135,38.0,2.63,8.74,4.01,1.05,3.97,127.93,,64.3,34.6,68.2,1.0,33.1,40.0,B-,D,B,F,C-,45.6,Uncommon,False,False,0,bbref_war
carlybu01,carlybu01,Buddy Carlyle,Efficiency Era (2006-2015),2008,2014,1999,2015,ATL,ATL,RP,150,27,1,292.3333333333333,13,13,232,107,43.0,0.11,7.37,3.01,1.2,4.67,97.21,5.35,46.0,62.7,48.2,13.4,19.4,66.7,C,B-,C,F,B,45.5,Uncommon,False,False,0,bbref_war
marquja01,marquja01,Jason Marquis,Efficiency Era (2006-2015),2007,2009,2000,2015,ATL,ATL,SP,377,318,1,1968.3333333333333,124,118,1174,769,253.0,10.58,5.29,3.6,1.02,4.1,106.7,6.43,18.3,46.1,54.4,67.8,36.3,76.9,F,C,C,B,B+,45.5,Uncommon,True,False,1,bbref_war
matusbr01,matusbr01,Brian Matusz,Efficiency Era (2006-2015),2013,2010,2009,2016,BAL,BAL,RP,280,69,0,528.6666666666666,27,41,462,204,79.0,4.49,7.97,3.38,1.15,4.32,97.79,6.55,54.0,52.2,48.6,12.9,24.1,70.4,C,C,C,F,B,45.4,Uncommon,False,False,0,bbref_war
boyerbl01,boyerbl01,Blaine Boyer,Efficiency Era (2006-2015),2014,2015,2005,2018,ATL,ATL,RP,447,0,5,468.3333333333333,17,27,292,165,38.0,2.6,5.35,3.02,0.52,3.6,121.02,,19.2,62.3,63.7,4.3,83.7,82.5,F,B-,B-,F,A-,45.3,Uncommon,False,False,0,bbref_war
perezch01,perezch01,Chris Perez,Efficiency Era (2006-2015),2011,2010,2008,2014,CLE,CLE,RP,393,0,133,379.3333333333333,16,24,362,165,45.0,4.72,8.59,3.91,1.07,3.51,121.58,,62.3,37.2,64.0,3.1,31.5,46.7,B-,D+,B-,F,C,45.3,Uncommon,True,False,2,bbref_war
romerri01,romerri01,Ricky Romero,Efficiency Era (2006-2015),2011,2011,2009,2013,TOR,TOR,SP,129,127,0,801.3333333333334,51,45,622,354,82.0,10.05,6.99,3.98,0.92,4.16,94.66,5.81,40.9,35.5,46.5,60.4,45.5,64.8,C-,D+,C,B-,B-,45.3,Uncommon,True,False,1,bbref_war
delabst01,delabst01,Steve Delabar,Efficiency Era (2006-2015),2014,2013,2011,2016,TOR,TOR,RP,190,0,2,194.66666666666666,15,9,242,102,26.0,0.81,11.19,4.72,1.2,4.07,102.64,,96.9,14.7,51.7,3.8,18.8,57.6,A+,F,C,F,C+,45.2,Uncommon,True,False,1,bbref_war
beimejo01,beimejo01,Joe Beimel,Efficiency Era (2006-2015),2008,2008,2001,2015,PIT,PIT,RP,676,23,5,680.0,29,34,379,272,66.0,7.19,4.86,3.1,0.6,3.07,148.45,,12.6,60.1,81.5,1.4,75.5,48.8,F,B-,A-,F,C,45.0,Uncommon,False,False,0,bbref_war
duensbr01,duensbr01,Brian Duensing,Efficiency Era (2006-2015),2014,2010,2009,2018,MIN,MIN,RP,484,61,3,762.6666666666666,46,38,523,258,78.0,8.89,6.24,2.97,0.81,3.31,123.28,9.69,31.0,63.7,65.1,7.1,55.8,24.9,D,B-,B,F,D-,45.0,Uncommon,False,False,0,bbref_war
varvaan01,varvaan01,Anthony Varvaro,Efficiency Era (2006-2015),2012,2014,2010,2015,ATL,ATL,RP,166,0,1,183.66666666666666,7,9,150,70,15.0,1.8,7.35,3.43,0.74,3.23,106.56,,45.8,50.8,54.3,4.8,63.1,68.6,C,C,C,F,B,45.0,Uncommon,False,False,0,bbref_war
crowaa01,crowaa01,Aaron Crow,Efficiency Era (2006-2015),2012,2011,2011,2014,KCR,KCR,RP,254,0,6,233.66666666666666,20,11,208,99,28.0,2.71,8.01,3.81,1.08,3.43,122.1,,54.6,40.1,64.4,2.6,30.5,64.1,C,C-,B-,F,B-,44.9,Uncommon,True,False,1,bbref_war
delcama01,delcama01,Manny Delcarmen,Efficiency Era (2006-2015),2008,2008,2005,2010,BOS,BOS,RP,298,0,3,292.6666666666667,11,8,249,135,24.0,3.77,7.66,4.15,0.74,3.97,135.57,,49.9,30.6,73.1,3.3,62.8,55.8,C,D,B,F,C+,44.8,Uncommon,False,False,0,bbref_war
durbich01,durbich01,Chad Durbin,Efficiency Era (2006-2015),2007,2008,1999,2013,PHI,PHI,RP,456,75,5,836.3333333333334,43,47,577,365,123.0,4.49,5.78,3.35,1.17,4.13,128.74,6.45,24.9,53.2,68.7,14.2,22.2,92.9,D-,C,B,F,A,44.6,Uncommon,False,False,0,bbref_war
hatchch02,hatchch02,Chris Hatcher,Efficiency Era (2006-2015),2015,2014,2011,2018,MIA,MIA,RP,250,0,5,265.3333333333333,12,18,266,98,39.0,-0.05,9.08,3.3,1.33,4.38,89.77,,68.8,54.6,43.4,4.2,6.4,39.0,B,C,C-,F,D+,44.6,Uncommon,False,False,0,bbref_war
romerjc01,romerj.01,J. C. Romero,Efficiency Era (2006-2015),2007,2002,1999,2012,MIN,MIN,RP,680,22,7,661.3333333333334,34,28,526,375,59.0,10.18,7.72,5.5,0.61,2.79,170.51,,50.8,1.0,95.8,1.5,74.6,74.5,C,F,A+,F,B,44.6,Uncommon,False,False,0,bbref_war
tollesh01,tollesh01,Shawn Tolleson,Efficiency Era (2006-2015),2014,2015,2012,2016,TEX,TEX,RP,215,0,46,218.0,14,8,213,77,31.0,2.24,8.79,3.18,1.28,3.92,87.04,,65.0,57.9,41.6,3.7,11.4,47.0,B,C+,C-,F,C,44.6,Uncommon,False,False,0,bbref_war
belisro01,belisro01,Ronald Belisario,Efficiency Era (2006-2015),2012,2009,2009,2015,LAD,LAD,RP,341,0,12,339.3333333333333,24,20,273,127,20.0,0.86,7.24,3.37,0.53,3.85,105.66,,44.3,52.6,53.7,3.5,82.5,44.3,C-,C,C,F,C-,44.5,Uncommon,False,False,0,bbref_war
tallebr01,tallebr01,Brian Tallet,Efficiency Era (2006-2015),2006,2008,2002,2011,TOR,TOR,RP,242,36,0,460.0,16,25,337,213,58.0,2.7,6.68,4.09,0.83,4.29,133.52,18.27,36.8,32.2,71.8,14.8,54.2,88.0,D+,D,B,F,A,44.5,Uncommon,False,False,0,bbref_war
guerrja01,guerrja01,Javy Guerra,Efficiency Era (2006-2015),2015,2011,2011,2021,WSH,WSH,RP,272,0,33,302.6666666666667,11,13,245,121,29.0,4.6,7.19,3.43,0.74,3.28,112.85,,43.7,50.8,58.4,5.0,62.9,46.1,C-,C,C+,F,C,44.4,Uncommon,False,False,0,bbref_war
sampsch01,sampsch01,Chris Sampson,Efficiency Era (2006-2015),2008,2007,2006,2010,HOU,HOU,RP,174,33,3,358.6666666666667,20,15,176,87,40.0,2.19,4.42,2.18,1.0,4.42,111.76,9.47,6.7,85.9,57.6,16.1,37.6,50.1,F,A,C+,F,C,44.4,Uncommon,False,False,0,bbref_war
simonal01,simonal01,Alfredo Simon,Efficiency Era (2006-2015),2011,2014,2008,2016,CIN,CIN,RP,255,93,19,775.0,47,47,529,269,105.0,3.67,6.34,2.89,1.12,3.86,98.08,7.38,32.3,66.0,48.8,21.7,26.4,60.3,D,B,C,D-,B-,44.4,Uncommon,True,False,1,bbref_war
ohmanwi01,ohmanwi01,Will Ohman,Efficiency Era (2006-2015),2007,2005,2000,2012,CHC,CHC,RP,483,0,3,353.0,12,16,336,159,42.0,3.8,9.05,4.17,0.89,3.9,110.39,,68.4,30.1,56.8,1.0,48.1,53.8,B,D,C+,F,C,44.1,Uncommon,False,False,0,bbref_war
manshje01,manshje01,Jeff Manship,Efficiency Era (2006-2015),2012,2015,2009,2016,MIN,MIN,RP,157,10,0,222.0,7,10,159,90,26.0,0.79,6.63,3.67,0.94,4.47,134.31,17.67,36.2,44.1,72.3,7.2,43.6,44.7,D+,C-,B,F,C-,43.6,Uncommon,False,False,0,bbref_war
blackni01,blackni01,Nick Blackburn,Efficiency Era (2006-2015),2010,2009,2007,2012,MIN,MIN,SP,145,137,0,818.6666666666666,43,55,388,202,117.0,3.22,4.27,2.22,1.29,4.85,81.74,5.84,4.6,84.8,38.1,60.7,10.8,38.9,F,A-,D+,B-,D+,43.5,Uncommon,False,False,0,bbref_war
laffeaa01,laffeaa01,Aaron Laffey,Efficiency Era (2006-2015),2010,2009,2007,2015,CLE,CLE,SP,156,68,1,494.3333333333333,26,29,245,199,48.0,2.65,4.41,3.53,0.88,4.37,102.85,7.03,6.6,48.0,51.9,74.8,49.5,62.7,F,C,C,B,B-,43.5,Uncommon,False,False,0,bbref_war
volstch01,volstch01,Chris Volstad,Efficiency Era (2006-2015),2011,2008,2008,2018,MIA,MIA,SP,170,126,0,772.3333333333334,37,58,481,265,102.0,4.58,5.73,3.08,1.13,4.66,77.28,6.54,24.2,60.7,35.2,69.1,25.7,35.8,D-,B-,D+,B,D+,43.5,Uncommon,False,False,0,bbref_war
loeka01,loeka01,Kameron Loe,Efficiency Era (2006-2015),2007,2005,2004,2013,TEX,TEX,RP,322,48,4,569.0,34,43,357,184,63.0,2.55,5.45,2.92,0.82,4.33,113.37,7.33,20.4,65.1,58.7,15.9,55.4,43.2,D-,B,C+,F,C-,43.4,Uncommon,False,False,0,bbref_war
ramosce01,ramosce01,Cesar Ramos,Efficiency Era (2006-2015),2013,2015,2009,2016,TB,TB,RP,267,14,2,346.6666666666667,10,15,268,139,35.0,2.17,6.89,3.59,0.9,3.83,116.61,15.26,39.6,46.3,60.8,7.5,47.0,63.6,D+,C,B-,F,B-,43.3,Uncommon,False,False,0,bbref_war
snellia01,snellia01,Ian Snell,Efficiency Era (2006-2015),2007,2007,2004,2010,PIT,PIT,SP,152,136,0,803.6666666666666,38,53,639,372,100.0,4.34,7.16,4.17,1.12,4.8,82.74,7.03,43.2,30.2,38.8,74.7,26.6,54.7,C-,D,D+,B,C,43.3,Uncommon,False,False,0,bbref_war
braybi01,braybi01,Bill Bray,Efficiency Era (2006-2015),2009,2008,2006,2012,CIN,CIN,RP,258,0,3,197.33333333333334,13,12,188,88,19.0,2.32,8.57,4.01,0.87,3.74,109.27,,62.1,34.5,56.0,1.0,50.6,47.3,B-,D,C+,F,C,43.2,Uncommon,False,False,0,bbref_war
brunebr01,brunebr01,Brian Bruney,Efficiency Era (2006-2015),2008,2008,2004,2012,NYY,NYY,RP,273,1,13,259.6666666666667,19,12,252,187,27.0,3.56,8.49,6.06,0.92,3.77,165.18,34.33,61.0,1.0,92.4,2.9,45.7,36.7,B-,F,A,F,D+,43.2,Uncommon,False,False,0,bbref_war
torreca01,torreca01,Carlos Torres,Efficiency Era (2006-2015),2014,2016,2009,2019,NYM,NYM,RP,362,16,5,506.6666666666667,30,31,447,192,63.0,4.7,7.97,3.43,1.12,3.81,101.63,37.42,54.0,51.0,51.1,9.2,26.5,28.8,C,C,C,F,D,43.2,Uncommon,False,False,0,bbref_war
parrama01,parrama01,Manny Parra,Efficiency Era (2006-2015),2012,2013,2007,2015,MIL,MIL,RP,322,74,1,628.0,29,41,592,301,70.0,-0.71,8.78,4.13,0.94,4.48,96.33,8.84,64.8,31.2,47.6,11.3,43.6,66.3,B-,D,C,F,B,43.1,Uncommon,False,False,0,bbref_war
wilheto01,wilheto01,Tom Wilhelmsen,Efficiency Era (2006-2015),2014,2012,2011,2017,SEA,SEA,RP,344,2,68,385.0,14,15,339,171,33.0,4.79,7.92,4.0,0.77,3.53,117.78,39.67,53.4,34.9,61.6,5.0,59.7,38.5,C,D,B-,F,D+,43.1,Uncommon,False,False,0,bbref_war
condrcl01,condrcl01,Clay Condrey,Efficiency Era (2006-2015),2006,2002,2002,2009,PHI,PHI,RP,179,9,4,250.33333333333334,18,12,143,87,25.0,1.73,5.14,3.13,0.9,4.1,131.51,7.28,16.3,59.3,70.5,8.3,47.6,57.8,F,C+,B,F,C+,43.0,Uncommon,False,False,0,bbref_war
ohlenro01,ohlenro01,Ross Ohlendorf,Efficiency Era (2006-2015),2010,2009,2007,2016,PIT,PIT,RP,209,80,3,586.6666666666666,30,41,444,222,90.0,4.64,6.81,3.3,1.33,4.27,108.99,8.1,38.6,54.5,55.8,23.3,6.3,39.9,D+,C,C+,D-,D+,43.0,Uncommon,False,False,0,bbref_war
moralfr01,moralfr01,Franklin Morales,Efficiency Era (2006-2015),2011,2007,2007,2016,COL,COL,RP,305,47,11,490.0,23,30,385,223,61.0,2.9,7.31,3.77,0.89,3.97,110.72,12.76,45.3,41.3,57.0,8.1,48.8,67.9,C,C-,C+,F,B,42.9,Uncommon,False,False,0,bbref_war
accarje01,accarje01,Jeremy Accardo,Efficiency Era (2006-2015),2009,2007,2005,2012,TOR,TOR,RP,262,0,38,284.6666666666667,10,20,205,111,24.0,2.46,6.61,3.54,0.76,4.2,111.03,,35.9,47.9,57.2,4.8,60.7,75.0,D+,C,C+,F,B+,42.8,Uncommon,False,False,0,bbref_war
coffeto01,coffeto01,Todd Coffey,Efficiency Era (2006-2015),2008,2009,2005,2012,CIN,CIN,RP,461,0,11,438.6666666666667,25,18,329,138,49.0,3.75,6.53,2.75,0.98,3.99,96.43,,34.8,69.9,47.7,3.1,39.8,44.1,D,B,C,F,C-,42.8,Uncommon,False,False,0,bbref_war
bannibr01,bannibr01,Brian Bannister,Efficiency Era (2006-2015),2008,2007,2006,2010,KCR,KCR,SP,117,114,0,667.3333333333334,37,50,384,224,86.0,4.58,5.18,3.02,1.16,5.08,91.17,5.93,16.8,62.3,44.3,61.7,22.8,27.4,F,B-,C-,B-,D,42.6,Uncommon,False,False,0,bbref_war
gearyge01,gearyge01,Geoff Geary,Efficiency Era (2006-2015),2006,2006,2003,2009,PHI,PHI,RP,287,0,1,351.3333333333333,16,10,230,123,34.0,1.85,5.89,3.15,0.87,3.92,111.13,,26.3,58.7,57.2,6.2,50.2,72.7,D,C+,C+,F,B,42.6,Uncommon,False,False,0,bbref_war
mainejo01,mainejo01,John Maine,Efficiency Era (2006-2015),2007,2007,2004,2013,NYM,NYM,SP,112,105,0,593.0,41,36,499,270,81.0,4.93,7.48,3.98,1.19,4.33,82.57,5.28,47.5,35.3,38.7,54.1,20.2,61.9,C,D+,D+,C,B-,42.6,Uncommon,False,False,0,bbref_war
lockeje01,lockeje01,Jeff Locke,Efficiency Era (2006-2015),2014,2013,2011,2017,PIT,PIT,SP,130,117,0,676.3333333333334,35,43,481,264,72.0,-0.67,6.4,3.51,0.96,4.59,76.08,5.51,33.1,48.5,34.5,56.8,41.9,57.7,D,C,D,C+,C+,42.5,Uncommon,True,False,1,bbref_war
florera01,florera01,Randy Flores,Efficiency Era (2006-2015),2007,2010,2002,2010,STL,STL,RP,350,3,4,250.0,11,5,202,106,29.0,0.09,7.0,3.63,1.04,4.41,118.5,14.25,41.1,45.3,62.0,1.0,34.5,69.3,C-,C,B-,F,B,42.4,Uncommon,False,False,0,bbref_war
verasjo01,verasjo01,Jose Veras,Efficiency Era (2006-2015),2010,2013,2006,2014,NYY,NYY,RP,440,0,27,423.0,23,23,438,221,45.0,4.13,9.59,4.57,0.85,3.64,110.97,,75.6,18.7,57.1,2.9,51.8,28.9,B+,F,C+,F,D,42.3,Uncommon,False,False,0,bbref_war
gomesbr01,gomesbr01,Brandon Gomes,Efficiency Era (2006-2015),2013,2011,2011,2015,TB,TB,RP,173,0,1,167.0,11,12,144,61,24.0,-0.12,7.76,3.29,1.29,4.2,92.04,,51.2,54.9,44.8,3.1,10.1,68.0,C,C,C-,F,B,42.1,Uncommon,False,False,0,bbref_war
gomezje01,gomezje01,Jeanmar Gomez,Efficiency Era (2006-2015),2014,2015,2010,2019,PHI,PHI,RP,315,46,40,555.3333333333334,28,30,358,184,62.0,1.78,5.9,2.89,0.8,3.92,99.8,7.05,26.5,66.1,49.9,11.1,56.9,38.5,D,B,C,F,D+,42.1,Uncommon,False,False,0,bbref_war
gutieju01,gutieju01,J. C. Gutierrez,Efficiency Era (2006-2015),2010,2009,2007,2014,ARI,ARI,RP,264,3,24,286.3333333333333,7,17,241,104,33.0,-0.5,7.58,3.27,1.04,4.49,88.44,7.11,48.8,55.4,42.5,4.5,34.4,57.8,C,C+,C-,F,C+,42.0,Uncommon,False,False,0,bbref_war
macdomi01,macdomi01,Mike MacDougal,Efficiency Era (2006-2015),2006,2006,2001,2012,KCR,KCR,RP,407,3,71,394.0,18,23,325,212,25.0,5.79,7.15,4.25,0.56,3.25,138.73,5.11,43.1,27.8,75.2,3.4,80.0,19.2,C-,D,B+,F,F,42.0,Uncommon,True,False,1,bbref_war
gaudich01,gaudich01,Chad Gaudin,Efficiency Era (2006-2015),2008,2013,2003,2013,OAK,OAK,RP,344,87,2,836.3333333333334,45,44,673,382,92.0,5.44,7.23,4.16,0.83,4.12,109.25,9.63,44.2,30.3,56.0,23.7,54.3,53.1,C-,D,C+,D-,C,41.6,Uncommon,False,False,0,bbref_war
hoovejj01,hoovejj01,J. J. Hoover,Efficiency Era (2006-2015),2015,2013,2012,2018,CIN,CIN,RP,290,0,6,285.0,19,21,294,141,45.0,0.79,9.28,4.45,1.42,4.17,103.48,,71.5,22.1,52.3,3.3,1.0,81.2,B,D-,C,F,A-,41.1,Uncommon,False,False,0,bbref_war
meddebr01,meddebr01,Brandon Medders,Efficiency Era (2006-2015),2008,2009,2005,2010,ARI,ARI,RP,210,0,1,234.66666666666666,16,7,175,104,27.0,2.59,6.71,3.99,1.04,3.61,131.83,,37.3,35.2,70.7,4.9,34.6,56.8,D+,D+,B,F,C+,41.1,Uncommon,False,False,0,bbref_war
olsensc01,olsensc01,Scott Olsen,Efficiency Era (2006-2015),2008,2006,2005,2010,MIA,MIA,SP,130,127,0,723.0,37,49,528,291,108.0,1.32,6.57,3.62,1.34,4.85,88.49,5.58,35.4,45.4,42.5,57.6,5.3,27.8,D+,C,C-,C+,D,41.1,Uncommon,False,False,0,bbref_war
russeja02,russeja02,James Russell,Efficiency Era (2006-2015),2013,2014,2010,2016,CHC,CHC,RP,394,6,4,334.6666666666667,10,18,243,100,43.0,0.38,6.53,2.69,1.16,4.09,92.52,35.6,34.9,71.7,45.1,1.8,23.1,35.3,D,B,C,F,D+,41.1,Uncommon,False,False,0,bbref_war
penato03,penato03,Tony Peña,Efficiency Era (2006-2015),2008,2007,2006,2011,ARI,ARI,RP,313,3,8,379.6666666666667,23,19,264,131,38.0,1.9,6.26,3.11,0.9,4.43,101.49,33.56,31.2,60.0,51.0,6.1,47.4,43.7,D,B-,C,F,C-,41.0,Uncommon,False,False,0,bbref_war
lannajo01,lannajo01,John Lannan,Efficiency Era (2006-2015),2010,2009,2007,2014,WSH,WSH,SP,153,148,0,862.0,46,58,450,325,86.0,7.26,4.7,3.39,0.87,4.12,97.22,5.71,10.4,52.0,48.2,59.2,50.2,32.7,F,C,C,C+,D,40.7,Uncommon,False,False,0,bbref_war
acostma01,acostma01,Manny Acosta,Efficiency Era (2006-2015),2010,2010,2007,2012,NYM,NYM,RP,233,0,9,248.0,13,13,219,117,30.0,0.92,7.95,4.25,1.09,3.99,117.83,,53.7,27.9,61.6,4.3,29.5,53.0,C,D,B-,F,C,40.6,Uncommon,False,False,0,bbref_war
mccleky01,mccleky01,Kyle McClellan,Efficiency Era (2006-2015),2010,2010,2008,2013,STL,STL,RP,268,17,6,387.3333333333333,19,24,260,140,45.0,2.51,6.04,3.25,1.05,3.79,102.36,8.33,28.3,55.8,51.5,8.8,33.6,71.1,D,C+,C,F,B,40.5,Uncommon,False,False,0,bbref_war
schepta01,schepta01,Tanner Scheppers,Efficiency Era (2006-2015),2014,2013,2012,2017,TEX,TEX,RP,180,4,3,183.0,12,7,148,72,24.0,0.9,7.28,3.54,1.18,4.23,105.04,5.75,44.8,47.7,53.3,3.7,20.9,49.9,C-,C,C,F,C,40.5,Uncommon,False,False,0,bbref_war
raych01,raych01,Chris Ray,Efficiency Era (2006-2015),2008,2006,2005,2011,BAL,BAL,RP,283,0,51,281.0,18,19,230,123,35.0,3.08,7.37,3.94,1.12,4.1,115.67,,46.0,36.5,60.2,3.5,26.5,56.9,C,D+,B-,F,C+,40.4,Uncommon,False,False,0,bbref_war
grabojo02,grabojo02,John Grabow,Efficiency Era (2006-2015),2006,2008,2003,2011,PIT,PIT,RP,506,0,6,476.3333333333333,24,19,400,220,55.0,3.33,7.93,4.15,0.95,4.03,112.0,,53.4,30.7,57.8,2.7,42.7,43.8,C,D,C+,F,C-,40.2,Uncommon,False,False,0,bbref_war
colliti01,colliti01,Tim Collins,Efficiency Era (2006-2015),2014,2012,2011,2019,KCR,KCR,RP,275,0,0,242.33333333333334,12,17,245,136,24.0,2.4,9.1,5.05,0.89,3.6,117.31,,69.1,5.3,61.3,2.1,48.3,68.7,B,F,B-,F,B,40.1,Uncommon,False,False,0,bbref_war
henslcl01,henslcl01,Clay Hensley,Efficiency Era (2006-2015),2008,2010,2005,2012,SDP,SDP,RP,271,49,10,517.0,28,34,371,239,39.0,3.59,6.46,4.16,0.68,4.0,116.25,21.24,33.9,30.3,60.6,14.3,68.4,43.7,D,D,B-,F,C-,39.0,Uncommon,False,False,0,bbref_war
thompbr01,thompbr01,Brad Thompson,Efficiency Era (2006-2015),2008,2006,2005,2010,STL,STL,RP,201,32,1,405.3333333333333,21,21,190,121,49.0,0.25,4.22,2.69,1.09,4.46,100.85,21.26,4.0,71.7,50.6,15.6,29.6,69.4,F,B,C,F,B,38.9,Common,False,False,0,bbref_war
chulkvi01,chulkvi01,Vinnie Chulk,Efficiency Era (2006-2015),2006,2007,2003,2012,TOR,TOR,RP,259,0,2,285.3333333333333,8,15,199,112,31.0,1.66,6.16,3.52,1.01,4.33,105.77,,29.8,48.4,53.8,4.7,37.0,62.1,D,C,C,F,B-,38.7,Common,False,False,0,bbref_war
troncra01,troncra01,Ramon Troncoso,Efficiency Era (2006-2015),2010,2009,2008,2013,LAD,LAD,RP,204,0,6,227.33333333333334,9,12,159,84,21.0,0.84,6.29,3.33,0.83,4.0,97.06,,31.7,53.8,48.1,4.9,54.0,36.7,D,C,C,F,D+,38.7,Common,False,False,0,bbref_war
kensilo01,kensilo01,Logan Kensing,Efficiency Era (2006-2015),2008,2007,2004,2016,MIA,MIA,RP,157,3,2,181.66666666666666,10,10,158,98,30.0,0.82,8.95,4.88,1.15,4.41,124.56,,67.2,10.0,66.0,4.8,23.4,17.4,B,F,B,F,F,38.6,Common,False,False,0,bbref_war
outmajo01,outmajo01,Josh Outman,Efficiency Era (2006-2015),2012,2009,2008,2014,OAK,OAK,RP,161,32,0,274.3333333333333,16,11,226,115,28.0,2.86,7.41,3.77,0.92,4.43,91.16,6.08,46.6,41.2,44.3,11.9,45.7,27.2,C,C-,C-,F,D,38.5,Common,False,False,0,bbref_war
rogeres01,rogeres01,Esmil Rogers,Efficiency Era (2006-2015),2012,2012,2009,2015,COL,COL,RP,210,43,0,454.0,19,22,386,180,60.0,-3.34,7.65,3.57,1.19,5.59,81.08,14.39,49.8,47.0,37.7,17.3,20.0,25.5,C,C,D+,F,D,38.5,Common,False,False,0,bbref_war
ondrulo01,ondrulo01,Logan Ondrusek,Efficiency Era (2006-2015),2012,2011,2010,2016,CIN,CIN,RP,288,0,2,277.0,21,11,218,114,35.0,0.2,7.08,3.7,1.14,4.03,93.23,,42.2,43.2,45.6,3.1,24.9,76.1,C-,C-,C,F,B+,38.3,Common,False,False,0,bbref_war
villaos01,villaos01,Oscar Villarreal,Efficiency Era (2006-2015),2006,2003,2003,2008,ARI,ARI,RP,258,5,1,336.0,24,15,236,135,42.0,2.73,6.32,3.62,1.12,3.86,107.65,60.54,32.0,45.6,55.0,7.1,26.1,53.7,D,C,C+,F,C,38.2,Common,False,False,0,bbref_war
aardsda01,aardsda01,David Aardsma,Efficiency Era (2006-2015),2010,2009,2004,2015,SEA,SEA,RP,331,0,69,337.0,16,18,340,183,41.0,2.55,8.96,4.61,1.16,3.76,99.26,,67.3,17.8,49.5,3.4,22.8,49.3,B,F,C,F,C,37.8,Common,False,False,0,bbref_war
evelada01,evelada01,Dana Eveland,Efficiency Era (2006-2015),2011,2008,2005,2016,OAK,OAK,RP,187,61,2,446.3333333333333,20,28,308,221,34.0,1.61,6.33,3.87,0.58,4.45,89.56,8.22,32.1,38.4,43.2,21.0,78.3,46.2,D,D+,C-,D-,C,37.8,Common,False,False,0,bbref_war
pintore01,pintore01,Renyel Pinto,Efficiency Era (2006-2015),2008,2009,2006,2010,MIA,MIA,RP,244,0,2,231.0,8,10,222,152,24.0,3.3,8.65,5.92,0.94,3.62,130.2,,63.1,1.0,69.6,2.9,44.1,34.3,B-,F,B,F,D,37.8,Common,False,False,0,bbref_war
rodrihe03,rodrihe03,Henry Rodriguez,Efficiency Era (2006-2015),2012,2011,2009,2014,WSH,WSH,RP,150,0,11,150.33333333333334,5,7,151,107,9.0,-0.68,9.04,6.41,0.54,4.31,102.98,,68.3,1.0,51.9,3.6,81.7,53.9,B,F,C,F,C,37.6,Common,False,False,0,bbref_war
boggsmi01,boggsmi01,Mitchell Boggs,Efficiency Era (2006-2015),2010,2012,2008,2013,STL,STL,RP,241,15,6,316.6666666666667,13,15,233,144,27.0,0.67,6.62,4.09,0.77,4.12,105.33,6.06,36.1,32.2,53.5,7.3,60.0,58.7,D+,D,C,F,C+,37.5,Common,False,False,0,bbref_war
bergmja01,bergmja01,Jason Bergmann,Efficiency Era (2006-2015),2008,2007,2005,2010,WSH,WSH,RP,155,50,0,389.6666666666667,12,24,299,153,65.0,0.44,6.91,3.53,1.5,5.04,86.65,10.57,39.8,47.9,41.3,21.4,1.0,38.0,D+,C,C-,D-,D+,37.4,Common,False,False,0,bbref_war
woodbl01,woodbl01,Blake Wood,Efficiency Era (2006-2015),2014,2011,2010,2018,LAA,LAA,RP,270,0,2,289.6666666666667,16,16,276,142,29.0,0.97,8.58,4.41,0.9,4.47,89.96,,62.1,23.3,43.5,4.4,47.4,39.4,B-,D-,C-,F,D+,37.2,Common,False,False,0,bbref_war
minerza01,minerza01,Zach Miner,Efficiency Era (2006-2015),2008,2008,2006,2013,DET,DET,RP,173,38,1,385.6666666666667,25,22,237,162,39.0,3.57,5.53,3.78,0.91,4.25,108.37,19.32,21.5,41.0,55.4,18.1,46.5,47.9,D-,C-,C+,F,C,36.9,Common,False,False,0,bbref_war
resopch01,resopch01,Chris Resop,Efficiency Era (2006-2015),2010,2010,2005,2013,PIT,PIT,RP,235,0,2,243.33333333333334,10,12,204,113,23.0,0.67,7.52,4.14,0.87,4.33,97.92,,48.0,31.0,48.6,3.9,49.8,36.8,C,D,C,F,D+,36.8,Common,False,False,0,bbref_war
byrdati01,byrdati01,Tim Byrdak,Efficiency Era (2006-2015),2008,2009,1998,2013,NYM,NYM,RP,479,0,4,339.6666666666667,13,13,326,203,46.0,2.8,8.85,5.1,1.08,3.58,114.9,,65.8,3.9,59.7,1.0,30.2,49.6,B,F,C+,F,C,36.5,Common,False,False,0,bbref_war
spurlch01,spurlch01,Chris Spurling,Efficiency Era (2006-2015),2006,2005,2003,2007,DET,DET,RP,187,0,3,219.0,6,8,99,66,28.0,0.92,4.07,2.71,1.15,4.32,104.35,,2.0,71.0,52.8,5.6,23.7,56.4,F,B,C,F,C+,36.3,Common,False,False,0,bbref_war
carradj01,carradj01,D. J. Carrasco,Efficiency Era (2006-2015),2008,2005,2003,2012,KCR,KCR,RP,290,24,2,493.6666666666667,24,21,315,199,45.0,5.49,5.83,3.71,0.77,4.33,101.78,46.41,25.5,43.1,51.2,12.9,59.8,8.2,D,C-,C,F,F,35.3,Common,False,False,0,bbref_war
slatedo01,slatedo01,Doug Slaten,Efficiency Era (2006-2015),2009,2007,2006,2012,ARI,ARI,RP,216,0,0,150.66666666666666,7,8,110,67,15.0,1.49,6.57,4.0,0.9,3.52,99.95,,35.4,34.8,50.0,1.0,47.8,53.7,D+,D,C,F,C,35.3,Common,False,False,0,bbref_war
greense01,greense01,Sean Green,Efficiency Era (2006-2015),2008,2007,2006,2011,SEA,SEA,RP,264,0,2,269.6666666666667,10,12,203,133,13.0,0.24,6.78,4.44,0.43,4.41,96.05,,38.1,22.5,47.4,3.8,91.7,61.6,D+,D-,C,F,B-,35.2,Common,False,False,0,bbref_war
nelsojo01,nelsojo01,Joe Nelson,Efficiency Era (2006-2015),2007,2008,2001,2010,BOS,BOS,RP,157,0,13,152.0,7,2,154,84,20.0,1.37,9.12,4.97,1.18,4.38,87.83,,69.3,7.5,42.1,3.2,20.5,72.5,B,F,C-,F,B,34.9,Common,False,False,0,bbref_war
paronch01,paronch01,Chad Paronto,Efficiency Era (2006-2015),2006,2006,2001,2009,ATL,ATL,RP,177,0,1,183.33333333333334,6,12,107,66,21.0,0.02,5.25,3.24,1.03,4.32,92.16,,17.8,56.2,44.9,4.0,35.0,55.2,F,C+,C-,F,C+,34.8,Common,False,False,0,bbref_war
meekev01,meekev01,Evan Meek,Efficiency Era (2006-2015),2010,2010,2008,2014,PIT,PIT,RP,179,0,4,196.0,7,11,160,101,15.0,1.68,7.35,4.64,0.69,3.63,101.28,,45.7,16.9,50.8,4.7,67.5,42.7,C,F,C,F,C-,34.6,Common,True,False,1,bbref_war
benneje01,benneje01,Jeff Bennett,Efficiency Era (2006-2015),2008,2008,2004,2009,ATL,ATL,RP,179,6,3,228.33333333333334,8,17,154,108,24.0,1.19,6.07,4.26,0.95,4.3,105.31,15.42,28.7,27.6,53.5,6.8,43.1,65.3,D,D,C,F,B,33.9,Common,False,False,0,bbref_war
davieky01,davieky01,Kyle Davies,Efficiency Era (2006-2015),2009,2008,2005,2015,KCR,KCR,SP,152,144,0,770.3333333333334,43,65,547,367,99.0,1.6,6.36,4.21,1.09,5.46,67.07,5.37,32.5,28.8,28.6,55.2,29.2,33.7,D,D,D,C+,D,33.9,Common,False,False,0,bbref_war
cabreda01,cabreda01,Daniel Cabrera,Efficiency Era (2006-2015),2006,2006,2004,2009,BAL,BAL,SP,162,155,1,892.3333333333334,48,65,674,520,92.0,4.3,6.8,5.24,0.93,5.1,86.98,5.73,38.4,1.0,41.5,59.5,44.8,46.0,D+,F,C-,C+,C,33.7,Common,False,False,0,bbref_war
riversa01,riversa01,Saul Rivera,Efficiency Era (2006-2015),2008,2007,2006,2010,WSH,WSH,RP,249,0,4,279.3333333333333,13,15,192,126,17.0,2.03,6.19,4.06,0.55,4.29,88.04,,30.2,33.2,42.2,5.0,80.9,41.8,D,D,C-,F,C-,33.3,Common,False,False,0,bbref_war
majewga01,majewga01,Gary Majewski,Efficiency Era (2006-2015),2006,2005,2004,2010,CIN,CIN,RP,231,0,2,242.33333333333334,9,13,143,90,19.0,0.01,5.31,3.34,0.71,4.75,82.1,,18.6,53.3,38.4,4.1,65.9,35.3,F,C,D+,F,D+,33.2,Common,False,False,0,bbref_war
messera01,messera01,Randy Messenger,Efficiency Era (2006-2015),2007,2007,2005,2009,MIA,MIA,RP,173,0,2,184.66666666666666,4,12,120,80,21.0,0.24,5.85,3.9,1.02,4.87,100.4,,25.7,37.7,50.3,4.3,35.7,46.9,D,D+,C,F,C,33.2,Common,False,False,0,bbref_war
milleju01,milleju01,Justin Miller,Efficiency Era (2006-2015),2007,2009,2002,2010,TOR,TOR,RP,216,33,0,375.6666666666667,24,14,300,187,49.0,1.37,7.19,4.48,1.17,4.82,91.7,5.56,43.6,21.4,44.6,12.3,21.5,53.0,C-,D-,C-,F,C,33.0,Common,False,False,0,bbref_war
sanchbr01,sanchbr01,Brian Sanches,Efficiency Era (2006-2015),2009,2009,2006,2012,PHI,PHI,RP,195,2,0,235.0,13,7,204,122,36.0,2.43,7.81,4.67,1.38,3.75,102.94,30.83,51.9,16.0,51.9,6.0,2.0,40.5,C,F,C,F,C-,33.0,Common,False,False,0,bbref_war
gobblji01,gobblji01,Jimmy Gobble,Efficiency Era (2006-2015),2006,2004,2003,2009,KCR,KCR,RP,247,43,4,435.6666666666667,22,23,285,170,67.0,1.53,5.89,3.51,1.38,5.29,90.19,9.86,26.3,48.5,43.6,12.6,1.5,26.6,D,C,C-,F,D,32.9,Common,False,False,0,bbref_war
fulchje01,fulchje01,Jeff Fulchino,Efficiency Era (2006-2015),2009,2009,2006,2011,HOU,HOU,RP,163,0,0,178.33333333333334,9,10,162,80,21.0,-0.11,8.18,4.04,1.06,4.84,58.69,,56.8,33.8,23.1,4.7,32.3,41.4,C+,D,D-,F,C-,32.8,Common,False,False,0,bbref_war
perryry01,perryry01,Ryan Perry,Efficiency Era (2006-2015),2010,2010,2009,2012,DET,DET,RP,156,0,2,169.33333333333334,6,6,132,84,16.0,0.22,7.02,4.46,0.85,4.36,88.95,,41.3,21.8,42.8,4.6,52.2,59.7,C-,D-,C-,F,C+,32.8,Common,False,False,0,bbref_war
tejedro01,tejedro01,Rob Tejeda,Efficiency Era (2006-2015),2008,2009,2005,2011,KCR,KCR,RP,186,53,0,442.0,23,27,371,246,47.0,4.03,7.55,5.01,0.96,4.42,101.33,14.9,48.5,6.5,50.9,19.8,42.0,25.5,C,F,C,F,D,32.8,Common,False,False,0,bbref_war
welleto01,welleto01,Todd Wellemeyer,Efficiency Era (2006-2015),2006,2008,2003,2010,STL,STL,RP,208,75,3,614.6666666666666,32,34,459,305,86.0,1.53,6.96,4.53,1.22,4.57,85.28,6.18,40.6,19.9,40.4,24.1,16.6,60.3,C-,F,C-,D-,B-,32.7,Common,False,False,0,bbref_war
dohmasc01,dohmasc01,Scott Dohmann,Efficiency Era (2006-2015),2006,2007,2004,2008,COL,COL,RP,164,0,1,172.66666666666666,9,8,166,96,28.0,0.12,8.65,5.0,1.46,5.32,96.18,,63.1,6.6,47.5,4.2,1.0,47.5,B-,F,C,F,C,32.4,Common,False,False,0,bbref_war
taschja01,taschja01,Jack Taschner,Efficiency Era (2006-2015),2008,2005,2005,2010,SFG,SFG,RP,222,0,0,189.0,10,5,160,104,19.0,-0.76,7.62,4.95,0.9,5.14,106.33,,49.3,8.1,54.1,1.8,47.0,37.5,C,F,C,F,D+,32.4,Common,False,False,0,bbref_war
colomje01,colomje01,Jesus Colome,Efficiency Era (2006-2015),2006,2004,2001,2010,TB,TB,RP,341,0,6,426.3333333333333,19,27,330,224,49.0,2.91,7.18,4.72,0.96,4.04,98.89,,43.5,14.6,49.3,6.7,41.6,45.3,C-,F,C,F,C,32.2,Common,False,False,0,bbref_war
roenijo01,roenijo01,Josh Roenicke,Efficiency Era (2006-2015),2010,2012,2008,2013,TOR,TOR,RP,190,0,2,220.33333333333334,8,3,168,117,19.0,2.05,6.86,4.78,0.78,4.17,100.07,,39.3,13.0,50.0,5.4,59.2,42.7,D+,F,C,F,C-,31.5,Common,False,False,0,bbref_war
yatesty01,yatesty01,Tyler Yates,Efficiency Era (2006-2015),2007,2006,2004,2009,PIT,PIT,RP,239,7,4,248.0,12,17,222,135,26.0,-1.63,8.06,4.9,0.94,5.12,82.4,6.67,55.2,9.6,38.6,4.0,43.3,54.8,C+,F,D+,F,C,31.4,Common,False,False,0,bbref_war
ledezwi01,ledezwi01,Wil Ledezma,Efficiency Era (2006-2015),2008,2006,2003,2011,DET,DET,RP,192,40,0,396.3333333333333,15,25,283,196,45.0,0.32,6.45,4.2,0.88,5.07,69.06,8.88,33.8,29.3,29.9,16.3,49.6,53.8,D,D,D,F,C,30.9,Common,False,False,0,bbref_war
proctsc01,proctsc01,Scott Proctor,Efficiency Era (2006-2015),2007,2006,2004,2011,NYY,NYY,RP,307,1,1,343.0,18,16,291,167,58.0,0.86,7.64,4.38,1.52,4.78,85.68,44.67,49.6,24.1,40.7,4.9,1.0,25.7,C,D-,C-,F,D,30.7,Common,False,False,0,bbref_war
siscoan01,siscoan01,Andy Sisco,Efficiency Era (2006-2015),2006,2005,2005,2007,KCR,KCR,RP,151,0,1,147.66666666666666,3,9,141,93,16.0,0.73,8.59,5.67,0.98,5.18,88.86,,62.3,1.0,42.8,3.3,40.3,33.1,B-,F,C-,F,D,30.7,Common,False,False,0,bbref_war
tanketa01,tanketa01,Taylor Tankersley,Efficiency Era (2006-2015),2008,2006,2006,2010,MIA,MIA,RP,168,0,4,118.0,8,3,115,70,18.0,0.64,8.77,5.34,1.37,4.58,93.37,,64.7,1.0,45.7,1.0,2.6,40.7,B-,F,C,F,C-,30.2,Common,False,False,0,bbref_war
burneal01,burneal01,Alex Burnett,Efficiency Era (2006-2015),2012,2012,2010,2013,MIN,MIN,RP,177,0,0,172.33333333333334,8,11,108,72,14.0,0.03,5.64,3.76,0.73,4.7,70.26,,23.0,41.6,30.7,3.2,63.5,49.1,D-,C-,D,F,C,29.9,Common,False,False,0,bbref_war
rapadcl01,rapadcl01,Clay Rapada,Efficiency Era (2006-2015),2010,2012,2007,2013,DET,DET,RP,152,0,0,93.0,8,0,82,51,10.0,1.06,7.94,4.94,0.97,4.06,79.91,,53.6,8.6,36.9,1.0,41.0,52.3,C,F,D+,F,C,29.6,Common,False,False,0,bbref_war
cormila01,cormila01,Lance Cormier,Efficiency Era (2006-2015),2008,2009,2004,2011,TB,TB,RP,290,24,3,468.6666666666667,24,28,276,227,65.0,-0.24,5.36,4.29,1.11,4.74,88.94,28.31,19.2,26.6,42.8,10.1,27.9,67.5,F,D,C-,F,B,28.4,Common,False,False,0,bbref_war
stokebr01,stokebr01,Brian Stokes,Efficiency Era (2006-2015),2008,2008,2006,2010,TB,TB,RP,173,5,1,206.66666666666666,6,11,137,96,28.0,0.04,5.97,4.18,1.22,5.27,86.75,19.67,27.3,29.8,41.4,5.8,17.1,39.8,D,D,C-,F,D+,28.3,Common,False,False,0,bbref_war
mccluse01,mccluse01,Seth McClung,Efficiency Era (2006-2015),2006,2008,2003,2009,TB,TB,RP,177,51,6,430.3333333333333,26,34,314,254,61.0,-0.74,6.57,5.31,1.28,5.46,88.8,12.16,35.3,1.0,42.7,20.5,11.8,53.9,D+,F,C-,D-,C,26.1,Common,False,False,0,bbref_war
koufasa01,koufasa01,Sandy Koufax,Expansion (1961-1976),1963,1963,1955,1966,LAD,LAD,SP,397,314,9,2324.3333333333335,165,87,2396,817,204.0,48.59,9.5,2.54,0.7,2.35,152.08,7.55,109.3,75.4,83.9,46.4,55.8,61.2,S,B+,A-,C,B-,80.0,Legendary,True,True,7,bbref_war
woodwi01,woodwi01,Wilbur Wood,Expansion (1961-1976),1972,1971,1961,1978,CHW,CHW,SP,651,297,57,2684.0,164,156,1411,724,209.0,47.11,4.86,2.17,0.68,2.98,133.13,19.5,30.3,85.9,71.5,125.0,58.1,125.0,D,A,B,S,S,74.8,Legendary,True,False,3,bbref_war
seaveto01,seaveto01,Tom Seaver,Expansion (1961-1976),1973,1973,1967,1986,NYM,NYM,SP,656,647,1,4782.666666666667,311,205,3640,1390,380.0,56.65,7.53,2.29,0.61,2.32,153.52,7.87,75.7,82.6,84.8,48.7,65.8,66.5,B+,A-,A-,C,B,74.7,Legendary,True,True,12,bbref_war
gibsobo01,gibsobo01,Bob Gibson,Expansion (1961-1976),1968,1968,1959,1975,STL,STL,SP,528,482,6,3884.3333333333335,251,174,3117,1336,257.0,55.94,7.69,2.62,0.56,2.48,156.44,8.44,78.6,73.0,86.7,52.8,70.7,55.3,B+,B,A,C,C+,73.8,Legendary,True,True,8,bbref_war
jenkife01,jenkife01,Fergie Jenkins,Expansion (1961-1976),1971,1971,1965,1983,CHC,CHC,SP,664,594,7,4500.666666666667,284,226,3192,997,484.0,49.71,6.93,1.61,0.81,3.0,126.5,7.97,65.6,101.6,67.2,49.5,43.3,89.6,B,S,B,C,A,72.7,Legendary,True,True,3,bbref_war
maricju01,maricju01,Juan Marichal,Expansion (1961-1976),1965,1965,1960,1975,SFG,SFG,SP,471,457,2,3507.3333333333335,243,142,2303,709,320.0,49.89,6.45,1.66,0.75,2.43,145.31,8.13,57.4,100.1,79.5,50.6,50.0,65.4,C+,S,B+,C,B,72.6,Legendary,True,True,10,bbref_war
bunniji01,bunniji01,Jim Bunning,Expansion (1961-1976),1964,1966,1955,1971,DET,DET,SP,591,519,16,3760.3333333333335,224,184,2855,1000,372.0,47.9,7.13,2.04,0.78,2.69,137.77,7.67,68.9,89.6,74.5,47.2,46.8,78.3,B,A,B,C,B+,71.6,Legendary,True,True,8,bbref_war
blylebe01,blylebe01,Bert Blyleven,Expansion (1961-1976),1975,1973,1970,1992,MIN,MIN,SP,692,685,0,4970.0,287,250,3701,1322,430.0,50.57,7.03,2.33,0.59,2.84,136.72,7.83,67.2,81.3,73.9,48.4,67.9,40.1,B,A-,B,C,C-,68.3,Legendary,True,True,2,bbref_war
matlajo01,matlajo01,Jon Matlack,Expansion (1961-1976),1976,1974,1971,1983,NYM,NYM,SP,361,318,3,2363.0,125,126,1516,638,161.0,36.31,5.94,2.37,0.55,2.85,128.46,7.95,48.7,80.1,68.5,49.3,72.8,125.0,C,A-,B,C,S,66.6,Epic,True,False,3,bbref_war
pascuca02,pascuca02,Camilo Pascual,Expansion (1961-1976),1961,1959,1954,1971,MIN,MIN,SP,529,404,10,2930.6666666666665,174,170,2167,1069,256.0,35.79,7.16,2.83,0.7,2.96,129.13,7.34,69.4,67.1,68.9,44.9,56.3,112.7,B,B,B,C-,S,66.5,Epic,True,False,6,bbref_war
drysddo01,drysddo01,Don Drysdale,Expansion (1961-1976),1961,1964,1956,1969,LAD,LAD,SP,518,465,6,3432.0,209,166,2486,855,280.0,42.04,6.94,2.41,0.72,2.89,131.19,7.48,65.8,79.0,70.3,45.9,53.5,59.6,B,B+,B,C,C+,66.3,Legendary,True,True,9,bbref_war
mcdowsa01,mcdowsa01,Sam McDowell,Expansion (1961-1976),1968,1970,1961,1975,CLE,CLE,SP,425,346,14,2492.3333333333335,141,134,2453,1312,164.0,42.25,9.37,4.36,0.54,2.66,136.32,7.35,107.1,24.0,73.6,45.0,73.9,83.8,S,D-,B,C,A-,65.8,Epic,True,False,6,bbref_war
tiefebo01,tiefebo01,Bobby Tiefenauer,Expansion (1961-1976),1962,1963,1952,1968,ATL,ATL,RP,179,0,23,316.0,9,25,204,87,29.0,3.18,5.77,2.2,0.7,3.42,180.64,,45.8,84.9,102.4,5.1,56.0,69.4,C,A-,S,F,B,65.3,Epic,False,False,0,bbref_war
perryga01,perryga01,Gaylord Perry,Expansion (1961-1976),1973,1972,1962,1983,SFG,SFG,SP,777,690,11,5350.333333333333,314,265,3534,1379,399.0,52.81,6.13,2.41,0.68,2.84,131.87,8.3,51.9,79.2,70.7,51.8,57.9,73.0,C,B+,B,C,B,64.8,Legendary,True,True,5,bbref_war
suttodo01,suttodo01,Don Sutton,Expansion (1961-1976),1973,1972,1966,1988,LAD,LAD,SP,774,756,5,5282.333333333333,324,256,3574,1343,472.0,34.3,6.6,2.12,0.63,2.63,133.96,7.3,60.0,87.2,72.1,44.6,63.3,1.0,B-,A,B,C-,F,64.7,Legendary,True,True,4,bbref_war
mcgratu01,mcgratu01,Tug McGraw,Expansion (1961-1976),1976,1980,1965,1984,PHI,PHI,RP,824,39,180,1514.6666666666667,96,92,1109,582,108.0,19.51,7.54,3.3,0.4,2.06,179.54,68.04,76.0,53.9,101.7,5.1,88.8,27.8,B+,C,S,F,D,64.5,Epic,True,False,2,bbref_war
shortch02,shortch02,Chris Short,Expansion (1961-1976),1966,1965,1959,1973,PHI,PHI,SP,501,308,18,2325.0,135,132,1629,806,183.0,30.12,6.7,2.71,0.62,3.02,118.62,7.12,61.6,70.7,62.1,43.3,64.1,124.8,B-,B,B-,C-,S,64.5,Epic,True,False,2,bbref_war
hoernjo01,hoernjo01,Joe Hoerner,Expansion (1961-1976),1970,1966,1963,1977,STL,STL,RP,493,0,99,562.6666666666666,39,34,412,181,50.0,12.2,6.9,2.54,0.72,2.27,163.12,,65.1,75.4,91.0,1.0,54.2,69.9,B,B+,A,F,B,64.2,Epic,True,False,1,bbref_war
penaor01,penaor01,Orlando Peña,Expansion (1961-1976),1964,1963,1958,1975,NLB,NLB,RP,427,93,40,1202.0,56,77,818,352,151.0,11.92,6.17,2.53,1.07,3.55,187.7,32.91,52.6,75.8,107.0,15.0,15.1,40.0,C,B+,S,F,C-,63.9,Epic,False,False,0,bbref_war
malonji01,malonji01,Jim Maloney,Expansion (1961-1976),1965,1965,1960,1971,CIN,CIN,SP,302,262,4,1849.0,134,84,1605,810,138.0,34.78,8.14,3.73,0.59,2.85,129.82,7.07,86.1,41.8,69.4,42.9,68.0,89.4,A,C-,B,C-,A,63.6,Epic,True,False,1,bbref_war
hillejo01,hillejo01,John Hiller,Expansion (1961-1976),1974,1973,1965,1980,DET,DET,RP,545,43,125,1242.0,87,76,1036,535,110.0,26.73,8.0,3.82,0.65,2.34,169.02,50.82,83.7,39.2,94.9,8.0,61.5,92.8,A-,D+,A,F,A,63.4,Epic,True,False,1,bbref_war
shawbo01,shawbo01,Bob Shaw,Expansion (1961-1976),1962,1965,1957,1967,CHW,CHW,SP,430,223,32,1778.0,108,98,880,511,149.0,19.93,4.38,2.5,0.71,3.2,117.64,19.94,22.2,76.5,61.5,125.0,54.8,32.6,D-,B+,B-,S,D,63.2,Epic,True,False,1,bbref_war
handsbi01,handsbi01,Bill Hands,Expansion (1961-1976),1970,1969,1965,1975,CHC,CHC,SP,374,260,14,1951.0,111,110,1128,492,167.0,28.42,5.19,2.1,0.73,3.11,130.6,8.57,36.0,87.8,69.9,53.8,52.8,77.9,D+,A,B,C,B+,63.0,Epic,False,False,0,bbref_war
farretu01,farretu01,Turk Farrell,Expansion (1961-1976),1962,1962,1956,1969,PHI,PHI,RP,590,134,83,1705.0,106,111,1177,468,152.0,25.23,6.45,2.36,0.63,2.95,125.53,31.78,57.4,80.5,66.6,14.2,63.4,125.0,C+,A-,B,F,S,62.7,Epic,True,False,4,bbref_war
kaatji01,kaatji01,Jim Kaat,Expansion (1961-1976),1968,1975,1959,1983,MIN,MIN,SP,898,625,18,4530.333333333333,283,237,2461,1083,395.0,36.49,5.44,1.9,0.68,3.03,120.67,7.23,40.2,93.4,63.4,44.1,57.8,74.6,C-,A,B-,C-,B,62.5,Epic,True,True,3,bbref_war
tiantlu01,tiantlu01,Luis Tiant,Expansion (1961-1976),1973,1968,1964,1982,BOS,BOS,SP,573,484,15,3486.3333333333335,229,172,2416,1104,346.0,44.37,6.43,2.53,0.79,2.73,140.6,7.86,57.1,75.6,76.4,48.6,46.2,12.4,C+,B+,B+,C,F,62.5,Epic,True,False,3,bbref_war
vealebo01,vealebo01,Bob Veale,Expansion (1961-1976),1966,1964,1962,1974,PIT,PIT,SP,397,255,21,1926.0,120,95,1703,858,91.0,25.02,7.97,3.96,0.37,2.8,146.99,7.65,83.2,35.2,80.5,47.1,91.7,16.7,A-,D+,A-,C,F,62.2,Epic,True,False,2,bbref_war
otoolji01,o'tooji01,Jim O'Toole,Expansion (1961-1976),1962,1964,1958,1967,CIN,CIN,SP,270,238,4,1615.3333333333333,98,84,1039,546,119.0,23.35,5.96,2.82,0.6,3.21,150.07,6.93,49.0,67.6,82.5,41.9,66.8,54.7,C,B,A-,C-,C,62.1,Epic,True,False,1,bbref_war
lolicmi01,lolicmi01,Mickey Lolich,Expansion (1961-1976),1971,1971,1963,1979,DET,DET,SP,586,496,11,3638.3333333333335,217,191,2832,1099,347.0,37.82,7.08,2.67,0.86,3.28,113.24,7.58,68.2,71.8,58.6,46.6,38.6,67.1,B,B,C+,C,B,61.9,Epic,True,False,3,bbref_war
niekrph01,niekrph01,Phil Niekro,Expansion (1961-1976),1976,1978,1964,1987,ATL,ATL,SP,864,716,29,5404.333333333333,318,274,3342,1809,482.0,53.48,5.99,2.93,0.72,3.12,129.42,7.72,49.5,64.3,69.1,47.6,54.2,125.0,C,B-,B,C,S,61.8,Epic,True,True,5,bbref_war
siebeso01,siebeso01,Sonny Siebert,Expansion (1961-1976),1967,1971,1964,1975,CLE,CLE,SP,399,307,16,2152.0,140,114,1512,692,197.0,28.26,6.6,2.68,0.83,2.89,123.22,7.68,60.0,71.5,65.1,47.3,41.7,61.5,B-,B,B,C,B-,61.4,Epic,True,False,2,bbref_war
dierkla01,dierkla01,Larry Dierker,Expansion (1961-1976),1970,1969,1964,1977,HOU,HOU,SP,356,329,1,2333.6666666666665,139,123,1493,711,184.0,29.78,5.92,2.56,0.68,3.1,113.19,7.19,48.4,74.7,58.6,43.8,58.2,125.0,C,B,C+,C-,S,61.2,Epic,True,False,2,bbref_war
singebi01,singebi01,Bill Singer,Expansion (1961-1976),1970,1969,1964,1977,LAD,LAD,SP,322,308,2,2174.0,118,127,1515,781,132.0,21.75,6.71,3.0,0.48,2.96,114.28,7.28,61.8,62.5,59.3,44.4,80.2,84.0,B-,B-,C+,C-,A-,60.8,Epic,True,False,2,bbref_war
breweji01,breweji01,Jim Brewer,Expansion (1961-1976),1968,1972,1960,1976,LAD,LAD,RP,584,35,132,1040.6666666666667,69,65,810,360,92.0,14.35,7.46,3.28,0.54,2.3,154.91,17.47,74.5,54.4,85.7,5.3,73.5,45.5,B,C,A,F,C,60.4,Epic,True,False,1,bbref_war
griffto02,griffto02,Tom Griffin,Expansion (1961-1976),1974,1969,1969,1982,HOU,HOU,SP,401,191,5,1494.6666666666667,77,94,1054,769,133.0,8.75,6.87,4.07,0.73,3.55,99.82,14.81,64.6,32.2,49.9,99.0,52.5,125.0,B-,D,C,A+,S,60.4,Epic,False,False,0,bbref_war
johnske02,johnske02,Ken Johnson,Expansion (1961-1976),1964,1963,1958,1970,NLB,NLB,SP,334,231,9,1737.3333333333333,91,106,1042,413,157.0,19.23,5.38,1.95,0.78,3.31,103.32,6.9,39.2,92.1,52.2,41.7,47.3,115.9,D+,A,C,C-,S,60.3,Epic,False,False,0,bbref_war
chancde01,chancde01,Dean Chance,Expansion (1961-1976),1965,1964,1961,1971,LAA,LAA,SP,406,294,23,2147.3333333333335,128,115,1534,739,122.0,32.74,6.52,2.95,0.47,2.72,129.24,7.47,58.6,63.8,69.0,45.8,81.5,27.3,C+,B-,B,C,D,60.2,Epic,True,False,2,bbref_war
koosmje01,koosmje01,Jerry Koosman,Expansion (1961-1976),1973,1979,1967,1985,NYM,NYM,SP,612,527,17,3839.3333333333335,222,209,2556,1198,290.0,37.76,6.03,2.66,0.64,2.82,131.4,7.53,50.3,72.1,70.4,46.3,62.9,36.3,C,B,B,C,D+,60.1,Epic,True,False,2,bbref_war
staffbi01,staffbi01,Bill Stafford,Expansion (1961-1976),1964,1961,1960,1967,NYY,NYY,SP,186,104,9,785.6666666666666,43,40,449,270,77.0,9.37,5.13,2.95,0.79,3.19,128.46,15.8,35.0,63.9,68.5,106.1,46.0,1.0,D+,B-,B,S,F,60.1,Epic,False,False,0,bbref_war
billija01,billija01,Jack Billingham,Expansion (1961-1976),1972,1973,1968,1980,CIN,CIN,SP,476,305,15,2230.6666666666665,145,113,1141,750,176.0,13.8,4.83,2.95,0.57,3.36,110.27,16.4,29.9,63.8,56.7,110.5,70.1,45.5,D,B-,C+,S,C,60.0,Epic,True,False,1,bbref_war
fordwh01,fordwh01,Whitey Ford,Expansion (1961-1976),1962,1964,1950,1967,NYY,NYY,SP,498,438,10,3170.3333333333335,236,106,1956,1086,228.0,33.22,5.81,2.58,0.67,2.6,144.4,7.23,46.5,74.3,78.9,44.1,59.5,1.0,C,B,B+,C-,F,59.6,Epic,True,True,10,bbref_war
halldi01,halldi01,Dick Hall,Expansion (1961-1976),1963,1962,1955,1971,BAL,BAL,RP,495,74,68,1259.6666666666667,93,75,741,236,130.0,15.99,5.44,1.71,0.72,2.66,149.27,31.92,40.3,99.0,82.0,10.4,53.4,1.0,C-,A+,A-,F,F,59.6,Epic,False,False,0,bbref_war
aguirha01,aguirha01,Hank Aguirre,Expansion (1961-1976),1963,1962,1955,1970,DET,DET,RP,447,149,33,1375.6666666666667,75,72,856,479,123.0,18.8,5.97,2.91,0.78,2.99,173.05,9.74,49.3,64.9,97.5,16.4,46.6,34.0,C,B-,A+,F,D,59.4,Epic,True,False,1,bbref_war
willist02,willist02,Stan Williams,Expansion (1961-1976),1967,1961,1958,1972,LAD,LAD,SP,482,208,43,1764.3333333333333,109,94,1305,748,160.0,20.57,7.17,3.35,0.88,3.23,125.5,8.19,69.6,52.6,66.6,51.1,36.1,52.7,B,C,B,C,C,59.3,Epic,True,False,2,bbref_war
forstte01,forstte01,Terry Forster,Expansion (1961-1976),1975,1973,1971,1986,CHW,CHW,RP,614,39,127,1105.6666666666667,54,65,791,457,51.0,17.21,6.92,3.83,0.35,2.75,154.83,61.91,65.3,38.8,85.6,5.6,94.6,125.0,B,D+,A,F,S,59.2,Epic,False,False,0,bbref_war
merriji01,merriji01,Jim Merritt,Expansion (1961-1976),1968,1967,1965,1975,MIN,MIN,SP,297,192,7,1483.0,81,86,932,322,160.0,16.66,5.89,1.91,0.96,3.59,104.99,7.68,48.0,93.1,53.2,47.3,27.2,43.3,C,A,C,C,C-,59.2,Epic,True,False,1,bbref_war
millest01,millest01,Stu Miller,Expansion (1961-1976),1961,1958,1952,1968,BAL,BAL,RP,704,93,154,1694.0,105,103,1164,600,140.0,23.71,6.64,2.81,0.54,2.39,157.47,11.91,60.7,67.7,87.4,9.3,73.4,1.0,B-,B,A,F,F,59.1,Epic,True,False,2,bbref_war
radatdi01,radatdi01,Dick Radatz,Expansion (1961-1976),1965,1964,1962,1969,BOS,BOS,RP,381,0,122,693.6666666666666,52,43,745,296,65.0,16.08,9.67,3.84,0.84,3.13,124.22,,112.1,38.6,65.7,4.9,40.0,43.4,S,D+,B,F,C-,59.0,Epic,True,False,2,bbref_war
boutoji01,boutoji01,Jim Bouton,Expansion (1961-1976),1966,1963,1962,1978,NYY,NYY,SP,304,144,6,1238.6666666666667,62,63,720,435,127.0,11.8,5.04,3.01,0.87,3.19,104.16,16.01,33.4,62.2,52.7,107.7,36.8,76.0,D,B-,C,S,B+,58.9,Epic,True,False,1,bbref_war
nolanga01,nolanga01,Gary Nolan,Expansion (1961-1976),1970,1967,1967,1977,CIN,CIN,SP,250,247,0,1674.6666666666667,110,70,1039,413,146.0,24.52,5.67,2.2,0.81,2.93,127.09,6.94,44.1,85.0,67.6,42.0,43.4,22.1,C-,A,B,C-,D-,58.7,Epic,True,False,1,bbref_war
raymocl01,raymocl01,Claude Raymond,Expansion (1961-1976),1965,1965,1959,1971,HOU,HOU,RP,449,7,83,721.0,46,53,497,225,75.0,7.91,6.48,2.42,0.73,2.96,114.95,13.76,58.0,78.7,59.7,4.6,52.6,125.0,C+,B+,C+,F,S,58.7,Epic,True,False,1,bbref_war
frymawo01,frymawo01,Woodie Fryman,Expansion (1961-1976),1972,1976,1966,1983,WSH,WSH,SP,625,322,58,2411.3333333333335,141,155,1587,890,187.0,18.37,6.06,3.03,0.58,3.23,116.73,7.33,50.8,61.4,60.9,44.8,68.9,101.5,C,B-,B-,C-,S,58.5,Epic,True,False,2,bbref_war
mcgloly01,mcgloly01,Lynn McGlothen,Expansion (1961-1976),1976,1974,1972,1982,CHC,CHC,SP,318,201,2,1497.6666666666667,86,93,939,572,127.0,16.33,5.76,3.26,0.75,3.75,100.19,12.58,45.7,55.2,50.1,82.8,49.9,112.5,C,C+,C,A-,S,58.3,Epic,True,False,1,bbref_war
hernara01,hernara01,Ramon Hernandez,Expansion (1961-1976),1973,1972,1967,1977,PIT,PIT,RP,337,0,46,430.3333333333333,23,15,255,135,23.0,7.84,5.39,2.81,0.43,2.72,173.26,,39.3,67.9,97.6,1.1,85.9,49.4,D+,B,A+,F,C,58.1,Epic,False,False,0,bbref_war
jarvipa01,jarvipa01,Pat Jarvis,Expansion (1961-1976),1970,1970,1966,1973,ATL,ATL,SP,249,169,3,1284.0,85,73,755,380,106.0,14.06,5.33,2.59,0.68,3.41,112.56,8.65,38.4,74.0,58.2,54.3,57.6,87.7,D+,B,C+,C,A,58.1,Epic,False,False,0,bbref_war
wilsodo01,wilsodo01,Don Wilson,Expansion (1961-1976),1971,1971,1966,1974,HOU,HOU,SP,266,245,2,1748.3333333333333,104,92,1283,640,119.0,26.49,6.17,3.21,0.61,3.02,113.69,7.17,52.7,56.3,58.9,43.7,66.3,125.0,C,C+,C+,C-,S,58.1,Epic,True,False,1,bbref_war
jacksla01,jacksla01,Larry Jackson,Expansion (1961-1976),1963,1959,1955,1968,STL,STL,SP,558,429,20,3262.6666666666665,194,183,1709,824,259.0,35.26,4.71,2.1,0.58,3.14,114.2,7.66,27.8,87.8,59.2,47.2,68.6,75.7,D,A,C+,C,B+,58.0,Epic,True,False,5,bbref_war
lemasde01,lemasde01,Denny Lemaster,Expansion (1961-1976),1967,1969,1962,1972,ATL,ATL,SP,357,249,8,1787.6666666666667,90,105,1305,600,184.0,18.42,6.5,2.95,0.93,3.34,104.86,7.07,58.2,63.9,53.2,42.9,30.2,125.0,C+,B-,C,C-,S,58.0,Epic,True,False,1,bbref_war
cuellmi01,cuellmi01,Mike Cuellar,Expansion (1961-1976),1969,1966,1959,1977,BAL,BAL,SP,453,379,11,2808.0,185,130,1632,822,222.0,26.58,5.44,2.44,0.62,2.74,122.92,7.47,40.3,78.1,64.9,45.8,64.7,39.8,C-,B+,B-,C,D+,57.9,Epic,True,False,4,bbref_war
greifbi01,greifbi01,Bill Greif,Expansion (1961-1976),1974,1973,1971,1976,SDP,SDP,SP,231,97,19,715.6666666666666,31,67,442,287,70.0,-0.93,5.56,3.61,0.88,4.41,77.69,18.55,42.3,45.2,35.5,125.0,36.0,125.0,C-,C,D+,S,S,57.6,Rare,False,False,0,bbref_war
hamilst01,hamilst01,Steve Hamilton,Expansion (1961-1976),1965,1965,1961,1972,NYY,NYY,RP,421,17,42,663.0,40,31,531,214,51.0,9.38,7.27,2.69,0.62,2.91,130.1,29.79,71.3,71.3,69.6,4.2,64.1,14.4,B,B,B,F,F,57.6,Rare,False,False,0,bbref_war
wickeda01,wickeda01,Dave Wickersham,Expansion (1961-1976),1964,1963,1960,1969,NLB,NLB,SP,283,124,18,1123.0,68,57,638,384,100.0,10.37,5.17,3.07,0.82,3.62,144.47,10.81,35.6,60.4,78.9,70.0,42.6,18.7,D+,B-,B+,B,F,57.3,Rare,False,False,0,bbref_war
roberda05,roberda05,Dave Roberts,Expansion (1961-1976),1974,1971,1969,1981,HOU,HOU,SP,445,277,15,2099.0,103,125,957,615,155.0,23.58,3.89,2.39,0.55,3.34,117.36,9.14,13.9,79.6,61.3,57.9,72.1,125.0,F,B+,B-,C+,S,57.2,Rare,False,False,0,bbref_war
palmeji01,palmeji01,Jim Palmer,Expansion (1961-1976),1975,1975,1965,1984,BAL,BAL,SP,558,521,4,3948.0,268,152,2212,1311,303.0,46.57,5.18,2.72,0.6,2.46,144.39,7.97,35.7,70.4,78.9,49.4,67.2,1.0,D+,B,B+,C,F,57.1,Epic,True,True,6,bbref_war
wiseri01,wiseri01,Rick Wise,Expansion (1961-1976),1972,1972,1964,1982,PHI,PHI,SP,506,455,0,3127.0,188,181,1647,804,261.0,24.42,4.87,2.29,0.66,3.29,112.0,7.2,30.6,82.4,57.8,43.9,60.5,95.4,D,A-,C+,C-,A+,57.1,Epic,True,False,2,bbref_war
pizarju01,pizarju01,Juan Pizarro,Expansion (1961-1976),1963,1963,1957,1974,CHW,CHW,SP,488,245,28,2034.3333333333333,131,105,1522,888,201.0,18.91,6.96,3.52,0.79,2.99,124.38,10.11,66.1,47.8,65.8,64.9,45.8,1.6,B,C,B,B-,F,57.0,Epic,True,False,2,bbref_war
gulledo01,gulledo01,Don Gullett,Expansion (1961-1976),1974,1975,1970,1978,CIN,CIN,SP,266,186,11,1390.0,109,50,921,501,115.0,16.74,5.92,3.26,0.72,3.0,126.43,11.59,48.5,55.2,67.2,75.7,53.5,1.0,C,C+,B,B+,F,56.8,Rare,False,False,0,bbref_war
pattima01,pattima01,Marty Pattin,Expansion (1961-1976),1974,1970,1968,1980,KCR,KCR,SP,475,224,25,2038.6666666666667,114,109,1179,603,209.0,19.48,5.18,2.44,0.79,3.27,113.07,9.62,35.9,78.1,58.5,61.4,45.4,44.0,D+,B+,C+,B-,C-,56.8,Rare,True,False,1,bbref_war
kralija01,kralija01,Jack Kralick,Expansion (1961-1976),1962,1961,1959,1967,CLE,CLE,SP,235,169,1,1218.0,67,65,668,318,124.0,19.98,5.04,2.36,0.92,3.45,104.39,8.82,33.5,80.6,52.9,55.6,32.0,99.2,D,A-,C,C+,A+,56.6,Rare,True,False,1,bbref_war
johnsbo03,johnsbo03,Bob Johnson,Expansion (1961-1976),1972,1970,1969,1977,PIT,PIT,SP,183,76,12,692.3333333333334,28,34,507,269,82.0,6.99,6.59,3.5,1.07,3.48,82.65,15.68,59.8,48.4,38.7,105.3,15.5,63.7,C+,C,D+,S,B-,56.5,Rare,False,False,0,bbref_war
monbobi01,monbobi01,Bill Monbouquette,Expansion (1961-1976),1963,1960,1958,1968,BOS,BOS,SP,343,263,3,1961.6666666666667,114,112,1122,462,211.0,24.03,5.26,2.16,0.97,3.54,102.84,7.92,37.2,86.2,51.8,49.1,26.2,77.5,D+,A,C,C,B+,56.4,Epic,True,False,4,bbref_war
mcdanli01,mcdanli01,Lindy McDaniel,Expansion (1961-1976),1963,1960,1955,1975,STL,STL,RP,987,74,172,2139.3333333333335,141,119,1361,623,172.0,23.35,5.89,2.56,0.69,2.89,141.49,34.45,47.8,74.8,77.0,8.8,57.1,45.4,C,B,B+,F,C,56.3,Rare,True,False,2,bbref_war
moosebo01,moosebo01,Bob Moose,Expansion (1961-1976),1970,1969,1967,1976,PIT,PIT,SP,289,160,19,1304.0,76,71,827,387,75.0,9.6,6.11,2.71,0.48,3.26,104.05,8.44,51.6,70.7,52.6,52.9,80.5,9.4,C,B,C,C,F,56.2,Rare,False,False,0,bbref_war
larocda01,larocda01,Dave LaRoche,Expansion (1961-1976),1976,1976,1970,1983,LAA,LAA,RP,647,15,126,1049.3333333333333,65,58,819,459,94.0,13.32,7.7,3.92,0.64,2.92,130.51,14.22,78.6,36.4,69.8,3.7,62.5,125.0,B+,D+,B,F,S,56.1,Rare,True,False,2,bbref_war
hargast01,hargast01,Steve Hargan,Expansion (1961-1976),1970,1966,1965,1977,CLE,CLE,SP,354,215,4,1632.0,87,107,891,614,125.0,16.46,5.12,2.78,0.6,3.21,112.92,8.8,34.8,68.5,58.4,55.5,67.3,78.4,D,B,C+,C+,B+,56.0,Rare,True,False,1,bbref_war
birddo01,birddo01,Doug Bird,Expansion (1961-1976),1976,1974,1973,1983,KCR,KCR,RP,432,100,60,1213.6666666666667,73,60,680,296,122.0,13.38,5.6,2.3,0.76,3.24,124.61,34.73,43.0,82.3,66.0,10.7,49.4,79.1,C-,A-,B,F,B+,55.9,Rare,False,False,0,bbref_war
lylesp01,lylesp01,Sparky Lyle,Expansion (1961-1976),1973,1977,1967,1982,NYY,NYY,RP,899,0,238,1390.3333333333333,99,76,873,481,84.0,18.77,6.16,2.89,0.55,2.32,159.93,,52.5,65.5,89.0,3.2,72.6,1.0,C,B,A,F,F,55.9,Rare,True,False,3,bbref_war
brilene01,brilene01,Nelson Briles,Expansion (1961-1976),1971,1973,1965,1978,STL,STL,SP,452,279,22,2111.6666666666665,129,112,1163,547,186.0,17.98,4.66,2.17,0.7,3.09,111.85,7.79,27.0,85.9,57.7,48.2,56.3,62.7,D,A,C+,C,B-,55.8,Rare,False,False,0,bbref_war
herbera01,herbera01,Ray Herbert,Expansion (1961-1976),1961,1960,1950,1966,NLB,NLB,SP,407,236,15,1881.3333333333333,104,107,864,571,167.0,18.95,4.26,2.37,0.72,3.57,134.27,7.66,20.3,80.2,72.3,47.2,53.8,56.7,D-,A-,B,C,C+,55.8,Rare,True,False,1,bbref_war
peterfr01,peterfr01,Fritz Peterson,Expansion (1961-1976),1970,1969,1966,1976,NYY,NYY,SP,355,330,1,2218.3333333333335,133,131,1015,426,173.0,19.84,4.27,1.53,0.68,3.03,108.79,7.11,20.4,103.8,55.7,43.2,57.5,28.7,D-,S,C+,C-,D,55.8,Rare,True,False,1,bbref_war
selmadi01,selmadi01,Dick Selma,Expansion (1961-1976),1969,1970,1965,1974,PHI,PHI,RP,307,76,31,840.0,42,54,681,381,69.0,12.07,7.76,3.57,0.61,3.13,107.87,10.3,79.7,46.3,55.1,13.5,65.8,105.1,B+,C,C+,F,S,55.8,Rare,False,False,0,bbref_war
brucebo01,brucebo01,Bob Bruce,Expansion (1961-1976),1962,1964,1959,1967,HOU,HOU,SP,219,167,1,1122.3333333333333,49,71,733,340,95.0,12.37,6.04,2.79,0.72,3.6,92.65,6.45,50.4,68.3,45.2,38.4,53.9,124.7,C,B,C,D+,S,55.7,Rare,False,False,0,bbref_war
hraboal01,hraboal01,Al Hrabosky,Expansion (1961-1976),1975,1975,1970,1982,STL,STL,RP,545,1,97,722.0,64,35,548,315,50.0,10.39,7.29,3.84,0.38,2.45,159.41,,71.7,38.8,88.6,1.3,90.6,24.3,B,D+,A,F,D-,55.7,Rare,False,False,0,bbref_war
messean01,messean01,Andy Messersmith,Expansion (1961-1976),1973,1975,1968,1979,LAA,LAA,SP,344,295,15,2230.3333333333335,130,99,1625,831,174.0,31.75,6.52,3.21,0.69,2.7,128.63,7.55,58.6,56.4,68.6,46.4,56.6,1.0,C+,C+,B,C,F,55.7,Rare,True,False,4,bbref_war
pappami01,pappami01,Milt Pappas,Expansion (1961-1976),1967,1971,1957,1973,BAL,BAL,SP,520,465,4,3186.0,209,164,1728,858,298.0,29.0,4.76,2.14,0.78,3.18,118.63,7.23,28.7,86.8,62.1,44.1,47.5,45.5,D,A,B-,C-,C,55.7,Rare,True,False,3,bbref_war
barrji01,barrji01,Jim Barr,Expansion (1961-1976),1975,1974,1971,1983,SFG,SFG,SP,454,252,12,2065.3333333333335,101,112,741,469,161.0,28.24,3.15,2.02,0.7,3.25,116.92,8.89,1.3,90.2,61.0,56.1,56.1,125.0,F,A,B-,C+,S,55.6,Rare,False,False,0,bbref_war
mclaide01,mclaide01,Denny McLain,Expansion (1961-1976),1966,1969,1963,1972,DET,DET,SP,280,264,2,1886.0,131,91,1282,548,242.0,22.92,6.55,2.5,1.06,3.02,110.24,7.21,59.2,76.6,56.7,43.9,16.1,1.0,C+,B+,C+,C-,F,55.6,Rare,True,False,3,bbref_war
colemjo05,colemjo05,Joe Coleman,Expansion (1961-1976),1971,1973,1965,1979,TEX,TEX,SP,484,340,7,2569.3333333333335,142,135,1728,1003,234.0,24.17,6.4,3.17,0.82,3.23,110.19,7.68,56.5,57.7,56.6,47.3,42.2,70.7,C+,C+,C+,C,B,55.4,Rare,True,False,1,bbref_war
brabege01,brabege01,Gene Brabender,Expansion (1961-1976),1968,1969,1966,1970,BAL,BAL,SP,151,80,6,621.0,35,43,440,282,54.0,0.45,6.38,4.09,0.78,4.25,84.78,19.83,56.2,31.7,40.1,125.0,46.7,44.4,C+,D,C-,S,C-,55.3,Rare,False,False,0,bbref_war
washbra01,washbra01,Ray Washburn,Expansion (1961-1976),1966,1968,1961,1970,STL,STL,SP,239,166,5,1209.6666666666667,72,64,700,354,107.0,9.9,5.19,2.43,0.78,3.31,128.44,7.65,36.1,78.5,68.5,47.1,47.3,1.0,D+,B+,B,C,F,55.3,Rare,False,False,0,bbref_war
garlawa01,garlawa01,Wayne Garland,Expansion (1961-1976),1976,1977,1973,1981,CLE,CLE,SP,190,121,6,1040.0,55,66,450,328,89.0,9.3,3.9,2.73,0.71,3.62,99.27,21.19,14.1,70.0,49.5,125.0,55.0,1.0,F,B,C,S,F,55.0,Rare,False,False,0,bbref_war
marshmi01,marshmi01,Mike Marshall,Expansion (1961-1976),1974,1979,1967,1981,WSH,WSH,RP,724,24,188,1386.6666666666667,97,112,880,514,79.0,19.34,5.91,3.14,0.44,2.4,158.19,142.67,48.2,58.5,87.8,4.8,84.2,27.4,C,C+,A,F,D,54.9,Rare,True,False,2,bbref_war
peterga01,peterga01,Gary Peters,Expansion (1961-1976),1967,1963,1959,1972,CHW,CHW,SP,359,286,5,2081.0,124,103,1420,706,157.0,22.47,6.23,2.97,0.67,3.1,121.22,7.22,53.7,63.4,63.8,44.0,59.6,1.0,C,B-,B-,C-,F,54.9,Rare,True,False,2,bbref_war
drabomo01,drabomo01,Moe Drabowsky,Expansion (1961-1976),1966,1957,1956,1972,CHC,CHC,RP,589,154,55,1641.0,88,105,1162,702,182.0,19.97,7.0,3.47,0.75,2.97,134.87,13.62,66.8,49.1,72.7,14.3,50.2,58.9,B,C,B,F,C+,54.8,Rare,False,False,0,bbref_war
hunteca01,hunteca01,Catfish Hunter,Expansion (1961-1976),1972,1975,1965,1979,OAK,OAK,SP,500,476,1,3449.3333333333335,224,166,2012,954,374.0,32.09,5.29,2.35,0.85,2.76,121.99,7.59,37.6,80.7,64.3,46.7,39.2,1.0,D+,A-,B-,C,F,54.7,Epic,True,True,8,bbref_war
twitcwa01,twitcwa01,Wayne Twitchell,Expansion (1961-1976),1973,1973,1970,1979,PHI,PHI,SP,282,133,2,1063.0,48,65,789,537,92.0,7.44,6.94,3.93,0.71,3.55,92.86,12.75,65.7,36.1,45.4,84.1,55.1,49.4,B,D+,C,A-,C,54.6,Rare,True,False,1,bbref_war
ellswdi01,ellswdi01,Dick Ellsworth,Expansion (1961-1976),1964,1963,1958,1971,CHC,CHC,SP,407,310,5,2155.6666666666665,115,137,1140,595,194.0,23.08,4.91,2.46,0.8,3.38,110.91,6.74,31.3,77.6,57.1,40.6,44.3,93.0,D,B+,C+,C-,A,54.5,Rare,True,False,1,bbref_war
jacksal01,jacksal01,Al Jackson,Expansion (1961-1976),1964,1966,1959,1969,NYM,NYM,SP,302,184,10,1389.3333333333333,67,99,738,407,115.0,8.28,4.82,2.56,0.74,3.85,98.39,8.15,29.6,74.8,49.0,50.8,51.2,117.4,D,B,C,C,S,54.4,Rare,False,False,0,bbref_war
lockwsk01,lockwsk01,Skip Lockwood,Expansion (1961-1976),1976,1979,1969,1980,NYM,NYM,RP,420,106,68,1236.0,57,97,829,490,98.0,9.8,6.81,3.61,0.73,3.29,143.11,6.59,63.5,45.3,78.0,10.9,52.2,67.4,B-,C,B+,F,B,54.3,Rare,False,False,0,bbref_war
stonege02,stonege02,George Stone,Expansion (1961-1976),1970,1973,1967,1975,ATL,ATL,SP,203,145,5,1020.6666666666666,60,57,590,270,122.0,7.06,5.48,2.31,1.11,3.72,99.27,7.36,40.9,81.8,49.5,45.0,11.1,79.8,C-,A-,C,C,B+,54.3,Rare,False,False,0,bbref_war
moelljo01,moelljo01,Joe Moeller,Expansion (1961-1976),1968,1966,1962,1971,LAD,LAD,SP,166,74,7,583.6666666666666,26,36,307,176,55.0,0.15,4.31,2.98,0.84,3.94,82.49,17.86,21.1,63.0,38.6,121.0,40.2,66.5,D-,B-,D+,S,B,54.2,Rare,False,False,0,bbref_war
mcmahdo02,mcmahdo02,Don McMahon,Expansion (1961-1976),1966,1962,1957,1974,SFG,SFG,RP,874,2,153,1310.6666666666667,90,68,1003,579,105.0,18.4,7.12,3.97,0.66,2.33,145.21,,68.8,35.0,79.4,2.9,59.8,93.8,B,D+,B+,F,A,53.9,Rare,True,False,1,bbref_war
osteecl01,osteecl01,Claude Osteen,Expansion (1961-1976),1966,1969,1957,1975,LAD,LAD,SP,541,488,1,3460.3333333333335,196,195,1612,940,249.0,27.81,4.64,2.25,0.55,2.97,114.75,7.19,26.7,83.6,59.6,43.8,72.7,25.2,D,A-,C+,C-,D,53.9,Rare,True,False,3,bbref_war
johnsba01,johnsba01,Bart Johnson,Expansion (1961-1976),1973,1971,1969,1977,CHW,CHW,SP,185,97,17,809.3333333333334,43,51,520,348,60.0,11.15,5.78,3.79,0.66,3.85,105.7,9.98,46.0,40.1,53.7,64.0,60.6,125.0,C,C-,C,B-,S,53.8,Rare,False,False,0,bbref_war
jonesra01,jonesra01,Randy Jones,Expansion (1961-1976),1976,1975,1973,1982,SDP,SDP,SP,305,285,2,1933.0,100,123,735,503,129.0,20.93,3.52,2.1,0.54,3.19,109.19,7.07,7.6,87.8,56.0,42.9,72.9,116.1,F,A,C+,C-,S,53.7,Rare,True,False,2,bbref_war
giustda01,giustda01,Dave Giusti,Expansion (1961-1976),1972,1968,1962,1977,PIT,PIT,RP,668,133,145,1716.6666666666667,100,93,1103,570,126.0,13.87,6.04,3.0,0.53,3.02,124.41,54.41,50.4,62.5,65.9,6.1,75.0,84.3,C,B-,B,F,A-,53.6,Rare,True,False,1,bbref_war
perryji01,perryji01,Jim Perry,Expansion (1961-1976),1969,1969,1959,1975,MIN,MIN,SP,630,447,10,3285.6666666666665,215,174,1576,998,308.0,28.26,4.46,2.23,0.69,2.94,128.05,7.3,23.6,84.2,68.2,44.6,56.9,1.0,D-,A-,B,C-,F,53.6,Rare,True,False,3,bbref_war
reedro01,reedro01,Ron Reed,Expansion (1961-1976),1975,1975,1966,1984,ATL,ATL,RP,751,236,103,2477.3333333333335,146,140,1481,633,182.0,17.61,5.12,2.2,0.66,3.37,120.31,21.55,34.9,84.9,63.2,20.2,60.1,36.6,D,A-,B-,D-,D+,53.6,Rare,True,False,1,bbref_war
richepe01,richepe01,Pete Richert,Expansion (1961-1976),1969,1965,1962,1974,BAL,BAL,RP,429,122,51,1165.6666666666667,80,73,925,424,116.0,13.08,7.58,3.34,0.98,2.93,134.36,6.9,76.6,52.8,72.3,12.3,25.2,1.0,B+,C,B,F,F,53.6,Rare,True,False,2,bbref_war
hallto01,hallto01,Tom Hall,Expansion (1961-1976),1971,1970,1968,1977,MIN,MIN,RP,358,63,32,852.6666666666666,52,33,797,382,88.0,8.1,8.74,3.86,0.85,3.01,120.3,12.29,96.3,38.2,63.2,12.1,39.7,1.0,A+,D+,B-,F,F,53.3,Rare,False,False,0,bbref_war
bosmadi01,bosmadi01,Dick Bosman,Expansion (1961-1976),1970,1969,1966,1976,TEX,TEX,SP,306,229,2,1591.0,82,85,757,412,149.0,14.69,4.21,2.24,0.78,3.24,115.03,8.0,19.3,83.9,59.8,49.6,47.5,51.8,F,A-,C+,C,C,53.2,Rare,False,False,0,bbref_war
downial01,downial01,Al Downing,Expansion (1961-1976),1966,1967,1961,1977,NYY,NYY,SP,405,317,3,2268.3333333333335,123,107,1639,933,177.0,20.1,6.87,3.58,0.64,3.05,112.48,7.07,64.5,46.0,58.1,42.9,62.8,29.1,B-,C,C+,C-,D,53.2,Rare,True,False,1,bbref_war
horlejo01,horlejo01,Joe Horlen,Expansion (1961-1976),1966,1967,1961,1972,CHW,CHW,SP,361,290,4,2002.0,116,117,1065,554,145.0,24.0,4.7,2.47,0.61,2.63,130.61,6.81,27.7,77.3,69.9,41.0,66.0,1.0,D,B+,B,C-,F,53.2,Rare,True,False,1,bbref_war
lockebo02,lockebo02,Bob Locker,Expansion (1961-1976),1969,1973,1965,1975,CHW,CHW,RP,576,0,95,879.0,57,39,577,257,40.0,10.24,5.91,2.53,0.38,2.58,129.57,,48.2,75.6,69.2,2.6,90.8,1.2,C,B+,B,F,F,53.2,Rare,False,False,0,bbref_war
ritchja01,ritchja01,Jay Ritchie,Expansion (1961-1976),1966,1965,1964,1968,BOS,BOS,RP,167,2,8,291.3333333333333,8,13,212,94,23.0,1.6,6.55,2.9,0.71,3.49,105.6,28.33,59.1,65.1,53.6,4.4,54.7,105.9,C+,B,C,F,S,53.1,Rare,False,False,0,bbref_war
sadecra01,sadecra01,Ray Sadecki,Expansion (1961-1976),1967,1961,1960,1977,STL,STL,SP,563,328,7,2500.6666666666665,135,131,1614,922,240.0,18.13,6.03,3.14,0.69,3.3,111.12,7.68,50.3,58.5,57.2,47.3,56.4,30.8,C,C+,C+,C,D,53.0,Rare,False,False,0,bbref_war
dobsopa01,dobsopa01,Pat Dobson,Expansion (1961-1976),1972,1974,1967,1977,NYY,NYY,SP,414,279,19,2120.3333333333335,122,129,1301,665,197.0,18.12,5.67,2.65,0.74,3.23,108.26,7.9,44.2,72.2,55.4,48.9,50.9,1.0,C-,B,C+,C,F,52.9,Rare,True,False,1,bbref_war
lonboji01,lonboji01,Jim Lonborg,Expansion (1961-1976),1972,1974,1965,1979,BOS,BOS,SP,425,368,4,2464.3333333333335,157,137,1475,823,233.0,18.04,5.6,2.57,0.76,3.31,110.72,7.33,43.0,74.5,57.0,44.8,49.3,1.0,C-,B,C+,C-,F,52.9,Rare,True,False,1,bbref_war
bosweda01,bosweda01,Dave Boswell,Expansion (1961-1976),1967,1967,1964,1971,MIN,MIN,SP,205,151,0,1065.3333333333333,68,56,882,481,110.0,12.53,7.56,3.95,0.88,3.32,99.1,10.32,76.3,35.7,49.4,66.4,35.5,9.7,B+,D+,C,B,F,52.6,Rare,False,False,0,bbref_war
raudo01,raudo01,Doug Rau,Expansion (1961-1976),1975,1976,1972,1981,LAD,LAD,SP,222,187,3,1261.0,81,60,697,382,99.0,13.34,5.02,2.68,0.71,3.21,113.71,9.29,33.1,71.4,58.9,59.0,54.9,1.0,D,B,C+,C+,F,52.5,Rare,False,False,0,bbref_war
bradlto01,bradlto01,Tom Bradley,Expansion (1961-1976),1972,1971,1969,1975,SFG,SFG,SP,183,151,2,1017.6666666666666,55,61,691,311,86.0,10.92,6.11,2.75,0.76,3.72,80.98,6.69,51.7,69.5,37.6,40.2,49.1,84.7,C,B,D+,C-,A-,52.4,Rare,False,False,0,bbref_war
culpra01,culpra01,Ray Culp,Expansion (1961-1976),1968,1970,1963,1973,BOS,BOS,SP,322,268,1,1898.3333333333333,122,101,1411,752,188.0,19.34,6.8,3.35,0.82,3.33,107.46,7.05,63.3,52.4,54.9,42.8,42.2,25.3,B-,C,C,C-,D,52.4,Rare,True,False,2,bbref_war
mccormi03,mccormi03,Mike McCormick,Expansion (1961-1976),1965,1960,1956,1971,SFG,SFG,SP,484,333,12,2380.3333333333335,134,128,1321,795,255.0,20.58,4.99,2.66,0.89,3.17,110.19,8.33,32.6,72.0,56.6,52.0,34.5,50.6,D,B,C+,C,C,52.4,Rare,True,False,4,bbref_war
bolinbo01,bolinbo01,Bobby Bolin,Expansion (1961-1976),1965,1968,1961,1973,SFG,SFG,RP,495,164,50,1576.0,88,75,1175,597,164.0,19.02,6.79,3.23,0.85,2.84,127.93,17.07,63.2,56.0,68.2,16.7,39.3,19.7,B-,C+,B,F,F,52.3,Rare,False,False,0,bbref_war
goltzda01,goltzda01,Dave Goltz,Expansion (1961-1976),1976,1978,1972,1983,MIN,MIN,SP,353,264,8,2039.6666666666667,113,109,1105,646,149.0,25.5,4.83,2.71,0.63,3.36,118.59,7.54,29.9,70.6,62.1,46.3,63.0,31.0,D,B,B-,C,D,52.3,Rare,False,False,0,bbref_war
mcnalda01,mcnalda01,Dave McNally,Expansion (1961-1976),1969,1968,1962,1975,BAL,BAL,SP,424,396,2,2730.0,184,119,1512,826,230.0,22.43,5.2,2.55,0.78,2.93,119.21,7.1,36.2,75.1,62.5,43.1,46.9,1.0,D+,B+,B-,C-,F,52.3,Rare,True,False,3,bbref_war
abernte02,abernte02,Ted Abernathy,Expansion (1961-1976),1969,1967,1955,1972,MIN,MIN,RP,681,34,148,1147.6666666666667,63,69,765,592,70.0,18.87,5.95,4.18,0.43,2.35,169.3,,48.9,29.1,95.0,2.7,85.1,86.5,C,D,A+,F,A,52.2,Rare,False,False,0,bbref_war
millebo04,millebo04,Bob Miller,Expansion (1961-1976),1965,1971,1957,1974,LAD,LAD,RP,694,99,51,1551.3333333333333,69,81,895,608,101.0,13.98,5.68,3.1,0.38,2.74,129.01,39.58,44.3,59.5,68.9,8.9,90.8,62.2,C-,C+,B,F,B-,52.2,Rare,False,False,0,bbref_war
fischha01,fischha01,Hank Fischer,Expansion (1961-1976),1964,1965,1962,1967,ATL,ATL,SP,168,77,7,546.6666666666666,30,39,369,174,60.0,-2.63,6.08,2.86,0.99,4.23,93.94,8.7,51.0,66.2,46.1,54.8,24.1,36.8,C,B,C,C,D+,52.1,Rare,False,False,0,bbref_war
deckejo01,deckejo01,Joe Decker,Expansion (1961-1976),1972,1974,1969,1979,MIN,MIN,SP,152,105,0,710.0,36,44,458,377,58.0,7.73,5.97,4.17,0.76,3.88,116.77,10.04,49.2,29.3,60.9,64.4,48.9,99.5,C,D,B-,B-,A+,51.9,Rare,False,False,0,bbref_war
holtzke01,holtzke01,Ken Holtzman,Expansion (1961-1976),1972,1970,1965,1979,CHC,CHC,SP,451,410,3,2867.3333333333335,174,150,1601,910,249.0,24.07,5.24,2.58,0.73,3.19,114.41,7.04,36.8,74.2,59.4,42.7,52.7,5.8,D+,B,C+,C-,F,51.9,Rare,True,False,2,bbref_war
gibbojo01,gibbojo01,Joe Gibbon,Expansion (1961-1976),1964,1961,1960,1972,PIT,PIT,RP,419,127,32,1119.6666666666667,61,65,743,414,74.0,10.34,6.17,3.3,0.61,3.2,123.8,6.97,52.6,54.0,65.5,15.9,65.9,60.7,C,C,B,F,B-,51.7,Rare,False,False,0,bbref_war
bahnsst01,bahnsst01,Stan Bahnsen,Expansion (1961-1976),1972,1968,1966,1982,WSH,WSH,SP,574,327,20,2529.0,146,149,1359,924,223.0,23.04,4.86,2.91,0.73,3.19,108.8,7.45,30.4,64.9,55.7,45.7,53.0,84.6,D,B-,C+,C,A-,51.5,Rare,False,False,0,bbref_war
schulba01,schulba01,Barney Schultz,Expansion (1961-1976),1962,1964,1955,1965,STL,STL,RP,227,0,35,346.6666666666667,20,20,264,116,38.0,3.97,6.85,3.01,0.99,3.63,120.68,,64.3,62.1,63.4,2.8,24.3,47.9,B-,B-,B-,F,C,51.5,Rare,False,False,0,bbref_war
nottedo01,nottedo01,Don Nottebart,Expansion (1961-1976),1964,1963,1960,1969,ATL,ATL,RP,296,89,21,928.3333333333334,36,51,525,283,69.0,10.5,5.25,2.54,0.66,3.43,113.25,34.13,36.9,75.4,58.6,12.6,60.7,74.8,D+,B+,C+,F,B,51.4,Rare,False,False,0,bbref_war
watted01,watted01,Eddie Watt,Expansion (1961-1976),1970,1967,1966,1975,BAL,BAL,RP,411,13,80,659.6666666666666,38,36,462,254,37.0,8.02,6.11,3.13,0.56,2.81,143.25,11.21,51.6,58.7,78.1,4.4,71.4,1.0,C,C+,B+,F,F,51.4,Rare,False,False,0,bbref_war
bellga01,bellga01,Gary Bell,Expansion (1961-1976),1965,1966,1958,1969,CLE,CLE,SP,519,233,51,2015.0,121,117,1378,842,206.0,13.62,6.01,3.4,0.78,3.34,107.53,9.06,50.0,51.1,54.9,57.3,47.2,23.7,C,C,C,C+,D-,51.1,Rare,True,False,4,bbref_war
gentrga01,gentrga01,Gary Gentry,Expansion (1961-1976),1972,1969,1969,1975,NYM,NYM,SP,157,138,2,902.6666666666666,46,49,615,369,90.0,7.89,6.13,3.68,0.9,3.56,127.94,6.98,52.0,43.2,68.2,42.3,34.1,43.2,C,C-,B,C-,C-,51.1,Rare,False,False,0,bbref_war
mcandji01,mcandji01,Jim McAndrew,Expansion (1961-1976),1971,1972,1968,1974,NYM,NYM,SP,161,110,4,771.3333333333334,37,53,424,213,73.0,6.38,4.95,2.49,0.85,3.65,97.3,7.27,31.9,76.9,48.2,44.4,39.1,65.7,D,B+,C,C-,B,51.1,Rare,False,False,0,bbref_war
stangle01,stangle01,Lee Stange,Expansion (1961-1976),1965,1963,1961,1970,BOS,BOS,RP,359,125,21,1216.0,62,61,718,344,142.0,13.61,5.27,2.44,1.0,3.34,118.11,8.48,37.4,78.1,61.8,22.3,22.4,45.0,D+,B+,B-,D-,C,51.0,Rare,False,False,0,bbref_war
nashji01,nashji01,Jim Nash,Expansion (1961-1976),1969,1968,1966,1972,ATL,ATL,SP,201,167,4,1107.3333333333333,68,64,771,401,108.0,9.94,6.27,3.26,0.88,3.58,101.48,6.6,54.3,55.1,51.0,39.5,36.2,60.4,C,C+,C,D+,B-,50.9,Rare,False,False,0,bbref_war
phoebto01,phoebto01,Tom Phoebus,Expansion (1961-1976),1969,1968,1966,1972,BAL,BAL,SP,201,149,6,1030.0,56,52,725,489,85.0,6.28,6.33,4.27,0.74,3.33,122.02,11.96,55.5,26.4,64.3,78.3,51.1,1.0,C+,D,B-,B+,F,50.9,Rare,False,False,0,bbref_war
tayloch02,tayloch02,Chuck Taylor,Expansion (1961-1976),1973,1970,1969,1976,WSH,WSH,RP,305,21,31,607.0,28,20,282,162,43.0,12.11,4.27,2.39,0.65,2.97,137.77,32.95,20.4,79.6,74.6,6.3,60.9,64.0,D-,B+,B,F,B-,50.8,Rare,False,False,0,bbref_war
stottme01,stottme01,Mel Stottlemyre,Expansion (1961-1976),1969,1965,1964,1974,NYY,NYY,SP,360,356,1,2661.3333333333335,164,139,1257,809,171.0,33.22,4.23,2.64,0.6,2.84,117.49,7.52,19.6,72.5,61.4,46.2,66.5,40.3,F,B,B-,C,C-,50.6,Rare,True,False,5,bbref_war
terryra01,terryra01,Ralph Terry,Expansion (1961-1976),1961,1962,1956,1967,NYY,NYY,SP,338,257,11,1849.3333333333333,107,99,1000,446,216.0,14.25,4.75,2.01,1.05,3.5,106.26,7.08,28.4,90.5,54.1,43.0,17.0,1.0,D,A,C,C-,F,50.6,Rare,True,False,1,bbref_war
ellisdo01,ellisdo01,Dock Ellis,Expansion (1961-1976),1973,1970,1968,1979,PIT,PIT,SP,345,317,1,2127.6666666666665,138,119,1136,674,140.0,14.66,4.84,2.72,0.54,3.16,118.13,6.78,30.1,70.2,61.8,40.8,73.5,1.0,D,B,B-,C-,F,50.4,Rare,True,False,1,bbref_war
bonhabi01,bonhabi01,Bill Bonham,Expansion (1961-1976),1976,1973,1971,1980,CHC,CHC,SP,300,214,11,1487.3333333333333,75,83,985,636,98.0,17.42,5.88,3.8,0.58,4.0,100.22,6.86,47.7,39.8,50.1,41.4,69.0,125.0,C,D+,C,C-,S,50.3,Rare,False,False,0,bbref_war
carrocl02,carrocl02,Clay Carroll,Expansion (1961-1976),1971,1966,1964,1978,CIN,CIN,RP,731,28,143,1353.3333333333333,96,73,681,442,67.0,16.28,4.55,2.56,0.42,2.52,139.52,81.75,25.1,74.8,75.7,5.2,86.3,23.9,D,B,B+,F,D-,50.2,Rare,True,False,2,bbref_war
gladdfr01,gladdfr01,Fred Gladding,Expansion (1961-1976),1966,1967,1961,1973,DET,DET,RP,450,1,109,601.0,48,34,394,223,38.0,8.24,6.11,3.29,0.58,2.64,141.58,77.0,51.6,54.2,77.0,2.0,68.5,15.1,C,C,B+,F,F,50.2,Rare,False,False,0,bbref_war
grantmu01,grantmu01,Mudcat Grant,Expansion (1961-1976),1965,1970,1958,1971,CLE,CLE,SP,571,293,53,2441.6666666666665,145,119,1267,849,292.0,17.27,4.79,2.91,0.95,3.31,119.23,9.86,29.1,65.0,62.5,63.1,28.8,1.0,D,B,B-,B-,F,50.1,Rare,True,False,2,bbref_war
hardiji01,hardiji01,Jim Hardin,Expansion (1961-1976),1970,1967,1967,1972,BAL,BAL,SP,164,100,4,751.6666666666666,43,32,408,202,70.0,5.13,4.89,2.42,0.84,3.18,102.68,8.27,30.8,78.8,51.7,51.6,40.6,1.0,D,B+,C,C,F,50.1,Rare,False,False,0,bbref_war
perraro01,perraro01,Ron Perranoski,Expansion (1961-1976),1965,1969,1961,1973,LAD,LAD,RP,737,1,179,1174.6666666666667,79,74,687,468,50.0,21.68,5.17,3.48,0.35,2.32,153.39,91.67,35.6,48.8,84.7,3.8,94.4,49.8,D+,C,A-,F,C,50.1,Rare,False,False,0,bbref_war
dragodi01,dragodi01,Dick Drago,Expansion (1961-1976),1972,1971,1969,1981,BOS,BOS,RP,519,189,58,1875.0,108,117,987,558,157.0,18.52,4.72,2.49,0.73,3.49,109.38,19.19,28.1,76.8,56.1,29.5,52.1,51.5,D,B+,C+,D,C,49.9,Rare,False,False,0,bbref_war
jayjo01,jayjo01,Joey Jay,Expansion (1961-1976),1961,1962,1953,1966,ATL,ATL,SP,310,203,7,1546.3333333333333,99,91,999,607,153.0,15.91,5.86,3.26,0.88,3.47,98.57,8.47,47.4,55.1,49.1,53.0,36.4,44.0,C,C+,C,C,C-,49.9,Rare,True,False,2,bbref_war
upshace01,upshace01,Cecil Upshaw,Expansion (1961-1976),1971,1971,1966,1975,ATL,ATL,RP,348,0,86,563.0,34,36,323,177,37.0,7.49,5.16,2.73,0.59,3.01,117.97,,35.5,70.1,61.7,3.9,67.8,80.4,D+,B,B-,F,A-,49.8,Rare,False,False,0,bbref_war
arrigge01,arrigge01,Gerry Arrigo,Expansion (1961-1976),1966,1968,1961,1970,CIN,CIN,SP,194,80,4,620.0,35,40,433,291,56.0,4.11,6.17,4.01,0.8,3.61,93.14,10.28,52.6,33.8,45.5,66.2,45.3,88.3,C,D,C,B,A,49.6,Rare,False,False,0,bbref_war
cardwdo01,cardwdo01,Don Cardwell,Expansion (1961-1976),1962,1961,1957,1970,PIT,PIT,SP,410,301,7,2122.6666666666665,102,138,1211,671,225.0,15.87,4.92,2.78,0.98,3.74,102.96,7.03,31.3,68.7,51.9,42.6,25.0,78.8,D,B,C,C-,B+,49.6,Rare,False,False,0,bbref_war
clevere01,clevere01,Reggie Cleveland,Expansion (1961-1976),1976,1973,1969,1981,BOS,BOS,SP,428,203,25,1809.0,105,106,930,543,152.0,12.91,4.54,2.55,0.66,3.7,100.83,8.85,24.9,75.1,50.5,55.8,59.8,13.2,D-,B+,C,C+,F,49.6,Rare,False,False,0,bbref_war
baldwda01,baldwda01,Dave Baldwin,Expansion (1961-1976),1968,1967,1966,1973,TEX,TEX,RP,176,0,22,224.66666666666666,6,11,164,89,17.0,3.69,6.57,3.57,0.68,3.08,118.23,,59.4,46.4,61.9,1.0,57.9,90.0,C+,C,B-,F,A,49.5,Rare,False,False,0,bbref_war
owensji01,owensji01,Jim Owens,Expansion (1961-1976),1961,1959,1955,1967,PHI,PHI,RP,286,103,21,885.3333333333334,42,68,516,340,84.0,8.22,5.33,3.11,0.74,3.84,106.58,7.64,38.5,59.2,54.3,17.7,51.9,125.0,D+,C+,C,F,S,49.5,Rare,False,False,0,bbref_war
dukesto01,dukesto01,Tom Dukes,Expansion (1961-1976),1970,1972,1967,1972,SDP,SDP,RP,161,0,21,217.0,5,16,169,82,19.0,-1.1,7.01,3.4,0.79,4.35,94.06,,66.9,51.1,46.1,1.5,46.1,116.0,B,C,C,F,S,49.4,Rare,False,False,0,bbref_war
ellissa01,ellissa01,Sammy Ellis,Expansion (1961-1976),1966,1965,1962,1969,CIN,CIN,SP,229,140,18,1004.0,63,58,677,378,118.0,6.73,6.07,3.39,1.06,4.15,87.7,9.08,50.9,51.4,42.0,57.5,16.4,76.7,C,C,C-,C+,B+,49.4,Rare,True,False,1,bbref_war
mingost01,mingost01,Steve Mingori,Expansion (1961-1976),1975,1971,1970,1979,KCR,KCR,RP,385,2,42,584.6666666666666,18,33,329,225,45.0,9.87,4.85,3.13,0.57,2.66,155.15,68.0,30.1,58.8,85.8,3.1,70.5,35.3,D,C+,A,F,D+,49.4,Rare,False,False,0,bbref_war
sanfoja02,sanfoja02,Jack Sanford,Expansion (1961-1976),1961,1957,1956,1967,SFG,SFG,SP,388,293,11,2049.3333333333335,137,101,1182,737,174.0,17.98,5.38,3.18,0.78,3.58,104.85,6.83,39.1,57.2,53.2,41.2,46.8,69.9,D+,C+,C,C-,B,49.4,Rare,True,False,1,bbref_war
stonest01,stonest01,Steve Stone,Expansion (1961-1976),1975,1980,1971,1981,CHC,CHC,SP,320,269,1,1788.3333333333333,107,93,1065,716,184.0,17.28,5.6,3.59,0.87,3.94,100.44,7.19,43.0,45.7,50.3,43.8,37.0,125.0,C-,C,C,C-,S,49.4,Rare,True,False,1,bbref_war
bennede01,bennede01,Dennis Bennett,Expansion (1961-1976),1965,1962,1962,1968,BOS,BOS,SP,182,127,6,863.0,43,47,572,281,98.0,7.73,5.97,2.93,1.02,3.69,97.72,6.78,49.2,64.4,48.5,40.8,20.4,32.0,C,B-,C,C-,D,49.3,Rare,False,False,0,bbref_war
leebi03,leebi03,Bill Lee,Expansion (1961-1976),1975,1973,1969,1982,BOS,BOS,SP,416,225,19,1944.3333333333333,119,90,713,531,176.0,21.09,3.1,2.42,0.78,3.39,120.21,11.43,1.0,78.7,63.1,74.5,47.1,1.0,F,B+,B-,B,F,49.3,Rare,True,False,1,bbref_war
linzyfr01,linzyfr01,Frank Linzy,Expansion (1961-1976),1968,1965,1963,1974,SFG,SFG,RP,516,2,111,816.6666666666666,62,57,358,282,35.0,12.95,3.76,3.11,0.33,2.55,157.7,,11.7,59.3,87.5,2.9,96.3,88.1,F,C+,A,F,A,49.3,Rare,False,False,0,bbref_war
latmaba01,latmaba01,Barry Latman,Expansion (1961-1976),1961,1958,1957,1967,CLE,CLE,RP,344,134,16,1219.0,59,68,829,489,142.0,6.18,5.73,3.61,0.95,3.61,159.94,10.08,45.2,45.0,89.0,19.4,28.1,1.0,C,C,A,F,F,49.2,Rare,True,False,1,bbref_war
medicdo01,medicdo01,Doc Medich,Expansion (1961-1976),1976,1973,1972,1982,TEX,TEX,SP,312,287,2,1996.6666666666667,124,105,955,624,151.0,18.4,4.51,2.58,0.67,3.48,105.77,7.18,24.4,74.2,53.7,43.7,59.5,32.6,D-,B,C,C-,D,49.2,Rare,False,False,0,bbref_war
colboji01,colboji01,Jim Colborn,Expansion (1961-1976),1974,1973,1969,1978,MIL,MIL,SP,301,204,7,1597.3333333333333,83,88,688,475,153.0,16.95,4.08,2.6,0.79,3.64,103.61,9.11,17.1,73.7,52.3,57.7,46.2,43.8,F,B,C,C+,C-,48.9,Rare,True,False,1,bbref_war
busbyst01,busbyst01,Steve Busby,Expansion (1961-1976),1975,1974,1972,1980,KCR,KCR,SP,167,150,0,1060.6666666666667,70,54,659,433,73.0,16.63,5.62,3.62,0.61,3.64,113.18,7.17,43.3,44.9,58.6,43.7,65.2,46.6,C-,C-,C+,C-,C,48.8,Rare,True,False,2,bbref_war
lemanda01,lemanda01,Dave Lemanczyk,Expansion (1961-1976),1976,1979,1973,1980,TOR,TOR,SP,185,103,0,913.0,37,63,429,363,87.0,5.23,4.25,3.45,0.82,4.34,85.62,13.01,20.1,49.5,40.6,85.9,42.3,125.0,D-,C,C-,A,S,48.8,Rare,True,False,1,bbref_war
mccoobi01,mccoobi01,Billy McCool,Expansion (1961-1976),1967,1966,1964,1970,CIN,CIN,RP,292,20,58,528.3333333333334,32,42,471,272,31.0,5.5,8.02,4.63,0.53,3.59,103.24,25.99,84.2,16.2,52.1,4.8,74.7,125.0,A-,F,C,F,S,48.8,Rare,True,False,1,bbref_war
stonebi01,stonebi01,Bill Stoneman,Expansion (1961-1976),1970,1971,1967,1974,WSH,WSH,SP,245,169,5,1236.3333333333333,54,85,934,602,120.0,8.54,7.0,4.32,0.85,3.85,89.42,10.87,66.7,25.1,43.1,70.4,39.0,50.5,B,D,C-,B,C,48.8,Rare,True,False,1,bbref_war
reganph01,reganph01,Phil Regan,Expansion (1961-1976),1967,1966,1960,1972,DET,DET,RP,551,105,92,1372.6666666666667,96,81,743,447,150.0,13.63,4.98,2.74,0.85,3.25,118.31,29.97,32.4,69.7,61.9,8.5,39.7,87.5,D,B,B-,F,A,48.6,Rare,True,False,1,bbref_war
fisheja01,fisheja01,Jack Fisher,Expansion (1961-1976),1964,1966,1959,1969,NYM,NYM,SP,400,265,9,1975.6666666666667,86,139,1017,605,193.0,10.63,4.63,2.73,0.8,3.68,102.06,8.22,26.5,70.0,51.3,51.3,44.9,31.7,D,B,C,C,D,48.5,Rare,False,False,0,bbref_war
barbest01,barbest01,Steve Barber,Expansion (1961-1976),1963,1963,1960,1974,BAL,BAL,SP,466,272,13,1999.0,121,106,1309,950,125.0,18.37,5.67,4.02,0.51,2.96,121.33,9.45,44.2,33.4,63.9,60.1,76.9,1.0,C-,D,B-,B-,F,48.3,Rare,True,False,2,bbref_war
baldsja01,baldsja01,Jack Baldschun,Expansion (1961-1976),1964,1962,1961,1970,PHI,PHI,RP,457,0,60,704.0,48,41,555,298,45.0,6.0,6.98,3.89,0.53,3.42,106.28,,66.4,37.3,54.1,3.3,74.7,90.7,B,D+,C,F,A,48.2,Rare,False,False,0,bbref_war
buzhajo01,buzhajo01,John Buzhardt,Expansion (1961-1976),1962,1963,1958,1968,CHW,CHW,SP,326,200,7,1490.6666666666667,71,96,678,457,130.0,13.35,4.29,2.74,0.79,3.53,123.8,7.48,20.6,69.7,65.5,45.9,45.5,1.0,D-,B,B,C,F,48.2,Rare,False,False,0,bbref_war
mcbeaal01,mcbeaal01,Al McBean,Expansion (1961-1976),1964,1964,1961,1970,PIT,PIT,RP,409,76,63,1072.3333333333333,67,50,575,365,63.0,15.18,4.96,3.03,0.49,2.9,131.73,38.31,32.1,61.5,70.6,9.3,78.9,36.2,D,B-,B,F,D+,48.2,Rare,False,False,0,bbref_war
splitpa01,splitpa01,Paul Splittorff,Expansion (1961-1976),1975,1973,1970,1984,KCR,KCR,SP,429,392,1,2554.6666666666665,166,143,1057,780,192.0,18.38,4.05,2.72,0.54,3.44,111.85,6.54,16.5,70.4,57.7,39.1,73.2,50.3,F,B,C+,D+,C,48.2,Rare,False,False,0,bbref_war
lagrole01,lagrole01,Lerrin LaGrow,Expansion (1961-1976),1975,1977,1970,1980,DET,DET,RP,309,67,54,779.0,34,55,375,312,74.0,6.27,4.27,3.38,0.85,3.91,144.86,10.71,20.3,51.8,79.2,13.8,39.2,125.0,D-,C,B+,F,S,48.1,Rare,False,False,0,bbref_war
normafr01,normafr01,Fred Norman,Expansion (1961-1976),1974,1977,1962,1980,CIN,CIN,SP,403,268,8,1939.6666666666667,104,103,1303,815,188.0,17.21,6.13,3.59,0.79,3.41,99.91,7.03,52.0,45.7,49.9,42.6,45.9,49.0,C,C,C,C-,C,48.0,Rare,False,False,0,bbref_war
blassst01,blassst01,Steve Blass,Expansion (1961-1976),1970,1972,1964,1974,PIT,PIT,SP,282,231,2,1597.3333333333333,103,76,896,597,128.0,12.5,4.99,2.92,0.65,3.02,103.47,7.13,32.6,64.7,52.3,43.4,61.9,16.4,D,B-,C,C-,F,47.8,Rare,True,False,1,bbref_war
curtijo01,curtijo01,John Curtis,Expansion (1961-1976),1975,1973,1970,1984,BOS,BOS,SP,438,199,11,1641.0,89,97,825,669,140.0,8.46,4.48,3.47,0.72,3.69,99.05,10.46,23.9,49.1,49.4,67.5,53.8,88.6,D-,C,C,B,A,47.8,Uncommon,False,False,0,bbref_war
wilsoea01,wilsoea01,Earl Wilson,Expansion (1961-1976),1966,1966,1959,1970,BOS,BOS,SP,338,310,0,2051.6666666666665,121,109,1452,796,236.0,19.3,6.34,3.34,0.97,3.43,105.19,6.64,55.5,52.9,53.4,39.8,25.7,1.0,C+,C,C,D+,F,47.8,Uncommon,False,False,0,bbref_war
fosteal01,fosteal01,Alan Foster,Expansion (1961-1976),1973,1973,1967,1976,LAD,LAD,SP,217,148,0,1025.3333333333333,48,63,501,383,99.0,6.99,4.4,3.38,0.8,3.48,122.99,7.59,22.6,51.7,64.9,46.7,45.1,73.4,D-,C,B-,C,B,47.7,Uncommon,False,False,0,bbref_war
knowlda01,knowlda01,Darold Knowles,Expansion (1961-1976),1969,1970,1965,1980,TEX,TEX,RP,765,8,143,1092.0,66,74,681,480,65.0,14.48,6.19,4.01,0.41,2.34,151.18,113.33,53.0,33.7,83.3,2.5,88.0,9.4,C,D,A-,F,F,47.7,Rare,True,False,1,bbref_war
rookeji01,rookeji01,Jim Rooker,Expansion (1961-1976),1974,1974,1968,1980,PIT,PIT,SP,319,255,7,1810.3333333333333,103,109,976,703,128.0,17.79,4.96,3.37,0.64,3.16,114.64,7.48,32.1,52.0,59.5,45.9,62.5,33.7,D,C,C+,C,D,47.6,Uncommon,False,False,0,bbref_war
brownja01,brownja01,Jackie Brown,Expansion (1961-1976),1974,1974,1970,1977,TEX,TEX,SP,214,105,3,892.6666666666666,47,53,516,353,82.0,3.01,5.2,3.56,0.83,4.18,85.1,10.75,36.2,46.6,40.3,69.5,41.9,85.0,D+,C,C-,B,A,47.5,Uncommon,False,False,0,bbref_war
leebo01,leebo01,Bob Lee,Expansion (1961-1976),1966,1964,1964,1968,CIN,CIN,RP,269,7,63,492.6666666666667,25,23,315,196,31.0,8.7,5.75,3.58,0.57,2.7,130.38,50.02,45.6,46.0,69.7,5.0,70.5,57.3,C,C,B,F,C+,47.5,Rare,True,False,1,bbref_war
fisheed02,fisheed02,Eddie Fisher,Expansion (1961-1976),1966,1962,1959,1973,CHW,CHW,RP,690,63,81,1538.6666666666667,85,70,812,438,149.0,11.21,4.97,2.66,0.83,3.04,133.94,37.98,32.3,72.0,72.1,8.0,41.8,1.0,D,B,B,F,F,47.4,Uncommon,True,False,1,bbref_war
fitzmal01,fitzmal01,Al Fitzmorris,Expansion (1961-1976),1974,1974,1969,1978,KCR,KCR,SP,288,159,7,1277.0,77,59,458,433,83.0,16.0,3.05,3.03,0.52,3.41,115.45,9.95,1.0,61.4,60.0,63.8,75.3,70.2,F,B-,B-,B-,B,47.4,Uncommon,False,False,0,bbref_war
jacksgr01,jacksgr01,Grant Jackson,Expansion (1961-1976),1976,1969,1965,1982,BAL,BAL,RP,692,83,79,1358.6666666666667,86,75,889,511,109.0,12.73,5.55,3.18,0.61,2.92,135.31,23.11,42.2,57.4,73.0,6.0,65.7,1.0,C-,C+,B,F,F,47.4,Uncommon,True,False,1,bbref_war
campbbi02,campbbi02,Bill Campbell,Expansion (1961-1976),1976,1977,1973,1987,BOS,BOS,RP,700,9,126,1229.3333333333333,83,68,864,495,82.0,13.23,6.34,3.65,0.66,3.25,121.7,21.56,55.5,44.1,64.1,5.8,60.7,49.7,C+,C-,B-,F,C,47.3,Uncommon,True,False,1,bbref_war
odonojo01,o'donjo02,John O'Donoghue,Expansion (1961-1976),1966,1967,1963,1971,NLB,NLB,RP,257,96,10,751.0,39,55,377,260,78.0,5.51,4.57,3.07,0.92,3.94,119.49,6.67,25.5,60.5,62.7,15.6,31.4,121.7,D,B-,B-,F,S,47.2,Uncommon,True,False,1,bbref_war
walkelu01,walkelu01,Luke Walker,Expansion (1961-1976),1970,1970,1965,1974,PIT,PIT,SP,243,100,9,824.6666666666666,45,47,558,408,43.0,5.89,6.2,4.25,0.44,3.46,91.6,11.99,53.1,27.1,44.5,78.5,84.2,1.0,C,D,C-,B+,F,47.2,Uncommon,False,False,0,bbref_war
woodeha01,woodeha01,Hal Woodeshick,Expansion (1961-1976),1963,1963,1956,1967,HOU,HOU,RP,427,62,61,847.3333333333334,44,62,484,389,40.0,12.57,5.24,3.72,0.38,3.23,129.97,7.18,36.8,42.2,69.5,6.3,90.7,92.7,D+,C-,B,F,A,47.2,Uncommon,True,False,1,bbref_war
tayloro01,tayloro01,Ron Taylor,Expansion (1961-1976),1969,1963,1962,1972,NYM,NYM,RP,491,17,72,800.0,45,43,464,209,76.0,8.27,5.19,2.2,0.7,3.08,106.01,14.81,36.0,85.0,53.9,2.8,55.5,3.3,D+,A,C,F,F,47.1,Uncommon,False,False,0,bbref_war
humphbo01,humphbo01,Bob Humphreys,Expansion (1961-1976),1966,1966,1962,1970,TEX,TEX,RP,319,4,20,566.0,27,21,364,219,55.0,5.66,6.04,3.42,0.76,3.12,120.87,82.0,50.5,50.5,63.6,4.2,49.1,55.0,C,C,B-,F,C+,47.0,Uncommon,False,False,0,bbref_war
dalcabr01,dalcabr01,Bruce Dal Canton,Expansion (1961-1976),1971,1974,1967,1977,KCR,KCR,RP,316,83,19,931.3333333333334,51,49,485,391,48.0,8.22,4.74,3.63,0.42,3.26,120.65,21.6,28.3,44.6,63.4,14.7,87.1,125.0,D,C-,B-,F,S,46.9,Uncommon,False,False,0,bbref_war
reedho01,reedho01,Howie Reed,Expansion (1961-1976),1966,1970,1958,1971,WSH,WSH,RP,229,35,9,515.3333333333334,26,29,268,208,41.0,5.04,4.76,3.59,0.6,3.49,147.97,26.96,28.8,45.8,81.2,9.4,67.0,64.7,D,C,A-,F,B-,46.9,Uncommon,False,False,0,bbref_war
santijo02,santijo02,Jose Santiago,Expansion (1961-1976),1966,1968,1963,1970,BOS,BOS,RP,163,65,8,556.0,34,29,404,200,56.0,4.63,6.54,3.17,0.93,3.6,89.93,9.18,59.0,57.5,43.5,17.2,31.0,54.7,C+,C+,C-,F,C,46.9,Uncommon,True,False,1,bbref_war
worthal01,worthal01,Al Worthington,Expansion (1961-1976),1965,1966,1953,1969,MIN,MIN,RP,602,69,110,1246.6666666666667,75,82,834,527,105.0,13.24,6.53,3.61,0.73,3.18,127.68,10.02,58.8,45.1,68.0,6.3,52.8,7.6,C+,C,B,F,F,46.9,Uncommon,False,False,0,bbref_war
leonma01,leonma01,Max Leon,Expansion (1961-1976),1976,1977,1973,1978,ATL,ATL,RP,162,13,13,310.3333333333333,14,18,170,100,28.0,3.6,4.93,2.9,0.81,3.71,105.29,39.64,31.6,65.2,53.4,5.6,43.5,125.0,D,B,C,F,S,46.8,Uncommon,False,False,0,bbref_war
brunege01,brunege01,George Brunet,Expansion (1961-1976),1966,1965,1956,1971,LAA,LAA,SP,324,213,4,1431.6666666666667,69,93,921,581,133.0,12.37,5.88,3.46,0.69,3.26,102.46,6.45,47.8,49.5,51.6,38.4,56.9,16.9,C,C,C,D+,F,46.7,Uncommon,False,False,0,bbref_war
brettke01,brettke01,Ken Brett,Expansion (1961-1976),1975,1976,1967,1981,BOS,BOS,SP,349,184,11,1526.3333333333333,83,85,807,562,127.0,14.99,4.78,3.12,0.69,3.64,79.98,7.88,29.1,58.9,37.0,48.8,56.4,105.0,D,C+,D+,C,S,46.6,Uncommon,True,False,1,bbref_war
schwado01,schwado01,Don Schwall,Expansion (1961-1976),1964,1961,1961,1967,PIT,PIT,SP,172,103,4,743.0,49,48,408,391,50.0,4.74,4.94,4.74,0.61,3.72,91.36,18.27,31.8,13.3,44.4,124.0,66.2,42.6,D,F,C-,S,C-,46.4,Uncommon,True,False,1,bbref_war
sheldro01,sheldro01,Rollie Sheldon,Expansion (1961-1976),1964,1965,1961,1966,NYY,NYY,SP,160,101,2,724.6666666666666,38,36,371,207,87.0,2.82,4.61,2.57,1.08,4.09,107.67,7.35,26.1,74.5,55.0,45.0,13.9,1.9,D,B,C+,C,F,46.4,Uncommon,False,False,0,bbref_war
friseda01,friseda01,Danny Frisella,Expansion (1961-1976),1971,1971,1967,1976,NYM,NYM,RP,351,17,57,609.3333333333334,34,40,471,286,53.0,6.84,7.06,4.16,0.74,3.01,111.39,36.2,67.7,29.7,57.4,5.2,51.0,85.8,B,D,C+,F,A,46.3,Uncommon,False,False,0,bbref_war
sandeke01,sandeke01,Ken Sanders,Expansion (1961-1976),1971,1970,1964,1976,MIL,MIL,RP,409,1,86,656.6666666666666,29,45,360,258,49.0,11.94,4.98,3.56,0.56,2.8,137.21,112.67,32.4,46.5,74.2,3.7,71.5,73.3,D,C,B,F,B,46.1,Uncommon,False,False,0,bbref_war
akerja01,akerja01,Jack Aker,Expansion (1961-1976),1970,1966,1964,1974,NYY,NYY,RP,495,0,123,746.0,47,45,404,274,64.0,11.2,4.65,3.11,0.64,2.78,129.49,,26.8,59.2,69.2,2.8,62.8,71.8,D,C+,B,F,B,46.0,Uncommon,False,False,0,bbref_war
boozejo01,boozejo01,John Boozer,Expansion (1961-1976),1966,1963,1962,1969,PHI,PHI,RP,171,22,15,394.3333333333333,14,16,282,139,42.0,0.12,6.44,3.17,0.96,4.09,79.39,16.96,57.2,57.5,36.6,8.4,27.3,111.7,C+,C+,D+,F,S,46.0,Uncommon,False,False,0,bbref_war
paulmi01,paulmi01,Mike Paul,Expansion (1961-1976),1971,1972,1968,1974,CLE,CLE,RP,228,77,8,627.6666666666666,27,48,452,246,60.0,4.25,6.48,3.53,0.86,3.91,82.83,8.6,57.9,47.5,38.8,11.7,38.2,125.0,C+,C,D+,F,S,46.0,Uncommon,False,False,0,bbref_war
rojasmi01,rojasmi01,Minnie Rojas,Expansion (1961-1976),1967,1966,1966,1968,LAA,LAA,RP,157,2,43,261.0,23,16,153,68,27.0,1.65,5.28,2.34,0.93,3.0,102.88,42.17,37.5,80.9,51.9,3.8,30.4,26.7,D+,A-,C,F,D,46.0,Uncommon,False,False,0,bbref_war
stigmdi01,stigmdi01,Dick Stigman,Expansion (1961-1976),1963,1963,1960,1966,MIN,MIN,SP,235,119,16,922.6666666666666,46,54,755,406,133.0,5.11,7.36,3.96,1.3,4.03,90.61,8.34,73.0,35.3,43.9,52.1,1.0,1.0,B,D+,C-,C,F,46.0,Uncommon,True,False,2,bbref_war
mcgloji01,mcgloji01,Jim McGlothlin,Expansion (1961-1976),1968,1970,1965,1973,LAA,LAA,SP,256,201,3,1300.3333333333333,67,77,709,418,125.0,8.95,5.1,2.79,0.8,3.39,98.0,6.28,34.4,68.3,48.7,37.2,45.2,4.6,D,B,C,D+,F,45.9,Uncommon,True,False,1,bbref_war
seguidi01,seguidi01,Diego Segui,Expansion (1961-1976),1968,1970,1962,1977,NLB,NLB,RP,639,171,71,1807.6666666666667,92,111,1298,786,185.0,13.45,6.51,3.89,0.9,3.48,113.36,9.75,58.5,37.3,58.7,12.5,33.6,74.6,C+,D+,C+,F,B,45.9,Uncommon,False,False,0,bbref_war
lindbpa01,lindbpa01,Paul Lindblad,Expansion (1961-1976),1972,1972,1965,1978,OAK,OAK,RP,655,32,64,1213.6666666666667,68,63,671,384,112.0,10.73,4.52,2.73,0.58,2.65,125.48,53.33,24.7,70.1,66.6,3.5,69.5,28.6,D-,B,B,F,D,45.8,Uncommon,False,False,0,bbref_war
rayji01,rayji01,Jim Ray,Expansion (1961-1976),1969,1970,1965,1974,HOU,HOU,RP,308,20,25,617.6666666666666,43,30,407,271,52.0,8.27,6.52,3.71,0.73,3.34,88.12,40.64,58.6,42.3,42.3,7.4,52.9,125.0,C+,C-,C-,F,S,45.8,Uncommon,False,False,0,bbref_war
foucast01,foucast01,Steve Foucault,Expansion (1961-1976),1976,1974,1973,1978,TEX,TEX,RP,277,0,52,496.6666666666667,35,36,307,190,41.0,5.42,5.56,3.44,0.74,3.21,118.58,,42.3,49.9,62.1,4.7,51.1,76.9,C-,C,B-,F,B+,45.7,Uncommon,False,False,0,bbref_war
mahafar01,mahafar01,Art Mahaffey,Expansion (1961-1976),1963,1960,1960,1966,PHI,PHI,SP,185,148,1,999.0,59,64,639,368,125.0,7.73,5.76,3.32,1.13,4.17,90.72,6.96,45.6,53.5,44.0,42.1,8.9,62.6,C,C,C-,C-,B-,45.7,Uncommon,True,False,3,bbref_war
klinest01,klinest01,Steve Kline,Expansion (1961-1976),1972,1972,1970,1977,NYY,NYY,SP,129,105,1,750.3333333333334,43,45,240,184,61.0,7.16,2.88,2.21,0.73,3.26,97.69,6.73,1.0,84.8,48.5,40.4,52.3,67.6,F,A-,C,C-,B,45.6,Uncommon,False,False,0,bbref_war
kooncca01,kooncca01,Cal Koonce,Expansion (1961-1976),1966,1962,1962,1971,CHC,CHC,RP,334,90,24,971.3333333333334,47,49,504,368,85.0,11.12,4.56,3.21,0.74,3.53,118.63,18.27,25.4,56.6,62.1,13.9,51.8,95.1,D,C+,B-,F,A+,45.5,Uncommon,False,False,0,bbref_war
earlear01,earlear01,Arnold Earley,Expansion (1961-1976),1964,1964,1960,1967,BOS,BOS,RP,223,10,14,381.3333333333333,12,20,310,184,35.0,-1.38,7.22,3.97,0.78,4.2,83.38,22.85,70.5,35.0,39.2,4.0,47.4,125.0,B,D+,D+,F,S,45.4,Uncommon,False,False,0,bbref_war
kirbycl01,kirbycl01,Clay Kirby,Expansion (1961-1976),1972,1972,1969,1976,SDP,SDP,SP,261,239,0,1548.0,75,104,1061,713,156.0,10.33,6.19,3.98,0.89,3.74,94.01,6.5,52.9,34.7,46.1,38.8,34.4,87.1,C,D,C,D+,A,45.3,Uncommon,False,False,0,bbref_war
hilgeto01,hilgeto01,Tom Hilgendorf,Expansion (1961-1976),1972,1973,1969,1975,CLE,CLE,RP,184,6,14,313.6666666666667,19,14,173,127,25.0,3.99,4.96,3.64,0.72,3.04,145.6,52.03,32.2,44.2,79.6,4.1,53.9,55.8,D,C-,B+,F,C+,45.1,Uncommon,False,False,0,bbref_war
foxte01,foxte01,Terry Fox,Expansion (1961-1976),1963,1962,1960,1966,DET,DET,RP,248,0,59,397.0,29,19,185,124,34.0,7.95,4.19,2.81,0.77,2.99,146.62,,19.1,67.7,80.3,3.3,48.0,6.3,F,B,A-,F,F,45.0,Uncommon,False,False,0,bbref_war
apodabo01,apodabo01,Bob Apodaca,Expansion (1961-1976),1975,1975,1973,1977,NYM,NYM,RP,184,11,26,361.3333333333333,16,25,197,131,22.0,5.5,4.91,3.26,0.55,2.86,115.79,21.38,31.2,55.0,60.3,5.9,72.5,74.9,D,C+,B-,F,B,44.9,Uncommon,False,False,0,bbref_war
rakowed01,rakowed01,Ed Rakow,Expansion (1961-1976),1963,1963,1960,1967,NLB,NLB,SP,195,90,5,761.3333333333334,36,47,484,304,88.0,2.55,5.72,3.59,1.04,4.33,80.51,10.1,45.0,45.6,37.3,64.8,18.4,45.4,C,C,D+,B-,C,44.9,Uncommon,False,False,0,bbref_war
houseto01,houseto01,Tom House,Expansion (1961-1976),1974,1974,1971,1978,ATL,ATL,RP,289,21,33,536.0,29,23,261,182,49.0,5.39,4.97,3.15,0.84,3.56,117.74,14.74,32.3,58.2,61.5,3.7,40.9,84.7,D,C+,B-,F,A-,44.8,Uncommon,False,False,0,bbref_war
kelledi01,kelledi01,Dick Kelley,Expansion (1961-1976),1967,1969,1964,1971,ATL,ATL,RP,188,61,5,519.6666666666666,18,30,369,215,39.0,4.28,6.39,3.72,0.68,3.39,92.98,17.14,56.4,41.9,45.4,11.7,58.5,82.4,C+,C-,C,F,A-,44.7,Uncommon,False,False,0,bbref_war
mortoca01,mortoca01,Carl Morton,Expansion (1961-1976),1973,1975,1969,1976,WSH,WSH,SP,255,242,1,1648.6666666666667,87,92,650,565,120.0,19.52,3.55,3.02,0.61,3.57,102.95,6.72,8.1,61.7,51.9,40.4,65.2,98.0,F,B-,C,C-,A+,44.6,Uncommon,False,False,0,bbref_war
willeca01,willeca01,Carl Willey,Expansion (1961-1976),1961,1963,1958,1965,ATL,ATL,SP,199,117,1,875.6666666666666,38,58,493,326,105.0,8.55,5.08,3.43,1.08,3.61,98.33,7.88,34.2,50.2,48.9,48.8,14.3,65.7,D,C,C,C,B,44.6,Uncommon,False,False,0,bbref_war
klinero01,klinero01,Ron Kline,Expansion (1961-1976),1963,1956,1952,1970,PIT,PIT,RP,736,203,108,2078.0,114,144,989,731,218.0,17.73,4.14,2.99,0.71,3.12,131.61,28.76,18.1,62.8,70.5,12.1,54.6,42.8,F,B-,B,F,C-,44.5,Uncommon,False,False,0,bbref_war
brogler01,brogler01,Ernie Broglio,Expansion (1961-1976),1962,1960,1959,1966,STL,STL,SP,259,184,2,1337.3333333333333,77,74,849,587,143.0,19.51,5.78,3.78,0.95,3.62,109.55,7.13,46.1,40.2,56.2,43.3,28.1,14.3,C,C-,C+,C-,F,44.2,Uncommon,False,False,0,bbref_war
lopezma01,lopezma01,Marcelino Lopez,Expansion (1961-1976),1967,1965,1963,1972,LAA,LAA,SP,171,93,2,653.0,31,40,426,317,44.0,4.17,5.9,3.95,0.6,3.51,94.37,8.78,48.1,35.5,46.3,55.3,66.9,1.0,C,D+,C,C+,F,44.2,Uncommon,False,False,0,bbref_war
borbope01,borbope01,Pedro Borbon,Expansion (1961-1976),1975,1973,1969,1980,CIN,CIN,RP,593,4,80,1026.6666666666667,69,39,409,251,63.0,7.07,3.62,2.09,0.49,3.14,115.85,91.0,9.3,88.2,60.3,4.4,79.0,1.0,F,A,B-,F,F,44.1,Uncommon,False,False,0,bbref_war
bryanro01,bryanro01,Ron Bryant,Expansion (1961-1976),1971,1973,1967,1975,SFG,SFG,SP,205,132,1,917.0,57,56,509,379,80.0,5.97,4.94,3.54,0.79,3.77,84.68,7.59,31.8,47.1,40.0,46.7,46.4,100.9,D,C,C-,C,S,44.1,Uncommon,False,False,0,bbref_war
leedo01,leedo01,Don Lee,Expansion (1961-1976),1961,1962,1957,1966,LAA,LAA,RP,244,97,11,828.3333333333334,40,44,467,281,81.0,8.33,5.1,3.01,0.85,3.5,99.5,8.5,34.5,62.2,49.7,19.3,38.9,52.6,D,B-,C,F,C,44.1,Uncommon,False,False,0,bbref_war
caprabu01,caprabu01,Buzz Capra,Expansion (1961-1976),1974,1974,1971,1977,ATL,ATL,SP,142,61,5,544.3333333333334,31,37,362,258,60.0,7.21,5.99,4.27,0.99,3.87,85.24,8.03,49.5,26.6,40.4,49.8,23.7,125.0,C,D,C-,C,S,44.0,Uncommon,True,False,1,bbref_war
romovi01,romovi01,Vicente Romo,Expansion (1961-1976),1971,1968,1968,1982,SDP,SDP,RP,335,32,52,645.6666666666666,32,33,416,280,61.0,10.16,6.11,3.81,0.86,3.21,107.57,39.51,51.6,39.6,54.9,6.5,38.0,92.5,C,D+,C,F,A,44.0,Uncommon,False,False,0,bbref_war
womacdo01,womacdo01,Dooley Womack,Expansion (1961-1976),1968,1967,1966,1970,NYY,NYY,RP,193,1,24,302.3333333333333,19,18,177,111,21.0,4.84,5.27,3.3,0.63,2.95,99.2,75.0,37.3,53.8,49.5,3.1,64.0,98.8,D+,C,C,F,A+,43.8,Uncommon,False,False,0,bbref_war
belinbo01,belinbo01,Bo Belinsky,Expansion (1961-1976),1966,1962,1962,1970,LAA,LAA,SP,146,102,2,665.3333333333334,28,51,476,333,61.0,2.29,6.36,4.56,0.75,3.88,95.3,7.94,55.9,18.4,46.9,49.2,50.4,68.7,C+,F,C,C,B,43.6,Uncommon,False,False,0,bbref_war
hendlbo01,hendlbo01,Bob Hendley,Expansion (1961-1976),1964,1962,1961,1967,ATL,ATL,SP,216,126,12,879.3333333333334,48,52,522,329,99.0,2.63,5.34,3.37,1.01,3.97,86.93,7.83,38.6,52.0,41.5,48.4,21.3,44.1,D+,C,C-,C,C-,43.6,Uncommon,False,False,0,bbref_war
lambra01,lambra01,Ray Lamb,Expansion (1961-1976),1971,1971,1969,1973,CLE,CLE,RP,154,31,4,424.0,20,23,258,174,29.0,4.65,5.48,3.69,0.62,3.54,119.1,35.17,40.9,42.8,62.4,11.7,65.1,35.9,C-,C-,B-,F,D+,43.3,Uncommon,False,False,0,bbref_war
hamilda01,hamilda01,Dave Hamilton,Expansion (1961-1976),1975,1975,1972,1980,OAK,OAK,RP,301,57,31,704.0,39,41,434,317,61.0,7.68,5.51,3.85,0.68,3.45,103.67,23.88,41.5,38.4,52.4,10.0,57.8,111.8,C-,D+,C,F,S,43.1,Uncommon,False,False,0,bbref_war
bunkewa01,bunkewa01,Wally Bunker,Expansion (1961-1976),1968,1969,1963,1971,BAL,BAL,SP,206,152,5,1085.3333333333333,60,52,569,334,113.0,8.66,4.52,2.69,0.95,3.32,93.91,6.59,24.6,71.3,46.0,39.5,28.5,1.0,D-,B,C,D+,F,42.9,Uncommon,False,False,0,bbref_war
clonito01,clonito01,Tony Cloninger,Expansion (1961-1976),1965,1965,1961,1972,ATL,ATL,SP,352,247,6,1767.6666666666667,113,97,1120,798,180.0,6.6,5.82,3.89,0.83,3.76,94.73,8.16,46.7,37.4,46.6,50.8,41.6,9.9,C,D+,C,C,F,42.9,Uncommon,False,False,0,bbref_war
lerscba01,lerscba01,Barry Lersch,Expansion (1961-1976),1972,1970,1969,1974,PHI,PHI,RP,169,53,6,570.3333333333334,18,32,317,172,70.0,6.0,5.0,2.71,1.1,3.82,80.88,14.21,32.8,70.5,37.6,16.2,11.3,94.3,D,B,D+,F,A,42.9,Uncommon,False,False,0,bbref_war
walketo02,walketo02,Tom Walker,Expansion (1961-1976),1974,1972,1972,1977,WSH,WSH,RP,191,17,11,414.0,18,23,262,142,40.0,0.44,5.7,3.09,0.87,3.87,95.42,12.14,44.6,59.9,47.0,7.4,37.1,41.9,C-,C+,C,F,C-,42.9,Uncommon,False,False,0,bbref_war
grzenjo01,grzenjo01,Joe Grzenda,Expansion (1961-1976),1967,1971,1961,1972,NLB,NLB,RP,219,3,14,308.0,14,13,173,120,20.0,2.61,5.44,3.47,0.48,3.63,103.44,,40.3,49.2,52.2,1.2,79.6,63.8,C-,C,C,F,B-,42.8,Uncommon,False,False,0,bbref_war
mikkepe01,mikkepe01,Pete Mikkelsen,Expansion (1961-1976),1967,1966,1964,1972,LAD,LAD,RP,364,3,49,653.3333333333334,45,40,436,250,59.0,3.85,6.02,3.62,0.79,3.26,115.18,27.44,50.1,44.8,59.9,4.8,45.5,20.3,C,C-,C+,F,D-,42.7,Uncommon,False,False,0,bbref_war
priddbo01,priddbo01,Bob Priddy,Expansion (1961-1976),1966,1967,1962,1971,ATL,ATL,RP,249,29,18,536.0,24,38,294,198,60.0,1.69,5.1,2.93,0.97,3.7,111.98,16.81,34.4,64.3,57.8,8.9,26.1,16.2,D,B-,C+,F,F,42.6,Uncommon,False,False,0,bbref_war
blasiwa01,blasiwa01,Wade Blasingame,Expansion (1961-1976),1966,1970,1963,1972,HOU,HOU,SP,222,128,5,863.6666666666666,46,51,512,372,75.0,1.25,5.23,4.02,0.82,4.21,72.79,11.69,36.6,33.6,32.3,76.4,43.0,65.3,D+,D,D,B+,B,42.5,Uncommon,False,False,0,bbref_war
ortegph01,ortegph01,Phil Ortega,Expansion (1961-1976),1964,1967,1960,1969,LAD,LAD,SP,204,141,2,951.6666666666666,46,62,549,378,131.0,4.08,5.59,2.69,1.16,3.9,62.68,6.39,42.7,71.2,25.7,38.0,4.6,32.7,C-,B,D,D+,D,42.5,Uncommon,False,False,0,bbref_war
stockwe01,stockwe01,Wes Stock,Expansion (1961-1976),1962,1964,1959,1967,BAL,BAL,RP,321,3,22,517.3333333333334,27,13,365,215,60.0,7.1,6.78,3.79,0.81,3.05,108.24,71.67,63.1,40.2,55.4,3.4,43.2,1.0,B-,C-,C+,F,F,42.4,Uncommon,False,False,0,bbref_war
dulibbo01,dulibbo01,Bob Duliba,Expansion (1961-1976),1963,1962,1959,1967,STL,STL,RP,176,0,14,257.0,17,12,129,96,25.0,2.41,4.52,3.36,0.88,3.47,144.79,,24.6,52.2,79.1,2.3,36.5,22.7,D-,C,B+,F,D-,42.3,Uncommon,False,False,0,bbref_war
herbero01,herbero01,Ron Herbel,Expansion (1961-1976),1966,1964,1963,1971,SFG,SFG,RP,331,79,16,894.0,42,37,447,285,81.0,4.59,4.55,2.83,0.75,3.72,90.26,11.18,25.2,67.1,43.7,14.9,49.8,71.6,D,B,C-,F,B,42.3,Uncommon,False,False,0,bbref_war
willoji01,willoji01,Jim Willoughby,Expansion (1961-1976),1975,1972,1971,1978,SFG,SFG,RP,238,28,34,550.6666666666666,26,36,250,145,57.0,4.49,4.0,2.27,0.76,3.54,103.35,7.38,15.7,83.0,52.2,7.3,49.5,20.0,F,A-,C,F,D-,42.3,Uncommon,False,False,0,bbref_war
freisda01,freisda01,Dave Freisleben,Expansion (1961-1976),1976,1974,1974,1979,SDP,SDP,SP,202,121,4,865.3333333333334,34,60,430,430,67.0,1.15,4.47,4.47,0.7,4.3,81.96,12.88,23.8,20.8,38.3,85.0,56.2,118.6,D-,D-,D+,A,S,42.2,Uncommon,False,False,0,bbref_war
grangwa01,grangwa01,Wayne Granger,Expansion (1961-1976),1971,1970,1968,1976,CIN,CIN,RP,451,0,108,638.6666666666666,35,35,303,201,47.0,2.83,4.32,2.75,0.67,3.1,109.28,,21.3,69.4,56.0,1.9,59.6,44.9,D-,B,C+,F,C-,42.2,Uncommon,False,False,0,bbref_war
grimsro02,grimsro02,Ross Grimsley,Expansion (1961-1976),1974,1974,1971,1982,BAL,BAL,SP,345,295,3,2039.3333333333333,124,99,750,559,202.0,11.42,3.4,2.45,0.78,3.35,101.4,6.93,5.5,77.8,50.9,41.9,46.5,1.0,F,B+,C,C-,F,42.2,Uncommon,True,False,1,bbref_war
lamabja01,lamabja01,Jack Lamabe,Expansion (1961-1976),1965,1963,1962,1968,BOS,BOS,RP,285,49,15,711.6666666666666,33,41,434,238,67.0,0.44,5.49,3.01,0.85,4.24,95.84,27.4,41.1,62.1,47.3,9.8,39.6,20.9,C-,B-,C,F,D-,42.1,Uncommon,False,False,0,bbref_war
timmeto01,timmeto01,Tom Timmermann,Expansion (1961-1976),1972,1972,1969,1974,DET,DET,RP,228,44,35,548.0,35,35,315,208,42.0,5.32,5.17,3.42,0.69,3.78,99.68,28.47,35.7,50.6,49.8,9.1,56.9,73.3,D+,C,C,F,B,41.9,Uncommon,False,False,0,bbref_war
bridgma01,bridgma01,Marshall Bridges,Expansion (1961-1976),1962,1960,1959,1965,TEX,TEX,RP,206,5,25,345.3333333333333,23,15,302,191,29.0,2.78,7.87,4.98,0.76,3.75,114.85,37.83,81.6,6.5,59.7,3.9,49.7,34.5,A-,F,C+,F,D,41.7,Uncommon,False,False,0,bbref_war
carrido01,carrido01,Don Carrithers,Expansion (1961-1976),1974,1975,1970,1977,SFG,SFG,SP,165,67,3,566.0,28,32,275,267,47.0,-0.1,4.41,4.25,0.7,4.2,87.38,11.94,22.7,26.9,41.8,78.2,55.9,82.8,D-,D,C-,B+,A-,41.5,Uncommon,False,False,0,bbref_war
culvege01,culvege01,George Culver,Expansion (1961-1976),1970,1972,1966,1974,HOU,HOU,RP,335,57,23,789.0,48,49,451,352,42.0,6.27,5.21,3.96,0.51,3.48,96.14,9.61,36.4,35.1,47.5,10.4,77.1,124.2,D+,D+,C,F,S,41.4,Uncommon,False,False,0,bbref_war
krausle02,krausle02,Lew Krausse,Expansion (1961-1976),1970,1966,1961,1974,NLB,NLB,SP,321,167,21,1283.6666666666667,68,91,721,493,137.0,6.24,4.83,3.39,0.88,3.64,82.31,8.91,29.9,51.3,38.5,56.2,36.4,21.6,D,C,D+,C+,D-,41.3,Uncommon,False,False,0,bbref_war
wrighcl01,wrighcl01,Clyde Wright,Expansion (1961-1976),1971,1970,1966,1975,LAA,LAA,SP,329,235,3,1728.6666666666667,100,111,667,550,143.0,12.45,3.32,2.67,0.74,3.37,99.44,7.11,4.2,71.7,49.6,43.2,51.3,16.8,F,B,C,C-,F,41.3,Uncommon,True,False,1,bbref_war
arlinst01,arlinst01,Steve Arlin,Expansion (1961-1976),1972,1972,1969,1974,SDP,SDP,SP,141,123,1,788.6666666666666,34,67,463,373,61.0,0.37,5.28,4.26,0.7,4.33,82.63,7.0,37.6,26.9,38.7,42.4,56.2,125.0,D+,D,D+,C-,S,41.2,Uncommon,False,False,0,bbref_war
daniebe02,daniebe02,Bennie Daniels,Expansion (1961-1976),1962,1961,1957,1965,TEX,TEX,SP,230,139,5,997.0,45,76,471,383,99.0,4.33,4.08,3.44,0.9,4.16,120.2,6.87,17.1,50.0,63.1,41.4,33.3,16.1,F,C,B-,C-,F,41.2,Uncommon,False,False,0,bbref_war
moretro01,moretro01,Roger Moret,Expansion (1961-1976),1974,1973,1970,1978,BOS,BOS,SP,168,82,12,723.3333333333334,47,27,408,339,61.0,7.69,5.09,4.11,0.77,3.65,108.13,8.57,34.2,31.0,55.3,53.8,48.5,9.0,D,D,C+,C,F,41.1,Uncommon,False,False,0,bbref_war
bowsfte01,bowsfte01,Ted Bowsfield,Expansion (1961-1976),1961,1961,1958,1964,BOS,BOS,SP,215,86,6,662.3333333333334,37,39,326,259,63.0,2.72,4.43,3.52,0.86,4.35,85.75,7.87,23.1,47.7,40.7,48.7,38.6,77.1,D-,C,C-,C,B+,41.0,Uncommon,False,False,0,bbref_war
dobsoch01,dobsoch01,Chuck Dobson,Expansion (1961-1976),1969,1967,1966,1975,OAK,OAK,SP,202,190,0,1258.3333333333333,74,69,758,476,125.0,4.35,5.43,3.38,0.87,3.7,84.94,6.45,40.1,51.7,40.2,38.4,36.9,1.0,C-,C,C-,D+,F,40.7,Uncommon,False,False,0,bbref_war
ciscoga01,ciscoga01,Galen Cisco,Expansion (1961-1976),1964,1964,1961,1969,NYM,NYM,SP,192,78,2,659.0,25,56,325,281,68.0,1.01,4.44,3.84,0.93,4.56,87.99,7.86,23.2,38.7,42.2,48.6,30.6,114.6,D-,D+,C-,C,S,40.6,Uncommon,False,False,0,bbref_war
rossga01,rossga01,Gary Ross,Expansion (1961-1976),1972,1976,1968,1977,SDP,SDP,RP,283,59,7,713.6666666666666,25,47,378,288,48.0,4.6,4.57,3.66,0.49,3.51,92.49,14.35,25.4,43.6,45.1,11.4,79.5,125.0,D,C-,C,F,S,40.5,Uncommon,False,False,0,bbref_war
crawfji01,crawfji01,Jim Crawford,Expansion (1961-1976),1976,1975,1973,1978,DET,DET,RP,181,14,13,431.3333333333333,15,28,276,182,27.0,-2.32,5.76,3.8,0.56,4.4,87.0,27.73,45.7,39.9,41.6,9.0,70.8,71.3,C,D+,C-,F,B,40.3,Uncommon,False,False,0,bbref_war
hartech01,hartech01,Chuck Hartenstein,Expansion (1961-1976),1968,1967,1966,1977,CHC,CHC,RP,187,0,23,297.0,17,19,135,89,34.0,-0.43,4.09,2.7,1.03,4.52,100.12,,17.3,71.0,50.1,3.2,19.5,83.5,F,B,C,F,A-,40.2,Uncommon,False,False,0,bbref_war
sherrla01,sherrla01,Larry Sherry,Expansion (1961-1976),1962,1959,1958,1968,LAD,LAD,RP,416,16,82,799.3333333333334,53,44,606,374,78.0,8.4,6.99,4.54,0.87,3.35,113.14,50.86,66.6,18.9,58.5,6.9,37.1,26.5,B,F,C+,F,D,40.2,Uncommon,False,False,0,bbref_war
wyattjo02,wyattjo02,John Wyatt,Expansion (1961-1976),1965,1964,1961,1969,NLB,NLB,RP,435,9,103,687.3333333333334,42,44,540,346,72.0,10.78,7.09,4.5,0.96,3.46,111.66,13.89,68.3,19.9,57.6,3.1,26.7,40.0,B,F,C+,F,C-,40.2,Uncommon,True,False,1,bbref_war
greenda02,greenda02,Dallas Green,Expansion (1961-1976),1963,1962,1960,1967,PHI,PHI,RP,185,46,4,562.3333333333334,20,22,268,197,46.0,3.25,4.27,3.17,0.73,4.13,86.63,10.47,20.4,57.7,41.3,15.3,52.9,103.5,D-,C+,C-,F,S,40.0,Uncommon,False,False,0,bbref_war
zamoros01,zamoros01,Oscar Zamora,Expansion (1961-1976),1976,1974,1974,1978,CHC,CHC,RP,158,2,23,224.66666666666666,13,14,99,58,33.0,1.63,3.97,2.32,1.32,4.53,79.77,27.5,15.2,81.5,36.9,2.0,1.0,125.0,F,A-,D+,F,S,40.0,Uncommon,False,False,0,bbref_war
murphto02,murphto02,Tom Murphy,Expansion (1961-1976),1973,1974,1968,1979,LAA,LAA,RP,439,147,59,1444.0,68,101,621,493,123.0,11.11,3.83,3.04,0.73,3.37,110.86,22.36,12.8,61.3,57.1,15.2,52.3,44.7,F,B-,C+,F,C-,39.9,Uncommon,False,False,0,bbref_war
mcbrike01,mcbrike01,Ken McBride,Expansion (1961-1976),1962,1961,1959,1965,LAA,LAA,SP,151,122,3,807.6666666666666,40,50,503,363,75.0,7.36,5.61,4.04,0.84,3.79,97.96,7.09,43.1,32.9,48.7,43.1,40.9,1.0,C-,D,C,C-,F,39.7,Uncommon,True,False,3,bbref_war
champbi01,champbi01,Bill Champion,Expansion (1961-1976),1972,1974,1969,1976,PHI,PHI,SP,202,102,2,804.3333333333334,34,50,360,354,64.0,0.14,4.15,3.88,0.69,4.5,74.36,9.35,18.3,37.6,33.3,59.4,57.2,96.4,F,D+,D,C+,A+,38.9,Common,False,False,0,bbref_war
talbofr01,talbofr01,Fred Talbot,Expansion (1961-1976),1966,1965,1963,1970,NYY,NYY,SP,195,126,1,853.6666666666666,38,56,449,334,96.0,2.12,4.88,3.52,0.96,4.1,84.1,7.16,30.8,47.6,39.7,43.6,27.6,27.4,D,C,D+,C-,D,38.8,Common,False,False,0,bbref_war
corbira01,corbira01,Ray Corbin,Expansion (1961-1976),1973,1973,1971,1975,MIN,MIN,RP,181,63,17,652.3333333333334,36,38,348,261,59.0,3.13,4.8,3.6,0.81,3.84,97.51,11.62,29.4,45.4,48.4,17.8,43.3,55.8,D,C,C,F,C+,38.4,Common,False,False,0,bbref_war
morehda01,morehda01,Dave Morehead,Expansion (1961-1976),1966,1963,1963,1970,BOS,BOS,SP,177,134,1,819.3333333333334,40,64,627,463,78.0,3.84,6.81,4.98,0.81,4.09,93.73,5.94,63.5,6.5,45.9,34.7,43.4,39.3,B-,F,C,D,D+,38.3,Common,False,False,0,bbref_war
torremi01,torremi01,Mike Torrez,Expansion (1961-1976),1976,1976,1967,1984,BOS,BOS,SP,494,458,0,3044.0,185,160,1404,1371,223.0,20.38,4.19,3.86,0.63,3.59,107.91,7.0,18.9,38.0,55.1,42.4,63.7,14.7,F,D+,C+,C-,F,38.3,Common,False,False,0,bbref_war
higgide01,higgide01,Dennis Higgins,Expansion (1961-1976),1969,1966,1966,1972,CHW,CHW,RP,241,2,46,410.3333333333333,22,23,339,223,32.0,2.31,7.44,4.89,0.7,3.42,93.46,57.83,74.2,8.9,45.8,4.1,55.6,49.1,B,F,C,F,C,38.1,Common,False,False,0,bbref_war
odombl01,odombl01,Blue Moon Odom,Expansion (1961-1976),1969,1968,1964,1976,OAK,OAK,SP,295,229,1,1509.0,84,85,857,788,103.0,9.46,5.14,4.57,0.48,2.91,102.72,8.41,35.1,17.9,51.8,52.6,79.9,1.0,D+,F,C,C,F,38.1,Uncommon,True,False,2,bbref_war
tatumke01,tatumke01,Ken Tatum,Expansion (1961-1976),1972,1969,1969,1974,BOS,BOS,RP,176,2,52,282.6666666666667,16,12,156,117,24.0,5.48,4.97,3.73,0.76,2.93,117.3,37.17,32.2,41.9,61.2,3.4,48.7,25.5,D,C-,B-,F,D,38.0,Common,False,False,0,bbref_war
brobepe01,brobepe01,Pete Broberg,Expansion (1961-1976),1975,1975,1971,1978,TEX,TEX,SP,206,134,1,963.0,41,71,536,478,86.0,0.93,5.02,4.48,0.76,4.45,81.06,6.93,33.1,20.5,37.7,41.9,49.1,125.0,D,D-,D+,C-,S,37.8,Common,False,False,0,bbref_war
mooreba02,mooreba02,Balor Moore,Expansion (1961-1976),1974,1972,1970,1980,WSH,WSH,SP,180,98,1,718.3333333333334,28,48,496,365,80.0,0.29,6.53,4.6,1.02,4.45,87.45,6.88,58.7,17.2,41.8,41.6,20.7,21.9,C+,F,C-,C-,D-,37.8,Common,False,False,0,bbref_war
coxca01,coxca01,Casey Cox,Expansion (1961-1976),1969,1969,1966,1973,TEX,TEX,RP,308,59,20,762.0,39,42,297,234,66.0,1.17,3.49,2.69,0.78,3.61,99.34,10.31,7.2,71.1,49.6,10.2,47.5,33.8,F,B,C,F,D,37.6,Common,False,False,0,bbref_war
johnsje01,johnsje01,Jerry Johnson,Expansion (1961-1976),1971,1968,1968,1977,SFG,SFG,RP,365,39,41,770.6666666666666,48,51,489,389,63.0,1.61,5.41,4.27,0.78,4.04,91.42,26.13,39.8,26.5,44.4,8.8,46.8,125.0,D+,D,C-,F,S,37.6,Common,False,False,0,bbref_war
yorkji01,yorkji01,Jim York,Expansion (1961-1976),1973,1971,1970,1976,HOU,HOU,RP,174,4,10,285.0,16,17,194,132,19.0,0.85,6.13,4.17,0.6,3.79,91.41,11.67,51.9,29.4,44.4,3.6,66.8,45.0,C,D,C-,F,C,37.6,Common,False,False,0,bbref_war
mcenawi01,mcenawi01,Will McEnaney,Expansion (1961-1976),1976,1975,1974,1979,CIN,CIN,RP,269,0,29,349.6666666666667,12,17,148,95,25.0,-0.75,3.81,2.45,0.64,3.76,94.13,,12.5,78.1,46.2,1.1,62.0,1.1,F,B+,C,F,F,37.5,Common,False,False,0,bbref_war
wagnega01,wagnega01,Gary Wagner,Expansion (1961-1976),1968,1965,1965,1970,PHI,PHI,RP,162,4,22,267.3333333333333,15,19,174,126,14.0,1.25,5.86,4.24,0.47,3.7,72.79,9.11,47.3,27.3,32.3,3.7,81.0,124.0,C,D,D,F,S,37.5,Common,False,False,0,bbref_war
schuero01,schuero01,Ron Schueler,Expansion (1961-1976),1976,1974,1972,1979,PHI,PHI,RP,291,86,11,912.3333333333334,40,48,563,393,96.0,5.17,5.42,3.88,0.99,3.95,95.69,12.57,40.0,37.6,47.2,16.0,24.1,52.4,C-,D+,C,F,C,37.4,Common,False,False,0,bbref_war
osinsda01,osinsda01,Dan Osinski,Expansion (1961-1976),1966,1965,1962,1970,LAA,LAA,RP,324,21,18,589.6666666666666,29,28,400,264,47.0,5.47,5.65,4.08,0.71,3.32,101.51,38.65,43.9,32.0,51.0,4.7,55.1,40.0,C-,D,C,F,C-,37.2,Common,False,False,0,bbref_war
rodried01,rodried01,Eduardo Rodriguez,Expansion (1961-1976),1976,1977,1973,1979,MIL,MIL,RP,264,39,32,734.0,42,36,430,323,65.0,5.2,5.27,3.96,0.8,3.89,99.81,35.2,37.4,35.3,49.9,11.9,45.1,41.9,D+,D+,C,F,C-,36.8,Common,False,False,0,bbref_war
allenbo04,allenbo04,Bob Allen,Expansion (1961-1976),1963,1967,1961,1967,CLE,CLE,RP,204,0,19,274.0,7,12,199,132,23.0,-1.26,6.54,4.34,0.76,4.11,88.68,,58.9,24.6,42.6,1.5,49.7,49.5,C+,D-,C-,F,C,36.7,Common,False,False,0,bbref_war
pinaho01,pinaho01,Horacio Pina,Expansion (1961-1976),1972,1974,1968,1978,TEX,TEX,RP,314,7,38,432.0,23,23,278,216,28.0,4.98,5.75,4.41,0.51,3.01,106.33,10.44,45.4,22.4,54.1,1.6,76.3,34.6,C,D-,C,F,D,36.3,Common,False,False,0,bbref_war
pleisbi01,pleisbi01,Bill Pleis,Expansion (1961-1976),1964,1965,1961,1966,MIN,MIN,RP,190,10,13,280.6666666666667,21,16,184,126,31.0,-0.39,5.9,4.04,0.99,4.07,111.98,17.97,48.1,33.0,57.8,2.4,23.4,1.0,C,D,C+,F,F,36.3,Common,False,False,0,bbref_war
wilsobi03,wilsobi03,Bill Wilson,Expansion (1961-1976),1971,1971,1969,1973,PHI,PHI,RP,179,0,17,258.0,9,15,171,131,23.0,0.75,5.97,4.57,0.8,4.22,95.28,,49.2,18.0,46.9,2.2,44.5,105.1,C,F,C,F,S,36.3,Common,False,False,0,bbref_war
corkimi01,corkimi01,Mike Corkins,Expansion (1961-1976),1972,1972,1969,1974,SDP,SDP,RP,157,44,9,459.3333333333333,19,28,335,248,46.0,-0.47,6.56,4.86,0.9,4.39,78.75,13.05,59.4,9.8,36.2,12.9,33.7,125.0,C+,F,D+,F,S,36.2,Common,False,False,0,bbref_war
siskto01,siskto01,Tommie Sisk,Expansion (1961-1976),1966,1967,1962,1970,PIT,PIT,RP,316,99,10,928.3333333333334,40,49,441,358,57.0,3.54,4.21,3.41,0.51,3.69,95.03,10.73,19.3,50.8,46.8,15.2,77.0,16.6,F,C,C,F,F,36.2,Common,False,False,0,bbref_war
stalltr01,stalltr01,Tracy Stallard,Expansion (1961-1976),1963,1965,1960,1966,BOS,BOS,SP,183,104,4,764.6666666666666,30,57,477,343,92.0,4.2,5.61,4.04,1.08,4.17,61.49,7.56,43.2,33.1,25.0,46.4,13.7,63.3,C-,D,D,C,B-,36.1,Common,False,False,0,bbref_war
folkeri01,folkeri01,Rich Folkers,Expansion (1961-1976),1974,1974,1970,1977,STL,STL,RP,195,28,7,423.0,19,23,242,170,40.0,1.9,5.15,3.62,0.85,4.11,91.08,16.96,35.3,45.0,44.2,7.4,39.2,35.9,D+,C,C-,F,D+,36.0,Common,False,False,0,bbref_war
renifha01,renifha01,Hal Reniff,Expansion (1961-1976),1964,1966,1961,1967,NYY,NYY,RP,276,0,45,471.3333333333333,21,23,314,242,14.0,3.99,6.0,4.62,0.27,3.27,104.92,,49.7,16.6,53.2,4.1,103.4,1.0,C,F,C,F,F,35.7,Common,False,False,0,bbref_war
sparmjo01,sparmjo01,Joe Sparma,Expansion (1961-1976),1967,1965,1964,1970,DET,DET,SP,183,142,0,864.6666666666666,52,52,586,436,77.0,0.01,6.1,4.54,0.8,3.94,86.37,6.16,51.5,18.9,41.1,36.3,44.6,1.0,C,F,C-,D+,F,35.6,Common,False,False,0,bbref_war
stenhda01,stenhda01,Dave Stenhouse,Expansion (1961-1976),1963,1962,1962,1964,TEX,TEX,SP,76,56,1,372.0,16,28,214,174,48.0,3.55,5.18,4.21,1.16,4.14,90.53,6.43,35.8,28.2,43.8,38.3,5.0,42.8,D+,D,C-,D+,C-,35.1,Common,True,False,1,bbref_war
coateji01,coateji01,Jim Coates,Expansion (1961-1976),1962,1959,1956,1967,NYY,NYY,RP,247,46,15,683.3333333333334,43,22,396,286,65.0,1.31,5.34,3.65,0.82,3.75,86.97,23.56,38.6,44.0,41.5,10.5,42.9,1.0,D+,C-,C-,F,F,34.8,Common,True,False,2,bbref_war
henniph01,henniph01,Phil Hennigan,Expansion (1961-1976),1971,1972,1969,1973,CLE,CLE,RP,176,2,26,280.6666666666667,17,14,188,133,34.0,1.24,6.03,4.26,1.09,4.26,94.3,69.5,50.3,26.6,46.3,3.3,12.9,53.9,C,D,C,F,C,34.6,Common,False,False,0,bbref_war
estrach01,estrach01,Chuck Estrada,Expansion (1961-1976),1963,1960,1960,1967,BAL,BAL,SP,146,105,2,764.3333333333334,50,44,535,416,78.0,3.37,6.3,4.9,0.92,4.07,77.3,8.41,54.9,8.7,35.2,52.6,31.8,1.0,C,F,D+,C,F,34.2,Common,True,False,2,bbref_war
kekicmi01,kekicmi01,Mike Kekich,Expansion (1961-1976),1970,1972,1965,1977,NYY,NYY,SP,235,112,6,860.6666666666666,39,51,497,442,80.0,-1.82,5.25,4.36,0.79,4.19,74.07,7.43,37.1,24.0,33.1,45.5,45.9,25.9,D+,D-,D,C,D,34.0,Common,False,False,0,bbref_war
waslega01,waslega01,Gary Waslewski,Expansion (1961-1976),1970,1969,1967,1972,NYY,NYY,RP,152,42,5,410.3333333333333,11,26,229,197,32.0,3.2,5.02,4.32,0.7,3.44,107.2,8.24,33.2,25.1,54.7,11.3,55.6,24.5,D,D,C,F,D-,34.0,Common,False,False,0,bbref_war
brandbu01,brandbu01,Darrell Brandon,Expansion (1961-1976),1969,1966,1966,1973,PHI,PHI,RP,228,43,13,590.0,28,37,354,275,59.0,0.06,5.4,4.19,0.9,4.04,88.11,13.32,39.6,28.6,42.3,10.5,33.8,59.3,D+,D,C-,F,C+,33.9,Common,False,False,0,bbref_war
garmami01,garmami01,Mike Garman,Expansion (1961-1976),1973,1974,1969,1978,BOS,BOS,RP,303,8,42,433.6666666666667,22,27,213,202,34.0,4.74,4.76,4.28,0.61,3.06,105.23,5.24,28.7,26.2,53.4,1.9,65.6,58.2,D,D,C,F,C+,33.6,Common,False,False,0,bbref_war
scherfr01,scherfr01,Fred Scherman,Expansion (1961-1976),1972,1971,1969,1976,DET,DET,RP,346,11,39,536.3333333333334,33,26,297,245,46.0,4.72,4.96,4.15,0.78,3.6,94.42,52.52,32.2,29.9,46.4,3.5,47.4,71.7,D,D,C,F,B,33.6,Common,False,False,0,bbref_war
scarcma01,scarcma01,Mac Scarce,Expansion (1961-1976),1974,1973,1972,1978,PHI,PHI,RP,159,0,21,209.66666666666666,6,19,164,117,20.0,1.21,7.04,5.02,0.86,3.69,87.62,,67.4,5.2,42.0,1.3,38.4,47.7,B,F,C-,F,C,33.2,Common,False,False,0,bbref_war
simpswa01,simpswa01,Wayne Simpson,Expansion (1961-1976),1972,1970,1970,1977,CIN,CIN,SP,122,107,0,636.0,36,31,353,315,57.0,0.07,5.0,4.46,0.81,4.37,90.22,5.95,32.7,21.2,43.6,34.8,44.1,19.2,D,D-,C-,D,F,32.8,Common,True,False,1,bbref_war
metzgbu01,metzgbu01,Butch Metzger,Expansion (1961-1976),1976,1976,1974,1978,SDP,SDP,RP,191,1,23,293.3333333333333,18,9,175,140,23.0,1.12,5.37,4.3,0.71,3.74,84.3,115.33,39.0,25.8,39.8,2.9,55.2,67.0,D+,D,D+,F,B,32.7,Common,False,False,0,bbref_war
shellji01,shellji01,Jim Shellenback,Expansion (1961-1976),1970,1971,1966,1977,TEX,TEX,RP,165,48,2,454.0,16,30,222,200,40.0,1.61,4.35,3.89,0.72,3.63,78.17,9.35,21.8,37.3,35.8,12.3,53.4,83.9,D-,D+,D+,F,A-,32.4,Common,False,False,0,bbref_war
lockebo01,lockebo01,Bobby Locke,Expansion (1961-1976),1962,1960,1959,1968,PHI,PHI,RP,165,23,10,416.6666666666667,16,15,194,165,40.0,2.78,4.09,3.57,0.87,3.69,96.08,16.36,17.3,46.3,47.4,12.8,37.3,1.0,F,C,C,F,F,31.6,Common,False,False,0,bbref_war
mcginda01,mcginda01,Dan McGinn,Expansion (1961-1976),1970,1969,1968,1972,WSH,WSH,RP,210,28,10,408.6666666666667,15,30,293,225,34.0,-3.92,6.45,4.96,0.75,5.11,71.02,45.59,57.5,7.1,31.2,5.8,50.4,84.6,C+,F,D,F,A-,31.6,Common,False,False,0,bbref_war
rolanji01,rolanji01,Jim Roland,Expansion (1961-1976),1967,1969,1962,1972,MIN,MIN,RP,216,29,9,450.3333333333333,19,17,272,229,34.0,5.02,5.51,4.73,0.68,3.01,105.92,16.18,41.5,13.6,53.8,7.4,57.7,1.0,C-,F,C,F,F,31.3,Common,False,False,0,bbref_war
willich01,willich01,Charlie Williams,Expansion (1961-1976),1975,1974,1971,1978,SFG,SFG,RP,268,33,4,573.3333333333334,23,22,257,275,38.0,3.95,3.8,4.36,0.58,3.82,90.41,26.42,12.4,24.0,43.8,6.5,69.3,117.9,F,D-,C-,F,S,30.4,Common,False,False,0,bbref_war
toddji01,toddji01,Jim Todd,Expansion (1961-1976),1976,1975,1974,1979,OAK,OAK,RP,270,8,24,511.0,25,23,194,239,34.0,0.47,3.42,4.21,0.6,4.23,92.68,34.0,5.9,28.2,45.2,5.4,66.9,125.0,F,D,C,F,S,30.2,Common,False,False,0,bbref_war
hannaji01,hannaji01,Jim Hannan,Expansion (1961-1976),1966,1968,1962,1971,TEX,TEX,RP,276,101,7,822.0,41,48,438,406,79.0,3.66,4.62,4.51,0.76,3.73,90.68,11.01,26.3,19.8,43.9,16.4,49.2,51.3,D,F,C-,F,C,30.0,Common,False,False,0,bbref_war
lashefr01,lashefr01,Fred Lasher,Expansion (1961-1976),1968,1969,1963,1971,DET,DET,RP,151,1,22,202.0,11,13,148,110,18.0,-0.83,6.59,4.9,0.8,3.88,80.35,66.67,59.9,8.7,37.2,1.4,44.6,1.0,C+,F,D+,F,F,28.9,Common,False,False,0,bbref_war
sprinja01,sprinja01,Jack Spring,Expansion (1961-1976),1962,1961,1955,1965,LAA,LAA,RP,155,5,8,186.0,12,5,86,78,21.0,0.87,4.27,3.57,1.01,3.87,84.9,9.5,20.4,46.3,40.2,1.0,22.2,1.0,D-,C,C-,F,F,28.0,Common,False,False,0,bbref_war
allenll01,allenll01,Lloyd Allen,Expansion (1961-1976),1972,1971,1969,1975,LAA,LAA,RP,159,19,22,297.3333333333333,8,25,194,196,19.0,-1.91,5.87,5.93,0.58,4.69,77.38,22.47,47.6,1.0,35.3,5.3,69.6,51.2,C,F,D+,F,C,27.8,Common,False,False,0,bbref_war
bearnla01,bearnla01,Larry Bearnarth,Expansion (1961-1976),1965,1963,1963,1971,NYM,NYM,RP,173,7,8,322.6666666666667,13,21,124,135,31.0,0.4,3.46,3.77,0.86,4.13,73.62,54.01,6.6,40.8,32.9,5.2,37.7,97.3,F,C-,D,F,A+,27.6,Common,False,False,0,bbref_war
williro01,williro01,Ron Willis,Expansion (1961-1976),1968,1967,1966,1970,STL,STL,RP,188,0,19,238.33333333333334,11,12,128,119,15.0,1.7,4.83,4.49,0.57,3.32,70.47,,29.9,20.2,30.8,1.0,70.5,69.3,D,D-,D,F,B,27.4,Common,False,False,0,bbref_war
hamilja01,hamilja01,Jack Hamilton,Expansion (1961-1976),1965,1967,1962,1969,PHI,PHI,RP,218,65,20,611.6666666666666,32,40,357,348,48.0,-2.53,5.13,5.05,0.68,4.72,64.32,13.75,35.0,4.3,26.8,12.6,58.0,27.6,D+,F,D,F,D,22.7,Common,False,False,0,bbref_war
spraged01,spraged01,Ed Sprague,Expansion (1961-1976),1973,1974,1968,1976,MIL,MIL,RP,198,23,9,408.0,17,23,188,206,27.0,0.05,4.18,4.61,0.54,3.79,77.31,28.06,18.8,16.9,35.3,7.1,73.6,1.0,F,F,D+,F,F,22.5,Common,False,False,0,bbref_war
paigesa01,paigesa01,Satchel Paige,Golden Era (1920-1941),1934,1934,1927,1965,NLB,NLB,SP,438,226,47,1962.6666666666667,143,89,1695,533,66.0,26.71,7.64,2.36,0.29,2.37,198.6,13.24,125.0,76.0,114.1,67.4,84.7,46.8,S,B+,S,B,C,95.5,Legendary,True,True,9,bbref_war
smithhi99,smithhi99,Hilton Smith,Golden Era (1920-1941),1941,1937,1932,1948,NLB,NLB,SP,170,104,16,975.3333333333334,71,38,628,198,19.0,18.81,6.08,1.54,0.16,2.16,177.84,9.56,97.3,100.7,100.6,46.4,106.6,55.7,A+,S,S,C,C+,89.7,Legendary,True,True,6,bbref_war
vanceda01,vanceda01,Dazzy Vance,Golden Era (1920-1941),1927,1924,1915,1935,LAD,LAD,SP,442,347,11,2966.6666666666665,197,140,2045,840,132.0,51.33,6.46,2.3,0.39,2.89,149.45,8.6,106.8,77.8,82.1,40.9,67.9,44.8,S,B+,A-,C-,C-,78.4,Legendary,False,True,0,bbref_war
fostebi99,fostebi99,Willie Foster,Golden Era (1920-1941),1928,1926,1923,1937,NLB,NLB,SP,262,185,14,1665.0,125,60,1062,522,41.0,35.06,5.81,2.74,0.23,2.54,168.21,9.35,90.8,64.6,94.3,45.2,95.2,54.7,A,B-,A,C,C,76.7,Legendary,True,True,3,bbref_war
jonessl01,jonessl01,Slim Jones,Golden Era (1920-1941),1935,1934,1932,1938,NLB,NLB,SP,84,45,5,422.0,32,21,295,130,22.0,9.35,6.29,2.77,0.47,3.48,162.0,9.38,102.6,63.7,90.3,45.3,54.5,55.1,S,B-,A,C,C+,76.4,Legendary,True,False,2,bbref_war
mcdonwe01,mcdonwe01,Webster McDonald,Golden Era (1920-1941),1929,1927,1925,1940,NLB,NLB,SP,208,145,6,1266.3333333333333,80,54,553,302,62.0,18.96,4.07,1.93,0.35,3.26,194.14,9.35,48.0,89.0,111.2,45.2,75.2,54.7,C,A,S,C,C,75.3,Legendary,False,False,0,bbref_war
grovele01,grovele01,Lefty Grove,Golden Era (1920-1941),1933,1936,1925,1941,OAK,OAK,SP,616,457,55,3940.6666666666665,300,141,2266,1187,162.0,69.03,5.07,2.31,0.33,2.73,174.13,9.14,72.5,77.6,98.2,44.0,77.0,49.0,B,B+,A+,C-,C,75.0,Legendary,True,True,6,bbref_war
willijo99,willijo99,Joe Williams,Golden Era (1920-1941),1923,1929,1910,1932,NLB,NLB,SP,207,172,5,1517.0,109,59,1033,339,26.0,6.14,5.62,1.86,0.19,3.23,127.19,8.33,86.2,91.2,67.7,39.4,101.6,54.5,A,A,B,D+,C,75.0,Legendary,False,True,0,bbref_war
deandi01,deandi01,Dizzy Dean,Golden Era (1920-1941),1935,1934,1930,1947,STL,STL,SP,317,230,30,1967.3333333333333,150,83,1163,453,95.0,41.87,5.55,2.06,0.43,2.95,144.58,8.63,84.3,85.3,79.0,41.1,60.4,45.2,A-,A,B+,C-,C,73.6,Legendary,True,True,4,bbref_war
padroju01,padroju01,Juan Padrón,Golden Era (1920-1941),1923,1925,1915,1926,HIST,HIST,SP,193,144,11,1225.0,68,72,697,319,25.0,14.9,5.43,2.36,0.2,2.86,148.01,8.18,81.5,76.2,81.2,38.5,98.8,56.3,A-,B+,A-,D+,C+,73.3,Epic,False,False,0,bbref_war
brewech02,brewech02,Chet Brewer,Golden Era (1920-1941),1930,1929,1925,1948,NLB,NLB,SP,175,136,7,1135.3333333333333,69,60,563,363,31.0,18.48,4.41,2.79,0.28,3.14,205.08,8.65,56.2,63.1,118.3,41.2,85.6,57.7,C+,B-,S,C-,C+,72.7,Epic,True,False,2,bbref_war
hollabi03,hollabi03,Bill Holland,Golden Era (1920-1941),1923,1921,1920,1941,NLB,NLB,SP,254,197,13,1658.6666666666667,97,101,933,449,105.0,17.91,5.25,2.04,0.47,3.21,140.53,9.0,76.8,85.7,76.3,43.2,54.2,52.1,B+,A,B+,C-,C,71.5,Epic,True,False,1,bbref_war
taylojo05,taylojo04,Johnny Taylor,Golden Era (1920-1941),1939,1935,1935,1945,NLB,NLB,SP,52,36,1,313.6666666666667,17,17,234,160,18.0,5.75,6.71,4.59,0.52,4.07,207.43,8.07,113.0,9.0,119.8,37.9,46.6,55.1,S,F,S,D+,C+,71.2,Epic,True,False,1,bbref_war
brownra99,brownra99,Ray Brown,Golden Era (1920-1941),1938,1940,1931,1945,NLB,NLB,SP,224,163,15,1511.6666666666667,123,47,726,430,40.0,24.05,4.43,2.52,0.23,2.79,173.38,9.55,56.7,71.4,97.7,46.4,94.8,58.0,C+,B,A+,C,C+,71.1,Legendary,True,True,2,bbref_war
hubbeca01,hubbeca01,Carl Hubbell,Golden Era (1920-1941),1933,1936,1928,1943,SFG,SFG,SP,535,431,33,3590.3333333333335,253,154,1677,725,227.0,46.32,4.19,1.62,0.48,2.6,151.37,8.71,50.9,98.6,83.4,41.5,52.9,78.9,C,A+,A-,C-,B+,71.0,Legendary,True,True,9,bbref_war
bellwi01,bellwi01,William Bell,Golden Era (1920-1941),1928,1926,1923,1937,NLB,NLB,SP,232,167,10,1546.0,123,56,685,344,41.0,28.18,4.0,1.87,0.24,2.9,157.42,9.55,46.2,90.8,87.3,46.3,92.2,54.9,C,A,A,C,C,70.4,Epic,False,False,0,bbref_war
tiantlu02,tiantlu02,Luis Tiant,Golden Era (1920-1941),1939,1946,1930,1947,NLB,NLB,SP,107,73,4,574.3333333333334,37,29,435,216,15.0,12.1,6.62,3.39,0.23,3.42,133.45,8.11,110.5,45.2,71.7,38.1,94.0,54.1,S,C,B,D+,C,70.0,Epic,True,False,2,bbref_war
bremeeu01,bremeeu01,Eugene Bremer,Golden Era (1920-1941),1940,1937,1937,1948,NLB,NLB,SP,81,60,2,514.3333333333334,37,24,224,132,13.0,9.62,4.21,2.33,0.21,2.82,169.7,8.69,51.4,77.1,95.3,41.4,97.5,54.3,C,B+,A+,C-,C,69.8,Epic,True,False,5,bbref_war
dayle99,dayle99,Leon Day,Golden Era (1920-1941),1939,1946,1934,1946,NLB,NLB,SP,100,80,3,651.3333333333334,54,25,474,264,30.0,14.61,6.56,3.57,0.41,3.51,147.08,8.37,109.2,39.6,80.6,39.6,65.2,50.2,S,D+,A-,D+,C,69.1,Legendary,True,True,7,bbref_war
mendejo99,mendejo99,José Méndez,Golden Era (1920-1941),1923,1923,1908,1926,NLB,NLB,SP,117,72,10,687.3333333333334,57,18,402,128,13.0,4.96,3.91,1.69,0.22,3.49,122.46,13.01,44.0,96.4,64.6,66.1,95.3,60.5,C-,A+,B-,B,B-,69.0,Legendary,False,True,0,bbref_war
salmoha01,salmoha01,Harry Salmon,Golden Era (1920-1941),1928,1927,1923,1935,NLB,NLB,SP,180,124,5,1108.6666666666667,76,58,566,203,34.0,15.07,4.71,1.64,0.31,3.74,112.65,8.91,63.6,97.8,58.2,42.7,81.5,53.5,B-,A+,C+,C-,C,68.1,Epic,False,False,0,bbref_war
streesa01,streesa01,Sam Streeter,Golden Era (1920-1941),1929,1924,1921,1936,NLB,NLB,SP,202,150,2,1354.6666666666667,86,63,706,348,60.0,21.47,4.72,2.08,0.4,3.6,133.48,9.06,64.0,84.6,71.8,43.5,66.7,54.3,B-,A-,B,C-,C,67.7,Epic,True,False,1,bbref_war
davisro05,davisro04,Roosevelt Davis,Golden Era (1920-1941),1929,1925,1924,1945,NLB,NLB,SP,305,167,14,1545.0,97,62,689,391,57.0,12.28,3.63,1.79,0.2,3.74,138.87,10.12,37.1,93.2,75.3,49.6,99.0,54.6,D+,A,B+,C,C,66.5,Epic,True,False,1,bbref_war
mosspo01,mosspo01,Porter Moss,Golden Era (1920-1941),1941,1937,1932,1944,NLB,NLB,SP,74,49,3,392.3333333333333,20,25,239,113,12.0,4.7,5.42,2.41,0.26,3.57,113.68,7.71,81.2,74.7,58.9,35.8,88.7,54.0,A-,B,C+,D+,C,66.2,Epic,True,False,3,bbref_war
matlole01,matlole01,Leroy Matlock,Golden Era (1920-1941),1934,1933,1929,1938,NLB,NLB,SP,120,89,2,780.0,53,29,399,230,40.0,12.21,4.62,2.5,0.41,3.59,147.49,8.99,61.6,71.8,80.9,43.1,64.5,52.5,B-,B,A-,C-,C,65.9,Epic,True,False,2,bbref_war
cornewi01,cornewi01,Willie Cornelius,Golden Era (1920-1941),1939,1938,1929,1946,NLB,NLB,SP,177,125,4,1003.3333333333334,54,65,537,379,37.0,9.31,5.36,2.84,0.23,3.23,123.34,9.23,79.7,61.8,65.2,44.5,94.5,52.5,B+,B-,B,C-,C,65.7,Epic,True,False,3,bbref_war
mcdufte01,mcdufte01,Terris McDuffie,Golden Era (1920-1941),1938,1941,1932,1945,NLB,NLB,SP,108,79,4,664.6666666666666,44,35,344,202,33.0,11.79,4.78,2.74,0.34,3.36,146.58,8.71,65.4,64.8,80.3,41.5,76.4,51.3,B,B-,A-,C-,C,65.2,Epic,True,False,5,bbref_war
curryru01,curryru01,Rube Curry,Golden Era (1920-1941),1923,1926,1920,1932,NLB,NLB,SP,201,146,10,1324.3333333333333,84,60,599,312,49.0,20.3,4.28,2.05,0.31,3.47,127.5,9.02,53.0,85.4,67.9,43.3,81.7,58.1,C,A,B,C-,C+,65.1,Epic,False,False,0,bbref_war
wyattwh01,wyattwh01,Whit Wyatt,Golden Era (1920-1941),1940,1941,1929,1945,LAD,LAD,SP,360,210,13,1761.0,106,95,872,642,98.0,24.84,4.95,2.75,0.41,2.87,134.7,9.68,69.5,64.5,72.6,47.1,63.6,56.6,B,B-,B,C,C+,64.7,Epic,True,False,4,bbref_war
fellebo01,fellebo01,Bob Feller,Golden Era (1920-1941),1941,1946,1936,1956,CLE,CLE,SP,570,484,21,3827.0,266,162,2581,1764,224.0,51.52,6.97,4.36,0.43,2.95,137.45,8.23,119.4,15.8,74.3,38.8,61.7,63.3,S,F,B,D+,B-,64.4,Legendary,True,True,8,bbref_war
hendera01,hendera01,Rats Henderson,Golden Era (1920-1941),1926,1926,1921,1931,NLB,NLB,SP,160,121,2,1077.3333333333333,70,53,575,362,33.0,22.62,4.88,2.92,0.24,3.57,139.53,8.9,67.9,59.3,75.7,42.6,93.6,51.7,B,C+,B+,C-,C,64.4,Epic,False,False,0,bbref_war
calhole01,calhole01,Lefty Calhoun,Golden Era (1920-1941),1940,1940,1932,1946,NLB,NLB,SP,64,30,5,290.6666666666667,14,20,151,115,5.0,1.15,5.25,3.34,0.17,4.04,134.78,10.13,77.0,46.6,72.6,49.7,103.9,50.4,B+,C,B,C,C,64.2,Epic,True,False,2,bbref_war
williji06,,Jim Willis,Golden Era (1920-1941),1933,1934,1928,1939,NLB,NLB,SP,99,70,2,636.0,33,42,329,142,31.0,0.0,4.81,1.88,0.39,3.51,,8.99,66.2,90.5,50.0,43.1,67.4,52.0,B,A,C,C-,C,64.1,Epic,True,False,1,proxy_zero
gomezle01,gomezle01,Lefty Gomez,Golden Era (1920-1941),1934,1937,1930,1943,NYY,NYY,SP,368,320,9,2503.0,189,102,1468,1095,138.0,39.17,5.58,3.37,0.47,3.02,143.06,8.3,85.0,45.7,78.0,39.2,54.7,57.4,A,C,B+,D+,C+,63.7,Legendary,True,True,7,bbref_war
coopean99,coopean99,Andy Cooper,Golden Era (1920-1941),1925,1925,1920,1939,NLB,NLB,SP,286,167,32,1548.0,114,64,659,313,66.0,21.1,3.69,1.85,0.42,3.6,134.09,9.65,38.6,91.5,72.2,46.9,62.5,57.8,D+,A,B,C,C+,63.6,Epic,True,True,1,bbref_war
trentte01,,Ted Trent,Golden Era (1920-1941),1934,1928,1927,1939,NLB,NLB,SP,220,143,6,1280.3333333333333,86,66,764,430,59.0,0.0,5.48,2.59,0.36,2.99,,9.16,82.6,69.3,50.0,44.1,73.2,52.0,A-,B,C,C-,C,63.4,Epic,True,False,4,proxy_zero
huntebe01,huntebe01,Bert Hunter,Golden Era (1920-1941),1934,1932,1931,1936,NLB,NLB,SP,91,65,5,570.0,44,22,350,184,29.0,8.08,5.53,2.91,0.46,3.98,116.72,8.9,83.7,59.7,60.9,42.6,56.4,56.3,A-,C+,B-,C-,C+,63.1,Epic,True,False,1,bbref_war
cadorle01,cadorle01,Leon Cadore,Golden Era (1920-1941),1920,1919,1915,1924,LAD,LAD,SP,192,147,3,1257.3333333333333,68,72,445,289,44.0,19.23,3.15,2.04,0.32,3.1,165.62,8.41,25.2,85.8,92.7,39.8,79.0,42.5,D,A,A,D+,C-,63.0,Epic,False,False,0,bbref_war
derripa01,derripa01,Paul Derringer,Golden Era (1920-1941),1938,1938,1931,1945,CIN,CIN,SP,579,445,29,3645.0,223,212,1507,761,158.0,28.67,3.95,1.72,0.47,3.22,119.2,8.44,45.1,95.5,62.5,40.0,54.6,68.6,C,A+,B-,C-,B,62.9,Epic,True,False,6,bbref_war
ryanre01,ryanre01,Red Ryan,Golden Era (1920-1941),1926,1924,1919,1932,NLB,NLB,SP,178,131,1,1204.0,84,57,477,327,42.0,18.69,3.6,2.36,0.36,3.24,151.92,9.59,36.3,76.2,83.7,46.6,73.2,57.7,D+,B+,A-,C,C+,62.6,Epic,False,False,0,bbref_war
reddidi01,reddidi01,Dick Redding,Golden Era (1920-1941),1924,1926,1911,1927,HIST,HIST,SP,214,164,8,1538.6666666666667,106,72,918,435,43.0,2.65,5.23,2.55,0.33,3.67,103.22,8.8,76.5,70.4,52.1,42.0,77.7,51.2,B+,B,C,C-,C,62.5,Epic,False,False,0,bbref_war
clarkwa02,clarkwa02,Watson Clark,Golden Era (1920-1941),1930,1929,1924,1937,LAD,LAD,SP,355,206,16,1747.3333333333333,111,97,643,383,86.0,28.32,3.5,1.89,0.4,3.4,129.92,10.73,33.9,90.2,69.4,53.0,66.0,50.8,D,A,B,C,C,62.2,Epic,False,False,0,bbref_war
mchenhe01,mchenhe01,Henry McHenry,Golden Era (1920-1941),1939,1940,1930,1948,NLB,NLB,SP,186,124,10,1110.3333333333333,71,57,624,356,54.0,15.87,4.82,2.98,0.39,3.72,135.61,9.46,66.3,57.5,73.1,45.8,68.1,52.7,B,C+,B,C,C,62.1,Epic,True,False,2,bbref_war
deanpa01,deanpa01,Paul Dean,Golden Era (1920-1941),1938,1935,1934,1943,STL,STL,SP,159,87,8,787.3333333333334,50,34,387,179,53.0,12.47,4.73,2.06,0.63,3.44,104.5,10.48,64.2,85.3,52.9,51.7,26.9,44.5,B-,A,C,C,C-,61.9,Epic,False,False,0,bbref_war
rootch01,rootch01,Charlie Root,Golden Era (1920-1941),1931,1926,1923,1941,CHC,CHC,SP,632,341,40,3197.3333333333335,201,160,1459,889,187.0,26.79,4.15,2.27,0.5,3.28,124.5,9.61,49.9,79.0,65.9,46.7,50.0,67.3,C,B+,B,C,B,61.6,Epic,False,False,0,bbref_war
welmaro01,welmaro01,Roy Welmaker,Golden Era (1920-1941),1939,1945,1932,1945,NLB,NLB,SP,85,68,1,526.6666666666666,40,22,279,174,21.0,6.47,4.8,3.0,0.36,3.84,138.92,7.81,65.9,56.7,75.3,36.4,72.9,56.4,B,C+,B+,D+,C+,61.4,Epic,True,False,1,bbref_war
gloveto01,gloveto01,Tom Glover,Golden Era (1920-1941),1939,1937,1934,1945,NLB,NLB,SP,76,46,1,380.6666666666667,21,24,242,122,13.0,2.6,5.76,2.81,0.26,4.72,87.62,7.67,89.5,62.7,42.0,35.6,89.4,48.3,A,B-,C-,D+,C,60.8,Epic,True,False,1,bbref_war
warnelo01,warnelo01,Lon Warneke,Golden Era (1920-1941),1935,1932,1930,1945,CHC,CHC,SP,445,343,13,2782.3333333333335,192,121,1140,739,175.0,33.3,3.84,2.26,0.5,2.89,134.02,8.3,42.2,79.3,72.1,39.2,50.2,73.2,C-,B+,B,D+,B,60.4,Epic,True,False,5,bbref_war
frencla01,frencla01,Larry French,Golden Era (1920-1941),1936,1940,1929,1942,CHC,CHC,SP,570,384,17,3152.0,197,171,1187,819,164.0,30.78,3.39,2.03,0.35,3.02,128.92,8.73,31.1,86.1,68.8,41.7,74.7,65.3,D,A,B,C-,B,59.8,Epic,True,False,1,bbref_war
covelst01,covelst01,Stan Coveleski,Golden Era (1920-1941),1920,1918,1912,1928,CLE,CLE,SP,450,385,21,3082.0,215,142,981,802,66.0,54.22,3.2,2.27,0.18,2.59,142.99,8.31,26.5,78.8,77.9,39.3,103.4,52.8,D,B+,B+,D+,C,59.5,Epic,False,True,0,bbref_war
rowesc01,rowesc01,Schoolboy Rowe,Golden Era (1920-1941),1940,1934,1933,1949,DET,DET,SP,382,278,12,2219.3333333333335,158,101,913,558,132.0,28.97,3.91,2.13,0.43,3.55,124.37,8.25,44.1,83.0,65.8,38.9,60.4,47.6,C-,A-,B,D+,C,59.5,Epic,True,False,3,bbref_war
passecl01,passecl01,Claude Passeau,Golden Era (1920-1941),1940,1940,1935,1947,CHC,CHC,SP,444,331,21,2719.6666666666665,162,150,1104,728,105.0,35.43,3.86,2.24,0.31,3.15,124.99,8.71,42.7,79.9,66.2,41.5,80.4,39.2,C-,B+,B,C-,D+,59.4,Epic,True,False,5,bbref_war
mungova01,mungova01,Van Mungo,Golden Era (1920-1941),1936,1936,1931,1945,LAD,LAD,SP,364,259,16,2113.0,120,115,1242,868,89.0,27.81,5.56,3.41,0.32,3.29,116.33,8.63,84.6,44.4,60.6,41.1,78.9,34.4,A-,C-,B-,C-,D,59.2,Epic,True,False,5,bbref_war
yokella01,yokella01,Laymon Yokely,Golden Era (1920-1941),1929,1928,1926,1944,NLB,NLB,SP,185,130,5,1057.3333333333333,56,68,517,445,57.0,14.67,4.42,3.75,0.38,3.8,171.0,8.5,56.6,34.2,96.2,40.3,69.1,56.7,C+,D,A+,C-,C+,59.1,Epic,False,False,0,bbref_war
winteni01,winteni01,Nip Winters,Golden Era (1920-1941),1926,1924,1921,1932,NLB,NLB,SP,188,149,8,1280.0,100,51,662,445,64.0,25.0,4.49,2.93,0.45,3.38,133.31,8.38,58.3,58.9,71.7,39.7,57.9,55.1,C+,C+,B,D+,C+,58.8,Epic,False,False,0,bbref_war
luquedo01,luquedo01,Dolf Luque,Golden Era (1920-1941),1923,1923,1914,1935,CIN,CIN,SP,550,365,28,3220.3333333333335,194,179,1130,918,113.0,34.26,3.38,2.36,0.31,2.97,134.13,8.46,31.0,76.1,72.2,40.1,81.5,73.0,D,B+,B,C-,B,58.6,Epic,False,False,0,bbref_war
lohrmbi01,lohrmbi01,Bill Lohrman,Golden Era (1920-1941),1940,1942,1934,1944,SFG,SFG,SP,198,121,8,990.6666666666666,60,59,330,240,70.0,6.64,3.15,2.09,0.63,3.55,150.32,8.12,25.3,84.1,82.7,38.1,28.3,66.9,D,A-,A-,D+,B,58.5,Epic,False,False,0,bbref_war
leonadu02,leonadu02,Dutch Leonard,Golden Era (1920-1941),1941,1947,1933,1953,MIN,MIN,SP,640,374,44,3218.3333333333335,191,181,1170,737,158.0,33.86,3.48,2.05,0.42,3.07,134.37,7.74,33.3,85.5,72.3,36.0,62.7,42.2,D,A,B,D+,C-,58.4,Epic,True,False,5,bbref_war
malonpa02,malonpa02,Pat Malone,Golden Era (1920-1941),1931,1929,1928,1937,CHC,CHC,SP,357,220,26,1915.0,134,92,1024,705,103.0,21.98,5.0,3.29,0.46,3.55,118.98,9.36,70.8,48.1,62.3,45.3,55.9,71.1,B,C,B-,C,B,58.4,Epic,False,False,0,bbref_war
allenjo02,allenjo02,Johnny Allen,Golden Era (1920-1941),1937,1936,1932,1944,CLE,CLE,SP,352,241,18,1950.3333333333333,142,75,1070,738,104.0,25.13,5.08,3.32,0.4,3.65,125.5,7.88,72.7,47.1,66.6,36.8,66.4,51.2,B,C,B,D+,C,58.0,Epic,True,False,1,bbref_war
bridgto01,bridgto01,Tommy Bridges,Golden Era (1920-1941),1936,1936,1930,1946,DET,DET,SP,424,362,10,2826.3333333333335,194,138,1674,1192,181.0,35.23,5.32,3.72,0.51,3.32,137.3,7.86,78.6,35.1,74.2,36.7,47.9,60.2,B+,D+,B,D+,B-,57.9,Epic,True,False,6,bbref_war
faberre01,faberre01,Red Faber,Golden Era (1920-1941),1922,1921,1914,1933,CHW,CHW,SP,669,483,28,4086.6666666666665,254,213,1471,1213,111.0,41.5,3.55,2.42,0.25,3.06,127.21,8.25,35.2,74.4,67.7,38.9,91.7,63.7,D+,B,B,D+,B-,57.9,Epic,False,True,0,bbref_war
rixeyep01,rixeyep01,Eppa Rixey,Golden Era (1920-1941),1923,1925,1912,1933,CIN,CIN,SP,692,552,14,4494.666666666667,266,251,1350,1082,92.0,35.98,2.64,2.01,0.11,2.73,135.65,8.23,12.7,86.5,73.2,38.8,114.4,65.6,F,A,B,D+,B,57.9,Epic,False,True,0,bbref_war
swiftbi01,swiftbi01,Bill Swift,Golden Era (1920-1941),1935,1935,1932,1943,PIT,PIT,SP,336,163,20,1637.6666666666667,95,82,636,351,103.0,17.92,3.29,1.79,0.52,3.52,112.01,10.96,28.6,93.4,57.8,54.4,46.5,48.4,D,A,C+,C,C,57.9,Rare,False,False,0,bbref_war
weaveji01,weaveji01,Jim Weaver,Golden Era (1920-1941),1936,1935,1928,1939,PIT,PIT,SP,189,108,3,893.3333333333334,57,36,449,336,38.0,7.73,4.53,3.31,0.4,3.78,134.47,8.63,59.3,47.6,72.4,41.1,66.3,64.3,C+,C,B,C-,B-,57.5,Rare,False,False,0,bbref_war
blantcy01,blantcy01,Cy Blanton,Golden Era (1920-1941),1938,1935,1934,1942,PIT,PIT,SP,202,167,4,1218.3333333333333,68,71,611,337,64.0,14.93,4.48,2.42,0.45,3.52,107.95,7.27,57.9,74.2,55.2,33.3,57.0,48.7,C+,B,C+,D,C,57.1,Epic,True,False,2,bbref_war
shawkbo01,shawkbo01,Bob Shawkey,Golden Era (1920-1941),1920,1920,1913,1927,NYY,NYY,SP,488,334,28,2937.0,196,150,1360,1018,114.0,35.96,4.16,3.01,0.33,2.87,123.72,9.02,50.2,56.7,65.4,43.3,77.2,74.1,C,C+,B,C-,B,57.1,Rare,False,False,0,bbref_war
grimebu01,grimebu01,Burleigh Grimes,Golden Era (1920-1941),1923,1921,1916,1934,LAD,LAD,SP,616,497,18,4180.0,270,212,1512,1295,148.0,37.21,3.34,2.43,0.25,2.95,132.73,8.51,30.0,74.1,71.3,40.4,91.6,48.0,D,B,B,C-,C,56.9,Epic,False,True,0,bbref_war
shockur01,shockur01,Urban Shocker,Golden Era (1920-1941),1922,1921,1916,1928,BAL,BAL,SP,412,317,25,2681.6666666666665,187,117,983,657,126.0,43.1,3.37,2.1,0.48,3.21,126.76,8.44,30.7,84.0,67.4,40.0,53.5,53.4,D,A-,B,C-,C,56.9,Rare,False,False,0,bbref_war
flourwi01,flourwi01,Willis Flournoy,Golden Era (1920-1941),1926,1929,1919,1932,HIST,HIST,SP,137,109,2,899.3333333333334,46,54,447,294,36.0,11.13,4.15,2.9,0.41,3.71,130.49,8.44,49.9,59.9,69.8,40.0,64.1,54.1,C,C+,B,C-,C,56.8,Rare,False,False,0,bbref_war
forcebi01,forcebi01,Bill Force,Golden Era (1920-1941),1924,1922,1921,1929,NLB,NLB,SP,174,100,6,934.6666666666666,54,46,438,285,61.0,10.82,4.36,2.6,0.55,4.17,112.31,8.92,55.1,68.9,58.0,42.7,40.2,58.2,C+,B,C+,C-,C+,56.8,Rare,False,False,0,bbref_war
quinnja01,quinnja01,Jack Quinn,Golden Era (1920-1941),1923,1914,1909,1933,NYY,NYY,SP,756,444,57,3920.3333333333335,247,218,1329,860,102.0,34.45,2.87,1.8,0.24,3.2,124.47,8.21,18.3,92.9,65.9,38.7,92.2,42.7,F,A,B,D+,C-,56.8,Rare,False,False,0,bbref_war
bettshu01,bettshu01,Huck Betts,Golden Era (1920-1941),1924,1932,1920,1935,PHI,PHI,SP,307,125,16,1366.3333333333333,61,68,323,321,83.0,15.71,2.06,1.93,0.5,3.48,111.29,19.28,1.0,89.0,57.3,101.9,49.1,42.6,F,A,C+,S,C-,56.7,Rare,False,False,0,bbref_war
farrelu02,farrelu02,Luther Farrell,Golden Era (1920-1941),1927,1927,1920,1934,NLB,NLB,SP,143,106,4,879.0,50,55,483,320,49.0,8.25,5.51,3.28,0.49,4.41,100.96,8.02,83.4,48.4,50.6,37.6,51.8,53.7,A-,C,C,D+,C,56.5,Rare,False,False,0,bbref_war
drakebi01,drakebi01,Bill Drake,Golden Era (1920-1941),1923,1921,1916,1930,NLB,NLB,SP,186,144,6,1234.6666666666667,79,70,556,422,29.0,17.22,4.23,3.05,0.16,3.64,117.29,8.63,52.0,55.4,61.2,41.1,106.6,54.7,C,C+,B-,C-,C,56.4,Rare,False,False,0,bbref_war
johnssy01,johnssy01,Syl Johnson,Golden Era (1920-1941),1931,1935,1922,1940,STL,STL,RP,542,210,43,2165.6666666666665,112,117,920,488,173.0,22.68,4.18,1.97,0.67,3.78,121.67,10.37,50.6,87.8,64.1,16.9,21.3,43.0,C,A,B-,F,C-,56.4,Rare,False,False,0,bbref_war
ruffire01,ruffire01,Red Ruffing,Golden Era (1920-1941),1936,1932,1924,1947,NYY,NYY,SP,624,536,16,4344.0,273,225,1987,1541,254.0,33.39,4.27,3.05,0.56,3.34,131.85,8.27,52.9,55.5,70.7,39.0,39.1,71.0,C,C+,B,D+,B,56.1,Epic,True,True,6,bbref_war
hensleg01,hensllo01,Eggie Hensley,Golden Era (1920-1941),1928,1926,1922,1939,NLB,NLB,SP,195,130,8,1112.6666666666667,85,45,518,386,56.0,15.49,4.13,3.09,0.46,3.97,133.3,9.27,49.3,54.2,71.6,44.7,56.9,48.0,C,C,B,C-,C,55.7,Rare,False,False,0,bbref_war
pennohe01,pennohe01,Herb Pennock,Golden Era (1920-1941),1924,1924,1912,1934,NYY,NYY,SP,617,420,32,3571.6666666666665,240,162,1227,916,128.0,36.83,2.8,2.14,0.28,2.99,129.67,8.47,16.7,82.8,69.3,40.1,85.6,62.6,F,A-,B,C-,B-,55.6,Epic,False,True,0,bbref_war
donohpe01,donohpe01,Pete Donohue,Golden Era (1920-1941),1924,1925,1921,1932,CIN,CIN,SP,344,270,12,2112.3333333333335,134,118,571,422,68.0,18.03,2.56,1.65,0.24,3.44,111.28,8.17,10.9,97.4,57.3,38.4,92.3,72.6,F,A+,C+,D+,B,55.4,Rare,False,False,0,bbref_war
bellcl01,bellcl01,Cliff Bell,Golden Era (1920-1941),1927,1929,1921,1931,NLB,NLB,SP,175,112,4,986.6666666666666,46,69,388,258,38.0,11.11,3.49,2.22,0.35,4.07,110.39,8.64,33.5,80.4,56.8,41.1,74.9,54.2,D,A-,C+,C-,C,55.3,Rare,False,False,0,bbref_war
meltocl01,meltocl01,Cliff Melton,Golden Era (1920-1941),1941,1937,1937,1944,SFG,SFG,SP,272,179,16,1453.6666666666667,86,80,660,431,79.0,16.81,3.98,2.54,0.49,3.22,115.1,8.06,45.7,70.8,59.8,37.8,51.1,58.5,C,B,C+,D+,C+,55.2,Rare,True,False,1,bbref_war
rignejo01,rignejo01,Johnny Rigney,Golden Era (1920-1941),1941,1940,1937,1947,CHW,CHW,SP,197,132,5,1186.3333333333333,63,64,605,450,90.0,21.54,4.66,3.32,0.66,3.47,128.89,8.76,62.4,47.3,68.8,41.8,23.2,61.7,B-,C,B,C-,B-,55.1,Rare,False,False,0,bbref_war
stronjo02,stronjo02,Joe Strong,Golden Era (1920-1941),1927,1929,1922,1937,NLB,NLB,SP,235,160,9,1320.3333333333333,77,72,540,479,58.0,15.6,3.24,3.02,0.29,3.61,146.8,9.25,27.6,56.1,80.4,44.6,84.7,58.8,D,C+,A-,C-,C+,54.9,Rare,False,False,0,bbref_war
hardeme01,hardeme01,Mel Harder,Golden Era (1920-1941),1935,1934,1928,1947,CLE,CLE,SP,582,433,23,3426.3333333333335,223,186,1160,1118,161.0,39.97,3.23,2.5,0.37,3.44,134.44,8.17,27.2,71.9,72.4,38.4,71.3,51.5,D,B,B,D+,C,54.8,Rare,True,False,4,bbref_war
scottja01,scottja01,Jack Scott,Golden Era (1920-1941),1923,1925,1916,1929,SFG,SFG,SP,356,195,19,1814.6666666666667,103,109,657,493,94.0,12.45,3.41,2.28,0.53,3.72,108.54,10.32,31.7,78.7,55.5,50.7,45.2,68.6,D,B+,C+,C,B,54.8,Rare,False,False,0,bbref_war
smithsh01,smithsh01,Sherry Smith,Golden Era (1920-1941),1920,1924,1911,1927,LAD,LAD,SP,373,224,21,2052.6666666666665,114,118,428,440,57.0,21.75,1.95,1.8,0.21,2.74,129.04,9.06,1.0,92.9,68.9,43.5,98.3,48.0,F,A,B,C-,C,54.5,Rare,False,False,0,bbref_war
doakbi01,doakbi01,Bill Doak,Golden Era (1920-1941),1920,1914,1912,1929,STL,STL,SP,453,368,16,2782.6666666666665,169,157,1014,851,71.0,26.74,3.31,2.66,0.18,2.56,125.86,8.08,29.3,67.0,66.8,37.9,103.3,50.8,D,B,B,D+,C,54.2,Rare,False,False,0,bbref_war
hoytwa01,hoytwa01,Waite Hoyt,Golden Era (1920-1941),1925,1927,1918,1938,NYY,NYY,SP,674,423,52,3762.3333333333335,237,182,1206,1003,154.0,34.37,3.0,2.38,0.34,3.27,126.7,8.96,21.6,75.5,67.4,42.9,75.6,58.0,D-,B+,B,C-,C+,54.2,Epic,False,True,0,bbref_war
walkeed02,walkeed02,Edsall Walker,Golden Era (1920-1941),1940,1940,1936,1945,NLB,NLB,SP,121,84,6,680.6666666666666,54,29,358,280,20.0,7.48,4.71,3.75,0.19,4.03,124.56,7.57,63.7,34.2,66.0,35.0,100.9,58.8,B-,D,B,D+,C+,54.2,Rare,True,False,2,bbref_war
nehfar01,nehfar01,Art Nehf,Golden Era (1920-1941),1921,1919,1915,1929,SFG,SFG,SP,451,319,13,2707.6666666666665,184,120,844,640,107.0,21.91,2.77,2.09,0.35,2.92,118.64,8.63,16.0,84.2,62.1,41.0,75.1,72.5,F,A-,B-,C-,B,54.1,Rare,False,False,0,bbref_war
brittge01,brittge01,George Britt,Golden Era (1920-1941),1929,1925,1917,1942,NLB,NLB,SP,151,101,5,878.6666666666666,55,44,465,297,32.0,5.6,4.47,2.89,0.23,3.72,90.12,8.64,57.8,60.2,43.6,41.1,95.2,53.4,C+,B-,C-,C-,C,54.0,Rare,True,False,1,bbref_war
leeth01,leeth01,Thornton Lee,Golden Era (1920-1941),1939,1941,1933,1948,CHW,CHW,SP,374,272,10,2331.3333333333335,117,124,937,838,121.0,33.2,3.57,2.88,0.48,3.3,133.52,8.42,35.7,60.5,71.8,39.9,53.2,64.8,D+,B-,B,D+,B-,53.9,Rare,True,False,2,bbref_war
mayja01,mayja01,Jakie May,Golden Era (1920-1941),1927,1926,1917,1932,CIN,CIN,RP,410,161,19,1562.3333333333333,72,95,765,617,35.0,11.6,4.75,3.08,0.21,3.78,106.37,13.01,64.6,54.5,54.1,14.0,98.2,71.8,B-,C,C,F,B,53.9,Rare,False,False,0,bbref_war
sherdbi01,sherdbi01,Bill Sherdel,Golden Era (1920-1941),1926,1928,1918,1932,STL,STL,SP,514,272,26,2709.3333333333335,165,146,839,661,149.0,22.77,2.63,2.0,0.56,3.45,119.89,11.25,12.4,86.9,62.9,56.1,39.2,59.2,F,A,B-,C+,C+,53.9,Rare,False,False,0,bbref_war
barneje01,barneje01,Jesse Barnes,Golden Era (1920-1941),1921,1924,1915,1927,SFG,SFG,SP,422,314,13,2569.6666666666665,152,150,653,515,88.0,20.78,2.29,1.61,0.29,2.94,111.55,8.34,4.2,98.7,57.5,39.4,85.0,65.3,F,A+,C+,D+,B,53.5,Rare,False,False,0,bbref_war
braxtga01,braxtga01,Garland Braxton,Golden Era (1920-1941),1927,1928,1921,1933,MIN,MIN,RP,282,70,32,938.0,50,53,412,276,38.0,12.68,3.87,2.37,0.38,3.74,117.3,28.76,43.1,75.8,61.2,12.1,69.3,61.0,C-,B+,B-,F,B-,53.4,Rare,False,False,0,bbref_war
johnsdi02,johnsdi02,Dicta Johnson,Golden Era (1920-1941),1920,1923,1909,1923,HIST,HIST,SP,189,148,3,1276.6666666666667,76,62,636,388,44.0,6.94,3.72,2.44,0.24,3.91,95.71,8.45,39.2,73.8,47.2,40.0,92.4,53.6,D+,B,C,C-,C,53.4,Rare,False,False,0,bbref_war
waltebu01,waltebu01,Bucky Walters,Golden Era (1920-1941),1941,1939,1934,1950,CIN,CIN,SP,428,398,4,3104.6666666666665,198,160,1107,1121,154.0,37.9,3.23,2.93,0.38,2.78,138.3,8.32,27.2,59.1,74.9,39.3,70.1,74.1,D,C+,B,D+,B,53.4,Rare,True,False,6,bbref_war
hillji01,hillji01,Jimmy Hill,Golden Era (1920-1941),1941,1939,1938,1945,NLB,NLB,SP,84,56,4,458.3333333333333,29,26,304,273,21.0,5.8,5.91,5.06,0.44,4.14,132.83,8.84,93.1,1.0,71.3,42.2,60.1,51.9,A,F,B,C-,C,53.3,Rare,True,False,3,bbref_war
lucasre01,lucasre01,Red Lucas,Golden Era (1920-1941),1931,1929,1923,1938,CIN,CIN,SP,396,301,7,2542.0,157,135,602,455,136.0,25.32,2.17,1.59,0.4,3.36,119.92,8.45,1.3,99.4,62.9,40.0,66.1,60.0,F,A+,B-,C-,B-,53.2,Rare,False,False,0,bbref_war
mcgeebi01,mcgeebi01,Bill McGee,Golden Era (1920-1941),1938,1938,1935,1942,STL,STL,SP,197,102,6,853.0,46,41,340,355,53.0,9.53,3.65,3.54,0.53,3.54,155.12,9.84,37.5,40.7,85.8,48.0,44.7,53.1,D+,C-,A,C,C,53.1,Rare,False,False,0,bbref_war
levisos01,levisos01,Oscar Levis,Golden Era (1920-1941),1926,1927,1921,1931,HIST,HIST,SP,135,109,5,885.6666666666666,55,53,431,294,46.0,9.66,4.52,3.16,0.44,4.28,109.3,8.21,59.0,52.1,56.0,38.6,60.2,48.5,C+,C,C+,D+,C,53.0,Rare,False,False,0,bbref_war
gisenwi01,gisenwi01,Willie Gisentaner,Golden Era (1920-1941),1926,1926,1921,1936,NLB,NLB,SP,143,101,4,807.3333333333334,40,49,337,292,35.0,7.69,4.05,3.17,0.39,4.17,127.03,7.6,47.3,51.7,67.6,35.2,67.4,52.2,C,C,B,D+,C,52.9,Rare,False,False,0,bbref_war
tamulvi01,tamulvi01,Vito Tamulis,Golden Era (1920-1941),1938,1940,1934,1941,LAD,LAD,SP,170,70,10,691.6666666666666,40,28,294,202,37.0,7.94,3.83,2.63,0.48,3.97,80.17,13.73,41.9,68.1,37.1,70.2,52.5,58.8,C-,B,D+,B,C+,52.9,Rare,False,False,0,bbref_war
pettyje01,pettyje01,Jesse Petty,Golden Era (1920-1941),1927,1927,1921,1930,LAD,LAD,SP,207,154,4,1208.3333333333333,67,78,407,296,77.0,17.33,3.03,2.2,0.57,3.68,130.63,7.75,22.4,80.8,69.9,36.1,37.1,42.4,D-,A-,B,D+,C-,52.7,Rare,False,False,0,bbref_war
carlete01,carlete01,Tex Carleton,Golden Era (1920-1941),1935,1937,1932,1940,CHC,CHC,SP,293,202,9,1607.3333333333333,100,76,808,561,105.0,17.69,4.55,3.04,0.59,3.73,105.96,8.13,59.7,55.5,53.9,38.2,34.8,58.1,C+,C+,C,D+,C+,52.6,Rare,False,False,0,bbref_war
daviscu01,daviscu01,Curt Davis,Golden Era (1920-1941),1938,1934,1934,1946,LAD,LAD,SP,429,281,33,2325.0,158,131,684,479,142.0,31.28,2.68,1.88,0.55,3.28,123.89,8.23,13.6,90.5,65.5,38.8,41.2,45.7,F,A,B,D+,C,52.6,Rare,True,False,2,bbref_war
griffbo01,griffro02,Bob Griffith,Golden Era (1920-1941),1937,1936,1934,1948,NLB,NLB,SP,109,59,5,527.0,25,31,264,188,27.0,5.5,4.52,3.33,0.4,4.34,110.43,8.43,59.0,47.1,56.8,39.9,66.2,49.0,C+,C,C+,D+,C,52.5,Rare,True,False,2,bbref_war
coopeda02,coopeda02,Darltie Cooper,Golden Era (1920-1941),1927,1927,1923,1940,NLB,NLB,SP,173,125,3,1091.0,70,56,399,364,53.0,11.86,3.29,2.74,0.44,4.07,124.21,9.25,28.6,64.8,65.7,44.6,59.2,56.8,D,B-,B,C-,C+,52.3,Rare,False,False,0,bbref_war
mogrige01,mogrige01,George Mogridge,Golden Era (1920-1941),1921,1921,1911,1927,NYY,NYY,SP,398,261,20,2265.6666666666665,132,131,678,565,77.0,25.0,2.52,2.16,0.28,3.0,117.25,8.53,9.7,82.3,61.2,40.5,85.7,68.0,F,A-,B-,C-,B,52.1,Rare,False,False,0,bbref_war
branded01,branded01,Ed Brandt,Golden Era (1920-1941),1933,1931,1928,1938,ATL,ATL,SP,378,278,17,2268.3333333333335,121,146,877,778,134.0,26.3,3.61,2.72,0.48,3.42,112.98,8.77,36.7,65.3,58.4,41.8,53.3,59.4,D+,B,C+,C-,C+,52.0,Rare,False,False,0,bbref_war
leebi02,leebi02,Bill Lee,Golden Era (1920-1941),1937,1938,1934,1947,CHC,CHC,SP,462,378,13,2864.0,169,157,998,893,138.0,30.17,3.49,2.73,0.47,3.2,121.66,7.79,33.7,64.9,64.1,36.2,54.3,63.5,D,B-,B-,D+,B-,52.0,Rare,True,False,2,bbref_war
graydo02,graysa01,Sam Gray,Golden Era (1920-1941),1928,1929,1924,1933,BAL,BAL,SP,379,231,22,1951.3333333333333,111,115,730,639,111.0,23.7,3.52,2.91,0.45,3.78,116.93,10.4,34.3,59.6,61.0,51.2,57.4,53.3,D,C+,B-,C,C,51.9,Rare,False,False,0,bbref_war
stratmo01,stratmo01,Monty Stratton,Golden Era (1920-1941),1936,1937,1934,1938,CHW,CHW,SP,70,62,2,487.3333333333333,36,23,196,149,32.0,9.83,3.62,2.75,0.59,3.71,125.17,7.67,36.8,64.3,66.4,35.6,34.2,60.2,D+,B-,B,D+,B-,51.9,Rare,True,False,1,bbref_war
turneji01,turneji01,Jim Turner,Golden Era (1920-1941),1940,1937,1937,1945,NYY,NYY,SP,231,119,20,1132.0,69,60,329,283,67.0,11.01,2.59,2.13,0.54,3.2,119.73,8.61,11.4,83.0,62.8,40.9,42.5,87.7,F,A-,B-,C-,A,51.9,Rare,True,False,1,bbref_war
hamlilu01,hamlilu01,Luke Hamlin,Golden Era (1920-1941),1938,1939,1933,1944,LAD,LAD,SP,261,181,9,1405.0,73,76,563,353,106.0,16.12,3.63,2.28,0.69,3.69,103.93,8.43,37.2,78.6,52.6,39.9,17.3,52.0,D+,B+,C,D+,C,51.6,Rare,False,False,0,bbref_war
cockrph01,cockrph01,Phil Cockrell,Golden Era (1920-1941),1926,1925,1917,1934,NLB,NLB,SP,202,162,5,1428.3333333333333,92,67,622,463,68.0,12.71,3.71,2.83,0.48,4.13,112.4,8.58,39.1,62.1,58.1,40.8,52.4,55.6,D+,B-,C+,C-,C+,51.3,Rare,False,False,0,bbref_war
haineje01,haineje01,Jesse Haines,Golden Era (1920-1941),1926,1927,1918,1937,STL,STL,SP,555,388,10,3208.6666666666665,210,158,981,871,165.0,23.11,2.92,2.42,0.42,3.23,120.73,8.17,19.6,74.3,63.5,38.4,62.0,60.5,F,B,B-,D+,B-,51.2,Epic,False,True,0,bbref_war
harvebi01,harvebi01,Bill Harvey,Golden Era (1920-1941),1938,1939,1932,1946,NLB,NLB,SP,109,57,3,509.3333333333333,24,38,241,203,29.0,3.71,3.98,3.6,0.42,4.87,121.85,11.35,45.7,38.8,64.2,56.6,62.1,49.4,C,D+,B-,C+,C,51.2,Rare,True,False,2,bbref_war
uhlege01,uhlege01,George Uhle,Golden Era (1920-1941),1926,1926,1919,1936,CLE,CLE,SP,513,368,25,3119.6666666666665,200,166,1135,966,119.0,37.91,3.39,2.76,0.31,3.69,117.64,8.5,31.1,64.1,61.5,40.3,81.8,38.2,D,B-,B-,C-,D+,51.2,Rare,False,False,0,bbref_war
meadole01,meadole01,Lee Meadows,Golden Era (1920-1941),1923,1927,1915,1929,PIT,PIT,SP,490,406,7,3160.6666666666665,188,180,1063,956,84.0,25.95,2.96,2.46,0.25,3.37,113.61,7.9,20.7,73.0,58.8,36.9,90.3,57.8,D-,B,C+,D+,C+,51.1,Rare,False,False,0,bbref_war
rosswi01,,William Ross,Golden Era (1920-1941),1925,1928,1922,1930,NLB,NLB,SP,143,100,7,822.6666666666666,45,45,303,256,30.0,0.0,3.39,2.58,0.17,4.46,,8.06,31.2,69.5,50.0,37.8,103.8,52.0,D,B,C,D+,C,51.1,Rare,False,False,0,proxy_zero
fitzsfr01,fitzsfr01,Freddie Fitzsimmons,Golden Era (1920-1941),1930,1938,1925,1943,SFG,SFG,SP,513,426,13,3223.6666666666665,217,146,870,846,186.0,22.49,2.31,2.08,0.49,3.29,128.7,8.0,4.6,84.5,68.7,37.5,51.2,64.7,F,A-,B,D+,B-,50.9,Rare,False,False,0,bbref_war
johnssi01,johnssi01,Si Johnson,Golden Era (1920-1941),1937,1932,1928,1947,CIN,CIN,SP,492,272,15,2281.3333333333335,101,165,840,687,120.0,12.89,3.14,2.4,0.35,3.42,107.4,8.59,25.1,74.9,54.8,40.9,73.8,44.8,D,B,C,C-,C-,50.8,Rare,False,False,0,bbref_war
lyonste01,lyonste01,Ted Lyons,Golden Era (1920-1941),1930,1927,1923,1946,CHW,CHW,SP,594,484,23,4161.0,260,230,1073,1121,223.0,38.35,2.04,2.39,0.35,3.09,139.29,8.75,1.0,75.2,75.5,41.7,74.6,57.8,F,B+,B+,C-,C+,50.8,Epic,True,True,1,bbref_war
kremera01,kremera01,Ray Kremer,Golden Era (1920-1941),1927,1927,1924,1933,PIT,PIT,SP,308,247,10,1954.6666666666667,143,85,516,483,122.0,27.48,2.41,2.12,0.54,3.54,126.56,8.1,7.2,83.5,67.3,38.0,42.3,66.1,F,A-,B,D+,B,50.6,Rare,False,False,0,bbref_war
crawfsa02,crawfsa02,Sam Crawford,Golden Era (1920-1941),1924,1920,1911,1931,NLB,NLB,SP,160,114,7,976.6666666666666,61,51,461,351,25.0,4.81,4.32,3.1,0.24,4.42,85.73,8.03,54.0,53.9,40.7,37.7,92.7,55.1,C,C,C-,D+,C+,50.2,Rare,False,False,0,bbref_war
walkebi01,walkebi01,Bill Walker,Golden Era (1920-1941),1931,1931,1927,1936,SFG,SFG,SP,272,192,8,1489.6666666666667,97,77,626,538,99.0,19.7,3.81,3.27,0.51,3.35,122.76,8.1,41.5,48.9,64.8,38.1,47.0,66.2,C-,C,B-,D+,B,50.2,Rare,True,False,1,bbref_war
hallabi01,hallabi01,Bill Hallahan,Golden Era (1920-1941),1932,1931,1925,1938,STL,STL,SP,324,224,8,1740.3333333333333,102,94,856,779,71.0,16.31,4.9,3.94,0.37,3.76,111.98,7.61,68.3,28.7,57.8,35.3,70.3,51.0,B,D,C+,D+,C,50.1,Rare,True,False,1,bbref_war
morrijo04,morrijo04,Johnny Morrison,Golden Era (1920-1941),1924,1922,1920,1930,PIT,PIT,SP,297,164,23,1535.0,103,80,546,506,57.0,20.96,3.19,2.93,0.32,3.6,114.75,9.43,26.4,59.1,59.6,45.6,79.6,59.9,D,C+,C+,C,C+,50.1,Rare,False,False,0,bbref_war
newsobo01,newsobo01,Bobo Newsom,Golden Era (1920-1941),1939,1939,1929,1953,MIN,MIN,SP,600,483,21,3759.3333333333335,211,222,2082,1732,206.0,38.29,5.33,4.24,0.56,3.78,119.87,7.88,78.8,19.6,62.9,36.8,40.0,37.3,B+,F,B-,D+,D+,49.7,Rare,True,False,4,bbref_war
gatewbi01,gatewbi01,Bill Gatewood,Golden Era (1920-1941),1922,1920,1906,1927,NLB,NLB,SP,170,113,6,998.6666666666666,53,55,473,299,19.0,3.43,4.13,2.91,0.33,4.13,79.37,9.39,49.3,59.4,36.6,45.4,78.4,51.1,C,C+,D+,C,C,49.6,Rare,False,False,0,bbref_war
andreiv01,andreiv01,Ivy Andrews,Golden Era (1920-1941),1935,1935,1931,1938,NYY,NYY,SP,249,108,8,1041.0,50,59,257,342,59.0,19.1,2.2,2.81,0.51,4.02,127.98,15.55,1.8,62.7,68.2,80.6,47.8,36.3,F,B-,B,A-,D+,49.5,Rare,False,False,0,bbref_war
bushjo01,bushjo01,Bullet Joe Bush,Golden Era (1920-1941),1921,1916,1912,1928,OAK,OAK,SP,489,366,20,3087.3333333333335,195,183,1319,1263,96.0,28.87,3.91,3.62,0.25,2.99,117.44,8.4,44.1,38.2,61.3,39.7,91.0,62.1,C-,D+,B-,D+,B-,49.5,Rare,False,False,0,bbref_war
carlsha01,carlsha01,Hal Carlson,Golden Era (1920-1941),1924,1926,1917,1930,PIT,PIT,SP,377,238,19,2002.0,114,120,590,498,93.0,25.99,2.52,2.1,0.34,3.58,109.44,8.45,9.7,84.1,56.1,40.1,75.8,39.6,F,A-,C+,C-,D+,49.3,Rare,False,False,0,bbref_war
ferrewe01,ferrewe01,Wes Ferrell,Golden Era (1920-1941),1932,1930,1927,1941,CLE,CLE,SP,374,323,13,2623.0,193,128,985,1040,132.0,46.34,3.56,3.42,0.37,3.67,130.41,8.4,35.3,44.2,69.8,39.8,71.4,40.4,D+,C-,B,D+,C-,48.9,Rare,True,False,2,bbref_war
pipgrge01,pipgrge01,George Pipgras,Golden Era (1920-1941),1930,1928,1923,1935,NYY,NYY,SP,276,189,12,1488.3333333333333,102,73,714,598,66.0,13.67,4.38,3.44,0.38,3.94,103.01,7.95,55.4,43.6,52.0,37.2,69.9,42.1,C+,C-,C,D+,C-,48.9,Rare,False,False,0,bbref_war
bengera01,bengera01,Ray Benge,Golden Era (1920-1941),1931,1931,1925,1938,PHI,PHI,SP,346,249,19,1875.3333333333333,101,130,655,598,132.0,16.44,3.2,2.69,0.57,4.16,130.82,7.35,26.5,66.3,70.0,33.7,38.1,22.8,D,B,B,D,D-,48.8,Rare,False,False,0,bbref_war
bushgu01,bushgu01,Guy Bush,Golden Era (1920-1941),1932,1933,1923,1945,CHC,CHC,SP,542,308,34,2722.0,176,136,850,859,152.0,19.64,2.77,2.79,0.4,3.27,118.9,8.68,15.9,63.2,62.3,41.4,66.2,79.6,F,B-,B-,C-,B+,48.8,Rare,False,False,0,bbref_war
walberu01,walberu01,Rube Walberg,Golden Era (1920-1941),1929,1929,1923,1937,OAK,OAK,SP,544,307,32,2644.0,155,141,1085,1031,163.0,28.44,3.7,3.32,0.53,3.77,119.33,8.99,38.7,47.2,62.6,43.1,43.8,58.1,D+,C,B-,C-,C+,48.7,Rare,False,False,0,bbref_war
galehde01,galehde01,Denny Galehouse,Golden Era (1920-1941),1941,1943,1934,1949,BAL,BAL,SP,375,258,13,2004.0,109,118,851,735,104.0,20.36,4.16,3.38,0.45,3.78,110.08,8.26,50.2,45.6,56.6,38.9,57.1,35.4,C,C,C+,D+,D+,48.6,Rare,False,False,0,bbref_war
kolpra01,kolpra01,Ray Kolp,Golden Era (1920-1941),1929,1928,1921,1934,CIN,CIN,SP,383,174,18,1688.0,79,95,439,424,98.0,13.51,2.27,2.06,0.52,3.79,108.7,9.33,3.6,85.3,55.7,45.1,45.8,64.3,F,A,C+,C,B-,48.4,Rare,False,False,0,bbref_war
marbefi01,marbefi01,Firpo Marberry,Golden Era (1920-1941),1930,1929,1923,1936,MIN,MIN,RP,551,187,101,2067.3333333333335,148,88,822,686,96.0,27.69,3.33,2.87,0.42,3.42,125.0,12.58,29.6,60.8,66.3,16.2,62.2,73.9,D,B-,B,F,B,48.4,Rare,False,False,0,bbref_war
schumha02,schumha02,Hal Schumacher,Golden Era (1920-1941),1938,1933,1931,1946,SFG,SFG,SP,391,329,7,2482.3333333333335,158,121,906,902,139.0,25.45,3.14,3.0,0.46,3.02,121.79,7.65,25.0,56.9,64.2,35.5,55.5,72.5,D,C+,B-,D+,B,48.3,Rare,True,False,2,bbref_war
crowdal01,crowdal01,General Crowder,Golden Era (1920-1941),1931,1932,1926,1936,MIN,MIN,SP,402,292,22,2344.3333333333335,167,115,799,800,136.0,29.29,3.05,2.74,0.52,3.83,112.17,8.17,22.9,64.6,57.9,38.4,45.5,76.9,D-,B-,C+,D+,B+,48.2,Rare,True,False,1,bbref_war
hadlebu01,hadlebu01,Bump Hadley,Golden Era (1920-1941),1931,1933,1926,1941,MIN,MIN,SP,528,355,25,2945.6666666666665,161,165,1318,1442,167.0,31.29,4.11,4.12,0.34,3.62,125.44,9.16,48.8,23.2,66.5,44.1,75.3,64.3,C,D-,B,C-,B-,48.2,Rare,False,False,0,bbref_war
jonessa01,jonessa01,Sad Sam Jones,Golden Era (1920-1941),1924,1921,1914,1935,BOS,BOS,SP,647,487,31,3883.0,229,217,1223,1396,152.0,26.23,2.78,2.88,0.28,3.52,118.21,8.06,16.2,60.4,61.8,37.8,86.2,70.1,F,B-,B-,D+,B,48.1,Rare,False,False,0,bbref_war
barnevi01,barnevi01,Virgil Barnes,Golden Era (1920-1941),1924,1924,1919,1928,SFG,SFG,SP,205,135,11,1094.0,61,59,275,293,46.0,10.59,2.44,2.24,0.37,3.42,97.43,9.27,7.8,79.8,48.3,44.7,71.2,74.9,F,B+,C,C-,B,48.0,Rare,False,False,0,bbref_war
hevinjo02,hevinjo02,Joe Heving,Golden Era (1920-1941),1940,1933,1930,1945,CLE,CLE,RP,430,40,63,1038.6666666666667,76,48,429,380,64.0,13.14,3.59,3.06,0.4,3.08,135.12,40.18,36.1,55.1,72.8,6.8,65.8,52.0,D+,C+,B,F,C,47.9,Uncommon,False,False,0,bbref_war
mitchge01,mitchge01,George Mitchell,Golden Era (1920-1941),1928,1927,1924,1941,HIST,HIST,SP,135,89,2,779.6666666666666,48,45,305,327,43.0,9.74,3.46,3.51,0.35,3.87,113.41,10.87,33.0,41.6,58.7,53.8,75.3,55.1,D,C-,C+,C,C+,47.9,Rare,True,False,2,bbref_war
bellhi01,bellhi01,Herman Bell,Golden Era (1920-1941),1930,1933,1924,1934,STL,STL,RP,221,47,24,663.3333333333334,32,34,191,143,34.0,5.3,2.59,1.92,0.46,3.63,114.12,20.95,11.4,89.3,59.2,9.1,56.6,72.8,F,A,C+,F,B,47.8,Uncommon,False,False,0,bbref_war
mcclubo02,mcclubo01,Bob McClure,Golden Era (1920-1941),1925,1921,1920,1929,NLB,NLB,SP,168,94,6,867.0,56,48,366,339,28.0,0.0,3.74,3.31,0.3,3.86,,9.41,39.9,47.4,50.0,45.5,82.0,51.9,D+,C,C,C,C,47.8,Uncommon,False,False,0,bbref_war
earnsge01,earnsge01,George Earnshaw,Golden Era (1920-1941),1931,1929,1928,1936,OAK,OAK,SP,319,249,12,1915.3333333333333,127,93,1002,809,142.0,22.37,4.9,3.83,0.67,4.15,104.81,7.75,68.4,31.9,53.1,36.0,20.7,55.3,B,D,C,D+,C+,47.6,Uncommon,False,False,0,bbref_war
milleja02,milleja02,Jake Miller,Golden Era (1920-1941),1927,1925,1924,1933,CLE,CLE,SP,200,139,3,1069.6666666666667,60,58,305,340,33.0,17.84,2.51,2.62,0.25,3.6,122.71,7.45,9.5,68.3,64.8,34.3,91.7,43.1,F,B,B-,D,C-,47.5,Uncommon,False,False,0,bbref_war
cantwbe01,cantwbe01,Ben Cantwell,Golden Era (1920-1941),1932,1932,1927,1937,ATL,ATL,SP,316,163,21,1534.0,76,108,348,382,90.0,15.17,1.94,2.17,0.52,3.73,109.02,10.11,1.0,81.8,55.9,49.5,46.2,56.1,F,A-,C+,C,C+,47.2,Uncommon,False,False,0,bbref_war
macfada01,macfada01,Danny MacFayden,Golden Era (1920-1941),1931,1936,1926,1943,BOS,BOS,SP,465,332,9,2706.0,132,159,797,872,112.0,25.28,2.6,2.8,0.26,3.52,114.76,8.25,11.9,62.9,59.6,38.9,90.0,64.5,F,B-,C+,D+,B-,47.2,Uncommon,False,False,0,bbref_war
brownju01,brownju01,Jumbo Brown,Golden Era (1920-1941),1938,1938,1925,1941,SFG,SFG,RP,249,23,29,597.3333333333334,33,31,301,300,26.0,6.4,4.39,3.75,0.35,3.33,127.33,14.74,55.9,34.2,67.8,4.2,73.9,64.7,C+,D,B,F,B-,47.0,Uncommon,False,False,0,bbref_war
zachato01,zachato01,Tom Zachary,Golden Era (1920-1941),1924,1924,1918,1936,MIN,MIN,SP,533,409,22,3126.3333333333335,186,191,720,914,119.0,26.88,2.11,2.48,0.31,3.38,119.73,8.06,1.0,72.5,62.8,37.8,80.8,59.0,F,B,B-,D+,C+,46.7,Uncommon,False,False,0,bbref_war
grissle01,grissle01,Lee Grissom,Golden Era (1920-1941),1937,1937,1934,1941,CIN,CIN,SP,162,95,7,701.6666666666666,29,48,384,305,35.0,8.17,5.09,3.91,0.43,3.78,85.91,7.17,73.0,29.3,40.8,32.7,61.3,58.0,B,D,C-,D,C+,46.6,Uncommon,True,False,1,bbref_war
ryanro01,ryanro01,Rosy Ryan,Golden Era (1920-1941),1922,1922,1919,1933,SFG,SFG,RP,248,73,19,881.0,52,47,315,278,33.0,4.65,3.24,2.69,0.29,3.61,103.52,11.04,27.5,66.1,52.3,14.0,84.1,76.7,D,B,C,F,B+,46.6,Uncommon,False,False,0,bbref_war
aldrivi01,aldrivi01,Vic Aldridge,Golden Era (1920-1941),1924,1925,1917,1928,CHC,CHC,SP,248,205,6,1600.6666666666667,97,80,526,512,87.0,16.53,2.96,2.82,0.49,3.69,107.57,8.97,20.6,62.2,54.9,43.0,51.0,62.0,D-,B-,C,C-,B-,46.5,Uncommon,False,False,0,bbref_war
smithth01,smithth01,Theolic Smith,Golden Era (1920-1941),1938,1943,1936,1943,NLB,NLB,SP,63,45,3,354.6666666666667,17,27,155,126,20.0,1.25,3.93,3.2,0.51,4.95,97.69,7.94,44.5,50.9,48.5,37.1,48.1,50.2,C-,C,C,D+,C,46.5,Uncommon,True,False,2,bbref_war
kaufmto01,kaufmto01,Tony Kaufmann,Golden Era (1920-1941),1924,1926,1921,1935,CHC,CHC,SP,202,123,12,1086.3333333333333,64,62,345,368,81.0,9.98,2.87,2.98,0.62,3.74,118.93,9.52,18.4,57.3,62.3,46.2,30.1,68.4,F,C+,B-,C,B,46.4,Uncommon,False,False,0,bbref_war
marcujo01,marcujo01,Johnny Marcum,Golden Era (1920-1941),1936,1935,1933,1939,OAK,OAK,SP,195,132,7,1099.3333333333333,65,63,392,344,91.0,14.26,3.21,2.82,0.74,4.66,118.92,8.47,26.7,62.4,62.3,40.2,8.5,42.9,D,B-,B-,C-,C-,46.4,Uncommon,False,False,0,bbref_war
shouncl01,shouncl01,Clyde Shoun,Golden Era (1920-1941),1940,1940,1935,1949,CIN,CIN,RP,454,85,29,1287.0,73,59,483,404,81.0,10.7,3.39,2.61,0.46,3.4,106.98,20.56,31.2,68.5,54.5,9.8,55.5,71.8,D,B,C,F,B,46.4,Uncommon,False,False,0,bbref_war
caseyhu01,caseyhu01,Hugh Casey,Golden Era (1920-1941),1941,1939,1935,1949,LAD,LAD,RP,343,56,55,939.6666666666666,75,42,349,321,58.0,14.6,3.44,2.96,0.5,3.16,124.43,37.83,32.5,58.1,65.9,9.0,48.7,66.7,D,C+,B,F,B,46.2,Uncommon,False,False,0,bbref_war
sothoal01,sothoal01,Allen Sothoron,Golden Era (1920-1941),1921,1919,1914,1926,BAL,BAL,SP,264,194,9,1582.3333333333333,91,100,576,596,34.0,16.31,3.4,3.33,0.21,3.06,104.15,8.38,31.5,46.8,52.7,39.6,97.4,52.5,D,C,C,D+,C,46.2,Uncommon,False,False,0,bbref_war
freybe01,freybe01,Benny Frey,Golden Era (1920-1941),1932,1934,1929,1936,CIN,CIN,SP,256,127,8,1160.0,57,82,179,263,54.0,8.91,1.33,1.99,0.41,4.24,92.42,9.62,1.0,87.3,45.1,46.7,63.9,50.9,F,A,C,C,C,46.1,Uncommon,False,False,0,bbref_war
thomato02,thomato02,Tommy Thomas,Golden Era (1920-1941),1929,1927,1926,1937,CHW,CHW,SP,398,267,12,2176.3333333333335,117,128,736,712,144.0,26.61,3.12,2.89,0.57,3.77,112.8,8.34,24.5,60.0,58.3,39.4,37.5,52.5,D-,B-,C+,D+,C,46.1,Uncommon,False,False,0,bbref_war
heimafr01,heimafr01,Fred Heimach,Golden Era (1920-1941),1925,1923,1920,1933,OAK,OAK,SP,296,127,7,1288.6666666666667,62,69,334,360,64.0,7.25,2.54,2.3,0.38,4.06,89.53,9.97,10.4,78.0,43.2,48.8,69.5,44.9,F,B+,C-,C,C-,45.9,Uncommon,False,False,0,bbref_war
bentola01,bentola01,Larry Benton,Golden Era (1920-1941),1927,1928,1923,1935,ATL,ATL,SP,455,258,22,2297.0,127,128,670,691,109.0,20.07,2.77,2.83,0.4,3.57,109.71,8.55,16.0,61.9,56.3,40.6,66.0,56.5,F,B-,C+,C-,C+,45.8,Uncommon,False,False,0,bbref_war
brownll01,brownll01,Lloyd Brown,Golden Era (1920-1941),1932,1931,1925,1940,MIN,MIN,SP,404,181,21,1693.0,91,105,510,590,83.0,18.77,2.66,2.99,0.47,3.93,115.29,9.79,13.3,57.1,59.9,47.7,54.4,67.2,F,C+,C+,C,B,45.8,Uncommon,False,False,0,bbref_war
henrypr01,henrypr01,Preacher Henry,Golden Era (1920-1941),1941,1939,1938,1948,NLB,NLB,SP,65,52,1,392.0,20,26,211,184,13.0,1.71,5.06,4.22,0.29,4.25,87.64,7.64,72.3,20.1,42.0,35.4,84.7,52.1,B,D-,C-,D+,C,45.8,Uncommon,True,False,1,bbref_war
oldhare01,oldhare01,Red Oldham,Golden Era (1920-1941),1921,1921,1914,1926,DET,DET,SP,176,92,12,854.3333333333334,39,48,267,292,35.0,5.06,2.81,3.08,0.37,4.15,93.93,13.6,17.0,54.6,46.1,69.5,71.3,47.1,F,C,C,B,C,45.8,Uncommon,False,False,0,bbref_war
eisenha01,eisenha01,Harry Eisenstat,Golden Era (1920-1941),1939,1938,1935,1942,CLE,CLE,RP,165,32,14,478.6666666666667,25,27,157,114,30.0,7.43,2.95,2.09,0.56,3.78,106.29,21.53,20.3,84.2,54.1,8.3,39.0,56.2,D-,A-,C,F,C+,45.7,Uncommon,False,False,0,bbref_war
adamsem01,adamsem01,Emery Adams,Golden Era (1920-1941),1940,1940,1932,1946,NLB,NLB,SP,89,58,1,439.3333333333333,28,25,192,191,30.0,6.83,4.07,3.5,0.6,3.53,108.52,7.48,47.9,41.8,55.5,34.5,33.2,48.3,C,C-,C+,D,C,45.5,Uncommon,True,False,1,bbref_war
browncl01,browncl01,Clint Brown,Golden Era (1920-1941),1933,1932,1928,1942,CLE,CLE,RP,434,130,64,1485.6666666666667,89,93,410,368,84.0,18.82,2.46,2.13,0.5,4.13,117.72,7.55,8.2,83.1,61.5,14.4,49.3,53.5,F,A-,B-,F,C,45.5,Uncommon,False,False,0,bbref_war
rommeed01,rommeed01,Eddie Rommel,Golden Era (1920-1941),1923,1922,1920,1932,OAK,OAK,SP,500,249,29,2556.3333333333335,171,119,599,724,138.0,38.84,2.16,2.71,0.44,3.48,125.58,9.69,1.0,65.7,66.6,47.1,58.9,42.7,F,B,B,C,C-,45.5,Uncommon,False,False,0,bbref_war
hollial01,hollial01,Al Hollingsworth,Golden Era (1920-1941),1938,1945,1935,1946,BAL,BAL,SP,315,185,15,1520.3333333333333,70,104,608,587,47.0,12.52,3.72,3.4,0.27,3.77,100.76,8.08,39.3,44.7,50.5,37.9,87.4,35.4,D+,C-,C,D+,D+,45.4,Uncommon,False,False,0,bbref_war
jeffrji01,jeffrji01,Jim Jeffries,Golden Era (1920-1941),1923,1921,1915,1928,HIST,HIST,SP,158,104,8,884.6666666666666,50,51,347,291,23.0,9.66,3.5,3.05,0.26,4.25,87.27,7.79,33.9,55.5,41.7,36.2,88.6,56.1,D,C+,C-,D+,C+,45.4,Uncommon,False,False,0,bbref_war
thurssl01,thurssl01,Hollis Thurston,Golden Era (1920-1941),1930,1923,1923,1933,CHW,CHW,SP,288,178,13,1542.6666666666667,89,86,306,369,93.0,14.06,1.73,2.1,0.51,3.9,100.62,9.27,1.0,83.9,50.4,44.8,48.3,49.4,F,A-,C,C-,C,45.4,Uncommon,False,False,0,bbref_war
ehmkeho01,ehmkeho01,Howard Ehmke,Golden Era (1920-1941),1923,1924,1915,1930,DET,DET,SP,427,339,14,2820.6666666666665,166,166,1030,1042,103.0,33.57,3.32,3.31,0.27,3.64,110.42,8.34,29.4,47.4,56.8,39.4,87.8,31.9,D,C,C+,D+,D,45.3,Uncommon,False,False,0,bbref_war
smithed04,smithed04,Eddie Smith,Golden Era (1920-1941),1940,1941,1936,1947,CHW,CHW,SP,282,197,12,1595.6666666666667,73,113,694,739,106.0,18.67,3.76,3.98,0.57,3.58,132.6,8.12,40.2,27.4,71.2,38.1,38.2,57.1,C-,D,B,D+,C+,45.2,Uncommon,True,False,2,bbref_war
tobinji01,tobinji01,Jim Tobin,Golden Era (1920-1941),1941,1944,1937,1945,ATL,ATL,SP,287,227,5,1900.0,105,112,498,557,107.0,18.61,2.36,2.63,0.49,3.23,114.53,8.71,5.7,68.1,59.4,41.5,50.9,62.9,F,B,C+,C-,B-,45.2,Uncommon,True,False,1,bbref_war
ruethdu01,ruethdu01,Dutch Ruether,Golden Era (1920-1941),1922,1920,1917,1927,CIN,CIN,SP,309,272,8,2124.6666666666665,137,95,708,739,54.0,21.25,2.89,3.26,0.22,3.36,115.14,7.71,18.8,49.1,59.8,35.8,96.2,60.1,F,C,C+,D+,B-,45.1,Uncommon,False,False,0,bbref_war
gumbeha01,gumbeha01,Harry Gumbert,Golden Era (1920-1941),1941,1941,1935,1950,SFG,SFG,SP,508,235,48,2156.0,143,113,709,721,121.0,15.11,2.94,2.96,0.48,3.56,108.61,7.95,20.0,58.2,55.6,37.2,53.2,66.9,D-,C+,C+,D+,B,45.0,Uncommon,False,False,0,bbref_war
pearsmo01,pearsmo01,Monte Pearson,Golden Era (1920-1941),1937,1933,1932,1941,NYY,NYY,SP,224,191,4,1429.6666666666667,100,61,703,740,82.0,18.94,4.44,4.52,0.51,3.8,125.91,7.46,57.1,11.0,66.8,34.4,47.6,74.1,C+,F,B,D,B,45.0,Uncommon,True,False,2,bbref_war
frankfr02,frankfr02,Fred Frankhouse,Golden Era (1920-1941),1933,1936,1927,1939,ATL,ATL,SP,402,216,12,1888.0,106,97,622,701,111.0,14.29,3.11,3.17,0.47,3.61,112.03,8.3,24.4,51.9,57.8,39.2,54.2,56.1,D-,C,C+,D+,C+,44.9,Uncommon,True,False,1,bbref_war
stewale01,stewale01,Lefty Stewart,Golden Era (1920-1941),1931,1930,1921,1935,BAL,BAL,SP,279,216,8,1722.0,101,98,503,498,117.0,24.67,2.74,2.69,0.64,4.0,114.72,7.86,15.1,66.1,59.6,36.7,26.0,57.5,F,B,C+,D+,C+,44.9,Uncommon,False,False,0,bbref_war
rhemfl01,rhemfl01,Flint Rhem,Golden Era (1920-1941),1930,1932,1924,1936,STL,STL,SP,294,229,10,1725.3333333333333,105,97,534,529,113.0,12.0,2.81,2.74,0.57,3.72,107.99,8.26,17.0,64.6,55.2,39.0,38.5,56.2,F,B-,C+,D+,C+,44.8,Uncommon,False,False,0,bbref_war
smithal03,smithal03,Al Smith,Golden Era (1920-1941),1940,1940,1934,1945,CLE,CLE,SP,356,202,17,1662.3333333333333,99,101,587,587,94.0,9.62,2.93,3.05,0.47,3.4,107.62,8.65,19.9,55.5,55.0,41.2,54.6,66.0,F,C+,C+,C-,B,44.8,Uncommon,True,False,1,bbref_war
ellioju01,ellioju01,Jumbo Elliott,Golden Era (1920-1941),1930,1927,1923,1934,LAD,LAD,SP,252,144,12,1206.6666666666667,63,74,453,414,70.0,11.49,3.39,2.93,0.51,4.12,92.67,8.52,31.3,59.1,45.2,40.4,47.1,46.4,D,C+,C,C-,C,44.6,Uncommon,False,False,0,bbref_war
glaznwh01,glaznwh01,Whitey Glazner,Golden Era (1920-1941),1922,1921,1920,1924,PIT,PIT,SP,142,102,4,783.6666666666666,41,48,266,249,44.0,7.72,3.05,2.86,0.51,4.21,105.34,7.6,22.9,61.1,53.5,35.2,48.5,43.8,D-,B-,C,D+,C-,44.3,Uncommon,False,False,0,bbref_war
mcquihu01,mcquihu01,Hugh McQuillan,Golden Era (1920-1941),1922,1923,1918,1927,SFG,SFG,SP,279,204,16,1561.6666666666667,88,94,446,489,67.0,11.06,2.61,2.82,0.34,3.6,102.89,7.98,12.0,62.3,51.9,37.4,76.0,65.0,F,B-,C,D+,B,44.2,Uncommon,False,False,0,bbref_war
colliri01,colliri01,Rip Collins,Golden Era (1920-1941),1926,1922,1920,1931,DET,DET,SP,311,219,5,1712.3333333333333,108,82,569,674,73.0,20.58,3.15,3.56,0.4,3.58,121.0,8.32,25.4,40.0,63.7,39.3,66.1,52.7,D,C-,B-,D+,C,44.1,Uncommon,False,False,0,bbref_war
russeja01,russeja01,Jack Russell,Golden Era (1920-1941),1929,1933,1926,1940,BOS,BOS,RP,557,182,38,2050.6666666666665,85,141,418,571,83.0,16.25,1.71,2.24,0.3,3.74,114.88,17.18,1.0,79.8,59.7,13.1,83.1,55.5,F,B+,C+,F,C+,44.0,Uncommon,True,False,1,bbref_war
harrisl01,harrisl01,Slim Harriss,Golden Era (1920-1941),1923,1925,1920,1928,OAK,OAK,SP,349,228,16,1750.3333333333333,95,135,644,630,75.0,17.62,3.37,3.21,0.39,4.18,103.07,7.46,30.8,50.5,52.0,34.4,67.7,38.3,D,C,C,D,D+,43.8,Uncommon,False,False,0,bbref_war
smithbo02,smithbo02,Bob Smith,Golden Era (1920-1941),1930,1930,1925,1937,ATL,ATL,SP,435,229,40,2246.3333333333335,106,139,618,670,132.0,20.52,2.59,2.7,0.56,3.81,107.04,9.39,11.6,65.8,54.6,45.4,39.0,41.7,F,B,C,C,C-,43.8,Uncommon,False,False,0,bbref_war
kincaha01,kincaha01,Harry Kincannon,Golden Era (1920-1941),1936,1933,1932,1939,NLB,NLB,SP,76,44,3,380.3333333333333,16,26,200,155,22.0,-1.49,4.91,3.93,0.56,6.06,76.2,8.78,68.6,28.8,34.5,41.9,39.1,50.6,B,D,D,C-,C,43.7,Uncommon,True,False,1,bbref_war
brownma01,brownma01,Mace Brown,Golden Era (1920-1941),1941,1939,1935,1946,PIT,PIT,RP,387,55,48,1075.3333333333333,76,57,435,388,44.0,11.5,3.45,3.27,0.38,3.29,119.35,12.41,32.6,48.7,62.6,8.0,69.8,55.8,D,C,B-,F,C+,43.5,Uncommon,True,False,1,bbref_war
parmero01,parmero01,Roy Parmelee,Golden Era (1920-1941),1933,1934,1929,1939,SFG,SFG,SP,206,144,3,1120.3333333333333,59,55,514,531,68.0,4.47,4.23,3.87,0.5,3.91,91.82,8.12,51.8,30.6,44.7,38.1,50.2,69.5,C,D,C-,D+,B,43.5,Uncommon,False,False,0,bbref_war
shautjo01,shautjo01,Joe Shaute,Golden Era (1920-1941),1926,1924,1922,1934,CLE,CLE,SP,360,208,18,1818.3333333333333,99,109,512,534,75.0,16.05,2.48,2.75,0.32,4.03,104.2,8.32,8.9,64.3,52.7,39.3,79.6,43.6,F,B-,C,D+,C-,43.5,Uncommon,False,False,0,bbref_war
russeal01,russeal01,Allen Russell,Golden Era (1920-1941),1920,1923,1915,1925,NYY,NYY,RP,345,110,42,1394.3333333333333,71,76,603,610,59.0,10.74,3.9,3.67,0.37,3.37,109.98,14.54,43.6,36.6,56.5,16.5,71.5,63.6,C-,D+,C+,F,B-,43.4,Uncommon,False,False,0,bbref_war
osterfr01,osterfr01,Fritz Ostermueller,Golden Era (1920-1941),1938,1946,1934,1948,BOS,BOS,SP,390,246,15,2066.6666666666665,114,115,774,835,105.0,28.32,3.23,3.56,0.43,3.7,118.68,8.24,27.2,40.1,62.1,38.9,61.0,40.9,D,C-,B-,D+,C-,43.3,Uncommon,False,False,0,bbref_war
dismudi01,dismudi01,Dizzy Dismukes,Golden Era (1920-1941),1924,1923,1911,1932,HIST,HIST,SP,172,141,2,1173.3333333333333,75,65,442,324,33.0,4.0,3.06,2.97,0.4,3.85,102.45,6.25,23.1,57.8,51.6,27.5,65.5,51.1,D-,C+,C,D,C,43.1,Uncommon,False,False,0,bbref_war
donalat01,donalat01,Atley Donald,Golden Era (1920-1941),1941,1940,1938,1945,NYY,NYY,SP,153,115,1,932.3333333333334,65,33,369,369,66.0,5.93,3.45,3.66,0.62,3.37,112.03,7.94,32.8,36.9,57.8,37.1,29.4,84.5,D,D+,C+,D+,A-,43.1,Uncommon,False,False,0,bbref_war
hubbebi01,hubbebi01,Bill Hubbell,Golden Era (1920-1941),1922,1924,1919,1925,PHI,PHI,SP,204,108,10,931.0,40,63,167,225,67.0,1.37,1.61,2.18,0.65,4.68,91.67,10.06,1.0,81.7,44.6,49.2,24.7,46.5,F,A-,C-,C,C,42.8,Uncommon,False,False,0,bbref_war
weilabo01,weilabo01,Bob Weiland,Golden Era (1920-1941),1934,1933,1928,1940,STL,STL,SP,277,179,7,1388.3333333333333,62,94,614,611,85.0,14.37,3.99,3.57,0.54,3.87,92.57,7.89,45.8,39.8,45.2,36.9,42.9,46.3,C,D+,C,D+,C,42.7,Uncommon,False,False,0,bbref_war
fillida01,fillida01,Dana Fillingim,Golden Era (1920-1941),1920,1921,1915,1925,ATL,ATL,SP,200,113,5,1076.3333333333333,47,73,270,313,32.0,5.74,2.24,2.55,0.24,3.39,89.57,9.53,2.9,70.3,43.2,46.2,92.8,38.1,F,B,C-,C,D+,42.6,Uncommon,False,False,0,bbref_war
johnsha01,johnsha01,Hank Johnson,Golden Era (1920-1941),1932,1933,1925,1939,NYY,NYY,SP,249,116,11,1066.3333333333333,63,56,568,567,89.0,5.48,4.91,4.68,0.71,4.41,105.86,10.0,68.5,6.4,53.8,48.9,13.7,48.4,B,F,C,C,C,42.6,Uncommon,False,False,0,bbref_war
whiteea01,whiteea01,Earl Whitehill,Golden Era (1920-1941),1931,1927,1923,1939,DET,DET,SP,541,473,11,3564.6666666666665,218,185,1350,1431,192.0,26.14,3.34,3.48,0.46,4.03,108.5,7.88,29.9,42.5,55.5,36.8,56.8,42.7,D,C-,C+,D+,C-,42.5,Uncommon,False,False,0,bbref_war
blaehge01,blaehge01,George Blaeholder,Golden Era (1920-1941),1932,1934,1925,1936,BAL,BAL,SP,338,251,12,1914.3333333333333,104,125,572,535,173.0,21.61,2.62,2.5,0.72,4.48,103.0,7.57,12.2,72.1,51.9,35.0,12.1,49.6,F,B,C,D+,C,42.4,Uncommon,False,False,0,bbref_war
bowmajo01,bowmajo01,Joe Bowman,Golden Era (1920-1941),1936,1935,1932,1945,PIT,PIT,SP,298,184,11,1465.6666666666667,77,96,502,484,102.0,6.4,3.21,2.92,0.63,4.28,91.66,8.46,26.8,59.3,44.6,40.1,26.9,46.5,D,C+,C-,C-,C,42.4,Uncommon,False,False,0,bbref_war
danfoda01,danfoda01,Dave Danforth,Golden Era (1920-1941),1922,1923,1911,1925,BAL,BAL,RP,286,109,23,1186.0,71,66,484,455,45.0,12.64,3.76,3.5,0.39,3.78,101.76,11.88,40.2,41.8,51.1,16.3,67.3,59.3,C-,C-,C,F,C+,42.0,Uncommon,False,False,0,bbref_war
hudliwi01,hudliwi01,Willis Hudlin,Golden Era (1920-1941),1930,1929,1926,1944,CLE,CLE,SP,491,328,31,2613.3333333333335,158,156,677,846,118.0,27.5,2.34,2.9,0.32,4.11,108.62,7.9,5.4,59.9,55.6,36.9,79.6,42.6,F,C+,C+,D+,C-,41.9,Uncommon,False,False,0,bbref_war
aukerel01,aukerel01,Elden Auker,Golden Era (1920-1941),1937,1940,1933,1942,DET,DET,SP,333,261,2,1963.3333333333333,130,101,594,706,129.0,16.86,2.77,3.12,0.54,4.15,108.85,7.94,15.9,53.1,55.8,37.1,42.2,55.9,F,C,C+,D+,C+,41.7,Uncommon,False,False,0,bbref_war
pressto01,pressto01,Tot Pressnell,Golden Era (1920-1941),1940,1938,1938,1942,LAD,LAD,RP,154,42,12,526.3333333333334,32,30,157,134,30.0,6.43,2.68,2.29,0.51,3.8,98.95,26.47,13.8,78.2,49.3,11.3,47.2,45.8,F,B+,C,F,C,41.7,Uncommon,False,False,0,bbref_war
vangiel01,vangiel01,Elam Vangilder,Golden Era (1920-1941),1923,1923,1919,1929,BAL,BAL,SP,367,187,19,1715.6666666666667,99,102,474,699,92.0,16.42,2.52,3.53,0.44,3.87,118.89,10.42,9.9,41.0,62.3,51.3,59.7,50.3,F,C-,B-,C,C,41.5,Uncommon,False,False,0,bbref_war
rectoco01,rectoco01,Connie Rector,Golden Era (1920-1941),1928,1929,1920,1944,NLB,NLB,SP,176,120,6,1116.3333333333333,66,56,428,362,61.0,8.11,2.95,3.19,0.48,4.7,96.16,9.09,20.5,51.1,47.5,43.7,53.5,47.7,D-,C,C,C-,C,41.4,Uncommon,False,False,0,bbref_war
ringji01,ringji01,Jimmy Ring,Golden Era (1920-1941),1922,1923,1917,1928,PHI,PHI,SP,389,294,11,2354.3333333333335,118,149,835,953,104.0,22.21,3.17,3.53,0.39,3.86,108.42,8.08,25.9,40.8,55.5,37.9,68.5,32.8,D,C-,C+,D+,D,41.3,Uncommon,False,False,0,bbref_war
meinehe01,meinehe01,Heinie Meine,Golden Era (1920-1941),1931,1931,1922,1934,PIT,PIT,SP,165,132,3,999.3333333333334,66,50,199,287,47.0,7.67,1.79,2.58,0.42,3.95,100.33,7.57,1.0,69.4,50.2,35.0,62.2,54.3,F,B,C,D+,C,41.2,Uncommon,False,False,0,bbref_war
andrena01,andrena01,Nate Andrews,Golden Era (1920-1941),1941,1943,1937,1946,ATL,ATL,SP,127,97,2,773.3333333333334,41,54,216,236,40.0,10.06,2.48,2.81,0.45,3.38,87.51,9.79,8.8,62.7,41.9,47.7,57.5,55.0,F,B-,C-,C,C+,41.1,Uncommon,True,False,1,bbref_war
keenvi01,keenvi01,Vic Keen,Golden Era (1920-1941),1923,1923,1918,1927,CHC,CHC,SP,165,82,6,748.3333333333334,42,44,202,248,56.0,5.25,2.48,2.8,0.65,3.84,98.34,8.64,8.7,62.8,48.9,41.1,24.4,71.4,F,B-,C,C-,B,41.1,Uncommon,False,False,0,bbref_war
wilsoja01,wilsoja01,Jack Wilson,Golden Era (1920-1941),1937,1937,1934,1942,BOS,BOS,SP,281,121,20,1131.6666666666667,68,72,590,601,73.0,13.14,4.78,4.71,0.57,4.44,100.64,9.43,65.4,5.3,50.4,45.6,37.4,42.1,B,F,C,C,C-,41.1,Uncommon,False,False,0,bbref_war
deanch01,deanch01,Chubby Dean,Golden Era (1920-1941),1940,1938,1937,1943,OAK,OAK,SP,162,68,9,685.6666666666666,30,46,195,323,52.0,-2.69,2.56,4.24,0.68,5.08,93.64,25.99,10.8,19.5,45.9,125.0,18.9,43.0,F,F,C,S,C-,40.9,Uncommon,False,False,0,bbref_war
gastomi01,gastomi01,Milt Gaston,Golden Era (1920-1941),1929,1930,1924,1934,BOS,BOS,SP,355,271,8,2105.0,97,164,615,836,114.0,16.85,2.67,3.61,0.47,4.19,103.37,12.63,13.4,38.4,52.2,63.9,53.9,53.3,F,D+,C,B-,C,40.9,Uncommon,False,False,0,bbref_war
murphjo04,murphjo04,Johnny Murphy,Golden Era (1920-1941),1938,1934,1932,1947,NYY,NYY,RP,415,40,107,1045.0,93,53,378,444,52.0,14.83,3.25,3.89,0.41,3.25,136.14,25.29,27.8,30.2,73.5,8.2,63.9,71.7,D,D,B,F,B,40.9,Uncommon,True,False,3,bbref_war
blakesh01,blakesh01,Sheriff Blake,Golden Era (1920-1941),1927,1928,1920,1937,CHC,CHC,SP,304,196,8,1620.0,87,102,621,740,68.0,12.61,3.34,4.07,0.36,3.91,109.49,8.02,30.0,24.8,56.2,37.6,73.0,72.0,D,D-,C+,D+,B,40.6,Uncommon,False,False,0,bbref_war
nayloro01,nayloro01,Rollie Naylor,Golden Era (1920-1941),1921,1923,1917,1924,OAK,OAK,SP,181,136,0,1011.0,42,83,282,346,34.0,8.58,2.51,3.08,0.3,3.93,107.77,7.23,9.5,54.5,55.1,33.1,82.3,32.7,F,C,C+,D,D,40.5,Uncommon,False,False,0,bbref_war
fischca01,fischca01,Carl Fischer,Golden Era (1920-1941),1933,1933,1930,1937,MIN,MIN,SP,191,105,11,823.0,46,50,376,372,53.0,6.42,4.11,4.07,0.58,4.63,91.17,7.78,48.9,24.7,44.3,36.2,36.1,73.2,C,D-,C-,D+,B,40.4,Uncommon,False,False,0,bbref_war
beckbo01,beckbo01,Boom-Boom Beck,Golden Era (1920-1941),1940,1945,1924,1945,PHI,PHI,RP,265,100,6,1034.0,38,69,352,342,63.0,6.28,3.1,2.83,0.52,3.98,97.37,14.47,24.0,62.1,48.3,16.3,45.9,38.9,D-,B-,C,F,D+,40.3,Uncommon,False,False,0,bbref_war
genewjo01,genewjo01,Joe Genewich,Golden Era (1920-1941),1926,1923,1922,1930,ATL,ATL,SP,272,166,12,1401.6666666666667,73,92,316,402,77.0,11.38,2.05,2.48,0.52,3.93,92.16,8.84,1.0,72.7,44.9,42.3,46.7,39.9,F,B,C-,C-,D+,40.3,Uncommon,False,False,0,bbref_war
hansesn01,hansesn01,Snipe Hansen,Golden Era (1920-1941),1933,1932,1930,1935,PHI,PHI,SP,155,71,6,625.6666666666666,22,45,176,194,50.0,1.34,2.53,2.79,0.72,5.01,84.14,13.15,10.1,63.2,39.7,66.9,12.8,27.4,F,B-,D+,B,D,40.3,Uncommon,False,False,0,bbref_war
hildeor01,hildeor01,Oral Hildebrand,Golden Era (1920-1941),1935,1933,1931,1940,CLE,CLE,SP,258,182,13,1430.6666666666667,83,78,527,623,99.0,18.71,3.32,3.85,0.59,4.21,115.27,7.94,29.3,31.2,59.9,37.1,34.5,56.5,D,D,C+,D+,C+,40.2,Uncommon,True,False,1,bbref_war
castege01,castege01,George Caster,Golden Era (1920-1941),1939,1938,1934,1946,OAK,OAK,RP,376,127,39,1377.6666666666667,76,100,595,597,121.0,14.93,3.99,3.86,0.77,3.93,126.26,8.6,45.9,31.0,67.1,15.2,4.3,32.0,C,D,B,F,D,40.1,Uncommon,False,False,0,bbref_war
applepe01,applepe01,Pete Appleton,Golden Era (1920-1941),1937,1936,1927,1945,MIN,MIN,RP,341,71,26,1141.0,57,66,420,486,76.0,9.03,3.45,3.77,0.56,4.04,125.14,15.55,32.6,33.8,66.3,13.1,39.1,54.2,D,D,B,F,C,39.8,Uncommon,False,False,0,bbref_war
burkebo01,burkebo01,Bobby Burke,Golden Era (1920-1941),1931,1934,1927,1937,MIN,MIN,RP,254,88,5,918.6666666666666,38,46,299,360,35.0,8.76,2.94,3.49,0.28,3.88,111.64,12.61,20.0,42.1,57.6,12.1,86.4,74.1,D-,C-,C+,F,B,39.8,Uncommon,False,False,0,bbref_war
welchjo01,welchjo01,Johnny Welch,Golden Era (1920-1941),1933,1934,1926,1936,BOS,BOS,RP,172,63,6,648.3333333333334,35,41,257,262,36.0,7.15,3.55,3.62,0.5,4.59,113.46,11.54,35.2,38.1,58.7,13.6,48.8,45.6,D+,D+,C+,F,C,39.8,Uncommon,False,False,0,bbref_war
blankte01,blankte01,Ted Blankenship,Golden Era (1920-1941),1925,1925,1922,1930,CHW,CHW,SP,241,156,4,1330.6666666666667,77,79,378,489,63.0,12.28,2.68,3.4,0.38,4.04,94.52,9.88,13.7,44.9,46.4,48.2,68.6,53.9,F,C-,C,C,C,39.6,Uncommon,False,False,0,bbref_war
jonespe01,jonespe01,Percy Jones,Golden Era (1920-1941),1925,1926,1920,1930,CHC,CHC,SP,251,113,6,1026.0,53,57,381,494,53.0,5.37,3.43,4.14,0.47,4.33,88.2,12.39,32.2,22.7,42.3,62.5,53.9,64.2,D,D-,C-,B-,B-,39.6,Uncommon,False,False,0,bbref_war
wellsed01,wellsed01,Ed Wells,Golden Era (1920-1941),1931,1933,1923,1934,DET,DET,SP,291,140,13,1232.3333333333333,68,69,403,468,78.0,8.48,2.95,3.39,0.55,4.28,98.72,9.08,20.4,45.0,49.2,43.6,41.1,46.2,D-,C,C,C-,C,39.6,Uncommon,False,False,0,bbref_war
stoneli01,stoneli01,Lil Stoner,Golden Era (1920-1941),1928,1927,1922,1931,DET,DET,SP,229,111,14,1003.6666666666666,50,58,299,374,62.0,4.7,2.58,3.18,0.55,4.43,92.4,11.47,11.3,51.5,45.1,57.3,40.6,38.4,F,C,C,C+,D+,39.5,Uncommon,False,False,0,bbref_war
lannijo01,lannijo01,Johnny Lanning,Golden Era (1920-1941),1941,1941,1936,1947,PIT,PIT,RP,278,104,13,1071.0,58,60,295,358,55.0,9.9,2.43,2.89,0.43,3.4,113.25,13.12,7.6,60.3,58.6,13.8,60.6,51.3,F,B-,C+,F,C,39.3,Uncommon,False,False,0,bbref_war
coffmdi01,coffmdi01,Dick Coffman,Golden Era (1920-1941),1934,1931,1927,1945,BAL,BAL,RP,472,132,38,1460.3333333333333,72,95,372,463,92.0,10.99,2.38,2.87,0.48,4.15,115.99,25.17,6.3,60.7,60.4,11.5,53.2,59.9,F,B-,B-,F,C+,39.2,Uncommon,False,False,0,bbref_war
watsomu01,watsomu01,Mule Watson,Golden Era (1920-1941),1921,1921,1918,1924,ATL,ATL,SP,178,126,4,941.6666666666666,50,53,208,256,44.0,1.67,1.99,2.45,0.42,4.03,81.34,7.44,1.0,73.5,37.9,34.3,62.7,56.1,F,B,D+,D,C+,39.2,Uncommon,False,False,0,bbref_war
weavemo01,weavemo01,Monte Weaver,Golden Era (1920-1941),1934,1933,1931,1939,MIN,MIN,SP,201,135,4,1052.0,71,50,297,435,62.0,8.31,2.5,3.55,0.52,4.22,101.43,11.06,9.2,40.4,50.9,55.0,46.2,67.9,F,C-,C,C+,B,39.1,Uncommon,False,False,0,bbref_war
fettelo01,fettelo01,Lou Fette,Golden Era (1920-1941),1939,1937,1937,1945,ATL,ATL,SP,109,97,1,691.0,41,40,194,248,24.0,7.82,2.53,3.23,0.31,3.15,91.84,7.8,9.9,49.9,44.7,36.3,80.7,66.6,F,C,C-,D+,B,38.9,Uncommon,True,False,1,bbref_war
moorewi01,moorewi01,Wilcy Moore,Golden Era (1920-1941),1930,1927,1927,1933,NYY,NYY,RP,261,32,49,691.0,51,44,204,232,25.0,9.3,2.66,3.02,0.33,3.7,110.44,24.18,13.1,56.2,56.8,6.9,78.5,46.0,F,C+,C+,F,C,38.8,Common,False,False,0,bbref_war
sundrst01,sundrst01,Steve Sundra,Golden Era (1920-1941),1941,1943,1936,1946,BAL,BAL,SP,168,99,2,859.3333333333334,56,41,214,321,50.0,5.83,2.23,3.29,0.46,3.95,110.91,8.67,2.6,48.3,57.1,41.3,55.4,53.7,F,C,C+,C-,C,38.7,Common,False,False,0,bbref_war
sorrevi01,sorrevi01,Vic Sorrell,Golden Era (1920-1941),1931,1930,1928,1937,DET,DET,SP,280,216,10,1671.6666666666667,92,101,619,706,101.0,20.31,3.3,3.84,0.51,4.36,103.84,7.92,28.9,31.7,52.5,37.0,48.2,46.4,D,D,C,D+,C,38.6,Common,False,False,0,bbref_war
mitchcl01,mitchcl01,Clarence Mitchell,Golden Era (1920-1941),1926,1929,1911,1932,PHI,PHI,SP,390,278,9,2217.0,125,139,543,624,116.0,18.22,2.02,2.63,0.58,4.34,98.91,8.02,1.0,68.0,49.3,37.6,35.4,26.0,F,B,C,D+,D,38.3,Common,False,False,0,bbref_war
carroow01,carroow01,Ownie Carroll,Golden Era (1920-1941),1929,1928,1925,1934,DET,DET,SP,248,153,5,1330.6666666666667,64,90,311,486,61.0,6.79,2.11,3.15,0.36,4.2,97.66,9.17,1.0,52.4,48.5,44.2,72.7,39.8,F,C,C,C-,D+,37.7,Common,False,False,0,bbref_war
colliph01,colliph01,Phil Collins,Golden Era (1920-1941),1931,1930,1923,1935,PHI,PHI,SP,292,141,24,1324.3333333333333,80,85,423,497,125.0,16.09,2.94,3.39,0.84,4.58,103.44,9.39,20.1,45.2,52.2,45.4,1.0,29.1,D-,C,C,C,D,37.7,Common,False,False,0,bbref_war
dietrbi01,dietrbi01,Bill Dietrich,Golden Era (1920-1941),1940,1943,1933,1948,CHW,CHW,SP,366,253,11,2003.6666666666667,108,128,660,890,128.0,8.25,3.21,4.08,0.53,4.23,106.74,8.03,26.7,24.3,54.4,37.6,44.9,69.4,D,D-,C,D+,B,37.7,Common,False,False,0,bbref_war
lisenho01,lisenho01,Horace Lisenbee,Golden Era (1920-1941),1930,1927,1927,1945,BOS,BOS,SP,207,107,1,969.0,37,58,253,314,74.0,7.56,2.42,3.02,0.63,4.75,87.56,9.58,7.3,56.3,41.9,46.5,28.0,54.4,F,C+,C-,C,C,37.5,Common,False,False,0,bbref_war
chaseke01,chaseke01,Ken Chase,Golden Era (1920-1941),1939,1940,1936,1943,MIN,MIN,SP,188,160,1,1165.0,53,84,582,694,55.0,8.1,4.54,5.43,0.41,4.1,91.74,7.52,59.5,1.0,44.6,34.7,64.0,55.1,C+,F,C-,D,C+,37.4,Common,False,False,0,bbref_war
henrydu01,henrydu01,Dutch Henry,Golden Era (1920-1941),1927,1929,1921,1930,SFG,SFG,RP,164,62,6,646.3333333333334,27,43,170,190,42.0,1.65,2.38,2.62,0.63,4.29,97.72,10.14,6.4,68.2,48.5,14.9,27.8,58.4,F,B,C,F,C+,37.3,Common,False,False,0,bbref_war
decatar01,decatar01,Art Decatur,Golden Era (1920-1941),1924,1922,1922,1927,LAD,LAD,RP,153,36,7,538.3333333333334,23,34,152,145,42.0,3.14,2.54,2.42,0.7,4.51,97.29,19.86,10.3,74.2,48.2,11.8,15.6,21.4,F,B,C,F,D-,36.8,Common,False,False,0,bbref_war
erricdi01,erricdi01,Dick Errickson,Golden Era (1920-1941),1940,1940,1938,1942,ATL,ATL,SP,168,77,12,736.3333333333334,36,47,176,290,36.0,4.08,2.15,3.54,0.44,3.85,92.63,12.02,1.0,40.5,45.2,60.5,59.4,60.7,F,C-,C,B-,B-,36.8,Common,False,False,0,bbref_war
mckaiar01,mckaiar01,Archie McKain,Golden Era (1920-1941),1940,1939,1937,1943,DET,DET,RP,165,34,16,486.3333333333333,26,21,188,208,26.0,7.35,3.48,3.85,0.48,4.26,112.42,13.11,33.4,31.3,58.1,8.6,52.5,37.6,D,D,C+,F,D+,36.5,Common,False,False,0,bbref_war
fergual01,fergual01,Alex Ferguson,Golden Era (1920-1941),1923,1924,1918,1929,BOS,BOS,SP,257,166,10,1241.6666666666667,61,85,397,482,68.0,10.37,2.8,3.27,0.42,4.49,76.75,8.44,16.7,48.7,34.9,40.0,63.0,38.4,F,C,D,C-,D+,36.1,Common,False,False,0,bbref_war
mcweedo01,mcweedo01,Doug McWeeny,Golden Era (1920-1941),1927,1928,1921,1930,LAD,LAD,SP,206,118,6,948.0,37,57,386,450,56.0,9.5,3.6,4.29,0.52,3.95,94.91,8.91,36.3,18.1,46.7,42.7,46.3,42.5,D+,F,C,C-,C-,36.1,Common,False,False,0,bbref_war
henshro01,henshro01,Roy Henshaw,Golden Era (1920-1941),1938,1935,1933,1944,DET,DET,RP,216,69,7,742.3333333333334,33,40,337,327,40.0,4.25,3.67,3.96,0.4,3.92,90.13,15.46,38.1,27.9,43.6,11.0,66.2,66.1,D+,D,C-,F,B,35.7,Common,False,False,0,bbref_war
herriar01,herriar01,Art Herring,Golden Era (1920-1941),1933,1931,1929,1947,DET,DET,RP,199,56,13,697.6666666666666,34,38,243,284,41.0,5.05,3.02,3.46,0.48,4.03,101.88,16.01,22.2,43.0,51.2,13.9,52.9,37.1,D-,C-,C,F,D+,35.7,Common,False,False,0,bbref_war
roberch01,roberch01,Charlie Robertson,Golden Era (1920-1941),1924,1922,1919,1928,CHW,CHW,SP,166,142,1,1005.0,49,80,310,377,38.0,7.05,2.93,3.42,0.31,4.31,77.73,6.28,20.0,44.2,35.5,27.6,80.9,44.8,D-,C-,D+,D,C-,35.4,Common,False,False,0,bbref_war
knottja01,knottja01,Jack Knott,Golden Era (1920-1941),1938,1937,1933,1946,BAL,BAL,SP,325,192,19,1557.0,82,103,484,642,140.0,14.86,2.84,3.65,0.81,4.54,103.46,8.65,17.6,37.2,52.2,41.2,1.0,45.8,F,D+,C,C-,C,35.3,Common,False,False,0,bbref_war
pruethu01,pruethu01,Hub Pruett,Golden Era (1920-1941),1927,1922,1922,1932,BAL,BAL,RP,211,69,13,745.0,29,48,357,396,28.0,2.68,4.31,4.78,0.34,4.63,101.33,19.08,53.9,3.2,50.9,11.9,76.4,52.0,C,F,C,F,C,35.2,Common,False,False,0,bbref_war
connasa01,connasa01,Sarge Connally,Golden Era (1920-1941),1927,1932,1921,1934,CHW,CHW,RP,303,67,31,994.3333333333334,49,60,345,449,32.0,7.44,3.14,3.97,0.32,4.17,103.67,21.3,24.9,27.6,52.4,11.6,79.5,54.7,D-,D,C,F,C,34.7,Common,False,False,0,bbref_war
baynebi01,baynebi01,Bill Bayne,Golden Era (1920-1941),1923,1921,1919,1930,BAL,BAL,RP,199,55,8,662.0,31,32,259,297,37.0,4.58,3.71,4.17,0.45,4.55,97.15,14.61,39.0,21.7,48.1,10.8,58.5,57.4,D+,D-,C,F,C+,34.6,Common,False,False,0,bbref_war
hogsech01,hogsech01,Elon Hogsett,Golden Era (1920-1941),1932,1932,1929,1944,DET,DET,RP,330,114,33,1222.0,63,87,441,501,85.0,8.0,3.18,3.6,0.49,4.74,92.52,8.91,26.0,38.8,45.1,15.3,50.8,45.3,D,D+,C,F,C,34.6,Common,False,False,0,bbref_war
ehrharu01,ehrharu01,Rube Ehrhardt,Golden Era (1920-1941),1926,1924,1924,1929,LAD,LAD,RP,193,40,10,587.3333333333334,22,34,128,200,26.0,4.19,1.96,3.06,0.4,4.15,106.69,37.2,1.0,54.9,54.3,9.1,66.4,45.2,F,C,C,F,C,34.5,Common,False,False,0,bbref_war
mahafro01,mahafro01,Roy Mahaffey,Golden Era (1920-1941),1931,1935,1926,1936,OAK,OAK,SP,224,128,5,1056.0,67,49,365,452,84.0,6.27,3.27,3.71,0.71,4.74,77.81,8.46,28.2,35.6,35.6,40.1,15.0,54.1,D,D+,D+,C-,C,34.3,Common,False,False,0,bbref_war
seiboso01,seiboso01,Socks Seibold,Golden Era (1920-1941),1929,1930,1916,1933,ATL,ATL,SP,191,135,5,1063.6666666666667,48,86,296,405,60.0,5.97,2.55,3.53,0.47,4.39,83.88,8.94,10.6,40.8,39.5,42.8,55.1,42.3,F,C-,D+,C-,C-,34.0,Common,False,False,0,bbref_war
whitejo02,whitejo02,John Whitehead,Golden Era (1920-1941),1938,1935,1935,1942,CHW,CHW,SP,172,119,4,944.0,49,54,254,372,69.0,12.19,2.42,3.55,0.66,4.6,95.81,8.71,7.4,40.4,47.3,41.5,23.0,52.0,F,C-,C,C-,C,33.8,Common,False,False,0,bbref_war
milnaal01,milnaal01,Al Milnar,Golden Era (1920-1941),1940,1939,1936,1946,CLE,CLE,SP,188,127,7,996.3333333333334,57,58,350,495,43.0,6.98,3.16,4.31,0.41,4.0,94.87,8.17,25.5,17.6,46.7,38.4,64.3,44.8,D,F,C,D+,C-,33.7,Common,True,False,1,bbref_war
stoutal01,stoutal01,Allyn Stout,Golden Era (1920-1941),1934,1932,1931,1943,STL,STL,RP,180,29,11,457.6666666666667,20,20,185,177,28.0,-0.14,3.64,3.48,0.55,4.54,74.07,23.25,37.3,42.4,33.1,6.3,40.9,50.2,D+,C-,D,F,C,33.7,Common,False,False,0,bbref_war
mulcahu01,mulcahu01,Hugh Mulcahy,Golden Era (1920-1941),1938,1940,1935,1947,PHI,PHI,SP,220,143,9,1161.6666666666667,45,89,314,487,69.0,4.99,2.45,3.75,0.47,4.37,99.71,9.39,8.1,34.4,49.8,45.4,53.6,21.4,F,D,C,C,D-,33.6,Common,True,False,1,bbref_war
greenke01,greenke01,Kent Greenfield,Golden Era (1920-1941),1926,1925,1924,1929,SFG,SFG,SP,152,102,1,775.3333333333334,41,48,242,297,36.0,2.21,2.81,3.45,0.42,4.54,69.79,7.55,16.9,43.4,30.4,34.9,63.1,43.8,F,C-,D,D,C-,33.3,Common,False,False,0,bbref_war
karrbe01,karrbe01,Benn Karr,Golden Era (1920-1941),1924,1921,1920,1927,BOS,BOS,RP,177,58,5,780.3333333333334,35,48,180,260,43.0,4.02,2.08,3.0,0.5,4.6,90.1,19.42,1.0,56.9,43.6,16.9,50.1,57.4,F,C+,C-,F,C+,33.3,Common,False,False,0,bbref_war
lindsji01,lindsji01,Jim Lindsey,Golden Era (1920-1941),1931,1930,1922,1937,STL,STL,RP,177,20,19,431.0,21,20,175,176,25.0,3.13,3.74,4.02,0.52,4.29,94.29,20.24,39.9,26.2,46.3,5.9,46.2,40.8,D+,D,C,F,C-,33.3,Common,False,False,0,bbref_war
holloke01,holloke01,Ken Holloway,Golden Era (1920-1941),1925,1929,1922,1930,DET,DET,RP,285,111,18,1160.0,64,52,293,397,50.0,6.81,2.17,3.13,0.38,4.14,89.34,10.34,1.2,52.9,43.1,16.5,70.0,46.7,F,C,C-,F,C,32.6,Common,False,False,0,bbref_war
northlo01,northlo01,Lou North,Golden Era (1920-1941),1921,1921,1913,1924,STL,STL,RP,172,25,13,463.0,21,16,199,200,24.0,0.31,3.87,3.89,0.47,4.43,73.76,14.13,42.9,30.1,32.9,7.1,55.0,44.1,C-,D,D,F,C-,32.5,Common,False,False,0,bbref_war
caldwea01,caldwea01,Earl Caldwell,Golden Era (1920-1941),1937,1946,1928,1948,CHW,CHW,RP,200,49,25,587.6666666666666,33,43,202,259,44.0,5.62,3.12,3.77,0.65,4.5,103.59,9.18,24.5,33.7,52.3,10.2,24.3,34.2,D-,D,C,F,D,32.1,Common,False,False,0,bbref_war
hutchir01,hutchir01,Ira Hutchinson,Golden Era (1920-1941),1939,1938,1933,1945,ATL,ATL,RP,209,32,13,610.6666666666666,34,33,179,249,33.0,4.83,2.71,3.73,0.48,3.7,95.13,30.06,14.4,35.0,46.8,8.5,52.8,66.3,F,D+,C,F,B,31.3,Common,False,False,0,bbref_war
nelsoly01,nelsoly01,Lynn Nelson,Golden Era (1920-1941),1937,1939,1930,1940,CHC,CHC,RP,166,60,6,676.6666666666666,33,42,255,262,86.0,4.3,3.39,3.48,1.14,5.25,74.54,15.12,31.2,42.3,33.4,15.0,1.0,42.5,D,C-,D,F,C-,31.2,Common,False,False,0,bbref_war
rhodego01,rhodego01,Gordon Rhodes,Golden Era (1920-1941),1933,1933,1929,1936,NYY,NYY,SP,200,135,5,1048.6666666666667,43,74,356,477,74.0,6.76,3.07,4.12,0.64,4.85,90.31,7.73,23.3,23.0,43.7,35.9,26.8,39.5,D-,D-,C-,D+,D+,31.2,Common,False,False,0,bbref_war
sullijo05,sullijo05,Joe Sullivan,Golden Era (1920-1941),1939,1935,1935,1941,ATL,ATL,RP,150,55,5,588.0,30,37,216,298,25.0,0.79,3.31,4.56,0.38,4.01,100.17,12.81,29.1,9.9,50.1,14.1,69.0,64.5,D,F,C,F,B-,31.1,Common,False,False,0,bbref_war
kenneve01,kenneve01,Vern Kennedy,Golden Era (1920-1941),1938,1935,1934,1945,CHW,CHW,SP,344,263,5,2025.6666666666667,104,132,691,1049,130.0,12.18,2.9,4.54,0.59,4.45,106.77,7.74,19.1,10.5,54.4,36.0,34.2,51.1,F,F,C,D+,C,30.7,Common,True,False,2,bbref_war
kimsech01,kimsech01,Chad Kimsey,Golden Era (1920-1941),1932,1932,1929,1936,BAL,BAL,RP,198,10,17,509.3333333333333,24,29,121,194,23.0,2.26,2.14,3.43,0.41,5.07,99.73,48.03,1.0,44.0,49.8,6.4,65.0,51.7,F,C-,C,F,C,30.5,Common,False,False,0,bbref_war
rossbu02,rossbu02,Buck Ross,Golden Era (1920-1941),1940,1940,1936,1945,OAK,OAK,SP,237,182,2,1365.3333333333333,56,95,360,573,114.0,5.88,2.45,3.6,0.74,4.71,89.74,7.64,7.9,38.7,43.3,35.4,10.0,42.1,F,D+,C-,D+,C-,30.4,Common,False,False,0,bbref_war
deshoji01,deshoji01,Jimmie DeShong,Golden Era (1920-1941),1936,1936,1932,1939,MIN,MIN,SP,175,100,9,872.6666666666666,47,44,273,432,59.0,1.55,2.82,4.46,0.61,5.08,82.41,10.88,17.0,13.1,38.6,53.9,31.3,69.6,F,F,D+,C,B,30.3,Common,False,False,0,bbref_war
davisdi01,davisdi01,Dixie Davis,Golden Era (1920-1941),1922,1920,1912,1926,BAL,BAL,SP,239,165,2,1318.6666666666667,75,71,460,688,63.0,15.0,3.03,4.66,0.43,3.98,93.5,7.33,22.3,6.8,45.8,33.6,61.7,56.1,D-,F,C,D,C+,29.7,Common,False,False,0,bbref_war
vanatru01,vanatru01,Russ Van Atta,Golden Era (1920-1941),1936,1933,1933,1939,BAL,BAL,RP,207,76,6,712.3333333333334,33,41,339,368,39.0,1.99,4.28,4.65,0.49,5.6,79.35,9.47,53.2,7.2,36.6,11.4,50.6,24.8,C,F,D+,F,D-,29.7,Common,False,False,0,bbref_war
colebe01,colebe01,Bert Cole,Golden Era (1920-1941),1924,1921,1921,1927,DET,DET,RP,177,46,10,605.6666666666666,28,32,119,230,26.0,-0.06,1.77,3.42,0.39,4.67,86.89,16.84,1.0,44.3,41.5,11.3,68.4,47.9,F,C-,C-,F,C,29.2,Common,False,False,0,bbref_war
mcgrabo01,mcgrabo01,Bob McGraw,Golden Era (1920-1941),1925,1926,1917,1929,NYY,NYY,RP,168,47,6,591.3333333333334,26,38,164,265,31.0,0.17,2.32,4.12,0.52,4.68,117.47,14.87,4.8,23.2,61.4,11.1,46.1,54.1,F,D-,B-,F,C,29.0,Common,False,False,0,bbref_war
trottbi01,trottbi01,Bill Trotter,Golden Era (1920-1941),1940,1940,1937,1944,BAL,BAL,RP,163,31,3,483.3333333333333,22,34,158,174,46.0,0.33,2.94,3.24,0.86,5.4,76.42,12.15,20.2,49.6,34.7,8.7,1.0,17.6,D-,C,D,F,F,28.4,Common,False,False,0,bbref_war
willocl01,willocl01,Claude Willoughby,Golden Era (1920-1941),1928,1929,1925,1931,PHI,PHI,SP,219,100,9,841.3333333333334,38,58,175,406,56.0,0.21,1.87,4.34,0.6,5.84,99.89,9.96,1.0,16.4,49.9,48.7,32.9,16.4,F,F,C,C,F,26.6,Common,False,False,0,bbref_war
lawsoro01,lawsoro01,Roxie Lawson,Golden Era (1920-1941),1937,1939,1930,1940,DET,DET,RP,208,83,11,851.6666666666666,47,39,258,512,70.0,5.04,2.68,5.3,0.73,5.17,114.96,13.81,13.6,1.0,59.7,15.6,11.5,49.5,F,F,C+,F,C,24.0,Common,False,False,0,bbref_war
cainsu01,cainsu01,Sugar Cain,Golden Era (1920-1941),1935,1936,1932,1938,OAK,OAK,SP,178,137,1,987.3333333333334,53,60,279,569,67.0,7.46,2.54,5.19,0.61,4.83,93.18,7.64,10.3,1.0,45.6,35.4,30.9,44.4,F,F,C,D+,C-,23.3,Common,False,False,0,bbref_war
sweetle01,sweetle01,Les Sweetland,Golden Era (1920-1941),1929,1929,1927,1931,PHI,PHI,SP,161,95,4,740.6666666666666,33,58,159,358,68.0,-3.1,1.93,4.35,0.83,6.1,75.91,7.93,1.0,16.2,34.3,37.1,1.0,28.8,F,F,D,D+,D,19.9,Common,False,False,0,bbref_war
mcdanbo01,mcdanbo01,Booker McDaniel,Integration (1942-1960),1943,1945,1941,1945,NLB,NLB,SP,71,33,11,385.0,30,13,298,104,5.0,7.78,6.97,2.43,0.12,2.64,153.33,12.94,94.9,81.3,84.7,74.9,118.8,52.1,A,A-,A-,B,C,85.0,Legendary,True,False,3,bbref_war
byrdbi01,byrdbi01,Bill Byrd,Integration (1942-1960),1944,1943,1933,1948,NLB,NLB,SP,210,156,11,1374.6666666666667,101,68,741,290,43.0,19.7,5.56,1.95,0.16,2.76,159.4,9.23,65.2,94.2,88.6,51.0,113.6,52.4,B,A,A,C,C,78.0,Legendary,True,False,7,bbref_war
odellbi01,o'delbi01,Billy O'Dell,Integration (1942-1960),1960,1958,1954,1967,BAL,BAL,SP,479,199,48,1817.0,105,100,1133,556,137.0,21.91,5.59,2.58,0.66,3.05,123.32,22.89,65.9,77.2,65.2,125.0,53.7,56.4,B,B+,B,S,C+,76.3,Legendary,True,False,2,bbref_war
henrybi01,henrybi01,Bill Henry,Integration (1942-1960),1960,1959,1952,1969,CIN,CIN,RP,527,44,90,913.0,46,50,621,296,89.0,14.51,6.94,2.41,0.94,2.63,184.5,7.14,94.5,81.8,104.9,2.4,19.8,62.6,A,A-,S,F,B-,74.8,Legendary,True,False,2,bbref_war
lewisru01,lewisru01,Rufus Lewis,Integration (1942-1960),1947,1946,1946,1948,NLB,NLB,SP,43,35,2,279.6666666666667,20,14,190,82,12.0,5.31,6.11,2.64,0.39,2.99,164.16,8.05,76.9,75.6,91.7,43.5,86.5,52.6,B+,B+,A,C-,C,74.5,Legendary,True,False,2,bbref_war
barnhda01,barnhda01,Dave Barnhill,Integration (1942-1960),1944,1943,1941,1948,NLB,NLB,SP,88,75,4,570.0,35,31,391,170,33.0,11.47,6.03,2.71,0.51,3.27,152.51,7.26,75.1,73.8,84.1,38.4,71.6,53.6,B+,B,A-,D+,C,70.3,Epic,True,False,7,bbref_war
wrighjo02,wrighjo02,Johnny Wright,Integration (1942-1960),1942,1943,1937,1947,NLB,NLB,SP,109,73,4,631.0,44,23,347,180,15.0,14.27,4.95,2.38,0.18,2.93,148.5,9.01,52.3,82.8,81.5,49.6,111.2,53.7,C,A-,A-,C,C,69.8,Epic,True,False,3,bbref_war
lamarji01,lamarji01,Jim LaMarque,Integration (1942-1960),1946,1948,1942,1948,NLB,NLB,SP,68,55,3,483.6666666666667,35,17,308,133,8.0,7.28,5.73,2.47,0.15,3.46,122.4,9.24,68.8,80.1,64.6,51.1,115.0,53.7,B,A-,B-,C,C,69.5,Epic,True,False,1,bbref_war
partlro01,partlro01,Roy Partlow,Integration (1942-1960),1943,1942,1937,1948,NLB,NLB,SP,104,73,7,607.3333333333334,42,26,384,203,22.0,11.7,5.51,2.96,0.28,3.35,159.09,8.61,64.2,66.8,88.4,47.1,98.7,52.5,B-,B,A,C,C,69.5,Epic,True,False,1,bbref_war
newhoha01,newhoha01,Hal Newhouser,Integration (1942-1960),1946,1945,1939,1955,DET,DET,SP,488,374,26,2993.0,207,150,1796,1249,137.0,50.51,5.72,3.43,0.29,2.51,158.24,8.36,68.6,54.1,87.9,45.5,98.0,53.2,B,C,A,C,C,67.0,Legendary,True,True,7,bbref_war
bankhda01,bankhda01,Dan Bankhead,Integration (1942-1960),1943,1941,1940,1951,NLB,NLB,SP,87,36,4,364.3333333333333,26,10,259,188,24.0,4.84,6.27,3.5,0.12,3.3,126.58,9.93,80.2,52.2,67.3,55.6,118.2,52.3,A-,C,B,C+,C,66.8,Epic,True,False,3,bbref_war
morriba01,morriba01,Barney Morris,Integration (1942-1960),1944,1938,1932,1948,NLB,NLB,SP,102,69,3,589.0,38,30,375,215,17.0,9.92,5.7,3.32,0.25,3.53,145.19,8.67,68.1,57.2,79.4,47.5,102.6,52.6,B,C+,B+,C,C,66.1,Epic,True,False,2,bbref_war
piercbi02,piercbi02,Billy Pierce,Integration (1942-1960),1955,1952,1945,1964,CHW,CHW,SP,585,432,32,3306.6666666666665,211,169,1999,1178,284.0,38.66,5.69,2.85,0.7,2.82,142.33,8.04,68.0,69.8,77.5,43.4,48.4,65.2,B,B,B+,C-,B,66.0,Epic,True,False,7,bbref_war
wilheho01,wilheho01,Hoyt Wilhelm,Integration (1942-1960),1959,1959,1952,1972,CHW,CHW,RP,1070,52,227,2254.3333333333335,143,122,1610,778,150.0,28.18,5.85,3.09,0.54,2.2,172.69,10.74,71.4,63.5,97.2,7.2,68.0,70.3,B,B-,A+,F,B,66.0,Legendary,True,True,7,bbref_war
haddiha01,haddiha01,Harvey Haddix,Integration (1942-1960),1958,1953,1952,1965,PIT,PIT,SP,453,285,21,2235.0,136,113,1575,601,240.0,24.79,6.22,2.36,0.96,3.4,119.68,7.44,79.1,83.1,62.8,39.6,17.7,56.3,B+,A-,B-,D+,C+,65.9,Epic,True,False,3,bbref_war
mannima02,mannima01,Max Manning,Integration (1942-1960),1942,1947,1939,1948,NLB,NLB,SP,122,87,4,742.0,58,30,440,230,18.0,13.51,5.3,2.8,0.22,3.32,133.84,8.47,59.8,71.3,72.0,46.2,106.3,51.4,C+,B,B,C,C,65.6,Epic,True,False,2,bbref_war
roberro01,roberro01,Robin Roberts,Integration (1942-1960),1953,1953,1948,1966,PHI,PHI,SP,676,609,25,4688.666666666667,286,245,2357,902,505.0,53.25,4.45,1.7,0.79,2.91,135.31,8.24,41.8,101.1,73.0,44.7,38.5,57.5,C-,S,B,C-,C+,65.5,Legendary,True,True,7,bbref_war
frienbo01,frienbo01,Bob Friend,Integration (1942-1960),1960,1955,1951,1966,PIT,PIT,SP,602,497,11,3611.0,197,230,1734,894,286.0,35.47,4.93,1.94,0.66,3.08,123.57,7.64,51.8,94.5,65.3,40.8,53.6,54.4,C,A,B,C-,C,64.4,Epic,True,False,4,bbref_war
blackew01,blackew01,Ewell Blackwell,Integration (1942-1960),1949,1947,1942,1955,CIN,CIN,SP,236,169,10,1321.0,82,78,839,562,67.0,27.33,5.74,3.76,0.45,3.28,155.65,9.11,68.9,45.2,86.2,50.3,79.5,50.8,B,C,A,C,C,64.1,Epic,True,False,6,bbref_war
brechha01,brechha01,Harry Brecheen,Integration (1942-1960),1946,1948,1940,1953,STL,STL,SP,318,240,18,1907.6666666666667,133,92,901,536,117.0,32.22,4.3,2.44,0.45,2.74,141.97,8.31,38.7,80.9,77.3,45.1,79.1,63.6,D+,A-,B+,C,B-,63.1,Epic,True,False,2,bbref_war
brownba02,brownba02,Barney Brown,Integration (1942-1960),1942,1946,1932,1948,NLB,NLB,SP,145,108,5,920.3333333333334,52,61,501,278,41.0,12.53,4.99,2.73,0.41,3.53,129.3,9.03,53.1,73.3,69.0,49.8,83.8,49.3,C,B,B,C,C,63.0,Epic,True,False,4,bbref_war
cartesp01,cartesp01,Spoon Carter,Integration (1942-1960),1943,1943,1932,1948,NLB,NLB,SP,142,82,5,754.3333333333334,53,31,325,265,43.0,6.85,3.75,2.56,0.24,3.51,148.05,10.2,27.0,77.8,81.2,57.3,103.8,53.5,D,B+,A-,C+,C,63.0,Epic,True,False,2,bbref_war
coopemo01,coopemo01,Mort Cooper,Integration (1942-1960),1943,1942,1938,1949,STL,STL,SP,295,239,14,1840.6666666666667,128,75,913,571,85.0,31.25,4.4,2.69,0.34,2.71,145.03,7.84,40.8,74.1,79.3,42.1,91.7,63.3,C-,B,B+,C-,B-,62.6,Epic,True,False,4,bbref_war
laniema01,laniema01,Max Lanier,Integration (1942-1960),1944,1943,1938,1953,STL,STL,SP,327,204,17,1619.3333333333333,108,82,821,611,65.0,25.26,4.97,3.15,0.34,2.7,143.07,7.94,52.7,61.8,78.0,42.7,91.5,68.4,C,B-,B+,C-,B,62.5,Epic,True,False,2,bbref_war
newcodo01,newcodo01,Don Newcombe,Integration (1942-1960),1955,1949,1944,1960,LAD,LAD,SP,359,305,7,2247.0,153,96,1185,528,255.0,28.06,4.83,2.02,0.94,3.29,123.8,7.54,49.7,92.4,65.5,40.2,19.6,71.3,C,A,B,C-,B,62.5,Epic,True,False,4,bbref_war
mossido01,mossido01,Don Mossi,Integration (1942-1960),1959,1959,1954,1965,CLE,CLE,RP,460,165,50,1548.0,101,80,932,385,156.0,20.4,5.34,2.14,0.88,3.25,135.36,22.58,60.7,89.2,73.0,17.0,26.9,55.1,B-,A,B,F,C+,62.4,Epic,True,False,1,bbref_war
spahnwa01,spahnwa01,Warren Spahn,Integration (1942-1960),1952,1947,1942,1965,ATL,ATL,SP,750,665,29,5243.666666666667,363,245,2583,1434,434.0,49.23,4.59,2.44,0.63,2.79,138.61,8.21,44.7,81.1,75.1,44.5,57.5,52.6,C-,A-,B+,C-,C,62.4,Legendary,True,True,16,bbref_war
gainejo02,,Jonas Gaines,Integration (1942-1960),1945,1942,1937,1948,NLB,NLB,SP,87,69,4,538.6666666666666,35,28,345,193,11.0,0.0,6.04,3.04,0.16,2.84,,8.0,75.3,64.8,50.0,43.2,113.4,52.0,B+,B-,C,C-,C,62.3,Epic,True,False,3,proxy_zero
ricksbi01,ricksbi01,Bill Ricks,Integration (1942-1960),1946,1944,1944,1948,NLB,NLB,SP,64,37,4,348.3333333333333,21,15,195,127,9.0,6.64,5.04,3.28,0.23,3.23,134.4,9.94,54.2,58.2,72.4,55.6,105.0,50.1,C,C+,B,C+,C,62.3,Epic,True,False,1,bbref_war
roepr01,roepr01,Preacher Roe,Integration (1942-1960),1949,1945,1938,1954,LAD,LAD,SP,333,261,10,1914.3333333333333,127,84,956,504,199.0,34.02,4.58,2.14,0.83,2.99,132.63,7.56,44.5,89.2,71.2,40.3,32.8,60.2,C-,A,B,C-,B-,61.9,Epic,True,False,5,bbref_war
johnsco01,johnsco01,Connie Johnson,Integration (1942-1960),1955,1956,1940,1958,NLB,NLB,SP,183,131,7,1012.6666666666666,68,50,720,412,65.0,9.86,6.35,3.38,0.59,3.41,113.95,8.23,81.8,55.5,59.1,44.6,61.7,57.1,A-,C+,C+,C-,C+,61.7,Epic,True,False,1,bbref_war
hughste01,hughste01,Tex Hughson,Integration (1942-1960),1944,1942,1941,1949,BOS,BOS,SP,225,156,17,1375.6666666666667,96,54,693,372,77.0,26.37,4.56,2.3,0.5,2.8,122.74,8.23,44.1,84.9,64.8,44.6,73.0,54.8,C-,A-,B-,C-,C,61.5,Epic,True,False,3,bbref_war
mckingr01,mckingr01,Gready McKinnis,Integration (1942-1960),1943,1941,1941,1945,NLB,NLB,SP,48,36,2,258.3333333333333,12,21,136,89,7.0,3.21,4.74,3.1,0.24,3.41,145.88,7.21,47.9,63.1,79.8,38.1,103.6,53.1,C,B-,B+,D+,C,61.3,Epic,True,False,2,bbref_war
facero01,facero01,Roy Face,Integration (1942-1960),1959,1962,1953,1969,PIT,PIT,RP,848,27,193,1375.0,104,95,877,362,141.0,18.05,5.69,2.48,0.75,2.93,139.56,28.84,67.9,79.9,75.7,2.8,42.7,55.9,B,B+,B+,F,C+,61.2,Epic,True,False,6,bbref_war
chandsp01,chandsp01,Spud Chandler,Integration (1942-1960),1942,1943,1937,1947,NYY,NYY,SP,211,184,6,1485.0,109,43,614,463,64.0,22.72,3.87,2.76,0.35,2.54,149.36,8.1,29.6,72.2,82.1,43.8,90.8,70.1,D,B,A-,C-,B,60.6,Epic,True,False,4,bbref_war
nuxhajo01,nuxhajo01,Joe Nuxhall,Integration (1942-1960),1956,1963,1944,1966,CIN,CIN,SP,526,287,19,2302.6666666666665,135,117,1372,776,209.0,22.2,5.38,2.85,0.75,3.44,114.11,9.71,61.4,69.8,59.2,54.1,42.8,52.3,B-,B,C+,C,C,60.5,Epic,True,False,2,bbref_war
maglisa01,maglisa01,Sal Maglie,Integration (1942-1960),1952,1951,1945,1958,SFG,SFG,SP,303,232,14,1723.0,119,62,862,562,169.0,30.62,4.49,2.85,0.77,2.88,144.55,8.15,42.7,69.9,79.0,44.1,40.6,71.4,C-,B,B+,C-,B,60.1,Epic,True,False,2,bbref_war
scantpa01,scantpa01,Patricio Scantlebury,Integration (1942-1960),1946,1948,1944,1956,NLB,NLB,SP,74,40,4,386.6666666666667,27,20,191,100,19.0,5.11,4.45,2.33,0.44,3.84,104.23,10.41,41.7,84.1,52.8,58.7,79.8,53.7,C-,A-,C,C+,C,60.1,Epic,True,False,1,bbref_war
jonessa02,jonessa02,Sam Jones,Integration (1942-1960),1958,1958,1947,1964,STL,STL,SP,327,225,9,1669.3333333333333,103,104,1393,840,152.0,22.03,7.61,4.43,0.82,3.39,115.62,7.96,108.5,27.1,60.2,42.9,34.5,58.8,S,D,B-,C-,C+,60.0,Epic,True,False,2,bbref_war
podrejo01,podrejo01,Johnny Podres,Integration (1942-1960),1959,1957,1953,1969,LAD,LAD,SP,440,340,11,2265.0,148,116,1435,743,242.0,25.37,5.95,2.8,0.95,3.6,114.83,6.79,73.4,71.1,59.6,35.4,18.7,53.2,B,B,C+,D+,C,59.9,Epic,True,False,4,bbref_war
bonhati01,bonhati01,Tiny Bonham,Integration (1942-1960),1943,1943,1940,1949,NYY,NYY,SP,231,193,9,1551.0,103,72,478,287,117.0,21.75,2.81,1.61,0.6,2.78,138.91,8.44,7.1,103.6,75.3,46.0,60.4,67.4,F,S,B+,C,B,59.8,Epic,True,False,2,bbref_war
hutchfr01,hutchfr01,Fred Hutchinson,Integration (1942-1960),1949,1946,1939,1953,DET,DET,SP,242,169,7,1464.0,95,71,591,388,126.0,20.38,3.71,2.16,0.77,3.52,118.73,12.76,26.1,88.5,62.2,73.7,40.2,49.7,D,A,B-,B,C,59.8,Epic,True,False,1,bbref_war
polleho01,polleho01,Howie Pollet,Integration (1942-1960),1949,1946,1941,1956,STL,STL,SP,403,278,20,2107.3333333333335,131,116,934,745,146.0,28.56,4.13,2.84,0.49,2.89,149.68,7.86,35.0,70.3,82.3,42.3,73.7,58.4,D+,B,A-,C-,C+,59.8,Epic,True,False,3,bbref_war
simmocu01,simmocu01,Curt Simmons,Integration (1942-1960),1954,1963,1947,1967,PHI,PHI,SP,569,462,5,3348.3333333333335,193,183,1697,1063,255.0,29.31,4.99,2.82,0.59,3.02,123.7,7.65,53.2,70.6,65.4,40.9,62.0,60.7,C,B,B,C-,B-,59.6,Epic,True,False,3,bbref_war
truckvi01,truckvi01,Virgil Trucks,Integration (1942-1960),1948,1949,1941,1958,DET,DET,SP,517,328,30,2682.3333333333335,177,135,1534,1088,188.0,33.03,5.25,3.35,0.54,3.01,131.29,8.2,58.7,56.3,70.3,44.4,67.7,58.8,C+,C+,B,C-,C+,59.3,Epic,True,False,2,bbref_war
garcimi01,garcimi01,Mike Garcia,Integration (1942-1960),1953,1952,1948,1961,CLE,CLE,SP,428,281,23,2174.6666666666665,142,97,1117,719,122.0,28.04,4.56,2.74,0.43,3.05,126.51,7.91,44.1,72.8,67.2,42.6,81.3,54.1,C-,B,B,C-,C,59.2,Epic,True,False,3,bbref_war
lawve01,lawve01,Vern Law,Integration (1942-1960),1960,1959,1950,1967,PIT,PIT,SP,483,364,13,2672.0,162,147,1092,597,268.0,24.84,3.94,1.73,0.88,3.15,121.67,7.49,31.0,100.4,64.1,39.9,27.1,57.9,D,S,B-,D+,C+,59.1,Epic,True,False,2,bbref_war
antonjo02,antonjo02,Johnny Antonelli,Integration (1942-1960),1956,1954,1948,1961,SFG,SFG,SP,377,268,21,1992.3333333333333,126,110,1162,687,185.0,32.02,5.37,2.99,0.87,3.09,128.64,7.06,61.2,66.2,68.6,37.1,29.0,58.0,B-,B,B,D+,C+,58.9,Epic,True,False,6,bbref_war
gipsoal01,gipsoal01,Alvin Gipson,Integration (1942-1960),1944,1945,1941,1946,NLB,NLB,SP,53,36,2,262.3333333333333,7,27,167,84,4.0,-0.53,5.73,2.88,0.14,4.53,85.99,6.98,68.8,69.0,40.9,36.6,116.4,53.4,B,B,C-,D+,C,58.7,Epic,True,False,1,bbref_war
donovdi01,donovdi01,Dick Donovan,Integration (1942-1960),1958,1961,1950,1965,CHW,CHW,SP,345,273,5,2017.3333333333333,122,99,880,495,198.0,22.21,3.94,1.87,0.83,3.31,120.52,7.49,30.9,96.5,63.3,39.9,33.9,62.8,D,A+,B-,D+,B-,58.5,Epic,True,False,4,bbref_war
sullifr01,sullifr01,Frank Sullivan,Integration (1942-1960),1957,1957,1953,1963,BOS,BOS,SP,351,219,18,1732.0,97,100,959,559,148.0,23.69,4.97,2.83,0.77,3.36,124.25,7.61,52.7,70.4,65.8,40.6,40.6,59.8,C,B,B,C-,C+,58.3,Epic,True,False,2,bbref_war
stanlne01,stanlne01,Neck Stanley,Integration (1942-1960),1943,1945,1928,1948,NLB,NLB,SP,223,149,5,1153.6666666666667,54,87,568,385,60.0,8.33,4.59,2.68,0.57,3.89,125.22,7.49,44.8,74.5,66.4,39.9,64.8,50.3,C-,B,B,D+,C,58.2,Epic,True,False,1,bbref_war
laryfr01,laryfr01,Frank Lary,Integration (1942-1960),1958,1958,1954,1965,DET,DET,SP,350,292,11,2162.3333333333335,128,116,1099,616,197.0,28.34,4.67,2.6,0.73,3.34,121.28,7.43,46.3,76.8,63.8,39.5,45.9,59.4,C,B+,B-,D+,C+,57.9,Epic,True,False,3,bbref_war
scorehe01,scorehe01,Herb Score,Integration (1942-1960),1958,1956,1955,1962,CLE,CLE,SP,150,127,3,858.3333333333334,55,46,837,573,79.0,14.93,8.9,5.91,0.66,3.04,121.01,6.68,125.0,1.0,63.7,34.7,53.9,50.1,S,F,B-,D,C,57.8,Epic,True,False,2,bbref_war
gromest01,gromest01,Steve Gromek,Integration (1942-1960),1950,1945,1941,1957,CLE,CLE,SP,447,225,23,2064.6666666666665,123,108,904,630,186.0,20.49,3.9,2.62,0.6,2.96,127.86,10.02,30.2,76.1,68.1,56.1,60.6,53.0,D,B+,B,C+,C,57.7,Epic,True,False,1,bbref_war
jansela01,jansela01,Larry Jansen,Integration (1942-1960),1950,1951,1947,1956,SFG,SFG,SP,291,237,10,1765.6666666666667,122,89,842,410,191.0,24.32,4.35,2.01,0.98,3.47,112.8,7.36,39.7,92.7,58.3,39.0,15.0,59.7,D+,A,C+,D+,C+,57.3,Epic,True,False,2,bbref_war
jessuge01,,Gentry Jessup,Integration (1942-1960),1944,1946,1940,1948,NLB,NLB,SP,69,55,1,452.0,24,29,241,152,3.0,0.0,4.84,2.97,0.04,3.12,,7.86,49.9,66.6,50.0,42.3,125.0,52.0,C,B,C,C-,C,56.8,Epic,True,False,6,proxy_zero
brownha01,brownha01,Hal Brown,Integration (1942-1960),1960,1961,1951,1964,BAL,BAL,SP,358,211,11,1680.0,85,92,710,389,173.0,15.58,3.83,1.58,0.92,3.5,106.0,7.55,28.6,104.2,53.9,40.3,22.9,47.9,D,S,C,C-,C,56.3,Rare,False,False,0,bbref_war
klingbo01,klingbo01,Bob Klinger,Integration (1942-1960),1942,1943,1938,1947,PIT,PIT,SP,265,130,23,1089.6666666666667,66,61,357,358,46.0,10.7,2.93,2.9,0.39,3.42,113.67,16.7,9.8,68.6,58.9,99.1,86.2,54.4,F,B,C+,A+,C,56.2,Rare,False,False,0,bbref_war
troutdi01,troutdi01,Dizzy Trout,Integration (1942-1960),1944,1944,1939,1957,DET,DET,SP,521,322,35,2725.6666666666665,170,161,1256,1046,112.0,35.03,4.25,3.29,0.37,2.88,136.25,8.43,37.5,58.0,73.6,45.9,88.2,52.2,D+,C+,B,C,C,56.2,Rare,True,False,2,bbref_war
shantbo01,shantbo01,Bobby Shantz,Integration (1942-1960),1952,1952,1949,1964,OAK,OAK,RP,537,171,48,1935.6666666666667,119,99,1072,643,151.0,23.02,4.44,2.99,0.69,3.18,147.47,14.6,41.6,66.0,80.9,24.8,50.0,54.2,C-,B,A-,D-,C,56.1,Rare,True,False,3,bbref_war
pottene01,pottene01,Nels Potter,Integration (1942-1960),1945,1945,1936,1949,BAL,BAL,SP,349,177,22,1686.0,92,97,747,582,123.0,25.18,4.18,2.79,0.53,3.24,116.37,9.92,36.0,71.6,60.6,55.5,69.2,42.4,D+,B,B-,C+,C-,56.0,Rare,False,False,0,bbref_war
conlege01,conlege01,Gene Conley,Integration (1942-1960),1959,1959,1952,1963,ATL,ATL,SP,276,214,9,1588.6666666666667,91,96,888,511,162.0,17.59,5.15,2.84,0.92,3.72,108.35,7.49,56.6,70.1,55.4,39.9,22.8,56.4,C+,B,C+,D+,C+,55.5,Rare,True,False,4,bbref_war
hookele01,hookele01,Leniel Hooker,Integration (1942-1960),1945,1946,1940,1948,NLB,NLB,SP,131,89,7,752.6666666666666,41,46,347,237,29.0,6.56,4.1,2.78,0.32,3.71,110.14,8.93,34.3,71.8,56.6,49.1,94.2,53.1,D,B,C+,C,C,55.4,Rare,True,False,1,bbref_war
sainjo01,sainjo01,Johnny Sain,Integration (1942-1960),1950,1948,1942,1955,ATL,ATL,SP,412,245,51,2125.6666666666665,139,116,910,619,180.0,27.0,3.94,2.45,0.73,3.2,119.93,8.09,31.0,80.8,63.0,43.7,45.8,55.2,D,A-,B-,C-,C+,55.3,Rare,True,False,3,bbref_war
craigro01,craigro01,Roger Craig,Integration (1942-1960),1960,1959,1955,1966,LAD,LAD,SP,368,186,19,1536.3333333333333,74,98,803,522,186.0,17.25,4.62,2.87,1.0,3.49,126.13,7.91,45.3,69.3,67.0,42.6,12.5,55.0,C,B,B,C-,C+,55.2,Rare,False,False,0,bbref_war
erskica01,erskica01,Carl Erskine,Integration (1942-1960),1954,1953,1948,1959,LAD,LAD,SP,335,216,13,1718.6666666666667,122,78,981,646,199.0,16.31,5.28,3.19,1.0,3.66,114.16,7.48,59.2,60.7,59.2,39.8,13.0,71.1,C+,B-,C+,D+,B,55.0,Rare,True,False,1,bbref_war
raffeke01,raffeke01,Ken Raffensberger,Integration (1942-1960),1949,1952,1939,1954,CIN,CIN,SP,396,282,16,2151.6666666666665,119,154,806,449,192.0,30.51,3.43,1.76,0.76,3.46,112.7,7.67,20.2,99.4,58.3,41.0,42.1,42.4,D-,A+,C+,C-,C-,54.8,Rare,True,False,1,bbref_war
burdele01,burdele01,Lew Burdette,Integration (1942-1960),1955,1954,1950,1967,ATL,ATL,SP,626,373,31,3067.3333333333335,203,144,1074,628,289.0,23.25,3.18,2.13,0.66,3.19,114.96,9.53,14.8,89.5,59.7,52.9,54.0,60.1,F,A,C+,C,B-,54.6,Rare,True,False,3,bbref_war
delocik01,delocik01,Ike Delock,Integration (1942-1960),1958,1958,1952,1963,BOS,BOS,SP,329,147,31,1238.0,84,75,672,530,141.0,11.13,5.03,3.9,0.98,3.78,111.5,14.23,54.1,41.3,57.5,83.2,15.8,59.4,C,C-,C+,A-,C+,54.5,Rare,False,False,0,bbref_war
kindeel01,kindeel01,Ellis Kinder,Integration (1942-1960),1952,1951,1946,1957,BOS,BOS,RP,484,122,102,1479.6666666666667,102,71,749,539,118.0,25.44,4.7,3.17,0.78,3.19,152.49,28.83,47.1,61.1,84.1,10.1,38.8,59.8,C,B-,A-,F,C+,54.5,Rare,False,False,0,bbref_war
blackjo02,blackjo02,Joe Black,Integration (1942-1960),1948,1952,1943,1957,NLB,NLB,RP,241,59,30,806.0,49,36,454,281,64.0,10.24,5.14,3.15,0.57,3.33,122.27,19.45,56.4,61.9,64.5,15.3,64.8,64.0,C+,B-,B-,F,B-,54.4,Rare,True,False,2,bbref_war
loesbi01,loesbi01,Billy Loes,Integration (1942-1960),1955,1952,1950,1961,LAD,LAD,SP,316,139,32,1190.3333333333333,80,63,645,421,118.0,10.99,5.03,3.15,0.81,3.64,106.76,8.2,54.0,61.7,54.4,44.5,36.1,64.7,C,B-,C,C-,B-,54.2,Rare,True,False,1,bbref_war
wynnea01,wynnea01,Early Wynn,Integration (1942-1960),1952,1956,1939,1963,CLE,CLE,SP,691,612,15,4564.0,300,244,2334,1775,338.0,35.04,4.69,3.42,0.67,2.99,129.99,7.89,46.8,54.4,69.5,42.4,53.0,51.2,C,C,B,C-,C,54.2,Epic,True,True,9,bbref_war
barrere01,barrere01,Red Barrett,Integration (1942-1960),1944,1945,1937,1949,ATL,ATL,SP,253,149,7,1263.3333333333333,69,69,333,312,78.0,13.07,2.31,2.17,0.54,3.42,132.21,9.25,1.0,88.3,70.9,51.2,67.7,58.6,F,A,B,C,C+,54.0,Rare,True,False,1,bbref_war
purkebo01,purkebo01,Bob Purkey,Integration (1942-1960),1960,1962,1954,1966,CIN,CIN,SP,386,276,9,2114.6666666666665,129,115,793,510,195.0,24.03,3.48,1.95,0.85,3.53,112.5,7.58,21.3,94.3,58.1,40.4,30.9,57.9,D-,A,C+,C-,C+,53.9,Rare,True,False,4,bbref_war
lopated01,lopated01,Eddie Lopat,Integration (1942-1960),1950,1947,1944,1955,NYY,NYY,SP,340,318,3,2439.3333333333335,166,112,859,650,179.0,24.13,3.24,2.47,0.66,2.91,131.02,7.65,16.2,80.2,70.2,40.9,54.3,65.8,F,A-,B,C-,B,53.8,Rare,True,False,1,bbref_war
stalege01,stalege01,Gerry Staley,Integration (1942-1960),1953,1949,1947,1961,STL,STL,RP,640,186,61,1981.6666666666667,134,111,727,529,187.0,19.77,3.38,2.23,0.69,3.15,140.9,8.02,19.3,86.8,76.6,14.5,49.5,69.3,F,A,B+,F,B,53.8,Rare,True,False,4,bbref_war
millehe01,millehe01,Henry Miller,Integration (1942-1960),1944,1944,1938,1948,NLB,NLB,SP,89,59,2,474.0,35,25,280,199,24.0,6.68,5.36,3.66,0.41,3.82,102.98,8.08,61.1,47.9,51.9,43.7,83.8,51.3,B-,C,C,C-,C,53.5,Rare,True,False,1,bbref_war
durenry01,durenry01,Ryne Duren,Integration (1942-1960),1959,1959,1954,1965,NYY,NYY,RP,311,32,57,589.3333333333334,27,44,630,392,40.0,7.38,9.48,5.41,0.49,3.2,110.89,29.76,125.0,1.0,57.1,4.5,73.8,61.1,S,F,C+,F,B-,53.2,Rare,True,False,4,bbref_war
rushbo01,rushbo01,Bob Rush,Integration (1942-1960),1952,1955,1948,1960,CHC,CHC,SP,417,321,8,2410.6666666666665,127,152,1244,789,177.0,28.91,4.52,3.07,0.62,3.52,115.77,7.43,43.2,63.8,60.3,39.5,58.6,51.3,C-,B-,B-,D+,C,53.2,Rare,True,False,2,bbref_war
ramospe01,ramospe01,Pedro Ramos,Integration (1942-1960),1959,1960,1955,1970,MIN,MIN,SP,582,268,55,2355.6666666666665,117,160,1305,724,315.0,20.27,4.88,2.6,1.23,3.96,100.95,8.52,50.8,76.6,50.6,46.5,1.0,30.9,C,B+,C,C,D,53.1,Rare,True,False,1,bbref_war
grissma01,grissma01,Marv Grissom,Integration (1942-1960),1955,1954,1946,1959,SFG,SFG,RP,356,52,58,810.0,47,45,459,343,65.0,14.75,5.2,3.55,0.67,3.18,142.93,24.0,57.5,50.9,77.9,6.7,52.3,56.5,C+,C,B+,F,C+,53.0,Rare,True,False,1,bbref_war
maasdu01,maasdu01,Duke Maas,Integration (1942-1960),1958,1957,1955,1961,NYY,NYY,SP,195,91,15,734.6666666666666,45,44,356,284,71.0,-0.24,4.36,3.48,0.87,4.19,77.83,17.94,39.9,52.8,35.6,107.0,28.5,67.9,D+,C,D+,S,B,52.9,Rare,False,False,0,bbref_war
hoeftbi01,hoeftbi01,Billy Hoeft,Integration (1942-1960),1956,1955,1952,1966,DET,DET,RP,505,200,33,1847.3333333333333,97,101,1140,685,173.0,18.15,5.4,3.33,0.8,3.72,114.66,8.63,61.8,56.9,59.5,26.3,36.6,48.6,B-,C+,C+,D,C,52.8,Rare,True,False,1,bbref_war
hackewa02,hackewa02,Warren Hacker,Integration (1942-1960),1954,1952,1948,1961,CHC,CHC,SP,306,157,17,1283.3333333333333,62,89,557,320,181.0,16.04,4.01,2.14,1.23,4.02,104.0,8.32,32.5,89.0,52.6,45.2,1.0,46.9,D,A,C,C,C,52.7,Rare,False,False,0,bbref_war
floreje01,floreje01,Jesse Flores,Integration (1942-1960),1945,1943,1942,1950,OAK,OAK,SP,176,113,6,973.0,44,59,352,306,49.0,13.72,3.26,2.83,0.45,3.18,113.09,11.39,16.5,70.4,58.5,65.0,78.5,50.9,F,B,C+,B,C,52.6,Rare,False,False,0,bbref_war
labincl01,labincl01,Clem Labine,Integration (1942-1960),1956,1953,1950,1962,LAD,LAD,RP,513,38,96,1079.6666666666667,77,56,551,396,81.0,12.55,4.59,2.83,0.78,3.33,129.7,27.05,44.8,70.5,69.3,5.6,39.6,72.2,C-,B,B,F,B,52.6,Rare,True,False,2,bbref_war
fornimi01,fornimi01,Mike Fornieles,Integration (1942-1960),1956,1960,1952,1963,BOS,BOS,RP,432,76,55,1156.6666666666667,63,64,576,421,98.0,10.23,4.6,3.11,0.61,3.47,136.56,10.42,44.9,62.7,73.8,10.6,59.5,52.6,C-,B-,B,F,C,52.5,Rare,True,False,1,bbref_war
daleybu01,daleybu01,Bud Daley,Integration (1942-1960),1959,1959,1955,1964,NYY,NYY,SP,248,116,10,967.3333333333334,60,64,549,351,100.0,7.54,4.97,2.94,0.93,3.87,82.01,10.55,52.8,67.4,38.3,59.5,21.9,55.6,C,B,D+,C+,C+,52.4,Rare,True,False,4,bbref_war
russoma01,russoma01,Marius Russo,Integration (1942-1960),1942,1939,1939,1946,NYY,NYY,SP,120,84,5,680.6666666666666,45,34,311,253,41.0,7.98,4.11,3.35,0.54,3.13,120.86,8.13,34.6,56.5,63.6,44.0,67.8,74.5,D,C+,B-,C-,B,52.4,Rare,True,False,1,bbref_war
foytapa01,foytapa01,Paul Foytack,Integration (1942-1960),1958,1957,1953,1964,DET,DET,SP,312,193,7,1498.0,86,87,827,662,176.0,13.22,5.1,3.91,1.03,3.88,102.41,13.44,55.4,41.2,51.6,78.1,9.3,57.9,C+,C-,C,B+,C+,52.1,Rare,False,False,0,bbref_war
minnepa01,minnepa01,Paul Minner,Integration (1942-1960),1952,1954,1946,1956,CHC,CHC,SP,253,169,10,1310.3333333333333,69,84,481,393,122.0,17.21,3.32,2.62,0.78,3.82,115.56,10.76,17.9,76.1,60.1,60.9,39.3,48.5,F,B+,B-,B-,C,52.0,Rare,False,False,0,bbref_war
niggejo01,niggejo01,Johnny Niggeling,Integration (1942-1960),1943,1944,1938,1946,MIN,MIN,SP,184,161,0,1250.6666666666667,64,69,620,516,60.0,20.55,4.46,3.74,0.43,3.12,132.64,7.71,42.0,45.8,71.2,41.3,81.0,40.4,C-,C,B,C-,C-,52.0,Rare,False,False,0,bbref_war
brosnji01,brosnji01,Jim Brosnan,Integration (1942-1960),1959,1958,1954,1963,CIN,CIN,RP,385,47,67,831.3333333333334,55,47,507,312,80.0,14.26,5.5,3.36,0.77,3.31,122.94,19.74,63.9,56.0,64.9,6.4,39.9,54.0,B-,C+,B-,F,C,51.9,Rare,False,False,0,bbref_war
mastewa02,mastewa02,Walt Masterson,Integration (1942-1960),1949,1947,1939,1956,MIN,MIN,SP,399,184,20,1649.6666666666667,78,100,815,886,101.0,14.54,4.4,4.19,0.53,3.58,109.5,15.57,40.8,33.6,56.2,91.8,69.3,39.8,C-,D,C+,A,D+,51.9,Rare,True,False,2,bbref_war
clarkwe01,clarkwe01,Vibert Clarke,Integration (1942-1960),1948,1948,1946,1955,NLB,NLB,SP,26,19,0,155.66666666666666,11,6,75,64,6.0,2.01,4.34,3.7,0.35,3.76,122.3,8.66,39.4,46.8,64.5,47.4,91.2,47.2,D+,C,B-,C,C,51.7,Rare,True,False,3,bbref_war
poholto01,poholto01,Tom Poholsky,Integration (1942-1960),1954,1955,1950,1957,STL,STL,SP,159,104,1,753.6666666666666,31,52,316,192,90.0,6.74,3.77,2.29,1.07,3.93,105.43,8.54,27.5,85.0,53.5,46.6,3.9,57.6,D,A,C,C,C+,51.6,Rare,False,False,0,bbref_war
jonesgo01,jonesgo01,Gordon Jones,Integration (1942-1960),1960,1954,1954,1965,STL,STL,RP,171,21,12,378.6666666666667,15,18,232,120,49.0,3.42,4.97,2.37,0.88,3.38,100.86,19.22,52.8,83.0,50.6,6.0,27.3,52.0,C,A-,C,F,C,51.5,Rare,False,False,0,bbref_war
schmijo01,schmijo01,Johnny Schmitz,Integration (1942-1960),1948,1948,1941,1956,CHC,CHC,SP,366,235,20,1812.6666666666667,93,114,746,757,97.0,23.64,3.76,3.52,0.36,3.17,141.56,7.45,27.2,51.6,77.0,39.6,89.7,40.8,D,C,B+,D+,C-,51.4,Rare,True,False,2,bbref_war
vandejo01,vandejo01,Johnny Vander Meer,Integration (1942-1960),1943,1948,1937,1951,CIN,CIN,SP,346,285,2,2104.6666666666665,119,121,1294,1132,100.0,25.79,5.49,4.38,0.38,3.13,116.06,7.41,63.7,28.4,60.4,39.4,87.2,60.8,B-,D,B-,D+,B-,51.4,Rare,True,False,4,bbref_war
fowlear01,fowlear01,Art Fowler,Integration (1942-1960),1959,1954,1954,1964,LAA,LAA,RP,362,90,32,1024.0,54,51,539,308,99.0,12.89,4.74,2.7,0.83,3.75,113.91,13.16,47.8,73.9,59.0,10.1,33.0,56.5,C,B,C+,F,C+,51.2,Rare,False,False,0,bbref_war
harshja01,harshja01,Jack Harshman,Integration (1942-1960),1956,1956,1952,1960,CHW,CHW,SP,217,155,7,1169.3333333333333,69,65,741,539,96.0,11.84,5.82,4.04,0.71,3.41,101.51,7.22,70.6,37.6,51.0,38.1,48.0,65.8,B,D+,C,D+,B,51.2,Rare,False,False,0,bbref_war
bentoal01,bentoal01,Al Benton,Integration (1942-1960),1942,1941,1934,1952,DET,DET,RP,455,167,66,1688.3333333333333,98,88,697,733,106.0,24.92,3.83,3.46,0.49,2.77,154.38,9.56,28.6,53.4,85.3,17.7,74.4,55.0,D,C,A,F,C+,51.0,Rare,True,False,2,bbref_war
dobsojo01,dobsojo01,Joe Dobson,Integration (1942-1960),1948,1947,1939,1954,BOS,BOS,SP,414,273,18,2170.0,137,103,992,851,137.0,23.07,3.93,3.3,0.5,3.37,121.57,7.82,30.9,57.8,64.0,42.0,72.9,56.7,D,C+,B-,C-,C+,51.0,Rare,True,False,1,bbref_war
mclisca01,mclisca01,Cal McLish,Integration (1942-1960),1959,1958,1944,1964,CLE,CLE,SP,352,209,6,1609.0,92,92,713,552,164.0,11.3,4.18,2.88,0.9,3.62,105.03,9.01,36.0,69.1,53.3,49.6,24.7,52.1,D+,B,C,C,C,50.9,Rare,True,False,1,bbref_war
meyerru01,meyerru01,Russ Meyer,Integration (1942-1960),1951,1949,1946,1959,PHI,PHI,SP,319,219,5,1531.3333333333333,94,73,672,541,136.0,15.25,3.73,2.99,0.6,3.46,110.22,9.52,26.6,66.2,56.6,52.9,60.4,52.8,D,B,C+,C,C,50.9,Rare,False,False,0,bbref_war
muncrbo01,muncrbo01,Bob Muncrief,Integration (1942-1960),1944,1941,1937,1951,BAL,BAL,SP,288,165,9,1401.3333333333333,80,82,525,392,108.0,16.77,3.26,2.46,0.7,3.46,109.27,9.38,16.6,80.5,56.0,52.0,48.6,48.6,F,A-,C+,C,C,50.9,Rare,True,False,1,bbref_war
mungere01,mungere01,Red Munger,Integration (1942-1960),1948,1947,1943,1956,STL,STL,SP,273,161,12,1228.6666666666667,77,56,564,500,86.0,17.13,4.15,3.57,0.56,3.56,127.79,7.66,35.5,50.3,68.1,40.9,65.5,58.8,D+,C,B,C-,C+,50.8,Rare,True,False,3,bbref_war
wolffro01,wolffro01,Roger Wolff,Integration (1942-1960),1944,1945,1941,1947,MIN,MIN,SP,182,128,13,1025.3333333333333,52,69,430,316,56.0,11.73,3.77,2.77,0.49,3.41,108.07,7.79,27.5,72.0,55.2,41.8,73.9,44.1,D,B,C+,C-,C-,50.8,Rare,False,False,0,bbref_war
roebued01,roebued01,Ed Roebuck,Integration (1942-1960),1960,1960,1955,1966,LAD,LAD,RP,460,1,62,791.0,52,31,477,302,90.0,8.21,5.84,3.43,1.06,3.04,118.87,96.33,71.2,54.1,62.3,3.3,6.0,57.3,B,C,B-,F,C+,50.6,Rare,False,False,0,bbref_war
stobbch01,stobbch01,Chuck Stobbs,Integration (1942-1960),1954,1956,1947,1961,MIN,MIN,SP,459,238,19,1920.3333333333333,107,130,897,735,183.0,14.6,4.16,3.14,0.76,3.56,114.21,8.65,35.7,62.0,59.2,47.4,41.2,44.8,D+,B-,C+,C,C-,50.6,Rare,False,False,0,bbref_war
willijo06,,Johnny Williams,Integration (1942-1960),1946,1947,1943,1948,HIST,HIST,SP,38,22,1,201.0,10,15,73,59,6.0,0.0,3.27,2.64,0.27,4.84,,8.95,16.8,75.5,50.0,49.3,100.6,52.0,F,B+,C,C,C,50.6,Rare,True,False,2,proxy_zero
elstodo01,elstodo01,Don Elston,Integration (1942-1960),1959,1957,1953,1964,CHC,CHC,RP,450,15,63,755.6666666666666,49,54,519,327,80.0,11.48,6.42,3.67,0.96,3.26,107.19,7.68,83.5,47.6,54.7,3.1,17.5,54.7,A-,C,C,F,C,50.5,Rare,True,False,2,bbref_war
mizelvi01,mizelvi01,Vinegar Bend Mizell,Integration (1942-1960),1957,1953,1952,1962,STL,STL,SP,268,230,0,1528.6666666666667,90,88,918,680,143.0,18.52,5.63,4.02,0.75,3.65,108.62,6.63,66.7,38.1,55.6,34.3,43.3,58.8,B,D+,C+,D,C+,50.4,Rare,True,False,2,bbref_war
lemonbo01,lemonbo01,Bob Lemon,Integration (1942-1960),1952,1949,1946,1958,CLE,CLE,SP,460,350,22,2850.0,207,128,1277,1251,181.0,30.35,3.93,3.63,0.54,2.98,129.31,7.98,30.8,48.6,69.1,43.0,68.5,65.5,D,C,B,C-,B,50.3,Epic,True,True,7,bbref_war
sturdto01,sturdto01,Tom Sturdivant,Integration (1942-1960),1960,1957,1955,1964,NYY,NYY,RP,335,101,17,1137.0,59,51,704,449,107.0,11.9,5.48,3.46,0.83,3.52,109.31,25.11,63.6,53.4,56.1,15.1,33.8,61.0,B-,C,C+,F,B-,50.3,Rare,False,False,0,bbref_war
ackerto01,ackerto01,Tom Acker,Integration (1942-1960),1958,1956,1956,1959,CIN,CIN,RP,153,23,8,380.3333333333333,19,13,256,150,43.0,4.86,6.06,3.55,1.02,4.12,110.09,14.18,75.7,50.9,56.6,7.7,10.8,53.4,B+,C,C+,F,C,50.2,Rare,False,False,0,bbref_war
humphjo02,humphjo02,Johnny Humphries,Integration (1942-1960),1943,1942,1938,1946,CHW,CHW,SP,211,111,12,1002.0,52,63,317,373,50.0,7.35,2.76,2.99,0.43,3.49,114.86,12.14,6.0,66.2,59.7,69.7,81.2,51.2,F,B,C+,B,C,50.1,Rare,False,False,0,bbref_war
raschvi01,raschvi01,Vic Raschi,Integration (1942-1960),1951,1949,1946,1955,NYY,NYY,SP,269,255,3,1819.0,132,66,944,727,139.0,16.21,4.76,3.66,0.67,3.58,109.81,7.22,48.2,48.0,56.4,38.1,53.0,65.9,C,C,C+,D+,B,49.8,Rare,True,False,4,bbref_war
strinni01,strinni01,Nick Strincevich,Integration (1942-1960),1945,1945,1940,1948,PIT,PIT,SP,203,103,6,889.6666666666666,46,49,274,270,52.0,8.4,2.6,2.45,0.41,3.8,92.03,12.95,2.7,80.8,44.8,75.0,83.2,46.6,F,A-,C-,B+,C,49.8,Rare,False,False,0,bbref_war
klippjo01,klippjo01,Johnny Klippstein,Integration (1942-1960),1960,1963,1950,1967,CHC,CHC,RP,711,161,66,1967.6666666666667,101,118,1158,978,203.0,13.72,5.52,3.81,0.95,3.26,130.21,39.97,64.3,43.8,69.6,7.3,18.5,62.4,B-,C-,B,F,B-,49.6,Rare,False,False,0,bbref_war
gumpera01,gumpera01,Randy Gumpert,Integration (1942-1960),1949,1949,1936,1952,CHW,CHW,SP,261,113,7,1052.6666666666667,51,59,352,346,92.0,9.26,2.97,2.71,0.8,3.92,110.28,11.11,10.6,73.6,56.7,63.1,37.3,58.6,F,B,C+,B-,C+,49.5,Rare,True,False,1,bbref_war
turlebo01,turlebo01,Bob Turley,Integration (1942-1960),1957,1958,1951,1963,NYY,NYY,SP,310,237,12,1712.6666666666667,101,85,1265,1068,140.0,16.37,6.72,5.42,0.67,3.26,114.66,7.54,89.8,1.0,59.5,40.2,52.5,64.2,A,F,C+,C-,B-,49.4,Rare,True,False,3,bbref_war
borowha01,borowha01,Hank Borowy,Integration (1942-1960),1945,1944,1942,1951,NYY,NYY,SP,314,214,7,1717.0,108,82,690,623,108.0,16.92,3.65,3.15,0.53,3.22,114.03,7.76,24.8,61.8,59.1,41.6,69.4,60.9,D-,B-,C+,C-,B-,49.2,Rare,True,False,2,bbref_war
brancra01,brancra01,Ralph Branca,Integration (1942-1960),1949,1947,1944,1956,LAD,LAD,SP,322,188,19,1484.0,88,68,829,663,149.0,17.61,4.98,3.77,0.84,3.49,110.62,7.72,52.9,45.0,56.9,41.4,32.3,54.4,C,C,C+,C-,C,49.2,Rare,True,False,3,bbref_war
houttar01,houttar01,Art Houtteman,Integration (1942-1960),1950,1950,1945,1957,DET,DET,SP,325,181,20,1555.0,87,91,639,516,136.0,14.2,3.74,2.9,0.79,3.85,106.77,8.93,26.8,68.6,54.4,49.1,38.1,49.1,D,B,C,C,C,49.2,Rare,True,False,1,bbref_war
dorisha01,dorisha01,Fritz Dorish,Integration (1942-1960),1953,1952,1947,1956,CHW,CHW,RP,323,40,44,834.3333333333334,45,43,332,301,57.0,10.05,3.77,3.21,0.58,3.08,144.72,48.06,27.5,60.2,79.1,6.9,63.4,61.8,D,B-,B+,F,B-,49.0,Rare,False,False,0,bbref_war
dicksmu01,dicksmu01,Murry Dickson,Integration (1942-1960),1950,1950,1939,1959,STL,STL,SP,625,338,23,3052.3333333333335,172,181,1281,1058,302.0,30.19,3.79,3.05,0.9,3.62,112.66,9.02,27.7,64.5,58.2,49.7,25.5,50.0,D,B-,C+,C,C,48.8,Rare,True,False,1,bbref_war
hillmda01,hillmda01,Dave Hillman,Integration (1942-1960),1958,1959,1955,1962,CHC,CHC,RP,188,64,3,624.0,21,37,296,185,71.0,7.02,4.32,2.65,1.0,3.75,112.9,20.85,39.0,75.3,58.4,13.7,13.4,58.0,D+,B+,C+,F,C+,48.8,Rare,False,False,0,bbref_war
byerlbu01,byerlbu01,Bud Byerly,Integration (1942-1960),1951,1957,1943,1960,MIN,MIN,RP,237,17,14,491.6666666666667,22,22,209,167,34.0,6.65,3.47,2.89,0.7,3.07,150.89,10.58,21.1,68.8,83.1,5.5,48.9,42.8,D-,B,A-,F,C-,48.7,Rare,False,False,0,bbref_war
narlera01,narlera01,Ray Narleski,Integration (1942-1960),1956,1957,1954,1959,CLE,CLE,RP,266,52,58,702.0,43,33,454,335,80.0,9.88,5.82,4.29,1.03,3.6,139.38,36.91,70.7,30.7,75.6,8.7,9.8,48.6,B,D,B+,F,C,48.5,Rare,True,False,2,bbref_war
chrisru01,chrisru01,Russ Christopher,Integration (1942-1960),1945,1945,1942,1948,OAK,OAK,SP,241,97,35,999.6666666666666,54,64,424,399,38.0,11.17,3.82,3.59,0.34,3.37,110.87,8.92,28.4,49.8,57.1,49.1,91.8,52.4,D,C,C+,C,C,48.4,Rare,True,False,1,bbref_war
harrimi01,harrimi01,Mickey Harris,Integration (1942-1960),1947,1941,1940,1952,BOS,BOS,SP,271,109,21,1050.0,59,71,534,455,79.0,7.68,4.75,3.8,0.63,4.01,109.31,7.82,48.1,44.2,56.1,42.0,57.5,42.3,C,C-,C+,C-,C-,48.4,Rare,True,False,1,bbref_war
kosloda01,kosloda01,Dave Koslo,Integration (1942-1960),1949,1949,1941,1955,SFG,SFG,SP,348,189,22,1591.3333333333333,92,107,606,538,121.0,16.92,3.38,2.99,0.7,3.55,112.94,8.53,19.2,66.0,58.4,46.6,49.5,60.4,F,B,C+,C,B-,48.4,Rare,False,False,0,bbref_war
wilkste01,wilkste01,Ted Wilks,Integration (1942-1960),1948,1948,1944,1953,STL,STL,RP,385,44,46,913.0,59,30,403,283,76.0,17.89,3.86,2.8,0.67,3.04,125.0,41.16,29.3,71.2,66.3,8.2,52.7,57.1,D,B,B,F,C+,48.4,Rare,False,False,0,bbref_war
parneme01,parneme01,Mel Parnell,Integration (1942-1960),1951,1949,1947,1956,BOS,BOS,SP,289,232,10,1752.6666666666667,123,75,732,758,104.0,29.37,3.76,3.86,0.48,3.27,134.04,7.64,27.2,42.4,72.1,40.8,74.9,60.7,D,C-,B,C-,B-,48.3,Rare,True,False,2,bbref_war
arroylu01,arroylu01,Luis Arroyo,Integration (1942-1960),1959,1961,1955,1963,NYY,NYY,RP,244,36,44,531.3333333333334,40,32,336,208,58.0,4.12,5.67,3.51,0.99,3.82,105.62,11.34,67.6,51.9,53.7,5.9,13.7,67.3,B,C,C,F,B,48.2,Rare,True,False,2,bbref_war
brazlal01,brazlal01,Al Brazle,Integration (1942-1960),1949,1949,1943,1954,STL,STL,RP,441,117,60,1376.6666666666667,97,64,554,492,84.0,19.18,3.52,3.18,0.56,3.16,138.88,12.13,22.0,60.9,75.3,15.3,65.8,61.5,D-,B-,B+,F,B-,48.2,Rare,False,False,0,bbref_war
reynoal01,reynoal01,Allie Reynolds,Integration (1942-1960),1948,1952,1942,1954,NYY,NYY,SP,434,309,49,2492.3333333333335,182,107,1423,1261,133.0,21.01,4.94,4.47,0.47,3.18,117.26,8.1,52.1,25.9,61.2,43.8,76.5,60.6,C,D,B-,C-,B-,48.2,Rare,True,False,6,bbref_war
larsedo01,larsedo01,Don Larsen,Integration (1942-1960),1956,1953,1953,1967,NYY,NYY,SP,412,171,26,1548.0,81,91,849,725,130.0,12.21,4.59,3.82,0.67,3.52,109.3,8.3,44.7,43.6,56.0,45.1,52.0,51.1,C-,C-,C+,C,C,48.0,Rare,False,False,0,bbref_war
beggsjo01,beggsjo01,Joe Beggs,Integration (1942-1960),1943,1940,1938,1948,CIN,CIN,RP,238,41,29,693.6666666666666,48,35,178,189,39.0,10.41,2.28,2.43,0.37,2.4,130.5,30.78,1.0,81.3,69.8,10.8,88.6,74.5,F,A-,B,F,B,47.8,Uncommon,False,False,0,bbref_war
smitheu01,,Eugene Smith,Integration (1942-1960),1942,1939,1939,1948,HIST,HIST,SP,70,58,2,431.6666666666667,22,30,293,237,17.0,0.0,6.11,4.94,0.35,4.15,,6.96,76.8,13.2,50.0,36.5,90.3,52.0,B+,F,C,D+,C,47.6,Rare,True,False,2,proxy_zero
wyseha01,wyseha01,Hank Wyse,Integration (1942-1960),1945,1945,1942,1951,CHC,CHC,SP,251,159,8,1257.6666666666667,79,70,362,373,66.0,13.88,2.58,2.59,0.48,3.42,117.29,7.93,2.3,76.9,61.2,42.7,75.1,46.8,F,B+,B-,C-,C,47.6,Rare,True,False,1,bbref_war
overmst01,overmst01,Stubby Overmire,Integration (1942-1960),1947,1950,1943,1952,DET,DET,SP,266,137,10,1130.6666666666667,58,67,301,325,56.0,10.29,2.37,2.43,0.41,3.65,106.44,8.37,1.0,81.4,54.2,45.5,84.0,45.5,F,A-,C,C,C,47.5,Uncommon,False,False,0,bbref_war
byrdha01,byrdha01,Harry Byrd,Integration (1942-1960),1954,1952,1950,1957,OAK,OAK,SP,187,108,9,827.6666666666666,46,54,381,355,71.0,4.12,4.14,3.86,0.77,4.35,83.27,15.33,35.3,42.5,39.1,90.3,40.3,51.5,D+,C-,D+,A,C,47.4,Uncommon,False,False,0,bbref_war
getteal01,getteal01,Al Gettel,Integration (1942-1960),1948,1947,1945,1955,NYY,NYY,SP,184,79,6,734.3333333333334,38,45,310,310,72.0,1.08,3.8,3.8,0.88,4.28,82.59,17.09,28.0,44.1,38.7,101.5,27.0,61.5,D,C-,D+,S,B-,47.4,Uncommon,False,False,0,bbref_war
marreco01,marreco01,Connie Marrero,Integration (1942-1960),1952,1952,1950,1954,MIN,MIN,SP,118,94,3,735.3333333333334,39,40,297,249,60.0,9.74,3.64,3.05,0.73,3.67,106.79,7.89,24.6,64.5,54.4,42.4,44.8,47.9,D-,B-,C,C-,C,46.9,Uncommon,True,False,1,bbref_war
portebo01,portebo01,Bob Porterfield,Integration (1942-1960),1953,1952,1948,1959,MIN,MIN,SP,318,193,8,1567.6666666666667,87,97,572,552,113.0,18.4,3.26,2.97,0.55,3.44,104.16,8.58,16.7,66.6,52.7,46.9,66.9,49.7,F,B,C,C,C,46.9,Uncommon,True,False,1,bbref_war
butchma01,butchma01,Max Butcher,Integration (1942-1960),1942,1943,1936,1945,PIT,PIT,SP,334,229,9,1786.3333333333333,95,106,485,583,100.0,17.94,2.42,2.75,0.42,3.26,116.87,8.38,1.0,72.7,61.0,45.6,82.6,42.7,F,B,B-,C,C-,46.8,Uncommon,False,False,0,bbref_war
podbibu01,podbibu01,Bud Podbielan,Integration (1942-1960),1953,1952,1949,1959,CIN,CIN,SP,172,76,3,641.0,25,42,242,245,79.0,3.8,3.54,3.25,1.01,4.1,94.9,12.51,22.5,59.0,46.7,72.1,11.9,66.1,D-,C+,C,B,B,46.8,Uncommon,False,False,0,bbref_war
nixonwi01,nixonwi01,Willard Nixon,Integration (1942-1960),1955,1955,1950,1958,BOS,BOS,SP,225,177,3,1234.0,69,72,616,530,90.0,7.66,4.45,3.59,0.61,4.18,98.67,6.95,41.8,49.7,49.1,36.4,59.4,62.4,C-,C,C,D+,B-,46.7,Uncommon,False,False,0,bbref_war
baumafr01,baumafr01,Frank Baumann,Integration (1942-1960),1959,1960,1955,1965,BOS,BOS,RP,244,78,13,797.3333333333334,45,38,384,300,70.0,7.44,4.35,3.42,0.7,3.33,116.8,17.9,39.7,54.5,60.9,13.7,48.9,64.3,D+,C,B-,F,B-,46.5,Uncommon,False,False,0,bbref_war
werlebi01,werlebi01,Bill Werle,Integration (1942-1960),1952,1949,1949,1954,PIT,PIT,RP,185,60,15,665.3333333333334,29,39,283,194,80.0,3.81,3.83,2.62,1.08,4.69,117.46,11.35,28.6,76.0,61.3,14.8,3.1,53.8,D,B+,B-,F,C,46.5,Uncommon,False,False,0,bbref_war
buhlbo01,buhlbo01,Bob Buhl,Integration (1942-1960),1959,1960,1953,1967,ATL,ATL,SP,457,369,6,2587.0,166,132,1268,1105,238.0,22.85,4.71,4.01,0.77,3.24,110.67,7.37,47.3,38.5,56.9,39.1,40.6,51.8,C,D+,C+,D+,C,46.2,Uncommon,True,False,2,bbref_war
higbeki01,higbeki01,Kirby Higbe,Integration (1942-1960),1943,1940,1937,1950,LAD,LAD,SP,418,238,24,1952.3333333333333,118,101,971,979,117.0,19.06,4.56,4.32,0.5,3.43,106.47,9.08,44.2,30.1,54.2,50.1,72.7,57.8,C-,D,C,C,C+,46.2,Uncommon,True,False,2,bbref_war
riddlel01,riddlel01,Elmer Riddle,Integration (1942-1960),1943,1941,1939,1949,CIN,CIN,SP,190,124,8,1023.0,65,52,342,458,59.0,13.52,2.81,3.59,0.48,2.99,111.16,11.89,7.1,49.8,57.3,68.1,75.2,73.7,F,C,C+,B,B,46.2,Uncommon,True,False,1,bbref_war
hobbigl01,hobbigl01,Glen Hobbie,Integration (1942-1960),1960,1959,1957,1964,CHC,CHC,SP,284,170,6,1263.0,62,81,682,495,125.0,7.76,4.91,3.55,0.88,4.12,87.81,7.6,51.5,50.9,42.1,40.6,26.8,50.6,C,C,C-,C-,C,46.1,Uncommon,False,False,0,bbref_war
kellnal01,kellnal01,Alex Kellner,Integration (1942-1960),1955,1953,1948,1959,OAK,OAK,SP,321,250,5,1849.3333333333333,101,112,816,747,184.0,12.73,4.08,3.26,0.85,4.02,103.78,7.36,33.9,58.7,52.5,39.0,31.4,47.6,D,C+,C,D+,C,46.1,Uncommon,True,False,1,bbref_war
kielyle01,kielyle01,Leo Kiely,Integration (1942-1960),1956,1951,1951,1960,BOS,BOS,RP,209,39,29,523.0,26,27,212,189,39.0,7.73,3.65,3.25,0.67,3.37,137.2,12.16,24.8,59.0,74.2,7.8,52.4,56.8,D-,C+,B,F,C+,46.1,Uncommon,False,False,0,bbref_war
sewelri01,sewelri01,Rip Sewell,Integration (1942-1960),1944,1944,1932,1949,PIT,PIT,SP,390,243,15,2119.3333333333335,143,97,636,748,116.0,22.66,2.52,2.86,0.43,3.16,117.4,8.24,1.0,69.6,61.3,44.7,81.3,44.9,F,B,B-,C-,C-,46.0,Rare,True,False,4,bbref_war
anderbo01,anderbo01,Bob Anderson,Integration (1942-1960),1960,1961,1957,1963,CHC,CHC,RP,246,93,13,840.6666666666666,36,46,502,319,80.0,4.36,5.37,3.42,0.86,4.26,90.35,13.52,61.3,54.6,43.7,13.7,30.1,49.0,B-,C,C-,F,C,45.9,Uncommon,False,False,0,bbref_war
walkeje01,walkeje01,Jerry Walker,Integration (1942-1960),1960,1959,1957,1964,BAL,BAL,SP,190,90,13,747.0,37,44,326,341,97.0,5.51,4.01,3.92,1.04,4.0,93.09,15.01,32.5,40.8,45.5,88.2,7.7,50.8,D,C-,C,A,C,45.9,Uncommon,True,False,1,bbref_war
hearnji01,hearnji01,Jim Hearn,Integration (1942-1960),1951,1950,1947,1959,SFG,SFG,SP,396,229,8,1703.6666666666667,109,89,669,655,157.0,16.01,3.43,3.22,0.85,3.66,110.16,8.67,20.2,59.8,56.6,47.5,31.3,58.4,D-,C+,C+,C,C+,45.8,Uncommon,True,False,1,bbref_war
morgato01,morgato01,Tom Morgan,Integration (1942-1960),1958,1961,1951,1963,NYY,NYY,RP,443,61,64,1023.3333333333334,67,47,364,300,95.0,7.87,3.29,2.45,0.87,3.56,121.1,36.52,17.2,80.8,63.7,7.2,29.0,57.4,F,A-,B-,F,C+,45.8,Uncommon,False,False,0,bbref_war
kuzavbo01,kuzavbo01,Bob Kuzava,Integration (1942-1960),1951,1950,1946,1957,NYY,NYY,SP,213,99,13,862.0,49,44,446,415,54.0,6.57,4.69,4.35,0.56,3.86,99.48,9.31,46.9,29.1,49.7,51.6,65.9,60.4,C,D,C,C,B-,45.5,Uncommon,False,False,0,bbref_war
meyerja01,meyerja01,Jack Meyer,Integration (1942-1960),1958,1958,1955,1961,PHI,PHI,RP,202,24,21,455.0,24,34,375,244,49.0,5.7,7.42,4.83,0.97,3.92,92.1,28.77,104.4,16.3,44.9,6.2,16.6,44.5,S,F,C-,F,C-,45.4,Uncommon,False,False,0,bbref_war
breweto01,breweto01,Tom Brewer,Integration (1942-1960),1958,1956,1954,1961,BOS,BOS,SP,241,217,3,1509.3333333333333,91,82,733,669,126.0,12.39,4.44,3.84,0.74,3.92,108.36,6.7,41.5,43.1,55.4,34.8,43.9,57.8,C-,C-,C+,D,C+,45.3,Uncommon,True,False,1,bbref_war
grimbo01,grimbo01,Bob Grim,Integration (1942-1960),1958,1957,1954,1962,NYY,NYY,RP,268,60,37,759.6666666666666,61,41,443,330,50.0,6.65,5.12,3.88,0.55,3.53,103.93,11.4,56.0,41.8,52.6,9.5,66.5,56.5,C+,C-,C,F,C+,45.2,Uncommon,True,False,1,bbref_war
johnser02,johnser02,Ernie Johnson,Integration (1942-1960),1955,1954,1950,1959,ATL,ATL,RP,273,19,19,574.6666666666666,40,23,319,231,56.0,5.78,4.94,3.53,0.86,3.46,108.43,42.27,52.0,51.5,55.5,5.8,29.1,59.6,C,C,C+,F,C+,45.1,Uncommon,False,False,0,bbref_war
ditmaar01,ditmaar01,Art Ditmar,Integration (1942-1960),1959,1959,1954,1962,NYY,NYY,SP,287,156,14,1268.0,72,77,552,461,138.0,7.63,4.02,3.2,0.99,3.97,96.68,7.85,32.6,60.4,47.8,42.2,13.9,55.0,D,B-,C,C-,C+,45.0,Uncommon,False,False,0,bbref_war
konstji01,konstji01,Jim Konstanty,Integration (1942-1960),1951,1950,1944,1956,PHI,PHI,RP,433,36,74,945.6666666666666,66,48,268,269,88.0,11.43,2.54,2.58,0.8,3.34,140.85,50.68,1.4,77.1,76.6,6.7,37.2,66.7,F,B+,B+,F,B,45.0,Uncommon,True,False,1,bbref_war
lombavi01,lombavi01,Vic Lombardi,Integration (1942-1960),1948,1947,1945,1950,PIT,PIT,SP,223,100,16,944.6666666666666,50,51,340,418,70.0,10.23,3.24,3.98,0.67,3.68,106.24,13.98,16.2,39.2,54.1,81.6,52.9,55.0,F,D+,C,A-,C+,45.0,Uncommon,False,False,0,bbref_war
rybami01,rybami01,Mike Ryba,Integration (1942-1960),1943,1945,1935,1946,BOS,BOS,RP,240,36,16,783.6666666666666,52,34,307,247,47.0,6.11,3.47,2.83,0.51,3.53,108.91,20.76,21.1,70.3,55.8,13.3,71.8,51.2,D-,B,C+,F,C,44.9,Uncommon,False,False,0,bbref_war
garvene01,garvene01,Ned Garver,Integration (1942-1960),1951,1950,1948,1961,DET,DET,SP,402,330,12,2477.3333333333335,129,157,881,881,213.0,31.11,3.12,3.31,0.7,3.5,129.19,7.63,13.6,57.5,69.0,40.8,48.4,25.5,F,C+,B,C-,D,44.8,Uncommon,True,False,1,bbref_war
freemhe01,freemhe01,Hersh Freeman,Integration (1942-1960),1956,1955,1952,1958,CIN,CIN,RP,204,3,37,359.0,30,16,158,109,25.0,4.42,3.96,2.73,0.63,3.74,98.23,16.58,31.4,73.1,48.9,3.0,57.7,60.1,D,B,C,F,B-,44.7,Uncommon,False,False,0,bbref_war
smithfr06,smithfr06,Frank Smith,Integration (1942-1960),1953,1954,1950,1956,CIN,CIN,RP,271,7,44,495.6666666666667,35,33,277,181,67.0,8.12,5.03,3.29,1.22,3.81,105.4,55.83,54.0,58.1,53.5,3.5,1.0,52.3,C,C+,C,F,C,44.6,Uncommon,False,False,0,bbref_war
voisebi01,voisebi01,Bill Voiselle,Integration (1942-1960),1946,1944,1942,1950,SFG,SFG,SP,245,190,3,1373.3333333333333,74,84,645,588,115.0,12.74,4.22,3.8,0.73,3.77,108.69,7.28,36.8,44.0,55.6,38.5,44.9,49.1,D+,C-,C+,D+,C,44.6,Uncommon,True,False,1,bbref_war
gormato02,gormato02,Tom Gorman,Integration (1942-1960),1955,1955,1952,1959,NLB,NLB,RP,289,33,42,689.3333333333334,36,36,321,239,77.0,7.36,4.2,3.03,1.0,3.67,112.29,40.07,36.4,65.1,58.0,7.5,13.5,57.1,D+,B,C+,F,C+,44.5,Uncommon,False,False,0,bbref_war
wilsoji02,wilsoji02,Jim Wilson,Integration (1942-1960),1954,1955,1945,1958,CHW,CHW,SP,257,217,2,1539.0,86,89,692,608,151.0,12.17,4.17,3.52,0.8,3.81,99.02,7.0,35.8,51.7,49.4,36.7,36.4,54.1,D+,C,C,D+,C,44.3,Uncommon,True,False,3,bbref_war
haefnmi01,haefnmi01,Mickey Haefner,Integration (1942-1960),1946,1946,1943,1950,MIN,MIN,SP,261,179,13,1466.6666666666667,78,91,508,577,76.0,15.97,3.16,3.41,0.41,3.35,108.56,8.46,14.4,54.7,55.6,46.1,84.1,38.0,F,C,C+,C,D+,44.2,Uncommon,False,False,0,bbref_war
krameja01,krameja01,Jack Kramer,Integration (1942-1960),1945,1944,1939,1951,BAL,BAL,SP,322,215,7,1637.3333333333333,95,103,613,682,92.0,13.99,3.6,3.53,0.45,3.81,102.22,7.75,23.8,51.4,51.4,41.5,78.7,47.4,D-,C,C,C-,C,44.2,Uncommon,True,False,3,bbref_war
lawrebr01,lawrebr01,Brooks Lawrence,Integration (1942-1960),1957,1957,1954,1960,CIN,CIN,SP,275,127,22,1040.6666666666667,69,62,481,385,110.0,9.18,4.16,3.33,0.95,4.25,87.3,8.43,35.6,56.9,41.7,45.9,18.8,55.6,D+,C+,C-,C,C+,44.2,Uncommon,True,False,1,bbref_war
hudsosi01,hudsosi01,Sid Hudson,Integration (1942-1960),1949,1941,1940,1954,MIN,MIN,SP,380,279,13,2181.0,104,152,734,835,136.0,14.87,3.15,3.22,0.55,3.97,105.82,8.02,14.3,59.9,53.8,43.3,66.3,45.6,F,C+,C,C-,C,44.1,Uncommon,True,False,2,bbref_war
heussed01,heussed01,Ed Heusser,Integration (1942-1960),1944,1944,1935,1948,CIN,CIN,RP,266,104,18,1087.0,56,67,299,300,66.0,10.88,2.41,2.27,0.51,3.32,98.58,8.82,1.0,85.7,49.1,22.4,72.2,58.8,F,A,C,D-,C+,43.9,Uncommon,False,False,0,bbref_war
thompju01,thompju01,Gene Thompson,Integration (1942-1960),1942,1939,1939,1947,CIN,CIN,RP,185,68,7,686.6666666666666,47,35,315,328,35.0,6.41,4.13,4.3,0.46,3.26,134.14,20.24,35.0,30.6,72.2,15.6,77.8,65.2,D+,D,B,F,B,43.9,Uncommon,False,False,0,bbref_war
ferrida01,ferrida01,Dave Ferriss,Integration (1942-1960),1948,1945,1945,1950,BOS,BOS,SP,144,103,8,880.0,65,30,296,314,42.0,8.55,3.03,3.21,0.43,3.64,92.68,9.24,11.7,60.1,45.2,51.1,81.3,56.7,F,B-,C,C,C+,43.8,Uncommon,True,False,2,bbref_war
gomezru01,gomezru01,Ruben Gomez,Integration (1942-1960),1956,1953,1953,1967,SFG,SFG,SP,289,205,5,1454.0,76,86,677,574,154.0,15.46,4.18,3.59,0.9,3.9,103.15,6.77,36.0,49.7,52.0,35.2,24.5,58.1,D+,C,C,D+,C+,43.8,Uncommon,False,False,0,bbref_war
pagejo01,pagejo01,Joe Page,Integration (1942-1960),1948,1949,1944,1954,NYY,NYY,RP,285,45,76,790.0,57,49,519,421,42.0,7.75,5.97,4.83,0.51,3.38,105.41,49.42,73.9,16.1,53.5,8.3,71.6,60.0,B,F,C,F,B-,43.7,Uncommon,True,False,3,bbref_war
surkoma01,surkoma01,Max Surkont,Integration (1942-1960),1953,1952,1949,1957,PIT,PIT,SP,236,149,8,1194.3333333333333,61,76,571,481,134.0,8.81,4.33,3.45,1.01,4.31,92.13,7.95,39.2,53.5,44.9,42.8,11.3,44.9,D+,C,C-,C-,C-,43.6,Uncommon,False,False,0,bbref_war
perkoha01,perkoha01,Harry Perkowski,Integration (1942-1960),1951,1951,1947,1955,CIN,CIN,SP,184,76,5,697.6666666666666,33,40,296,324,65.0,5.86,3.95,3.92,0.73,4.1,101.55,9.59,31.1,41.0,51.0,53.3,45.0,49.9,D,C-,C,C,C,43.5,Uncommon,False,False,0,bbref_war
groveor01,groveor01,Orval Grove,Integration (1942-1960),1944,1943,1940,1949,CHW,CHW,SP,207,152,4,1176.6666666666667,63,73,374,444,62.0,4.79,3.06,3.03,0.46,3.34,90.06,7.72,12.5,64.9,43.5,41.4,78.1,58.9,F,B-,C-,C-,C+,43.3,Uncommon,True,False,1,bbref_war
haynejo01,haynejo01,Joe Haynes,Integration (1942-1960),1945,1947,1939,1952,CHW,CHW,RP,379,147,21,1581.0,76,82,475,620,95.0,12.51,2.82,3.04,0.48,3.17,117.04,24.44,7.2,64.9,61.1,23.3,75.2,54.8,F,B-,B-,D-,C,43.3,Uncommon,True,False,1,bbref_war
fischbi01,fischbi01,Bill Fischer,Integration (1942-1960),1960,1959,1956,1964,CHW,CHW,RP,281,78,13,831.3333333333334,45,58,313,210,86.0,7.0,3.29,2.13,0.87,4.07,90.8,25.23,17.3,89.5,44.0,12.3,28.7,45.3,F,A,C-,F,C,43.2,Uncommon,False,False,0,bbref_war
grayte01,grayte01,Ted Gray,Integration (1942-1960),1950,1949,1946,1955,DET,DET,SP,222,162,4,1134.0,59,74,687,595,114.0,9.53,5.61,4.54,0.88,4.18,93.73,6.89,66.2,24.0,45.9,36.0,26.8,47.8,B,D-,C,D+,C,43.2,Uncommon,True,False,1,bbref_war
rogovsa01,rogovsa01,Saul Rogovin,Integration (1942-1960),1952,1951,1949,1957,PHI,PHI,SP,150,121,2,883.6666666666666,48,48,388,308,83.0,8.04,3.9,3.11,0.79,3.86,82.45,7.25,30.1,62.9,38.6,38.3,38.2,53.4,D,B-,D+,D+,C,43.2,Uncommon,False,False,0,bbref_war
wightbi01,wightbi01,Bill Wight,Integration (1942-1960),1952,1950,1946,1958,CHW,CHW,SP,347,198,8,1563.0,77,99,574,714,74.0,15.87,3.34,3.89,0.39,3.71,115.0,7.67,18.4,41.7,59.8,41.0,86.4,48.9,F,C-,C+,C-,C,42.9,Uncommon,False,False,0,bbref_war
javeral01,javeral01,Al Javery,Integration (1942-1960),1943,1942,1940,1946,ATL,ATL,SP,205,147,5,1142.6666666666667,53,74,470,452,44.0,5.59,3.7,3.56,0.35,3.8,80.25,8.58,26.0,50.6,37.2,46.9,91.3,55.4,D,C,D+,C,C+,42.8,Uncommon,True,False,2,bbref_war
erickpa01,erickpa01,Paul Erickson,Integration (1942-1960),1945,1946,1941,1948,CHC,CHC,SP,207,86,6,814.3333333333334,37,48,432,425,41.0,7.49,4.76,4.7,0.43,3.73,91.15,9.89,48.3,19.7,44.2,55.3,81.1,46.5,C,F,C-,C+,C,42.7,Uncommon,False,False,0,bbref_war
kucksjo01,kucksjo01,Johnny Kucks,Integration (1942-1960),1958,1959,1955,1960,NYY,NYY,SP,207,123,7,938.3333333333334,54,56,338,308,91.0,0.52,3.24,2.95,0.87,4.1,90.55,7.81,16.3,67.1,43.9,42.0,28.2,62.4,F,B,C-,C-,B-,42.7,Uncommon,True,False,1,bbref_war
bagbyji02,bagbyji02,Jim Bagby,Integration (1942-1960),1942,1938,1938,1947,CLE,CLE,SP,303,198,9,1666.3333333333333,97,96,431,608,98.0,10.69,2.36,3.14,0.55,3.78,100.58,9.68,1.0,62.0,50.4,53.9,67.3,51.4,F,B-,C,C,C,42.4,Uncommon,True,False,2,bbref_war
chambcl01,chambcl01,Cliff Chambers,Integration (1942-1960),1950,1950,1948,1953,STL,STL,SP,189,113,1,897.3333333333334,48,53,374,361,70.0,6.78,3.75,3.62,0.7,4.29,93.85,8.24,27.0,49.0,46.0,44.7,48.6,54.8,D,C,C,C-,C,42.4,Uncommon,False,False,0,bbref_war
mcdermi03,mcdermi03,Mickey McDermott,Integration (1942-1960),1952,1951,1948,1961,BOS,BOS,SP,291,156,14,1316.6666666666667,69,69,757,838,87.0,15.23,5.35,5.54,0.51,3.68,112.87,7.76,60.7,1.0,58.4,41.6,71.2,50.0,B-,F,C+,C-,C,42.3,Uncommon,False,False,0,bbref_war
scarbra01,scarbra01,Ray Scarborough,Integration (1942-1960),1948,1948,1942,1953,MIN,MIN,SP,318,168,12,1428.6666666666667,80,85,564,611,88.0,11.07,3.48,3.72,0.52,4.19,101.9,8.43,21.2,46.3,51.2,45.9,70.3,40.6,D-,C,C,C,C-,42.1,Uncommon,True,False,1,bbref_war
consusa01,consusa01,Sandy Consuegra,Integration (1942-1960),1953,1953,1950,1957,MIN,MIN,RP,248,71,26,809.3333333333334,51,32,193,246,43.0,12.36,2.16,2.75,0.47,3.38,114.12,16.64,1.0,72.5,59.2,13.3,76.2,59.1,F,B,C+,F,C+,41.9,Uncommon,True,False,1,bbref_war
harrilu01,harrilu01,Lum Harris,Integration (1942-1960),1944,1942,1941,1947,OAK,OAK,SP,151,91,3,820.0,35,63,232,265,66.0,4.23,2.55,2.91,0.72,4.16,96.78,9.57,1.6,68.3,47.9,53.2,46.0,40.5,F,B,C,C,C-,41.8,Uncommon,False,False,0,bbref_war
byrneto01,byrneto01,Tommy Byrne,Integration (1942-1960),1951,1949,1943,1957,NYY,NYY,SP,281,170,12,1362.0,85,69,766,1037,98.0,8.94,5.14,7.01,0.63,3.78,110.63,8.77,56.3,1.0,56.9,48.1,57.3,60.5,C+,F,C+,C,B-,41.7,Uncommon,True,False,1,bbref_war
millebo02,millebo02,Bob Miller,Integration (1942-1960),1954,1955,1949,1958,PHI,PHI,RP,261,69,15,822.0,42,42,263,247,72.0,11.53,2.88,2.61,0.73,3.58,104.09,21.17,8.6,76.5,52.7,13.4,45.8,58.0,F,B+,C,F,C+,41.6,Uncommon,False,False,0,bbref_war
ferrito01,ferrito01,Tom Ferrick,Integration (1942-1960),1948,1949,1941,1952,MIN,MIN,RP,323,7,56,674.0,40,40,245,227,44.0,11.44,3.21,3.22,0.52,3.46,123.45,35.25,15.5,59.8,65.2,5.9,70.4,38.7,F,C+,B,F,D+,41.5,Uncommon,False,False,0,bbref_war
ostrojo02,ostrojo02,Joe Ostrowski,Integration (1942-1960),1950,1950,1948,1952,BAL,BAL,RP,150,37,15,455.6666666666667,23,25,131,98,44.0,1.95,2.59,1.94,0.87,4.54,96.38,20.1,2.4,94.7,47.6,11.3,28.6,43.2,F,A,C,F,C-,41.5,Uncommon,False,False,0,bbref_war
clevete01,clevete01,Tex Clevenger,Integration (1942-1960),1958,1959,1954,1962,MIN,MIN,RP,307,40,30,694.6666666666666,36,37,361,298,62.0,5.6,4.96,3.96,0.83,4.18,107.72,20.68,52.6,39.8,55.0,6.1,33.7,36.2,C,D+,C+,F,D+,41.3,Uncommon,False,False,0,bbref_war
ferrado01,ferrado01,Don Ferrarese,Integration (1942-1960),1958,1961,1955,1962,BAL,BAL,RP,183,50,5,506.6666666666667,19,36,350,295,39.0,4.94,6.19,5.12,0.66,3.89,102.07,8.75,78.6,8.3,51.3,9.9,53.4,52.0,B+,F,C,F,C,41.3,Uncommon,False,False,0,bbref_war
greggha01,greggha01,Hal Gregg,Integration (1942-1960),1948,1945,1943,1952,LAD,LAD,SP,200,115,9,827.0,40,48,401,443,41.0,2.81,4.29,4.3,0.39,3.93,83.88,8.84,38.3,30.5,39.5,48.5,85.6,52.7,D+,D,D+,C,C,41.3,Uncommon,True,False,1,bbref_war
kemmeru01,kemmeru01,Russ Kemmerer,Integration (1942-1960),1959,1960,1954,1963,MIN,MIN,RP,302,109,8,1066.6666666666667,43,59,505,389,103.0,6.28,4.27,3.25,0.88,4.37,92.03,20.02,37.9,59.0,44.8,15.1,27.3,44.0,D+,C+,C-,F,C-,41.3,Uncommon,False,False,0,bbref_war
starrra01,starrra01,Ray Starr,Integration (1942-1960),1942,1942,1932,1945,CIN,CIN,SP,138,88,4,699.0,37,35,189,279,33.0,5.56,2.43,3.59,0.42,3.53,99.22,10.67,1.0,49.8,49.5,60.3,81.9,61.3,F,C,C,B-,B-,41.3,Uncommon,True,False,1,bbref_war
zoldasa01,zoldasa01,Sam Zoldak,Integration (1942-1960),1948,1946,1944,1952,BAL,BAL,RP,250,93,8,929.3333333333334,43,53,207,301,54.0,11.25,1.94,2.84,0.53,3.49,113.03,18.61,1.0,70.3,58.5,18.0,69.7,52.9,F,B,C+,F,C,41.3,Uncommon,False,False,0,bbref_war
wadeja01,wadeja01,Jake Wade,Integration (1942-1960),1942,1946,1936,1946,DET,DET,SP,171,71,3,668.3333333333334,27,40,291,440,42.0,1.81,3.89,5.72,0.6,4.74,91.33,18.31,29.9,1.0,44.4,109.4,61.4,52.4,D,F,C-,S,C,40.9,Uncommon,False,False,0,bbref_war
gorsijo01,gorsijo01,Johnny Gorsica,Integration (1942-1960),1943,1940,1940,1947,DET,DET,RP,204,64,17,723.6666666666666,31,39,272,247,44.0,5.86,3.38,3.07,0.55,4.18,95.51,12.19,19.2,63.9,47.1,14.5,67.2,49.1,F,B-,C,F,C,40.5,Uncommon,False,False,0,bbref_war
heintke01,heintke01,Ken Heintzelman,Integration (1942-1960),1948,1949,1937,1952,PIT,PIT,SP,319,183,10,1501.6666666666667,77,98,564,630,100.0,14.62,3.35,3.77,0.58,3.79,99.51,8.32,18.5,44.8,49.7,45.2,62.9,43.1,F,C-,C,C,C-,40.3,Uncommon,False,False,0,bbref_war
burnspe01,burnspe01,Pete Burnside,Integration (1942-1960),1960,1960,1955,1963,TEX,TEX,RP,196,64,7,567.3333333333334,19,36,303,230,73.0,0.58,4.78,3.64,1.14,4.58,93.42,18.97,48.7,48.5,45.7,10.3,1.0,57.1,C,C,C,F,C+,40.2,Uncommon,False,False,0,bbref_war
kennemo01,kennemo01,Monty Kennedy,Integration (1942-1960),1949,1949,1946,1953,SFG,SFG,SP,249,127,4,961.0,42,55,411,495,67.0,7.73,3.93,4.7,0.56,3.72,108.61,9.12,30.9,19.8,55.6,50.3,65.3,55.6,D,F,C+,C,C+,40.2,Uncommon,False,False,0,bbref_war
keegabo01,keegabo01,Bob Keegan,Integration (1942-1960),1956,1954,1953,1958,CHW,CHW,SP,135,87,5,644.6666666666666,40,36,198,233,70.0,3.51,2.76,3.25,0.98,3.66,101.3,8.44,6.2,59.0,50.8,46.0,15.6,68.1,F,C+,C,C,B,40.1,Uncommon,True,False,1,bbref_war
palicer01,palicer01,Erv Palica,Integration (1942-1960),1950,1950,1947,1956,LAD,LAD,RP,246,80,10,839.3333333333334,41,55,423,399,72.0,7.58,4.64,4.23,0.73,4.07,104.82,23.64,45.8,32.4,53.1,14.4,45.4,57.7,C,D,C,F,C+,40.1,Uncommon,False,False,0,bbref_war
drewska01,drewska01,Karl Drews,Integration (1942-1960),1951,1952,1946,1954,PHI,PHI,SP,218,107,7,826.6666666666666,44,53,322,332,72.0,2.49,3.39,3.39,0.81,4.74,79.5,8.86,19.4,55.2,36.7,48.7,35.9,61.2,F,C+,D+,C,B-,40.0,Uncommon,False,False,0,bbref_war
hugheji02,hugheji02,Jim Hughes,Integration (1942-1960),1954,1954,1952,1957,LAD,LAD,RP,172,1,39,296.0,15,13,165,152,30.0,3.3,5.02,4.62,0.91,3.83,120.42,57.33,53.7,21.8,63.3,2.8,23.4,73.5,C,D-,B-,F,B,40.0,Uncommon,False,False,0,bbref_war
aberal01,aberal01,Al Aber,Integration (1942-1960),1954,1955,1950,1957,DET,DET,RP,168,30,14,389.3333333333333,24,25,169,160,29.0,1.01,3.91,3.7,0.67,4.18,112.42,25.8,30.3,46.9,58.1,6.6,52.4,48.3,D,C,C+,F,C,39.8,Uncommon,False,False,0,bbref_war
colemjo04,colemjo04,Joe Coleman,Integration (1942-1960),1948,1948,1942,1955,OAK,OAK,SP,223,140,6,1134.0,52,76,444,566,92.0,8.38,3.7,4.12,0.62,3.94,101.67,7.75,25.9,35.5,51.1,41.5,58.7,50.1,D,D+,C,C-,C,39.8,Uncommon,True,False,1,bbref_war
donnebl01,donnebl01,Blix Donnelly,Integration (1942-1960),1947,1947,1944,1951,PHI,PHI,RP,190,75,12,691.6666666666666,27,36,296,306,52.0,8.61,3.85,3.95,0.67,3.45,113.38,12.2,29.2,40.2,58.7,15.6,52.4,55.2,D,C-,C+,F,C+,39.7,Uncommon,False,False,0,bbref_war
hookja01,hookja01,Jay Hook,Integration (1942-1960),1960,1960,1957,1964,CIN,CIN,SP,160,112,1,752.6666666666666,29,62,394,275,112.0,0.34,4.67,3.3,1.28,5.0,69.39,5.53,46.4,57.7,30.1,27.3,1.0,40.2,C,C+,D,D,C-,39.7,Uncommon,False,False,0,bbref_war
fowledi01,fowledi01,Dick Fowler,Integration (1942-1960),1946,1947,1941,1952,OAK,OAK,SP,221,170,4,1303.0,66,79,382,578,96.0,10.77,2.77,3.61,0.63,3.65,105.88,8.41,6.3,49.3,53.8,45.8,57.0,51.1,F,C,C,C,C,39.6,Uncommon,False,False,0,bbref_war
meltoru01,meltoru01,Rube Melton,Integration (1942-1960),1944,1946,1941,1947,LAD,LAD,SP,162,87,5,704.0,30,50,363,395,22.0,7.03,4.64,5.05,0.28,3.62,93.11,8.68,45.8,10.2,45.5,47.5,99.1,42.9,C,F,C,C,C-,39.6,Uncommon,False,False,0,bbref_war
hydedi01,hydedi01,Dick Hyde,Integration (1942-1960),1958,1958,1955,1961,MIN,MIN,RP,169,2,23,298.3333333333333,17,14,144,137,13.0,6.12,4.34,4.13,0.39,3.56,111.16,54.67,39.5,35.1,57.3,3.1,85.8,36.1,D+,D+,C+,F,D+,39.5,Uncommon,False,False,0,bbref_war
schmiwi01,schmiwi01,Willard Schmidt,Integration (1942-1960),1956,1955,1952,1959,STL,STL,RP,194,55,2,586.3333333333334,31,29,323,278,57.0,6.92,4.96,4.27,0.87,3.93,99.5,14.71,52.5,31.5,49.7,11.2,27.9,59.4,C,D,C,F,C+,39.5,Uncommon,False,False,0,bbref_war
hutchjo02,hutchjo02,Johnny Hutchings,Integration (1942-1960),1943,1945,1940,1946,ATL,ATL,RP,155,34,6,471.0,12,18,212,180,36.0,1.76,4.05,3.44,0.69,3.96,86.31,12.86,33.3,53.9,41.1,11.3,50.3,60.1,D,C,C-,F,B-,39.3,Uncommon,False,False,0,bbref_war
karlan01,karlan01,Andy Karl,Integration (1942-1960),1945,1945,1943,1947,PHI,PHI,RP,191,4,26,422.6666666666667,18,23,107,130,16.0,5.0,2.28,2.77,0.34,3.51,105.49,58.33,1.0,72.1,53.6,6.0,92.0,42.9,F,B,C,F,C-,39.3,Uncommon,False,False,0,bbref_war
scheica01,scheica01,Carl Scheib,Integration (1942-1960),1948,1948,1943,1954,OAK,OAK,SP,267,107,17,1070.6666666666667,45,65,290,493,99.0,4.69,2.43,3.33,0.76,4.31,94.19,10.4,1.0,56.9,46.2,58.6,41.2,47.3,F,C+,C,C+,C,39.2,Uncommon,False,False,0,bbref_war
bickfve01,bickfve01,Vern Bickford,Integration (1942-1960),1951,1950,1948,1954,ATL,ATL,SP,182,149,2,1076.3333333333333,66,57,450,467,76.0,12.92,3.76,3.9,0.64,3.71,93.49,6.72,27.3,41.3,45.8,34.9,56.6,45.3,D,C-,C,D,C,38.9,Uncommon,True,False,1,bbref_war
dubiemo01,dubiemo01,Monk Dubiel,Integration (1942-1960),1949,1944,1944,1952,CHC,CHC,SP,187,97,11,879.3333333333334,45,53,289,349,65.0,7.03,2.96,3.57,0.67,3.87,93.85,8.79,10.3,50.3,46.0,48.2,53.1,48.2,F,C,C,C,C,38.9,Common,False,False,0,bbref_war
pilledu01,pilledu01,Duane Pillette,Integration (1942-1960),1952,1952,1949,1956,BAL,BAL,SP,188,119,2,904.0,38,66,305,391,67.0,7.75,3.01,3.87,0.66,4.34,109.88,8.1,11.5,42.1,56.4,43.8,53.2,43.7,F,C-,C+,C-,C-,38.9,Common,False,False,0,bbref_war
nichoch02,nichoch02,Chet Nichols,Integration (1942-1960),1960,1951,1951,1964,BOS,BOS,RP,189,71,10,603.3333333333334,34,36,266,280,45.0,5.83,3.87,4.01,0.67,3.28,111.9,22.11,29.4,38.3,57.7,12.4,52.2,56.9,D,D+,C+,F,C+,38.7,Common,False,False,0,bbref_war
portoar01,portoar01,Arnie Portocarrero,Integration (1942-1960),1957,1954,1954,1960,NLB,NLB,SP,166,117,2,817.3333333333334,38,57,338,320,82.0,5.68,3.72,3.52,0.9,4.32,83.25,7.14,26.4,51.6,39.1,37.6,24.6,48.2,D,C,D+,D+,C,38.6,Common,False,False,0,bbref_war
barnere02,barnere02,Rex Barney,Integration (1942-1960),1948,1948,1943,1950,LAD,LAD,SP,155,81,1,597.6666666666666,35,31,336,410,48.0,1.66,5.06,6.17,0.72,4.31,80.87,11.37,54.6,1.0,37.6,64.8,46.2,59.7,C,F,D+,B-,C+,38.3,Common,False,False,0,bbref_war
colluja01,colluja01,Jackie Collum,Integration (1942-1960),1954,1955,1951,1962,STL,STL,RP,171,37,12,464.0,32,28,171,173,44.0,4.52,3.23,3.16,0.87,3.77,103.1,25.44,15.9,61.4,52.0,10.3,28.0,61.2,F,B-,C,F,B-,38.3,Common,False,False,0,bbref_war
kretllo01,kretllo01,Lou Kretlow,Integration (1942-1960),1952,1952,1946,1956,CHW,CHW,SP,199,104,1,785.3333333333334,27,47,450,522,62.0,2.57,5.1,5.4,0.72,4.39,101.02,8.14,55.5,1.0,50.7,44.1,46.2,52.1,C+,F,C,C-,C,38.3,Common,False,False,0,bbref_war
ridzist01,ridzist01,Steve Ridzik,Integration (1942-1960),1955,1964,1950,1966,PHI,PHI,RP,314,48,11,782.6666666666666,39,38,406,351,93.0,5.77,4.41,4.2,0.9,3.59,110.82,17.26,40.9,33.1,57.0,8.2,24.8,62.2,C-,D,C+,F,B-,38.3,Common,False,False,0,bbref_war
wehmehe01,wehmehe01,Herm Wehmeier,Integration (1942-1960),1954,1951,1945,1958,CIN,CIN,SP,361,240,9,1803.0,92,108,794,852,210.0,9.88,3.91,3.87,0.92,4.21,80.5,8.14,30.4,42.4,37.3,44.1,22.0,60.4,D,C-,D+,C-,B-,38.3,Common,False,False,0,bbref_war
howarca02,howarca02,Carrenza Howard,Integration (1942-1960),1944,1944,1940,1947,NLB,NLB,SP,60,32,2,274.0,10,22,121,148,18.0,0.25,4.2,4.75,0.3,5.56,78.61,9.51,36.5,18.2,36.1,52.9,97.2,53.6,D+,F,D+,C,C,38.2,Uncommon,True,False,2,bbref_war
mcdevda01,mcdevda01,Danny McDevitt,Integration (1942-1960),1960,1957,1957,1962,LAD,LAD,RP,155,60,7,456.0,21,27,303,264,42.0,0.99,5.98,5.21,0.83,4.4,95.29,15.04,74.1,5.9,46.9,10.6,33.4,58.4,B,F,C,F,C+,37.9,Common,False,False,0,bbref_war
moorera02,moorera02,Ray Moore,Integration (1942-1960),1957,1956,1952,1963,MIN,MIN,RP,365,105,46,1072.6666666666667,63,59,612,560,101.0,8.22,4.82,4.66,0.76,3.85,104.78,7.92,49.6,20.7,53.1,14.3,41.6,52.5,C,D-,C,F,C,37.7,Common,False,False,0,bbref_war
zuverge01,zuverge01,George Zuverink,Integration (1942-1960),1956,1957,1951,1959,BAL,BAL,RP,265,31,40,642.3333333333334,32,36,223,203,56.0,7.33,3.05,2.77,0.79,3.47,89.86,13.74,12.2,72.0,43.4,7.7,38.4,49.5,F,B,C-,F,C,37.4,Common,False,False,0,bbref_war
fannicl01,fannicl01,Cliff Fannin,Integration (1942-1960),1948,1948,1945,1952,BAL,BAL,SP,164,98,6,733.0,34,51,352,393,72.0,5.61,4.35,4.82,0.84,4.67,100.65,9.21,39.6,16.4,50.4,50.9,31.9,29.5,D+,F,C,C,D,37.3,Common,False,False,0,bbref_war
hattejo01,hattejo01,Joe Hatten,Integration (1942-1960),1949,1946,1946,1952,LAD,LAD,SP,233,149,4,1087.0,65,49,381,492,70.0,9.55,3.15,4.07,0.58,3.87,97.19,7.59,14.4,36.7,48.2,40.5,63.3,63.3,F,D+,C,C-,B-,37.2,Common,False,False,0,bbref_war
kliemed01,kliemed01,Ed Klieman,Integration (1942-1960),1947,1948,1943,1950,CLE,CLE,RP,222,32,33,542.0,26,28,130,239,17.0,5.76,2.19,3.91,0.29,3.4,130.72,9.64,1.0,41.1,70.0,7.6,98.0,62.0,F,C-,B,F,B-,37.2,Common,False,False,0,bbref_war
littldi01,littldi01,Dick Littlefield,Integration (1942-1960),1954,1954,1950,1958,PIT,PIT,RP,243,83,9,761.6666666666666,33,54,495,413,91.0,3.63,5.77,4.71,0.98,4.5,81.78,8.93,69.6,19.5,38.2,15.7,15.7,44.0,B,F,D+,F,C-,37.2,Common,False,False,0,bbref_war
martimo01,martimo01,Morrie Martin,Integration (1942-1960),1955,1954,1949,1959,OAK,OAK,RP,250,42,15,604.6666666666666,38,34,245,249,56.0,5.93,3.51,3.6,0.82,3.94,107.73,12.71,22.0,49.6,55.0,7.4,34.2,53.3,D-,C,C+,F,C,37.1,Common,False,False,0,bbref_war
davisji01,davisji01,Jim Davis,Integration (1942-1960),1956,1954,1954,1957,CHC,CHC,RP,154,39,10,406.3333333333333,24,26,197,179,42.0,3.75,4.36,3.96,0.93,4.01,96.54,9.98,39.9,39.7,47.7,8.7,21.3,56.7,D+,D+,C,F,C+,37.0,Common,False,False,0,bbref_war
hetkijo01,hetkijo01,Johnny Hetki,Integration (1942-1960),1950,1953,1945,1954,CIN,CIN,RP,214,23,13,525.3333333333334,18,26,175,185,42.0,4.45,2.98,2.87,0.73,4.07,92.55,38.72,10.7,69.3,45.2,7.3,44.9,48.2,F,B,C,F,C,37.0,Common,False,False,0,bbref_war
sheasp01,sheasp01,Spec Shea,Integration (1942-1960),1951,1952,1947,1955,MIN,MIN,SP,195,118,5,943.6666666666666,56,46,361,497,66.0,7.23,3.5,4.78,0.59,3.6,102.72,10.04,21.7,17.6,51.8,56.3,62.3,53.6,D-,F,C,C+,C,37.0,Common,True,False,1,bbref_war
lowntu01,lowntu01,Turk Lown,Integration (1942-1960),1957,1961,1951,1962,CHC,CHC,RP,504,49,73,1032.0,55,61,574,590,105.0,10.52,5.06,4.84,0.96,3.84,112.65,10.3,54.7,16.0,58.2,4.9,17.7,55.1,C,F,C+,F,C+,36.6,Common,False,False,0,bbref_war
drottdi01,drottdi01,Dick Drott,Integration (1942-1960),1960,1957,1957,1963,CHC,CHC,SP,176,101,0,687.6666666666666,27,46,460,405,84.0,-0.58,6.02,5.3,1.1,4.78,73.5,7.93,74.9,3.4,32.8,42.7,1.0,38.8,B,F,D,C-,D+,36.2,Common,False,False,0,bbref_war
johnsea01,johnsea01,Earl Johnson,Integration (1942-1960),1947,1947,1940,1951,BOS,BOS,RP,179,50,17,546.3333333333334,40,32,250,272,24.0,3.47,4.16,4.4,0.42,3.98,95.27,13.93,35.7,27.8,46.9,11.7,82.9,49.4,D+,D,C,F,C,36.0,Common,False,False,0,bbref_war
jonessh01,jonessh01,Sheldon Jones,Integration (1942-1960),1949,1948,1946,1953,SFG,SFG,RP,260,101,12,920.0,54,57,413,413,90.0,7.33,4.0,4.06,0.88,3.92,100.22,18.55,32.2,37.0,50.1,15.2,27.6,51.0,D,D+,C,F,C,36.0,Common,False,False,0,bbref_war
sanfofr01,sanfofr01,Fred Sanford,Integration (1942-1960),1948,1948,1943,1951,BAL,BAL,SP,164,98,6,744.0,37,55,285,391,67.0,5.33,3.45,4.73,0.81,4.45,120.35,7.68,20.6,18.9,63.2,41.1,35.6,46.5,D-,F,B-,C-,C,35.9,Common,False,False,0,bbref_war
hansean01,hansean01,Andy Hansen,Integration (1942-1960),1949,1948,1944,1953,SFG,SFG,RP,270,39,16,618.6666666666666,23,30,188,246,53.0,4.4,2.72,3.32,0.74,3.84,109.75,22.38,5.3,57.0,56.3,6.9,43.8,56.0,F,C+,C+,F,C+,35.7,Common,False,False,0,bbref_war
foxho01,foxho01,Howie Fox,Integration (1942-1960),1949,1951,1944,1954,CIN,CIN,SP,248,132,6,1108.3333333333333,43,72,342,435,71.0,10.16,2.78,3.39,0.58,4.16,73.61,7.6,6.4,55.3,32.8,40.6,63.1,52.9,F,C+,D,C-,C,35.5,Common,False,False,0,bbref_war
whiteha01,whiteha01,Hal White,Integration (1942-1960),1949,1942,1941,1954,DET,DET,RP,336,67,25,920.3333333333334,46,54,349,450,47.0,12.08,3.47,4.14,0.37,3.36,100.71,11.72,21.0,34.8,50.5,11.1,88.8,50.4,D-,D,C,F,C,35.2,Common,False,False,0,bbref_war
brisslo01,brisslo01,Lou Brissie,Integration (1942-1960),1950,1950,1947,1953,OAK,OAK,RP,234,93,29,897.6666666666666,44,48,436,451,61.0,8.16,4.37,4.52,0.61,4.07,87.9,22.37,40.1,24.6,42.1,16.4,59.5,57.0,C-,D-,C-,F,C+,35.0,Common,True,False,1,bbref_war
kushem01,kushem01,Emil Kush,Integration (1942-1960),1946,1946,1941,1949,CHC,CHC,RP,150,8,12,346.3333333333333,21,12,150,158,24.0,5.26,3.9,4.11,0.62,3.48,99.09,61.54,30.1,35.8,49.4,6.6,58.1,46.3,D,D+,C,F,C,35.0,Common,False,False,0,bbref_war
candimi01,candimi01,Milo Candini,Integration (1942-1960),1947,1943,1943,1951,MIN,MIN,RP,174,37,8,537.6666666666666,26,21,183,250,18.0,4.46,3.0,4.11,0.27,3.79,110.49,21.32,11.1,35.6,56.8,12.3,101.0,40.1,F,D+,C+,F,C-,34.8,Common,False,False,0,bbref_war
juddos01,juddos01,Oscar Judd,Integration (1942-1960),1944,1943,1941,1948,BOS,BOS,SP,161,99,7,771.3333333333334,40,51,304,397,24.0,5.27,3.53,4.59,0.27,3.84,87.44,7.42,22.4,22.7,41.8,39.4,100.1,44.1,D-,D-,C-,D+,C-,34.8,Common,True,False,1,bbref_war
stonede01,stonede01,Dean Stone,Integration (1942-1960),1957,1954,1953,1963,MIN,MIN,RP,215,85,12,686.0,29,39,380,373,47.0,3.0,4.78,4.55,0.6,4.05,84.93,12.1,48.7,23.8,40.2,12.2,60.8,34.8,C,D-,C-,F,D,34.8,Common,True,False,1,bbref_war
lapalpa01,lapalpa01,Paul LaPalme,Integration (1942-1960),1954,1955,1951,1957,PIT,PIT,RP,253,51,14,616.3333333333334,24,45,277,272,71.0,5.03,4.04,3.97,1.04,4.42,98.68,17.74,33.2,39.5,49.1,7.4,8.5,55.2,D,D+,C,F,C+,34.7,Common,False,False,0,bbref_war
chakabo01,chakabo01,Bob Chakales,Integration (1942-1960),1954,1954,1951,1957,CLE,CLE,RP,171,23,10,420.3333333333333,15,25,187,225,31.0,-0.37,4.0,4.82,0.66,4.54,123.81,27.6,32.3,16.5,65.5,7.5,53.2,44.5,D,F,B,F,C-,34.6,Common,False,False,0,bbref_war
schanch01,schanch01,Charley Schanz,Integration (1942-1960),1946,1944,1944,1950,PHI,PHI,SP,155,72,14,626.6666666666666,28,43,243,332,29.0,0.01,3.49,4.77,0.42,4.34,82.14,9.91,21.5,17.9,38.4,55.4,82.9,43.0,D-,F,D+,C+,C-,34.1,Common,False,False,0,bbref_war
beardge01,beardge01,Gene Bearden,Integration (1942-1960),1950,1948,1947,1953,CLE,CLE,SP,193,84,1,788.3333333333334,45,38,259,435,48.0,4.94,2.96,4.97,0.55,3.96,90.7,12.45,10.2,12.5,44.0,71.7,67.1,57.0,F,F,C-,B,C+,33.6,Common,False,False,0,bbref_war
adamsac01,adamsac01,Ace Adams,Integration (1942-1960),1944,1943,1941,1946,SFG,SFG,RP,302,7,49,552.6666666666666,41,33,171,224,26.0,7.07,2.78,3.65,0.42,3.47,100.76,40.6,6.6,48.3,50.5,3.5,82.1,49.4,F,C,C,F,C,33.4,Common,True,False,1,bbref_war
sisleda01,sisleda01,Dave Sisler,Integration (1942-1960),1959,1960,1956,1962,BOS,BOS,RP,247,59,29,656.3333333333334,38,44,355,368,70.0,3.03,4.87,5.05,0.96,4.33,101.14,20.73,50.6,10.3,50.7,8.8,17.7,58.1,C,F,C,F,C+,33.0,Common,False,False,0,bbref_war
marchph01,marchph01,Phil Marchildon,Integration (1942-1960),1946,1941,1940,1950,OAK,OAK,SP,185,162,2,1214.3333333333333,68,75,481,684,81.0,11.79,3.6,4.98,0.58,3.79,100.21,7.2,23.8,12.2,50.1,38.0,62.9,48.9,D-,F,C,D+,C,32.8,Common,False,False,0,bbref_war
kutynma01,kutynma01,Marty Kutyna,Integration (1942-1960),1960,1959,1959,1962,TEX,TEX,RP,159,6,8,290.0,14,16,110,108,28.0,1.25,3.41,3.35,0.87,3.88,75.33,23.83,19.9,56.3,34.0,3.5,28.6,50.8,F,C+,D,F,C,32.0,Common,False,False,0,bbref_war
blackdo01,blackdo01,Don Black,Integration (1942-1960),1946,1943,1943,1948,OAK,OAK,SP,154,113,1,797.0,34,55,293,400,46.0,-1.55,3.31,4.52,0.52,4.35,78.33,7.41,17.7,24.7,35.9,39.4,70.6,58.6,F,D-,D+,D+,C+,31.9,Common,False,False,0,bbref_war
zuberbi01,zuberbi01,Bill Zuber,Integration (1942-1960),1942,1945,1936,1947,NYY,NYY,RP,224,65,6,786.0,43,42,383,468,35.0,2.83,4.35,5.22,0.36,3.98,88.81,13.8,39.6,5.7,42.7,16.1,89.4,47.9,D+,F,C-,F,C,31.3,Common,False,False,0,bbref_war
carraal01,carraal01,Alex Carrasquel,Integration (1942-1960),1942,1942,1939,1949,MIN,MIN,RP,258,64,16,861.0,50,39,252,347,42.0,7.03,2.56,3.68,0.49,3.74,91.88,15.11,1.9,47.4,44.7,12.8,74.1,41.5,F,C,C-,F,C-,31.2,Common,False,False,0,bbref_war
johnsdo03,johnsdo03,Don Johnson,Integration (1942-1960),1952,1954,1947,1958,MIN,MIN,RP,198,70,12,631.0,27,38,262,285,55.0,0.78,3.74,4.06,0.78,4.78,79.87,9.55,26.7,36.9,36.9,12.2,38.8,44.6,D,D+,D+,F,C-,31.1,Common,False,False,0,bbref_war
kingcl01,kingcl01,Clyde King,Integration (1942-1960),1948,1947,1944,1953,LAD,LAD,RP,200,21,11,496.0,32,25,150,189,58.0,2.37,2.72,3.43,1.05,4.14,94.16,27.98,5.3,54.2,46.2,7.7,6.6,55.7,F,C,C,F,C+,30.7,Common,False,False,0,bbref_war
hoguebo01,hoguebo01,Bobby Hogue,Integration (1942-1960),1950,1948,1948,1952,ATL,ATL,RP,172,3,17,326.6666666666667,18,16,108,142,25.0,2.96,2.98,3.91,0.69,3.97,95.4,70.89,10.6,41.1,47.0,3.9,50.2,47.7,F,C-,C,F,C,30.2,Common,False,False,0,bbref_war
jollyda01,jollyda01,Dave Jolly,Integration (1942-1960),1955,1954,1953,1957,ATL,ATL,RP,159,1,19,291.3333333333333,16,14,155,198,27.0,3.43,4.79,6.12,0.83,3.77,99.66,111.33,48.9,1.0,49.8,3.5,32.8,61.1,C,F,C,F,B-,30.1,Common,False,False,0,bbref_war
behrmha01,behrmha01,Hank Behrman,Integration (1942-1960),1948,1946,1946,1949,LAD,LAD,RP,174,27,19,429.6666666666667,24,17,189,228,31.0,-1.1,3.96,4.78,0.65,4.4,89.47,17.22,31.4,17.7,43.2,7.6,55.0,55.5,D,F,C-,F,C+,29.7,Common,False,False,0,bbref_war
erauted01,erauted01,Eddie Erautt,Integration (1942-1960),1950,1949,1947,1953,CIN,CIN,RP,164,22,2,379.6666666666667,15,23,157,179,34.0,1.29,3.72,4.24,0.81,4.86,83.81,24.35,26.4,32.1,39.5,6.6,36.2,45.9,D,D,D+,F,C,29.6,Common,False,False,0,bbref_war
chipmbo01,chipmbo01,Bob Chipman,Integration (1942-1960),1946,1947,1941,1952,CHC,CHC,RP,293,87,14,880.6666666666666,51,46,322,386,60.0,8.31,3.45,4.26,0.57,3.51,76.88,9.01,20.7,31.8,35.0,13.1,64.8,43.5,D-,D,D+,F,C-,29.3,Common,False,False,0,bbref_war
trinkke01,trinkke01,Ken Trinkle,Integration (1942-1960),1947,1948,1943,1949,SFG,SFG,RP,216,19,21,435.3333333333333,21,29,130,208,23.0,4.16,2.69,4.3,0.48,3.74,102.72,9.61,4.5,30.6,51.8,4.7,75.8,47.9,F,D,C,F,C,28.6,Common,False,False,0,bbref_war
hoopebo01,hoopebo01,Bob Hooper,Integration (1942-1960),1952,1951,1950,1955,OAK,OAK,RP,194,57,25,620.6666666666666,40,41,196,280,50.0,-1.98,2.84,4.06,0.73,4.8,81.48,9.01,7.8,37.1,38.0,12.3,45.9,57.2,F,D+,D+,F,C+,27.7,Common,False,False,0,bbref_war
webbele01,webbele01,Les Webber,Integration (1942-1960),1944,1942,1942,1948,LAD,LAD,RP,154,25,14,432.0,23,19,141,201,25.0,1.99,2.94,4.19,0.52,4.19,79.08,12.91,9.8,33.6,36.4,9.8,70.4,52.3,F,D,D+,F,C,27.6,Common,False,False,0,bbref_war
kennebi02,kennebi02,Bill Kennedy,Integration (1942-1960),1951,1949,1948,1957,BAL,BAL,RP,172,45,11,464.6666666666667,15,28,256,289,34.0,3.01,4.94,5.65,0.66,4.68,73.09,24.43,52.1,1.0,32.5,9.4,54.0,37.9,C,F,D,F,D+,27.4,Common,False,False,0,bbref_war
pierema01,pierema01,Marino Pieretti,Integration (1942-1960),1948,1950,1945,1950,MIN,MIN,RP,194,68,8,673.6666666666666,30,38,188,321,34.0,-2.98,2.51,4.29,0.45,4.53,80.19,19.19,1.0,30.9,37.1,14.0,78.4,47.8,F,D,D+,F,C,25.7,Common,False,False,0,bbref_war
stuarma01,stuarma01,Marlin Stuart,Integration (1942-1960),1952,1951,1949,1954,DET,DET,RP,196,31,15,485.6666666666667,23,17,185,256,37.0,-0.38,3.43,4.74,0.69,4.65,84.63,26.92,20.2,18.5,40.0,7.7,50.6,47.0,D-,F,C-,F,C,25.7,Common,False,False,0,bbref_war
judsoho01,judsoho01,Howie Judson,Integration (1942-1960),1951,1950,1948,1954,CHW,CHW,RP,207,48,14,615.0,17,37,204,319,60.0,4.05,2.99,4.67,0.88,4.29,96.19,15.77,10.8,20.6,47.5,10.8,27.5,57.7,F,D-,C,F,C+,25.6,Common,False,False,0,bbref_war
pearsik01,pearsik01,Ike Pearson,Integration (1942-1960),1942,1941,1939,1948,PHI,PHI,RP,164,54,8,559.0,13,50,149,268,49.0,0.15,2.4,4.31,0.79,4.83,82.6,12.72,1.0,30.2,38.7,13.6,38.2,42.4,F,D,D+,F,C-,23.5,Common,False,False,0,bbref_war
skenepa01,skenepa01,Paul Skenes,Modern Era (2016-Pres),2024,2025,2024,2025,PIT,PIT,SP,55,55,0,320.6666666666667,21,13,386,74,21.0,13.52,10.83,2.08,0.59,1.96,214.39,5.82,77.2,87.1,124.4,60.1,81.8,52.9,B+,A,S,B-,C,87.9,Legendary,True,False,2,bbref_war
degroja01,degroja01,Jacob deGrom,Modern Era (2016-Pres),2017,2018,2014,2025,NYM,NYM,SP,248,248,0,1539.6666666666667,96,65,1851,345,146.0,37.04,10.56,2.09,0.76,2.5,183.81,6.39,74.0,86.8,104.5,66.7,66.9,49.3,B,A,S,B,C,82.1,Legendary,True,False,5,bbref_war
martich02,martich02,Chris Martin,Modern Era (2016-Pres),2021,2023,2014,2025,TEX,TEX,RP,418,0,16,389.0,18,24,400,53,42.0,8.19,9.43,1.02,0.93,3.05,225.15,,60.4,117.8,125.0,2.8,52.4,53.9,B-,S,S,F,C,81.5,Legendary,False,False,0,bbref_war
verlaju01,verlaju01,Justin Verlander,Modern Era (2016-Pres),2017,2011,2005,2025,DET,DET,SP,555,555,0,3567.6666666666665,266,158,3553,1004,371.0,50.31,10.18,2.08,1.03,2.63,183.89,6.66,69.4,87.2,104.5,70.0,43.4,59.1,B,A,S,B,C+,80.9,Legendary,True,False,9,bbref_war
janseke01,janseke01,Kenley Jansen,Modern Era (2016-Pres),2016,2017,2010,2025,LAD,LAD,RP,933,0,476,927.3333333333334,54,40,1278,282,88.0,16.67,12.6,2.66,0.68,1.93,261.5,,98.2,70.4,125.0,3.5,73.5,53.9,A+,B,S,F,C,80.3,Legendary,True,False,4,bbref_war
diazed04,diazed04,Edwin Diaz,Modern Era (2016-Pres),2020,2022,2016,2025,NYM,NYM,RP,520,0,253,519.3333333333334,28,36,839,182,54.0,13.92,14.48,3.09,0.71,2.34,198.39,,120.8,57.8,114.0,3.7,71.6,54.5,S,C+,S,F,C,80.0,Legendary,True,False,3,bbref_war
salech01,salech01,Chris Sale,Modern Era (2016-Pres),2016,2013,2010,2025,CHW,CHW,SP,393,312,12,2084.0,145,88,2579,487,213.0,41.79,10.8,1.97,0.84,2.77,158.78,6.6,76.8,90.2,88.2,69.3,60.5,53.1,B+,A,A,B,C,79.9,Legendary,True,False,9,bbref_war
haderjo01,haderjo01,Josh Hader,Modern Era (2016-Pres),2021,2021,2017,2025,MIL,MIL,RP,468,0,227,512.3333333333334,34,31,829,198,65.0,15.44,14.56,3.39,1.1,2.29,218.8,,121.6,49.2,125.0,5.1,37.9,64.2,S,C,S,F,B-,79.8,Legendary,True,False,6,bbref_war
smithca05,smithca06,Cade Smith,Modern Era (2016-Pres),2024,2024,2024,2025,CLE,CLE,RP,150,0,17,149.0,14,6,207,36,5.0,3.29,12.5,2.17,0.3,2.42,177.24,,97.1,84.3,100.2,3.4,106.7,56.7,A+,A-,S,F,C+,79.1,Legendary,False,False,0,bbref_war
scherma01,scherma01,Max Scherzer,Modern Era (2016-Pres),2016,2018,2008,2025,WSH,WSH,SP,483,474,0,2963.0,221,117,3489,779,354.0,46.62,11.19,2.12,0.98,2.77,154.09,6.59,81.5,86.0,85.2,69.2,48.2,47.2,A-,A,A,B,C,78.3,Legendary,True,False,8,bbref_war
claseem01,claseem01,Emmanuel Clase,Modern Era (2016-Pres),2022,2024,2019,2025,CLE,CLE,RP,366,1,182,360.0,21,26,349,70,15.0,12.22,8.72,1.75,0.38,1.88,294.56,23.33,52.0,96.6,125.0,3.3,100.4,58.4,C,A+,S,F,C+,76.8,Legendary,True,False,3,bbref_war
brownhu01,brownhu01,Hunter Brown,Modern Era (2016-Pres),2024,2025,2022,2025,HOU,HOU,SP,100,92,0,531.3333333333334,36,31,585,179,61.0,9.59,9.91,3.03,1.03,3.49,202.38,6.79,66.1,59.5,116.5,71.5,43.3,56.8,B,C+,S,B,C+,76.3,Legendary,True,False,1,bbref_war
houckta01,houckta01,Tanner Houck,Modern Era (2016-Pres),2022,2024,2020,2025,BOS,BOS,SP,113,80,9,474.3333333333333,24,32,449,158,43.0,7.9,8.52,3.0,0.82,3.97,243.67,6.97,49.5,60.5,125.0,73.6,62.2,55.4,C,B-,S,B,C+,75.7,Legendary,True,False,1,bbref_war
minteaj01,minteaj01,A. J. Minter,Modern Era (2016-Pres),2022,2022,2017,2025,ATL,ATL,RP,397,0,36,359.6666666666667,24,29,436,128,27.0,6.51,11.14,2.75,0.71,2.72,224.84,,80.8,67.6,125.0,2.6,71.1,57.3,A-,B,S,F,C+,75.2,Legendary,False,False,0,bbref_war
hendrli01,hendrli01,Liam Hendriks,Modern Era (2016-Pres),2019,2019,2011,2025,OAK,OAK,RP,490,44,116,663.6666666666666,33,36,739,166,79.0,11.4,12.0,1.88,0.83,2.73,163.47,22.75,91.1,92.8,91.3,4.5,61.3,48.9,A,A,A,F,C,75.0,Legendary,True,False,3,bbref_war
iglesra01,iglesra01,Raisel Iglesias,Modern Era (2016-Pres),2021,2024,2015,2025,CIN,CIN,RP,600,21,253,736.0,42,55,869,202,83.0,15.57,10.49,2.42,0.95,2.51,242.91,15.67,73.1,77.3,125.0,5.1,50.9,56.1,B,B+,S,F,C+,75.0,Legendary,False,False,0,bbref_war
millema03,millema03,Mason Miller,Modern Era (2016-Pres),2024,2024,2023,2025,OAK,OAK,RP,125,6,50,160.0,3,7,246,65,13.0,5.28,13.84,3.66,0.73,2.81,202.67,5.56,113.1,41.5,116.7,6.8,69.5,46.5,S,C-,S,F,C,74.6,Legendary,True,False,1,bbref_war
willide03,willide03,Devin Williams,Modern Era (2016-Pres),2022,2023,2019,2025,MIL,MIL,RP,308,0,86,297.6666666666667,31,16,465,137,20.0,8.65,14.06,4.14,0.6,2.45,367.14,,115.7,27.4,125.0,3.1,80.5,62.5,S,D,S,F,B-,74.6,Legendary,True,False,2,bbref_war
colege01,colege01,Gerrit Cole,Modern Era (2016-Pres),2019,2023,2013,2024,NYY,NYY,SP,317,317,0,1954.0,153,80,2251,500,217.0,34.48,10.96,2.23,1.06,3.07,141.28,6.26,78.6,82.8,76.8,65.2,40.8,62.9,B+,A-,B+,B,B-,74.5,Legendary,True,False,6,bbref_war
anderni01,anderni01,Nick Anderson,Modern Era (2016-Pres),2022,2019,2019,2025,TB,TB,RP,177,0,10,173.0,14,7,212,49,23.0,3.45,11.03,2.55,1.2,3.43,223.04,,79.5,73.5,125.0,3.2,29.2,57.9,B+,B,S,F,C+,74.3,Legendary,False,False,0,bbref_war
biebesh01,biebesh01,Shane Bieber,Modern Era (2016-Pres),2021,2019,2018,2025,CLE,CLE,SP,143,141,0,883.3333333333334,66,34,995,195,102.0,17.79,10.07,2.0,1.05,3.28,144.42,6.19,68.1,89.3,78.9,64.4,41.6,61.5,B,A,B+,B-,B-,73.9,Legendary,True,False,2,bbref_war
klubeco01,klubeco01,Corey Kluber,Modern Era (2016-Pres),2016,2014,2011,2023,CLE,CLE,SP,271,260,1,1641.6666666666667,116,77,1725,368,177.0,34.87,9.87,1.97,0.87,3.02,141.4,6.47,65.7,90.2,76.9,67.7,57.8,52.4,B,A,B+,B,C,73.9,Legendary,True,False,3,bbref_war
peacobr01,peacobr01,Brad Peacock,Modern Era (2016-Pres),2016,2017,2011,2021,HOU,HOU,SP,183,84,3,560.0,34,31,590,241,79.0,5.68,9.95,3.57,1.22,3.77,165.45,14.38,66.6,43.9,92.5,125.0,27.2,60.6,B,C-,A,S,B-,73.9,Epic,False,False,0,bbref_war
burneco01,burneco01,Corbin Burnes,Modern Era (2016-Pres),2022,2021,2018,2025,MIL,MIL,SP,210,149,2,968.0,63,38,1114,280,104.0,21.25,10.22,2.55,0.85,2.85,157.53,6.11,69.9,73.6,87.4,63.6,59.0,62.4,B,B,A,B-,B-,73.3,Legendary,True,False,4,bbref_war
osunaro01,osunaro01,Roberto Osuna,Modern Era (2016-Pres),2018,2016,2015,2020,TOR,TOR,RP,314,0,155,315.0,14,18,348,55,28.0,8.61,9.94,1.57,0.8,2.74,173.01,,66.5,101.8,97.5,3.5,63.5,59.6,B,S,A+,F,C+,73.1,Epic,True,False,1,bbref_war
armstsh01,armstsh01,Shawn Armstrong,Modern Era (2016-Pres),2020,2023,2015,2025,TB,TB,RP,370,18,17,421.3333333333333,15,11,434,140,47.0,4.81,9.19,2.33,0.69,2.56,217.21,22.07,57.6,79.9,125.0,5.2,73.4,57.1,C+,B+,S,F,C+,72.9,Epic,False,False,0,bbref_war
garciyi01,garciyi01,Yimi Garcia,Modern Era (2016-Pres),2020,2020,2014,2025,LAD,LAD,RP,436,1,29,419.3333333333333,23,31,456,108,62.0,3.32,9.82,2.27,1.34,3.34,219.18,56.67,65.0,81.6,125.0,3.3,16.5,63.2,B,A-,S,F,B-,72.4,Epic,False,False,0,bbref_war
roberda08,roberda08,David Robertson,Modern Era (2016-Pres),2017,2011,2008,2025,NYY,NYY,RP,881,1,179,894.3333333333334,68,46,1176,365,81.0,16.67,11.94,3.54,0.68,2.29,214.57,,90.3,44.9,124.5,3.7,73.9,56.1,A,C-,S,F,C+,72.0,Epic,True,False,1,bbref_war
bautife01,bautife01,Felix Bautista,Modern Era (2016-Pres),2023,2023,2022,2025,BAL,BAL,RP,156,0,67,161.33333333333334,13,7,248,72,14.0,6.49,13.83,4.02,0.78,2.01,203.9,,113.0,31.1,117.5,3.9,65.2,53.0,S,D,S,F,C,71.9,Epic,True,False,1,bbref_war
woodrbr01,woodrbr01,Brandon Woodruff,Modern Era (2016-Pres),2021,2021,2017,2025,MIL,MIL,SP,142,127,1,745.0,53,28,871,190,84.0,17.65,10.55,2.25,1.02,3.07,139.4,5.67,73.8,82.0,75.6,58.4,44.1,61.4,B,A-,B+,C+,B-,71.9,Epic,True,False,2,bbref_war
skubata01,skubata01,Tarik Skubal,Modern Era (2016-Pres),2022,2025,2020,2025,DET,DET,SP,137,134,0,766.6666666666666,54,37,889,172,90.0,17.94,10.44,2.02,1.06,3.08,134.28,5.53,72.4,88.8,72.3,56.7,41.3,55.2,B,A,B,C+,C+,71.7,Epic,True,False,2,bbref_war
carraca01,carraca01,Carlos Carrasco,Modern Era (2016-Pres),2017,2017,2009,2025,CLE,CLE,SP,335,286,2,1687.3333333333333,112,105,1696,468,221.0,22.76,10.01,2.2,0.95,3.35,132.07,6.44,67.4,83.6,70.8,67.4,51.0,55.1,B,A-,B,B,C+,70.9,Epic,False,False,0,bbref_war
wheelza01,wheelza01,Zack Wheeler,Modern Era (2016-Pres),2022,2021,2013,2025,PHI,PHI,SP,283,283,0,1728.3333333333333,113,75,1820,490,166.0,34.41,9.91,2.16,0.87,3.12,135.95,6.23,66.1,84.7,73.4,64.9,57.6,44.1,B,A-,B,B-,C-,70.9,Epic,True,False,3,bbref_war
duranjh01,duranjh01,Jhoan Duran,Modern Era (2016-Pres),2024,2025,2022,2025,MIN,MIN,RP,246,0,90,254.33333333333334,18,25,319,75,19.0,8.19,11.29,2.65,0.67,2.44,178.38,,82.6,70.5,100.9,3.9,74.6,52.0,A-,B,S,F,C,70.4,Epic,False,False,0,bbref_war
melanma01,melanma01,Mark Melancon,Modern Era (2016-Pres),2016,2016,2009,2022,PIT,PIT,RP,732,0,262,726.6666666666666,37,40,643,192,44.0,13.31,8.28,1.92,0.38,2.19,191.72,,46.7,91.6,109.6,3.3,99.5,56.2,C,A,S,F,C+,70.3,Epic,True,False,4,bbref_war
strahma01,strahma01,Matt Strahm,Modern Era (2016-Pres),2020,2024,2016,2025,SDP,SDP,RP,395,35,15,517.3333333333334,34,38,582,150,62.0,10.87,10.2,2.3,1.06,3.07,187.38,9.4,69.7,80.8,106.8,7.8,40.7,53.0,B,A-,S,F,C,70.2,Epic,True,False,1,bbref_war
yamamyo01,yamamyo01,Yoshinobu Yamamoto,Modern Era (2016-Pres),2024,2025,2024,2025,LAD,LAD,SP,48,48,0,263.6666666666667,19,10,306,81,21.0,6.7,10.45,2.76,0.72,2.66,149.85,5.39,72.5,67.3,82.4,55.1,70.7,57.0,B,B,A-,C+,C+,70.2,Epic,True,False,1,bbref_war
strasst01,strasst01,Stephen Strasburg,Modern Era (2016-Pres),2016,2017,2010,2022,WSH,WSH,SP,247,247,0,1470.0,113,62,1723,394,149.0,27.09,10.51,2.45,0.92,3.18,131.06,6.11,73.3,76.3,70.2,63.5,53.6,52.6,B,B+,B,B-,C,69.8,Epic,True,False,3,bbref_war
riverfe01,riverfe01,Felipe Vazquez,Modern Era (2016-Pres),2017,2019,2015,2019,PIT,PIT,RP,323,0,89,330.6666666666667,17,13,402,101,22.0,8.31,10.94,2.75,0.6,2.61,183.42,,78.5,67.7,104.2,3.8,81.0,50.2,B+,B,S,F,C,69.7,Epic,True,False,2,bbref_war
stripro01,stripro01,Ross Stripling,Modern Era (2016-Pres),2019,2022,2016,2024,LAD,LAD,SP,248,129,4,846.3333333333334,40,54,741,197,124.0,8.41,8.25,1.99,1.32,3.83,108.39,10.74,46.3,89.8,55.5,117.9,18.9,63.7,C,A,C+,S,B-,69.7,Epic,True,False,1,bbref_war
vinceni01,vinceni01,Nick Vincent,Modern Era (2016-Pres),2017,2017,2012,2021,SDP,SDP,RP,412,2,7,411.6666666666667,23,23,405,105,43.0,5.25,8.6,2.24,1.01,3.18,212.47,44.67,50.5,82.5,123.1,4.2,45.7,55.5,C,A-,S,F,C+,69.7,Epic,False,False,0,bbref_war
doolise01,doolise01,Sean Doolittle,Modern Era (2016-Pres),2016,2018,2012,2022,OAK,OAK,RP,463,0,112,450.6666666666667,26,24,522,103,48.0,8.93,10.63,1.71,0.89,2.98,150.3,,74.7,97.8,82.7,3.4,55.8,49.6,B,A+,A-,F,C,69.6,Epic,True,False,2,bbref_war
glasnty01,glasnty01,Tyler Glasnow,Modern Era (2016-Pres),2021,2019,2016,2025,TB,TB,SP,167,128,0,754.0,43,36,952,290,94.0,12.23,11.72,3.14,1.06,3.37,136.91,6.22,87.8,56.4,74.0,64.8,41.0,65.5,A,C+,B,B-,B,69.6,Epic,True,False,1,bbref_war
friedma01,friedma01,Max Fried,Modern Era (2016-Pres),2022,2022,2017,2025,ATL,ATL,SP,200,183,0,1079.6666666666667,92,41,1052,297,90.0,26.49,8.7,2.34,0.74,3.02,153.04,5.77,51.7,79.6,84.5,59.5,68.6,57.9,C,B+,A-,C+,C+,69.2,Epic,True,False,3,bbref_war
abreubr01,abreubr01,Bryan Abreu,Modern Era (2016-Pres),2022,2025,2019,2025,HOU,HOU,RP,317,0,16,329.6666666666667,16,12,448,148,25.0,7.42,12.23,4.04,0.68,2.65,210.4,,93.9,30.4,121.8,3.9,73.7,63.8,A,D,S,F,B-,69.0,Epic,False,False,0,bbref_war
sanchcr01,sanchcr01,Cristopher Sanchez,Modern Era (2016-Pres),2023,2025,2021,2025,PHI,PHI,SP,104,85,1,535.6666666666666,30,21,509,128,45.0,13.22,8.55,2.15,0.76,3.24,117.03,8.74,49.9,85.0,61.1,94.4,67.3,46.2,C,A,B-,A,C,68.8,Epic,True,False,1,bbref_war
whitlga01,whitlga01,Garrett Whitlock,Modern Era (2016-Pres),2023,2021,2021,2025,BOS,BOS,RP,165,23,10,313.6666666666667,25,14,343,76,32.0,8.18,9.84,2.18,0.92,3.13,169.56,6.82,65.3,84.1,95.2,14.1,53.3,55.5,B,A-,A+,F,C+,68.7,Epic,False,False,0,bbref_war
pressry01,pressry01,Ryan Pressly,Modern Era (2016-Pres),2018,2018,2013,2025,HOU,HOU,RP,667,0,117,691.3333333333334,37,39,721,207,66.0,8.95,10.29,2.51,0.76,2.8,178.45,,70.7,74.6,101.0,3.4,67.3,59.9,B,B,S,F,C+,68.4,Epic,True,False,2,bbref_war
tomlijo01,tomlijo01,Josh Tomlin,Modern Era (2016-Pres),2016,2011,2010,2021,CLE,CLE,SP,286,150,2,1067.0,69,56,736,153,197.0,8.08,6.13,1.18,1.54,4.32,105.41,16.81,21.0,113.0,53.5,125.0,1.0,54.4,D-,S,C,S,C,68.4,Epic,False,False,0,bbref_war
buehlwa01,buehlwa01,Walker Buehler,Modern Era (2016-Pres),2020,2021,2017,2025,LAD,LAD,SP,157,146,0,839.6666666666666,57,29,846,251,106.0,13.42,9.21,2.63,1.06,3.33,158.44,5.6,57.8,71.3,88.0,57.5,41.0,66.1,C+,B,A,C+,B,68.3,Epic,True,False,2,bbref_war
mcgeeja01,mcgeeja01,Jake McGee,Modern Era (2016-Pres),2016,2014,2010,2022,TB,TB,RP,650,0,79,572.3333333333334,32,28,613,156,70.0,8.7,10.32,2.07,0.78,2.8,160.11,,71.1,87.2,89.1,2.3,65.4,56.7,B,A,A,F,C+,68.3,Epic,False,False,0,bbref_war
nelsoji02,nelsoji02,Jimmy Nelson,Modern Era (2016-Pres),2016,2017,2013,2021,MIL,MIL,SP,147,108,0,662.3333333333334,34,48,622,253,69.0,5.6,8.45,3.44,0.94,4.12,161.39,9.95,48.7,47.8,89.9,108.6,51.6,57.1,C,C,A,S,C+,68.3,Epic,False,False,0,bbref_war
crochga01,crochga01,Garrett Crochet,Modern Era (2016-Pres),2023,2025,2020,2025,CHW,CHW,SP,136,64,0,424.3333333333333,27,24,549,119,45.0,12.22,11.64,2.52,0.95,2.95,111.45,5.49,86.9,74.2,57.4,56.2,50.2,48.7,A,B,C+,C+,C,68.0,Epic,True,False,2,bbref_war
darviyu01,darviyu01,Yu Darvish,Modern Era (2016-Pres),2017,2013,2012,2025,SDP,SDP,SP,297,297,0,1778.0,115,93,2075,563,231.0,26.94,10.73,2.92,1.07,3.36,137.82,6.33,75.9,62.8,74.6,66.1,40.4,54.5,B+,B-,B,B,C,68.0,Epic,True,False,5,bbref_war
gileske01,gileske01,Ken Giles,Modern Era (2016-Pres),2018,2019,2014,2022,TOR,TOR,RP,362,0,115,355.3333333333333,14,18,484,114,28.0,7.81,11.87,2.77,0.62,2.39,156.86,,89.5,67.2,87.0,3.3,79.0,52.1,A,B,A,F,C,68.0,Epic,False,False,0,bbref_war
sprinje01,sprinje01,Jeffrey Springs,Modern Era (2016-Pres),2022,2022,2018,2025,TB,TB,RP,177,67,2,484.6666666666667,34,23,497,158,70.0,8.24,9.09,2.93,1.26,3.49,211.18,7.43,56.4,62.6,122.3,25.6,23.7,52.1,C+,B-,S,D,C,68.0,Epic,False,False,0,bbref_war
treinbl01,treinbl01,Blake Treinen,Modern Era (2016-Pres),2017,2018,2014,2025,LAD,LAD,RP,531,7,82,576.3333333333334,45,41,596,223,43.0,12.73,9.25,3.09,0.55,2.46,218.59,7.24,58.2,57.9,125.0,4.9,85.4,54.5,C+,C+,S,F,C,68.0,Epic,True,False,1,bbref_war
suterbr01,suterbr01,Brent Suter,Modern Era (2016-Pres),2020,2017,2016,2025,MIL,MIL,RP,348,47,3,597.3333333333334,42,24,496,153,76.0,6.37,7.61,2.34,0.95,3.11,249.83,25.75,38.7,79.6,125.0,10.5,50.9,56.4,D+,B+,S,F,C+,67.8,Epic,False,False,0,bbref_war
yateski01,yateski01,Kirby Yates,Modern Era (2016-Pres),2019,2024,2014,2025,SDP,SDP,RP,472,0,98,452.6666666666667,30,24,623,181,63.0,9.94,12.82,3.49,0.99,2.53,178.46,,100.9,46.2,101.0,3.2,47.1,56.8,S,C,S,F,C+,67.7,Epic,True,False,2,bbref_war
kirbyge01,kirbyge01,George Kirby,Modern Era (2016-Pres),2024,2023,2022,2025,SEA,SEA,SP,112,112,0,637.6666666666666,45,34,621,93,72.0,7.85,8.76,1.31,1.02,3.58,105.34,5.65,52.5,109.2,53.5,58.1,44.8,56.8,C,S,C,C+,C+,67.6,Epic,True,False,1,bbref_war
matzst01,matzst01,Steven Matz,Modern Era (2016-Pres),2019,2016,2015,2025,NYM,NYM,SP,246,172,2,1004.3333333333334,60,62,940,291,148.0,11.99,8.5,2.62,1.18,3.72,124.14,10.31,49.3,71.5,65.7,112.8,30.4,51.6,C,B,B,S,C,67.6,Epic,False,False,0,bbref_war
betande01,betande01,Dellin Betances,Modern Era (2016-Pres),2017,2015,2011,2021,NYY,NYY,RP,374,1,36,394.3333333333333,21,23,633,183,26.0,11.63,14.64,3.91,0.6,2.23,151.54,,122.6,34.1,83.5,4.3,80.9,55.1,S,D,A-,F,C+,67.5,Epic,True,False,4,bbref_war
bumgama01,bumgama01,Madison Bumgarner,Modern Era (2016-Pres),2016,2015,2009,2023,SFG,SFG,SP,358,355,0,2209.3333333333335,134,124,2070,544,258.0,26.15,9.03,2.09,0.99,3.1,124.25,6.48,55.6,86.9,65.8,67.9,47.3,55.6,C+,A,B,B,C+,67.4,Epic,True,False,4,bbref_war
peralfr01,peralfr01,Freddy Peralta,Modern Era (2016-Pres),2022,2025,2018,2025,MIL,MIL,SP,211,162,1,931.0,70,42,1153,360,118.0,15.62,11.04,3.44,1.1,3.41,121.27,8.74,79.7,47.8,63.8,94.4,37.9,66.2,B+,C,B-,A,B,67.2,Epic,True,False,2,bbref_war
ryuhy01,ryuhy01,Hyun Jin Ryu,Modern Era (2016-Pres),2018,2019,2013,2023,LAD,LAD,SP,186,185,1,1055.3333333333333,78,48,934,236,116.0,19.03,8.11,2.0,0.94,3.16,139.19,5.76,44.7,89.3,75.5,59.4,51.8,60.7,C-,A,B+,C+,B-,66.9,Epic,True,False,1,bbref_war
harriwi02,harriwi10,Will Harris,Modern Era (2016-Pres),2017,2015,2012,2021,HOU,HOU,RP,447,0,21,420.0,23,20,452,114,40.0,8.35,9.53,2.35,0.81,2.47,175.56,,61.6,79.2,99.1,2.8,62.8,62.3,B-,B+,A+,F,B-,66.6,Epic,True,False,1,bbref_war
cortene01,cortene01,Nestor Cortes,Modern Era (2016-Pres),2022,2022,2018,2025,NYY,NYY,SP,143,94,0,602.3333333333334,35,25,604,180,102.0,9.49,9.02,2.63,1.45,3.8,100.71,15.72,55.5,71.1,50.5,125.0,7.0,57.8,C+,B,C,S,C+,66.3,Epic,True,False,1,bbref_war
mcclash01,mcclash01,Shane McClanahan,Modern Era (2016-Pres),2022,2022,2021,2023,TB,TB,SP,74,74,0,404.6666666666667,33,16,456,116,48.0,8.75,10.14,2.58,1.07,3.02,129.86,5.45,68.9,72.6,69.4,55.7,40.4,56.4,B,B,B,C+,C+,65.9,Epic,True,False,2,bbref_war
severlu01,severlu01,Luis Severino,Modern Era (2016-Pres),2019,2017,2015,2025,NYY,NYY,SP,201,185,0,1072.0,73,55,1073,325,136.0,16.12,9.14,2.63,1.01,3.53,148.23,5.53,57.0,71.1,81.3,56.7,45.0,56.2,C+,B,A-,C+,C+,65.9,Epic,True,False,2,bbref_war
nolaaa01,nolaaa01,Aaron Nola,Modern Era (2016-Pres),2021,2018,2015,2025,PHI,PHI,SP,285,285,0,1715.6666666666667,109,89,1876,449,217.0,31.77,9.88,2.31,1.12,3.64,119.51,6.11,65.8,80.3,62.7,63.5,36.1,44.7,B,A-,B-,B-,C-,65.8,Epic,True,False,1,bbref_war
rodrira02,rodrira02,Randy Rodríguez,Modern Era (2016-Pres),2024,2025,2024,2025,SFG,SFG,RP,85,1,4,103.0,6,7,120,29,8.0,1.66,10.49,2.53,0.7,3.06,158.16,52.33,73.0,73.9,87.8,6.0,72.3,52.4,B,B,A,F,C,65.8,Epic,True,False,1,bbref_war
lopezre01,lopezre01,Reynaldo Lopez,Modern Era (2016-Pres),2021,2024,2016,2025,CHW,CHW,SP,268,123,6,820.3333333333334,47,54,766,293,110.0,12.97,8.44,3.07,1.16,3.78,122.23,15.77,48.6,58.5,64.5,125.0,32.4,48.9,C,C+,B-,S,C,65.7,Epic,True,False,1,bbref_war
paxtoja01,paxtoja01,James Paxton,Modern Era (2016-Pres),2017,2017,2013,2024,SEA,SEA,SP,177,177,0,951.0,73,41,1005,314,111.0,13.48,10.02,2.68,1.03,3.59,134.5,5.63,67.4,69.7,72.4,57.8,43.8,49.4,B,B,B,C+,C,65.7,Epic,False,False,0,bbref_war
ramirer02,ramirer02,Erasmo Ramirez,Modern Era (2016-Pres),2017,2015,2012,2025,SEA,SEA,RP,336,96,6,860.0,43,46,650,230,133.0,6.83,6.81,2.09,1.17,3.63,204.49,30.83,29.2,86.8,117.9,20.6,31.9,50.6,D,A,S,D-,C,65.7,Epic,False,False,0,bbref_war
stridsp01,stridsp01,Spencer Strider,Modern Era (2016-Pres),2023,2022,2021,2025,ATL,ATL,SP,90,77,0,455.0,39,24,626,160,52.0,7.8,12.38,3.16,1.03,3.74,110.16,5.59,95.7,55.7,56.6,57.4,43.7,58.6,A+,C+,C+,C+,C+,65.7,Epic,True,False,1,bbref_war
brasiry01,brasiry01,Ryan Brasier,Modern Era (2016-Pres),2020,2018,2013,2025,BOS,BOS,RP,325,6,10,311.3333333333333,10,9,301,89,33.0,3.81,8.76,2.87,0.89,3.31,210.27,16.0,52.4,64.3,121.7,3.2,55.9,55.4,C,B-,S,F,C+,65.6,Epic,False,False,0,bbref_war
greench03,greench03,Chad Green,Modern Era (2016-Pres),2019,2017,2016,2025,NYY,NYY,RP,382,24,29,492.6666666666667,43,30,591,127,78.0,8.75,11.18,2.24,1.32,3.18,143.44,26.44,81.3,82.4,78.2,7.7,18.3,57.4,A-,A-,B+,F,C+,65.4,Epic,False,False,0,bbref_war
rasmudr01,rasmudr01,Drew Rasmussen,Modern Era (2016-Pres),2022,2025,2020,2025,TB,TB,SP,130,81,2,460.6666666666667,30,17,428,119,41.0,11.03,8.36,2.32,0.8,2.89,132.24,6.08,47.7,80.0,71.0,63.2,63.5,60.3,C,A-,B,B-,B-,65.3,Epic,True,False,1,bbref_war
martica04,martica04,Carlos Martinez,Modern Era (2016-Pres),2016,2016,2013,2021,STL,STL,SP,274,139,31,967.0,62,52,927,373,81.0,15.35,8.88,3.4,0.7,3.36,114.6,11.1,53.8,48.8,59.5,122.1,72.4,54.5,C,C,C+,S,C,65.2,Epic,True,False,2,bbref_war
woobr01,woobr01,Bryan Woo,Modern Era (2016-Pres),2024,2025,2023,2025,SEA,SEA,SP,70,70,0,395.6666666666667,28,15,392,80,53.0,7.1,8.92,1.82,1.21,3.21,116.86,5.54,54.3,94.6,61.0,56.8,28.4,55.2,C,A,B-,C+,C+,65.2,Epic,True,False,1,bbref_war
brittza01,brittza01,Zack Britton,Modern Era (2016-Pres),2017,2016,2011,2022,BAL,BAL,RP,442,46,154,641.0,35,26,532,264,39.0,13.64,8.5,3.26,0.37,1.84,286.78,,49.3,53.0,125.0,3.4,101.0,54.7,C,C,S,F,C,65.1,Epic,True,False,2,bbref_war
hendrky01,hendrky01,Kyle Hendricks,Modern Era (2016-Pres),2018,2016,2014,2025,CHC,CHC,SP,307,301,0,1745.0,105,91,1373,407,209.0,21.42,7.23,1.97,0.98,3.24,141.36,6.05,34.1,90.2,76.9,62.8,48.2,59.2,D,A,B+,B-,C+,65.1,Epic,False,False,0,bbref_war
imanash01,imanash01,Shota Imanaga,Modern Era (2016-Pres),2024,2024,2024,2025,CHC,CHC,SP,54,54,0,318.0,24,11,291,54,58.0,4.49,8.24,1.53,1.64,3.28,120.08,5.88,46.2,103.0,63.1,60.8,1.0,56.6,C,S,B-,B-,C+,65.1,Epic,True,False,1,bbref_war
junisja01,junisja01,Jakob Junis,Modern Era (2016-Pres),2022,2018,2017,2025,KCR,KCR,SP,249,116,2,847.0,46,46,768,216,130.0,9.86,8.14,2.28,1.33,4.24,113.81,9.49,45.1,81.3,59.0,103.2,17.2,46.6,C,A-,C+,S,C,65.0,Epic,False,False,0,bbref_war
mchugco01,mchugco01,Collin McHugh,Modern Era (2016-Pres),2017,2014,2012,2023,HOU,HOU,RP,346,127,1,992.6666666666666,71,47,967,280,106.0,14.44,8.98,2.38,0.86,3.28,153.81,6.51,55.0,78.3,85.0,29.1,58.0,62.5,C+,B+,A,D,B-,65.0,Epic,False,False,0,bbref_war
uriasju01,uriasju01,Julio Urias,Modern Era (2016-Pres),2020,2021,2016,2023,LAD,LAD,SP,158,122,4,717.0,60,25,710,193,84.0,13.66,9.07,2.32,1.08,3.04,120.24,6.27,56.1,80.0,63.2,65.4,39.6,68.1,C+,A-,B-,B,B,65.0,Epic,False,False,0,bbref_war
ryanjo04,ryanjo04,Joe Ryan,Modern Era (2016-Pres),2023,2025,2021,2025,MIN,MIN,SP,115,114,0,641.3333333333334,46,36,719,148,101.0,11.04,10.09,2.08,1.42,3.79,110.79,5.58,68.3,87.1,57.0,57.3,10.1,53.6,B,A,C+,C+,C,64.9,Epic,True,False,1,bbref_war
kittran01,kittran01,Andrew Kittredge,Modern Era (2016-Pres),2021,2021,2017,2025,TB,TB,RP,309,15,21,338.3333333333333,27,15,337,87,45.0,5.78,9.42,2.19,1.09,2.86,165.62,11.0,60.3,84.0,92.7,4.4,38.2,60.5,B-,A-,A,F,B-,64.8,Epic,True,False,1,bbref_war
stammcr01,stammcr01,Craig Stammen,Modern Era (2016-Pres),2017,2012,2009,2022,WSH,WSH,RP,562,43,6,885.0,55,44,743,236,95.0,9.52,8.75,2.47,0.92,2.84,184.92,22.08,52.3,75.8,105.2,6.8,53.3,55.1,C,B+,S,F,C+,64.8,Epic,False,False,0,bbref_war
gilbelo01,gilbelo01,Logan Gilbert,Modern Era (2016-Pres),2023,2022,2021,2025,SEA,SEA,SP,146,146,0,835.3333333333334,47,36,884,181,111.0,11.72,9.52,1.95,1.2,3.58,106.82,5.66,61.5,90.8,54.4,58.2,29.2,56.7,B-,A,C,C+,C+,64.7,Epic,True,False,1,bbref_war
hillri01,hillri01,Rich Hill,Modern Era (2016-Pres),2016,2016,2005,2025,BOS,BOS,SP,388,250,0,1418.0,90,76,1432,551,177.0,16.1,9.45,2.98,1.13,3.49,149.42,5.88,60.7,61.0,82.1,60.8,35.0,56.7,B-,B-,A-,B-,C+,64.7,Epic,False,False,0,bbref_war
rogerty01,rogerty01,Tyler Rogers,Modern Era (2016-Pres),2022,2021,2019,2025,SFG,SFG,RP,420,0,19,424.0,26,23,306,77,28.0,9.78,6.5,1.63,0.59,2.76,183.86,,25.4,99.9,104.5,3.6,81.4,52.7,D,A+,S,F,C,64.7,Epic,False,False,0,bbref_war
bauertr01,bauertr01,Trevor Bauer,Modern Era (2016-Pres),2017,2018,2012,2021,CLE,CLE,SP,222,212,1,1297.6666666666667,83,69,1416,491,160.0,20.59,9.72,3.25,1.04,3.6,149.38,6.24,63.8,53.1,82.1,65.0,43.1,58.2,B-,C,A-,B,C+,64.6,Epic,True,False,1,bbref_war
tanakma01,tanakma01,Masahiro Tanaka,Modern Era (2016-Pres),2017,2016,2014,2020,NYY,NYY,SP,174,173,0,1054.3333333333333,78,46,991,208,159.0,17.41,8.46,1.78,1.36,3.74,117.32,6.01,48.8,95.9,61.3,62.3,15.3,53.7,C,A+,B-,B-,C,64.3,Epic,True,False,2,bbref_war
lopezpa01,lopezpa01,Pablo Lopez,Modern Era (2016-Pres),2022,2023,2018,2025,MIA,MIA,SP,172,172,0,965.0,59,53,994,251,115.0,15.96,9.48,2.36,1.05,3.65,120.65,5.59,61.0,78.9,63.4,57.3,41.5,53.9,B-,B+,B-,C+,C,64.2,Epic,True,False,1,bbref_war
colomal01,colomal01,Alex Colome,Modern Era (2016-Pres),2017,2016,2013,2023,TB,TB,RP,450,19,159,539.0,34,35,477,188,50.0,7.51,8.23,2.89,0.75,2.98,204.99,8.16,46.1,63.6,118.2,6.6,67.9,55.3,C,B-,S,F,C+,64.1,Epic,True,False,1,bbref_war
gausmke01,gausmke01,Kevin Gausman,Modern Era (2016-Pres),2021,2021,2013,2025,BAL,BAL,SP,361,322,0,1911.0,112,113,1954,535,233.0,24.4,9.45,2.44,1.1,3.59,121.17,5.84,60.6,76.6,63.8,60.3,37.7,58.3,B-,B+,B-,B-,C+,64.1,Epic,True,False,2,bbref_war
snellbl01,snellbl01,Blake Snell,Modern Era (2016-Pres),2022,2018,2016,2025,TB,TB,SP,222,222,0,1158.0,81,62,1440,521,111.0,21.92,11.73,3.98,0.82,2.97,144.88,5.28,87.9,32.2,79.2,53.8,61.9,62.2,A,D,B+,C,B-,64.1,Epic,True,False,1,bbref_war
adamja01,adamja01,Jason Adam,Modern Era (2016-Pres),2022,2022,2018,2025,TB,TB,RP,341,0,24,335.0,27,15,390,124,34.0,8.84,10.5,3.24,0.74,2.32,179.42,,73.2,53.5,101.6,3.2,68.4,56.4,B,C,S,F,C+,63.8,Epic,True,False,1,bbref_war
syndeno01,syndeno01,Noah Syndergaard,Modern Era (2016-Pres),2018,2016,2015,2023,NYM,NYM,SP,164,162,0,941.3333333333334,59,47,928,216,100.0,15.58,9.2,2.08,0.82,3.42,112.13,5.1,57.7,87.1,57.9,51.6,61.5,45.8,C+,A,C+,C,C,63.8,Epic,True,False,1,bbref_war
webblo01,webblo01,Logan Webb,Modern Era (2016-Pres),2022,2023,2019,2025,SFG,SFG,SP,180,177,0,1062.3333333333333,70,53,994,250,74.0,21.16,8.42,2.12,0.63,3.38,113.61,5.78,48.4,86.0,58.8,59.6,78.5,52.3,C,A,C+,C+,C,63.8,Epic,True,False,2,bbref_war
pinedmi01,pinedmi01,Michael Pineda,Modern Era (2016-Pres),2016,2014,2011,2022,NYY,NYY,SP,181,180,0,1008.6666666666666,64,61,966,221,144.0,12.47,8.8,1.98,1.26,3.99,117.17,5.7,52.9,89.9,61.2,58.7,23.6,53.4,C,A,B-,C+,C,63.7,Epic,True,False,1,bbref_war
pomerdr01,pomerdr01,Drew Pomeranz,Modern Era (2016-Pres),2017,2016,2011,2025,SDP,SDP,SP,346,144,10,908.0,50,60,940,384,115.0,13.2,9.63,3.63,1.17,3.55,160.35,6.77,62.8,42.3,89.2,71.2,31.1,56.9,B-,C-,A,B,C+,63.7,Epic,True,False,1,bbref_war
ohtansh01,ohtansh01,Shohei Ohtani,Modern Era (2016-Pres),2022,2022,2018,2025,LAA,LAA,SP,100,100,0,528.6666666666666,39,20,670,182,56.0,16.11,11.41,3.1,0.95,3.0,123.64,4.45,84.0,57.6,65.4,44.0,50.3,52.9,A-,C+,B,C-,C,63.5,Epic,True,False,5,bbref_war
valdefr01,valdefr01,Framber Valdez,Modern Era (2016-Pres),2022,2024,2018,2025,HOU,HOU,SP,188,166,0,1080.6666666666667,81,52,1053,389,87.0,19.67,8.78,3.07,0.7,3.19,137.67,6.57,52.6,58.3,74.5,68.9,72.6,62.3,C,C+,B,B,B-,63.4,Epic,True,False,2,bbref_war
musgrjo01,musgrjo01,Joe Musgrove,Modern Era (2016-Pres),2021,2021,2016,2024,SDP,SDP,SP,206,180,2,1056.0,66,62,1050,262,133.0,14.45,9.13,2.22,1.08,3.58,115.18,5.63,56.8,83.1,59.9,57.8,39.4,54.7,C+,A-,C+,C+,C,63.3,Epic,True,False,1,bbref_war
rossjo01,rossjo01,Joe Ross,Modern Era (2016-Pres),2018,2016,2015,2025,WSH,WSH,SP,160,87,0,568.3333333333334,31,35,508,188,74.0,5.12,8.05,2.77,1.2,4.12,100.39,12.36,43.9,67.2,50.3,125.0,29.3,53.7,C-,B,C,S,C,63.2,Epic,False,False,0,bbref_war
eovalna01,eovalna01,Nathan Eovaldi,Modern Era (2016-Pres),2022,2025,2011,2025,BOS,BOS,SP,316,297,0,1702.3333333333333,102,84,1487,466,188.0,19.57,8.34,2.29,0.91,3.52,124.83,5.76,47.4,80.9,66.1,59.4,53.9,57.5,C,A-,B,C+,C+,63.1,Epic,True,False,2,bbref_war
greenhu01,greenhu01,Hunter Greene,Modern Era (2016-Pres),2024,2024,2022,2025,CIN,CIN,SP,91,91,0,495.6666666666667,25,29,617,179,70.0,13.53,11.2,3.25,1.27,3.65,130.03,5.44,81.6,53.2,69.5,55.7,22.7,48.5,A-,C,B,C+,C,63.0,Epic,True,False,1,bbref_war
stromma01,stromma01,Marcus Stroman,Modern Era (2016-Pres),2017,2017,2014,2025,TOR,TOR,SP,270,261,2,1497.3333333333333,90,87,1230,452,145.0,19.85,7.57,2.43,0.86,3.43,139.77,6.07,38.1,76.8,75.8,63.0,58.1,56.5,D+,B+,B+,B-,C+,62.9,Epic,True,False,1,bbref_war
keuchda01,keuchda01,Dallas Keuchel,Modern Era (2016-Pres),2017,2015,2012,2024,HOU,HOU,SP,282,267,0,1642.3333333333333,103,92,1254,515,175.0,21.89,7.33,2.46,0.79,3.25,138.94,6.35,35.3,76.0,75.3,66.3,64.3,60.4,D+,B+,B+,B,B-,62.8,Epic,True,False,2,bbref_war
manaese01,manaese01,Sean Manaea,Modern Era (2016-Pres),2019,2021,2016,2025,OAK,OAK,SP,243,210,1,1245.0,79,66,1184,347,171.0,15.46,8.17,2.41,1.14,3.78,141.03,5.65,45.4,77.6,76.7,58.1,34.2,48.9,C,B+,B+,C+,C,62.8,Epic,False,False,0,bbref_war
speiega01,speiega01,Gabe Speier,Modern Era (2016-Pres),2022,2025,2019,2025,KCR,KCR,RP,215,1,1,180.33333333333334,6,9,214,51,19.0,1.96,10.68,2.55,0.95,3.64,146.8,19.33,75.3,73.6,80.4,1.6,50.7,54.5,B+,B,A-,F,C,62.8,Epic,False,False,0,bbref_war
suarera01,suarera01,Ranger Suarez,Modern Era (2016-Pres),2022,2021,2018,2025,PHI,PHI,SP,187,119,4,762.0,53,37,705,240,70.0,18.18,8.36,2.8,0.82,3.29,142.61,6.08,47.6,66.2,77.7,63.2,61.9,45.6,C,B,B+,B-,C,62.7,Epic,True,False,1,bbref_war
corbipa01,corbipa01,Patrick Corbin,Modern Era (2016-Pres),2017,2019,2012,2025,WSH,WSH,SP,373,354,2,2047.6666666666667,110,142,1860,630,284.0,18.53,9.05,2.49,1.0,3.65,114.43,6.03,55.9,75.1,59.4,62.5,46.6,60.8,C+,B+,C+,B-,B-,62.3,Epic,True,False,2,bbref_war
galleza01,galleza01,Zac Gallen,Modern Era (2016-Pres),2022,2022,2019,2025,ARI,ARI,SP,176,176,0,1007.3333333333334,66,52,1060,324,117.0,20.71,9.47,2.89,1.05,3.58,129.58,5.69,60.9,63.5,69.2,58.6,42.3,58.6,B-,B-,B,C+,C+,62.2,Epic,True,False,1,bbref_war
leedy01,leedy01,Dylan Lee,Modern Era (2016-Pres),2023,2022,2021,2025,ATL,ATL,RP,198,1,2,204.33333333333334,12,7,238,49,30.0,3.52,10.48,2.16,1.32,2.82,135.79,23.67,73.0,84.8,73.3,3.9,18.4,58.6,B,A-,B,F,C+,62.2,Epic,False,False,0,bbref_war
luzarje01,luzarje01,Jesus Luzardo,Modern Era (2016-Pres),2022,2023,2019,2025,MIA,MIA,SP,137,121,2,695.6666666666666,41,41,775,237,87.0,11.34,10.03,3.07,1.13,4.19,130.38,5.72,67.5,58.5,69.7,58.9,35.3,53.0,B,C+,B,C+,C,62.2,Epic,False,False,0,bbref_war
oteroda01,oteroda01,Dan Otero,Modern Era (2016-Pres),2016,2016,2012,2019,CLE,CLE,RP,358,0,3,403.6666666666667,22,8,262,56,37.0,5.97,5.9,1.26,0.76,2.95,163.68,,18.2,110.7,91.4,5.0,67.3,57.9,F,S,A,F,C+,62.1,Epic,False,False,0,bbref_war
walkery01,walkery01,Ryan Walker,Modern Era (2016-Pres),2024,2024,2023,2025,SFG,SFG,RP,193,14,28,202.66666666666666,20,14,237,60,17.0,3.75,10.52,2.66,0.75,2.98,143.79,42.36,73.5,70.2,78.5,4.1,67.4,51.9,B,B,B+,F,C,62.1,Epic,False,False,0,bbref_war
maedake01,maedake01,Kenta Maeda,Modern Era (2016-Pres),2019,2016,2016,2025,LAD,LAD,SP,226,172,6,986.6666666666666,68,56,1055,285,142.0,8.47,9.88,2.58,1.24,3.92,110.35,5.63,65.8,72.7,56.7,57.8,25.7,65.4,B,B,C+,C+,B,62.0,Epic,False,False,0,bbref_war
jeffrje01,jeffrje01,Jeremy Jeffress,Modern Era (2016-Pres),2016,2018,2010,2020,MIL,MIL,RP,414,1,52,424.3333333333333,32,12,387,175,31.0,9.53,8.28,3.45,0.67,2.56,237.37,65.33,46.7,47.4,125.0,3.6,74.4,57.8,C,C,S,F,C+,61.9,Epic,True,False,1,bbref_war
eflinza01,eflinza01,Zach Eflin,Modern Era (2016-Pres),2021,2023,2016,2025,PHI,PHI,SP,200,188,1,1073.6666666666667,68,67,922,221,162.0,13.74,8.29,1.84,1.19,3.92,108.34,5.77,46.8,93.9,55.4,59.5,29.4,48.3,C,A,C+,C+,C,61.8,Epic,False,False,0,bbref_war
cruzfe01,cruzfe01,Fernando Cruz,Modern Era (2016-Pres),2024,2022,2022,2025,CIN,CIN,RP,190,7,2,195.33333333333334,7,15,300,96,21.0,1.67,13.82,4.42,0.97,4.28,165.61,20.85,112.9,19.3,92.6,3.8,49.0,48.9,S,F,A,F,C,61.7,Epic,False,False,0,bbref_war
gratebr01,gratebr01,Brusdar Graterol,Modern Era (2016-Pres),2022,2023,2019,2024,LAD,LAD,RP,188,5,11,190.66666666666666,11,9,148,42,10.0,3.49,6.99,1.98,0.47,2.78,164.92,40.5,31.2,89.9,92.2,3.6,92.0,61.9,D,A,A,F,B-,61.6,Epic,False,False,0,bbref_war
grayso01,grayso01,Sonny Gray,Modern Era (2016-Pres),2019,2019,2013,2025,OAK,OAK,SP,339,330,0,1918.0,125,102,1925,621,192.0,28.5,8.71,2.98,0.79,3.13,134.63,5.85,51.8,60.9,72.5,60.5,64.2,56.2,C,B-,B,B-,C+,61.4,Epic,True,False,3,bbref_war
holtoty01,holtoty01,Tyler Holton,Modern Era (2016-Pres),2024,2024,2022,2025,DET,DET,RP,205,16,9,267.3333333333333,16,9,221,54,32.0,6.77,7.44,1.82,1.08,2.63,162.03,36.31,36.6,94.6,90.3,7.1,39.5,57.8,D+,A,A,F,C+,61.3,Epic,False,False,0,bbref_war
castilu02,castilu02,Luis Castillo,Modern Era (2016-Pres),2022,2019,2017,2025,CIN,CIN,SP,243,243,0,1410.6666666666667,84,84,1493,453,174.0,22.97,9.52,2.92,1.08,3.47,122.85,5.87,61.5,62.8,64.9,60.7,39.0,56.0,B-,B-,B-,B-,C+,61.2,Epic,True,False,3,bbref_war
steelju01,steelju01,Justin Steele,Modern Era (2016-Pres),2023,2023,2021,2025,CHC,CHC,SP,102,91,0,506.6666666666667,32,22,517,155,51.0,7.87,9.18,2.75,0.91,3.3,116.37,5.67,57.5,67.6,60.6,58.3,54.4,59.5,C+,B,B-,C+,C+,60.9,Epic,True,False,1,bbref_war
chaveje01,chaveje01,Jesse Chavez,Modern Era (2016-Pres),2019,2018,2008,2025,ATL,ATL,RP,657,85,9,1142.0,51,66,1044,363,167.0,9.45,8.38,2.63,1.07,3.46,168.08,12.95,47.9,71.0,94.3,16.9,40.5,57.9,C,B,A,F,C+,60.8,Epic,False,False,0,bbref_war
loupaa01,loupaa01,Aaron Loup,Modern Era (2016-Pres),2017,2021,2012,2023,TOR,TOR,RP,591,2,8,515.0,23,30,480,162,39.0,7.58,8.21,2.8,0.54,2.82,178.96,28.33,45.8,66.4,101.3,2.3,85.8,55.8,C,B,S,F,C+,60.8,Epic,False,False,0,bbref_war
oberba01,oberba01,Bailey Ober,Modern Era (2016-Pres),2023,2023,2021,2025,MIN,MIN,SP,115,115,0,617.6666666666666,31,30,604,133,103.0,9.16,8.8,1.94,1.5,4.08,107.94,5.29,52.9,91.2,55.2,53.9,2.8,53.6,C,A,C+,C,C,60.7,Epic,False,False,0,bbref_war
ohse01,ohse01,Seunghwan Oh,Modern Era (2016-Pres),2018,2016,2016,2019,STL,STL,RP,232,0,42,225.66666666666666,16,13,252,56,29.0,4.4,10.05,2.23,1.16,3.31,136.29,,67.8,82.6,73.6,3.2,32.6,52.7,B,A-,B,F,C,60.7,Epic,False,False,0,bbref_war
petityu01,petityu01,Yusmeiro Petit,Modern Era (2016-Pres),2018,2019,2006,2021,SFG,SFG,RP,515,59,8,904.0,50,44,767,205,137.0,9.06,7.95,1.65,1.2,3.28,144.68,36.04,42.7,99.5,79.0,8.6,29.0,54.0,C-,A+,B+,F,C,60.7,Epic,False,False,0,bbref_war
roarkta01,roarkta01,Tanner Roark,Modern Era (2016-Pres),2016,2016,2013,2021,WSH,WSH,SP,227,184,1,1155.0,76,68,936,339,143.0,18.82,7.28,2.57,1.03,3.71,131.48,7.16,34.7,72.9,70.5,75.9,43.6,52.6,D,B,B,B+,C,60.7,Epic,False,False,0,bbref_war
bassich01,bassich01,Chris Bassitt,Modern Era (2016-Pres),2021,2021,2014,2025,OAK,OAK,SP,232,218,0,1278.6666666666667,83,65,1191,409,143.0,17.4,8.42,2.63,1.04,3.5,125.21,5.93,48.4,71.1,66.4,61.4,42.6,56.3,C,B,B,B-,C+,60.6,Epic,True,False,1,bbref_war
bummeaa01,bummeaa01,Aaron Bummer,Modern Era (2016-Pres),2021,2019,2017,2025,CHW,CHW,RP,387,2,5,381.6666666666667,21,20,429,164,23.0,5.07,9.75,3.64,0.56,3.15,187.08,27.17,64.2,41.9,106.6,3.6,84.7,52.6,B-,C-,S,F,C,60.6,Epic,False,False,0,bbref_war
watsoto01,watsoto01,Tony Watson,Modern Era (2016-Pres),2016,2014,2011,2021,PIT,PIT,RP,689,0,32,648.3333333333334,47,29,570,174,63.0,11.56,7.92,2.17,0.75,2.63,159.04,,42.3,84.6,88.4,3.1,68.1,55.5,C-,A-,A,F,C+,60.5,Epic,True,False,1,bbref_war
rogerta01,rogerta01,Taylor Rogers,Modern Era (2016-Pres),2019,2019,2016,2025,MIN,MIN,RP,566,0,83,541.3333333333334,31,36,626,165,57.0,8.52,10.3,2.64,0.91,3.08,141.32,,70.8,71.0,76.9,3.0,54.2,51.5,B,B,B+,F,C,60.4,Epic,True,False,1,bbref_war
hudsoda01,hudsoda01,Daniel Hudson,Modern Era (2016-Pres),2019,2010,2009,2024,ARI,ARI,RP,547,61,43,855.3333333333334,65,45,817,277,96.0,9.02,8.31,2.51,0.9,3.04,156.47,23.97,47.0,74.5,86.7,15.9,54.6,62.9,C,B,A,F,B-,60.3,Epic,False,False,0,bbref_war
woodal02,woodal02,Alex Wood,Modern Era (2016-Pres),2017,2014,2013,2024,LAD,LAD,SP,278,211,0,1258.0,77,68,1173,374,127.0,14.49,8.25,2.67,0.79,3.45,115.28,6.47,46.4,70.1,59.9,67.8,64.4,56.2,C,B,C+,B,C+,60.3,Epic,True,False,1,bbref_war
gallegi01,gallegi01,Giovanny Gallegos,Modern Era (2016-Pres),2020,2019,2017,2024,STL,STL,RP,311,0,45,335.6666666666667,18,21,396,88,44.0,4.74,10.71,2.23,1.09,3.29,114.38,,75.8,82.8,59.3,4.5,38.8,61.7,B+,A-,C+,F,B-,60.2,Epic,False,False,0,bbref_war
garcija04,garcija04,Jarlin Garcia,Modern Era (2016-Pres),2020,2021,2017,2022,SFG,SFG,RP,285,7,2,322.0,17,15,259,104,45.0,3.48,7.24,2.91,1.26,3.61,242.17,9.43,34.2,63.1,125.0,5.0,23.9,53.0,D,B-,S,F,C,60.2,Epic,False,False,0,bbref_war
fairbpe01,fairbpe01,Pete Fairbanks,Modern Era (2016-Pres),2022,2023,2019,2025,TB,TB,RP,275,2,90,265.3333333333333,20,24,332,103,24.0,4.82,11.26,3.49,0.81,3.19,155.78,13.33,82.3,46.2,86.3,3.1,62.3,57.1,A-,C,A,F,C+,60.1,Epic,False,False,0,bbref_war
lynnla01,lynnla01,Lance Lynn,Modern Era (2016-Pres),2017,2019,2011,2024,STL,STL,SP,364,340,1,2006.3333333333333,143,99,2015,704,231.0,27.69,8.95,3.13,0.88,3.29,131.15,6.0,54.7,56.7,70.2,62.2,56.6,50.2,C,C+,B,B-,C,60.1,Epic,True,False,2,bbref_war
thielca01,thielca01,Caleb Thielbar,Modern Era (2016-Pres),2021,2013,2013,2025,MIN,MIN,RP,414,0,5,378.0,26,16,403,120,38.0,6.17,9.53,2.65,0.88,2.93,152.9,,61.7,70.5,84.4,2.7,56.2,54.9,B-,B,A-,F,C,60.1,Epic,False,False,0,bbref_war
arrieja01,arrieja01,Jake Arrieta,Modern Era (2016-Pres),2016,2015,2010,2021,CHC,CHC,SP,285,279,0,1612.3333333333333,115,93,1433,571,181.0,23.17,8.24,2.87,0.76,3.17,129.41,5.89,46.2,64.2,69.1,61.0,67.2,50.6,C,B-,B,B-,C,59.9,Epic,True,False,1,bbref_war
quintjo01,quintjo01,Jose Quintana,Modern Era (2016-Pres),2016,2016,2012,2025,CHW,CHW,SP,383,357,0,2101.3333333333335,113,110,1816,641,219.0,26.22,7.92,2.51,0.83,3.46,120.36,5.98,42.4,74.7,63.2,61.9,60.7,48.3,C-,B,B-,B-,C,59.8,Epic,True,False,1,bbref_war
rodonca01,rodonca01,Carlos Rodon,Modern Era (2016-Pres),2021,2022,2015,2025,CHW,CHW,SP,231,226,0,1282.0,93,72,1409,477,159.0,22.21,9.9,3.24,1.03,3.45,122.93,5.81,66.1,53.6,64.9,59.9,43.3,49.1,B,C,B-,C+,C,59.8,Epic,True,False,3,bbref_war
harvehu01,harvehu01,Hunter Harvey,Modern Era (2016-Pres),2022,2023,2019,2025,WSH,WSH,RP,182,0,11,185.0,10,11,201,51,17.0,4.03,9.78,2.48,0.83,3.11,138.37,,64.6,75.5,74.9,3.7,61.2,47.0,B-,B+,B,F,C,59.7,Epic,False,False,0,bbref_war
pivetni01,pivetni01,Nick Pivetta,Modern Era (2016-Pres),2022,2025,2017,2025,BOS,BOS,SP,254,209,3,1211.0,69,76,1329,427,197.0,16.37,10.06,3.03,1.39,4.18,113.64,6.28,67.9,59.7,58.9,65.5,12.4,52.0,B,C+,C+,B,C,59.7,Epic,False,False,0,bbref_war
raganco01,raganco01,Cole Ragans,Modern Era (2016-Pres),2024,2024,2022,2025,KCR,KCR,SP,83,66,0,384.0,21,20,461,144,35.0,7.43,10.8,3.38,0.82,3.66,105.34,5.75,76.8,49.6,53.5,59.3,61.8,54.7,B+,C,C,C+,C,59.7,Epic,True,False,1,bbref_war
mahlety01,mahlety01,Tyler Mahle,Modern Era (2016-Pres),2021,2021,2017,2025,CIN,CIN,SP,142,141,0,735.0,39,46,753,264,104.0,11.39,9.33,3.05,1.19,3.88,131.97,5.25,59.3,58.9,70.8,53.4,29.4,56.9,C+,C+,B,C,C+,59.6,Epic,False,False,0,bbref_war
phillev01,phillev01,Evan Phillips,Modern Era (2016-Pres),2022,2022,2018,2025,LAD,LAD,RP,250,1,46,252.0,16,12,291,92,23.0,4.16,10.6,3.07,0.67,2.88,140.11,,74.4,58.4,76.1,3.4,74.5,63.2,B,C+,B+,F,B-,59.6,Epic,False,False,0,bbref_war
berrijo01,berrijo01,Jose Berrios,Modern Era (2016-Pres),2021,2019,2016,2025,MIN,MIN,SP,275,273,0,1571.6666666666667,108,82,1481,473,219.0,18.43,8.55,2.58,1.2,3.75,115.08,5.94,50.0,72.5,59.8,61.5,29.2,61.8,C,B,C+,B-,B-,59.4,Epic,True,False,2,bbref_war
handbr01,handbr01,Brad Hand,Modern Era (2016-Pres),2018,2017,2011,2023,MIA,MIA,RP,579,43,132,772.0,40,55,782,297,80.0,8.74,10.19,3.18,0.81,3.1,154.73,6.94,69.5,55.4,85.6,6.0,62.4,53.4,B,C+,A,F,C,59.3,Epic,True,False,3,bbref_war
munozan01,munozan01,Andres Munoz,Modern Era (2016-Pres),2022,2025,2019,2025,SEA,SEA,RP,263,0,78,259.3333333333333,13,23,354,104,17.0,6.66,12.29,3.61,0.59,2.43,131.1,,94.5,42.8,70.2,3.3,81.7,57.1,A,C-,B,F,C+,59.3,Epic,True,False,2,bbref_war
karinja01,karinja01,James Karinchak,Modern Era (2016-Pres),2021,2022,2019,2023,CLE,CLE,RP,174,0,15,165.66666666666666,12,11,253,98,18.0,3.01,13.74,5.32,0.98,3.1,177.16,,111.9,1.0,100.2,2.9,48.1,59.4,S,F,S,F,C+,59.1,Epic,False,False,0,bbref_war
mortoch02,mortoch02,Charlie Morton,Modern Era (2016-Pres),2019,2019,2008,2025,PIT,PIT,SP,416,409,0,2267.6666666666665,147,134,2196,859,226.0,20.66,9.88,3.39,0.83,3.55,118.62,5.7,65.8,49.3,62.1,58.6,60.8,58.9,B,C,B-,C+,C+,59.1,Epic,True,False,2,bbref_war
alcansa01,alcansa01,Sandy Alcantara,Modern Era (2016-Pres),2021,2022,2017,2025,MIA,MIA,SP,177,169,0,1075.3333333333333,52,67,931,330,113.0,20.74,7.77,2.73,0.94,3.64,125.98,6.21,40.6,68.2,66.9,64.6,51.7,55.8,C-,B,B,B-,C+,59.0,Epic,True,False,2,bbref_war
bednada01,bednada01,David Bednar,Modern Era (2016-Pres),2022,2023,2019,2025,PIT,PIT,RP,315,0,111,317.3333333333333,18,23,389,110,29.0,7.07,11.03,3.12,0.82,3.15,136.77,,79.6,57.0,73.9,3.6,61.6,54.6,B+,C+,B,F,C,59.0,Epic,True,False,2,bbref_war
rayro02,rayro02,Robbie Ray,Modern Era (2016-Pres),2019,2021,2014,2025,ARI,ARI,SP,265,261,0,1441.0,88,81,1734,608,216.0,20.98,10.8,3.6,1.31,3.54,122.08,5.63,76.8,43.1,64.4,57.9,19.2,65.5,B+,C-,B-,C+,B,59.0,Epic,True,False,2,bbref_war
meansjo01,meansjo01,John Means,Modern Era (2016-Pres),2021,2019,2018,2024,BAL,BAL,SP,78,73,0,401.0,23,26,334,79,72.0,10.3,7.5,1.77,1.62,3.68,117.02,5.14,37.3,95.9,61.1,52.1,1.0,49.7,D+,A+,B-,C,C,58.9,Epic,True,False,1,bbref_war
taillja01,taillja01,Jameson Taillon,Modern Era (2016-Pres),2021,2018,2016,2025,PIT,PIT,SP,224,223,1,1237.0,82,60,1073,294,170.0,15.58,7.77,2.11,1.2,3.72,109.73,5.59,40.6,86.2,56.3,57.4,29.2,60.2,C-,A,C+,C+,B-,58.9,Epic,False,False,0,bbref_war
cobbal01,cobbal01,Alex Cobb,Modern Era (2016-Pres),2020,2014,2011,2024,TB,TB,SP,233,233,0,1327.6666666666667,79,76,1108,383,140.0,18.23,7.97,2.57,0.84,3.47,117.85,5.72,43.0,72.9,61.6,58.9,60.4,50.9,C-,B,B-,C+,C,58.8,Epic,True,False,1,bbref_war
minormi01,minormi01,Mike Minor,Modern Era (2016-Pres),2017,2019,2010,2022,ATL,ATL,SP,295,228,6,1409.0,83,90,1273,416,203.0,19.61,8.19,2.54,1.19,3.88,118.65,5.94,45.6,73.9,62.1,61.6,29.9,53.1,C,B,B-,B-,C,58.8,Epic,False,False,0,bbref_war
shoemma01,shoemma01,Matt Shoemaker,Modern Era (2016-Pres),2016,2014,2013,2021,LAA,LAA,SP,128,115,0,662.6666666666666,46,41,580,174,100.0,7.59,7.99,2.16,1.29,3.8,112.37,5.63,43.2,84.8,58.0,57.9,20.9,52.0,C-,A-,C+,C+,C,58.8,Epic,False,False,0,bbref_war
cishest01,cishest01,Steve Cishek,Modern Era (2016-Pres),2016,2013,2010,2022,MIA,MIA,RP,737,0,133,710.6666666666666,33,43,743,288,54.0,11.21,9.38,3.38,0.63,2.53,173.68,,59.8,49.4,97.9,3.2,78.6,50.6,C+,C,A+,F,C,58.7,Epic,False,False,0,bbref_war
diekmja01,diekmja01,Jake Diekman,Modern Era (2016-Pres),2017,2020,2012,2024,TEX,TEX,RP,705,0,19,602.3333333333334,27,34,764,358,53.0,4.7,11.24,4.97,0.74,3.52,261.07,,82.0,3.6,125.0,1.9,68.8,47.2,A-,F,S,F,C,58.7,Epic,False,False,0,bbref_war
flaheja01,flaheja01,Jack Flaherty,Modern Era (2016-Pres),2022,2019,2017,2025,STL,STL,SP,190,184,0,990.6666666666666,63,56,1130,351,135.0,14.34,10.28,3.15,1.21,3.69,111.24,5.34,70.6,56.2,57.3,54.5,27.9,62.7,B,C+,C+,C,B-,58.7,Epic,False,False,0,bbref_war
mcculla02,mcculla02,Lance McCullers,Modern Era (2016-Pres),2018,2021,2015,2025,HOU,HOU,SP,146,140,0,774.0,51,37,861,335,67.0,11.03,10.02,3.71,0.71,3.48,123.66,5.64,67.4,40.0,65.4,58.0,71.0,64.3,B,C-,B,C+,B-,58.7,Epic,True,False,1,bbref_war
salazda01,salazda01,Danny Salazar,Modern Era (2016-Pres),2016,2015,2013,2019,CLE,CLE,SP,109,105,0,591.3333333333334,38,34,688,213,75.0,9.43,10.47,3.24,1.14,3.82,112.61,5.3,72.9,53.5,58.2,53.9,34.0,56.2,B,C,C+,C,C+,58.7,Epic,True,False,1,bbref_war
giolilu01,giolilu01,Lucas Giolito,Modern Era (2016-Pres),2021,2019,2016,2025,CHW,CHW,SP,206,204,0,1158.6666666666667,71,66,1198,441,183.0,16.14,9.91,3.16,1.39,3.92,121.37,5.84,66.2,55.7,63.9,60.4,12.3,49.8,B,C+,B-,B-,C,58.6,Epic,True,False,1,bbref_war
clevimi01,clevimi01,Mike Clevinger,Modern Era (2016-Pres),2019,2018,2016,2025,CLE,CLE,SP,164,142,0,809.6666666666666,60,44,822,299,98.0,17.61,9.18,3.22,1.07,3.45,128.62,5.6,57.5,54.1,68.6,57.5,39.8,57.2,C+,C,B,C+,C+,58.5,Epic,False,False,0,bbref_war
phelpda01,phelpda01,David Phelps,Modern Era (2016-Pres),2017,2016,2012,2022,MIA,MIA,RP,367,67,7,682.6666666666666,34,40,666,273,71.0,7.73,9.03,3.64,0.84,3.31,187.18,23.44,55.7,41.9,106.7,10.4,60.3,56.7,C+,C-,S,F,C+,58.5,Epic,False,False,0,bbref_war
devench02,devench02,Chris Devenski,Modern Era (2016-Pres),2019,2016,2016,2025,HOU,HOU,RP,316,8,8,416.6666666666667,27,22,429,116,59.0,4.91,9.4,2.37,1.11,3.41,131.61,38.67,60.0,78.6,70.5,7.3,36.3,62.0,B-,B+,B,F,B-,58.3,Epic,True,False,1,bbref_war
happja01,happja01,J. A. Happ,Modern Era (2016-Pres),2016,2016,2007,2021,TOR,TOR,SP,354,328,0,1893.6666666666667,133,100,1661,668,261.0,20.86,7.97,2.88,1.18,3.6,134.5,5.89,43.0,63.8,72.4,60.9,30.5,57.1,C-,B-,B,B-,C+,58.3,Epic,True,False,1,bbref_war
richaga01,richaga01,Garrett Richards,Modern Era (2016-Pres),2016,2014,2011,2022,LAA,LAA,SP,259,152,6,984.0,55,50,853,364,93.0,10.05,8.04,3.09,0.73,3.42,130.39,5.97,43.8,57.9,69.8,61.9,69.2,52.8,C-,C+,B,B-,C,58.3,Epic,False,False,0,bbref_war
thompry02,thompry02,Ryan Thompson,Modern Era (2016-Pres),2022,2024,2020,2025,TB,TB,RP,254,1,8,241.33333333333334,18,16,208,64,23.0,2.08,7.76,2.39,0.86,3.54,160.13,26.33,40.4,78.2,89.1,2.9,58.5,59.9,C-,B+,A,F,C+,58.3,Epic,False,False,0,bbref_war
civalaa01,civalaa01,Aaron Civale,Modern Era (2016-Pres),2022,2023,2019,2025,CLE,CLE,SP,140,135,1,738.3333333333334,43,44,665,203,109.0,6.81,8.11,2.47,1.33,4.14,118.85,5.55,44.6,75.6,62.3,57.0,17.7,62.8,C-,B+,B-,C+,B-,58.2,Epic,False,False,0,bbref_war
marquge01,marquge01,German Marquez,Modern Era (2016-Pres),2020,2018,2016,2025,COL,COL,SP,203,200,0,1146.3333333333333,68,72,1069,354,165.0,15.84,8.75,2.68,1.26,4.39,112.98,5.79,52.3,69.8,58.4,59.7,24.0,58.7,C,B,C+,C+,C+,58.2,Epic,True,False,1,bbref_war
pukaj01,pukaj01,A. J. Puk,Modern Era (2016-Pres),2022,2024,2019,2025,OAK,OAK,RP,212,4,26,227.0,17,20,283,77,26.0,3.56,11.22,3.05,1.03,3.53,131.8,17.83,81.8,58.9,70.7,4.3,43.5,51.0,A-,C+,B,F,C,58.2,Epic,False,False,0,bbref_war
wachami01,wachami01,Michael Wacha,Modern Era (2016-Pres),2022,2024,2013,2025,STL,STL,SP,309,288,0,1627.3333333333333,111,75,1416,503,194.0,18.46,7.78,2.63,0.94,3.51,120.06,5.89,40.7,71.1,63.0,60.9,51.2,55.8,C-,B,B-,B-,C+,58.2,Epic,True,False,1,bbref_war
kellyme01,kellyme01,Merrill Kelly,Modern Era (2016-Pres),2022,2023,2019,2025,ARI,ARI,SP,172,172,0,1008.3333333333334,65,53,911,300,130.0,16.6,8.13,2.68,1.16,3.77,119.74,5.89,44.9,69.8,62.8,61.0,32.3,58.5,C-,B,B-,B-,C+,58.1,Epic,False,False,0,bbref_war
paganem01,paganem01,Emilio Pagan,Modern Era (2016-Pres),2020,2019,2017,2025,SDP,SDP,RP,477,2,65,506.6666666666667,28,27,581,147,85.0,7.13,10.13,2.44,1.35,3.34,130.67,53.67,68.8,76.7,69.9,4.5,16.0,55.5,B,B+,B,F,C+,58.1,Epic,False,False,0,bbref_war
harvema01,harvema01,Matt Harvey,Modern Era (2016-Pres),2016,2013,2012,2021,NYM,NYM,SP,180,172,0,966.3333333333334,50,66,867,274,124.0,11.77,8.51,2.29,1.01,3.82,99.95,5.46,49.4,80.9,50.0,55.8,45.1,47.0,C,A-,C,C+,C,58.0,Epic,True,False,1,bbref_war
archech01,archech01,Chris Archer,Modern Era (2016-Pres),2016,2015,2012,2022,TB,TB,SP,243,240,0,1357.0,63,89,1454,476,165.0,13.72,9.8,3.04,1.1,3.84,104.5,5.8,64.8,59.4,52.9,59.9,37.8,55.1,B-,C+,C,C+,C+,57.9,Epic,True,False,2,bbref_war
nerishe01,nerishe01,Hector Neris,Modern Era (2016-Pres),2019,2023,2014,2025,PHI,PHI,RP,643,0,107,627.3333333333334,46,43,775,243,83.0,10.31,10.93,3.25,1.11,3.0,146.76,,78.3,53.3,80.4,3.6,36.8,51.0,B+,C,A-,F,C,57.9,Rare,False,False,0,bbref_war
sorokmi01,sorokmi01,Mike Soroka,Modern Era (2016-Pres),2022,2019,2018,2025,ATL,ATL,SP,91,69,0,415.6666666666667,20,26,379,140,49.0,6.92,8.21,3.03,1.06,3.85,132.24,5.87,45.8,59.6,71.0,60.7,40.9,53.5,C,C+,B,B-,C,57.9,Epic,True,False,1,bbref_war
heanean01,heanean01,Andrew Heaney,Modern Era (2016-Pres),2020,2018,2014,2025,LAA,LAA,SP,230,208,0,1136.6666666666667,56,72,1156,339,199.0,8.4,9.42,2.63,1.36,4.11,103.98,5.48,60.3,71.1,52.6,56.1,15.1,52.4,B-,B,C,C+,C,57.8,Rare,False,False,0,bbref_war
kellebr01,kellebr01,Brad Keller,Modern Era (2016-Pres),2022,2018,2018,2025,KCR,KCR,SP,234,117,5,790.0,42,59,613,340,75.0,10.68,6.76,3.78,0.78,3.88,126.86,17.24,28.5,37.8,67.5,125.0,65.1,47.7,D,D+,B,S,C,57.8,Rare,False,False,0,bbref_war
leblawa01,leblawa01,Wade LeBlanc,Modern Era (2016-Pres),2016,2018,2008,2021,SDP,SDP,SP,258,129,3,931.3333333333334,46,49,671,283,150.0,5.71,6.63,2.41,1.32,3.91,127.97,6.98,27.0,77.5,68.2,73.7,18.9,51.8,D,B+,B,B,C,57.8,Rare,False,False,0,bbref_war
blachty01,blachty01,Ty Blach,Modern Era (2016-Pres),2019,2017,2016,2024,SFG,SFG,SP,156,70,1,520.0,23,33,293,159,70.0,0.71,5.07,2.75,1.21,5.42,119.87,12.3,8.4,67.6,62.9,125.0,27.9,55.8,F,B,B-,S,C+,57.7,Rare,False,False,0,bbref_war
couloda01,couloda01,Danny Coulombe,Modern Era (2016-Pres),2022,2025,2014,2025,MIN,MIN,RP,343,2,5,316.6666666666667,17,10,312,115,31.0,5.26,8.93,3.0,0.83,3.13,164.83,38.67,54.5,60.5,92.1,2.5,60.7,49.5,C,B-,A,F,C,57.7,Rare,False,False,0,bbref_war
peralwi01,peralwi01,Wily Peralta,Modern Era (2016-Pres),2016,2014,2012,2022,MIL,MIL,SP,258,139,16,911.3333333333334,56,61,660,361,110.0,7.58,6.5,3.38,1.06,3.84,122.19,11.09,25.4,49.4,64.4,122.0,41.3,51.1,D,C,B-,S,C,57.7,Rare,False,False,0,bbref_war
romanjo03,romanjo03,Jordan Romano,Modern Era (2016-Pres),2022,2022,2019,2025,TOR,TOR,RP,280,0,113,272.3333333333333,22,21,332,105,37.0,6.03,10.97,3.47,1.22,3.73,154.98,,78.8,46.9,85.7,3.2,26.9,61.5,B+,C,A,F,B-,57.7,Epic,True,False,2,bbref_war
bleieri01,bleieri01,Richard Bleier,Modern Era (2016-Pres),2019,2018,2016,2023,BAL,BAL,RP,335,2,5,330.3333333333333,15,6,187,54,24.0,5.88,5.14,1.47,0.57,3.06,157.36,53.0,9.1,104.6,87.3,3.2,83.4,51.4,F,S,A,F,C,57.5,Rare,False,False,0,bbref_war
montgjo01,montgjo01,Jordan Montgomery,Modern Era (2016-Pres),2020,2023,2017,2024,NYY,NYY,SP,166,161,1,872.0,46,41,788,251,104.0,12.46,8.4,2.47,1.07,3.68,108.3,5.0,48.2,75.9,55.4,50.5,39.9,60.6,C,B+,C+,C,B-,57.5,Rare,False,False,0,bbref_war
rodried05,rodried05,Eduardo Rodriguez,Modern Era (2016-Pres),2018,2019,2015,2025,BOS,BOS,SP,241,235,0,1304.6666666666667,94,66,1297,455,167.0,17.48,9.23,3.05,1.09,4.03,112.69,5.63,58.0,59.0,58.3,57.9,38.6,59.5,C+,C+,C+,C+,C+,57.4,Rare,False,False,0,bbref_war
suarero01,suarero01,Robert Suarez,Modern Era (2016-Pres),2024,2025,2022,2025,SDP,SDP,RP,207,0,77,210.0,22,13,219,63,21.0,5.8,9.39,2.7,0.9,2.91,140.42,,59.9,69.1,76.3,3.6,54.9,55.3,C+,B,B+,F,C+,57.4,Epic,True,False,2,bbref_war
gonsoto01,gonsoto01,Tony Gonsolin,Modern Era (2016-Pres),2022,2022,2019,2025,LAD,LAD,SP,86,78,1,411.6666666666667,37,13,387,149,53.0,7.5,8.46,3.26,1.16,3.34,136.81,5.42,48.8,53.0,73.9,55.4,32.5,66.8,C,C,B,C+,B,57.2,Rare,True,False,1,bbref_war
helslry01,helslry01,Ryan Helsley,Modern Era (2016-Pres),2022,2024,2019,2025,STL,STL,RP,297,0,105,319.6666666666667,31,18,377,132,30.0,7.31,10.61,3.72,0.84,2.96,157.72,,74.6,39.7,87.5,4.4,59.7,62.3,B,D+,A,F,B-,57.2,Epic,True,False,2,bbref_war
lugose01,lugose01,Seth Lugo,Modern Era (2016-Pres),2022,2024,2016,2025,NYM,NYM,RP,360,123,16,993.0,64,47,954,276,122.0,15.74,8.54,2.47,1.06,3.26,129.15,9.15,49.7,75.8,68.9,25.8,41.3,53.8,C,B+,B,D,C,57.2,Rare,True,False,1,bbref_war
wrighst01,wrighst01,Steven Wright,Modern Era (2016-Pres),2016,2016,2013,2019,BOS,BOS,SP,81,44,1,347.6666666666667,24,16,271,132,43.0,3.04,7.02,3.42,1.11,3.86,107.99,11.19,31.6,48.4,55.2,123.2,36.4,61.7,D,C,C+,S,B-,57.2,Rare,True,False,1,bbref_war
ottavad01,ottavad01,Adam Ottavino,Modern Era (2016-Pres),2018,2018,2010,2025,COL,COL,RP,727,3,46,744.6666666666666,41,43,862,330,72.0,12.82,10.39,3.68,0.78,2.94,162.52,,71.9,40.7,90.6,4.4,64.9,47.1,B,C-,A,F,C,57.1,Rare,False,False,0,bbref_war
desclan01,desclan01,Anthony DeSclafani,Modern Era (2016-Pres),2019,2021,2014,2025,CIN,CIN,SP,193,173,2,981.3333333333334,55,58,866,263,146.0,12.11,8.02,2.39,1.32,4.0,104.76,6.23,43.6,78.0,53.1,64.9,18.8,53.5,C-,B+,C,B-,C,57.0,Rare,False,False,0,bbref_war
grayjo02,grayjo02,Jon Gray,Modern Era (2016-Pres),2019,2019,2015,2025,COL,COL,SP,234,223,0,1230.6666666666667,75,71,1223,407,160.0,14.65,9.25,3.03,1.17,4.32,111.2,5.53,58.3,59.6,57.3,56.7,31.8,59.6,C+,C+,C+,C+,C+,56.9,Rare,False,False,0,bbref_war
fiersmi01,fiersmi01,Mike Fiers,Modern Era (2016-Pres),2016,2018,2011,2021,MIL,MIL,SP,218,199,0,1151.0,75,64,995,340,184.0,14.83,7.72,2.47,1.31,3.79,115.38,5.9,40.0,75.7,60.0,61.0,19.6,52.2,C-,B+,B-,B-,C,56.7,Rare,False,False,0,bbref_war
duffety01,duffety01,Tyler Duffey,Modern Era (2016-Pres),2020,2015,2015,2024,MIN,MIN,RP,305,37,6,486.0,30,27,479,145,67.0,4.19,9.73,2.98,0.89,3.42,138.14,5.8,64.0,61.1,74.8,6.9,56.0,55.6,B-,B-,B,F,C+,56.6,Rare,False,False,0,bbref_war
jaxgr01,jaxgr01,Griffin Jax,Modern Era (2016-Pres),2023,2024,2021,2025,MIN,MIN,RP,299,16,15,356.6666666666667,23,31,405,104,46.0,3.84,10.22,2.62,1.16,4.04,121.94,19.43,69.8,71.3,64.3,5.7,32.3,55.2,B,B,B-,F,C+,56.6,Rare,False,False,0,bbref_war
abbotan01,abbotan01,Andrew Abbott,Modern Era (2016-Pres),2024,2025,2023,2025,CIN,CIN,SP,75,75,0,413.6666666666667,28,23,383,139,60.0,11.71,8.33,3.02,1.31,3.42,132.7,5.49,47.3,59.8,71.3,56.2,19.8,49.7,C,C+,B,C+,C,56.5,Rare,True,False,1,bbref_war
kahnlto01,kahnlto01,Tommy Kahnle,Modern Era (2016-Pres),2020,2017,2014,2025,NYY,NYY,RP,456,0,17,436.6666666666667,11,19,502,204,48.0,5.51,11.6,3.59,0.98,2.79,135.72,,86.3,43.5,73.2,2.3,48.1,57.9,A,C-,B,F,C+,56.4,Rare,False,False,0,bbref_war
baezpe01,baezpe01,Pedro Baez,Modern Era (2016-Pres),2017,2016,2014,2022,LAD,LAD,RP,362,0,3,362.6666666666667,21,15,376,124,40.0,3.72,9.46,2.99,1.0,3.01,144.42,,60.8,60.8,78.9,3.6,46.6,65.3,B-,B-,B+,F,B,56.3,Rare,False,False,0,bbref_war
kellyke02,kellyke02,Kevin Kelly,Modern Era (2016-Pres),2024,2024,2023,2025,TB,TB,RP,166,0,2,177.33333333333334,12,9,154,33,20.0,1.52,7.82,1.67,1.02,3.55,118.72,,41.1,98.8,62.2,4.3,44.9,54.7,C-,A+,B-,F,C,56.2,Rare,False,False,0,bbref_war
boydma01,boydma01,Matt Boyd,Modern Era (2016-Pres),2019,2019,2015,2025,DET,DET,SP,213,199,0,1088.0,60,77,1045,336,176.0,13.83,8.7,2.65,1.35,4.22,109.23,5.44,51.6,70.5,56.0,55.7,15.8,46.3,C,B,C+,C+,C,56.0,Rare,True,False,1,bbref_war
ceasedy01,ceasedy01,Dylan Cease,Modern Era (2016-Pres),2022,2022,2019,2025,CHW,CHW,SP,188,188,0,1015.3333333333334,65,58,1231,430,121.0,16.71,10.91,3.81,1.07,3.88,113.02,5.34,78.1,37.0,58.5,54.4,39.9,48.8,B+,D+,C+,C,C,56.0,Rare,False,False,0,bbref_war
kelake01,kelake01,Keone Kela,Modern Era (2016-Pres),2018,2015,2015,2021,TEX,TEX,RP,243,0,28,227.33333333333334,23,13,279,86,26.0,5.05,11.05,3.4,1.03,3.33,137.95,,79.7,48.8,74.7,2.7,43.7,50.4,B+,C,B,F,C,55.9,Rare,False,False,0,bbref_war
norrida01,norrida01,Daniel Norris,Modern Era (2016-Pres),2017,2019,2014,2023,DET,DET,SP,215,86,1,582.3333333333334,22,38,545,225,90.0,6.6,8.13,3.05,1.33,4.46,102.81,8.64,44.9,58.9,51.8,93.2,17.8,43.5,C-,C+,C,A,C-,55.9,Rare,False,False,0,bbref_war
okertst01,okertst01,Steven Okert,Modern Era (2016-Pres),2022,2025,2016,2025,SFG,SFG,RP,340,4,2,301.3333333333333,18,13,337,115,39.0,4.13,10.33,3.41,1.18,3.51,153.53,45.44,71.2,48.5,84.8,2.6,30.5,56.7,B,C,A-,F,C+,55.9,Rare,False,False,0,bbref_war
rondohe01,rondohe01,Hector Rondon,Modern Era (2016-Pres),2016,2015,2013,2020,CHC,CHC,RP,444,1,92,436.0,24,20,441,134,50.0,5.53,9.04,2.66,0.95,3.29,135.01,60.67,55.8,70.3,72.8,3.3,50.4,61.4,C+,B,B,F,B-,55.8,Rare,False,False,0,bbref_war
duffyda01,duffyda01,Danny Duffy,Modern Era (2016-Pres),2017,2016,2011,2021,KCR,KCR,SP,234,204,1,1172.3333333333333,68,68,1048,432,144.0,18.54,8.02,3.07,1.1,3.76,125.55,5.85,43.5,58.4,66.6,60.5,37.7,52.2,C-,C+,B,B-,C,55.7,Rare,False,False,0,bbref_war
jonesna01,jonesna01,Nate Jones,Modern Era (2016-Pres),2016,2012,2012,2021,CHW,CHW,RP,325,0,9,329.0,22,16,355,128,40.0,6.31,9.82,3.31,0.86,3.0,149.49,,65.1,51.6,82.2,3.9,57.9,47.1,B,C,A-,F,C,55.6,Rare,False,False,0,bbref_war
paddach01,paddach01,Chris Paddack,Modern Era (2016-Pres),2022,2019,2019,2025,MIN,MIN,SP,119,110,1,581.6666666666666,32,36,529,126,98.0,3.43,8.19,1.95,1.52,4.64,90.85,5.09,45.5,90.8,44.0,51.6,1.5,53.7,C,A,C-,C,C,55.6,Rare,False,False,0,bbref_war
manoaal01,manoaal01,Alek Manoah,Modern Era (2016-Pres),2022,2022,2021,2024,TOR,TOR,SP,75,75,0,420.0,29,20,412,158,48.0,7.35,8.83,3.39,1.03,3.34,124.04,5.35,53.2,49.3,65.6,54.5,43.7,61.8,C,C,B,C,B-,55.5,Rare,True,False,1,bbref_war
vesiaal01,vesiaal01,Alex Vesia,Modern Era (2016-Pres),2022,2024,2020,2025,LAD,LAD,RP,300,1,13,274.3333333333333,19,13,369,125,34.0,4.1,12.11,4.1,1.12,2.92,144.4,49.67,92.4,28.6,78.9,2.5,36.2,64.2,A,D,B+,F,B-,55.4,Rare,False,False,0,bbref_war
kinlety01,kinlety01,Tyler Kinley,Modern Era (2016-Pres),2022,2025,2018,2025,COL,COL,RP,342,0,21,331.3333333333333,19,14,342,160,41.0,3.35,9.24,4.27,1.1,4.5,205.25,,58.2,23.7,118.4,3.2,37.9,56.4,C+,D-,S,F,C+,55.3,Rare,False,False,0,bbref_war
megiltr01,megiltr01,Trevor Megill,Modern Era (2016-Pres),2023,2025,2021,2025,MIL,MIL,RP,196,2,51,196.66666666666666,13,11,241,68,20.0,1.61,11.03,3.11,0.92,3.98,114.6,17.33,79.5,57.2,59.5,3.5,53.6,60.4,B+,C+,C+,F,B-,55.3,Rare,True,False,1,bbref_war
mileywa01,mileywa01,Wade Miley,Modern Era (2016-Pres),2018,2021,2011,2025,ARI,ARI,SP,320,312,0,1757.3333333333333,109,99,1368,611,198.0,17.71,6.67,2.75,0.89,3.59,125.59,5.72,27.5,67.7,66.6,59.0,55.7,63.7,D,B,B,C+,B-,55.3,Rare,True,False,1,bbref_war
rogertr01,rogertr01,Trevor Rogers,Modern Era (2016-Pres),2022,2025,2020,2025,MIA,MIA,SP,102,102,0,520.0,24,37,521,195,48.0,9.58,9.02,3.38,0.83,3.82,121.21,4.92,55.5,49.6,63.8,49.6,60.9,51.4,C+,C,B-,C,C,55.3,Rare,True,False,1,bbref_war
estraje01,estraje01,Jeremiah Estrada,Modern Era (2016-Pres),2024,2024,2022,2025,SDP,SDP,RP,156,0,4,150.33333333333334,10,8,223,65,21.0,2.36,13.35,3.89,1.26,3.47,117.23,,107.2,34.7,61.2,3.1,23.9,54.1,S,D,B-,F,C,55.1,Rare,False,False,0,bbref_war
kingmi01,kingmi01,Mike King,Modern Era (2016-Pres),2022,2024,2019,2025,NYY,NYY,RP,161,64,7,494.6666666666667,31,29,559,172,53.0,10.8,10.17,3.13,0.96,3.24,110.05,7.91,69.3,56.7,56.5,27.8,49.3,56.2,B,C+,C+,D,C+,55.1,Rare,False,False,0,bbref_war
mayzati01,mayzati01,Tim Mayza,Modern Era (2016-Pres),2021,2023,2017,2025,TOR,TOR,RP,382,0,4,318.3333333333333,20,9,319,104,35.0,4.32,9.5,2.91,0.98,3.49,135.94,,61.3,63.2,73.4,1.5,48.0,58.4,B-,B-,B,F,C+,55.0,Rare,False,False,0,bbref_war
sengako01,sengako01,Kodai Senga,Modern Era (2016-Pres),2024,2023,2023,2025,NYM,NYM,SP,52,52,0,285.0,20,13,320,133,30.0,6.69,10.11,4.2,0.95,3.0,132.88,5.41,68.5,25.8,71.4,55.2,50.8,52.6,B,D,B,C+,C,54.9,Rare,True,False,1,bbref_war
sewalpa01,sewalpa01,Paul Sewald,Modern Era (2016-Pres),2022,2021,2017,2025,NYM,NYM,RP,381,0,86,396.0,21,26,470,132,58.0,4.51,11.06,2.83,1.32,3.61,112.01,,79.9,65.3,57.8,3.6,18.3,53.5,B+,B,C+,F,C,54.9,Rare,False,False,0,bbref_war
singebr01,singebr01,Brady Singer,Modern Era (2016-Pres),2022,2022,2020,2025,KCR,KCR,SP,159,156,0,855.0,50,56,808,274,101.0,12.12,8.51,2.88,1.06,4.23,106.57,5.49,49.4,63.8,54.3,56.2,40.7,51.8,C,B-,C,C+,C,54.9,Rare,False,False,0,bbref_war
odorija01,odorija01,Jake Odorizzi,Modern Era (2016-Pres),2016,2019,2012,2022,TB,TB,SP,241,237,1,1253.3333333333333,74,69,1172,427,171.0,13.69,8.64,2.97,1.12,3.87,105.72,5.65,50.9,61.4,53.7,58.1,36.0,56.3,C,B-,C,C+,C+,54.8,Rare,True,False,1,bbref_war
walketa01,walketa01,Taijuan Walker,Modern Era (2016-Pres),2020,2022,2013,2025,SEA,SEA,SP,251,230,1,1278.0,77,71,1088,434,186.0,12.79,7.67,3.06,1.11,3.87,127.48,5.83,39.4,58.9,67.9,60.2,36.3,48.1,D+,C+,B,B-,C,54.8,Rare,True,False,1,bbref_war
bendean01,bendean01,Anthony Bender,Modern Era (2016-Pres),2023,2025,2021,2025,MIA,MIA,RP,192,1,14,183.66666666666666,12,12,189,67,14.0,4.43,9.26,3.28,0.69,3.04,147.46,61.33,58.4,52.3,80.8,3.0,73.4,54.5,C+,C,A-,F,C,54.7,Rare,False,False,0,bbref_war
mikolmi01,mikolmi01,Miles Mikolas,Modern Era (2016-Pres),2019,2018,2012,2025,STL,STL,SP,241,213,0,1252.3333333333333,72,75,895,246,167.0,11.77,6.47,1.77,1.17,3.92,90.52,5.83,25.1,96.1,43.8,60.2,31.7,56.0,D,A+,C-,B-,C+,54.7,Rare,True,False,2,bbref_war
montafr01,montafr02,Frankie Montas,Modern Era (2016-Pres),2021,2021,2015,2025,OAK,OAK,SP,169,136,0,783.0,47,48,792,277,104.0,8.43,9.06,3.0,1.04,3.82,93.73,5.94,56.0,60.4,45.9,61.5,43.0,50.6,C+,B-,C,B-,C,54.5,Rare,False,False,0,bbref_war
florody01,florody01,Dylan Floro,Modern Era (2016-Pres),2021,2018,2016,2024,MIA,MIA,RP,396,0,32,402.6666666666667,32,26,355,122,24.0,5.57,7.98,2.75,0.47,3.3,138.35,,43.1,67.6,74.9,3.6,92.3,57.6,C-,B,B,F,C+,54.4,Rare,False,False,0,bbref_war
foleyja01,foleyja01,Jason Foley,Modern Era (2016-Pres),2022,2023,2021,2024,DET,DET,RP,210,0,35,199.66666666666666,7,9,150,51,10.0,3.41,6.76,2.3,0.45,3.16,141.88,,28.5,80.7,77.2,2.9,93.8,54.4,D,A-,B+,F,C,54.4,Rare,False,False,0,bbref_war
givenmy01,givenmy01,Mychal Givens,Modern Era (2016-Pres),2018,2017,2015,2023,BAL,BAL,RP,425,1,31,461.6666666666667,32,24,539,191,54.0,8.47,10.58,3.62,1.01,3.39,143.22,61.33,74.2,42.6,78.1,4.6,45.1,53.7,B,C-,B+,F,C,54.4,Rare,False,False,0,bbref_war
martini01,martini01,Nick Martinez,Modern Era (2016-Pres),2022,2024,2014,2025,TEX,TEX,SP,280,129,9,940.0,48,59,670,289,130.0,11.14,6.53,2.7,1.22,4.09,108.04,8.02,25.8,69.2,55.2,85.9,27.3,51.9,D,B,C+,A,C,54.4,Rare,False,False,0,bbref_war
boxbebr01,boxbebr01,Brad Boxberger,Modern Era (2016-Pres),2017,2014,2012,2023,TB,TB,RP,506,0,84,477.6666666666667,31,38,581,233,63.0,5.2,11.47,3.78,1.12,2.91,137.09,,84.8,37.9,74.1,3.1,36.2,56.5,A-,D+,B,F,C+,54.3,Rare,True,False,1,bbref_war
smithwi04,smithwi04,Will Smith,Modern Era (2016-Pres),2018,2019,2012,2024,SFG,SFG,RP,618,17,114,652.3333333333334,33,45,748,238,84.0,6.36,10.69,3.25,1.16,3.55,126.92,5.6,75.5,53.1,67.5,5.0,32.3,58.2,B+,C,B,F,C+,54.3,Rare,True,False,1,bbref_war
rodriri05,rodriri05,Richard Rodriguez,Modern Era (2016-Pres),2019,2021,2017,2021,PIT,PIT,RP,228,0,19,228.0,16,14,230,60,34.0,4.74,9.08,2.37,1.34,3.28,124.59,,56.2,78.7,66.0,3.5,16.6,52.4,C+,B+,B,F,C,54.2,Rare,False,False,0,bbref_war
fieldjo03,fieldjo03,Josh Fields,Modern Era (2016-Pres),2016,2017,2013,2018,HOU,HOU,RP,288,0,13,276.3333333333333,17,12,312,91,30.0,1.78,10.16,2.96,0.98,3.71,117.65,,69.2,61.5,61.5,3.0,48.2,60.2,B,B-,B-,F,B-,53.9,Rare,False,False,0,bbref_war
tonkimi01,tonkimi01,Michael Tonkin,Modern Era (2016-Pres),2017,2015,2013,2025,MIN,MIN,RP,264,0,3,329.6666666666667,16,11,328,115,47.0,0.43,8.65,3.17,1.19,4.01,159.18,,51.1,55.4,88.5,7.0,30.1,51.0,C,C+,A,F,C,53.9,Rare,False,False,0,bbref_war
wislema01,wislema01,Matt Wisler,Modern Era (2016-Pres),2019,2020,2015,2022,ATL,ATL,RP,234,66,4,507.3333333333333,25,36,436,164,79.0,2.68,7.84,2.86,1.4,4.34,155.2,7.77,41.5,64.5,85.9,17.8,11.4,54.4,C-,B-,A,F,C,53.9,Rare,False,False,0,bbref_war
leclejo01,leclejo01,Jose Leclerc,Modern Era (2016-Pres),2019,2018,2016,2025,TEX,TEX,RP,360,3,41,369.3333333333333,12,21,481,205,32.0,7.29,11.77,5.15,0.67,3.03,174.9,22.89,88.3,1.0,98.7,3.8,74.4,51.0,A,F,A+,F,C,53.8,Rare,False,False,0,bbref_war
anderty01,anderty01,Tyler Anderson,Modern Era (2016-Pres),2021,2022,2016,2025,COL,COL,SP,231,223,0,1259.0,62,72,1045,415,184.0,17.59,7.48,2.73,1.31,3.99,113.97,5.72,37.1,68.2,59.1,58.9,19.4,55.3,D+,B,C+,C+,C+,53.7,Rare,True,False,2,bbref_war
chafian01,chafian01,Andrew Chafin,Modern Era (2016-Pres),2019,2021,2014,2025,ARI,ARI,RP,643,3,20,542.0,22,28,591,234,39.0,8.31,9.53,3.79,0.58,2.95,153.97,,61.7,37.6,85.1,1.5,82.5,65.6,B-,D+,A,F,B,53.7,Rare,False,False,0,bbref_war
brebbjo01,brebbjo01,John Brebbia,Modern Era (2016-Pres),2021,2022,2017,2025,STL,STL,RP,376,21,4,378.3333333333333,16,22,414,121,50.0,3.42,9.84,2.76,1.14,3.8,118.22,5.01,65.3,67.3,61.8,3.5,34.0,55.6,B,B,B-,F,C+,53.6,Rare,False,False,0,bbref_war
parkebl01,parkebl01,Blake Parker,Modern Era (2016-Pres),2018,2017,2012,2021,CHC,CHC,RP,350,3,34,345.3333333333333,16,11,383,113,50.0,5.51,9.98,2.94,1.24,3.31,126.51,23.33,67.0,62.2,67.2,3.2,25.1,52.5,B,B-,B,F,C,53.5,Rare,False,False,0,bbref_war
teherju01,teherju01,Julio Teheran,Modern Era (2016-Pres),2016,2016,2011,2024,ATL,ATL,SP,255,248,0,1470.6666666666667,81,82,1260,492,203.0,20.31,7.89,3.03,1.16,3.64,112.1,6.01,42.0,59.6,57.9,62.3,32.3,52.8,C-,C+,C+,B-,C,53.5,Rare,True,False,2,bbref_war
willitr01,willitr01,Trevor Williams,Modern Era (2016-Pres),2021,2018,2016,2025,PIT,PIT,SP,219,178,1,1009.0,53,65,825,323,146.0,10.0,7.34,2.89,1.22,4.13,116.77,6.16,35.4,63.5,60.9,64.0,27.5,51.2,D+,B-,B-,B-,C,53.5,Rare,False,False,0,bbref_war
bradlar01,bradlar01,Archie Bradley,Modern Era (2016-Pres),2019,2017,2015,2023,ARI,ARI,RP,333,35,32,489.0,30,29,487,201,46.0,7.03,9.3,3.56,0.87,3.85,147.62,38.56,58.8,44.2,81.0,8.5,57.5,57.6,C+,C-,A-,F,C+,53.0,Rare,False,False,0,bbref_war
castidi01,castidi01,Diego Castillo,Modern Era (2016-Pres),2021,2021,2018,2024,TB,TB,RP,265,17,35,278.3333333333333,24,18,310,109,33.0,3.59,10.02,3.52,1.07,3.2,140.66,8.3,67.5,45.3,76.4,4.1,40.4,60.7,B,C,B+,F,B-,53.0,Rare,False,False,0,bbref_war
weavelu01,weavelu01,Luke Weaver,Modern Era (2016-Pres),2021,2024,2016,2025,ARI,ARI,RP,270,106,12,723.0,38,49,746,234,110.0,5.2,9.48,2.71,1.45,4.49,110.02,5.15,61.0,68.8,56.5,21.2,7.1,58.1,B-,B,C+,D-,C+,53.0,Rare,False,False,0,bbref_war
brashma01,brashma01,Matt Brash,Modern Era (2016-Pres),2023,2023,2022,2025,SEA,SEA,RP,170,5,8,168.66666666666666,14,11,227,80,10.0,2.36,12.11,4.27,0.53,3.31,122.33,10.13,92.5,23.8,64.5,3.4,86.6,54.8,A,D-,B-,F,C,52.8,Rare,False,False,0,bbref_war
ginkeke01,ginkeke01,Kevin Ginkel,Modern Era (2016-Pres),2022,2023,2019,2025,ARI,ARI,RP,267,0,16,259.0,22,12,283,98,24.0,1.14,9.83,3.41,0.83,3.86,132.47,,65.2,48.7,71.1,3.1,60.6,58.5,B,C,B,F,C+,52.7,Rare,False,False,0,bbref_war
gonzama02,gonzama02,Marco Gonzales,Modern Era (2016-Pres),2020,2019,2014,2024,SEA,SEA,SP,170,162,0,926.6666666666666,66,50,688,249,130.0,9.46,6.7,2.36,1.25,3.97,103.21,5.89,27.8,78.9,52.1,60.9,24.4,52.3,D,B+,C,B-,C,52.7,Rare,False,False,0,bbref_war
jimenjo02,jimenjo02,Joe Jimenez,Modern Era (2016-Pres),2021,2024,2017,2024,DET,DET,RP,425,0,23,391.0,20,27,488,145,50.0,2.84,11.4,3.29,1.11,4.06,109.18,,83.9,52.1,56.0,2.6,36.4,49.0,A-,C,C+,F,C,52.7,Rare,True,False,1,bbref_war
knebeco01,knebeco01,Corey Knebel,Modern Era (2016-Pres),2018,2017,2014,2022,MIL,MIL,RP,312,4,72,306.6666666666667,13,16,407,143,34.0,5.8,12.12,4.17,1.02,3.09,131.14,6.42,92.6,26.6,70.2,3.4,44.6,52.9,A,D,B,F,C,52.7,Rare,True,False,1,bbref_war
scottta01,scottta01,Tanner Scott,Modern Era (2016-Pres),2021,2024,2017,2025,BAL,BAL,RP,444,0,78,425.6666666666667,32,28,546,220,39.0,9.07,11.7,4.97,0.63,3.25,164.81,,87.6,3.6,92.1,3.0,78.5,49.1,A,F,A,F,C,52.7,Rare,True,False,1,bbref_war
alvarjo02,alvarjo02,Jose Alvarez,Modern Era (2016-Pres),2018,2018,2013,2022,LAA,LAA,RP,447,8,4,420.6666666666667,22,25,360,137,39.0,4.76,7.65,2.82,0.73,3.08,144.92,61.83,39.2,65.6,79.2,2.2,69.8,56.0,D+,B,B+,F,C+,52.6,Rare,False,False,0,bbref_war
kintzbr01,kintzbr01,Brandon Kintzler,Modern Era (2016-Pres),2016,2017,2010,2021,MIL,MIL,RP,483,1,61,478.3333333333333,24,24,335,129,47.0,7.72,5.99,2.18,0.73,2.93,146.29,,19.3,84.1,80.1,3.4,69.9,53.4,F,A-,A-,F,C,52.6,Rare,True,False,1,bbref_war
maytr01,maytr01,Trevor May,Modern Era (2016-Pres),2019,2015,2014,2023,MIN,MIN,RP,358,26,33,450.3333333333333,36,28,520,165,60.0,4.97,10.57,3.18,1.16,3.75,118.03,16.25,74.1,55.4,61.7,5.6,32.2,46.9,B,C+,B-,F,C,52.6,Rare,False,False,0,bbref_war
santito01,santito01,Tony Santillan,Modern Era (2016-Pres),2023,2025,2021,2025,CIN,CIN,RP,159,5,11,170.0,6,12,199,76,19.0,4.87,10.54,4.02,1.01,3.02,153.33,20.42,73.6,30.9,84.7,4.3,45.7,47.3,B,D,A-,F,C,52.6,Rare,False,False,0,bbref_war
vestwi01,vestwi01,Will Vest,Modern Era (2016-Pres),2023,2025,2021,2025,DET,DET,RP,272,6,28,285.3333333333333,15,13,284,93,18.0,3.61,8.96,2.93,0.57,3.56,119.38,21.79,54.8,62.4,62.6,4.1,83.7,56.9,C,B-,B-,F,C+,52.6,Rare,False,False,0,bbref_war
yarbrry01,yarbrry01,Ryan Yarbrough,Modern Era (2016-Pres),2022,2019,2018,2025,TB,TB,RP,215,76,4,832.0,56,41,654,196,112.0,6.31,7.14,2.25,1.16,4.01,107.96,11.29,33.0,82.2,55.2,34.7,32.6,62.8,D,A-,C+,D,B-,52.6,Rare,False,False,0,bbref_war
lawreju01,lawreju01,Justin Lawrence,Modern Era (2016-Pres),2023,2023,2021,2025,COL,COL,RP,199,0,14,211.66666666666666,13,12,211,118,17.0,-0.26,8.97,5.02,0.72,5.02,239.87,,54.9,2.1,125.0,4.2,70.2,57.9,C,F,S,F,C+,52.5,Rare,False,False,0,bbref_war
novaiv01,novaiv01,Ivan Nova,Modern Era (2016-Pres),2016,2013,2010,2020,NYY,NYY,SP,240,227,1,1347.6666666666667,90,77,963,368,185.0,13.28,6.27,2.3,1.17,4.13,104.38,5.99,22.6,80.7,52.8,62.1,31.1,52.4,D-,A-,C,B-,C,52.5,Rare,False,False,0,bbref_war
nunovi01,nunovi01,Vidal Nuno,Modern Era (2016-Pres),2016,2015,2013,2018,SEA,SEA,RP,155,42,0,377.0,8,21,312,105,65.0,3.75,7.45,2.51,1.55,4.06,139.3,20.0,36.7,74.7,75.5,20.3,1.0,54.5,D+,B,B+,D-,C,52.5,Rare,False,False,0,bbref_war
johnspi01,johnspi01,Pierce Johnson,Modern Era (2016-Pres),2022,2025,2017,2025,SDP,SDP,RP,330,2,16,315.6666666666667,21,24,379,141,38.0,3.46,11.35,3.94,1.09,3.51,133.75,29.33,83.3,33.4,71.9,2.6,38.3,59.3,A-,D,B,F,C+,52.4,Rare,False,False,0,bbref_war
kuhlch01,kuhlch01,Chad Kuhl,Modern Era (2016-Pres),2020,2017,2016,2024,PIT,PIT,SP,174,117,2,668.3333333333334,31,47,590,306,97.0,2.64,7.99,3.97,1.27,4.77,91.42,12.1,43.2,32.4,44.4,125.0,22.7,50.0,C-,D,C-,S,C,52.4,Rare,False,False,0,bbref_war
payamjo01,payamjo01,Joel Payamps,Modern Era (2016-Pres),2022,2023,2019,2025,MIL,MIL,RP,249,1,10,269.0,14,22,244,80,32.0,4.09,8.16,2.68,1.07,3.41,133.43,50.33,45.3,69.8,71.7,4.4,40.1,60.4,C,B,B,F,B-,52.4,Rare,False,False,0,bbref_war
hentgsa01,hentgsa01,Sam Hentges,Modern Era (2016-Pres),2022,2022,2021,2024,CLE,CLE,RP,168,12,1,206.66666666666666,7,8,223,74,18.0,1.36,9.71,3.22,0.78,4.18,120.01,5.72,63.8,54.0,63.0,6.2,64.9,58.7,B-,C,B-,F,C+,52.3,Rare,False,False,0,bbref_war
hergeji01,hergeji01,Jimmy Herget,Modern Era (2016-Pres),2022,2025,2019,2025,LAA,LAA,RP,188,3,9,238.33333333333334,8,11,222,73,24.0,5.87,8.38,2.76,0.91,3.17,127.04,39.22,47.9,67.5,67.6,6.6,54.3,52.1,C,B,B,F,C,52.1,Rare,False,False,0,bbref_war
kellemi03,kellemi03,Mitch Keller,Modern Era (2016-Pres),2022,2023,2019,2025,PIT,PIT,SP,165,163,0,878.0,42,65,837,299,103.0,7.56,8.58,3.06,1.06,4.51,99.51,5.13,50.3,58.6,49.7,51.9,41.4,52.2,C,C+,C,C,C,52.1,Rare,True,False,1,bbref_war
morejad01,morejad01,Adrian Morejon,Modern Era (2016-Pres),2022,2025,2019,2025,SDP,SDP,RP,185,9,5,212.33333333333334,23,11,214,61,21.0,3.37,9.07,2.59,0.89,3.43,106.84,5.04,56.1,72.4,54.4,5.2,55.7,56.8,C+,B,C,F,C+,52.1,Rare,True,False,1,bbref_war
banksta01,banksta01,Tanner Banks,Modern Era (2016-Pres),2024,2025,2022,2025,CHW,CHW,RP,199,6,4,253.66666666666666,11,9,239,71,30.0,2.91,8.48,2.52,1.06,3.65,120.43,41.28,49.1,74.4,63.3,6.7,40.6,46.0,C,B,B-,F,C,52.0,Rare,False,False,0,bbref_war
gaddihu01,gaddihu01,Hunter Gaddis,Modern Era (2016-Pres),2024,2024,2022,2025,CLE,CLE,RP,164,9,3,190.66666666666666,10,8,168,52,25.0,3.3,7.93,2.45,1.18,3.4,127.41,4.83,42.5,76.2,67.8,5.4,30.6,60.7,C-,B+,B,F,B-,52.0,Rare,False,False,0,bbref_war
misioja01,misioja01,Jacob Misiorowski,Modern Era (2016-Pres),2025,2025,2025,2025,MIL,MIL,SP,15,14,0,66.0,5,3,87,31,8.0,0.51,11.86,4.23,1.09,4.36,95.37,4.71,89.5,25.0,47.0,47.1,38.3,53.0,A,D,C,C,C,52.0,Rare,True,False,1,bbref_war
avilalu01,avilalu01,Luis Avilan,Modern Era (2016-Pres),2016,2013,2012,2021,ATL,ATL,RP,458,0,2,354.0,23,11,319,140,23.0,4.84,8.51,3.36,0.54,3.09,144.88,,49.4,50.1,79.2,1.0,85.6,55.0,C,C,B+,F,C+,51.9,Rare,False,False,0,bbref_war
ferguca01,ferguca01,Caleb Ferguson,Modern Era (2016-Pres),2022,2025,2018,2025,LAD,LAD,RP,333,14,6,327.0,24,17,365,129,32.0,1.51,10.05,3.55,0.88,3.66,129.85,20.12,67.8,44.5,69.4,3.3,56.5,63.6,B,C-,B,F,B-,51.9,Rare,False,False,0,bbref_war
alvarjo03,alvarjo03,Jose Alvarado,Modern Era (2016-Pres),2022,2018,2017,2025,PHI,PHI,RP,408,1,52,368.3333333333333,19,27,469,195,26.0,4.99,11.4,4.43,0.6,3.28,140.5,,83.9,19.2,76.3,2.4,80.8,50.2,A-,F,B+,F,C,51.8,Rare,False,False,0,bbref_war
kolarad01,kolarad01,Adam Kolarek,Modern Era (2016-Pres),2020,2019,2017,2023,TB,TB,RP,175,0,4,149.33333333333334,11,4,101,43,13.0,1.59,6.09,2.59,0.78,3.62,158.35,,20.5,72.3,87.9,1.8,65.0,62.0,D-,B,A,F,B-,51.8,Rare,False,False,0,bbref_war
litteza01,litteza01,Zack Littell,Modern Era (2016-Pres),2022,2025,2018,2025,MIN,MIN,RP,234,79,3,602.6666666666666,34,29,496,135,98.0,8.74,7.45,1.92,1.47,3.8,105.39,12.12,36.8,91.8,53.5,22.0,5.6,53.0,D+,A,C,D-,C,51.8,Rare,False,False,0,bbref_war
almonye01,almonye01,Yency Almonte,Modern Era (2016-Pres),2021,2022,2018,2024,COL,COL,RP,213,0,3,223.0,8,6,215,95,28.0,0.9,8.68,3.83,1.13,4.44,171.23,,51.4,36.3,96.3,4.0,34.9,65.4,C,D+,A+,F,B,51.6,Rare,False,False,0,bbref_war
freelky01,freelky01,Kyle Freeland,Modern Era (2016-Pres),2021,2018,2017,2025,COL,COL,SP,236,231,0,1260.3333333333333,65,90,944,392,180.0,20.27,6.73,2.82,1.15,4.25,116.88,5.52,28.2,65.6,61.0,56.6,33.4,55.5,D,B,B-,C+,C+,51.6,Rare,False,False,0,bbref_war
martibr01,martibr01,Brett Martin,Modern Era (2016-Pres),2020,2019,2019,2022,TEX,TEX,RP,187,3,3,189.33333333333334,8,15,152,59,18.0,1.36,7.23,2.8,0.86,3.85,148.4,40.58,34.1,66.1,81.5,3.6,58.7,54.3,D,B,A-,F,C,51.6,Rare,False,False,0,bbref_war
alexasc01,alexasc02,Scott Alexander,Modern Era (2016-Pres),2019,2017,2015,2025,LAD,LAD,RP,349,13,10,327.0,21,16,240,121,25.0,5.7,7.13,3.53,0.6,2.89,175.77,35.17,33.0,45.1,99.2,2.9,80.8,53.6,D,C,A+,F,C,51.5,Rare,False,False,0,bbref_war
bubickr01,bubickr01,Kris Bubic,Modern Era (2016-Pres),2022,2025,2020,2025,KCR,KCR,SP,117,80,1,471.6666666666667,19,36,444,190,57.0,5.61,8.47,3.63,1.09,4.14,119.35,5.49,49.0,42.4,62.6,56.2,38.6,52.6,C,C-,B-,C+,C,51.5,Rare,True,False,1,bbref_war
claudal01,claudal01,Alex Claudio,Modern Era (2016-Pres),2017,2017,2014,2023,TEX,TEX,RP,356,2,14,348.0,16,10,249,95,31.0,6.33,6.27,2.25,0.72,3.44,138.81,75.5,22.6,82.1,75.2,3.5,70.3,50.0,D-,A-,B+,F,C,51.5,Rare,False,False,0,bbref_war
moorema02,moorema02,Matt Moore,Modern Era (2016-Pres),2016,2013,2011,2024,TB,TB,SP,369,164,6,1142.6666666666667,71,66,1053,486,150.0,11.18,8.88,3.83,0.91,3.4,107.45,6.33,53.8,36.4,54.8,66.0,54.0,53.7,C,D+,C,B,C,51.5,Rare,True,False,1,bbref_war
davieza01,davieza02,Zach Davies,Modern Era (2016-Pres),2018,2017,2015,2023,MIL,MIL,SP,200,200,0,1048.3333333333333,60,58,785,365,135.0,10.74,6.59,2.76,1.1,3.84,113.0,5.47,26.5,67.3,58.4,56.0,37.5,60.6,D,B,C+,C+,B-,51.4,Rare,False,False,0,bbref_war
raleybr01,raleybr01,Brooks Raley,Modern Era (2016-Pres),2022,2023,2012,2025,NYM,NYM,RP,257,5,12,248.33333333333334,9,11,278,90,25.0,3.04,10.53,3.17,0.72,3.42,100.97,,73.5,55.4,50.6,2.2,70.2,54.1,B,C+,C,F,C,51.4,Rare,False,False,0,bbref_war
bassan01,bassan01,Anthony Bass,Modern Era (2016-Pres),2019,2022,2011,2023,TOR,TOR,RP,382,19,15,524.6666666666666,16,28,416,189,57.0,6.27,7.51,3.08,0.89,3.05,152.97,38.72,37.5,58.1,84.4,5.3,55.6,54.6,D+,C+,A-,F,C,51.3,Rare,False,False,0,bbref_war
familje01,familje01,Jeurys Familia,Modern Era (2016-Pres),2016,2015,2012,2023,NYM,NYM,RP,561,1,127,555.6666666666666,34,29,577,266,44.0,7.78,9.61,3.7,0.6,2.78,136.09,,62.6,40.3,73.5,3.6,80.4,52.1,B-,C-,B,F,C,51.3,Rare,True,False,1,bbref_war
quantca01,quantca01,Cal Quantrill,Modern Era (2016-Pres),2022,2021,2019,2025,CLE,CLE,SP,187,149,1,836.6666666666666,47,46,622,269,112.0,7.54,6.69,2.89,1.2,4.35,111.28,6.27,27.7,63.5,57.3,65.4,28.5,58.4,D,B-,C+,B,C+,51.3,Rare,False,False,0,bbref_war
morgael01,morgael01,Eli Morgan,Modern Era (2016-Pres),2023,2024,2021,2025,CLE,CLE,RP,168,19,1,272.6666666666667,18,13,266,73,46.0,1.06,8.78,2.41,1.52,4.19,108.48,35.81,52.7,77.5,55.5,10.8,1.3,61.6,C,B+,C+,F,B-,51.2,Rare,False,False,0,bbref_war
milneho01,milneho01,Hoby Milner,Modern Era (2016-Pres),2020,2023,2017,2025,MIL,MIL,RP,367,1,1,341.3333333333333,13,9,321,94,39.0,2.24,8.68,2.57,1.22,3.53,117.78,,51.5,72.8,61.6,2.1,27.0,58.8,C,B,B-,F,C+,51.1,Rare,False,False,0,bbref_war
sanchaa01,sanchaa01,Aaron Sanchez,Modern Era (2016-Pres),2017,2016,2014,2022,TOR,TOR,SP,174,113,3,685.0,38,38,541,292,72.0,9.26,7.2,3.99,0.92,3.93,147.97,5.74,33.8,31.9,81.2,59.2,53.0,57.6,D,D,A-,C+,C+,51.1,Rare,True,False,1,bbref_war
searsjp01,searsjp01,JP Sears,Modern Era (2016-Pres),2024,2023,2022,2025,OAK,OAK,SP,108,102,0,558.6666666666666,31,41,466,161,100.0,6.71,7.51,2.59,1.61,4.53,100.43,5.6,37.4,72.2,50.3,57.6,1.0,49.6,D+,B,C,C+,C,51.1,Rare,False,False,0,bbref_war
bundydy01,bundydy01,Dylan Bundy,Modern Era (2016-Pres),2018,2017,2012,2022,BAL,BAL,SP,190,162,0,910.6666666666666,54,65,852,285,163.0,7.8,8.43,2.75,1.57,4.6,86.29,5.94,48.5,67.5,41.1,61.5,1.0,48.4,C,B,C-,B-,C,51.0,Rare,False,False,0,bbref_war
smithsh02,smithsh02,Shane Smith,Modern Era (2016-Pres),2025,2025,2025,2025,CHW,CHW,SP,29,29,0,146.33333333333334,7,8,145,58,17.0,2.32,8.92,3.57,1.05,3.81,109.79,5.05,54.3,44.1,56.4,51.0,42.3,51.1,C,C-,C+,C,C,51.0,Rare,True,False,1,bbref_war
bedroca01,bedroca01,Cam Bedrosian,Modern Era (2016-Pres),2018,2016,2014,2021,LAA,LAA,RP,311,8,9,302.6666666666667,17,13,313,133,31.0,2.4,9.31,3.84,0.92,3.62,155.83,16.88,58.9,36.1,86.3,3.1,53.0,48.3,C+,D+,A,F,C,50.9,Rare,False,False,0,bbref_war
sandsco01,sandsco01,Cole Sands,Modern Era (2016-Pres),2024,2024,2022,2025,MIN,MIN,RP,157,6,8,195.66666666666666,13,10,198,57,21.0,1.52,9.11,2.62,0.97,4.19,102.22,17.11,56.6,71.4,51.4,6.4,49.2,52.2,C+,B,C,F,C,50.9,Rare,False,False,0,bbref_war
schrejo01,schrejo01,John Schreiber,Modern Era (2016-Pres),2022,2022,2019,2025,BOS,BOS,RP,272,2,12,259.0,15,12,273,92,25.0,4.22,9.49,3.2,0.87,3.65,122.01,23.33,61.1,54.8,64.3,2.9,57.6,50.0,B-,C,B-,F,C,50.9,Rare,False,False,0,bbref_war
stephtr01,stephtr01,Trevor Stephan,Modern Era (2016-Pres),2022,2022,2021,2023,CLE,CLE,RP,180,0,6,195.66666666666666,16,13,232,75,24.0,1.77,10.67,3.45,1.1,3.73,114.58,,75.2,47.5,59.5,4.5,37.2,55.8,B+,C,C+,F,C+,50.9,Rare,False,False,0,bbref_war
velasvi01,velasvi01,Vince Velasquez,Modern Era (2016-Pres),2018,2016,2015,2023,PHI,PHI,SP,191,144,0,763.6666666666666,38,51,822,307,126.0,5.25,9.64,3.51,1.26,4.63,91.75,5.86,62.9,45.8,44.6,60.5,24.1,46.5,B-,C,C-,B-,C,50.9,Rare,False,False,0,bbref_war
erceglu01,erceglu01,Lucas Erceg,Modern Era (2016-Pres),2024,2025,2023,2025,KCR,KCR,RP,172,0,16,178.0,14,14,188,70,8.0,2.77,9.51,3.54,0.4,3.54,123.75,,61.3,44.9,65.4,3.9,97.8,48.6,B-,C-,B,F,C,50.8,Rare,False,False,0,bbref_war
senzaan01,senzaan01,Antonio Senzatela,Modern Era (2016-Pres),2021,2020,2017,2025,COL,COL,SP,178,145,0,822.0,43,59,531,264,105.0,8.12,6.06,2.54,1.02,4.51,107.14,5.46,20.2,73.8,54.6,55.8,44.9,58.4,D-,B,C,C+,C+,50.7,Rare,False,False,0,bbref_war
swanser01,swanser01,Erik Swanson,Modern Era (2016-Pres),2022,2022,2019,2025,SEA,SEA,RP,246,11,10,266.0,11,16,281,74,49.0,1.65,9.51,2.5,1.66,4.2,102.09,26.19,61.3,74.8,51.4,4.4,1.0,61.5,B-,B,C,F,B-,50.7,Rare,False,False,0,bbref_war
cleavga01,cleavga01,Garrett Cleavinger,Modern Era (2016-Pres),2022,2025,2020,2025,TB,TB,RP,190,1,8,175.0,13,16,221,74,24.0,3.09,11.37,3.81,1.23,3.19,119.66,18.0,83.5,37.2,62.8,2.6,25.9,59.0,A-,D+,B-,F,C+,50.5,Rare,False,False,0,bbref_war
garciro04,garciro04,Robert Garcia,Modern Era (2016-Pres),2024,2025,2023,2025,WSH,WSH,RP,168,0,9,155.66666666666666,9,16,176,50,15.0,0.69,10.18,2.89,0.87,3.58,93.01,,69.3,63.6,45.5,2.6,57.7,53.1,B,B-,C,F,C,50.5,Rare,False,False,0,bbref_war
kikucyu01,kikucyu01,Yusei Kikuchi,Modern Era (2016-Pres),2022,2025,2019,2025,TOR,TOR,SP,199,187,1,988.0,48,58,1011,356,165.0,7.33,9.21,3.24,1.5,4.46,95.22,5.26,57.8,53.4,46.9,53.6,2.6,56.7,C+,C,C,C,C+,50.5,Rare,True,False,2,bbref_war
teperry01,teperry01,Ryan Tepera,Modern Era (2016-Pres),2018,2021,2015,2023,TOR,TOR,RP,373,1,18,365.3333333333333,19,20,366,132,46.0,5.13,9.22,3.24,1.03,3.41,129.38,,57.9,53.4,69.1,3.3,43.9,53.3,C+,C,B,F,C,50.5,Rare,False,False,0,bbref_war
flexech01,flexech01,Chris Flexen,Modern Era (2016-Pres),2021,2021,2017,2025,SEA,SEA,SP,174,111,3,691.3333333333334,35,50,488,258,106.0,4.4,6.33,3.36,1.24,4.48,81.33,12.34,23.3,50.0,37.9,125.0,25.6,51.6,D-,C,D+,S,C,50.4,Rare,False,False,0,bbref_war
mizeca01,mizeca01,Casey Mize,Modern Era (2016-Pres),2022,2021,2020,2025,DET,DET,SP,89,87,0,440.0,23,25,365,121,64.0,4.52,7.47,2.48,1.31,4.19,90.9,4.9,37.0,75.6,44.1,49.3,19.4,54.3,D+,B+,C-,C,C,50.3,Rare,True,False,1,bbref_war
wittgni01,wittgni01,Nick Wittgren,Modern Era (2016-Pres),2019,2019,2016,2023,MIA,MIA,RP,314,1,6,329.3333333333333,20,15,300,97,42.0,2.57,8.48,2.61,1.23,3.87,116.95,62.33,49.1,71.8,61.0,4.1,26.4,55.9,C,B,B-,F,C+,50.2,Rare,False,False,0,bbref_war
gorema01,gorema01,MacKenzie Gore,Modern Era (2016-Pres),2024,2025,2022,2025,WSH,WSH,SP,105,102,0,532.3333333333334,26,41,589,223,69.0,6.04,9.96,3.77,1.17,4.19,95.85,5.24,66.7,38.2,47.3,53.3,31.8,49.4,B,D+,C,C,C,50.1,Rare,True,False,1,bbref_war
estevca01,estevca01,Carlos Estevez,Modern Era (2016-Pres),2022,2024,2016,2025,COL,COL,RP,505,0,124,485.3333333333333,31,36,494,183,59.0,7.59,9.15,3.36,1.05,3.65,132.63,,57.0,50.1,71.2,3.1,42.0,57.2,C+,C,B,F,C+,50.0,Rare,True,False,2,bbref_war
gombeau01,gombeau01,Austin Gomber,Modern Era (2016-Pres),2022,2024,2018,2025,COL,COL,SP,168,124,0,705.6666666666666,35,47,539,220,120.0,4.11,6.87,2.81,1.53,5.08,108.4,5.98,29.9,66.1,55.5,62.0,1.0,56.0,D,B,C+,B-,C+,50.0,Rare,False,False,0,bbref_war
steckdr01,steckdr01,Drew Steckenrider,Modern Era (2016-Pres),2019,2021,2017,2022,MIA,MIA,RP,201,0,22,195.66666666666666,10,11,210,72,24.0,2.9,9.66,3.31,1.1,3.27,122.73,,63.2,51.4,64.8,3.2,37.2,55.2,B-,C,B-,F,C+,49.9,Rare,False,False,0,bbref_war
barlosc01,barlosc01,Scott Barlow,Modern Era (2016-Pres),2021,2022,2018,2025,KCR,KCR,RP,440,1,59,455.3333333333333,29,24,536,209,43.0,7.98,10.62,4.07,0.91,3.46,132.56,68.33,74.6,29.6,71.2,3.8,54.3,52.4,B,D,B,F,C,49.8,Rare,False,False,0,bbref_war
wilsoju10,wilsoju10,Justin Wilson,Modern Era (2016-Pres),2017,2013,2012,2025,CIN,CIN,RP,648,0,20,562.0,38,30,618,243,51.0,7.63,10.07,3.94,0.69,3.13,134.47,,68.0,33.4,72.4,2.2,73.4,47.7,B,D,B,F,C,49.8,Rare,False,False,0,bbref_war
middlke01,middlke01,Keynan Middleton,Modern Era (2016-Pres),2020,2023,2017,2023,LAA,LAA,RP,205,1,15,194.33333333333334,10,8,199,85,29.0,2.21,9.22,3.94,1.34,3.84,164.93,31.0,57.9,33.4,92.2,2.9,16.5,52.0,C+,D,A,F,C,49.7,Rare,False,False,0,bbref_war
vizcaar01,vizcaar01,Arodys Vizcaino,Modern Era (2016-Pres),2017,2017,2011,2022,ATL,ATL,RP,213,0,50,200.0,13,11,221,97,19.0,4.2,9.54,3.96,0.89,2.79,148.36,,61.7,32.7,81.4,2.9,55.5,50.4,B-,D,A-,F,C,49.7,Rare,False,False,0,bbref_war
barnema01,barnema01,Matt Barnes,Modern Era (2016-Pres),2019,2019,2014,2024,BOS,BOS,RP,467,3,47,466.3333333333333,33,30,586,214,53.0,4.66,12.07,4.34,0.95,3.91,116.25,,91.9,21.8,60.6,3.1,50.7,59.2,A,D-,B-,F,C+,49.5,Rare,True,False,1,bbref_war
housead01,housead01,Adrian Houser,Modern Era (2016-Pres),2020,2025,2015,2025,MIL,MIL,SP,173,125,1,733.6666666666666,40,44,576,282,73.0,7.64,7.4,3.25,0.91,3.72,101.19,5.6,36.2,53.1,50.8,57.5,53.7,62.3,D+,C,C,C+,B-,49.5,Rare,False,False,0,bbref_war
graveke01,graveke01,Kendall Graveman,Modern Era (2016-Pres),2017,2016,2014,2025,OAK,OAK,RP,299,80,24,669.6666666666666,38,43,503,232,79.0,10.92,6.79,2.99,0.99,3.68,143.38,5.68,28.9,60.7,78.2,18.6,46.9,45.7,D,B-,B+,F,C,49.4,Rare,False,False,0,bbref_war
lauerer01,lauerer01,Eric Lauer,Modern Era (2016-Pres),2021,2025,2018,2025,MIL,MIL,SP,148,127,0,701.3333333333334,45,39,669,256,111.0,5.89,8.59,3.29,1.42,4.13,93.92,5.59,50.3,52.2,46.0,57.3,9.4,61.7,C,C,C,C+,B-,49.3,Rare,False,False,0,bbref_war
peterda01,peterda01,David Peterson,Modern Era (2016-Pres),2022,2024,2020,2025,NYM,NYM,SP,131,115,0,622.6666666666666,37,30,614,262,62.0,6.75,8.87,3.79,0.9,4.12,102.08,5.37,53.8,37.7,51.3,54.8,55.2,53.2,C,D+,C,C,C,49.3,Rare,True,False,1,bbref_war
burkebr01,burkebr01,Brock Burke,Modern Era (2016-Pres),2023,2022,2019,2025,TEX,TEX,RP,214,8,0,264.3333333333333,21,12,249,78,40.0,3.26,8.48,2.66,1.36,3.88,115.98,33.37,49.0,70.4,60.4,6.2,14.9,52.0,C,B,B-,F,C,49.2,Rare,False,False,0,bbref_war
andrima01,andrima01,Matt Andriese,Modern Era (2016-Pres),2019,2016,2015,2024,TB,TB,RP,221,50,8,515.0,28,38,481,148,78.0,1.84,8.31,2.54,1.3,4.54,96.81,13.0,47.1,73.8,47.9,20.2,20.3,57.3,C,B,C,D-,C+,49.1,Rare,False,False,0,bbref_war
leonedo01,leonedo01,Dominic Leone,Modern Era (2016-Pres),2020,2017,2014,2024,SEA,SEA,RP,427,4,8,429.0,22,25,444,192,60.0,5.6,9.6,3.71,1.04,3.19,135.7,13.42,62.4,39.9,73.2,3.5,42.3,52.6,B-,D+,B,F,C,49.1,Rare,False,False,0,bbref_war
dovalca01,dovalca01,Camilo Doval,Modern Era (2016-Pres),2023,2022,2021,2025,SFG,SFG,RP,297,0,108,286.6666666666667,26,19,354,139,20.0,3.61,11.11,4.36,0.63,3.39,125.36,,80.5,21.0,66.5,3.1,78.5,51.6,A-,D-,B,F,C,49.0,Rare,True,False,1,bbref_war
matonph01,matonph01,Phil Maton,Modern Era (2016-Pres),2022,2025,2017,2025,SDP,SDP,RP,478,1,10,472.3333333333333,23,20,539,183,53.0,2.9,10.3,3.59,0.98,3.76,112.34,66.67,70.9,43.5,58.0,3.2,48.1,59.6,B,C-,C+,F,C+,49.0,Rare,False,False,0,bbref_war
loaisjo01,loaisjo01,Jonathan Loaisiga,Modern Era (2016-Pres),2021,2021,2018,2025,NYY,NYY,RP,193,11,8,249.33333333333334,19,12,232,82,27.0,4.68,8.72,2.82,1.07,3.4,106.27,7.25,51.9,65.8,54.1,8.3,39.9,54.6,C,B,C,F,C,48.9,Rare,False,False,0,bbref_war
strichu01,strichu01,Hunter Strickland,Modern Era (2016-Pres),2017,2017,2014,2025,SFG,SFG,RP,499,0,30,470.0,26,25,422,177,51.0,7.06,8.15,3.07,0.86,2.82,126.51,,45.1,58.6,67.2,2.9,58.3,56.0,C,C+,B,F,C+,48.9,Rare,False,False,0,bbref_war
anderch01,anderch01,Chase Anderson,Modern Era (2016-Pres),2017,2017,2014,2024,MIL,MIL,SP,247,201,4,1107.3333333333333,59,58,923,380,182.0,10.41,7.49,3.0,1.39,4.07,99.92,5.33,37.2,60.6,49.9,54.3,12.2,62.9,D+,B-,C,C,B-,48.8,Rare,False,False,0,bbref_war
gibsoky01,gibsoky01,Kyle Gibson,Modern Era (2016-Pres),2018,2021,2013,2025,MIN,MIN,SP,334,328,0,1878.0,112,111,1520,664,233.0,15.02,7.12,3.16,0.97,4.21,99.41,5.92,32.8,55.8,49.6,61.3,48.8,51.7,D,C+,C,B-,C,48.8,Rare,True,False,1,bbref_war
dunnida01,dunnida01,Dane Dunning,Modern Era (2016-Pres),2022,2023,2020,2025,TEX,TEX,SP,136,102,2,593.3333333333334,28,32,538,220,79.0,3.64,8.16,3.34,1.2,4.44,93.84,5.57,45.3,50.7,46.0,57.1,29.0,64.5,C,C,C,C+,B-,48.7,Rare,False,False,0,bbref_war
hugheja02,hugheja02,Jared Hughes,Modern Era (2016-Pres),2016,2018,2011,2020,PIT,PIT,RP,542,0,12,541.3333333333334,30,26,371,190,47.0,8.89,5.99,2.95,0.78,2.72,157.09,,19.4,61.9,87.1,3.3,65.7,55.5,F,B-,A,F,C+,48.7,Rare,False,False,0,bbref_war
kellyjo05,kellyjo05,Joe Kelly,Modern Era (2016-Pres),2017,2013,2012,2024,BOS,BOS,RP,485,81,7,839.0,54,38,767,355,73.0,6.89,7.34,3.48,0.75,3.6,142.78,7.58,35.5,46.6,77.8,15.1,68.2,60.3,D+,C,B+,F,B-,48.7,Rare,False,False,0,bbref_war
kremede01,kremede01,Dean Kremer,Modern Era (2016-Pres),2022,2022,2020,2025,BAL,BAL,SP,126,123,0,671.6666666666666,41,40,578,222,95.0,6.37,7.74,2.97,1.27,4.26,94.57,5.25,40.3,61.2,46.5,53.4,22.6,51.4,C-,B-,C,C,C,48.7,Rare,False,False,0,bbref_war
foltymi01,foltymi01,Mike Foltynewicz,Modern Era (2016-Pres),2018,2018,2014,2021,ATL,ATL,SP,166,142,0,825.0,46,54,752,275,136.0,7.2,8.23,3.0,1.45,4.38,88.31,5.28,46.1,60.5,42.4,53.8,7.2,57.9,C,B-,C-,C,C+,48.6,Rare,True,False,1,bbref_war
shawbr01,shawbr01,Bryan Shaw,Modern Era (2016-Pres),2016,2014,2011,2024,CLE,CLE,RP,796,2,19,764.3333333333334,43,46,681,299,82.0,7.11,8.3,3.25,0.82,3.27,130.7,,46.9,53.2,70.0,3.1,61.6,51.6,C,C,B,F,C,48.6,Rare,False,False,0,bbref_war
brachbr01,brachbr01,Brad Brach,Modern Era (2016-Pres),2016,2016,2011,2021,BAL,BAL,RP,531,0,34,552.6666666666666,38,29,589,264,57.0,6.57,9.49,3.95,0.94,3.12,139.16,,61.2,32.9,75.5,4.5,51.3,55.2,B-,D,B+,F,C+,48.4,Rare,True,False,1,bbref_war
chargjt01,chargjt01,J. T. Chargois,Modern Era (2016-Pres),2021,2021,2016,2024,SEA,SEA,RP,244,8,1,231.33333333333334,16,7,220,88,25.0,3.95,8.56,3.42,0.97,3.35,134.18,7.96,50.0,48.2,72.2,2.9,48.6,58.5,C,C,B,F,C+,48.4,Rare,False,False,0,bbref_war
shrevch01,shrevch01,Chasen Shreve,Modern Era (2016-Pres),2020,2021,2014,2024,NYY,NYY,RP,368,0,2,357.0,22,14,387,166,61.0,3.97,9.67,4.26,1.33,3.48,162.77,,63.2,24.0,90.8,3.5,17.3,49.3,B-,D-,A,F,C,48.4,Rare,False,False,0,bbref_war
alexaty01,alexaty01,Tyler Alexander,Modern Era (2016-Pres),2022,2021,2019,2025,DET,DET,RP,195,57,1,546.6666666666666,22,42,445,128,91.0,3.33,7.33,2.11,1.5,4.63,94.9,16.2,35.3,86.3,46.7,24.7,3.1,47.9,D+,A,C,D-,C,48.3,Rare,False,False,0,bbref_war
bettich01,bettich01,Chad Bettis,Modern Era (2016-Pres),2016,2015,2013,2019,COL,COL,SP,164,92,1,600.6666666666666,31,31,431,210,79.0,3.26,6.46,3.15,1.18,5.12,88.16,8.26,24.9,56.2,42.3,88.7,30.3,52.4,D-,C+,C-,A,C,48.3,Rare,False,False,0,bbref_war
lorenmi01,lorenmi01,Michael Lorenzen,Modern Era (2016-Pres),2022,2024,2015,2025,CIN,CIN,RP,395,119,15,996.0,54,55,826,387,125.0,10.84,7.41,3.24,1.14,3.77,129.78,9.89,36.3,53.6,69.4,25.9,34.5,56.7,D+,C,B,D,C+,48.3,Rare,True,False,1,bbref_war
reaco01,reaco01,Colin Rea,Modern Era (2016-Pres),2021,2024,2015,2025,MIL,MIL,SP,126,103,2,606.0,37,27,493,182,91.0,1.87,7.32,2.7,1.35,4.41,79.23,5.91,35.2,69.0,36.5,61.1,15.8,62.9,D+,B,D+,B-,B-,48.3,Rare,False,False,0,bbref_war
bushma01,bushma01,Matt Bush,Modern Era (2016-Pres),2020,2016,2016,2023,TEX,TEX,RP,217,6,15,211.0,12,11,227,72,33.0,1.76,9.68,3.07,1.41,3.75,107.88,9.94,63.4,58.4,55.1,3.2,10.9,59.0,B-,C+,C+,F,C+,48.2,Rare,False,False,0,bbref_war
sandopa02,sandopa02,Patrick Sandoval,Modern Era (2016-Pres),2022,2022,2019,2024,LAA,LAA,SP,107,100,1,536.0,19,45,529,236,55.0,6.21,8.88,3.96,0.92,4.01,104.34,5.39,53.9,32.6,52.8,55.1,52.8,49.9,C,D,C,C+,C,48.2,Rare,False,False,0,bbref_war
jackslu01,jackslu01,Luke Jackson,Modern Era (2016-Pres),2019,2021,2015,2025,ATL,ATL,RP,390,0,28,409.3333333333333,24,16,424,187,44.0,3.53,10.2,3.88,0.96,3.79,122.39,,69.6,35.1,64.6,3.8,50.1,54.8,B,D+,B-,F,C,48.1,Rare,False,False,0,bbref_war
lylesjo01,lylesjo01,Jordan Lyles,Modern Era (2016-Pres),2019,2019,2011,2024,COL,COL,SP,357,245,2,1509.0,72,107,1145,493,237.0,4.81,7.53,3.02,1.35,4.51,85.95,6.37,37.7,59.8,40.9,66.6,16.1,53.8,D+,C+,C-,B,C,48.1,Rare,False,False,0,bbref_war
sandlni01,sandlni01,Nick Sandlin,Modern Era (2016-Pres),2023,2022,2021,2025,CLE,CLE,RP,228,1,2,211.66666666666666,19,10,239,100,30.0,2.11,10.16,4.25,1.28,3.19,147.06,57.67,69.2,24.3,80.6,2.6,22.3,60.7,B,D-,A-,F,B-,48.1,Rare,False,False,0,bbref_war
cimbead01,cimbead01,Adam Cimber,Modern Era (2016-Pres),2021,2021,2018,2024,CLE,CLE,RP,351,0,7,323.6666666666667,25,24,244,88,27.0,2.24,6.78,2.45,0.75,3.75,114.37,,28.8,76.4,59.3,2.6,67.8,61.1,D,B+,C+,F,B-,48.0,Rare,False,False,0,bbref_war
lyonsty01,lyonsty01,Tyler Lyons,Modern Era (2016-Pres),2016,2017,2013,2020,STL,STL,RP,162,20,3,282.6666666666667,13,12,289,90,40.0,1.37,9.14,2.77,1.25,4.03,91.13,7.76,56.9,67.0,44.2,14.9,24.4,49.3,C+,B,C-,F,C,47.9,Uncommon,False,False,0,bbref_war
obergsc01,obergsc01,Scott Oberg,Modern Era (2016-Pres),2017,2018,2015,2019,COL,COL,RP,259,0,7,257.3333333333333,18,8,234,101,26.0,4.63,8.18,3.53,0.91,3.85,142.17,,45.5,45.1,77.4,3.4,54.1,53.7,C,C,B+,F,C,47.9,Uncommon,False,False,0,bbref_war
roech01,roech01,Chaz Roe,Modern Era (2016-Pres),2017,2018,2013,2021,TB,TB,RP,245,0,3,217.33333333333334,11,8,245,103,19.0,1.53,10.02,4.15,0.8,3.77,132.15,,67.5,27.2,70.9,2.2,63.8,59.5,B,D,B,F,C+,47.9,Uncommon,False,False,0,bbref_war
wilsoal01,wilsoal01,Alex Wilson,Modern Era (2016-Pres),2016,2016,2013,2019,DET,DET,RP,303,1,5,332.0,14,14,226,90,31.0,5.44,6.13,2.44,0.84,3.44,129.4,70.0,21.0,76.7,69.1,4.6,60.0,49.9,D-,B+,B,F,C,47.9,Uncommon,False,False,0,bbref_war
fulmemi01,fulmemi01,Michael Fulmer,Modern Era (2016-Pres),2021,2016,2016,2025,DET,DET,RP,265,90,19,679.6666666666666,37,50,578,218,75.0,13.5,7.7,2.84,0.92,3.74,104.27,18.53,39.8,65.0,52.8,21.8,52.7,49.2,D+,B,C,D-,C,47.8,Rare,True,False,1,bbref_war
ramosed02,ramosed02,Edubray Ramos,Modern Era (2016-Pres),2018,2018,2016,2019,PHI,PHI,RP,173,0,1,155.33333333333334,7,11,168,61,18.0,1.94,9.73,3.53,1.04,3.71,118.86,,64.0,45.0,62.3,2.3,42.5,49.8,B-,C,B-,F,C,47.8,Uncommon,False,False,0,bbref_war
greensh02,greensh02,Shane Greene,Modern Era (2016-Pres),2019,2017,2014,2023,DET,DET,RP,345,33,67,473.6666666666667,24,29,442,174,59.0,6.24,9.09,3.26,1.09,3.38,116.43,5.62,56.3,52.8,60.7,6.2,38.6,48.5,C+,C,B-,F,C,47.7,Rare,True,False,1,bbref_war
weissgr01,weissgr01,Greg Weissert,Modern Era (2016-Pres),2024,2025,2022,2025,NYY,NYY,RP,163,0,5,161.66666666666666,13,8,148,54,17.0,1.64,8.24,3.01,0.95,3.28,115.19,,46.2,60.3,59.9,3.4,50.9,60.1,C,B-,C+,F,B-,47.7,Uncommon,False,False,0,bbref_war
cannigr01,cannigr01,Griffin Canning,Modern Era (2016-Pres),2022,2023,2019,2025,LAA,LAA,SP,115,110,0,584.3333333333334,32,37,553,218,97.0,5.78,8.52,3.36,1.49,4.65,97.6,5.22,49.5,50.1,48.4,53.1,3.4,49.9,C,C,C,C,C,47.6,Uncommon,False,False,0,bbref_war
elderbr01,elderbr01,Bryce Elder,Modern Era (2016-Pres),2024,2023,2022,2025,ATL,ATL,SP,79,78,0,434.6666666666667,24,24,352,154,55.0,2.56,7.29,3.19,1.14,4.58,96.61,5.55,34.8,55.0,47.8,56.9,34.2,57.0,D,C+,C,C+,C+,47.5,Rare,True,False,1,bbref_war
ramirno01,ramirno01,Noe Ramirez,Modern Era (2016-Pres),2018,2019,2015,2022,LAA,LAA,RP,277,8,2,297.0,18,16,310,117,47.0,2.42,9.44,3.32,1.38,4.01,118.56,46.5,60.5,51.3,62.1,4.8,12.9,53.5,B-,C,B-,F,C,47.5,Uncommon,False,False,0,bbref_war
perezma02,perezma02,Martin Perez,Modern Era (2016-Pres),2020,2022,2012,2025,TEX,TEX,SP,325,279,0,1631.6666666666667,91,93,1153,590,191.0,14.27,6.28,3.23,0.97,4.04,111.47,5.73,22.8,53.7,57.5,59.0,49.0,52.3,D-,C,C+,C+,C,47.4,Uncommon,True,False,1,bbref_war
finneky01,finneky01,Kyle Finnegan,Modern Era (2016-Pres),2022,2025,2020,2025,WSH,WSH,RP,347,0,112,347.3333333333333,26,30,343,135,44.0,4.31,8.89,3.5,1.14,3.55,132.28,,53.9,46.1,71.0,3.5,34.1,47.1,C,C,B,F,C,47.3,Uncommon,True,False,1,bbref_war
gotttr01,gotttr01,Trevor Gott,Modern Era (2016-Pres),2018,2015,2015,2023,WSH,WSH,RP,255,0,6,243.66666666666666,16,15,222,88,30.0,-0.04,8.3,3.1,0.89,4.38,115.63,,46.9,57.5,60.2,3.1,55.6,55.1,C,C+,B-,F,C+,47.2,Uncommon,False,False,0,bbref_war
holdejo02,holdejo02,Jonathan Holder,Modern Era (2016-Pres),2018,2018,2016,2020,NYY,NYY,RP,157,2,0,176.66666666666666,10,6,165,53,21.0,0.41,8.41,2.7,1.07,4.38,98.27,53.67,48.2,69.1,48.9,5.0,40.2,54.6,C,B,C,F,C,47.0,Uncommon,False,False,0,bbref_war
edwarca01,edwarca01,Carl Edwards,Modern Era (2016-Pres),2020,2017,2015,2025,CHC,CHC,RP,300,0,7,286.0,16,14,334,151,28.0,5.1,10.65,4.59,0.75,3.03,131.17,,75.0,14.3,70.3,3.1,68.0,61.2,B+,F,B,F,B-,46.8,Uncommon,False,False,0,bbref_war
stephro01,stephro01,Robert Stephenson,Modern Era (2016-Pres),2021,2023,2016,2025,CIN,CIN,RP,283,22,3,374.3333333333333,19,20,416,162,64.0,2.3,10.0,3.75,1.38,4.29,120.54,6.16,67.3,38.7,63.3,7.1,13.5,55.5,B,D+,B-,F,C+,46.8,Uncommon,False,False,0,bbref_war
mollsa01,mollsa01,Sam Moll,Modern Era (2016-Pres),2022,2023,2017,2025,OAK,OAK,RP,213,1,1,178.66666666666666,8,6,189,84,17.0,2.76,9.52,4.23,0.86,3.73,144.21,62.33,61.5,24.9,78.7,1.6,58.7,44.0,B-,D-,B+,F,C-,46.7,Uncommon,False,False,0,bbref_war
holmecl01,holmecl01,Clay Holmes,Modern Era (2016-Pres),2022,2025,2018,2025,NYY,NYY,RP,344,35,74,503.0,36,30,489,219,34.0,6.74,8.84,3.7,0.6,3.47,115.13,5.34,53.3,40.2,59.8,8.5,80.5,58.2,C,C-,C+,F,C+,46.5,Uncommon,True,False,2,bbref_war
mantijo01,mantijo01,Joe Mantiply,Modern Era (2016-Pres),2021,2022,2016,2025,ARI,ARI,RP,256,5,3,216.0,11,13,194,61,19.0,1.12,8.11,2.53,0.61,4.01,83.75,21.42,44.7,74.0,39.4,1.6,79.9,52.8,C-,B,D+,F,C,46.4,Uncommon,True,False,1,bbref_war
sborzjo01,sborzjo01,Josh Sborz,Modern Era (2016-Pres),2022,2021,2019,2024,TEX,TEX,RP,154,1,1,163.33333333333334,13,13,193,69,23.0,-0.75,10.63,3.8,1.27,4.96,105.53,22.33,74.8,37.3,53.6,4.2,23.1,63.7,B,D+,C,F,B-,46.4,Uncommon,False,False,0,bbref_war
dullry01,dullry01,Ryan Dull,Modern Era (2016-Pres),2017,2016,2015,2019,OAK,OAK,RP,171,0,4,171.33333333333334,8,9,170,51,29.0,1.0,8.93,2.68,1.52,4.31,98.55,,54.4,69.7,49.1,3.5,1.0,49.3,C,B,C,F,C,46.3,Uncommon,False,False,0,bbref_war
kingjo01,kingjo01,John King,Modern Era (2016-Pres),2022,2024,2020,2025,TEX,TEX,RP,214,0,0,253.33333333333334,16,14,165,68,25.0,1.12,5.86,2.42,0.89,3.8,121.05,,17.8,77.3,63.7,5.6,55.9,59.4,F,B+,B-,F,C+,46.3,Uncommon,False,False,0,bbref_war
mcfartj01,mcfartj01,T. J. McFarland,Modern Era (2016-Pres),2020,2018,2013,2025,BAL,BAL,RP,460,3,1,546.3333333333334,26,20,325,174,49.0,3.65,5.71,2.65,0.7,3.2,128.68,66.67,16.0,70.7,68.6,6.0,72.5,59.2,F,B,B,F,C+,46.3,Uncommon,False,False,0,bbref_war
felizmi01,felizmi01,Michael Feliz,Modern Era (2016-Pres),2019,2019,2015,2022,PIT,PIT,RP,228,1,1,250.0,17,9,328,109,43.0,-0.7,12.14,3.83,1.65,5.2,86.11,56.33,92.8,36.6,41.0,4.9,1.0,54.3,A,D+,C-,F,C,46.1,Uncommon,False,False,0,bbref_war
akinke01,akinke01,Keegan Akin,Modern Era (2016-Pres),2022,2024,2020,2025,BAL,BAL,RP,231,28,11,368.0,16,22,377,129,51.0,1.78,9.22,3.15,1.25,4.48,98.06,27.26,57.9,56.0,48.7,10.4,24.8,51.4,C+,C+,C,F,C,46.0,Uncommon,False,False,0,bbref_war
drakeol01,drakeol01,Oliver Drake,Modern Era (2016-Pres),2018,2019,2015,2020,BAL,BAL,RP,196,0,5,204.33333333333334,10,10,228,83,24.0,1.08,10.04,3.66,1.06,4.27,104.73,,67.7,41.5,53.1,4.0,41.3,55.6,B,C-,C,F,C+,46.0,Uncommon,False,False,0,bbref_war
webbja01,webbja01,Jacob Webb,Modern Era (2016-Pres),2022,2019,2019,2025,ATL,ATL,RP,247,0,7,253.0,17,14,244,107,28.0,3.08,8.68,3.81,1.0,2.99,134.47,,51.5,37.1,72.4,3.8,46.6,57.1,C,D+,B,F,C+,46.0,Uncommon,False,False,0,bbref_war
bakerbr01,bakerbr01,Bryan Baker,Modern Era (2016-Pres),2023,2022,2021,2025,BAL,BAL,RP,205,2,4,207.66666666666666,13,11,234,74,23.0,1.77,10.14,3.21,1.0,3.86,81.06,34.83,68.9,54.5,37.7,3.6,46.5,55.0,B,C,D+,F,C+,45.9,Uncommon,False,False,0,bbref_war
thorntr01,thorntr01,Trent Thornton,Modern Era (2016-Pres),2022,2019,2019,2025,TOR,TOR,RP,235,36,1,401.0,14,19,379,136,62.0,1.4,8.51,3.05,1.39,4.38,105.68,13.72,49.4,58.9,53.7,11.8,12.3,60.0,C,C+,C,F,B-,45.9,Uncommon,False,False,0,bbref_war
canoye01,canoye01,Yennier Cano,Modern Era (2016-Pres),2024,2023,2022,2025,BAL,BAL,RP,220,0,15,208.66666666666666,9,15,204,77,20.0,1.99,8.8,3.32,0.86,4.05,107.33,,52.9,51.2,54.8,2.9,58.1,53.7,C,C,C,F,C,45.8,Uncommon,True,False,1,bbref_war
urenajo01,urenajo01,Jose Urena,Modern Era (2016-Pres),2020,2018,2015,2025,MIA,MIA,SP,251,158,6,1003.3333333333334,44,78,669,377,137.0,5.45,6.15,3.27,1.19,4.29,96.41,7.12,21.2,52.6,47.7,75.4,30.0,51.6,D-,C,C,B+,C,45.8,Uncommon,False,False,0,bbref_war
altavda01,altavda01,Dan Altavilla,Modern Era (2016-Pres),2019,2025,2016,2025,SEA,SEA,RP,152,1,3,148.66666666666666,8,9,155,78,21.0,1.35,9.19,4.63,1.26,3.72,169.03,3.67,57.5,13.4,94.9,3.3,23.5,51.6,C+,F,A,F,C,45.7,Uncommon,False,False,0,bbref_war
bernabr01,bernabr01,Brennan Bernardino,Modern Era (2016-Pres),2024,2023,2022,2025,BOS,BOS,RP,169,12,1,155.66666666666666,10,8,157,68,11.0,1.96,9.08,3.93,0.64,3.47,122.43,14.22,56.2,33.5,64.6,2.6,77.8,56.2,C+,D,B-,F,C+,45.7,Uncommon,False,False,0,bbref_war
pruitau01,pruitau01,Austin Pruitt,Modern Era (2016-Pres),2021,2023,2017,2024,TB,TB,RP,154,17,6,315.0,14,16,221,74,46.0,0.73,6.31,2.11,1.31,4.54,97.82,24.32,23.2,86.1,48.6,15.8,19.0,58.0,D-,A,C,F,C+,45.7,Uncommon,False,False,0,bbref_war
stanery01,stanery01,Ryne Stanek,Modern Era (2016-Pres),2020,2022,2017,2025,HOU,HOU,RP,466,56,14,458.3333333333333,21,23,531,232,61.0,4.35,10.53,4.54,1.19,3.45,134.79,2.57,73.6,16.0,72.6,3.8,29.5,62.9,B,F,B,F,B-,45.7,Uncommon,False,False,0,bbref_war
hoffmje02,hoffmje02,Jeff Hoffman,Modern Era (2016-Pres),2022,2024,2016,2025,COL,COL,RP,327,50,45,535.0,32,33,563,237,87.0,6.32,9.8,3.88,1.46,4.47,121.81,15.54,64.9,35.1,64.2,10.5,6.1,51.5,B-,D+,B-,F,C,45.5,Uncommon,True,False,1,bbref_war
thornty01,thornty01,Tyler Thornburg,Modern Era (2016-Pres),2016,2016,2012,2022,MIL,MIL,RP,206,10,13,288.3333333333333,16,10,287,127,34.0,4.48,8.83,4.02,0.88,3.1,130.34,8.43,53.3,31.1,69.7,8.4,56.6,57.5,C,D,B,F,C+,45.5,Uncommon,False,False,0,bbref_war
lawde01,lawde01,Derek Law,Modern Era (2016-Pres),2021,2024,2016,2024,SFG,SFG,RP,322,7,13,346.0,23,18,316,137,36.0,4.53,8.22,3.49,0.92,3.54,123.3,16.75,46.0,46.3,65.1,4.1,53.2,52.9,C,C,B,F,C,45.3,Uncommon,False,False,0,bbref_war
moronre01,moronre01,Reyes Moronta,Modern Era (2016-Pres),2020,2018,2017,2023,SFG,SFG,RP,177,0,3,171.33333333333334,10,11,202,94,16.0,3.38,10.61,4.94,0.84,3.05,140.6,,74.5,4.4,76.4,3.1,60.0,57.1,B,F,B+,F,C+,45.1,Uncommon,False,False,0,bbref_war
leitema02,leitema02,Mark Leiter,Modern Era (2016-Pres),2022,2022,2017,2025,CHC,CHC,RP,270,15,9,352.3333333333333,16,29,396,131,55.0,-0.54,10.12,3.35,1.4,4.6,90.48,12.58,68.6,50.4,43.8,7.1,11.1,53.5,B,C,C-,F,C,45.0,Uncommon,False,False,0,bbref_war
festama01,festama01,Matt Festa,Modern Era (2016-Pres),2022,2018,2018,2025,SEA,SEA,RP,171,1,2,172.0,13,7,182,67,22.0,-0.72,9.52,3.51,1.15,4.45,103.35,8.33,61.5,45.8,52.2,3.5,33.1,56.1,B-,C,C,F,C+,44.9,Uncommon,False,False,0,bbref_war
garcilu03,garcilu03,Luis Garcia,Modern Era (2016-Pres),2019,2017,2013,2025,PHI,PHI,RP,603,4,17,583.3333333333334,28,30,547,257,53.0,4.78,8.34,4.02,0.71,3.45,138.73,31.0,47.4,31.1,75.2,3.4,71.5,47.7,C,D,B+,F,C,44.9,Uncommon,False,False,0,bbref_war
smithdr01,smithdr01,Drew Smith,Modern Era (2016-Pres),2022,2021,2018,2024,NYM,NYM,RP,192,1,5,196.33333333333334,12,13,202,77,29.0,1.99,9.26,3.53,1.33,3.48,115.58,41.33,58.4,45.1,60.1,3.7,17.7,51.3,C+,C,B-,F,C,44.9,Uncommon,False,False,0,bbref_war
blackpa01,blackpa01,Paul Blackburn,Modern Era (2016-Pres),2021,2023,2017,2025,OAK,OAK,SP,101,86,1,467.3333333333333,22,31,363,144,62.0,3.71,6.96,2.83,1.21,4.69,75.01,5.62,31.0,65.4,33.8,57.7,27.8,45.0,D,B,D,C+,C,44.8,Uncommon,True,False,1,bbref_war
tatedi01,tatedi01,Dillon Tate,Modern Era (2016-Pres),2022,2022,2019,2025,BAL,BAL,RP,196,0,9,222.0,7,14,178,71,20.0,2.18,7.22,2.88,0.81,4.09,106.8,,34.0,64.0,54.4,5.0,62.6,56.3,D,B-,C,F,C+,44.8,Uncommon,False,False,0,bbref_war
dominse01,dominse01,Seranthony Dominguez,Modern Era (2016-Pres),2022,2018,2018,2025,PHI,PHI,RP,322,0,40,306.0,23,23,360,135,35.0,4.56,10.59,3.97,1.03,3.5,104.12,,74.2,32.4,52.7,2.9,43.7,43.7,B,D,C,F,C-,44.6,Uncommon,False,False,0,bbref_war
romerjo01,romerjo01,JoJo Romero,Modern Era (2016-Pres),2022,2025,2020,2025,STL,STL,RP,197,0,12,192.66666666666666,15,11,183,71,19.0,2.67,8.55,3.32,0.89,3.55,106.0,,49.9,51.3,53.9,3.2,56.0,50.3,C,C,C,F,C,44.6,Uncommon,False,False,0,bbref_war
diazal03,diazal03,Alexis Diaz,Modern Era (2016-Pres),2024,2022,2022,2025,CIN,CIN,RP,208,0,75,205.0,19,14,241,112,21.0,4.65,10.58,4.92,0.92,3.38,139.33,,74.2,5.0,75.6,3.3,53.0,52.9,B,F,B+,F,C,44.5,Uncommon,True,False,1,bbref_war
hillti01,hillti01,Tim Hill,Modern Era (2016-Pres),2021,2025,2018,2025,SDP,SDP,RP,452,0,4,389.3333333333333,24,18,276,119,38.0,2.49,6.52,2.74,0.81,3.63,114.76,,25.7,68.0,59.6,1.8,62.8,54.4,D,B,C+,F,C,44.5,Uncommon,False,False,0,bbref_war
hiranyo01,hiranyo01,Yoshihisa Hirano,Modern Era (2016-Pres),2019,2018,2018,2020,ARI,ARI,RP,150,0,8,131.66666666666666,9,9,131,53,15.0,0.63,8.95,3.62,1.03,3.69,113.8,,54.7,42.4,59.0,2.0,44.0,60.3,C,C-,C+,F,B-,44.5,Uncommon,False,False,0,bbref_war
trivilo01,trivilo01,Lou Trivino,Modern Era (2016-Pres),2020,2018,2018,2025,OAK,OAK,RP,332,3,37,332.3333333333333,24,27,336,148,35.0,2.34,9.1,4.01,0.95,3.87,125.02,48.92,56.5,31.3,66.3,3.5,50.7,59.0,C+,D,B,F,C+,44.5,Uncommon,False,False,0,bbref_war
cessalu01,cessalu01,Luis Cessa,Modern Era (2016-Pres),2019,2021,2016,2023,NYY,NYY,RP,208,35,4,425.0,17,22,331,141,66.0,3.91,7.22,2.91,1.42,4.13,114.41,8.0,34.0,63.1,59.4,15.0,9.7,50.0,D,B-,C+,F,C,44.4,Uncommon,False,False,0,bbref_war
chatwty01,chatwty01,Tyler Chatwood,Modern Era (2016-Pres),2016,2013,2011,2021,COL,COL,SP,229,143,5,878.6666666666666,52,60,660,462,88.0,10.91,6.93,4.12,0.94,4.16,108.46,6.83,30.6,28.1,55.5,71.9,51.1,49.2,D,D,C+,B,C,44.4,Uncommon,False,False,0,bbref_war
hembrhe01,hembrhe01,Heath Hembree,Modern Era (2016-Pres),2017,2015,2013,2023,BOS,BOS,RP,358,0,11,356.0,21,13,394,146,66.0,2.09,9.77,3.35,1.38,3.46,92.9,,64.4,50.3,45.4,3.6,12.9,59.7,B-,C,C,F,C+,44.2,Uncommon,False,False,0,bbref_war
herriti01,herriti01,Tim Herrin,Modern Era (2016-Pres),2024,2024,2023,2025,CLE,CLE,RP,152,0,0,136.0,11,6,145,67,10.0,1.4,9.6,4.43,0.66,3.57,125.05,,62.4,19.0,66.3,2.2,75.5,57.7,B-,F,B,F,C+,43.9,Uncommon,False,False,0,bbref_war
cisnejo01,cisnejo01,Jose Cisnero,Modern Era (2016-Pres),2020,2022,2013,2024,DET,DET,RP,270,0,6,275.0,13,17,292,138,31.0,1.68,9.54,4.51,0.94,3.99,138.2,,61.8,16.8,74.8,3.7,51.7,46.6,B-,F,B,F,C,43.8,Uncommon,False,False,0,bbref_war
morinmi01,morinmi01,Mike Morin,Modern Era (2016-Pres),2017,2014,2014,2020,LAA,LAA,RP,241,0,2,228.66666666666666,12,11,194,60,21.0,-0.91,7.64,2.36,0.83,4.57,73.58,,39.0,78.9,32.8,2.9,61.2,53.1,D+,B+,D,F,C,43.8,Uncommon,False,False,0,bbref_war
richatr01,richatr01,Trevor Richards,Modern Era (2016-Pres),2021,2019,2018,2025,TOR,TOR,RP,295,61,2,565.6666666666666,24,28,616,250,81.0,2.6,9.58,3.86,1.29,4.43,101.99,15.17,62.2,35.7,51.3,17.0,20.9,58.0,B-,D+,C,F,C+,43.8,Uncommon,False,False,0,bbref_war
peralwa01,peralwa01,Wandy Peralta,Modern Era (2016-Pres),2022,2023,2016,2025,CIN,CIN,RP,502,2,13,455.6666666666667,28,21,376,200,51.0,5.7,7.63,3.62,0.92,3.27,128.96,61.33,38.9,42.6,68.8,2.8,53.4,58.2,D+,C-,B,F,C+,43.6,Uncommon,False,False,0,bbref_war
robleha01,robleha01,Hansel Robles,Modern Era (2016-Pres),2018,2019,2015,2022,NYM,NYM,RP,411,1,43,427.3333333333333,28,26,457,185,57.0,3.21,9.75,3.82,1.16,4.0,107.77,72.67,64.2,36.7,55.1,4.0,32.2,48.3,B-,D+,C+,F,C,43.6,Uncommon,False,False,0,bbref_war
marshev01,marshev01,Evan Marshall,Modern Era (2016-Pres),2018,2019,2014,2021,CHW,CHW,RP,206,0,0,193.33333333333334,10,12,180,79,20.0,2.2,8.65,3.59,0.91,3.79,109.27,,51.1,43.4,56.0,2.7,54.0,54.5,C,C-,C+,F,C,43.5,Uncommon,False,False,0,bbref_war
montgmi01,montgmi01,Mike Montgomery,Modern Era (2016-Pres),2018,2017,2015,2020,CHC,CHC,RP,183,70,3,541.0,23,34,415,204,58.0,5.88,6.9,3.39,0.96,3.84,111.29,8.02,30.2,49.1,57.3,26.5,49.3,57.7,D,C,C+,D,C+,43.5,Uncommon,False,False,0,bbref_war
workmbr01,workmbr01,Brandon Workman,Modern Era (2016-Pres),2018,2019,2013,2021,BOS,BOS,RP,238,18,25,329.0,26,22,343,157,38.0,2.64,9.38,4.29,1.04,4.02,125.0,9.84,59.9,23.0,66.3,8.0,42.8,56.5,C+,D-,B,F,C+,43.5,Uncommon,False,False,0,bbref_war
barneja01,barneja01,Jacob Barnes,Modern Era (2016-Pres),2020,2016,2016,2025,MIL,MIL,RP,334,1,7,336.6666666666667,16,21,322,134,43.0,0.38,8.48,3.3,0.94,4.17,96.92,,49.1,51.8,48.0,3.5,51.2,61.7,C,C,C,F,B-,43.4,Uncommon,False,False,0,bbref_war
clarkta01,clarkta01,Taylor Clarke,Modern Era (2016-Pres),2022,2025,2019,2025,ARI,ARI,RP,234,22,8,334.6666666666667,16,16,304,106,61.0,0.85,8.18,2.85,1.64,4.73,96.02,14.6,45.4,64.8,47.4,8.5,1.0,52.5,C,B-,C,F,C,43.3,Uncommon,False,False,0,bbref_war
morgaad01,morgaad01,Adam Morgan,Modern Era (2016-Pres),2018,2015,2015,2021,PHI,PHI,RP,233,36,3,369.6666666666667,15,28,330,114,65.0,1.06,8.03,2.78,1.58,4.8,95.06,5.51,43.7,66.9,46.8,10.4,1.0,46.9,C-,B,C,F,C,43.3,Uncommon,False,False,0,bbref_war
beeksja01,beeksja02,Jalen Beeks,Modern Era (2016-Pres),2022,2022,2018,2025,TB,TB,RP,263,21,16,405.0,28,18,376,158,42.0,1.73,8.36,3.51,0.93,4.31,102.12,25.62,47.6,45.7,51.4,9.8,52.0,58.5,C,C,C,F,C+,43.2,Uncommon,False,False,0,bbref_war
diazju03,diazju03,Jumbo Diaz,Modern Era (2016-Pres),2016,2016,2014,2017,CIN,CIN,RP,173,0,1,168.0,4,7,172,66,24.0,0.2,9.21,3.54,1.29,4.02,104.07,,57.8,45.0,52.6,3.1,21.5,55.4,C+,C,C,F,C+,43.2,Uncommon,False,False,0,bbref_war
freemsa01,freemsa01,Sam Freeman,Modern Era (2016-Pres),2017,2017,2012,2020,STL,STL,RP,271,0,0,233.66666666666666,8,7,232,136,17.0,3.61,9.0,5.11,0.57,3.06,158.05,,55.3,1.0,87.7,1.8,83.6,50.7,C+,F,A,F,C,43.0,Uncommon,False,False,0,bbref_war
rusinch01,rusinch01,Chris Rusin,Modern Era (2016-Pres),2016,2017,2012,2020,COL,COL,RP,189,49,2,468.6666666666667,20,28,341,153,55.0,4.53,6.39,2.72,1.03,4.31,91.81,7.71,24.1,68.7,44.7,25.7,43.6,50.8,D-,B,C-,D,C,42.9,Uncommon,False,False,0,bbref_war
crickky01,crickky01,Kyle Crick,Modern Era (2016-Pres),2020,2018,2017,2022,PIT,PIT,RP,194,0,2,187.33333333333334,9,11,201,109,15.0,1.63,9.66,5.24,0.72,3.56,148.34,,63.1,1.0,81.4,3.1,70.4,49.0,B-,F,A-,F,C,42.8,Uncommon,False,False,0,bbref_war
milleju02,milleju02,Justin Miller,Modern Era (2016-Pres),2017,2018,2014,2021,WSH,WSH,RP,173,0,4,175.33333333333334,14,5,172,60,30.0,0.89,8.83,3.08,1.54,4.62,95.03,,53.2,58.1,46.8,3.6,1.0,53.2,C,C+,C,F,C,42.8,Uncommon,False,False,0,bbref_war
pocheco01,pocheco01,Colin Poche,Modern Era (2016-Pres),2023,2023,2019,2025,TB,TB,RP,239,0,12,217.66666666666666,23,14,241,92,32.0,1.42,9.96,3.8,1.32,4.01,102.06,,66.8,37.2,51.3,2.4,18.2,54.9,B,D+,C,F,C,42.8,Uncommon,False,False,0,bbref_war
newcose01,newcose01,Sean Newcomb,Modern Era (2016-Pres),2021,2018,2017,2025,ATL,ATL,RP,223,65,4,523.3333333333334,30,30,529,267,57.0,6.71,9.17,4.52,0.84,3.73,117.68,10.76,57.3,16.5,61.5,20.2,60.1,53.4,C+,F,B-,D-,C,42.5,Uncommon,False,False,0,bbref_war
santade01,santade01,Dennis Santana,Modern Era (2016-Pres),2021,2025,2018,2025,LAD,LAD,RP,275,1,20,291.6666666666667,15,20,269,117,22.0,2.96,8.3,3.44,0.77,3.86,95.11,,47.0,47.8,46.8,4.6,65.9,63.1,C,C,C,F,B-,42.5,Uncommon,False,False,0,bbref_war
stratch01,stratch01,Chris Stratton,Modern Era (2016-Pres),2021,2017,2016,2025,PIT,PIT,RP,374,42,16,624.3333333333334,41,27,570,259,71.0,2.47,8.63,3.66,1.01,4.4,103.28,28.13,50.9,41.4,52.1,9.3,45.1,55.0,C,C-,C,F,C+,42.5,Uncommon,False,False,0,bbref_war
rodrijo04,rodrijo06,Joely Rodriguez,Modern Era (2016-Pres),2021,2020,2016,2024,TEX,TEX,RP,182,0,1,170.66666666666666,5,10,172,76,16.0,-1.49,9.07,4.01,0.84,4.8,111.94,,56.1,31.3,57.8,2.7,59.8,55.1,C+,D,C+,F,C+,42.4,Uncommon,False,False,0,bbref_war
mayermi01,mayermi01,Mike Mayers,Modern Era (2016-Pres),2019,2021,2016,2023,STL,STL,RP,204,8,5,262.6666666666667,12,11,265,96,47.0,0.73,9.34,3.31,1.36,5.09,87.08,18.67,59.3,51.5,41.6,5.6,15.2,51.3,C+,C,C-,F,C,42.3,Uncommon,False,False,0,bbref_war
montera01,montera01,Rafael Montero,Modern Era (2016-Pres),2019,2022,2014,2025,HOU,HOU,RP,380,30,30,522.6666666666666,23,30,517,247,62.0,2.19,8.76,4.08,1.05,4.19,116.91,7.38,52.4,29.3,61.0,10.9,42.1,58.6,C,D,B-,F,C+,42.3,Uncommon,False,False,0,bbref_war
kopecmi01,kopecmi01,Michael Kopech,Modern Era (2016-Pres),2022,2022,2018,2025,CHW,CHW,RP,184,60,15,411.0,21,33,457,221,66.0,6.04,10.01,4.84,1.45,4.14,133.74,7.62,67.3,7.3,71.9,18.0,7.6,49.1,B,F,B,F,C,42.2,Uncommon,False,False,0,bbref_war
goodyni01,goodyni01,Nick Goody,Modern Era (2016-Pres),2018,2017,2015,2020,CLE,CLE,RP,158,1,1,152.66666666666666,4,8,184,70,28.0,0.69,10.85,4.13,1.65,4.19,99.49,11.0,77.3,27.9,49.7,3.1,1.0,56.8,B+,D,C,F,C+,42.1,Uncommon,False,False,0,bbref_war
delosen01,delosen01,Enyel De Los Santos,Modern Era (2016-Pres),2022,2023,2018,2025,PHI,PHI,RP,294,3,3,314.3333333333333,20,9,323,122,45.0,1.4,9.25,3.49,1.29,4.44,94.25,10.25,58.2,46.2,46.3,4.3,21.2,49.7,C+,C,C,F,C,41.9,Uncommon,False,False,0,bbref_war
brogdco01,brogdco01,Connor Brogdon,Modern Era (2016-Pres),2022,2021,2020,2025,PHI,PHI,RP,186,2,3,192.0,13,10,195,71,35.0,1.48,9.14,3.33,1.64,4.36,95.04,43.33,57.0,51.0,46.8,3.9,1.0,46.0,C+,C,C,F,C,41.6,Uncommon,False,False,0,bbref_war
gearrco01,gearrco01,Cory Gearrin,Modern Era (2016-Pres),2017,2017,2011,2020,SFG,SFG,RP,337,2,5,304.0,13,12,283,131,23.0,4.88,8.08,3.98,0.72,3.15,121.84,27.67,44.3,32.1,64.2,2.3,70.4,51.6,C-,D,B-,F,C,41.6,Uncommon,False,False,0,bbref_war
reyesal02,reyesal02,Alex Reyes,Modern Era (2016-Pres),2019,2016,2016,2021,STL,STL,RP,101,7,31,145.0,16,11,177,97,12.0,2.73,10.99,6.02,0.74,2.86,109.2,10.96,79.0,1.0,56.0,8.6,68.3,57.6,B+,F,C+,F,C+,41.6,Uncommon,True,False,1,bbref_war
barraky01,barraky01,Kyle Barraclough,Modern Era (2016-Pres),2018,2016,2015,2023,MIA,MIA,RP,291,0,11,282.0,19,16,350,173,31.0,2.33,11.23,5.51,0.8,3.62,109.41,,82.0,1.0,56.1,3.5,63.8,57.4,A-,F,C+,F,C+,41.4,Uncommon,False,False,0,bbref_war
pazosja01,pazosja01,James Pazos,Modern Era (2016-Pres),2018,2018,2015,2020,NYY,NYY,RP,155,0,0,127.66666666666667,9,6,127,52,17.0,0.86,8.95,3.67,1.2,3.95,103.59,,54.7,41.2,52.3,1.4,29.0,54.5,C,C-,C,F,C,41.4,Uncommon,False,False,0,bbref_war
simslu01,simslu01,Lucas Sims,Modern Era (2016-Pres),2021,2023,2017,2025,CIN,CIN,RP,263,14,12,318.3333333333333,23,19,366,173,44.0,3.77,10.45,4.53,1.21,4.34,111.73,8.26,72.6,16.3,57.6,6.2,28.1,49.0,B,F,C+,F,C,41.4,Uncommon,False,False,0,bbref_war
brazohu01,brazohu01,Huascar Brazoban,Modern Era (2016-Pres),2024,2023,2022,2025,MIA,MIA,RP,168,3,2,205.33333333333334,12,8,213,104,16.0,2.68,9.34,4.56,0.7,3.73,118.29,21.0,59.3,15.4,61.9,6.1,72.1,52.6,C+,F,B-,F,C,41.3,Uncommon,False,False,0,bbref_war
adamsau02,adamsau02,Austin Adams,Modern Era (2016-Pres),2020,2019,2017,2024,WSH,WSH,RP,188,2,0,155.66666666666666,7,7,223,98,11.0,1.43,13.08,5.86,0.65,3.9,74.55,16.0,104.0,1.0,33.5,1.6,76.5,50.5,S,F,D,F,C,41.2,Uncommon,False,False,0,bbref_war
borucry01,borucry01,Ryan Borucki,Modern Era (2016-Pres),2022,2018,2018,2025,TOR,TOR,RP,187,21,0,256.3333333333333,15,12,214,97,31.0,2.83,7.5,3.28,1.05,4.11,102.02,12.96,37.3,52.3,51.3,7.6,42.3,55.3,D+,C,C,F,C+,41.2,Uncommon,False,False,0,bbref_war
vothau01,vothau01,Austin Voth,Modern Era (2016-Pres),2021,2019,2018,2024,WSH,WSH,RP,207,39,0,360.3333333333333,17,19,343,129,61.0,1.15,8.57,3.22,1.52,4.7,87.72,15.89,50.1,54.0,42.0,12.2,1.0,56.0,C,C,C-,F,C+,41.2,Uncommon,False,False,0,bbref_war
fauchca01,fauchca01,Calvin Faucher,Modern Era (2016-Pres),2024,2024,2022,2025,TB,TB,RP,157,4,22,161.0,9,11,168,72,16.0,1.15,9.39,4.02,0.89,4.14,99.45,6.42,60.0,30.8,49.6,3.8,55.4,53.9,B-,D,C,F,C,41.1,Uncommon,False,False,0,bbref_war
gsellro01,gsellro01,Robert Gsellman,Modern Era (2016-Pres),2019,2016,2016,2022,NYM,NYM,RP,184,34,15,366.0,20,18,289,126,42.0,-0.51,7.11,3.1,1.03,4.6,95.12,11.0,32.7,57.6,46.8,15.1,43.4,48.7,D,C+,C,F,C,41.1,Uncommon,False,False,0,bbref_war
suerowa01,suerowa01,Wander Suero,Modern Era (2016-Pres),2021,2018,2018,2025,WSH,WSH,RP,196,0,1,199.66666666666666,15,14,216,75,26.0,0.15,9.74,3.38,1.17,4.96,70.89,,64.1,49.5,31.1,3.7,31.3,56.4,B-,C,D,F,C+,41.1,Uncommon,False,False,0,bbref_war
hardybl01,hardybl01,Blaine Hardy,Modern Era (2016-Pres),2017,2018,2014,2021,DET,DET,RP,234,13,1,290.6666666666667,14,11,230,103,32.0,4.35,7.12,3.19,0.99,3.78,106.74,6.62,32.8,55.0,54.4,6.3,47.0,41.5,D,C+,C,F,C-,40.9,Uncommon,False,False,0,bbref_war
minayju01,minayju01,Juan Minaya,Modern Era (2016-Pres),2018,2021,2016,2022,CHW,CHW,RP,160,0,10,178.0,9,5,196,91,18.0,2.61,9.91,4.6,0.91,3.69,114.19,,66.1,14.2,59.2,4.8,54.0,52.1,B,F,C+,F,C,40.9,Uncommon,False,False,0,bbref_war
grimmju01,grimmju01,Justin Grimm,Modern Era (2016-Pres),2016,2015,2012,2022,CHC,CHC,RP,325,19,4,376.0,20,23,378,165,49.0,0.21,10.05,4.04,1.07,4.42,92.05,7.0,67.8,30.4,44.8,2.8,40.1,52.9,B,D,C-,F,C,40.8,Uncommon,False,False,0,bbref_war
lopezjo02,lopezjo02,Jorge Lopez,Modern Era (2016-Pres),2020,2022,2015,2025,BAL,BAL,RP,308,58,32,557.6666666666666,30,43,485,217,84.0,2.25,7.96,3.75,1.13,4.75,105.47,6.01,42.9,38.8,53.6,14.3,34.9,60.8,C-,D+,C,F,B-,40.8,Uncommon,True,False,1,bbref_war
mccarke01,mccarke01,Kevin McCarthy,Modern Era (2016-Pres),2018,2018,2016,2020,KCR,KCR,RP,169,0,1,191.66666666666666,11,6,120,61,17.0,2.28,5.63,2.86,0.8,3.8,111.75,,15.1,64.4,57.6,5.1,63.7,49.4,F,B-,C+,F,C,40.7,Uncommon,False,False,0,bbref_war
garream01,garream01,Amir Garrett,Modern Era (2016-Pres),2021,2019,2017,2024,CIN,CIN,RP,328,14,8,330.6666666666667,13,19,387,193,56.0,2.51,11.22,5.3,1.14,4.29,118.58,,81.7,1.0,62.1,1.5,33.9,49.8,A-,F,B-,F,C,40.6,Uncommon,False,False,0,bbref_war
farmebu01,farmebu01,Buck Farmer,Modern Era (2016-Pres),2020,2024,2014,2024,DET,DET,RP,417,22,6,513.6666666666666,24,30,486,236,71.0,6.31,8.63,4.09,0.97,3.85,117.3,59.33,50.9,28.9,61.2,4.4,48.9,41.5,C,D,B-,F,C-,40.4,Uncommon,False,False,0,bbref_war
bickfph01,bickfph01,Phil Bickford,Modern Era (2016-Pres),2022,2021,2020,2024,LAD,LAD,RP,187,0,2,189.0,11,8,210,73,28.0,0.2,10.0,3.48,1.33,4.62,67.83,,67.2,46.7,29.1,3.6,17.3,62.3,B,C,D,F,B-,40.3,Uncommon,False,False,0,bbref_war
conlead01,conlead01,Adam Conley,Modern Era (2016-Pres),2018,2016,2015,2021,MIA,MIA,RP,191,56,5,434.0,25,30,374,178,56.0,0.35,7.76,3.69,1.16,4.71,101.28,5.52,40.4,40.5,50.8,18.4,32.2,57.3,C-,C-,C,F,C+,40.2,Uncommon,False,False,0,bbref_war
matzety01,matzety01,Tyler Matzek,Modern Era (2016-Pres),2021,2014,2014,2025,ATL,ATL,RP,175,24,1,291.6666666666667,16,21,279,147,21.0,5.17,8.61,4.54,0.65,3.73,117.1,5.3,50.6,16.0,61.1,11.3,76.7,54.6,C,F,B-,F,C,40.2,Uncommon,False,False,0,bbref_war
bandaan01,bandaan01,Anthony Banda,Modern Era (2016-Pres),2021,2025,2017,2025,TB,TB,RP,209,9,3,233.33333333333334,15,9,220,101,27.0,1.62,8.38,3.74,0.99,3.92,98.02,27.73,47.9,39.0,48.7,5.3,46.9,60.0,C,D+,C,F,B-,40.0,Uncommon,False,False,0,bbref_war
bowmama01,bowmama01,Matthew Bowman,Modern Era (2016-Pres),2019,2016,2016,2025,STL,STL,RP,231,1,2,240.66666666666666,8,14,194,83,24.0,0.41,7.25,3.1,0.9,4.38,90.49,30.67,34.4,57.5,43.8,4.0,55.1,55.3,D,C+,C-,F,C+,40.0,Uncommon,False,False,0,bbref_war
holdeco01,holdeco01,Colin Holderman,Modern Era (2016-Pres),2024,2023,2022,2025,PIT,PIT,RP,161,0,3,161.33333333333334,8,11,156,75,14.0,0.94,8.7,4.18,0.78,4.13,109.51,,51.7,26.2,56.2,3.5,65.2,53.2,C,D,C+,F,C,40.0,Uncommon,False,False,0,bbref_war
smithbu03,smithbu03,Burch Smith,Modern Era (2016-Pres),2020,2020,2013,2024,OAK,OAK,RP,152,13,1,247.33333333333334,9,12,230,99,39.0,-1.59,8.37,3.6,1.42,5.79,100.36,9.1,47.7,43.0,50.2,10.8,9.9,52.0,C,C-,C,F,C,39.9,Uncommon,False,False,0,bbref_war
merryju01,merryju01,Julian Merryweather,Modern Era (2016-Pres),2022,2023,2020,2025,TOR,TOR,RP,152,5,4,158.33333333333334,6,7,177,73,18.0,-0.09,10.06,4.15,1.02,4.72,86.11,14.67,68.0,27.2,41.0,4.0,44.2,59.5,B,D,C-,F,C+,39.8,Uncommon,False,False,0,bbref_war
sulseco01,sulseco01,Cole Sulser,Modern Era (2016-Pres),2022,2021,2019,2025,TB,TB,RP,157,2,15,171.66666666666666,10,14,180,78,17.0,2.86,9.44,4.09,0.89,3.51,89.97,8.17,60.5,29.0,43.5,4.6,55.6,56.7,B-,D,C-,F,C+,39.6,Uncommon,False,False,0,bbref_war
gibauia01,gibauia01,Ian Gibaut,Modern Era (2016-Pres),2022,2023,2019,2025,CIN,CIN,RP,162,0,4,172.33333333333334,10,9,167,76,19.0,2.43,8.72,3.97,0.99,4.18,102.49,,52.0,32.4,51.6,4.2,46.9,50.9,C,D,C,F,C,39.5,Uncommon,False,False,0,bbref_war
alcaljo01,alcaljo01,Jorge Alcala,Modern Era (2016-Pres),2022,2024,2019,2025,MIN,MIN,RP,200,0,1,218.33333333333334,9,13,226,84,39.0,0.89,9.32,3.46,1.61,4.29,80.34,,59.1,47.1,37.2,4.6,1.0,56.0,C+,C,D+,F,C+,39.4,Uncommon,False,False,0,bbref_war
buchtry01,buchtry01,Ryan Buchter,Modern Era (2016-Pres),2018,2016,2014,2021,SDP,SDP,RP,285,0,2,236.33333333333334,17,6,259,115,33.0,3.88,9.86,4.38,1.26,3.16,108.93,,65.6,20.6,55.8,1.5,24.0,50.4,B,D-,C+,F,C,39.4,Uncommon,False,False,0,bbref_war
ramirne01,ramirne01,Neil Ramirez,Modern Era (2016-Pres),2016,2014,2014,2019,CHC,CHC,RP,185,1,3,179.66666666666666,4,8,211,95,33.0,0.36,10.57,4.76,1.65,4.46,116.27,25.0,74.0,9.6,60.6,3.1,1.0,53.9,B,F,B-,F,C,39.3,Uncommon,False,False,0,bbref_war
ruizjo01,ruizjo01,Jose Ruiz,Modern Era (2016-Pres),2020,2021,2017,2025,CHW,CHW,RP,282,2,1,286.6666666666667,11,9,284,133,46.0,2.0,9.16,4.1,1.31,4.06,107.19,40.0,57.2,28.6,54.7,3.5,19.0,51.8,C+,D,C,F,C,39.2,Uncommon,False,False,0,bbref_war
staumjo01,staumjo01,Josh Staumont,Modern Era (2016-Pres),2022,2021,2019,2024,KCR,KCR,RP,194,1,8,192.66666666666666,10,7,209,109,16.0,1.7,9.76,5.09,0.75,3.97,123.76,20.0,64.4,1.0,65.4,3.4,68.1,49.8,B-,F,B,F,C,39.1,Uncommon,False,False,0,bbref_war
maurebr01,maurebr01,Brandon Maurer,Modern Era (2016-Pres),2016,2015,2013,2018,SDP,SDP,RP,289,21,36,371.0,16,31,326,128,47.0,-3.4,7.91,3.11,1.14,5.36,78.58,8.19,42.2,57.4,36.1,6.8,34.1,46.6,C-,C+,D+,F,C,39.0,Uncommon,False,False,0,bbref_war
wilsobr02,wilsobr02,Bryse Wilson,Modern Era (2016-Pres),2021,2023,2018,2025,ATL,ATL,RP,163,57,4,461.0,20,23,333,151,82.0,1.56,6.62,3.1,1.62,4.59,94.79,7.59,26.8,57.5,46.6,21.1,1.0,60.6,D,C+,C,D-,B-,39.0,Uncommon,False,False,0,bbref_war
guerrju02,guerrju02,Junior Guerra,Modern Era (2016-Pres),2018,2016,2015,2021,MIL,MIL,RP,213,61,3,509.6666666666667,31,25,465,239,66.0,5.17,8.21,4.22,1.17,4.06,107.14,20.47,45.9,25.2,54.6,19.8,31.9,58.1,C,D,C,F,C+,38.9,Common,False,False,0,bbref_war
pallaan01,pallaan01,Andre Pallante,Modern Era (2016-Pres),2024,2024,2022,2025,STL,STL,RP,169,61,0,460.0,24,29,321,180,44.0,2.25,6.28,3.52,0.86,4.32,100.43,7.37,22.8,45.4,50.3,23.7,58.3,55.9,D-,C,C,D-,C+,38.9,Common,False,False,0,bbref_war
feddeer01,feddeer01,Erick Fedde,Modern Era (2016-Pres),2020,2024,2017,2025,WSH,WSH,SP,165,143,0,772.6666666666666,34,55,589,310,117.0,6.43,6.49,3.69,1.32,4.83,86.36,5.54,25.3,40.6,41.1,56.8,18.2,50.6,D,C-,C-,C+,C,38.7,Common,False,False,0,bbref_war
gracema02,gracema02,Matt Grace,Modern Era (2016-Pres),2018,2018,2015,2020,WSH,WSH,RP,181,2,2,177.33333333333334,5,5,134,51,20.0,0.43,6.8,2.59,1.02,4.57,71.7,48.33,29.0,72.4,31.6,3.2,44.9,51.6,D,B,D,F,C,38.6,Common,False,False,0,bbref_war
mearsni01,mearsni01,Nick Mears,Modern Era (2016-Pres),2022,2025,2020,2025,PIT,PIT,RP,169,0,1,164.0,7,9,174,72,21.0,0.37,9.55,3.95,1.15,4.61,83.49,,61.8,33.0,39.3,3.1,33.0,57.5,B-,D,D+,F,C+,38.5,Common,False,False,0,bbref_war
perezci01,perezci01,Cionel Perez,Modern Era (2016-Pres),2021,2022,2018,2025,BAL,BAL,RP,257,0,6,237.0,15,6,218,129,18.0,1.38,8.23,4.64,0.63,3.8,124.82,,46.1,13.1,66.1,2.4,78.5,58.7,C,F,B,F,C+,38.5,Common,False,False,0,bbref_war
sotogr01,sotogr01,Gregory Soto,Modern Era (2016-Pres),2022,2021,2019,2025,DET,DET,RP,391,7,56,378.3333333333333,15,34,410,193,34.0,2.17,9.75,4.59,0.81,4.26,102.06,8.24,64.3,14.5,51.3,3.1,62.8,45.1,B-,F,C,F,C,38.4,Uncommon,True,False,2,bbref_war
birdja01,birdja01,Jake Bird,Modern Era (2016-Pres),2024,2023,2022,2025,COL,COL,RP,191,3,1,232.33333333333334,11,11,216,100,25.0,1.41,8.37,3.87,0.97,4.76,93.95,29.78,47.7,35.2,46.1,6.0,48.9,52.4,C,D+,C,F,C,38.2,Common,False,False,0,bbref_war
popza01,popza01,Zach Pop,Modern Era (2016-Pres),2023,2022,2021,2025,TOR,TOR,RP,163,0,1,162.33333333333334,8,6,126,55,22.0,-1.52,6.99,3.05,1.22,4.88,86.55,,31.2,59.0,41.3,3.4,27.2,64.7,D,C+,C-,F,B-,38.0,Common,False,False,0,bbref_war
frypa01,frypa01,Paul Fry,Modern Era (2016-Pres),2020,2020,2018,2022,BAL,BAL,RP,188,0,7,177.33333333333334,7,16,194,97,15.0,-0.08,9.85,4.92,0.76,4.82,109.54,,65.4,4.9,56.2,2.8,66.9,51.1,B,F,C+,F,C,37.9,Common,False,False,0,bbref_war
hicksjo03,hicksjo03,Jordan Hicks,Modern Era (2016-Pres),2022,2024,2018,2025,STL,STL,RP,275,37,35,420.3333333333333,17,35,409,212,31.0,0.92,8.76,4.54,0.66,4.41,99.07,6.88,52.4,16.0,49.4,9.7,75.3,62.8,C,F,C,F,B-,37.8,Common,False,False,0,bbref_war
ramiryo01,ramiryo01,Yohan Ramirez,Modern Era (2016-Pres),2022,2020,2020,2025,PIT,PIT,RP,164,0,7,202.33333333333334,9,12,218,102,24.0,-0.68,9.7,4.54,1.07,4.71,97.81,,63.6,16.0,48.6,6.2,40.4,56.8,B-,F,C,F,C+,37.8,Common,False,False,0,bbref_war
grayjo03,grayjo03,Josiah Gray,Modern Era (2016-Pres),2022,2023,2021,2024,WSH,WSH,SP,74,73,0,386.6666666666667,17,27,382,184,81.0,2.93,8.89,4.28,1.89,4.84,72.14,5.05,54.0,23.4,31.9,51.1,1.0,50.8,C,D-,D,C,C,37.6,Common,True,False,1,bbref_war
verhadr01,verhadr01,Drew VerHagen,Modern Era (2016-Pres),2017,2015,2014,2023,DET,DET,RP,206,8,0,281.6666666666667,18,12,234,115,43.0,1.84,7.48,3.5,1.32,4.85,100.27,23.25,37.1,46.1,50.2,8.1,18.9,38.9,D+,C,C,F,D+,37.5,Common,False,False,0,bbref_war
petrija01,petrija01,Jake Petricka,Modern Era (2016-Pres),2016,2014,2013,2021,CHW,CHW,RP,235,0,16,237.66666666666666,10,13,183,104,19.0,2.63,6.8,3.77,0.7,3.96,107.63,,29.0,38.2,55.0,3.7,72.3,46.9,D,D+,C+,F,C,37.1,Common,False,False,0,bbref_war
youngal01,youngal01,Alex Young,Modern Era (2016-Pres),2022,2023,2019,2024,ARI,ARI,RP,177,25,1,277.6666666666667,16,18,239,106,49.0,1.21,7.75,3.44,1.59,4.34,89.36,16.21,40.3,47.9,43.1,10.2,1.0,54.6,C-,C,C-,F,C,37.1,Common,False,False,0,bbref_war
winklda01,winklda01,Dan Winkler,Modern Era (2016-Pres),2018,2017,2015,2021,ATL,ATL,RP,182,0,2,158.33333333333334,9,5,173,80,19.0,0.72,9.83,4.55,1.08,3.98,95.69,,65.2,15.7,47.2,2.0,39.3,54.5,B,F,C,F,C,37.0,Common,False,False,0,bbref_war
cabrege01,cabrege01,Genesis Cabrera,Modern Era (2016-Pres),2022,2021,2019,2025,STL,STL,RP,312,2,6,318.3333333333333,17,15,303,154,46.0,-1.0,8.57,4.35,1.3,4.24,110.07,10.17,50.1,21.3,56.5,3.7,20.2,65.2,C,D-,C+,F,B,36.8,Common,False,False,0,bbref_war
krolia01,krolia01,Ian Krol,Modern Era (2016-Pres),2016,2016,2013,2021,DET,DET,RP,243,0,1,208.66666666666666,8,6,196,81,29.0,-0.33,8.45,3.49,1.25,4.49,79.7,,48.8,46.2,36.8,1.8,24.5,47.6,C,C,D+,F,C,36.8,Common,False,False,0,bbref_war
osichjo01,osichjo01,Josh Osich,Modern Era (2016-Pres),2018,2019,2015,2021,SFG,SFG,RP,251,1,1,220.66666666666666,13,6,199,86,45.0,-0.89,8.12,3.51,1.84,5.02,91.47,18.33,44.7,45.8,44.5,2.1,1.0,53.8,C-,C,C-,F,C,36.8,Common,False,False,0,bbref_war
wilsost02,wilsost02,Steven Wilson,Modern Era (2016-Pres),2024,2025,2022,2025,SDP,SDP,RP,201,1,3,196.0,8,12,195,95,29.0,1.89,8.95,4.36,1.33,3.86,107.1,53.0,54.7,21.1,54.6,3.2,17.5,50.7,C,D-,C,F,C,36.5,Common,False,False,0,bbref_war
anderju01,anderju01,Justin Anderson,Modern Era (2016-Pres),2019,2018,2018,2024,LAA,LAA,RP,167,0,6,155.66666666666666,7,5,184,104,14.0,0.81,10.64,6.01,0.81,4.63,93.81,,74.8,1.0,46.0,2.7,62.7,48.5,B,F,C,F,C,36.4,Common,False,False,0,bbref_war
langeal01,langeal01,Alex Lange,Modern Era (2016-Pres),2023,2023,2021,2025,DET,DET,RP,196,0,29,184.66666666666666,15,15,222,110,16.0,1.21,10.82,5.36,0.78,3.7,87.2,,77.0,1.0,41.7,2.8,65.3,55.7,B+,F,C-,F,C+,36.4,Common,False,False,0,bbref_war
quackke01,quackke01,Kevin Quackenbush,Modern Era (2016-Pres),2016,2014,2014,2021,SDP,SDP,RP,204,0,8,208.0,13,15,187,82,24.0,0.47,8.09,3.55,1.04,4.41,76.32,,44.4,44.6,34.6,3.7,42.9,55.1,C-,C-,D,F,C+,36.4,Common,False,False,0,bbref_war
biagijo01,biagijo01,Joe Biagini,Modern Era (2016-Pres),2018,2016,2016,2021,TOR,TOR,RP,222,22,3,331.3333333333333,15,25,278,116,47.0,-0.02,7.55,3.15,1.28,5.03,68.27,12.32,38.0,56.1,29.4,9.3,22.2,59.0,D+,C+,D,F,C+,36.3,Common,False,False,0,bbref_war
rondobr01,rondobr01,Bruce Rondon,Modern Era (2016-Pres),2016,2016,2013,2018,DET,DET,RP,158,0,8,141.33333333333334,10,10,173,79,12.0,-1.49,11.02,5.03,0.76,5.73,85.52,,79.4,1.7,40.6,2.2,66.6,42.7,B+,F,C-,F,C-,36.2,Common,False,False,0,bbref_war
gantjo01,gantjo01,John Gant,Modern Era (2016-Pres),2018,2018,2016,2021,STL,STL,RP,173,49,3,372.6666666666667,24,26,325,200,34.0,2.38,7.85,4.83,0.82,3.89,112.92,6.76,41.5,7.5,58.4,17.0,61.7,60.5,C-,F,C+,F,B-,35.5,Common,False,False,0,bbref_war
longsa01,longsa01,Sam Long,Modern Era (2016-Pres),2023,2024,2021,2025,KCR,KCR,RP,162,12,4,211.0,8,11,180,89,30.0,-0.39,7.68,3.8,1.28,4.65,93.67,20.06,39.5,37.4,45.9,7.0,22.0,50.0,D+,D+,C,F,C,35.4,Common,False,False,0,bbref_war
ryanky01,ryanky01,Kyle Ryan,Modern Era (2016-Pres),2017,2016,2014,2021,DET,DET,RP,190,7,2,218.0,13,8,147,85,24.0,2.09,6.07,3.51,0.99,4.05,102.7,9.86,20.3,45.7,51.8,5.2,47.0,46.7,D-,C,C,F,C,34.9,Common,False,False,0,bbref_war
stumpda01,stumpda01,Daniel Stumpf,Modern Era (2016-Pres),2018,2017,2016,2019,DET,DET,RP,166,0,0,110.0,2,7,100,48,16.0,0.74,8.18,3.93,1.31,4.66,90.42,,45.5,33.6,43.8,1.0,19.4,43.3,C,D,C-,F,C-,34.0,Common,False,False,0,bbref_war
hernaca04,hernaca04,Carlos Hernandez,Modern Era (2016-Pres),2022,2021,2020,2025,KCR,KCR,RP,191,25,4,299.6666666666667,8,19,265,147,33.0,0.12,7.96,4.41,0.99,5.14,94.54,9.54,42.8,19.5,46.5,10.2,47.0,56.0,C-,F,C,F,C+,33.9,Common,False,False,0,bbref_war
fryja01,fryja01,Jace Fry,Modern Era (2016-Pres),2019,2018,2017,2021,CHW,CHW,RP,162,1,4,139.33333333333334,5,9,168,86,16.0,-0.16,10.85,5.56,1.03,5.04,80.29,51.33,77.4,1.0,37.2,1.8,43.3,49.6,B+,F,D+,F,C,33.8,Common,False,False,0,bbref_war
raineta01,raineta01,Tanner Rainey,Modern Era (2016-Pres),2022,2020,2018,2025,WSH,WSH,RP,211,0,15,199.0,5,11,247,134,33.0,0.35,11.03,5.86,1.45,5.16,78.42,,79.5,1.0,36.0,3.1,7.0,50.3,B+,F,D+,F,C,32.5,Common,False,False,0,bbref_war
castrmi01,castrmi01,Miguel Castro,Modern Era (2016-Pres),2020,2018,2015,2025,BAL,BAL,RP,425,4,14,466.6666666666667,22,28,414,238,59.0,3.98,7.93,4.71,1.08,4.04,103.56,62.61,42.5,11.0,52.3,5.1,39.3,50.9,C-,F,C,F,C,31.7,Common,False,False,0,bbref_war
martipe02,martipe02,Pedro Martinez,Steroid Era (1994-2005),2000,2000,1992,2009,BOS,BOS,SP,476,409,3,2827.3333333333335,219,100,3154,760,239.0,59.19,10.78,2.01,0.64,2.27,210.77,7.11,106.3,92.7,122.0,64.0,75.3,83.6,S,A,S,B-,A-,97.8,Legendary,True,True,8,bbref_war
johnsra05,johnsra05,Randy Johnson,Steroid Era (1994-2005),2000,2002,1988,2009,SEA,SEA,SP,618,603,2,4135.333333333333,303,166,4875,1497,411.0,63.13,12.11,2.5,0.78,2.47,187.69,7.31,125.0,79.3,107.0,66.0,62.4,71.9,S,B+,S,B,B,94.4,Legendary,True,True,10,bbref_war
wagnebi02,wagnebi02,Billy Wagner,Steroid Era (1994-2005),2003,1999,1995,2010,HOU,HOU,RP,853,0,422,903.0,47,40,1196,300,82.0,19.68,11.84,2.63,0.75,1.95,234.31,,121.9,76.0,125.0,2.4,65.5,84.0,S,B+,S,F,A-,88.6,Legendary,True,True,6,bbref_war
maddugr01,maddugr01,Greg Maddux,Steroid Era (1994-2005),1996,1995,1986,2008,ATL,ATL,SP,744,740,0,5008.333333333333,355,227,3371,999,353.0,55.4,6.94,1.41,0.39,2.25,198.26,7.4,49.9,109.1,113.9,66.9,98.1,98.9,C,S,S,B,A+,88.1,Legendary,True,True,8,bbref_war
schilcu01,schilcu01,Curt Schilling,Steroid Era (1994-2005),2001,2001,1988,2007,PHI,PHI,SP,569,436,22,3261.0,216,146,3116,711,347.0,49.43,9.61,1.72,0.89,3.01,147.41,7.5,89.1,100.6,80.8,67.9,52.2,56.9,A,S,A-,B,C+,83.3,Legendary,True,False,6,bbref_war
nenro01,nenro01,Robb Nen,Steroid Era (1994-2005),1998,1998,1993,2002,SFG,SFG,RP,643,4,314,715.0,45,42,793,260,51.0,14.97,10.46,2.58,0.53,2.3,192.22,,101.7,77.2,109.9,2.7,85.4,76.3,S,B+,S,F,B+,80.7,Legendary,True,False,3,bbref_war
riverma01,riverma01,Mariano Rivera,Steroid Era (1994-2005),2005,1996,1995,2013,NYY,NYY,RP,1115,10,652,1283.6666666666667,82,60,1173,286,71.0,28.69,8.99,1.99,0.41,1.77,264.17,,80.1,93.4,125.0,3.7,95.9,1.0,A-,A,S,F,F,80.0,Legendary,True,True,13,bbref_war
gagneer01,gagneer01,Eric Gagne,Steroid Era (1994-2005),2003,2003,1999,2008,LAD,LAD,RP,402,48,187,643.6666666666666,33,26,718,226,76.0,11.79,11.1,3.18,0.83,2.84,186.81,5.67,111.0,60.9,106.4,6.0,57.9,81.4,S,B-,S,F,A-,77.4,Legendary,True,False,3,bbref_war
brownke01,brownke01,Kevin Brown,Steroid Era (1994-2005),1998,1998,1986,2005,TEX,TEX,SP,486,476,0,3256.3333333333335,211,144,2397,901,208.0,46.0,7.56,2.06,0.47,2.63,160.57,7.17,58.9,91.3,89.4,64.6,90.5,54.3,C+,A,A,B-,C,76.8,Legendary,True,False,6,bbref_war
hoffmtr01,hoffmtr01,Trevor Hoffman,Steroid Era (1994-2005),1998,1998,1993,2010,SDP,SDP,RP,1035,0,601,1089.3333333333333,61,75,1133,307,100.0,19.59,10.09,2.51,0.65,2.18,191.07,,96.2,79.2,109.2,2.9,74.2,6.4,A+,B+,S,F,F,75.6,Legendary,True,True,7,bbref_war
wettejo01,wettejo01,John Wetteland,Steroid Era (1994-2005),1996,1993,1989,2000,TEX,TEX,RP,618,17,330,765.0,48,45,804,252,73.0,16.84,10.02,2.83,0.81,2.5,197.92,,95.2,70.5,113.7,2.8,59.5,47.7,A+,B,S,F,C,75.6,Legendary,True,False,3,bbref_war
foulkke01,foulkke01,Keith Foulke,Steroid Era (1994-2005),2002,1999,1997,2008,CHW,CHW,RP,619,8,191,786.6666666666666,41,37,718,194,94.0,20.71,8.66,1.89,0.9,2.6,184.95,,75.2,95.9,105.2,4.2,51.9,46.4,B+,A+,S,F,C,74.6,Legendary,True,False,1,bbref_war
oswalro01,oswalro01,Roy Oswalt,Steroid Era (1994-2005),2005,2002,2001,2013,HOU,HOU,SP,365,341,0,2245.3333333333335,163,102,1852,520,197.0,39.93,7.54,2.1,0.7,3.03,149.32,6.82,58.7,90.3,82.1,61.0,70.0,59.6,C+,A,A-,B-,C+,73.4,Legendary,True,False,3,bbref_war
percitr01,percitr01,Troy Percival,Steroid Era (1994-2005),1998,1996,1995,2009,LAA,LAA,RP,703,1,358,708.6666666666666,35,43,781,306,85.0,14.84,11.31,3.72,0.86,2.78,178.65,,114.1,46.3,101.1,2.3,55.0,82.3,S,C,S,F,A-,72.6,Legendary,True,False,4,bbref_war
smoltjo01,smoltjo01,John Smoltz,Steroid Era (1994-2005),1999,1996,1988,2009,ATL,ATL,SP,723,481,154,3473.0,213,155,3084,1010,288.0,37.39,7.9,2.2,0.73,3.23,133.91,6.77,63.9,87.5,72.0,60.5,67.2,79.2,B-,A,B,B-,B+,72.2,Legendary,True,True,8,bbref_war
mussimi01,mussimi01,Mike Mussina,Steroid Era (1994-2005),1997,1992,1991,2008,BAL,BAL,SP,537,536,0,3562.6666666666665,270,153,2813,785,376.0,44.58,7.13,1.88,0.9,3.2,142.89,7.04,52.7,96.3,77.9,63.2,51.5,53.1,C,A+,B+,B-,C,71.4,Legendary,True,True,5,bbref_war
ryanbj01,ryanb.01,B. J. Ryan,Steroid Era (1994-2005),2004,2006,1999,2009,BAL,BAL,RP,560,0,117,536.6666666666666,21,28,625,264,42.0,12.7,11.12,3.94,0.5,2.75,174.78,,111.3,40.4,98.6,1.6,88.0,82.7,S,C-,A+,F,A-,71.4,Epic,True,False,2,bbref_war
rhodear01,rhodear01,Arthur Rhodes,Steroid Era (1994-2005),2001,2002,1991,2011,BAL,BAL,RP,900,61,33,1187.6666666666667,87,70,1152,516,126.0,14.03,9.2,2.83,0.68,2.81,165.08,6.29,83.1,70.6,92.3,5.3,71.1,83.7,A-,B,A,F,A-,70.0,Epic,True,False,1,bbref_war
benitar01,benitar01,Armando Benitez,Steroid Era (1994-2005),2000,2004,1994,2008,NYM,NYM,RP,762,0,289,779.0,40,47,946,403,95.0,16.43,11.44,4.41,0.91,2.46,196.83,,116.1,27.5,112.9,2.2,51.0,49.5,S,D,S,F,C,69.5,Epic,True,False,2,bbref_war
vazquja01,vazquja01,Javier Vazquez,Steroid Era (1994-2005),2003,2007,1998,2011,WSH,WSH,SP,450,443,0,2840.0,165,160,2536,763,373.0,34.99,8.58,2.13,1.04,3.69,123.53,6.73,74.0,89.5,65.3,60.1,39.5,16.1,B,A,B,B-,F,69.0,Epic,True,False,1,bbref_war
sheetbe01,sheetbe01,Ben Sheets,Steroid Era (1994-2005),2005,2004,2001,2012,MIL,MIL,SP,250,250,0,1596.6666666666667,94,96,1325,369,184.0,25.01,7.84,1.87,0.97,3.6,122.49,6.5,63.1,96.5,64.6,57.7,45.8,38.2,B-,A+,B-,C+,D+,68.9,Epic,True,False,4,bbref_war
priorma01,priorma01,Mark Prior,Steroid Era (1994-2005),2004,2003,2002,2006,CHC,CHC,SP,106,106,0,657.0,42,29,757,223,77.0,15.74,10.37,3.05,1.05,3.51,119.01,5.97,100.3,64.4,62.4,52.4,37.8,34.0,S,B-,B-,C,D,68.2,Epic,True,False,1,bbref_war
beckro01,beckro01,Rod Beck,Steroid Era (1994-2005),1998,1992,1991,2004,SFG,SFG,RP,704,0,286,768.0,38,45,644,191,97.0,11.25,8.27,2.09,1.07,2.74,163.15,,69.4,90.6,91.1,3.0,36.3,58.9,B,A,A,F,C+,68.0,Epic,True,False,3,bbref_war
donnebr01,donnebr01,Brendan Donnelly,Steroid Era (1994-2005),2005,2003,2002,2010,LAA,LAA,RP,386,0,6,385.3333333333333,32,10,369,154,35.0,8.4,8.84,3.14,0.71,2.8,180.81,,77.8,62.0,102.5,2.1,68.6,72.8,B+,B-,S,F,B,68.0,Epic,True,False,1,bbref_war
cordefr01,cordefr01,Francisco Cordero,Steroid Era (1994-2005),2005,2004,1999,2012,TEX,TEX,RP,800,0,329,824.6666666666666,47,53,796,375,64.0,14.26,9.13,3.52,0.46,2.59,187.98,,82.0,51.9,107.2,2.3,91.3,54.8,A-,C,S,F,C,67.9,Epic,True,False,3,bbref_war
urbinug01,urbinug01,Ugueth Urbina,Steroid Era (1994-2005),2001,1998,1995,2005,WSH,WSH,RP,583,21,237,697.3333333333334,44,49,814,307,86.0,12.33,10.57,3.77,1.05,3.17,173.72,6.71,103.2,45.1,97.9,4.1,38.6,55.9,S,C,A+,F,C+,66.9,Epic,True,False,2,bbref_war
reynosh01,reynosh01,Shane Reynolds,Steroid Era (1994-2005),1998,1998,1992,2004,HOU,HOU,SP,305,278,0,1791.6666666666667,114,96,1403,419,191.0,18.82,7.37,1.85,0.93,3.83,111.85,6.82,56.2,97.1,57.7,61.0,49.4,45.5,C+,A+,C+,B-,C,66.6,Epic,True,False,1,bbref_war
appieke01,appieke01,Kevin Appier,Steroid Era (1994-2005),1994,1993,1989,2004,KCR,KCR,SP,414,402,0,2595.3333333333335,169,137,1994,933,232.0,43.14,7.5,3.1,0.61,3.19,144.34,6.92,58.0,63.1,78.8,62.1,78.1,61.0,C+,B-,B+,B-,B-,66.2,Epic,True,False,1,bbref_war
jacksmi02,jacksmi02,Michael Jackson,Steroid Era (1994-2005),1995,1998,1986,2004,SEA,SEA,RP,1005,7,142,1188.3333333333333,62,67,1006,464,127.0,13.72,8.09,3.18,0.77,2.72,188.35,,66.8,61.1,107.4,3.5,63.4,71.7,B,B-,S,F,B,66.1,Epic,False,False,0,bbref_war
hernaro01,hernaro01,Roberto Hernandez,Steroid Era (1994-2005),1997,1996,1991,2007,CHW,CHW,RP,1010,3,326,1071.3333333333333,67,71,945,462,96.0,18.41,8.42,3.39,0.58,2.44,188.62,,71.6,55.4,107.6,3.3,80.9,50.2,B,C+,S,F,C,65.7,Epic,True,False,2,bbref_war
doteloc01,doteloc01,Octavio Dotel,Steroid Era (1994-2005),2003,2002,1999,2013,HOU,HOU,RP,758,34,109,951.0,59,50,1143,412,117.0,14.44,11.05,3.59,1.02,3.35,152.23,17.03,110.2,50.0,83.9,5.2,41.3,32.9,S,C,A-,F,D,65.5,Epic,False,False,0,bbref_war
lowede01,lowede01,Derek Lowe,Steroid Era (1994-2005),2003,2002,1997,2013,BOS,BOS,SP,681,377,86,2671.3333333333335,176,157,1722,794,217.0,28.7,5.84,2.34,0.65,3.39,148.28,6.37,33.7,83.7,81.4,56.5,74.5,67.0,D,A-,A-,C+,B,65.2,Epic,True,False,2,bbref_war
morrima01,morrima01,Matt Morris,Steroid Era (1994-2005),2001,2001,1997,2008,STL,STL,SP,307,276,4,1806.0,121,92,1214,509,175.0,18.62,6.55,2.47,0.72,3.42,128.13,6.47,44.1,80.3,68.3,57.4,68.0,90.4,C-,A-,B,C+,A,64.7,Epic,True,False,2,bbref_war
silvaca01,silvaca01,Carlos Silva,Steroid Era (1994-2005),2005,2004,2002,2010,MIN,MIN,SP,316,180,2,1241.6666666666667,70,70,554,238,153.0,11.88,4.11,1.72,0.94,4.12,100.88,19.5,8.3,100.4,50.6,125.0,48.0,74.8,F,S,C,S,B,64.7,Epic,False,False,0,bbref_war
reyesal01,reyesal01,Alberto Reyes,Steroid Era (1994-2005),2002,2005,1995,2008,MIL,MIL,RP,384,2,32,428.6666666666667,23,16,422,195,53.0,5.52,8.91,4.35,0.95,3.2,214.24,6.0,78.8,29.2,124.3,3.2,47.0,70.6,B+,D,S,F,B,64.4,Epic,False,False,0,bbref_war
quantpa01,quantpa01,Paul Quantrill,Steroid Era (1994-2005),1999,1997,1992,2005,TOR,TOR,RP,841,64,21,1255.6666666666667,68,78,725,336,112.0,14.23,5.76,2.2,0.45,2.47,182.38,,32.5,87.5,103.5,2.3,92.5,69.2,D,A,S,F,B,64.3,Epic,True,False,1,bbref_war
escobke01,escobke01,Kelvim Escobar,Steroid Era (1994-2005),2004,2007,1997,2009,TOR,TOR,SP,411,202,59,1507.0,101,91,1310,611,137.0,21.76,7.91,3.27,0.7,3.72,125.39,7.72,64.1,58.4,66.5,70.1,69.6,52.8,B-,C+,B,B,C,63.9,Epic,False,False,0,bbref_war
sasakka01,sasakka01,Kazuhiro Sasaki,Steroid Era (1994-2005),2002,2000,2000,2003,SEA,SEA,RP,228,0,129,223.33333333333334,7,16,242,77,24.0,3.67,9.75,3.1,0.97,3.14,137.55,,91.2,63.1,74.4,1.7,45.7,81.8,A,B-,B,F,A-,63.8,Epic,True,False,2,bbref_war
millwke01,millwke01,Kevin Millwood,Steroid Era (1994-2005),2003,1999,1997,2012,ATL,ATL,SP,451,443,0,2720.3333333333335,169,152,2083,843,296.0,25.35,6.94,2.61,0.93,3.67,124.21,6.41,49.9,76.6,65.7,56.8,48.7,94.0,C,B+,B,C+,A,63.7,Epic,True,False,1,bbref_war
wellsda01,wellsda01,David Wells,Steroid Era (1994-2005),1998,1995,1987,2007,TOR,TOR,SP,660,489,13,3439.0,239,157,2201,719,407.0,31.59,5.93,1.64,0.97,3.74,121.33,6.98,35.0,102.8,63.9,62.6,45.9,25.0,D+,S,B-,B-,D,63.4,Epic,True,False,3,bbref_war
glavito02,glavito02,Tom Glavine,Steroid Era (1994-2005),1997,1991,1987,2008,ATL,ATL,SP,682,682,0,4413.333333333333,305,203,2607,1500,356.0,39.86,5.99,2.8,0.61,2.99,142.67,6.88,35.8,71.2,77.7,61.6,77.7,73.2,D+,B,B+,B-,B,63.0,Legendary,True,True,10,bbref_war
coneda01,coneda01,David Cone,Steroid Era (1994-2005),1994,1993,1986,2003,NYM,NYM,SP,450,419,1,2898.6666666666665,194,126,2668,1137,258.0,43.54,8.19,3.68,0.72,3.02,145.92,7.31,68.2,47.5,79.8,66.0,67.9,13.6,B,C,B+,B,F,62.8,Epic,True,False,5,bbref_war
pineijo01,pineijo01,Joel Pineiro,Steroid Era (1994-2005),2004,2002,2000,2011,SEA,SEA,SP,335,263,2,1754.3333333333333,104,93,1058,487,193.0,16.81,5.89,2.33,0.88,3.68,124.22,7.04,34.4,84.1,65.7,63.3,53.7,88.8,D,A-,B,B-,A,62.7,Epic,False,False,0,bbref_war
shielsc01,shielsc01,Scot Shields,Steroid Era (1994-2005),2005,2003,2001,2010,LAA,LAA,RP,491,15,21,697.0,46,44,631,278,55.0,12.75,8.29,3.21,0.69,2.98,155.12,30.21,69.6,60.2,85.8,6.8,70.3,82.5,B,B-,A,F,A-,62.6,Epic,False,False,0,bbref_war
zimmeje02,zimmeje02,Jeff Zimmerman,Steroid Era (1994-2005),2000,1999,1999,2001,TEX,TEX,RP,196,0,32,228.66666666666666,17,12,213,73,29.0,7.53,8.38,2.87,1.14,3.27,168.6,,71.1,69.3,94.6,3.6,30.0,32.3,B,B,A,F,D,62.4,Epic,True,False,1,bbref_war
hudsoti01,hudsoti01,Tim Hudson,Steroid Era (1994-2005),2003,2003,1999,2015,ATL,ATL,SP,482,479,0,3126.6666666666665,222,133,2080,917,248.0,37.52,6.0,2.58,0.67,3.24,135.74,6.77,36.0,77.2,73.2,60.6,72.4,55.4,D+,B+,B,B-,C+,62.1,Epic,True,False,4,bbref_war
whitega01,whitega01,Gabe White,Steroid Era (1994-2005),2000,2000,1994,2005,CIN,CIN,RP,472,15,17,570.6666666666666,34,26,454,141,96.0,8.4,7.4,1.9,1.21,3.59,131.03,19.86,56.6,95.8,70.2,4.5,23.7,89.4,C+,A+,B,F,A,62.0,Epic,False,False,0,bbref_war
reedri01,reedri01,Rick Reed,Steroid Era (1994-2005),1999,1998,1988,2003,NYM,NYM,SP,273,245,1,1545.6666666666667,93,76,970,285,213.0,20.71,5.81,1.58,1.23,3.76,114.22,6.17,33.2,104.5,59.2,54.5,22.1,67.3,D,S,C+,C,B,61.9,Epic,True,False,2,bbref_war
schmija01,schmija01,Jason Schmidt,Steroid Era (1994-2005),2002,2004,1995,2009,SFG,SFG,SP,323,314,0,1996.3333333333333,130,96,1758,792,184.0,28.77,7.95,3.16,0.82,3.62,123.71,6.58,64.7,61.5,65.4,58.6,58.8,45.5,B-,B-,B,C+,C,61.9,Epic,True,False,3,bbref_war
heredgi01,heredgi01,Gil Heredia,Steroid Era (1994-2005),1995,2000,1991,2001,OAK,OAK,SP,267,128,4,954.0,57,51,547,221,115.0,10.43,5.38,1.96,0.89,4.16,114.2,9.39,26.9,94.1,59.2,87.1,52.4,22.0,D,A,C+,A,D-,61.8,Epic,False,False,0,bbref_war
radkebr01,radkebr01,Brad Radke,Steroid Era (1994-2005),1999,1999,1995,2006,MIN,MIN,SP,378,377,0,2451.0,148,139,1467,445,326.0,36.33,5.77,1.68,1.1,4.04,121.07,6.68,32.6,101.5,63.7,59.6,33.5,34.0,D,S,B-,C+,D,61.8,Epic,True,False,1,bbref_war
fasseje01,fasseje01,Jeff Fassero,Steroid Era (1994-2005),1996,1996,1991,2006,WSH,WSH,RP,720,242,25,2033.6666666666667,121,124,1643,724,214.0,24.55,7.68,2.93,0.87,3.62,128.67,7.01,60.7,67.7,68.6,45.3,54.7,55.5,B-,B,B,C,C+,61.6,Epic,False,False,0,bbref_war
bankswi01,bankswi01,Willie Banks,Steroid Era (1994-2005),1997,1993,1991,2002,MIN,MIN,SP,181,84,2,610.3333333333334,33,39,428,302,65.0,2.77,6.6,4.15,0.9,4.41,182.91,7.88,44.8,34.6,103.9,71.7,51.5,45.9,C-,D,S,B,C,61.5,Epic,False,False,0,bbref_war
fernaal01,fernaal01,Alex Fernandez,Steroid Era (1994-2005),1995,1996,1990,2000,CHW,CHW,SP,263,261,0,1760.3333333333333,107,87,1252,552,190.0,26.07,6.67,2.7,0.99,3.54,121.86,6.86,45.9,74.1,64.2,61.5,43.7,70.5,C,B,B-,B-,B,61.0,Epic,False,False,0,bbref_war
liebejo01,liebejo01,Jon Lieber,Steroid Era (1994-2005),2000,2001,1994,2008,CHC,CHC,SP,401,327,2,2198.0,131,124,1553,422,285.0,20.94,6.53,1.69,1.12,4.13,106.11,7.02,43.9,101.5,54.0,63.1,32.0,1.0,C-,S,C,B-,F,61.0,Epic,True,False,1,bbref_war
howrybo01,howrybo01,Bob Howry,Steroid Era (1994-2005),2004,2000,1998,2010,CHW,CHW,RP,769,0,66,787.6666666666666,45,52,653,253,93.0,10.93,8.12,2.89,0.89,3.1,151.39,,67.2,68.8,83.4,2.1,52.9,61.5,B,B,A-,F,B-,60.9,Epic,False,False,0,bbref_war
neaglde01,neaglde01,Denny Neagle,Steroid Era (1994-2005),1998,1996,1991,2003,PIT,PIT,SP,392,286,3,1890.3333333333333,124,92,1415,594,250.0,23.29,6.57,2.52,1.13,3.86,115.89,6.43,44.4,78.8,60.3,57.1,30.7,98.9,C-,B+,B-,C+,A+,60.9,Epic,True,False,2,bbref_war
isrinja01,isrinja01,Jason Isringhausen,Steroid Era (1994-2005),2002,1995,1995,2012,STL,STL,RP,724,52,300,1007.6666666666666,51,55,830,437,85.0,11.95,7.77,3.29,0.54,2.76,160.02,6.64,62.0,58.1,89.0,4.2,84.0,74.7,B-,C+,A,F,B,60.8,Epic,True,False,2,bbref_war
wagnepa01,wagnepa01,Paul Wagner,Steroid Era (1994-2005),1995,1995,1992,1999,PIT,PIT,SP,160,84,3,598.6666666666666,29,45,452,255,64.0,3.42,6.88,3.71,0.9,4.59,156.05,8.08,48.9,46.5,86.4,73.8,52.2,29.5,C,C,A,B,D,60.6,Epic,False,False,0,bbref_war
lidleco01,lidleco01,Cory Lidle,Steroid Era (1994-2005),2002,2002,1997,2006,PHI,PHI,SP,277,199,2,1322.6666666666667,82,72,838,356,159.0,10.93,5.66,2.49,1.12,4.56,102.95,11.52,31.1,79.6,51.9,108.7,31.9,39.7,D,B+,C,S,D+,60.5,Epic,False,False,0,bbref_war
marteda01,marteda01,Damaso Marte,Steroid Era (1994-2005),2005,2003,1999,2010,PIT,PIT,RP,570,0,36,503.6666666666667,23,27,533,229,48.0,10.75,9.81,4.08,0.74,3.05,159.67,,92.0,36.5,88.8,1.0,66.5,54.1,A,D+,A,F,C,60.5,Epic,False,False,0,bbref_war
moyerja01,moyerja01,Jamie Moyer,Steroid Era (1994-2005),1999,1999,1986,2012,SEA,SEA,SP,696,638,0,4074.0,269,209,2441,1155,522.0,32.91,5.51,2.08,0.94,3.53,122.73,6.67,28.9,90.9,64.8,59.5,47.9,60.6,D,A,B-,C+,B-,60.5,Epic,True,False,1,bbref_war
persoro01,persoro01,Robert Person,Steroid Era (1994-2005),1999,2000,1995,2003,PHI,PHI,SP,206,135,9,897.3333333333334,51,42,773,438,129.0,6.69,7.95,4.26,1.25,4.43,156.69,7.33,64.6,31.7,86.8,66.2,20.3,75.4,B-,D,A,B,B+,60.5,Epic,False,False,0,bbref_war
wakefti01,wakefti01,Tim Wakefield,Steroid Era (1994-2005),2002,1995,1992,2011,BOS,BOS,SP,627,463,22,3226.3333333333335,200,180,2156,1205,418.0,24.88,6.52,3.12,1.0,3.58,134.38,7.73,43.6,62.6,72.3,70.3,43.0,63.5,C-,B-,B,B,B-,60.5,Epic,True,False,1,bbref_war
embreal01,embreal01,Alan Embree,Steroid Era (1994-2005),2003,2002,1992,2009,BOS,BOS,RP,882,4,25,774.0,39,45,691,293,95.0,7.37,8.33,2.9,0.78,3.4,140.24,,70.3,68.6,76.2,1.0,62.9,62.0,B,B,B+,F,B-,60.2,Epic,False,False,0,bbref_war
pettian01,pettian01,Andy Pettitte,Steroid Era (1994-2005),2001,1997,1995,2013,NYY,NYY,SP,531,521,0,3316.0,256,153,2448,1031,288.0,34.88,6.47,2.67,0.68,3.64,129.72,6.48,42.9,74.9,69.3,57.6,71.2,22.3,C-,B,B,C+,D-,60.1,Epic,True,False,3,bbref_war
eldreca01,eldreca01,Cal Eldred,Steroid Era (1994-2005),1996,1993,1991,2005,MIL,MIL,SP,341,192,9,1368.0,86,74,939,576,173.0,17.24,5.9,3.72,1.05,4.14,135.03,10.81,34.6,46.4,72.8,101.6,38.6,85.5,D,C,B,S,A,59.9,Epic,False,False,0,bbref_war
seaneru01,seaneru01,Rudy Seanez,Steroid Era (1994-2005),2001,2005,1989,2008,ATL,ATL,RP,544,0,12,566.0,41,30,574,285,58.0,5.91,9.58,3.61,0.76,3.15,141.37,,88.7,49.4,76.9,2.5,64.4,49.9,A,C,B+,F,C,59.8,Epic,False,False,0,bbref_war
bradfch01,bradfch01,Chad Bradford,Steroid Era (1994-2005),2005,2003,1998,2009,OAK,OAK,RP,561,0,11,515.6666666666666,36,28,313,137,28.0,9.18,5.72,2.21,0.47,2.96,158.17,,31.8,87.2,87.8,1.2,90.1,65.5,D,A,A,F,B,59.7,Epic,False,False,0,bbref_war
colonba01,colonba01,Bartolo Colon,Steroid Era (1994-2005),2001,2002,1997,2018,CLE,CLE,SP,565,552,0,3461.6666666666665,247,188,2535,948,439.0,36.03,7.1,3.08,0.91,3.59,129.66,6.62,52.2,63.6,69.3,59.0,50.9,40.0,C,B-,B,C+,C-,59.7,Epic,True,False,4,bbref_war
hawkila01,hawkila01,LaTroy Hawkins,Steroid Era (1994-2005),2003,2003,1995,2015,MIN,MIN,RP,1042,98,127,1467.3333333333333,75,94,983,456,163.0,16.16,6.29,2.39,0.93,3.38,171.67,5.77,40.3,82.4,96.6,6.4,48.7,28.8,C-,A-,A+,F,D,59.7,Epic,False,False,0,bbref_war
burkejo03,burkejo03,John Burkett,Steroid Era (1994-2005),1996,2001,1987,2003,SFG,SFG,SP,445,423,1,2648.3333333333335,166,136,1766,700,257.0,17.18,6.12,2.27,0.84,4.06,107.86,6.4,37.8,85.6,55.1,56.8,57.2,70.3,D+,A,C+,C+,B,59.5,Epic,True,False,2,bbref_war
garcifr02,garcifr03,Freddy Garcia,Steroid Era (1994-2005),2004,1999,1999,2013,SEA,SEA,SP,376,357,0,2264.0,156,108,1621,708,285.0,27.65,6.61,2.7,0.98,3.91,116.79,6.54,44.9,74.1,60.9,58.2,44.2,72.2,C-,B,B-,C+,B,59.5,Epic,True,False,2,bbref_war
hammoch01,hammoch01,Chris Hammond,Steroid Era (1994-2005),2002,2002,1990,2006,MIA,MIA,RP,441,136,3,1123.6666666666667,66,62,712,387,105.0,11.43,5.99,2.73,0.78,3.47,172.96,6.11,35.8,73.3,97.4,15.4,62.1,49.2,D+,B,A+,F,C,59.5,Epic,False,False,0,bbref_war
speieju01,speieju01,Justin Speier,Steroid Era (1994-2005),2004,2005,1998,2009,TOR,TOR,RP,613,0,17,675.0,35,33,588,231,108.0,8.45,8.04,2.85,1.23,3.54,141.23,,66.1,70.0,76.8,3.0,22.4,92.1,B,B,B+,F,A,59.4,Epic,False,False,0,bbref_war
woodke02,woodke02,Kerry Wood,Steroid Era (1994-2005),2002,2003,1998,2012,CHC,CHC,RP,446,178,63,1380.0,86,75,1582,666,148.0,24.17,10.49,4.3,0.91,3.61,121.75,6.34,102.1,30.6,64.1,40.9,51.0,27.2,S,D,B-,C-,D,59.2,Epic,True,False,2,bbref_war
holmeda01,holmeda01,Darren Holmes,Steroid Era (1994-2005),1996,1995,1990,2003,COL,COL,RP,557,6,59,680.0,35,33,581,256,63.0,9.39,7.47,3.05,0.62,3.31,151.11,,57.6,64.5,83.2,3.0,77.1,68.7,C+,B-,A-,F,B,59.1,Epic,False,False,0,bbref_war
timlimi01,timlimi01,Mike Timlin,Steroid Era (1994-2005),1998,2005,1991,2008,TOR,TOR,RP,1058,4,141,1204.3333333333333,75,73,872,377,118.0,13.61,6.73,2.5,0.68,3.12,157.48,36.11,46.8,79.3,87.4,3.8,71.6,31.0,C,B+,A,F,D,59.1,Epic,False,False,0,bbref_war
mcdonbe01,mcdonbe01,Ben McDonald,Steroid Era (1994-2005),1994,1996,1989,1997,BAL,BAL,SP,211,198,0,1291.3333333333333,78,70,894,437,138.0,21.03,6.27,3.03,0.93,3.78,124.29,6.61,39.9,65.0,65.8,58.8,48.8,101.0,D+,B,B,C+,S,59.0,Epic,False,False,0,bbref_war
perezod01,perezod01,Odalis Perez,Steroid Era (1994-2005),2003,2002,1998,2008,LAD,LAD,SP,252,221,0,1335.0,73,82,920,388,162.0,10.66,6.38,2.34,1.09,3.93,103.5,6.08,41.5,83.8,52.3,53.5,35.0,94.8,C-,A-,C,C,A,58.9,Epic,True,False,1,bbref_war
pennybr01,pennybr01,Brad Penny,Steroid Era (1994-2005),2005,2007,2000,2014,MIA,MIA,SP,349,319,0,1925.0,121,101,1273,619,194.0,21.19,6.4,2.61,0.8,3.87,118.67,6.08,41.9,76.5,62.1,53.5,60.5,52.3,C-,B+,B-,C,C,58.8,Epic,True,False,2,bbref_war
harnipe01,harnipe01,Pete Harnisch,Steroid Era (1994-2005),1995,1998,1988,2001,HOU,HOU,SP,321,318,0,1959.0,111,103,1368,716,223.0,19.38,6.64,2.91,0.96,3.42,117.62,6.26,45.4,68.3,61.5,55.4,46.7,83.7,C,B,B-,C+,A-,58.6,Epic,True,False,1,bbref_war
thomsjo01,thomsjo01,John Thomson,Steroid Era (1994-2005),2003,1997,1997,2007,COL,COL,SP,216,212,0,1270.3333333333333,63,85,800,369,154.0,12.24,5.83,2.45,0.99,4.44,114.74,6.06,33.6,80.9,59.6,53.3,43.6,97.9,D,A-,C+,C,A+,58.6,Epic,False,False,0,bbref_war
mcmicgr01,mcmicgr01,Greg McMichael,Steroid Era (1994-2005),1996,1993,1993,2000,ATL,ATL,RP,453,0,53,523.3333333333334,31,29,459,193,42.0,7.05,7.99,3.12,0.65,3.12,132.72,,65.2,62.5,71.3,3.6,74.1,85.4,B,B-,B,F,A,58.3,Epic,False,False,0,bbref_war
helliri01,helliri01,Rick Helling,Steroid Era (1994-2005),2001,2000,1994,2006,TEX,TEX,SP,301,234,0,1526.3333333333333,93,81,1058,562,247.0,18.36,6.17,3.14,1.44,4.66,160.84,6.38,38.5,62.0,89.5,56.6,3.5,41.7,D+,B-,A,C+,C-,58.2,Epic,False,False,0,bbref_war
towerjo01,towerjo01,Josh Towers,Steroid Era (1994-2005),2004,2005,2001,2009,TOR,TOR,SP,139,112,1,731.3333333333334,45,55,389,123,122.0,4.25,4.76,1.43,1.41,4.63,99.95,7.19,17.8,108.6,50.0,64.8,5.6,81.6,F,S,C,B-,A-,58.2,Epic,False,False,0,bbref_war
loaizes01,loaizes01,Esteban Loaiza,Steroid Era (1994-2005),2001,2003,1995,2008,PIT,PIT,SP,377,333,1,2099.0,126,114,1382,604,259.0,22.39,6.37,2.37,0.93,4.18,111.83,6.56,41.5,82.8,57.7,58.4,48.9,27.5,C-,A-,C+,C+,D,58.1,Epic,True,False,2,bbref_war
guzmaju01,guzmaju01,Juan Guzman,Steroid Era (1994-2005),1994,1996,1991,2000,TOR,TOR,SP,240,240,0,1483.3333333333333,91,79,1243,667,149.0,24.89,7.65,3.93,0.84,3.75,128.56,6.35,60.4,40.8,68.6,56.3,57.2,84.5,B-,C-,B,C+,A-,58.0,Epic,True,False,1,bbref_war
rincoju01,rincoju01,Juan Rincon,Steroid Era (1994-2005),2004,2004,2001,2010,MIN,MIN,RP,444,3,3,507.0,35,29,469,218,41.0,6.66,8.76,3.55,0.51,3.27,129.71,9.56,76.7,51.1,69.3,3.7,87.2,75.7,B+,C,B,F,B+,58.0,Epic,False,False,0,bbref_war
wheelda01,wheelda01,Dan Wheeler,Steroid Era (1994-2005),2005,2005,1999,2012,TB,TB,RP,589,9,43,640.6666666666666,25,43,555,194,89.0,8.15,7.74,2.69,1.21,3.34,139.42,35.06,61.6,74.3,75.6,3.1,23.5,68.9,B-,B,B+,F,B,58.0,Epic,False,False,0,bbref_war
nagych01,nagych01,Charles Nagy,Steroid Era (1994-2005),1995,1996,1990,2003,CLE,CLE,SP,318,297,0,1954.6666666666667,129,105,1242,586,217.0,27.66,5.95,2.64,0.83,3.93,117.71,6.78,35.3,75.6,61.5,60.6,57.9,55.4,D+,B+,B-,B-,C+,57.9,Epic,True,False,3,bbref_war
leitema01,leitema01,Mark Leiter,Steroid Era (1994-2005),1994,1995,1990,2001,DET,DET,SP,335,149,26,1184.3333333333333,65,73,892,424,155.0,6.47,6.53,3.3,1.03,4.14,104.67,9.59,43.8,57.7,53.0,89.2,40.0,75.5,C-,C+,C,A,B+,57.8,Rare,False,False,0,bbref_war
farnsky01,farnsky01,Kyle Farnsworth,Steroid Era (1994-2005),2005,2005,1999,2014,CHC,CHC,RP,893,26,57,988.6666666666666,43,66,963,412,132.0,9.38,8.94,3.34,1.05,3.51,139.13,6.19,79.3,56.6,75.4,4.2,37.9,45.9,B+,C+,B+,F,C,57.6,Rare,False,False,0,bbref_war
wohlema01,wohlema01,Mark Wohlers,Steroid Era (1994-2005),1996,1995,1991,2002,ATL,ATL,RP,533,0,119,553.3333333333334,39,29,557,272,37.0,6.47,9.15,3.57,0.64,3.44,134.27,,82.3,50.3,72.3,2.4,74.8,45.1,A-,C,B,F,C,57.6,Epic,True,False,1,bbref_war
foggjo01,foggjo01,Josh Fogg,Steroid Era (1994-2005),2004,2002,2001,2009,PIT,PIT,SP,243,194,0,1159.0,62,69,627,397,165.0,5.04,4.91,3.13,1.19,4.81,117.07,12.31,20.0,62.3,61.1,116.8,25.1,57.5,D-,B-,B-,S,C+,57.5,Rare,False,False,0,bbref_war
reedst01,reedst01,Steve Reed,Steroid Era (1994-2005),1998,1995,1992,2005,COL,COL,RP,833,0,18,870.6666666666666,49,44,630,285,107.0,14.39,6.74,2.73,0.99,3.14,166.31,,46.9,73.2,93.1,2.5,43.3,32.3,C,B,A,F,D,57.5,Rare,False,False,0,bbref_war
mesajo01,mesajo01,Jose Mesa,Steroid Era (1994-2005),1996,1995,1987,2007,CLE,CLE,RP,1022,95,321,1548.6666666666667,80,109,1038,651,151.0,12.81,6.28,3.04,0.77,3.66,173.34,6.32,40.1,64.7,97.7,6.9,63.4,48.7,C-,B-,A+,F,C,57.3,Epic,True,False,2,bbref_war
nomohi01,nomohi01,Hideo Nomo,Steroid Era (1994-2005),2000,1996,1995,2008,LAD,LAD,SP,323,318,0,1976.3333333333333,123,109,1918,908,251.0,23.57,8.87,3.95,1.08,3.68,115.89,6.47,78.2,40.0,60.3,57.4,35.3,46.7,B+,C-,B-,C+,C,57.3,Rare,True,False,1,bbref_war
seleaa01,seleaa01,Aaron Sele,Steroid Era (1994-2005),1998,1999,1993,2007,BOS,BOS,SP,404,352,0,2153.0,148,112,1407,798,225.0,19.01,6.72,3.25,0.78,4.22,118.8,6.22,46.7,59.0,62.2,54.9,62.5,78.5,C,C+,B-,C,B+,57.3,Epic,True,False,2,bbref_war
valdeis01,valdeis01,Ismael Valdez,Steroid Era (1994-2005),1998,1997,1994,2005,LAD,LAD,SP,325,288,1,1827.3333333333333,104,105,1173,523,234.0,25.32,6.17,2.48,0.98,3.63,114.41,6.55,38.5,80.1,59.4,58.3,44.3,36.2,D+,A-,C+,C+,D+,57.3,Rare,False,False,0,bbref_war
cordofr01,cordofr01,Francisco Cordova,Steroid Era (1994-2005),1998,1998,1996,2000,PIT,PIT,SP,166,112,12,753.6666666666666,42,47,537,235,75.0,14.11,6.41,2.81,0.9,3.96,110.66,8.18,42.1,71.1,56.9,74.8,52.1,16.9,C-,B,C+,B,F,57.2,Rare,False,False,0,bbref_war
pavanca01,pavanca01,Carl Pavano,Steroid Era (1994-2005),2004,2004,1998,2012,WSH,WSH,SP,302,284,0,1788.6666666666667,108,107,1091,425,200.0,17.74,5.45,2.02,0.93,4.0,111.79,6.49,27.9,92.5,57.7,57.7,49.1,31.6,D,A,C+,C+,D,57.2,Rare,True,False,1,bbref_war
willisc01,willisc01,Scott Williamson,Steroid Era (1994-2005),2002,2000,1999,2007,CIN,CIN,RP,344,10,55,439.3333333333333,28,28,510,244,35.0,9.06,10.38,5.04,0.65,3.03,154.86,11.2,100.5,10.5,85.7,5.5,74.0,69.0,S,F,A,F,B,57.2,Rare,True,False,1,bbref_war
daalom01,daalom01,Omar Daal,Steroid Era (1994-2005),1998,1999,1993,2003,LAD,LAD,SP,392,164,1,1198.6666666666667,68,78,806,441,140.0,12.09,6.3,3.17,0.99,3.82,109.92,8.23,40.4,61.3,56.4,75.3,43.3,81.5,C-,B-,C+,B+,A-,57.1,Rare,False,False,0,bbref_war
limajo01,limajo01,Jose Lima,Steroid Era (1994-2005),1999,1999,1994,2006,DET,DET,SP,348,235,5,1567.6666666666667,89,102,980,393,267.0,11.5,5.75,1.86,1.41,4.42,97.65,7.95,32.3,96.8,48.5,72.5,5.9,29.9,D,A+,C,B,D,57.1,Rare,True,False,1,bbref_war
veresda01,veresda01,Dave Veres,Steroid Era (1994-2005),1997,1995,1994,2003,STL,STL,RP,605,0,95,694.0,36,35,617,257,78.0,11.43,8.11,3.25,0.88,3.32,145.96,,67.0,59.2,79.9,3.8,53.8,47.2,B,C+,B+,F,C,57.1,Rare,False,False,0,bbref_war
weaveje01,weaveje01,Jeff Weaver,Steroid Era (1994-2005),2002,2002,1999,2010,DET,DET,SP,355,274,2,1838.0,104,119,1214,516,227.0,16.41,6.21,2.51,1.02,4.2,104.62,7.37,39.1,79.1,53.0,66.6,41.0,46.1,D+,B+,C,B,C,57.1,Rare,False,False,0,bbref_war
cormirh01,cormirh01,Rheal Cormier,Steroid Era (1994-2005),1999,2003,1991,2007,PHI,PHI,RP,683,108,2,1221.6666666666667,71,64,760,317,121.0,10.8,5.58,2.33,0.77,3.53,145.2,7.23,29.8,84.0,79.4,11.2,63.6,76.9,D,A-,B+,F,B+,57.0,Rare,False,False,0,bbref_war
hermadu01,hermadu01,Dustin Hermanson,Steroid Era (1994-2005),2000,1999,1995,2006,WSH,WSH,SP,357,180,56,1283.0,73,78,874,460,160.0,14.02,6.22,3.12,0.97,3.95,125.97,7.26,39.3,62.5,66.9,65.5,45.1,54.8,D+,B-,B,B,C,57.0,Rare,False,False,0,bbref_war
wolfra02,wolfra02,Randy Wolf,Steroid Era (1994-2005),2004,2002,1999,2015,PHI,PHI,SP,390,379,1,2328.3333333333335,133,125,1814,831,296.0,18.06,6.68,2.94,1.05,3.78,110.75,6.4,46.1,67.5,57.0,56.7,37.9,77.1,C,B,C+,C+,B+,56.9,Rare,True,False,1,bbref_war
mantema01,mantema01,Matt Mantei,Steroid Era (1994-2005),2000,2003,1995,2005,ARI,ARI,RP,315,0,93,322.6666666666667,14,18,396,200,30.0,5.79,11.31,5.02,0.74,3.37,137.4,,114.1,11.2,74.3,2.4,66.1,64.4,S,F,B,F,B-,56.8,Rare,False,False,0,bbref_war
shueypa01,shueypa01,Paul Shuey,Steroid Era (1994-2005),2000,2000,1994,2007,CLE,CLE,RP,476,0,23,530.0,45,28,556,277,43.0,8.49,9.52,4.3,0.69,3.16,149.71,,87.8,30.5,82.3,3.2,70.4,52.6,A,D,A-,F,C,56.8,Rare,False,False,0,bbref_war
osunaan01,osunaan01,Antonio Osuna,Steroid Era (1994-2005),2000,1997,1995,2005,LAD,LAD,RP,411,0,21,488.6666666666667,36,29,501,209,44.0,7.53,9.24,3.68,0.71,3.18,136.02,,83.6,47.4,73.4,4.0,69.1,30.8,A-,C,B,F,D,56.7,Rare,False,False,0,bbref_war
parkch01,parkch01,Chan Ho Park,Steroid Era (1994-2005),2000,2000,1994,2010,LAD,LAD,SP,476,287,2,1993.0,124,98,1715,910,230.0,18.7,8.08,4.01,0.96,3.64,113.08,8.91,66.7,38.6,58.5,82.2,46.4,22.3,B,D+,C+,A-,D-,56.7,Rare,True,False,1,bbref_war
remlimi01,remlimi01,Mike Remlinger,Steroid Era (1994-2005),2000,1999,1991,2006,ATL,ATL,RP,639,59,20,879.0,53,55,854,430,103.0,10.83,9.42,4.24,0.99,3.58,144.04,8.1,86.3,32.4,78.6,6.0,43.9,84.8,A,D,B+,F,A-,56.7,Rare,True,False,1,bbref_war
clarkma01,clarkma01,Mark Clark,Steroid Era (1994-2005),1995,1994,1991,2000,CLE,CLE,SP,219,197,0,1246.3333333333333,74,71,728,367,154.0,10.11,5.53,2.42,1.02,4.19,105.31,7.21,29.2,81.5,53.5,65.0,40.9,75.4,D,A-,C,B,B+,56.6,Rare,False,False,0,bbref_war
halamjo01,halamjo01,John Halama,Steroid Era (1994-2005),2003,1999,1998,2006,SEA,SEA,SP,262,119,0,911.0,56,48,492,277,113.0,6.83,4.93,2.79,1.11,4.59,97.86,12.22,20.3,71.6,48.6,115.9,32.6,47.8,D-,B,C,S,C,56.5,Rare,False,False,0,bbref_war
pattebo01,pattebo01,Bob Patterson,Steroid Era (1994-2005),1994,1995,1985,1998,PIT,PIT,RP,559,21,28,617.3333333333334,39,40,483,180,70.0,7.09,7.28,2.46,1.09,3.37,124.73,18.93,54.9,80.6,66.1,1.7,34.7,82.5,C,A-,B,F,A-,56.5,Rare,False,False,0,bbref_war
kileda01,kileda01,Darryl Kile,Steroid Era (1994-2005),1998,1997,1991,2002,HOU,HOU,SP,359,331,0,2165.3333333333335,133,119,1668,918,214.0,20.95,7.13,3.47,0.96,4.09,114.96,6.69,52.7,53.2,59.7,59.7,46.3,75.5,C,C,C+,C+,B+,56.4,Rare,True,False,3,bbref_war
woodast01,woodast01,Steve Woodard,Steroid Era (1994-2005),2000,1999,1997,2003,MIL,MIL,SP,162,94,0,667.3333333333334,32,36,464,149,90.0,3.56,6.26,2.01,1.21,4.94,89.78,6.88,39.8,92.7,43.4,61.6,23.4,40.7,D+,A,C-,B-,C-,56.4,Rare,False,False,0,bbref_war
zitoba01,zitoba01,Barry Zito,Steroid Era (1994-2005),2003,2002,2000,2015,OAK,OAK,SP,433,421,0,2576.6666666666665,165,143,1885,1064,282.0,30.97,6.9,3.52,0.93,3.55,131.51,6.46,49.2,51.7,70.5,57.3,48.9,51.1,C,C,B,C+,C,56.4,Rare,True,False,3,bbref_war
nelsoje01,nelsoje01,Jeff Nelson,Steroid Era (1994-2005),1996,1995,1992,2006,SEA,SEA,RP,798,0,33,784.6666666666666,48,45,829,428,55.0,11.52,9.5,4.65,0.59,2.99,161.82,,87.4,21.2,90.2,2.8,79.9,42.9,A,D-,A,F,C-,56.3,Rare,True,False,1,bbref_war
arrojro01,arrojro01,Rolando Arrojo,Steroid Era (1994-2005),2000,1998,1998,2002,BOS,BOS,SP,158,105,6,700.0,40,42,512,255,83.0,9.76,6.58,3.28,1.07,4.55,109.61,7.84,44.6,58.3,56.2,71.4,36.7,76.4,C-,C+,C+,B,B+,56.1,Rare,True,False,1,bbref_war
borowjo01,borowjo01,Joe Borowski,Steroid Era (1994-2005),2002,2002,1995,2008,CHC,CHC,RP,423,1,131,454.3333333333333,22,34,372,177,53.0,6.15,7.58,3.37,0.89,3.37,154.71,,59.2,55.8,85.6,3.0,52.5,57.0,C+,C+,A,F,C+,56.1,Rare,False,False,0,bbref_war
washbja01,washbja01,Jarrod Washburn,Steroid Era (1994-2005),2003,2002,1998,2009,LAA,LAA,SP,312,300,1,1863.6666666666667,107,109,1103,569,240.0,22.62,5.38,2.7,1.16,3.78,119.97,6.26,26.9,74.1,63.0,55.4,28.7,104.1,D,B,B-,C+,S,56.0,Rare,False,False,0,bbref_war
williwo02,williwo02,Woody Williams,Steroid Era (1994-2005),2000,2003,1993,2007,TOR,TOR,SP,424,330,0,2216.3333333333335,132,116,1480,711,309.0,19.41,6.16,2.79,1.28,4.03,116.78,6.53,38.3,71.7,60.9,58.0,17.7,73.8,D+,B,B-,C+,B,56.0,Rare,True,False,1,bbref_war
stottto01,stottto01,Todd Stottlemyre,Steroid Era (1994-2005),1995,1991,1988,2002,TOR,TOR,SP,372,339,1,2191.6666666666665,138,121,1587,816,246.0,19.12,7.07,3.29,1.0,4.04,106.77,6.67,51.8,58.0,54.4,59.5,42.9,75.2,C,C+,C,C+,B+,55.9,Rare,False,False,0,bbref_war
leiteal01,leiteal01,Al Leiter,Steroid Era (1994-2005),2000,1998,1987,2005,TOR,TOR,SP,419,382,2,2391.0,162,132,1974,1163,198.0,34.15,7.55,4.1,0.7,3.23,134.59,6.42,58.8,36.0,72.5,56.9,69.3,39.4,C+,D+,B,C+,D+,55.8,Rare,True,False,2,bbref_war
ligteke01,ligteke01,Kerry Ligtenberg,Steroid Era (1994-2005),2001,2003,1997,2005,ATL,ATL,RP,386,0,48,390.6666666666667,17,20,357,158,46.0,5.04,8.31,3.64,0.99,3.57,132.03,,70.1,48.6,70.8,1.9,43.4,115.7,B,C,B,F,S,55.6,Rare,False,False,0,bbref_war
ruschgl01,ruschgl01,Glendon Rusch,Steroid Era (1994-2005),2002,2004,1997,2009,NYM,NYM,SP,342,220,4,1477.3333333333333,67,99,1088,460,191.0,8.7,6.61,2.67,1.05,4.6,96.1,7.07,45.0,74.9,47.5,63.5,38.7,42.0,C,B,C,B-,C-,55.4,Rare,False,False,0,bbref_war
ashbyan01,ashbyan01,Andy Ashby,Steroid Era (1994-2005),1997,1995,1991,2004,SDP,SDP,SP,309,285,1,1810.6666666666667,98,110,1173,540,205.0,23.95,6.06,2.48,0.93,3.55,114.76,6.51,36.8,79.9,59.6,57.9,49.4,1.0,D+,B+,C+,C+,F,55.3,Rare,True,False,2,bbref_war
astacpe01,astacpe01,Pedro Astacio,Steroid Era (1994-2005),1996,1999,1992,2006,LAD,LAD,SP,392,343,0,2196.6666666666665,129,124,1664,726,291.0,25.7,6.94,2.97,1.04,4.16,117.42,6.58,49.9,66.8,61.3,58.6,39.5,1.0,C,B,B-,C+,F,55.3,Rare,False,False,0,bbref_war
mathetj01,mathet.01,T. J. Mathews,Steroid Era (1994-2005),1998,1996,1995,2002,OAK,OAK,RP,362,0,16,435.3333333333333,32,26,357,164,49.0,5.0,7.55,3.33,0.93,3.47,146.84,,58.8,56.9,80.4,4.0,48.6,65.6,C+,C+,A-,F,B,55.3,Rare,False,False,0,bbref_war
hernali01,hernali01,Livan Hernandez,Steroid Era (1994-2005),2004,2003,1996,2012,WSH,WSH,SP,519,474,1,3189.0,178,177,1976,1066,362.0,24.26,5.97,2.89,0.94,3.93,112.94,6.87,35.5,68.8,58.4,61.5,47.8,59.0,D+,B,C+,B-,C+,55.2,Rare,True,False,2,bbref_war
stantmi02,stantmi02,Mike Stanton,Steroid Era (1994-2005),1997,1997,1989,2007,ATL,ATL,RP,1178,1,84,1114.0,68,63,895,420,93.0,15.13,7.29,3.36,0.63,2.91,166.26,,55.0,56.2,93.1,2.0,75.7,1.0,C+,C+,A,F,F,55.2,Rare,True,False,1,bbref_war
byrdpa01,byrdpa01,Paul Byrd,Steroid Era (1994-2005),2002,2002,1995,2009,PHI,PHI,SP,345,256,0,1697.0,109,96,923,401,247.0,15.75,4.62,1.87,1.3,4.2,105.63,6.51,15.7,96.5,53.7,57.8,15.9,82.5,F,A+,C,C+,A-,55.1,Rare,True,False,1,bbref_war
rockejo01,rockejo01,John Rocker,Steroid Era (1994-2005),2000,1999,1998,2003,ATL,ATL,RP,280,0,88,255.33333333333334,13,22,332,164,23.0,3.53,11.7,5.78,0.81,3.42,131.58,,119.9,1.0,70.5,1.0,59.8,82.2,S,F,B,F,A-,55.1,Rare,False,False,0,bbref_war
guarded01,guarded01,Eddie Guardado,Steroid Era (1994-2005),2001,2002,1993,2009,MIN,MIN,RP,908,25,187,944.6666666666666,46,61,798,348,138.0,10.83,8.5,3.15,1.26,3.58,136.29,,72.8,61.9,73.6,1.1,19.0,35.4,B,B-,B,F,D+,55.0,Rare,True,False,2,bbref_war
shawje01,shawje01,Jeff Shaw,Steroid Era (1994-2005),1997,1997,1990,2001,LAD,LAD,RP,633,19,203,848.0,34,54,545,234,91.0,14.54,5.75,2.3,0.86,2.96,149.0,42.15,32.3,84.9,81.8,5.0,55.1,34.9,D,A-,A-,F,D,55.0,Rare,True,False,2,bbref_war
walkeja01,walkeja01,Jamie Walker,Steroid Era (1994-2005),2005,2007,1997,2009,DET,DET,RP,545,2,12,442.0,19,21,318,110,73.0,5.96,6.68,1.99,1.31,3.38,128.19,,46.0,93.2,68.3,1.0,14.8,45.5,C,A,B,F,C,55.0,Rare,False,False,0,bbref_war
hernaor01,hernaor01,Orlando Hernandez,Steroid Era (1994-2005),2001,1999,1998,2007,NYY,NYY,SP,219,211,2,1314.6666666666667,90,65,1086,479,177.0,21.53,7.3,3.23,1.2,3.93,118.63,6.33,55.2,59.5,62.1,56.0,24.3,22.3,C+,C+,B-,C+,D-,54.9,Rare,False,False,0,bbref_war
karsast01,karsast01,Steve Karsay,Steroid Era (1994-2005),1999,2002,1993,2006,OAK,OAK,RP,357,40,41,603.3333333333334,32,39,458,199,59.0,11.36,7.02,3.01,0.8,3.79,147.84,11.22,51.0,65.6,81.1,9.5,60.9,19.1,C,B,A-,F,F,54.8,Rare,False,False,0,bbref_war
averyst01,averyst01,Steve Avery,Steroid Era (1994-2005),1994,1991,1990,2003,ATL,ATL,SP,297,261,0,1554.6666666666667,96,83,980,569,148.0,15.3,5.75,2.81,0.79,3.8,107.95,6.06,32.4,70.9,55.2,53.3,61.3,80.8,D,B,C+,C,A-,54.7,Rare,True,False,1,bbref_war
jonesto02,jonesto02,Todd Jones,Steroid Era (1994-2005),1999,2005,1993,2008,DET,DET,RP,982,1,319,1072.0,58,63,868,443,93.0,10.85,8.44,3.66,0.66,3.29,139.46,,71.9,47.8,75.6,3.3,72.9,34.1,B,C,B+,F,D,54.7,Rare,True,False,1,bbref_war
kimby01,kimby01,Byung-Hyun Kim,Steroid Era (1994-2005),2002,2002,1999,2007,ARI,ARI,RP,394,87,86,841.0,54,60,806,376,94.0,12.32,8.84,3.84,0.93,4.1,130.99,23.33,77.8,43.1,70.1,11.7,48.9,54.3,B+,C-,B,F,C,54.7,Rare,True,False,1,bbref_war
rosadjo01,rosadjo01,Jose Rosado,Steroid Era (1994-2005),1998,1999,1996,2000,KCR,KCR,SP,125,112,1,720.3333333333334,37,45,484,237,86.0,10.3,6.05,2.96,1.07,4.27,114.51,6.33,36.7,66.9,59.4,56.0,36.0,73.8,D+,B,C+,C+,B,54.6,Rare,True,False,2,bbref_war
servisc01,servisc01,Scott Service,Steroid Era (1994-2005),1996,1998,1988,2004,CIN,CIN,RP,338,1,16,416.3333333333333,20,22,413,182,56.0,3.38,9.24,3.44,1.0,4.04,121.74,48.0,83.7,54.0,64.1,4.3,42.6,26.5,A-,C,B-,F,D,54.6,Rare,False,False,0,bbref_war
turnbde01,turnbde01,Derrick Turnbow,Steroid Era (1994-2005),2005,2005,2000,2008,MIL,MIL,RP,257,1,65,257.6666666666667,17,16,265,168,25.0,1.08,9.26,5.87,0.87,4.3,187.25,38.0,83.9,1.0,106.7,1.9,54.1,71.5,A-,F,S,F,B,54.5,Rare,True,False,1,bbref_war
guthrma01,guthrma01,Mark Guthrie,Steroid Era (1994-2005),1995,1990,1989,2003,MIN,MIN,RP,765,43,14,978.6666666666666,51,54,778,381,101.0,10.0,7.29,3.16,0.73,3.4,136.65,7.53,55.0,61.4,73.8,6.3,67.2,50.5,C+,B-,B,F,C,54.4,Rare,False,False,0,bbref_war
sirotmi01,sirotmi01,Mike Sirotka,Steroid Era (1994-2005),1998,1999,1995,2000,CHW,CHW,SP,125,111,0,710.3333333333334,45,42,435,207,86.0,9.96,5.51,2.62,1.09,4.31,119.69,6.57,28.8,76.1,62.8,58.5,34.6,39.9,D,B+,B-,C+,D+,54.4,Rare,False,False,0,bbref_war
elartsc01,elartsc01,Scott Elarton,Steroid Era (1994-2005),2004,2000,1998,2008,HOU,HOU,SP,232,170,3,1065.3333333333333,56,61,698,418,192.0,6.76,6.16,3.39,1.42,4.72,104.67,10.04,38.4,55.3,53.0,93.8,5.0,64.9,D+,C+,C,A,B-,54.2,Rare,False,False,0,bbref_war
gordoto01,gordoto01,Tom Gordon,Steroid Era (1994-2005),1997,2004,1988,2009,KCR,KCR,RP,890,203,158,2108.0,138,126,1928,977,176.0,23.31,8.18,4.02,0.61,3.46,145.58,8.77,68.1,38.2,79.6,15.0,78.3,30.7,B,D+,B+,F,D,54.2,Rare,True,False,3,bbref_war
mahayro01,mahayro01,Ron Mahay,Steroid Era (1994-2005),2004,2004,1997,2010,TEX,TEX,RP,514,3,4,568.0,27,12,470,266,75.0,8.52,7.53,4.09,0.78,3.0,173.87,19.33,58.5,36.3,98.0,3.2,62.4,48.4,C+,D+,A+,F,C,54.2,Rare,False,False,0,bbref_war
osbordo01,osbordo01,Donovan Osborne,Steroid Era (1994-2005),1996,1996,1992,2004,STL,STL,SP,163,140,0,873.6666666666666,49,46,558,246,100.0,5.36,5.73,2.48,1.03,3.92,99.45,5.91,32.1,80.1,49.6,51.7,40.1,80.3,D,A-,C,C,A-,54.2,Rare,False,False,0,bbref_war
wickmbo01,wickmbo01,Bob Wickman,Steroid Era (1994-2005),1999,2001,1992,2007,CLE,CLE,RP,835,28,267,1059.0,63,61,785,432,80.0,13.4,7.21,3.63,0.69,3.14,157.15,,53.8,48.8,87.2,3.3,71.0,49.2,C,C,A,F,C,54.0,Rare,True,False,2,bbref_war
brantje01,brantje01,Jeff Brantley,Steroid Era (1994-2005),1994,1990,1988,2001,SFG,SFG,RP,615,18,172,859.3333333333334,43,46,728,366,105.0,13.65,7.9,3.86,0.86,2.55,154.19,22.92,63.9,42.6,85.2,5.6,55.2,46.0,B-,C-,A,F,C,53.8,Rare,True,False,1,bbref_war
dreifda01,dreifda01,Darren Dreifort,Steroid Era (1994-2005),1999,1998,1994,2004,LAD,LAD,SP,274,113,11,872.6666666666666,48,60,802,389,90.0,6.65,8.28,3.93,0.95,4.19,100.64,6.28,69.5,40.7,50.4,55.6,47.3,58.2,B,C-,C,C+,C+,53.8,Rare,False,False,0,bbref_war
muldema01,muldema01,Mark Mulder,Steroid Era (1994-2005),2003,2003,2000,2008,OAK,OAK,SP,205,203,0,1314.0,103,60,834,412,141.0,22.16,5.81,2.75,0.88,3.88,106.53,5.92,33.2,72.6,54.2,51.9,53.7,65.2,D,B,C,C,B,53.7,Rare,True,False,2,bbref_war
riskeda01,riskeda01,David Riske,Steroid Era (1994-2005),2005,2003,1999,2010,CLE,CLE,RP,462,0,22,497.6666666666667,20,20,441,212,66.0,8.36,7.78,3.39,1.18,2.99,145.81,,62.2,55.4,79.8,3.0,26.7,52.1,B-,C+,B+,F,C,53.7,Rare,False,False,0,bbref_war
hamptmi01,hamptmi01,Mike Hampton,Steroid Era (1994-2005),1999,1999,1993,2010,HOU,HOU,SP,419,355,1,2268.3333333333335,148,115,1387,901,200.0,21.33,5.87,3.52,0.63,3.5,121.53,6.45,34.1,51.6,64.0,57.3,76.2,75.7,D,C,B-,C+,B+,53.6,Rare,True,False,2,bbref_war
klinest02,klinest02,Steve Kline,Steroid Era (1994-2005),2001,2001,1997,2007,STL,STL,RP,796,1,39,682.3333333333334,34,39,493,295,60.0,9.73,7.07,3.78,0.65,3.0,159.58,,51.8,44.6,88.7,1.0,74.3,68.1,C,C-,A,F,B,53.5,Rare,False,False,0,bbref_war
ohkato01,ohkato01,Tomo Ohka,Steroid Era (1994-2005),2003,2002,1999,2009,WSH,WSH,SP,202,178,0,1070.0,51,68,590,302,140.0,12.99,5.13,2.47,1.06,4.01,118.21,5.74,23.2,80.3,61.8,50.1,36.9,53.8,D-,A-,B-,C,C,53.4,Rare,False,False,0,bbref_war
schoupe01,schoupe01,Pete Schourek,Steroid Era (1994-2005),1995,1995,1991,2001,CIN,CIN,SP,288,176,2,1149.0,66,77,813,420,140.0,8.3,6.36,3.14,0.98,4.03,102.14,7.08,41.3,62.0,51.4,63.6,44.8,56.3,C-,B-,C,B-,C+,53.3,Rare,False,False,0,bbref_war
sullisc01,sullisc01,Scott Sullivan,Steroid Era (1994-2005),2000,2001,1995,2004,CIN,CIN,RP,558,0,9,737.3333333333334,40,28,622,281,89.0,9.38,7.42,3.45,0.98,3.45,140.09,,56.9,53.7,76.1,5.2,44.8,69.1,C+,C,B+,F,B,53.2,Rare,False,False,0,bbref_war
ericksc01,ericksc01,Scott Erickson,Steroid Era (1994-2005),1995,1991,1990,2006,BAL,BAL,SP,389,364,0,2360.6666666666665,142,136,1252,865,228.0,23.92,4.97,2.96,0.75,3.93,118.73,6.6,20.9,66.8,62.2,58.8,65.5,67.0,D-,B,B-,C+,B,52.9,Rare,False,False,0,bbref_war
hentgpa01,hentgpa01,Pat Hentgen,Steroid Era (1994-2005),1996,1996,1991,2004,TOR,TOR,SP,344,306,1,2075.3333333333335,131,112,1290,775,269.0,30.77,5.83,3.11,1.09,3.98,119.51,7.0,33.5,63.0,62.7,62.9,34.3,38.0,D,B-,B-,B-,D+,52.8,Rare,True,False,3,bbref_war
millewa04,millewa04,Wade Miller,Steroid Era (1994-2005),2003,2001,1999,2007,HOU,HOU,SP,151,147,0,894.3333333333334,62,46,749,377,108.0,15.84,7.6,3.78,1.02,3.93,113.63,5.88,59.6,44.6,58.9,51.4,40.6,45.6,C+,C-,C+,C,C,52.8,Rare,False,False,0,bbref_war
alvarwi01,alvarwi01,Wilson Alvarez,Steroid Era (1994-2005),1996,1993,1989,2005,CHW,CHW,SP,355,263,4,1747.6666666666667,102,92,1330,805,190.0,23.63,6.97,4.15,0.86,3.65,128.79,6.53,50.2,34.6,68.7,58.1,55.6,55.1,C,D,B,C+,C+,52.6,Rare,True,False,1,bbref_war
milletr02,milletr02,Trever Miller,Steroid Era (1994-2005),2005,2009,1996,2011,HOU,HOU,RP,694,5,11,523.3333333333334,18,17,434,237,54.0,5.25,7.96,3.63,0.85,3.45,135.24,53.33,64.8,48.7,72.9,1.0,55.8,60.9,B-,C,B,F,B-,52.6,Rare,False,False,0,bbref_war
burbada01,burbada01,Dave Burba,Steroid Era (1994-2005),1999,1998,1990,2004,CLE,CLE,SP,511,234,3,1777.6666666666667,115,87,1398,762,201.0,17.29,6.95,3.9,1.09,4.35,108.55,8.49,50.0,41.5,55.6,78.0,34.8,44.0,C,C-,C+,B+,C-,52.4,Rare,False,False,0,bbref_war
garceri01,garceri01,Rich Garces,Steroid Era (1994-2005),1998,2000,1990,2002,BOS,BOS,RP,287,0,7,341.3333333333333,23,10,296,164,32.0,5.96,7.85,4.21,0.8,3.35,160.38,,63.2,33.0,89.2,4.1,60.9,48.1,B-,D,A,F,C,52.4,Rare,False,False,0,bbref_war
gardnma01,gardnma01,Mark Gardner,Steroid Era (1994-2005),1996,1990,1989,2001,SFG,SFG,SP,345,275,1,1764.6666666666667,99,93,1256,628,237.0,8.13,6.53,3.07,1.15,4.15,96.93,6.43,43.8,63.9,48.0,57.0,29.1,69.4,C-,B-,C,C+,B,52.4,Rare,False,False,0,bbref_war
haneych01,haneych01,Chris Haney,Steroid Era (1994-2005),1997,1996,1991,2002,KCR,KCR,SP,196,125,1,824.6666666666666,38,52,442,286,94.0,5.21,4.69,2.63,0.98,4.47,102.53,7.45,16.8,75.8,51.6,67.4,44.3,81.2,F,B+,C,B,A-,52.4,Rare,False,False,0,bbref_war
hitchst01,hitchst01,Sterling Hitchcock,Steroid Era (1994-2005),1998,1999,1992,2004,NYY,NYY,SP,281,200,3,1285.6666666666667,74,76,997,471,181.0,9.87,7.34,3.29,1.31,4.5,95.39,7.59,55.7,58.0,47.0,68.8,14.8,22.5,C+,C+,C,B,D-,52.4,Rare,False,False,0,bbref_war
jonesbo03,jonesbo03,Bobby Jones,Steroid Era (1994-2005),1996,1994,1993,2002,NYM,NYM,SP,245,241,0,1518.6666666666667,89,83,887,412,194.0,9.81,5.32,2.66,1.04,4.06,104.99,6.43,26.0,75.0,53.2,57.1,38.8,65.9,D,B+,C,C+,B,52.4,Rare,True,False,1,bbref_war
martira02,martira02,Ramon Martinez,Steroid Era (1994-2005),1994,1993,1988,2001,LAD,LAD,SP,301,297,0,1895.6666666666667,135,88,1427,795,170.0,22.34,6.72,3.45,0.77,3.37,115.06,6.77,46.7,53.5,59.8,60.5,63.7,2.4,C,C,C+,B-,F,52.4,Rare,True,False,2,bbref_war
anderbr02,anderbr02,Brian Anderson,Steroid Era (1994-2005),1999,2000,1993,2005,ARI,ARI,SP,291,245,1,1547.0,82,83,723,337,264.0,11.76,4.34,1.76,1.42,4.38,103.41,6.32,11.6,99.5,52.2,55.9,4.8,54.6,F,A+,C,C+,C,52.2,Rare,False,False,0,bbref_war
mecirji01,mecirji01,Jim Mecir,Steroid Era (1994-2005),2000,2000,1995,2005,OAK,OAK,RP,474,0,12,527.0,29,35,450,225,41.0,8.14,8.06,3.94,0.63,3.38,141.58,,66.4,40.4,77.0,3.0,75.8,40.4,B,C-,B+,F,C-,52.2,Rare,False,False,0,bbref_war
stewasc01,stewasc01,Scott Stewart,Steroid Era (1994-2005),2002,2001,2001,2004,WSH,WSH,RP,214,0,20,180.66666666666666,11,6,161,60,19.0,1.02,8.02,2.99,0.95,3.99,109.38,,65.7,66.2,56.1,1.0,47.5,48.0,B,B,C+,F,C,51.9,Rare,False,False,0,bbref_war
tomkobr01,tomkobr01,Brett Tomko,Steroid Era (1994-2005),2004,1997,1997,2011,CIN,CIN,SP,397,266,2,1816.0,100,103,1209,582,255.0,12.5,5.87,2.74,1.11,4.26,103.58,6.98,34.1,72.8,52.3,62.7,32.9,18.5,D,B,C,B-,F,51.8,Rare,False,False,0,bbref_war
brocado01,brocado01,Doug Brocail,Steroid Era (1994-2005),1999,1999,1992,2009,SDP,SDP,RP,626,42,9,880.0,52,48,642,310,85.0,10.36,6.77,3.05,0.87,3.53,137.29,12.42,47.4,64.5,74.2,5.8,54.5,31.4,C,B-,B,F,D,51.7,Rare,False,False,0,bbref_war
cabrejo01,cabrejo01,Jose Cabrera,Steroid Era (1994-2005),2000,1999,1997,2002,HOU,HOU,RP,198,11,4,271.0,19,17,192,94,42.0,-0.23,6.38,3.12,1.39,4.95,152.21,9.39,41.6,62.6,83.9,5.6,7.1,67.3,C-,B-,A-,F,B,51.6,Rare,False,False,0,bbref_war
politcl01,politcl01,Cliff Politte,Steroid Era (1994-2005),2002,2005,1998,2006,PHI,PHI,RP,330,16,15,411.3333333333333,22,23,342,171,56.0,5.54,7.97,3.61,1.07,3.82,129.45,7.38,65.0,49.4,69.1,3.7,36.3,67.4,B,C,B,F,B,51.6,Rare,False,False,0,bbref_war
clemema01,clemema01,Matt Clement,Steroid Era (1994-2005),2002,2002,1998,2006,SDP,SDP,SP,238,236,0,1412.6666666666667,87,86,1217,650,144.0,14.02,7.91,3.84,0.9,4.23,100.28,6.12,64.1,43.2,50.2,53.9,51.9,28.7,B-,C-,C,C,D,51.5,Rare,True,False,1,bbref_war
rincori01,rincori01,Ricardo Rincon,Steroid Era (1994-2005),2000,2001,1997,2008,OAK,OAK,RP,565,0,21,443.6666666666667,21,24,400,201,41.0,6.7,8.21,3.9,0.74,3.42,141.27,,68.6,41.4,76.8,1.0,66.6,26.5,B,C-,B+,F,D,51.5,Rare,False,False,0,bbref_war
miltoer01,miltoer01,Eric Milton,Steroid Era (1994-2005),2001,1999,1998,2009,MIN,MIN,SP,271,270,0,1582.3333333333333,89,85,1127,453,267.0,16.96,6.52,2.62,1.49,4.83,98.0,5.95,43.7,76.2,48.7,52.2,1.0,27.9,C-,B+,C,C,D,51.4,Rare,True,False,1,bbref_war
mendora01,mendora01,Ramiro Mendoza,Steroid Era (1994-2005),2000,1998,1996,2005,NYY,NYY,RP,342,62,16,797.0,59,40,463,181,82.0,12.55,5.22,2.01,0.88,3.85,121.86,19.29,24.5,92.7,64.2,15.3,53.7,16.8,D-,A,B-,F,F,51.2,Rare,False,False,0,bbref_war
juliojo01,juliojo01,Jorge Julio,Steroid Era (1994-2005),2004,2002,2001,2009,BAL,BAL,RP,453,0,99,467.0,17,34,448,233,65.0,2.84,8.98,4.62,1.17,4.0,150.42,,79.8,22.0,82.8,2.1,27.7,64.6,B+,D-,A-,F,B-,51.1,Rare,False,False,0,bbref_war
lopezro01,lopezro02,Rodrigo Lopez,Steroid Era (1994-2005),2005,2004,2000,2012,BAL,BAL,SP,257,215,0,1350.6666666666667,81,89,865,416,202.0,10.24,5.87,2.73,1.3,4.67,98.1,6.34,34.1,73.1,48.8,56.1,16.0,56.0,D,B,C,C+,C+,51.0,Rare,False,False,0,bbref_war
corsiji01,corsiji01,Jim Corsi,Steroid Era (1994-2005),1996,1996,1988,1999,OAK,OAK,RP,368,1,7,481.3333333333333,22,24,290,191,33.0,8.22,5.47,3.78,0.62,2.93,177.1,,28.2,44.7,100.1,4.2,76.8,63.5,D,C-,S,F,B-,50.9,Rare,False,False,0,bbref_war
hasegsh01,hasegsh01,Shigetoshi Hasegawa,Steroid Era (1994-2005),2001,2003,1997,2005,LAA,LAA,RP,517,8,33,720.3333333333334,45,43,447,265,76.0,11.75,5.58,3.13,0.89,3.36,150.4,16.67,29.9,62.4,82.8,6.9,52.5,69.6,D,B-,A-,F,B,50.9,Rare,True,False,1,bbref_war
hillke01,hillke01,Ken Hill,Steroid Era (1994-2005),1994,1996,1988,2001,STL,STL,SP,332,315,0,1973.0,117,109,1181,852,162.0,22.77,5.47,3.49,0.64,3.61,120.13,6.38,28.3,52.6,63.1,56.5,75.2,52.7,D,C,B-,C+,C,50.9,Rare,True,False,1,bbref_war
yoshima01,yoshima01,Masato Yoshii,Steroid Era (1994-2005),2000,1998,1998,2002,NYM,NYM,SP,162,118,0,757.3333333333334,32,47,447,222,112.0,7.41,5.31,2.64,1.33,4.62,100.73,6.91,25.9,75.7,50.5,61.9,12.9,56.2,D,B+,C,B-,C+,50.8,Rare,False,False,0,bbref_war
castifr01,castifr01,Frank Castillo,Steroid Era (1994-2005),1997,2000,1991,2005,CHC,CHC,SP,297,268,2,1595.3333333333333,82,104,1101,506,190.0,12.89,6.17,2.88,0.96,4.01,93.78,5.92,38.6,69.1,46.0,51.8,46.3,44.8,D+,B,C,C,C-,50.7,Rare,False,False,0,bbref_war
fossuca01,fossuca01,Casey Fossum,Steroid Era (1994-2005),2005,2002,2001,2009,TB,TB,SP,237,120,2,786.0,40,53,607,319,114.0,2.46,6.92,3.63,1.08,4.85,108.88,6.51,49.6,48.8,55.8,57.9,35.7,33.9,C,C,C+,C+,D,50.7,Rare,False,False,0,bbref_war
casiala01,casiala01,Larry Casian,Steroid Era (1994-2005),1995,1993,1990,1998,MIN,MIN,RP,245,3,2,240.66666666666666,11,13,125,77,30.0,3.21,5.14,2.8,0.73,3.48,142.94,7.44,23.4,71.2,77.9,1.0,67.3,78.7,D-,B,B+,F,B+,50.6,Rare,False,False,0,bbref_war
lawrebr02,lawrebr02,Brian Lawrence,Steroid Era (1994-2005),2004,2002,2001,2007,SDP,SDP,SP,168,152,0,963.0,50,63,597,268,101.0,8.2,5.58,2.5,0.94,4.19,91.58,6.26,29.8,79.3,44.5,55.3,47.8,29.4,D,B+,C-,C+,D,50.6,Rare,False,False,0,bbref_war
perezca01,perezca01,Carlos Perez,Steroid Era (1994-2005),1998,1998,1995,2000,WSH,WSH,SP,142,127,0,822.6666666666666,40,53,448,211,108.0,5.61,4.9,2.31,1.18,4.44,95.76,6.37,19.9,84.6,47.2,56.4,26.4,58.0,F,A-,C,C+,C+,50.6,Rare,True,False,1,bbref_war
garlajo01,garlajo01,Jon Garland,Steroid Era (1994-2005),2005,2005,2000,2013,CHW,CHW,SP,365,342,1,2151.3333333333335,136,125,1156,723,263.0,19.05,4.7,2.7,1.13,4.22,113.51,6.58,16.9,74.0,58.8,58.6,31.0,51.8,F,B,C+,C+,C,50.4,Rare,True,False,1,bbref_war
moehlbr01,moehlbr01,Brian Moehler,Steroid Era (1994-2005),2000,1998,1996,2010,DET,DET,SP,332,252,1,1567.3333333333333,84,107,859,454,199.0,14.58,5.07,2.46,1.09,4.5,101.33,6.12,22.4,80.6,50.9,53.9,34.6,41.3,D-,A-,C,C,C-,50.4,Rare,False,False,0,bbref_war
ortizra01,ortizra02,Ramon Ortiz,Steroid Era (1994-2005),2002,2002,1999,2013,LAA,LAA,SP,303,218,0,1448.3333333333333,87,86,895,500,235.0,7.29,5.85,3.05,1.44,4.71,92.66,7.16,33.8,64.5,45.2,64.5,3.3,94.5,D,B-,C,B-,A,50.4,Rare,False,False,0,bbref_war
rodrife01,rodrife01,Felix Rodriguez,Steroid Era (1994-2005),2001,2001,1995,2006,SFG,SFG,RP,563,1,11,586.3333333333334,38,26,512,283,50.0,9.33,8.27,4.24,0.69,3.16,139.33,46.0,69.3,32.3,75.6,2.5,71.1,44.4,B,D,B+,F,C-,50.4,Rare,False,False,0,bbref_war
whiteri01,whiteri01,Rick White,Steroid Era (1994-2005),1999,1999,1994,2007,PIT,PIT,RP,613,18,16,858.6666666666666,42,54,542,289,91.0,5.47,5.54,3.04,0.73,3.95,140.24,38.02,29.2,64.7,76.2,7.2,67.3,67.8,D,B-,B+,F,B,50.4,Rare,False,False,0,bbref_war
wisema01,wisema01,Matt Wise,Steroid Era (1994-2005),2004,2005,2000,2008,MIL,MIL,RP,209,18,2,317.0,17,22,244,106,40.0,2.69,6.91,2.99,1.1,4.18,112.6,9.75,49.4,66.1,58.2,7.4,33.4,83.0,C,B,C+,F,A-,50.4,Rare,False,False,0,bbref_war
fettemi01,fettemi01,Mike Fetters,Steroid Era (1994-2005),1995,1992,1989,2004,MIL,MIL,RP,620,6,100,716.6666666666666,31,41,518,351,62.0,8.45,6.81,4.01,0.69,3.16,153.11,33.83,47.9,38.5,84.5,4.2,70.9,63.5,C,D+,A-,F,B-,50.1,Rare,False,False,0,bbref_war
mateoju01,mateoju01,Julio Mateo,Steroid Era (1994-2005),2004,2005,2002,2007,SEA,SEA,RP,219,1,2,318.3333333333333,18,12,216,85,45.0,4.06,6.11,2.4,1.27,3.68,116.41,88.33,37.6,82.0,60.7,6.5,18.2,62.0,D+,A-,B-,F,B-,50.1,Rare,False,False,0,bbref_war
merckke01,merckke01,Kent Mercker,Steroid Era (1994-2005),1995,1997,1989,2008,ATL,ATL,RP,692,150,25,1325.3333333333333,74,67,917,607,154.0,12.02,7.06,4.14,0.9,3.35,156.68,9.45,51.6,34.9,86.8,13.1,51.4,44.5,C,D,A,F,C-,50.1,Rare,False,False,0,bbref_war
frankry01,frankry01,Ryan Franklin,Steroid Era (1994-2005),2004,2003,1999,2011,SEA,SEA,RP,532,106,84,1201.0,62,76,668,353,173.0,11.12,4.87,2.53,1.26,4.06,125.16,7.28,19.4,78.5,66.4,23.0,19.1,90.8,F,B+,B,D-,A,50.0,Rare,True,False,1,bbref_war
groombu01,groombu01,Buddy Groom,Steroid Era (1994-2005),1998,2002,1992,2005,BAL,BAL,RP,786,15,27,734.6666666666666,31,32,494,260,73.0,8.1,6.45,2.79,0.85,3.82,133.6,77.33,42.7,71.6,71.8,1.0,55.9,9.4,C-,B,B,F,F,49.9,Rare,False,False,0,bbref_war
lopezaq01,lopezaq01,Aquilino Lopez,Steroid Era (1994-2005),2005,2003,2003,2008,TOR,TOR,RP,159,0,15,207.33333333333334,6,6,167,82,23.0,3.41,7.25,3.56,1.0,3.78,131.2,,54.4,50.7,70.3,5.0,42.9,62.8,C,C,B,F,B-,49.9,Rare,False,False,0,bbref_war
rogerke01,rogerke01,Kenny Rogers,Steroid Era (1994-2005),2000,1998,1989,2008,TEX,TEX,SP,762,474,28,3302.6666666666665,219,156,1968,1175,339.0,34.96,5.0,3.02,0.86,3.96,123.7,6.47,21.3,65.4,65.4,57.5,55.1,9.2,D-,B,B,C+,F,49.9,Rare,True,False,4,bbref_war
eischjo01,eischjo01,Joey Eischen,Steroid Era (1994-2005),2002,2002,1994,2006,WSH,WSH,RP,324,0,3,296.3333333333333,11,9,244,139,25.0,4.28,7.18,3.83,0.74,3.28,149.77,,53.3,43.4,82.4,1.2,66.1,31.3,C,C-,A-,F,D,49.8,Rare,False,False,0,bbref_war
hergema01,hergema01,Matt Herges,Steroid Era (1994-2005),2002,2000,1999,2009,SFG,SFG,RP,567,4,34,691.0,43,35,473,257,66.0,7.3,6.69,3.36,0.82,3.3,133.37,27.67,46.2,56.2,71.7,5.3,59.0,50.2,C,C+,B,F,C,49.8,Rare,False,False,0,bbref_war
rueteki01,rueteki01,Kirk Rueter,Steroid Era (1994-2005),1997,2002,1993,2005,SFG,SFG,SP,340,336,0,1918.0,130,92,818,582,220.0,14.42,3.79,2.57,0.92,3.72,125.98,5.8,3.6,77.4,66.9,50.6,49.6,54.1,F,B+,B,C,C,49.8,Rare,False,False,0,bbref_war
kingra01,kingra01,Ray King,Steroid Era (1994-2005),2004,2004,1999,2008,MIL,MIL,RP,593,0,2,411.0,20,23,278,181,34.0,5.47,6.15,3.76,0.75,3.33,158.09,,38.3,45.2,87.8,1.0,65.0,70.2,D+,C,A,F,B,49.7,Rare,False,False,0,bbref_war
minorbl01,minorbl01,Blas Minor,Steroid Era (1994-2005),1994,1993,1992,1997,PIT,PIT,RP,157,0,5,225.0,13,10,184,70,29.0,0.23,7.36,2.8,1.16,4.4,92.88,,56.0,71.3,45.4,6.3,28.3,83.4,C+,B,C,F,A-,49.7,Rare,False,False,0,bbref_war
myersmi01,myersmi01,Mike Myers,Steroid Era (1994-2005),2002,2000,1995,2007,DET,DET,RP,883,0,14,541.6666666666666,25,24,429,256,58.0,7.77,7.09,4.23,0.7,3.34,157.05,,52.1,32.5,87.1,1.0,69.8,60.5,C,D,A,F,B-,49.6,Rare,False,False,0,bbref_war
micelda01,micelda01,Dan Miceli,Steroid Era (1994-2005),2000,1998,1993,2006,PIT,PIT,RP,631,9,39,700.6666666666666,43,52,632,310,93.0,4.98,8.23,3.73,1.16,3.97,119.53,,68.8,46.2,62.7,2.8,28.2,65.4,B,C,B-,F,B,49.5,Rare,False,False,0,bbref_war
loopebr01,loopebr01,Braden Looper,Steroid Era (1994-2005),2004,2004,1998,2009,MIA,MIA,RP,670,97,103,1176.0,72,65,669,373,132.0,8.45,5.38,2.57,0.88,3.9,119.58,5.93,26.9,77.6,62.7,10.0,53.7,68.8,D,B+,B-,F,B,49.4,Rare,False,False,0,bbref_war
desseel01,desseel01,Elmer Dessens,Steroid Era (1994-2005),2003,2001,1996,2010,LAD,LAD,RP,441,140,5,1174.3333333333333,52,64,693,348,145.0,13.37,5.14,2.64,1.09,4.03,122.66,7.28,23.3,75.5,64.7,26.7,34.7,54.6,D-,B+,B-,D,C,49.3,Rare,False,False,0,bbref_war
suppaje01,suppaje01,Jeff Suppan,Steroid Era (1994-2005),2002,2003,1995,2012,KCR,KCR,SP,448,417,0,2542.6666666666665,140,146,1390,871,337.0,16.89,4.93,2.9,1.16,4.52,104.92,6.36,20.3,68.5,53.2,56.4,28.7,77.7,D-,B,C,C+,B+,49.3,Rare,False,False,0,bbref_war
floribr01,floribr01,Bryce Florie,Steroid Era (1994-2005),1997,1995,1994,2001,SDP,SDP,RP,261,29,2,493.6666666666667,20,24,395,243,46.0,2.95,7.2,4.38,0.84,4.34,156.53,11.32,53.7,28.5,86.7,11.1,57.6,48.8,C,D,A,F,C,49.2,Rare,False,False,0,bbref_war
mcelrch01,mcelrch01,Chuck McElroy,Steroid Era (1994-2005),1997,1998,1989,2001,CIN,CIN,RP,654,7,17,739.3333333333334,38,30,604,362,66.0,10.98,7.53,4.05,0.71,3.42,145.05,31.67,58.5,37.3,79.3,3.3,68.8,30.7,C+,D+,B+,F,D,49.2,Rare,False,False,0,bbref_war
mechegi01,mechegi01,Gil Meche,Steroid Era (1994-2005),2004,2008,1999,2010,SEA,SEA,SP,258,243,0,1432.3333333333333,84,83,1050,594,176.0,16.27,6.66,3.46,1.08,4.33,104.45,5.85,45.7,53.4,52.9,51.2,35.4,34.5,C,C,C,C,D,49.2,Rare,True,False,1,bbref_war
trachst01,trachst01,Steve Trachsel,Steroid Era (1994-2005),2000,2003,1993,2008,CHC,CHC,SP,420,417,0,2501.0,143,159,1591,943,348.0,22.4,5.59,3.3,1.13,3.84,115.76,6.23,29.9,57.8,60.2,55.0,30.6,49.9,D,C+,B-,C+,C,49.2,Rare,True,False,1,bbref_war
kennejo04,kennejo04,Joe Kennedy,Steroid Era (1994-2005),2004,2004,2001,2007,OAK,OAK,SP,222,139,2,908.6666666666666,43,61,558,335,105.0,7.36,5.53,3.32,1.04,4.79,107.54,6.3,29.1,57.2,54.9,55.7,39.1,69.1,D,C+,C,C+,B,49.1,Rare,False,False,0,bbref_war
ponsosi01,ponsosi01,Sidney Ponson,Steroid Era (1994-2005),2001,2003,1998,2009,BAL,BAL,SP,298,278,1,1760.3333333333333,91,113,1031,609,223.0,14.42,5.5,2.98,1.17,4.67,96.72,6.58,28.6,66.4,47.9,58.6,27.8,61.1,D,B,C,C+,B-,49.0,Rare,False,False,0,bbref_war
trombmi01,trombmi01,Mike Trombley,Steroid Era (1994-2005),1998,1998,1992,2002,MIN,MIN,RP,509,36,44,795.6666666666666,37,47,672,319,114.0,9.52,8.2,3.68,1.17,3.93,122.29,51.64,68.3,47.5,64.5,4.7,27.5,36.8,B,C,B-,F,D+,49.0,Rare,False,False,0,bbref_war
bonesri01,bonesri01,Ricky Bones,Steroid Era (1994-2005),1995,1994,1991,2001,MIL,MIL,SP,375,164,1,1278.3333333333333,63,82,564,464,167.0,9.77,3.8,3.05,1.13,4.41,108.37,9.56,3.6,64.6,55.4,88.9,30.6,62.0,F,B-,C+,A,B-,48.9,Rare,True,False,1,bbref_war
eyresc01,eyresc01,Scott Eyre,Steroid Era (1994-2005),2004,2005,1997,2009,SFG,SFG,RP,617,32,4,649.3333333333334,28,30,537,332,83.0,7.11,7.52,4.27,0.98,3.65,154.09,15.2,58.3,31.4,85.2,1.1,44.6,55.1,C+,D,A,F,C+,48.9,Rare,False,False,0,bbref_war
mayda02,mayda02,Darrell May,Steroid Era (1994-2005),2002,2003,1995,2005,KCR,KCR,SP,161,97,0,660.6666666666666,26,43,414,212,123.0,5.82,5.64,2.89,1.68,5.16,76.88,9.61,30.7,68.9,35.0,89.4,1.0,36.2,D,B,D+,A,D+,48.9,Rare,False,False,0,bbref_war
tavarju01,tavarju01,Julian Tavarez,Steroid Era (1994-2005),2003,2000,1993,2009,CLE,CLE,RP,828,108,23,1404.3333333333333,88,82,842,563,113.0,8.34,5.56,3.27,0.61,3.63,137.12,13.22,29.5,58.5,74.1,5.6,77.7,72.5,D,C+,B,F,B,48.9,Rare,False,False,0,bbref_war
damicje01,d'amije01,Jeff D'Amico,Steroid Era (1994-2005),2000,2000,1996,2004,MIL,MIL,SP,139,131,0,784.0,45,52,498,221,120.0,6.81,5.69,2.5,1.33,4.52,85.25,5.84,31.5,79.3,40.4,51.1,12.8,54.3,D,B+,C-,C,C,48.8,Rare,False,False,0,bbref_war
eatonad01,eatonad01,Adam Eaton,Steroid Era (1994-2005),2003,2000,2000,2009,SDP,SDP,SP,209,201,0,1178.6666666666667,71,68,855,448,167.0,5.69,6.96,3.2,1.17,4.4,89.73,5.91,50.2,60.5,43.3,51.7,27.3,24.2,C,B-,C-,C,D-,48.8,Rare,False,False,0,bbref_war
hamiljo02,hamiljo02,Joey Hamilton,Steroid Era (1994-2005),1997,1995,1994,2003,SDP,SDP,SP,242,209,1,1340.6666666666667,74,73,894,493,130.0,16.7,6.0,3.33,0.81,4.07,109.92,6.29,36.0,57.0,56.5,55.6,59.8,1.0,D+,C+,C+,C+,F,48.8,Rare,False,False,0,bbref_war
magnami01,magnami01,Mike Magnante,Steroid Era (1994-2005),1997,1991,1991,2002,KCR,KCR,RP,484,19,3,617.6666666666666,26,32,347,234,45.0,5.81,5.31,3.14,0.64,3.32,140.31,26.44,25.8,62.0,76.2,3.8,74.8,68.8,D,B-,B+,F,B,48.8,Rare,False,False,0,bbref_war
adamste01,adamste01,Terry Adams,Steroid Era (1994-2005),2000,2001,1995,2005,CHC,CHC,RP,574,41,42,869.3333333333334,51,62,691,380,63.0,6.73,7.35,3.76,0.69,3.83,118.32,7.56,55.8,45.3,61.9,6.9,70.8,67.9,C+,C,B-,F,B,48.7,Rare,False,False,0,bbref_war
lloydgr01,lloydgr01,Graeme Lloyd,Steroid Era (1994-2005),1997,1993,1993,2003,MIL,MIL,RP,568,0,17,533.0,30,36,304,161,51.0,5.98,4.98,2.67,0.92,3.56,144.44,,21.0,74.9,78.9,1.3,49.9,45.3,D-,B,B+,F,C,48.7,Rare,False,False,0,bbref_war
redmama01,redmama01,Mark Redman,Steroid Era (1994-2005),2003,2003,1999,2008,MIN,MIN,SP,219,203,0,1238.6666666666667,68,85,747,407,141.0,12.85,5.44,2.9,0.99,4.61,97.52,6.08,27.8,68.6,48.4,53.5,43.9,41.1,D,B,C,C,C-,48.5,Rare,True,False,1,bbref_war
lopezal02,lopezal02,Albie Lopez,Steroid Era (1994-2005),1999,2000,1993,2003,CLE,CLE,RP,297,92,4,841.3333333333334,47,58,558,343,112.0,7.1,5.85,3.31,1.04,4.2,124.16,8.72,33.9,57.4,65.7,20.4,38.9,79.9,D,C+,B,D-,B+,48.2,Rare,False,False,0,bbref_war
saarlki01,saarlki01,Kirk Saarloos,Steroid Era (1994-2005),2005,2005,2002,2008,OAK,OAK,SP,165,73,2,509.0,29,30,251,186,60.0,1.46,4.44,3.29,1.06,5.02,86.35,10.9,13.1,58.0,41.1,102.4,37.2,58.8,F,C+,C-,S,C+,48.2,Rare,False,False,0,bbref_war
abbotpa01,abbotpa01,Paul Abbott,Steroid Era (1994-2005),1999,2000,1990,2004,SEA,SEA,SP,162,112,0,720.6666666666666,43,37,496,393,101.0,7.44,6.54,4.56,1.14,4.19,113.29,8.49,43.9,23.7,58.6,78.0,30.2,66.2,C-,D-,C+,B+,B,48.1,Rare,False,False,0,bbref_war
taylobi04,taylobi04,Billy Taylor,Steroid Era (1994-2005),1998,1997,1994,2001,OAK,OAK,RP,317,0,100,324.6666666666667,16,28,307,133,27.0,4.0,8.51,3.69,0.75,4.21,107.43,,72.9,47.2,54.8,2.1,65.4,15.6,B,C,C,F,F,48.1,Rare,False,False,0,bbref_war
thompju02,thompju02,Justin Thompson,Steroid Era (1994-2005),1998,1997,1996,2005,DET,DET,SP,103,101,0,648.6666666666666,36,43,428,235,73.0,12.92,5.94,3.26,1.01,4.02,100.13,6.2,35.1,58.8,50.1,54.8,41.6,36.6,D+,C+,C,C,D+,48.1,Rare,True,False,1,bbref_war
roberna01,roberna01,Nate Robertson,Steroid Era (1994-2005),2005,2006,2002,2010,DET,DET,SP,223,187,1,1152.3333333333333,57,77,775,420,160.0,6.13,6.16,3.22,1.24,4.65,85.4,6.7,38.4,59.8,40.5,59.8,20.7,67.0,D+,C+,C-,C+,B,48.0,Rare,False,False,0,bbref_war
davisdo02,davisdo02,Doug Davis,Steroid Era (1994-2005),2005,2004,1999,2011,MIL,MIL,SP,306,286,0,1715.6666666666667,92,108,1279,783,180.0,21.15,6.77,3.93,0.92,4.03,110.69,5.94,47.3,40.5,56.9,52.1,50.3,28.8,C,C-,C+,C,D,47.9,Uncommon,False,False,0,bbref_war
torresa01,torresa01,Salomon Torres,Steroid Era (1994-2005),2004,2004,1993,2008,PIT,PIT,RP,497,64,57,847.3333333333334,44,58,540,349,91.0,8.41,5.98,3.33,0.82,3.52,133.1,6.85,35.7,57.0,71.5,6.6,59.0,59.0,D+,C+,B,F,C+,47.9,Uncommon,False,False,0,bbref_war
ayalabo01,ayalabo01,Bobby Ayala,Steroid Era (1994-2005),1995,1994,1992,1999,SEA,SEA,RP,406,14,59,576.0,37,44,541,245,71.0,0.86,8.5,3.94,1.11,4.4,111.48,8.34,72.8,40.5,57.5,6.5,32.4,50.8,B,C-,C+,F,C,47.8,Uncommon,False,False,0,bbref_war
foxch02,foxch02,Chad Fox,Steroid Era (1994-2005),2002,2001,1997,2009,MIL,MIL,RP,219,0,6,228.0,10,12,262,134,22.0,3.72,9.97,5.09,0.86,3.21,122.04,,94.4,9.2,64.3,2.5,55.7,52.8,A,F,B-,F,C,47.8,Uncommon,False,False,0,bbref_war
fultzaa01,fultzaa01,Aaron Fultz,Steroid Era (1994-2005),2004,2005,2000,2007,SFG,SFG,RP,463,1,3,479.6666666666667,25,15,394,187,50.0,3.0,7.2,3.66,0.9,4.21,117.35,71.33,53.7,48.1,61.3,2.2,51.5,82.1,C,C,B-,F,A-,47.8,Uncommon,False,False,0,bbref_war
leskacu01,leskacu01,Curt Leskanic,Steroid Era (1994-2005),1999,1995,1993,2004,COL,COL,RP,603,11,55,712.6666666666666,50,34,641,362,80.0,12.02,8.38,4.48,0.89,3.85,143.43,,71.1,25.8,78.2,3.2,52.7,15.6,B,D,B+,F,F,47.7,Uncommon,False,False,0,bbref_war
patteda04,patteda04,Danny Patterson,Steroid Era (1994-2005),1999,1997,1996,2004,DET,DET,RP,350,0,9,384.3333333333333,24,22,250,112,35.0,5.76,5.96,2.49,0.74,3.97,100.71,,35.5,79.7,50.5,3.0,66.0,51.2,D+,B+,C,F,C,47.7,Uncommon,False,False,0,bbref_war
santijo03,santijo03,Jose Santiago,Steroid Era (1994-2005),2000,2000,1997,2005,KCR,KCR,RP,229,0,4,299.0,17,22,153,95,28.0,2.55,4.39,2.86,0.75,3.93,140.73,,12.4,69.7,76.5,5.4,65.3,80.3,F,B,B+,F,A-,47.7,Uncommon,False,False,0,bbref_war
manzajo01,manzajo01,Josias Manzanillo,Steroid Era (1994-2005),1997,2000,1991,2004,NYM,NYM,RP,267,1,6,342.0,13,15,300,153,46.0,3.92,8.26,3.85,0.91,3.82,109.32,,69.3,42.8,56.1,4.6,50.8,45.8,B,C-,C+,F,C,47.6,Uncommon,False,False,0,bbref_war
mlickda01,mlickda01,Dave Mlicki,Steroid Era (1994-2005),1998,1997,1992,2002,NYM,NYM,SP,262,193,1,1232.6666666666667,66,80,834,472,171.0,6.86,6.02,3.29,1.15,4.59,97.12,5.78,36.4,57.9,48.1,50.4,29.0,59.0,D+,C+,C,C,C+,47.6,Uncommon,False,False,0,bbref_war
schoesc01,schoesc01,Scott Schoeneweis,Steroid Era (1994-2005),2004,2001,1999,2010,LAA,LAA,RP,577,93,9,972.0,47,57,568,398,112.0,4.41,5.18,3.56,0.94,4.88,150.08,6.21,23.9,50.7,82.6,11.9,48.1,83.0,D-,C,A-,F,A-,47.6,Uncommon,False,False,0,bbref_war
bensokr01,bensokr01,Kris Benson,Steroid Era (1994-2005),2004,2000,1999,2010,PIT,PIT,SP,206,200,0,1243.6666666666667,70,75,806,441,152.0,13.79,5.86,3.17,1.06,4.29,100.14,5.97,34.0,61.3,50.1,52.4,36.9,29.1,D,B-,C,C,D,47.5,Uncommon,False,False,0,bbref_war
wellski01,wellski01,Kip Wells,Steroid Era (1994-2005),2002,2003,1999,2012,PIT,PIT,SP,296,219,2,1338.3333333333333,69,103,963,635,151.0,10.43,6.58,3.98,0.99,4.29,103.92,6.46,44.5,39.2,52.5,57.4,43.8,52.2,C-,D+,C,C+,C,47.5,Uncommon,False,False,0,bbref_war
bergmse01,bergmse01,Sean Bergman,Steroid Era (1994-2005),1996,1998,1993,2000,DET,DET,SP,196,117,0,750.3333333333334,39,47,455,272,99.0,2.58,5.54,3.15,1.07,4.84,92.88,7.05,29.3,61.7,45.4,63.4,36.6,39.5,D,B-,C,B-,D+,47.4,Uncommon,False,False,0,bbref_war
radinsc01,radinsc01,Scott Radinsky,Steroid Era (1994-2005),1996,1991,1990,2001,CHW,CHW,RP,557,0,52,481.6666666666667,42,25,358,209,33.0,7.71,6.47,3.47,0.65,2.84,125.08,,42.9,53.1,66.3,1.0,74.1,58.6,C-,C,B,F,C+,47.4,Uncommon,False,False,0,bbref_war
witasja01,witasja01,Jay Witasick,Steroid Era (1994-2005),2002,2002,1996,2007,OAK,OAK,RP,405,56,5,731.3333333333334,32,41,645,364,97.0,4.4,8.0,4.24,1.0,4.05,124.77,5.65,65.4,32.1,66.1,8.3,42.3,63.0,B,D,B,F,B-,47.4,Uncommon,False,False,0,bbref_war
ritchto01,ritchto01,Todd Ritchie,Steroid Era (1994-2005),2000,1999,1997,2004,PIT,PIT,SP,184,120,0,835.6666666666666,43,54,516,262,104.0,7.69,5.63,2.69,1.1,4.45,93.54,5.72,30.6,74.2,45.8,49.9,33.5,9.6,D,B,C,C,F,47.3,Uncommon,False,False,0,bbref_war
baezda01,baezda01,Danys Baez,Steroid Era (1994-2005),2004,2002,2001,2011,CLE,CLE,RP,533,26,114,697.0,40,57,505,288,71.0,7.65,6.87,3.56,0.83,3.82,126.25,6.36,48.9,50.6,67.1,6.0,57.9,32.2,C,C,B,F,D,47.1,Uncommon,True,False,1,bbref_war
henrydo01,henrydo01,Doug Henry,Steroid Era (1994-2005),1995,1991,1991,2001,MIL,MIL,RP,582,0,82,665.6666666666666,34,42,541,341,83.0,6.29,7.37,4.48,1.16,3.44,160.88,,56.2,25.6,89.6,3.3,28.7,45.9,C+,D,A,F,C,47.1,Uncommon,False,False,0,bbref_war
holtch01,holtch01,Chris Holt,Steroid Era (1994-2005),1999,2000,1996,2001,HOU,HOU,SP,133,112,1,736.6666666666666,28,51,426,253,69.0,4.48,5.2,3.09,0.84,4.76,89.78,6.55,24.3,63.4,43.4,58.3,56.9,54.6,D-,B-,C-,C+,C,47.1,Uncommon,False,False,0,bbref_war
wilsopa02,wilsopa02,Paul Wilson,Steroid Era (1994-2005),2002,2004,1996,2005,TB,TB,SP,170,153,0,941.6666666666666,40,58,619,336,126.0,2.66,5.92,3.21,1.2,4.86,92.38,6.17,34.8,60.1,45.0,54.4,24.3,55.8,D,B-,C,C,C+,47.1,Uncommon,False,False,0,bbref_war
worreti01,worreti01,Tim Worrell,Steroid Era (1994-2005),2000,1996,1993,2006,SDP,SDP,RP,678,49,71,973.6666666666666,48,59,758,366,107.0,9.04,6.91,3.5,0.81,3.53,123.26,8.65,49.4,52.3,65.1,6.2,59.9,27.8,C,C,B,F,D,47.0,Uncommon,False,False,0,bbref_war
cruzne01,cruzne01,Nelson Cruz,Steroid Era (1994-2005),2000,2000,1997,2003,HOU,HOU,RP,204,18,2,348.3333333333333,15,23,277,109,59.0,1.49,7.16,2.82,1.52,5.04,97.69,11.48,53.0,70.8,48.5,9.1,1.0,47.4,C,B,C,F,C,46.9,Uncommon,False,False,0,bbref_war
bottari01,bottari01,Ricky Bottalico,Steroid Era (1994-2005),1997,1995,1994,2005,PHI,PHI,RP,562,0,116,628.6666666666666,33,42,575,316,71.0,8.01,8.71,4.24,0.94,3.51,109.09,,75.8,32.2,55.9,3.4,48.3,57.7,B+,D,C+,F,C+,46.8,Uncommon,True,False,1,bbref_war
rislebi01,rislebi01,Bill Risley,Steroid Era (1994-2005),1995,1995,1992,1998,TOR,TOR,RP,157,1,1,221.33333333333334,15,13,203,101,31.0,3.59,8.25,4.11,1.26,3.98,122.74,5.0,69.2,35.9,64.8,6.1,19.2,50.0,B,D+,B-,F,C,46.8,Uncommon,False,False,0,bbref_war
watsoal01,watsoal01,Allen Watson,Steroid Era (1994-2005),1997,1999,1993,2000,STL,STL,SP,206,137,1,892.0,51,55,589,351,139.0,1.86,5.97,3.45,1.44,4.96,86.55,8.31,35.6,53.5,41.3,76.1,3.3,53.4,D+,C,C-,B+,C,46.8,Uncommon,False,False,0,bbref_war
graveda01,graveda01,Danny Graves,Steroid Era (1994-2005),2000,2000,1996,2006,CIN,CIN,RP,518,30,182,808.3333333333334,43,44,429,271,96.0,8.75,5.3,3.15,0.76,3.38,128.58,24.67,25.7,61.9,68.6,5.8,64.0,71.2,D,B-,B,F,B,46.7,Uncommon,True,False,2,bbref_war
jamesmi01,jamesmi01,Mike James,Steroid Era (1994-2005),1998,1996,1995,2002,STL,STL,RP,288,0,11,314.0,16,14,247,149,30.0,4.7,7.08,4.27,0.86,3.67,141.08,,51.9,31.4,76.7,2.8,55.3,70.1,C,D,B+,F,B,46.7,Uncommon,False,False,0,bbref_war
kochbi01,kochbi01,Billy Koch,Steroid Era (1994-2005),2002,2000,1999,2004,TOR,TOR,RP,379,0,163,407.3333333333333,29,25,357,191,41.0,5.45,7.89,4.22,0.91,3.89,125.04,,63.8,32.8,66.3,2.7,51.2,60.5,B-,D,B,F,B-,46.7,Uncommon,False,False,0,bbref_war
koplomi01,koplomi01,Mike Koplove,Steroid Era (1994-2005),2004,2003,2001,2007,ARI,ARI,RP,222,0,2,254.66666666666666,15,7,175,103,19.0,3.42,6.18,3.64,0.67,3.82,134.72,,38.7,48.5,72.6,3.4,72.3,52.7,D+,C,B,F,C,46.7,Uncommon,False,False,0,bbref_war
baldwja01,baldwja01,James Baldwin,Steroid Era (1994-2005),1999,2000,1995,2005,CHW,CHW,SP,266,202,2,1322.6666666666667,79,74,844,486,203.0,10.76,5.84,3.32,1.28,4.82,99.01,6.26,33.7,57.3,49.4,55.3,17.3,42.6,D,C+,C,C+,C-,46.4,Uncommon,True,False,1,bbref_war
bohanbr01,bohanbr01,Brian Bohanon,Steroid Era (1994-2005),1997,1998,1990,2001,TEX,TEX,SP,304,157,2,1116.0,54,60,671,489,142.0,10.84,5.49,3.8,1.0,4.7,105.09,7.95,28.6,44.1,53.3,72.5,42.5,37.2,D,C-,C,B,D+,46.4,Uncommon,False,False,0,bbref_war
crabtti01,crabtti01,Tim Crabtree,Steroid Era (1994-2005),1998,1996,1995,2001,TEX,TEX,RP,342,0,9,394.0,21,22,288,150,29.0,4.27,6.58,3.43,0.66,4.2,123.92,,44.5,54.3,65.5,3.4,73.1,24.1,C-,C,B,F,D-,46.4,Uncommon,False,False,0,bbref_war
johnsja02,johnsja02,Jason Johnson,Steroid Era (1994-2005),2002,2003,1997,2008,BAL,BAL,SP,255,221,0,1357.0,56,100,810,498,181.0,7.24,5.36,3.19,1.14,4.67,93.67,5.78,26.5,60.8,45.9,50.4,30.3,80.3,D,B-,C,C,A-,46.4,Uncommon,False,False,0,bbref_war
stricsc01,stricsc02,Scott Strickland,Steroid Era (1994-2005),2002,2000,1999,2010,WSH,WSH,RP,239,0,20,242.0,12,21,243,112,25.0,3.91,9.04,4.17,0.93,3.38,110.18,,80.7,34.3,56.6,2.0,49.0,14.9,A-,D,C+,F,F,46.4,Uncommon,False,False,0,bbref_war
willimi03,willimi03,Mike Williams,Steroid Era (1994-2005),1998,1998,1992,2003,PHI,PHI,RP,468,55,144,768.3333333333334,32,54,584,343,89.0,6.44,6.85,3.71,1.07,4.02,131.17,18.5,48.5,46.7,70.3,9.9,36.1,35.3,C,C,B,F,D+,46.4,Uncommon,True,False,2,bbref_war
walldo01,walldo01,Donne Wall,Steroid Era (1994-2005),1999,1998,1995,2002,SDP,SDP,RP,234,37,2,474.0,31,28,322,155,62.0,3.67,6.18,2.89,1.12,4.0,105.41,27.24,38.7,68.7,53.5,11.2,31.5,55.7,D+,B,C,F,C+,46.3,Uncommon,False,False,0,bbref_war
perezyo01,perezyo01,Yorkis Perez,Steroid Era (1994-2005),1998,1998,1991,2002,MIA,MIA,RP,337,0,2,282.0,14,15,259,147,29.0,1.58,7.91,4.22,1.01,4.03,120.88,,64.2,32.8,63.6,1.1,42.1,75.5,B-,D,B-,F,B+,46.2,Uncommon,False,False,0,bbref_war
wasdijo01,wasdijo01,John Wasdin,Steroid Era (1994-2005),1999,2005,1995,2007,BOS,BOS,RP,328,65,7,793.3333333333334,39,39,527,252,135.0,4.39,6.25,2.76,1.46,4.94,100.97,13.08,39.7,72.4,50.6,16.0,1.0,61.2,D+,B,C,F,B-,46.2,Uncommon,False,False,0,bbref_war
kamiesc01,kamiesc01,Scott Kamieniecki,Steroid Era (1994-2005),1994,1997,1991,2000,NYY,NYY,SP,250,138,5,975.6666666666666,53,59,542,446,105.0,10.81,4.88,3.84,0.89,4.12,105.72,8.32,19.6,43.0,53.7,76.3,52.7,59.8,F,C-,C,B+,C+,46.1,Uncommon,False,False,0,bbref_war
jarvike01,jarvike01,Kevin Jarvis,Steroid Era (1994-2005),2001,2001,1994,2006,CIN,CIN,SP,187,118,1,780.6666666666666,34,49,453,262,149.0,0.66,5.6,2.59,1.82,5.69,67.49,7.33,30.2,76.9,28.9,66.2,1.0,40.4,D,B+,D,B,C-,46.0,Uncommon,False,False,0,bbref_war
vosbeed01,vosbeed01,Ed Vosberg,Steroid Era (1994-2005),1997,1996,1986,2002,TEX,TEX,RP,266,3,13,233.33333333333334,10,15,179,109,22.0,3.09,7.37,4.15,0.83,3.76,121.14,,56.2,34.7,63.7,1.0,58.0,85.2,C+,D,B-,F,A,46.0,Uncommon,False,False,0,bbref_war
borbope02,borbope02,Pedro Borbon,Steroid Era (1994-2005),1996,2001,1992,2003,ATL,ATL,RP,368,0,6,271.0,16,16,224,134,33.0,2.36,7.79,3.75,1.04,4.07,101.52,,62.3,45.4,51.0,1.0,39.3,81.6,B-,C,C,F,A-,45.9,Uncommon,False,False,0,bbref_war
wellsbo01,wellsbo01,Bob Wells,Steroid Era (1994-2005),1998,2000,1994,2002,SEA,SEA,RP,414,21,15,635.6666666666666,40,28,417,200,101.0,4.96,5.93,2.93,1.45,4.83,122.99,13.67,34.9,67.8,64.9,7.9,2.5,53.7,D,B,B-,F,C,45.9,Uncommon,False,False,0,bbref_war
weathda01,weathda01,David Weathers,Steroid Era (1994-2005),2003,2001,1991,2009,CIN,CIN,RP,964,69,75,1376.3333333333333,73,88,976,604,133.0,12.56,6.5,3.83,0.77,3.1,141.86,,43.4,43.5,77.2,2.7,63.3,24.4,C-,C-,B+,F,D-,45.8,Uncommon,False,False,0,bbref_war
jimenjo01,jimenjo01,Jose Jimenez,Steroid Era (1994-2005),2001,2000,1998,2004,COL,COL,RP,329,38,110,521.3333333333334,24,44,319,186,46.0,2.75,5.51,3.21,0.79,4.92,117.26,9.15,28.8,60.1,61.2,7.8,61.3,78.0,D,B-,B-,F,B+,45.7,Uncommon,False,False,0,bbref_war
meachru01,meachru01,Rusty Meacham,Steroid Era (1994-2005),1994,1992,1991,2001,KCR,KCR,RP,218,9,9,343.0,23,17,198,93,39.0,2.5,5.41,2.43,1.05,4.3,96.61,7.69,27.4,81.4,47.8,7.8,37.9,68.7,D,A-,C,F,B,45.7,Uncommon,False,False,0,bbref_war
almanca01,almanca01,Carlos Almanzar,Steroid Era (1994-2005),2001,2004,1997,2005,TOR,TOR,RP,210,1,0,239.0,13,13,170,82,35.0,2.23,6.25,2.99,1.29,4.33,123.77,11.67,39.7,66.1,65.5,3.0,16.2,30.2,D+,B,B,F,D,45.6,Uncommon,False,False,0,bbref_war
dicksja01,dicksja01,Jason Dickson,Steroid Era (1994-2005),1998,1997,1996,2000,LAA,LAA,SP,73,63,0,397.0,26,25,214,122,60.0,3.09,4.85,2.77,1.36,4.99,94.69,6.0,19.1,72.2,46.5,52.7,10.2,55.5,F,B,C,C,C+,45.6,Uncommon,True,False,1,bbref_war
dipotje01,dipotje01,Jerry Dipoto,Steroid Era (1994-2005),1997,1999,1993,2000,COL,COL,RP,390,0,49,495.3333333333333,27,24,352,221,33.0,6.96,6.46,3.79,0.6,4.03,127.37,,42.8,44.5,67.8,4.5,78.5,44.5,C-,C-,B,F,C-,45.6,Uncommon,False,False,0,bbref_war
rekarbr01,rekarbr01,Bryan Rekar,Steroid Era (1994-2005),1999,2000,1995,2002,TB,TB,SP,131,108,0,655.0,25,49,383,208,99.0,3.43,5.4,2.75,1.33,5.29,85.97,5.71,27.2,72.8,40.9,49.7,13.2,46.0,D,B,C-,C,C,45.6,Uncommon,False,False,0,bbref_war
batismi01,batismi01,Miguel Batista,Steroid Era (1994-2005),2003,2003,1992,2012,ARI,ARI,RP,658,248,41,1956.3333333333333,102,115,1250,899,194.0,17.53,5.64,3.74,0.78,4.15,113.43,7.12,30.7,45.7,58.7,36.9,62.8,60.6,D,C,C+,D+,B-,45.5,Uncommon,False,False,0,bbref_war
dejeami01,dejeami01,Mike DeJean,Steroid Era (1994-2005),2001,1998,1997,2006,COL,COL,RP,565,1,52,623.3333333333334,30,33,446,292,59.0,7.62,6.48,4.12,0.62,3.73,140.18,74.33,43.0,35.4,76.1,3.0,76.8,51.0,C-,D+,B+,F,C,45.5,Uncommon,False,False,0,bbref_war
cartela02,cartela02,Lance Carter,Steroid Era (1994-2005),2004,2004,1999,2006,TB,TB,RP,181,0,29,253.66666666666666,13,12,127,73,38.0,3.24,4.51,2.59,1.35,4.15,136.44,,14.0,77.0,73.7,6.0,11.3,55.9,F,B+,B,F,C+,45.4,Uncommon,True,False,1,bbref_war
lowryno01,lowryno01,Noah Lowry,Steroid Era (1994-2005),2005,2005,2003,2007,SFG,SFG,SP,106,100,0,618.3333333333334,40,31,420,249,64.0,9.35,6.11,3.62,0.93,4.03,87.44,6.17,37.7,48.9,41.8,54.4,48.9,54.1,D+,C,C-,C,C,45.4,Uncommon,False,False,0,bbref_war
johnsjo07,johnsjo07,John Johnstone,Steroid Era (1994-2005),1997,1999,1993,2000,SFG,SFG,RP,234,0,3,278.3333333333333,15,19,234,115,38.0,2.57,7.39,3.47,1.19,3.85,110.62,,56.4,53.2,56.9,3.8,25.5,36.2,C+,C,C+,F,D+,45.3,Uncommon,False,False,0,bbref_war
wrighja02,wrighja02,Jaret Wright,Steroid Era (1994-2005),2001,2004,1997,2007,CLE,CLE,SP,226,171,2,972.6666666666666,68,60,694,467,99.0,8.9,6.51,3.96,0.78,4.35,97.4,5.15,43.6,39.9,48.3,44.0,62.2,53.1,C-,D+,C,C-,C,45.3,Uncommon,False,False,0,bbref_war
jennija01,jennija01,Jason Jennings,Steroid Era (1994-2005),2004,2006,2001,2009,COL,COL,SP,225,180,1,1128.3333333333333,62,74,749,505,137.0,10.96,5.98,4.07,0.99,4.71,106.89,5.98,35.8,36.9,54.5,52.5,43.8,67.1,D+,D+,C,C,B,45.2,Uncommon,False,False,0,bbref_war
telfoan01,telfoan01,Anthony Telford,Steroid Era (1994-2005),1997,1997,1990,2002,WSH,WSH,RP,333,9,8,455.3333333333333,22,25,331,176,48.0,3.32,6.51,3.31,0.91,3.94,100.72,15.6,43.5,57.6,50.5,5.9,50.7,75.5,C-,C+,C,F,B+,45.1,Uncommon,False,False,0,bbref_war
carrahe01,carrahe01,Hector Carrasco,Steroid Era (1994-2005),1999,2005,1994,2007,MIN,MIN,RP,647,10,19,832.3333333333334,44,50,662,387,69.0,9.53,6.94,4.02,0.71,3.56,133.57,43.26,49.8,38.3,71.8,4.9,69.1,17.0,C,D+,B,F,F,45.0,Uncommon,False,False,0,bbref_war
karlsc01,karlsc01,Scott Karl,Steroid Era (1994-2005),1998,1996,1995,2000,MIL,MIL,SP,178,161,0,1002.0,54,56,513,369,120.0,8.4,4.61,3.31,1.08,4.81,100.02,6.32,15.5,57.3,50.0,56.0,35.7,83.0,F,C+,C,C+,A-,45.0,Uncommon,False,False,0,bbref_war
marotmi01,marotmi01,Mike Maroth,Steroid Era (1994-2005),2004,2004,2002,2007,DET,DET,SP,161,150,0,918.0,50,67,443,262,133.0,3.72,4.34,2.57,1.3,5.05,89.62,6.08,11.7,77.6,43.3,53.5,15.3,61.0,F,B+,C-,C,B-,45.0,Uncommon,False,False,0,bbref_war
santovi01,santovi01,Victor Santos,Steroid Era (1994-2005),2004,2001,2001,2007,MIL,MIL,SP,186,87,0,602.3333333333334,23,48,425,279,86.0,-0.2,6.35,4.17,1.29,5.21,83.22,9.84,41.2,34.2,39.1,91.7,17.0,36.0,C-,D,D+,A,D+,45.0,Uncommon,False,False,0,bbref_war
simasbi01,simasbi01,Bill Simas,Steroid Era (1994-2005),1998,2000,1995,2000,CHW,CHW,RP,308,0,23,338.3333333333333,18,19,265,149,39.0,5.19,7.05,3.96,1.04,3.83,132.65,,51.5,39.7,71.2,2.9,39.3,39.9,C,D+,B,F,D+,45.0,Uncommon,False,False,0,bbref_war
weberbe01,weberbe01,Ben Weber,Steroid Era (1994-2005),2002,2003,2000,2005,LAA,LAA,RP,228,0,7,284.0,19,8,162,105,19.0,2.95,5.13,3.33,0.6,3.77,122.64,,23.3,57.0,64.7,4.4,78.6,83.7,D-,C+,B-,F,A-,45.0,Uncommon,False,False,0,bbref_war
ortizru01,ortizru01,Russ Ortiz,Steroid Era (1994-2005),2002,2001,1998,2010,SFG,SFG,SP,311,266,0,1661.3333333333333,113,89,1192,860,179.0,13.6,6.61,4.53,0.86,3.99,103.43,6.27,44.9,24.3,52.2,55.5,55.6,68.7,C-,D-,C,C+,B,44.9,Uncommon,True,False,1,bbref_war
parrist01,parrist01,Steve Parris,Steroid Era (1994-2005),2000,1999,1995,2003,CIN,CIN,SP,139,129,0,753.3333333333334,44,49,479,288,114.0,5.85,5.6,3.43,1.36,4.67,96.68,5.83,30.1,54.2,47.8,50.9,10.1,74.0,D,C,C,C,B,44.9,Uncommon,False,False,0,bbref_war
chrisja01,chrisja01,Jason Christiansen,Steroid Era (1994-2005),1999,1998,1995,2005,PIT,PIT,RP,528,0,16,433.6666666666667,27,26,384,217,37.0,4.88,8.69,4.84,0.63,3.74,129.52,,75.6,16.1,69.2,1.0,75.8,11.0,B+,F,B,F,F,44.7,Uncommon,False,False,0,bbref_war
sandesc02,sandesc02,Scott Sanders,Steroid Era (1994-2005),1996,1996,1993,1999,SDP,SDP,RP,235,88,5,681.6666666666666,34,45,632,276,93.0,3.97,8.34,3.64,1.23,4.86,88.73,10.13,70.5,48.4,42.7,21.2,22.2,1.0,B,C,C-,D-,F,44.7,Uncommon,False,False,0,bbref_war
reynoar02,reynoar02,Armando Reynoso,Steroid Era (1994-2005),1996,1996,1991,2002,COL,COL,SP,198,186,1,1079.6666666666667,68,62,554,376,138.0,12.64,4.73,3.18,1.11,4.65,105.05,5.86,17.4,61.0,53.3,51.2,32.9,47.4,F,B-,C,C,C,44.6,Uncommon,False,False,0,bbref_war
stephga01,stephga01,Garrett Stephenson,Steroid Era (1994-2005),1999,1997,1996,2003,STL,STL,SP,123,104,0,651.3333333333334,39,39,408,237,91.0,5.86,5.64,3.27,1.26,4.55,86.2,5.81,30.7,58.4,41.0,50.8,19.5,68.7,D,C+,C-,C,B,44.6,Uncommon,False,False,0,bbref_war
vizcalu01,vizcalu01,Luis Vizcaino,Steroid Era (1994-2005),2005,2002,1999,2009,OAK,OAK,RP,543,0,8,546.6666666666666,35,30,492,237,79.0,5.85,7.83,3.87,1.08,3.76,106.75,,63.0,42.2,54.4,2.0,35.4,51.7,B-,C-,C,F,C,44.6,Uncommon,False,False,0,bbref_war
deweyma01,deweyma01,Mark Dewey,Steroid Era (1994-2005),1994,1993,1990,1996,SFG,SFG,RP,205,0,8,249.0,12,7,168,102,18.0,2.72,6.07,3.69,0.65,3.65,122.04,,37.1,47.2,64.3,4.1,74.2,57.8,D+,C,B-,F,C+,44.4,Uncommon,False,False,0,bbref_war
botteke01,botteke01,Kent Bottenfield,Steroid Era (1994-2005),1997,1999,1992,2001,STL,STL,RP,292,116,10,911.6666666666666,46,49,566,385,123.0,7.72,5.97,3.83,1.07,4.28,115.56,10.87,35.5,43.3,60.1,21.1,36.7,89.1,D+,C-,B-,D-,A,44.2,Uncommon,True,False,1,bbref_war
powelja04,powelja04,Jay Powell,Steroid Era (1994-2005),2001,1998,1995,2005,HOU,HOU,RP,512,0,22,542.3333333333334,36,23,423,272,42.0,4.31,7.42,4.23,0.69,3.49,115.84,,57.0,32.6,60.3,2.5,70.5,57.2,C+,D,B-,F,C+,44.2,Uncommon,False,False,0,bbref_war
bereja01,bereja01,Jason Bere,Steroid Era (1994-2005),1997,1994,1993,2003,CHW,CHW,SP,211,203,0,1111.0,71,65,920,626,145.0,7.27,7.97,4.72,1.1,4.48,97.11,4.95,64.9,19.2,48.1,42.0,33.4,60.1,B-,F,C,C-,B-,44.0,Uncommon,True,False,1,bbref_war
yanes01,yanes01,Esteban Yan,Steroid Era (1994-2005),2001,1998,1996,2006,TB,TB,RP,472,23,51,695.3333333333334,33,39,553,270,105.0,2.67,7.32,3.61,1.11,4.36,103.26,61.0,55.4,49.4,52.1,4.8,32.4,48.5,C+,C,C,F,C,44.0,Uncommon,False,False,0,bbref_war
borlato02,borlato02,Toby Borland,Steroid Era (1994-2005),1998,1994,1994,2004,PHI,PHI,RP,207,0,8,269.6666666666667,11,9,211,146,23.0,1.25,7.32,4.47,0.72,3.86,125.88,,55.4,26.0,66.8,5.2,67.9,52.5,C+,D,B,F,C,43.8,Uncommon,False,False,0,bbref_war
sauersc01,sauersc01,Scott Sauerbeck,Steroid Era (1994-2005),2002,1999,1999,2006,PIT,PIT,RP,471,0,5,386.3333333333333,20,17,389,243,31.0,5.14,9.06,5.66,0.72,3.82,129.94,,81.1,1.0,69.5,1.0,67.8,47.7,A-,F,B,F,C,43.8,Uncommon,False,False,0,bbref_war
maysjo01,maysjo01,Joe Mays,Steroid Era (1994-2005),2002,2001,1999,2006,MIN,MIN,SP,206,156,0,997.0,48,70,512,329,138.0,9.15,4.62,2.97,1.25,5.05,91.79,6.29,15.8,66.7,44.7,55.6,20.6,48.2,F,B,C-,C+,C,43.6,Uncommon,True,False,1,bbref_war
carragi01,carragi01,Giovanni Carrara,Steroid Era (1994-2005),2003,2001,1995,2006,LAD,LAD,RP,313,18,4,472.3333333333333,29,18,338,202,74.0,4.08,6.6,3.41,1.16,3.72,108.11,41.43,44.8,54.8,55.3,5.5,28.3,50.9,C-,C,C+,F,C,43.5,Uncommon,False,False,0,bbref_war
pavliro01,pavliro01,Roger Pavlik,Steroid Era (1994-2005),1995,1993,1992,1998,TEX,TEX,SP,131,125,1,743.0,47,39,526,351,85.0,10.47,6.37,4.25,1.03,4.58,103.89,5.58,41.5,31.9,52.5,48.4,40.0,52.2,C-,D,C,C,C,43.3,Uncommon,True,False,1,bbref_war
reitsch01,reitsch01,Chris Reitsma,Steroid Era (1994-2005),2004,2002,2001,2007,CIN,CIN,RP,338,53,37,609.0,32,46,359,164,76.0,0.94,5.31,2.42,1.12,4.7,89.28,13.62,25.8,81.5,43.0,10.0,31.6,53.8,D,A-,C-,F,C,43.3,Uncommon,False,False,0,bbref_war
olivaom01,olivaom01,Omar Olivares,Steroid Era (1994-2005),1996,1998,1990,2001,STL,STL,SP,349,229,4,1591.6666666666667,77,86,853,685,159.0,16.5,4.86,3.7,0.84,4.19,106.36,6.76,19.3,46.8,54.1,60.4,56.7,25.4,F,C,C,B-,D,43.2,Uncommon,False,False,0,bbref_war
spradje01,spradje01,Jerry Spradlin,Steroid Era (1994-2005),1997,1998,1993,2000,CIN,CIN,RP,310,1,11,371.6666666666667,17,19,292,122,40.0,0.99,7.07,2.95,0.97,4.75,73.38,90.0,51.8,67.1,32.7,3.9,45.5,49.7,C,B,D,F,C,43.2,Uncommon,False,False,0,bbref_war
martito02,martito02,Tom Martin,Steroid Era (1994-2005),2003,1997,1997,2007,CLE,CLE,RP,376,0,3,316.6666666666667,11,9,224,143,36.0,2.91,6.42,3.82,0.86,3.92,109.75,,42.2,43.6,56.3,1.0,55.7,93.7,C-,C-,C+,F,A,43.1,Uncommon,False,False,0,bbref_war
armasto02,armasto02,Tony Armas,Steroid Era (1994-2005),2003,2001,1999,2008,WSH,WSH,SP,185,167,0,925.6666666666666,53,65,680,431,122.0,8.98,6.62,4.31,1.13,4.48,107.43,5.46,45.1,30.3,54.8,47.2,31.2,35.9,C,D,C,C,D+,43.0,Uncommon,False,False,0,bbref_war
mathete01,mathete01,Terry Mathews,Steroid Era (1994-2005),1996,1995,1991,1999,MIA,MIA,RP,324,5,10,421.6666666666667,22,21,300,180,50.0,3.38,6.5,3.54,1.09,4.06,110.45,29.72,43.4,51.4,56.8,5.3,34.5,52.4,C-,C,C+,F,C,43.0,Uncommon,False,False,0,bbref_war
redditi01,redditi01,Tim Redding,Steroid Era (1994-2005),2004,2007,2001,2009,HOU,HOU,SP,179,144,0,822.3333333333334,37,57,552,337,114.0,2.46,6.06,3.64,1.22,4.73,91.85,5.86,36.9,48.6,44.7,51.3,23.2,32.8,D+,C,C-,C,D,43.0,Uncommon,False,False,0,bbref_war
wendetu01,wendetu01,Turk Wendell,Steroid Era (1994-2005),1999,1999,1993,2004,CHC,CHC,RP,552,6,33,645.6666666666666,36,33,515,324,73.0,7.24,7.28,4.57,0.93,3.49,123.91,,54.8,23.3,65.5,2.9,48.9,84.3,C,D-,B,F,A-,43.0,Uncommon,False,False,0,bbref_war
blairwi01,blairwi01,Willie Blair,Steroid Era (1994-2005),1996,1997,1990,2001,DET,DET,RP,418,139,4,1274.0,60,86,759,415,170.0,7.77,5.19,2.79,1.14,4.59,99.42,8.63,24.2,71.6,49.6,24.9,30.1,25.3,D-,B,C,D-,D,42.9,Uncommon,False,False,0,bbref_war
estessh01,estessh01,Shawn Estes,Steroid Era (1994-2005),2000,1997,1995,2008,SFG,SFG,SP,283,281,0,1678.3333333333333,101,93,1210,858,158.0,11.05,6.46,4.59,0.81,4.45,100.89,6.15,42.8,22.8,50.6,54.2,60.1,51.4,C-,D-,C,C,C,42.8,Uncommon,True,False,1,bbref_war
almanar01,almanar01,Armando Almanza,Steroid Era (1994-2005),2002,1999,1999,2005,MIA,MIA,RP,254,0,2,214.66666666666666,14,13,232,136,34.0,-0.4,9.73,5.7,1.43,4.82,125.83,,90.8,1.0,66.8,1.0,4.4,53.6,A,F,B,F,C,42.7,Uncommon,False,False,0,bbref_war
scottti01,scottti01,Tim Scott,Steroid Era (1994-2005),1994,1993,1991,1997,SDP,SDP,RP,276,0,5,314.0,24,13,253,133,24.0,2.06,7.25,3.81,0.69,4.13,98.15,,54.4,43.8,48.8,3.3,70.8,38.7,C,C-,C,F,D+,42.7,Uncommon,False,False,0,bbref_war
meadobr01,meadobr01,Brian Meadows,Steroid Era (1994-2005),2003,2000,1998,2006,PIT,PIT,RP,336,122,10,960.6666666666666,47,62,454,259,139.0,2.04,4.44,2.34,1.18,4.78,96.34,7.09,13.1,83.9,47.6,16.9,26.5,51.9,F,A-,C,F,C,42.6,Uncommon,False,False,0,bbref_war
seoja01,seoja01,Jae Weong Seo,Steroid Era (1994-2005),2004,2003,2002,2007,NYM,NYM,SP,118,102,0,606.3333333333334,28,40,340,184,86.0,6.37,5.05,2.73,1.28,4.6,82.9,5.87,22.0,73.2,38.9,51.4,17.8,8.9,D-,B,D+,C,F,42.6,Uncommon,False,False,0,bbref_war
alfonan01,alfonan01,Antonio Alfonseca,Steroid Era (1994-2005),2001,1999,1997,2007,MIA,MIA,RP,592,0,129,613.0,35,37,400,250,55.0,5.12,5.95,3.54,0.77,3.62,117.97,,35.3,51.3,61.7,2.4,63.4,37.3,D+,C,B-,F,D+,42.5,Uncommon,False,False,0,bbref_war
aceveju01,aceveju01,Juan Acevedo,Steroid Era (1994-2005),1999,1998,1995,2003,STL,STL,RP,367,34,53,570.0,28,40,350,226,72.0,4.11,5.45,3.52,1.12,4.16,122.17,12.31,27.9,51.7,64.4,8.2,32.1,64.5,D,C,B-,F,B-,42.1,Uncommon,False,False,0,bbref_war
chacosh01,chacosh01,Shawn Chacon,Steroid Era (1994-2005),2005,2005,2001,2008,COL,COL,SP,269,134,36,922.0,45,61,619,475,137.0,8.27,5.94,4.43,1.31,4.83,99.79,8.44,35.2,27.0,49.9,77.4,14.8,34.0,D+,D,C,B+,D,42.1,Uncommon,True,False,1,bbref_war
pichahi01,pichahi01,Hipolito Pichardo,Steroid Era (1994-2005),1995,1993,1992,2002,KCR,KCR,RP,350,68,20,769.6666666666666,50,44,394,287,54.0,6.53,4.51,3.36,0.62,4.28,111.36,20.96,14.1,56.1,57.4,17.6,76.9,74.0,F,C+,C+,F,B,42.1,Uncommon,False,False,0,bbref_war
venafmi01,venafmi01,Mike Venafro,Steroid Era (1994-2005),2002,1999,1999,2006,TEX,TEX,RP,307,0,5,253.33333333333334,15,10,131,94,15.0,3.97,4.65,3.34,0.53,4.09,128.03,,16.2,56.7,68.2,1.0,84.8,47.7,F,C+,B,F,C,42.1,Uncommon,False,False,0,bbref_war
lirafe01,lirafe01,Felipe Lira,Steroid Era (1994-2005),1998,1995,1995,2001,DET,DET,SP,163,79,1,577.3333333333334,26,46,348,222,84.0,5.0,5.42,3.46,1.31,5.32,78.94,8.35,27.6,53.4,36.3,76.6,14.8,8.9,D,C,D+,B+,F,42.0,Uncommon,False,False,0,bbref_war
boehrbr01,boehrbr01,Brian Boehringer,Steroid Era (1994-2005),1999,1997,1995,2004,NYY,NYY,RP,356,21,3,534.6666666666666,26,32,432,274,64.0,6.13,7.5,4.35,0.9,3.77,117.73,33.45,58.1,29.4,61.5,7.7,51.5,16.3,C+,D,B-,F,F,41.8,Uncommon,False,False,0,bbref_war
milletr01,milletr01,Travis Miller,Steroid Era (1994-2005),1999,1999,1996,2002,MIN,MIN,RP,203,14,1,267.3333333333333,7,18,199,113,27.0,1.25,6.7,3.8,0.91,5.05,109.27,5.33,46.3,44.1,56.0,5.1,50.9,37.6,C,C-,C+,F,D+,41.8,Uncommon,False,False,0,bbref_war
paintla01,paintla01,Lance Painter,Steroid Era (1994-2005),1997,1995,1993,2003,STL,STL,RP,314,28,3,450.0,25,18,331,178,66.0,2.53,6.44,3.27,1.12,5.03,97.92,21.25,42.4,58.6,48.6,7.0,31.5,36.4,C-,C+,C,F,D+,41.8,Uncommon,False,False,0,bbref_war
telemam01,telemam01,Amaury Telemaco,Steroid Era (1994-2005),2000,1998,1996,2005,PHI,PHI,RP,219,64,0,561.0,23,35,364,194,92.0,1.02,5.79,3.15,1.37,4.66,91.56,8.42,33.0,61.8,44.5,14.1,9.3,87.3,D,B-,C-,F,A,41.8,Uncommon,False,False,0,bbref_war
petkoma01,petkoma01,Mark Petkovsek,Steroid Era (1994-2005),1996,1999,1991,2001,STL,STL,RP,390,41,5,710.0,46,28,358,222,82.0,2.73,4.44,2.73,0.9,4.41,93.5,24.44,13.1,73.2,45.8,11.2,51.3,89.5,F,B,C,F,A,41.7,Uncommon,False,False,0,bbref_war
slocuhe01,slocuhe01,Heathcliff Slocumb,Steroid Era (1994-2005),1995,1996,1991,2000,CHC,CHC,RP,548,0,98,631.0,28,37,513,358,38.0,7.19,7.5,5.01,0.4,3.57,127.49,,58.0,11.5,67.9,3.9,96.9,35.7,C+,F,B,F,D+,41.6,Uncommon,True,False,1,bbref_war
whitema02,whitema02,Matt Whiteside,Steroid Era (1994-2005),1995,1995,1992,2005,TEX,TEX,RP,286,1,9,406.0,18,15,259,157,52.0,2.43,5.57,3.4,0.93,4.56,113.31,72.67,29.7,54.9,58.6,6.2,48.8,47.9,D,C,C+,F,C,41.6,Uncommon,False,False,0,bbref_war
clontbr01,clontbr01,Brad Clontz,Steroid Era (1994-2005),1998,1999,1995,2000,ATL,ATL,RP,272,0,8,277.6666666666667,22,8,210,120,30.0,0.53,6.81,3.89,0.97,4.34,105.37,,47.9,41.7,53.5,2.1,45.2,61.9,C,C-,C,F,B-,41.4,Uncommon,False,False,0,bbref_war
ryanke01,ryanke01,Ken Ryan,Steroid Era (1994-2005),1995,1996,1992,1999,PHI,PHI,RP,240,1,30,285.6666666666667,14,16,225,164,21.0,4.5,7.3,5.13,0.54,3.46,122.71,22.67,55.2,8.2,64.8,4.1,83.9,89.5,C+,F,B-,F,A,41.3,Uncommon,False,False,0,bbref_war
hayneji01,hayneji01,Jimmy Haynes,Steroid Era (1994-2005),2000,2002,1995,2004,OAK,OAK,SP,227,203,1,1200.6666666666667,63,89,762,601,148.0,6.87,5.71,4.17,1.02,4.82,103.91,5.87,31.7,34.0,52.5,51.3,41.1,38.1,D,D,C,C,D+,41.2,Uncommon,False,False,0,bbref_war
holtzmi01,holtzmi01,Mike Holtz,Steroid Era (1994-2005),2000,1996,1996,2006,LAA,LAA,RP,353,0,3,240.0,16,20,223,131,25.0,1.48,8.52,4.8,0.91,4.42,106.76,,73.0,17.2,54.4,1.0,50.9,45.3,B,F,C,F,C,41.1,Uncommon,False,False,0,bbref_war
darenvi01,darenvi01,Vic Darensbourg,Steroid Era (1994-2005),2002,1998,1998,2005,MIA,MIA,RP,309,0,2,303.0,8,17,229,126,34.0,1.27,7.14,3.52,1.04,4.46,83.95,,52.8,51.7,39.6,2.5,39.1,52.9,C,C,D+,F,C,41.0,Uncommon,False,False,0,bbref_war
rapppa01,rapppa01,Pat Rapp,Steroid Era (1994-2005),1997,1995,1992,2001,MIA,MIA,SP,259,239,0,1387.3333333333333,70,91,825,683,133.0,11.12,5.45,4.35,0.89,4.38,103.87,5.84,27.9,29.3,52.5,51.1,52.6,65.6,D,D,C,C,B,41.0,Uncommon,False,False,0,bbref_war
sparkst01,sparkst01,Steve Sparks,Steroid Era (1994-2005),1999,2001,1995,2004,DET,DET,SP,270,182,3,1319.6666666666667,59,76,658,520,154.0,11.74,4.48,3.64,1.01,4.62,100.39,6.73,13.7,48.6,50.3,60.1,42.1,32.4,F,C,C,B-,D,40.9,Uncommon,False,False,0,bbref_war
harpetr01,harpetr01,Travis Harper,Steroid Era (1994-2005),2003,2004,2000,2006,TB,TB,RP,240,14,2,411.6666666666667,22,29,271,136,61.0,0.17,5.92,2.97,1.33,4.94,90.97,7.38,34.9,66.6,44.1,9.2,12.6,45.2,D,B,C-,F,C,40.7,Uncommon,False,False,0,bbref_war
bulliji01,bulliji01,Jim Bullinger,Steroid Era (1994-2005),1995,1994,1992,1998,CHC,CHC,SP,186,89,11,642.0,34,41,392,306,65.0,-3.35,5.5,4.29,0.91,5.06,79.6,7.34,28.6,30.9,36.7,66.3,50.7,81.8,D,D,D+,B,A-,40.6,Uncommon,False,False,0,bbref_war
bernead01,bernead01,Adam Bernero,Steroid Era (1994-2005),2003,2000,2000,2006,DET,DET,RP,150,37,0,376.0,11,27,247,133,58.0,-1.36,5.91,3.18,1.39,5.91,94.42,9.37,34.7,60.9,46.4,17.2,7.7,40.6,D,B-,C,F,C-,40.5,Uncommon,False,False,0,bbref_war
cunnawi01,cunnawi01,Will Cunnane,Steroid Era (1994-2005),2001,2003,1997,2004,SDP,SDP,RP,184,12,3,274.0,13,12,234,128,38.0,-0.28,7.64,3.89,1.33,4.98,90.43,32.22,60.1,41.7,43.8,6.0,12.9,48.5,B-,C-,C-,F,C,40.4,Uncommon,False,False,0,bbref_war
nunezvl01,nunezvl01,Vladimir Nunez,Steroid Era (1994-2005),2002,2001,1998,2009,MIA,MIA,RP,254,27,21,442.0,21,34,327,199,55.0,2.55,6.74,3.92,0.89,3.92,91.29,19.86,47.0,41.0,44.3,8.3,52.4,67.3,C,C-,C-,F,B,40.3,Uncommon,False,False,0,bbref_war
vanpoto01,vanpoto01,Todd Van Poppel,Steroid Era (1994-2005),2000,2001,1991,2004,OAK,OAK,RP,359,98,4,907.0,40,52,711,461,143.0,4.79,8.15,4.42,1.2,4.56,94.65,14.53,67.6,27.4,46.5,14.3,24.5,31.5,B,D,C,F,D,40.3,Uncommon,False,False,0,bbref_war
rodrifr02,rodrifr02,Frankie Rodriguez,Steroid Era (1994-2005),1998,1996,1995,2001,MIN,MIN,SP,184,82,5,654.0,29,39,371,282,76.0,1.19,5.11,3.88,1.05,5.53,78.0,8.53,22.9,42.0,35.7,78.4,38.6,27.7,D-,C-,D+,B+,D,40.2,Uncommon,False,False,0,bbref_war
stoneri01,stoneri01,Ricky Stone,Steroid Era (1994-2005),2004,2002,2001,2007,HOU,HOU,RP,220,0,2,255.66666666666666,11,9,170,90,44.0,0.24,5.98,3.17,1.55,4.68,104.07,,35.8,61.3,52.6,3.5,1.0,43.1,D+,B-,C,F,C-,40.2,Uncommon,False,False,0,bbref_war
grimsja01,grimsja01,Jason Grimsley,Steroid Era (1994-2005),2000,2001,1989,2006,KCR,KCR,RP,552,72,4,936.6666666666666,42,58,622,498,83.0,7.04,6.36,4.35,0.72,4.15,118.06,11.88,41.3,29.3,61.7,6.8,68.0,51.2,C-,D,B-,F,C,40.1,Uncommon,False,False,0,bbref_war
silvajo01,silvajo01,Jose Silva,Steroid Era (1994-2005),1999,1998,1996,2002,PIT,PIT,RP,154,53,4,427.3333333333333,25,28,298,154,47.0,-0.35,6.28,3.24,0.99,5.41,78.66,7.48,40.1,59.3,36.1,19.9,43.6,21.0,C-,C+,D+,F,D-,40.1,Uncommon,False,False,0,bbref_war
frascjo01,frascjo01,John Frascatore,Steroid Era (1994-2005),1998,1997,1994,2001,STL,STL,RP,274,5,1,371.0,20,17,206,145,50.0,2.8,5.0,3.52,1.21,4.0,118.45,5.75,21.3,51.8,62.0,5.5,23.5,84.3,D-,C,B-,F,A-,40.0,Uncommon,False,False,0,bbref_war
tamje01,tamje01,Jeff Tam,Steroid Era (1994-2005),2000,2000,1998,2003,OAK,OAK,RP,251,0,7,271.3333333333333,7,14,146,98,18.0,4.13,4.84,3.25,0.6,3.91,106.52,,19.0,59.1,54.2,2.7,79.0,50.3,F,C+,C,F,C,39.9,Uncommon,False,False,0,bbref_war
tucketj01,tucket.01,T. J. Tucker,Steroid Era (1994-2005),2003,2004,2000,2005,WSH,WSH,RP,171,10,4,228.66666666666666,13,9,140,73,27.0,0.36,5.51,2.87,1.06,4.57,86.12,27.53,28.8,69.3,41.0,5.3,37.1,50.4,D,B,C-,F,C,39.9,Uncommon,False,False,0,bbref_war
levinal01,levinal01,Al Levine,Steroid Era (1994-2005),2000,2001,1996,2005,LAA,LAA,RP,416,7,10,575.3333333333334,24,33,278,236,70.0,7.02,4.03,3.46,1.06,3.63,132.96,59.91,7.0,53.5,71.4,6.3,37.0,78.0,F,C,B,F,B+,39.7,Uncommon,False,False,0,bbref_war
lincomi01,lincomi01,Mike Lincoln,Steroid Era (1994-2005),2002,2002,1999,2010,PIT,PIT,RP,263,19,5,376.3333333333333,17,30,236,149,55.0,1.3,5.8,3.24,1.27,5.02,99.51,5.13,33.1,59.4,49.7,6.8,18.6,43.8,D,C+,C,F,C-,39.7,Uncommon,False,False,0,bbref_war
villoro01,villoro01,Ron Villone,Steroid Era (1994-2005),2003,1999,1995,2009,SEA,SEA,RP,717,93,8,1168.0,61,65,925,637,136.0,5.85,6.67,4.77,0.93,4.02,117.27,7.93,45.9,17.9,61.2,10.6,49.2,87.5,C,F,B-,F,A,39.7,Uncommon,False,False,0,bbref_war
delucri01,delucri01,Rich DeLucia,Steroid Era (1994-2005),1995,1990,1990,1999,SEA,SEA,RP,320,49,7,624.0,38,51,502,299,91.0,4.34,6.87,4.33,1.34,4.27,111.42,31.8,48.9,29.7,57.4,13.4,11.9,60.6,C,D,C+,F,B-,39.6,Uncommon,False,False,0,bbref_war
youngan01,youngan01,Anthony Young,Steroid Era (1994-2005),1994,1994,1991,1996,NYM,NYM,RP,181,51,20,460.0,15,48,245,167,41.0,1.33,4.79,3.27,0.8,3.89,102.02,14.58,18.3,58.6,51.3,17.6,60.5,34.7,F,C+,C,F,D,39.4,Uncommon,False,False,0,bbref_war
riedljo01,riedljo01,John Riedling,Steroid Era (1994-2005),2002,2001,2000,2005,CIN,CIN,RP,229,8,3,302.0,17,13,198,148,24.0,0.21,5.9,4.41,0.72,4.41,130.26,12.62,34.6,27.6,69.7,5.1,68.4,43.5,D,D,B,F,C-,39.3,Uncommon,False,False,0,bbref_war
paniajo01,paniajo01,Jose Paniagua,Steroid Era (1994-2005),2000,1999,1996,2003,SEA,SEA,RP,270,14,13,357.0,18,21,276,188,40.0,3.97,7.12,4.57,1.01,4.09,111.66,4.64,52.4,23.4,57.6,4.9,41.9,59.4,C,D-,C+,F,C+,39.2,Uncommon,False,False,0,bbref_war
gundeer01,gundeer01,Eric Gunderson,Steroid Era (1994-2005),1997,1997,1990,2000,TEX,TEX,RP,254,5,2,229.0,8,11,137,84,29.0,2.12,5.62,2.96,1.03,4.39,80.99,67.67,30.4,67.1,37.6,1.0,39.6,64.6,D,B,D+,F,B-,39.1,Uncommon,False,False,0,bbref_war
hudekjo01,hudekjo01,John Hudek,Steroid Era (1994-2005),1996,1998,1994,1999,HOU,HOU,RP,194,0,29,201.33333333333334,10,15,206,123,29.0,0.3,9.21,5.5,1.3,4.43,100.54,,83.2,1.0,50.3,2.3,16.0,86.8,A-,F,C,F,A,39.1,Uncommon,True,False,1,bbref_war
broweji01,broweji01,Jim Brower,Steroid Era (1994-2005),2002,2001,1999,2007,SFG,SFG,RP,354,28,5,574.0,33,32,397,256,70.0,4.29,6.24,3.92,1.11,4.35,104.08,12.85,39.6,40.9,52.7,8.5,32.7,56.8,D+,C-,C,F,C+,39.0,Uncommon,False,False,0,bbref_war
ritzke01,ritzke01,Kevin Ritz,Steroid Era (1994-2005),1995,1995,1989,1998,COL,COL,SP,151,130,2,753.3333333333334,45,56,462,377,69.0,7.0,5.54,4.2,0.84,5.16,87.32,5.87,29.3,33.3,41.8,51.4,57.4,42.7,D,D,C-,C,C-,38.8,Common,False,False,0,bbref_war
sanchdu01,sanchdu01,Duaner Sanchez,Steroid Era (1994-2005),2005,2006,2002,2009,PIT,PIT,RP,288,0,8,298.6666666666667,19,11,214,126,33.0,1.62,6.45,3.8,0.99,4.1,90.98,,42.6,44.3,44.1,2.3,43.2,70.9,C-,C-,C-,F,B,38.8,Common,False,False,0,bbref_war
gallomi01,gallomi01,Mike Gallo,Steroid Era (1994-2005),2004,2005,2003,2006,HOU,HOU,RP,160,0,0,116.0,4,3,69,47,19.0,0.72,5.35,3.65,1.47,4.11,119.02,,26.5,48.3,62.4,1.0,1.0,84.6,D,C,B-,F,A-,38.7,Common,False,False,0,bbref_war
bellro01,bellro01,Rob Bell,Steroid Era (1994-2005),2003,2004,2000,2007,TB,TB,SP,151,108,0,686.0,34,37,421,288,125.0,-0.34,5.52,3.78,1.64,5.71,79.72,6.27,29.0,44.8,36.8,55.4,1.0,46.4,D,C-,D+,C+,C,38.3,Common,False,False,0,bbref_war
reyesca01,reyesca01,Carlos Reyes,Steroid Era (1994-2005),1997,1996,1994,2003,OAK,OAK,RP,293,29,4,558.0,20,36,360,220,86.0,4.18,5.83,3.52,1.34,4.6,99.44,23.2,33.5,51.8,49.6,11.6,11.9,41.5,D,C,C,F,C-,38.1,Common,False,False,0,bbref_war
zambrvi01,zambrvi01,Victor Zambrano,Steroid Era (1994-2005),2004,2003,2001,2007,TB,TB,SP,187,100,3,706.3333333333334,45,44,529,404,78.0,5.38,6.74,5.15,0.99,4.64,92.06,6.49,46.9,7.6,44.8,57.7,43.3,48.0,C,F,C-,C+,C,38.0,Common,False,False,0,bbref_war
baileco01,baileco01,Cory Bailey,Steroid Era (1994-2005),1996,2001,1993,2002,STL,STL,RP,172,0,1,207.0,9,10,150,116,13.0,2.73,6.61,5.11,0.55,3.74,115.53,,45.0,8.7,60.1,3.9,83.5,94.2,C,F,B-,F,A,37.9,Common,False,False,0,bbref_war
delosva01,delosva01,Valerio De Los Santos,Steroid Era (1994-2005),2002,2002,1998,2008,MIL,MIL,RP,235,4,1,256.0,9,13,207,127,37.0,1.44,7.42,4.31,1.28,4.35,96.85,20.42,56.9,30.4,48.0,3.1,17.8,47.0,C+,D,C,F,C,37.5,Common,False,False,0,bbref_war
gomeswa01,gomeswa01,Wayne Gomes,Steroid Era (1994-2005),2000,1999,1997,2002,PHI,PHI,RP,321,0,29,368.0,30,23,284,191,33.0,0.06,6.95,4.67,0.81,4.6,96.33,,49.9,20.6,47.6,3.4,60.1,87.7,C,D-,C,F,A,37.4,Common,False,False,0,bbref_war
kolbda01,kolbda01,Danny Kolb,Steroid Era (1994-2005),2003,2003,1999,2007,TEX,TEX,RP,290,0,73,286.6666666666667,11,23,177,134,20.0,4.11,5.44,4.06,0.59,3.78,120.12,,27.8,37.1,63.1,2.1,79.6,21.5,D,D+,B-,F,D-,37.4,Common,True,False,1,bbref_war
wunscke01,wunscke01,Kelly Wunsch,Steroid Era (1994-2005),2002,2000,2000,2005,CHW,CHW,RP,257,0,1,177.0,11,6,145,97,14.0,3.07,7.37,4.93,0.71,3.76,104.61,,56.2,13.5,53.0,1.0,68.7,63.3,C+,F,C,F,B-,37.4,Common,False,False,0,bbref_war
parrijo01,parrijo01,John Parrish,Steroid Era (1994-2005),2005,2003,2000,2010,BAL,BAL,RP,183,16,1,277.6666666666667,14,14,225,189,27.0,2.18,7.35,5.74,0.78,4.1,130.38,35.69,55.8,1.0,69.7,5.7,62.3,32.8,C+,F,B,F,D,37.2,Common,False,False,0,bbref_war
aybarma01,aybarma01,Manny Aybar,Steroid Era (1994-2005),2001,1997,1997,2005,STL,STL,RP,208,28,3,391.0,17,18,273,172,49.0,-0.53,6.09,4.16,1.1,4.99,92.17,11.38,37.4,34.3,44.9,12.6,33.5,86.0,D+,D,C-,F,A,37.0,Common,False,False,0,bbref_war
wrighja01,wrighja01,Jamey Wright,Steroid Era (1994-2005),2004,1999,1996,2014,COL,COL,RP,719,248,2,2036.6666666666667,97,130,1189,978,200.0,11.27,5.35,4.5,0.75,4.06,118.17,17.12,26.5,25.3,61.8,21.8,64.9,42.2,D,D,B-,D-,C-,37.0,Common,False,False,0,bbref_war
bauerri01,bauerri01,Rick Bauer,Steroid Era (1994-2005),2004,2006,2001,2008,BAL,BAL,RP,187,10,3,317.0,11,14,185,121,35.0,1.49,5.25,3.44,0.99,4.51,86.92,46.75,25.0,54.1,41.5,9.0,43.3,62.4,D,C,C-,F,B-,36.8,Common,False,False,0,bbref_war
scanlbo01,scanlbo01,Bob Scanlan,Steroid Era (1994-2005),1996,1994,1991,2001,CHC,CHC,RP,290,39,17,536.6666666666666,20,34,245,209,41.0,2.21,4.1,3.26,0.62,4.21,95.07,8.56,8.0,58.8,46.8,10.7,77.1,56.8,F,C+,C,F,C+,36.7,Common,False,False,0,bbref_war
ishiika01,ishiika01,Kazuhisa Ishii,Steroid Era (1994-2005),2004,2003,2002,2005,LAD,LAD,SP,105,102,0,564.0,39,34,435,354,70.0,0.26,6.94,5.65,1.12,4.44,90.25,5.55,49.9,1.0,43.7,48.1,32.2,74.9,C,F,C-,C,B,36.2,Common,False,False,0,bbref_war
karchma01,karchma01,Matt Karchner,Steroid Era (1994-2005),1998,1997,1995,2000,CHW,CHW,RP,223,0,27,241.33333333333334,21,13,166,132,30.0,2.28,6.19,4.92,1.12,4.21,141.55,,38.8,13.7,77.0,2.7,32.0,36.9,D+,F,B+,F,D+,36.2,Common,False,False,0,bbref_war
borkoda01,borkoda01,Dave Borkowski,Steroid Era (1994-2005),2004,2006,1999,2008,HOU,HOU,RP,181,21,1,346.3333333333333,13,20,265,148,48.0,-2.09,6.89,3.85,1.25,5.87,71.13,6.24,49.1,42.9,31.2,11.2,20.4,49.1,C,C-,D,F,C,36.0,Common,False,False,0,bbref_war
spoljpa01,spoljpa01,Paul Spoljaric,Steroid Era (1994-2005),1998,1997,1994,2000,TOR,TOR,RP,195,12,4,277.3333333333333,8,17,278,163,41.0,-0.66,9.02,5.29,1.33,5.52,86.17,10.3,80.5,3.8,41.0,6.2,12.9,62.0,A-,F,C-,F,B-,36.0,Common,False,False,0,bbref_war
creekdo01,creekdo01,Doug Creek,Steroid Era (1994-2005),2000,2000,1995,2005,TB,TB,RP,279,3,1,289.3333333333333,7,14,292,199,49.0,0.5,9.71,6.59,1.28,4.9,77.86,4.44,90.6,1.0,35.6,3.1,17.8,53.2,A,F,D+,F,C,35.8,Common,False,False,0,bbref_war
sosajo02,sosajo02,Jorge Sosa,Steroid Era (1994-2005),2005,2005,2002,2010,TB,TB,RP,294,90,7,772.6666666666666,44,53,491,354,112.0,4.43,5.74,4.31,1.11,4.51,96.66,9.89,32.3,30.4,47.8,19.8,32.9,67.8,D,D,C,F,B,35.6,Common,False,False,0,bbref_war
heredfe01,heredfe01,Felix Heredia,Steroid Era (1994-2005),2002,2003,1996,2005,CHC,CHC,RP,511,2,6,458.3333333333333,28,19,351,232,45.0,2.42,6.3,4.4,0.86,4.03,106.22,,40.5,27.8,54.0,1.6,55.0,36.9,C-,D,C,F,D+,35.4,Common,False,False,0,bbref_war
glovega01,glovega01,Gary Glover,Steroid Era (1994-2005),2003,2007,1999,2008,CHW,CHW,RP,263,47,3,516.6666666666666,29,26,324,184,74.0,1.56,5.3,3.27,1.27,4.96,83.64,7.14,25.7,58.7,39.4,10.2,18.0,38.4,D,C+,D+,F,D+,35.3,Common,False,False,0,bbref_war
aldresc01,aldresc01,Scott Aldred,Steroid Era (1994-2005),1996,1999,1990,2000,DET,DET,RP,229,67,1,499.6666666666667,20,39,312,230,78.0,0.08,6.17,4.26,1.16,5.52,92.21,5.53,38.5,31.8,44.9,10.3,28.4,67.5,D+,D,C-,F,B,35.1,Common,False,False,0,bbref_war
willito02,willito02,Todd Williams,Steroid Era (1994-2005),2001,2005,1995,2007,BAL,BAL,RP,227,0,2,232.66666666666666,12,14,116,87,23.0,1.37,4.71,3.48,0.77,4.2,99.25,,17.1,52.7,49.5,2.5,63.6,31.1,F,C,C,F,D,34.9,Common,False,False,0,bbref_war
willibr01,willibr01,Brian Williams,Steroid Era (1994-2005),1995,1997,1991,2000,HOU,HOU,RP,256,59,6,595.3333333333334,26,38,397,332,62.0,-1.29,6.27,4.68,0.73,4.86,95.29,10.11,40.0,20.3,46.9,12.3,67.3,51.2,C-,D-,C,F,C,34.6,Common,False,False,0,bbref_war
biddlro01,biddlro01,Rocky Biddle,Steroid Era (1994-2005),2002,2002,2000,2004,CHW,CHW,RP,198,41,46,378.6666666666667,20,30,261,170,59.0,-2.95,6.2,4.04,1.4,5.47,84.33,7.89,39.0,37.7,39.8,11.2,6.5,63.7,D+,D+,D+,F,B-,34.3,Common,False,False,0,bbref_war
wilkima01,wilkima01,Marc Wilkins,Steroid Era (1994-2005),1998,1997,1996,2001,PIT,PIT,RP,245,2,3,294.6666666666667,19,14,218,155,23.0,3.37,6.66,4.73,0.7,4.28,104.96,37.5,45.7,18.9,53.2,4.0,69.5,16.4,C,F,C,F,F,34.3,Common,False,False,0,bbref_war
greenty01,greenty01,Tyler Green,Steroid Era (1994-2005),1996,1998,1993,1998,PHI,PHI,SP,70,68,0,384.0,18,25,263,201,47.0,-0.98,6.16,4.71,1.1,5.16,77.31,5.17,38.4,19.5,35.3,44.2,33.6,52.7,D+,F,D+,C-,C,34.2,Common,True,False,1,bbref_war
lowese01,lowese01,Sean Lowe,Steroid Era (1994-2005),2000,2001,1997,2003,CHW,CHW,RP,248,22,3,440.0,23,15,288,194,51.0,1.85,5.89,3.97,1.04,4.95,82.41,22.94,34.4,39.6,38.6,9.8,38.8,50.9,D,D+,D+,F,C,34.1,Common,False,False,0,bbref_war
smallaa01,smallaa01,Aaron Small,Steroid Era (1994-2005),1997,2005,1994,2006,OAK,OAK,RP,172,15,4,321.6666666666667,25,13,170,137,37.0,3.03,4.97,4.1,0.8,4.69,108.06,9.0,20.9,36.2,55.2,11.9,61.2,20.7,D-,D+,C+,F,D-,34.0,Common,False,False,0,bbref_war
dyermi01,dyermi01,Mike Dyer,Steroid Era (1994-2005),1994,1995,1989,1996,PIT,PIT,RP,155,13,6,236.66666666666666,14,18,154,113,19.0,0.37,5.86,4.3,0.72,4.6,89.77,40.79,33.9,30.7,43.4,7.2,67.7,45.8,D,D,C-,F,C,33.8,Common,False,False,0,bbref_war
myersro01,myersro01,Rodney Myers,Steroid Era (1994-2005),1999,1999,1996,2004,CHC,CHC,RP,167,1,1,239.66666666666666,7,5,161,110,28.0,-0.08,6.37,4.21,1.11,4.89,73.56,9.0,41.4,33.0,32.8,6.7,33.2,86.2,C-,D,D,F,A,33.8,Common,False,False,0,bbref_war
loiseri01,loiseri01,Rich Loiselle,Steroid Era (1994-2005),1998,1997,1996,2001,PIT,PIT,RP,202,3,49,224.0,9,18,178,124,22.0,2.24,7.15,4.98,0.88,4.38,105.98,6.89,53.0,12.1,53.9,3.0,53.2,16.4,C,F,C,F,F,33.7,Common,False,False,0,bbref_war
millsal01,millsal01,Alan Mills,Steroid Era (1994-2005),1994,1992,1990,2001,BAL,BAL,RP,474,5,15,636.0,39,32,456,395,83.0,8.12,6.4,5.28,1.06,3.62,119.98,34.44,42.0,4.2,63.0,6.0,37.7,71.8,C-,F,B-,F,B,33.7,Common,False,False,0,bbref_war
sanchje01,sanchje01,Jesus Sanchez,Steroid Era (1994-2005),2001,1998,1998,2004,MIA,MIA,SP,162,83,0,524.6666666666666,23,34,384,281,82.0,-0.34,6.59,4.82,1.41,5.32,68.82,6.21,44.7,16.5,29.7,54.8,6.1,44.7,C-,F,D,C,C-,33.5,Common,False,False,0,bbref_war
sturtta01,sturtta01,Tanyon Sturtze,Steroid Era (1994-2005),2002,2001,1995,2008,TB,TB,RP,272,84,3,797.0,40,44,480,333,110.0,6.27,5.46,3.59,1.15,4.82,68.02,22.53,28.1,49.8,29.2,25.3,29.5,9.5,D,C,D,D,F,32.5,Common,False,False,0,bbref_war
nitkocj01,nitkoc.01,C. J. Nitkowski,Steroid Era (1994-2005),2002,1999,1995,2005,DET,DET,RP,336,44,3,479.0,18,32,347,263,57.0,1.42,7.11,5.04,0.93,4.57,92.87,11.67,52.3,10.7,45.4,2.5,49.2,47.3,C,F,C,F,C,32.3,Common,False,False,0,bbref_war
matthmi01,matthmi01,Mike Matthews,Steroid Era (1994-2005),2002,2001,2000,2005,STL,STL,RP,230,10,1,243.66666666666666,14,10,175,121,29.0,0.49,6.46,4.47,1.07,4.54,79.16,8.9,42.8,26.0,36.5,2.5,36.3,72.7,C-,D,D+,F,B,32.2,Common,False,False,0,bbref_war
whisema01,whisema01,Matt Whisenant,Steroid Era (1994-2005),1998,1997,1997,2000,KCR,KCR,RP,189,0,3,158.0,9,8,114,104,8.0,0.22,6.49,5.92,0.46,4.96,101.7,,43.3,1.0,51.1,1.0,91.8,67.2,C-,F,C,F,B,32.0,Common,False,False,0,bbref_war
brewebi01,brewebi01,Billy Brewer,Steroid Era (1994-2005),1996,1994,1993,1999,PHI,PHI,RP,203,0,5,178.66666666666666,11,11,137,93,26.0,1.89,6.9,4.68,1.31,4.79,90.73,,49.3,20.2,44.0,1.0,14.8,47.7,C,D-,C-,F,C,31.6,Common,False,False,0,bbref_war
santaju01,santaju01,Julio Santana,Steroid Era (1994-2005),2000,2002,1997,2006,TEX,TEX,RP,209,42,1,479.0,17,31,308,232,70.0,0.53,5.79,4.36,1.32,5.3,88.71,10.71,32.9,29.0,42.7,15.0,14.3,44.0,D,D,C-,F,C-,31.3,Common,False,False,0,bbref_war
wengedo01,wengedo01,Don Wengert,Steroid Era (1994-2005),1998,1996,1995,2001,OAK,OAK,RP,160,48,3,438.6666666666667,14,32,226,157,73.0,-0.07,4.64,3.22,1.5,6.01,75.75,11.3,16.0,59.9,34.2,19.6,1.0,15.1,F,C+,D,F,F,31.3,Common,False,False,0,bbref_war
mohlemi01,mohlemi01,Mike Mohler,Steroid Era (1994-2005),1997,1996,1993,2001,OAK,OAK,RP,347,20,10,417.0,14,27,281,232,45.0,3.21,6.2,4.68,0.89,4.63,99.34,6.25,38.9,20.3,49.6,3.8,52.4,11.5,D+,D-,C,F,F,31.0,Common,False,False,0,bbref_war
anderma01,anderma01,Matt Anderson,Steroid Era (1994-2005),2001,1998,1998,2005,DET,DET,RP,257,0,26,256.6666666666667,15,7,224,157,30.0,-0.58,7.85,5.51,1.05,5.19,84.03,,63.3,1.0,39.6,1.9,38.0,47.2,B-,F,D+,F,C,30.5,Common,False,False,0,bbref_war
mormaal01,mormaal01,Alvin Morman,Steroid Era (1994-2005),1998,1999,1996,1999,CLE,CLE,RP,176,0,3,142.66666666666666,6,7,98,75,21.0,0.31,6.18,4.73,1.32,4.79,92.32,,38.7,18.9,45.0,1.0,13.4,69.0,D+,F,C,F,B,29.9,Common,False,False,0,bbref_war
bochtdo01,bochtdo01,Doug Bochtler,Steroid Era (1994-2005),1998,1996,1995,2000,SDP,SDP,RP,220,0,6,260.0,9,18,215,166,36.0,1.68,7.44,5.75,1.25,4.57,94.5,,57.2,1.0,46.4,3.7,20.5,28.7,C+,F,C,F,D,29.2,Common,False,False,0,bbref_war
perisma01,perisma01,Matt Perisho,Steroid Era (1994-2005),2001,2005,1997,2005,TEX,TEX,RP,177,28,0,276.0,11,17,202,162,42.0,-0.59,6.74,5.0,1.16,5.79,90.07,7.07,46.9,11.6,43.5,3.9,28.5,28.4,C,F,C-,F,D,28.9,Common,False,False,0,bbref_war
germafr01,germafr01,Franklyn German,Steroid Era (1994-2005),2004,2008,2002,2008,DET,DET,RP,155,0,7,158.66666666666666,9,7,114,119,17.0,0.92,6.47,6.75,0.96,4.25,102.55,,42.9,1.0,51.7,2.1,45.9,28.8,C-,F,C,F,D,28.0,Common,False,False,0,bbref_war
gryboke01,gryboke01,Kevin Gryboski,Steroid Era (1994-2005),2004,2002,2002,2006,ATL,ATL,RP,238,0,2,183.33333333333334,12,8,103,105,15.0,-0.46,5.06,5.15,0.74,4.07,101.85,,22.1,7.5,51.2,1.0,66.5,74.8,D-,F,C,F,B,27.4,Common,False,False,0,bbref_war
harvich01,harvich01,Chad Harville,Steroid Era (1994-2005),2004,2001,1999,2006,OAK,OAK,RP,175,0,2,181.0,4,9,147,103,26.0,-0.94,7.31,5.12,1.29,5.22,71.55,,55.3,8.3,31.5,2.2,16.3,43.2,C+,F,D,F,C-,27.1,Common,False,False,0,bbref_war
steveda01,steveda01,Dave Stevens,Steroid Era (1994-2005),1997,1996,1994,2000,MIN,MIN,RP,183,6,21,251.0,15,16,170,132,49.0,-1.2,6.1,4.73,1.76,6.02,73.34,5.39,37.4,18.9,32.7,5.7,1.0,75.9,D+,F,D,F,B+,27.0,Common,False,False,0,bbref_war
mahompa01,mahompa01,Pat Mahomes,Steroid Era (1994-2005),1999,1994,1992,2003,MIN,MIN,RP,308,63,5,709.0,42,39,452,392,116.0,3.13,5.29,4.86,1.23,4.88,91.95,15.31,25.5,15.4,44.8,17.9,22.3,30.8,D,F,C-,F,D,26.8,Common,False,False,0,bbref_war
lewisri01,lewisri01,Richie Lewis,Steroid Era (1994-2005),1995,1996,1992,1998,MIA,MIA,RP,217,4,2,293.3333333333333,14,15,244,191,45.0,0.04,7.49,5.86,1.38,4.88,81.85,14.67,57.9,1.0,38.2,5.5,8.4,18.8,C+,F,D+,F,F,26.5,Common,False,False,0,bbref_war
keefeti01,keefeti01,Tim Keefe,The Genesis Era (1871-1900),1886,1883,1880,1893,SFG,SFG,SP,600,594,2,5049.666666666667,342,225,2564,1233,75.0,67.73,5.18,1.87,0.13,2.32,142.46,8.54,87.6,83.1,77.6,37.8,92.5,69.8,A,A-,B+,D+,B,75.9,Legendary,False,True,0,bbref_war
ramseto01,ramseto01,Toad Ramsey,The Genesis Era (1871-1900),1888,1886,1885,1890,NLB,NLB,SP,248,241,0,2100.6666666666665,113,124,1515,671,40.0,21.04,6.49,2.87,0.17,3.29,122.79,8.7,123.0,48.9,64.8,38.7,78.4,43.8,S,C,B-,D+,C-,71.1,Epic,False,False,0,bbref_war
whitnji01,whitnji01,Jim Whitney,The Genesis Era (1871-1900),1884,1883,1881,1890,ATL,ATL,SP,413,396,2,3496.3333333333335,191,204,1571,411,79.0,46.37,4.32,0.96,0.2,2.85,112.87,8.88,64.5,114.3,58.4,39.6,70.3,46.3,B-,S,C+,D+,C,71.1,Epic,False,False,0,bbref_war
radboch01,radboch01,Old Hoss Radbourn,The Genesis Era (1871-1900),1884,1884,1881,1891,HIST,HIST,SP,527,502,2,4527.333333333333,310,194,1830,875,118.0,64.51,4.0,1.49,0.16,2.25,136.93,9.12,55.7,96.3,74.0,40.9,80.5,66.5,C+,A+,B,C-,B,70.0,Legendary,False,True,0,bbref_war
buffich01,buffich01,Charlie Buffinton,The Genesis Era (1871-1900),1887,1884,1882,1892,ATL,ATL,SP,414,396,3,3404.0,233,152,1700,856,87.0,61.11,4.82,2.01,0.22,2.71,124.83,8.62,78.0,78.6,66.1,38.2,63.2,54.0,B+,B+,B,D+,C,67.3,Epic,False,False,0,bbref_war
heckegu01,heckegu01,Guy Hecker,The Genesis Era (1871-1900),1885,1884,1882,1890,NLB,NLB,SP,336,322,1,2924.0,175,146,1110,492,50.0,29.97,3.55,1.36,0.12,2.68,131.6,9.05,43.5,100.7,70.5,40.5,96.2,48.3,C-,S,B,C-,C,67.0,Epic,False,False,0,bbref_war
mccorji01,mccorji01,Jim McCormick,The Genesis Era (1871-1900),1882,1884,1878,1887,HIST,HIST,SP,492,485,1,4275.666666666667,265,214,1704,749,82.0,68.44,3.75,1.48,0.15,2.29,130.57,8.76,49.1,96.5,69.9,39.0,84.2,58.2,C,A+,B,D+,C+,66.8,Epic,False,False,0,bbref_war
ferguch01,ferguch01,Charlie Ferguson,The Genesis Era (1871-1900),1886,1886,1884,1887,PHI,PHI,SP,183,170,4,1514.6666666666667,99,64,728,290,42.0,25.62,4.33,1.72,0.25,2.67,127.53,8.92,64.6,88.3,67.9,39.8,53.6,55.0,B-,A,B,D+,C+,66.6,Epic,False,False,0,bbref_war
devliji01,devliji01,Jim Devlin,The Genesis Era (1871-1900),1876,1876,1875,1877,HIST,HIST,SP,157,153,0,1405.0,72,76,286,90,7.0,30.19,1.83,0.58,0.04,1.9,144.13,9.21,1.0,125.0,78.7,41.4,118.6,57.8,F,S,B+,C-,C+,66.2,Epic,False,False,0,bbref_war
mathebo01,mathebo01,Bobby Mathews,The Genesis Era (1871-1900),1875,1874,1871,1887,OAK,OAK,SP,578,568,3,4956.0,297,248,1528,532,70.0,54.55,2.98,0.85,0.11,2.58,119.11,8.75,28.1,118.0,62.4,38.9,98.9,48.4,D,S,B-,D+,C,65.3,Epic,False,False,0,bbref_war
youngcy01,youngcy01,Cy Young,The Genesis Era (1871-1900),1895,1892,1890,1911,HIST,HIST,SP,906,815,18,7356.0,511,315,2803,1217,138.0,79.06,3.05,1.77,0.21,2.79,162.19,9.05,30.1,86.8,90.4,40.6,66.0,68.5,D,A,A,C-,B,64.6,Epic,False,True,0,bbref_war
morried01,morried01,Ed Morris,The Genesis Era (1871-1900),1887,1885,1884,1890,PIT,PIT,SP,311,307,1,2678.0,171,122,1217,498,42.0,42.34,4.09,1.67,0.14,2.82,111.59,8.73,58.2,90.0,57.5,38.8,88.0,56.8,C+,A,C+,D+,C+,64.5,Epic,False,False,0,bbref_war
baldwla01,baldwla01,Lady Baldwin,The Genesis Era (1871-1900),1886,1886,1884,1890,HIST,HIST,SP,118,116,1,1017.0,73,41,582,233,30.0,14.05,5.15,2.06,0.27,2.85,100.01,8.75,86.8,76.7,50.0,38.9,48.5,55.2,A,B+,C,D+,C+,64.4,Epic,False,False,0,bbref_war
spaldal01,spaldal01,Al Spalding,The Genesis Era (1871-1900),1874,1875,1871,1877,HIST,HIST,SP,347,325,13,2886.3333333333335,251,65,248,164,15.0,53.37,0.77,0.51,0.05,2.13,130.68,9.13,1.0,125.0,69.9,41.0,118.0,60.4,F,S,B,C-,B-,64.0,Epic,False,False,0,bbref_war
sweench01,sweench01,Charlie Sweeney,The Genesis Era (1871-1900),1885,1884,1883,1887,HIST,HIST,SP,129,123,1,1030.6666666666667,64,52,505,172,24.0,7.98,4.41,1.5,0.21,2.87,94.37,8.25,66.8,95.8,46.3,36.2,66.3,60.1,B,A+,C,D+,B-,64.0,Epic,False,False,0,bbref_war
galvipu01,galvipu01,Pud Galvin,The Genesis Era (1871-1900),1884,1884,1875,1892,HIST,HIST,SP,705,688,2,6003.333333333333,365,310,1807,745,121.0,66.94,2.88,0.94,0.15,2.53,120.4,8.88,25.5,114.9,63.3,39.6,83.8,55.5,D,S,B-,D+,C+,63.8,Epic,False,True,0,bbref_war
dailyhu01,dailyhu01,Hugh Daily,The Genesis Era (1871-1900),1884,1883,1882,1887,NLB,NLB,SP,165,163,1,1415.0,73,87,846,369,31.0,11.8,5.38,2.35,0.2,2.92,98.53,8.58,93.1,66.9,49.0,38.0,70.2,45.5,A,B,C,D+,C,63.7,Epic,False,False,0,bbref_war
bondto01,bondto01,Tommy Bond,The Genesis Era (1871-1900),1877,1879,1874,1884,ATL,ATL,SP,417,408,0,3628.6666666666665,234,163,972,193,50.0,62.79,2.21,0.44,0.1,2.02,124.71,8.92,7.5,125.0,66.1,39.9,99.7,57.2,F,S,B,D+,C+,63.5,Epic,False,False,0,bbref_war
corcola01,corcola01,Larry Corcoran,The Genesis Era (1871-1900),1883,1880,1880,1887,CHC,CHC,SP,277,268,2,2392.3333333333335,177,89,1103,496,68.0,28.12,4.16,1.81,0.25,2.29,109.69,9.6,60.1,85.4,56.3,43.5,53.5,68.1,B-,A,C+,C-,B,63.1,Epic,False,False,0,bbref_war
nichoki01,nichoki01,Kid Nichols,The Genesis Era (1871-1900),1893,1890,1890,1906,ATL,ATL,SP,621,562,16,5067.333333333333,362,208,1881,1272,156.0,74.94,3.64,2.18,0.26,2.74,153.08,9.14,45.9,72.6,84.5,41.0,49.3,68.7,C,B,A-,C-,B,62.8,Epic,False,True,0,bbref_war
shawdu01,shawdu01,Dupee Shaw,The Genesis Era (1871-1900),1886,1884,1883,1888,NLB,NLB,SP,211,207,0,1762.0,83,121,950,396,41.0,18.78,4.85,2.02,0.21,3.1,94.11,8.61,78.8,78.0,46.2,38.2,66.3,47.2,B+,B+,C,D+,C,62.2,Epic,False,False,0,bbref_war
fishech01,fishech01,Cherokee Fisher,The Genesis Era (1871-1900),1874,1875,1871,1878,HIST,HIST,SP,165,141,3,1326.0,56,84,123,80,17.0,18.15,0.83,0.54,0.12,2.61,120.54,10.32,1.0,125.0,63.3,47.4,96.2,48.4,F,S,B-,C,C,61.7,Epic,False,False,0,bbref_war
bradlge01,bradlge01,George Bradley,The Genesis Era (1871-1900),1879,1876,1875,1884,HIST,HIST,SP,347,325,2,2940.0,172,151,671,196,45.0,22.33,2.08,0.56,0.12,2.34,118.55,9.14,3.9,125.0,62.1,41.0,93.2,58.3,F,S,B-,C-,C+,61.5,Epic,False,False,0,bbref_war
clarkjo01,clarkjo01,John Clarkson,The Genesis Era (1871-1900),1889,1889,1882,1894,ATL,ATL,SP,531,518,5,4536.333333333333,328,178,1978,1191,159.0,75.8,4.05,2.35,0.3,2.62,141.75,8.78,57.2,66.9,77.1,39.1,38.0,63.1,C+,B,B+,D+,B-,61.2,Epic,False,True,0,bbref_war
cummica01,cummica01,Candy Cummings,The Genesis Era (1871-1900),1874,1875,1872,1877,HIST,HIST,SP,242,241,0,2149.6666666666665,145,94,259,113,12.0,38.59,1.08,0.47,0.05,2.42,116.3,8.85,1.0,125.0,60.6,39.5,116.9,55.3,F,S,B-,D+,C+,61.2,Epic,False,False,0,bbref_war
zettlge01,zettlge01,George Zettlein,The Genesis Era (1871-1900),1874,1873,1871,1876,HIST,HIST,SP,250,244,3,2176.6666666666665,129,112,143,145,17.0,31.03,0.59,0.6,0.07,2.55,117.97,8.9,1.0,125.0,61.7,39.8,110.5,54.9,F,S,B-,D+,C,61.2,Epic,False,False,0,bbref_war
derbyge01,derbyge01,George Derby,The Genesis Era (1871-1900),1882,1881,1881,1883,HIST,HIST,SP,110,107,1,964.3333333333334,48,56,428,182,14.0,6.74,3.99,1.7,0.13,3.01,91.72,8.85,55.6,89.1,44.6,39.5,91.3,50.9,C+,A,C-,D+,C,60.4,Epic,False,False,0,bbref_war
whitewi01,whitewi01,Will White,The Genesis Era (1871-1900),1882,1882,1877,1886,CIN,CIN,SP,403,402,0,3542.6666666666665,229,166,1041,496,65.0,39.84,2.65,1.25,0.17,2.24,125.3,8.8,19.4,104.5,66.4,39.2,80.1,56.1,F,S,B,D+,C+,60.3,Epic,False,False,0,bbref_war
goldsfr01,goldsfr01,Fred Goldsmith,The Genesis Era (1871-1900),1882,1882,1879,1884,CHC,CHC,SP,189,185,1,1609.6666666666667,112,68,433,171,38.0,13.61,2.42,0.96,0.21,2.73,121.34,8.74,13.1,114.5,63.9,38.9,65.4,61.5,F,S,B-,D+,B-,60.1,Epic,False,False,0,bbref_war
lynchja01,lynchja01,Jack Lynch,The Genesis Era (1871-1900),1885,1884,1881,1890,HIST,HIST,SP,221,216,0,1924.3333333333333,110,105,859,295,54.0,6.9,4.02,1.38,0.25,3.69,79.97,8.89,56.2,100.0,37.0,39.7,52.6,47.7,C+,S,D+,D+,C,59.3,Epic,False,False,0,bbref_war
mcginju01,mcginju01,Jumbo McGinnis,The Genesis Era (1871-1900),1884,1883,1882,1887,STL,STL,SP,187,186,0,1603.6666666666667,102,79,562,294,21.0,9.58,3.15,1.65,0.12,2.95,107.44,8.63,32.9,90.8,54.8,38.3,95.4,67.7,D,A,C,D+,B,58.5,Epic,False,False,0,bbref_war
mcbridi01,mcbridi01,Dick McBride,The Genesis Era (1871-1900),1874,1875,1871,1876,HIST,HIST,SP,237,237,0,2082.0,149,78,150,174,20.0,29.55,0.65,0.75,0.09,2.71,107.27,8.7,1.0,121.5,54.7,38.7,105.4,59.2,F,S,C,D+,C+,58.3,Epic,False,False,0,bbref_war
wiedmst01,wiedmst01,George Weidman,The Genesis Era (1871-1900),1883,1882,1880,1888,HIST,HIST,SP,279,269,2,2318.3333333333335,101,156,910,459,62.0,24.88,3.49,1.7,0.22,3.6,111.04,8.69,41.9,89.1,57.2,38.6,63.0,45.8,C-,A,C+,D+,C,58.3,Epic,False,False,0,bbref_war
larkite01,larkite01,Terry Larkin,The Genesis Era (1871-1900),1878,1879,1876,1880,CHC,CHC,SP,176,176,0,1567.3333333333333,89,80,406,124,12.0,8.97,2.33,0.71,0.07,2.43,88.29,8.69,10.7,122.8,42.4,38.6,111.0,52.6,F,S,C-,D+,C,57.9,Rare,False,False,0,bbref_war
mullato01,mullato01,Tony Mullane,The Genesis Era (1871-1900),1886,1884,1881,1894,CIN,CIN,SP,555,504,15,4531.333333333333,284,220,1803,1408,97.0,46.77,3.61,2.4,0.17,2.78,126.25,8.91,45.3,65.1,67.1,39.8,78.5,64.4,C,B,B,D+,B-,57.5,Rare,False,False,0,bbref_war
weavesa01,weavesa01,Sam Weaver,The Genesis Era (1871-1900),1882,1878,1875,1886,OAK,OAK,SP,153,150,0,1307.6666666666667,68,80,348,106,14.0,13.07,2.4,0.73,0.1,3.21,94.3,7.69,12.4,122.2,46.3,33.2,102.2,41.8,F,S,C,D,C-,57.4,Rare,False,False,0,bbref_war
atkinal01,atkinal01,Al Atkinson,The Genesis Era (1871-1900),1886,1884,1884,1887,OAK,OAK,SP,106,106,0,915.0,51,51,435,209,21.0,0.17,4.28,2.06,0.21,3.96,89.92,8.56,63.3,76.9,43.4,37.9,67.2,46.9,B-,B+,C-,D+,C,57.3,Rare,False,False,0,bbref_war
mckeola01,mckeola01,Larry McKeon,The Genesis Era (1871-1900),1885,1885,1884,1886,CIN,CIN,SP,116,115,0,979.0,46,64,474,206,31.0,4.18,4.36,1.89,0.28,3.71,86.58,8.46,65.4,82.4,41.3,37.3,42.3,46.4,B,A-,C-,D+,C,57.3,Rare,False,False,0,bbref_war
welchmi01,welchmi01,Mickey Welch,The Genesis Era (1871-1900),1885,1884,1880,1892,SFG,SFG,SP,565,549,4,4802.0,307,210,1850,1297,106.0,53.63,3.56,2.38,0.18,2.43,125.73,8.83,43.8,66.0,66.7,39.3,76.3,62.8,C-,B,B,D+,B-,57.0,Epic,False,True,0,bbref_war
cushmed01,cushmed01,Ed Cushman,The Genesis Era (1871-1900),1886,1886,1883,1890,HIST,HIST,SP,147,145,1,1225.6666666666667,62,81,607,359,23.0,3.42,4.46,2.64,0.17,3.86,107.47,8.37,68.1,57.1,54.9,36.9,79.2,48.0,B,C+,C,D+,C,56.9,Rare,False,False,0,bbref_war
kilroma01,kilroma01,Matt Kilroy,The Genesis Era (1871-1900),1890,1887,1886,1898,HIST,HIST,SP,303,292,1,2435.6666666666665,141,133,1170,754,53.0,26.58,4.53,2.8,0.2,3.3,117.14,8.13,70.2,51.4,61.1,35.6,69.6,48.7,B,C,B-,D+,C,56.9,Rare,False,False,0,bbref_war
boylehe01,boylehe01,Henry Boyle,The Genesis Era (1871-1900),1886,1889,1884,1889,HIST,HIST,SP,207,199,1,1756.3333333333333,89,111,602,378,46.0,22.08,3.08,1.94,0.24,3.06,126.8,8.88,31.1,81.0,67.4,39.7,58.0,57.9,D,A-,B,D+,C+,56.6,Rare,False,False,0,bbref_war
caseyda01,caseyda01,Dan Casey,The Genesis Era (1871-1900),1887,1887,1884,1890,PHI,PHI,SP,201,198,0,1680.3333333333333,96,90,743,543,43.0,22.86,3.98,2.91,0.23,3.18,143.19,8.51,55.2,47.8,78.1,37.7,59.7,50.9,C+,C,B+,D+,C,56.5,Rare,False,False,0,bbref_war
hendeha01,hendeha01,Hardie Henderson,The Genesis Era (1871-1900),1886,1885,1883,1888,HIST,HIST,SP,210,206,0,1788.3333333333333,81,121,930,522,25.0,10.24,4.68,2.63,0.13,3.5,90.24,8.53,74.1,57.4,43.7,37.7,92.9,40.4,B,C+,C-,D+,C-,56.1,Rare,False,False,0,bbref_war
richmle01,richmle01,Lee Richmond,The Genesis Era (1871-1900),1882,1880,1879,1886,HIST,HIST,SP,191,179,3,1583.0,75,100,552,269,27.0,11.33,3.14,1.53,0.15,3.06,93.75,8.74,32.5,94.9,45.9,38.9,84.1,54.4,D,A,C,D+,C,56.1,Rare,False,False,0,bbref_war
getzich01,getzich01,Pretzels Getzien,The Genesis Era (1871-1900),1887,1890,1884,1892,HIST,HIST,SP,296,292,1,2539.6666666666665,145,139,1070,602,95.0,18.88,3.88,2.1,0.33,3.32,107.89,8.68,52.4,75.5,55.1,38.6,28.7,59.3,C,B+,C+,D+,C+,55.9,Rare,False,False,0,bbref_war
kingsi01,kingsi01,Silver King,The Genesis Era (1871-1900),1890,1888,1886,1897,STL,STL,SP,397,370,6,3180.6666666666665,203,152,1222,967,69.0,49.36,3.57,2.64,0.17,2.91,131.21,8.77,44.2,56.9,70.3,39.1,77.4,62.2,C-,C+,B,D+,B-,55.7,Rare,False,False,0,bbref_war
mccorha01,mccorha01,Harry McCormick,The Genesis Era (1871-1900),1882,1879,1879,1883,CIN,CIN,SP,103,102,0,884.0,41,58,157,115,9.0,10.26,1.6,1.17,0.09,2.66,113.7,8.79,1.0,107.2,58.9,39.1,103.7,52.4,F,S,C+,D+,C,55.4,Rare,False,False,0,bbref_war
sandebe01,sandebe01,Ben Sanders,The Genesis Era (1871-1900),1890,1888,1888,1892,PHI,PHI,SP,168,157,2,1385.0,80,70,468,297,34.0,24.09,3.04,1.93,0.22,3.24,116.94,8.77,29.9,81.2,61.0,39.0,62.7,48.1,D,A-,B-,D+,C,54.4,Rare,False,False,0,bbref_war
rusieam01,rusieam01,Amos Rusie,The Genesis Era (1871-1900),1893,1894,1889,1901,SFG,SFG,SP,463,427,5,3778.6666666666665,246,174,1950,1707,75.0,62.04,4.79,4.14,0.16,2.88,141.16,8.8,77.2,5.8,76.8,39.2,83.3,62.8,B+,F,B+,D+,B-,53.1,Epic,False,True,0,bbref_war
conwape01,conwape01,Pete Conway,The Genesis Era (1871-1900),1887,1888,1885,1889,HIST,HIST,SP,126,123,0,1040.0,61,61,428,250,32.0,4.11,3.7,2.16,0.28,3.59,96.39,8.23,47.8,73.2,47.7,36.1,44.9,50.5,C,B,C,D+,C,52.4,Rare,False,False,0,bbref_war
ewingjo01,ewingjo01,John Ewing,The Genesis Era (1871-1900),1890,1891,1888,1891,NLB,NLB,SP,129,121,2,1058.6666666666667,53,63,525,390,17.0,9.69,4.46,3.32,0.14,3.68,107.49,8.8,68.3,33.8,54.9,39.2,86.9,45.5,B,D,C,D+,C,51.8,Rare,False,False,0,bbref_war
griffcl01,griffcl01,Clark Griffith,The Genesis Era (1871-1900),1897,1898,1891,1914,CHC,CHC,SP,453,372,8,3385.6666666666665,237,146,955,774,76.0,46.29,2.37,2.11,0.17,3.38,133.1,8.74,11.9,74.9,71.5,38.9,78.8,48.4,F,B,B,D+,C,51.8,Epic,False,True,0,bbref_war
mcjamdo01,mcjamdo01,James McJames,The Genesis Era (1871-1900),1898,1898,1895,1901,WSH,WSH,SP,178,162,4,1361.3333333333333,79,80,593,563,19.0,14.95,3.92,3.72,0.13,3.43,144.46,8.31,53.6,19.9,78.9,36.6,92.9,51.7,C,F,B+,D+,C,50.8,Rare,False,False,0,bbref_war
terryad01,terryad01,Adonis Terry,The Genesis Era (1871-1900),1890,1895,1884,1897,LAD,LAD,SP,440,406,6,3514.3333333333335,197,196,1553,1298,76.0,25.89,4.04,3.41,0.13,3.47,115.14,8.75,57.0,30.5,59.8,38.9,90.7,55.2,C+,D,C+,D+,C+,50.0,Rare,False,False,0,bbref_war
rhinebi01,rhinebi01,Billy Rhines,The Genesis Era (1871-1900),1896,1890,1890,1899,CIN,CIN,SP,248,222,1,1891.0,113,103,553,576,25.0,30.93,2.74,2.63,0.11,3.31,124.26,8.29,21.7,57.4,65.8,36.4,97.6,64.2,D-,C+,B,D+,B-,49.8,Rare,False,False,0,bbref_war
barrbo01,barrbo01,Bob Barr,The Genesis Era (1871-1900),1886,1890,1883,1891,NLB,NLB,SP,159,152,1,1328.3333333333333,49,98,588,363,31.0,-0.22,3.98,2.46,0.21,3.85,78.54,8.33,55.3,63.1,36.0,36.7,66.1,46.7,C+,B-,D+,D+,C,49.7,Rare,False,False,0,bbref_war
healyjo01,healyjo01,Egyptian Healy,The Genesis Era (1871-1900),1888,1890,1885,1892,HIST,HIST,SP,227,222,0,1875.0,78,136,822,599,63.0,10.8,3.91,2.83,0.3,3.68,101.36,8.39,53.4,50.5,50.9,37.0,38.5,47.5,C,C,C,D+,C,48.6,Rare,False,False,0,bbref_war
stratsc01,stratsc01,Scott Stratton,The Genesis Era (1871-1900),1892,1890,1888,1895,NLB,NLB,SP,231,214,1,1892.3333333333333,97,114,570,434,44.0,13.67,2.7,2.01,0.19,3.91,96.3,8.63,20.7,78.6,47.6,38.3,71.1,48.6,D-,B+,C,D+,C,48.5,Rare,False,False,0,bbref_war
ehretre01,ehretre01,Red Ehret,The Genesis Era (1871-1900),1893,1896,1888,1898,PIT,PIT,SP,362,309,4,2754.3333333333335,139,167,848,841,63.0,23.17,2.85,2.67,0.19,3.79,117.1,9.14,24.8,55.9,61.1,41.0,72.0,61.5,D-,C+,B-,C-,B-,48.3,Rare,False,False,0,bbref_war
staleha01,staleha01,Harry Staley,The Genesis Era (1871-1900),1891,1891,1888,1895,ATL,ATL,SP,284,258,2,2278.0,136,119,751,604,94.0,25.63,3.08,2.34,0.32,3.64,106.37,9.03,31.0,67.3,54.1,40.4,30.7,52.4,D,B,C,C-,C,48.3,Rare,False,False,0,bbref_war
chambel01,chambel01,Ice Box Chamberlain,The Genesis Era (1871-1900),1890,1889,1886,1896,STL,STL,SP,321,301,1,2521.6666666666665,157,120,1133,1065,63.0,30.15,4.13,3.72,0.21,3.34,121.23,8.44,59.3,19.9,63.8,37.3,67.0,66.1,C+,F,B-,D+,B,48.0,Rare,False,False,0,bbref_war
weyhigu01,weyhigu01,Gus Weyhing,The Genesis Era (1871-1900),1891,1891,1887,1901,PHI,PHI,SP,540,505,4,4337.0,264,232,1667,1570,120.0,42.16,3.84,3.33,0.22,3.33,115.34,8.77,51.4,33.3,60.0,39.0,64.5,49.6,C,D,B-,D+,C,47.7,Uncommon,False,False,0,bbref_war
mcmahsa01,mcmahsa01,Sadie McMahon,The Genesis Era (1871-1900),1893,1890,1889,1897,HIST,HIST,SP,321,305,4,2634.0,173,127,967,945,52.0,43.01,3.23,3.15,0.18,3.44,127.07,8.48,35.1,39.6,67.6,37.5,76.4,45.8,D+,D+,B,D+,C,47.3,Uncommon,False,False,0,bbref_war
portehe01,portehe01,Henry Porter,The Genesis Era (1871-1900),1886,1885,1884,1889,LAD,LAD,SP,207,206,0,1793.3333333333333,96,107,659,466,43.0,8.62,3.31,2.34,0.22,3.7,83.45,8.21,37.1,67.2,39.2,36.0,64.3,46.3,D+,B,D+,D+,C,46.8,Uncommon,False,False,0,bbref_war
sewared01,sewared01,Ed Seward,The Genesis Era (1871-1900),1888,1888,1885,1891,OAK,OAK,SP,176,169,0,1485.6666666666667,89,72,589,451,23.0,20.91,3.57,2.73,0.14,3.4,86.11,8.02,44.1,53.8,41.0,35.0,88.6,48.0,C-,C,C-,D+,C,46.8,Uncommon,False,False,0,bbref_war
bakelje01,bakelje01,Jersey Bakley,The Genesis Era (1871-1900),1888,1889,1883,1891,WSH,WSH,SP,215,204,0,1782.6666666666667,76,125,669,564,43.0,2.11,3.38,2.85,0.22,3.66,106.99,8.63,39.0,49.8,54.5,38.3,63.9,38.4,D+,C,C,D+,D+,46.7,Uncommon,False,False,0,bbref_war
cuppyni01,cuppyni01,George Cuppy,The Genesis Era (1871-1900),1896,1896,1892,1901,HIST,HIST,SP,302,262,5,2283.0,163,98,504,609,62.0,36.99,2.05,2.43,0.23,3.34,130.83,8.73,3.2,64.3,70.0,38.8,59.8,64.6,F,B-,B,D+,B-,46.4,Uncommon,False,False,0,bbref_war
menefjo01,menefjo01,John Menefee,The Genesis Era (1871-1900),1900,1894,1892,1903,CHC,CHC,SP,139,125,0,1111.3333333333333,58,70,293,273,19.0,8.13,2.38,2.15,0.15,3.77,97.25,8.98,12.2,73.7,48.2,40.2,83.7,52.8,F,B,C,C-,C,46.4,Uncommon,False,False,0,bbref_war
harkijo01,harkijo01,John Harkins,The Genesis Era (1871-1900),1886,1886,1884,1888,LAD,LAD,SP,139,137,0,1183.3333333333333,51,83,489,358,26.0,-2.75,3.72,2.72,0.2,4.09,77.66,8.49,48.2,54.1,35.5,37.5,70.0,50.0,C,C,D+,D+,C,46.1,Uncommon,False,False,0,bbref_war
stiveja01,stiveja01,Jack Stivetts,The Genesis Era (1871-1900),1892,1891,1889,1899,ATL,ATL,SP,388,333,5,2887.6666666666665,203,132,1223,1155,130.0,36.73,4.02,3.69,0.4,3.59,129.31,8.77,56.2,21.0,69.1,39.0,5.1,64.4,C+,D-,B,D+,B-,45.9,Uncommon,False,False,0,bbref_war
killefr01,killefr01,Frank Killen,The Genesis Era (1871-1900),1894,1896,1891,1900,PIT,PIT,SP,321,300,0,2511.3333333333335,164,131,725,822,55.0,29.69,2.68,2.89,0.2,3.65,130.14,8.33,20.1,48.2,69.6,36.6,70.6,46.1,D-,C,B,D+,C,45.8,Uncommon,False,False,0,bbref_war
duryeje01,duryeje01,Jesse Duryea,The Genesis Era (1871-1900),1891,1889,1889,1893,CIN,CIN,SP,143,130,3,1088.0,59,67,416,349,41.0,13.55,3.44,2.89,0.34,3.45,108.97,8.27,40.7,48.5,55.8,36.3,25.1,55.5,C-,C,C+,D+,C+,45.7,Uncommon,False,False,0,bbref_war
hutchbi01,hutchbi01,Bill Hutchison,The Genesis Era (1871-1900),1892,1891,1884,1897,CHC,CHC,SP,376,346,4,3079.3333333333335,182,163,1235,1132,104.0,41.59,3.65,3.3,0.29,3.56,112.99,8.82,46.3,34.3,58.4,39.3,39.2,55.7,C,D,C+,D+,C+,45.4,Uncommon,False,False,0,bbref_war
hugheja01,hugheja01,Jay Hughes,The Genesis Era (1871-1900),1900,1899,1898,1902,LAD,LAD,SP,134,128,0,1088.0,83,40,363,375,16.0,13.69,3.0,3.1,0.13,3.02,113.58,8.5,28.9,41.1,58.8,37.6,90.8,57.8,D,C-,C+,D+,C+,45.3,Uncommon,False,False,0,bbref_war
piattwi01,piattwi01,Wiley Piatt,The Genesis Era (1871-1900),1900,1898,1898,1903,PHI,PHI,SP,182,170,1,1390.3333333333333,86,79,517,455,26.0,8.33,3.35,2.95,0.17,3.6,98.94,8.19,38.1,46.5,49.3,35.9,79.4,50.0,D+,C,C,D+,C,45.3,Uncommon,False,False,0,bbref_war
nopsje01,nopsje01,Jerry Nops,The Genesis Era (1871-1900),1898,1897,1896,1901,HIST,HIST,SP,136,122,1,988.3333333333334,72,41,294,281,17.0,10.87,2.68,2.56,0.15,3.7,103.83,8.03,20.1,59.7,52.5,35.1,83.7,53.5,D-,C+,C,D+,C,45.2,Uncommon,False,False,0,bbref_war
odayha01,o'dayha01,Hank O'Day,The Genesis Era (1871-1900),1887,1888,1884,1890,NLB,NLB,SP,201,192,4,1651.3333333333333,73,110,663,578,65.0,8.93,3.61,3.15,0.35,3.74,108.51,8.52,45.3,39.5,55.5,37.7,20.3,49.0,C,D+,C+,D+,C,44.2,Uncommon,False,False,0,bbref_war
smithph01,smithph01,Phenomenal Smith,The Genesis Era (1871-1900),1888,1890,1884,1891,OAK,OAK,SP,140,129,0,1169.3333333333333,54,74,519,479,20.0,5.89,3.97,3.65,0.16,3.82,97.31,8.97,54.9,22.5,48.3,40.1,83.4,48.7,C,D-,C,C-,C,44.0,Uncommon,False,False,0,bbref_war
dwyerfr01,dwyerfr01,Frank Dwyer,The Genesis Era (1871-1900),1895,1896,1888,1899,CIN,CIN,SP,366,318,6,2819.0,177,151,565,764,108.0,36.89,1.5,2.24,0.34,3.8,119.46,8.76,1.0,70.6,62.6,39.0,25.5,63.5,F,B,B-,D+,B-,43.8,Uncommon,False,False,0,bbref_war
maysal01,maysal01,Al Mays,The Genesis Era (1871-1900),1888,1887,1885,1890,NLB,NLB,SP,150,147,0,1251.0,53,89,469,415,26.0,3.6,3.37,2.99,0.19,3.91,89.41,8.56,38.9,45.1,43.1,37.9,73.4,52.4,D+,C,C-,D+,C,43.8,Uncommon,False,False,0,bbref_war
mountfr01,mountfr01,Frank Mountain,The Genesis Era (1871-1900),1883,1884,1880,1886,HIST,HIST,SP,143,142,1,1215.6666666666667,58,83,383,309,23.0,0.68,2.84,2.29,0.17,3.47,73.06,8.54,24.3,69.0,32.5,37.8,78.8,54.6,D-,B,D,D+,C,43.8,Uncommon,False,False,0,bbref_war
hawlepi01,hawlepi01,Pink Hawley,The Genesis Era (1871-1900),1897,1895,1892,1901,STL,STL,SP,393,344,3,3012.6666666666665,167,179,868,974,61.0,36.55,2.52,2.83,0.18,3.91,109.13,8.78,15.8,50.3,55.9,39.1,75.4,50.1,F,C,C+,D+,C,42.6,Uncommon,False,False,0,bbref_war
dohened01,dohened01,Ed Doheny,The Genesis Era (1871-1900),1899,1902,1895,1903,SFG,SFG,SP,184,169,2,1405.0,75,83,572,667,13.0,2.46,3.67,4.0,0.09,3.53,110.27,8.53,47.0,10.5,56.7,37.8,105.8,59.6,C,F,C+,D+,C+,42.5,Uncommon,False,False,0,bbref_war
baldwma01,baldwma01,Mark Baldwin,The Genesis Era (1871-1900),1890,1890,1887,1893,PIT,PIT,SP,346,328,5,2802.3333333333335,154,165,1349,1307,81.0,24.57,4.33,4.2,0.26,3.37,108.64,8.52,64.8,3.7,55.6,37.7,50.2,58.4,B-,F,C+,D+,C+,42.1,Uncommon,False,False,0,bbref_war
viaule01,viaule01,Lee Viau,The Genesis Era (1871-1900),1890,1889,1888,1892,HIST,HIST,SP,178,162,1,1442.0,83,77,554,526,37.0,11.59,3.46,3.28,0.23,3.33,91.53,8.8,41.1,34.9,44.5,39.2,59.5,61.6,C-,D,C-,D+,B-,42.1,Uncommon,False,False,0,bbref_war
phillbi02,phillbi02,Bill Phillips,The Genesis Era (1871-1900),1900,1899,1890,1903,CIN,CIN,SP,176,152,3,1294.6666666666667,70,76,373,363,32.0,3.72,2.59,2.52,0.22,4.09,89.28,8.92,17.8,60.9,43.0,39.9,62.2,45.5,F,B-,C-,D+,C,41.8,Uncommon,False,False,0,bbref_war
tayloja01,tayloja01,Jack Taylor,The Genesis Era (1871-1900),1896,1894,1891,1899,PHI,PHI,SP,271,235,9,2091.0,120,117,529,583,74.0,21.75,2.27,2.49,0.31,4.27,103.02,9.1,9.1,61.9,52.0,40.8,34.2,46.1,F,B-,C,C-,C,40.9,Uncommon,False,False,0,bbref_war
sudhowi01,sudhowi01,Willie Sudhoff,The Genesis Era (1871-1900),1900,1903,1897,1906,STL,STL,SP,278,239,3,2075.3333333333335,102,135,516,603,62.0,16.57,2.13,2.62,0.25,3.6,104.59,9.07,5.3,57.7,53.0,40.7,51.9,50.1,F,C+,C,C-,C,40.2,Uncommon,False,False,0,bbref_war
hoffebi01,hoffebi01,Bill Hoffer,The Genesis Era (1871-1900),1898,1895,1895,1901,HIST,HIST,SP,161,142,3,1254.3333333333333,92,46,314,453,22.0,19.36,2.25,3.25,0.16,3.75,114.14,9.02,8.6,36.1,59.2,40.4,82.7,63.6,F,D+,C+,C-,B-,39.4,Uncommon,False,False,0,bbref_war
lovetto01,lovetto01,Tom Lovett,The Genesis Era (1871-1900),1890,1890,1885,1894,LAD,LAD,SP,162,149,1,1305.3333333333333,88,59,439,444,48.0,10.33,3.03,3.06,0.33,3.94,92.21,9.07,29.5,42.5,44.9,40.7,27.7,53.8,D,C-,C-,C-,C,39.4,Uncommon,False,False,0,bbref_war
foremfr01,foremfr01,Frank Foreman,The Genesis Era (1871-1900),1895,1889,1884,1902,CIN,CIN,SP,229,205,4,1721.6666666666667,96,93,586,659,47.0,18.12,3.07,3.35,0.22,3.83,96.22,8.39,30.8,32.5,47.5,37.0,62.2,46.7,D,D,C,D+,C,38.7,Common,False,False,0,bbref_war
dowlipe01,dowlipe01,Pete Dowling,The Genesis Era (1871-1900),1898,1899,1897,1901,NLB,NLB,SP,118,103,1,916.0,39,64,300,341,15.0,6.5,2.95,3.35,0.15,3.84,91.22,8.37,27.4,32.6,44.3,36.9,86.0,48.9,D,D,C-,D+,C,38.4,Common,False,False,0,bbref_war
mercewi01,mercewi01,Win Mercer,The Genesis Era (1871-1900),1899,1902,1894,1902,WSH,WSH,SP,335,300,10,2484.6666666666665,132,164,532,755,64.0,23.81,1.83,2.73,0.2,3.8,108.58,8.39,1.0,53.8,55.6,37.0,67.9,37.6,F,C,C+,D+,D+,38.4,Common,False,False,0,bbref_war
wilsoze01,wilsoze01,Zeke Wilson,The Genesis Era (1871-1900),1897,1897,1895,1899,HIST,HIST,SP,120,106,1,882.0,52,44,198,270,27.0,9.0,2.02,2.76,0.28,4.03,103.16,9.05,2.3,53.0,52.1,40.6,45.3,60.9,F,C,C,C-,B-,38.2,Common,False,False,0,bbref_war
lewiste01,lewiste01,Ted Lewis,The Genesis Era (1871-1900),1898,1898,1896,1901,ATL,ATL,SP,183,153,4,1405.0,94,64,378,511,57.0,18.93,2.42,3.27,0.37,3.53,117.13,9.09,13.2,35.3,61.1,40.8,16.9,73.3,F,D+,B-,C-,B,38.0,Common,False,False,0,bbref_war
breitte01,breitte01,Theodore Breitenstein,The Genesis Era (1871-1900),1896,1893,1891,1901,STL,STL,SP,380,342,3,2973.3333333333335,160,170,893,1207,79.0,48.35,2.61,3.49,0.23,3.99,116.25,8.58,18.3,27.9,60.6,38.0,58.3,51.0,F,D,B-,D+,C,37.9,Common,False,False,0,bbref_war
craneed01,craneed01,Ed Crane,The Genesis Era (1871-1900),1890,1891,1884,1893,SFG,SFG,SP,204,176,2,1551.0,72,97,719,885,50.0,1.79,4.13,5.06,0.28,3.83,94.42,8.83,59.4,1.0,46.4,39.4,44.0,58.2,C+,F,C,D+,C+,37.7,Common,False,False,0,bbref_war
cunnibe01,cunnibe01,Bert Cunningham,The Genesis Era (1871-1900),1897,1898,1887,1901,NLB,NLB,SP,342,311,2,2734.6666666666665,142,167,718,1064,62.0,15.74,1.99,2.68,0.16,3.76,93.43,8.55,1.6,55.7,45.7,37.8,82.4,43.4,F,C+,C,D+,C-,37.7,Common,False,False,0,bbref_war
gumbead01,gumbead01,Ad Gumbert,The Genesis Era (1871-1900),1892,1889,1888,1896,CHC,CHC,SP,264,236,1,1996.3333333333333,123,102,549,637,82.0,14.85,2.56,2.93,0.37,4.19,97.77,8.33,17.0,47.0,48.5,36.7,14.4,57.8,F,C,C,D+,C+,37.2,Common,False,False,0,bbref_war
beatied01,beatied01,Ed Beatin,The Genesis Era (1871-1900),1889,1889,1887,1891,HIST,HIST,SP,109,108,0,946.0,48,56,335,372,32.0,8.47,3.19,3.54,0.3,3.68,94.57,8.55,33.8,26.2,46.5,37.9,36.1,58.7,D,D,C,D+,C+,37.1,Common,False,False,0,bbref_war
hillbi01,hillbi01,Bill Hill,The Genesis Era (1871-1900),1898,1896,1896,1899,NLB,NLB,SP,124,115,3,925.0,36,69,280,406,24.0,9.04,2.72,3.95,0.23,4.16,134.46,8.01,21.3,12.1,72.4,35.0,58.7,47.5,D-,F,B,D+,C,37.0,Common,False,False,0,bbref_war
meekijo01,meekijo01,Jouett Meekin,The Genesis Era (1871-1900),1896,1894,1891,1900,SFG,SFG,SP,324,308,2,2605.3333333333335,152,133,901,1056,67.0,26.86,2.7,3.49,0.25,4.06,107.1,8.44,20.8,27.8,54.6,37.3,52.6,57.3,D-,D,C,D+,C+,36.9,Common,False,False,0,bbref_war
hugheji01,hugheji01,Jim Hughey,The Genesis Era (1871-1900),1897,1898,1891,1900,STL,STL,SP,145,113,1,1007.6666666666666,29,80,250,317,21.0,3.21,2.23,2.83,0.19,4.87,84.59,9.38,8.1,50.4,40.0,42.3,73.3,37.0,F,C,C-,C-,D+,36.5,Common,False,False,0,bbref_war
maulal01,maulal01,Al Maul,The Genesis Era (1871-1900),1894,1898,1884,1901,WSH,WSH,SP,188,168,1,1440.6666666666667,84,80,352,519,60.0,15.59,2.11,3.25,0.37,4.01,129.36,9.05,4.8,36.2,69.1,40.6,14.4,38.7,F,D+,B,C-,D+,36.3,Common,False,False,0,bbref_war
carribi01,carribi01,Bill Carrick,The Genesis Era (1871-1900),1900,1901,1898,1902,SFG,SFG,SP,167,155,0,1324.6666666666667,63,89,239,400,33.0,5.05,1.62,2.72,0.22,4.14,91.88,8.8,1.0,54.3,44.7,39.2,61.6,45.8,F,C,C-,D+,C,36.2,Common,False,False,0,bbref_war
gastrha01,gastrha01,Hank Gastright,The Genesis Era (1871-1900),1892,1890,1889,1896,NLB,NLB,SP,171,143,2,1301.3333333333333,72,63,514,584,39.0,3.22,3.55,4.04,0.27,4.2,89.61,9.5,43.8,9.1,43.2,43.0,47.2,63.5,C-,F,C-,C-,B-,36.0,Common,False,False,0,bbref_war
grubehe01,grubehe01,Henry Gruber,The Genesis Era (1871-1900),1889,1889,1887,1891,HIST,HIST,SP,151,139,1,1239.3333333333333,61,78,346,479,42.0,4.93,2.51,3.48,0.31,3.67,111.7,8.97,15.6,28.3,57.6,40.1,36.0,53.1,F,D,C+,C-,C,35.8,Common,False,False,0,bbref_war
maddeki01,maddeki01,Kid Madden,The Genesis Era (1871-1900),1889,1887,1887,1891,ATL,ATL,SP,122,109,3,958.0,54,50,284,336,40.0,5.6,2.67,3.16,0.38,3.92,91.57,8.87,19.8,39.3,44.5,39.6,13.5,57.9,F,D+,C-,D+,C+,35.4,Common,False,False,0,bbref_war
steined01,steined01,Ed Stein,The Genesis Era (1871-1900),1893,1892,1890,1898,LAD,LAD,SP,215,183,3,1656.0,109,78,535,732,50.0,18.76,2.98,3.91,0.25,3.92,97.65,9.5,28.3,13.3,48.5,43.0,52.5,65.2,D,F,C,C-,B,34.9,Common,False,False,0,bbref_war
obrieda02,o'brida02,Cinders O'Brien,The Genesis Era (1871-1900),1890,1889,1888,1891,NLB,NLB,SP,136,126,2,1080.6666666666667,59,65,398,486,36.0,4.42,3.31,4.05,0.3,3.68,102.12,8.57,37.3,8.8,51.4,38.0,37.6,50.4,D+,F,C,D+,C,34.5,Common,False,False,0,bbref_war
mcgilwi01,mcgilwi01,Willie McGill,The Genesis Era (1871-1900),1893,1893,1890,1896,PHI,PHI,SP,166,148,1,1235.0,71,73,502,696,26.0,10.9,3.66,5.07,0.19,4.57,91.81,7.91,46.6,1.0,44.7,34.4,72.7,44.2,C,F,C-,D,C-,34.1,Common,False,False,0,bbref_war
esperdu01,esperdu01,Duke Esper,The Genesis Era (1871-1900),1893,1896,1890,1898,PHI,PHI,SP,236,198,5,1727.6666666666667,101,100,453,669,46.0,17.79,2.42,3.57,0.22,4.29,100.79,8.8,13.2,25.2,50.5,39.2,61.4,51.9,F,D,C,D+,C,33.8,Common,False,False,0,bbref_war
knellph01,knellph01,Phil Knell,The Genesis Era (1871-1900),1892,1891,1888,1895,PIT,PIT,SP,192,163,0,1452.3333333333333,79,90,575,705,37.0,10.91,3.56,4.37,0.23,4.05,89.85,8.91,44.0,1.0,43.4,39.8,60.0,53.9,C-,F,C-,D+,C,33.8,Common,False,False,0,bbref_war
haddoge01,haddoge01,George Haddock,The Genesis Era (1871-1900),1891,1891,1888,1894,LAD,LAD,SP,204,189,2,1580.0,95,87,599,714,56.0,8.44,3.41,4.07,0.32,4.07,98.6,8.21,39.9,8.1,49.1,36.0,31.5,47.3,D+,F,C,D+,C,33.6,Common,False,False,0,bbref_war
kennebr01,kennebr01,Brickyard Kennedy,The Genesis Era (1871-1900),1897,1893,1892,1903,LAD,LAD,SP,406,354,9,3030.0,187,159,799,1203,94.0,28.1,2.12,3.47,0.31,3.96,107.64,8.57,5.1,28.5,55.0,38.0,35.2,57.5,F,D,C+,D+,C+,32.5,Common,False,False,0,bbref_war
daubda01,daubda01,Dan Daub,The Genesis Era (1871-1900),1894,1896,1892,1897,LAD,LAD,SP,126,103,0,899.3333333333334,45,52,185,327,27.0,6.17,1.85,3.27,0.27,4.75,99.14,8.66,1.0,35.3,49.4,38.5,47.0,57.7,F,D+,C,D+,C+,32.4,Common,False,False,0,bbref_war
hartbi01,hartbi01,Bill Hart,The Genesis Era (1871-1900),1895,1895,1886,1901,STL,STL,SP,206,190,3,1582.0,66,120,431,704,43.0,4.39,2.54,3.89,0.23,4.28,92.58,8.49,16.5,14.3,45.2,37.5,59.6,49.6,F,F,C,D+,C,30.1,Common,False,False,0,bbref_war
carseki01,carseki01,Kid Carsey,The Genesis Era (1871-1900),1895,1892,1891,1901,PHI,PHI,SP,296,257,3,2233.3333333333335,116,138,486,800,80.0,11.81,1.59,3.16,0.34,4.75,79.86,8.81,1.0,39.0,36.9,39.2,24.7,41.2,F,D+,D+,D+,C-,28.4,Common,False,False,0,bbref_war
hemmige01,hemmige01,George Hemming,The Genesis Era (1871-1900),1894,1894,1890,1897,NLB,NLB,SP,204,168,6,1587.6666666666667,91,82,362,690,55.0,17.02,1.81,3.93,0.29,4.47,95.66,9.72,1.0,12.8,47.2,44.2,42.2,60.7,F,F,C,C-,B-,27.0,Common,False,False,0,bbref_war
sullimi02,sullimi02,Mike Sullivan,The Genesis Era (1871-1900),1894,1892,1889,1899,SFG,SFG,SP,160,119,4,1111.3333333333333,54,65,285,568,45.0,2.78,2.21,4.41,0.37,4.88,91.93,9.25,7.5,1.0,44.8,41.6,14.6,63.8,F,F,C-,C-,B-,23.5,Common,False,False,0,bbref_war
