playerID,full_name,role,era_label,ovr_3y,rarity_3y,str_val_3y,ctl_val_3y,grt_val_3y,mov_val_3y,sta_val_3y,ovr_7y,rarity_7y,str_val_7y,ctl_val_7y,grt_val_7y,mov_val_7y,sta_val_7y,ovr_diff,str_diff,ctl_diff,grt_diff,mov_diff,sta_diff
aardsda01,David Aardsma,RP,Efficiency Era (2006-2015),61.4,Uncommon,66.6,23.7,83.8,42.5,29.0,58.5,Common,64.9,25.0,73.6,30.5,22.3,2.8999999999999986,1.6999999999999886,-1.3000000000000007,10.200000000000003,12.0,6.699999999999999
aasedo01,Don Aase,RP,Big Hair Era (1977-1993),64.4,Uncommon,57.5,45.8,61.8,61.6,31.0,59.6,Common,36.9,48.4,35.3,60.1,54.7,4.800000000000004,20.6,-2.6000000000000014,26.5,1.5,-23.700000000000003
abadfe01,Fernando Abad,RP,Efficiency Era (2006-2015),61.7,Uncommon,47.6,50.7,71.4,55.3,21.9,60.2,Uncommon,52.0,61.0,67.3,38.1,22.6,1.5,-4.399999999999999,-10.299999999999997,4.1000000000000085,17.199999999999996,-0.7000000000000028
abbotan01,Andrew Abbott,SP,Modern Era (2016-Pres),59.3,Common,59.8,54.1,41.2,12.3,63.2,62.5,Uncommon,55.0,58.1,49.7,27.3,59.9,-3.200000000000003,4.799999999999997,-4.0,-8.5,-15.0,3.3000000000000043
abbotgl01,Glenn Abbott,SP,Big Hair Era (1977-1993),56.1,Common,12.6,88.9,6.4,14.8,53.9,56.5,Common,7.0,85.0,21.4,10.4,60.0,-0.3999999999999986,5.6,3.9000000000000057,-14.999999999999998,4.4,-6.100000000000001
abbotji01,Jim Abbott,SP,Big Hair Era (1977-1993),74.6,Rare,46.3,62.6,34.8,80.2,79.3,64.6,Uncommon,34.4,62.3,25.7,56.4,79.7,10.0,11.899999999999999,0.30000000000000426,9.099999999999998,23.800000000000004,-0.4000000000000057
abbotpa01,Paul Abbott,SP,Steroid Era (1994-2005),58.9,Common,46.5,21.7,67.5,24.8,63.3,58.4,Common,51.2,21.5,72.4,31.3,39.0,0.5,-4.700000000000003,0.1999999999999993,-4.900000000000006,-6.5,24.299999999999997
abernte02,Ted Abernathy,RP,Expansion (1961-1976),78.4,Rare,55.8,38.4,85.1,84.9,58.3,75.5,Rare,55.6,26.1,91.8,87.2,47.1,2.9000000000000057,0.19999999999999574,12.299999999999997,-6.700000000000003,-2.299999999999997,11.199999999999996
abreubr01,Bryan Abreu,RP,Modern Era (2016-Pres),76.3,Rare,95.5,33.9,84.5,60.9,36.9,76.5,Rare,93.5,32.1,89.1,73.5,24.4,-0.20000000000000284,2.0,1.7999999999999972,-4.599999999999994,-12.600000000000001,12.5
accarje01,Jeremy Accardo,RP,Efficiency Era (2006-2015),59.0,Common,39.6,42.3,58.0,62.1,23.1,57.9,Common,40.4,48.5,35.3,59.8,22.8,1.1000000000000014,-0.7999999999999972,-6.200000000000003,22.700000000000003,2.3000000000000043,0.3000000000000007
aceveal01,Alfredo Aceves,RP,Efficiency Era (2006-2015),65.9,Uncommon,41.1,63.0,74.4,47.2,38.0,58.9,Common,42.8,60.0,63.3,29.3,27.2,7.000000000000007,-1.6999999999999957,3.0,11.100000000000009,17.900000000000002,10.8
aceveju01,Juan Acevedo,RP,Steroid Era (1994-2005),63.5,Uncommon,32.9,61.4,58.2,59.5,42.1,57.1,Common,35.2,50.7,35.8,33.5,38.0,6.399999999999999,-2.3000000000000043,10.699999999999996,22.400000000000006,26.0,4.100000000000001
ackerji01,Jim Acker,RP,Big Hair Era (1977-1993),63.0,Uncommon,52.3,63.6,47.3,57.8,31.0,59.7,Common,36.6,55.2,33.7,61.4,50.5,3.299999999999997,15.699999999999996,8.399999999999999,13.599999999999994,-3.6000000000000014,-19.5
ackerto01,Tom Acker,RP,Integration (1942-1960),63.0,Uncommon,80.2,45.6,58.0,24.3,44.2,61.2,Uncommon,76.1,52.1,51.2,18.0,47.4,1.7999999999999972,4.1000000000000085,-6.5,6.799999999999997,6.300000000000001,-3.1999999999999957
acostcy01,Cy Acosta,RP,Expansion (1961-1976),59.7,Common,45.3,39.2,72.4,50.3,29.6,60.2,Uncommon,45.7,46.9,73.4,47.4,27.5,-0.5,-0.4000000000000057,-7.699999999999996,-1.0,2.8999999999999986,2.1000000000000014
acostma01,Manny Acosta,RP,Efficiency Era (2006-2015),58.3,Common,56.1,40.7,53.8,40.4,22.4,57.2,Common,53.9,33.8,47.5,36.1,23.7,1.0999999999999943,2.200000000000003,6.900000000000006,6.299999999999997,4.299999999999997,-1.3000000000000007
adamja01,Jason Adam,RP,Modern Era (2016-Pres),76.2,Rare,60.2,59.3,102.1,65.4,24.1,79.1,Rare,73.0,52.3,108.7,68.6,23.6,-2.8999999999999915,-12.799999999999997,7.0,-6.6000000000000085,-3.1999999999999886,0.5
adamsac01,Ace Adams,RP,Integration (1942-1960),69.0,Uncommon,24.9,49.6,63.7,84.6,53.5,59.7,Common,17.7,48.2,46.0,80.2,45.1,9.299999999999997,7.199999999999999,1.3999999999999986,17.700000000000003,4.3999999999999915,8.399999999999999
adamsba01,Babe Adams,SP,Deadball (1901-1919),92.9,Legendary,41.3,113.3,81.0,86.3,94.3,92.1,Legendary,30.2,124.7,67.2,90.6,96.4,0.8000000000000114,11.099999999999998,-11.400000000000006,13.799999999999997,-4.299999999999997,-2.1000000000000085
adamsem01,Emery Adams,SP,Golden Era (1920-1941),59.7,Common,54.7,39.4,67.8,29.1,46.4,60.1,Uncommon,60.1,43.7,64.1,26.6,45.9,-0.3999999999999986,-5.399999999999999,-4.300000000000004,3.700000000000003,2.5,0.5
adamsmi03,Mike Adams,RP,Efficiency Era (2006-2015),76.9,Rare,64.4,66.0,87.3,72.6,24.4,79.8,Rare,71.5,71.1,90.5,70.5,25.8,-2.8999999999999915,-7.099999999999994,-5.099999999999994,-3.200000000000003,2.0999999999999943,-1.4000000000000021
adamste01,Terry Adams,RP,Steroid Era (1994-2005),73.1,Rare,60.4,49.6,41.1,92.0,52.7,67.2,Uncommon,64.1,43.4,44.6,73.3,43.8,5.8999999999999915,-3.6999999999999957,6.200000000000003,-3.5,18.700000000000003,8.900000000000006
affelje01,Jeremy Affeldt,RP,Efficiency Era (2006-2015),59.3,Common,53.4,40.9,37.8,55.1,43.5,67.5,Uncommon,57.7,48.6,52.6,74.0,37.3,-8.200000000000003,-4.300000000000004,-7.700000000000003,-14.800000000000004,-18.9,6.200000000000003
agostju01,Juan Agosto,RP,Big Hair Era (1977-1993),59.7,Common,30.8,37.8,64.9,67.8,34.6,63.9,Uncommon,33.2,46.2,59.7,84.4,32.3,-4.199999999999996,-2.400000000000002,-8.400000000000006,5.200000000000003,-16.60000000000001,2.3000000000000043
aguilri01,Rick Aguilera,RP,Steroid Era (1994-2005),77.9,Rare,71.0,64.0,81.1,68.5,35.1,80.1,Epic,70.1,83.7,77.9,59.5,39.4,-2.1999999999999886,0.9000000000000057,-19.700000000000003,3.1999999999999886,9.0,-4.299999999999997
aguirha01,Hank Aguirre,RP,Expansion (1961-1976),76.7,Rare,58.8,66.0,62.6,47.1,79.1,73.3,Rare,56.4,65.4,68.1,48.3,58.5,3.4000000000000057,2.3999999999999986,0.5999999999999943,-5.499999999999993,-1.1999999999999957,20.599999999999994
akerja01,Jack Aker,RP,Expansion (1961-1976),62.6,Uncommon,40.0,60.9,62.3,53.9,33.3,62.5,Uncommon,34.2,58.5,58.9,62.1,36.4,0.10000000000000142,5.799999999999997,2.3999999999999986,3.3999999999999986,-8.200000000000003,-3.1000000000000014
akinke01,Keegan Akin,RP,Modern Era (2016-Pres),62.5,Uncommon,62.6,56.0,63.0,31.2,37.3,58.5,Common,62.5,54.6,38.2,30.2,30.9,4.0,0.10000000000000142,1.3999999999999986,24.799999999999997,1.0,6.399999999999999
alberma01,Matt Albers,RP,Efficiency Era (2006-2015),65.0,Uncommon,52.0,62.6,78.0,44.4,23.0,62.6,Uncommon,39.1,54.1,70.6,61.2,25.5,2.3999999999999986,12.899999999999999,8.5,7.400000000000006,-16.800000000000004,-2.5
albural01,Al Alburquerque,RP,Efficiency Era (2006-2015),68.9,Uncommon,77.8,28.3,83.8,63.6,22.6,68.4,Uncommon,82.1,17.9,82.7,69.1,22.0,0.5,-4.299999999999997,10.400000000000002,1.0999999999999943,-5.499999999999993,0.6000000000000014
alcaljo01,Jorge Alcala,RP,Modern Era (2016-Pres),59.2,Common,52.8,60.0,64.6,25.8,24.5,57.0,Common,55.3,47.7,54.3,12.4,21.2,2.200000000000003,-2.5,12.299999999999997,10.299999999999997,13.4,3.3000000000000007
alcansa01,Sandy Alcantara,SP,Modern Era (2016-Pres),83.5,Epic,61.4,84.7,62.7,55.9,86.8,75.7,Rare,53.9,69.2,63.1,53.4,69.0,7.799999999999997,7.5,15.5,-0.3999999999999986,2.5,17.799999999999997
aldresc01,Scott Aldred,RP,Steroid Era (1994-2005),58.3,Common,41.5,41.3,34.3,75.5,20.9,54.7,Common,44.6,33.6,17.9,32.5,25.5,3.5999999999999943,-3.1000000000000014,7.699999999999996,16.4,43.0,-4.600000000000001
aldrivi01,Vic Aldridge,SP,Golden Era (1920-1941),66.0,Uncommon,17.5,67.5,23.2,61.3,94.9,68.5,Uncommon,20.7,65.0,40.5,60.3,87.8,-2.5,-3.1999999999999993,2.5,-17.3,1.0,7.1000000000000085
alexado01,Doyle Alexander,SP,Big Hair Era (1977-1993),70.4,Rare,33.6,83.6,57.9,36.6,70.4,70.8,Rare,27.2,85.3,42.3,40.8,88.2,-0.3999999999999915,6.400000000000002,-1.7000000000000028,15.600000000000001,-4.199999999999996,-17.799999999999997
alexape01,Pete Alexander,SP,Deadball (1901-1919),99.3,Legendary,58.7,109.7,85.5,98.3,122.4,99.0,Legendary,68.6,100.5,85.8,99.0,118.0,0.29999999999999716,-9.899999999999991,9.200000000000003,-0.29999999999999716,-0.7000000000000028,4.400000000000006
alexasc01,Scott Alexander,RP,Modern Era (2016-Pres),59.1,Common,34.7,49.3,47.2,73.0,23.3,59.4,Common,36.1,46.0,51.3,76.9,21.8,-0.29999999999999716,-1.3999999999999986,3.299999999999997,-4.099999999999994,-3.9000000000000057,1.5
alfonan01,Antonio Alfonseca,RP,Steroid Era (1994-2005),59.3,Common,36.1,58.1,30.4,69.2,35.5,58.8,Common,42.2,50.6,31.3,64.5,32.5,0.5,-6.100000000000001,7.5,-0.9000000000000021,4.700000000000003,3.0
allenbo04,Bob Allen,RP,Expansion (1961-1976),56.7,Common,52.1,39.0,11.1,53.7,31.2,57.0,Common,60.6,31.3,24.3,47.1,29.0,-0.29999999999999716,-8.5,7.699999999999999,-13.200000000000001,6.600000000000001,2.1999999999999993
allenco01,Cody Allen,RP,Efficiency Era (2006-2015),74.4,Rare,98.7,49.6,86.7,33.0,34.2,76.8,Rare,106.2,47.1,83.4,45.9,31.5,-2.3999999999999915,-7.5,2.5,3.299999999999997,-12.899999999999999,2.700000000000003
allenfr01,Frank Allen,SP,Deadball (1901-1919),70.6,Rare,53.7,32.2,71.6,43.3,82.3,64.0,Uncommon,54.3,32.5,53.3,43.0,72.9,6.599999999999994,-0.5999999999999943,-0.29999999999999716,18.299999999999997,0.29999999999999716,9.399999999999991
allenjo02,Johnny Allen,SP,Golden Era (1920-1941),85.5,Epic,77.4,38.8,70.5,91.0,85.7,82.7,Epic,75.6,47.0,68.6,74.8,80.5,2.799999999999997,1.8000000000000114,-8.200000000000003,1.9000000000000057,16.200000000000003,5.200000000000003
allenne01,Neil Allen,RP,Big Hair Era (1977-1993),58.6,Common,44.9,50.8,35.7,40.1,47.3,62.5,Uncommon,53.8,40.6,42.8,63.1,49.9,-3.8999999999999986,-8.899999999999999,10.199999999999996,-7.099999999999994,-23.0,-2.6000000000000014
almanar01,Armando Almanza,RP,Steroid Era (1994-2005),58.7,Common,65.7,37.2,65.5,32.2,19.4,57.4,Common,80.1,9.8,67.5,19.1,21.1,1.3000000000000043,-14.399999999999991,27.400000000000002,-2.0,13.100000000000001,-1.7000000000000028
almanca01,Carlos Almanzar,RP,Steroid Era (1994-2005),57.1,Common,42.9,63.9,37.0,24.5,25.5,57.5,Common,43.5,63.7,44.4,28.4,20.8,-0.3999999999999986,-0.6000000000000014,0.19999999999999574,-7.399999999999999,-3.8999999999999986,4.699999999999999
almonye01,Yency Almonte,RP,Modern Era (2016-Pres),59.5,Common,36.2,59.9,53.5,64.1,20.2,57.8,Common,49.8,39.8,51.9,42.5,21.4,1.7000000000000028,-13.599999999999994,20.1,1.6000000000000014,21.599999999999994,-1.1999999999999993
alomalu01,Luis Aloma,RP,Integration (1942-1960),59.2,Common,49.4,38.2,61.6,46.1,32.8,58.9,Common,53.1,40.4,61.8,36.4,32.2,0.30000000000000426,-3.700000000000003,-2.1999999999999957,-0.19999999999999574,9.700000000000003,0.5999999999999943
altroni01,Nick Altrock,SP,Deadball (1901-1919),87.0,Epic,15.2,104.3,45.8,105.0,102.2,83.8,Epic,11.2,105.9,54.7,97.6,83.5,3.200000000000003,4.0,-1.6000000000000085,-8.900000000000006,7.400000000000006,18.700000000000003
alvarhe01,Henderson Alvarez,SP,Efficiency Era (2006-2015),68.1,Uncommon,26.8,92.7,26.0,72.3,55.1,58.7,Common,18.1,85.5,18.5,51.9,46.4,9.399999999999991,8.7,7.200000000000003,7.5,20.4,8.700000000000003
alvarjo02,Jose Alvarez,RP,Modern Era (2016-Pres),59.6,Common,39.2,56.5,37.4,70.1,31.1,60.8,Uncommon,43.4,62.6,43.8,69.8,23.8,-1.1999999999999957,-4.199999999999996,-6.100000000000001,-6.399999999999999,0.29999999999999716,7.300000000000001
alvarjo03,Jose Alvarado,RP,Modern Era (2016-Pres),74.8,Rare,87.1,31.0,74.2,86.0,26.1,72.1,Rare,84.4,22.4,80.0,79.6,24.4,2.700000000000003,2.6999999999999886,8.600000000000001,-5.799999999999997,6.400000000000006,1.7000000000000028
alvarwi01,Wilson Alvarez,SP,Steroid Era (1994-2005),70.0,Rare,57.8,18.5,58.1,62.0,83.8,72.2,Rare,61.4,28.1,65.6,57.9,78.1,-2.200000000000003,-3.6000000000000014,-9.600000000000001,-7.499999999999993,4.100000000000001,5.700000000000003
amesre01,Red Ames,SP,Deadball (1901-1919),75.7,Rare,51.7,50.8,48.4,64.7,93.0,82.2,Epic,55.8,55.9,58.4,82.9,90.6,-6.5,-4.099999999999994,-5.100000000000001,-10.0,-18.200000000000003,2.4000000000000057
anderal02,Allan Anderson,SP,Big Hair Era (1977-1993),60.9,Uncommon,11.3,91.8,6.0,50.9,83.8,57.6,Common,16.6,83.6,8.8,30.1,62.4,3.299999999999997,-5.300000000000001,8.200000000000003,-2.8000000000000007,20.799999999999997,21.4
anderbo01,Bob Anderson,RP,Integration (1942-1960),62.1,Uncommon,61.1,55.3,22.3,41.2,68.4,60.5,Uncommon,66.9,53.9,33.3,31.8,56.0,1.6000000000000014,-5.800000000000004,1.3999999999999986,-10.999999999999996,9.400000000000002,12.400000000000006
anderbr02,Brian Anderson,SP,Steroid Era (1994-2005),57.8,Common,18.9,98.8,6.1,5.0,77.0,58.0,Common,16.2,106.2,13.2,5.0,68.5,-0.20000000000000284,2.6999999999999993,-7.400000000000006,-7.1,0.0,8.5
anderbr04,Brett Anderson,SP,Efficiency Era (2006-2015),63.1,Uncommon,38.8,80.4,18.0,45.4,69.8,64.2,Uncommon,37.4,84.3,24.2,57.0,54.0,-1.1000000000000014,1.3999999999999986,-3.8999999999999915,-6.199999999999999,-11.600000000000001,15.799999999999997
anderch01,Chase Anderson,SP,Modern Era (2016-Pres),59.8,Common,54.7,53.7,59.1,5.0,66.4,58.6,Common,49.2,60.1,39.7,7.9,61.9,1.1999999999999957,5.5,-6.399999999999999,19.4,-2.9000000000000004,4.500000000000007
anderfr01,Fred Anderson,SP,Deadball (1901-1919),85.3,Epic,65.5,70.8,70.5,64.5,90.8,76.5,Rare,65.5,76.1,52.0,54.7,64.4,8.799999999999997,0.0,-5.299999999999997,18.5,9.799999999999997,26.39999999999999
anderla02,Larry Andersen,RP,Big Hair Era (1977-1993),82.2,Epic,84.4,65.8,75.0,87.7,30.6,85.5,Epic,80.4,76.4,73.1,95.2,38.1,-3.299999999999997,4.0,-10.600000000000009,1.9000000000000057,-7.5,-7.5
anderma01,Matt Anderson,RP,Steroid Era (1994-2005),60.0,Uncommon,68.6,21.0,56.7,64.7,29.1,56.8,Common,62.6,9.8,51.1,42.5,22.3,3.200000000000003,5.999999999999993,11.2,5.600000000000001,22.200000000000003,6.800000000000001
anderty01,Tyler Anderson,SP,Modern Era (2016-Pres),69.1,Uncommon,45.8,68.7,45.4,46.0,71.0,60.2,Uncommon,49.4,69.2,39.4,15.6,67.3,8.899999999999991,-3.6000000000000014,-0.5,6.0,30.4,3.700000000000003
andreiv01,Ivy Andrews,RP,Golden Era (1920-1941),57.6,Common,5.0,74.0,20.3,36.6,65.2,58.0,Common,7.0,64.6,25.0,52.2,59.5,-0.3999999999999986,-2.0,9.400000000000006,-4.699999999999999,-15.600000000000001,5.700000000000003
andrena01,Nate Andrews,RP,Golden Era (1920-1941),69.4,Uncommon,7.4,66.3,45.3,66.7,92.3,59.8,Common,17.1,64.0,49.1,58.4,49.0,9.600000000000009,-9.700000000000001,2.299999999999997,-3.8000000000000043,8.300000000000004,43.3
andrima01,Matt Andriese,RP,Modern Era (2016-Pres),57.9,Common,44.2,73.8,22.8,28.8,37.6,57.3,Common,54.2,71.7,14.9,24.0,31.2,0.6000000000000014,-10.0,2.0999999999999943,7.9,4.800000000000001,6.400000000000002
andujjo01,Joaquin Andujar,SP,Big Hair Era (1977-1993),83.0,Epic,26.2,83.7,55.5,82.3,100.7,76.6,Rare,25.3,67.6,63.2,69.8,87.4,6.400000000000006,0.8999999999999986,16.10000000000001,-7.700000000000003,12.5,13.299999999999997
antonjo02,Johnny Antonelli,SP,Integration (1942-1960),82.7,Epic,61.0,71.0,75.7,37.6,100.9,79.6,Rare,66.5,67.8,68.4,31.1,94.7,3.1000000000000085,-5.5,3.200000000000003,7.299999999999997,6.5,6.200000000000003
apodabo01,Bob Apodaca,RP,Expansion (1961-1976),66.3,Uncommon,34.3,50.5,64.4,71.2,45.0,65.3,Uncommon,39.7,54.5,63.0,67.0,37.3,1.0,-5.400000000000006,-4.0,1.4000000000000057,4.200000000000003,7.700000000000003
apontlu01,Luis Aponte,RP,Big Hair Era (1977-1993),57.9,Common,38.8,58.5,32.2,50.0,27.1,58.7,Common,38.0,64.5,40.5,51.7,25.3,-0.8000000000000043,0.7999999999999972,-6.0,-8.299999999999997,-1.7000000000000028,1.8000000000000007
appieke01,Kevin Appier,SP,Steroid Era (1994-2005),90.9,Legendary,69.0,59.2,83.3,96.1,90.4,89.5,Epic,71.3,63.0,81.5,85.4,86.4,1.4000000000000057,-2.299999999999997,-3.799999999999997,1.7999999999999972,10.699999999999989,4.0
applepe01,Pete Appleton,RP,Golden Era (1920-1941),59.7,Common,35.5,36.2,39.2,53.5,72.6,59.0,Common,38.2,35.5,44.0,57.7,49.6,0.7000000000000028,-2.700000000000003,0.7000000000000028,-4.799999999999997,-4.200000000000003,22.999999999999993
aquinlu01,Luis Aquino,RP,Big Hair Era (1977-1993),66.1,Uncommon,33.7,66.4,23.7,78.3,62.5,60.7,Uncommon,24.6,62.3,36.1,76.3,43.7,5.3999999999999915,9.100000000000001,4.1000000000000085,-12.400000000000002,2.0,18.799999999999997
archech01,Chris Archer,SP,Modern Era (2016-Pres),79.4,Rare,70.3,56.7,56.8,64.5,79.0,75.1,Rare,84.8,58.9,48.4,36.7,76.9,4.300000000000011,-14.5,-2.1999999999999957,8.399999999999999,27.799999999999997,2.0999999999999943
arlinst01,Steve Arlin,SP,Expansion (1961-1976),67.8,Uncommon,52.0,16.7,50.5,79.0,73.4,58.4,Common,44.0,23.4,28.3,58.1,60.6,9.399999999999999,8.0,-6.699999999999999,22.2,20.9,12.800000000000004
armasto02,Tony Armas,SP,Steroid Era (1994-2005),63.8,Uncommon,59.4,28.9,66.0,49.9,51.0,58.9,Common,54.1,25.4,58.8,30.4,54.5,4.899999999999999,5.299999999999997,3.5,7.200000000000003,19.5,-3.5
armstja01,Jack Armstrong,SP,Big Hair Era (1977-1993),57.9,Common,49.3,46.3,29.7,23.0,57.6,56.5,Common,53.6,42.1,29.1,5.5,53.0,1.3999999999999986,-4.300000000000004,4.199999999999996,0.5999999999999979,17.5,4.600000000000001
armstsh01,Shawn Armstrong,RP,Modern Era (2016-Pres),75.3,Rare,51.8,67.9,88.6,74.2,24.4,74.1,Rare,55.4,72.4,80.2,71.1,21.7,1.2000000000000028,-3.6000000000000014,-4.5,8.399999999999991,3.1000000000000085,2.6999999999999993
arredjo01,Jose Arredondo,RP,Efficiency Era (2006-2015),59.8,Common,59.5,24.1,71.8,53.7,29.2,59.9,Common,59.4,31.7,67.6,52.0,28.8,-0.10000000000000142,0.10000000000000142,-7.599999999999998,4.200000000000003,1.7000000000000028,0.3999999999999986
arrieja01,Jake Arrieta,SP,Modern Era (2016-Pres),95.0,Legendary,76.1,70.8,108.9,96.1,83.4,82.3,Epic,60.7,64.5,78.2,71.6,69.1,12.700000000000003,15.399999999999991,6.299999999999997,30.700000000000003,24.5,14.300000000000011
arrigge01,Gerry Arrigo,RP,Expansion (1961-1976),67.5,Uncommon,67.6,36.9,53.2,53.2,59.3,59.2,Common,58.6,32.6,52.5,45.6,38.8,8.299999999999997,8.999999999999993,4.299999999999997,0.7000000000000028,7.600000000000001,20.5
arrojro01,Rolando Arrojo,SP,Steroid Era (1994-2005),60.9,Uncommon,56.0,53.7,32.0,34.3,67.5,61.7,Uncommon,53.0,57.2,36.1,37.5,63.2,-0.8000000000000043,3.0,-3.5,-4.100000000000001,-3.200000000000003,4.299999999999997
arroybr01,Bronson Arroyo,SP,Efficiency Era (2006-2015),62.6,Uncommon,45.4,83.9,17.6,13.5,90.0,66.5,Uncommon,34.3,85.3,35.0,23.8,87.9,-3.8999999999999986,11.100000000000001,-1.3999999999999915,-17.4,-10.3,2.0999999999999943
arroyfe01,Fernando Arroyo,RP,Big Hair Era (1977-1993),56.0,Common,5.0,72.0,5.0,32.9,60.1,55.3,Common,5.0,71.1,14.4,35.1,37.4,0.7000000000000028,0.0,0.9000000000000057,-9.4,-2.200000000000003,22.700000000000003
arroylu01,Luis Arroyo,RP,Integration (1942-1960),62.9,Uncommon,62.4,40.3,66.4,32.3,50.5,59.0,Common,72.8,51.9,47.1,15.8,37.5,3.8999999999999986,-10.399999999999999,-11.600000000000001,19.300000000000004,16.499999999999996,13.0
ashbyan01,Andy Ashby,SP,Steroid Era (1994-2005),76.8,Rare,52.6,76.8,48.2,53.2,83.5,75.9,Rare,45.7,83.6,47.9,50.5,81.9,0.8999999999999915,6.899999999999999,-6.799999999999997,0.30000000000000426,2.700000000000003,1.5999999999999943
assadja01,Javier Assad,SP,Modern Era (2016-Pres),57.1,Common,46.5,32.6,36.2,31.6,47.2,58.4,Common,42.8,42.2,46.2,43.3,41.0,-1.2999999999999972,3.700000000000003,-9.600000000000001,-10.0,-11.699999999999996,6.200000000000003
assenpa01,Paul Assenmacher,RP,Big Hair Era (1977-1993),68.7,Uncommon,80.1,46.6,54.7,52.5,41.4,77.7,Rare,99.7,60.0,67.8,56.5,34.8,-9.0,-19.60000000000001,-13.399999999999999,-13.099999999999994,-4.0,6.600000000000001
astacpe01,Pedro Astacio,SP,Steroid Era (1994-2005),67.9,Uncommon,54.6,61.2,29.9,38.3,87.8,70.8,Rare,61.1,67.5,37.3,38.5,79.4,-2.8999999999999915,-6.5,-6.299999999999997,-7.399999999999999,-0.20000000000000284,8.399999999999991
atchisc01,Scott Atchison,RP,Efficiency Era (2006-2015),65.4,Uncommon,44.2,71.0,55.7,65.3,25.7,62.8,Uncommon,42.7,76.3,52.4,57.1,23.0,2.6000000000000085,1.5,-5.299999999999997,3.3000000000000043,8.199999999999996,2.6999999999999993
atherke01,Keith Atherton,RP,Big Hair Era (1977-1993),57.3,Common,43.1,51.0,56.9,19.4,26.3,56.9,Common,48.4,49.9,46.8,5.1,40.4,0.3999999999999986,-5.299999999999997,1.1000000000000014,10.100000000000001,14.299999999999999,-14.099999999999998
atkinal01,Al Atkinson,SP,The Genesis Era (1871-1900),80.2,Epic,85.7,88.5,53.1,43.3,60.5,81.3,Epic,60.7,68.3,43.3,57.5,108.3,-1.0999999999999943,25.0,20.200000000000003,9.800000000000004,-14.200000000000003,-47.8
augusje01,Jerry Augustine,RP,Big Hair Era (1977-1993),57.6,Common,7.6,55.6,16.4,51.7,70.2,57.4,Common,6.8,61.1,19.9,59.2,50.7,0.20000000000000284,0.7999999999999998,-5.5,-3.5,-7.5,19.5
aukerel01,Elden Auker,SP,Golden Era (1920-1941),61.5,Uncommon,19.6,50.8,18.5,62.0,95.3,59.3,Common,15.4,54.2,18.5,51.5,90.7,2.200000000000003,4.200000000000001,-3.4000000000000057,0.0,10.5,4.599999999999994
averyst01,Steve Avery,SP,Steroid Era (1994-2005),80.1,Epic,31.7,80.9,50.7,75.9,91.3,76.0,Rare,40.3,72.4,53.9,64.7,78.9,4.099999999999994,-8.599999999999998,8.5,-3.1999999999999957,11.200000000000003,12.399999999999991
avilalu01,Luis Avilan,RP,Efficiency Era (2006-2015),70.3,Rare,48.0,48.7,73.9,86.3,24.8,68.0,Uncommon,51.9,49.4,64.8,82.8,23.5,2.299999999999997,-3.8999999999999986,-0.6999999999999957,9.100000000000009,3.5,1.3000000000000007
axforjo01,John Axford,RP,Efficiency Era (2006-2015),71.0,Rare,78.9,38.8,60.0,74.3,32.9,67.4,Uncommon,81.9,25.3,65.2,73.3,24.0,3.5999999999999943,-3.0,13.499999999999996,-5.200000000000003,1.0,8.899999999999999
ayalabo01,Bobby Ayala,RP,Steroid Era (1994-2005),62.9,Uncommon,79.5,42.0,63.6,38.5,28.2,60.1,Uncommon,79.2,39.4,52.1,34.0,35.8,2.799999999999997,0.29999999999999716,2.6000000000000014,11.5,4.5,-7.599999999999998
ayalalu01,Luis Ayala,RP,Efficiency Era (2006-2015),59.9,Common,32.7,88.6,27.6,51.6,38.7,59.8,Common,33.9,86.8,30.1,56.5,31.3,0.10000000000000142,-1.1999999999999957,1.7999999999999972,-2.5,-4.899999999999999,7.400000000000002
aybarma01,Manny Aybar,RP,Steroid Era (1994-2005),56.4,Common,33.1,45.0,47.8,35.0,20.3,56.1,Common,43.0,37.6,34.1,38.2,23.4,0.29999999999999716,-9.899999999999999,7.399999999999999,13.699999999999996,-3.200000000000003,-3.099999999999998
ayersdo01,Doc Ayers,RP,Deadball (1901-1919),74.5,Rare,40.9,70.9,47.5,73.9,69.7,80.6,Epic,45.5,74.6,51.6,82.4,79.7,-6.099999999999994,-4.600000000000001,-3.6999999999999886,-4.100000000000001,-8.5,-10.0
badenbu01,Burke Badenhop,RP,Efficiency Era (2006-2015),60.2,Uncommon,36.1,68.5,29.0,73.0,34.2,60.9,Uncommon,37.0,66.6,29.7,78.1,32.1,-0.6999999999999957,-0.8999999999999986,1.9000000000000057,-0.6999999999999993,-5.099999999999994,2.1000000000000014
baezda01,Danys Baez,RP,Steroid Era (1994-2005),62.4,Uncommon,59.5,30.8,56.2,56.8,46.4,68.5,Uncommon,56.4,49.3,68.7,59.6,40.2,-6.100000000000001,3.1000000000000014,-18.499999999999996,-12.5,-2.8000000000000043,6.199999999999996
baezpe01,Pedro Baez,RP,Modern Era (2016-Pres),59.7,Common,62.8,43.6,61.5,36.4,32.4,69.6,Uncommon,64.2,58.7,81.1,49.8,24.8,-9.899999999999991,-1.4000000000000057,-15.100000000000001,-19.599999999999994,-13.399999999999999,7.599999999999998
bagbyji01,Jim Bagby,SP,Deadball (1901-1919),77.2,Rare,5.0,76.8,35.2,89.3,109.9,70.4,Rare,5.0,83.1,28.4,71.0,94.5,6.799999999999997,0.0,-6.299999999999997,6.800000000000004,18.299999999999997,15.400000000000006
bagbyji02,Jim Bagby,SP,Integration (1942-1960),58.7,Common,5.0,53.5,6.6,64.4,89.9,62.0,Uncommon,5.0,62.5,21.1,74.4,85.0,-3.299999999999997,0.0,-9.0,-14.500000000000002,-10.0,4.900000000000006
bahnsst01,Stan Bahnsen,SP,Expansion (1961-1976),74.0,Rare,31.5,59.1,47.4,68.7,93.3,72.9,Rare,35.2,66.1,46.7,57.0,89.6,1.0999999999999943,-3.700000000000003,-6.999999999999993,0.6999999999999957,11.700000000000003,3.700000000000003
bailean01,Andrew Bailey,RP,Efficiency Era (2006-2015),77.2,Rare,64.6,64.6,90.3,67.8,29.0,71.5,Rare,66.6,63.2,88.7,46.6,22.4,5.700000000000003,-2.0,1.3999999999999915,1.5999999999999943,21.199999999999996,6.600000000000001
bailebi01,Bill Bailey,SP,Deadball (1901-1919),73.1,Rare,97.1,18.8,63.7,57.9,58.1,58.8,Common,78.8,17.9,39.2,48.7,37.4,14.299999999999997,18.299999999999997,0.9000000000000021,24.5,9.199999999999996,20.700000000000003
baileho02,Homer Bailey,SP,Efficiency Era (2006-2015),69.3,Uncommon,70.3,68.6,45.4,35.8,57.6,70.2,Rare,64.3,71.5,40.9,34.8,69.7,-0.9000000000000057,6.0,-2.9000000000000057,4.5,1.0,-12.100000000000001
bailesc01,Scott Bailes,RP,Big Hair Era (1977-1993),55.8,Common,36.6,53.9,16.0,19.3,46.1,55.5,Common,32.7,59.5,16.6,14.5,42.6,0.29999999999999716,3.8999999999999986,-5.600000000000001,-0.6000000000000014,4.800000000000001,3.5
bairdo01,Doug Bair,RP,Big Hair Era (1977-1993),72.9,Rare,73.6,42.3,74.6,61.3,42.6,66.1,Uncommon,72.2,36.1,77.1,39.0,40.4,6.800000000000011,1.3999999999999915,6.199999999999996,-2.5,22.299999999999997,2.200000000000003
bakelje01,Jersey Bakley,SP,The Genesis Era (1871-1900),72.8,Rare,27.0,49.5,43.1,66.5,107.8,69.9,Uncommon,35.9,37.9,28.7,70.1,107.4,2.8999999999999915,-8.899999999999999,11.600000000000001,14.400000000000002,-3.5999999999999943,0.3999999999999915
bakerbr01,Bryan Baker,RP,Modern Era (2016-Pres),59.8,Common,59.4,41.1,52.1,60.6,24.7,62.5,Uncommon,61.7,53.3,59.8,51.0,24.1,-2.700000000000003,-2.3000000000000043,-12.199999999999996,-7.699999999999996,9.600000000000001,0.5999999999999979
bakersc02,Scott Baker,SP,Efficiency Era (2006-2015),70.5,Rare,61.3,83.9,40.3,21.2,75.6,66.3,Uncommon,54.8,90.3,33.6,27.9,58.8,4.200000000000003,6.5,-6.3999999999999915,6.699999999999996,-6.699999999999999,16.799999999999997
baldsja01,Jack Baldschun,RP,Expansion (1961-1976),71.2,Rare,74.2,38.0,51.7,68.3,54.0,67.5,Uncommon,72.7,35.5,43.4,75.5,43.1,3.700000000000003,1.5,2.5,8.300000000000004,-7.200000000000003,10.899999999999999
baldwda01,Dave Baldwin,RP,Expansion (1961-1976),59.6,Common,58.1,53.1,59.7,38.6,24.7,61.7,Uncommon,60.2,48.6,63.4,51.5,23.3,-2.1000000000000014,-2.1000000000000014,4.5,-3.6999999999999957,-12.899999999999999,1.3999999999999986
baldwja01,James Baldwin,SP,Steroid Era (1994-2005),57.5,Common,44.4,53.1,16.9,5.0,80.0,57.9,Common,41.8,55.9,23.9,12.5,73.0,-0.3999999999999986,2.6000000000000014,-2.799999999999997,-7.0,-7.5,7.0
baldwla01,Lady Baldwin,SP,The Genesis Era (1871-1900),93.1,Legendary,77.9,73.1,88.3,72.3,106.5,83.3,Epic,84.8,69.2,76.7,42.6,76.4,9.799999999999997,-6.8999999999999915,3.8999999999999915,11.599999999999994,29.699999999999996,30.099999999999994
baldwma01,Mark Baldwin,SP,The Genesis Era (1871-1900),63.5,Uncommon,33.6,5.0,35.4,56.1,124.2,77.2,Rare,61.1,5.0,61.0,64.4,125.0,-13.700000000000003,-27.5,0.0,-25.6,-8.300000000000004,-0.7999999999999972
balfogr01,Grant Balfour,RP,Efficiency Era (2006-2015),79.5,Rare,75.5,48.0,111.9,60.0,32.5,77.8,Rare,81.6,46.1,105.8,59.1,27.0,1.7000000000000028,-6.099999999999994,1.8999999999999986,6.1000000000000085,0.8999999999999986,5.5
ballaje01,Jeff Ballard,SP,Big Hair Era (1977-1993),57.5,Common,5.0,74.3,5.0,52.1,64.3,54.6,Common,5.0,73.1,5.0,16.6,52.2,2.8999999999999986,0.0,1.2000000000000028,0.0,35.5,12.099999999999994
bandaan01,Anthony Banda,RP,Modern Era (2016-Pres),57.4,Common,47.9,32.1,53.8,40.4,24.4,57.9,Common,45.7,42.3,46.3,51.6,20.7,-0.5,2.1999999999999957,-10.199999999999996,7.5,-11.200000000000003,3.6999999999999993
bankhda01,Dan Bankhead,SP,Integration (1942-1960),78.0,Rare,69.1,62.6,81.2,82.3,25.4,80.5,Epic,80.2,54.5,76.8,89.7,31.6,-2.5,-11.100000000000009,8.100000000000001,4.400000000000006,-7.400000000000006,-6.200000000000003
bankhsc01,Scott Bankhead,SP,Big Hair Era (1977-1993),75.9,Rare,61.0,62.6,64.5,58.0,63.5,64.2,Uncommon,62.8,69.0,53.1,18.9,53.0,11.700000000000003,-1.7999999999999972,-6.399999999999999,11.399999999999999,39.1,10.5
bannibr01,Brian Bannister,SP,Efficiency Era (2006-2015),58.3,Common,21.2,58.7,29.3,48.8,55.6,56.5,Common,25.3,61.4,10.9,24.7,60.5,1.7999999999999972,-4.100000000000001,-2.6999999999999957,18.4,24.099999999999998,-4.899999999999999
bannifl01,Floyd Bannister,SP,Big Hair Era (1977-1993),76.8,Rare,81.5,63.9,55.2,21.3,92.5,70.3,Rare,70.3,65.5,51.3,6.5,87.8,6.5,11.200000000000003,-1.6000000000000014,3.9000000000000057,14.8,4.700000000000003
barbest01,Steve Barber,SP,Expansion (1961-1976),78.9,Rare,53.9,30.1,62.3,89.9,88.8,77.4,Rare,51.2,29.6,74.9,84.6,76.9,1.5,2.6999999999999957,0.5,-12.600000000000009,5.300000000000011,11.899999999999991
bardda01,Daniel Bard,RP,Efficiency Era (2006-2015),79.8,Rare,73.1,45.8,108.9,67.2,34.7,74.1,Rare,77.3,26.9,106.6,65.2,24.5,5.700000000000003,-4.200000000000003,18.9,2.3000000000000114,2.0,10.200000000000003
bargecy01,Cy Barger,SP,Deadball (1901-1919),65.3,Uncommon,15.9,39.1,31.4,86.0,88.9,58.2,Common,18.4,45.8,19.3,64.3,63.8,7.099999999999994,-2.4999999999999982,-6.699999999999996,12.099999999999998,21.700000000000003,25.10000000000001
barkele01,Len Barker,SP,Big Hair Era (1977-1993),81.3,Epic,74.3,52.6,47.9,73.6,89.2,78.5,Rare,73.2,51.2,50.5,74.9,73.1,2.799999999999997,1.0999999999999943,1.3999999999999986,-2.6000000000000014,-1.3000000000000114,16.10000000000001
barlosc01,Scott Barlow,RP,Modern Era (2016-Pres),68.0,Uncommon,75.9,39.8,60.0,60.2,36.5,66.3,Uncommon,79.3,30.2,71.5,56.6,27.7,1.7000000000000028,-3.3999999999999915,9.599999999999998,-11.5,3.6000000000000014,8.8
barneja01,Jacob Barnes,RP,Modern Era (2016-Pres),58.0,Common,51.4,48.2,39.2,42.4,27.4,58.2,Common,50.3,51.0,34.3,54.2,22.6,-0.20000000000000284,1.1000000000000014,-2.799999999999997,4.900000000000006,-11.800000000000004,4.799999999999997
barneje01,Jesse Barnes,SP,Golden Era (1920-1941),68.2,Uncommon,5.0,87.8,20.9,85.0,74.5,85.4,Epic,5.0,110.2,48.5,98.2,100.6,-17.200000000000003,0.0,-22.400000000000006,-27.6,-13.200000000000003,-26.099999999999994
barnema01,Matt Barnes,RP,Modern Era (2016-Pres),66.2,Uncommon,106.7,22.1,64.9,41.4,30.1,66.8,Uncommon,95.4,23.1,68.6,53.3,27.1,-0.5999999999999943,11.299999999999997,-1.0,-3.6999999999999886,-11.899999999999999,3.0
barneve01,Vet Barnes,SP,Golden Era (1920-1941),70.6,Rare,97.2,66.1,65.7,17.8,36.3,75.5,Rare,92.3,66.6,68.0,18.9,62.1,-4.900000000000006,4.900000000000006,-0.5,-2.299999999999997,-1.0999999999999979,-25.800000000000004
barnevi01,Virgil Barnes,SP,Golden Era (1920-1941),71.8,Rare,7.0,77.1,31.7,85.1,88.4,67.5,Uncommon,12.5,83.9,38.1,75.1,60.9,4.299999999999997,-5.5,-6.800000000000011,-6.400000000000002,10.0,27.500000000000007
barnhda01,Dave Barnhill,SP,Integration (1942-1960),83.4,Epic,88.5,73.0,70.9,65.6,52.4,85.0,Epic,79.6,74.2,68.2,70.2,68.4,-1.5999999999999943,8.900000000000006,-1.2000000000000028,2.700000000000003,-4.6000000000000085,-16.000000000000007
barojsa01,Salome Barojas,RP,Big Hair Era (1977-1993),58.7,Common,30.8,37.9,48.4,64.3,38.9,57.4,Common,27.9,33.1,48.6,49.6,39.8,1.3000000000000043,2.900000000000002,4.799999999999997,-0.20000000000000284,14.699999999999996,-0.8999999999999986
barraky01,Kyle Barraclough,RP,Modern Era (2016-Pres),69.4,Uncommon,80.9,5.0,80.6,84.2,27.2,62.0,Uncommon,75.9,5.0,81.2,64.0,22.1,7.400000000000006,5.0,0.0,-0.6000000000000085,20.200000000000003,5.099999999999998
barrbo01,Bob Barr,SP,The Genesis Era (1871-1900),60.2,Uncommon,41.1,5.0,31.2,68.7,94.7,73.4,Rare,53.4,54.4,22.6,65.6,101.0,-13.200000000000003,-12.299999999999997,-49.4,8.599999999999998,3.1000000000000085,-6.299999999999997
barrere01,Red Barrett,SP,Integration (1942-1960),72.6,Rare,5.0,95.2,37.3,76.4,79.4,70.6,Rare,5.0,94.0,37.0,73.5,73.4,2.0,0.0,1.2000000000000028,0.29999999999999716,2.9000000000000057,6.0
barrifr01,Francisco Barrios,SP,Big Hair Era (1977-1993),62.1,Uncommon,26.7,57.8,32.2,49.6,82.1,58.4,Common,22.4,59.9,36.6,47.2,49.0,3.700000000000003,4.300000000000001,-2.1000000000000014,-4.399999999999999,2.3999999999999986,33.099999999999994
barrija01,Jaime Barria,SP,Modern Era (2016-Pres),58.4,Common,34.5,58.6,49.9,31.2,40.1,55.7,Common,37.3,60.6,27.3,5.8,38.6,2.6999999999999957,-2.799999999999997,-2.0,22.599999999999998,25.4,1.5
barrji01,Jim Barr,SP,Expansion (1961-1976),73.2,Rare,5.0,92.4,22.5,80.1,96.4,69.3,Uncommon,5.0,97.3,26.7,60.6,87.9,3.9000000000000057,0.0,-4.8999999999999915,-4.199999999999999,19.499999999999993,8.5
bassan01,Anthony Bass,RP,Modern Era (2016-Pres),59.2,Common,35.4,50.2,56.6,62.9,22.9,61.3,Uncommon,42.5,56.3,64.3,57.8,24.5,-2.0999999999999943,-7.100000000000001,-6.099999999999994,-7.699999999999996,5.100000000000001,-1.6000000000000014
bassich01,Chris Bassitt,SP,Modern Era (2016-Pres),76.5,Rare,66.1,73.4,56.9,37.2,79.3,73.7,Rare,63.0,72.5,55.0,42.9,65.3,2.799999999999997,3.0999999999999943,0.9000000000000057,1.8999999999999986,-5.699999999999996,14.0
bastaan01,Antonio Bastardo,RP,Efficiency Era (2006-2015),71.4,Rare,75.2,31.8,94.7,59.0,26.3,73.3,Rare,95.6,27.1,96.9,51.5,25.7,-1.8999999999999915,-20.39999999999999,4.699999999999999,-2.200000000000003,7.5,0.6000000000000014
batismi01,Miguel Batista,SP,Steroid Era (1994-2005),67.4,Uncommon,48.0,44.8,34.2,64.7,78.1,65.1,Uncommon,38.3,41.7,35.1,66.5,79.0,2.3000000000000114,9.700000000000003,3.0999999999999943,-0.8999999999999986,-1.7999999999999972,-0.9000000000000057
bauerru01,Russ Bauers,SP,Golden Era (1920-1941),81.4,Epic,67.5,29.4,72.7,97.9,71.2,73.0,Rare,66.2,26.9,75.6,85.7,40.5,8.400000000000006,1.2999999999999972,2.5,-2.8999999999999915,12.200000000000003,30.700000000000003
bauertr01,Trevor Bauer,SP,Modern Era (2016-Pres),85.1,Epic,99.6,60.2,97.6,48.1,55.5,75.7,Rare,82.2,51.5,63.8,43.3,68.1,9.399999999999991,17.39999999999999,8.700000000000003,33.8,4.800000000000004,-12.599999999999994
baumafr01,Frank Baumann,RP,Integration (1942-1960),60.6,Uncommon,37.5,54.8,44.2,44.7,61.4,59.7,Common,47.5,54.5,47.7,49.0,38.6,0.8999999999999986,-10.0,0.29999999999999716,-3.5,-4.299999999999997,22.799999999999997
baumgge01,George Baumgardner,SP,Deadball (1901-1919),66.3,Uncommon,40.0,30.2,28.0,77.2,90.2,59.7,Common,44.6,34.2,33.3,60.2,63.8,6.599999999999994,-4.600000000000001,-4.0000000000000036,-5.299999999999997,17.0,26.400000000000006
baumgro01,Ross Baumgarten,SP,Big Hair Era (1977-1993),58.2,Common,21.1,36.4,43.5,46.3,65.1,57.6,Common,25.6,39.3,40.3,48.7,47.9,0.6000000000000014,-4.5,-2.8999999999999986,3.200000000000003,-2.4000000000000057,17.199999999999996
baumgst01,Stan Baumgartner,RP,Golden Era (1920-1941),62.4,Uncommon,16.0,49.0,42.6,86.9,55.3,59.5,Common,23.4,47.4,49.9,80.4,31.4,2.8999999999999986,-7.399999999999999,1.6000000000000014,-7.299999999999997,6.5,23.9
bautife01,Felix Bautista,RP,Modern Era (2016-Pres),78.5,Rare,96.1,32.2,108.7,58.9,26.9,76.7,Rare,82.0,41.3,100.7,61.1,28.7,1.7999999999999972,14.099999999999994,-9.099999999999994,8.0,-2.200000000000003,-1.8000000000000007
bautijo01,Jose Bautista,RP,Big Hair Era (1977-1993),58.1,Common,33.8,77.4,29.6,14.8,55.0,56.9,Common,29.8,84.6,33.1,5.0,38.0,1.2000000000000028,3.9999999999999964,-7.199999999999989,-3.5,9.8,17.0
baynebi01,Bill Bayne,RP,Golden Era (1920-1941),59.9,Common,51.2,24.2,47.9,60.7,55.5,58.2,Common,47.4,22.0,46.7,55.4,40.3,1.6999999999999957,3.8000000000000043,2.1999999999999993,1.1999999999999957,5.300000000000004,15.200000000000003
beardge01,Gene Bearden,RP,Integration (1942-1960),58.4,Common,24.7,17.6,63.5,56.9,52.4,56.6,Common,16.2,6.7,38.4,69.9,53.0,1.7999999999999972,8.5,10.900000000000002,25.1,-13.000000000000007,-0.6000000000000014
beatied01,Ed Beatin,SP,The Genesis Era (1871-1900),57.8,Common,24.9,5.0,22.5,50.8,101.7,57.3,Common,36.1,10.0,36.7,31.1,83.1,0.5,-11.200000000000003,-5.0,-14.200000000000003,19.699999999999996,18.60000000000001
beattji01,Jim Beattie,SP,Big Hair Era (1977-1993),74.3,Rare,56.8,51.0,40.4,70.4,83.1,65.0,Uncommon,40.7,43.3,39.5,69.5,67.3,9.299999999999997,16.099999999999994,7.700000000000003,0.8999999999999986,0.9000000000000057,15.799999999999997
beckbo01,Boom-Boom Beck,RP,Golden Era (1920-1941),61.6,Uncommon,39.8,59.4,43.6,56.7,47.1,60.7,Uncommon,28.6,63.9,40.8,50.3,59.3,0.8999999999999986,11.199999999999996,-4.5,2.8000000000000043,6.400000000000006,-12.199999999999996
beckejo02,Josh Beckett,SP,Efficiency Era (2006-2015),82.8,Epic,77.0,85.0,59.0,40.6,85.6,81.1,Epic,75.4,78.7,59.3,42.1,81.2,1.7000000000000028,1.5999999999999943,6.299999999999997,-0.29999999999999716,-1.5,4.3999999999999915
beckro01,Rod Beck,RP,Steroid Era (1994-2005),80.8,Epic,80.8,90.6,75.1,46.9,41.6,77.3,Rare,75.1,89.7,80.5,38.2,33.6,3.5,5.700000000000003,0.8999999999999915,-5.400000000000006,8.699999999999996,8.0
beckwjo01,Joe Beckwith,RP,Big Hair Era (1977-1993),60.6,Uncommon,65.3,60.4,33.9,40.9,42.0,59.3,Common,67.4,56.3,33.0,42.9,30.1,1.3000000000000043,-2.1000000000000085,4.100000000000001,0.8999999999999986,-2.0,11.899999999999999
bedarer01,Erik Bedard,SP,Efficiency Era (2006-2015),77.5,Rare,83.1,51.8,47.8,57.8,77.3,73.1,Rare,79.0,45.4,53.4,55.5,62.3,4.400000000000006,4.099999999999994,6.399999999999999,-5.600000000000001,2.299999999999997,15.0
bediehu01,Hugh Bedient,SP,Deadball (1901-1919),80.3,Epic,48.4,73.6,26.7,85.3,98.1,77.7,Rare,49.2,74.1,33.2,69.5,93.0,2.5999999999999943,-0.8000000000000043,-0.5,-6.5000000000000036,15.799999999999997,5.099999999999994
bednada01,David Bednar,RP,Modern Era (2016-Pres),70.8,Rare,68.9,56.4,60.4,74.7,23.7,72.4,Rare,79.6,55.3,70.1,62.9,24.1,-1.6000000000000085,-10.699999999999989,1.1000000000000014,-9.699999999999996,11.800000000000004,-0.40000000000000213
bedroca01,Cam Bedrosian,RP,Modern Era (2016-Pres),59.6,Common,56.5,45.2,48.1,56.8,27.6,58.8,Common,59.4,38.0,45.8,55.6,23.1,0.8000000000000043,-2.8999999999999986,7.200000000000003,2.3000000000000043,1.1999999999999957,4.5
bedrost01,Steve Bedrosian,RP,Big Hair Era (1977-1993),76.8,Rare,84.7,44.9,79.4,55.8,49.4,74.2,Rare,81.8,37.4,79.4,50.4,52.4,2.5999999999999943,2.9000000000000057,7.5,0.0,5.399999999999999,-3.0
beebefr01,Fred Beebe,SP,Deadball (1901-1919),81.3,Epic,92.1,9.6,86.7,79.2,70.5,79.1,Rare,57.6,21.8,77.8,88.1,80.8,2.200000000000003,34.49999999999999,-12.200000000000001,8.900000000000006,-8.899999999999991,-10.299999999999997
beeksja01,Jalen Beeks,RP,Modern Era (2016-Pres),58.2,Common,51.4,46.0,34.9,43.0,37.1,58.2,Common,53.9,44.8,30.1,54.4,28.9,0.0,-2.5,1.2000000000000028,4.799999999999997,-11.399999999999999,8.200000000000003
beggsjo01,Joe Beggs,RP,Integration (1942-1960),68.8,Uncommon,7.7,79.1,66.2,67.3,55.4,68.6,Uncommon,7.9,82.0,60.0,86.4,38.4,0.20000000000000284,-0.20000000000000018,-2.9000000000000057,6.200000000000003,-19.10000000000001,17.0
beimejo01,Joe Beimel,RP,Efficiency Era (2006-2015),57.7,Common,22.5,53.3,34.7,64.7,27.3,58.4,Common,20.8,58.7,36.5,73.6,24.8,-0.6999999999999957,1.6999999999999993,-5.400000000000006,-1.7999999999999972,-8.899999999999991,2.5
belchti01,Tim Belcher,SP,Big Hair Era (1977-1993),75.3,Rare,60.2,59.2,45.9,49.1,92.2,74.6,Rare,57.2,60.0,52.6,44.5,88.9,0.7000000000000028,3.0,-0.7999999999999972,-6.700000000000003,4.600000000000001,3.299999999999997
belinbo01,Bo Belinsky,SP,Expansion (1961-1976),62.2,Uncommon,61.5,9.1,63.7,61.5,53.1,58.9,Common,65.2,14.8,56.6,47.6,39.7,3.3000000000000043,-3.700000000000003,-5.700000000000001,7.100000000000001,13.899999999999999,13.399999999999999
belinst01,Stan Belinda,RP,Big Hair Era (1977-1993),70.6,Rare,91.2,44.3,76.4,32.8,38.4,74.2,Rare,91.8,47.0,90.4,35.8,36.3,-3.6000000000000085,-0.5999999999999943,-2.700000000000003,-14.0,-3.0,2.1000000000000014
belisma01,Matt Belisle,RP,Efficiency Era (2006-2015),69.0,Uncommon,56.8,85.9,27.6,69.9,36.3,63.8,Uncommon,52.6,91.2,13.0,57.6,40.8,5.200000000000003,4.199999999999996,-5.299999999999997,14.600000000000001,12.300000000000004,-4.5
belisro01,Ronald Belisario,RP,Efficiency Era (2006-2015),68.2,Uncommon,54.2,43.7,74.9,67.4,32.8,65.8,Uncommon,49.2,52.1,54.8,78.9,28.6,2.4000000000000057,5.0,-8.399999999999999,20.10000000000001,-11.5,4.199999999999996
bellcl01,Cliff Bell,SP,Golden Era (1920-1941),61.1,Uncommon,45.9,88.0,21.8,44.2,44.7,78.9,Rare,39.0,83.6,32.9,76.3,93.0,-17.800000000000004,6.899999999999999,4.400000000000006,-11.099999999999998,-32.099999999999994,-48.3
bellga01,Gary Bell,SP,Expansion (1961-1976),77.4,Rare,64.4,47.4,80.2,44.6,80.8,77.1,Rare,57.7,49.2,77.4,49.9,81.7,0.30000000000001137,6.700000000000003,-1.8000000000000043,2.799999999999997,-5.299999999999997,-0.9000000000000057
bellge01,George Bell,SP,Deadball (1901-1919),82.5,Epic,21.5,64.3,61.4,94.6,103.1,76.7,Rare,27.2,66.3,50.6,80.1,89.5,5.799999999999997,-5.699999999999999,-2.0,10.799999999999997,14.5,13.599999999999994
bellhe01,Heath Bell,RP,Efficiency Era (2006-2015),84.5,Epic,85.1,51.6,86.1,95.6,38.9,79.1,Rare,80.5,62.6,76.8,72.9,33.1,5.400000000000006,4.599999999999994,-11.0,9.299999999999997,22.69999999999999,5.799999999999997
bellhi01,Herman Bell,RP,Golden Era (1920-1941),59.6,Common,20.8,94.8,23.0,43.7,53.4,59.8,Common,21.0,91.5,25.3,56.0,45.2,-0.19999999999999574,-0.1999999999999993,3.299999999999997,-2.3000000000000007,-12.299999999999997,8.199999999999996
bellobr01,Brayan Bello,SP,Modern Era (2016-Pres),59.4,Common,51.0,51.6,24.7,31.8,72.8,59.8,Common,49.6,52.9,27.0,48.6,60.4,-0.3999999999999986,1.3999999999999986,-1.2999999999999972,-2.3000000000000007,-16.8,12.399999999999999
bellro01,Rob Bell,SP,Steroid Era (1994-2005),55.8,Common,32.2,38.3,39.6,5.0,56.6,54.2,Common,36.3,42.4,13.5,5.0,47.2,1.5999999999999943,-4.099999999999994,-4.100000000000001,26.1,0.0,9.399999999999999
bellwi01,William Bell,SP,Golden Era (1920-1941),84.5,Epic,47.6,86.4,74.7,82.1,66.7,94.1,Legendary,49.7,96.7,78.9,96.9,105.0,-9.599999999999994,-2.1000000000000014,-10.299999999999997,-4.200000000000003,-14.800000000000011,-38.3
bendean01,Anthony Bender,RP,Modern Era (2016-Pres),66.3,Uncommon,57.0,48.1,62.6,70.5,27.4,66.0,Uncommon,52.8,52.2,66.3,67.5,25.5,0.29999999999999716,4.200000000000003,-4.100000000000001,-3.6999999999999957,3.0,1.8999999999999986
bendech01,Charles Bender,SP,Deadball (1901-1919),93.1,Legendary,73.6,79.3,72.4,98.8,94.0,95.0,Legendary,73.6,88.0,78.3,102.1,93.4,-1.9000000000000057,0.0,-8.700000000000003,-5.8999999999999915,-3.299999999999997,0.5999999999999943
benesan01,Andy Benes,SP,Big Hair Era (1977-1993),82.5,Epic,82.5,59.7,67.8,47.0,87.9,83.1,Epic,83.0,68.6,62.7,47.0,87.3,-0.5999999999999943,-0.5,-8.899999999999991,5.099999999999994,0.0,0.6000000000000085
bengera01,Ray Benge,SP,Golden Era (1920-1941),66.1,Uncommon,37.6,62.4,24.1,48.8,91.6,61.5,Uncommon,27.5,69.8,18.7,46.4,83.6,4.599999999999994,10.100000000000001,-7.399999999999999,5.400000000000002,2.3999999999999986,8.0
benitar01,Armando Benitez,RP,Steroid Era (1994-2005),86.7,Epic,113.5,30.0,125.0,65.1,36.8,85.2,Epic,121.8,26.2,125.0,52.6,36.1,1.5,-8.299999999999997,3.8000000000000007,0.0,12.499999999999993,0.6999999999999957
bennede01,Dennis Bennett,SP,Expansion (1961-1976),66.5,Uncommon,61.6,62.0,39.9,28.0,74.9,59.4,Common,56.2,64.7,33.1,19.9,57.3,7.100000000000001,5.399999999999999,-2.700000000000003,6.799999999999997,8.100000000000001,17.60000000000001
benoijo01,Joaquin Benoit,RP,Efficiency Era (2006-2015),79.5,Rare,80.2,64.0,91.2,57.6,34.9,81.8,Epic,84.1,64.1,110.8,47.2,34.8,-2.299999999999997,-3.8999999999999915,-0.09999999999999432,-19.599999999999994,10.399999999999999,0.10000000000000142
bensokr01,Kris Benson,SP,Steroid Era (1994-2005),67.2,Uncommon,56.3,55.6,38.1,55.2,63.7,61.5,Uncommon,42.1,60.7,35.7,35.8,71.8,5.700000000000003,14.199999999999996,-5.100000000000001,2.3999999999999986,19.400000000000006,-8.099999999999994
bentlja01,Jack Bentley,SP,Deadball (1901-1919),55.8,Common,40.0,41.0,34.8,5.0,51.2,54.1,Common,35.6,41.3,14.6,5.0,46.7,1.6999999999999957,4.399999999999999,-0.29999999999999716,20.199999999999996,0.0,4.5
bentoal01,Al Benton,RP,Integration (1942-1960),73.9,Rare,30.8,47.7,65.9,77.9,77.3,71.2,Rare,33.4,52.5,60.5,79.1,60.8,2.700000000000003,-2.599999999999998,-4.799999999999997,5.400000000000006,-1.1999999999999886,16.5
bentola01,Larry Benton,SP,Golden Era (1920-1941),70.8,Rare,8.0,73.0,38.0,69.1,96.0,70.4,Rare,15.6,64.7,35.6,76.2,90.1,0.3999999999999915,-7.6,8.299999999999997,2.3999999999999986,-7.1000000000000085,5.900000000000006
bentoru01,Rube Benton,SP,Deadball (1901-1919),72.6,Rare,32.2,60.3,26.0,82.7,91.9,74.4,Rare,32.2,65.9,42.2,74.0,88.0,-1.8000000000000114,0.0,-5.6000000000000085,-16.200000000000003,8.700000000000003,3.9000000000000057
benzjo01,Joe Benz,SP,Deadball (1901-1919),83.1,Epic,39.6,79.3,52.3,79.3,98.1,82.7,Epic,35.4,79.0,60.1,90.6,81.1,0.3999999999999915,4.200000000000003,0.29999999999999716,-7.800000000000004,-11.299999999999997,17.0
bereja01,Jason Bere,SP,Steroid Era (1994-2005),68.9,Uncommon,78.8,13.7,74.2,38.1,71.0,59.6,Common,74.5,14.2,65.8,33.5,47.6,9.300000000000004,4.299999999999997,-0.5,8.400000000000006,4.600000000000001,23.4
berenbr01,Bruce Berenyi,SP,Big Hair Era (1977-1993),76.6,Rare,72.7,5.0,57.2,99.7,78.9,70.8,Rare,74.1,5.0,54.8,97.3,52.7,5.799999999999997,-1.3999999999999915,0.0,2.4000000000000057,2.4000000000000057,26.200000000000003
berenju01,Juan Berenguer,RP,Big Hair Era (1977-1993),68.6,Uncommon,84.6,39.6,65.4,39.5,45.6,72.1,Rare,83.3,24.4,85.6,44.4,52.7,-3.5,1.2999999999999972,15.200000000000003,-20.19999999999999,-4.899999999999999,-7.100000000000001
bergehe01,Heinie Berger,SP,Deadball (1901-1919),87.9,Epic,76.5,64.8,69.8,88.1,78.8,83.1,Epic,72.6,59.9,72.0,75.3,69.2,4.800000000000011,3.9000000000000057,4.899999999999999,-2.200000000000003,12.799999999999997,9.599999999999994
bergmse01,Sean Bergman,SP,Steroid Era (1994-2005),57.2,Common,40.2,59.3,5.0,26.3,64.1,56.7,Common,36.5,61.1,5.0,36.9,47.0,0.5,3.700000000000003,-1.8000000000000043,0.0,-10.599999999999998,17.099999999999994
bernhbi01,Bill Bernhard,SP,Deadball (1901-1919),79.7,Rare,29.6,97.8,47.8,74.0,80.0,76.6,Rare,12.4,95.2,20.3,93.4,92.0,3.1000000000000085,17.200000000000003,2.5999999999999943,27.499999999999996,-19.400000000000006,-12.0
berrijo01,Jose Berrios,SP,Modern Era (2016-Pres),74.2,Rare,74.3,70.9,52.5,26.9,76.6,74.5,Rare,66.6,74.8,55.0,26.1,80.1,-0.29999999999999716,7.700000000000003,-3.8999999999999915,-2.5,0.7999999999999972,-3.5
berryjo03,Joe Berry,RP,Integration (1942-1960),74.4,Rare,35.9,69.8,79.2,72.2,45.2,72.7,Rare,39.9,71.3,74.7,68.8,38.9,1.7000000000000028,-4.0,-1.5,4.5,3.4000000000000057,6.300000000000004
bessedo01,Don Bessent,RP,Integration (1942-1960),59.6,Common,62.1,45.6,67.8,30.9,27.8,59.3,Common,61.6,50.2,56.9,32.4,29.4,0.30000000000000426,0.5,-4.600000000000001,10.899999999999999,-1.5,-1.5999999999999979
betande01,Dellin Betances,RP,Modern Era (2016-Pres),89.2,Epic,114.4,25.2,125.0,82.0,38.9,90.2,Legendary,124.3,34.5,125.0,80.8,26.8,-1.0,-9.899999999999991,-9.3,0.0,1.2000000000000028,12.099999999999998
betanra01,Rafael Betancourt,RP,Efficiency Era (2006-2015),80.2,Epic,72.3,93.0,77.9,54.6,33.2,83.3,Epic,85.5,92.5,88.2,53.8,30.2,-3.0999999999999943,-13.200000000000003,0.5,-10.299999999999997,0.8000000000000043,3.0000000000000036
bettshu01,Huck Betts,RP,Golden Era (1920-1941),60.7,Uncommon,5.0,91.2,23.2,55.3,68.0,63.0,Uncommon,5.0,95.4,25.7,55.6,70.5,-2.299999999999997,0.0,-4.200000000000003,-2.5,-0.30000000000000426,-2.5
bevenbi01,Bill Bevens,SP,Integration (1942-1960),74.1,Rare,37.6,62.0,58.2,71.5,71.6,72.5,Rare,40.8,57.3,57.6,65.7,71.3,1.5999999999999943,-3.1999999999999957,4.700000000000003,0.6000000000000014,5.799999999999997,0.29999999999999716
biagijo01,Joe Biagini,RP,Modern Era (2016-Pres),55.6,Common,43.9,51.2,12.1,36.8,23.8,55.1,Common,43.3,54.6,6.0,29.1,27.8,0.5,0.6000000000000014,-3.3999999999999986,6.1,7.699999999999996,-4.0
bibbyji01,Jim Bibby,SP,Big Hair Era (1977-1993),68.4,Uncommon,62.2,15.1,80.6,50.0,66.0,77.3,Rare,52.8,41.6,71.5,73.5,77.5,-8.899999999999991,9.400000000000006,-26.5,9.099999999999994,-23.5,-11.5
bibeeta01,Tanner Bibee,SP,Modern Era (2016-Pres),71.7,Rare,69.5,68.6,47.4,28.9,74.4,72.9,Rare,62.3,69.2,54.3,39.3,69.5,-1.2000000000000028,7.200000000000003,-0.6000000000000085,-6.899999999999999,-10.399999999999999,4.900000000000006
bickfve01,Vern Bickford,SP,Integration (1942-1960),69.2,Uncommon,30.9,37.0,58.0,64.0,87.1,61.9,Uncommon,31.0,37.8,48.3,61.0,69.5,7.300000000000004,-0.10000000000000142,-0.7999999999999972,9.700000000000003,3.0,17.599999999999994
biebesh01,Shane Bieber,SP,Modern Era (2016-Pres),86.2,Epic,94.2,94.7,66.6,38.6,73.6,80.5,Epic,85.3,92.6,55.3,42.0,57.8,5.700000000000003,8.900000000000006,2.1000000000000085,11.299999999999997,-3.3999999999999986,15.799999999999997
bielemi01,Mike Bielecki,SP,Big Hair Era (1977-1993),71.3,Rare,67.8,43.8,57.2,60.7,57.1,64.0,Uncommon,53.6,50.6,42.2,56.7,52.9,7.299999999999997,14.199999999999996,-6.800000000000004,15.0,4.0,4.200000000000003
billich01,Chad Billingsley,SP,Efficiency Era (2006-2015),77.7,Rare,77.5,39.2,47.1,75.6,79.3,74.5,Rare,68.1,37.3,47.7,75.3,74.5,3.200000000000003,9.400000000000006,1.9000000000000057,-0.6000000000000014,0.29999999999999716,4.799999999999997
billija01,Jack Billingham,SP,Expansion (1961-1976),68.7,Uncommon,28.1,51.2,47.0,71.1,77.6,74.7,Rare,34.8,64.6,44.4,76.5,83.3,-6.0,-6.699999999999996,-13.399999999999991,2.6000000000000014,-5.400000000000006,-5.700000000000003
birddo01,Doug Bird,RP,Big Hair Era (1977-1993),61.5,Uncommon,57.0,64.5,38.3,45.1,41.1,69.2,Uncommon,49.6,84.6,38.5,51.0,53.4,-7.700000000000003,7.399999999999999,-20.099999999999994,-0.20000000000000284,-5.899999999999999,-12.299999999999997
bithohi01,Hiram Bithorn,RP,Integration (1942-1960),70.7,Rare,26.5,77.7,41.9,84.1,53.1,68.4,Uncommon,28.8,64.7,38.4,82.9,59.2,2.299999999999997,-2.3000000000000007,13.0,3.5,1.1999999999999886,-6.100000000000001
blackbu02,Buddy Black,SP,Big Hair Era (1977-1993),73.5,Rare,26.8,78.3,56.5,51.1,85.0,71.2,Rare,27.7,81.0,52.6,43.7,80.9,2.299999999999997,-0.8999999999999986,-2.700000000000003,3.8999999999999986,7.399999999999999,4.099999999999994
blackdo01,Don Black,SP,Integration (1942-1960),62.7,Uncommon,22.5,23.2,45.1,77.2,82.8,58.5,Common,23.9,21.0,37.5,73.3,61.1,4.200000000000003,-1.3999999999999986,2.1999999999999993,7.600000000000001,3.9000000000000057,21.699999999999996
blackew01,Ewell Blackwell,SP,Integration (1942-1960),89.5,Epic,76.3,43.2,83.4,86.1,98.6,85.3,Epic,74.9,42.0,76.9,87.5,80.8,4.200000000000003,1.3999999999999915,1.2000000000000028,6.5,-1.4000000000000057,17.799999999999997
blackjo02,Joe Black,RP,Integration (1942-1960),85.9,Epic,70.3,61.6,89.0,85.8,58.9,75.5,Rare,62.3,62.2,68.7,66.5,47.9,10.400000000000006,8.0,-0.6000000000000014,20.299999999999997,19.299999999999997,11.0
blackni01,Nick Blackburn,SP,Efficiency Era (2006-2015),57.7,Common,12.9,83.4,5.0,22.5,80.1,56.0,Common,10.7,86.7,6.0,9.9,62.2,1.7000000000000028,2.200000000000001,-3.299999999999997,-1.0,12.6,17.89999999999999
blackpa01,Paul Blackburn,SP,Modern Era (2016-Pres),56.9,Common,39.7,55.9,7.6,41.5,44.5,56.0,Common,37.4,65.3,5.9,37.3,29.8,0.8999999999999986,2.3000000000000043,-9.399999999999999,1.6999999999999993,4.200000000000003,14.7
blaehge01,George Blaeholder,SP,Golden Era (1920-1941),57.0,Common,18.5,67.9,9.5,24.2,71.2,56.5,Common,9.8,75.6,5.0,6.9,86.2,0.5,8.7,-7.699999999999989,4.5,17.299999999999997,-15.0
blairwi01,Willie Blair,RP,Steroid Era (1994-2005),58.6,Common,27.7,74.3,8.5,40.3,67.4,58.1,Common,30.8,72.7,16.5,28.5,60.8,0.5,-3.1000000000000014,1.5999999999999943,-8.0,11.799999999999997,6.6000000000000085
blakesh01,Sheriff Blake,SP,Golden Era (1920-1941),74.5,Rare,26.9,28.6,49.4,107.2,90.8,63.2,Uncommon,30.9,20.2,34.3,82.5,85.2,11.299999999999997,-4.0,8.400000000000002,15.100000000000001,24.700000000000003,5.599999999999994
blancro01,Ronel Blanco,SP,Modern Era (2016-Pres),59.0,Common,61.1,30.5,77.2,12.2,43.7,59.3,Common,56.1,37.8,76.3,25.5,34.7,-0.29999999999999716,5.0,-7.299999999999997,0.9000000000000057,-13.3,9.0
blandfr01,Fred Blanding,SP,Deadball (1901-1919),59.1,Common,22.4,48.3,7.0,59.8,89.9,58.9,Common,29.0,47.0,16.4,58.2,73.5,0.20000000000000284,-6.600000000000001,1.2999999999999972,-9.399999999999999,1.5999999999999943,16.400000000000006
blankte01,Ted Blankenship,SP,Golden Era (1920-1941),69.7,Uncommon,23.7,58.8,49.8,64.9,82.1,59.9,Common,11.6,48.5,27.1,71.8,80.9,9.800000000000004,12.1,10.299999999999997,22.699999999999996,-6.8999999999999915,1.1999999999999886
blantcy01,Cy Blanton,SP,Golden Era (1920-1941),90.3,Legendary,70.4,80.3,55.2,91.0,96.1,79.3,Rare,60.6,78.7,47.7,64.3,75.9,11.0,9.800000000000004,1.5999999999999943,7.5,26.700000000000003,20.19999999999999
blantjo01,Joe Blanton,SP,Efficiency Era (2006-2015),71.9,Rare,35.9,78.4,44.9,54.4,76.2,65.7,Uncommon,38.0,78.4,25.9,45.5,75.1,6.200000000000003,-2.1000000000000014,0.0,19.0,8.899999999999999,1.1000000000000085
blasiwa01,Wade Blasingame,RP,Expansion (1961-1976),58.5,Common,41.1,24.2,40.8,45.9,63.9,57.4,Common,43.3,32.3,40.3,43.4,39.4,1.1000000000000014,-2.1999999999999957,-8.099999999999998,0.5,2.5,24.5
blassst01,Steve Blass,SP,Expansion (1961-1976),77.5,Rare,34.3,70.1,48.2,70.8,94.5,72.3,Rare,38.3,65.6,41.2,65.6,80.7,5.200000000000003,-4.0,4.5,7.0,5.200000000000003,13.799999999999997
bleieri01,Richard Bleier,RP,Modern Era (2016-Pres),59.0,Common,16.9,85.4,26.5,70.9,25.7,59.6,Common,16.8,95.2,19.0,81.0,23.6,-0.6000000000000014,0.09999999999999787,-9.799999999999997,7.5,-10.099999999999994,2.099999999999998
blevije01,Jerry Blevins,RP,Efficiency Era (2006-2015),63.2,Uncommon,72.7,41.2,66.0,47.1,26.1,65.3,Uncommon,72.7,50.3,70.1,43.9,24.6,-2.0999999999999943,0.0,-9.099999999999994,-4.099999999999994,3.200000000000003,1.5
bluevi01,Vida Blue,SP,Big Hair Era (1977-1993),95.4,Legendary,68.6,84.0,83.7,97.1,105.9,90.2,Legendary,57.0,76.1,76.7,83.9,98.1,5.200000000000003,11.599999999999994,7.900000000000006,7.0,13.199999999999989,7.800000000000011
blylebe01,Bert Blyleven,SP,Expansion (1961-1976),92.1,Legendary,79.1,83.2,59.4,82.6,104.6,92.1,Legendary,78.8,87.3,62.6,75.6,105.0,0.0,0.29999999999999716,-4.099999999999994,-3.200000000000003,7.0,-0.4000000000000057
bochtdo01,Doug Bochtler,RP,Steroid Era (1994-2005),59.6,Common,65.4,5.0,76.1,60.3,28.6,56.5,Common,58.0,6.0,66.7,29.1,24.2,3.1000000000000014,7.400000000000006,-1.0,9.399999999999991,31.199999999999996,4.400000000000002
boddimi01,Mike Boddicker,SP,Big Hair Era (1977-1993),72.3,Rare,41.7,63.1,46.8,51.4,88.4,75.9,Rare,46.8,67.5,52.5,53.0,89.9,-3.6000000000000085,-5.099999999999994,-4.399999999999999,-5.700000000000003,-1.6000000000000014,-1.5
boehljo01,Joe Boehling,SP,Deadball (1901-1919),70.9,Rare,50.9,15.8,52.5,74.5,90.7,62.9,Uncommon,45.6,21.2,50.3,73.8,60.9,8.000000000000007,5.299999999999997,-5.399999999999999,2.200000000000003,0.7000000000000028,29.800000000000004
boehrbr01,Brian Boehringer,RP,Steroid Era (1994-2005),60.9,Uncommon,58.0,35.0,54.6,59.2,37.0,59.5,Common,63.7,29.4,55.3,53.1,31.4,1.3999999999999986,-5.700000000000003,5.600000000000001,-0.6999999999999957,6.100000000000001,5.600000000000001
boevejo01,Joe Boever,RP,Big Hair Era (1977-1993),56.4,Common,58.5,20.8,46.0,28.6,28.3,59.6,Common,58.2,28.3,58.0,53.0,37.4,-3.200000000000003,0.29999999999999716,-7.5,-12.0,-24.4,-9.099999999999998
boggsmi01,Mitchell Boggs,RP,Efficiency Era (2006-2015),62.5,Uncommon,46.4,53.3,51.5,65.3,33.6,57.3,Common,41.6,35.1,33.9,59.7,26.7,5.200000000000003,4.799999999999997,18.199999999999996,17.6,5.599999999999994,6.900000000000002
bohanbr01,Brian Bohanon,SP,Steroid Era (1994-2005),58.9,Common,38.8,40.4,52.8,39.1,51.8,57.7,Common,35.8,40.7,25.4,42.8,58.3,1.1999999999999957,3.0,-0.30000000000000426,27.4,-3.6999999999999957,-6.5
bolanbe01,Bernie Boland,SP,Deadball (1901-1919),71.7,Rare,18.9,42.0,61.4,76.5,89.6,67.6,Uncommon,25.9,24.2,68.2,83.8,68.7,4.1000000000000085,-7.0,17.8,-6.800000000000004,-7.299999999999997,20.89999999999999
bolinbo01,Bobby Bolin,RP,Expansion (1961-1976),82.6,Epic,63.3,65.9,92.5,42.2,81.6,77.7,Rare,71.5,55.2,90.5,40.5,61.3,4.8999999999999915,-8.200000000000003,10.700000000000003,2.0,1.7000000000000028,20.299999999999997
boltoto01,Tom Bolton,RP,Big Hair Era (1977-1993),59.1,Common,46.6,36.1,24.2,78.7,41.5,55.9,Common,49.7,32.6,5.0,49.3,37.4,3.200000000000003,-3.1000000000000014,3.5,19.2,29.400000000000006,4.100000000000001
bondeje01,Jeremy Bonderman,SP,Efficiency Era (2006-2015),68.2,Uncommon,68.0,58.3,25.7,37.3,83.8,59.3,Common,58.0,58.2,23.0,32.2,59.3,8.900000000000006,10.0,0.09999999999999432,2.6999999999999993,5.099999999999994,24.5
bondto01,Tommy Bond,SP,The Genesis Era (1871-1900),91.7,Legendary,8.8,125.0,27.3,118.9,125.0,92.2,Legendary,5.0,125.0,38.8,116.0,125.0,-0.5,3.8000000000000007,0.0,-11.499999999999996,2.9000000000000057,0.0
bonesri01,Ricky Bones,SP,Steroid Era (1994-2005),57.0,Common,7.2,53.9,26.1,39.7,64.6,55.7,Common,5.9,61.1,16.9,20.0,66.3,1.2999999999999972,1.2999999999999998,-7.200000000000003,9.200000000000003,19.700000000000003,-1.7000000000000028
bonhabi01,Bill Bonham,SP,Expansion (1961-1976),72.4,Rare,66.2,31.8,34.6,73.7,85.9,68.0,Uncommon,54.4,38.8,29.2,74.4,75.4,4.400000000000006,11.800000000000004,-6.9999999999999964,5.400000000000002,-0.7000000000000028,10.5
bonhati01,Tiny Bonham,SP,Integration (1942-1960),83.9,Epic,14.0,111.1,68.4,80.0,80.4,76.7,Rare,8.7,112.9,48.8,65.8,77.8,7.200000000000003,5.300000000000001,-1.8000000000000114,19.60000000000001,14.200000000000003,2.6000000000000085
boonele01,Lefty Boone,SP,Integration (1942-1960),57.1,Common,70.5,33.6,41.7,31.8,15.7,68.1,Uncommon,103.4,24.6,45.1,70.3,29.2,-10.999999999999993,-32.900000000000006,9.0,-3.3999999999999986,-38.5,-13.5
borbope01,Pedro Borbon,RP,Expansion (1961-1976),61.4,Uncommon,11.1,87.8,5.0,84.2,57.7,63.7,Uncommon,13.8,91.7,10.2,83.0,56.3,-2.3000000000000043,-2.700000000000001,-3.9000000000000057,-5.199999999999999,1.2000000000000028,1.4000000000000057
borbope02,Pedro Borbon,RP,Steroid Era (1994-2005),62.2,Uncommon,49.7,56.6,68.9,49.3,24.3,60.2,Uncommon,60.4,48.4,66.5,44.1,21.4,2.0,-10.699999999999996,8.200000000000003,2.4000000000000057,5.199999999999996,2.900000000000002
borlato02,Toby Borland,RP,Steroid Era (1994-2005),59.1,Common,46.5,33.6,42.1,81.3,22.9,59.4,Common,56.3,32.5,54.4,65.7,22.1,-0.29999999999999716,-9.799999999999997,1.1000000000000014,-12.299999999999997,15.599999999999994,0.7999999999999972
borowha01,Hank Borowy,SP,Integration (1942-1960),74.8,Rare,23.9,48.9,70.7,84.9,75.6,76.2,Rare,26.7,62.3,57.2,77.1,88.2,-1.4000000000000057,-2.8000000000000007,-13.399999999999999,13.5,7.800000000000011,-12.600000000000009
borowjo01,Joe Borowski,RP,Steroid Era (1994-2005),71.8,Rare,75.2,56.4,65.4,53.4,38.9,66.5,Uncommon,61.8,55.6,70.7,53.9,24.2,5.299999999999997,13.400000000000006,0.7999999999999972,-5.299999999999997,-0.5,14.7
bosioch01,Chris Bosio,SP,Big Hair Era (1977-1993),79.8,Rare,46.4,91.8,41.8,58.1,91.6,74.7,Rare,50.1,82.9,34.0,53.5,83.3,5.099999999999994,-3.700000000000003,8.899999999999991,7.799999999999997,4.600000000000001,8.299999999999997
boskish01,Shawn Boskie,SP,Steroid Era (1994-2005),55.3,Common,37.7,59.1,7.2,5.0,55.0,55.5,Common,39.4,61.3,8.6,5.0,52.3,-0.20000000000000284,-1.6999999999999957,-2.1999999999999957,-1.3999999999999995,0.0,2.700000000000003
bosmadi01,Dick Bosman,SP,Expansion (1961-1976),77.7,Rare,35.6,80.0,62.0,70.1,71.3,69.4,Uncommon,23.3,88.3,44.6,49.9,71.7,8.299999999999997,12.3,-8.299999999999997,17.4,20.199999999999996,-0.4000000000000057
bosweda01,Dave Boswell,SP,Expansion (1961-1976),84.8,Epic,90.5,31.6,91.6,55.9,89.5,76.4,Rare,86.0,31.4,93.7,36.3,65.0,8.399999999999991,4.5,0.20000000000000284,-2.1000000000000085,19.6,24.5
bottari01,Ricky Bottalico,RP,Steroid Era (1994-2005),75.8,Rare,87.8,31.3,94.0,58.2,38.2,71.7,Rare,80.4,32.1,94.8,50.0,31.5,4.099999999999994,7.3999999999999915,-0.8000000000000007,-0.7999999999999972,8.200000000000003,6.700000000000003
botteke01,Kent Bottenfield,RP,Steroid Era (1994-2005),54.9,Common,38.9,28.6,18.3,14.9,56.3,57.9,Common,43.2,40.8,37.3,37.0,48.0,-3.0,-4.300000000000004,-12.199999999999996,-18.999999999999996,-22.1,8.299999999999997
boutoji01,Jim Bouton,SP,Expansion (1961-1976),73.2,Rare,32.0,71.4,70.3,33.7,88.8,67.5,Uncommon,39.3,62.4,67.5,37.8,63.4,5.700000000000003,-7.299999999999997,9.000000000000007,2.799999999999997,-4.099999999999994,25.4
bowmabo01,Bob Bowman,RP,Golden Era (1920-1941),62.3,Uncommon,50.7,45.9,67.4,39.3,46.0,58.9,Common,49.5,46.5,58.1,23.0,46.7,3.3999999999999986,1.2000000000000028,-0.6000000000000014,9.300000000000004,16.299999999999997,-0.7000000000000028
bowmajo01,Joe Bowman,SP,Golden Era (1920-1941),55.5,Common,42.1,36.4,29.1,21.3,38.2,57.6,Common,31.2,60.9,17.1,32.3,60.7,-2.1000000000000014,10.900000000000002,-24.5,12.0,-10.999999999999996,-22.5
bowmama01,Matthew Bowman,RP,Modern Era (2016-Pres),58.1,Common,31.0,51.0,41.3,64.3,21.7,58.0,Common,37.3,55.4,37.2,57.3,21.9,0.10000000000000142,-6.299999999999997,-4.399999999999999,4.099999999999994,7.0,-0.1999999999999993
bowsfte01,Ted Bowsfield,RP,Expansion (1961-1976),56.4,Common,30.8,44.4,17.9,34.9,53.5,56.0,Common,29.4,46.3,14.4,39.4,45.8,0.3999999999999986,1.4000000000000021,-1.8999999999999986,3.4999999999999982,-4.5,7.700000000000003
boxbebr01,Brad Boxberger,RP,Modern Era (2016-Pres),71.4,Rare,84.3,45.3,85.8,39.3,32.2,68.1,Uncommon,82.1,39.3,86.3,41.7,23.3,3.3000000000000114,2.200000000000003,6.0,-0.5,-2.4000000000000057,8.900000000000002
boydma01,Matt Boyd,SP,Modern Era (2016-Pres),70.3,Rare,76.5,75.0,46.1,5.0,79.0,60.9,Uncommon,64.6,70.3,38.7,12.9,57.1,9.399999999999999,11.900000000000006,4.700000000000003,7.399999999999999,-7.9,21.9
boydoi01,Oil Can Boyd,SP,Big Hair Era (1977-1993),67.7,Uncommon,41.9,86.1,33.7,17.1,92.2,66.3,Uncommon,43.6,85.4,33.4,25.6,77.4,1.4000000000000057,-1.7000000000000028,0.6999999999999886,0.30000000000000426,-8.5,14.799999999999997
boyerbl01,Blaine Boyer,RP,Efficiency Era (2006-2015),57.7,Common,23.7,58.4,23.2,69.8,28.1,58.5,Common,26.7,60.5,25.2,79.6,23.9,-0.7999999999999972,-3.0,-2.1000000000000014,-2.0,-9.799999999999997,4.200000000000003
boylehe01,Henry Boyle,SP,The Genesis Era (1871-1900),65.2,Uncommon,13.1,68.0,20.9,50.2,109.0,79.8,Rare,28.1,78.2,52.4,64.4,106.5,-14.599999999999994,-15.000000000000002,-10.200000000000003,-31.5,-14.200000000000003,2.5
brachbr01,Brad Brach,RP,Modern Era (2016-Pres),70.3,Rare,69.2,40.5,77.8,56.2,37.7,65.2,Uncommon,68.1,32.5,76.0,53.7,30.7,5.099999999999994,1.1000000000000085,8.0,1.7999999999999972,2.5,7.0000000000000036
bradeda01,Dallas Braden,SP,Efficiency Era (2006-2015),60.8,Uncommon,26.3,72.6,24.4,58.4,61.5,59.4,Common,30.8,72.8,25.0,56.1,47.1,1.3999999999999986,-4.5,-0.20000000000000284,-0.6000000000000014,2.299999999999997,14.399999999999999
bradfch01,Chad Bradford,RP,Efficiency Era (2006-2015),58.0,Common,27.1,54.9,42.6,59.2,24.1,70.1,Rare,38.8,84.9,39.4,88.8,28.5,-12.099999999999994,-11.699999999999996,-30.000000000000007,3.200000000000003,-29.599999999999994,-4.399999999999999
bradiky01,Kyle Bradish,SP,Modern Era (2016-Pres),76.7,Rare,71.3,63.9,72.5,65.9,40.0,71.6,Rare,65.4,60.9,62.7,55.8,43.5,5.1000000000000085,5.8999999999999915,3.0,9.799999999999997,10.100000000000009,-3.5
bradlar01,Archie Bradley,RP,Modern Era (2016-Pres),59.6,Common,71.3,30.1,26.0,60.9,46.2,59.6,Common,63.6,38.8,36.8,62.6,33.1,0.0,7.699999999999996,-8.699999999999996,-10.799999999999997,-1.7000000000000028,13.100000000000001
bradlfr02,Frank Bradley,SP,Golden Era (1920-1941),87.4,Epic,122.3,59.1,91.8,68.7,32.9,91.2,Legendary,123.3,65.9,91.5,74.2,46.1,-3.799999999999997,-1.0,-6.800000000000004,0.29999999999999716,-5.5,-13.200000000000003
bradlge01,George Bradley,SP,The Genesis Era (1871-1900),94.6,Legendary,5.0,125.0,59.2,118.2,124.6,91.8,Legendary,5.0,125.0,45.3,106.5,125.0,2.799999999999997,0.0,0.0,13.900000000000006,11.700000000000003,-0.4000000000000057
bradlto01,Tom Bradley,SP,Expansion (1961-1976),81.8,Epic,64.5,78.1,43.4,56.1,98.8,70.3,Rare,59.2,70.9,33.8,51.5,66.2,11.5,5.299999999999997,7.199999999999989,9.600000000000001,4.600000000000001,32.599999999999994
brancra01,Ralph Branca,SP,Integration (1942-1960),73.3,Rare,56.5,49.7,64.5,32.3,93.8,70.1,Rare,57.8,42.0,71.5,34.5,74.9,3.200000000000003,-1.2999999999999972,7.700000000000003,-7.0,-2.200000000000003,18.89999999999999
brandbu01,Darrell Brandon,RP,Expansion (1961-1976),58.5,Common,46.6,21.1,43.7,52.1,54.0,57.2,Common,46.1,26.6,45.4,34.4,41.7,1.2999999999999972,0.5,-5.5,-1.6999999999999957,17.700000000000003,12.299999999999997
branded01,Ed Brandt,SP,Golden Era (1920-1941),82.2,Epic,37.7,70.9,60.0,75.6,98.9,77.1,Rare,37.1,68.9,53.6,63.3,92.9,5.1000000000000085,0.6000000000000014,2.0,6.399999999999999,12.299999999999997,6.0
brantje01,Jeff Brantley,RP,Steroid Era (1994-2005),70.7,Rare,64.2,34.6,72.7,70.3,41.7,73.2,Rare,70.5,41.5,91.8,56.7,35.8,-2.5,-6.299999999999997,-6.899999999999999,-19.099999999999994,13.599999999999994,5.900000000000006
brasiry01,Ryan Brasier,RP,Modern Era (2016-Pres),64.4,Uncommon,38.7,58.7,68.8,70.3,21.2,64.6,Uncommon,50.5,60.4,68.3,57.9,21.4,-0.19999999999998863,-11.799999999999997,-1.6999999999999957,0.5,12.399999999999999,-0.1999999999999993
braxtga01,Garland Braxton,RP,Golden Era (1920-1941),87.1,Epic,59.6,86.5,75.0,85.1,66.8,73.1,Rare,47.9,78.8,42.4,71.5,55.3,14.0,11.700000000000003,7.700000000000003,32.6,13.599999999999994,11.5
braybi01,Bill Bray,RP,Efficiency Era (2006-2015),58.4,Common,57.0,42.9,37.0,54.3,23.2,58.7,Common,57.1,40.5,48.6,51.5,22.0,-0.30000000000000426,-0.10000000000000142,2.3999999999999986,-11.600000000000001,2.799999999999997,1.1999999999999993
brazlal01,Al Brazle,RP,Integration (1942-1960),65.3,Uncommon,33.6,65.9,28.3,55.5,78.3,66.4,Uncommon,25.8,61.2,40.2,70.8,67.8,-1.1000000000000085,7.800000000000001,4.700000000000003,-11.900000000000002,-15.299999999999997,10.5
brebbjo01,John Brebbia,RP,Modern Era (2016-Pres),61.9,Uncommon,55.8,61.6,46.1,52.1,32.1,61.4,Uncommon,68.9,64.6,48.1,38.5,25.4,0.5,-13.100000000000009,-2.999999999999993,-2.0,13.600000000000001,6.700000000000003
brechha01,Harry Brecheen,SP,Integration (1942-1960),92.2,Legendary,57.3,84.2,78.1,105.6,85.0,86.5,Epic,42.0,85.8,69.6,87.6,84.4,5.700000000000003,15.299999999999997,-1.5999999999999943,8.5,18.0,0.5999999999999943
breinfr01,Fred Breining,RP,Big Hair Era (1977-1993),66.7,Uncommon,43.9,51.3,33.6,73.6,64.5,65.4,Uncommon,45.7,54.3,44.9,73.3,43.6,1.2999999999999972,-1.8000000000000043,-3.0,-11.299999999999997,0.29999999999999716,20.9
breitte01,Theodore Breitenstein,SP,The Genesis Era (1871-1900),71.9,Rare,28.7,30.4,43.6,61.7,125.0,78.5,Rare,30.0,44.1,50.7,80.8,117.5,-6.599999999999994,-1.3000000000000007,-13.700000000000003,-7.100000000000001,-19.099999999999994,7.5
bremeeu01,Eugene Bremer,SP,Golden Era (1920-1941),77.0,Rare,61.6,73.8,70.5,75.3,34.2,81.4,Epic,61.4,74.9,72.0,78.2,51.7,-4.400000000000006,0.20000000000000284,-1.1000000000000085,-1.5,-2.9000000000000057,-17.5
breslcr01,Craig Breslow,RP,Efficiency Era (2006-2015),61.1,Uncommon,33.8,52.0,62.6,74.0,22.1,64.2,Uncommon,49.8,53.4,69.7,52.8,31.3,-3.1000000000000014,-16.0,-1.3999999999999986,-7.100000000000001,21.200000000000003,-9.2
brettke01,Ken Brett,SP,Expansion (1961-1976),64.7,Uncommon,28.0,49.2,44.7,73.8,63.3,65.3,Uncommon,34.2,58.6,38.0,59.8,70.9,-0.5999999999999943,-6.200000000000003,-9.399999999999999,6.700000000000003,14.0,-7.6000000000000085
brewebi01,Billy Brewer,RP,Steroid Era (1994-2005),58.4,Common,41.2,39.4,73.1,40.4,21.6,56.6,Common,49.3,32.7,53.1,29.0,20.1,1.7999999999999972,-8.099999999999994,6.699999999999996,19.999999999999993,11.399999999999999,1.5
brewech02,Chet Brewer,SP,Golden Era (1920-1941),87.8,Epic,62.5,59.8,86.0,105.3,63.7,88.3,Epic,61.1,64.5,82.9,84.6,87.5,-0.5,1.3999999999999986,-4.700000000000003,3.0999999999999943,20.700000000000003,-23.799999999999997
breweji01,Jim Brewer,RP,Expansion (1961-1976),80.3,Epic,70.0,61.8,99.8,57.6,42.7,83.0,Epic,80.1,53.6,100.8,73.4,40.4,-2.700000000000003,-10.099999999999994,8.199999999999996,-1.0,-15.800000000000004,2.3000000000000043
breweto01,Tom Brewer,SP,Integration (1942-1960),72.2,Rare,53.3,36.4,53.3,54.6,93.7,64.4,Uncommon,45.2,39.4,42.6,47.7,82.9,7.799999999999997,8.099999999999994,-3.0,10.699999999999996,6.899999999999999,10.799999999999997
bridgma01,Marshall Bridges,RP,Expansion (1961-1976),58.7,Common,77.9,35.3,50.1,32.9,23.8,58.6,Common,81.3,11.5,52.2,47.8,24.9,0.10000000000000142,-3.3999999999999915,23.799999999999997,-2.1000000000000014,-14.899999999999999,-1.0999999999999979
bridgto01,Tommy Bridges,SP,Golden Era (1920-1941),79.3,Rare,78.1,32.9,66.7,50.5,98.6,82.9,Epic,81.5,32.4,83.7,57.7,92.5,-3.6000000000000085,-3.4000000000000057,0.5,-17.0,-7.200000000000003,6.099999999999994
briggbu01,Buttons Briggs,SP,The Genesis Era (1871-1900),86.6,Epic,71.6,46.9,78.6,84.3,88.6,79.0,Rare,68.9,46.0,59.4,74.0,77.2,7.599999999999994,2.6999999999999886,0.8999999999999986,19.199999999999996,10.299999999999997,11.399999999999991
brilene01,Nelson Briles,SP,Expansion (1961-1976),71.0,Rare,26.2,86.6,29.9,58.9,83.5,73.4,Rare,35.7,86.8,32.1,59.6,82.8,-2.4000000000000057,-9.500000000000004,-0.20000000000000284,-2.200000000000003,-0.7000000000000028,0.7000000000000028
brisslo01,Lou Brissie,RP,Integration (1942-1960),64.2,Uncommon,47.5,16.3,42.7,69.8,80.6,59.6,Common,45.3,19.3,48.7,63.0,59.3,4.600000000000001,2.200000000000003,-3.0,-6.0,6.799999999999997,21.299999999999997
brittge01,George Britt,SP,Golden Era (1920-1941),71.1,Rare,65.4,56.1,46.8,81.8,35.5,77.8,Rare,66.2,60.0,60.6,79.7,52.9,-6.700000000000003,-0.7999999999999972,-3.8999999999999986,-13.800000000000004,2.0999999999999943,-17.4
brittza01,Zack Britton,RP,Modern Era (2016-Pres),79.3,Rare,50.0,48.5,103.3,90.9,34.1,80.1,Epic,54.4,51.7,99.6,98.9,26.2,-0.7999999999999972,-4.399999999999999,-3.200000000000003,3.700000000000003,-8.0,7.900000000000002
brobepe01,Pete Broberg,SP,Expansion (1961-1976),57.1,Common,37.1,22.1,38.3,37.1,58.8,57.6,Common,39.0,14.3,35.1,51.1,61.4,-0.5,-1.8999999999999986,7.800000000000001,3.1999999999999957,-14.0,-2.6000000000000014
brocado01,Doug Brocail,RP,Steroid Era (1994-2005),71.6,Rare,63.1,54.7,73.9,59.4,37.1,68.7,Uncommon,54.8,63.9,61.3,56.1,39.2,2.8999999999999915,8.300000000000004,-9.199999999999996,12.600000000000009,3.299999999999997,-2.1000000000000014
brogler01,Ernie Broglio,SP,Expansion (1961-1976),74.8,Rare,55.5,35.4,78.3,41.4,93.7,64.4,Uncommon,53.3,36.0,59.9,27.9,80.5,10.399999999999991,2.200000000000003,-0.6000000000000014,18.4,13.5,13.200000000000003
brosnji01,Jim Brosnan,RP,Integration (1942-1960),69.4,Uncommon,61.5,50.4,66.9,55.8,43.4,68.9,Uncommon,69.5,55.7,59.8,41.6,49.2,0.5,-8.0,-5.300000000000004,7.1000000000000085,14.199999999999996,-5.800000000000004
brothre01,Rex Brothers,RP,Efficiency Era (2006-2015),62.7,Uncommon,86.5,18.0,59.6,57.5,29.3,60.3,Uncommon,88.8,12.1,71.2,47.4,21.9,2.4000000000000057,-2.299999999999997,5.9,-11.600000000000001,10.100000000000001,7.400000000000002
broweji01,Jim Brower,RP,Steroid Era (1994-2005),59.8,Common,45.4,39.3,50.6,52.4,51.0,57.4,Common,46.9,39.3,39.5,33.8,39.3,2.3999999999999986,-1.5,0.0,11.100000000000001,18.6,11.700000000000003
brownba02,Barney Brown,SP,Integration (1942-1960),76.2,Rare,54.7,77.3,41.1,81.1,57.3,80.8,Epic,59.2,74.4,34.8,84.9,81.8,-4.599999999999994,-4.5,2.8999999999999915,6.300000000000004,-3.8000000000000114,-24.5
brownbu01,Buster Brown,SP,Deadball (1901-1919),58.2,Common,26.2,23.1,43.4,55.4,62.8,59.3,Common,24.1,13.6,48.7,58.0,86.3,-1.0999999999999943,2.099999999999998,9.500000000000002,-5.300000000000004,-2.6000000000000014,-23.5
browncl01,Clint Brown,RP,Golden Era (1920-1941),62.5,Uncommon,22.7,82.5,25.5,47.4,72.1,61.8,Uncommon,13.4,88.3,21.8,56.4,67.4,0.7000000000000028,9.299999999999999,-5.799999999999997,3.6999999999999993,-9.0,4.699999999999989
brownda02,Dave Brown,SP,Golden Era (1920-1941),98.7,Legendary,92.5,67.1,125.0,112.3,72.3,98.3,Legendary,96.9,63.0,106.2,111.3,87.8,0.4000000000000057,-4.400000000000006,4.099999999999994,18.799999999999997,1.0,-15.5
brownha01,Hal Brown,SP,Integration (1942-1960),69.4,Uncommon,30.9,106.1,47.9,23.6,69.3,69.5,Uncommon,32.8,112.1,43.3,24.2,65.8,-0.09999999999999432,-1.8999999999999986,-6.0,4.600000000000001,-0.5999999999999979,3.5
brownhu01,Hunter Brown,SP,Modern Era (2016-Pres),76.9,Rare,77.2,55.5,67.0,57.0,58.1,73.4,Rare,75.1,58.2,59.3,45.5,59.3,3.5,2.1000000000000085,-2.700000000000003,7.700000000000003,11.5,-1.1999999999999957
brownja01,Jackie Brown,RP,Expansion (1961-1976),59.8,Common,46.1,57.4,5.0,59.3,69.8,57.7,Common,42.3,44.4,15.1,43.2,59.0,2.0999999999999943,3.8000000000000043,13.0,-10.1,16.099999999999994,10.799999999999997
brownje03,Jesse Brown,SP,Golden Era (1920-1941),58.1,Common,67.1,24.1,73.4,25.5,19.2,57.3,Common,63.3,29.1,61.0,17.7,25.4,0.8000000000000043,3.799999999999997,-5.0,12.400000000000006,7.800000000000001,-6.199999999999999
brownjo07,John Brown,RP,Integration (1942-1960),62.5,Uncommon,66.4,45.7,69.6,50.4,17.8,61.6,Uncommon,63.3,49.5,71.4,40.8,21.4,0.8999999999999986,3.1000000000000085,-3.799999999999997,-1.8000000000000114,9.600000000000001,-3.599999999999998
brownju01,Jumbo Brown,RP,Golden Era (1920-1941),68.6,Uncommon,61.7,44.9,72.2,56.9,39.1,64.3,Uncommon,64.5,36.2,66.1,61.5,29.1,4.299999999999997,-2.799999999999997,8.699999999999996,6.1000000000000085,-4.600000000000001,10.0
brownke01,Kevin Brown,SP,Steroid Era (1994-2005),98.2,Legendary,78.2,108.7,83.9,98.9,95.2,96.5,Legendary,73.0,98.9,79.9,101.5,95.4,1.7000000000000028,5.200000000000003,9.799999999999997,4.0,-2.5999999999999943,-0.20000000000000284
brownll01,Lloyd Brown,RP,Golden Era (1920-1941),67.7,Uncommon,20.3,60.4,34.4,73.3,82.9,60.3,Uncommon,15.0,58.7,28.7,61.8,76.9,7.400000000000006,5.300000000000001,1.6999999999999957,5.699999999999999,11.5,6.0
brownma01,Mace Brown,RP,Golden Era (1920-1941),70.8,Rare,38.9,56.0,35.8,83.2,70.2,64.6,Uncommon,38.6,49.1,48.6,70.7,51.6,6.200000000000003,0.29999999999999716,6.899999999999999,-12.800000000000004,12.5,18.6
brownmo01,Mordecai Brown,SP,Deadball (1901-1919),99.9,Legendary,49.4,102.9,117.8,120.4,109.9,98.1,Legendary,48.7,103.0,93.5,114.1,104.5,1.8000000000000114,0.6999999999999957,-0.09999999999999432,24.299999999999997,6.300000000000011,5.400000000000006
brownra99,Ray Brown,SP,Golden Era (1920-1941),85.7,Epic,61.2,75.7,88.8,91.2,47.8,92.6,Legendary,60.5,74.4,82.1,97.6,99.4,-6.8999999999999915,0.7000000000000028,1.2999999999999972,6.700000000000003,-6.3999999999999915,-51.60000000000001
brownto05,Tom Browning,SP,Big Hair Era (1977-1993),64.3,Uncommon,27.7,82.5,33.8,16.8,96.6,67.3,Uncommon,31.5,86.7,49.3,13.6,88.5,-3.0,-3.8000000000000007,-4.200000000000003,-15.5,3.200000000000001,8.099999999999994
broxtjo01,Jonathan Broxton,RP,Efficiency Era (2006-2015),81.3,Epic,103.8,47.3,83.2,64.7,39.1,82.8,Epic,95.4,52.8,81.9,82.3,34.5,-1.5,8.399999999999991,-5.5,1.2999999999999972,-17.599999999999994,4.600000000000001
brucebo01,Bob Bruce,SP,Expansion (1961-1976),80.3,Epic,55.7,92.6,23.6,74.6,85.2,69.3,Uncommon,57.7,69.4,31.5,56.6,62.5,11.0,-2.0,23.19999999999999,-7.899999999999999,17.999999999999993,22.700000000000003
brunebr01,Brian Bruney,RP,Efficiency Era (2006-2015),58.2,Common,53.6,22.6,67.8,46.5,21.3,57.6,Common,56.2,5.0,71.6,48.2,20.6,0.6000000000000014,-2.6000000000000014,17.6,-3.799999999999997,-1.7000000000000028,0.6999999999999993
brunege01,George Brunet,SP,Expansion (1961-1976),78.4,Rare,51.6,46.0,81.5,53.3,90.1,75.6,Rare,55.0,47.4,72.6,60.6,72.9,2.8000000000000114,-3.3999999999999986,-1.3999999999999986,8.900000000000006,-7.300000000000004,17.19999999999999
brusswa01,Warren Brusstar,RP,Big Hair Era (1977-1993),71.7,Rare,46.3,46.0,62.6,94.8,38.8,66.6,Uncommon,45.7,54.9,56.6,81.1,28.3,5.1000000000000085,0.5999999999999943,-8.899999999999999,6.0,13.700000000000003,10.499999999999996
brutoja01,Jack Bruton,RP,Golden Era (1920-1941),56.0,Common,65.0,49.0,23.7,15.2,22.5,58.5,Common,66.8,53.6,37.5,16.1,42.3,-2.5,-1.7999999999999972,-4.600000000000001,-13.8,-0.9000000000000021,-19.799999999999997
bryancl01,Clay Bryant,RP,Golden Era (1920-1941),78.9,Rare,65.1,8.6,76.7,104.8,69.7,70.6,Rare,64.5,18.0,68.8,87.2,44.7,8.300000000000011,0.5999999999999943,-9.4,7.900000000000006,17.599999999999994,25.0
bryanro01,Ron Bryant,RP,Expansion (1961-1976),63.7,Uncommon,35.2,38.6,51.3,46.9,83.1,59.2,Common,37.8,45.2,44.3,47.8,53.2,4.5,-2.5999999999999943,-6.600000000000001,7.0,-0.8999999999999986,29.89999999999999
bubickr01,Kris Bubic,SP,Modern Era (2016-Pres),59.8,Common,59.4,44.7,44.8,45.0,44.9,57.8,Common,57.0,41.5,25.6,41.3,39.3,2.0,2.3999999999999986,3.200000000000003,19.199999999999996,3.700000000000003,5.600000000000001
buchhcl01,Clay Buchholz,SP,Efficiency Era (2006-2015),80.4,Epic,51.1,57.9,82.5,82.0,58.7,75.9,Rare,53.4,64.5,71.4,73.1,47.5,4.5,-2.299999999999997,-6.600000000000001,11.099999999999994,8.900000000000006,11.200000000000003
buchtry01,Ryan Buchter,RP,Modern Era (2016-Pres),61.7,Uncommon,57.0,34.6,84.9,46.7,23.6,59.1,Common,61.7,27.4,81.2,33.8,21.8,2.6000000000000014,-4.700000000000003,7.200000000000003,3.700000000000003,12.900000000000006,1.8000000000000007
buckega01,Garland Buckeye,RP,Golden Era (1920-1941),62.6,Uncommon,5.4,38.9,30.1,98.4,77.8,59.2,Common,14.8,45.6,30.2,84.2,53.9,3.3999999999999986,-9.4,-6.700000000000003,-0.09999999999999787,14.200000000000003,23.9
buehlwa01,Walker Buehler,SP,Modern Era (2016-Pres),89.7,Epic,85.0,83.2,87.9,54.4,78.2,76.2,Rare,71.7,71.7,74.4,41.8,51.7,13.5,13.299999999999997,11.5,13.5,12.600000000000001,26.5
buehrma01,Mark Buehrle,SP,Efficiency Era (2006-2015),65.3,Uncommon,19.7,93.2,30.8,29.4,88.3,71.1,Rare,24.2,100.1,30.0,40.8,90.3,-5.799999999999997,-4.5,-6.8999999999999915,0.8000000000000007,-11.399999999999999,-2.0
buffich01,Charlie Buffinton,SP,The Genesis Era (1871-1900),95.8,Legendary,70.7,89.5,71.6,85.6,125.0,93.8,Legendary,75.2,77.6,69.5,77.4,125.0,2.0,-4.5,11.900000000000006,2.0999999999999943,8.199999999999989,0.0
buhlbo01,Bob Buhl,SP,Integration (1942-1960),69.6,Uncommon,50.8,36.2,67.7,39.7,84.2,71.4,Rare,51.4,33.5,71.0,44.2,87.0,-1.8000000000000114,-0.6000000000000014,2.700000000000003,-3.299999999999997,-4.5,-2.799999999999997
bumgama01,Madison Bumgarner,SP,Modern Era (2016-Pres),90.5,Legendary,83.2,84.8,81.5,55.3,89.3,86.0,Epic,73.9,92.4,70.4,47.9,81.5,4.5,9.299999999999997,-7.6000000000000085,11.099999999999994,7.399999999999999,7.799999999999997
bummeaa01,Aaron Bummer,RP,Modern Era (2016-Pres),61.9,Uncommon,56.4,50.1,39.3,76.9,25.0,68.5,Uncommon,64.5,42.7,61.9,81.9,23.3,-6.600000000000001,-8.100000000000001,7.399999999999999,-22.6,-5.0,1.6999999999999993
bundydy01,Dylan Bundy,SP,Modern Era (2016-Pres),58.4,Common,63.3,52.4,27.1,5.0,66.8,58.4,Common,61.6,67.8,25.6,5.0,54.9,0.0,1.6999999999999957,-15.399999999999999,1.5,0.0,11.899999999999999
bunkewa01,Wally Bunker,SP,Expansion (1961-1976),70.9,Rare,26.8,70.6,66.8,32.8,87.4,63.8,Uncommon,30.0,72.6,67.0,28.8,56.8,7.1000000000000085,-3.1999999999999993,-2.0,-0.20000000000000284,3.9999999999999964,30.60000000000001
bunniji01,Jim Bunning,SP,Expansion (1961-1976),94.9,Legendary,89.7,99.1,74.1,63.5,108.4,91.6,Legendary,80.7,97.8,72.0,50.1,104.1,3.3000000000000114,9.0,1.2999999999999972,2.0999999999999943,13.399999999999999,4.300000000000011
burbada01,Dave Burba,SP,Steroid Era (1994-2005),59.6,Common,63.2,36.6,27.5,21.3,86.4,63.6,Uncommon,65.0,34.0,48.2,35.3,72.0,-4.0,-1.7999999999999972,2.6000000000000014,-20.700000000000003,-13.999999999999996,14.400000000000006
burdele01,Lew Burdette,SP,Integration (1942-1960),74.8,Rare,20.0,86.2,45.3,61.3,91.5,74.6,Rare,15.3,97.0,38.6,59.8,92.4,0.20000000000000284,4.699999999999999,-10.799999999999997,6.699999999999996,1.5,-0.9000000000000057
burgmto01,Tom Burgmeier,RP,Big Hair Era (1977-1993),72.8,Rare,30.6,76.4,56.9,83.6,46.6,73.0,Rare,29.2,82.8,61.3,76.0,46.0,-0.20000000000000284,1.4000000000000021,-6.3999999999999915,-4.399999999999999,7.599999999999994,0.6000000000000014
burkebo01,Bobby Burke,RP,Golden Era (1920-1941),64.3,Uncommon,19.4,38.5,63.5,74.9,60.9,66.9,Uncommon,27.6,42.0,65.0,84.7,48.6,-2.6000000000000085,-8.200000000000003,-3.5,-1.5,-9.799999999999997,12.299999999999997
burkebr01,Brock Burke,RP,Modern Era (2016-Pres),57.8,Common,46.7,57.2,42.0,30.8,28.4,58.0,Common,50.7,65.4,38.4,26.3,27.0,-0.20000000000000284,-4.0,-8.200000000000003,3.6000000000000014,4.5,1.3999999999999986
burkejo03,John Burkett,SP,Steroid Era (1994-2005),79.4,Rare,55.0,95.5,24.8,63.3,88.8,76.4,Rare,46.9,91.0,27.8,59.9,86.5,3.0,8.100000000000001,4.5,-3.0,3.3999999999999986,2.299999999999997
burketi01,Tim Burke,RP,Big Hair Era (1977-1993),80.0,Epic,54.5,69.0,92.1,67.1,47.5,75.3,Rare,54.3,69.7,71.3,65.9,45.5,4.700000000000003,0.20000000000000284,-0.7000000000000028,20.799999999999997,1.1999999999999886,2.0
burkhke01,Ken Burkhart,RP,Integration (1942-1960),62.1,Uncommon,18.8,63.6,32.4,79.7,54.1,59.5,Common,25.6,69.3,29.2,59.2,50.2,2.6000000000000014,-6.800000000000001,-5.699999999999996,3.1999999999999993,20.5,3.8999999999999986
burneaj01,A. J. Burnett,SP,Efficiency Era (2006-2015),79.7,Rare,80.7,28.4,66.7,66.1,86.9,80.9,Epic,80.7,47.0,61.3,62.3,83.9,-1.2000000000000028,0.0,-18.6,5.400000000000006,3.799999999999997,3.0
burneco01,Corbin Burnes,SP,Modern Era (2016-Pres),92.5,Legendary,100.4,75.0,97.4,58.5,81.5,88.9,Epic,88.1,75.0,98.5,61.9,60.5,3.5999999999999943,12.300000000000011,0.0,-1.0999999999999943,-3.3999999999999986,21.0
burnese01,Sean Burnett,RP,Efficiency Era (2006-2015),64.4,Uncommon,57.8,58.4,54.4,62.3,24.7,59.0,Common,41.0,56.3,49.4,54.1,24.2,5.400000000000006,16.799999999999997,2.1000000000000014,5.0,8.199999999999996,0.5
burnewa01,Wally Burnette,RP,Integration (1942-1960),58.4,Common,46.4,52.8,37.3,34.7,43.0,59.8,Common,49.0,57.6,47.1,39.1,45.7,-1.3999999999999986,-2.6000000000000014,-4.800000000000004,-9.800000000000004,-4.399999999999999,-2.700000000000003
burnsbr01,Britt Burns,SP,Big Hair Era (1977-1993),75.2,Rare,55.3,65.6,56.7,41.9,87.0,71.8,Rare,56.5,65.5,54.3,49.1,63.8,3.4000000000000057,-1.2000000000000028,0.09999999999999432,2.4000000000000057,-7.200000000000003,23.200000000000003
burnsto02,Todd Burns,RP,Big Hair Era (1977-1993),65.0,Uncommon,36.8,54.9,63.6,59.7,45.0,60.5,Uncommon,34.2,55.8,63.5,47.5,40.9,4.5,2.5999999999999943,-0.8999999999999986,0.10000000000000142,12.200000000000003,4.100000000000001
burrira01,Ray Burris,SP,Big Hair Era (1977-1993),59.8,Common,18.3,57.9,23.5,45.6,93.7,59.5,Common,28.5,63.2,23.4,36.1,81.4,0.29999999999999716,-10.2,-5.300000000000004,0.10000000000000142,9.5,12.299999999999997
burtoja01,Jared Burton,RP,Efficiency Era (2006-2015),64.4,Uncommon,55.6,45.4,72.1,57.2,27.3,65.0,Uncommon,54.0,52.2,67.4,61.2,25.5,-0.5999999999999943,1.6000000000000014,-6.800000000000004,4.699999999999989,-4.0,1.8000000000000007
busbyst01,Steve Busby,SP,Expansion (1961-1976),76.8,Rare,56.9,52.2,29.8,75.2,100.3,68.5,Uncommon,50.0,42.1,45.6,69.4,67.4,8.299999999999997,6.899999999999999,10.100000000000001,-15.8,5.799999999999997,32.89999999999999
bushda01,Dave Bush,SP,Efficiency Era (2006-2015),64.2,Uncommon,40.1,88.1,43.0,12.0,73.7,58.8,Common,36.2,93.4,26.4,8.0,56.9,5.400000000000006,3.8999999999999986,-5.300000000000011,16.6,4.0,16.800000000000004
bushgu01,Guy Bush,SP,Golden Era (1920-1941),77.4,Rare,14.3,61.6,55.2,100.2,85.9,71.2,Rare,18.5,65.4,43.9,69.1,89.4,6.200000000000003,-4.199999999999999,-3.8000000000000043,11.300000000000004,31.10000000000001,-3.5
bushjo01,Bullet Joe Bush,SP,Golden Era (1920-1941),85.1,Epic,47.9,27.3,76.3,107.4,102.2,85.1,Epic,44.4,35.9,76.4,104.3,99.8,0.0,3.5,-8.599999999999998,-0.10000000000000853,3.1000000000000085,2.4000000000000057
bushma01,Matt Bush,RP,Modern Era (2016-Pres),58.3,Common,50.6,50.8,37.3,50.2,24.1,58.5,Common,58.1,56.0,54.7,26.0,22.4,-0.20000000000000284,-7.5,-5.200000000000003,-17.400000000000006,24.200000000000003,1.7000000000000028
busketo01,Tom Buskey,RP,Expansion (1961-1976),56.6,Common,22.7,51.6,41.0,28.5,41.3,55.8,Common,23.8,57.1,39.2,19.1,33.0,0.8000000000000043,-1.1000000000000014,-5.5,1.7999999999999972,9.399999999999999,8.299999999999997
butchjo01,John Butcher,SP,Big Hair Era (1977-1993),59.5,Common,19.7,73.0,19.5,62.2,58.1,57.6,Common,19.2,79.5,5.0,41.7,55.6,1.8999999999999986,0.5,-6.5,14.5,20.5,2.5
butchma01,Max Butcher,SP,Integration (1942-1960),71.9,Rare,5.0,81.4,16.9,98.8,87.7,69.3,Uncommon,5.0,75.6,25.6,91.0,80.5,2.6000000000000085,0.0,5.800000000000011,-8.700000000000003,7.799999999999997,7.200000000000003
buzhajo01,John Buzhardt,SP,Expansion (1961-1976),59.5,Common,16.1,64.2,37.3,37.6,78.4,68.4,Uncommon,26.2,72.1,53.0,58.4,64.3,-8.900000000000006,-10.099999999999998,-7.8999999999999915,-15.700000000000003,-20.799999999999997,14.100000000000009
byerlbu01,Bud Byerly,RP,Integration (1942-1960),58.8,Common,40.5,69.6,39.8,36.1,35.4,59.1,Common,37.7,67.6,52.8,44.9,23.4,-0.30000000000000426,2.799999999999997,2.0,-13.0,-8.799999999999997,12.0
byrdati01,Tim Byrdak,RP,Efficiency Era (2006-2015),55.8,Common,50.8,17.0,65.0,12.5,25.9,57.6,Common,64.4,13.2,65.2,36.0,22.6,-1.8000000000000043,-13.600000000000009,3.8000000000000007,-0.20000000000000284,-23.5,3.299999999999997
byrdbi01,Bill Byrd,SP,Integration (1942-1960),80.8,Epic,80.4,79.4,32.4,99.2,43.3,94.8,Legendary,70.8,98.5,54.8,117.8,91.7,-14.0,9.600000000000009,-19.099999999999994,-22.4,-18.599999999999994,-48.400000000000006
byrdha01,Harry Byrd,RP,Integration (1942-1960),59.4,Common,39.4,43.4,26.4,58.9,64.0,57.3,Common,40.8,40.2,18.1,42.3,55.3,2.1000000000000014,-1.3999999999999986,3.1999999999999957,8.299999999999997,16.6,8.700000000000003
byrdpa01,Paul Byrd,SP,Steroid Era (1994-2005),61.2,Uncommon,24.9,108.7,25.7,19.4,66.0,59.1,Common,20.8,103.4,17.4,10.7,74.6,2.1000000000000014,4.099999999999998,5.299999999999997,8.3,8.7,-8.599999999999994
byrneto01,Tommy Byrne,SP,Integration (1942-1960),80.3,Epic,77.8,5.0,125.0,69.2,54.8,71.5,Rare,61.6,5.0,95.3,61.2,64.4,8.799999999999997,16.199999999999996,0.0,29.700000000000003,8.0,-9.600000000000009
cabreda01,Daniel Cabrera,SP,Efficiency Era (2006-2015),60.4,Uncommon,62.2,5.0,47.0,58.4,68.9,57.6,Common,48.5,6.1,34.2,46.5,67.0,2.799999999999997,13.700000000000003,-1.0999999999999996,12.799999999999997,11.899999999999999,1.9000000000000057
cabreed02,Edward Cabrera,SP,Modern Era (2016-Pres),62.0,Uncommon,76.2,18.9,70.2,33.4,49.2,59.8,Common,73.2,19.1,72.4,30.6,42.4,2.200000000000003,3.0,-0.20000000000000284,-2.200000000000003,2.799999999999997,6.800000000000004
cabrege01,Genesis Cabrera,RP,Modern Era (2016-Pres),58.5,Common,53.8,29.5,53.1,57.5,23.4,56.4,Common,53.4,24.6,52.5,27.4,24.1,2.1000000000000014,0.3999999999999986,4.899999999999999,0.6000000000000014,30.1,-0.7000000000000028
cadargr01,Greg Cadaret,RP,Steroid Era (1994-2005),64.4,Uncommon,61.6,28.6,55.2,78.9,33.5,58.3,Common,69.4,5.0,43.6,55.4,39.4,6.1000000000000085,-7.800000000000004,23.6,11.600000000000001,23.500000000000007,-5.899999999999999
cadorle01,Leon Cadore,SP,Golden Era (1920-1941),92.0,Legendary,28.9,96.5,64.9,119.0,98.7,80.9,Epic,27.0,92.3,50.9,86.9,78.1,11.099999999999994,1.8999999999999986,4.200000000000003,14.000000000000007,32.099999999999994,20.60000000000001
cahiltr01,Trevor Cahill,SP,Efficiency Era (2006-2015),69.9,Uncommon,42.0,48.7,48.2,55.5,85.4,65.7,Uncommon,41.8,45.6,53.7,50.8,71.2,4.200000000000003,0.20000000000000284,3.1000000000000014,-5.5,4.700000000000003,14.200000000000003
cainma01,Matt Cain,SP,Efficiency Era (2006-2015),75.2,Rare,60.1,42.5,57.2,58.4,88.3,84.5,Epic,62.1,61.4,79.3,66.0,88.6,-9.299999999999997,-2.0,-18.9,-22.099999999999994,-7.600000000000001,-0.29999999999999716
cainsu01,Sugar Cain,SP,Golden Era (1920-1941),54.1,Common,14.3,12.3,21.8,28.0,67.0,53.7,Common,14.2,5.0,16.0,36.7,64.4,0.3999999999999986,0.10000000000000142,7.300000000000001,5.800000000000001,-8.700000000000003,2.5999999999999943
caldwea01,Earl Caldwell,RP,Golden Era (1920-1941),61.4,Uncommon,50.4,35.1,85.0,44.8,30.3,55.4,Common,35.3,34.4,31.3,25.3,38.5,6.0,15.100000000000001,0.7000000000000028,53.7,19.499999999999996,-8.2
caldwmi01,Mike Caldwell,SP,Big Hair Era (1977-1993),76.2,Rare,13.7,94.4,38.9,69.2,95.1,68.5,Uncommon,10.8,92.0,35.7,52.6,83.3,7.700000000000003,2.8999999999999986,2.4000000000000057,3.1999999999999957,16.6,11.799999999999997
caldwra02,Ray Caldwell,SP,Deadball (1901-1919),81.4,Epic,51.4,54.5,67.9,65.6,99.0,78.5,Rare,54.2,49.8,69.1,60.1,89.9,2.9000000000000057,-2.8000000000000043,4.700000000000003,-1.1999999999999886,5.499999999999993,9.099999999999994
calerki01,Kiko Calero,RP,Efficiency Era (2006-2015),69.3,Uncommon,79.2,29.9,76.2,66.0,26.1,71.7,Rare,75.2,43.2,82.5,63.9,23.6,-2.4000000000000057,4.0,-13.300000000000004,-6.299999999999997,2.1000000000000014,2.5
calhole01,Lefty Calhoun,RP,Golden Era (1920-1941),72.5,Rare,91.5,63.7,67.5,48.7,21.3,71.8,Rare,82.6,48.4,66.5,62.1,29.6,0.7000000000000028,8.900000000000006,15.300000000000004,1.0,-13.399999999999999,-8.3
camacer01,Ernie Camacho,RP,Big Hair Era (1977-1993),59.1,Common,41.6,32.3,54.3,69.5,28.9,58.6,Common,42.9,34.6,50.8,69.2,21.2,0.5,-1.2999999999999972,-2.3000000000000043,3.5,0.29999999999999716,7.699999999999999
camniho01,Howie Camnitz,SP,Deadball (1901-1919),84.8,Epic,51.0,63.2,67.3,74.5,102.9,85.7,Epic,47.6,64.6,71.7,82.8,97.9,-0.9000000000000057,3.3999999999999986,-1.3999999999999915,-4.400000000000006,-8.299999999999997,5.0
campbbi02,Bill Campbell,RP,Expansion (1961-1976),73.6,Rare,65.9,34.9,61.1,71.3,65.1,69.6,Uncommon,62.6,42.1,60.0,62.7,51.2,4.0,3.3000000000000043,-7.200000000000003,1.1000000000000014,8.599999999999994,13.899999999999991
campbda02,Dave Campbell,RP,Big Hair Era (1977-1993),56.8,Common,41.6,25.7,47.9,30.9,41.9,58.5,Common,44.1,36.9,54.9,37.1,43.1,-1.7000000000000028,-2.5,-11.2,-7.0,-6.200000000000003,-1.2000000000000028
campri01,Rick Camp,RP,Big Hair Era (1977-1993),66.9,Uncommon,23.8,61.8,57.9,72.1,52.4,58.7,Common,19.9,60.7,28.0,57.3,53.9,8.200000000000003,3.900000000000002,1.0999999999999943,29.9,14.799999999999997,-1.5
campsh01,Shawn Camp,RP,Efficiency Era (2006-2015),58.7,Common,37.5,63.6,33.6,47.7,38.3,58.3,Common,36.7,73.9,16.5,52.3,34.1,0.4000000000000057,0.7999999999999972,-10.300000000000004,17.1,-4.599999999999994,4.199999999999996
candejo01,John Candelaria,SP,Big Hair Era (1977-1993),75.0,Rare,48.2,88.1,44.5,37.6,86.6,79.0,Rare,54.5,101.9,50.0,36.3,82.7,-4.0,-6.299999999999997,-13.800000000000011,-5.5,1.3000000000000043,3.8999999999999915
candimi01,Milo Candini,RP,Integration (1942-1960),66.5,Uncommon,37.1,49.7,60.4,82.6,36.3,59.7,Common,22.3,35.5,46.1,97.0,36.3,6.799999999999997,14.8,14.200000000000003,14.299999999999997,-14.400000000000006,0.0
candito01,Tom Candiotti,SP,Big Hair Era (1977-1993),76.9,Rare,55.2,72.8,44.0,74.2,68.6,82.9,Epic,59.2,69.1,59.9,71.7,87.6,-6.0,-4.0,3.700000000000003,-15.899999999999999,2.5,-19.0
cannigr01,Griffin Canning,SP,Modern Era (2016-Pres),58.4,Common,67.4,51.5,36.0,13.2,47.2,57.2,Common,59.8,48.7,34.2,5.8,46.9,1.1999999999999957,7.6000000000000085,2.799999999999997,1.7999999999999972,7.3999999999999995,0.30000000000000426
canoye01,Yennier Cano,RP,Modern Era (2016-Pres),59.5,Common,52.2,55.8,35.0,58.1,31.8,59.0,Common,51.0,51.4,36.8,58.3,27.3,0.5,1.2000000000000028,4.399999999999999,-1.7999999999999972,-0.19999999999999574,4.5
cantwbe01,Ben Cantwell,SP,Golden Era (1920-1941),70.9,Rare,11.4,81.7,55.4,69.8,66.1,66.3,Uncommon,5.0,87.7,40.8,53.8,78.3,4.6000000000000085,6.4,-6.0,14.600000000000001,16.0,-12.200000000000003
cappsma01,Matt Capps,RP,Efficiency Era (2006-2015),62.8,Uncommon,46.1,74.8,44.5,60.8,25.3,63.0,Uncommon,39.2,98.8,46.0,40.5,27.5,-0.20000000000000284,6.899999999999999,-24.0,-1.5,20.299999999999997,-2.1999999999999993
caprabu01,Buzz Capra,RP,Expansion (1961-1976),58.4,Common,48.3,27.1,54.6,18.9,66.0,57.9,Common,55.7,25.2,61.8,24.6,38.9,0.5,-7.400000000000006,1.9000000000000021,-7.199999999999996,-5.700000000000003,27.1
capuach01,Chris Capuano,SP,Efficiency Era (2006-2015),62.8,Uncommon,57.6,67.6,26.9,10.6,88.6,59.6,Common,58.9,69.7,31.3,10.1,65.8,3.1999999999999957,-1.2999999999999972,-2.1000000000000085,-4.400000000000002,0.5,22.799999999999997
cardwdo01,Don Cardwell,SP,Expansion (1961-1976),65.8,Uncommon,43.8,59.4,45.3,27.5,87.4,65.2,Uncommon,36.4,70.6,47.8,24.2,81.9,0.5999999999999943,7.399999999999999,-11.199999999999996,-2.5,3.3000000000000007,5.5
carlete01,Tex Carleton,SP,Golden Era (1920-1941),77.4,Rare,64.8,38.7,60.4,60.8,92.5,75.0,Rare,61.8,57.0,56.7,43.3,86.6,2.4000000000000057,3.0,-18.299999999999997,3.6999999999999957,17.5,5.900000000000006
carlsha01,Hal Carlson,SP,Golden Era (1920-1941),72.3,Rare,12.3,91.7,23.7,74.9,89.0,74.2,Rare,9.1,91.4,25.4,86.2,89.1,-1.9000000000000057,3.200000000000001,0.29999999999999716,-1.6999999999999993,-11.299999999999997,-0.09999999999999432
carltst01,Steve Carlton,SP,Big Hair Era (1977-1993),98.0,Legendary,100.1,67.7,98.6,89.1,107.1,96.5,Legendary,100.2,72.6,90.4,82.3,103.2,1.5,-0.10000000000000853,-4.8999999999999915,8.199999999999989,6.799999999999997,3.8999999999999915
carmado01,Don Carman,RP,Big Hair Era (1977-1993),65.8,Uncommon,62.6,47.4,73.3,14.4,65.6,61.2,Uncommon,58.8,54.6,62.4,23.9,45.1,4.599999999999994,3.8000000000000043,-7.200000000000003,10.899999999999999,-9.499999999999998,20.499999999999993
carmofa01,Roberto Hernandez,SP,Efficiency Era (2006-2015),63.2,Uncommon,30.8,60.2,35.0,56.6,70.5,58.8,Common,28.7,59.0,34.0,48.5,52.2,4.400000000000006,2.1000000000000014,1.2000000000000028,1.0,8.100000000000001,18.299999999999997
carpech01,Chris Carpenter,SP,Efficiency Era (2006-2015),90.6,Legendary,61.2,98.4,70.2,75.6,90.2,84.0,Epic,56.5,93.2,53.9,60.6,90.0,6.599999999999994,4.700000000000003,5.200000000000003,16.300000000000004,14.999999999999993,0.20000000000000284
carpecr01,Cris Carpenter,RP,Big Hair Era (1977-1993),59.0,Common,48.2,55.3,59.9,35.7,26.2,59.7,Common,48.3,65.3,50.4,43.9,29.0,-0.7000000000000028,-0.09999999999999432,-10.0,9.5,-8.199999999999996,-2.8000000000000007
carpeda01,David Carpenter,RP,Efficiency Era (2006-2015),60.4,Uncommon,59.5,51.2,60.6,48.9,21.6,59.1,Common,63.7,54.8,37.9,47.9,22.6,1.2999999999999972,-4.200000000000003,-3.5999999999999943,22.700000000000003,1.0,-1.0
carraal01,Alex Carrasquel,RP,Integration (1942-1960),59.2,Common,14.4,49.1,34.2,73.3,57.6,58.5,Common,9.2,46.2,35.7,76.1,49.0,0.7000000000000028,5.200000000000001,2.8999999999999986,-1.5,-2.799999999999997,8.600000000000001
carraca01,Carlos Carrasco,SP,Modern Era (2016-Pres),86.8,Epic,90.0,87.5,57.8,57.7,78.1,83.9,Epic,86.8,87.4,57.4,52.5,69.5,2.8999999999999915,3.200000000000003,0.09999999999999432,0.3999999999999986,5.200000000000003,8.599999999999994
carradj01,D. J. Carrasco,RP,Efficiency Era (2006-2015),55.8,Common,26.3,36.3,5.0,58.0,46.4,57.1,Common,32.7,42.4,25.5,61.0,31.7,-1.3000000000000043,-6.400000000000002,-6.100000000000001,-20.5,-3.0,14.7
carragi01,Giovanni Carrara,RP,Steroid Era (1994-2005),61.7,Uncommon,51.6,59.7,60.2,37.0,38.3,58.4,Common,50.5,52.3,55.0,28.9,28.0,3.3000000000000043,1.1000000000000014,7.400000000000006,5.200000000000003,8.100000000000001,10.299999999999997
carrahe01,Hector Carrasco,RP,Steroid Era (1994-2005),65.5,Uncommon,53.8,48.5,54.8,63.9,41.4,66.0,Uncommon,56.7,37.1,63.6,70.5,36.3,-0.5,-2.9000000000000057,11.399999999999999,-8.800000000000004,-6.600000000000001,5.100000000000001
carribi01,Bill Carrick,SP,The Genesis Era (1871-1900),70.6,Rare,5.0,70.6,5.0,86.3,116.0,64.1,Uncommon,6.5,70.9,6.7,72.3,100.1,6.5,-1.5,-0.30000000000001137,-1.7000000000000002,14.0,15.900000000000006
carrocl02,Clay Carroll,RP,Expansion (1961-1976),74.9,Rare,26.6,78.8,51.6,90.9,56.9,75.0,Rare,30.9,76.1,56.8,89.7,51.8,-0.09999999999999432,-4.299999999999997,2.700000000000003,-5.199999999999996,1.2000000000000028,5.100000000000001
carroow01,Ownie Carroll,SP,Golden Era (1920-1941),59.3,Common,5.0,31.6,21.4,86.1,85.5,59.3,Common,5.0,53.2,18.0,79.7,73.7,0.0,0.0,-21.6,3.3999999999999986,6.3999999999999915,11.799999999999997
carseki01,Kid Carsey,SP,The Genesis Era (1871-1900),62.1,Uncommon,5.0,52.2,5.0,73.3,112.9,57.5,Common,5.0,56.1,5.6,44.5,89.3,4.600000000000001,0.0,-3.8999999999999986,-0.5999999999999996,28.799999999999997,23.60000000000001
cartela02,Lance Carter,RP,Steroid Era (1994-2005),57.8,Common,28.8,72.0,52.4,21.7,29.9,57.3,Common,25.3,72.5,51.9,22.3,24.0,0.5,3.5,-0.5,0.5,-0.6000000000000014,5.899999999999999
cartesp01,Spoon Carter,RP,Golden Era (1920-1941),59.2,Common,50.2,53.1,44.6,48.5,32.1,72.4,Rare,38.7,77.0,26.9,94.8,54.6,-13.200000000000003,11.5,-23.9,17.700000000000003,-46.3,-22.5
carutbo01,Bob Caruthers,SP,The Genesis Era (1871-1900),93.9,Legendary,21.1,96.4,68.6,114.1,125.0,88.9,Epic,17.1,82.8,67.8,93.8,122.7,5.0,4.0,13.600000000000009,0.7999999999999972,20.299999999999997,2.299999999999997
caseyda01,Dan Casey,SP,The Genesis Era (1871-1900),70.3,Rare,37.2,31.0,49.9,54.8,108.7,74.0,Rare,52.8,34.5,52.7,64.9,95.2,-3.700000000000003,-15.599999999999994,-3.5,-2.8000000000000043,-10.100000000000009,13.5
caseyhu01,Hugh Casey,RP,Golden Era (1920-1941),67.8,Uncommon,27.6,67.4,54.5,50.1,72.1,68.2,Uncommon,37.4,59.4,66.7,52.5,57.0,-0.4000000000000057,-9.799999999999997,8.000000000000007,-12.200000000000003,-2.3999999999999986,15.099999999999994
cashnan01,Andrew Cashner,SP,Modern Era (2016-Pres),59.5,Common,25.9,49.1,36.5,61.1,60.7,61.8,Uncommon,39.9,58.7,45.9,47.7,55.1,-2.299999999999997,-14.0,-9.600000000000001,-9.399999999999999,13.399999999999999,5.600000000000001
casiala01,Larry Casian,RP,Steroid Era (1994-2005),59.3,Common,31.3,50.7,49.4,76.7,21.9,58.6,Common,32.6,66.7,36.3,63.3,20.0,0.6999999999999957,-1.3000000000000007,-16.0,13.100000000000001,13.400000000000006,1.8999999999999986
castege01,George Caster,RP,Golden Era (1920-1941),58.0,Common,46.8,20.7,44.0,29.8,66.4,57.5,Common,49.8,29.1,49.7,10.5,60.8,0.5,-3.0,-8.400000000000002,-5.700000000000003,19.3,5.6000000000000085
castibo01,Bobby Castillo,RP,Big Hair Era (1977-1993),61.2,Uncommon,46.2,34.8,66.4,43.9,53.5,58.8,Common,46.0,28.9,63.1,43.0,40.6,2.4000000000000057,0.20000000000000284,5.899999999999999,3.3000000000000043,0.8999999999999986,12.899999999999999
castidi01,Diego Castillo,RP,Modern Era (2016-Pres),62.7,Uncommon,61.5,56.3,73.3,37.0,22.7,66.5,Uncommon,66.4,45.6,85.7,45.4,23.0,-3.799999999999997,-4.900000000000006,10.699999999999996,-12.400000000000006,-8.399999999999999,-0.3000000000000007
castifr01,Frank Castillo,SP,Steroid Era (1994-2005),67.9,Uncommon,49.6,67.3,51.3,34.1,69.7,68.9,Uncommon,47.2,69.8,48.8,47.0,63.1,-1.0,2.3999999999999986,-2.5,2.5,-12.899999999999999,6.600000000000001
castilu02,Luis Castillo,SP,Modern Era (2016-Pres),74.6,Rare,82.7,38.1,64.6,48.1,69.8,79.3,Rare,80.4,62.9,70.7,38.1,74.9,-4.700000000000003,2.299999999999997,-24.799999999999997,-6.1000000000000085,10.0,-5.1000000000000085
castito02,Tony Castillo,RP,Steroid Era (1994-2005),58.6,Common,35.1,58.1,45.7,43.9,35.5,58.9,Common,51.4,64.9,37.8,40.5,29.3,-0.29999999999999716,-16.299999999999997,-6.800000000000004,7.900000000000006,3.3999999999999986,6.199999999999999
castrbi01,Bill Castro,RP,Big Hair Era (1977-1993),59.0,Common,15.7,68.5,41.0,72.1,28.2,59.8,Common,13.3,79.5,38.6,72.8,33.5,-0.7999999999999972,2.3999999999999986,-11.0,2.3999999999999986,-0.7000000000000028,-5.300000000000001
castrmi01,Miguel Castro,RP,Modern Era (2016-Pres),57.1,Common,36.8,8.4,64.4,46.1,37.2,57.5,Common,48.6,12.8,68.2,42.7,28.0,-0.3999999999999986,-11.800000000000004,-4.4,-3.799999999999997,3.3999999999999986,9.200000000000003
caudibi01,Bill Caudill,RP,Big Hair Era (1977-1993),78.2,Rare,96.0,42.1,88.6,43.9,50.6,69.6,Uncommon,100.8,37.1,81.7,19.0,40.0,8.600000000000009,-4.799999999999997,5.0,6.8999999999999915,24.9,10.600000000000001
ceasedy01,Dylan Cease,SP,Modern Era (2016-Pres),85.8,Epic,106.4,38.0,90.4,51.1,79.3,75.6,Rare,99.3,32.6,70.8,39.7,66.0,10.200000000000003,7.1000000000000085,5.399999999999999,19.60000000000001,11.399999999999999,13.299999999999997
cecilbr01,Brett Cecil,RP,Efficiency Era (2006-2015),65.3,Uncommon,64.5,49.0,44.0,57.6,46.2,66.0,Uncommon,68.8,65.1,49.6,40.1,40.5,-0.7000000000000028,-4.299999999999997,-16.099999999999994,-5.600000000000001,17.5,5.700000000000003
cedenxa01,Xavier Cedeno,RP,Modern Era (2016-Pres),58.3,Common,42.4,46.2,43.4,61.4,19.8,62.1,Uncommon,59.8,50.0,49.5,69.1,19.9,-3.8000000000000043,-17.4,-3.799999999999997,-6.100000000000001,-7.699999999999996,-0.09999999999999787
cerutjo01,John Cerutti,RP,Big Hair Era (1977-1993),56.9,Common,24.5,60.8,28.2,5.0,72.0,55.8,Common,23.4,61.3,25.2,5.0,57.2,1.1000000000000014,1.1000000000000014,-0.5,3.0,0.0,14.799999999999997
cessalu01,Luis Cessa,RP,Modern Era (2016-Pres),56.7,Common,34.2,54.2,38.2,34.7,24.7,56.6,Common,40.5,61.1,39.3,15.1,28.5,0.10000000000000142,-6.299999999999997,-6.899999999999999,-1.0999999999999943,19.6,-3.8000000000000007
chacijh01,Jhoulys Chacin,SP,Efficiency Era (2006-2015),70.9,Rare,49.5,42.0,53.3,57.2,82.4,71.2,Rare,53.4,43.5,65.8,56.5,67.1,-0.29999999999999716,-3.8999999999999986,-1.5,-12.5,0.7000000000000028,15.300000000000011
chacosh01,Shawn Chacon,SP,Steroid Era (1994-2005),58.5,Common,38.7,31.8,50.0,54.4,41.0,56.2,Common,43.2,21.2,45.0,11.5,57.1,2.299999999999997,-4.5,10.600000000000001,5.0,42.9,-16.1
chafian01,Andrew Chafin,RP,Modern Era (2016-Pres),66.5,Uncommon,39.5,51.2,72.3,78.8,24.6,70.1,Rare,66.9,37.5,65.7,82.6,27.6,-3.5999999999999943,-27.400000000000006,13.700000000000003,6.599999999999994,-3.799999999999997,-3.0
chambcl01,Cliff Chambers,SP,Integration (1942-1960),58.8,Common,33.3,51.2,16.3,47.9,72.8,59.3,Common,32.2,47.6,30.9,51.6,67.7,-0.5,1.0999999999999943,3.6000000000000014,-14.599999999999998,-3.700000000000003,5.099999999999994
chambel01,Ice Box Chamberlain,SP,The Genesis Era (1871-1900),67.4,Uncommon,38.0,5.0,72.5,55.1,99.2,77.8,Rare,55.8,5.0,67.5,77.9,113.4,-10.399999999999991,-17.799999999999997,0.0,5.0,-22.800000000000004,-14.200000000000003
chambjo03,Joba Chamberlain,RP,Efficiency Era (2006-2015),73.4,Rare,77.8,48.3,61.1,78.6,31.2,66.5,Uncommon,73.9,45.7,52.7,60.8,33.2,6.900000000000006,3.8999999999999915,2.5999999999999943,8.399999999999999,17.799999999999997,-2.0000000000000036
champbi01,Bill Champion,RP,Expansion (1961-1976),57.0,Common,25.9,33.5,6.4,61.8,63.3,55.9,Common,24.3,35.3,8.0,58.6,47.7,1.1000000000000014,1.5999999999999979,-1.7999999999999972,-1.5999999999999996,3.1999999999999957,15.599999999999994
chancde01,Dean Chance,SP,Expansion (1961-1976),93.8,Legendary,67.2,76.1,86.6,94.9,99.3,91.7,Legendary,68.3,65.0,81.7,91.5,98.7,2.0999999999999943,-1.0999999999999943,11.099999999999994,4.8999999999999915,3.4000000000000057,0.5999999999999943
chandsp01,Spud Chandler,SP,Integration (1942-1960),91.1,Legendary,42.9,70.7,89.3,102.7,94.6,86.1,Epic,32.7,74.9,80.1,99.9,79.3,5.0,10.199999999999996,-4.200000000000003,9.200000000000003,2.799999999999997,15.299999999999997
chapmar01,Aroldis Chapman,RP,Efficiency Era (2006-2015),92.1,Legendary,125.0,50.6,122.3,78.2,33.2,92.9,Legendary,125.0,48.7,125.0,86.7,30.9,-0.8000000000000114,0.0,1.8999999999999986,-2.700000000000003,-8.5,2.3000000000000043
chargjt01,J. T. Chargois,RP,Modern Era (2016-Pres),58.6,Common,39.4,43.4,55.3,58.2,21.4,59.9,Common,49.2,48.4,67.6,52.4,21.6,-1.2999999999999972,-9.800000000000004,-5.0,-12.299999999999997,5.800000000000004,-0.20000000000000284
charlno01,Norm Charlton,RP,Big Hair Era (1977-1993),67.2,Uncommon,61.0,36.1,61.4,64.4,46.0,80.7,Epic,91.9,41.4,92.5,66.9,41.5,-13.5,-30.900000000000006,-5.299999999999997,-31.1,-2.5,4.5
charlpo01,Porter Charleston,SP,Golden Era (1920-1941),63.4,Uncommon,64.2,63.7,49.8,43.9,32.1,74.0,Rare,64.0,75.4,52.1,50.3,58.3,-10.600000000000001,0.20000000000000284,-11.700000000000003,-2.3000000000000043,-6.399999999999999,-26.199999999999996
chaseke01,Ken Chase,SP,Golden Era (1920-1941),66.8,Uncommon,60.0,5.0,55.2,65.1,82.2,63.0,Uncommon,63.0,5.0,52.8,68.6,62.8,3.799999999999997,-3.0,0.0,2.4000000000000057,-3.5,19.400000000000006
chatwty01,Tyler Chatwood,SP,Modern Era (2016-Pres),57.6,Common,35.6,22.4,25.9,54.8,63.6,57.1,Common,39.3,25.4,32.4,53.2,42.3,0.5,-3.6999999999999957,-3.0,-6.5,1.5999999999999943,21.300000000000004
chaveje01,Jesse Chavez,RP,Modern Era (2016-Pres),59.5,Common,49.7,70.0,46.6,43.5,23.7,62.4,Uncommon,58.3,70.5,36.3,42.0,42.7,-2.8999999999999986,-8.599999999999994,-0.5,10.300000000000004,1.5,-19.000000000000004
chenbr01,Bruce Chen,SP,Steroid Era (1994-2005),59.0,Common,52.0,61.1,53.9,5.4,52.2,58.9,Common,40.8,67.0,41.3,9.8,64.4,0.10000000000000142,11.200000000000003,-5.899999999999999,12.600000000000001,-4.4,-12.200000000000003
chenela01,Larry Cheney,SP,Deadball (1901-1919),79.6,Rare,48.1,41.3,60.3,76.4,102.3,82.0,Epic,58.9,33.1,83.0,74.8,92.6,-2.4000000000000057,-10.799999999999997,8.199999999999996,-22.700000000000003,1.6000000000000085,9.700000000000003
cheneto01,Tom Cheney,SP,Expansion (1961-1976),68.6,Uncommon,68.9,21.2,83.0,45.4,56.2,59.5,Common,66.2,22.5,80.4,33.7,31.2,9.099999999999994,2.700000000000003,-1.3000000000000007,2.5999999999999943,11.699999999999996,25.000000000000004
chenwe02,Wei-Yin Chen,SP,Efficiency Era (2006-2015),62.4,Uncommon,53.4,87.2,22.0,5.0,82.2,60.6,Uncommon,53.0,86.6,28.8,9.0,64.9,1.7999999999999972,0.3999999999999986,0.6000000000000085,-6.800000000000001,-4.0,17.299999999999997
chesbja01,Jack Chesbro,SP,Deadball (1901-1919),97.4,Legendary,53.3,96.1,81.3,110.7,116.0,94.9,Legendary,52.2,93.0,69.6,109.4,110.3,2.5,1.0999999999999943,3.0999999999999943,11.700000000000003,1.2999999999999972,5.700000000000003
chipmbo01,Bob Chipman,RP,Integration (1942-1960),57.8,Common,36.7,20.0,37.3,66.0,45.4,58.0,Common,29.7,30.7,42.7,64.6,40.6,-0.20000000000000284,7.0000000000000036,-10.7,-5.400000000000006,1.4000000000000057,4.799999999999997
choatra01,Randy Choate,RP,Efficiency Era (2006-2015),65.0,Uncommon,47.0,34.4,77.6,79.0,22.2,70.0,Rare,54.5,40.7,74.8,87.7,22.5,-5.0,-7.5,-6.300000000000004,2.799999999999997,-8.700000000000003,-0.3000000000000007
chrisja01,Jason Christiansen,RP,Steroid Era (1994-2005),63.6,Uncommon,71.0,39.6,56.6,64.7,22.8,67.2,Uncommon,75.2,21.3,75.2,73.6,23.9,-3.6000000000000014,-4.200000000000003,18.3,-18.6,-8.899999999999991,-1.0999999999999979
chrisla01,Larry Christenson,SP,Big Hair Era (1977-1993),81.0,Epic,42.0,88.3,51.3,67.1,87.1,75.5,Rare,37.2,84.5,41.0,69.0,76.1,5.5,4.799999999999997,3.799999999999997,10.299999999999997,-1.9000000000000057,11.0
chrisru01,Russ Christopher,RP,Integration (1942-1960),78.2,Rare,31.3,63.9,52.8,95.6,77.8,74.5,Rare,32.7,48.1,58.5,98.5,65.1,3.700000000000003,-1.4000000000000021,15.799999999999997,-5.700000000000003,-2.9000000000000057,12.700000000000003
chulkvi01,Vinnie Chulk,RP,Efficiency Era (2006-2015),56.9,Common,36.3,48.0,29.7,45.0,30.2,56.6,Common,35.5,48.9,36.8,41.1,22.9,0.29999999999999716,0.7999999999999972,-0.8999999999999986,-7.099999999999998,3.8999999999999986,7.300000000000001
churcbu01,Bubba Church,SP,Integration (1942-1960),59.0,Common,30.6,44.8,42.0,33.5,73.8,56.0,Common,27.9,51.9,30.7,8.0,55.7,3.0,2.700000000000003,-7.100000000000001,11.3,25.5,18.099999999999994
cicoted01,Eddie Cicotte,SP,Deadball (1901-1919),94.5,Legendary,36.3,90.6,90.3,104.1,109.3,92.1,Legendary,35.7,86.6,73.4,110.4,103.4,2.4000000000000057,0.5999999999999943,4.0,16.89999999999999,-6.300000000000011,5.8999999999999915
cimbead01,Adam Cimber,RP,Modern Era (2016-Pres),57.8,Common,22.8,62.1,30.1,69.6,21.1,59.7,Common,34.4,72.1,37.1,68.3,24.2,-1.9000000000000057,-11.599999999999998,-9.999999999999993,-7.0,1.2999999999999972,-3.099999999999998
cingrto01,Tony Cingrani,RP,Modern Era (2016-Pres),58.7,Common,56.6,26.1,67.3,41.9,28.8,58.9,Common,79.5,28.9,69.9,19.9,24.6,-0.19999999999999574,-22.9,-2.799999999999997,-2.6000000000000085,22.0,4.199999999999999
cishest01,Steve Cishek,RP,Modern Era (2016-Pres),70.4,Rare,59.2,42.2,78.3,68.5,34.0,77.5,Rare,66.7,48.2,92.4,79.8,30.8,-7.099999999999994,-7.5,-6.0,-14.100000000000009,-11.299999999999997,3.1999999999999993
cisnejo01,Jose Cisnero,RP,Modern Era (2016-Pres),59.0,Common,48.9,24.6,57.9,70.1,22.8,57.5,Common,60.3,23.3,40.1,54.6,22.4,1.5,-11.399999999999999,1.3000000000000007,17.799999999999997,15.499999999999993,0.40000000000000213
civalaa01,Aaron Civale,SP,Modern Era (2016-Pres),59.0,Common,47.5,70.4,45.4,21.6,40.9,60.3,Uncommon,56.3,76.4,42.2,16.3,50.2,-1.2999999999999972,-8.799999999999997,-6.0,3.1999999999999957,5.300000000000001,-9.300000000000004
clancji01,Jim Clancy,SP,Big Hair Era (1977-1993),70.5,Rare,48.1,44.5,48.6,43.2,98.0,69.9,Uncommon,40.3,57.2,47.9,44.7,89.9,0.5999999999999943,7.800000000000004,-12.700000000000003,0.7000000000000028,-1.5,8.099999999999994
clarkbr01,Bryan Clark,RP,Big Hair Era (1977-1993),57.7,Common,34.5,24.2,39.5,58.1,47.4,56.9,Common,34.7,20.5,36.0,66.7,32.4,0.8000000000000043,-0.20000000000000284,3.6999999999999993,3.5,-8.600000000000001,15.0
clarkda01,Dad Clarke,SP,The Genesis Era (1871-1900),71.0,Rare,13.9,99.1,5.0,72.0,95.0,59.1,Common,19.5,93.0,5.0,53.2,56.6,11.899999999999999,-5.6,6.099999999999994,0.0,18.799999999999997,38.4
clarkda02,Dad Clarkson,SP,The Genesis Era (1871-1900),54.7,Common,24.3,30.8,21.4,16.8,59.9,53.9,Common,19.5,25.9,9.3,29.9,55.7,0.8000000000000043,4.800000000000001,4.900000000000002,12.099999999999998,-13.099999999999998,4.199999999999996
clarkjo01,John Clarkson,SP,The Genesis Era (1871-1900),88.8,Epic,47.0,76.1,67.5,67.9,125.0,86.6,Epic,52.4,62.0,75.6,54.8,125.0,2.200000000000003,-5.399999999999999,14.099999999999994,-8.099999999999994,13.100000000000009,0.0
clarkma01,Mark Clark,SP,Steroid Era (1994-2005),59.0,Common,35.0,75.7,5.5,36.5,72.4,62.5,Uncommon,36.5,84.7,22.0,40.7,66.0,-3.5,-1.5,-9.0,-16.5,-4.200000000000003,6.400000000000006
clarkta01,Taylor Clarke,RP,Modern Era (2016-Pres),58.0,Common,43.2,65.7,50.2,24.6,24.8,56.0,Common,50.1,62.0,29.0,5.8,28.1,2.0,-6.899999999999999,3.700000000000003,21.200000000000003,18.8,-3.3000000000000007
clarkwa02,Watson Clark,SP,Golden Era (1920-1941),83.8,Epic,47.0,83.0,34.0,94.6,94.3,81.4,Epic,34.7,98.6,42.0,75.7,87.4,2.3999999999999915,12.299999999999997,-15.599999999999994,-8.0,18.89999999999999,6.8999999999999915
clarkwe01,Vibert Clarke,SP,Integration (1942-1960),59.6,Common,56.4,44.3,47.9,62.6,23.0,64.1,Uncommon,55.2,52.5,44.6,63.3,40.9,-4.499999999999993,1.1999999999999957,-8.200000000000003,3.299999999999997,-0.6999999999999957,-17.9
claseem01,Emmanuel Clase,RP,Modern Era (2016-Pres),88.4,Epic,58.2,88.9,101.5,96.5,36.1,85.0,Epic,56.8,90.3,86.2,96.9,30.2,3.4000000000000057,1.4000000000000057,-1.3999999999999915,15.299999999999997,-0.4000000000000057,5.900000000000002
claudal01,Alex Claudio,RP,Modern Era (2016-Pres),59.2,Common,24.8,83.3,5.0,80.9,33.8,58.8,Common,28.8,76.6,22.6,70.3,23.9,0.4000000000000057,-4.0,6.700000000000003,-17.6,10.600000000000009,9.899999999999999
clearma01,Mark Clear,RP,Big Hair Era (1977-1993),70.3,Rare,99.1,5.0,75.0,56.1,46.4,74.6,Rare,108.9,5.0,83.7,62.8,42.6,-4.299999999999997,-9.800000000000011,0.0,-8.700000000000003,-6.699999999999996,3.799999999999997
clemema01,Matt Clement,SP,Steroid Era (1994-2005),78.8,Rare,87.6,42.0,64.8,47.1,82.9,75.0,Rare,77.3,38.8,62.2,53.4,73.3,3.799999999999997,10.299999999999997,3.200000000000003,2.5999999999999943,-6.299999999999997,9.600000000000009
clemepa01,Pat Clements,RP,Big Hair Era (1977-1993),58.1,Common,28.4,32.8,53.2,68.6,26.2,58.1,Common,25.8,36.4,40.7,81.4,25.1,0.0,2.599999999999998,-3.6000000000000014,12.5,-12.800000000000011,1.0999999999999979
clemero02,Roger Clemens,SP,Big Hair Era (1977-1993),98.2,Legendary,110.9,79.9,77.8,96.7,99.1,99.9,Legendary,111.2,82.5,99.1,92.0,98.3,-1.7000000000000028,-0.29999999999999716,-2.5999999999999943,-21.299999999999997,4.700000000000003,0.7999999999999972
clevere01,Reggie Cleveland,SP,Expansion (1961-1976),69.2,Uncommon,25.3,72.8,21.3,74.1,83.5,69.0,Uncommon,29.4,78.1,27.7,64.1,77.0,0.20000000000000284,-4.099999999999998,-5.299999999999997,-6.399999999999999,10.0,6.5
clevete01,Tex Clevenger,RP,Integration (1942-1960),61.2,Uncommon,60.3,47.4,38.3,40.1,58.8,58.6,Common,59.1,39.1,45.0,34.7,40.3,2.6000000000000014,1.1999999999999957,8.299999999999997,-6.700000000000003,5.399999999999999,18.5
clevimi01,Mike Clevinger,SP,Modern Era (2016-Pres),77.7,Rare,78.2,60.3,62.6,48.8,69.0,71.7,Rare,71.7,52.6,70.8,40.4,53.0,6.0,6.5,7.699999999999996,-8.199999999999996,8.399999999999999,16.0
clippty01,Tyler Clippard,RP,Efficiency Era (2006-2015),79.4,Rare,88.0,49.0,113.1,35.8,41.4,81.3,Epic,93.6,55.2,122.8,30.0,36.5,-1.8999999999999915,-5.599999999999994,-6.200000000000003,-9.700000000000003,5.799999999999997,4.899999999999999
clonito01,Tony Cloninger,SP,Expansion (1961-1976),72.4,Rare,51.4,31.9,56.6,60.6,91.5,66.4,Uncommon,53.9,32.6,55.7,43.4,80.2,6.0,-2.5,-0.7000000000000028,0.8999999999999986,17.200000000000003,11.299999999999997
clontbr01,Brad Clontz,RP,Steroid Era (1994-2005),58.8,Common,55.3,49.4,30.4,58.7,27.7,58.4,Common,51.3,44.4,46.2,48.0,24.8,0.3999999999999986,4.0,5.0,-15.800000000000004,10.700000000000003,2.8999999999999986
coaklan01,Andy Coakley,SP,Deadball (1901-1919),76.7,Rare,41.4,62.6,54.7,77.9,77.0,76.5,Rare,37.7,61.8,50.0,96.6,66.5,0.20000000000000284,3.6999999999999957,0.8000000000000043,4.700000000000003,-18.69999999999999,10.5
coateji01,Jim Coates,RP,Expansion (1961-1976),58.4,Common,43.4,43.0,49.1,34.8,44.0,58.4,Common,45.3,43.5,49.2,42.9,33.8,0.0,-1.8999999999999986,-0.5,-0.10000000000000142,-8.100000000000001,10.200000000000003
cobbal01,Alex Cobb,SP,Modern Era (2016-Pres),73.5,Rare,50.9,71.2,45.5,56.7,73.2,72.6,Rare,56.1,74.3,37.7,63.4,61.5,0.9000000000000057,-5.200000000000003,-3.0999999999999943,7.799999999999997,-6.699999999999996,11.700000000000003
cockrph01,Phil Cockrell,SP,Golden Era (1920-1941),65.0,Uncommon,39.1,58.7,40.6,55.6,66.3,75.9,Rare,44.1,63.7,52.4,55.5,94.1,-10.900000000000006,-5.0,-5.0,-11.799999999999997,0.10000000000000142,-27.799999999999997
codirch01,Chris Codiroli,SP,Big Hair Era (1977-1993),58.1,Common,21.5,54.3,24.9,41.4,67.8,55.5,Common,24.6,48.1,25.4,22.6,45.2,2.6000000000000014,-3.1000000000000014,6.199999999999996,-0.5,18.799999999999997,22.599999999999994
coffeto01,Todd Coffey,RP,Efficiency Era (2006-2015),58.5,Common,44.6,61.8,31.2,51.6,28.2,56.7,Common,41.0,67.8,8.6,42.6,26.9,1.7999999999999972,3.6000000000000014,-6.0,22.6,9.0,1.3000000000000007
coffmdi01,Dick Coffman,RP,Golden Era (1920-1941),59.6,Common,10.6,65.1,40.1,64.2,55.6,57.7,Common,11.3,62.4,13.1,57.4,59.7,1.8999999999999986,-0.7000000000000011,2.6999999999999957,27.0,6.800000000000004,-4.100000000000001
cohenji01,Jim Cohen,SP,Integration (1942-1960),62.0,Uncommon,50.9,58.2,48.0,52.0,38.8,67.5,Uncommon,51.5,60.5,52.6,52.0,53.7,-5.5,-0.6000000000000014,-2.299999999999997,-4.600000000000001,0.0,-14.900000000000006
cokeph01,Phil Coke,RP,Efficiency Era (2006-2015),58.2,Common,50.7,52.5,15.0,70.3,23.9,58.6,Common,44.7,55.3,23.8,67.8,26.4,-0.3999999999999986,6.0,-2.799999999999997,-8.8,2.5,-2.5
colboji01,Jim Colborn,SP,Expansion (1961-1976),66.9,Uncommon,15.2,73.5,25.5,54.3,99.5,64.8,Uncommon,19.9,76.9,27.4,48.9,86.2,2.1000000000000085,-4.699999999999999,-3.4000000000000057,-1.8999999999999986,5.399999999999999,13.299999999999997
colege01,Gerrit Cole,SP,Modern Era (2016-Pres),92.5,Legendary,116.6,88.0,91.9,30.9,85.2,91.4,Legendary,103.7,87.8,86.0,39.9,85.6,1.0999999999999943,12.899999999999991,0.20000000000000284,5.900000000000006,-9.0,-0.3999999999999915
coleki01,King Cole,SP,Deadball (1901-1919),69.4,Uncommon,43.3,5.0,66.7,77.8,85.2,59.1,Common,43.3,12.0,58.7,54.9,57.2,10.300000000000004,0.0,-7.0,8.0,22.9,28.0
colemjo04,Joe Coleman,SP,Integration (1942-1960),65.8,Uncommon,33.9,23.9,38.8,74.8,92.2,59.1,Common,30.4,31.7,40.8,62.5,62.1,6.699999999999996,3.5,-7.800000000000001,-2.0,12.299999999999997,30.1
colemjo05,Joe Coleman,SP,Expansion (1961-1976),82.5,Epic,75.0,52.7,62.1,50.6,104.9,79.2,Rare,65.7,57.2,64.1,44.4,95.0,3.299999999999997,9.299999999999997,-4.5,-1.999999999999993,6.200000000000003,9.900000000000006
colemlo01,Louis Coleman,RP,Efficiency Era (2006-2015),59.8,Common,58.5,43.7,71.1,40.9,24.4,58.8,Common,64.9,35.6,69.1,29.0,22.9,1.0,-6.400000000000006,8.100000000000001,2.0,11.899999999999999,1.5
colliph01,Phil Collins,SP,Golden Era (1920-1941),56.2,Common,16.7,49.5,5.0,10.3,96.2,54.9,Common,21.8,44.7,7.1,5.0,78.1,1.3000000000000043,-5.100000000000001,4.799999999999997,-2.0999999999999996,5.300000000000001,18.10000000000001
collira01,Ray Collins,SP,Deadball (1901-1919),85.2,Epic,36.8,99.5,44.4,87.8,93.1,84.0,Epic,33.0,94.7,49.8,94.4,82.4,1.2000000000000028,3.799999999999997,4.799999999999997,-5.399999999999999,-6.6000000000000085,10.699999999999989
colliri01,Rip Collins,SP,Golden Era (1920-1941),71.7,Rare,26.4,39.2,46.4,96.2,80.2,66.2,Uncommon,27.5,38.7,50.8,73.3,74.9,5.5,-1.1000000000000014,0.5,-4.399999999999999,22.900000000000006,5.299999999999997
colliti01,Tim Collins,RP,Efficiency Era (2006-2015),57.8,Common,70.8,8.9,62.3,36.9,26.6,58.8,Common,65.2,16.9,65.3,50.0,23.5,-1.0,5.599999999999994,-7.999999999999998,-3.0,-13.100000000000001,3.1000000000000014
collmjo01,Josh Collmenter,RP,Efficiency Era (2006-2015),68.2,Uncommon,40.7,90.6,44.7,32.5,64.5,61.5,Uncommon,41.4,87.7,43.9,25.3,47.7,6.700000000000003,-0.6999999999999957,2.8999999999999915,0.8000000000000043,7.199999999999999,16.799999999999997
colluja01,Jackie Collum,RP,Integration (1942-1960),58.2,Common,35.1,69.0,37.3,27.0,44.0,57.0,Common,28.7,61.5,41.7,29.1,30.9,1.2000000000000028,6.400000000000002,7.5,-4.400000000000006,-2.1000000000000014,13.100000000000001
colomal01,Alex Colome,RP,Modern Era (2016-Pres),60.3,Uncommon,58.7,59.2,50.7,49.2,23.3,68.9,Uncommon,52.5,61.7,63.5,69.3,29.1,-8.600000000000009,6.200000000000003,-2.5,-12.799999999999997,-20.099999999999994,-5.800000000000001
colomje01,Jesus Colome,RP,Efficiency Era (2006-2015),57.2,Common,39.7,34.3,60.0,35.5,26.0,57.6,Common,47.8,19.2,65.5,44.5,24.1,-0.3999999999999986,-8.099999999999994,15.099999999999998,-5.5,-9.0,1.8999999999999986
colonba01,Bartolo Colon,SP,Steroid Era (1994-2005),73.0,Rare,38.0,87.0,39.0,66.8,64.5,78.6,Rare,64.3,63.6,55.0,52.2,88.4,-5.599999999999994,-26.299999999999997,23.4,-16.0,14.599999999999994,-23.900000000000006
coneda01,David Cone,SP,Steroid Era (1994-2005),75.5,Rare,61.5,37.3,79.2,57.6,72.4,89.8,Epic,83.9,43.4,98.6,73.2,90.0,-14.299999999999997,-22.400000000000006,-6.100000000000001,-19.39999999999999,-15.600000000000001,-17.599999999999994
conlege01,Gene Conley,SP,Integration (1942-1960),78.9,Rare,64.8,73.9,49.0,56.2,81.0,70.9,Rare,61.6,72.4,45.2,24.0,81.2,8.0,3.1999999999999957,1.5,3.799999999999997,32.2,-0.20000000000000284
connasa01,Sarge Connally,RP,Golden Era (1920-1941),59.2,Common,27.6,40.1,18.5,78.7,63.9,58.7,Common,29.9,25.6,25.4,82.1,57.8,0.5,-2.299999999999997,14.5,-6.899999999999999,-3.3999999999999915,6.100000000000001
consusa01,Sandy Consuegra,RP,Integration (1942-1960),63.4,Uncommon,16.6,90.6,38.0,66.7,42.0,63.0,Uncommon,5.0,74.2,39.5,79.5,53.8,0.3999999999999986,11.600000000000001,16.39999999999999,-1.5,-12.799999999999997,-11.799999999999997
contrjo01,Jose Contreras,SP,Efficiency Era (2006-2015),63.4,Uncommon,40.1,62.2,34.7,39.3,77.6,61.6,Uncommon,44.7,61.9,28.1,48.4,63.4,1.7999999999999972,-4.600000000000001,0.30000000000000426,6.600000000000001,-9.100000000000001,14.199999999999996
conwape01,Pete Conway,SP,The Genesis Era (1871-1900),76.8,Rare,37.0,67.9,82.0,46.3,81.2,71.6,Rare,47.9,65.2,46.0,41.0,88.1,5.200000000000003,-10.899999999999999,2.700000000000003,36.0,5.299999999999997,-6.8999999999999915
cookaa01,Aaron Cook,SP,Efficiency Era (2006-2015),59.7,Common,7.4,80.1,5.0,60.5,83.3,58.5,Common,5.0,80.9,5.0,62.8,63.1,1.2000000000000028,2.4000000000000004,-0.8000000000000114,0.0,-2.299999999999997,20.199999999999996
cookde01,Dennis Cook,RP,Big Hair Era (1977-1993),67.9,Uncommon,94.8,33.5,69.5,40.5,33.6,59.0,Common,58.6,53.1,60.8,6.4,45.4,8.900000000000006,36.199999999999996,-19.6,8.700000000000003,34.1,-11.799999999999997
cookry01,Ryan Cook,RP,Efficiency Era (2006-2015),75.9,Rare,69.4,44.4,84.8,79.5,31.8,66.9,Uncommon,66.5,42.8,71.6,63.9,22.9,9.0,2.9000000000000057,1.6000000000000014,13.200000000000003,15.600000000000001,8.900000000000002
coombda01,Danny Coombs,RP,Expansion (1961-1976),59.4,Common,45.4,42.3,24.8,76.6,42.6,58.7,Common,51.2,43.5,23.9,76.2,24.4,0.6999999999999957,-5.800000000000004,-1.2000000000000028,0.9000000000000021,0.3999999999999915,18.200000000000003
coombja01,Jack Coombs,SP,Deadball (1901-1919),90.9,Legendary,57.0,32.4,98.7,112.3,97.7,86.6,Epic,57.9,38.3,76.0,105.8,92.0,4.300000000000011,-0.8999999999999986,-5.899999999999999,22.700000000000003,6.5,5.700000000000003
coopean99,Andy Cooper,SP,Golden Era (1920-1941),80.1,Epic,50.0,92.7,57.6,65.3,64.9,80.6,Epic,41.8,97.9,57.8,68.3,67.8,-0.5,8.200000000000003,-5.200000000000003,-0.19999999999999574,-3.0,-2.8999999999999915
coopeda02,Darltie Cooper,SP,Golden Era (1920-1941),72.0,Rare,28.2,79.6,47.7,63.0,71.7,73.3,Rare,34.2,66.7,40.0,61.8,93.8,-1.2999999999999972,-6.0000000000000036,12.899999999999991,7.700000000000003,1.2000000000000028,-22.099999999999994
coopemo01,Mort Cooper,SP,Integration (1942-1960),94.7,Legendary,41.8,86.4,85.2,117.6,101.3,89.5,Epic,44.0,77.7,72.2,102.9,90.9,5.200000000000003,-2.200000000000003,8.700000000000003,13.0,14.699999999999989,10.399999999999991
coopewi01,Wilbur Cooper,SP,Deadball (1901-1919),80.2,Epic,26.8,100.3,22.3,72.7,109.1,84.4,Epic,33.4,89.0,53.6,73.8,106.6,-4.200000000000003,-6.599999999999998,11.299999999999997,-31.3,-1.0999999999999943,2.5
corbedo01,Doug Corbett,RP,Big Hair Era (1977-1993),74.7,Rare,49.9,54.0,69.1,81.5,49.2,65.5,Uncommon,50.3,56.4,67.2,52.2,36.2,9.200000000000003,-0.3999999999999986,-2.3999999999999986,1.8999999999999915,29.299999999999997,13.0
corbipa01,Patrick Corbin,SP,Modern Era (2016-Pres),84.8,Epic,85.9,71.4,59.4,56.1,86.0,73.7,Rare,72.6,77.3,33.0,47.4,68.4,11.099999999999994,13.300000000000011,-5.8999999999999915,26.4,8.700000000000003,17.599999999999994
corcola01,Larry Corcoran,SP,The Genesis Era (1871-1900),91.6,Legendary,53.9,87.3,72.3,65.8,125.0,91.7,Legendary,56.6,86.2,82.2,65.3,115.4,-0.10000000000000853,-2.700000000000003,1.0999999999999943,-9.900000000000006,0.5,9.599999999999994
cordech01,Chad Cordero,RP,Efficiency Era (2006-2015),61.6,Uncommon,62.0,50.7,72.6,22.8,38.4,60.3,Uncommon,59.0,53.1,70.7,34.1,24.4,1.3000000000000043,3.0,-2.3999999999999986,1.8999999999999915,-11.3,14.0
cordefr01,Francisco Cordero,RP,Steroid Era (1994-2005),77.9,Rare,80.5,42.8,71.8,91.6,33.3,83.4,Epic,87.2,51.1,86.8,91.8,33.5,-5.5,-6.700000000000003,-8.300000000000004,-15.0,-0.20000000000000284,-0.20000000000000284
cordofr01,Francisco Cordova,SP,Steroid Era (1994-2005),71.2,Rare,44.8,65.9,38.0,56.1,81.2,70.6,Rare,50.7,70.8,40.9,53.4,67.3,0.6000000000000085,-5.900000000000006,-4.8999999999999915,-2.8999999999999986,2.700000000000003,13.900000000000006
cormila01,Lance Cormier,RP,Efficiency Era (2006-2015),55.5,Common,21.6,33.1,18.0,58.1,35.2,52.7,Common,26.6,26.8,5.0,31.3,30.2,2.799999999999997,-5.0,6.300000000000001,13.0,26.8,5.0000000000000036
cormirh01,Rheal Cormier,RP,Steroid Era (1994-2005),65.8,Uncommon,38.7,60.7,74.2,66.0,23.8,71.2,Rare,37.1,86.0,46.4,66.2,50.2,-5.400000000000006,1.6000000000000014,-25.299999999999997,27.800000000000004,-0.20000000000000284,-26.400000000000002
cornewi01,Willie Cornelius,SP,Golden Era (1920-1941),80.3,Epic,81.6,53.4,84.0,69.4,43.6,85.2,Epic,83.5,61.6,79.6,79.4,57.3,-4.900000000000006,-1.9000000000000057,-8.200000000000003,4.400000000000006,-10.0,-13.699999999999996
corpama01,Manny Corpas,RP,Efficiency Era (2006-2015),58.7,Common,38.9,67.9,26.3,55.0,31.7,57.9,Common,38.8,69.3,23.4,48.2,26.7,0.8000000000000043,0.10000000000000142,-1.3999999999999915,2.900000000000002,6.799999999999997,5.0
correke01,Kevin Correia,SP,Efficiency Era (2006-2015),57.9,Common,36.5,65.1,11.0,39.0,55.6,58.4,Common,34.6,65.5,22.8,37.2,55.0,-0.5,1.8999999999999986,-0.4000000000000057,-11.8,1.7999999999999972,0.6000000000000014
corrifr01,Frank Corridon,SP,Deadball (1901-1919),66.9,Uncommon,26.9,59.5,56.2,63.4,61.7,81.6,Epic,32.5,57.6,58.3,105.4,85.6,-14.699999999999989,-5.600000000000001,1.8999999999999986,-2.0999999999999943,-42.00000000000001,-23.89999999999999
corsiji01,Jim Corsi,RP,Steroid Era (1994-2005),59.4,Common,38.4,36.9,61.3,64.4,30.8,62.1,Uncommon,35.5,45.3,65.9,75.7,25.9,-2.700000000000003,2.8999999999999986,-8.399999999999999,-4.6000000000000085,-11.299999999999997,4.900000000000002
cortene01,Nestor Cortes,SP,Modern Era (2016-Pres),76.3,Rare,70.0,80.9,68.2,27.8,64.8,60.5,Uncommon,66.4,70.4,56.1,7.1,42.0,15.799999999999997,3.5999999999999943,10.5,12.100000000000001,20.700000000000003,22.799999999999997
cottsne01,Neal Cotts,RP,Efficiency Era (2006-2015),70.9,Rare,66.4,45.7,82.9,61.9,27.8,59.8,Common,67.4,48.3,59.4,37.5,25.3,11.100000000000009,-1.0,-2.5999999999999943,23.500000000000007,24.4,2.5
couloda01,Danny Coulombe,RP,Modern Era (2016-Pres),59.5,Common,48.1,53.6,47.6,61.9,21.3,66.5,Uncommon,54.9,57.9,68.8,61.8,22.7,-7.0,-6.799999999999997,-4.299999999999997,-21.199999999999996,0.10000000000000142,-1.3999999999999986
coumbfr01,Fritz Coumbe,RP,Deadball (1901-1919),57.6,Common,25.9,56.6,23.4,42.6,52.4,58.9,Common,15.5,63.4,27.0,66.3,50.7,-1.2999999999999972,10.399999999999999,-6.799999999999997,-3.6000000000000014,-23.699999999999996,1.6999999999999957
covelha01,Harry Coveleski,SP,Deadball (1901-1919),88.6,Epic,34.5,69.9,69.6,97.7,110.5,82.8,Epic,40.6,66.7,75.8,90.9,73.1,5.799999999999997,-6.100000000000001,3.200000000000003,-6.200000000000003,6.799999999999997,37.400000000000006
covelst01,Stan Coveleski,SP,Golden Era (1920-1941),96.4,Legendary,28.7,81.8,103.1,125.0,109.4,92.1,Legendary,24.8,86.1,73.3,118.9,106.4,4.300000000000011,3.8999999999999986,-4.299999999999997,29.799999999999997,6.099999999999994,3.0
coxca01,Casey Cox,RP,Expansion (1961-1976),58.7,Common,21.2,54.9,39.7,56.5,47.0,58.1,Common,13.1,71.6,29.1,48.6,47.1,0.6000000000000014,8.1,-16.699999999999996,10.600000000000001,7.899999999999999,-0.10000000000000142
coxda01,Danny Cox,SP,Big Hair Era (1977-1993),76.4,Rare,43.5,72.9,56.7,59.3,79.8,70.3,Rare,39.1,72.7,45.6,62.8,61.2,6.1000000000000085,4.399999999999999,0.20000000000000284,11.100000000000001,-3.5,18.599999999999994
crabtti01,Tim Crabtree,RP,Steroid Era (1994-2005),66.7,Uncommon,54.2,56.8,36.7,82.9,36.3,59.0,Common,50.4,53.9,20.0,73.0,28.1,7.700000000000003,3.8000000000000043,2.8999999999999986,16.700000000000003,9.900000000000006,8.199999999999996
craigro01,Roger Craig,SP,Integration (1942-1960),59.1,Common,49.1,62.4,38.5,5.0,71.6,63.9,Uncommon,49.6,71.2,46.3,12.6,76.2,-4.799999999999997,-0.5,-8.800000000000004,-7.799999999999997,-7.6,-4.6000000000000085
crainje01,Jesse Crain,RP,Efficiency Era (2006-2015),63.1,Uncommon,44.7,44.0,70.5,62.9,30.3,70.7,Rare,54.2,51.3,82.1,67.1,28.7,-7.600000000000001,-9.5,-7.299999999999997,-11.599999999999994,-4.199999999999996,1.6000000000000014
cranddo01,Doc Crandall,SP,Deadball (1901-1919),68.2,Uncommon,34.4,77.9,29.2,36.6,95.2,65.5,Uncommon,33.4,80.6,32.1,34.1,82.0,2.700000000000003,1.0,-2.6999999999999886,-2.900000000000002,2.5,13.200000000000003
craneed01,Ed Crane,SP,The Genesis Era (1871-1900),62.5,Uncommon,60.8,5.0,50.6,49.1,84.8,64.4,Uncommon,57.5,5.0,59.4,47.5,88.2,-1.9000000000000057,3.299999999999997,0.0,-8.799999999999997,1.6000000000000014,-3.4000000000000057
crawfsa02,Sam Crawford,SP,Golden Era (1920-1941),77.6,Rare,61.3,60.0,73.0,80.9,43.3,79.2,Rare,61.7,53.2,52.6,82.4,76.8,-1.6000000000000085,-0.4000000000000057,6.799999999999997,20.4,-1.5,-33.5
crawfst01,Steve Crawford,RP,Big Hair Era (1977-1993),58.2,Common,39.8,57.7,31.5,49.8,32.7,58.1,Common,38.9,67.9,16.7,59.6,27.5,0.10000000000000142,0.8999999999999986,-10.200000000000003,14.8,-9.800000000000004,5.200000000000003
creekdo01,Doug Creek,RP,Steroid Era (1994-2005),57.4,Common,75.7,5.0,64.6,28.8,24.1,57.7,Common,80.3,5.0,68.9,28.6,21.2,-0.30000000000000426,-4.599999999999994,0.0,-4.300000000000011,0.1999999999999993,2.900000000000002
crewsti01,Tim Crews,RP,Big Hair Era (1977-1993),62.8,Uncommon,56.7,74.8,40.1,44.2,35.4,63.6,Uncommon,58.5,78.9,27.7,53.6,35.7,-0.8000000000000043,-1.7999999999999972,-4.1000000000000085,12.400000000000002,-9.399999999999999,-0.30000000000000426
crimch01,Chuck Crim,RP,Big Hair Era (1977-1993),59.1,Common,29.4,67.2,36.1,38.7,55.0,58.2,Common,30.7,72.4,27.8,37.7,42.8,0.8999999999999986,-1.3000000000000007,-5.200000000000003,8.3,1.0,12.200000000000003
crochga01,Garrett Crochet,RP,Modern Era (2016-Pres),83.7,Epic,105.3,74.5,66.8,44.0,62.1,79.6,Rare,91.8,71.2,71.1,52.4,41.8,4.1000000000000085,13.5,3.299999999999997,-4.299999999999997,-8.399999999999999,20.300000000000004
cronija01,Jack Cronin,SP,Deadball (1901-1919),56.7,Common,47.7,62.9,36.9,5.0,34.5,58.0,Common,27.7,74.4,14.1,31.6,60.8,-1.2999999999999972,20.000000000000004,-11.500000000000007,22.799999999999997,-26.6,-26.299999999999997
crowaa01,Aaron Crow,RP,Efficiency Era (2006-2015),58.7,Common,64.3,36.9,46.8,42.7,29.1,58.9,Common,54.1,44.3,55.8,38.0,30.4,-0.19999999999999574,10.199999999999996,-7.399999999999999,-9.0,4.700000000000003,-1.2999999999999972
crowdal01,General Crowder,SP,Golden Era (1920-1941),77.2,Rare,22.3,63.5,53.6,77.7,99.1,72.3,Rare,21.4,68.3,43.9,56.4,101.8,4.900000000000006,0.9000000000000021,-4.799999999999997,9.700000000000003,21.300000000000004,-2.700000000000003
cruzju02,Juan Cruz,RP,Efficiency Era (2006-2015),64.1,Uncommon,73.7,21.5,71.3,53.8,36.4,65.8,Uncommon,79.7,21.8,78.0,54.8,29.2,-1.7000000000000028,-6.0,-0.3000000000000007,-6.700000000000003,-1.0,7.199999999999999
cruzne01,Nelson Cruz,RP,Steroid Era (1994-2005),58.5,Common,59.4,60.1,36.2,27.1,33.6,57.0,Common,57.1,68.7,31.2,5.9,29.4,1.5,2.299999999999997,-8.600000000000001,5.0000000000000036,21.200000000000003,4.200000000000003
cruzvi01,Victor Cruz,RP,Big Hair Era (1977-1993),62.8,Uncommon,85.4,31.7,70.8,35.6,27.9,63.6,Uncommon,81.2,31.4,78.7,34.7,28.4,-0.8000000000000043,4.200000000000003,0.3000000000000007,-7.900000000000006,0.8999999999999986,-0.5
cuellmi01,Mike Cuellar,SP,Expansion (1961-1976),91.3,Legendary,67.4,83.3,71.3,81.5,98.4,86.9,Epic,46.6,82.9,73.8,71.3,97.2,4.3999999999999915,20.800000000000004,0.3999999999999915,-2.5,10.200000000000003,1.2000000000000028
cuetojo01,Johnny Cueto,SP,Efficiency Era (2006-2015),90.6,Legendary,72.2,88.7,73.0,69.2,92.4,86.1,Epic,58.0,90.6,66.6,67.1,84.7,4.5,14.200000000000003,-1.8999999999999915,6.400000000000006,2.1000000000000085,7.700000000000003
culloni01,Nick Cullop,SP,Deadball (1901-1919),70.2,Rare,41.0,81.9,46.5,40.7,71.0,71.3,Rare,36.9,75.2,44.6,53.3,76.4,-1.0999999999999943,4.100000000000001,6.700000000000003,1.8999999999999986,-12.599999999999994,-5.400000000000006
culpra01,Ray Culp,SP,Expansion (1961-1976),80.8,Epic,79.3,48.6,74.5,39.1,93.4,79.9,Rare,73.3,50.7,72.8,44.3,88.9,0.8999999999999915,6.0,-2.1000000000000014,1.7000000000000028,-5.199999999999996,4.5
culvege01,George Culver,RP,Expansion (1961-1976),64.5,Uncommon,58.6,34.8,53.5,71.5,39.6,59.2,Common,42.8,32.5,25.6,79.0,47.6,5.299999999999997,15.800000000000004,2.299999999999997,27.9,-7.5,-8.0
cummica01,Candy Cummings,SP,The Genesis Era (1871-1900),68.9,Uncommon,9.2,103.4,10.1,69.2,83.9,87.9,Epic,5.8,123.8,5.9,123.8,118.7,-19.0,3.3999999999999995,-20.39999999999999,4.199999999999999,-54.599999999999994,-34.8
cunnibe01,Bert Cunningham,SP,The Genesis Era (1871-1900),77.7,Rare,5.0,93.5,13.7,97.0,109.7,76.3,Rare,13.1,73.5,36.6,94.5,94.1,1.4000000000000057,-8.1,20.0,-22.900000000000002,2.5,15.600000000000009
cuppyni01,George Cuppy,SP,The Genesis Era (1871-1900),84.7,Epic,20.1,81.3,52.7,84.4,119.7,77.4,Rare,13.8,82.8,43.0,77.6,100.2,7.299999999999997,6.300000000000001,-1.5,9.700000000000003,6.800000000000011,19.5
curryru01,Rube Curry,SP,Golden Era (1920-1941),84.7,Epic,55.6,85.5,40.6,97.4,79.2,91.0,Legendary,55.8,91.5,50.5,88.6,113.0,-6.299999999999997,-0.19999999999999574,-6.0,-9.899999999999999,8.800000000000011,-33.8
curtijo01,John Curtis,SP,Expansion (1961-1976),58.2,Common,32.3,44.0,11.8,46.6,77.6,59.2,Common,28.5,46.9,23.9,57.0,71.7,-1.0,3.799999999999997,-2.8999999999999986,-12.099999999999998,-10.399999999999999,5.8999999999999915
cushmed01,Ed Cushman,SP,The Genesis Era (1871-1900),77.7,Rare,58.7,34.2,56.4,77.5,92.2,77.1,Rare,66.5,46.2,41.5,74.9,86.6,0.6000000000000085,-7.799999999999997,-12.0,14.899999999999999,2.5999999999999943,5.6000000000000085
daalom01,Omar Daal,RP,Steroid Era (1994-2005),74.8,Rare,59.6,53.5,64.9,56.1,70.0,67.9,Uncommon,48.9,60.7,61.3,43.7,57.2,6.8999999999999915,10.700000000000003,-7.200000000000003,3.6000000000000085,12.399999999999999,12.799999999999997
dacqujo01,John D'Acquisto,RP,Big Hair Era (1977-1993),74.9,Rare,82.0,5.0,83.6,82.4,51.8,70.3,Rare,74.6,5.0,74.9,84.8,42.2,4.6000000000000085,7.400000000000006,0.0,8.699999999999989,-2.3999999999999915,9.599999999999994
dailebi01,Bill Dailey,RP,Expansion (1961-1976),67.2,Uncommon,45.5,71.0,60.3,63.9,28.4,62.2,Uncommon,45.8,62.0,57.0,56.6,27.5,5.0,-0.29999999999999716,9.0,3.299999999999997,7.299999999999997,0.8999999999999986
dailyhu01,Hugh Daily,SP,The Genesis Era (1871-1900),96.3,Legendary,113.0,81.7,62.7,83.2,106.6,86.5,Epic,90.5,59.1,54.3,70.7,94.5,9.799999999999997,22.5,22.6,8.400000000000006,12.5,12.099999999999994
dalcabr01,Bruce Dal Canton,RP,Expansion (1961-1976),70.7,Rare,41.0,37.4,52.2,92.5,60.5,66.9,Uncommon,34.8,43.0,56.5,88.6,45.1,3.799999999999997,6.200000000000003,-5.600000000000001,-4.299999999999997,3.9000000000000057,15.399999999999999
daleybu01,Bud Daley,RP,Integration (1942-1960),60.8,Uncommon,58.3,59.7,33.5,14.6,77.1,59.6,Common,58.9,68.1,40.2,23.3,45.2,1.1999999999999957,-0.6000000000000014,-8.399999999999991,-6.700000000000003,-8.700000000000001,31.89999999999999
damicje01,Jeff D'Amico,SP,Steroid Era (1994-2005),58.2,Common,40.3,65.7,41.6,5.0,59.2,58.0,Common,39.0,80.7,27.9,10.7,50.1,0.20000000000000284,1.2999999999999972,-15.0,13.700000000000003,-5.699999999999999,9.100000000000001
danfoda01,Dave Danforth,RP,Golden Era (1920-1941),69.5,Uncommon,39.5,34.7,50.1,73.0,81.1,67.3,Uncommon,43.8,41.2,47.9,72.2,64.3,2.200000000000003,-4.299999999999997,-6.5,2.200000000000003,0.7999999999999972,16.799999999999997
daniebe02,Bennie Daniels,SP,Expansion (1961-1976),59.6,Common,28.0,46.1,47.0,34.5,79.7,57.3,Common,22.1,48.4,35.2,33.9,56.9,2.3000000000000043,5.899999999999999,-2.299999999999997,11.799999999999997,0.6000000000000014,22.800000000000004
danksjo01,John Danks,SP,Efficiency Era (2006-2015),72.2,Rare,53.1,58.9,49.0,44.4,85.8,60.9,Uncommon,48.0,66.8,29.4,20.4,79.0,11.300000000000004,5.100000000000001,-7.899999999999999,19.6,24.0,6.799999999999997
darenvi01,Vic Darensbourg,RP,Steroid Era (1994-2005),61.1,Uncommon,62.6,43.8,57.3,54.9,25.9,58.2,Common,54.9,52.6,37.9,43.2,22.7,2.8999999999999986,7.700000000000003,-8.800000000000004,19.4,11.699999999999996,3.1999999999999993
darliro01,Ron Darling,SP,Big Hair Era (1977-1993),77.5,Rare,62.8,52.2,64.2,43.1,95.6,74.8,Rare,55.8,48.8,66.0,50.1,83.7,2.700000000000003,7.0,3.4000000000000057,-1.7999999999999972,-7.0,11.899999999999991
darviyu01,Yu Darvish,SP,Modern Era (2016-Pres),83.4,Epic,92.6,68.3,88.5,32.5,68.5,85.4,Epic,98.4,63.0,85.7,39.9,75.5,-2.0,-5.800000000000011,5.299999999999997,2.799999999999997,-7.399999999999999,-7.0
darwida01,Danny Darwin,RP,Big Hair Era (1977-1993),78.0,Rare,57.9,78.6,67.5,41.4,74.9,80.6,Epic,59.9,84.4,58.7,54.2,76.2,-2.5999999999999943,-2.0,-5.800000000000011,8.799999999999997,-12.800000000000004,-1.2999999999999972
daubda01,Dan Daub,SP,The Genesis Era (1871-1900),62.3,Uncommon,26.7,55.7,30.4,59.9,76.4,58.1,Common,18.8,52.6,19.6,51.2,68.5,4.199999999999996,7.899999999999999,3.1000000000000014,10.799999999999997,8.699999999999996,7.900000000000006
daussho01,Hooks Dauss,SP,Deadball (1901-1919),66.7,Uncommon,21.6,48.0,29.3,63.2,104.8,73.9,Rare,31.5,51.1,45.3,73.7,98.2,-7.200000000000003,-9.899999999999999,-3.1000000000000014,-15.999999999999996,-10.5,6.599999999999994
davenda01,Dave Davenport,SP,Deadball (1901-1919),88.2,Epic,77.7,52.4,77.5,81.4,90.8,82.3,Epic,51.7,47.5,56.9,89.7,98.4,5.900000000000006,26.0,4.899999999999999,20.6,-8.299999999999997,-7.6000000000000085
daviege01,George Davies,SP,The Genesis Era (1871-1900),58.2,Common,59.3,20.0,47.5,33.1,52.4,59.8,Common,62.4,30.6,55.8,25.2,64.1,-1.5999999999999943,-3.1000000000000014,-10.600000000000001,-8.299999999999997,7.900000000000002,-11.699999999999996
davieky01,Kyle Davies,SP,Efficiency Era (2006-2015),55.3,Common,37.8,24.9,5.1,31.5,64.0,54.3,Common,40.6,25.7,5.0,30.4,44.2,1.0,-2.8000000000000043,-0.8000000000000007,0.09999999999999964,1.1000000000000014,19.799999999999997
davieza01,Zach Davies,SP,Modern Era (2016-Pres),59.0,Common,33.3,70.9,8.0,35.9,76.6,59.1,Common,35.9,67.5,31.4,37.7,54.7,-0.10000000000000142,-2.6000000000000014,3.4000000000000057,-23.4,-1.8000000000000043,21.89999999999999
daviscu01,Curt Davis,SP,Golden Era (1920-1941),70.7,Rare,17.6,94.5,20.9,57.0,93.7,72.1,Rare,13.0,99.3,37.4,50.4,90.6,-1.3999999999999915,4.600000000000001,-4.799999999999997,-16.5,6.600000000000001,3.1000000000000085
davisdi01,Dixie Davis,SP,Golden Era (1920-1941),60.2,Uncommon,20.6,5.0,47.1,74.9,93.4,59.2,Common,24.4,5.0,55.5,68.9,74.4,1.0,-3.799999999999997,0.0,-8.399999999999999,6.0,19.0
davisdo02,Doug Davis,SP,Steroid Era (1994-2005),71.9,Rare,63.8,44.0,33.8,61.4,86.5,63.7,Uncommon,59.5,32.5,31.3,52.2,79.3,8.200000000000003,4.299999999999997,11.5,2.4999999999999964,9.199999999999996,7.200000000000003
davisji01,Jim Davis,RP,Integration (1942-1960),58.3,Common,46.9,34.2,52.3,21.5,58.9,58.8,Common,49.0,42.3,54.8,26.1,49.7,-0.5,-2.1000000000000014,-8.099999999999994,-2.5,-4.600000000000001,9.199999999999996
davisma01,Mark Davis,RP,Big Hair Era (1977-1993),84.2,Epic,106.9,46.6,92.6,60.4,48.7,76.3,Rare,100.2,36.2,83.4,43.9,48.2,7.900000000000006,6.700000000000003,10.399999999999999,9.199999999999989,16.5,0.5
davisro02,Ron Davis,RP,Big Hair Era (1977-1993),65.5,Uncommon,48.8,63.3,38.1,63.3,48.7,67.9,Uncommon,75.2,54.1,60.0,42.3,40.4,-2.4000000000000057,-26.400000000000006,9.199999999999996,-21.9,21.0,8.300000000000004
davisro05,Roosevelt Davis,SP,Golden Era (1920-1941),77.8,Rare,40.1,89.1,41.8,87.4,61.0,87.1,Epic,43.0,97.1,46.1,97.6,89.3,-9.299999999999997,-2.8999999999999986,-8.0,-4.300000000000004,-10.199999999999989,-28.299999999999997
davisst02,Storm Davis,SP,Big Hair Era (1977-1993),66.1,Uncommon,38.8,48.6,25.3,68.6,83.2,71.9,Rare,42.6,55.9,44.9,72.5,73.5,-5.800000000000011,-3.8000000000000043,-7.299999999999997,-19.599999999999998,-3.9000000000000057,9.700000000000003
daviswa01,Wade Davis,RP,Efficiency Era (2006-2015),88.5,Epic,100.0,50.1,117.3,81.3,33.0,82.0,Epic,86.9,51.3,102.4,62.7,38.9,6.5,13.099999999999994,-1.1999999999999957,14.899999999999991,18.599999999999994,-5.899999999999999
dawlebi01,Bill Dawley,RP,Big Hair Era (1977-1993),67.8,Uncommon,48.6,61.8,72.8,43.6,44.7,59.7,Common,49.0,57.0,64.7,32.4,33.6,8.099999999999994,-0.3999999999999986,4.799999999999997,8.099999999999994,11.200000000000003,11.100000000000001
dayle99,Leon Day,SP,Integration (1942-1960),88.2,Epic,102.1,54.6,100.6,84.7,37.8,88.0,Epic,109.6,39.9,90.0,62.3,76.5,0.20000000000000284,-7.5,14.700000000000003,10.599999999999994,22.400000000000006,-38.7
dayleke01,Ken Dayley,RP,Big Hair Era (1977-1993),66.9,Uncommon,59.9,36.7,60.9,78.4,31.9,66.9,Uncommon,61.5,49.2,55.9,64.9,36.2,0.0,-1.6000000000000014,-12.5,5.0,13.5,-4.300000000000004
deandi01,Dizzy Dean,SP,Golden Era (1920-1941),91.8,Legendary,80.6,95.2,52.9,66.4,111.2,92.6,Legendary,87.6,93.7,61.5,71.8,99.0,-0.7999999999999972,-7.0,1.5,-8.600000000000001,-5.3999999999999915,12.200000000000003
deanne01,Nelson Dean,SP,Golden Era (1920-1941),84.1,Epic,59.2,89.7,61.6,88.1,56.2,83.8,Epic,56.3,98.7,35.5,75.8,86.5,0.29999999999999716,2.9000000000000057,-9.0,26.1,12.299999999999997,-30.299999999999997
deanpa01,Paul Dean,RP,Golden Era (1920-1941),78.3,Rare,66.1,87.6,47.6,35.3,85.2,70.6,Rare,69.0,87.4,51.9,29.4,45.3,7.700000000000003,-2.9000000000000057,0.19999999999998863,-4.299999999999997,5.899999999999999,39.900000000000006
deckejo01,Joe Decker,RP,Expansion (1961-1976),59.1,Common,51.9,26.9,34.0,48.5,65.5,58.1,Common,55.7,26.9,33.6,49.7,43.8,1.0,-3.8000000000000043,0.0,0.3999999999999986,-1.2000000000000028,21.700000000000003
dedmoje01,Jeff Dedmon,RP,Big Hair Era (1977-1993),58.0,Common,38.8,33.9,40.2,51.5,44.0,57.5,Common,37.6,29.4,43.3,56.6,33.2,0.5,1.1999999999999957,4.5,-3.0999999999999943,-5.100000000000001,10.799999999999997
degroja01,Jacob deGrom,SP,Modern Era (2016-Pres),96.6,Legendary,100.4,93.8,93.1,76.9,86.1,93.9,Legendary,96.0,91.8,89.8,71.5,76.2,2.6999999999999886,4.400000000000006,2.0,3.299999999999997,5.400000000000006,9.899999999999991
dejeami01,Mike DeJean,RP,Steroid Era (1994-2005),60.7,Uncommon,43.8,37.5,48.1,74.4,38.9,59.8,Common,49.8,34.6,42.0,77.9,34.1,0.9000000000000057,-6.0,2.8999999999999986,6.100000000000001,-3.5,4.799999999999997
delabst01,Steve Delabar,RP,Efficiency Era (2006-2015),61.2,Uncommon,87.8,37.5,66.3,30.0,23.3,59.6,Common,80.6,27.2,74.6,30.5,21.9,1.6000000000000014,7.200000000000003,10.3,-8.299999999999997,-0.5,1.4000000000000021
delarjo01,Jorge De La Rosa,SP,Efficiency Era (2006-2015),64.6,Uncommon,66.1,32.6,36.3,48.8,74.9,67.4,Uncommon,65.4,37.9,53.3,48.1,65.0,-2.8000000000000114,0.6999999999999886,-5.299999999999997,-17.0,0.6999999999999957,9.900000000000006
delcama01,Manny Delcarmen,RP,Efficiency Era (2006-2015),59.8,Common,54.2,34.0,61.8,58.2,29.7,59.1,Common,52.6,34.3,53.3,61.6,25.2,0.6999999999999957,1.6000000000000014,-0.29999999999999716,8.5,-3.3999999999999986,4.5
deleojo01,Jose DeLeon,SP,Big Hair Era (1977-1993),86.4,Epic,84.1,48.2,95.4,64.6,76.7,86.1,Epic,87.8,39.8,96.0,66.3,76.9,0.30000000000001137,-3.700000000000003,8.400000000000006,-0.5999999999999943,-1.7000000000000028,-0.20000000000000284
deleolu01,Luis DeLeon,RP,Big Hair Era (1977-1993),74.4,Rare,55.9,84.0,78.6,45.8,38.1,67.0,Uncommon,64.1,84.1,72.7,22.7,24.6,7.400000000000006,-8.199999999999996,-0.09999999999999432,5.8999999999999915,23.099999999999998,13.5
delgara01,Randall Delgado,RP,Efficiency Era (2006-2015),58.9,Common,64.0,42.4,37.3,44.5,34.9,58.0,Common,52.5,54.8,44.1,23.9,33.2,0.8999999999999986,11.5,-12.399999999999999,-6.800000000000004,20.6,1.6999999999999957
dellwh01,Wheezer Dell,RP,Deadball (1901-1919),61.6,Uncommon,53.5,26.9,66.4,41.9,57.6,59.4,Common,56.6,32.7,67.2,21.2,53.7,2.200000000000003,-3.1000000000000014,-5.800000000000004,-0.7999999999999972,20.7,3.8999999999999986
delocik01,Ike Delock,SP,Integration (1942-1960),59.7,Common,51.1,39.4,54.5,31.2,59.8,58.8,Common,59.6,38.7,48.4,16.7,58.1,0.9000000000000057,-8.5,0.6999999999999957,6.100000000000001,14.5,1.6999999999999957
delosen01,Enyel De Los Santos,RP,Modern Era (2016-Pres),59.9,Common,49.8,45.6,62.2,57.5,24.1,57.6,Common,60.5,46.0,43.5,28.4,24.0,2.299999999999997,-10.700000000000003,-0.3999999999999986,18.700000000000003,29.1,0.10000000000000142
delosva01,Valerio De Los Santos,RP,Steroid Era (1994-2005),59.8,Common,42.2,52.7,72.6,50.8,20.6,58.7,Common,56.4,37.1,76.5,28.2,21.4,1.0999999999999943,-14.199999999999996,15.600000000000001,-3.9000000000000057,22.599999999999998,-0.7999999999999972
delucri01,Rich DeLucia,RP,Steroid Era (1994-2005),59.1,Common,60.9,22.5,76.6,41.8,25.0,57.7,Common,54.9,29.7,72.3,15.3,31.1,1.3999999999999986,6.0,-7.199999999999999,4.299999999999997,26.499999999999996,-6.100000000000001
demaral01,Al Demaree,SP,Deadball (1901-1919),81.6,Epic,39.5,93.5,56.3,68.6,81.5,77.0,Rare,30.4,83.6,51.2,69.3,80.8,4.599999999999994,9.100000000000001,9.900000000000006,5.099999999999994,-0.7000000000000028,0.7000000000000028
dempsry01,Ryan Dempster,SP,Efficiency Era (2006-2015),74.4,Rare,69.1,45.8,62.4,45.9,79.1,71.3,Rare,71.7,39.2,54.1,42.2,79.4,3.1000000000000085,-2.6000000000000085,6.599999999999994,8.299999999999997,3.6999999999999957,-0.30000000000001137
dennyjo01,John Denny,SP,Big Hair Era (1977-1993),80.0,Epic,20.9,70.1,55.0,91.5,92.6,77.9,Rare,31.5,66.6,52.4,87.6,81.9,2.0999999999999943,-10.600000000000001,3.5,2.6000000000000014,3.9000000000000057,10.699999999999989
derbyge01,George Derby,SP,The Genesis Era (1871-1900),81.8,Epic,43.8,85.2,5.0,95.2,112.0,83.2,Epic,54.2,81.5,25.8,77.1,111.0,-1.4000000000000057,-10.400000000000006,3.700000000000003,-20.8,18.10000000000001,1.0
derripa01,Paul Derringer,SP,Golden Era (1920-1941),83.5,Epic,42.3,111.4,20.5,71.4,105.9,84.5,Epic,45.3,106.5,38.2,66.0,101.5,-1.0,-3.0,4.900000000000006,-17.700000000000003,5.400000000000006,4.400000000000006
desclan01,Anthony DeSclafani,SP,Modern Era (2016-Pres),65.9,Uncommon,61.1,74.6,43.4,15.7,69.0,61.0,Uncommon,56.4,80.0,32.7,15.9,59.2,4.900000000000006,4.700000000000003,-5.400000000000006,10.699999999999996,-0.20000000000000107,9.799999999999997
deshaji01,Jim Deshaies,SP,Big Hair Era (1977-1993),76.0,Rare,48.1,47.7,78.7,47.0,88.9,70.9,Rare,50.2,54.3,69.8,32.4,77.6,5.099999999999994,-2.1000000000000014,-6.599999999999994,8.900000000000006,14.600000000000001,11.300000000000011
deshoji01,Jimmie DeShong,SP,Golden Era (1920-1941),57.6,Common,22.7,25.4,34.8,53.5,64.8,54.5,Common,22.2,9.5,23.7,36.1,57.9,3.1000000000000014,0.5,15.899999999999999,11.099999999999998,17.4,6.899999999999999
desseel01,Elmer Dessens,SP,Steroid Era (1994-2005),58.9,Common,30.6,76.3,12.4,26.1,78.5,58.8,Common,30.0,77.0,23.2,34.1,56.6,0.10000000000000142,0.6000000000000014,-0.7000000000000028,-10.799999999999999,-8.0,21.9
detwiro01,Ross Detwiler,SP,Modern Era (2016-Pres),58.2,Common,22.3,51.8,22.5,65.5,48.8,58.5,Common,39.0,64.2,28.4,50.4,34.0,-0.29999999999999716,-16.7,-12.400000000000006,-5.899999999999999,15.100000000000001,14.799999999999997
devench02,Chris Devenski,RP,Modern Era (2016-Pres),78.0,Rare,62.6,71.0,86.8,65.8,34.3,70.1,Rare,64.7,75.0,73.8,40.3,26.5,7.900000000000006,-2.1000000000000014,-4.0,13.0,25.5,7.799999999999997
devinad01,Adrian Devine,RP,Big Hair Era (1977-1993),57.9,Common,40.0,55.6,18.9,50.9,40.7,55.7,Common,33.1,57.9,5.0,46.7,27.7,2.1999999999999957,6.899999999999999,-2.299999999999997,13.899999999999999,4.199999999999996,13.000000000000004
devliji01,Jim Devlin,SP,The Genesis Era (1871-1900),91.7,Legendary,9.2,118.5,36.7,117.9,123.0,91.3,Legendary,10.3,116.6,44.0,109.1,122.2,0.4000000000000057,-1.1000000000000014,1.9000000000000057,-7.299999999999997,8.800000000000011,0.7999999999999972
deweyma01,Mark Dewey,RP,Steroid Era (1994-2005),58.1,Common,37.0,40.9,44.7,60.6,26.9,59.6,Common,42.5,49.4,50.0,70.1,23.8,-1.5,-5.5,-8.5,-5.299999999999997,-9.499999999999993,3.099999999999998
diazal03,Alexis Diaz,RP,Modern Era (2016-Pres),69.6,Uncommon,72.6,13.5,97.6,63.7,31.2,65.5,Uncommon,65.2,21.5,93.8,55.0,26.8,4.099999999999994,7.3999999999999915,-8.0,3.799999999999997,8.700000000000003,4.399999999999999
diazed04,Edwin Diaz,RP,Modern Era (2016-Pres),91.7,Legendary,118.9,64.7,111.2,77.4,33.6,90.7,Legendary,125.0,56.2,113.0,72.9,29.1,1.0,-6.099999999999994,8.5,-1.7999999999999972,4.5,4.5
diazhe01,Heliodoro Díaz,SP,Golden Era (1920-1941),81.4,Epic,97.9,41.6,60.1,80.8,58.2,81.3,Epic,90.4,43.0,49.0,63.7,91.8,0.10000000000000853,7.5,-1.3999999999999986,11.100000000000001,17.099999999999994,-33.599999999999994
dibblro01,Rob Dibble,RP,Big Hair Era (1977-1993),92.2,Legendary,125.0,48.4,108.3,86.3,42.2,86.4,Epic,125.0,20.3,113.2,75.9,34.1,5.799999999999997,0.0,28.099999999999998,-4.900000000000006,10.399999999999991,8.100000000000001
dickera01,R. A. Dickey,SP,Efficiency Era (2006-2015),79.7,Rare,51.1,84.9,50.8,55.7,86.6,74.2,Rare,47.4,76.9,54.8,34.7,87.5,5.5,3.700000000000003,8.0,-4.0,21.0,-0.9000000000000057
dicksja01,Jason Dickson,SP,Steroid Era (1994-2005),55.1,Common,25.1,65.7,5.0,7.8,57.2,55.9,Common,29.5,69.5,8.9,17.7,47.7,-0.7999999999999972,-4.399999999999999,-3.799999999999997,-3.9000000000000004,-9.899999999999999,9.5
dicksmu01,Murry Dickson,SP,Integration (1942-1960),63.2,Uncommon,21.5,64.0,31.9,40.0,95.7,70.1,Rare,31.3,67.6,51.1,37.5,93.2,-6.8999999999999915,-9.8,-3.5999999999999943,-19.200000000000003,2.5,2.5
diekmja01,Jake Diekman,RP,Modern Era (2016-Pres),62.8,Uncommon,57.4,30.5,68.1,72.9,22.5,65.8,Uncommon,80.8,10.1,80.1,68.9,23.7,-3.0,-23.4,20.4,-12.0,4.0,-1.1999999999999993
dierkla01,Larry Dierker,SP,Expansion (1961-1976),83.1,Epic,64.9,70.2,61.7,50.8,100.9,83.3,Epic,56.1,78.4,59.8,63.3,92.6,-0.20000000000000284,8.800000000000004,-8.200000000000003,1.9000000000000057,-12.5,8.300000000000011
dietrbi01,Bill Dietrich,SP,Golden Era (1920-1941),61.7,Uncommon,25.2,26.1,49.6,66.0,79.8,58.2,Common,30.7,21.5,47.3,50.1,62.7,3.5,-5.5,4.600000000000001,2.3000000000000043,15.899999999999999,17.099999999999994
dinnebi01,Bill Dinneen,SP,Deadball (1901-1919),79.5,Rare,31.3,67.8,48.2,66.8,113.7,79.7,Rare,32.0,71.8,47.7,70.0,107.7,-0.20000000000000284,-0.6999999999999993,-4.0,0.5,-3.200000000000003,6.0
dipinfr01,Frank DiPino,RP,Big Hair Era (1977-1993),71.9,Rare,59.2,61.2,66.5,62.7,39.9,70.1,Rare,63.5,56.5,65.3,70.6,24.8,1.8000000000000114,-4.299999999999997,4.700000000000003,1.2000000000000028,-7.8999999999999915,15.099999999999998
dipotje01,Jerry Dipoto,RP,Steroid Era (1994-2005),58.6,Common,49.4,33.0,40.3,60.1,35.7,59.6,Common,49.0,44.3,33.0,78.4,29.9,-1.0,0.3999999999999986,-11.299999999999997,7.299999999999997,-18.300000000000004,5.800000000000004
dismudi01,Dizzy Dismukes,SP,Golden Era (1920-1941),57.9,Common,37.3,65.0,42.4,31.3,30.7,59.8,Common,39.5,57.6,61.4,53.3,27.1,-1.8999999999999986,-2.200000000000003,7.399999999999999,-19.0,-21.999999999999996,3.599999999999998
ditmaar01,Art Ditmar,SP,Integration (1942-1960),63.3,Uncommon,33.6,63.7,53.5,12.1,90.3,59.1,Common,36.6,60.6,45.4,14.3,70.2,4.199999999999996,-3.0,3.1000000000000014,8.100000000000001,-2.200000000000001,20.099999999999994
doakbi01,Bill Doak,SP,Golden Era (1920-1941),85.4,Epic,36.5,55.1,82.7,108.4,80.1,87.9,Epic,29.4,70.9,70.1,115.4,92.1,-2.5,7.100000000000001,-15.800000000000004,12.600000000000009,-7.0,-12.0
dobsoch01,Chuck Dobson,SP,Expansion (1961-1976),70.6,Rare,47.4,50.1,60.4,31.8,93.1,65.6,Uncommon,46.4,50.0,50.3,37.9,78.1,5.0,1.0,0.10000000000000142,10.100000000000001,-6.099999999999998,15.0
dobsojo01,Joe Dobson,SP,Integration (1942-1960),80.2,Epic,42.8,62.4,61.6,72.7,92.0,77.4,Rare,33.4,57.3,59.4,80.9,86.6,2.799999999999997,9.399999999999999,5.100000000000001,2.200000000000003,-8.200000000000003,5.400000000000006
dobsopa01,Pat Dobson,SP,Expansion (1961-1976),83.2,Epic,45.4,85.5,50.3,65.0,103.2,79.0,Rare,51.1,78.1,49.6,56.5,90.2,4.200000000000003,-5.700000000000003,7.400000000000006,0.6999999999999957,8.5,13.0
dohened01,Ed Doheny,SP,Deadball (1901-1919),59.8,Common,48.4,15.2,51.2,64.2,58.9,82.2,Epic,72.1,28.1,72.7,101.8,68.5,-22.400000000000006,-23.699999999999996,-12.900000000000002,-21.5,-37.599999999999994,-9.600000000000001
dominse01,Seranthony Dominguez,RP,Modern Era (2016-Pres),69.1,Uncommon,65.6,36.6,84.1,66.9,23.7,64.3,Uncommon,74.1,34.4,77.5,47.7,23.7,4.799999999999997,-8.5,2.200000000000003,6.599999999999994,19.200000000000003,0.0
donahre01,Red Donahue,SP,Deadball (1901-1919),75.1,Rare,5.3,89.7,9.4,96.4,104.8,73.0,Rare,5.0,91.2,5.0,90.8,103.0,2.0999999999999943,0.2999999999999998,-1.5,4.4,5.6000000000000085,1.7999999999999972
donalat01,Atley Donald,SP,Golden Era (1920-1941),59.0,Common,47.0,24.6,65.8,22.3,65.4,59.2,Common,38.1,36.1,66.6,33.6,54.5,-0.20000000000000284,8.899999999999999,-11.5,-0.7999999999999972,-11.3,10.900000000000006
donnebl01,Blix Donnelly,RP,Integration (1942-1960),60.5,Uncommon,29.6,46.9,55.1,58.7,51.8,59.2,Common,36.1,38.5,52.9,53.9,47.1,1.2999999999999972,-6.5,8.399999999999999,2.200000000000003,4.800000000000004,4.699999999999996
donnebr01,Brendan Donnelly,RP,Steroid Era (1994-2005),79.7,Rare,84.5,55.5,84.9,76.3,27.6,77.0,Rare,78.4,61.1,83.0,68.1,24.7,2.700000000000003,6.099999999999994,-5.600000000000001,1.9000000000000057,8.200000000000003,2.900000000000002
donohpe01,Pete Donohue,SP,Golden Era (1920-1941),82.6,Epic,8.6,109.0,24.2,105.4,98.5,82.3,Epic,9.8,107.8,29.5,104.1,92.6,0.29999999999999716,-1.200000000000001,1.2000000000000028,-5.300000000000001,1.3000000000000114,5.900000000000006
donovbi01,Bill Donovan,SP,Deadball (1901-1919),91.1,Legendary,73.7,37.9,68.6,109.8,109.7,91.7,Legendary,68.4,51.7,74.3,107.6,103.6,-0.6000000000000085,5.299999999999997,-13.800000000000004,-5.700000000000003,2.200000000000003,6.1000000000000085
donovdi01,Dick Donovan,SP,Integration (1942-1960),79.3,Rare,33.3,99.3,56.5,49.3,88.5,77.3,Rare,33.2,105.4,52.0,36.6,89.6,2.0,0.09999999999999432,-6.1000000000000085,4.5,12.699999999999996,-1.0999999999999943
doolise01,Sean Doolittle,RP,Modern Era (2016-Pres),76.1,Rare,58.3,81.7,82.1,64.8,24.0,81.8,Epic,78.7,92.7,84.7,58.0,26.7,-5.700000000000003,-20.400000000000006,-11.0,-2.6000000000000085,6.799999999999997,-2.6999999999999993
dopsojo01,John Dopson,SP,Big Hair Era (1977-1993),59.0,Common,32.8,54.1,29.4,36.9,71.9,57.9,Common,35.9,53.6,31.0,37.9,48.7,1.1000000000000014,-3.1000000000000014,0.5,-1.6000000000000014,-1.0,23.200000000000003
dorisha01,Fritz Dorish,RP,Integration (1942-1960),66.2,Uncommon,43.9,44.6,63.5,64.8,48.3,66.2,Uncommon,35.8,60.3,64.6,63.3,40.9,0.0,8.100000000000001,-15.699999999999996,-1.0999999999999943,1.5,7.399999999999999
dornegu01,Gus Dorner,SP,Deadball (1901-1919),57.2,Common,26.1,34.1,46.4,36.9,52.3,59.8,Common,19.2,39.6,51.9,58.7,69.0,-2.5999999999999943,6.900000000000002,-5.5,-5.5,-21.800000000000004,-16.700000000000003
doteloc01,Octavio Dotel,RP,Steroid Era (1994-2005),90.6,Legendary,111.9,52.9,113.8,70.4,46.6,83.5,Epic,120.5,48.5,96.8,42.2,43.4,7.099999999999994,-8.599999999999994,4.399999999999999,17.0,28.200000000000003,3.200000000000003
dotsori01,Richard Dotson,SP,Big Hair Era (1977-1993),61.2,Uncommon,33.6,32.9,42.7,43.1,92.5,59.8,Common,33.1,40.6,41.0,39.0,84.4,1.4000000000000057,0.5,-7.700000000000003,1.7000000000000028,4.100000000000001,8.099999999999994
douglph01,Phil Douglas,SP,Deadball (1901-1919),68.8,Uncommon,31.1,87.9,34.5,29.8,92.1,80.4,Epic,41.3,82.8,57.5,62.7,88.0,-11.600000000000009,-10.199999999999996,5.1000000000000085,-23.0,-32.900000000000006,4.099999999999994
dovalca01,Camilo Doval,RP,Modern Era (2016-Pres),68.7,Uncommon,73.7,40.5,64.0,69.9,27.1,69.6,Uncommon,77.4,27.0,69.9,75.1,29.2,-0.8999999999999915,-3.700000000000003,13.5,-5.900000000000006,-5.199999999999989,-2.099999999999998
dowlipe01,Pete Dowling,SP,The Genesis Era (1871-1900),72.2,Rare,45.1,49.8,37.4,70.9,88.1,77.7,Rare,50.1,50.6,45.1,80.6,92.7,-5.5,-5.0,-0.8000000000000043,-7.700000000000003,-9.699999999999989,-4.6000000000000085
downial01,Al Downing,SP,Expansion (1961-1976),86.5,Epic,69.0,52.0,78.5,81.0,88.7,83.1,Epic,74.7,42.8,74.0,68.4,88.9,3.4000000000000057,-5.700000000000003,9.200000000000003,4.5,12.599999999999994,-0.20000000000000284
downske01,Kelly Downs,SP,Big Hair Era (1977-1993),64.4,Uncommon,58.0,49.9,35.0,61.9,52.9,67.0,Uncommon,49.7,45.1,52.5,62.7,58.3,-2.5999999999999943,8.299999999999997,4.799999999999997,-17.5,-0.8000000000000043,-5.399999999999999
downssc01,Scott Downs,RP,Efficiency Era (2006-2015),69.7,Uncommon,48.6,49.5,73.2,77.3,30.4,71.4,Rare,52.5,58.5,68.7,78.2,29.3,-1.7000000000000028,-3.8999999999999986,-9.0,4.5,-0.9000000000000057,1.0999999999999979
drabedo01,Doug Drabek,SP,Big Hair Era (1977-1993),85.1,Epic,42.5,86.0,71.9,64.6,96.1,84.7,Epic,48.5,89.9,64.5,63.0,92.4,0.3999999999999915,-6.0,-3.9000000000000057,7.400000000000006,1.5999999999999943,3.6999999999999886
drabomo01,Moe Drabowsky,RP,Expansion (1961-1976),76.0,Rare,73.1,54.0,75.5,41.8,65.7,80.5,Epic,75.2,53.7,98.7,50.5,55.1,-4.5,-2.1000000000000085,0.29999999999999716,-23.200000000000003,-8.700000000000003,10.600000000000001
dragodi01,Dick Drago,SP,Expansion (1961-1976),73.0,Rare,35.5,95.1,21.6,60.5,82.2,71.4,Rare,34.9,81.9,35.6,55.4,79.5,1.5999999999999943,0.6000000000000014,13.199999999999989,-14.0,5.100000000000001,2.700000000000003
drakebi01,Bill Drake,SP,Golden Era (1920-1941),84.5,Epic,55.4,58.7,56.2,111.8,75.2,80.9,Epic,54.9,56.6,41.6,112.5,70.1,3.5999999999999943,0.5,2.1000000000000014,14.600000000000001,-0.7000000000000028,5.1000000000000085
draveda01,Dave Dravecky,SP,Big Hair Era (1977-1993),67.4,Uncommon,33.1,64.0,60.5,44.1,68.0,70.1,Rare,33.3,73.0,61.5,46.3,66.6,-2.6999999999999886,-0.19999999999999574,-9.0,-1.0,-2.1999999999999957,1.4000000000000057
dreifda01,Darren Dreifort,SP,Steroid Era (1994-2005),71.4,Rare,76.9,40.3,59.3,44.3,66.1,69.6,Uncommon,80.2,37.5,61.7,48.4,50.8,1.8000000000000114,-3.299999999999997,2.799999999999997,-2.4000000000000057,-4.100000000000001,15.299999999999997
drewska01,Karl Drews,SP,Integration (1942-1960),59.4,Common,33.1,84.1,17.3,30.3,66.3,56.1,Common,26.0,54.8,7.6,37.6,50.0,3.299999999999997,7.100000000000001,29.299999999999997,9.700000000000001,-7.300000000000001,16.299999999999997
drottdi01,Dick Drott,SP,Integration (1942-1960),58.6,Common,75.3,5.0,71.3,10.9,55.2,57.6,Common,80.1,5.0,63.9,5.0,47.3,1.0,-4.799999999999997,0.0,7.399999999999999,5.9,7.900000000000006
drysddo01,Don Drysdale,SP,Expansion (1961-1976),92.1,Legendary,75.6,85.7,81.8,64.1,101.8,90.2,Legendary,77.0,84.3,69.9,58.1,102.7,1.8999999999999915,-1.4000000000000057,1.4000000000000057,11.899999999999991,5.999999999999993,-0.9000000000000057
dubiemo01,Monk Dubiel,RP,Integration (1942-1960),59.5,Common,21.6,42.0,40.6,63.2,65.2,59.0,Common,15.1,49.0,47.2,56.0,58.2,0.5,6.500000000000002,-7.0,-6.600000000000001,7.200000000000003,7.0
dubucje01,Jean Dubuc,SP,Deadball (1901-1919),70.2,Rare,18.5,12.7,60.5,98.4,90.9,66.4,Uncommon,16.5,27.7,68.1,79.8,73.7,3.799999999999997,2.0,-15.0,-7.599999999999994,18.60000000000001,17.200000000000003
duchsju01,Justin Duchscherer,RP,Efficiency Era (2006-2015),72.6,Rare,44.8,73.9,75.2,48.2,51.2,69.9,Uncommon,46.1,78.1,71.4,53.0,31.4,2.6999999999999886,-1.3000000000000043,-4.199999999999989,3.799999999999997,-4.799999999999997,19.800000000000004
duensbr01,Brian Duensing,RP,Efficiency Era (2006-2015),59.8,Common,38.8,63.0,37.3,55.1,44.9,59.3,Common,38.0,62.5,39.7,57.3,32.5,0.5,0.7999999999999972,0.5,-2.4000000000000057,-2.1999999999999957,12.399999999999999
duffety01,Tyler Duffey,RP,Modern Era (2016-Pres),63.2,Uncommon,63.2,50.1,52.6,57.4,29.7,64.5,Uncommon,63.8,58.5,54.6,58.0,23.1,-1.2999999999999972,-0.5999999999999943,-8.399999999999999,-2.0,-0.6000000000000014,6.599999999999998
duffyda01,Danny Duffy,SP,Modern Era (2016-Pres),72.2,Rare,59.1,68.7,48.9,42.8,71.4,64.4,Uncommon,56.9,57.6,43.0,37.3,62.8,7.799999999999997,2.200000000000003,11.100000000000001,5.899999999999999,5.5,8.600000000000009
dugglbi01,Bill Duggleby,SP,Deadball (1901-1919),74.3,Rare,9.3,92.8,19.8,76.9,102.7,65.7,Uncommon,5.0,82.5,10.4,70.2,95.0,8.599999999999994,4.300000000000001,10.299999999999997,9.4,6.700000000000003,7.700000000000003
dukeza01,Zach Duke,RP,Efficiency Era (2006-2015),64.7,Uncommon,50.2,50.5,51.6,82.0,24.7,62.6,Uncommon,40.9,67.7,26.7,67.0,48.4,2.1000000000000014,9.300000000000004,-17.200000000000003,24.900000000000002,15.0,-23.7
dunnida01,Dane Dunning,SP,Modern Era (2016-Pres),58.5,Common,55.1,47.3,12.8,34.1,67.2,57.9,Common,55.3,49.3,25.0,30.4,47.4,0.6000000000000014,-0.19999999999999574,-2.0,-12.2,3.700000000000003,19.800000000000004
dunnmi01,Mike Dunn,RP,Efficiency Era (2006-2015),59.0,Common,73.4,26.8,64.6,30.8,30.2,61.7,Uncommon,78.3,32.0,69.5,43.2,23.7,-2.700000000000003,-4.8999999999999915,-5.199999999999999,-4.900000000000006,-12.400000000000002,6.5
duranjh01,Jhoan Duran,RP,Modern Era (2016-Pres),70.7,Rare,66.9,65.6,57.6,69.4,24.2,76.4,Rare,75.8,64.9,68.8,70.3,32.5,-5.700000000000003,-8.899999999999991,0.6999999999999886,-11.199999999999996,-0.8999999999999915,-8.3
durbich01,Chad Durbin,RP,Efficiency Era (2006-2015),56.9,Common,35.4,50.2,18.0,33.4,52.7,56.1,Common,32.2,52.0,30.6,24.3,38.0,0.7999999999999972,3.1999999999999957,-1.7999999999999972,-12.600000000000001,9.099999999999998,14.700000000000003
durenry01,Ryne Duren,RP,Expansion (1961-1976),76.6,Rare,106.6,5.0,103.2,58.6,39.9,80.4,Epic,125.0,5.0,104.9,68.6,28.7,-3.8000000000000114,-18.400000000000006,0.0,-1.7000000000000028,-9.999999999999993,11.2
durhaed01,Ed Durham,RP,Golden Era (1920-1941),59.0,Common,15.4,64.9,31.4,41.9,72.1,58.8,Common,28.0,62.7,40.5,31.3,59.8,0.20000000000000284,-12.6,2.200000000000003,-9.100000000000001,10.599999999999998,12.299999999999997
duryeje01,Jesse Duryea,SP,The Genesis Era (1871-1900),70.8,Rare,40.4,43.2,55.9,47.8,96.9,60.1,Uncommon,41.1,36.2,47.3,25.3,90.6,10.699999999999996,-0.7000000000000028,7.0,8.600000000000001,22.499999999999996,6.300000000000011
dwyerfr01,Frank Dwyer,SP,The Genesis Era (1871-1900),73.5,Rare,14.0,94.4,36.4,66.0,87.0,65.3,Uncommon,5.0,89.7,11.2,49.7,105.8,8.200000000000003,9.0,4.700000000000003,25.2,16.299999999999997,-18.799999999999997
dygerji01,Jimmy Dygert,SP,Deadball (1901-1919),89.2,Epic,76.9,28.1,89.4,96.6,94.8,84.8,Epic,80.0,31.1,85.5,88.8,73.9,4.400000000000006,-3.0999999999999943,-3.0,3.9000000000000057,7.799999999999997,20.89999999999999
dysonsa01,Sam Dyson,RP,Modern Era (2016-Pres),59.8,Common,40.9,57.9,42.1,72.0,24.7,68.5,Uncommon,51.6,68.9,57.6,71.8,24.5,-8.700000000000003,-10.700000000000003,-11.000000000000007,-15.5,0.20000000000000284,0.1999999999999993
earlear01,Arnold Earley,RP,Expansion (1961-1976),57.8,Common,57.1,44.5,25.0,54.4,24.5,57.7,Common,71.2,37.5,25.1,45.5,23.9,0.09999999999999432,-14.100000000000001,7.0,-0.10000000000000142,8.899999999999999,0.6000000000000014
earnsge01,George Earnshaw,SP,Golden Era (1920-1941),81.1,Epic,77.1,30.2,60.2,65.7,103.3,69.0,Uncommon,70.6,28.3,54.0,29.4,94.2,12.099999999999994,6.5,1.8999999999999986,6.200000000000003,36.300000000000004,9.099999999999994
easonma01,Mal Eason,SP,Deadball (1901-1919),54.3,Common,24.7,56.8,5.0,20.4,40.0,58.1,Common,15.6,57.8,7.4,57.0,71.6,-3.8000000000000043,9.1,-1.0,-2.4000000000000004,-36.6,-31.599999999999994
easteja01,Jamie Easterly,RP,Big Hair Era (1977-1993),56.9,Common,48.1,43.8,11.0,62.3,24.2,57.8,Common,43.1,21.7,38.7,72.0,30.1,-0.8999999999999986,5.0,22.099999999999998,-27.700000000000003,-9.700000000000003,-5.900000000000002
eastwra01,Rawly Eastwick,RP,Big Hair Era (1977-1993),72.1,Rare,50.3,68.0,55.8,76.4,40.1,63.5,Uncommon,40.6,70.9,45.9,65.0,31.6,8.599999999999994,9.699999999999996,-2.9000000000000057,9.899999999999999,11.400000000000006,8.5
eatonad01,Adam Eaton,SP,Steroid Era (1994-2005),61.0,Uncommon,61.1,45.6,43.7,27.6,66.0,60.4,Uncommon,59.8,59.7,39.2,25.7,57.2,0.6000000000000014,1.3000000000000043,-14.100000000000001,4.5,1.9000000000000021,8.799999999999997
edwarca01,Carl Edwards,RP,Modern Era (2016-Pres),66.3,Uncommon,72.2,15.5,89.5,58.2,30.1,70.1,Rare,70.6,21.8,98.5,67.4,22.2,-3.799999999999997,1.6000000000000085,-6.300000000000001,-9.0,-9.200000000000003,7.900000000000002
eflinza01,Zach Eflin,SP,Modern Era (2016-Pres),70.5,Rare,58.2,104.4,30.6,35.5,53.7,67.0,Uncommon,60.2,98.0,23.8,28.2,58.0,3.5,-2.0,6.400000000000006,6.800000000000001,7.300000000000001,-4.299999999999997
ehmkeho01,Howard Ehmke,SP,Golden Era (1920-1941),78.5,Rare,27.5,59.6,31.2,97.2,107.4,79.0,Rare,28.3,47.2,45.7,101.5,103.0,-0.5,-0.8000000000000007,12.399999999999999,-14.500000000000004,-4.299999999999997,4.400000000000006
ehretre01,Red Ehret,SP,The Genesis Era (1871-1900),82.3,Epic,46.3,74.7,24.8,85.0,113.1,82.8,Epic,39.2,74.3,33.4,90.7,109.6,-0.5,7.099999999999994,0.4000000000000057,-8.599999999999998,-5.700000000000003,3.5
ehrharu01,Rube Ehrhardt,RP,Golden Era (1920-1941),59.3,Common,17.5,55.4,59.7,52.3,44.8,58.2,Common,9.6,55.6,35.4,62.9,47.7,1.0999999999999943,7.9,-0.20000000000000284,24.300000000000004,-10.600000000000001,-2.9000000000000057
eichhma01,Mark Eichhorn,RP,Big Hair Era (1977-1993),84.7,Epic,80.4,65.3,90.5,65.5,56.8,83.3,Epic,71.8,73.8,69.5,88.1,47.0,1.4000000000000057,8.600000000000009,-8.5,21.0,-22.599999999999994,9.799999999999997
eischjo01,Joey Eischen,RP,Steroid Era (1994-2005),59.3,Common,53.0,44.1,43.1,66.3,23.1,59.8,Common,55.6,45.5,49.7,64.9,23.0,-0.5,-2.6000000000000014,-1.3999999999999986,-6.600000000000001,1.3999999999999915,0.10000000000000142
eisenha01,Harry Eisenstat,RP,Golden Era (1920-1941),58.2,Common,34.3,75.3,31.7,27.4,42.5,58.1,Common,33.9,83.2,23.5,35.9,33.2,0.10000000000000142,0.3999999999999986,-7.900000000000006,8.2,-8.5,9.299999999999997
elartsc01,Scott Elarton,SP,Steroid Era (1994-2005),63.6,Uncommon,63.9,44.9,49.2,38.7,57.8,57.8,Common,46.7,53.7,43.5,5.0,56.2,5.800000000000004,17.199999999999996,-8.800000000000004,5.700000000000003,33.7,1.5999999999999943
elderbr01,Bryce Elder,SP,Modern Era (2016-Pres),58.1,Common,43.4,48.6,25.5,32.6,59.3,58.4,Common,43.7,54.0,28.0,38.1,50.5,-0.29999999999999716,-0.30000000000000426,-5.399999999999999,-2.5,-5.5,8.799999999999997
eldreca01,Cal Eldred,SP,Steroid Era (1994-2005),69.4,Uncommon,38.9,50.9,68.8,40.0,79.2,62.7,Uncommon,42.6,43.1,63.7,38.1,63.6,6.700000000000003,-3.700000000000003,7.799999999999997,5.099999999999994,1.8999999999999986,15.600000000000001
ellerho01,Hod Eller,SP,Deadball (1901-1919),78.6,Rare,44.6,77.3,42.9,66.3,92.1,74.5,Rare,48.6,75.8,49.4,51.7,77.3,4.099999999999994,-4.0,1.5,-6.5,14.599999999999994,14.799999999999997
ellioju01,Jumbo Elliott,SP,Golden Era (1920-1941),65.0,Uncommon,37.3,53.8,24.2,56.5,88.3,61.7,Uncommon,33.6,61.0,23.9,54.1,74.1,3.299999999999997,3.6999999999999957,-7.200000000000003,0.3000000000000007,2.3999999999999986,14.200000000000003
ellisdo01,Dock Ellis,SP,Expansion (1961-1976),60.2,Uncommon,41.5,49.1,26.8,62.8,60.7,79.4,Rare,41.2,73.7,49.1,83.2,80.1,-19.200000000000003,0.29999999999999716,-24.6,-22.3,-20.400000000000006,-19.39999999999999
ellissa01,Sammy Ellis,SP,Expansion (1961-1976),69.7,Uncommon,59.1,51.2,41.9,45.7,81.4,59.2,Common,58.4,49.8,39.3,15.2,65.4,10.5,0.7000000000000028,1.4000000000000057,2.6000000000000014,30.500000000000004,16.0
ellswdi01,Dick Ellsworth,SP,Expansion (1961-1976),76.4,Rare,38.7,87.5,38.2,56.0,91.8,71.2,Rare,38.6,82.2,34.8,45.9,84.5,5.200000000000003,0.10000000000000142,5.299999999999997,3.4000000000000057,10.100000000000001,7.299999999999997
elstodo01,Don Elston,RP,Integration (1942-1960),65.6,Uncommon,90.4,48.8,58.7,24.4,40.3,67.9,Uncommon,87.8,47.0,75.5,19.1,42.7,-2.3000000000000114,2.6000000000000085,1.7999999999999972,-16.799999999999997,5.299999999999997,-2.4000000000000057
embreal01,Alan Embree,RP,Steroid Era (1994-2005),68.6,Uncommon,73.9,50.8,77.3,49.6,23.0,75.5,Rare,73.8,67.4,75.0,63.6,28.2,-6.900000000000006,0.10000000000000853,-16.60000000000001,2.299999999999997,-14.0,-5.199999999999999
embrere01,Red Embree,SP,Integration (1942-1960),68.7,Uncommon,35.6,44.7,75.1,54.0,65.7,59.2,Common,30.8,32.1,60.0,57.8,48.2,9.5,4.800000000000001,12.600000000000001,15.099999999999994,-3.799999999999997,17.5
emslibo01,Bob Emslie,SP,The Genesis Era (1871-1900),85.8,Epic,49.6,74.5,47.2,95.7,98.4,85.8,Epic,57.9,73.4,55.9,77.0,101.1,0.0,-8.299999999999997,1.0999999999999943,-8.699999999999996,18.700000000000003,-2.6999999999999886
eovalna01,Nathan Eovaldi,SP,Modern Era (2016-Pres),82.3,Epic,70.2,85.6,57.0,62.3,68.8,76.1,Rare,61.8,83.9,44.1,56.0,65.0,6.200000000000003,8.400000000000006,1.6999999999999886,12.899999999999999,6.299999999999997,3.799999999999997
erickpa01,Paul Erickson,RP,Integration (1942-1960),62.1,Uncommon,46.5,20.1,49.2,68.9,63.9,65.1,Uncommon,54.1,15.0,55.4,84.1,52.1,-2.999999999999993,-7.600000000000001,5.100000000000001,-6.199999999999996,-15.199999999999989,11.799999999999997
erickro01,Roger Erickson,SP,Big Hair Era (1977-1993),63.9,Uncommon,24.8,66.5,20.6,63.8,80.2,58.5,Common,23.4,67.9,13.0,51.7,61.2,5.399999999999999,1.4000000000000021,-1.4000000000000057,7.600000000000001,12.099999999999994,19.0
ericksc01,Scott Erickson,SP,Steroid Era (1994-2005),73.7,Rare,38.3,72.3,23.3,72.6,92.1,69.5,Uncommon,26.6,67.6,28.5,70.0,85.8,4.200000000000003,11.699999999999996,4.700000000000003,-5.199999999999999,2.5999999999999943,6.299999999999997
erricdi01,Dick Errickson,RP,Golden Era (1920-1941),59.6,Common,5.0,31.4,40.2,86.1,73.0,58.1,Common,10.6,41.2,30.5,60.6,67.1,1.5,-5.6,-9.800000000000004,9.700000000000003,25.499999999999993,5.900000000000006
erskica01,Carl Erskine,SP,Integration (1942-1960),79.5,Rare,81.1,54.0,70.4,27.8,94.8,70.7,Rare,64.5,60.9,67.1,13.1,78.0,8.799999999999997,16.599999999999994,-6.899999999999999,3.3000000000000114,14.700000000000001,16.799999999999997
escobke01,Kelvim Escobar,SP,Steroid Era (1994-2005),82.4,Epic,77.0,51.6,64.7,72.5,78.5,81.0,Epic,76.7,57.3,60.6,74.1,67.4,1.4000000000000057,0.29999999999999716,-5.699999999999996,4.100000000000001,-1.5999999999999943,11.099999999999994
esperdu01,Duke Esper,SP,The Genesis Era (1871-1900),71.4,Rare,26.7,51.2,39.1,78.5,91.5,64.3,Uncommon,27.6,41.8,19.0,76.3,92.8,7.1000000000000085,-0.9000000000000021,9.400000000000006,20.1,2.200000000000003,-1.2999999999999972
espinni01,Nino Espinosa,SP,Big Hair Era (1977-1993),59.7,Common,16.7,71.2,36.2,38.7,73.1,57.9,Common,18.0,70.2,30.1,37.0,50.6,1.8000000000000043,-1.3000000000000007,1.0,6.100000000000001,1.7000000000000028,22.499999999999993
estessh01,Shawn Estes,SP,Steroid Era (1994-2005),71.4,Rare,60.0,7.9,53.2,85.8,80.4,61.8,Uncommon,52.5,14.1,43.6,63.2,73.7,9.600000000000009,7.5,-6.199999999999999,9.600000000000001,22.599999999999994,6.700000000000003
estevca01,Carlos Estevez,RP,Modern Era (2016-Pres),62.1,Uncommon,38.4,60.2,67.0,59.7,23.1,60.1,Uncommon,63.9,49.0,52.2,44.8,30.6,2.0,-25.5,11.200000000000003,14.799999999999997,14.900000000000006,-7.5
estrach01,Chuck Estrada,SP,Expansion (1961-1976),69.0,Uncommon,65.8,5.0,78.8,37.7,89.1,58.8,Common,61.9,5.0,70.8,32.3,51.7,10.200000000000003,3.8999999999999986,0.0,8.0,5.400000000000006,37.39999999999999
estrama01,Marco Estrada,SP,Efficiency Era (2006-2015),68.6,Uncommon,66.0,51.9,72.3,5.0,79.7,71.0,Rare,69.5,71.1,71.1,5.0,68.2,-2.4000000000000057,-3.5,-19.199999999999996,1.2000000000000028,0.0,11.5
evansfe01,Felix Evans,SP,Golden Era (1920-1941),64.4,Uncommon,76.8,42.2,79.0,38.3,21.6,65.5,Uncommon,75.2,46.1,71.4,42.9,26.7,-1.0999999999999943,1.5999999999999943,-3.8999999999999986,7.599999999999994,-4.600000000000001,-5.099999999999998
ewingbo01,Bob Ewing,SP,Deadball (1901-1919),91.7,Legendary,53.6,79.1,63.1,99.7,109.9,88.9,Epic,44.8,78.7,60.6,96.9,103.2,2.799999999999997,8.800000000000004,0.3999999999999915,2.5,2.799999999999997,6.700000000000003
ewingjo01,John Ewing,SP,The Genesis Era (1871-1900),75.8,Rare,60.1,24.5,46.1,83.0,95.8,74.2,Rare,65.6,20.6,37.2,76.9,100.9,1.5999999999999943,-5.499999999999993,3.8999999999999986,8.899999999999999,6.099999999999994,-5.1000000000000085
eyresc01,Scott Eyre,RP,Steroid Era (1994-2005),62.3,Uncommon,71.0,38.0,68.3,45.5,26.6,60.2,Uncommon,67.8,27.7,56.8,60.1,28.3,2.0999999999999943,3.200000000000003,10.3,11.5,-14.600000000000001,-1.6999999999999993
faberre01,Red Faber,SP,Golden Era (1920-1941),89.2,Epic,27.4,81.1,56.4,106.3,114.3,87.7,Epic,34.4,78.3,58.5,102.1,103.6,1.5,-7.0,2.799999999999997,-2.1000000000000014,4.200000000000003,10.700000000000003
facero01,Roy Face,RP,Integration (1942-1960),73.1,Rare,72.0,76.6,46.4,51.2,49.3,76.3,Rare,73.4,82.0,63.2,44.4,49.0,-3.200000000000003,-1.4000000000000057,-5.400000000000006,-16.800000000000004,6.800000000000004,0.29999999999999716
fairbpe01,Pete Fairbanks,RP,Modern Era (2016-Pres),71.0,Rare,68.5,55.0,78.8,59.0,23.6,70.5,Rare,77.8,46.5,72.7,63.1,22.6,0.5,-9.299999999999997,8.5,6.099999999999994,-4.100000000000001,1.0
falcope01,Pete Falcone,SP,Big Hair Era (1977-1993),64.7,Uncommon,46.4,23.5,63.3,62.4,63.2,59.5,Common,46.7,22.8,57.6,36.1,69.7,5.200000000000003,-0.30000000000000426,0.6999999999999993,5.699999999999996,26.299999999999997,-6.5
falkecy01,Cy Falkenberg,SP,Deadball (1901-1919),92.4,Legendary,77.1,65.0,65.3,102.2,102.3,90.9,Legendary,66.5,61.7,63.2,107.1,99.8,1.5,10.599999999999994,3.299999999999997,2.0999999999999943,-4.8999999999999915,2.5
familje01,Jeurys Familia,RP,Modern Era (2016-Pres),73.1,Rare,66.2,51.3,63.3,83.5,31.2,71.4,Rare,68.4,39.8,69.2,81.0,28.7,1.6999999999999886,-2.200000000000003,11.5,-5.900000000000006,2.5,2.5
fannicl01,Cliff Fannin,RP,Integration (1942-1960),63.6,Uncommon,51.3,17.1,54.7,63.8,67.5,56.0,Common,45.8,12.1,35.0,33.5,49.0,7.600000000000001,5.5,5.000000000000002,19.700000000000003,30.299999999999997,18.5
farmebu01,Buck Farmer,RP,Modern Era (2016-Pres),59.2,Common,57.5,42.7,56.4,36.9,35.6,59.1,Common,56.3,29.7,61.6,51.6,27.2,0.10000000000000142,1.2000000000000028,13.000000000000004,-5.200000000000003,-14.700000000000003,8.400000000000002
farmeed01,Ed Farmer,RP,Big Hair Era (1977-1993),59.2,Common,44.4,18.9,56.1,73.2,35.7,57.1,Common,46.3,18.7,40.6,58.4,28.8,2.1000000000000014,-1.8999999999999986,0.1999999999999993,15.5,14.800000000000004,6.900000000000002
farnsky01,Kyle Farnsworth,RP,Steroid Era (1994-2005),76.8,Rare,94.1,52.4,85.3,57.4,25.3,73.6,Rare,89.0,54.4,76.9,43.7,34.1,3.200000000000003,5.099999999999994,-2.0,8.399999999999991,13.699999999999996,-8.8
farquda01,Danny Farquhar,RP,Modern Era (2016-Pres),58.7,Common,58.3,48.6,46.1,43.6,23.0,64.1,Uncommon,79.4,49.3,62.4,42.6,22.8,-5.3999999999999915,-21.10000000000001,-0.6999999999999957,-16.299999999999997,1.0,0.1999999999999993
farrejo03,John Farrell,SP,Big Hair Era (1977-1993),63.5,Uncommon,31.7,58.7,31.0,59.9,73.0,58.7,Common,32.4,60.7,31.1,53.5,42.7,4.799999999999997,-0.6999999999999993,-2.0,-0.10000000000000142,6.399999999999999,30.299999999999997
farrelu02,Luther Farrell,SP,Golden Era (1920-1941),75.3,Rare,91.6,50.1,51.4,50.8,63.1,64.5,Uncommon,86.5,48.9,35.6,48.8,38.4,10.799999999999997,5.099999999999994,1.2000000000000028,15.799999999999997,2.0,24.700000000000003
farretu01,Turk Farrell,RP,Expansion (1961-1976),78.7,Rare,71.9,76.8,56.7,62.8,55.6,83.1,Epic,65.6,83.9,65.2,67.3,66.7,-4.3999999999999915,6.300000000000011,-7.1000000000000085,-8.5,-4.5,-11.100000000000001
farrst01,Steve Farr,RP,Big Hair Era (1977-1993),76.4,Rare,71.8,52.1,70.9,72.4,45.3,74.9,Rare,76.3,49.7,74.6,58.9,45.0,1.5,-4.5,2.3999999999999986,-3.6999999999999886,13.500000000000007,0.29999999999999716
fasseje01,Jeff Fassero,SP,Steroid Era (1994-2005),84.9,Epic,79.3,67.0,56.0,71.0,86.5,82.2,Epic,74.7,70.6,57.4,63.0,77.9,2.700000000000003,4.599999999999994,-3.5999999999999943,-1.3999999999999986,8.0,8.599999999999994
feddeer01,Erick Fedde,SP,Modern Era (2016-Pres),57.9,Common,39.6,55.3,44.2,29.6,37.9,54.5,Common,33.7,38.2,15.9,18.1,44.5,3.3999999999999986,5.899999999999999,17.099999999999994,28.300000000000004,11.5,-6.600000000000001
feldmsc01,Scott Feldman,SP,Efficiency Era (2006-2015),61.7,Uncommon,30.6,61.6,34.5,50.9,69.4,62.0,Uncommon,31.1,72.8,42.9,51.0,50.4,-0.29999999999999716,-0.5,-11.199999999999996,-8.399999999999999,-0.10000000000000142,19.000000000000007
felicpe01,Pedro Feliciano,RP,Efficiency Era (2006-2015),63.4,Uncommon,57.9,35.6,47.2,82.0,31.2,60.4,Uncommon,62.4,40.8,46.8,65.9,25.7,3.0,-4.5,-5.199999999999996,0.4000000000000057,16.099999999999994,5.5
felizmi01,Michael Feliz,RP,Modern Era (2016-Pres),55.5,Common,50.3,35.1,45.9,16.6,19.5,56.9,Common,78.7,40.6,38.6,11.7,20.8,-1.3999999999999986,-28.400000000000006,-5.5,7.299999999999997,4.900000000000002,-1.3000000000000007
felizne01,Neftali Feliz,RP,Efficiency Era (2006-2015),75.8,Rare,64.0,52.8,101.1,64.3,27.1,73.0,Rare,64.8,50.5,110.3,45.9,23.4,2.799999999999997,-0.7999999999999972,2.299999999999997,-9.200000000000003,18.4,3.700000000000003
fellebo01,Bob Feller,SP,Golden Era (1920-1941),99.4,Legendary,125.0,26.1,119.6,91.5,113.5,94.4,Legendary,125.0,7.7,113.2,74.6,109.4,5.0,0.0,18.400000000000002,6.3999999999999915,16.900000000000006,4.099999999999994
fergual01,Alex Ferguson,SP,Golden Era (1920-1941),66.5,Uncommon,16.5,41.8,19.5,100.4,88.2,58.6,Common,19.7,49.0,13.2,68.9,68.2,7.899999999999999,-3.1999999999999993,-7.200000000000003,6.300000000000001,31.5,20.0
ferguca01,Caleb Ferguson,RP,Modern Era (2016-Pres),59.9,Common,37.7,44.0,54.6,81.3,21.7,61.5,Uncommon,69.7,44.5,48.9,58.6,24.3,-1.6000000000000014,-32.0,-0.5,5.700000000000003,22.699999999999996,-2.6000000000000014
ferguch01,Charlie Ferguson,SP,The Genesis Era (1871-1900),92.4,Legendary,53.1,90.6,77.2,70.5,120.4,90.6,Legendary,61.0,85.3,69.8,58.1,121.3,1.8000000000000114,-7.899999999999999,5.299999999999997,7.400000000000006,12.399999999999999,-0.8999999999999915
fernaal01,Alex Fernandez,SP,Steroid Era (1994-2005),75.9,Rare,56.9,75.3,46.8,36.2,94.4,77.1,Rare,56.5,76.5,57.4,43.6,82.1,-1.1999999999999886,0.3999999999999986,-1.2000000000000028,-10.600000000000001,-7.399999999999999,12.300000000000011
fernajo02,Jose Fernandez,SP,Efficiency Era (2006-2015),91.8,Legendary,111.5,65.2,88.3,77.3,64.0,89.8,Epic,100.2,69.6,90.4,75.0,54.0,2.0,11.299999999999997,-4.3999999999999915,-2.1000000000000085,2.299999999999997,10.0
fernasi01,Sid Fernandez,SP,Big Hair Era (1977-1993),87.9,Epic,92.1,48.9,113.2,48.3,75.3,92.3,Legendary,105.5,50.1,121.2,53.1,80.8,-4.3999999999999915,-13.400000000000006,-1.2000000000000028,-8.0,-4.800000000000004,-5.5
ferrado01,Don Ferrarese,RP,Integration (1942-1960),59.2,Common,78.3,26.7,53.3,36.1,33.7,62.6,Uncommon,82.6,8.1,71.4,52.7,35.9,-3.3999999999999986,-4.299999999999997,18.6,-18.10000000000001,-16.6,-2.1999999999999957
ferrewe01,Wes Ferrell,SP,Golden Era (1920-1941),72.3,Rare,31.8,49.1,33.8,68.4,108.3,74.1,Rare,34.7,43.2,36.8,84.0,102.2,-1.7999999999999972,-2.900000000000002,5.899999999999999,-3.0,-15.599999999999994,6.099999999999994
ferrida01,Dave Ferriss,RP,Integration (1942-1960),71.8,Rare,14.6,64.4,20.6,91.7,97.9,64.4,Uncommon,17.2,60.1,28.6,85.3,66.6,7.3999999999999915,-2.5999999999999996,4.300000000000004,-8.0,6.400000000000006,31.30000000000001
ferrito01,Tom Ferrick,RP,Integration (1942-1960),59.2,Common,19.9,57.7,46.6,56.2,48.7,61.7,Uncommon,24.9,60.0,51.3,69.9,40.6,-2.5,-5.0,-2.299999999999997,-4.699999999999996,-13.700000000000003,8.100000000000001
fettelo01,Lou Fette,SP,Golden Era (1920-1941),74.8,Rare,13.3,51.4,64.0,86.1,89.2,69.3,Uncommon,19.8,50.8,65.3,78.2,63.6,5.5,-6.5,0.6000000000000014,-1.2999999999999972,7.8999999999999915,25.6
fettemi01,Mike Fetters,RP,Steroid Era (1994-2005),65.5,Uncommon,48.4,37.0,64.2,84.5,28.3,63.7,Uncommon,53.4,39.0,63.6,70.9,28.0,1.7999999999999972,-5.0,-2.0,0.6000000000000014,13.599999999999994,0.3000000000000007
fidryma01,Mark Fidrych,SP,Big Hair Era (1977-1993),75.6,Rare,19.7,91.4,55.3,86.7,55.1,67.0,Uncommon,22.2,82.6,47.7,73.9,41.7,8.599999999999994,-2.5,8.800000000000011,7.599999999999994,12.799999999999997,13.399999999999999
fieldjo03,Josh Fields,RP,Modern Era (2016-Pres),64.3,Uncommon,57.3,57.9,70.2,47.1,24.9,66.1,Uncommon,67.6,58.8,62.2,51.6,24.5,-1.7999999999999972,-10.299999999999997,-0.8999999999999986,8.0,-4.5,0.3999999999999986
fieldwi01,Wilmer Fields,SP,Integration (1942-1960),65.4,Uncommon,50.5,56.3,53.9,71.7,29.3,67.9,Uncommon,50.2,67.5,47.8,66.6,39.9,-2.5,0.29999999999999716,-11.200000000000003,6.100000000000001,5.1000000000000085,-10.599999999999998
fienca01,Casey Fien,RP,Efficiency Era (2006-2015),60.5,Uncommon,43.0,84.7,42.3,45.3,26.9,59.1,Common,53.8,88.7,46.2,14.4,22.9,1.3999999999999986,-10.799999999999997,-4.0,-3.9000000000000057,30.9,4.0
fiersmi01,Mike Fiers,SP,Efficiency Era (2006-2015),59.1,Common,45.9,77.4,42.8,5.0,55.6,61.7,Uncommon,52.6,77.6,37.3,16.3,63.1,-2.6000000000000014,-6.700000000000003,-0.19999999999998863,5.5,-11.3,-7.5
figueed01,Ed Figueroa,SP,Big Hair Era (1977-1993),72.3,Rare,19.2,62.1,51.9,62.0,96.5,71.3,Rare,20.0,62.3,51.3,75.9,77.3,1.0,-0.8000000000000007,-0.19999999999999574,0.6000000000000014,-13.900000000000006,19.200000000000003
fillida01,Dana Fillingim,SP,Golden Era (1920-1941),74.3,Rare,5.0,77.0,37.4,95.0,87.3,69.7,Uncommon,7.0,73.4,38.0,97.0,63.8,4.599999999999994,-2.0,3.5999999999999943,-0.6000000000000014,-2.0,23.5
fingero01,Rollie Fingers,RP,Big Hair Era (1977-1993),86.0,Epic,67.8,75.5,77.3,94.9,50.7,87.2,Epic,78.7,81.4,81.2,81.0,51.5,-1.2000000000000028,-10.900000000000006,-5.900000000000006,-3.9000000000000057,13.900000000000006,-0.7999999999999972
finlech01,Chuck Finley,SP,Big Hair Era (1977-1993),77.1,Rare,80.8,42.4,46.1,52.2,94.6,77.6,Rare,85.0,39.7,54.6,46.6,92.6,-0.5,-4.200000000000003,2.6999999999999957,-8.5,5.600000000000001,2.0
finneky01,Kyle Finnegan,RP,Modern Era (2016-Pres),59.2,Common,49.1,53.7,53.3,48.8,23.2,58.9,Common,58.1,45.8,50.8,38.9,29.1,0.30000000000000426,-9.0,7.900000000000006,2.5,9.899999999999999,-5.900000000000002
fischbi01,Bill Fischer,RP,Integration (1942-1960),57.6,Common,18.7,97.8,8.3,13.7,62.8,58.1,Common,23.9,92.8,13.2,30.2,50.1,-0.5,-5.199999999999999,5.0,-4.899999999999999,-16.5,12.699999999999996
fischca01,Carl Fischer,SP,Golden Era (1920-1941),58.6,Common,54.7,21.8,26.2,45.4,70.8,57.5,Common,53.5,22.7,28.4,40.1,55.0,1.1000000000000014,1.2000000000000028,-0.8999999999999986,-2.1999999999999993,5.299999999999997,15.799999999999997
fishebr01,Brian Fisher,RP,Big Hair Era (1977-1993),58.8,Common,45.9,40.6,51.0,26.3,58.0,57.4,Common,42.6,45.9,37.9,26.9,44.6,1.3999999999999986,3.299999999999997,-5.299999999999997,13.100000000000001,-0.5999999999999979,13.399999999999999
fishech01,Cherokee Fisher,SP,The Genesis Era (1871-1900),57.6,Common,13.0,101.5,10.1,15.6,61.4,75.9,Rare,5.0,125.0,5.0,92.8,82.0,-18.300000000000004,8.0,-23.5,5.1,-77.2,-20.6
fisheed02,Eddie Fisher,RP,Expansion (1961-1976),72.8,Rare,32.1,78.3,68.7,50.8,64.0,71.8,Rare,38.0,73.7,72.2,43.3,62.1,1.0,-5.899999999999999,4.599999999999994,-3.5,7.5,1.8999999999999986
fisheja01,Jack Fisher,SP,Expansion (1961-1976),61.9,Uncommon,31.6,72.5,30.9,38.0,74.6,65.8,Uncommon,30.8,72.3,29.0,47.3,84.0,-3.8999999999999986,0.8000000000000007,0.20000000000000284,1.8999999999999986,-9.299999999999997,-9.400000000000006
fishera01,Ray Fisher,SP,Deadball (1901-1919),76.1,Rare,47.2,61.5,47.9,66.8,87.6,76.9,Rare,33.0,70.2,55.7,71.3,84.8,-0.8000000000000114,14.200000000000003,-8.700000000000003,-7.800000000000004,-4.5,2.799999999999997
fistedo01,Doug Fister,SP,Efficiency Era (2006-2015),75.7,Rare,33.4,102.3,48.5,65.7,58.7,73.6,Rare,37.6,103.2,29.1,60.5,67.9,2.1000000000000085,-4.200000000000003,-0.9000000000000057,19.4,5.200000000000003,-9.200000000000003
fitzmal01,Al Fitzmorris,SP,Expansion (1961-1976),61.8,Uncommon,5.0,62.7,22.9,79.2,77.5,62.1,Uncommon,5.0,61.6,34.1,80.6,67.0,-0.30000000000000426,0.0,1.1000000000000014,-11.200000000000003,-1.3999999999999915,10.5
fitzsfr01,Freddie Fitzsimmons,SP,Golden Era (1920-1941),74.6,Rare,5.0,86.5,48.5,82.4,80.9,72.6,Rare,5.0,91.5,52.3,59.9,84.2,2.0,0.0,-5.0,-3.799999999999997,22.500000000000007,-3.299999999999997
flaheja01,Jack Flaherty,SP,Modern Era (2016-Pres),77.5,Rare,89.8,55.6,89.0,22.0,61.7,74.4,Rare,89.0,55.0,70.8,26.2,61.1,3.0999999999999943,0.7999999999999972,0.6000000000000014,18.200000000000003,-4.199999999999999,0.6000000000000014
flahepa02,Patsy Flaherty,SP,Deadball (1901-1919),67.0,Uncommon,5.0,69.0,56.3,63.2,74.9,64.0,Uncommon,5.0,67.3,46.0,72.3,65.6,3.0,0.0,1.7000000000000028,10.299999999999997,-9.099999999999994,9.300000000000011
flanami01,Mike Flanagan,SP,Big Hair Era (1977-1993),77.1,Rare,54.1,75.1,43.4,58.3,84.9,71.1,Rare,40.7,72.2,39.2,46.1,87.3,6.0,13.399999999999999,2.8999999999999915,4.199999999999996,12.199999999999996,-2.3999999999999915
flemida01,Dave Fleming,SP,Steroid Era (1994-2005),59.7,Common,17.6,65.4,19.1,71.3,63.1,55.9,Common,31.2,43.4,13.7,27.9,56.7,3.8000000000000043,-13.599999999999998,22.000000000000007,5.400000000000002,43.4,6.399999999999999
flexech01,Chris Flexen,SP,Modern Era (2016-Pres),57.4,Common,35.2,58.2,5.0,28.1,71.6,54.4,Common,32.4,49.8,5.0,13.4,47.1,3.0,2.8000000000000043,8.400000000000006,0.0,14.700000000000001,24.499999999999993
floreje01,Jesse Flores,SP,Integration (1942-1960),78.4,Rare,26.8,79.2,53.4,80.7,82.4,73.9,Rare,20.6,72.3,59.2,83.9,63.6,4.5,6.199999999999999,6.900000000000006,-5.800000000000004,-3.200000000000003,18.800000000000004
florera01,Randy Flores,RP,Efficiency Era (2006-2015),55.5,Common,29.2,47.5,35.2,36.4,18.0,55.1,Common,42.7,47.5,8.7,40.3,21.0,0.3999999999999986,-13.500000000000004,0.0,26.500000000000004,-3.8999999999999986,-3.0
floribr01,Bryce Florie,RP,Steroid Era (1994-2005),58.4,Common,58.5,36.7,51.5,45.1,23.6,58.8,Common,60.2,27.5,41.0,59.0,34.6,-0.3999999999999986,-1.7000000000000028,9.200000000000003,10.5,-13.899999999999999,-11.0
florody01,Dylan Floro,RP,Modern Era (2016-Pres),59.9,Common,44.5,45.6,44.4,81.8,23.5,64.8,Uncommon,47.9,64.7,31.5,90.3,24.9,-4.899999999999999,-3.3999999999999986,-19.1,12.899999999999999,-8.5,-1.3999999999999986
flourwi01,Willis Flournoy,SP,Golden Era (1920-1941),59.0,Common,54.1,42.8,49.2,42.3,35.8,73.3,Rare,57.0,60.6,45.7,60.4,73.0,-14.299999999999997,-2.8999999999999986,-17.800000000000004,3.5,-18.1,-37.2
floydga01,Gavin Floyd,SP,Efficiency Era (2006-2015),66.5,Uncommon,54.3,61.8,32.7,33.8,83.8,64.3,Uncommon,54.0,71.4,36.1,26.7,69.3,2.200000000000003,0.29999999999999716,-9.600000000000009,-3.3999999999999986,7.099999999999998,14.5
foggjo01,Josh Fogg,SP,Steroid Era (1994-2005),57.2,Common,24.6,50.6,28.0,27.8,63.8,56.5,Common,26.1,61.9,12.7,22.9,60.1,0.7000000000000028,-1.5,-11.299999999999997,15.3,4.900000000000002,3.6999999999999957
foleyja01,Jason Foley,RP,Modern Era (2016-Pres),60.6,Uncommon,34.7,71.1,21.0,84.1,31.6,61.6,Uncommon,34.3,70.3,34.6,81.0,26.3,-1.0,0.4000000000000057,0.7999999999999972,-13.600000000000001,3.0999999999999943,5.300000000000001
foltymi01,Mike Foltynewicz,SP,Modern Era (2016-Pres),64.9,Uncommon,69.3,49.7,37.4,33.9,69.4,58.2,Common,58.0,59.7,38.7,5.0,50.2,6.700000000000003,11.299999999999997,-10.0,-1.3000000000000043,28.9,19.200000000000003
forcebi01,Bill Force,SP,Golden Era (1920-1941),73.8,Rare,67.9,74.2,55.4,28.3,73.6,71.2,Rare,59.4,71.2,56.1,44.1,55.3,2.5999999999999943,8.500000000000007,3.0,-0.7000000000000028,-15.8,18.299999999999997
fordru01,Russ Ford,SP,Deadball (1901-1919),94.6,Legendary,77.1,83.4,96.3,71.7,103.0,79.2,Rare,54.2,77.4,59.8,46.7,88.5,15.399999999999991,22.89999999999999,6.0,36.5,25.0,14.5
fordwh01,Whitey Ford,SP,Expansion (1961-1976),83.8,Epic,52.8,72.0,56.3,76.1,95.8,85.5,Epic,53.9,78.1,70.0,65.0,96.3,-1.7000000000000028,-1.1000000000000014,-6.099999999999994,-13.700000000000003,11.099999999999994,-0.5
foremfr01,Frank Foreman,SP,The Genesis Era (1871-1900),82.8,Epic,67.1,43.7,52.0,71.0,112.9,77.2,Rare,49.2,49.4,49.1,76.6,92.1,5.599999999999994,17.89999999999999,-5.699999999999996,2.8999999999999986,-5.599999999999994,20.80000000000001
fornimi01,Mike Fornieles,RP,Integration (1942-1960),67.2,Uncommon,58.2,43.9,48.0,65.0,53.9,68.6,Uncommon,50.7,63.1,47.2,61.9,51.8,-1.3999999999999915,7.5,-19.200000000000003,0.7999999999999972,3.1000000000000014,2.1000000000000014
forscbo01,Bob Forsch,SP,Big Hair Era (1977-1993),71.0,Rare,11.1,75.4,39.2,66.1,93.3,72.9,Rare,16.4,75.3,46.8,65.4,90.7,-1.9000000000000057,-5.299999999999999,0.10000000000000853,-7.599999999999994,0.6999999999999886,2.5999999999999943
forscke01,Ken Forsch,SP,Big Hair Era (1977-1993),79.8,Rare,45.7,71.3,53.4,95.9,63.2,77.4,Rare,19.3,92.6,49.9,79.9,75.8,2.3999999999999915,26.400000000000002,-21.299999999999997,3.5,16.0,-12.599999999999994
forstte01,Terry Forster,RP,Expansion (1961-1976),75.9,Rare,71.3,30.5,53.6,99.3,54.9,76.9,Rare,71.9,36.9,65.1,96.2,45.0,-1.0,-0.6000000000000085,-6.399999999999999,-11.499999999999993,3.0999999999999943,9.899999999999999
fossato01,Tony Fossas,RP,Big Hair Era (1977-1993),62.6,Uncommon,62.1,50.0,47.7,67.4,23.5,59.6,Common,61.1,44.4,53.3,53.0,22.7,3.0,1.0,5.600000000000001,-5.599999999999994,14.400000000000006,0.8000000000000007
fossuca01,Casey Fossum,RP,Steroid Era (1994-2005),59.0,Common,60.8,55.7,22.9,35.0,49.8,58.3,Common,57.2,47.5,30.6,36.8,40.5,0.7000000000000028,3.5999999999999943,8.200000000000003,-7.700000000000003,-1.7999999999999972,9.299999999999997
fosteal01,Alan Foster,SP,Expansion (1961-1976),59.3,Common,32.2,42.5,44.2,45.9,65.3,59.0,Common,28.7,50.5,50.7,46.2,48.6,0.29999999999999716,3.5000000000000036,-8.0,-6.5,-0.30000000000000426,16.699999999999996
fostebi99,Willie Foster,SP,Golden Era (1920-1941),92.3,Legendary,80.3,61.9,93.9,92.2,82.9,98.5,Legendary,94.0,67.2,95.6,101.1,109.3,-6.200000000000003,-13.700000000000003,-5.300000000000004,-1.6999999999999886,-8.899999999999991,-26.39999999999999
fosteru01,Rube Foster,SP,Deadball (1901-1919),77.1,Rare,24.9,40.9,66.6,93.7,89.6,74.4,Rare,30.1,40.3,69.1,86.9,75.7,2.6999999999999886,-5.200000000000003,0.6000000000000014,-2.5,6.799999999999997,13.899999999999991
foucast01,Steve Foucault,RP,Expansion (1961-1976),69.2,Uncommon,57.3,69.3,55.2,48.0,47.2,60.3,Uncommon,48.8,49.4,50.7,50.9,41.5,8.900000000000006,8.5,19.9,4.5,-2.8999999999999986,5.700000000000003
foulkke01,Keith Foulke,RP,Steroid Era (1994-2005),88.1,Epic,87.0,82.8,106.6,58.4,44.4,88.0,Epic,83.2,97.0,104.4,53.4,40.6,0.09999999999999432,3.799999999999997,-14.200000000000003,2.1999999999999886,5.0,3.799999999999997
fowlear01,Art Fowler,RP,Integration (1942-1960),61.3,Uncommon,43.3,63.1,32.7,45.8,60.5,66.7,Uncommon,53.0,76.2,41.7,34.9,61.1,-5.400000000000006,-9.700000000000003,-13.100000000000001,-9.0,10.899999999999999,-0.6000000000000014
fowledi01,Dick Fowler,SP,Integration (1942-1960),60.8,Uncommon,14.0,51.5,26.9,62.4,88.5,58.5,Common,9.2,47.5,30.9,61.2,68.2,2.299999999999997,4.800000000000001,4.0,-4.0,1.1999999999999957,20.299999999999997
foxch02,Chad Fox,RP,Steroid Era (1994-2005),62.9,Uncommon,74.3,19.3,78.3,57.7,22.3,64.4,Uncommon,82.1,22.4,76.0,56.1,21.0,-1.500000000000007,-7.799999999999997,-3.099999999999998,2.299999999999997,1.6000000000000014,1.3000000000000007
foxho01,Howie Fox,SP,Integration (1942-1960),59.1,Common,5.0,52.5,17.6,63.2,87.8,58.3,Common,10.0,54.8,22.3,64.3,61.7,0.8000000000000043,-5.0,-2.299999999999997,-4.699999999999999,-1.0999999999999943,26.099999999999994
foxte01,Terry Fox,RP,Expansion (1961-1976),59.7,Common,29.9,56.6,70.7,48.0,32.2,58.3,Common,28.4,66.3,42.5,47.0,28.4,1.4000000000000057,1.5,-9.699999999999996,28.200000000000003,1.0,3.8000000000000043
foytapa01,Paul Foytack,SP,Integration (1942-1960),73.5,Rare,70.7,23.4,79.7,30.3,93.7,64.0,Uncommon,60.4,37.1,68.9,8.8,81.1,9.5,10.300000000000004,-13.700000000000003,10.799999999999997,21.5,12.600000000000009
francfr01,Frank Francisco,RP,Efficiency Era (2006-2015),62.2,Uncommon,79.8,36.2,65.9,39.2,27.6,64.6,Uncommon,80.3,38.7,66.8,48.1,24.5,-2.3999999999999915,-0.5,-2.5,-0.8999999999999915,-8.899999999999999,3.1000000000000014
francje01,Jeff Francis,SP,Efficiency Era (2006-2015),59.1,Common,39.1,69.3,5.0,34.9,78.2,58.6,Common,33.4,75.0,5.0,31.3,73.3,0.5,5.700000000000003,-5.700000000000003,0.0,3.599999999999998,4.900000000000006
francjo01,John Franco,RP,Big Hair Era (1977-1993),71.5,Rare,48.7,51.7,70.9,72.7,43.6,74.8,Rare,60.6,51.0,72.7,81.0,39.1,-3.299999999999997,-11.899999999999999,0.7000000000000028,-1.7999999999999972,-8.299999999999997,4.5
frankfr02,Fred Frankhouse,SP,Golden Era (1920-1941),60.1,Uncommon,22.6,49.9,33.9,48.9,85.1,63.3,Uncommon,25.0,51.4,45.9,55.7,75.2,-3.1999999999999957,-2.3999999999999986,-1.5,-12.0,-6.800000000000004,9.899999999999991
frankry01,Ryan Franklin,RP,Steroid Era (1994-2005),60.5,Uncommon,25.1,75.5,57.5,28.8,55.1,59.8,Common,28.7,85.9,48.6,20.5,54.6,0.7000000000000028,-3.599999999999998,-10.400000000000006,8.899999999999999,8.3,0.5
frascjo01,John Frascatore,RP,Steroid Era (1994-2005),57.6,Common,37.6,53.8,40.5,45.6,25.0,55.5,Common,29.3,51.7,31.5,27.8,26.5,2.1000000000000014,8.3,2.0999999999999943,9.0,17.8,-1.5
frasech01,Chick Fraser,SP,Deadball (1901-1919),59.1,Common,9.2,26.7,10.5,79.4,100.3,61.9,Uncommon,13.7,26.9,15.3,87.7,104.1,-2.799999999999997,-4.5,-0.1999999999999993,-4.800000000000001,-8.299999999999997,-3.799999999999997
frasewi01,Willie Fraser,RP,Big Hair Era (1977-1993),59.5,Common,35.7,60.1,54.4,28.4,53.9,56.4,Common,31.2,56.6,45.6,6.5,41.2,3.1000000000000014,4.5000000000000036,3.5,8.799999999999997,21.9,12.699999999999996
frasoja01,Jason Frasor,RP,Efficiency Era (2006-2015),59.2,Common,54.6,50.5,52.1,47.9,22.8,64.3,Uncommon,60.1,40.9,64.6,64.3,27.5,-5.099999999999994,-5.5,9.600000000000001,-12.499999999999993,-16.4,-4.699999999999999
frazige01,George Frazier,RP,Big Hair Era (1977-1993),66.9,Uncommon,48.8,49.6,54.6,70.5,44.2,65.0,Uncommon,54.7,43.3,60.9,66.2,34.9,1.9000000000000057,-5.900000000000006,6.300000000000004,-6.299999999999997,4.299999999999997,9.300000000000004
freelky01,Kyle Freeland,SP,Modern Era (2016-Pres),59.4,Common,42.5,50.7,7.8,51.8,78.7,58.1,Common,38.6,66.1,5.0,32.0,67.6,1.2999999999999972,3.8999999999999986,-15.399999999999991,2.8,19.799999999999997,11.100000000000009
freemhe01,Hersh Freeman,RP,Integration (1942-1960),63.6,Uncommon,45.2,62.4,30.6,82.7,33.7,59.0,Common,43.6,71.7,25.4,53.7,30.6,4.600000000000001,1.6000000000000014,-9.300000000000004,5.200000000000003,29.0,3.1000000000000014
freemma02,Marvin Freeman,SP,Big Hair Era (1977-1993),57.4,Common,49.3,63.1,15.4,27.9,42.0,56.0,Common,46.4,50.0,24.8,20.8,33.6,1.3999999999999986,2.8999999999999986,13.100000000000001,-9.4,7.099999999999998,8.399999999999999
freemsa01,Sam Freeman,RP,Modern Era (2016-Pres),58.3,Common,48.7,21.3,50.0,69.0,24.1,59.2,Common,51.5,14.0,64.1,77.5,20.9,-0.9000000000000057,-2.799999999999997,7.300000000000001,-14.099999999999994,-8.5,3.200000000000003
freisda01,Dave Freisleben,SP,Big Hair Era (1977-1993),59.6,Common,29.9,19.7,27.0,75.9,81.7,56.8,Common,29.5,16.0,18.8,58.5,65.6,2.8000000000000043,0.3999999999999986,3.6999999999999993,8.2,17.400000000000006,16.10000000000001
freitto01,Tony Freitas,RP,Golden Era (1920-1941),57.8,Common,15.4,75.9,17.8,46.3,49.3,57.5,Common,20.5,74.9,12.1,41.8,50.4,0.29999999999999716,-5.1,1.0,5.700000000000001,4.5,-1.1000000000000014
frencla01,Larry French,SP,Golden Era (1920-1941),81.6,Epic,41.0,84.3,52.0,73.2,89.3,83.0,Epic,31.0,94.2,42.7,86.1,94.4,-1.4000000000000057,10.0,-9.900000000000006,9.299999999999997,-12.899999999999991,-5.1000000000000085
freybe01,Benny Frey,SP,Golden Era (1920-1941),63.9,Uncommon,5.0,91.1,5.0,67.8,87.0,60.2,Uncommon,5.0,93.2,5.0,69.7,67.8,3.6999999999999957,0.0,-2.1000000000000085,0.0,-1.9000000000000057,19.200000000000003
freyst01,Steve Frey,RP,Steroid Era (1994-2005),58.0,Common,26.2,27.7,65.8,64.0,25.0,55.7,Common,36.6,27.9,48.6,34.6,22.6,2.299999999999997,-10.400000000000002,-0.1999999999999993,17.199999999999996,29.4,2.3999999999999986
friedma01,Max Fried,SP,Modern Era (2016-Pres),86.6,Epic,65.8,87.2,62.1,74.8,80.0,83.3,Epic,67.2,82.4,60.9,73.2,66.3,3.299999999999997,-1.4000000000000057,4.799999999999997,1.2000000000000028,1.5999999999999943,13.700000000000003
frienbo01,Bob Friend,SP,Integration (1942-1960),83.3,Epic,51.1,102.1,44.9,55.7,96.0,85.6,Epic,55.9,103.8,44.5,59.8,100.1,-2.299999999999997,-4.799999999999997,-1.7000000000000028,0.3999999999999986,-4.099999999999994,-4.099999999999994
frienda01,Danny Friend,SP,The Genesis Era (1871-1900),58.0,Common,42.2,25.0,31.7,30.8,78.9,58.0,Common,48.3,32.0,42.9,20.2,65.6,0.0,-6.099999999999994,-7.0,-11.2,10.600000000000001,13.300000000000011
frierer01,Ernesto Frieri,RP,Efficiency Era (2006-2015),67.2,Uncommon,85.5,28.5,83.2,48.3,23.6,69.2,Uncommon,94.0,28.5,95.1,37.2,22.5,-2.0,-8.5,0.0,-11.899999999999991,11.099999999999994,1.1000000000000014
friseda01,Danny Frisella,RP,Expansion (1961-1976),64.6,Uncommon,75.2,22.8,66.5,54.6,39.6,63.9,Uncommon,72.2,29.4,69.8,50.5,33.7,0.6999999999999957,3.0,-6.599999999999998,-3.299999999999997,4.100000000000001,5.899999999999999
frohwto01,Todd Frohwirth,RP,Big Hair Era (1977-1993),75.5,Rare,52.1,56.3,71.1,84.9,43.3,68.0,Uncommon,50.9,47.8,66.8,79.5,27.5,7.5,1.2000000000000028,8.5,4.299999999999997,5.400000000000006,15.799999999999997
frommar01,Art Fromme,SP,Deadball (1901-1919),77.9,Rare,43.3,45.3,72.7,73.8,85.0,67.1,Uncommon,46.1,34.8,63.4,51.1,73.2,10.800000000000011,-2.8000000000000043,10.5,9.300000000000004,22.699999999999996,11.799999999999997
frostda01,Dave Frost,SP,Big Hair Era (1977-1993),61.2,Uncommon,22.9,64.3,40.5,63.3,53.8,58.6,Common,17.8,66.4,28.6,60.4,44.9,2.6000000000000014,5.099999999999998,-2.1000000000000085,11.899999999999999,2.8999999999999986,8.899999999999999
frymawo01,Woodie Fryman,SP,Expansion (1961-1976),73.7,Rare,50.8,54.9,42.0,83.5,67.4,77.6,Rare,58.5,61.6,48.8,74.3,75.3,-3.8999999999999915,-7.700000000000003,-6.700000000000003,-6.799999999999997,9.200000000000003,-7.8999999999999915
fuentbr01,Brian Fuentes,RP,Efficiency Era (2006-2015),72.2,Rare,88.3,36.6,69.1,61.8,35.4,73.2,Rare,82.9,41.9,84.6,55.2,31.6,-1.0,5.3999999999999915,-5.299999999999997,-15.5,6.599999999999994,3.799999999999997
fulghjo01,John Fulgham,SP,Big Hair Era (1977-1993),71.4,Rare,38.5,71.6,68.0,54.0,55.0,72.4,Rare,41.6,71.7,70.0,54.5,54.4,-1.0,-3.1000000000000014,-0.10000000000000853,-2.0,-0.5,0.6000000000000014
fulmemi01,Michael Fulmer,RP,Modern Era (2016-Pres),70.3,Rare,45.5,74.8,42.1,58.5,60.4,65.5,Uncommon,49.9,64.3,47.8,54.8,45.3,4.799999999999997,-4.399999999999999,10.5,-5.699999999999996,3.700000000000003,15.100000000000001
fultzaa01,Aaron Fultz,RP,Steroid Era (1994-2005),63.2,Uncommon,53.6,49.7,59.6,59.8,30.1,59.8,Common,59.0,47.9,49.8,53.0,29.2,3.4000000000000057,-5.399999999999999,1.8000000000000043,9.800000000000004,6.799999999999997,0.9000000000000021
funkfr01,Frank Funk,RP,Expansion (1961-1976),58.7,Common,49.3,51.6,61.7,22.5,34.1,59.7,Common,47.2,58.5,63.6,33.0,33.6,-1.0,2.0999999999999943,-6.899999999999999,-1.8999999999999986,-10.5,0.5
furbuch01,Charlie Furbush,RP,Efficiency Era (2006-2015),68.9,Uncommon,62.9,62.7,74.6,53.5,22.4,64.7,Uncommon,67.8,58.9,65.3,39.9,26.9,4.200000000000003,-4.899999999999999,3.8000000000000043,9.299999999999997,13.600000000000001,-4.5
gagneer01,Eric Gagne,RP,Steroid Era (1994-2005),97.1,Legendary,125.0,80.7,124.6,83.4,40.9,86.5,Epic,113.7,60.1,105.0,59.1,31.7,10.599999999999994,11.299999999999997,20.6,19.599999999999994,24.300000000000004,9.2
gainejo02,Jonas Gaines,SP,Golden Era (1920-1941),56.9,Common,75.4,24.2,61.1,11.6,17.7,86.8,Epic,79.3,64.8,63.2,105.4,58.8,-29.9,-3.8999999999999915,-40.599999999999994,-2.1000000000000014,-93.80000000000001,-41.099999999999994
galehde01,Denny Galehouse,SP,Integration (1942-1960),72.0,Rare,34.9,50.8,31.3,91.8,81.5,69.2,Uncommon,52.7,45.2,37.4,64.7,77.2,2.799999999999997,-17.800000000000004,5.599999999999994,-6.099999999999998,27.099999999999994,4.299999999999997
galeri01,Rich Gale,SP,Big Hair Era (1977-1993),59.8,Common,31.4,17.7,37.0,72.4,80.6,57.5,Common,34.8,22.2,27.6,52.8,63.4,2.299999999999997,-3.3999999999999986,-4.5,9.399999999999999,19.60000000000001,17.199999999999996
gallayo01,Yovani Gallardo,SP,Efficiency Era (2006-2015),67.5,Uncommon,74.1,30.5,46.6,36.6,82.6,74.3,Rare,75.3,52.1,47.6,46.9,79.8,-6.799999999999997,-1.2000000000000028,-21.6,-1.0,-10.299999999999997,2.799999999999997
gallegi01,Giovanny Gallegos,RP,Modern Era (2016-Pres),80.3,Epic,78.6,70.3,95.0,52.3,35.6,75.2,Rare,76.1,77.3,85.6,43.4,24.0,5.099999999999994,2.5,-7.0,9.400000000000006,8.899999999999999,11.600000000000001
galleza01,Zac Gallen,SP,Modern Era (2016-Pres),83.2,Epic,77.4,76.6,74.2,54.9,66.4,78.3,Rare,78.2,63.6,72.0,42.5,65.6,4.900000000000006,-0.7999999999999972,12.999999999999993,2.200000000000003,12.399999999999999,0.8000000000000114
gallibe01,Bert Gallia,RP,Deadball (1901-1919),74.1,Rare,42.6,45.2,40.6,73.8,98.5,68.4,Uncommon,43.6,34.4,47.8,76.9,71.2,5.699999999999989,-1.0,10.800000000000004,-7.199999999999996,-3.1000000000000085,27.299999999999997
galvipu01,Pud Galvin,SP,The Genesis Era (1871-1900),94.6,Legendary,33.1,125.0,45.4,103.4,125.0,92.2,Legendary,18.0,125.0,40.7,101.3,125.0,2.3999999999999915,15.100000000000001,0.0,4.699999999999996,2.1000000000000085,0.0
garbege01,Gene Garber,RP,Big Hair Era (1977-1993),70.8,Rare,58.6,76.7,67.0,49.4,32.5,76.2,Rare,46.7,84.8,60.4,67.4,52.2,-5.400000000000006,11.899999999999999,-8.099999999999994,6.600000000000001,-18.000000000000007,-19.700000000000003
garceri01,Rich Garces,RP,Steroid Era (1994-2005),70.2,Rare,57.8,53.4,75.7,63.7,30.4,66.6,Uncommon,63.7,36.9,82.2,60.7,23.1,3.6000000000000085,-5.900000000000006,16.5,-6.5,3.0,7.299999999999997
garcifr02,Freddy Garcia,SP,Steroid Era (1994-2005),68.6,Uncommon,69.8,49.6,41.0,51.7,62.8,76.1,Rare,55.5,76.7,46.8,44.1,87.6,-7.5,14.299999999999997,-27.1,-5.799999999999997,7.600000000000001,-24.799999999999997
garcija01,Santiago Casilla,RP,Efficiency Era (2006-2015),73.9,Rare,53.4,42.8,92.4,83.6,27.6,74.6,Rare,61.9,41.0,95.6,79.0,25.9,-0.6999999999999886,-8.5,1.7999999999999972,-3.1999999999999886,4.599999999999994,1.7000000000000028
garcija02,Jaime Garcia,SP,Modern Era (2016-Pres),70.1,Rare,40.6,56.5,45.5,89.8,48.0,70.5,Rare,56.4,69.1,30.9,61.4,64.8,-0.4000000000000057,-15.799999999999997,-12.599999999999994,14.600000000000001,28.4,-16.799999999999997
garcija04,Jarlin Garcia,RP,Modern Era (2016-Pres),61.6,Uncommon,41.2,58.3,68.5,54.2,24.2,59.0,Common,39.8,60.5,66.4,30.7,27.1,2.6000000000000014,1.4000000000000057,-2.200000000000003,2.0999999999999943,23.500000000000004,-2.900000000000002
garcilu03,Luis Garcia,RP,Modern Era (2016-Pres),58.1,Common,42.1,34.2,32.8,76.4,24.9,59.0,Common,53.0,31.6,40.5,72.3,27.2,-0.8999999999999986,-10.899999999999999,2.6000000000000014,-7.700000000000003,4.1000000000000085,-2.3000000000000007
garcimi01,Mike Garcia,SP,Integration (1942-1960),88.9,Epic,46.2,72.7,58.7,110.7,95.7,85.0,Epic,47.4,76.2,49.8,91.5,95.1,3.9000000000000057,-1.1999999999999957,-3.5,8.900000000000006,19.200000000000003,0.6000000000000085
garciyi01,Yimi Garcia,RP,Modern Era (2016-Pres),59.8,Common,47.3,60.5,54.1,54.5,21.5,69.3,Uncommon,65.8,76.0,87.2,24.9,23.6,-9.5,-18.5,-15.5,-33.1,29.6,-2.1000000000000014
gardnma01,Mark Gardner,SP,Steroid Era (1994-2005),68.9,Uncommon,54.0,62.6,45.5,37.2,76.5,65.6,Uncommon,53.6,63.9,45.7,26.5,72.8,3.3000000000000114,0.3999999999999986,-1.2999999999999972,-0.20000000000000284,10.700000000000003,3.700000000000003
gardnpi01,Ping Gardner,SP,Golden Era (1920-1941),69.3,Uncommon,40.6,54.8,43.1,79.4,59.6,71.0,Rare,45.5,58.4,43.7,61.5,75.8,-1.7000000000000028,-4.899999999999999,-3.6000000000000014,-0.6000000000000014,17.900000000000006,-16.199999999999996
garlajo01,Jon Garland,SP,Steroid Era (1994-2005),63.0,Uncommon,19.6,93.2,12.2,38.5,88.8,59.6,Common,21.9,76.5,24.6,28.1,83.8,3.3999999999999986,-2.299999999999997,16.700000000000003,-12.400000000000002,10.399999999999999,5.0
garlawa01,Wayne Garland,SP,Expansion (1961-1976),62.6,Uncommon,15.4,67.9,17.8,58.3,91.1,59.6,Common,18.5,71.2,27.5,57.5,60.3,3.0,-3.0999999999999996,-3.299999999999997,-9.7,0.7999999999999972,30.799999999999997
garmami01,Mike Garman,RP,Expansion (1961-1976),58.6,Common,38.6,34.1,47.8,60.9,37.2,57.3,Common,38.2,31.1,45.7,59.0,23.0,1.3000000000000043,0.3999999999999986,3.0,2.0999999999999943,1.8999999999999986,14.200000000000003
garream01,Amir Garrett,RP,Modern Era (2016-Pres),57.9,Common,70.3,26.7,54.8,31.3,24.2,58.3,Common,76.8,5.3,67.5,40.6,22.4,-0.3999999999999986,-6.5,21.4,-12.700000000000003,-9.3,1.8000000000000007
garrebr01,Braxton Garrett,SP,Modern Era (2016-Pres),62.7,Uncommon,61.0,86.0,21.2,36.6,46.0,59.5,Common,56.8,75.9,25.8,42.1,32.9,3.200000000000003,4.200000000000003,10.099999999999994,-4.600000000000001,-5.5,13.100000000000001
garresc01,Scott Garrelts,RP,Big Hair Era (1977-1993),81.9,Epic,66.5,45.0,88.5,70.4,71.0,75.2,Rare,65.6,42.0,83.2,62.0,53.6,6.700000000000003,0.9000000000000057,3.0,5.299999999999997,8.400000000000006,17.4
garvene01,Ned Garver,SP,Integration (1942-1960),59.6,Common,15.0,34.9,30.8,60.6,94.1,63.9,Uncommon,14.1,57.0,41.3,53.2,90.3,-4.299999999999997,0.9000000000000004,-22.1,-10.499999999999996,7.399999999999999,3.799999999999997
garvije01,Jerry Garvin,RP,Big Hair Era (1977-1993),58.0,Common,35.6,51.1,39.9,22.6,58.7,55.9,Common,35.4,54.7,19.7,15.4,48.5,2.1000000000000014,0.20000000000000284,-3.6000000000000014,20.2,7.200000000000001,10.200000000000003
garvine01,Ned Garvin,SP,Deadball (1901-1919),68.1,Uncommon,38.1,69.3,42.4,56.4,66.6,79.3,Rare,45.2,62.5,46.8,87.4,85.0,-11.200000000000003,-7.100000000000001,6.799999999999997,-4.399999999999999,-31.000000000000007,-18.400000000000006
garzama01,Matt Garza,SP,Efficiency Era (2006-2015),74.2,Rare,68.0,54.5,49.6,45.6,83.7,74.5,Rare,62.0,67.1,56.4,39.7,77.3,-0.29999999999999716,6.0,-12.599999999999994,-6.799999999999997,5.899999999999999,6.400000000000006
gaspaha01,Harry Gaspar,SP,Deadball (1901-1919),71.8,Rare,6.3,72.7,33.5,76.3,100.2,68.7,Uncommon,16.8,70.2,41.9,59.8,86.4,3.0999999999999943,-10.5,2.5,-8.399999999999999,16.5,13.799999999999997
gastomi01,Milt Gaston,SP,Golden Era (1920-1941),59.5,Common,13.7,38.5,30.4,55.3,96.0,59.1,Common,13.7,36.5,29.0,62.8,84.6,0.3999999999999986,0.0,2.0,1.3999999999999986,-7.5,11.400000000000006
gastrha01,Hank Gastright,SP,The Genesis Era (1871-1900),77.8,Rare,65.0,36.5,82.6,49.0,86.5,58.6,Common,42.7,5.0,42.3,47.3,81.1,19.199999999999996,22.299999999999997,31.5,40.3,1.7000000000000028,5.400000000000006
gatewbi01,Bill Gatewood,SP,Golden Era (1920-1941),75.1,Rare,60.4,65.5,63.7,71.4,44.7,64.4,Uncommon,59.8,59.1,47.6,63.7,27.6,10.699999999999989,0.6000000000000014,6.399999999999999,16.1,7.700000000000003,17.1
gaudich01,Chad Gaudin,RP,Efficiency Era (2006-2015),58.6,Common,49.5,12.0,41.7,59.2,56.0,59.1,Common,53.7,26.5,40.9,56.7,48.4,-0.5,-4.200000000000003,-14.5,0.8000000000000043,2.5,7.600000000000001
gausmke01,Kevin Gausman,SP,Modern Era (2016-Pres),78.7,Rare,79.3,77.4,55.1,30.3,81.7,76.6,Rare,80.1,79.9,36.2,36.3,80.8,2.1000000000000085,-0.7999999999999972,-2.5,18.9,-5.9999999999999964,0.9000000000000057
gearrco01,Cory Gearrin,RP,Modern Era (2016-Pres),58.5,Common,38.5,36.1,54.5,66.7,21.4,58.9,Common,45.0,36.1,52.0,68.9,21.8,-0.3999999999999986,-6.5,0.0,2.5,-2.200000000000003,-0.40000000000000213
gearyge01,Geoff Geary,RP,Efficiency Era (2006-2015),59.0,Common,34.6,57.8,35.2,71.3,26.9,57.1,Common,33.1,57.4,26.5,51.8,25.1,1.8999999999999986,1.5,0.3999999999999986,8.700000000000003,19.5,1.7999999999999972
geedi01,Dillon Gee,SP,Efficiency Era (2006-2015),57.3,Common,43.0,74.4,14.6,23.1,41.1,58.5,Common,44.5,67.6,29.6,21.1,54.5,-1.2000000000000028,-1.5,6.800000000000011,-15.000000000000002,2.0,-13.399999999999999
genewjo01,Joe Genewich,SP,Golden Era (1920-1941),57.5,Common,6.4,77.0,28.8,16.9,70.2,59.5,Common,5.0,76.6,26.7,53.4,71.8,-2.0,1.4000000000000004,0.4000000000000057,2.1000000000000014,-36.5,-1.5999999999999943
gentrga01,Gary Gentry,SP,Expansion (1961-1976),73.9,Rare,62.4,37.9,74.0,38.1,87.4,66.4,Uncommon,59.3,40.5,71.7,34.7,59.6,7.5,3.1000000000000014,-2.6000000000000014,2.299999999999997,3.3999999999999986,27.800000000000004
getzich01,Pretzels Getzien,SP,The Genesis Era (1871-1900),75.2,Rare,47.9,63.4,43.9,43.0,107.9,77.6,Rare,48.5,72.5,42.2,40.9,114.2,-2.3999999999999915,-0.6000000000000014,-9.100000000000001,1.6999999999999957,2.1000000000000014,-6.299999999999997
gibbojo01,Joe Gibbon,RP,Expansion (1961-1976),63.6,Uncommon,58.4,57.6,48.4,46.6,43.6,70.5,Rare,59.5,53.0,51.6,68.0,50.3,-6.899999999999999,-1.1000000000000014,4.600000000000001,-3.200000000000003,-21.4,-6.699999999999996
gibsobo01,Bob Gibson,SP,Expansion (1961-1976),99.9,Legendary,96.3,79.6,91.5,105.3,108.7,96.4,Legendary,92.4,76.8,92.9,79.2,106.7,3.5,3.8999999999999915,2.799999999999997,-1.4000000000000057,26.099999999999994,2.0
gibsoky01,Kyle Gibson,SP,Modern Era (2016-Pres),62.0,Uncommon,53.5,42.8,46.8,46.6,58.5,64.5,Uncommon,44.9,54.7,29.1,49.8,79.5,-2.5,8.600000000000001,-11.900000000000006,17.699999999999996,-3.1999999999999957,-21.0
gibsopa01,Paul Gibson,RP,Big Hair Era (1977-1993),58.1,Common,40.7,34.9,36.8,47.2,50.8,57.1,Common,45.9,38.3,35.3,38.9,35.3,1.0,-5.199999999999996,-3.3999999999999986,1.5,8.300000000000004,15.5
gilbelo01,Logan Gilbert,SP,Modern Era (2016-Pres),81.9,Epic,73.4,93.5,65.1,26.0,83.6,81.6,Epic,76.4,92.4,68.9,29.1,73.1,0.30000000000001137,-3.0,1.0999999999999943,-3.8000000000000114,-3.1000000000000014,10.5
gileske01,Ken Giles,RP,Modern Era (2016-Pres),80.0,Epic,87.2,58.2,84.7,73.1,26.9,79.4,Rare,86.2,63.7,77.0,77.1,23.3,0.5999999999999943,1.0,-5.5,7.700000000000003,-4.0,3.599999999999998
ginkeke01,Kevin Ginkel,RP,Modern Era (2016-Pres),68.9,Uncommon,60.4,59.8,60.2,69.0,26.6,61.3,Uncommon,63.2,48.6,49.4,61.6,22.4,7.6000000000000085,-2.8000000000000043,11.199999999999996,10.800000000000004,7.399999999999999,4.200000000000003
giolilu01,Lucas Giolito,SP,Modern Era (2016-Pres),74.6,Rare,84.5,56.2,69.2,18.4,74.7,68.9,Uncommon,84.2,54.5,66.1,7.9,63.1,5.699999999999989,0.29999999999999716,1.7000000000000028,3.1000000000000085,10.499999999999998,11.600000000000001
gipsoal01,Alvin Gipson,SP,Integration (1942-1960),68.5,Uncommon,75.5,66.0,33.2,75.2,24.6,76.0,Rare,72.4,67.2,34.6,92.8,43.4,-7.5,3.0999999999999943,-1.2000000000000028,-1.3999999999999986,-17.599999999999994,-18.799999999999997
gisenwi01,Willie Gisentaner,SP,Golden Era (1920-1941),58.9,Common,69.9,41.4,65.7,24.1,22.9,70.7,Rare,55.7,52.2,48.9,60.9,65.7,-11.800000000000004,14.200000000000003,-10.800000000000004,16.800000000000004,-36.8,-42.800000000000004
giustda01,Dave Giusti,RP,Expansion (1961-1976),77.3,Rare,61.9,68.2,53.8,68.3,64.6,75.1,Rare,57.4,62.5,53.4,78.3,54.0,2.200000000000003,4.5,5.700000000000003,0.3999999999999986,-10.0,10.599999999999994
givenmy01,Mychal Givens,RP,Modern Era (2016-Pres),61.8,Uncommon,71.6,38.1,64.9,42.3,30.5,69.7,Uncommon,81.2,41.7,77.3,47.8,31.1,-7.900000000000006,-9.600000000000009,-3.6000000000000014,-12.399999999999991,-5.5,-0.6000000000000014
gladdfr01,Fred Gladding,RP,Expansion (1961-1976),64.3,Uncommon,49.1,60.6,58.7,56.3,32.6,68.5,Uncommon,56.9,53.6,68.5,65.6,29.7,-4.200000000000003,-7.799999999999997,7.0,-9.799999999999997,-9.299999999999997,2.900000000000002
gladefr01,Fred Glade,SP,Deadball (1901-1919),91.1,Legendary,46.8,88.8,63.7,97.5,103.2,85.5,Epic,45.6,86.0,63.6,89.1,79.2,5.599999999999994,1.1999999999999957,2.799999999999997,0.10000000000000142,8.400000000000006,24.0
glasnty01,Tyler Glasnow,SP,Modern Era (2016-Pres),82.4,Epic,97.3,64.0,88.5,50.9,43.8,83.7,Epic,103.7,55.1,105.7,42.2,45.8,-1.2999999999999972,-6.400000000000006,8.899999999999999,-17.200000000000003,8.699999999999996,-2.0
glassca01,Carl Glass,SP,Golden Era (1920-1941),81.5,Epic,60.7,76.7,60.3,82.1,59.2,81.7,Epic,54.3,79.1,41.0,73.8,92.4,-0.20000000000000284,6.400000000000006,-2.3999999999999915,19.299999999999997,8.299999999999997,-33.2
glavito02,Tom Glavine,SP,Steroid Era (1994-2005),86.9,Epic,57.0,65.3,66.8,88.1,94.6,85.6,Epic,44.7,73.3,67.7,85.3,92.8,1.3000000000000114,12.299999999999997,-8.0,-0.9000000000000057,2.799999999999997,1.7999999999999972
glaznwh01,Whitey Glazner,SP,Golden Era (1920-1941),63.3,Uncommon,30.9,60.1,38.4,59.2,64.7,59.4,Common,29.8,62.3,17.3,51.8,70.7,3.8999999999999986,1.0999999999999979,-2.1999999999999957,21.099999999999998,7.400000000000006,-6.0
gleatje01,Jerry Don Gleaton,RP,Big Hair Era (1977-1993),65.2,Uncommon,60.9,41.1,73.5,57.0,28.6,58.9,Common,48.4,36.1,60.5,53.4,25.2,6.300000000000004,12.5,5.0,13.0,3.6000000000000014,3.400000000000002
glovega01,Gary Glover,RP,Steroid Era (1994-2005),55.8,Common,38.9,57.3,21.2,18.8,35.6,55.8,Common,33.1,57.9,27.9,20.7,32.3,0.0,5.799999999999997,-0.6000000000000014,-6.699999999999999,-1.8999999999999986,3.3000000000000043
gloveto01,Tom Glover,SP,Golden Era (1920-1941),68.0,Uncommon,79.5,55.3,30.0,68.9,38.6,71.7,Rare,90.9,61.2,27.1,65.9,43.5,-3.700000000000003,-11.400000000000006,-5.900000000000006,2.8999999999999986,3.0,-4.899999999999999
gobblji01,Jimmy Gobble,RP,Efficiency Era (2006-2015),53.9,Common,18.7,59.1,13.8,7.3,41.9,53.1,Common,33.4,47.7,8.3,6.4,31.1,0.7999999999999972,-14.7,11.399999999999999,5.5,0.8999999999999995,10.799999999999997
goldsfr01,Fred Goldsmith,SP,The Genesis Era (1871-1900),83.1,Epic,5.6,124.6,28.4,75.9,114.1,81.4,Epic,10.9,120.9,36.1,69.3,101.4,1.6999999999999886,-5.300000000000001,3.6999999999999886,-7.700000000000003,6.6000000000000085,12.699999999999989
goltzda01,Dave Goltz,SP,Expansion (1961-1976),71.6,Rare,37.3,70.8,18.0,62.8,99.1,73.4,Rare,34.5,73.2,30.5,68.8,90.3,-1.8000000000000114,2.799999999999997,-2.4000000000000057,-12.5,-6.0,8.799999999999997
gombeau01,Austin Gomber,SP,Modern Era (2016-Pres),55.0,Common,30.5,65.9,5.0,5.0,52.4,55.3,Common,39.3,65.7,5.0,5.0,48.3,-0.29999999999999716,-8.799999999999997,0.20000000000000284,0.0,0.0,4.100000000000001
gomeswa01,Wayne Gomes,RP,Steroid Era (1994-2005),58.5,Common,56.8,18.7,39.0,61.4,40.1,58.1,Common,54.8,23.7,40.8,60.5,31.0,0.3999999999999986,2.0,-5.0,-1.7999999999999972,0.8999999999999986,9.100000000000001
gomezje01,Jeanmar Gomez,RP,Efficiency Era (2006-2015),58.7,Common,33.3,59.7,28.0,63.2,36.2,57.3,Common,33.5,64.6,9.4,58.1,30.5,1.4000000000000057,-0.20000000000000284,-4.8999999999999915,18.6,5.100000000000001,5.700000000000003
gomezle01,Lefty Gomez,SP,Golden Era (1920-1941),93.8,Legendary,84.1,52.2,97.1,89.9,101.2,88.2,Epic,88.3,45.0,81.8,65.7,98.6,5.599999999999994,-4.200000000000003,7.200000000000003,15.299999999999997,24.200000000000003,2.6000000000000085
gomezru01,Ruben Gomez,SP,Integration (1942-1960),62.7,Uncommon,39.6,35.6,58.5,26.2,91.0,60.8,Uncommon,39.5,47.6,50.8,25.8,79.6,1.9000000000000057,0.10000000000000142,-12.0,7.700000000000003,0.3999999999999986,11.400000000000006
gonsoto01,Tony Gonsolin,SP,Modern Era (2016-Pres),75.0,Rare,58.2,55.1,95.2,58.0,38.8,67.7,Uncommon,55.4,51.8,93.2,36.3,34.4,7.299999999999997,2.8000000000000043,3.3000000000000043,2.0,21.700000000000003,4.399999999999999
gonzagi01,Gio Gonzalez,SP,Efficiency Era (2006-2015),83.8,Epic,83.5,34.8,82.9,66.9,85.2,84.3,Epic,80.4,41.1,75.5,77.0,82.3,-0.5,3.0999999999999943,-6.300000000000004,7.400000000000006,-10.099999999999994,2.9000000000000057
gonzama02,Marco Gonzales,SP,Modern Era (2016-Pres),59.6,Common,43.4,78.7,17.7,19.4,76.4,58.7,Common,37.5,80.6,22.7,22.8,55.7,0.8999999999999986,5.899999999999999,-1.8999999999999915,-5.0,-3.400000000000002,20.700000000000003
gonzami02,Mike Gonzalez,RP,Efficiency Era (2006-2015),72.4,Rare,78.0,32.6,74.3,82.5,24.8,76.1,Rare,85.1,32.9,85.3,84.2,23.5,-3.6999999999999886,-7.099999999999994,-0.29999999999999716,-11.0,-1.7000000000000028,1.3000000000000007
gonzami03,Miguel Gonzalez,SP,Efficiency Era (2006-2015),59.3,Common,42.1,64.9,38.1,24.2,61.2,58.1,Common,40.4,65.5,33.0,12.1,58.5,1.1999999999999957,1.7000000000000028,-0.5999999999999943,5.100000000000001,12.1,2.700000000000003
goodedw01,Dwight Gooden,SP,Big Hair Era (1977-1993),99.4,Legendary,114.0,69.1,104.8,91.0,97.0,95.0,Legendary,93.7,78.3,81.8,89.8,91.9,4.400000000000006,20.299999999999997,-9.200000000000003,23.0,1.2000000000000028,5.099999999999994
gordoto01,Tom Gordon,RP,Steroid Era (1994-2005),84.2,Epic,83.3,28.3,100.2,81.1,62.4,86.3,Epic,86.6,34.1,105.2,82.6,59.9,-2.0999999999999943,-3.299999999999997,-5.800000000000001,-5.0,-1.5,2.5
gorema01,MacKenzie Gore,SP,Modern Era (2016-Pres),59.2,Common,85.4,35.4,18.0,20.7,69.6,59.9,Common,75.8,38.3,31.5,34.8,59.4,-0.6999999999999957,9.600000000000009,-2.8999999999999986,-13.5,-14.099999999999998,10.199999999999996
gormato02,Tom Gorman,RP,Integration (1942-1960),57.6,Common,34.1,60.3,41.0,5.0,62.0,58.9,Common,43.2,65.6,53.5,14.9,46.2,-1.2999999999999972,-9.100000000000001,-5.299999999999997,-12.5,-9.9,15.799999999999997
gorsijo01,Johnny Gorsica,RP,Integration (1942-1960),59.4,Common,31.4,55.8,16.7,62.8,65.0,59.2,Common,25.9,64.4,19.2,69.3,49.4,0.19999999999999574,5.5,-8.600000000000009,-2.5,-6.5,15.600000000000001
gorzeto01,Tom Gorzelanny,SP,Efficiency Era (2006-2015),59.1,Common,50.3,37.4,20.9,55.7,62.7,59.8,Common,55.1,45.7,38.8,52.4,47.0,-0.6999999999999957,-4.800000000000004,-8.300000000000004,-17.9,3.3000000000000043,15.700000000000003
gossari01,Rich Gossage,RP,Big Hair Era (1977-1993),91.8,Legendary,108.0,39.4,118.0,83.9,57.0,92.8,Legendary,106.0,51.8,116.3,89.5,51.8,-1.0,2.0,-12.399999999999999,1.7000000000000028,-5.599999999999994,5.200000000000003
gottji01,Jim Gott,RP,Big Hair Era (1977-1993),70.8,Rare,68.1,43.2,62.7,65.3,44.7,70.7,Rare,67.1,46.7,62.8,58.0,48.7,0.09999999999999432,1.0,-3.5,-0.09999999999999432,7.299999999999997,-4.0
gotttr01,Trevor Gott,RP,Modern Era (2016-Pres),59.0,Common,36.3,51.1,44.7,70.7,22.1,58.8,Common,46.8,55.4,40.3,57.6,21.6,0.20000000000000284,-10.5,-4.299999999999997,4.400000000000006,13.100000000000001,0.5
grabojo02,John Grabow,RP,Efficiency Era (2006-2015),57.6,Common,45.3,22.7,60.2,47.9,24.9,57.6,Common,58.5,31.4,39.8,45.1,27.7,0.0,-13.200000000000003,-8.7,20.400000000000006,2.799999999999997,-2.8000000000000007
grahejo01,Joe Grahe,RP,Big Hair Era (1977-1993),57.2,Common,31.2,34.6,37.1,61.0,30.7,55.7,Common,34.1,32.8,9.3,64.4,28.6,1.5,-2.900000000000002,1.8000000000000043,27.8,-3.4000000000000057,2.099999999999998
grangwa01,Wayne Granger,RP,Expansion (1961-1976),59.8,Common,30.3,66.3,33.1,64.1,44.4,59.0,Common,29.2,68.6,34.4,58.8,34.8,0.7999999999999972,1.1000000000000014,-2.299999999999997,-1.2999999999999972,5.299999999999997,9.600000000000001
grantma01,Mark Grant,RP,Big Hair Era (1977-1993),57.8,Common,42.7,63.0,23.6,28.2,47.3,57.1,Common,46.0,53.7,24.8,25.5,43.0,0.6999999999999957,-3.299999999999997,9.299999999999997,-1.1999999999999993,2.6999999999999993,4.299999999999997
grantmu01,Mudcat Grant,SP,Expansion (1961-1976),62.1,Uncommon,28.7,84.9,49.2,23.4,62.1,68.4,Uncommon,33.8,66.2,59.4,28.6,86.1,-6.300000000000004,-5.099999999999998,18.700000000000003,-10.199999999999996,-5.200000000000003,-23.999999999999993
graveda01,Danny Graves,RP,Steroid Era (1994-2005),62.5,Uncommon,34.1,47.5,57.8,62.6,48.1,63.2,Uncommon,33.0,61.2,57.2,65.4,36.2,-0.7000000000000028,1.1000000000000014,-13.700000000000003,0.5999999999999943,-2.8000000000000043,11.899999999999999
graveke01,Kendall Graveman,RP,Modern Era (2016-Pres),58.4,Common,30.2,66.3,28.4,49.0,40.3,58.5,Common,37.5,59.6,27.9,48.8,42.2,-0.10000000000000142,-7.300000000000001,6.699999999999996,0.5,0.20000000000000284,-1.9000000000000057
graydo02,Sam Gray,SP,Golden Era (1920-1941),72.0,Rare,29.4,59.8,36.0,66.1,98.9,68.8,Uncommon,35.5,61.9,27.8,66.3,84.0,3.200000000000003,-6.100000000000001,-2.1000000000000014,8.2,-0.20000000000000284,14.900000000000006
grayjo02,Jon Gray,SP,Modern Era (2016-Pres),65.2,Uncommon,74.7,53.4,25.1,42.8,65.1,67.0,Uncommon,75.3,59.1,36.4,30.2,67.1,-1.7999999999999972,-0.5999999999999943,-5.700000000000003,-11.299999999999997,12.599999999999998,-2.0
grayjo03,Josiah Gray,SP,Modern Era (2016-Pres),55.6,Common,62.5,18.0,33.2,5.0,50.1,56.4,Common,59.8,27.3,40.3,8.5,46.1,-0.7999999999999972,2.700000000000003,-9.3,-7.099999999999994,-3.5,4.0
grayso01,Sonny Gray,SP,Modern Era (2016-Pres),86.3,Epic,71.0,59.2,80.0,76.0,82.0,83.9,Epic,68.5,60.8,79.0,68.3,76.8,2.3999999999999915,2.5,-1.5999999999999943,1.0,7.700000000000003,5.200000000000003
grayte01,Ted Gray,SP,Integration (1942-1960),66.5,Uncommon,65.9,5.0,58.9,64.6,71.7,61.2,Uncommon,71.9,17.6,59.5,28.5,67.4,5.299999999999997,-6.0,-12.600000000000001,-0.6000000000000014,36.099999999999994,4.299999999999997
greench03,Chad Green,RP,Modern Era (2016-Pres),80.4,Epic,87.4,79.4,89.0,38.8,38.1,74.5,Rare,87.6,79.7,83.0,22.5,30.1,5.900000000000006,-0.19999999999998863,-0.29999999999999716,6.0,16.299999999999997,8.0
greenhu01,Hunter Greene,SP,Modern Era (2016-Pres),78.0,Rare,92.8,52.5,92.4,23.5,59.2,74.8,Rare,88.8,52.3,80.0,26.9,56.1,3.200000000000003,4.0,0.20000000000000284,12.400000000000006,-3.3999999999999986,3.1000000000000014
greenke01,Kent Greenfield,SP,Golden Era (1920-1941),59.5,Common,31.2,47.2,10.4,84.9,58.9,58.3,Common,24.0,43.6,21.4,64.7,59.9,1.2000000000000028,7.199999999999999,3.6000000000000014,-10.999999999999998,20.200000000000003,-1.0
greense01,Sean Green,RP,Efficiency Era (2006-2015),56.9,Common,39.1,26.0,23.2,73.8,28.3,58.1,Common,42.4,28.7,31.6,83.4,24.4,-1.2000000000000028,-3.299999999999997,-2.6999999999999993,-8.400000000000002,-9.600000000000009,3.900000000000002
greensh02,Shane Greene,RP,Modern Era (2016-Pres),59.4,Common,52.9,42.9,64.5,47.5,23.7,59.2,Common,58.4,51.7,51.6,43.4,23.7,0.19999999999999574,-5.5,-8.800000000000004,12.899999999999999,4.100000000000001,0.0
greento01,Tommy Greene,SP,Big Hair Era (1977-1993),75.7,Rare,73.2,55.7,61.0,51.7,67.1,65.1,Uncommon,66.3,51.9,58.6,41.8,42.0,10.600000000000009,6.900000000000006,3.8000000000000043,2.3999999999999986,9.900000000000006,25.099999999999994
greenty01,Tyler Green,SP,Steroid Era (1994-2005),56.4,Common,44.8,12.4,36.1,30.4,58.2,57.3,Common,45.5,24.3,42.4,37.6,46.5,-0.8999999999999986,-0.7000000000000028,-11.9,-6.299999999999997,-7.200000000000003,11.700000000000003
gregelu01,Luke Gregerson,RP,Efficiency Era (2006-2015),74.1,Rare,71.2,61.2,68.0,63.7,36.5,84.6,Epic,80.0,77.3,97.5,68.6,34.5,-10.5,-8.799999999999997,-16.099999999999994,-29.5,-4.8999999999999915,2.0
greggha01,Hal Gregg,RP,Integration (1942-1960),76.5,Rare,46.1,32.1,62.0,104.9,67.5,63.7,Uncommon,46.4,30.0,58.0,83.2,37.5,12.799999999999997,-0.29999999999999716,2.1000000000000014,4.0,21.700000000000003,30.0
greggke01,Kevin Gregg,RP,Efficiency Era (2006-2015),64.9,Uncommon,64.2,19.7,72.5,68.2,35.3,65.5,Uncommon,65.1,39.6,62.0,62.4,33.2,-0.5999999999999943,-0.8999999999999915,-19.900000000000002,10.5,5.800000000000004,2.0999999999999943
greggve01,Vean Gregg,SP,Deadball (1901-1919),88.2,Epic,77.4,30.8,72.7,98.0,101.1,79.9,Rare,62.9,27.9,64.0,93.5,81.7,8.299999999999997,14.500000000000007,2.900000000000002,8.700000000000003,4.5,19.39999999999999
greifbi01,Bill Greif,RP,Expansion (1961-1976),59.0,Common,46.6,45.8,19.8,45.9,66.8,57.7,Common,48.8,43.7,17.8,37.1,55.8,1.2999999999999972,-2.1999999999999957,2.0999999999999943,2.0,8.799999999999997,11.0
greinza01,Zack Greinke,SP,Efficiency Era (2006-2015),94.5,Legendary,87.8,96.3,87.9,69.0,90.1,91.8,Legendary,79.7,100.1,75.5,63.9,86.8,2.700000000000003,8.099999999999994,-3.799999999999997,12.400000000000006,5.100000000000001,3.299999999999997
griffaj01,A. J. Griffin,SP,Efficiency Era (2006-2015),61.3,Uncommon,60.7,66.6,51.4,5.0,61.5,60.5,Uncommon,56.1,67.4,54.9,8.8,54.8,0.7999999999999972,4.600000000000001,-0.8000000000000114,-3.5,-3.8000000000000007,6.700000000000003
griffbo01,Bob Griffith,SP,Golden Era (1920-1941),66.9,Uncommon,67.5,49.1,63.0,55.2,33.1,66.7,Uncommon,68.3,48.2,52.6,51.3,46.7,0.20000000000000284,-0.7999999999999972,0.8999999999999986,10.399999999999999,3.9000000000000057,-13.600000000000001
griffcl01,Clark Griffith,SP,The Genesis Era (1871-1900),76.6,Rare,24.1,84.7,17.5,76.8,110.4,84.1,Epic,27.4,94.5,31.2,97.8,104.1,-7.5,-3.299999999999997,-9.799999999999997,-13.7,-21.0,6.300000000000011
griffto02,Tom Griffin,SP,Expansion (1961-1976),70.8,Rare,92.3,22.8,64.3,44.4,60.0,69.7,Uncommon,72.9,27.8,62.8,54.9,60.8,1.0999999999999943,19.39999999999999,-5.0,1.5,-10.5,-0.7999999999999972
grillja01,Jason Grilli,RP,Efficiency Era (2006-2015),63.2,Uncommon,74.4,35.7,56.5,62.3,23.9,71.3,Rare,87.7,41.8,73.0,57.8,26.5,-8.099999999999994,-13.299999999999997,-6.099999999999994,-16.5,4.5,-2.6000000000000014
grimbo01,Bob Grim,RP,Integration (1942-1960),73.1,Rare,66.2,35.1,66.5,73.9,54.1,68.0,Uncommon,62.0,40.4,56.0,67.8,46.1,5.099999999999994,4.200000000000003,-5.299999999999997,10.5,6.1000000000000085,8.0
grimebu01,Burleigh Grimes,SP,Golden Era (1920-1941),90.8,Legendary,30.1,88.4,57.0,111.8,110.2,87.1,Epic,28.9,80.1,53.9,105.8,104.1,3.700000000000003,1.2000000000000028,8.300000000000011,3.1000000000000014,6.0,6.1000000000000085
grimmju01,Justin Grimm,RP,Modern Era (2016-Pres),63.3,Uncommon,68.8,32.1,58.2,65.6,28.6,58.5,Common,65.4,34.1,49.8,45.5,22.4,4.799999999999997,3.3999999999999915,-2.0,8.400000000000006,20.099999999999994,6.200000000000003
grimsja01,Jason Grimsley,RP,Steroid Era (1994-2005),59.9,Common,50.2,32.1,58.6,60.5,37.8,59.4,Common,48.5,27.4,47.2,69.8,38.4,0.5,1.7000000000000028,4.700000000000003,11.399999999999999,-9.299999999999997,-0.6000000000000014
grimsro02,Ross Grimsley,SP,Expansion (1961-1976),70.7,Rare,11.4,80.5,39.4,51.1,101.0,66.1,Uncommon,6.3,82.2,37.3,49.4,89.6,4.6000000000000085,5.1000000000000005,-1.7000000000000028,2.1000000000000014,1.7000000000000028,11.400000000000006
grissle01,Lee Grissom,SP,Golden Era (1920-1941),72.5,Rare,86.4,30.7,77.2,58.4,39.9,70.5,Rare,77.1,29.0,70.9,60.2,45.2,2.0,9.300000000000011,1.6999999999999993,6.299999999999997,-1.8000000000000043,-5.300000000000004
grissma01,Marv Grissom,RP,Integration (1942-1960),68.9,Uncommon,59.1,53.4,70.0,46.6,47.0,69.7,Uncommon,63.2,49.9,60.7,54.3,50.9,-0.7999999999999972,-4.100000000000001,3.5,9.299999999999997,-7.699999999999996,-3.8999999999999986
gromest01,Steve Gromek,SP,Integration (1942-1960),84.6,Epic,35.5,80.9,65.3,81.7,94.3,78.6,Rare,33.6,79.5,68.0,65.9,76.3,6.0,1.8999999999999986,1.4000000000000057,-2.700000000000003,15.799999999999997,18.0
groombo01,Bob Groom,SP,Deadball (1901-1919),82.1,Epic,48.3,30.7,67.5,98.0,98.5,82.2,Epic,62.6,48.1,52.1,80.6,99.7,-0.10000000000000853,-14.300000000000004,-17.400000000000002,15.399999999999999,17.400000000000006,-1.2000000000000028
groombu01,Buddy Groom,RP,Steroid Era (1994-2005),67.4,Uncommon,52.5,72.0,47.4,63.9,34.2,60.3,Uncommon,48.7,70.2,36.5,57.1,28.6,7.1000000000000085,3.799999999999997,1.7999999999999972,10.899999999999999,6.799999999999997,5.600000000000001
grossdo01,Don Gross,RP,Integration (1942-1960),58.1,Common,56.6,81.7,21.5,5.0,46.0,59.2,Common,63.9,74.2,40.9,15.1,33.8,-1.1000000000000014,-7.299999999999997,7.5,-19.4,-10.1,12.200000000000003
grosske01,Kevin Gross,SP,Big Hair Era (1977-1993),78.8,Rare,71.2,51.4,41.5,78.2,82.0,73.1,Rare,63.1,49.4,40.7,55.5,86.8,5.700000000000003,8.100000000000001,2.0,0.7999999999999972,22.700000000000003,-4.799999999999997
grovele01,Lefty Grove,SP,Golden Era (1920-1941),94.9,Legendary,82.3,91.0,70.7,87.2,103.3,93.1,Legendary,74.8,84.5,65.4,90.0,103.1,1.8000000000000114,7.5,6.5,5.299999999999997,-2.799999999999997,0.20000000000000284
groveor01,Orval Grove,RP,Integration (1942-1960),72.8,Rare,16.6,67.7,32.4,86.3,91.3,65.3,Uncommon,17.3,65.7,37.4,82.5,58.7,7.5,-0.6999999999999993,2.0,-5.0,3.799999999999997,32.599999999999994
grubehe01,Henry Gruber,SP,The Genesis Era (1871-1900),59.0,Common,22.0,33.3,66.1,28.4,75.6,57.1,Common,16.6,11.9,30.6,37.6,97.3,1.8999999999999986,5.399999999999999,21.4,35.49999999999999,-9.200000000000003,-21.700000000000003
gryboke01,Kevin Gryboski,RP,Steroid Era (1994-2005),56.2,Common,35.3,19.7,35.7,63.1,24.8,55.9,Common,32.7,25.2,30.1,62.4,23.5,0.30000000000000426,2.5999999999999943,-5.5,5.600000000000001,0.7000000000000028,1.3000000000000007
grzenjo01,Joe Grzenda,RP,Expansion (1961-1976),61.4,Uncommon,55.0,53.1,45.5,69.6,22.3,58.0,Common,47.1,50.5,22.8,66.6,21.4,3.3999999999999986,7.899999999999999,2.6000000000000014,22.7,3.0,0.9000000000000021
guantce01,Cecilio Guante,RP,Big Hair Era (1977-1993),66.8,Uncommon,70.1,52.0,70.5,43.5,31.4,71.6,Rare,81.5,46.8,73.9,49.9,36.0,-4.799999999999997,-11.400000000000006,5.200000000000003,-3.4000000000000057,-6.399999999999999,-4.600000000000001
guarded01,Eddie Guardado,RP,Steroid Era (1994-2005),63.5,Uncommon,68.2,66.7,72.4,14.5,32.4,69.6,Uncommon,76.9,61.0,88.4,22.4,30.0,-6.099999999999994,-8.700000000000003,5.700000000000003,-16.0,-7.899999999999999,2.3999999999999986
gubicma01,Mark Gubicza,SP,Big Hair Era (1977-1993),82.5,Epic,58.7,53.6,44.1,89.9,98.6,77.4,Rare,48.2,61.7,42.9,79.3,85.1,5.099999999999994,10.5,-8.100000000000001,1.2000000000000028,10.600000000000009,13.5
guerrja01,Javy Guerra,RP,Modern Era (2016-Pres),58.5,Common,36.9,34.3,40.8,80.9,24.2,59.0,Common,45.9,51.2,45.2,61.0,22.0,-0.5,-9.0,-16.900000000000006,-4.400000000000006,19.900000000000006,2.1999999999999993
guerrju02,Junior Guerra,RP,Modern Era (2016-Pres),62.7,Uncommon,46.0,36.7,76.1,54.0,38.2,57.8,Common,54.5,23.6,57.0,34.1,36.4,4.900000000000006,-8.5,13.100000000000001,19.099999999999994,19.9,1.8000000000000043
guerrma02,Matt Guerrier,RP,Efficiency Era (2006-2015),64.7,Uncommon,35.4,73.6,73.8,37.0,39.2,59.7,Common,29.8,72.2,60.7,43.5,29.9,5.0,5.599999999999998,1.3999999999999915,13.099999999999994,-6.5,9.300000000000004
guettle01,Lee Guetterman,RP,Big Hair Era (1977-1993),59.5,Common,25.5,69.1,40.3,49.8,49.2,59.5,Common,22.5,71.6,39.7,64.2,34.9,0.0,3.0,-2.5,0.5999999999999943,-14.400000000000006,14.300000000000004
guidrro01,Ron Guidry,SP,Big Hair Era (1977-1993),90.8,Legendary,78.7,79.1,82.5,58.8,98.1,87.7,Epic,72.4,82.0,72.2,55.0,95.0,3.0999999999999943,6.299999999999997,-2.9000000000000057,10.299999999999997,3.799999999999997,3.0999999999999943
gulledo01,Don Gullett,SP,Expansion (1961-1976),74.6,Rare,47.1,49.5,69.0,69.0,68.7,77.4,Rare,55.9,54.1,73.2,56.9,77.2,-2.8000000000000114,-8.799999999999997,-4.600000000000001,-4.200000000000003,12.100000000000001,-8.5
gullibi01,Bill Gullickson,SP,Big Hair Era (1977-1993),75.9,Rare,46.6,85.5,35.5,53.5,88.6,77.0,Rare,37.4,89.7,37.3,64.9,86.2,-1.0999999999999943,9.200000000000003,-4.200000000000003,-1.7999999999999972,-11.400000000000006,2.3999999999999915
gumbead01,Ad Gumbert,SP,The Genesis Era (1871-1900),56.3,Common,15.2,40.5,5.0,11.1,108.9,55.7,Common,13.5,33.5,5.0,22.4,96.3,0.5999999999999943,1.6999999999999993,7.0,0.0,-11.299999999999999,12.600000000000009
gumbeha01,Harry Gumbert,SP,Integration (1942-1960),62.0,Uncommon,26.4,63.2,26.2,78.8,53.5,68.5,Uncommon,21.4,60.0,52.3,61.1,79.5,-6.5,5.0,3.200000000000003,-26.099999999999998,17.699999999999996,-26.0
gumpera01,Randy Gumpert,RP,Integration (1942-1960),64.3,Uncommon,30.4,67.8,51.2,47.9,60.2,59.2,Common,14.4,76.0,34.0,39.7,63.5,5.099999999999994,15.999999999999998,-8.200000000000003,17.200000000000003,8.199999999999996,-3.299999999999997
gundeer01,Eric Gunderson,RP,Steroid Era (1994-2005),58.9,Common,38.0,58.0,51.3,55.3,20.5,56.4,Common,37.0,64.1,15.9,45.2,20.2,2.5,1.0,-6.099999999999994,35.4,10.099999999999994,0.3000000000000007
gurala01,Larry Gura,SP,Big Hair Era (1977-1993),77.4,Rare,6.4,82.9,63.3,72.5,92.2,71.0,Rare,9.5,85.5,52.7,58.3,78.8,6.400000000000006,-3.0999999999999996,-2.5999999999999943,10.599999999999994,14.200000000000003,13.400000000000006
guthrje01,Jeremy Guthrie,SP,Efficiency Era (2006-2015),63.7,Uncommon,32.1,76.5,44.2,19.4,82.7,58.6,Common,25.4,78.7,21.8,8.4,84.1,5.100000000000001,6.700000000000003,-2.200000000000003,22.400000000000002,10.999999999999998,-1.3999999999999915
guthrma01,Mark Guthrie,RP,Steroid Era (1994-2005),72.2,Rare,52.6,66.7,43.9,84.5,43.4,69.1,Uncommon,62.3,60.7,45.9,68.9,38.8,3.1000000000000085,-9.699999999999996,6.0,-2.0,15.599999999999994,4.600000000000001
gutieju01,J. C. Gutierrez,RP,Efficiency Era (2006-2015),58.7,Common,46.2,54.7,34.0,58.3,26.0,57.9,Common,51.4,54.6,36.9,39.1,24.9,0.8000000000000043,-5.199999999999996,0.10000000000000142,-2.8999999999999986,19.199999999999996,1.1000000000000014
guzmajo01,Jose Guzman,SP,Big Hair Era (1977-1993),67.1,Uncommon,68.2,38.4,38.3,38.5,85.2,65.8,Uncommon,67.9,46.0,43.6,29.2,76.8,1.2999999999999972,0.29999999999999716,-7.600000000000001,-5.300000000000004,9.3,8.400000000000006
guzmaju01,Juan Guzman,SP,Steroid Era (1994-2005),83.7,Epic,77.9,41.9,72.9,75.6,84.0,77.8,Rare,73.5,35.5,70.3,59.8,80.5,5.900000000000006,4.400000000000006,6.399999999999999,2.6000000000000085,15.799999999999997,3.5
haasmo01,Moose Haas,SP,Big Hair Era (1977-1993),69.8,Uncommon,26.4,90.0,25.6,50.7,86.9,68.6,Uncommon,30.8,89.5,28.9,46.6,78.8,1.2000000000000028,-4.400000000000002,0.5,-3.299999999999997,4.100000000000001,8.100000000000009
habyajo01,John Habyan,RP,Big Hair Era (1977-1993),67.2,Uncommon,63.5,64.3,34.1,72.1,35.0,63.7,Uncommon,60.7,64.4,43.9,52.7,33.2,3.5,2.799999999999997,-0.10000000000000853,-9.799999999999997,19.39999999999999,1.7999999999999972
hackewa02,Warren Hacker,SP,Integration (1942-1960),68.9,Uncommon,42.5,95.9,50.7,5.0,81.8,62.8,Uncommon,36.6,94.6,45.4,5.0,69.6,6.1000000000000085,5.899999999999999,1.3000000000000114,5.300000000000004,0.0,12.200000000000003
haddiha01,Harvey Haddix,SP,Integration (1942-1960),82.3,Epic,80.2,83.6,63.5,19.9,96.5,81.2,Epic,86.0,88.5,59.4,18.2,84.9,1.0999999999999943,-5.799999999999997,-4.900000000000006,4.100000000000001,1.6999999999999993,11.599999999999994
haddoge01,George Haddock,SP,The Genesis Era (1871-1900),70.0,Rare,36.0,5.0,57.3,65.2,116.6,58.0,Common,37.5,5.0,36.7,37.1,92.2,12.0,-1.5,0.0,20.599999999999994,28.1,24.39999999999999
haderjo01,Josh Hader,RP,Modern Era (2016-Pres),84.0,Epic,117.8,42.2,117.3,45.0,31.8,86.7,Epic,125.0,48.0,125.0,40.8,31.7,-2.700000000000003,-7.200000000000003,-5.799999999999997,-7.700000000000003,4.200000000000003,0.10000000000000142
hadlebu01,Bump Hadley,SP,Golden Era (1920-1941),78.5,Rare,52.5,14.3,71.3,91.4,93.4,76.6,Rare,50.0,18.0,67.2,86.2,91.7,1.9000000000000057,2.5,-3.6999999999999993,4.099999999999994,5.200000000000003,1.7000000000000028
haefnmi01,Mickey Haefner,SP,Integration (1942-1960),79.6,Rare,23.0,60.5,56.0,101.8,87.0,73.6,Rare,15.8,53.5,52.0,93.2,83.9,6.0,7.199999999999999,7.0,4.0,8.599999999999994,3.0999999999999943
hahnno01,Noodles Hahn,SP,Deadball (1901-1919),91.8,Legendary,61.1,96.7,44.3,90.0,114.6,90.9,Legendary,47.4,101.7,46.0,98.4,104.7,0.8999999999999915,13.700000000000003,-5.0,-1.7000000000000028,-8.400000000000006,9.899999999999991
haineje01,Jesse Haines,SP,Golden Era (1920-1941),77.7,Rare,10.9,73.2,48.5,84.8,101.5,75.0,Rare,9.6,78.5,53.8,81.3,81.8,2.700000000000003,1.3000000000000007,-5.299999999999997,-5.299999999999997,3.5,19.700000000000003
halamjo01,John Halama,SP,Steroid Era (1994-2005),57.9,Common,32.4,71.4,5.3,35.9,61.2,57.3,Common,28.2,72.6,5.0,39.5,52.1,0.6000000000000014,4.199999999999999,-1.1999999999999886,0.2999999999999998,-3.6000000000000014,9.100000000000001
haliced01,Ed Halicki,SP,Big Hair Era (1977-1993),82.0,Epic,59.8,73.2,58.2,64.4,86.5,75.2,Rare,56.8,68.6,51.0,61.2,68.7,6.799999999999997,3.0,4.6000000000000085,7.200000000000003,3.200000000000003,17.799999999999997
hallabi01,Bill Hallahan,SP,Golden Era (1920-1941),76.4,Rare,93.6,13.2,52.4,62.4,90.8,74.8,Rare,74.0,22.2,55.7,74.0,78.5,1.6000000000000085,19.599999999999994,-9.0,-3.3000000000000043,-11.600000000000001,12.299999999999997
hallaro01,Roy Halladay,SP,Efficiency Era (2006-2015),91.1,Legendary,67.1,122.7,46.4,66.0,97.4,91.5,Legendary,60.5,119.6,55.0,75.5,93.3,-0.4000000000000057,6.599999999999994,3.1000000000000085,-8.600000000000001,-9.5,4.1000000000000085
hallch02,Charley Hall,SP,Deadball (1901-1919),65.3,Uncommon,58.3,20.4,53.9,50.9,78.1,60.4,Uncommon,57.4,16.6,61.2,54.8,51.5,4.899999999999999,0.8999999999999986,3.799999999999997,-7.300000000000004,-3.8999999999999986,26.599999999999994
halldi01,Dick Hall,RP,Expansion (1961-1976),74.8,Rare,43.2,97.3,63.4,53.4,46.9,78.7,Rare,46.8,101.9,73.5,54.6,47.2,-3.9000000000000057,-3.5999999999999943,-4.6000000000000085,-10.100000000000001,-1.2000000000000028,-0.30000000000000426
hallto01,Tom Hall,RP,Expansion (1961-1976),85.4,Epic,120.3,28.1,110.7,41.3,62.6,80.1,Epic,103.9,35.9,102.6,40.5,47.5,5.300000000000011,16.39999999999999,-7.799999999999997,8.100000000000009,0.7999999999999972,15.100000000000001
hamelco01,Cole Hamels,SP,Efficiency Era (2006-2015),86.6,Epic,80.5,79.8,70.6,51.1,87.7,85.9,Epic,80.8,81.6,71.4,43.5,88.4,0.6999999999999886,-0.29999999999999716,-1.7999999999999972,-0.8000000000000114,7.600000000000001,-0.7000000000000028
hamilda01,Dave Hamilton,RP,Expansion (1961-1976),58.1,Common,53.6,28.0,35.1,60.1,32.6,59.2,Common,48.0,36.5,40.4,58.7,44.2,-1.1000000000000014,5.600000000000001,-8.5,-5.299999999999997,1.3999999999999986,-11.600000000000001
hamilea01,Earl Hamilton,SP,Deadball (1901-1919),72.3,Rare,35.4,50.5,36.8,74.0,94.7,73.7,Rare,30.5,56.6,41.5,83.5,86.5,-1.4000000000000057,4.899999999999999,-6.100000000000001,-4.700000000000003,-9.5,8.200000000000003
hamilja01,Jack Hamilton,RP,Expansion (1961-1976),59.1,Common,45.4,23.0,53.3,73.1,31.4,55.7,Common,42.0,5.0,33.2,56.9,33.1,3.3999999999999986,3.3999999999999986,18.0,20.099999999999994,16.199999999999996,-1.7000000000000028
hamiljo02,Joey Hamilton,SP,Steroid Era (1994-2005),75.1,Rare,49.0,64.6,47.9,66.3,78.0,68.3,Uncommon,44.4,55.5,42.0,62.7,68.9,6.799999999999997,4.600000000000001,9.099999999999994,5.899999999999999,3.5999999999999943,9.099999999999994
hamilst01,Steve Hamilton,RP,Expansion (1961-1976),75.2,Rare,61.8,70.8,71.9,68.5,33.2,77.3,Rare,75.5,70.4,74.1,62.8,34.0,-2.0999999999999943,-13.700000000000003,0.3999999999999915,-2.1999999999999886,5.700000000000003,-0.7999999999999972
hamlilu01,Luke Hamlin,SP,Golden Era (1920-1941),71.0,Rare,35.6,90.1,47.7,18.5,93.0,67.4,Uncommon,39.6,83.6,48.1,24.3,74.1,3.5999999999999943,-4.0,6.5,-0.3999999999999986,-5.800000000000001,18.900000000000006
hammaat01,Atlee Hammaker,SP,Big Hair Era (1977-1993),73.6,Rare,52.8,88.2,38.1,42.1,76.8,70.8,Rare,50.0,87.0,47.9,44.9,54.1,2.799999999999997,2.799999999999997,1.2000000000000028,-9.799999999999997,-2.799999999999997,22.699999999999996
hammeja01,Jason Hammel,SP,Efficiency Era (2006-2015),67.8,Uncommon,65.2,65.9,55.6,37.6,47.2,69.3,Uncommon,64.7,81.9,27.6,28.6,74.6,-1.5,0.5,-16.0,28.0,9.0,-27.39999999999999
hammoch01,Chris Hammond,RP,Steroid Era (1994-2005),72.6,Rare,56.3,68.4,53.1,67.5,48.0,68.2,Uncommon,43.5,73.7,44.7,64.4,46.7,4.3999999999999915,12.799999999999997,-5.299999999999997,8.399999999999999,3.0999999999999943,1.2999999999999972
hamptlu01,Lucius Hampton,SP,Golden Era (1920-1941),65.4,Uncommon,33.6,84.1,49.1,56.3,38.7,64.8,Uncommon,24.6,83.9,29.6,69.4,51.9,0.6000000000000085,9.0,0.19999999999998863,19.5,-13.100000000000009,-13.199999999999996
hamptmi01,Mike Hampton,SP,Steroid Era (1994-2005),76.6,Rare,48.9,35.0,48.4,89.6,91.4,75.2,Rare,42.5,48.7,46.9,83.1,85.2,1.3999999999999915,6.399999999999999,-13.700000000000003,1.5,6.5,6.200000000000003
handbr01,Brad Hand,RP,Modern Era (2016-Pres),75.0,Rare,89.7,54.8,72.7,50.1,37.7,75.0,Rare,78.1,53.9,74.7,64.6,34.0,0.0,11.600000000000009,0.8999999999999986,-2.0,-14.499999999999993,3.700000000000003
handsbi01,Bill Hands,SP,Expansion (1961-1976),77.4,Rare,45.7,76.0,34.3,66.5,94.9,79.2,Rare,41.7,94.6,43.0,56.8,90.4,-1.7999999999999972,4.0,-18.599999999999994,-8.700000000000003,9.700000000000003,4.5
haneych01,Chris Haney,RP,Steroid Era (1994-2005),56.9,Common,18.8,71.9,5.0,39.7,54.6,57.6,Common,24.4,75.1,22.4,45.9,34.7,-0.7000000000000028,-5.599999999999998,-3.1999999999999886,-17.4,-6.199999999999996,19.9
hannaji01,Jim Hannan,RP,Expansion (1961-1976),57.1,Common,31.3,8.5,40.2,57.0,56.9,56.6,Common,32.7,16.4,40.2,50.1,45.2,0.5,-1.4000000000000021,-7.899999999999999,0.0,6.899999999999999,11.699999999999996
hannile01,Leo Hannibal,SP,Golden Era (1920-1941),58.2,Common,78.7,28.8,41.3,43.0,20.5,59.3,Common,72.7,35.7,42.6,40.1,38.3,-1.0999999999999943,6.0,-6.900000000000002,-1.3000000000000043,2.8999999999999986,-17.799999999999997
hanrajo01,Joel Hanrahan,RP,Efficiency Era (2006-2015),72.2,Rare,81.6,43.1,72.7,60.9,33.0,60.3,Uncommon,82.6,24.3,55.0,50.3,28.9,11.900000000000006,-1.0,18.8,17.700000000000003,10.600000000000001,4.100000000000001
hansean01,Andy Hansen,RP,Integration (1942-1960),58.6,Common,28.9,57.7,52.4,45.0,34.2,57.5,Common,17.1,57.1,45.3,43.9,36.4,1.1000000000000014,11.799999999999997,0.6000000000000014,7.100000000000001,1.1000000000000014,-2.1999999999999957
hansoer01,Erik Hanson,SP,Big Hair Era (1977-1993),80.9,Epic,82.4,69.7,37.1,58.6,87.4,76.0,Rare,77.3,68.2,32.9,52.4,79.5,4.900000000000006,5.1000000000000085,1.5,4.200000000000003,6.200000000000003,7.900000000000006
hansoto01,Tommy Hanson,SP,Efficiency Era (2006-2015),78.5,Rare,73.4,60.3,64.8,54.9,69.4,70.1,Rare,68.0,57.3,51.1,40.5,63.6,8.400000000000006,5.400000000000006,3.0,13.699999999999996,14.399999999999999,5.800000000000004
happja01,J. A. Happ,SP,Modern Era (2016-Pres),68.2,Uncommon,48.0,63.0,51.6,46.0,64.6,66.7,Uncommon,57.0,64.1,46.4,28.3,71.1,1.5,-9.0,-1.0999999999999943,5.200000000000003,17.7,-6.5
haranaa01,Aaron Harang,SP,Efficiency Era (2006-2015),74.8,Rare,69.9,88.4,24.6,28.9,92.2,70.1,Rare,59.8,74.0,26.1,34.7,85.7,4.700000000000003,10.100000000000009,14.400000000000006,-1.5,-5.800000000000004,6.5
hardeme01,Mel Harder,SP,Golden Era (1920-1941),81.2,Epic,22.2,81.1,28.8,104.1,100.8,77.6,Rare,26.5,77.2,35.0,82.9,96.8,3.6000000000000085,-4.300000000000001,3.8999999999999915,-6.199999999999999,21.19999999999999,4.0
harderi01,Rich Harden,SP,Efficiency Era (2006-2015),75.5,Rare,80.5,34.3,78.2,61.6,53.0,76.7,Rare,85.6,33.4,87.8,56.0,51.1,-1.2000000000000028,-5.099999999999994,0.8999999999999986,-9.599999999999994,5.600000000000001,1.8999999999999986
hardiji01,Jim Hardin,SP,Expansion (1961-1976),78.8,Rare,44.9,82.4,65.1,57.2,74.7,67.3,Uncommon,37.2,80.0,52.0,41.9,58.2,11.5,7.699999999999996,2.4000000000000057,13.099999999999994,15.300000000000004,16.5
hardybl01,Blaine Hardy,RP,Modern Era (2016-Pres),59.0,Common,39.4,51.1,32.8,70.0,31.1,57.2,Common,37.3,53.5,30.9,50.6,23.3,1.7999999999999972,2.1000000000000014,-2.3999999999999986,1.8999999999999986,19.4,7.800000000000001
harenda01,Dan Haren,SP,Efficiency Era (2006-2015),84.3,Epic,77.0,99.3,49.0,39.7,91.3,82.6,Epic,66.5,105.0,45.5,36.4,92.2,1.7000000000000028,10.5,-5.700000000000003,3.5,3.3000000000000043,-0.9000000000000057
hargast01,Steve Hargan,SP,Expansion (1961-1976),82.9,Epic,47.3,65.9,75.3,78.2,81.0,74.7,Rare,40.5,70.0,49.0,72.2,71.9,8.200000000000003,6.799999999999997,-4.099999999999994,26.299999999999997,6.0,9.099999999999994
harkemi01,Mike Harkey,SP,Steroid Era (1994-2005),58.0,Common,24.3,49.4,46.7,43.2,45.0,55.3,Common,31.7,53.9,20.7,21.1,35.6,2.700000000000003,-7.399999999999999,-4.5,26.000000000000004,22.1,9.399999999999999
harkijo01,John Harkins,SP,The Genesis Era (1871-1900),69.0,Uncommon,47.9,27.7,34.8,72.6,93.2,70.7,Rare,47.4,43.0,32.2,65.9,95.0,-1.7000000000000028,0.5,-15.3,2.5999999999999943,6.699999999999989,-1.7999999999999972
harmobo01,Bob Harmon,SP,Deadball (1901-1919),73.7,Rare,19.6,41.0,60.0,72.5,105.5,67.0,Uncommon,12.5,46.9,42.9,71.3,94.6,6.700000000000003,7.100000000000001,-5.899999999999999,17.1,1.2000000000000028,10.900000000000006
harnege01,George Harney,SP,Golden Era (1920-1941),82.7,Epic,53.8,81.9,55.3,91.0,64.3,84.8,Epic,50.3,81.9,46.0,94.8,86.3,-2.0999999999999943,3.5,0.0,9.299999999999997,-3.799999999999997,-22.0
harnipe01,Pete Harnisch,SP,Steroid Era (1994-2005),84.7,Epic,64.8,55.8,89.5,59.1,89.0,79.7,Rare,55.8,69.3,76.0,47.1,80.6,5.0,9.0,-13.5,13.5,12.0,8.400000000000006
harpeha01,Harry Harper,SP,Deadball (1901-1919),71.9,Rare,48.0,18.0,69.5,63.7,90.3,69.3,Uncommon,62.2,5.8,78.7,63.9,67.0,2.6000000000000085,-14.200000000000003,12.2,-9.200000000000003,-0.19999999999999574,23.299999999999997
harpeja01,Jack Harper,SP,Deadball (1901-1919),72.8,Rare,36.2,41.2,37.3,83.1,96.5,59.8,Common,34.7,41.3,37.7,56.7,67.3,13.0,1.5,-0.09999999999999432,-0.4000000000000057,26.39999999999999,29.200000000000003
harpetr01,Travis Harper,RP,Steroid Era (1994-2005),59.4,Common,42.0,57.9,53.7,44.0,33.9,56.0,Common,41.7,65.5,20.9,16.7,29.4,3.3999999999999986,0.29999999999999716,-7.600000000000001,32.800000000000004,27.3,4.5
harrigr01,Greg Harris,RP,Big Hair Era (1977-1993),73.9,Rare,78.0,30.5,83.5,55.3,52.3,74.3,Rare,71.7,36.3,75.6,61.6,56.3,-0.3999999999999915,6.299999999999997,-5.799999999999997,7.900000000000006,-6.300000000000004,-4.0
harrigr02,Greg Harris,SP,Big Hair Era (1977-1993),72.6,Rare,60.6,53.4,64.2,53.2,61.9,63.2,Uncommon,56.7,64.4,50.2,23.7,58.1,9.399999999999991,3.8999999999999986,-11.000000000000007,14.0,29.500000000000004,3.799999999999997
harrima01,Matt Harrison,SP,Efficiency Era (2006-2015),61.7,Uncommon,34.1,63.8,28.3,57.0,63.5,57.1,Common,27.2,59.0,18.7,43.6,45.6,4.600000000000001,6.900000000000002,4.799999999999997,9.600000000000001,13.399999999999999,17.9
harrimi01,Mickey Harris,RP,Integration (1942-1960),66.9,Uncommon,62.7,31.3,44.0,77.3,52.4,59.9,Common,53.4,41.9,24.5,60.8,58.8,7.000000000000007,9.300000000000004,-10.599999999999998,19.5,16.5,-6.399999999999999
harrisl01,Slim Harriss,SP,Golden Era (1920-1941),65.8,Uncommon,30.7,53.9,11.9,73.2,93.7,66.9,Uncommon,29.0,49.6,17.1,87.4,84.7,-1.1000000000000085,1.6999999999999993,4.299999999999997,-5.200000000000001,-14.200000000000003,9.0
harriwi02,Will Harris,RP,Modern Era (2016-Pres),73.7,Rare,58.0,67.7,80.9,59.4,32.5,75.3,Rare,66.0,75.5,74.6,64.3,26.2,-1.5999999999999943,-8.0,-7.799999999999997,6.300000000000011,-4.899999999999999,6.300000000000001
harshja01,Jack Harshman,SP,Integration (1942-1960),82.8,Epic,82.0,34.8,75.0,66.4,88.7,73.7,Rare,76.8,26.7,77.9,50.3,66.9,9.099999999999994,5.200000000000003,8.099999999999998,-2.9000000000000057,16.10000000000001,21.799999999999997
hartbi01,Bill Hart,SP,The Genesis Era (1871-1900),61.2,Uncommon,29.6,15.2,22.2,77.6,100.4,63.2,Uncommon,34.2,31.1,37.1,70.0,80.5,-2.0,-4.600000000000001,-15.900000000000002,-14.900000000000002,7.599999999999994,19.900000000000006
hartlmi01,Mike Hartley,RP,Big Hair Era (1977-1993),62.5,Uncommon,75.4,38.9,47.7,52.3,35.9,61.4,Uncommon,72.1,39.0,61.1,46.1,27.2,1.1000000000000014,3.3000000000000114,-0.10000000000000142,-13.399999999999999,6.199999999999996,8.7
hartzpa01,Paul Hartzell,RP,Big Hair Era (1977-1993),65.6,Uncommon,6.6,84.9,14.4,80.6,76.3,58.9,Common,5.9,83.0,13.2,66.6,54.9,6.699999999999996,0.6999999999999993,1.9000000000000057,1.200000000000001,14.0,21.4
harvebi01,Bill Harvey,RP,Golden Era (1920-1941),59.3,Common,70.2,42.8,55.0,41.0,20.2,60.6,Uncommon,57.0,40.6,42.1,50.9,51.7,-1.3000000000000043,13.200000000000003,2.1999999999999957,12.899999999999999,-9.899999999999999,-31.500000000000004
harvebr01,Bryan Harvey,RP,Big Hair Era (1977-1993),87.3,Epic,100.8,79.0,95.6,61.7,37.3,85.9,Epic,120.0,53.1,107.6,58.0,26.9,1.3999999999999915,-19.200000000000003,25.9,-12.0,3.700000000000003,10.399999999999999
harvehu01,Hunter Harvey,RP,Modern Era (2016-Pres),66.3,Uncommon,53.7,66.3,59.2,64.0,22.4,66.3,Uncommon,56.4,67.3,59.9,61.4,20.3,0.0,-2.6999999999999957,-1.0,-0.6999999999999957,2.6000000000000014,2.099999999999998
harvema01,Matt Harvey,SP,Modern Era (2016-Pres),88.4,Epic,75.7,86.4,76.9,77.3,64.9,70.5,Rare,61.8,82.2,41.5,46.3,50.6,17.900000000000006,13.900000000000006,4.200000000000003,35.400000000000006,31.0,14.300000000000004
hasegsh01,Shigetoshi Hasegawa,RP,Steroid Era (1994-2005),59.2,Common,36.3,60.1,49.3,39.8,43.5,62.4,Uncommon,37.2,61.7,55.8,54.0,40.9,-3.1999999999999957,-0.9000000000000057,-1.6000000000000014,-6.5,-14.200000000000003,2.6000000000000014
hasslan01,Andy Hassler,RP,Big Hair Era (1977-1993),59.7,Common,45.5,25.6,72.6,50.9,42.2,62.6,Uncommon,37.8,25.2,58.2,75.4,53.9,-2.8999999999999986,7.700000000000003,0.40000000000000213,14.399999999999991,-24.500000000000007,-11.699999999999996
hatchch02,Chris Hatcher,RP,Efficiency Era (2006-2015),58.3,Common,61.6,61.1,34.5,34.2,22.7,57.0,Common,66.2,54.1,32.0,17.9,22.3,1.2999999999999972,-4.600000000000001,7.0,2.5,16.300000000000004,0.3999999999999986
hattejo01,Joe Hatten,SP,Integration (1942-1960),64.0,Uncommon,17.8,21.4,34.4,92.2,90.2,58.5,Common,17.5,32.4,28.4,68.4,70.1,5.5,0.3000000000000007,-11.0,6.0,23.799999999999997,20.10000000000001
havenbr01,Brad Havens,RP,Big Hair Era (1977-1993),56.5,Common,41.5,58.6,23.9,34.8,24.7,56.2,Common,52.8,43.0,36.1,10.6,36.5,0.29999999999999716,-11.299999999999997,15.600000000000001,-12.200000000000003,24.199999999999996,-11.8
hawkian01,Andy Hawkins,SP,Big Hair Era (1977-1993),63.5,Uncommon,9.8,57.3,44.4,60.7,81.8,58.9,Common,18.3,53.4,38.1,45.2,67.8,4.600000000000001,-8.5,3.8999999999999986,6.299999999999997,15.5,14.0
hawkila01,LaTroy Hawkins,RP,Steroid Era (1994-2005),72.3,Rare,59.4,78.1,53.0,60.1,40.9,67.6,Uncommon,48.1,83.4,44.9,50.1,44.4,4.700000000000003,11.299999999999997,-5.300000000000011,8.100000000000001,10.0,-3.5
hawlepi01,Pink Hawley,SP,The Genesis Era (1871-1900),83.0,Epic,39.6,52.7,32.5,98.6,125.0,81.9,Epic,26.9,68.4,33.9,95.5,117.0,1.0999999999999943,12.700000000000003,-15.700000000000003,-1.3999999999999986,3.0999999999999943,8.0
hayneji01,Jimmy Haynes,SP,Steroid Era (1994-2005),56.8,Common,48.3,28.7,5.0,36.4,69.9,56.4,Common,39.3,29.2,13.2,41.2,58.0,0.3999999999999986,9.0,-0.5,-8.2,-4.800000000000004,11.900000000000006
haynejo01,Joe Haynes,SP,Integration (1942-1960),69.7,Uncommon,11.9,59.0,49.6,91.9,66.6,63.5,Uncommon,11.8,65.7,37.8,79.6,59.3,6.200000000000003,0.09999999999999964,-6.700000000000003,11.800000000000004,12.300000000000011,7.299999999999997
healyjo01,Egyptian Healy,SP,The Genesis Era (1871-1900),84.3,Epic,63.1,34.4,59.1,81.3,118.3,69.9,Uncommon,50.8,38.1,48.9,45.4,96.7,14.399999999999991,12.300000000000004,-3.700000000000003,10.200000000000003,35.9,21.599999999999994
heanean01,Andrew Heaney,SP,Modern Era (2016-Pres),59.7,Common,66.0,71.5,28.4,11.7,58.8,63.0,Uncommon,75.5,71.8,37.1,12.4,55.3,-3.299999999999997,-9.5,-0.29999999999999716,-8.700000000000003,-0.7000000000000011,3.5
hearnji01,Jim Hearn,SP,Integration (1942-1960),62.5,Uncommon,32.8,68.5,68.9,23.9,56.1,59.9,Common,23.5,59.8,52.7,33.3,70.5,2.6000000000000014,9.299999999999997,8.700000000000003,16.200000000000003,-9.399999999999999,-14.399999999999999
heatone01,Neal Heaton,SP,Big Hair Era (1977-1993),58.5,Common,22.9,50.1,37.9,48.4,57.5,58.3,Common,25.1,63.9,25.1,29.5,70.0,0.20000000000000284,-2.200000000000003,-13.799999999999997,12.799999999999997,18.9,-12.5
heaveda01,Dave Heaverlo,RP,Big Hair Era (1977-1993),59.0,Common,39.7,59.9,27.4,51.4,47.0,58.6,Common,36.6,57.8,27.5,58.7,38.4,0.3999999999999986,3.1000000000000014,2.1000000000000014,-0.10000000000000142,-7.300000000000004,8.600000000000001
heckegu01,Guy Hecker,SP,The Genesis Era (1871-1900),99.9,Legendary,45.7,109.5,78.9,120.9,125.0,95.5,Legendary,38.6,107.6,61.6,108.9,122.9,4.400000000000006,7.100000000000001,1.9000000000000057,17.300000000000004,12.0,2.0999999999999943
hedlumi01,Mike Hedlund,RP,Expansion (1961-1976),59.9,Common,24.1,54.0,49.2,60.2,52.3,58.4,Common,26.1,55.3,45.0,49.5,39.3,1.5,-2.0,-1.2999999999999972,4.200000000000003,10.700000000000003,13.0
heilmaa01,Aaron Heilman,RP,Efficiency Era (2006-2015),74.8,Rare,57.8,63.2,67.3,70.2,45.5,60.2,Uncommon,56.2,49.0,52.6,45.9,37.0,14.599999999999994,1.5999999999999943,14.200000000000003,14.699999999999996,24.300000000000004,8.5
heimafr01,Fred Heimach,SP,Golden Era (1920-1941),59.6,Common,12.1,83.2,5.4,58.2,76.2,59.7,Common,16.8,81.1,14.0,71.4,54.1,-0.10000000000000142,-4.700000000000001,2.1000000000000085,-8.6,-13.200000000000003,22.1
heintke01,Ken Heintzelman,SP,Integration (1942-1960),60.4,Uncommon,18.4,44.4,16.9,75.8,86.0,60.4,Uncommon,24.2,44.1,32.9,71.8,68.6,0.0,-5.800000000000001,0.29999999999999716,-16.0,4.0,17.400000000000006
hellije01,Jeremy Hellickson,SP,Modern Era (2016-Pres),64.0,Uncommon,34.9,60.2,53.7,26.6,80.8,60.7,Uncommon,41.6,72.8,59.0,9.5,60.0,3.299999999999997,-6.700000000000003,-12.599999999999994,-5.299999999999997,17.1,20.799999999999997
helliri01,Rick Helling,SP,Steroid Era (1994-2005),58.3,Common,45.7,40.8,31.4,5.0,89.9,58.9,Common,49.7,53.6,37.6,5.0,77.9,-0.6000000000000014,-4.0,-12.800000000000004,-6.200000000000003,0.0,12.0
helslry01,Ryan Helsley,RP,Modern Era (2016-Pres),79.7,Rare,81.7,48.3,96.1,74.9,27.9,70.3,Rare,75.3,40.4,80.6,61.3,24.1,9.400000000000006,6.400000000000006,7.899999999999999,15.5,13.600000000000009,3.799999999999997
hembrhe01,Heath Hembree,RP,Modern Era (2016-Pres),55.5,Common,42.7,45.1,30.1,25.3,22.7,57.1,Common,61.6,49.9,34.7,24.7,22.1,-1.6000000000000014,-18.9,-4.799999999999997,-4.600000000000001,0.6000000000000014,0.5999999999999979
hemmige01,George Hemming,SP,The Genesis Era (1871-1900),57.8,Common,13.4,31.2,17.8,56.6,85.2,58.2,Common,9.4,29.4,30.9,57.5,84.5,-0.4000000000000057,4.0,1.8000000000000007,-13.099999999999998,-0.8999999999999986,0.7000000000000028
hendeha01,Hardie Henderson,SP,The Genesis Era (1871-1900),89.7,Epic,76.3,51.6,48.4,92.3,120.0,86.8,Epic,71.3,47.7,47.7,97.2,107.5,2.9000000000000057,5.0,3.8999999999999986,0.6999999999999957,-4.900000000000006,12.5
hendera01,Rats Henderson,SP,Golden Era (1920-1941),87.5,Epic,62.6,56.3,66.5,109.1,80.8,85.6,Epic,71.1,61.0,66.2,98.7,67.0,1.9000000000000057,-8.499999999999993,-4.700000000000003,0.29999999999999716,10.399999999999991,13.799999999999997
hendlbo01,Bob Hendley,SP,Expansion (1961-1976),59.1,Common,47.5,53.4,24.4,32.4,68.4,58.0,Common,44.9,50.6,33.8,20.9,58.2,1.1000000000000014,2.6000000000000014,2.799999999999997,-9.399999999999999,11.5,10.200000000000003
hendrcl01,Claude Hendrix,SP,Deadball (1901-1919),90.9,Legendary,70.8,55.9,78.4,86.0,107.4,87.3,Epic,55.5,65.9,64.3,90.8,97.8,3.6000000000000085,15.299999999999997,-10.000000000000007,14.100000000000009,-4.799999999999997,9.600000000000009
hendrky01,Kyle Hendricks,SP,Modern Era (2016-Pres),78.6,Rare,55.6,85.8,55.5,50.7,75.6,75.8,Rare,45.8,94.9,52.0,49.4,67.0,2.799999999999997,9.800000000000004,-9.100000000000009,3.5,1.3000000000000043,8.599999999999994
hendrli01,Liam Hendriks,RP,Modern Era (2016-Pres),83.2,Epic,105.0,80.3,82.3,46.2,35.6,82.9,Epic,95.5,88.6,72.3,63.1,28.0,0.29999999999999716,9.5,-8.299999999999997,10.0,-16.9,7.600000000000001
hendrma01,Mark Hendrickson,SP,Efficiency Era (2006-2015),57.1,Common,28.1,48.3,31.4,51.8,33.6,56.5,Common,22.1,74.3,5.0,29.4,52.7,0.6000000000000014,6.0,-26.0,26.4,22.4,-19.1
henketo01,Tom Henke,RP,Big Hair Era (1977-1993),86.9,Epic,124.4,70.8,92.6,41.6,42.4,91.0,Legendary,125.0,71.3,109.5,55.5,37.7,-4.099999999999994,-0.5999999999999943,-0.5,-16.900000000000006,-13.899999999999999,4.699999999999996
hennemi01,Mike Henneman,RP,Big Hair Era (1977-1993),67.0,Uncommon,55.7,66.7,62.2,59.2,24.4,74.7,Rare,62.6,63.3,59.4,77.9,40.3,-7.700000000000003,-6.899999999999999,3.4000000000000057,2.8000000000000043,-18.700000000000003,-15.899999999999999
henrybi01,Bill Henry,RP,Expansion (1961-1976),73.1,Rare,63.8,85.4,77.9,24.7,43.7,72.8,Rare,74.4,85.2,76.0,26.0,32.7,0.29999999999999716,-10.600000000000009,0.20000000000000284,1.9000000000000057,-1.3000000000000007,11.0
henrybu01,Butch Henry,SP,Steroid Era (1994-2005),66.0,Uncommon,30.4,89.5,32.5,61.4,50.4,59.6,Common,28.3,89.9,17.9,54.8,43.5,6.399999999999999,2.099999999999998,-0.4000000000000057,14.600000000000001,6.600000000000001,6.899999999999999
henrydo01,Doug Henry,RP,Steroid Era (1994-2005),68.6,Uncommon,58.9,41.8,94.4,50.7,29.0,59.5,Common,60.9,27.0,85.9,32.1,27.8,9.099999999999994,-2.0,14.799999999999997,8.5,18.6,1.1999999999999993
henrydw01,Dwayne Henry,RP,Big Hair Era (1977-1993),64.1,Uncommon,68.8,19.9,82.0,57.3,28.7,61.6,Uncommon,73.7,7.9,83.2,60.3,21.2,2.499999999999993,-4.900000000000006,11.999999999999998,-1.2000000000000028,-3.0,7.5
henrypr01,Preacher Henry,SP,Golden Era (1920-1941),61.1,Uncommon,62.5,23.3,70.0,60.3,28.3,66.8,Uncommon,78.1,24.9,51.9,65.4,47.2,-5.699999999999996,-15.599999999999994,-1.5999999999999979,18.1,-5.1000000000000085,-18.900000000000002
henshro01,Roy Henshaw,RP,Golden Era (1920-1941),58.6,Common,39.6,27.5,35.6,54.5,61.6,59.0,Common,46.3,28.1,46.1,62.8,41.5,-0.3999999999999986,-6.699999999999996,-0.6000000000000014,-10.5,-8.299999999999997,20.1
henslcl01,Clay Hensley,RP,Efficiency Era (2006-2015),69.3,Uncommon,43.9,41.3,64.2,79.0,49.3,59.5,Common,41.4,28.8,55.8,70.1,36.9,9.799999999999997,2.5,12.499999999999996,8.400000000000006,8.900000000000006,12.399999999999999
hensleg01,Eggie Hensley,SP,Golden Era (1920-1941),60.5,Uncommon,56.2,51.5,28.8,34.6,70.8,76.8,Rare,52.7,55.3,39.9,62.1,104.4,-16.299999999999997,3.5,-3.799999999999997,-11.099999999999998,-27.5,-33.60000000000001
hentgpa01,Pat Hentgen,SP,Steroid Era (1994-2005),75.6,Rare,47.7,66.0,53.6,47.0,94.1,66.2,Uncommon,41.8,62.9,40.4,31.8,88.2,9.399999999999991,5.900000000000006,3.1000000000000014,13.200000000000003,15.2,5.8999999999999915
herbera01,Ray Herbert,SP,Expansion (1961-1976),69.1,Uncommon,30.6,67.3,28.1,59.9,91.0,65.9,Uncommon,24.0,84.4,18.8,57.4,79.1,3.1999999999999886,6.600000000000001,-17.10000000000001,9.3,2.5,11.900000000000006
herbero01,Ron Herbel,RP,Expansion (1961-1976),62.5,Uncommon,38.2,62.9,19.6,60.4,69.0,58.4,Common,31.2,67.4,15.9,51.1,49.6,4.100000000000001,7.0000000000000036,-4.500000000000007,3.700000000000001,9.299999999999997,19.4
heredfe01,Felix Heredia,RP,Steroid Era (1994-2005),58.3,Common,40.4,38.5,66.6,43.9,24.7,58.5,Common,45.8,31.4,59.7,56.0,23.9,-0.20000000000000284,-5.399999999999999,7.100000000000001,6.8999999999999915,-12.100000000000001,0.8000000000000007
heredgi01,Gil Heredia,SP,Steroid Era (1994-2005),61.7,Uncommon,28.7,89.1,5.0,47.1,77.1,62.0,Uncommon,34.0,97.1,13.5,54.0,49.5,-0.29999999999999716,-5.300000000000001,-8.0,-8.5,-6.899999999999999,27.599999999999994
hergeji01,Jimmy Herget,RP,Modern Era (2016-Pres),66.3,Uncommon,48.7,55.5,63.3,69.3,28.7,60.9,Uncommon,47.9,63.0,54.4,56.7,21.8,5.399999999999999,0.8000000000000043,-7.5,8.899999999999999,12.599999999999994,6.899999999999999
hergema01,Matt Herges,RP,Steroid Era (1994-2005),65.9,Uncommon,49.1,47.6,52.2,74.2,40.7,64.2,Uncommon,52.7,55.5,55.4,60.3,33.0,1.7000000000000028,-3.6000000000000014,-7.899999999999999,-3.1999999999999957,13.900000000000006,7.700000000000003
hermadu01,Dustin Hermanson,SP,Steroid Era (1994-2005),71.3,Rare,51.2,67.5,47.2,51.4,69.4,66.9,Uncommon,48.1,62.1,45.9,45.5,66.1,4.3999999999999915,3.1000000000000014,5.399999999999999,1.3000000000000043,5.899999999999999,3.3000000000000114
hernada01,David Hernandez,RP,Modern Era (2016-Pres),68.9,Uncommon,65.6,64.6,65.4,55.3,25.2,61.4,Uncommon,76.1,47.8,59.1,26.4,36.4,7.500000000000007,-10.5,16.799999999999997,6.300000000000004,28.9,-11.2
hernafe02,Felix Hernandez,SP,Efficiency Era (2006-2015),94.6,Legendary,82.8,81.5,91.7,80.4,95.5,91.7,Legendary,80.8,82.2,75.5,75.4,91.5,2.8999999999999915,2.0,-0.7000000000000028,16.200000000000003,5.0,4.0
hernali01,Livan Hernandez,SP,Steroid Era (1994-2005),75.1,Rare,54.1,74.0,35.8,46.2,95.8,70.3,Rare,44.3,70.2,25.9,48.4,92.8,4.799999999999997,9.800000000000004,3.799999999999997,9.899999999999999,-2.1999999999999957,3.0
hernaor01,Orlando Hernandez,SP,Steroid Era (1994-2005),76.1,Rare,63.1,56.4,70.5,45.8,74.8,72.2,Rare,66.4,58.6,78.2,21.4,66.5,3.8999999999999915,-3.3000000000000043,-2.200000000000003,-7.700000000000003,24.4,8.299999999999997
hernara01,Ramon Hernandez,RP,Expansion (1961-1976),71.3,Rare,48.4,66.1,61.6,72.6,38.1,69.4,Uncommon,46.1,66.5,56.0,80.6,28.6,1.8999999999999915,2.299999999999997,-0.4000000000000057,5.600000000000001,-8.0,9.5
hernaro01,Roberto Hernandez,RP,Steroid Era (1994-2005),74.1,Rare,73.3,33.6,69.5,89.8,34.3,81.2,Epic,78.7,54.4,83.4,82.8,38.0,-7.1000000000000085,-5.400000000000006,-20.799999999999997,-13.900000000000006,7.0,-3.700000000000003
hernawi01,Willie Hernandez,RP,Big Hair Era (1977-1993),82.4,Epic,65.4,86.3,89.3,47.7,55.6,80.1,Epic,74.1,81.5,80.0,46.8,48.2,2.3000000000000114,-8.699999999999989,4.799999999999997,9.299999999999997,0.9000000000000057,7.399999999999999
hernaxa01,Xavier Hernandez,RP,Big Hair Era (1977-1993),78.9,Rare,82.3,46.1,87.1,66.0,43.4,69.7,Uncommon,73.7,50.7,68.5,51.2,35.0,9.200000000000003,8.599999999999994,-4.600000000000001,18.599999999999994,14.799999999999997,8.399999999999999
herreke01,Kelvin Herrera,RP,Modern Era (2016-Pres),75.3,Rare,57.0,69.3,53.6,89.4,37.7,75.2,Rare,73.1,70.7,68.6,61.4,32.7,0.09999999999999432,-16.099999999999994,-1.4000000000000057,-14.999999999999993,28.000000000000007,5.0
herriar01,Art Herring,RP,Golden Era (1920-1941),57.9,Common,32.6,43.3,47.0,29.3,54.7,58.1,Common,31.8,43.4,40.3,51.5,42.3,-0.20000000000000284,0.8000000000000007,-0.10000000000000142,6.700000000000003,-22.2,12.400000000000006
hershor01,Orel Hershiser,SP,Big Hair Era (1977-1993),91.1,Legendary,63.4,74.5,77.4,89.6,94.8,90.1,Legendary,61.8,76.8,79.1,80.2,92.8,1.0,1.6000000000000014,-2.299999999999997,-1.6999999999999886,9.399999999999991,2.0
heskejo01,Joe Hesketh,SP,Big Hair Era (1977-1993),70.5,Rare,59.5,60.2,63.5,44.3,55.2,69.7,Uncommon,67.9,51.7,54.8,55.7,49.0,0.7999999999999972,-8.400000000000006,8.5,8.700000000000003,-11.400000000000006,6.200000000000003
hessot01,Otto Hess,SP,Deadball (1901-1919),81.1,Epic,39.8,64.0,47.0,89.5,96.6,75.1,Rare,40.0,57.6,50.1,74.9,83.1,6.0,-0.20000000000000284,6.399999999999999,-3.1000000000000014,14.599999999999994,13.5
hetkijo01,Johnny Hetki,RP,Integration (1942-1960),64.0,Uncommon,23.5,75.0,40.7,71.9,45.0,57.5,Common,24.3,69.1,31.8,44.0,30.7,6.5,-0.8000000000000007,5.900000000000006,8.900000000000002,27.900000000000006,14.3
heussed01,Ed Heusser,RP,Integration (1942-1960),72.2,Rare,5.0,88.8,31.1,86.8,79.3,65.2,Uncommon,5.0,89.5,32.4,76.2,57.9,7.0,0.0,-0.7000000000000028,-1.2999999999999972,10.599999999999994,21.4
hevinjo02,Joe Heving,RP,Golden Era (1920-1941),70.5,Rare,38.7,56.0,67.4,71.2,49.1,66.1,Uncommon,42.8,55.9,53.0,65.4,47.7,4.400000000000006,-4.099999999999994,0.10000000000000142,14.400000000000006,5.799999999999997,1.3999999999999986
hibbagr01,Greg Hibbard,SP,Big Hair Era (1977-1993),65.5,Uncommon,16.3,77.4,18.9,70.3,79.3,59.5,Common,15.1,75.0,18.4,50.5,73.6,6.0,1.200000000000001,2.4000000000000057,0.5,19.799999999999997,5.700000000000003
hickebr01,Bryan Hickerson,RP,Steroid Era (1994-2005),59.8,Common,45.7,67.1,28.7,54.3,42.4,56.5,Common,57.9,56.7,13.7,13.3,41.0,3.299999999999997,-12.199999999999996,10.399999999999991,15.0,41.0,1.3999999999999986
hickeke01,Kevin Hickey,RP,Big Hair Era (1977-1993),58.7,Common,33.4,40.1,56.6,61.0,28.6,57.6,Common,36.8,41.5,57.2,43.2,23.5,1.1000000000000014,-3.3999999999999986,-1.3999999999999986,-0.6000000000000014,17.799999999999997,5.100000000000001
hicksjo03,Jordan Hicks,RP,Modern Era (2016-Pres),59.5,Common,54.9,17.7,53.9,82.5,24.6,59.6,Common,59.0,16.6,52.3,76.5,30.0,-0.10000000000000142,-4.100000000000001,1.0999999999999979,1.6000000000000014,6.0,-5.399999999999999
higbeki01,Kirby Higbe,SP,Integration (1942-1960),67.7,Uncommon,41.5,25.3,63.3,63.3,77.8,78.1,Rare,47.7,22.6,76.6,81.3,92.7,-10.399999999999991,-6.200000000000003,2.6999999999999993,-13.299999999999997,-18.0,-14.900000000000006
higgide01,Dennis Higgins,RP,Expansion (1961-1976),63.5,Uncommon,74.0,23.9,68.5,41.9,45.7,60.0,Uncommon,76.8,11.0,69.2,53.9,29.3,3.5,-2.799999999999997,12.899999999999999,-0.7000000000000028,-12.0,16.400000000000002
higuete01,Teddy Higuera,SP,Big Hair Era (1977-1993),87.2,Epic,90.8,69.0,70.8,46.4,96.5,83.4,Epic,78.6,72.5,69.4,49.4,80.7,3.799999999999997,12.200000000000003,-3.5,1.3999999999999915,-3.0,15.799999999999997
hildeor01,Oral Hildebrand,SP,Golden Era (1920-1941),59.4,Common,29.0,33.3,39.4,45.2,84.3,59.0,Common,31.2,28.4,45.3,41.9,77.8,0.3999999999999986,-2.1999999999999993,4.899999999999999,-5.899999999999999,3.3000000000000043,6.5
hilgeto01,Tom Hilgendorf,RP,Expansion (1961-1976),58.2,Common,40.8,41.4,42.0,48.1,39.7,57.8,Common,40.7,45.5,41.2,50.8,26.8,0.4000000000000057,0.09999999999999432,-4.100000000000001,0.7999999999999972,-2.6999999999999957,12.900000000000002
hillbi01,Bill Hill,SP,The Genesis Era (1871-1900),66.9,Uncommon,37.8,24.9,43.0,62.7,99.6,69.4,Uncommon,43.7,32.5,47.0,61.6,93.1,-2.5,-5.900000000000006,-7.600000000000001,-4.0,1.1000000000000014,6.5
hillca01,Carmen Hill,SP,Golden Era (1920-1941),72.5,Rare,25.9,61.3,60.2,63.8,81.4,66.2,Uncommon,27.2,60.1,63.0,63.2,51.5,6.299999999999997,-1.3000000000000007,1.1999999999999957,-2.799999999999997,0.5999999999999943,29.900000000000006
hillefr01,Frank Hiller,RP,Integration (1942-1960),57.6,Common,27.3,79.4,30.9,8.8,55.6,57.2,Common,27.9,75.4,31.5,21.3,38.1,0.3999999999999986,-0.5999999999999979,4.0,-0.6000000000000014,-12.5,17.5
hillejo01,John Hiller,RP,Expansion (1961-1976),81.6,Epic,95.2,32.6,80.8,70.5,60.8,82.3,Epic,92.2,36.4,98.5,63.8,53.2,-0.7000000000000028,3.0,-3.799999999999997,-17.700000000000003,6.700000000000003,7.599999999999994
hillji01,Jimmy Hill,SP,Golden Era (1920-1941),65.1,Uncommon,94.5,5.0,69.6,48.6,43.0,67.3,Uncommon,94.1,5.0,71.2,48.7,50.5,-2.200000000000003,0.4000000000000057,0.0,-1.6000000000000085,-0.10000000000000142,-7.5
hillke01,Ken Hill,SP,Steroid Era (1994-2005),76.9,Rare,41.6,58.2,49.7,78.3,87.2,74.7,Rare,35.4,50.0,56.4,81.5,80.3,2.200000000000003,6.200000000000003,8.200000000000003,-6.699999999999996,-3.200000000000003,6.900000000000006
hillmda01,Dave Hillman,RP,Integration (1942-1960),60.1,Uncommon,46.5,75.8,38.8,21.6,57.6,58.4,Common,46.4,76.2,35.6,15.2,41.6,1.7000000000000028,0.10000000000000142,-0.4000000000000057,3.1999999999999957,6.400000000000002,16.0
hillri01,Rich Hill,SP,Modern Era (2016-Pres),71.7,Rare,66.3,58.9,64.4,50.1,48.7,76.1,Rare,76.4,60.5,82.2,34.6,57.2,-4.3999999999999915,-10.100000000000009,-1.6000000000000014,-17.799999999999997,15.5,-8.5
hillti01,Tim Hill,RP,Modern Era (2016-Pres),56.6,Common,26.9,57.5,21.3,55.1,23.6,59.1,Common,31.9,65.1,39.9,64.1,24.9,-2.5,-5.0,-7.599999999999994,-18.599999999999998,-8.999999999999993,-1.2999999999999972
hitchst01,Sterling Hitchcock,SP,Steroid Era (1994-2005),64.7,Uncommon,72.8,56.5,43.2,5.9,80.4,59.7,Common,66.3,56.9,42.8,11.1,60.2,5.0,6.5,-0.3999999999999986,0.4000000000000057,-5.199999999999999,20.200000000000003
hobbigl01,Glen Hobbie,SP,Integration (1942-1960),64.3,Uncommon,56.5,36.8,43.4,35.6,85.1,61.3,Uncommon,56.3,49.1,35.3,28.5,76.1,3.0,0.20000000000000284,-12.300000000000004,8.100000000000001,7.100000000000001,9.0
hochelu01,Luke Hochevar,RP,Efficiency Era (2006-2015),62.9,Uncommon,49.6,62.1,44.7,37.9,57.5,59.8,Common,46.3,65.8,43.1,40.8,42.3,3.1000000000000014,3.3000000000000043,-3.6999999999999957,1.6000000000000014,-2.8999999999999986,15.200000000000003
hoeftbi01,Billy Hoeft,SP,Integration (1942-1960),81.5,Epic,67.3,56.8,73.8,59.4,81.7,72.2,Rare,68.1,55.1,49.0,43.2,75.8,9.299999999999997,-0.7999999999999972,1.6999999999999957,24.799999999999997,16.199999999999996,5.900000000000006
hoernjo01,Joe Hoerner,RP,Expansion (1961-1976),68.3,Uncommon,63.9,62.2,64.5,48.7,34.4,72.1,Rare,68.0,72.9,71.9,51.9,26.1,-3.799999999999997,-4.100000000000001,-10.700000000000003,-7.400000000000006,-3.1999999999999957,8.299999999999997
hoffebi01,Bill Hoffer,SP,The Genesis Era (1871-1900),79.6,Rare,21.7,53.9,46.3,96.8,109.6,74.6,Rare,25.4,53.2,49.0,87.8,87.6,5.0,-3.6999999999999993,0.6999999999999957,-2.700000000000003,9.0,22.0
hoffmgu01,Guy Hoffman,RP,Big Hair Era (1977-1993),57.4,Common,40.3,54.8,21.5,35.8,45.4,56.8,Common,40.4,51.4,29.1,38.7,28.7,0.6000000000000014,-0.10000000000000142,3.3999999999999986,-7.600000000000001,-2.9000000000000057,16.7
hoffmje02,Jeff Hoffman,RP,Modern Era (2016-Pres),64.2,Uncommon,76.8,36.3,66.5,45.3,31.9,57.6,Common,73.3,34.0,52.0,9.2,33.8,6.600000000000001,3.5,2.299999999999997,14.5,36.099999999999994,-1.8999999999999986
hoffmtr01,Trevor Hoffman,RP,Steroid Era (1994-2005),91.2,Legendary,109.3,63.6,117.0,70.6,40.3,92.3,Legendary,100.9,78.3,123.2,75.1,33.6,-1.0999999999999943,8.399999999999991,-14.699999999999996,-6.200000000000003,-4.5,6.699999999999996
hoggbi01,Bill Hogg,SP,Deadball (1901-1919),68.4,Uncommon,61.1,8.7,50.7,70.7,82.9,67.1,Uncommon,61.2,19.9,51.1,56.0,80.3,1.3000000000000114,-0.10000000000000142,-11.2,-0.3999999999999986,14.700000000000003,2.6000000000000085
hogsech01,Elon Hogsett,RP,Golden Era (1920-1941),55.9,Common,25.8,36.6,5.0,44.3,61.0,56.4,Common,32.0,38.3,5.0,53.4,53.0,-0.5,-6.199999999999999,-1.6999999999999957,0.0,-9.100000000000001,8.0
hollaal01,Al Holland,RP,Big Hair Era (1977-1993),77.4,Rare,81.4,42.1,74.8,74.4,44.6,75.8,Rare,74.2,55.4,83.8,53.6,42.1,1.6000000000000085,7.200000000000003,-13.299999999999997,-9.0,20.800000000000004,2.5
hollabi03,Bill Holland,SP,Golden Era (1920-1941),83.7,Epic,82.7,88.8,73.2,55.6,52.4,87.9,Epic,80.4,88.9,64.2,55.8,88.6,-4.200000000000003,2.299999999999997,-0.10000000000000853,9.0,-0.19999999999999574,-36.199999999999996
hollade01,Derek Holland,SP,Efficiency Era (2006-2015),70.1,Rare,70.1,55.4,31.6,39.9,83.4,64.7,Uncommon,61.2,64.5,39.3,31.2,62.8,5.3999999999999915,8.899999999999991,-9.100000000000001,-7.699999999999996,8.7,20.60000000000001
hollagr01,Greg Holland,RP,Efficiency Era (2006-2015),88.8,Epic,104.7,61.4,106.4,79.1,31.6,86.9,Epic,106.7,48.6,104.3,84.5,27.6,1.8999999999999915,-2.0,12.799999999999997,2.1000000000000085,-5.400000000000006,4.0
holleed01,Ed Holley,SP,Golden Era (1920-1941),58.8,Common,26.1,67.6,27.8,30.6,70.1,57.8,Common,29.0,63.2,31.9,17.0,63.4,1.0,-2.8999999999999986,4.3999999999999915,-4.099999999999998,13.600000000000001,6.699999999999996
hollial01,Al Hollingsworth,SP,Golden Era (1920-1941),66.4,Uncommon,44.6,32.3,45.1,84.9,58.9,73.7,Rare,41.2,44.2,38.0,95.8,79.3,-7.299999999999997,3.3999999999999986,-11.900000000000006,7.100000000000001,-10.899999999999991,-20.4
holloke01,Ken Holloway,RP,Golden Era (1920-1941),58.3,Common,5.0,46.5,23.9,68.3,69.3,58.4,Common,5.6,53.7,18.4,74.5,62.7,-0.10000000000000142,-0.5999999999999996,-7.200000000000003,5.5,-6.200000000000003,6.599999999999994
holmabr01,Brian Holman,SP,Big Hair Era (1977-1993),58.8,Common,37.6,39.6,23.6,61.9,59.6,67.5,Uncommon,43.4,51.3,36.1,65.7,73.9,-8.700000000000003,-5.799999999999997,-11.699999999999996,-12.5,-3.8000000000000043,-14.300000000000004
holmecl01,Clay Holmes,RP,Modern Era (2016-Pres),68.7,Uncommon,59.2,39.8,62.3,85.7,28.1,69.9,Uncommon,61.5,39.0,63.1,82.4,34.0,-1.2000000000000028,-2.299999999999997,0.7999999999999972,-0.8000000000000043,3.299999999999997,-5.899999999999999
holmeda01,Darren Holmes,RP,Steroid Era (1994-2005),73.3,Rare,63.5,61.5,68.5,72.1,31.3,73.0,Rare,62.5,63.6,63.3,76.9,29.1,0.29999999999999716,1.0,-2.1000000000000014,5.200000000000003,-4.800000000000011,2.1999999999999993
holsefr01,Frog Holsey,SP,Golden Era (1920-1941),62.0,Uncommon,43.9,65.2,18.8,68.4,51.8,67.6,Uncommon,48.2,61.0,35.8,59.5,66.2,-5.599999999999994,-4.300000000000004,4.200000000000003,-16.999999999999996,8.900000000000006,-14.400000000000006
holtch01,Chris Holt,SP,Steroid Era (1994-2005),61.0,Uncommon,33.4,61.3,5.0,61.1,83.2,59.1,Common,32.3,62.7,7.2,58.4,66.0,1.8999999999999986,1.1000000000000014,-1.4000000000000057,-2.2,2.700000000000003,17.200000000000003
holtoty01,Tyler Holton,RP,Modern Era (2016-Pres),73.4,Rare,44.0,84.2,90.0,36.8,42.4,72.3,Rare,41.8,82.9,88.0,45.0,33.9,1.1000000000000085,2.200000000000003,1.2999999999999972,2.0,-8.200000000000003,8.5
holtzke01,Ken Holtzman,SP,Expansion (1961-1976),76.5,Rare,49.2,70.9,43.6,47.0,102.0,80.0,Epic,42.5,78.1,52.0,57.1,100.6,-3.5,6.700000000000003,-7.199999999999989,-8.399999999999999,-10.100000000000001,1.4000000000000057
holtzmi01,Mike Holtz,RP,Steroid Era (1994-2005),59.1,Common,60.6,38.5,46.9,59.2,21.9,58.3,Common,67.6,27.7,45.0,52.6,21.2,0.8000000000000043,-6.999999999999993,10.8,1.8999999999999986,6.600000000000001,0.6999999999999993
honeyri01,Rick Honeycutt,SP,Big Hair Era (1977-1993),61.8,Uncommon,11.7,78.0,30.0,66.5,61.0,65.3,Uncommon,19.5,77.8,39.0,55.1,70.2,-3.5,-7.800000000000001,0.20000000000000284,-9.0,11.399999999999999,-9.200000000000003
hooddo01,Don Hood,RP,Big Hair Era (1977-1993),59.5,Common,30.8,26.5,64.3,79.0,32.4,57.8,Common,20.8,34.1,40.0,62.9,46.9,1.7000000000000028,10.0,-7.600000000000001,24.299999999999997,16.1,-14.5
hookele01,Leniel Hooker,SP,Integration (1942-1960),74.5,Rare,47.5,76.4,44.7,93.0,41.3,78.3,Rare,42.1,72.6,39.2,93.2,75.0,-3.799999999999997,5.399999999999999,3.8000000000000114,5.5,-0.20000000000000284,-33.7
hookja01,Jay Hook,SP,Integration (1942-1960),57.8,Common,45.7,55.8,21.8,5.0,76.6,56.8,Common,52.6,57.6,26.1,5.0,47.4,1.0,-6.899999999999999,-1.8000000000000043,-4.300000000000001,0.0,29.199999999999996
hootobu01,Burt Hooton,SP,Big Hair Era (1977-1993),82.1,Epic,40.1,68.8,69.4,72.5,92.2,85.4,Epic,42.8,76.4,70.1,83.9,89.3,-3.3000000000000114,-2.6999999999999957,-7.6000000000000085,-0.6999999999999886,-11.400000000000006,2.9000000000000057
hoovejj01,J. J. Hoover,RP,Efficiency Era (2006-2015),64.4,Uncommon,57.2,36.5,88.5,48.8,26.8,57.2,Common,70.2,27.1,65.7,9.7,23.1,7.200000000000003,-13.0,9.399999999999999,22.799999999999997,39.099999999999994,3.6999999999999993
horlejo01,Joe Horlen,SP,Expansion (1961-1976),87.1,Epic,26.3,79.3,94.1,80.2,93.2,82.6,Epic,32.0,81.5,71.6,72.2,88.3,4.5,-5.699999999999999,-2.200000000000003,22.5,8.0,4.900000000000006
hortori01,Ricky Horton,RP,Big Hair Era (1977-1993),60.7,Uncommon,42.6,61.2,40.3,48.5,50.1,58.6,Common,26.4,63.4,27.8,54.5,46.5,2.1000000000000014,16.200000000000003,-2.1999999999999957,12.499999999999996,-6.0,3.6000000000000014
houckta01,Tanner Houck,SP,Modern Era (2016-Pres),76.0,Rare,60.3,63.5,53.9,83.6,49.0,67.4,Uncommon,57.7,59.0,49.7,63.9,39.5,8.599999999999994,2.5999999999999943,4.5,4.199999999999996,19.699999999999996,9.5
houghch01,Charlie Hough,SP,Big Hair Era (1977-1993),73.5,Rare,43.5,51.4,62.6,41.5,98.7,76.2,Rare,53.6,39.0,85.2,38.2,95.2,-2.700000000000003,-10.100000000000001,12.399999999999999,-22.6,3.299999999999997,3.5
housead01,Adrian Houser,SP,Modern Era (2016-Pres),59.1,Common,48.2,57.2,30.9,50.2,39.4,59.2,Common,45.0,51.7,35.3,55.9,40.1,-0.10000000000000142,3.200000000000003,5.5,-4.399999999999999,-5.699999999999996,-0.7000000000000028
houseto01,Tom House,RP,Expansion (1961-1976),59.1,Common,38.9,70.0,42.0,42.7,33.3,58.6,Common,39.8,57.4,51.0,40.8,30.0,0.5,-0.8999999999999986,12.600000000000001,-9.0,1.9000000000000057,3.299999999999997
houttar01,Art Houtteman,SP,Integration (1942-1960),58.4,Common,22.4,61.8,26.5,18.4,85.2,63.1,Uncommon,29.6,70.6,30.7,41.1,80.5,-4.700000000000003,-7.200000000000003,-8.799999999999997,-4.199999999999999,-22.700000000000003,4.700000000000003
howarca02,Carrenza Howard,SP,Integration (1942-1960),58.4,Common,49.4,35.4,44.7,61.6,24.6,58.7,Common,52.0,30.0,33.8,74.5,30.3,-0.30000000000000426,-2.6000000000000014,5.399999999999999,10.900000000000006,-12.899999999999999,-5.699999999999999
howelha01,Harry Howell,SP,Deadball (1901-1919),88.2,Epic,44.7,71.3,48.3,106.5,109.0,90.8,Legendary,38.0,76.6,57.8,118.4,106.4,-2.5999999999999943,6.700000000000003,-5.299999999999997,-9.5,-11.900000000000006,2.5999999999999943
howelja01,Jay Howell,RP,Big Hair Era (1977-1993),78.1,Rare,74.0,61.8,60.5,78.9,45.5,83.1,Epic,80.7,67.1,77.6,86.4,37.0,-5.0,-6.700000000000003,-5.299999999999997,-17.099999999999994,-7.5,8.5
howeljp01,J. P. Howell,RP,Efficiency Era (2006-2015),74.2,Rare,72.0,33.9,92.2,66.6,36.3,72.8,Rare,68.8,41.9,85.0,68.8,29.4,1.4000000000000057,3.200000000000003,-8.0,7.200000000000003,-2.200000000000003,6.899999999999999
howelke01,Ken Howell,RP,Big Hair Era (1977-1993),75.9,Rare,84.7,40.1,68.4,67.3,49.4,73.4,Rare,90.7,31.4,71.4,60.7,43.0,2.5,-6.0,8.700000000000003,-3.0,6.599999999999994,6.399999999999999
howest01,Steve Howe,RP,Big Hair Era (1977-1993),77.1,Rare,42.0,88.3,68.4,82.4,34.7,81.3,Epic,41.6,92.2,75.6,98.7,29.8,-4.200000000000003,0.3999999999999986,-3.9000000000000057,-7.199999999999989,-16.299999999999997,4.900000000000002
howrybo01,Bob Howry,RP,Steroid Era (1994-2005),71.4,Rare,65.6,69.6,61.5,52.0,38.2,77.0,Rare,72.9,67.9,87.1,54.4,33.3,-5.599999999999994,-7.300000000000011,1.6999999999999886,-25.599999999999994,-2.3999999999999986,4.900000000000006
hoytla01,LaMarr Hoyt,SP,Big Hair Era (1977-1993),77.3,Rare,27.1,118.8,32.5,44.1,94.6,72.0,Rare,31.6,108.5,37.7,38.3,73.8,5.299999999999997,-4.5,10.299999999999997,-5.200000000000003,5.800000000000004,20.799999999999997
hoytwa01,Waite Hoyt,SP,Golden Era (1920-1941),85.3,Epic,35.4,83.5,44.9,102.6,95.9,82.0,Epic,23.4,92.2,49.4,87.1,89.9,3.299999999999997,12.0,-8.700000000000003,-4.5,15.5,6.0
hraboal01,Al Hrabosky,RP,Expansion (1961-1976),76.2,Rare,76.7,43.5,80.6,72.6,38.1,76.5,Rare,74.9,39.0,82.8,85.7,30.2,-0.29999999999999716,1.7999999999999972,4.5,-2.200000000000003,-13.100000000000009,7.900000000000002
hubbebi01,Bill Hubbell,SP,Golden Era (1920-1941),57.2,Common,5.0,83.2,5.0,36.6,65.2,56.8,Common,5.0,86.0,5.0,30.3,61.2,0.4000000000000057,0.0,-2.799999999999997,0.0,6.300000000000001,4.0
hubbeca01,Carl Hubbell,SP,Golden Era (1920-1941),96.2,Legendary,39.4,116.3,83.2,98.0,109.5,92.0,Legendary,51.4,110.6,75.9,64.7,105.9,4.200000000000003,-12.0,5.700000000000003,7.299999999999997,33.3,3.5999999999999943
hudekjo01,John Hudek,RP,Steroid Era (1994-2005),58.7,Common,65.1,18.0,77.3,37.8,21.9,58.0,Common,73.0,16.1,67.9,28.7,22.2,0.7000000000000028,-7.900000000000006,1.8999999999999986,9.399999999999991,9.099999999999998,-0.3000000000000007
hudliwi01,Willis Hudlin,SP,Golden Era (1920-1941),74.6,Rare,5.0,72.4,18.2,108.2,99.3,67.8,Uncommon,5.0,62.4,18.2,91.2,94.7,6.799999999999997,0.0,10.000000000000007,0.0,17.0,4.599999999999994
hudsoch02,Charles Hudson,SP,Big Hair Era (1977-1993),61.9,Uncommon,48.6,50.8,45.5,25.9,76.9,59.2,Common,41.7,55.5,38.7,26.3,65.6,2.6999999999999957,6.899999999999999,-4.700000000000003,6.799999999999997,-0.40000000000000213,11.300000000000011
hudsoda01,Daniel Hudson,RP,Modern Era (2016-Pres),62.2,Uncommon,40.4,63.7,66.2,55.4,23.0,72.7,Rare,56.4,73.7,67.4,56.8,39.1,-10.5,-16.0,-10.0,-1.2000000000000028,-1.3999999999999986,-16.1
hudsona01,Nat Hudson,SP,The Genesis Era (1871-1900),77.2,Rare,35.1,68.7,60.7,64.3,87.6,74.0,Rare,43.0,67.4,60.2,49.9,79.8,3.200000000000003,-7.899999999999999,1.2999999999999972,0.5,14.399999999999999,7.799999999999997
hudsosi01,Sid Hudson,SP,Integration (1942-1960),64.0,Uncommon,31.7,53.9,31.8,71.2,67.6,64.0,Uncommon,14.8,59.9,17.2,73.8,90.6,0.0,16.9,-6.0,14.600000000000001,-2.5999999999999943,-23.0
hudsoti01,Tim Hudson,SP,Steroid Era (1994-2005),83.6,Epic,40.4,78.1,66.0,73.3,94.3,85.1,Epic,44.8,80.7,65.5,78.8,91.3,-1.5,-4.399999999999999,-2.6000000000000085,0.5,-5.5,3.0
hughedi01,Dick Hughes,RP,Expansion (1961-1976),77.8,Rare,64.5,77.3,91.8,36.8,49.0,77.6,Rare,62.4,76.2,88.0,41.1,50.7,0.20000000000000284,2.1000000000000014,1.0999999999999943,3.799999999999997,-4.300000000000004,-1.7000000000000028
hugheja01,Jay Hughes,SP,The Genesis Era (1871-1900),86.0,Epic,44.2,43.4,79.5,95.3,104.1,88.5,Epic,49.6,58.1,83.6,89.0,101.1,-2.5,-5.399999999999999,-14.700000000000003,-4.099999999999994,6.299999999999997,3.0
hugheja02,Jared Hughes,RP,Modern Era (2016-Pres),62.4,Uncommon,29.3,55.8,48.9,81.5,34.2,62.2,Uncommon,26.7,60.4,60.1,67.8,34.0,0.19999999999999574,2.6000000000000014,-4.600000000000001,-11.200000000000003,13.700000000000003,0.20000000000000284
hugheji01,Jim Hughey,SP,The Genesis Era (1871-1900),70.7,Rare,46.2,64.0,27.1,77.7,68.5,60.1,Uncommon,28.0,67.2,5.0,74.6,65.6,10.600000000000001,18.200000000000003,-3.200000000000003,22.1,3.1000000000000085,2.9000000000000057
hugheph01,Phil Hughes,SP,Efficiency Era (2006-2015),75.5,Rare,69.7,90.2,36.2,41.0,70.9,63.3,Uncommon,57.5,97.0,24.5,11.9,62.3,12.200000000000003,12.200000000000003,-6.799999999999997,11.700000000000003,29.1,8.600000000000009
hugheto01,Tom Hughes,SP,Deadball (1901-1919),90.1,Legendary,62.2,69.1,67.2,90.2,101.9,81.4,Epic,66.8,54.3,41.7,79.8,95.8,8.699999999999989,-4.599999999999994,14.799999999999997,25.5,10.400000000000006,6.1000000000000085
hugheto02,Tom Hughes,SP,Deadball (1901-1919),88.9,Epic,79.6,68.1,86.7,68.2,81.3,83.0,Epic,73.6,67.3,83.8,68.3,55.4,5.900000000000006,6.0,0.7999999999999972,2.9000000000000057,-0.09999999999999432,25.9
hugheto04,Tommy Hughes,SP,Integration (1942-1960),63.4,Uncommon,14.4,32.8,40.0,86.1,80.3,59.6,Common,17.7,36.9,36.6,81.5,62.9,3.799999999999997,-3.299999999999999,-4.100000000000001,3.3999999999999986,4.599999999999994,17.4
hughste01,Tex Hughson,SP,Integration (1942-1960),86.5,Epic,41.5,91.6,57.1,76.2,102.8,85.5,Epic,48.2,90.5,63.5,80.3,80.9,1.0,-6.700000000000003,1.0999999999999943,-6.399999999999999,-4.099999999999994,21.89999999999999
humeto01,Tom Hume,RP,Big Hair Era (1977-1993),70.4,Rare,30.8,74.7,42.8,73.3,60.6,67.0,Uncommon,29.6,69.1,45.2,71.9,52.6,3.4000000000000057,1.1999999999999993,5.6000000000000085,-2.4000000000000057,1.3999999999999915,8.0
humphbe01,Bert Humphries,SP,Deadball (1901-1919),59.1,Common,23.4,98.6,20.8,7.2,76.2,58.4,Common,25.1,93.6,27.6,6.6,61.6,0.7000000000000028,-1.7000000000000028,5.0,-6.800000000000001,0.6000000000000005,14.600000000000001
humphbo01,Bob Humphreys,RP,Expansion (1961-1976),65.9,Uncommon,57.4,53.0,59.0,57.3,37.2,64.3,Uncommon,56.2,49.9,70.6,48.5,32.1,1.6000000000000085,1.1999999999999957,3.1000000000000014,-11.599999999999994,8.799999999999997,5.100000000000001
humphjo02,Johnny Humphries,SP,Integration (1942-1960),69.5,Uncommon,10.6,72.8,37.5,86.7,70.8,64.6,Uncommon,10.1,67.3,33.0,86.4,61.7,4.900000000000006,0.5,5.5,4.5,0.29999999999999716,9.099999999999994
huntebe01,Bert Hunter,SP,Golden Era (1920-1941),75.1,Rare,93.0,61.7,66.9,60.7,23.3,79.0,Rare,86.0,60.4,43.4,53.9,82.0,-3.9000000000000057,7.0,1.3000000000000043,23.500000000000007,6.800000000000004,-58.7
hunteca01,Catfish Hunter,SP,Expansion (1961-1976),91.4,Legendary,33.7,98.7,98.0,61.8,110.5,86.1,Epic,43.4,86.5,91.9,41.0,104.4,5.300000000000011,-9.699999999999996,12.200000000000003,6.099999999999994,20.799999999999997,6.099999999999994
hunteto02,Tommy Hunter,RP,Efficiency Era (2006-2015),59.8,Common,43.1,81.5,54.5,14.1,44.4,63.2,Uncommon,41.8,86.7,51.9,34.2,38.2,-3.4000000000000057,1.3000000000000043,-5.200000000000003,2.6000000000000014,-20.1,6.199999999999996
hurstbr01,Bruce Hurst,SP,Big Hair Era (1977-1993),83.1,Epic,76.6,74.5,59.6,48.8,89.0,74.3,Rare,68.8,71.3,39.2,32.2,90.1,8.799999999999997,7.799999999999997,3.200000000000003,20.4,16.599999999999994,-1.0999999999999943
hutchbi01,Bill Hutchison,SP,The Genesis Era (1871-1900),83.3,Epic,50.5,33.2,74.0,67.6,125.0,70.5,Rare,41.1,16.5,45.6,54.5,125.0,12.799999999999997,9.399999999999999,16.700000000000003,28.4,13.099999999999994,0.0
hutchfr01,Fred Hutchinson,SP,Integration (1942-1960),77.1,Rare,45.4,74.8,55.9,53.4,86.4,71.0,Rare,28.8,94.8,37.0,43.5,80.7,6.099999999999994,16.599999999999998,-20.0,18.9,9.899999999999999,5.700000000000003
hutchir01,Ira Hutchinson,RP,Golden Era (1920-1941),57.5,Common,15.9,36.4,33.0,62.6,52.5,57.6,Common,25.3,35.3,49.0,50.9,41.3,-0.10000000000000142,-9.4,1.1000000000000014,-16.0,11.700000000000003,11.200000000000003
hydedi01,Dick Hyde,RP,Integration (1942-1960),64.9,Uncommon,45.8,39.7,57.6,79.7,36.8,62.5,Uncommon,51.3,39.5,60.6,73.2,25.7,2.4000000000000057,-5.5,0.20000000000000284,-3.0,6.5,11.099999999999998
iglesra01,Raisel Iglesias,RP,Modern Era (2016-Pres),77.3,Rare,73.8,74.5,81.6,50.6,36.3,82.0,Epic,82.4,75.8,95.6,53.2,35.4,-4.700000000000003,-8.600000000000009,-1.2999999999999972,-14.0,-2.6000000000000014,0.8999999999999986
imanash01,Shota Imanaga,SP,Modern Era (2016-Pres),70.7,Rare,55.9,91.0,57.9,10.1,68.5,69.7,Uncommon,52.8,86.0,61.6,14.8,64.0,1.0,3.1000000000000014,5.0,-3.700000000000003,-4.700000000000001,4.5
innisje01,Jeff Innis,RP,Big Hair Era (1977-1993),62.2,Uncommon,33.3,52.7,60.5,69.2,33.2,61.6,Uncommon,37.6,60.7,53.7,68.7,25.7,0.6000000000000014,-4.300000000000004,-8.0,6.799999999999997,0.5,7.5000000000000036
ishiika01,Kazuhisa Ishii,SP,Steroid Era (1994-2005),59.4,Common,63.8,5.0,61.6,30.5,71.1,59.3,Common,57.1,9.3,65.8,34.5,63.0,0.10000000000000142,6.699999999999996,-4.300000000000001,-4.199999999999996,-4.0,8.099999999999994
isrinja01,Jason Isringhausen,RP,Steroid Era (1994-2005),71.9,Rare,56.6,53.1,70.7,71.9,37.2,81.7,Epic,68.5,57.3,93.6,85.3,35.6,-9.799999999999997,-11.899999999999999,-4.199999999999996,-22.89999999999999,-13.399999999999991,1.6000000000000014
iwakuhi01,Hisashi Iwakuma,SP,Efficiency Era (2006-2015),72.3,Rare,57.4,97.0,41.4,15.5,80.2,72.3,Rare,55.5,97.7,50.5,21.3,66.4,0.0,1.8999999999999986,-0.7000000000000028,-9.100000000000001,-5.800000000000001,13.799999999999997
jacksal01,Al Jackson,SP,Expansion (1961-1976),65.2,Uncommon,22.5,77.4,10.8,58.3,92.2,66.1,Uncommon,34.6,77.8,20.0,54.4,78.0,-0.8999999999999915,-12.100000000000001,-0.3999999999999915,-9.2,3.8999999999999986,14.200000000000003
jacksda02,Danny Jackson,SP,Big Hair Era (1977-1993),81.1,Epic,55.7,55.6,51.4,82.7,91.0,78.1,Rare,50.3,54.4,47.7,84.1,84.4,3.0,5.400000000000006,1.2000000000000028,3.6999999999999957,-1.3999999999999915,6.599999999999994
jacksed01,Edwin Jackson,SP,Efficiency Era (2006-2015),59.2,Common,47.3,60.7,16.8,41.1,63.2,62.3,Uncommon,50.9,56.7,32.4,37.8,71.4,-3.0999999999999943,-3.6000000000000014,4.0,-15.599999999999998,3.3000000000000043,-8.200000000000003
jacksgr01,Grant Jackson,RP,Expansion (1961-1976),73.8,Rare,60.3,53.7,62.6,61.4,61.3,70.9,Rare,48.7,56.8,63.0,67.5,48.5,2.8999999999999915,11.599999999999994,-3.0999999999999943,-0.3999999999999986,-6.100000000000001,12.799999999999997
jacksla01,Larry Jackson,SP,Integration (1942-1960),85.6,Epic,56.2,95.3,37.5,71.3,103.5,86.6,Epic,55.9,97.8,47.6,70.7,97.8,-1.0,0.30000000000000426,-2.5,-10.100000000000001,0.5999999999999943,5.700000000000003
jackslu01,Luke Jackson,RP,Modern Era (2016-Pres),59.5,Common,77.8,38.0,45.4,44.2,28.3,59.0,Common,70.9,36.4,41.2,53.0,24.2,0.5,6.8999999999999915,1.6000000000000014,4.199999999999996,-8.799999999999997,4.100000000000001
jacksmi02,Michael Jackson,RP,Steroid Era (1994-2005),77.5,Rare,58.6,54.2,96.4,67.2,41.6,81.6,Epic,73.1,60.3,106.8,64.7,35.0,-4.099999999999994,-14.499999999999993,-6.099999999999994,-10.399999999999991,2.5,6.600000000000001
jacksro03,Roy Lee Jackson,RP,Big Hair Era (1977-1993),59.8,Common,48.8,52.7,56.5,47.0,33.2,62.4,Uncommon,54.4,63.0,59.3,42.4,30.7,-2.6000000000000014,-5.600000000000001,-10.299999999999997,-2.799999999999997,4.600000000000001,2.5000000000000036
jacobel01,Elmer Jacobs,SP,Deadball (1901-1919),59.6,Common,18.3,45.6,54.6,51.0,66.1,56.2,Common,12.3,43.7,27.8,26.3,68.6,3.3999999999999986,6.0,1.8999999999999986,26.8,24.7,-2.5
jamesbi01,Bill James,SP,Deadball (1901-1919),62.6,Uncommon,29.3,12.2,54.3,74.4,80.2,59.6,Common,26.7,5.0,50.7,83.5,68.4,3.0,2.6000000000000014,7.199999999999999,3.5999999999999943,-9.099999999999994,11.799999999999997
jamesbi02,Bill James,SP,Deadball (1901-1919),64.2,Uncommon,50.2,39.1,70.7,35.0,62.1,62.9,Uncommon,56.1,40.0,65.5,26.2,63.9,1.3000000000000043,-5.899999999999999,-0.8999999999999986,5.200000000000003,8.8,-1.7999999999999972
jamesbo01,Bob James,RP,Big Hair Era (1977-1993),72.0,Rare,75.4,61.2,67.6,58.5,27.3,65.7,Uncommon,82.4,49.8,60.4,45.3,25.0,6.299999999999997,-7.0,11.400000000000006,7.199999999999996,13.200000000000003,2.3000000000000007
jamesmi01,Mike James,RP,Steroid Era (1994-2005),59.2,Common,49.9,29.1,73.6,45.2,31.3,59.5,Common,55.4,34.5,63.9,56.3,24.0,-0.29999999999999716,-5.5,-5.399999999999999,9.699999999999996,-11.099999999999994,7.300000000000001
janseke01,Kenley Jansen,RP,Modern Era (2016-Pres),91.8,Legendary,105.9,88.2,105.2,71.1,35.6,91.6,Legendary,105.1,68.3,125.0,75.0,31.0,0.20000000000000284,0.8000000000000114,19.900000000000006,-19.799999999999997,-3.9000000000000057,4.600000000000001
jansela01,Larry Jansen,SP,Integration (1942-1960),79.8,Rare,47.3,101.2,56.1,24.0,101.1,73.3,Rare,42.8,100.8,46.9,15.0,91.3,6.5,4.5,0.4000000000000057,9.200000000000003,9.0,9.799999999999997
janssca01,Casey Janssen,RP,Efficiency Era (2006-2015),71.2,Rare,50.1,74.7,63.3,66.0,32.0,67.5,Uncommon,45.8,85.7,51.0,55.3,32.4,3.700000000000003,4.300000000000004,-11.0,12.299999999999997,10.700000000000003,-0.3999999999999986
jarvike01,Kevin Jarvis,SP,Steroid Era (1994-2005),57.0,Common,38.4,76.3,18.3,5.0,53.8,55.2,Common,37.3,75.4,14.8,5.0,29.0,1.7999999999999972,1.1000000000000014,0.8999999999999915,3.5,0.0,24.799999999999997
jarvipa01,Pat Jarvis,SP,Expansion (1961-1976),84.3,Epic,52.2,87.1,64.0,70.5,82.4,74.9,Rare,44.6,76.4,53.8,61.1,69.0,9.399999999999991,7.600000000000001,10.699999999999989,10.200000000000003,9.399999999999999,13.400000000000006
javeral01,Al Javery,SP,Integration (1942-1960),79.4,Rare,31.5,54.2,41.0,98.5,102.3,70.7,Rare,29.3,48.8,32.8,99.5,73.3,8.700000000000003,2.1999999999999993,5.400000000000006,8.200000000000003,-1.0,29.0
javiecr01,Cristian Javier,SP,Modern Era (2016-Pres),74.2,Rare,90.2,36.7,108.7,16.8,48.6,69.7,Uncommon,77.4,40.0,93.3,24.8,43.8,4.5,12.799999999999997,-3.299999999999997,15.400000000000006,-8.0,4.800000000000004
jaxgr01,Griffin Jax,RP,Modern Era (2016-Pres),75.7,Rare,71.6,68.9,67.1,66.6,34.8,68.0,Uncommon,72.7,67.7,58.7,37.3,35.9,7.700000000000003,-1.1000000000000085,1.2000000000000028,8.399999999999991,29.299999999999997,-1.1000000000000014
jayjo01,Joey Jay,SP,Expansion (1961-1976),67.3,Uncommon,48.5,43.2,54.6,36.7,86.6,68.2,Uncommon,54.6,54.1,56.2,37.4,70.8,-0.9000000000000057,-6.100000000000001,-10.899999999999999,-1.6000000000000014,-0.6999999999999957,15.799999999999997
jeffcmi01,Mike Jeffcoat,RP,Big Hair Era (1977-1993),58.4,Common,30.3,64.5,17.4,62.4,39.8,57.0,Common,31.6,72.2,9.4,44.7,33.1,1.3999999999999986,-1.3000000000000007,-7.700000000000003,7.999999999999998,17.699999999999996,6.699999999999996
jeffeje01,Jesse Jefferson,SP,Big Hair Era (1977-1993),56.7,Common,24.1,43.4,19.6,23.4,75.4,55.9,Common,28.6,20.8,33.5,31.2,59.8,0.8000000000000043,-4.5,22.599999999999998,-13.899999999999999,-7.800000000000001,15.600000000000009
jeffrje01,Jeremy Jeffress,RP,Modern Era (2016-Pres),64.8,Uncommon,47.8,52.2,59.2,76.1,24.0,62.5,Uncommon,50.9,46.9,53.8,74.2,24.5,2.299999999999997,-3.1000000000000014,5.300000000000004,5.400000000000006,1.8999999999999915,-0.5
jeffrji01,Jim Jeffries,SP,Golden Era (1920-1941),77.8,Rare,39.9,56.0,53.9,92.6,77.0,67.5,Uncommon,42.1,56.2,45.6,83.4,43.0,10.299999999999997,-2.200000000000003,-0.20000000000000284,8.299999999999997,9.199999999999989,34.0
jenkife01,Fergie Jenkins,SP,Expansion (1961-1976),92.5,Legendary,78.6,120.4,56.4,45.3,112.1,92.2,Legendary,77.0,113.4,65.1,46.0,108.6,0.29999999999999716,1.5999999999999943,7.0,-8.699999999999996,-0.7000000000000028,3.5
jenksbo01,Bobby Jenks,RP,Efficiency Era (2006-2015),71.8,Rare,55.9,59.7,63.1,77.5,32.7,69.5,Uncommon,68.6,58.8,55.8,69.8,25.5,2.299999999999997,-12.699999999999996,0.9000000000000057,7.300000000000004,7.700000000000003,7.200000000000003
jennida01,Dan Jennings,RP,Modern Era (2016-Pres),56.6,Common,35.2,30.1,21.3,75.2,23.0,58.9,Common,47.6,38.1,41.9,71.7,24.8,-2.299999999999997,-12.399999999999999,-8.0,-20.599999999999998,3.5,-1.8000000000000007
jennija01,Jason Jennings,SP,Steroid Era (1994-2005),57.6,Common,44.9,33.3,5.5,32.7,84.8,57.3,Common,44.0,31.8,12.1,44.0,65.3,0.30000000000000426,0.8999999999999986,1.4999999999999964,-6.6,-11.299999999999997,19.5
jepseke01,Kevin Jepsen,RP,Efficiency Era (2006-2015),67.4,Uncommon,59.4,48.2,75.6,62.7,24.0,67.6,Uncommon,62.6,46.5,67.7,70.3,23.6,-0.19999999999998863,-3.200000000000003,1.7000000000000028,7.8999999999999915,-7.599999999999994,0.3999999999999986
jessuge01,Gentry Jessup,SP,Integration (1942-1960),58.4,Common,65.8,43.4,46.3,42.5,16.8,84.7,Epic,57.8,66.5,62.6,116.1,55.4,-26.300000000000004,8.0,-23.1,-16.300000000000004,-73.6,-38.599999999999994
jimenjo01,Jose Jimenez,RP,Steroid Era (1994-2005),59.6,Common,38.9,64.2,39.5,58.8,33.2,58.3,Common,36.0,59.4,17.9,62.8,37.2,1.3000000000000043,2.8999999999999986,4.800000000000004,21.6,-4.0,-4.0
jimenjo02,Joe Jimenez,RP,Modern Era (2016-Pres),63.2,Uncommon,79.8,54.7,54.7,32.8,30.8,67.2,Uncommon,87.3,50.9,63.8,40.4,26.6,-4.0,-7.5,3.8000000000000043,-9.099999999999994,-7.600000000000001,4.199999999999999
jimenub01,Ubaldo Jimenez,SP,Efficiency Era (2006-2015),84.2,Epic,74.3,25.3,74.8,92.7,88.6,79.7,Rare,75.9,34.6,65.2,73.5,80.0,4.5,-1.6000000000000085,-9.3,9.599999999999994,19.200000000000003,8.599999999999994
johnsba01,Bart Johnson,SP,Expansion (1961-1976),68.7,Uncommon,66.1,17.7,57.5,75.2,58.7,59.8,Common,52.8,37.4,31.7,62.9,53.5,8.900000000000006,13.299999999999997,-19.7,25.8,12.300000000000004,5.200000000000003
johnsbo03,Bob Johnson,RP,Expansion (1961-1976),69.6,Uncommon,70.5,48.8,53.8,30.6,75.2,59.0,Common,66.7,46.9,48.8,15.6,47.6,10.599999999999994,3.799999999999997,1.8999999999999986,5.0,15.000000000000002,27.6
johnsco01,Connie Johnson,SP,Integration (1942-1960),81.8,Epic,85.9,68.4,62.5,57.5,66.4,78.3,Rare,87.4,55.0,60.2,64.7,54.8,3.5,-1.5,13.400000000000006,2.299999999999997,-7.200000000000003,11.600000000000009
johnsdi02,Dicta Johnson,SP,Golden Era (1920-1941),58.6,Common,43.9,62.1,35.8,47.4,29.2,75.4,Rare,46.0,75.5,50.8,88.8,46.2,-16.800000000000004,-2.1000000000000014,-13.399999999999999,-15.0,-41.4,-17.000000000000004
johnser02,Ernie Johnson,RP,Integration (1942-1960),64.2,Uncommon,57.2,44.2,63.5,47.6,44.3,59.1,Common,58.8,51.5,48.2,30.3,37.9,5.100000000000001,-1.5999999999999943,-7.299999999999997,15.299999999999997,17.3,6.399999999999999
johnsha01,Hank Johnson,RP,Golden Era (1920-1941),59.1,Common,68.2,5.0,49.7,26.0,78.4,58.1,Common,72.3,5.0,59.2,18.9,54.8,1.0,-4.099999999999994,0.0,-9.5,7.100000000000001,23.60000000000001
johnsja02,Jason Johnson,SP,Steroid Era (1994-2005),57.1,Common,39.4,46.8,11.9,17.8,76.9,57.8,Common,33.5,60.1,12.9,28.0,70.8,-0.6999999999999957,5.899999999999999,-13.300000000000004,-1.0,-10.2,6.1000000000000085
johnsje01,Jerry Johnson,RP,Expansion (1961-1976),57.9,Common,46.6,40.2,30.5,36.4,52.9,57.0,Common,46.3,24.3,30.7,47.4,42.2,0.8999999999999986,0.30000000000000426,15.900000000000002,-0.1999999999999993,-11.0,10.699999999999996
johnsji02,Jing Johnson,SP,Deadball (1901-1919),57.2,Common,23.7,53.8,20.9,30.1,67.3,55.7,Common,27.8,49.5,27.5,11.7,52.7,1.5,-4.100000000000001,4.299999999999997,-6.600000000000001,18.400000000000002,14.599999999999994
johnsji04,Jim Johnson,RP,Efficiency Era (2006-2015),71.8,Rare,28.4,66.9,64.4,91.4,38.1,71.3,Rare,41.5,74.2,53.2,84.7,32.8,0.5,-13.100000000000001,-7.299999999999997,11.200000000000003,6.700000000000003,5.300000000000004
johnsji06,Jimmy Johnson,SP,Golden Era (1920-1941),65.5,Uncommon,86.2,43.5,70.2,42.8,19.6,70.7,Rare,79.3,50.4,69.4,41.5,42.9,-5.200000000000003,6.900000000000006,-6.899999999999999,0.7999999999999972,1.2999999999999972,-23.299999999999997
johnsjo04,John Henry Johnson,RP,Big Hair Era (1977-1993),59.2,Common,53.5,33.2,56.7,38.2,46.4,59.2,Common,57.2,43.8,52.5,33.9,40.9,0.0,-3.700000000000003,-10.599999999999994,4.200000000000003,4.300000000000004,5.5
johnsjo07,John Johnstone,RP,Steroid Era (1994-2005),62.5,Uncommon,62.9,45.7,73.0,42.0,26.7,58.7,Common,57.4,53.9,53.6,32.8,22.3,3.799999999999997,5.5,-8.199999999999996,19.4,9.200000000000003,4.399999999999999
johnsjo09,Josh Johnson,SP,Efficiency Era (2006-2015),86.5,Epic,75.2,69.6,56.0,85.0,83.5,81.9,Epic,69.5,64.1,65.0,83.4,59.5,4.599999999999994,5.700000000000003,5.5,-9.0,1.5999999999999943,24.0
johnske02,Ken Johnson,SP,Expansion (1961-1976),75.1,Rare,30.7,96.8,39.2,49.2,89.7,78.8,Rare,45.4,99.3,45.0,50.1,84.5,-3.700000000000003,-14.7,-2.5,-5.799999999999997,-0.8999999999999986,5.200000000000003
johnspi01,Pierce Johnson,RP,Modern Era (2016-Pres),59.2,Common,68.2,38.7,49.8,42.4,29.0,59.5,Common,79.3,36.1,51.6,43.8,22.8,-0.29999999999999716,-11.099999999999994,2.6000000000000014,-1.8000000000000043,-1.3999999999999986,6.199999999999999
johnsra05,Randy Johnson,SP,Steroid Era (1994-2005),98.5,Legendary,125.0,80.9,108.1,53.4,99.6,99.9,Legendary,125.0,83.6,117.6,66.5,95.9,-1.4000000000000057,0.0,-2.6999999999999886,-9.5,-13.100000000000001,3.6999999999999886
johnssi01,Si Johnson,SP,Golden Era (1920-1941),67.9,Uncommon,36.5,77.1,38.8,61.4,58.0,74.2,Rare,22.6,83.7,38.4,77.0,79.7,-6.299999999999997,13.899999999999999,-6.6000000000000085,0.3999999999999986,-15.600000000000001,-21.700000000000003
johnssy01,Syl Johnson,RP,Golden Era (1920-1941),62.8,Uncommon,54.3,93.0,49.0,5.0,50.0,72.8,Rare,54.7,91.1,47.2,30.7,70.3,-10.0,-0.4000000000000057,1.9000000000000057,1.7999999999999972,-25.7,-20.299999999999997
johnswa01,Walter Johnson,SP,Deadball (1901-1919),99.9,Legendary,104.7,105.3,116.4,102.5,119.7,99.9,Legendary,97.5,104.7,114.7,120.2,116.3,0.0,7.200000000000003,0.5999999999999943,1.7000000000000028,-17.700000000000003,3.4000000000000057
johnto01,Tommy John,SP,Big Hair Era (1977-1993),80.7,Epic,28.2,69.2,54.1,87.3,95.4,79.4,Rare,20.4,83.2,42.5,86.6,94.7,1.2999999999999972,7.800000000000001,-14.0,11.600000000000001,0.7000000000000028,0.7000000000000028
jonesba01,Barry Jones,RP,Big Hair Era (1977-1993),59.1,Common,44.8,33.5,57.8,64.2,26.1,59.2,Common,42.2,36.7,56.6,64.7,27.8,-0.10000000000000142,2.5999999999999943,-3.200000000000003,1.1999999999999957,-0.5,-1.6999999999999993
jonesbo03,Bobby Jones,SP,Steroid Era (1994-2005),66.5,Uncommon,31.5,66.7,42.4,45.6,80.2,63.5,Uncommon,32.8,77.3,32.1,38.0,74.1,3.0,-1.2999999999999972,-10.599999999999994,10.299999999999997,7.600000000000001,6.1000000000000085
jonesdo01,Doug Jones,RP,Big Hair Era (1977-1993),88.8,Epic,83.0,98.2,70.3,86.9,44.7,86.5,Epic,73.4,103.4,67.3,83.1,42.2,2.299999999999997,9.599999999999994,-5.200000000000003,3.0,3.8000000000000114,2.5
jonesji02,Jimmy Jones,SP,Big Hair Era (1977-1993),57.7,Common,37.4,65.8,35.5,31.0,34.2,58.6,Common,30.0,69.9,24.3,45.5,48.3,-0.8999999999999986,7.399999999999999,-4.1000000000000085,11.2,-14.5,-14.099999999999994
jonesna01,Nate Jones,RP,Modern Era (2016-Pres),62.6,Uncommon,55.1,50.7,55.6,63.6,25.7,65.5,Uncommon,65.2,50.7,63.2,59.7,23.3,-2.8999999999999986,-10.100000000000001,0.0,-7.600000000000001,3.8999999999999986,2.3999999999999986
jonesod01,Odell Jones,RP,Big Hair Era (1977-1993),57.3,Common,48.0,45.0,31.8,42.7,29.3,58.9,Common,48.8,49.9,48.3,51.8,24.2,-1.6000000000000014,-0.7999999999999972,-4.899999999999999,-16.499999999999996,-9.099999999999994,5.100000000000001
jonesos01,Oscar Jones,SP,Deadball (1901-1919),69.2,Uncommon,9.5,72.7,9.4,79.2,106.3,70.1,Rare,20.8,71.6,25.2,60.0,102.9,-0.8999999999999915,-11.3,1.1000000000000085,-15.799999999999999,19.200000000000003,3.3999999999999915
jonespe01,Percy Jones,RP,Golden Era (1920-1941),57.6,Common,48.0,5.0,34.1,43.0,71.0,57.4,Common,36.7,20.0,24.7,58.0,59.1,0.20000000000000284,11.299999999999997,-15.0,9.400000000000002,-15.0,11.899999999999999
jonesra01,Randy Jones,SP,Expansion (1961-1976),84.4,Epic,5.0,101.8,46.7,98.2,104.8,77.6,Rare,8.4,94.8,41.3,80.7,93.3,6.800000000000011,-3.4000000000000004,7.0,5.400000000000006,17.5,11.5
jonessa01,Sad Sam Jones,SP,Golden Era (1920-1941),76.3,Rare,17.2,60.2,40.7,100.0,93.8,76.0,Rare,15.5,62.9,42.2,97.6,92.1,0.29999999999999716,1.6999999999999993,-2.6999999999999957,-1.5,2.4000000000000057,1.7000000000000028
jonessa02,Sam Jones,SP,Integration (1942-1960),83.6,Epic,111.9,5.0,91.4,45.2,98.3,83.4,Epic,118.2,19.3,88.8,37.3,87.0,0.19999999999998863,-6.299999999999997,-14.3,2.6000000000000085,7.900000000000006,11.299999999999997
jonessh01,Sheldon Jones,RP,Integration (1942-1960),58.4,Common,29.7,31.3,38.0,45.9,69.9,57.4,Common,37.9,34.2,42.6,29.1,53.7,1.0,-8.2,-2.900000000000002,-4.600000000000001,16.799999999999997,16.200000000000003
jonessl01,Slim Jones,SP,Golden Era (1920-1941),90.2,Legendary,109.7,66.4,108.7,61.4,45.6,83.4,Epic,102.0,63.3,82.5,46.9,56.2,6.799999999999997,7.700000000000003,3.1000000000000085,26.200000000000003,14.5,-10.600000000000001
jonesto02,Todd Jones,RP,Steroid Era (1994-2005),74.0,Rare,72.3,41.5,63.7,82.5,40.4,74.8,Rare,78.9,46.7,66.4,74.6,37.7,-0.7999999999999972,-6.6000000000000085,-5.200000000000003,-2.700000000000003,7.900000000000006,2.6999999999999957
jossad01,Addie Joss,SP,Deadball (1901-1919),97.3,Legendary,35.2,116.9,87.6,106.0,111.0,97.1,Legendary,32.1,112.0,91.0,116.0,103.1,0.20000000000000284,3.1000000000000014,4.900000000000006,-3.4000000000000057,-10.0,7.900000000000006
juddos01,Oscar Judd,SP,Integration (1942-1960),69.0,Uncommon,28.3,10.8,56.7,108.5,71.9,63.2,Uncommon,28.6,18.6,51.1,103.3,51.3,5.799999999999997,-0.3000000000000007,-7.800000000000001,5.600000000000001,5.200000000000003,20.60000000000001
judsoho01,Howie Judson,RP,Integration (1942-1960),56.2,Common,21.8,18.1,48.4,39.7,49.7,54.4,Common,19.7,18.2,38.5,28.9,43.1,1.8000000000000043,2.1000000000000014,-0.09999999999999787,9.899999999999999,10.800000000000004,6.600000000000001
juliojo01,Jorge Julio,RP,Efficiency Era (2006-2015),57.6,Common,62.6,28.6,55.6,28.9,26.4,59.1,Common,81.8,24.0,62.7,31.4,27.0,-1.5,-19.199999999999996,4.600000000000001,-7.100000000000001,-2.5,-0.6000000000000014
junisja01,Jakob Junis,SP,Modern Era (2016-Pres),57.9,Common,48.3,81.6,30.2,6.2,40.5,59.0,Common,57.3,83.0,17.5,15.3,52.7,-1.1000000000000014,-9.0,-1.4000000000000057,12.7,-9.100000000000001,-12.200000000000003
jurrjja01,Jair Jurrjens,SP,Efficiency Era (2006-2015),72.5,Rare,40.2,55.3,43.8,72.4,80.8,63.2,Uncommon,38.6,59.9,43.4,62.0,49.1,9.299999999999997,1.6000000000000014,-4.600000000000001,0.3999999999999986,10.400000000000006,31.699999999999996
kaatji01,Jim Kaat,SP,Expansion (1961-1976),76.8,Rare,33.0,84.3,27.0,65.6,104.6,83.3,Epic,46.5,102.5,35.9,63.2,101.6,-6.5,-13.5,-18.200000000000003,-8.899999999999999,2.3999999999999915,3.0
kahlege01,George Kahler,SP,Deadball (1901-1919),61.2,Uncommon,55.9,5.0,22.4,87.3,74.1,60.4,Uncommon,53.3,20.0,30.8,78.3,59.4,0.8000000000000043,2.6000000000000014,-15.0,-8.400000000000002,9.0,14.699999999999996
kahnlto01,Tommy Kahnle,RP,Modern Era (2016-Pres),63.5,Uncommon,69.6,49.7,55.9,56.9,21.9,70.2,Rare,79.4,44.6,82.8,51.9,22.1,-6.700000000000003,-9.800000000000011,5.100000000000001,-26.9,5.0,-0.20000000000000284
kaisege01,George Kaiserling,SP,Deadball (1901-1919),68.6,Uncommon,17.2,64.3,27.0,65.9,100.2,68.8,Uncommon,26.4,65.0,37.9,49.6,96.8,-0.20000000000000284,-9.2,-0.7000000000000028,-10.899999999999999,16.300000000000004,3.4000000000000057
kamiesc01,Scott Kamieniecki,SP,Steroid Era (1994-2005),57.7,Common,28.3,39.7,27.7,39.5,68.1,58.5,Common,25.9,39.6,41.0,54.4,56.0,-0.7999999999999972,2.400000000000002,0.10000000000000142,-13.3,-14.899999999999999,12.099999999999994
karchma01,Matt Karchner,RP,Steroid Era (1994-2005),57.3,Common,35.9,41.0,43.9,54.7,21.8,56.0,Common,43.7,24.1,45.1,38.5,23.5,1.2999999999999972,-7.800000000000004,16.9,-1.2000000000000028,16.200000000000003,-1.6999999999999993
kargeed01,Ed Karger,SP,Deadball (1901-1919),81.2,Epic,45.0,73.7,69.7,70.9,78.0,77.4,Rare,34.0,64.1,51.4,87.8,80.0,3.799999999999997,11.0,9.600000000000009,18.300000000000004,-16.89999999999999,-2.0
karlan01,Andy Karl,RP,Integration (1942-1960),67.0,Uncommon,14.9,74.5,43.3,87.0,48.6,59.8,Common,13.6,70.9,27.0,83.9,42.8,7.200000000000003,1.3000000000000007,3.5999999999999943,16.299999999999997,3.0999999999999943,5.800000000000004
karlsc01,Scott Karl,SP,Steroid Era (1994-2005),57.4,Common,29.6,53.2,5.0,32.1,78.0,57.1,Common,21.6,56.0,5.9,35.0,74.2,0.29999999999999716,8.0,-2.799999999999997,-0.9000000000000004,-2.8999999999999986,3.799999999999997
karrbe01,Benn Karr,RP,Golden Era (1920-1941),55.8,Common,13.2,40.0,5.0,52.4,60.3,56.6,Common,7.1,58.0,6.6,52.8,60.2,-0.8000000000000043,6.1,-18.0,-1.5999999999999996,-0.3999999999999986,0.09999999999999432
karsast01,Steve Karsay,RP,Steroid Era (1994-2005),67.8,Uncommon,57.4,62.6,53.4,68.8,29.4,65.5,Uncommon,58.3,65.0,37.5,62.6,38.7,2.299999999999997,-0.8999999999999986,-2.3999999999999986,15.899999999999999,6.199999999999996,-9.300000000000004
kaufmto01,Tony Kaufmann,SP,Golden Era (1920-1941),60.1,Uncommon,22.2,58.8,39.9,41.0,78.4,58.7,Common,22.6,58.7,40.3,35.6,62.3,1.3999999999999986,-0.40000000000000213,0.09999999999999432,-0.3999999999999986,5.399999999999999,16.10000000000001
kazmisc01,Scott Kazmir,SP,Efficiency Era (2006-2015),73.2,Rare,101.1,32.5,53.4,33.8,75.2,77.0,Rare,85.1,48.0,56.0,48.6,77.8,-3.799999999999997,16.0,-15.5,-2.6000000000000014,-14.800000000000004,-2.5999999999999943
keefebo01,Bobby Keefe,RP,Deadball (1901-1919),58.6,Common,48.5,36.8,43.2,33.8,56.1,59.0,Common,52.2,43.7,50.8,18.1,59.9,-0.3999999999999986,-3.700000000000003,-6.900000000000006,-7.599999999999994,15.699999999999996,-3.799999999999997
keefeti01,Tim Keefe,SP,The Genesis Era (1871-1900),99.9,Legendary,85.9,90.1,100.7,115.0,125.0,99.9,Legendary,85.4,84.4,106.0,108.5,125.0,0.0,0.5,5.699999999999989,-5.299999999999997,6.5,0.0
keegabo01,Bob Keegan,SP,Integration (1942-1960),58.6,Common,10.1,60.8,49.0,31.1,68.1,56.0,Common,15.3,58.9,30.8,18.0,51.2,2.6000000000000014,-5.200000000000001,1.8999999999999986,18.2,13.100000000000001,16.89999999999999
keenvi01,Vic Keen,SP,Golden Era (1920-1941),59.2,Common,20.5,54.9,45.5,40.3,67.5,57.2,Common,18.1,64.0,39.5,27.3,46.0,2.0,2.3999999999999986,-9.100000000000001,6.0,12.999999999999996,21.5
kekicmi01,Mike Kekich,SP,Expansion (1961-1976),56.9,Common,30.7,19.5,25.1,56.6,58.3,57.1,Common,43.5,20.3,34.9,46.9,48.3,-0.20000000000000284,-12.8,-0.8000000000000007,-9.799999999999997,9.700000000000003,10.0
kelake01,Keone Kela,RP,Modern Era (2016-Pres),61.7,Uncommon,59.3,52.5,51.9,60.5,22.5,66.9,Uncommon,71.9,48.9,76.6,48.8,21.5,-5.200000000000003,-12.600000000000009,3.6000000000000014,-24.699999999999996,11.700000000000003,1.0
kellebr01,Brad Keller,SP,Modern Era (2016-Pres),66.4,Uncommon,41.5,42.6,46.8,77.0,58.0,58.9,Common,41.0,30.7,32.9,67.3,50.8,7.500000000000007,0.5,11.900000000000002,13.899999999999999,9.700000000000003,7.200000000000003
kelledi01,Dick Kelley,RP,Expansion (1961-1976),62.3,Uncommon,59.7,28.3,59.7,56.2,45.2,65.5,Uncommon,62.1,41.1,63.7,58.1,37.1,-3.200000000000003,-2.3999999999999986,-12.8,-4.0,-1.8999999999999986,8.100000000000001
kelleha01,Harry Kelley,RP,Golden Era (1920-1941),56.3,Common,29.2,53.2,22.5,15.0,60.2,55.4,Common,31.3,50.1,5.8,23.9,53.4,0.8999999999999986,-2.1000000000000014,3.1000000000000014,16.7,-8.899999999999999,6.800000000000004
kellemi03,Mitch Keller,SP,Modern Era (2016-Pres),64.7,Uncommon,68.2,62.1,14.2,35.7,78.6,59.5,Common,64.3,57.7,10.8,41.8,58.2,5.200000000000003,3.9000000000000057,4.399999999999999,3.3999999999999986,-6.099999999999994,20.39999999999999
kellesh01,Shawn Kelley,RP,Modern Era (2016-Pres),61.9,Uncommon,59.5,70.1,67.0,29.1,22.1,64.5,Uncommon,77.4,73.9,66.0,17.7,23.2,-2.6000000000000014,-17.900000000000006,-3.8000000000000114,1.0,11.400000000000002,-1.0999999999999979
kelleto01,Tom Kelley,RP,Expansion (1961-1976),56.2,Common,37.6,14.6,29.9,49.7,46.6,55.6,Common,42.7,19.7,36.2,40.5,29.1,0.6000000000000014,-5.100000000000001,-5.1,-6.300000000000004,9.200000000000003,17.5
kellnal01,Alex Kellner,SP,Integration (1942-1960),64.7,Uncommon,43.5,81.2,28.0,56.1,50.3,60.5,Uncommon,37.8,59.3,38.3,34.4,72.3,4.200000000000003,5.700000000000003,21.900000000000006,-10.299999999999997,21.700000000000003,-22.0
kellyjo05,Joe Kelly,RP,Modern Era (2016-Pres),60.3,Uncommon,39.7,43.3,49.5,71.2,37.7,59.7,Common,44.1,45.0,37.8,70.8,38.8,0.5999999999999943,-4.399999999999999,-1.7000000000000028,11.700000000000003,0.4000000000000057,-1.0999999999999943
kellyme01,Merrill Kelly,SP,Modern Era (2016-Pres),76.5,Rare,66.3,55.7,71.8,43.4,75.6,69.7,Uncommon,58.8,70.9,53.0,30.8,65.6,6.799999999999997,7.5,-15.200000000000003,18.799999999999997,12.599999999999998,10.0
kemmeru01,Russ Kemmerer,RP,Integration (1942-1960),61.6,Uncommon,63.2,36.9,48.0,62.7,35.6,58.5,Common,42.5,58.9,19.9,29.0,65.9,3.1000000000000014,20.700000000000003,-22.0,28.1,33.7,-30.300000000000004
kendrky01,Kyle Kendrick,SP,Efficiency Era (2006-2015),57.9,Common,23.9,75.4,25.8,20.8,60.7,58.0,Common,21.7,81.3,13.7,28.0,64.2,-0.10000000000000142,2.1999999999999993,-5.8999999999999915,12.100000000000001,-7.199999999999999,-3.5
kennebr01,Brickyard Kennedy,SP,The Genesis Era (1871-1900),69.4,Uncommon,17.0,36.2,46.0,64.4,114.4,67.1,Uncommon,13.9,44.9,37.1,59.7,112.9,2.3000000000000114,3.0999999999999996,-8.699999999999996,8.899999999999999,4.700000000000003,1.5
kenneia01,Ian Kennedy,SP,Modern Era (2016-Pres),72.5,Rare,60.7,62.0,59.0,24.7,86.1,75.1,Rare,76.6,71.0,58.2,26.8,73.2,-2.5999999999999943,-15.899999999999991,-9.0,0.7999999999999972,-2.1000000000000014,12.899999999999991
kennejo04,Joe Kennedy,SP,Efficiency Era (2006-2015),58.1,Common,34.2,54.2,19.7,41.0,60.5,57.7,Common,36.4,55.9,11.5,38.9,59.9,0.3999999999999986,-2.1999999999999957,-1.6999999999999957,8.2,2.1000000000000014,0.6000000000000014
kennemo01,Monty Kennedy,RP,Integration (1942-1960),60.8,Uncommon,28.4,11.7,59.7,71.6,71.7,59.1,Common,36.2,14.3,52.0,68.6,56.4,1.6999999999999957,-7.800000000000004,-2.6000000000000014,7.700000000000003,3.0,15.300000000000004
kenneve01,Vern Kennedy,SP,Golden Era (1920-1941),59.6,Common,27.8,9.8,48.9,60.5,88.0,56.3,Common,20.5,5.0,34.6,41.8,78.9,3.3000000000000043,7.300000000000001,4.800000000000001,14.299999999999997,18.700000000000003,9.099999999999994
keougma02,Matt Keough,SP,Big Hair Era (1977-1993),59.6,Common,31.0,33.8,29.6,53.0,87.2,59.4,Common,33.3,41.5,46.7,51.9,58.3,0.20000000000000284,-2.299999999999997,-7.700000000000003,-17.1,1.1000000000000014,28.900000000000006
kernji01,Jim Kern,RP,Big Hair Era (1977-1993),85.6,Epic,94.6,20.7,94.6,98.3,56.0,81.3,Epic,88.0,10.6,95.7,97.9,45.6,4.299999999999997,6.599999999999994,10.1,-1.1000000000000085,0.3999999999999915,10.399999999999999
kerrdi01,Dickey Kerr,SP,Golden Era (1920-1941),74.2,Rare,11.9,65.8,21.7,102.4,99.2,72.0,Rare,20.2,64.9,33.4,87.1,84.5,2.200000000000003,-8.299999999999999,0.8999999999999915,-11.7,15.300000000000011,14.700000000000003
kershcl01,Clayton Kershaw,SP,Efficiency Era (2006-2015),99.9,Legendary,110.9,102.9,115.5,94.0,91.3,99.9,Legendary,101.6,97.0,117.4,91.8,88.3,0.0,9.300000000000011,5.900000000000006,-1.9000000000000057,2.200000000000003,3.0
keuchda01,Dallas Keuchel,SP,Modern Era (2016-Pres),83.7,Epic,52.6,79.9,61.2,75.7,82.9,76.8,Rare,47.6,78.7,47.5,68.3,72.4,6.900000000000006,5.0,1.2000000000000028,13.700000000000003,7.400000000000006,10.5
keyji01,Jimmy Key,SP,Big Hair Era (1977-1993),79.3,Rare,42.7,92.3,66.2,31.1,94.5,77.8,Rare,46.1,83.7,54.7,44.6,90.3,1.5,-3.3999999999999986,8.599999999999994,11.5,-13.5,4.200000000000003
kielyle01,Leo Kiely,RP,Integration (1942-1960),60.7,Uncommon,33.0,61.5,42.1,60.5,45.9,57.8,Common,34.3,59.1,22.0,52.1,37.4,2.9000000000000057,-1.2999999999999972,2.3999999999999986,20.1,8.399999999999999,8.5
kikucyu01,Yusei Kikuchi,SP,Modern Era (2016-Pres),58.9,Common,75.6,45.7,21.9,5.0,75.1,58.6,Common,74.3,51.8,23.2,5.0,64.5,0.29999999999999716,1.2999999999999972,-6.099999999999994,-1.3000000000000007,0.0,10.599999999999994
kileda01,Darryl Kile,SP,Steroid Era (1994-2005),80.8,Epic,66.6,70.6,57.1,45.8,94.9,72.6,Rare,65.0,50.6,40.9,46.5,90.1,8.200000000000003,1.5999999999999943,19.999999999999993,16.200000000000003,-0.7000000000000028,4.800000000000011
killefr01,Frank Killen,SP,The Genesis Era (1871-1900),79.6,Rare,27.4,60.8,32.6,90.2,117.5,82.3,Epic,33.0,66.1,42.7,90.2,112.0,-2.700000000000003,-5.600000000000001,-5.299999999999997,-10.100000000000001,0.0,5.5
killied01,Ed Killian,SP,Deadball (1901-1919),87.4,Epic,20.0,58.3,60.6,124.2,111.6,82.3,Epic,18.9,61.4,56.8,116.8,90.0,5.1000000000000085,1.1000000000000014,-3.1000000000000014,3.8000000000000043,7.400000000000006,21.599999999999994
kilroma01,Matt Kilroy,SP,The Genesis Era (1871-1900),92.0,Legendary,73.1,44.8,59.0,106.3,125.0,82.9,Epic,67.6,39.7,56.1,78.2,106.1,9.099999999999994,5.5,5.099999999999994,2.8999999999999986,28.099999999999994,18.900000000000006
kimbrcr01,Craig Kimbrel,RP,Efficiency Era (2006-2015),93.8,Legendary,125.0,73.6,125.0,67.9,33.1,92.9,Legendary,125.0,58.0,125.0,75.8,32.8,0.8999999999999915,0.0,15.599999999999994,0.0,-7.8999999999999915,0.30000000000000426
kimby01,Byung-Hyun Kim,RP,Steroid Era (1994-2005),82.5,Epic,86.1,58.7,93.5,63.8,42.8,73.2,Rare,88.5,40.5,68.8,50.2,48.3,9.299999999999997,-2.4000000000000057,18.200000000000003,24.700000000000003,13.599999999999994,-5.5
kincaha01,Harry Kincannon,SP,Golden Era (1920-1941),58.6,Common,80.7,34.6,30.7,38.5,33.9,57.2,Common,75.8,33.2,14.4,29.6,42.8,1.3999999999999986,4.900000000000006,1.3999999999999986,16.299999999999997,8.899999999999999,-8.899999999999999
kindeel01,Ellis Kinder,RP,Integration (1942-1960),63.6,Uncommon,47.2,52.7,54.3,33.7,66.8,68.7,Uncommon,52.2,61.4,57.0,41.3,63.1,-5.100000000000001,-5.0,-8.699999999999996,-2.700000000000003,-7.599999999999994,3.6999999999999957
kingcl01,Clyde King,RP,Integration (1942-1960),56.3,Common,24.5,53.8,21.8,39.1,40.5,54.1,Common,17.5,54.3,27.0,9.5,35.4,2.1999999999999957,7.0,-0.5,-5.199999999999999,29.6,5.100000000000001
kinger01,Eric King,SP,Big Hair Era (1977-1993),66.1,Uncommon,28.3,46.3,65.1,57.3,67.8,61.1,Uncommon,34.7,47.5,52.3,52.5,57.3,4.999999999999993,-6.400000000000002,-1.2000000000000028,12.799999999999997,4.799999999999997,10.5
kingjo01,John King,RP,Modern Era (2016-Pres),56.5,Common,20.7,63.3,15.3,63.1,21.5,56.5,Common,25.0,70.7,6.0,57.7,23.7,0.0,-4.300000000000001,-7.400000000000006,9.3,5.399999999999999,-2.1999999999999993
kingmi01,Mike King,RP,Modern Era (2016-Pres),77.1,Rare,87.2,53.4,65.0,58.4,51.9,71.1,Rare,78.5,55.3,65.1,51.6,35.3,6.0,8.700000000000003,-1.8999999999999986,-0.09999999999999432,6.799999999999997,16.6
kingra01,Ray King,RP,Steroid Era (1994-2005),68.9,Uncommon,43.6,51.6,74.3,80.7,25.9,59.9,Common,44.2,46.1,60.2,64.8,24.6,9.000000000000007,-0.6000000000000014,5.5,14.099999999999994,15.900000000000006,1.2999999999999972
kingsi01,Silver King,SP,The Genesis Era (1871-1900),91.7,Legendary,35.3,66.1,77.4,101.6,125.0,86.6,Epic,39.1,47.7,67.0,91.4,125.0,5.1000000000000085,-3.8000000000000043,18.39999999999999,10.400000000000006,10.199999999999989,0.0
kinlety01,Tyler Kinley,RP,Modern Era (2016-Pres),59.4,Common,46.4,42.3,54.7,67.2,21.4,58.4,Common,60.7,26.6,61.4,42.6,24.2,1.0,-14.300000000000004,15.699999999999996,-6.699999999999996,24.6,-2.8000000000000007
kintzbr01,Brandon Kintzler,RP,Modern Era (2016-Pres),59.0,Common,26.3,69.4,43.5,62.4,23.6,60.7,Uncommon,26.1,79.8,40.7,70.6,25.6,-1.7000000000000028,0.1999999999999993,-10.399999999999991,2.799999999999997,-8.199999999999996,-2.0
kippebo01,Bob Kipper,RP,Big Hair Era (1977-1993),59.4,Common,53.8,50.3,62.7,23.0,42.6,58.2,Common,50.8,53.8,60.6,14.5,32.2,1.1999999999999957,3.0,-3.5,2.1000000000000014,8.5,10.399999999999999
kirbycl01,Clay Kirby,SP,Expansion (1961-1976),74.5,Rare,64.8,23.6,66.1,52.9,95.4,66.5,Uncommon,61.3,28.8,53.2,35.2,87.8,8.0,3.5,-5.199999999999999,12.899999999999991,17.699999999999996,7.6000000000000085
kirbyge01,George Kirby,SP,Modern Era (2016-Pres),78.4,Rare,65.0,116.4,23.9,40.8,76.2,78.2,Rare,63.8,106.8,35.3,46.4,69.1,0.20000000000000284,1.2000000000000028,9.600000000000009,-11.399999999999999,-5.600000000000001,7.1000000000000085
kisonbr01,Bruce Kison,SP,Big Hair Era (1977-1993),67.6,Uncommon,47.9,66.5,49.7,39.8,66.8,70.4,Rare,43.9,69.2,56.4,55.2,57.5,-2.8000000000000114,4.0,-2.700000000000003,-6.699999999999996,-15.400000000000006,9.299999999999997
kitsofr01,Frank Kitson,SP,Deadball (1901-1919),75.5,Rare,24.7,90.8,12.3,73.8,106.4,69.9,Uncommon,19.8,91.9,11.0,62.1,95.1,5.599999999999994,4.899999999999999,-1.1000000000000085,1.3000000000000007,11.699999999999996,11.300000000000011
kittran01,Andrew Kittredge,RP,Modern Era (2016-Pres),62.1,Uncommon,55.3,69.2,56.1,38.8,28.9,65.4,Uncommon,60.4,77.2,57.9,43.5,23.0,-3.3000000000000043,-5.100000000000001,-8.0,-1.7999999999999972,-4.700000000000003,5.899999999999999
klepfed01,Ed Klepfer,RP,Deadball (1901-1919),64.9,Uncommon,35.3,56.8,33.6,76.9,57.2,58.5,Common,41.2,55.1,27.8,54.7,38.2,6.400000000000006,-5.900000000000006,1.6999999999999957,5.800000000000001,22.200000000000003,19.0
kliemed01,Ed Klieman,RP,Integration (1942-1960),59.6,Common,6.8,34.2,50.6,89.0,54.7,59.3,Common,6.4,40.9,50.3,95.0,37.6,0.30000000000000426,0.39999999999999947,-6.699999999999996,0.30000000000000426,-6.0,17.1
klinero01,Ron Kline,RP,Expansion (1961-1976),65.9,Uncommon,24.6,66.0,37.7,64.9,70.7,64.3,Uncommon,25.8,69.3,43.8,54.4,63.9,1.6000000000000085,-1.1999999999999993,-3.299999999999997,-6.099999999999994,10.500000000000007,6.800000000000004
klinest01,Steve Kline,SP,Expansion (1961-1976),72.6,Rare,5.0,100.6,43.3,62.8,81.2,62.4,Uncommon,5.9,86.5,45.3,53.9,58.1,10.199999999999996,-0.9000000000000004,14.099999999999994,-2.0,8.899999999999999,23.1
klinest02,Steve Kline,RP,Steroid Era (1994-2005),68.3,Uncommon,48.7,55.4,64.1,70.9,34.6,71.4,Rare,58.2,43.9,76.1,75.3,33.6,-3.1000000000000085,-9.5,11.5,-12.0,-4.3999999999999915,1.0
klingbo01,Bob Klinger,RP,Integration (1942-1960),72.8,Rare,20.7,69.3,48.2,93.0,62.8,68.4,Uncommon,13.9,70.1,36.0,91.8,62.2,4.3999999999999915,6.799999999999999,-0.7999999999999972,12.200000000000003,1.2000000000000028,0.5999999999999943
klippjo01,Johnny Klippstein,RP,Expansion (1961-1976),60.9,Uncommon,47.5,34.7,61.8,54.1,45.7,63.7,Uncommon,69.9,41.8,69.7,19.8,53.9,-2.8000000000000043,-22.400000000000006,-7.099999999999994,-7.900000000000006,34.3,-8.199999999999996
klobefr01,Fred Klobedanz,SP,The Genesis Era (1871-1900),58.2,Common,53.5,40.6,46.8,10.2,61.1,58.4,Common,37.2,48.7,53.2,10.7,65.5,-0.19999999999999574,16.299999999999997,-8.100000000000001,-6.400000000000006,-0.5,-4.399999999999999
klubeco01,Corey Kluber,SP,Modern Era (2016-Pres),93.6,Legendary,96.8,102.1,74.6,59.5,90.1,90.7,Legendary,86.6,96.4,71.1,60.6,81.7,2.8999999999999915,10.200000000000003,5.699999999999989,3.5,-1.1000000000000014,8.399999999999991
knebeco01,Corey Knebel,RP,Modern Era (2016-Pres),66.0,Uncommon,83.6,34.8,72.3,48.4,25.3,67.5,Uncommon,87.2,30.6,80.7,48.9,22.8,-1.5,-3.6000000000000085,4.199999999999996,-8.400000000000006,-0.5,2.5
knellph01,Phil Knell,SP,The Genesis Era (1871-1900),75.7,Rare,45.5,5.0,71.1,84.1,103.0,62.8,Uncommon,42.2,6.2,44.9,62.1,95.9,12.900000000000006,3.299999999999997,-1.2000000000000002,26.199999999999996,21.999999999999993,7.099999999999994
kneppbo01,Bob Knepper,SP,Big Hair Era (1977-1993),85.1,Epic,34.4,76.2,69.6,88.9,92.0,80.6,Epic,39.2,76.7,61.5,67.7,88.6,4.5,-4.800000000000004,-0.5,8.099999999999994,21.200000000000003,3.4000000000000057
knetzel01,Elmer Knetzer,SP,Deadball (1901-1919),71.7,Rare,43.8,36.7,37.6,72.6,97.7,61.3,Uncommon,43.7,27.2,45.2,58.8,70.3,10.400000000000006,0.09999999999999432,9.500000000000004,-7.600000000000001,13.799999999999997,27.400000000000006
knottja01,Jack Knott,SP,Golden Era (1920-1941),55.2,Common,24.6,35.0,10.0,13.2,78.3,54.7,Common,19.9,32.4,24.5,5.0,71.1,0.5,4.700000000000003,2.6000000000000014,-14.5,8.2,7.200000000000003
knowlda01,Darold Knowles,RP,Expansion (1961-1976),69.2,Uncommon,50.4,17.8,70.4,90.6,47.8,71.9,Rare,59.3,31.9,67.9,88.4,42.1,-2.700000000000003,-8.899999999999999,-14.099999999999998,2.5,2.1999999999999886,5.699999999999996
kochbi01,Billy Koch,RP,Steroid Era (1994-2005),69.7,Uncommon,66.4,45.5,61.8,66.0,39.3,61.9,Uncommon,67.9,33.8,59.1,52.7,34.2,7.800000000000004,-1.5,11.700000000000003,2.6999999999999957,13.299999999999997,5.099999999999994
koehlto01,Tom Koehler,SP,Efficiency Era (2006-2015),59.9,Common,51.2,35.8,33.4,42.9,76.1,58.6,Common,50.0,40.9,36.6,31.3,59.9,1.2999999999999972,1.2000000000000028,-5.100000000000001,-3.200000000000003,11.599999999999998,16.199999999999996
kolbda01,Danny Kolb,RP,Steroid Era (1994-2005),60.3,Uncommon,35.8,43.3,61.4,77.2,23.7,59.1,Common,35.3,42.0,54.2,73.9,21.5,1.1999999999999957,0.5,1.2999999999999972,7.199999999999996,3.299999999999997,2.1999999999999993
kolpra01,Ray Kolp,RP,Golden Era (1920-1941),63.5,Uncommon,10.4,76.1,30.6,56.9,80.2,62.8,Uncommon,7.3,85.5,30.9,57.1,70.6,0.7000000000000028,3.1000000000000005,-9.400000000000006,-0.29999999999999716,-0.20000000000000284,9.600000000000009
konstji01,Jim Konstanty,RP,Integration (1942-1960),59.6,Common,21.3,73.5,41.7,33.7,64.0,59.0,Common,13.8,79.3,43.0,41.7,47.3,0.6000000000000014,7.5,-5.799999999999997,-1.2999999999999972,-8.0,16.700000000000003
kontoge01,George Kontos,RP,Efficiency Era (2006-2015),59.1,Common,45.9,71.7,55.8,28.6,24.3,65.7,Uncommon,47.5,72.0,72.7,47.4,23.6,-6.600000000000001,-1.6000000000000014,-0.29999999999999716,-16.900000000000006,-18.799999999999997,0.6999999999999993
kooncca01,Cal Koonce,RP,Expansion (1961-1976),58.1,Common,26.0,38.3,36.2,53.8,56.5,59.0,Common,31.1,55.9,30.7,53.6,53.4,-0.8999999999999986,-5.100000000000001,-17.6,5.5000000000000036,0.19999999999999574,3.1000000000000014
koosmje01,Jerry Koosman,SP,Expansion (1961-1976),84.9,Epic,56.5,73.0,57.2,74.3,98.7,85.8,Epic,58.0,79.4,55.1,76.1,96.4,-0.8999999999999915,-1.5,-6.400000000000006,2.1000000000000014,-1.7999999999999972,2.299999999999997
kopecmi01,Michael Kopech,RP,Modern Era (2016-Pres),59.9,Common,73.7,27.5,74.0,25.3,38.7,58.0,Common,73.2,9.7,77.1,13.4,34.3,1.8999999999999986,0.5,17.8,-3.0999999999999943,11.9,4.400000000000006
koplomi01,Mike Koplove,RP,Steroid Era (1994-2005),63.7,Uncommon,43.2,50.6,58.5,71.6,31.0,62.2,Uncommon,43.7,50.2,63.3,69.3,22.3,1.5,-0.5,0.3999999999999986,-4.799999999999997,2.299999999999997,8.7
kosloda01,Dave Koslo,RP,Integration (1942-1960),76.1,Rare,24.8,73.3,51.2,72.5,89.1,67.2,Uncommon,21.0,69.3,43.0,61.3,74.3,8.899999999999991,3.8000000000000007,4.0,8.200000000000003,11.200000000000003,14.799999999999997
koufasa01,Sandy Koufax,SP,Expansion (1961-1976),99.9,Legendary,123.9,98.6,121.3,74.7,112.3,99.6,Legendary,125.0,79.6,113.3,60.7,98.5,0.30000000000001137,-1.0999999999999943,19.0,8.0,14.0,13.799999999999997
kralija01,Jack Kralick,SP,Expansion (1961-1976),59.6,Common,33.7,71.6,17.6,48.2,63.8,64.2,Uncommon,39.1,84.4,28.5,32.5,72.6,-4.600000000000001,-5.399999999999999,-12.800000000000011,-10.899999999999999,15.700000000000003,-8.799999999999997
krameja01,Jack Kramer,SP,Integration (1942-1960),80.8,Epic,36.8,61.9,44.7,102.1,89.2,63.9,Uncommon,24.3,50.6,18.6,85.0,77.3,16.9,12.499999999999996,11.299999999999997,26.1,17.099999999999994,11.900000000000006
kransfl01,Floyd Kranson,SP,Golden Era (1920-1941),59.4,Common,81.7,44.0,49.9,35.6,20.4,70.6,Rare,82.1,44.1,55.6,56.9,44.3,-11.199999999999996,-0.3999999999999915,-0.10000000000000142,-5.700000000000003,-21.299999999999997,-23.9
krappge01,Gene Krapp,SP,Deadball (1901-1919),75.8,Rare,50.7,5.0,79.7,79.7,94.2,71.7,Rare,53.0,9.8,77.5,65.6,82.5,4.099999999999994,-2.299999999999997,-4.800000000000001,2.200000000000003,14.100000000000009,11.700000000000003
krausha01,Harry Krause,SP,Deadball (1901-1919),82.6,Epic,74.3,61.3,74.4,61.9,73.9,75.2,Rare,75.1,63.6,70.0,46.0,51.5,7.3999999999999915,-0.7999999999999972,-2.3000000000000043,4.400000000000006,15.899999999999999,22.400000000000006
krausle02,Lew Krausse,SP,Expansion (1961-1976),69.9,Uncommon,31.9,54.1,68.0,46.3,79.7,59.6,Common,35.6,49.8,54.2,37.3,58.5,10.300000000000004,-3.700000000000003,4.300000000000004,13.799999999999997,9.0,21.200000000000003
kraveke01,Ken Kravec,SP,Big Hair Era (1977-1993),68.7,Uncommon,55.1,30.0,56.3,47.0,86.8,61.8,Uncommon,57.0,25.8,59.0,53.1,52.4,6.900000000000006,-1.8999999999999986,4.199999999999999,-2.700000000000003,-6.100000000000001,34.4
kremede01,Dean Kremer,SP,Modern Era (2016-Pres),59.7,Common,48.2,68.8,22.4,26.3,70.6,58.8,Common,50.9,60.2,35.3,22.9,52.5,0.9000000000000057,-2.6999999999999957,8.599999999999994,-12.899999999999999,3.400000000000002,18.099999999999994
kremera01,Ray Kremer,SP,Golden Era (1920-1941),74.4,Rare,14.0,83.7,55.9,56.3,92.3,69.3,Uncommon,5.5,91.1,34.1,52.1,94.6,5.1000000000000085,8.5,-7.3999999999999915,21.799999999999997,4.199999999999996,-2.299999999999997
kretllo01,Lou Kretlow,SP,Integration (1942-1960),58.9,Common,64.0,13.6,57.5,45.9,42.0,58.2,Common,61.5,5.0,53.1,47.3,44.3,0.6999999999999957,2.5,8.6,4.399999999999999,-1.3999999999999986,-2.299999999999997
kristho01,Howie Krist,RP,Integration (1942-1960),71.0,Rare,27.8,52.3,58.3,97.2,49.4,65.6,Uncommon,25.3,60.4,60.8,78.8,37.5,5.400000000000006,2.5,-8.100000000000001,-2.5,18.400000000000006,11.899999999999999
krolia01,Ian Krol,RP,Modern Era (2016-Pres),56.7,Common,41.4,58.3,20.2,46.9,20.4,55.2,Common,46.9,47.2,11.0,35.5,21.0,1.5,-5.5,11.099999999999994,9.2,11.399999999999999,-0.6000000000000014
kruegbi01,Bill Krueger,SP,Big Hair Era (1977-1993),58.1,Common,49.9,52.1,7.1,46.2,54.8,58.7,Common,42.4,52.2,20.6,52.3,52.0,-0.6000000000000014,7.5,-0.10000000000000142,-13.500000000000002,-6.099999999999994,2.799999999999997
krukomi01,Mike Krukow,SP,Big Hair Era (1977-1993),80.8,Epic,64.7,71.9,52.3,56.6,89.4,74.5,Rare,61.2,59.8,44.1,58.1,79.7,6.299999999999997,3.5,12.100000000000009,8.199999999999996,-1.5,9.700000000000003
kucksjo01,Johnny Kucks,SP,Integration (1942-1960),58.1,Common,31.0,63.5,24.5,44.1,47.3,58.7,Common,21.1,68.0,29.6,30.4,70.4,-0.6000000000000014,9.899999999999999,-4.5,-5.100000000000001,13.700000000000003,-23.10000000000001
kuhlch01,Chad Kuhl,SP,Modern Era (2016-Pres),56.9,Common,50.4,34.3,11.6,49.0,45.5,55.7,Common,53.4,29.6,19.7,23.0,44.0,1.1999999999999957,-3.0,4.699999999999996,-8.1,26.0,1.5
kuoho01,Hung-Chih Kuo,RP,Efficiency Era (2006-2015),81.7,Epic,86.7,49.7,85.2,85.1,33.3,75.2,Rare,85.5,39.5,82.0,76.0,23.4,6.5,1.2000000000000028,10.200000000000003,3.200000000000003,9.099999999999994,9.899999999999999
kurodhi01,Hiroki Kuroda,SP,Efficiency Era (2006-2015),77.7,Rare,52.9,88.9,42.8,47.5,86.6,78.9,Rare,48.4,97.7,45.3,51.6,81.8,-1.2000000000000028,4.5,-8.799999999999997,-2.5,-4.100000000000001,4.799999999999997
kushem01,Emil Kush,RP,Integration (1942-1960),58.6,Common,41.5,35.4,48.6,49.8,43.8,58.8,Common,42.8,38.9,56.6,53.6,29.6,-0.19999999999999574,-1.2999999999999972,-3.5,-8.0,-3.8000000000000043,14.199999999999996
kuzavbo01,Bob Kuzava,SP,Integration (1942-1960),59.5,Common,58.6,32.5,39.2,56.6,45.6,62.4,Uncommon,52.9,25.8,52.4,68.2,50.4,-2.8999999999999986,5.700000000000003,6.699999999999999,-13.199999999999996,-11.600000000000001,-4.799999999999997
labincl01,Clem Labine,RP,Integration (1942-1960),67.4,Uncommon,49.6,61.0,64.4,37.5,57.4,67.5,Uncommon,50.8,71.7,56.8,41.2,49.7,-0.09999999999999432,-1.1999999999999957,-10.700000000000003,7.6000000000000085,-3.700000000000003,7.699999999999996
laceybo01,Bob Lacey,RP,Big Hair Era (1977-1993),59.8,Common,37.0,62.6,49.5,38.6,50.8,57.5,Common,40.1,67.9,31.2,28.3,32.2,2.299999999999997,-3.1000000000000014,-5.300000000000004,18.3,10.3,18.599999999999994
lackejo01,John Lackey,SP,Efficiency Era (2006-2015),79.7,Rare,61.3,77.7,34.6,65.0,90.6,80.2,Epic,65.4,82.8,48.2,49.4,85.4,-0.5,-4.1000000000000085,-5.099999999999994,-13.600000000000001,15.600000000000001,5.199999999999989
lacorfr01,Frank LaCorte,RP,Big Hair Era (1977-1993),63.9,Uncommon,61.7,23.1,67.0,70.3,33.8,59.7,Common,65.9,29.0,66.2,51.9,24.2,4.199999999999996,-4.200000000000003,-5.899999999999999,0.7999999999999972,18.4,9.599999999999998
lacosmi01,Mike LaCoss,SP,Big Hair Era (1977-1993),58.9,Common,15.2,38.6,26.0,69.2,73.6,65.6,Uncommon,28.0,38.4,42.9,90.3,63.2,-6.699999999999996,-12.8,0.20000000000000284,-16.9,-21.099999999999994,10.399999999999991
laddpe01,Pete Ladd,RP,Big Hair Era (1977-1993),58.6,Common,55.3,67.3,41.9,26.9,27.6,57.7,Common,61.3,60.6,49.1,7.0,25.2,0.8999999999999986,-6.0,6.699999999999996,-7.200000000000003,19.9,2.400000000000002
lagrole01,Lerrin LaGrow,RP,Expansion (1961-1976),59.4,Common,39.9,57.1,57.2,53.0,25.1,56.3,Common,27.0,50.8,19.4,39.9,43.7,3.1000000000000014,12.899999999999999,6.300000000000004,37.800000000000004,13.100000000000001,-18.6
lahtije01,Jeff Lahti,RP,Big Hair Era (1977-1993),61.5,Uncommon,32.6,43.1,59.7,73.0,37.8,62.7,Uncommon,32.9,49.8,64.3,74.2,29.8,-1.2000000000000028,-0.29999999999999716,-6.699999999999996,-4.599999999999994,-1.2000000000000028,7.9999999999999964
lakejo01,Joe Lake,SP,Deadball (1901-1919),81.7,Epic,51.6,72.0,31.9,91.3,93.2,79.4,Rare,48.4,76.9,27.0,85.0,90.3,2.299999999999997,3.200000000000003,-4.900000000000006,4.899999999999999,6.299999999999997,2.9000000000000057
lamabja01,Jack Lamabe,RP,Expansion (1961-1976),61.2,Uncommon,48.5,63.1,44.3,57.7,31.3,58.2,Common,47.6,61.9,13.1,40.4,48.7,3.0,0.8999999999999986,1.2000000000000028,31.199999999999996,17.300000000000004,-17.400000000000002
lamarji01,Jim LaMarque,SP,Integration (1942-1960),83.6,Epic,81.6,81.9,38.9,97.5,52.1,88.1,Epic,73.2,79.6,46.1,107.7,72.3,-4.5,8.399999999999991,2.3000000000000114,-7.200000000000003,-10.200000000000003,-20.199999999999996
lambra01,Ray Lamb,RP,Expansion (1961-1976),59.4,Common,46.1,40.0,26.4,64.5,54.9,59.4,Common,47.5,43.5,36.3,62.3,42.8,0.0,-1.3999999999999986,-3.5,-9.899999999999999,2.200000000000003,12.100000000000001
lampde01,Dennis Lamp,RP,Big Hair Era (1977-1993),73.9,Rare,20.4,74.4,52.9,82.1,69.7,72.8,Rare,20.0,82.8,37.4,84.6,69.4,1.1000000000000085,0.3999999999999986,-8.399999999999991,15.5,-2.5,0.29999999999999716
lancale01,Les Lancaster,RP,Big Hair Era (1977-1993),64.4,Uncommon,52.5,60.5,37.5,51.3,56.1,59.1,Common,42.8,52.0,32.3,51.1,48.2,5.300000000000004,9.700000000000003,8.5,5.200000000000003,0.19999999999999574,7.899999999999999
landrbi01,Bill Landrum,RP,Big Hair Era (1977-1993),68.8,Uncommon,43.8,63.5,53.0,76.9,38.2,65.2,Uncommon,48.6,60.4,45.0,82.1,24.8,3.5999999999999943,-4.800000000000004,3.1000000000000014,8.0,-5.199999999999989,13.400000000000002
langfri01,Rick Langford,SP,Big Hair Era (1977-1993),63.5,Uncommon,15.6,81.1,28.2,36.7,92.7,62.5,Uncommon,19.0,83.3,27.8,35.7,84.4,1.0,-3.4000000000000004,-2.200000000000003,0.3999999999999986,1.0,8.299999999999997
langsma01,Mark Langston,SP,Big Hair Era (1977-1993),79.0,Rare,71.2,53.4,80.6,37.6,82.8,84.6,Epic,91.7,39.7,83.9,45.6,97.1,-5.599999999999994,-20.5,13.699999999999996,-3.3000000000000114,-8.0,-14.299999999999997
laniema01,Max Lanier,SP,Integration (1942-1960),82.3,Epic,56.0,53.0,57.0,97.1,80.9,85.2,Epic,55.1,61.8,66.3,102.1,76.5,-2.9000000000000057,0.8999999999999986,-8.799999999999997,-9.299999999999997,-5.0,4.400000000000006
lannajo01,John Lannan,SP,Efficiency Era (2006-2015),58.0,Common,20.0,44.4,21.1,39.9,82.5,57.0,Common,16.2,50.2,15.1,52.5,57.0,1.0,3.8000000000000007,-5.800000000000004,6.000000000000002,-12.600000000000001,25.5
lannijo01,Johnny Lanning,RP,Golden Era (1920-1941),62.8,Uncommon,15.8,54.1,48.8,71.7,60.8,61.4,Uncommon,14.1,61.7,52.7,63.0,54.3,1.3999999999999986,1.700000000000001,-7.600000000000001,-3.9000000000000057,8.700000000000003,6.5
lapalpa01,Paul LaPalme,RP,Integration (1942-1960),56.6,Common,43.7,58.8,54.9,5.0,23.0,55.1,Common,40.7,38.3,28.0,10.3,43.2,1.5,3.0,20.5,26.9,-5.300000000000001,-20.200000000000003
lapoida01,Dave LaPoint,SP,Big Hair Era (1977-1993),58.4,Common,28.8,69.2,29.1,49.6,38.2,65.8,Uncommon,36.4,54.9,23.3,71.4,77.3,-7.399999999999999,-7.599999999999998,14.300000000000004,5.800000000000001,-21.800000000000004,-39.099999999999994
larkite01,Terry Larkin,SP,The Genesis Era (1871-1900),92.4,Legendary,5.0,125.0,31.6,125.0,125.0,90.1,Legendary,9.6,122.2,39.0,109.5,110.2,2.3000000000000114,-4.6,2.799999999999997,-7.399999999999999,15.5,14.799999999999997
larocda01,Dave LaRoche,RP,Expansion (1961-1976),76.1,Rare,92.8,5.0,94.7,73.7,44.6,76.1,Rare,84.9,34.4,84.7,63.3,43.4,0.0,7.8999999999999915,-29.4,10.0,10.400000000000006,1.2000000000000028
larsedo01,Don Larsen,SP,Integration (1942-1960),70.2,Rare,54.0,70.3,35.9,71.9,48.8,68.2,Uncommon,49.7,40.9,64.2,55.4,62.9,2.0,4.299999999999997,29.4,-28.300000000000004,16.500000000000007,-14.100000000000001
laryfr01,Frank Lary,SP,Integration (1942-1960),78.7,Rare,51.6,72.8,44.1,52.5,103.1,78.9,Rare,49.8,81.3,44.4,50.8,98.9,-0.20000000000000284,1.8000000000000043,-8.5,-0.29999999999999716,1.7000000000000028,4.199999999999989
laskebi01,Bill Laskey,SP,Big Hair Era (1977-1993),59.7,Common,18.7,81.1,18.9,37.7,79.9,58.2,Common,20.6,76.6,22.8,34.6,57.6,1.5,-1.9000000000000021,4.5,-3.900000000000002,3.1000000000000014,22.300000000000004
latmaba01,Barry Latman,RP,Expansion (1961-1976),65.7,Uncommon,50.3,58.8,60.3,42.2,51.6,59.4,Common,51.9,42.8,53.1,28.3,56.1,6.300000000000004,-1.6000000000000014,16.0,7.199999999999996,13.900000000000002,-4.5
latosma01,Mat Latos,SP,Efficiency Era (2006-2015),83.1,Epic,75.6,72.3,61.9,53.8,85.4,78.4,Rare,66.6,70.9,65.3,53.4,66.4,4.699999999999989,9.0,1.3999999999999915,-3.3999999999999986,0.3999999999999986,19.0
lauerer01,Eric Lauer,SP,Modern Era (2016-Pres),62.0,Uncommon,65.7,55.6,60.3,7.6,58.9,57.7,Common,62.4,50.6,34.3,7.7,48.1,4.299999999999997,3.3000000000000043,5.0,26.0,-0.10000000000000053,10.799999999999997
lavelga01,Gary Lavelle,RP,Big Hair Era (1977-1993),72.1,Rare,65.4,39.2,52.6,81.8,51.4,76.7,Rare,66.0,48.4,61.8,89.6,48.0,-4.6000000000000085,-0.5999999999999943,-9.199999999999996,-9.199999999999996,-7.799999999999997,3.3999999999999986
lavenji01,Jimmy Lavender,SP,Deadball (1901-1919),75.0,Rare,53.6,45.8,58.2,57.3,90.6,66.4,Uncommon,49.4,36.9,57.0,37.2,85.2,8.599999999999994,4.200000000000003,8.899999999999999,1.2000000000000028,20.099999999999994,5.3999999999999915
lawde01,Derek Law,RP,Modern Era (2016-Pres),61.5,Uncommon,43.5,61.1,44.0,64.1,33.3,58.2,Common,50.2,45.9,34.7,55.6,24.5,3.299999999999997,-6.700000000000003,15.200000000000003,9.299999999999997,8.499999999999993,8.799999999999997
lawrebr01,Brooks Lawrence,RP,Integration (1942-1960),63.2,Uncommon,37.4,59.2,40.7,31.6,84.1,58.9,Common,40.0,56.4,40.4,19.7,67.5,4.300000000000004,-2.6000000000000014,2.8000000000000043,0.30000000000000426,11.900000000000002,16.599999999999994
lawrebr02,Brian Lawrence,SP,Steroid Era (1994-2005),66.1,Uncommon,44.5,79.7,11.4,50.7,78.2,65.5,Uncommon,37.6,81.3,22.9,48.7,71.7,0.5999999999999943,6.899999999999999,-1.5999999999999943,-11.499999999999998,2.0,6.5
lawsoro01,Roxie Lawson,RP,Golden Era (1920-1941),53.5,Common,39.2,5.0,30.9,24.2,33.7,52.5,Common,20.4,5.0,21.6,16.6,52.6,1.0,18.800000000000004,0.0,9.299999999999997,7.599999999999998,-18.9
lawve01,Vern Law,SP,Integration (1942-1960),81.0,Epic,32.8,113.0,54.9,37.6,97.7,74.1,Rare,33.5,110.1,40.8,28.8,87.4,6.900000000000006,-0.7000000000000028,2.9000000000000057,14.100000000000001,8.8,10.299999999999997
layneto01,Tommy Layne,RP,Efficiency Era (2006-2015),58.4,Common,39.2,41.0,53.2,61.9,19.2,60.6,Uncommon,50.6,37.5,61.6,72.1,20.5,-2.200000000000003,-11.399999999999999,3.5,-8.399999999999999,-10.199999999999996,-1.3000000000000007
leach01,Charlie Lea,SP,Big Hair Era (1977-1993),76.3,Rare,44.7,57.7,67.4,54.8,87.2,65.3,Uncommon,42.5,52.2,54.4,51.6,60.8,11.0,2.200000000000003,5.5,13.000000000000007,3.1999999999999957,26.400000000000006
leachte01,Terry Leach,RP,Big Hair Era (1977-1993),63.6,Uncommon,25.4,77.3,40.7,64.9,46.2,67.6,Uncommon,28.6,83.7,43.9,76.2,38.4,-3.999999999999993,-3.200000000000003,-6.400000000000006,-3.1999999999999957,-11.299999999999997,7.800000000000004
leagubr01,Brandon League,RP,Efficiency Era (2006-2015),58.8,Common,37.7,36.7,47.4,77.9,22.0,68.0,Uncommon,44.4,62.0,52.9,87.8,25.1,-9.200000000000003,-6.699999999999996,-25.299999999999997,-5.5,-9.899999999999991,-3.1000000000000014
leakemi01,Mike Leake,SP,Efficiency Era (2006-2015),59.9,Common,31.6,78.1,36.5,34.1,59.2,65.0,Uncommon,37.5,100.6,20.1,19.4,82.4,-5.100000000000001,-5.899999999999999,-22.5,16.4,14.700000000000003,-23.200000000000003
leallu01,Luis Leal,SP,Big Hair Era (1977-1993),59.7,Common,31.4,61.8,26.4,24.3,93.0,58.9,Common,32.8,61.2,29.6,29.4,70.8,0.8000000000000043,-1.3999999999999986,0.5999999999999943,-3.200000000000003,-5.099999999999998,22.200000000000003
learyti01,Tim Leary,SP,Big Hair Era (1977-1993),58.5,Common,43.2,64.1,10.5,38.9,60.7,67.7,Uncommon,54.7,70.2,30.0,49.6,66.7,-9.200000000000003,-11.5,-6.1000000000000085,-19.5,-10.700000000000003,-6.0
leblajo01,José Leblanc,SP,Golden Era (1920-1941),85.3,Epic,61.6,75.9,75.1,83.8,65.6,83.8,Epic,64.0,74.3,76.1,72.4,66.3,1.5,-2.3999999999999986,1.6000000000000085,-1.0,11.399999999999991,-0.7000000000000028
leblawa01,Wade LeBlanc,RP,Efficiency Era (2006-2015),58.9,Common,44.7,73.8,39.5,24.1,40.4,57.7,Common,34.6,75.9,37.1,21.5,34.7,1.1999999999999957,10.100000000000001,-2.1000000000000085,2.3999999999999986,2.6000000000000014,5.699999999999996
leclejo01,Jose Leclerc,RP,Modern Era (2016-Pres),74.5,Rare,87.4,20.1,95.3,69.2,30.6,73.6,Rare,85.5,6.4,109.6,73.4,23.4,0.9000000000000057,1.9000000000000057,13.700000000000001,-14.299999999999997,-4.200000000000003,7.200000000000003
lecursa01,Sam LeCure,RP,Efficiency Era (2006-2015),69.8,Uncommon,68.7,52.5,72.0,53.5,32.7,63.1,Uncommon,62.1,49.6,61.9,51.8,27.0,6.699999999999996,6.600000000000001,2.8999999999999986,10.100000000000001,1.7000000000000028,5.700000000000003
leebi02,Bill Lee,SP,Golden Era (1920-1941),74.8,Rare,32.5,74.5,36.4,56.6,104.3,78.0,Rare,33.3,68.7,54.7,65.3,98.3,-3.200000000000003,-0.7999999999999972,5.799999999999997,-18.300000000000004,-8.699999999999996,6.0
leebi03,Bill Lee,SP,Expansion (1961-1976),60.9,Uncommon,15.7,73.5,5.9,57.1,91.4,59.8,Common,5.0,79.7,13.8,54.2,85.5,1.1000000000000014,10.7,-6.200000000000003,-7.9,2.8999999999999986,5.900000000000006
leebo01,Bob Lee,RP,Expansion (1961-1976),77.3,Rare,53.8,51.2,91.5,62.9,57.3,72.1,Rare,51.7,45.9,76.5,68.4,48.1,5.200000000000003,2.0999999999999943,5.300000000000004,15.0,-5.500000000000007,9.199999999999996
leecl02,Cliff Lee,SP,Efficiency Era (2006-2015),91.8,Legendary,76.9,111.9,56.2,69.0,92.3,89.4,Epic,68.1,117.1,48.3,63.2,90.4,2.3999999999999915,8.800000000000011,-5.199999999999989,7.900000000000006,5.799999999999997,1.8999999999999915
leedo01,Don Lee,RP,Expansion (1961-1976),57.7,Common,37.0,47.1,43.6,24.0,52.3,59.3,Common,40.7,62.1,35.1,39.8,52.0,-1.5999999999999943,-3.700000000000003,-15.0,8.5,-15.799999999999997,0.29999999999999716
leedy01,Dylan Lee,RP,Modern Era (2016-Pres),64.9,Uncommon,70.1,73.0,59.8,27.1,29.8,63.7,Uncommon,64.3,73.8,60.7,32.1,24.0,1.2000000000000028,5.799999999999997,-0.7999999999999972,-0.9000000000000057,-5.0,5.800000000000001
leeth01,Thornton Lee,SP,Golden Era (1920-1941),72.2,Rare,30.9,56.4,56.4,50.1,97.4,76.7,Rare,36.0,63.1,57.9,63.4,93.5,-4.5,-5.100000000000001,-6.700000000000003,-1.5,-13.299999999999997,3.9000000000000057
leevesa01,Sam Leever,SP,Deadball (1901-1919),80.7,Epic,17.3,73.0,39.2,97.1,107.6,85.8,Epic,15.4,89.6,56.7,103.1,100.4,-5.099999999999994,1.9000000000000004,-16.599999999999994,-17.5,-6.0,7.199999999999989
leffecr01,Craig Lefferts,RP,Big Hair Era (1977-1993),69.2,Uncommon,50.7,62.2,60.2,57.2,46.9,72.3,Rare,52.2,73.6,72.5,47.3,45.9,-3.0999999999999943,-1.5,-11.399999999999991,-12.299999999999997,9.900000000000006,1.0
leibrch01,Charlie Leibrandt,SP,Big Hair Era (1977-1993),71.4,Rare,32.8,73.8,33.4,52.0,95.3,76.9,Rare,31.6,86.3,40.8,65.9,90.5,-5.5,1.1999999999999957,-12.5,-7.399999999999999,-13.900000000000006,4.799999999999997
leifile01,Lefty Leifield,SP,Deadball (1901-1919),77.8,Rare,25.9,66.1,53.1,73.7,100.4,77.5,Rare,27.4,58.3,60.8,84.3,87.2,0.29999999999999716,-1.5,7.799999999999997,-7.699999999999996,-10.599999999999994,13.200000000000003
leipeda01,Dave Leiper,RP,Big Hair Era (1977-1993),57.8,Common,44.1,47.1,54.4,40.1,19.2,57.8,Common,39.9,44.4,49.5,48.5,22.2,0.0,4.200000000000003,2.700000000000003,4.899999999999999,-8.399999999999999,-3.0
leiteal01,Al Leiter,SP,Steroid Era (1994-2005),83.6,Epic,78.3,11.1,92.7,85.8,84.2,82.4,Epic,71.9,29.5,85.8,74.6,82.6,1.1999999999999886,6.3999999999999915,-18.4,6.900000000000006,11.200000000000003,1.6000000000000085
leitema01,Mark Leiter,RP,Steroid Era (1994-2005),69.3,Uncommon,55.4,52.7,58.5,47.0,63.9,63.5,Uncommon,52.4,56.6,53.0,40.3,51.9,5.799999999999997,3.0,-3.8999999999999986,5.5,6.700000000000003,12.0
leitema02,Mark Leiter,RP,Modern Era (2016-Pres),58.2,Common,63.3,47.9,50.5,12.6,37.1,57.9,Common,71.6,49.7,37.0,18.8,29.6,0.30000000000000426,-8.299999999999997,-1.8000000000000043,13.5,-6.200000000000001,7.5
lemanda01,Dave Lemanczyk,RP,Expansion (1961-1976),58.0,Common,23.2,51.5,5.0,53.6,75.2,56.0,Common,25.7,48.0,5.0,43.4,52.4,2.0,-2.5,3.5,0.0,10.200000000000003,22.800000000000004
lemasde01,Denny Lemaster,SP,Expansion (1961-1976),75.1,Rare,65.1,60.6,38.4,47.4,94.2,73.8,Rare,66.8,67.0,49.8,37.1,78.5,1.2999999999999972,-1.7000000000000028,-6.399999999999999,-11.399999999999999,10.299999999999997,15.700000000000003
lemonbo01,Bob Lemon,SP,Integration (1942-1960),81.0,Epic,30.2,44.4,92.3,64.7,104.2,81.9,Epic,32.1,45.5,83.1,77.6,103.4,-0.9000000000000057,-1.9000000000000021,-1.1000000000000014,9.200000000000003,-12.899999999999991,0.7999999999999972
leonade01,Dennis Leonard,SP,Big Hair Era (1977-1993),81.6,Epic,57.1,77.9,49.8,48.9,105.8,79.8,Rare,50.2,81.0,50.3,49.8,98.2,1.7999999999999972,6.899999999999999,-3.0999999999999943,-0.5,-0.8999999999999986,7.599999999999994
leonadu01,Dutch Leonard,SP,Deadball (1901-1919),92.9,Legendary,75.7,74.6,82.7,82.6,100.5,86.5,Epic,72.4,65.8,65.6,69.9,95.8,6.400000000000006,3.299999999999997,8.799999999999997,17.10000000000001,12.699999999999989,4.700000000000003
leonadu02,Dutch Leonard,SP,Integration (1942-1960),76.0,Rare,30.2,87.5,17.5,77.9,97.4,78.9,Rare,25.1,92.8,32.7,88.6,85.9,-2.9000000000000057,5.099999999999998,-5.299999999999997,-15.200000000000003,-10.699999999999989,11.5
leonedo01,Dominic Leone,RP,Modern Era (2016-Pres),71.1,Rare,60.7,46.3,72.7,74.4,31.7,59.4,Common,64.8,40.4,56.0,46.3,24.4,11.699999999999996,-4.099999999999994,5.899999999999999,16.700000000000003,28.10000000000001,7.300000000000001
leonma01,Max Leon,RP,Expansion (1961-1976),57.9,Common,35.0,65.7,29.1,44.1,32.1,57.6,Common,40.2,63.2,30.0,42.5,26.6,0.29999999999999716,-5.200000000000003,2.5,-0.8999999999999986,1.6000000000000014,5.5
lerchra01,Randy Lerch,RP,Big Hair Era (1977-1993),57.2,Common,29.8,56.6,11.7,50.5,46.6,57.1,Common,24.9,50.9,20.8,53.7,43.5,0.10000000000000142,4.900000000000002,5.700000000000003,-9.100000000000001,-3.200000000000003,3.1000000000000014
lerscba01,Barry Lersch,RP,Expansion (1961-1976),59.9,Common,38.1,70.0,48.7,14.3,68.4,58.4,Common,39.7,70.0,46.3,13.2,46.3,1.5,-1.6000000000000014,0.0,2.4000000000000057,1.1000000000000014,22.10000000000001
leskacu01,Curt Leskanic,RP,Steroid Era (1994-2005),71.4,Rare,76.7,31.7,79.2,66.0,33.6,65.2,Uncommon,77.9,24.2,68.0,54.2,36.9,6.200000000000003,-1.2000000000000028,7.5,11.200000000000003,11.799999999999997,-3.299999999999997
lestejo01,Jon Lester,SP,Efficiency Era (2006-2015),82.7,Epic,76.3,69.1,59.1,55.6,86.5,88.1,Epic,82.8,73.0,70.8,65.8,86.6,-5.3999999999999915,-6.5,-3.9000000000000057,-11.699999999999996,-10.199999999999996,-0.09999999999999432
levinal01,Al Levine,RP,Steroid Era (1994-2005),56.5,Common,22.2,39.1,41.3,43.3,36.8,56.1,Common,15.0,52.7,36.9,38.9,33.9,0.3999999999999986,7.199999999999999,-13.600000000000001,4.399999999999999,4.399999999999999,2.8999999999999986
levisos01,Oscar Levis,SP,Golden Era (1920-1941),79.0,Rare,84.6,72.0,56.3,65.0,47.6,66.3,Uncommon,64.4,52.7,44.7,59.0,44.6,12.700000000000003,20.19999999999999,19.299999999999997,11.599999999999994,6.0,3.0
levsedu01,Emil Levsen,RP,Golden Era (1920-1941),58.3,Common,20.0,49.9,46.1,55.3,42.4,56.8,Common,17.4,33.9,43.8,58.0,34.4,1.5,2.6000000000000014,16.0,2.3000000000000043,-2.700000000000003,8.0
lewisco01,Colby Lewis,SP,Efficiency Era (2006-2015),68.4,Uncommon,61.9,78.7,54.1,14.8,64.3,64.0,Uncommon,56.2,84.0,48.5,11.0,56.3,4.400000000000006,5.699999999999996,-5.299999999999997,5.600000000000001,3.8000000000000007,8.0
lewisri01,Richie Lewis,RP,Steroid Era (1994-2005),57.3,Common,61.2,5.4,62.5,34.3,33.9,54.8,Common,59.7,5.0,49.1,17.4,23.4,2.5,1.5,0.40000000000000036,13.399999999999999,16.9,10.5
lewisru01,Rufus Lewis,SP,Integration (1942-1960),79.6,Rare,77.9,69.9,59.9,75.6,45.3,84.6,Epic,74.0,70.5,64.1,70.6,78.4,-5.0,3.9000000000000057,-0.5999999999999943,-4.199999999999996,5.0,-33.10000000000001
lewiste01,Ted Lewis,SP,The Genesis Era (1871-1900),78.3,Rare,28.2,64.5,76.7,46.9,105.6,70.8,Rare,29.2,52.4,70.8,37.5,93.9,7.5,-1.0,12.100000000000001,5.900000000000006,9.399999999999999,11.699999999999989
liddldo01,Don Liddle,RP,Integration (1942-1960),59.4,Common,41.3,26.5,64.6,43.6,56.2,58.7,Common,45.6,34.7,57.9,30.6,51.7,0.6999999999999957,-4.300000000000004,-8.200000000000003,6.699999999999996,13.0,4.5
lidgebr01,Brad Lidge,RP,Efficiency Era (2006-2015),86.7,Epic,122.4,46.5,91.8,71.0,39.1,83.8,Epic,115.6,36.3,101.5,67.6,32.3,2.9000000000000057,6.800000000000011,10.200000000000003,-9.700000000000003,3.4000000000000057,6.800000000000004
lidleco01,Cory Lidle,SP,Steroid Era (1994-2005),64.3,Uncommon,36.0,83.6,41.3,31.6,64.7,62.7,Uncommon,38.7,82.7,27.0,29.8,72.7,1.5999999999999943,-2.700000000000003,0.8999999999999915,14.299999999999997,1.8000000000000007,-8.0
liebejo01,Jon Lieber,SP,Steroid Era (1994-2005),71.4,Rare,48.5,101.8,27.7,21.7,87.4,73.3,Rare,54.1,110.3,20.6,29.3,82.4,-1.8999999999999915,-5.600000000000001,-8.5,7.099999999999998,-7.600000000000001,5.0
liebhgl01,Glenn Liebhardt,SP,Deadball (1901-1919),81.9,Epic,53.2,56.0,59.8,91.3,81.3,78.0,Rare,53.4,58.6,61.1,76.7,70.4,3.9000000000000057,-0.19999999999999574,-2.6000000000000014,-1.3000000000000043,14.599999999999994,10.899999999999991
ligteke01,Kerry Ligtenberg,RP,Steroid Era (1994-2005),65.8,Uncommon,69.6,58.3,67.5,37.3,30.8,65.4,Uncommon,73.2,48.6,67.3,45.7,27.2,0.3999999999999915,-3.6000000000000085,9.699999999999996,0.20000000000000284,-8.400000000000006,3.6000000000000014
lillide01,Derek Lilliquist,RP,Big Hair Era (1977-1993),58.9,Common,50.9,62.4,53.1,30.6,25.8,56.6,Common,37.8,75.9,18.5,18.6,33.5,2.299999999999997,13.100000000000001,-13.500000000000007,34.6,12.0,-7.699999999999999
lillyte01,Ted Lilly,SP,Efficiency Era (2006-2015),71.6,Rare,63.7,64.5,63.0,13.8,83.3,71.5,Rare,63.0,73.4,65.3,6.8,79.3,0.09999999999999432,0.7000000000000028,-8.900000000000006,-2.299999999999997,7.000000000000001,4.0
limajo01,Jose Lima,SP,Steroid Era (1994-2005),69.1,Uncommon,48.1,110.4,23.7,5.0,89.7,59.5,Common,40.1,102.9,18.5,5.0,67.2,9.599999999999994,8.0,7.5,5.199999999999999,0.0,22.5
linceti01,Tim Lincecum,SP,Efficiency Era (2006-2015),94.2,Legendary,104.5,50.7,88.5,92.7,91.5,88.2,Epic,94.2,49.1,77.7,77.5,81.1,6.0,10.299999999999997,1.6000000000000014,10.799999999999997,15.200000000000003,10.400000000000006
lincomi01,Mike Lincoln,RP,Steroid Era (1994-2005),58.5,Common,45.9,57.7,39.1,43.5,30.5,55.7,Common,39.7,58.8,23.1,24.4,24.5,2.799999999999997,6.199999999999996,-1.0999999999999943,16.0,19.1,6.0
lindavi01,Vive Lindaman,SP,Deadball (1901-1919),67.5,Uncommon,17.4,50.1,34.7,64.3,103.7,63.7,Uncommon,23.5,51.4,40.2,48.6,91.4,3.799999999999997,-6.100000000000001,-1.2999999999999972,-5.5,15.699999999999996,12.299999999999997
lindbpa01,Paul Lindblad,RP,Expansion (1961-1976),59.9,Common,36.8,61.8,53.9,53.7,33.2,70.3,Rare,31.1,70.4,63.8,70.8,45.5,-10.399999999999999,5.699999999999996,-8.600000000000009,-9.899999999999999,-17.099999999999994,-12.299999999999997
lindsma01,Matt Lindstrom,RP,Efficiency Era (2006-2015),61.0,Uncommon,48.6,46.3,26.4,92.0,30.8,59.8,Common,46.0,57.9,18.5,88.7,26.7,1.2000000000000028,2.6000000000000014,-11.600000000000001,7.899999999999999,3.299999999999997,4.100000000000001
linebsc01,Scott Linebrink,RP,Steroid Era (1994-2005),76.2,Rare,70.0,60.8,79.8,64.4,36.4,63.4,Uncommon,56.9,63.7,59.0,38.8,35.5,12.800000000000004,13.100000000000001,-2.9000000000000057,20.799999999999997,25.60000000000001,0.8999999999999986
linzyfr01,Frank Linzy,RP,Expansion (1961-1976),65.7,Uncommon,22.1,51.0,65.7,84.8,39.4,67.3,Uncommon,18.7,58.7,53.4,96.6,42.1,-1.5999999999999943,3.400000000000002,-7.700000000000003,12.300000000000004,-11.799999999999997,-2.700000000000003
lirafe01,Felipe Lira,RP,Steroid Era (1994-2005),56.0,Common,35.7,54.4,18.0,11.0,55.6,54.5,Common,34.8,52.2,6.8,15.1,41.0,1.5,0.9000000000000057,2.1999999999999957,11.2,-4.1,14.600000000000001
liriafr01,Francisco Liriano,SP,Efficiency Era (2006-2015),87.0,Epic,92.3,60.0,63.4,85.5,71.2,82.5,Epic,88.4,42.0,74.2,73.8,66.7,4.5,3.8999999999999915,18.0,-10.800000000000004,11.700000000000003,4.5
lisenho01,Horace Lisenbee,RP,Golden Era (1920-1941),61.4,Uncommon,15.3,55.2,34.9,51.2,89.1,56.8,Common,12.6,57.5,25.6,33.1,58.8,4.600000000000001,2.700000000000001,-2.299999999999997,9.299999999999997,18.1,30.299999999999997
liskaad01,Ad Liska,RP,Golden Era (1920-1941),59.9,Common,29.8,24.3,66.6,74.5,44.2,59.0,Common,33.7,35.7,54.5,63.6,36.8,0.8999999999999986,-3.900000000000002,-11.400000000000002,12.099999999999994,10.899999999999999,7.400000000000006
littema01,Mark Littell,RP,Big Hair Era (1977-1993),80.8,Epic,95.8,6.9,98.0,87.2,47.0,76.2,Rare,89.5,5.0,98.3,82.7,35.8,4.599999999999994,6.299999999999997,1.9000000000000004,-0.29999999999999716,4.5,11.200000000000003
litteza01,Zack Littell,RP,Modern Era (2016-Pres),58.3,Common,41.9,93.1,20.0,5.0,53.7,58.3,Common,45.9,91.9,29.1,5.9,41.3,0.0,-4.0,1.1999999999999886,-9.100000000000001,-0.9000000000000004,12.400000000000006
littldi01,Dick Littlefield,RP,Integration (1942-1960),58.6,Common,68.7,16.1,49.6,49.9,34.8,57.8,Common,74.9,16.1,50.1,17.2,46.4,0.8000000000000043,-6.200000000000003,0.0,-0.5,32.7,-11.600000000000001
lloydgr01,Graeme Lloyd,RP,Steroid Era (1994-2005),59.4,Common,31.4,75.2,52.6,43.5,28.9,59.1,Common,29.0,73.1,46.6,51.6,27.2,0.29999999999999716,2.3999999999999986,2.1000000000000085,6.0,-8.100000000000001,1.6999999999999993
loaisjo01,Jonathan Loaisiga,RP,Modern Era (2016-Pres),60.9,Uncommon,38.3,69.2,49.4,64.2,22.4,58.6,Common,48.7,61.1,40.4,46.6,20.8,2.299999999999997,-10.400000000000006,8.100000000000001,9.0,17.6,1.5999999999999979
loaizes01,Esteban Loaiza,SP,Steroid Era (1994-2005),81.2,Epic,67.5,83.0,39.9,68.0,79.0,70.8,Rare,51.1,87.2,14.8,49.8,81.2,10.400000000000006,16.4,-4.200000000000003,25.099999999999998,18.200000000000003,-2.200000000000003
lockebo02,Bob Locker,RP,Expansion (1961-1976),76.4,Rare,55.3,68.0,57.8,80.4,50.8,80.8,Epic,54.8,76.5,63.4,93.0,47.0,-4.3999999999999915,0.5,-8.5,-5.600000000000001,-12.599999999999994,3.799999999999997
lockeje01,Jeff Locke,SP,Efficiency Era (2006-2015),58.3,Common,39.7,33.3,41.5,48.4,49.9,57.5,Common,41.4,46.6,21.6,43.6,46.6,0.7999999999999972,-1.6999999999999957,-13.300000000000004,19.9,4.799999999999997,3.299999999999997
lockwsk01,Skip Lockwood,RP,Expansion (1961-1976),74.6,Rare,84.1,50.1,73.2,63.5,32.4,70.6,Rare,73.3,47.7,62.1,51.5,48.5,4.0,10.799999999999997,2.3999999999999986,11.100000000000001,12.0,-16.1
lodolni01,Nick Lodolo,SP,Modern Era (2016-Pres),70.0,Rare,77.9,67.5,48.9,27.9,58.0,65.8,Uncommon,72.5,69.3,45.1,28.4,48.2,4.200000000000003,5.400000000000006,-1.7999999999999972,3.799999999999997,-0.5,9.799999999999997
loeka01,Kameron Loe,RP,Efficiency Era (2006-2015),60.9,Uncommon,36.9,67.0,41.2,61.4,37.1,57.1,Common,27.7,63.9,10.7,57.0,33.9,3.799999999999997,9.2,3.1000000000000014,30.500000000000004,4.399999999999999,3.200000000000003
loesbi01,Billy Loes,SP,Integration (1942-1960),76.0,Rare,54.4,62.0,64.2,60.9,68.9,70.1,Rare,59.3,62.1,58.0,38.3,62.8,5.900000000000006,-4.899999999999999,-0.10000000000000142,6.200000000000003,22.6,6.1000000000000085
loganbo02,Boone Logan,RP,Efficiency Era (2006-2015),58.6,Common,72.3,34.8,53.6,34.3,24.0,59.8,Common,78.2,41.2,52.3,42.1,23.8,-1.1999999999999957,-5.900000000000006,-6.400000000000006,1.3000000000000043,-7.800000000000004,0.1999999999999993
lohrmbi01,Bill Lohrman,SP,Golden Era (1920-1941),61.1,Uncommon,30.7,82.0,48.6,27.7,55.5,63.7,Uncommon,30.2,88.4,44.8,33.3,58.1,-2.6000000000000014,0.5,-6.400000000000006,3.8000000000000043,-5.599999999999998,-2.6000000000000014
lohseky01,Kyle Lohse,SP,Efficiency Era (2006-2015),71.0,Rare,33.0,97.4,27.7,41.3,85.9,66.3,Uncommon,31.8,92.4,26.2,31.4,83.7,4.700000000000003,1.1999999999999993,5.0,1.5,9.899999999999999,2.200000000000003
loiseri01,Rich Loiselle,RP,Steroid Era (1994-2005),58.0,Common,54.6,37.4,30.7,59.9,24.9,56.7,Common,53.5,24.1,32.4,54.2,23.0,1.2999999999999972,1.1000000000000014,13.299999999999997,-1.6999999999999993,5.699999999999996,1.8999999999999986
lolicmi01,Mickey Lolich,SP,Expansion (1961-1976),84.2,Epic,74.1,89.0,44.0,33.2,115.0,84.0,Epic,80.0,75.3,52.8,40.2,106.2,0.20000000000000284,-5.900000000000006,13.700000000000003,-8.799999999999997,-7.0,8.799999999999997
lollati01,Tim Lollar,SP,Big Hair Era (1977-1993),63.9,Uncommon,53.5,18.6,71.7,38.0,74.0,58.2,Common,56.1,5.5,56.5,33.4,59.8,5.699999999999996,-2.6000000000000014,13.100000000000001,15.200000000000003,4.600000000000001,14.200000000000003
lombavi01,Vic Lombardi,RP,Integration (1942-1960),66.7,Uncommon,19.3,41.3,57.0,70.8,78.5,59.4,Common,21.0,36.3,46.7,56.2,70.8,7.300000000000004,-1.6999999999999993,5.0,10.299999999999997,14.599999999999994,7.700000000000003
lonboji01,Jim Lonborg,SP,Expansion (1961-1976),79.7,Rare,53.7,70.6,49.2,55.8,99.5,76.6,Rare,49.8,77.7,49.5,52.4,84.0,3.1000000000000085,3.9000000000000057,-7.1000000000000085,-0.29999999999999716,3.3999999999999986,15.5
loopebr01,Braden Looper,RP,Steroid Era (1994-2005),67.0,Uncommon,43.9,68.4,42.2,72.5,41.3,64.6,Uncommon,37.7,76.1,35.1,63.1,46.6,2.4000000000000057,6.199999999999996,-7.699999999999989,7.100000000000001,9.399999999999999,-5.300000000000004
lopated01,Eddie Lopat,SP,Integration (1942-1960),78.3,Rare,26.5,82.6,51.9,65.9,95.1,74.6,Rare,17.1,85.2,52.0,59.9,88.9,3.700000000000003,9.399999999999999,-2.6000000000000085,-0.10000000000000142,6.000000000000007,6.199999999999989
lopezal02,Albie Lopez,RP,Steroid Era (1994-2005),57.4,Common,37.3,49.3,32.8,32.7,46.4,58.0,Common,41.3,56.4,26.2,39.7,44.0,-0.6000000000000014,-4.0,-7.100000000000001,6.599999999999998,-7.0,2.3999999999999986
lopezau01,Aurelio Lopez,RP,Big Hair Era (1977-1993),70.6,Rare,68.4,39.2,89.3,27.6,58.7,68.0,Uncommon,64.6,50.1,80.5,29.2,48.1,2.5999999999999943,3.8000000000000114,-10.899999999999999,8.799999999999997,-1.5999999999999979,10.600000000000001
lopezja02,Javier Lopez,RP,Efficiency Era (2006-2015),58.5,Common,32.3,43.9,48.8,68.9,22.8,69.8,Uncommon,38.4,51.4,73.4,91.5,24.9,-11.299999999999997,-6.100000000000001,-7.5,-24.60000000000001,-22.599999999999994,-2.099999999999998
lopezjo02,Jorge Lopez,RP,Modern Era (2016-Pres),59.4,Common,47.8,42.8,55.9,63.2,21.5,55.7,Common,47.9,39.1,18.8,39.4,25.0,3.6999999999999957,-0.10000000000000142,3.6999999999999957,37.099999999999994,23.800000000000004,-3.5
lopezpa01,Pablo Lopez,SP,Modern Era (2016-Pres),76.5,Rare,83.3,74.4,47.8,35.5,71.6,75.4,Rare,76.7,80.8,51.2,42.0,56.8,1.0999999999999943,6.599999999999994,-6.3999999999999915,-3.4000000000000057,-6.5,14.799999999999997
lopezre01,Reynaldo Lopez,SP,Modern Era (2016-Pres),64.7,Uncommon,68.9,44.3,59.2,54.8,31.8,63.6,Uncommon,61.0,57.5,53.1,32.4,50.6,1.1000000000000014,7.900000000000006,-13.200000000000003,6.100000000000001,22.4,-18.8
lopezro01,Rodrigo Lopez,SP,Steroid Era (1994-2005),64.0,Uncommon,44.2,67.8,48.3,28.4,67.6,58.2,Common,42.3,74.8,13.2,11.2,70.3,5.799999999999997,1.9000000000000057,-7.0,35.099999999999994,17.2,-2.700000000000003
lopezwi01,Wilton Lopez,RP,Efficiency Era (2006-2015),64.5,Uncommon,41.1,93.3,21.6,67.3,34.8,59.2,Common,40.3,91.8,13.8,57.3,25.8,5.299999999999997,0.8000000000000043,1.5,7.800000000000001,10.0,8.999999999999996
lorenmi01,Michael Lorenzen,RP,Modern Era (2016-Pres),58.5,Common,44.0,36.8,63.4,36.9,35.6,61.2,Uncommon,45.3,44.8,64.4,46.5,43.9,-2.700000000000003,-1.2999999999999972,-8.0,-1.000000000000007,-9.600000000000001,-8.299999999999997
loupaa01,Aaron Loup,RP,Modern Era (2016-Pres),69.9,Uncommon,43.1,59.3,62.9,82.1,32.4,69.9,Uncommon,50.5,63.7,56.2,84.5,24.9,0.0,-7.399999999999999,-4.400000000000006,6.699999999999996,-2.4000000000000057,7.5
lovesl01,Slim Love,RP,Deadball (1901-1919),59.9,Common,59.5,5.0,44.5,62.6,67.8,57.9,Common,60.9,8.1,50.5,43.8,43.3,2.0,-1.3999999999999986,-3.0999999999999996,-6.0,18.800000000000004,24.5
lovetto01,Tom Lovett,SP,The Genesis Era (1871-1900),64.9,Uncommon,23.6,19.7,50.9,53.3,112.1,58.7,Common,28.8,28.2,42.5,30.5,90.2,6.200000000000003,-5.199999999999999,-8.5,8.399999999999999,22.799999999999997,21.89999999999999
lowede01,Derek Lowe,SP,Steroid Era (1994-2005),86.0,Epic,45.2,89.0,82.8,85.1,64.0,82.7,Epic,42.5,88.2,57.8,84.7,73.4,3.299999999999997,2.700000000000003,0.7999999999999972,25.0,0.3999999999999915,-9.400000000000006
lowema01,Mark Lowe,RP,Efficiency Era (2006-2015),61.5,Uncommon,55.0,58.4,56.3,56.3,19.9,59.8,Common,58.1,55.7,55.0,47.8,22.3,1.7000000000000028,-3.1000000000000014,2.6999999999999957,1.2999999999999972,8.5,-2.400000000000002
lowese01,Sean Lowe,RP,Steroid Era (1994-2005),58.0,Common,38.5,44.5,35.3,42.2,47.1,55.8,Common,41.3,39.3,18.5,40.9,31.4,2.200000000000003,-2.799999999999997,5.200000000000003,16.799999999999997,1.3000000000000043,15.700000000000003
lowntu01,Turk Lown,RP,Integration (1942-1960),58.6,Common,68.0,20.0,72.5,9.8,48.7,57.9,Common,65.1,16.8,62.6,15.1,46.3,0.7000000000000028,2.9000000000000057,3.1999999999999993,9.899999999999999,-5.299999999999999,2.4000000000000057
lowryno01,Noah Lowry,SP,Steroid Era (1994-2005),62.7,Uncommon,52.6,36.5,39.6,53.8,68.4,61.9,Uncommon,45.7,47.7,47.0,50.2,57.0,0.8000000000000043,6.899999999999999,-11.200000000000003,-7.399999999999999,3.5999999999999943,11.400000000000006
lucasga01,Gary Lucas,RP,Big Hair Era (1977-1993),69.5,Uncommon,46.8,55.1,48.0,81.3,47.1,68.6,Uncommon,46.8,58.7,56.8,71.8,40.7,0.9000000000000057,0.0,-3.6000000000000014,-8.799999999999997,9.5,6.399999999999999
lucasre01,Red Lucas,SP,Golden Era (1920-1941),83.3,Epic,5.0,108.5,51.5,85.8,99.5,81.0,Epic,5.0,109.5,50.2,81.6,89.6,2.299999999999997,0.0,-1.0,1.2999999999999972,4.200000000000003,9.900000000000006
luetglu01,Lucas Luetge,RP,Efficiency Era (2006-2015),60.8,Uncommon,67.1,55.7,32.6,59.4,28.4,59.4,Common,61.3,53.4,36.9,58.1,21.6,1.3999999999999986,5.799999999999997,2.3000000000000043,-4.299999999999997,1.2999999999999972,6.799999999999997
lugose01,Seth Lugo,SP,Modern Era (2016-Pres),81.6,Epic,67.8,80.6,67.4,64.0,59.7,74.1,Rare,63.0,76.9,64.5,41.9,54.2,7.5,4.799999999999997,3.6999999999999886,2.9000000000000057,22.1,5.5
lundgca01,Carl Lundgren,SP,Deadball (1901-1919),81.6,Epic,45.7,22.6,105.2,82.8,83.5,81.1,Epic,42.3,41.6,81.6,95.5,75.6,0.5,3.4000000000000057,-19.0,23.60000000000001,-12.700000000000003,7.900000000000006
luquedo01,Dolf Luque,SP,Golden Era (1920-1941),91.6,Legendary,39.4,82.9,62.6,110.6,109.0,86.7,Epic,30.3,82.5,64.1,94.2,99.4,4.8999999999999915,9.099999999999998,0.4000000000000057,-1.499999999999993,16.39999999999999,9.599999999999994
lushjo01,Johnny Lush,SP,Deadball (1901-1919),71.1,Rare,26.3,62.3,47.2,71.5,78.4,73.1,Rare,36.4,49.0,46.5,85.2,78.6,-2.0,-10.099999999999998,13.299999999999997,0.7000000000000028,-13.700000000000003,-0.19999999999998863
luzarje01,Jesus Luzardo,SP,Modern Era (2016-Pres),78.9,Rare,92.7,59.5,54.9,47.9,69.7,68.5,Uncommon,81.8,57.5,51.2,35.9,47.8,10.400000000000006,10.900000000000006,2.0,3.6999999999999957,12.0,21.900000000000006
lylesjo01,Jordan Lyles,SP,Modern Era (2016-Pres),56.7,Common,49.5,43.6,26.1,23.2,43.7,56.9,Common,48.7,59.0,16.3,14.2,51.9,-0.19999999999999574,0.7999999999999972,-15.399999999999999,9.8,9.0,-8.199999999999996
lylesp01,Sparky Lyle,RP,Expansion (1961-1976),77.4,Rare,51.2,67.1,58.7,84.4,55.8,77.7,Rare,59.2,65.5,72.4,74.5,47.5,-0.29999999999999716,-8.0,1.5999999999999943,-13.700000000000003,9.900000000000006,8.299999999999997
lynched01,Ed Lynch,SP,Big Hair Era (1977-1993),59.6,Common,10.7,89.5,26.4,55.3,52.3,58.4,Common,15.1,86.1,13.9,44.7,54.6,1.2000000000000028,-4.4,3.4000000000000057,12.499999999999998,10.599999999999994,-2.3000000000000043
lynchja01,Jack Lynch,SP,The Genesis Era (1871-1900),92.1,Legendary,53.2,119.1,46.9,81.3,109.0,83.5,Epic,53.3,104.5,30.1,60.8,102.7,8.599999999999994,-0.09999999999999432,14.599999999999994,16.799999999999997,20.5,6.299999999999997
lynnla01,Lance Lynn,SP,Modern Era (2016-Pres),80.8,Epic,81.4,62.7,49.1,59.5,82.1,78.3,Rare,72.2,55.7,57.3,59.2,77.5,2.5,9.200000000000003,7.0,-8.199999999999996,0.29999999999999716,4.599999999999994
lyonbr01,Brandon Lyon,RP,Efficiency Era (2006-2015),66.3,Uncommon,34.1,48.9,61.6,82.5,38.4,64.5,Uncommon,40.7,62.3,48.4,72.1,34.5,1.7999999999999972,-6.600000000000001,-13.399999999999999,13.200000000000003,10.400000000000006,3.8999999999999986
lyonste01,Ted Lyons,SP,Golden Era (1920-1941),81.5,Epic,5.0,80.0,42.9,103.7,107.2,77.8,Rare,5.0,81.2,49.2,86.5,97.5,3.700000000000003,0.0,-1.2000000000000028,-6.300000000000004,17.200000000000003,9.700000000000003
macdomi01,Mike MacDougal,RP,Efficiency Era (2006-2015),59.4,Common,50.4,57.9,44.4,57.9,21.6,59.3,Common,49.8,27.0,49.3,79.8,23.6,0.10000000000000142,0.6000000000000014,30.9,-4.899999999999999,-21.9,-2.0
macfada01,Danny MacFayden,SP,Golden Era (1920-1941),71.0,Rare,12.4,61.0,26.8,91.5,93.5,76.1,Rare,10.7,66.0,39.1,101.8,93.2,-5.099999999999994,1.700000000000001,-5.0,-12.3,-10.299999999999997,0.29999999999999716
maddeki01,Kid Madden,SP,The Genesis Era (1871-1900),56.4,Common,15.2,27.1,42.3,5.6,91.0,56.8,Common,23.4,25.1,42.8,12.5,83.7,-0.3999999999999986,-8.2,2.0,-0.5,-6.9,7.299999999999997
maddoni01,Nick Maddox,SP,Deadball (1901-1919),76.6,Rare,22.3,63.2,80.7,69.8,77.1,74.9,Rare,28.7,63.5,81.1,61.7,69.7,1.6999999999999886,-6.399999999999999,-0.29999999999999716,-0.3999999999999915,8.099999999999994,7.3999999999999915
maddugr01,Greg Maddux,SP,Steroid Era (1994-2005),99.9,Legendary,63.6,107.0,111.2,121.9,92.3,99.9,Legendary,61.9,121.2,96.4,110.8,94.5,0.0,1.7000000000000028,-14.200000000000003,14.799999999999997,11.100000000000009,-2.200000000000003
maddumi01,Mike Maddux,RP,Steroid Era (1994-2005),64.0,Uncommon,36.0,61.9,50.3,67.7,40.4,69.1,Uncommon,56.6,66.4,46.0,67.6,40.3,-5.099999999999994,-20.6,-4.500000000000007,4.299999999999997,0.10000000000000853,0.10000000000000142
madsory01,Ryan Madson,RP,Efficiency Era (2006-2015),70.9,Rare,51.9,75.2,66.2,67.2,24.1,77.4,Rare,62.9,81.8,65.8,72.3,34.6,-6.5,-11.0,-6.599999999999994,0.4000000000000057,-5.099999999999994,-10.5
maedake01,Kenta Maeda,SP,Modern Era (2016-Pres),76.6,Rare,77.8,69.1,79.1,26.7,60.8,74.8,Rare,82.5,73.8,66.1,24.1,57.5,1.7999999999999972,-4.700000000000003,-4.700000000000003,13.0,2.599999999999998,3.299999999999997
maglisa01,Sal Maglie,SP,Integration (1942-1960),73.5,Rare,43.5,59.6,75.4,43.3,75.9,77.5,Rare,46.5,72.2,72.5,44.1,82.8,-4.0,-3.0,-12.600000000000001,2.9000000000000057,-0.8000000000000043,-6.8999999999999915
magnami01,Mike Magnante,RP,Steroid Era (1994-2005),59.4,Common,35.3,53.4,43.1,69.8,29.9,59.5,Common,33.5,61.1,40.9,73.6,25.0,-0.10000000000000142,1.7999999999999972,-7.700000000000003,2.200000000000003,-3.799999999999997,4.899999999999999
magrajo01,Joe Magrane,SP,Big Hair Era (1977-1993),82.5,Epic,40.5,61.2,57.9,103.4,82.2,68.7,Uncommon,32.4,57.6,44.6,73.1,67.6,13.799999999999997,8.100000000000001,3.6000000000000014,13.299999999999997,30.30000000000001,14.600000000000009
mahafar01,Art Mahaffey,SP,Expansion (1961-1976),63.5,Uncommon,55.2,62.9,45.7,6.7,83.8,58.5,Common,52.5,52.2,40.3,6.9,65.1,5.0,2.700000000000003,10.699999999999996,5.400000000000006,-0.20000000000000018,18.700000000000003
mahafro01,Roy Mahaffey,SP,Golden Era (1920-1941),56.1,Common,36.9,27.6,25.2,8.9,77.5,55.7,Common,33.1,34.5,25.2,20.5,57.5,0.3999999999999986,3.799999999999997,-6.899999999999999,0.0,-11.6,20.0
mahayro01,Ron Mahay,RP,Steroid Era (1994-2005),59.9,Common,52.2,33.0,63.8,66.5,23.9,67.0,Uncommon,61.9,37.9,80.9,62.6,24.9,-7.100000000000001,-9.699999999999996,-4.899999999999999,-17.10000000000001,3.8999999999999986,-1.0
mahleri01,Rick Mahler,SP,Big Hair Era (1977-1993),66.6,Uncommon,18.7,65.8,31.3,65.9,85.1,70.1,Rare,24.1,83.6,24.5,62.9,85.4,-3.5,-5.400000000000002,-17.799999999999997,6.800000000000001,3.000000000000007,-0.30000000000001137
mahlety01,Tyler Mahle,SP,Modern Era (2016-Pres),63.7,Uncommon,64.5,51.8,54.0,38.8,45.7,64.1,Uncommon,70.9,57.8,54.8,30.3,42.9,-0.3999999999999915,-6.400000000000006,-6.0,-0.7999999999999972,8.499999999999996,2.8000000000000043
maholpa01,Paul Maholm,SP,Efficiency Era (2006-2015),64.9,Uncommon,34.6,66.5,31.0,54.3,73.2,61.1,Uncommon,33.6,65.4,17.3,54.4,73.6,3.8000000000000043,1.0,1.0999999999999943,13.7,-0.10000000000000142,-0.3999999999999915
mahompa01,Pat Mahomes,RP,Steroid Era (1994-2005),54.7,Common,33.1,17.8,49.7,16.8,36.1,54.5,Common,33.0,16.1,44.5,25.4,30.4,0.20000000000000284,0.10000000000000142,1.6999999999999993,5.200000000000003,-8.599999999999998,5.700000000000003
mailsdu01,Duster Mails,RP,Golden Era (1920-1941),59.5,Common,44.9,28.7,33.4,67.3,59.8,58.2,Common,55.6,32.5,37.3,50.2,36.9,1.2999999999999972,-10.700000000000003,-3.8000000000000007,-3.8999999999999986,17.099999999999994,22.9
mainejo01,John Maine,SP,Efficiency Era (2006-2015),61.8,Uncommon,65.6,34.3,64.4,18.8,64.1,58.4,Common,55.7,33.4,64.0,22.0,39.5,3.3999999999999986,9.899999999999991,0.8999999999999986,0.4000000000000057,-3.1999999999999993,24.599999999999994
majewga01,Gary Majewski,RP,Efficiency Era (2006-2015),57.3,Common,28.2,39.0,26.5,77.4,26.1,55.9,Common,27.0,53.2,6.0,62.9,23.5,1.3999999999999986,1.1999999999999993,-14.200000000000003,20.5,14.500000000000007,2.6000000000000014
malonji01,Jim Maloney,SP,Expansion (1961-1976),93.0,Legendary,112.2,38.6,99.1,71.6,96.0,90.4,Legendary,99.5,37.7,95.2,74.4,86.5,2.5999999999999943,12.700000000000003,0.8999999999999986,3.8999999999999915,-2.8000000000000114,9.5
malonpa02,Pat Malone,SP,Golden Era (1920-1941),74.2,Rare,71.0,38.6,25.2,74.4,91.8,80.0,Epic,73.3,48.1,50.8,65.9,92.2,-5.799999999999997,-2.299999999999997,-9.5,-25.599999999999998,8.5,-0.4000000000000057
maltzgo01,Gordon Maltzberger,RP,Integration (1942-1960),74.1,Rare,52.0,85.4,64.9,59.9,38.3,72.8,Rare,48.4,79.5,66.6,60.9,38.9,1.2999999999999972,3.6000000000000014,5.900000000000006,-1.6999999999999886,-1.0,-0.6000000000000014
mamaual01,Al Mamaux,SP,Deadball (1901-1919),85.3,Epic,68.7,24.6,77.7,93.8,97.6,78.2,Rare,62.1,34.4,76.8,74.8,73.4,7.099999999999994,6.600000000000001,-9.799999999999997,0.9000000000000057,19.0,24.19999999999999
manaese01,Sean Manaea,SP,Modern Era (2016-Pres),71.7,Rare,70.9,71.2,48.0,23.2,75.4,71.4,Rare,62.5,74.6,52.5,34.1,63.6,0.29999999999999716,8.400000000000006,-3.3999999999999915,-4.5,-10.900000000000002,11.800000000000004
manesse01,Seth Maness,RP,Efficiency Era (2006-2015),59.2,Common,29.4,82.9,26.7,60.5,29.0,58.6,Common,31.6,87.2,20.4,53.6,25.7,0.6000000000000014,-2.200000000000003,-4.299999999999997,6.300000000000001,6.899999999999999,3.3000000000000007
mannima02,Max Manning,SP,Integration (1942-1960),86.9,Epic,65.3,80.8,64.5,105.0,56.5,90.2,Legendary,65.5,72.6,56.7,109.2,87.6,-3.299999999999997,-0.20000000000000284,8.200000000000003,7.799999999999997,-4.200000000000003,-31.099999999999994
manoaal01,Alek Manoah,SP,Modern Era (2016-Pres),78.5,Rare,65.5,63.5,89.6,51.9,52.4,70.1,Rare,60.0,49.0,76.0,46.6,49.1,8.400000000000006,5.5,14.5,13.599999999999994,5.299999999999997,3.299999999999997
mantema01,Matt Mantei,RP,Steroid Era (1994-2005),71.9,Rare,95.1,31.0,86.8,53.5,23.0,75.5,Rare,103.0,19.7,97.9,64.7,22.6,-3.5999999999999943,-7.900000000000006,11.3,-11.100000000000009,-11.200000000000003,0.3999999999999986
mantijo01,Joe Mantiply,RP,Modern Era (2016-Pres),62.4,Uncommon,44.2,75.4,35.1,68.7,26.4,59.8,Common,43.7,67.0,31.2,74.9,20.9,2.6000000000000014,0.5,8.400000000000006,3.900000000000002,-6.200000000000003,5.5
manzajo01,Josias Manzanillo,RP,Steroid Era (1994-2005),71.5,Rare,63.9,49.5,78.7,64.7,30.9,65.0,Uncommon,67.3,45.6,72.5,52.5,22.3,6.5,-3.3999999999999986,3.8999999999999986,6.200000000000003,12.200000000000003,8.599999999999998
marbefi01,Firpo Marberry,RP,Golden Era (1920-1941),80.3,Epic,35.7,60.8,63.7,84.1,87.5,79.8,Rare,35.2,64.0,63.0,82.2,85.0,0.5,0.5,-3.200000000000003,0.7000000000000028,1.8999999999999915,2.5
marchph01,Phil Marchildon,SP,Integration (1942-1960),67.2,Uncommon,29.5,5.0,70.7,69.7,94.3,62.3,Uncommon,26.7,5.0,73.3,68.4,75.9,4.900000000000006,2.8000000000000007,0.0,-2.5999999999999943,1.2999999999999972,18.39999999999999
marcujo01,Johnny Marcum,SP,Golden Era (1920-1941),59.0,Common,28.3,63.6,6.8,41.9,85.0,56.9,Common,29.4,64.7,9.2,15.3,70.8,2.1000000000000014,-1.0999999999999979,-1.1000000000000014,-2.3999999999999995,26.599999999999998,14.200000000000003
marcush01,Shaun Marcum,SP,Efficiency Era (2006-2015),72.8,Rare,58.4,74.8,58.1,22.5,80.1,64.5,Uncommon,56.5,70.2,55.4,15.6,60.4,8.299999999999997,1.8999999999999986,4.599999999999994,2.700000000000003,6.9,19.699999999999996
maricju01,Juan Marichal,SP,Expansion (1961-1976),95.1,Legendary,74.6,117.3,94.8,40.2,109.4,93.6,Legendary,67.2,111.5,82.8,54.1,107.4,1.5,7.3999999999999915,5.799999999999997,12.0,-13.899999999999999,2.0
markhjo01,Johnny Markham,RP,Golden Era (1920-1941),75.4,Rare,81.2,74.8,69.0,56.0,26.1,79.3,Rare,83.1,79.7,56.7,61.1,46.6,-3.8999999999999915,-1.8999999999999915,-4.900000000000006,12.299999999999997,-5.100000000000001,-20.5
marmoca01,Carlos Marmol,RP,Efficiency Era (2006-2015),86.3,Epic,120.8,9.3,125.0,74.0,39.1,83.2,Epic,112.8,5.0,125.0,69.7,36.8,3.0999999999999943,8.0,4.300000000000001,0.0,4.299999999999997,2.3000000000000043
marotmi01,Mike Maroth,SP,Steroid Era (1994-2005),57.6,Common,17.3,74.8,5.0,42.6,61.2,56.5,Common,17.6,79.1,5.9,12.4,68.8,1.1000000000000014,-0.3000000000000007,-4.299999999999997,-0.9000000000000004,30.200000000000003,-7.599999999999994
marquge01,German Marquez,SP,Modern Era (2016-Pres),64.1,Uncommon,77.5,75.6,16.9,7.8,78.7,63.4,Uncommon,67.7,70.9,29.0,21.2,64.9,0.6999999999999957,9.799999999999997,4.699999999999989,-12.100000000000001,-13.399999999999999,13.799999999999997
marquja01,Jason Marquis,SP,Efficiency Era (2006-2015),58.4,Common,26.3,44.5,12.0,48.8,83.5,58.3,Common,25.0,42.6,31.5,36.3,78.2,0.10000000000000142,1.3000000000000007,1.8999999999999986,-19.5,12.5,5.299999999999997
marquru01,Rube Marquard,SP,Deadball (1901-1919),86.8,Epic,91.3,66.8,60.3,47.4,105.3,82.6,Epic,65.6,79.7,50.2,51.4,99.0,4.200000000000003,25.700000000000003,-12.900000000000006,10.099999999999994,-4.0,6.299999999999997
marreco01,Connie Marrero,SP,Integration (1942-1960),68.8,Uncommon,29.2,62.2,38.5,68.8,76.9,62.4,Uncommon,31.6,64.7,39.8,47.1,66.6,6.399999999999999,-2.400000000000002,-2.5,-1.2999999999999972,21.699999999999996,10.300000000000011
marshev01,Evan Marshall,RP,Modern Era (2016-Pres),58.7,Common,49.5,43.1,39.4,64.3,23.2,57.3,Common,46.4,45.8,27.0,56.6,20.1,1.4000000000000057,3.1000000000000014,-2.6999999999999957,12.399999999999999,7.699999999999996,3.099999999999998
marshmi01,Mike Marshall,RP,Expansion (1961-1976),81.1,Epic,57.2,59.9,58.3,91.0,70.3,78.8,Rare,55.1,58.1,66.9,88.5,55.7,2.299999999999997,2.1000000000000014,1.7999999999999972,-8.600000000000009,2.5,14.599999999999994
marshse01,Sean Marshall,RP,Efficiency Era (2006-2015),74.5,Rare,73.9,62.1,58.4,72.5,35.9,70.7,Rare,67.3,66.3,51.6,64.2,34.0,3.799999999999997,6.6000000000000085,-4.199999999999996,6.799999999999997,8.299999999999997,1.8999999999999986
marteda01,Damaso Marte,RP,Steroid Era (1994-2005),77.9,Rare,83.1,45.1,96.0,59.9,35.6,79.1,Rare,95.1,36.5,96.8,67.2,30.5,-1.1999999999999886,-12.0,8.600000000000001,-0.7999999999999972,-7.300000000000004,5.100000000000001
martica04,Carlos Martinez,SP,Modern Era (2016-Pres),75.8,Rare,72.6,49.9,47.5,56.2,83.1,74.5,Rare,68.3,46.6,53.3,77.1,57.4,1.2999999999999972,4.299999999999997,3.299999999999997,-5.799999999999997,-20.89999999999999,25.699999999999996
martich02,Chris Martin,RP,Modern Era (2016-Pres),59.8,Common,48.4,82.0,36.1,50.1,22.1,70.9,Rare,62.1,107.0,36.6,55.1,23.9,-11.100000000000009,-13.700000000000003,-25.0,-0.5,-5.0,-1.7999999999999972
martide01,Dennis Martinez,SP,Big Hair Era (1977-1993),79.1,Rare,39.1,84.8,50.8,62.6,88.8,85.3,Epic,45.0,90.0,70.6,71.2,85.6,-6.200000000000003,-5.899999999999999,-5.200000000000003,-19.799999999999997,-8.600000000000001,3.200000000000003
martimo01,Morrie Martin,RP,Integration (1942-1960),58.2,Common,40.2,53.5,43.7,29.9,45.2,58.0,Common,32.2,47.2,48.2,41.0,39.2,0.20000000000000284,8.0,6.299999999999997,-4.5,-11.100000000000001,6.0
martini01,Nick Martinez,SP,Modern Era (2016-Pres),67.0,Uncommon,45.6,80.9,37.4,40.6,63.8,58.5,Common,35.3,70.0,26.6,25.6,59.5,8.5,10.300000000000004,10.900000000000006,10.799999999999997,15.0,4.299999999999997
martipe02,Pedro Martinez,SP,Steroid Era (1994-2005),99.9,Legendary,125.0,100.8,125.0,86.9,91.7,99.9,Legendary,125.0,100.1,125.0,82.2,89.3,0.0,0.0,0.7000000000000028,0.0,4.700000000000003,2.4000000000000057
martira02,Ramon Martinez,SP,Steroid Era (1994-2005),81.1,Epic,57.5,53.2,67.7,66.8,91.2,80.8,Epic,57.4,51.2,77.1,67.6,81.5,0.29999999999999716,0.10000000000000142,2.0,-9.399999999999991,-0.7999999999999972,9.700000000000003
martiti01,Tippy Martinez,RP,Big Hair Era (1977-1993),64.8,Uncommon,58.4,32.0,82.6,57.5,28.8,76.1,Rare,70.8,32.3,88.0,81.3,38.3,-11.299999999999997,-12.399999999999999,-0.29999999999999716,-5.400000000000006,-23.799999999999997,-9.499999999999996
martito02,Tom Martin,RP,Steroid Era (1994-2005),59.7,Common,49.0,40.6,61.1,60.9,24.4,58.7,Common,46.6,45.9,48.9,56.4,22.8,1.0,2.3999999999999986,-5.299999999999997,12.200000000000003,4.5,1.5999999999999979
masonro01,Roger Mason,RP,Big Hair Era (1977-1993),57.4,Common,54.9,50.3,44.2,27.1,22.2,59.2,Common,57.5,54.3,55.2,38.5,22.7,-1.8000000000000043,-2.6000000000000014,-4.0,-11.0,-11.399999999999999,-0.5
masseni01,Nick Masset,RP,Efficiency Era (2006-2015),63.9,Uncommon,62.0,49.1,68.2,48.3,28.3,58.6,Common,53.9,41.1,35.8,61.5,25.6,5.299999999999997,8.100000000000001,8.0,32.400000000000006,-13.200000000000003,2.6999999999999993
masteju01,Justin Masterson,SP,Efficiency Era (2006-2015),77.7,Rare,62.0,48.3,59.4,75.1,74.3,70.2,Rare,59.3,42.8,39.6,69.8,69.3,7.5,2.700000000000003,5.5,19.799999999999997,5.299999999999997,5.0
mastewa02,Walt Masterson,SP,Integration (1942-1960),66.3,Uncommon,39.4,12.5,60.5,78.9,74.1,70.6,Rare,45.2,28.7,63.9,74.9,70.1,-4.299999999999997,-5.800000000000004,-16.2,-3.3999999999999986,4.0,4.0
mateoju01,Julio Mateo,RP,Steroid Era (1994-2005),60.2,Uncommon,47.2,87.6,60.1,7.5,38.6,59.4,Common,43.6,78.0,57.6,25.1,26.9,0.8000000000000043,3.6000000000000014,9.599999999999994,2.5,-17.6,11.700000000000003
mathebo01,Bobby Mathews,SP,The Genesis Era (1871-1900),98.9,Legendary,86.7,121.3,47.0,91.0,125.0,92.5,Legendary,21.3,125.0,26.2,115.0,125.0,6.400000000000006,65.4,-3.700000000000003,20.8,-24.0,0.0
mathech01,Christy Mathewson,SP,Deadball (1901-1919),99.9,Legendary,91.5,104.9,97.7,106.2,116.3,99.9,Legendary,88.6,100.9,93.1,106.6,114.4,0.0,2.9000000000000057,4.0,4.6000000000000085,-0.3999999999999915,1.8999999999999915
mathete01,Terry Mathews,RP,Steroid Era (1994-2005),62.5,Uncommon,52.8,65.9,50.5,50.3,30.5,57.9,Common,49.1,51.2,42.5,37.5,27.1,4.600000000000001,3.6999999999999957,14.700000000000003,8.0,12.799999999999997,3.3999999999999986
mathetj01,T. J. Mathews,RP,Steroid Era (1994-2005),61.5,Uncommon,65.9,48.3,60.4,45.0,26.4,66.4,Uncommon,62.9,56.4,69.2,50.4,26.8,-4.900000000000006,3.000000000000007,-8.100000000000001,-8.800000000000004,-5.399999999999999,-0.40000000000000213
matlajo01,Jon Matlack,SP,Expansion (1961-1976),90.1,Legendary,56.2,83.4,56.3,95.1,99.5,85.8,Epic,56.5,85.3,48.0,80.7,94.8,4.299999999999997,-0.29999999999999716,-1.8999999999999915,8.299999999999997,14.399999999999991,4.700000000000003
matlole01,Leroy Matlock,SP,Golden Era (1920-1941),80.2,Epic,70.1,81.5,59.2,67.1,53.2,81.8,Epic,66.9,73.0,60.5,62.1,78.2,-1.5999999999999943,3.1999999999999886,8.5,-1.2999999999999972,4.999999999999993,-25.0
matonph01,Phil Maton,RP,Modern Era (2016-Pres),66.5,Uncommon,64.1,45.3,67.5,66.0,23.5,65.6,Uncommon,77.0,42.7,62.5,50.8,29.6,0.9000000000000057,-12.900000000000006,2.5999999999999943,5.0,15.200000000000003,-6.100000000000001
matsuda01,Daisuke Matsuzaka,SP,Efficiency Era (2006-2015),70.1,Rare,73.9,16.9,61.9,49.5,78.1,62.3,Uncommon,68.5,17.7,62.4,50.0,50.6,7.799999999999997,5.400000000000006,-0.8000000000000007,-0.5,-0.5,27.499999999999993
matteal01,Al Mattern,SP,Deadball (1901-1919),62.3,Uncommon,16.7,35.7,26.8,80.2,89.8,57.5,Common,20.4,42.7,20.3,41.1,75.8,4.799999999999997,-3.6999999999999993,-7.0,6.5,39.1,14.0
matthmi01,Mike Matthews,RP,Steroid Era (1994-2005),58.1,Common,50.1,38.0,58.6,39.4,24.0,57.3,Common,46.8,33.4,50.7,41.6,23.6,0.8000000000000043,3.3000000000000043,4.600000000000001,7.899999999999999,-2.200000000000003,0.3999999999999986
matthry01,Ryan Mattheus,RP,Efficiency Era (2006-2015),57.7,Common,24.3,50.8,53.8,52.1,22.1,57.8,Common,27.7,55.9,29.1,68.5,23.8,-0.09999999999999432,-3.3999999999999986,-5.100000000000001,24.699999999999996,-16.4,-1.6999999999999993
matusbr01,Brian Matusz,RP,Efficiency Era (2006-2015),62.0,Uncommon,62.3,49.9,44.7,46.3,44.8,57.7,Common,61.1,51.1,29.6,26.9,34.2,4.299999999999997,1.1999999999999957,-1.2000000000000028,15.100000000000001,19.4,10.599999999999994
matzety01,Tyler Matzek,RP,Modern Era (2016-Pres),61.8,Uncommon,58.0,32.3,45.8,76.3,34.9,59.0,Common,52.7,21.2,53.0,75.2,23.3,2.799999999999997,5.299999999999997,11.099999999999998,-7.200000000000003,1.0999999999999943,11.599999999999998
matzst01,Steven Matz,SP,Modern Era (2016-Pres),61.5,Uncommon,62.6,70.9,10.7,42.1,59.7,61.9,Uncommon,62.5,72.2,28.8,29.7,54.6,-0.3999999999999986,0.10000000000000142,-1.2999999999999972,-18.1,12.400000000000002,5.100000000000001
maulal01,Al Maul,SP,The Genesis Era (1871-1900),63.2,Uncommon,14.8,55.8,48.5,42.1,91.8,58.7,Common,21.0,53.2,35.9,32.3,78.2,4.5,-6.199999999999999,2.5999999999999943,12.600000000000001,9.800000000000004,13.599999999999994
maunedi01,Dick Mauney,RP,Integration (1942-1960),59.7,Common,27.2,82.5,24.7,63.4,38.2,63.5,Uncommon,33.8,80.0,37.6,61.1,41.6,-3.799999999999997,-6.599999999999998,2.5,-12.900000000000002,2.299999999999997,-3.3999999999999986
maurebr01,Brandon Maurer,RP,Modern Era (2016-Pres),59.3,Common,44.5,59.9,32.5,61.3,31.7,56.3,Common,48.1,55.8,6.0,38.5,31.1,3.0,-3.6000000000000014,4.100000000000001,26.5,22.799999999999997,0.5999999999999979
mayda02,Darrell May,RP,Steroid Era (1994-2005),57.3,Common,37.8,70.5,5.0,5.0,78.2,55.4,Common,38.1,68.9,7.0,5.0,45.8,1.8999999999999986,-0.30000000000000426,1.5999999999999943,-2.0,0.0,32.400000000000006
mayerer01,Erskine Mayer,SP,Deadball (1901-1919),73.4,Rare,25.6,75.1,42.4,58.9,95.2,65.7,Uncommon,24.5,79.6,36.0,41.4,81.6,7.700000000000003,1.1000000000000014,-4.5,6.399999999999999,17.5,13.600000000000009
mayermi01,Mike Mayers,RP,Modern Era (2016-Pres),58.3,Common,65.2,55.2,30.6,35.7,26.1,55.8,Common,55.0,51.0,15.7,28.6,21.1,2.5,10.200000000000003,4.200000000000003,14.900000000000002,7.100000000000001,5.0
mayja01,Jakie May,RP,Golden Era (1920-1941),83.5,Epic,71.5,68.3,35.3,101.2,75.0,78.9,Rare,67.9,55.6,33.7,102.7,65.0,4.599999999999994,3.5999999999999943,12.699999999999996,1.5999999999999943,-1.5,10.0
mayru01,Rudy May,SP,Big Hair Era (1977-1993),84.8,Epic,70.4,70.8,71.2,73.1,73.3,83.2,Epic,60.8,60.0,75.5,74.0,79.1,1.5999999999999943,9.600000000000009,10.799999999999997,-4.299999999999997,-0.9000000000000057,-5.799999999999997
maysal01,Al Mays,SP,The Genesis Era (1871-1900),64.7,Uncommon,27.2,29.3,9.6,81.8,111.2,64.4,Uncommon,38.2,31.3,30.0,70.3,87.8,0.29999999999999716,-11.000000000000004,-2.0,-20.4,11.5,23.400000000000006
maysca01,Carl Mays,SP,Deadball (1901-1919),73.6,Rare,5.0,75.8,43.2,64.1,110.3,81.4,Epic,11.0,77.2,60.2,84.0,105.8,-7.800000000000011,-6.0,-1.4000000000000057,-17.0,-19.900000000000006,4.5
maysjo01,Joe Mays,SP,Steroid Era (1994-2005),58.9,Common,34.3,56.0,24.1,28.0,81.7,56.0,Common,21.2,67.0,5.0,17.1,65.0,2.8999999999999986,13.099999999999998,-11.0,19.1,10.899999999999999,16.700000000000003
maytr01,Trevor May,RP,Modern Era (2016-Pres),59.6,Common,60.2,48.0,38.6,50.0,37.6,61.7,Uncommon,78.4,53.9,51.0,36.4,27.1,-2.1000000000000014,-18.200000000000003,-5.899999999999999,-12.399999999999999,13.600000000000001,10.5
mayzati01,Tim Mayza,RP,Modern Era (2016-Pres),62.6,Uncommon,54.9,60.0,44.1,67.1,24.5,60.5,Uncommon,61.0,60.2,46.5,51.6,22.9,2.1000000000000014,-6.100000000000001,-0.20000000000000284,-2.3999999999999986,15.499999999999993,1.6000000000000014
mcandji01,Jim McAndrew,SP,Expansion (1961-1976),74.0,Rare,38.7,88.1,59.4,49.3,64.5,64.9,Uncommon,38.0,78.5,51.0,40.0,52.1,9.099999999999994,0.7000000000000028,9.599999999999994,8.399999999999999,9.299999999999997,12.399999999999999
mcbeaal01,Al McBean,RP,Expansion (1961-1976),66.7,Uncommon,23.2,63.6,44.8,82.9,52.6,68.3,Uncommon,38.1,61.4,37.4,82.5,54.2,-1.5999999999999943,-14.900000000000002,2.200000000000003,7.399999999999999,0.4000000000000057,-1.6000000000000014
mcbridi01,Dick McBride,SP,The Genesis Era (1871-1900),57.8,Common,54.8,42.4,28.6,28.5,50.0,85.7,Epic,5.8,123.8,5.9,112.3,116.6,-27.900000000000006,49.0,-81.4,22.700000000000003,-83.8,-66.6
mcbrike01,Ken McBride,SP,Expansion (1961-1976),69.0,Uncommon,50.7,38.6,57.3,40.9,88.9,59.7,Common,49.7,29.2,61.2,42.0,54.2,9.299999999999997,1.0,9.400000000000002,-3.9000000000000057,-1.1000000000000014,34.7
mccalbi01,Bill McCall,SP,Golden Era (1920-1941),74.9,Rare,70.3,50.2,78.4,60.7,45.2,85.7,Epic,71.4,63.9,63.2,69.6,96.2,-10.799999999999997,-1.1000000000000085,-13.699999999999996,15.200000000000003,-8.899999999999991,-51.0
mccarbr01,Brandon McCarthy,SP,Efficiency Era (2006-2015),64.0,Uncommon,43.6,85.1,29.3,41.4,56.8,64.8,Uncommon,48.5,90.2,29.4,36.1,55.0,-0.7999999999999972,-4.899999999999999,-5.1000000000000085,-0.09999999999999787,5.299999999999997,1.7999999999999972
mccaski01,Kirk McCaskill,SP,Big Hair Era (1977-1993),75.7,Rare,46.5,51.9,55.7,66.7,88.0,67.9,Uncommon,42.3,53.8,45.5,53.7,76.5,7.799999999999997,4.200000000000003,-1.8999999999999986,10.200000000000003,13.0,11.5
mccatst01,Steve McCatty,SP,Big Hair Era (1977-1993),59.3,Common,20.7,33.7,45.4,50.3,79.2,57.5,Common,21.6,32.7,44.1,31.4,69.9,1.7999999999999972,-0.9000000000000021,1.0,1.2999999999999972,18.9,9.299999999999997
mcclash01,Shane McClanahan,SP,Modern Era (2016-Pres),76.8,Rare,83.8,67.5,65.6,35.3,62.0,76.4,Rare,73.0,68.3,68.1,44.0,58.8,0.3999999999999915,10.799999999999997,-0.7999999999999972,-2.5,-8.700000000000003,3.200000000000003
mccleky01,Kyle McClellan,RP,Efficiency Era (2006-2015),58.1,Common,35.0,51.5,48.4,28.9,45.8,58.2,Common,35.6,54.8,51.4,37.2,32.5,-0.10000000000000142,-0.6000000000000014,-3.299999999999997,-3.0,-8.300000000000004,13.299999999999997
mcclubo01,Bob McClure,RP,Big Hair Era (1977-1993),59.9,Common,57.8,35.4,50.5,70.6,25.1,63.7,Uncommon,49.5,44.1,51.1,72.3,38.1,-3.8000000000000043,8.299999999999997,-8.700000000000003,-0.6000000000000014,-1.7000000000000028,-13.0
mcconge01,George McConnell,SP,Deadball (1901-1919),77.6,Rare,57.4,66.1,59.2,45.8,89.8,72.5,Rare,56.7,63.3,65.2,42.8,64.5,5.099999999999994,0.6999999999999957,2.799999999999997,-6.0,3.0,25.299999999999997
mccoobi01,Billy McCool,RP,Expansion (1961-1976),76.1,Rare,89.0,32.7,70.8,71.5,46.9,69.1,Uncommon,88.6,14.9,61.6,73.9,37.7,7.0,0.4000000000000057,17.800000000000004,9.199999999999996,-2.4000000000000057,9.199999999999996
mccorha01,Harry McCormick,SP,The Genesis Era (1871-1900),80.7,Epic,5.0,110.6,25.7,94.9,97.8,79.1,Rare,8.2,101.5,40.1,84.1,92.1,1.6000000000000085,-3.1999999999999993,9.099999999999994,-14.400000000000002,10.800000000000011,5.700000000000003
mccorji01,Jim McCormick,SP,The Genesis Era (1871-1900),91.5,Legendary,48.0,97.5,65.8,67.4,124.7,95.7,Legendary,43.7,103.4,68.1,101.4,125.0,-4.200000000000003,4.299999999999997,-5.900000000000006,-2.299999999999997,-34.0,-0.29999999999999716
mccormi03,Mike McCormick,SP,Expansion (1961-1976),75.3,Rare,46.0,72.2,53.1,37.2,98.5,71.6,Rare,37.8,74.8,54.7,35.3,85.4,3.700000000000003,8.200000000000003,-2.5999999999999943,-1.6000000000000014,1.9000000000000057,13.099999999999994
mcculla01,Lance McCullers,RP,Big Hair Era (1977-1993),63.5,Uncommon,62.2,23.5,85.1,42.1,41.2,68.7,Uncommon,80.9,24.5,85.7,46.3,37.6,-5.200000000000003,-18.700000000000003,-1.0,-0.6000000000000085,-4.199999999999996,3.6000000000000014
mcculla02,Lance McCullers,SP,Modern Era (2016-Pres),73.4,Rare,83.2,25.2,60.0,71.4,57.2,76.5,Rare,82.1,37.2,69.4,74.8,49.1,-3.0999999999999943,1.1000000000000085,-12.000000000000004,-9.400000000000006,-3.3999999999999915,8.100000000000001
mcdanbo01,Booker McDaniel,RP,Integration (1942-1960),86.2,Epic,84.5,81.7,52.9,101.0,47.4,92.8,Legendary,92.5,78.7,70.7,104.0,69.2,-6.599999999999994,-8.0,3.0,-17.800000000000004,-3.0,-21.800000000000004
mcdanli01,Lindy McDaniel,RP,Expansion (1961-1976),80.5,Epic,61.7,79.6,67.9,64.0,59.8,76.2,Rare,65.8,77.0,59.4,55.0,54.2,4.299999999999997,-4.099999999999994,2.5999999999999943,8.500000000000007,9.0,5.599999999999994
mcdermi03,Mickey McDermott,SP,Integration (1942-1960),74.2,Rare,69.7,5.0,79.3,68.0,79.4,74.0,Rare,66.1,5.0,81.0,77.0,71.0,0.20000000000000284,3.6000000000000085,0.0,-1.7000000000000028,-9.0,8.400000000000006
mcdonbe01,Ben McDonald,SP,Steroid Era (1994-2005),75.4,Rare,46.3,60.4,61.2,57.9,81.3,74.9,Rare,49.1,65.2,66.6,49.7,74.2,0.5,-2.8000000000000043,-4.800000000000004,-5.3999999999999915,8.199999999999996,7.099999999999994
mcdonwe01,Webster McDonald,SP,Golden Era (1920-1941),78.8,Rare,57.1,79.3,75.0,77.5,35.6,87.6,Epic,53.0,92.8,62.7,76.2,91.6,-8.799999999999997,4.100000000000001,-13.5,12.299999999999997,1.2999999999999972,-55.99999999999999
mcdowja01,Jack McDowell,SP,Big Hair Era (1977-1993),80.6,Epic,59.1,70.9,45.9,58.6,98.9,78.0,Rare,65.8,69.8,43.9,49.2,91.7,2.5999999999999943,-6.699999999999996,1.1000000000000085,2.0,9.399999999999999,7.200000000000003
mcdowro01,Roger McDowell,RP,Big Hair Era (1977-1993),59.8,Common,36.2,47.4,49.9,66.5,38.1,70.9,Rare,32.3,50.5,58.3,96.1,47.5,-11.100000000000009,3.9000000000000057,-3.1000000000000014,-8.399999999999999,-29.599999999999994,-9.399999999999999
mcdowsa01,Sam McDowell,SP,Expansion (1961-1976),96.7,Legendary,125.0,28.8,104.8,86.5,105.5,94.6,Legendary,125.0,15.0,113.0,82.2,96.3,2.1000000000000085,0.0,13.8,-8.200000000000003,4.299999999999997,9.200000000000003
mcdufte01,Terris McDuffie,SP,Golden Era (1920-1941),74.7,Rare,78.2,63.5,60.0,67.1,34.7,80.1,Epic,71.0,65.2,56.1,69.7,68.9,-5.3999999999999915,7.200000000000003,-1.7000000000000028,3.8999999999999986,-2.6000000000000085,-34.2
mcelrch01,Chuck McElroy,RP,Steroid Era (1994-2005),70.9,Rare,60.5,40.6,66.6,79.0,37.9,66.6,Uncommon,64.6,36.7,62.1,69.9,33.5,4.300000000000011,-4.099999999999994,3.8999999999999986,4.499999999999993,9.099999999999994,4.399999999999999
mcenawi01,Will McEnaney,RP,Expansion (1961-1976),58.8,Common,22.8,73.6,21.9,62.5,40.2,57.5,Common,24.3,74.7,13.3,58.2,29.8,1.2999999999999972,-1.5,-1.1000000000000085,8.599999999999998,4.299999999999997,10.400000000000002
mcfartj01,T. J. McFarland,RP,Modern Era (2016-Pres),58.9,Common,21.4,61.5,40.8,71.3,27.9,57.9,Common,22.9,67.1,20.6,72.3,24.2,1.0,-1.5,-5.599999999999994,20.199999999999996,-1.0,3.6999999999999993
mcgafan01,Andy McGaffigan,RP,Big Hair Era (1977-1993),77.2,Rare,69.7,45.1,67.5,78.9,55.2,75.9,Rare,71.6,57.6,63.3,67.5,50.0,1.2999999999999972,-1.8999999999999915,-12.5,4.200000000000003,11.400000000000006,5.200000000000003
mcgeebi01,Bill McGee,SP,Golden Era (1920-1941),65.3,Uncommon,37.9,35.3,43.3,61.0,84.1,59.7,Common,43.6,40.6,55.9,46.9,49.9,5.599999999999994,-5.700000000000003,-5.300000000000004,-12.600000000000001,14.100000000000001,34.199999999999996
mcgeeja01,Jake McGee,RP,Modern Era (2016-Pres),81.4,Epic,72.5,72.6,79.8,82.7,30.7,79.1,Rare,73.8,82.2,78.4,66.5,24.9,2.3000000000000114,-1.2999999999999972,-9.600000000000009,1.3999999999999915,16.200000000000003,5.800000000000001
mcgilwi01,Willie McGill,SP,The Genesis Era (1871-1900),71.6,Rare,75.8,5.0,65.9,56.4,85.1,67.8,Uncommon,70.3,5.0,38.0,79.7,78.4,3.799999999999997,5.5,0.0,27.900000000000006,-23.300000000000004,6.699999999999989
mcginda01,Dan McGinn,RP,Expansion (1961-1976),57.1,Common,65.5,10.7,29.9,51.5,35.9,56.2,Common,61.5,11.7,13.9,49.5,41.7,0.8999999999999986,4.0,-1.0,15.999999999999998,2.0,-5.800000000000004
mcginjo01,Joe McGinnity,SP,Deadball (1901-1919),89.8,Epic,12.4,81.7,62.9,107.1,125.0,86.0,Epic,7.6,81.8,46.6,108.1,122.1,3.799999999999997,4.800000000000001,-0.09999999999999432,16.299999999999997,-1.0,2.9000000000000057
mcginju01,Jumbo McGinnis,SP,The Genesis Era (1871-1900),94.1,Legendary,22.4,107.8,58.6,116.4,122.2,87.4,Epic,30.5,90.4,55.6,96.9,101.2,6.699999999999989,-8.100000000000001,17.39999999999999,3.0,19.5,21.0
mcgloji01,Jim McGlothlin,SP,Expansion (1961-1976),70.4,Rare,34.6,59.1,52.5,49.9,85.8,70.3,Rare,40.2,69.7,55.0,47.2,69.4,0.10000000000000853,-5.600000000000001,-10.600000000000001,-2.5,2.6999999999999957,16.39999999999999
mcgloly01,Lynn McGlothen,SP,Expansion (1961-1976),66.1,Uncommon,49.7,52.5,23.1,46.5,93.0,66.5,Uncommon,52.9,54.1,24.6,53.0,81.5,-0.4000000000000057,-3.1999999999999957,-1.6000000000000014,-1.5,-6.5,11.5
mcgowdu01,Dustin McGowan,RP,Efficiency Era (2006-2015),61.5,Uncommon,56.9,40.1,59.5,39.1,50.5,59.7,Common,56.2,46.8,55.5,39.2,39.6,1.7999999999999972,0.6999999999999957,-6.699999999999996,4.0,-0.10000000000000142,10.899999999999999
mcgratu01,Tug McGraw,RP,Expansion (1961-1976),89.3,Epic,83.8,55.6,105.0,92.6,49.2,86.1,Epic,82.4,53.0,97.5,89.9,44.0,3.200000000000003,1.3999999999999915,2.6000000000000014,7.5,2.6999999999999886,5.200000000000003
mcgresc01,Scott McGregor,SP,Big Hair Era (1977-1993),71.9,Rare,9.8,99.8,26.3,56.8,97.0,67.4,Uncommon,14.2,99.0,29.1,39.2,88.2,4.5,-4.399999999999999,0.7999999999999972,-2.8000000000000007,17.599999999999994,8.799999999999997
mchenhe01,Henry McHenry,SP,Golden Era (1920-1941),69.6,Uncommon,69.7,57.9,45.2,45.9,60.1,83.4,Epic,70.3,58.7,59.9,69.7,92.1,-13.800000000000011,-0.5999999999999943,-0.8000000000000043,-14.699999999999996,-23.800000000000004,-31.999999999999993
mchugco01,Collin McHugh,SP,Modern Era (2016-Pres),82.3,Epic,69.6,78.3,78.0,71.8,46.4,76.8,Rare,69.2,79.8,50.5,60.6,54.4,5.5,0.3999999999999915,-1.5,27.5,11.199999999999996,-8.0
mcintha01,Harry McIntire,SP,Deadball (1901-1919),68.2,Uncommon,22.3,46.0,56.1,57.9,90.9,71.9,Rare,29.3,51.3,58.6,68.0,82.6,-3.700000000000003,-7.0,-5.299999999999997,-2.5,-10.100000000000001,8.300000000000011
mcjamdo01,James McJames,SP,The Genesis Era (1871-1900),88.7,Epic,76.6,38.9,51.9,102.7,112.8,85.0,Epic,77.1,37.1,55.2,98.2,92.4,3.700000000000003,-0.5,1.7999999999999972,-3.3000000000000043,4.5,20.39999999999999
mckaiar01,Archie McKain,RP,Golden Era (1920-1941),59.1,Common,51.4,23.5,45.8,55.4,50.4,57.6,Common,44.2,33.0,34.7,48.1,41.0,1.5,7.199999999999996,-9.5,11.099999999999994,7.299999999999997,9.399999999999999
mckeola01,Larry McKeon,SP,The Genesis Era (1871-1900),81.7,Epic,55.0,77.7,43.8,52.3,111.6,81.6,Epic,62.1,74.6,50.4,40.7,111.8,0.10000000000000853,-7.100000000000001,3.1000000000000085,-6.600000000000001,11.599999999999994,-0.20000000000000284
mckingr01,Gready McKinnis,SP,Integration (1942-1960),68.4,Uncommon,64.4,59.8,62.1,64.4,23.3,77.6,Rare,57.6,62.4,66.0,82.5,49.9,-9.199999999999989,6.800000000000004,-2.6000000000000014,-3.8999999999999986,-18.099999999999994,-26.599999999999998
mclaide01,Denny McLain,SP,Expansion (1961-1976),90.9,Legendary,69.5,96.0,84.9,41.5,106.7,79.9,Rare,68.3,80.3,84.1,14.0,83.3,11.0,1.2000000000000028,15.700000000000003,0.8000000000000114,27.5,23.400000000000006
mclaujo01,Joey McLaughlin,RP,Big Hair Era (1977-1993),62.1,Uncommon,49.4,36.5,67.5,61.8,33.2,56.9,Common,45.8,35.2,43.1,33.9,32.0,5.200000000000003,3.6000000000000014,1.2999999999999972,24.4,27.9,1.2000000000000028
mclisca01,Cal McLish,SP,Integration (1942-1960),59.6,Common,37.6,52.8,44.4,22.8,76.8,62.9,Uncommon,39.5,71.1,35.1,26.1,80.1,-3.299999999999997,-1.8999999999999986,-18.299999999999997,9.299999999999997,-3.3000000000000007,-3.299999999999997
mcmahdo02,Don McMahon,RP,Expansion (1961-1976),69.6,Uncommon,77.2,28.9,87.2,55.3,30.1,77.0,Rare,75.3,32.8,102.0,60.7,44.4,-7.400000000000006,1.9000000000000057,-3.8999999999999986,-14.799999999999997,-5.400000000000006,-14.299999999999997
mcmahsa01,Sadie McMahon,SP,The Genesis Era (1871-1900),81.1,Epic,57.6,34.5,42.7,86.6,115.0,87.0,Epic,51.7,56.9,53.8,95.7,114.1,-5.900000000000006,5.899999999999999,-22.4,-11.099999999999994,-9.100000000000009,0.9000000000000057
mcmicgr01,Greg McMichael,RP,Steroid Era (1994-2005),78.9,Rare,73.3,58.4,81.4,69.1,42.7,76.1,Rare,70.8,61.7,70.9,74.8,32.5,2.8000000000000114,2.5,-3.3000000000000043,10.5,-5.700000000000003,10.200000000000003
mcmurcr01,Craig McMurtry,RP,Big Hair Era (1977-1993),59.7,Common,30.8,22.2,52.7,60.9,70.4,57.7,Common,33.2,18.4,49.3,58.7,43.6,2.0,-2.400000000000002,3.8000000000000007,3.4000000000000057,2.1999999999999957,26.800000000000004
mcnalda01,Dave McNally,SP,Expansion (1961-1976),83.2,Epic,44.6,87.8,81.0,35.2,100.5,81.7,Epic,41.8,79.1,72.4,50.0,97.1,1.5,2.8000000000000043,8.700000000000003,8.599999999999994,-14.799999999999997,3.4000000000000057
mcquige01,George McQuillan,SP,Deadball (1901-1919),90.2,Legendary,28.3,71.8,98.8,94.4,98.1,84.4,Epic,34.1,77.8,82.4,84.3,78.0,5.799999999999997,-5.800000000000001,-6.0,16.39999999999999,10.100000000000009,20.099999999999994
mcquihu01,Hugh McQuillan,SP,Golden Era (1920-1941),68.6,Uncommon,14.7,64.2,41.3,74.3,80.3,70.2,Rare,12.9,64.9,38.0,84.6,80.8,-1.6000000000000085,1.799999999999999,-0.7000000000000028,3.299999999999997,-10.299999999999997,-0.5
mcweedo01,Doug McWeeny,SP,Golden Era (1920-1941),68.1,Uncommon,36.0,24.5,56.8,68.2,87.3,58.4,Common,41.1,15.3,52.5,50.1,56.6,9.699999999999996,-5.100000000000001,9.2,4.299999999999997,18.1,30.699999999999996
mcwilla01,Larry McWilliams,SP,Big Hair Era (1977-1993),72.7,Rare,59.4,51.3,52.1,49.0,81.7,74.4,Rare,53.6,61.9,53.2,65.4,68.1,-1.7000000000000028,5.799999999999997,-10.600000000000001,-1.1000000000000014,-16.400000000000006,13.600000000000009
meachru01,Rusty Meacham,RP,Steroid Era (1994-2005),60.9,Uncommon,35.9,76.8,36.2,59.4,35.3,57.4,Common,34.8,77.7,21.0,41.6,23.8,3.5,1.1000000000000014,-0.9000000000000057,15.200000000000003,17.799999999999997,11.499999999999996
meadobr01,Brian Meadows,RP,Steroid Era (1994-2005),53.9,Common,14.3,66.6,5.0,12.1,42.5,56.6,Common,19.1,85.8,5.0,25.6,49.8,-2.700000000000003,-4.800000000000001,-19.200000000000003,0.0,-13.500000000000002,-7.299999999999997
meadole01,Lee Meadows,SP,Golden Era (1920-1941),70.3,Rare,10.6,75.5,21.2,86.5,87.6,80.8,Epic,19.4,78.6,35.9,103.2,97.8,-10.5,-8.799999999999999,-3.0999999999999943,-14.7,-16.700000000000003,-10.200000000000003
meansjo01,John Means,SP,Modern Era (2016-Pres),61.9,Uncommon,50.0,87.5,51.2,5.0,54.0,59.3,Common,43.8,91.8,61.6,5.0,28.6,2.6000000000000014,6.200000000000003,-4.299999999999997,-10.399999999999999,0.0,25.4
mechegi01,Gil Meche,SP,Steroid Era (1994-2005),71.8,Rare,60.3,58.4,39.1,55.1,76.3,62.1,Uncommon,55.5,51.3,40.1,34.2,67.5,9.699999999999996,4.799999999999997,7.100000000000001,-1.0,20.9,8.799999999999997
mecirji01,Jim Mecir,RP,Steroid Era (1994-2005),69.0,Uncommon,59.8,45.1,69.7,73.7,28.2,71.4,Rare,69.9,41.0,73.7,75.3,27.4,-2.4000000000000057,-10.100000000000009,4.100000000000001,-4.0,-1.5999999999999943,0.8000000000000007
meddebr01,Brandon Medders,RP,Efficiency Era (2006-2015),58.3,Common,46.1,39.5,40.6,59.5,28.4,56.4,Common,41.0,39.8,38.2,40.1,23.2,1.8999999999999986,5.100000000000001,-0.29999999999999716,2.3999999999999986,19.4,5.199999999999999
medicdo01,Doc Medich,SP,Expansion (1961-1976),69.4,Uncommon,35.0,68.3,28.2,46.3,100.0,71.1,Rare,28.3,77.6,26.7,64.5,88.4,-1.6999999999999886,6.699999999999999,-9.299999999999997,1.5,-18.200000000000003,11.599999999999994
medlekr01,Kris Medlen,RP,Efficiency Era (2006-2015),78.6,Rare,56.5,92.4,47.5,59.9,67.0,73.1,Rare,56.0,84.4,50.5,63.7,40.9,5.5,0.5,8.0,-3.0,-3.8000000000000043,26.1
meekev01,Evan Meek,RP,Efficiency Era (2006-2015),60.9,Uncommon,51.1,28.2,68.8,70.9,24.8,58.9,Common,45.8,28.7,65.1,62.6,21.9,2.0,5.300000000000004,-0.5,3.700000000000003,8.300000000000004,2.900000000000002
meekijo01,Jouett Meekin,SP,The Genesis Era (1871-1900),76.0,Rare,36.7,43.1,39.3,73.5,117.8,73.3,Rare,34.4,44.2,36.3,73.6,108.0,2.700000000000003,2.3000000000000043,-1.1000000000000014,3.0,-0.09999999999999432,9.799999999999997
megiltr01,Trevor Megill,RP,Modern Era (2016-Pres),65.2,Uncommon,67.6,51.8,51.9,66.2,23.5,59.8,Common,68.0,55.1,36.4,55.7,23.7,5.400000000000006,-0.4000000000000057,-3.3000000000000043,15.5,10.5,-0.1999999999999993
meinehe01,Heinie Meine,SP,Golden Era (1920-1941),70.8,Rare,5.0,73.2,29.1,86.0,90.9,59.2,Common,5.0,72.4,18.0,67.5,65.1,11.599999999999994,0.0,0.7999999999999972,11.100000000000001,18.5,25.80000000000001
melanma01,Mark Melancon,RP,Modern Era (2016-Pres),75.5,Rare,47.4,81.7,68.5,85.9,24.5,82.3,Epic,54.0,88.9,69.3,100.2,31.8,-6.799999999999997,-6.600000000000001,-7.200000000000003,-0.7999999999999972,-14.299999999999997,-7.300000000000001
meltocl01,Cliff Melton,SP,Golden Era (1920-1941),84.3,Epic,61.4,71.7,61.7,71.5,89.6,78.0,Rare,47.7,74.9,58.1,59.2,80.5,6.299999999999997,13.699999999999996,-3.200000000000003,3.6000000000000014,12.299999999999997,9.099999999999994
meltoru01,Rube Melton,RP,Integration (1942-1960),75.2,Rare,45.2,8.1,68.6,110.3,74.2,70.7,Rare,51.8,6.5,70.1,100.3,55.0,4.5,-6.599999999999994,1.5999999999999996,-1.5,10.0,19.200000000000003
mendejo99,José Méndez,RP,Golden Era (1920-1941),74.3,Rare,60.0,84.6,47.7,73.4,35.8,75.3,Rare,57.6,89.6,44.1,71.0,44.6,-1.0,2.3999999999999986,-5.0,3.6000000000000014,2.4000000000000057,-8.800000000000004
mendora01,Ramiro Mendoza,RP,Steroid Era (1994-2005),64.0,Uncommon,30.3,88.4,23.7,57.3,56.6,64.0,Uncommon,31.5,95.0,27.6,55.4,46.6,0.0,-1.1999999999999993,-6.599999999999994,-3.900000000000002,1.8999999999999986,10.0
menefjo01,John Menefee,SP,The Genesis Era (1871-1900),72.2,Rare,36.1,90.6,10.9,76.1,77.4,74.6,Rare,31.2,90.4,24.9,85.6,71.2,-2.3999999999999915,4.900000000000002,0.19999999999998863,-13.999999999999998,-9.5,6.200000000000003
mercejo02,Jose Mercedes,RP,Steroid Era (1994-2005),56.8,Common,18.9,44.6,45.8,26.3,52.8,56.4,Common,26.0,52.1,28.0,35.0,40.4,0.3999999999999986,-7.100000000000001,-7.5,17.799999999999997,-8.7,12.399999999999999
mercewi01,Win Mercer,SP,The Genesis Era (1871-1900),69.8,Uncommon,8.7,62.8,5.7,90.3,111.9,67.9,Uncommon,5.8,71.8,5.6,85.4,103.2,1.8999999999999915,2.8999999999999995,-9.0,0.10000000000000053,4.8999999999999915,8.700000000000003
merckke01,Kent Mercker,RP,Steroid Era (1994-2005),61.1,Uncommon,45.4,31.6,68.3,55.1,44.1,67.2,Uncommon,60.8,35.0,80.0,52.7,40.4,-6.100000000000001,-15.399999999999999,-3.3999999999999986,-11.700000000000003,2.3999999999999986,3.700000000000003
meredcl01,Cla Meredith,RP,Efficiency Era (2006-2015),59.3,Common,31.5,63.8,47.7,64.3,22.7,58.3,Common,34.4,71.2,24.0,59.6,24.8,1.0,-2.8999999999999986,-7.400000000000006,23.700000000000003,4.699999999999996,-2.1000000000000014
merriji01,Jim Merritt,SP,Expansion (1961-1976),78.9,Rare,60.0,100.5,44.4,34.6,85.5,74.4,Rare,55.4,100.4,37.1,26.8,82.3,4.5,4.600000000000001,0.09999999999999432,7.299999999999997,7.800000000000001,3.200000000000003
mesajo01,Jose Mesa,RP,Steroid Era (1994-2005),65.0,Uncommon,51.4,65.6,40.5,66.7,35.9,67.8,Uncommon,57.2,53.3,52.5,72.2,36.4,-2.799999999999997,-5.800000000000004,12.299999999999997,-12.0,-5.5,-0.5
messean01,Andy Messersmith,SP,Expansion (1961-1976),89.7,Epic,64.8,53.7,101.4,69.4,99.5,90.2,Legendary,72.0,58.8,108.3,59.9,92.7,-0.5,-7.200000000000003,-5.099999999999994,-6.8999999999999915,9.500000000000007,6.799999999999997
meyerja01,Jack Meyer,RP,Integration (1942-1960),69.4,Uncommon,106.6,18.6,86.6,18.8,47.2,62.9,Uncommon,104.5,17.4,78.5,18.9,32.5,6.500000000000007,2.0999999999999943,1.2000000000000028,8.099999999999994,-0.09999999999999787,14.700000000000003
meyerru01,Russ Meyer,SP,Integration (1942-1960),70.6,Rare,23.7,69.2,33.6,70.4,86.2,67.2,Uncommon,30.6,67.3,39.8,64.8,66.7,3.3999999999999915,-6.900000000000002,1.9000000000000057,-6.199999999999996,5.6000000000000085,19.5
micelda01,Dan Miceli,RP,Steroid Era (1994-2005),60.0,Uncommon,52.5,56.1,61.2,48.1,22.2,61.2,Uncommon,73.8,45.7,62.8,30.8,31.6,-1.2000000000000028,-21.299999999999997,10.399999999999999,-1.5999999999999943,17.3,-9.400000000000002
middlke01,Keynan Middleton,RP,Modern Era (2016-Pres),57.0,Common,47.3,37.0,46.9,40.9,19.6,56.8,Common,52.5,38.6,46.3,30.7,20.6,0.20000000000000284,-5.200000000000003,-1.6000000000000014,0.6000000000000014,10.2,-1.0
mijarjo01,Jose Mijares,RP,Efficiency Era (2006-2015),59.4,Common,53.8,48.2,53.8,52.3,22.9,59.0,Common,54.5,47.9,37.9,61.5,24.0,0.3999999999999986,-0.7000000000000028,0.30000000000000426,15.899999999999999,-9.200000000000003,-1.1000000000000014
mikkepe01,Pete Mikkelsen,RP,Expansion (1961-1976),65.8,Uncommon,54.8,38.5,58.4,67.3,44.5,63.0,Uncommon,56.2,43.9,69.0,45.7,37.3,2.799999999999997,-1.4000000000000057,-5.399999999999999,-10.600000000000001,21.599999999999994,7.200000000000003
mikolmi01,Miles Mikolas,SP,Modern Era (2016-Pres),72.2,Rare,36.5,103.5,24.9,40.8,85.4,63.4,Uncommon,34.7,101.5,23.4,30.2,63.9,8.800000000000004,1.7999999999999972,2.0,1.5,10.599999999999998,21.500000000000007
milacbo01,Bob Milacki,SP,Big Hair Era (1977-1993),63.7,Uncommon,33.8,57.5,48.6,46.7,68.3,57.5,Common,29.5,50.1,38.0,34.7,46.9,6.200000000000003,4.299999999999997,7.399999999999999,10.600000000000001,12.0,21.4
mileywa01,Wade Miley,SP,Modern Era (2016-Pres),65.8,Uncommon,36.4,75.8,26.7,52.8,71.7,66.6,Uncommon,37.9,68.7,29.7,58.2,72.1,-0.7999999999999972,-1.5,7.099999999999994,-3.0,-5.400000000000006,-0.3999999999999915
miljujo01,Johnny Miljus,RP,Golden Era (1920-1941),66.4,Uncommon,50.2,61.9,43.8,79.2,30.7,58.0,Common,40.7,45.6,20.7,69.4,32.7,8.400000000000006,9.5,16.299999999999997,23.099999999999998,9.799999999999997,-2.0000000000000036
millean01,Andrew Miller,RP,Efficiency Era (2006-2015),85.9,Epic,106.6,73.1,106.7,55.5,24.1,91.7,Legendary,125.0,62.6,124.3,67.1,26.1,-5.799999999999997,-18.400000000000006,10.499999999999993,-17.599999999999994,-11.599999999999994,-2.0
millebo02,Bob Miller,RP,Integration (1942-1960),59.0,Common,27.9,70.5,47.6,34.4,44.3,58.6,Common,15.1,78.5,26.1,47.7,51.2,0.3999999999999986,12.799999999999999,-8.0,21.5,-13.300000000000004,-6.900000000000006
millebo04,Bob Miller,RP,Expansion (1961-1976),59.4,Common,39.3,44.2,50.2,75.7,21.6,77.5,Rare,51.2,58.3,62.1,93.7,52.7,-18.1,-11.900000000000006,-14.099999999999994,-11.899999999999999,-18.0,-31.1
milledy01,Dyar Miller,RP,Big Hair Era (1977-1993),56.3,Common,29.9,40.7,39.8,36.1,33.2,58.5,Common,32.8,50.1,41.6,58.7,33.2,-2.200000000000003,-2.8999999999999986,-9.399999999999999,-1.8000000000000043,-22.6,0.0
millefr02,Frank Miller,SP,Deadball (1901-1919),69.3,Uncommon,31.5,72.2,51.3,40.1,82.6,69.7,Uncommon,29.2,75.9,49.1,59.4,65.7,-0.4000000000000057,2.3000000000000007,-3.700000000000003,2.1999999999999957,-19.299999999999997,16.89999999999999
millehe01,Henry Miller,SP,Integration (1942-1960),70.1,Rare,69.9,44.8,43.7,75.2,47.0,73.6,Rare,67.2,48.9,51.8,77.0,53.3,-3.5,2.700000000000003,-4.100000000000001,-8.099999999999994,-1.7999999999999972,-6.299999999999997
milleja02,Jake Miller,SP,Golden Era (1920-1941),70.9,Rare,12.3,66.8,24.6,97.4,83.3,64.3,Uncommon,14.8,70.8,20.0,93.9,58.0,6.6000000000000085,-2.5,-4.0,4.600000000000001,3.5,25.299999999999997
milleju01,Justin Miller,RP,Efficiency Era (2006-2015),58.5,Common,59.4,41.0,54.3,37.8,24.5,55.0,Common,49.1,23.2,33.5,26.2,26.8,3.5,10.299999999999997,17.8,20.799999999999997,11.599999999999998,-2.3000000000000007
millema03,Mason Miller,RP,Modern Era (2016-Pres),77.8,Rare,93.7,43.7,100.9,57.9,23.4,77.3,Rare,81.9,46.9,96.4,63.3,28.6,0.5,11.799999999999997,-3.1999999999999957,4.5,-5.399999999999999,-5.200000000000003
millero01,Roscoe Miller,SP,Deadball (1901-1919),59.6,Common,5.7,55.3,10.9,82.7,80.6,61.8,Uncommon,13.8,60.2,20.6,69.4,83.1,-2.1999999999999957,-8.100000000000001,-4.900000000000006,-9.700000000000001,13.299999999999997,-2.5
millesh01,Shelby Miller,SP,Efficiency Era (2006-2015),75.0,Rare,69.3,55.0,60.9,56.7,63.3,72.7,Rare,62.8,52.4,75.8,55.4,47.2,2.299999999999997,6.5,2.6000000000000014,-14.899999999999999,1.3000000000000043,16.099999999999994
millest01,Stu Miller,RP,Expansion (1961-1976),82.1,Epic,64.6,75.9,77.1,65.0,60.4,80.2,Epic,63.2,66.2,75.0,66.1,60.5,1.8999999999999915,1.3999999999999915,9.700000000000003,2.0999999999999943,-1.0999999999999943,-0.10000000000000142
milletr01,Travis Miller,RP,Steroid Era (1994-2005),58.4,Common,59.3,43.9,10.7,76.1,24.3,56.1,Common,49.8,46.4,5.0,52.6,22.6,2.299999999999997,9.5,-2.5,5.699999999999999,23.499999999999993,1.6999999999999993
milletr02,Trever Miller,RP,Steroid Era (1994-2005),68.0,Uncommon,69.7,68.2,63.1,46.7,24.6,65.0,Uncommon,67.0,49.2,62.7,56.8,24.6,3.0,2.700000000000003,19.0,0.3999999999999986,-10.099999999999994,0.0
millewa04,Wade Miller,SP,Steroid Era (1994-2005),70.2,Rare,71.4,44.8,64.0,30.7,70.0,68.5,Uncommon,70.4,41.4,64.2,40.6,57.7,1.7000000000000028,1.0,3.3999999999999986,-0.20000000000000284,-9.900000000000002,12.299999999999997
millsal01,Alan Mills,RP,Steroid Era (1994-2005),59.8,Common,41.4,9.5,89.4,52.2,45.4,58.2,Common,48.9,5.0,82.6,39.4,35.3,1.5999999999999943,-7.5,4.5,6.800000000000011,12.800000000000004,10.100000000000001
millwke01,Kevin Millwood,SP,Steroid Era (1994-2005),78.1,Rare,59.5,72.8,65.5,36.3,86.7,81.6,Epic,61.6,79.8,60.4,49.6,88.4,-3.5,-2.1000000000000014,-7.0,5.100000000000001,-13.300000000000004,-1.7000000000000028
milnaal01,Al Milnar,SP,Golden Era (1920-1941),61.0,Uncommon,30.9,13.7,40.1,67.0,92.4,58.7,Common,29.7,13.9,45.4,68.7,61.9,2.299999999999997,1.1999999999999993,-0.20000000000000107,-5.299999999999997,-1.7000000000000028,30.500000000000007
milneho01,Hoby Milner,RP,Modern Era (2016-Pres),61.2,Uncommon,45.1,63.5,43.7,65.7,26.7,58.2,Common,48.7,66.2,38.4,37.4,20.9,3.0,-3.6000000000000014,-2.700000000000003,5.300000000000004,28.300000000000004,5.800000000000001
milonto01,Tommy Milone,SP,Efficiency Era (2006-2015),59.0,Common,47.7,87.8,19.8,5.0,65.4,58.2,Common,44.4,87.3,24.0,5.9,50.3,0.7999999999999972,3.3000000000000043,0.5,-4.199999999999999,-0.9000000000000004,15.100000000000009
miltoer01,Eric Milton,SP,Steroid Era (1994-2005),66.8,Uncommon,59.5,80.6,34.7,5.0,87.5,63.6,Uncommon,53.8,79.1,34.8,5.0,82.0,3.1999999999999957,5.700000000000003,1.5,-0.09999999999999432,0.0,5.5
minerza01,Zach Miner,RP,Efficiency Era (2006-2015),55.9,Common,28.2,34.1,17.0,51.6,43.2,56.4,Common,30.2,41.9,22.2,48.5,38.8,-0.5,-2.0,-7.799999999999997,-5.199999999999999,3.1000000000000014,4.400000000000006
mingost01,Steve Mingori,RP,Expansion (1961-1976),62.0,Uncommon,41.8,45.9,72.1,62.6,25.6,66.4,Uncommon,37.6,58.1,68.8,68.4,32.9,-4.400000000000006,4.199999999999996,-12.200000000000003,3.299999999999997,-5.800000000000004,-7.299999999999997
minnepa01,Paul Minner,SP,Integration (1942-1960),59.5,Common,15.2,87.4,5.0,39.0,86.9,59.5,Common,20.3,79.5,13.3,42.4,77.3,0.0,-5.100000000000001,7.900000000000006,-8.3,-3.3999999999999986,9.600000000000009
minormi01,Mike Minor,SP,Modern Era (2016-Pres),67.4,Uncommon,63.4,67.5,52.1,20.0,67.1,71.1,Rare,60.0,75.9,52.9,27.8,69.0,-3.6999999999999886,3.3999999999999986,-8.400000000000006,-0.7999999999999972,-7.800000000000001,-1.9000000000000057
minteaj01,A. J. Minter,RP,Modern Era (2016-Pres),67.8,Uncommon,63.6,61.0,69.9,53.7,23.4,75.2,Rare,77.6,63.8,71.8,70.4,22.9,-7.400000000000006,-13.999999999999993,-2.799999999999997,-1.8999999999999915,-16.700000000000003,0.5
mintogr01,Greg Minton,RP,Big Hair Era (1977-1993),69.5,Uncommon,27.1,47.1,60.3,95.2,48.6,69.0,Uncommon,19.1,45.9,57.6,106.4,47.5,0.5,8.0,1.2000000000000028,2.6999999999999957,-11.200000000000003,1.1000000000000014
mirabpa01,Paul Mirabella,RP,Big Hair Era (1977-1993),56.5,Common,29.5,32.7,31.6,56.1,34.1,55.8,Common,31.7,30.5,31.4,52.2,26.5,0.7000000000000028,-2.1999999999999993,2.200000000000003,0.20000000000000284,3.8999999999999986,7.600000000000001
miranan01,Angel Miranda,RP,Steroid Era (1994-2005),56.4,Common,46.0,6.2,36.7,45.0,48.4,56.8,Common,43.3,14.6,48.9,44.1,36.8,-0.3999999999999986,2.700000000000003,-8.399999999999999,-12.199999999999996,0.8999999999999986,11.600000000000001
misioja01,Jacob Misiorowski,SP,Modern Era (2016-Pres),59.5,Common,55.9,43.7,51.1,46.5,36.6,60.9,Uncommon,54.3,49.3,55.1,49.2,35.9,-1.3999999999999986,1.6000000000000014,-5.599999999999994,-4.0,-2.700000000000003,0.7000000000000028
mitchcl01,Clarence Mitchell,SP,Golden Era (1920-1941),56.7,Common,9.1,64.2,5.0,50.4,57.2,58.0,Common,5.0,76.4,5.0,50.7,70.9,-1.2999999999999972,4.1,-12.200000000000003,0.0,-0.30000000000000426,-13.700000000000003
mitchge01,George Mitchell,SP,Golden Era (1920-1941),71.4,Rare,36.6,60.8,64.4,70.3,55.2,62.9,Uncommon,41.0,41.8,53.1,72.0,43.8,8.500000000000007,-4.399999999999999,19.0,11.300000000000004,-1.7000000000000028,11.400000000000006
mitchwi01,Willie Mitchell,SP,Deadball (1901-1919),87.1,Epic,74.9,42.1,71.1,96.1,88.6,87.5,Epic,77.8,39.4,64.7,107.8,85.8,-0.4000000000000057,-2.8999999999999915,2.700000000000003,6.3999999999999915,-11.700000000000003,2.799999999999997
mizeca01,Casey Mize,SP,Modern Era (2016-Pres),58.4,Common,48.4,73.7,13.8,17.5,61.6,58.0,Common,45.0,72.7,23.7,24.2,43.0,0.3999999999999986,3.3999999999999986,1.0,-9.899999999999999,-6.699999999999999,18.6
mizelvi01,Vinegar Bend Mizell,SP,Integration (1942-1960),73.9,Rare,59.7,31.4,60.0,66.2,82.2,74.4,Rare,72.6,33.2,65.1,47.1,84.0,-0.5,-12.899999999999991,-1.8000000000000043,-5.099999999999994,19.1,-1.7999999999999972
mlickda01,Dave Mlicki,SP,Steroid Era (1994-2005),58.1,Common,48.4,49.0,18.4,34.5,60.4,58.2,Common,44.6,56.7,21.4,27.2,62.5,-0.10000000000000142,3.799999999999997,-7.700000000000003,-3.0,7.300000000000001,-2.1000000000000014
moehlbr01,Brian Moehler,SP,Steroid Era (1994-2005),58.7,Common,28.3,78.5,5.0,24.8,82.6,58.9,Common,28.6,84.0,5.0,32.9,73.1,-0.19999999999999574,-0.3000000000000007,-5.5,0.0,-8.099999999999998,9.5
moffira01,Randy Moffitt,RP,Big Hair Era (1977-1993),60.2,Uncommon,39.2,51.4,51.7,53.4,45.0,64.0,Uncommon,47.3,50.1,54.9,65.0,39.0,-3.799999999999997,-8.099999999999994,1.2999999999999972,-3.1999999999999957,-11.600000000000001,6.0
mogrige01,George Mogridge,SP,Golden Era (1920-1941),75.0,Rare,9.5,87.8,22.7,85.8,99.5,80.3,Epic,8.6,89.4,43.9,97.2,92.6,-5.299999999999997,0.9000000000000004,-1.6000000000000085,-21.2,-11.400000000000006,6.900000000000006
mohlemi01,Mike Mohler,RP,Steroid Era (1994-2005),56.2,Common,45.1,16.3,30.8,51.3,34.4,56.5,Common,44.7,24.1,36.7,53.8,24.5,-0.29999999999999716,0.3999999999999986,-7.800000000000001,-5.900000000000002,-2.5,9.899999999999999
mohorda01,Dale Mohorcic,RP,Big Hair Era (1977-1993),58.4,Common,28.3,79.1,31.8,36.5,38.6,58.1,Common,31.4,74.5,31.4,35.6,37.3,0.29999999999999716,-3.099999999999998,4.599999999999994,0.40000000000000213,0.8999999999999986,1.3000000000000043
mollsa01,Sam Moll,RP,Modern Era (2016-Pres),59.0,Common,50.7,29.4,57.4,66.3,22.0,59.4,Common,53.8,34.1,62.9,59.3,21.4,-0.3999999999999986,-3.0999999999999943,-4.700000000000003,-5.5,7.0,0.6000000000000014
monbobi01,Bill Monbouquette,SP,Expansion (1961-1976),65.3,Uncommon,36.1,79.8,29.6,61.4,54.7,69.6,Uncommon,43.1,92.6,26.5,25.5,91.1,-4.299999999999997,-7.0,-12.799999999999997,3.1000000000000014,35.9,-36.39999999999999
mongesi01,Sid Monge,RP,Big Hair Era (1977-1993),63.5,Uncommon,60.9,15.6,78.4,50.0,49.3,59.4,Common,50.9,28.2,68.3,42.7,41.7,4.100000000000001,10.0,-12.6,10.100000000000009,7.299999999999997,7.599999999999994
montafr01,Frankie Montas,SP,Modern Era (2016-Pres),68.2,Uncommon,71.9,64.1,39.1,47.0,51.0,65.0,Uncommon,68.2,59.4,42.6,44.4,45.7,3.200000000000003,3.700000000000003,4.699999999999996,-3.5,2.6000000000000014,5.299999999999997
montajo01,John Montague,RP,Expansion (1961-1976),56.2,Common,37.4,35.5,22.2,38.9,44.4,54.8,Common,27.8,41.2,14.9,32.1,39.0,1.4000000000000057,9.599999999999998,-5.700000000000003,7.299999999999999,6.799999999999997,5.399999999999999
montejo01,John Montefusco,SP,Big Hair Era (1977-1993),85.2,Epic,67.9,60.4,58.4,90.6,84.3,78.2,Rare,60.6,67.9,47.4,66.9,78.6,7.0,7.300000000000004,-7.500000000000007,11.0,23.69999999999999,5.700000000000003
montera01,Rafael Montero,RP,Modern Era (2016-Pres),64.1,Uncommon,53.5,57.6,65.5,57.4,22.7,57.2,Common,55.8,31.3,37.7,46.1,24.3,6.8999999999999915,-2.299999999999997,26.3,27.799999999999997,11.299999999999997,-1.6000000000000014
monteri01,Rich Monteleone,RP,Big Hair Era (1977-1993),58.8,Common,44.3,61.7,46.5,39.6,29.6,58.9,Common,47.4,61.9,54.5,37.6,22.0,-0.10000000000000142,-3.1000000000000014,-0.19999999999999574,-8.0,2.0,7.600000000000001
montgje01,Jeff Montgomery,RP,Big Hair Era (1977-1993),85.0,Epic,79.4,66.7,90.5,81.1,42.9,82.4,Epic,86.2,66.9,83.9,66.7,40.6,2.5999999999999943,-6.799999999999997,-0.20000000000000284,6.599999999999994,14.399999999999991,2.299999999999997
montgjo01,Jordan Montgomery,SP,Modern Era (2016-Pres),64.2,Uncommon,60.1,66.7,30.5,45.7,54.1,67.7,Uncommon,60.6,76.7,42.1,40.6,51.1,-3.5,-0.5,-10.0,-11.600000000000001,5.100000000000001,3.0
montgmi01,Mike Montgomery,RP,Modern Era (2016-Pres),62.7,Uncommon,42.9,38.3,65.0,66.4,38.4,58.4,Common,39.0,47.8,33.5,51.3,44.0,4.300000000000004,3.8999999999999986,-9.5,31.5,15.100000000000009,-5.600000000000001
moodybl01,Blanch Moody,SP,Golden Era (1920-1941),59.6,Common,59.5,58.6,37.4,39.0,40.2,65.3,Uncommon,60.2,60.6,44.7,37.8,58.2,-5.699999999999996,-0.7000000000000028,-2.0,-7.300000000000004,1.2000000000000028,-18.0
mooredo01,Donnie Moore,RP,Big Hair Era (1977-1993),66.4,Uncommon,59.1,73.2,54.0,39.4,40.0,65.2,Uncommon,52.5,77.0,40.4,56.4,34.8,1.2000000000000028,6.600000000000001,-3.799999999999997,13.600000000000001,-17.0,5.200000000000003
mooreea01,Earl Moore,SP,Deadball (1901-1919),81.0,Epic,78.3,6.6,79.3,64.5,107.3,86.7,Epic,72.0,33.0,80.8,83.1,101.6,-5.700000000000003,6.299999999999997,-26.4,-1.5,-18.599999999999994,5.700000000000003
moorema02,Matt Moore,SP,Modern Era (2016-Pres),59.1,Common,49.3,31.9,54.1,70.7,20.5,67.2,Uncommon,65.9,33.6,67.2,56.1,46.4,-8.100000000000001,-16.60000000000001,-1.7000000000000028,-13.100000000000001,14.600000000000001,-25.9
mooremi01,Mike Moore,SP,Big Hair Era (1977-1993),76.0,Rare,49.1,59.9,47.0,56.5,97.7,71.1,Rare,50.0,50.9,51.3,41.2,92.1,4.900000000000006,-0.8999999999999986,9.0,-4.299999999999997,15.299999999999997,5.6000000000000085
moorera02,Ray Moore,SP,Integration (1942-1960),59.6,Common,63.3,5.2,68.7,37.7,60.4,63.7,Uncommon,55.1,15.3,84.2,43.8,56.6,-4.100000000000001,8.199999999999996,-10.100000000000001,-15.5,-6.099999999999994,3.799999999999997
moorewi01,Wilcy Moore,RP,Golden Era (1920-1941),70.2,Rare,18.0,56.9,48.2,85.4,72.4,62.2,Uncommon,22.0,57.1,38.7,76.6,54.4,8.0,-4.0,-0.20000000000000284,9.5,8.800000000000011,18.000000000000007
moosebo01,Bob Moose,SP,Expansion (1961-1976),79.2,Rare,61.3,67.7,27.8,85.1,84.8,80.2,Epic,59.1,72.4,45.7,86.5,67.5,-1.0,2.1999999999999957,-4.700000000000003,-17.900000000000002,-1.4000000000000057,17.299999999999997
moralfr01,Franklin Morales,RP,Efficiency Era (2006-2015),59.1,Common,38.9,61.2,44.8,58.4,23.9,58.8,Common,49.2,42.4,55.2,50.5,24.0,0.30000000000000426,-10.300000000000004,18.800000000000004,-10.400000000000006,7.899999999999999,-0.10000000000000142
morehda01,Dave Morehead,SP,Expansion (1961-1976),61.3,Uncommon,70.5,5.0,70.9,34.7,64.3,59.5,Common,71.1,5.0,59.6,44.6,52.9,1.7999999999999972,-0.5999999999999943,0.0,11.300000000000004,-9.899999999999999,11.399999999999999
morejad01,Adrian Morejon,RP,Modern Era (2016-Pres),65.8,Uncommon,51.7,61.2,51.3,74.6,24.5,60.0,Uncommon,52.6,66.1,42.5,57.8,21.1,5.799999999999997,-0.8999999999999986,-4.8999999999999915,8.799999999999997,16.799999999999997,3.3999999999999986
morelna01,Nate Moreland,SP,Integration (1942-1960),57.2,Common,64.7,48.6,23.8,28.9,29.0,59.7,Common,63.1,54.0,36.1,34.5,49.1,-2.5,1.6000000000000014,-5.399999999999999,-12.3,-5.600000000000001,-20.1
morenle01,Lew Moren,SP,Deadball (1901-1919),70.4,Rare,34.0,27.4,57.4,68.3,95.1,65.0,Uncommon,40.8,35.5,57.9,58.8,67.1,5.400000000000006,-6.799999999999997,-8.100000000000001,-0.5,9.5,28.0
moretro01,Roger Moret,RP,Expansion (1961-1976),59.1,Common,43.2,19.1,48.6,43.8,71.3,58.5,Common,40.7,28.5,52.5,49.4,44.9,0.6000000000000014,2.5,-9.399999999999999,-3.8999999999999986,-5.600000000000001,26.4
morgaad01,Adam Morgan,RP,Modern Era (2016-Pres),55.8,Common,43.3,59.2,19.9,17.7,31.4,55.2,Common,49.2,64.4,16.5,5.0,26.4,0.5999999999999943,-5.900000000000006,-5.200000000000003,3.3999999999999986,12.7,5.0
morgacy01,Cy Morgan,SP,Deadball (1901-1919),84.5,Epic,41.8,31.0,107.2,94.0,83.5,81.1,Epic,49.1,31.7,90.1,86.4,79.5,3.4000000000000057,-7.300000000000004,-0.6999999999999993,17.10000000000001,7.599999999999994,4.0
morgami01,Mike Morgan,SP,Big Hair Era (1977-1993),84.5,Epic,33.2,75.5,73.4,87.5,87.7,65.9,Uncommon,29.0,68.5,35.0,49.3,81.9,18.599999999999994,4.200000000000003,7.0,38.400000000000006,38.2,5.799999999999997
morgato01,Tom Morgan,RP,Integration (1942-1960),56.9,Common,26.4,61.7,39.1,15.5,47.2,59.0,Common,24.1,83.0,38.9,30.5,49.0,-2.1000000000000014,2.299999999999997,-21.299999999999997,0.20000000000000284,-15.0,-1.7999999999999972
morinmi01,Mike Morin,RP,Modern Era (2016-Pres),58.5,Common,35.8,53.0,38.8,69.1,19.5,59.3,Common,40.4,71.4,35.1,61.9,21.5,-0.7999999999999972,-4.600000000000001,-18.400000000000006,3.6999999999999957,7.199999999999996,-2.0
morriba01,Barney Morris,SP,Golden Era (1920-1941),72.4,Rare,96.5,45.4,81.1,46.2,22.8,83.9,Epic,73.2,57.4,60.0,98.1,65.1,-11.5,23.299999999999997,-12.0,21.099999999999994,-51.89999999999999,-42.3
morribr01,Bryan Morris,RP,Efficiency Era (2006-2015),56.9,Common,34.2,43.4,48.0,40.3,23.6,57.8,Common,38.0,42.5,47.2,53.6,23.3,-0.8999999999999986,-3.799999999999997,0.8999999999999986,0.7999999999999972,-13.300000000000004,0.3000000000000007
morried01,Ed Morris,SP,The Genesis Era (1871-1900),99.9,Legendary,77.7,97.3,104.4,125.0,125.0,96.1,Legendary,54.2,93.0,73.6,101.0,123.6,3.8000000000000114,23.5,4.299999999999997,30.80000000000001,24.0,1.4000000000000057
morried02,Ed Morris,RP,Golden Era (1920-1941),68.3,Uncommon,31.6,28.4,36.9,92.0,84.7,64.9,Uncommon,39.3,30.2,43.5,84.3,62.3,3.3999999999999915,-7.699999999999996,-1.8000000000000007,-6.600000000000001,7.700000000000003,22.400000000000006
morrija02,Jack Morris,SP,Big Hair Era (1977-1993),73.7,Rare,69.5,62.1,66.2,5.0,96.0,80.1,Epic,65.6,59.3,78.6,30.5,96.6,-6.3999999999999915,3.9000000000000057,2.8000000000000043,-12.399999999999991,-25.5,-0.5999999999999943
morrijo04,Johnny Morrison,SP,Golden Era (1920-1941),80.2,Epic,28.2,60.8,43.5,102.8,96.1,76.4,Rare,26.9,61.3,47.9,89.6,86.6,3.799999999999997,1.3000000000000007,-0.5,-4.399999999999999,13.200000000000003,9.5
morrima01,Matt Morris,SP,Steroid Era (1994-2005),80.9,Epic,57.1,70.0,41.0,87.2,80.1,79.6,Rare,54.0,83.8,42.8,72.6,75.2,1.3000000000000114,3.1000000000000014,-13.799999999999997,-1.7999999999999972,14.600000000000009,4.8999999999999915
morriye01,Yellow Horse Morris,SP,Golden Era (1920-1941),70.5,Rare,30.8,52.9,74.0,64.5,60.1,63.8,Uncommon,35.1,47.5,59.1,60.0,53.7,6.700000000000003,-4.300000000000001,5.399999999999999,14.899999999999999,4.5,6.399999999999999
morrobr01,Brandon Morrow,RP,Efficiency Era (2006-2015),73.4,Rare,62.2,62.6,74.6,64.6,33.2,75.3,Rare,90.3,37.0,76.2,58.0,45.3,-1.8999999999999915,-28.099999999999994,25.6,-1.6000000000000085,6.599999999999994,-12.099999999999994
mortoca01,Carl Morton,SP,Expansion (1961-1976),59.9,Common,12.3,56.4,10.9,57.7,102.3,60.6,Uncommon,9.6,62.2,13.0,71.1,86.4,-0.7000000000000028,2.700000000000001,-5.800000000000004,-2.0999999999999996,-13.399999999999991,15.899999999999991
mortoch02,Charlie Morton,SP,Modern Era (2016-Pres),88.6,Epic,99.4,57.2,84.1,61.2,80.1,81.7,Epic,85.9,46.8,66.5,64.2,76.6,6.8999999999999915,13.5,10.400000000000006,17.599999999999994,-3.0,3.5
mortogu01,Guy Morton,SP,Deadball (1901-1919),82.8,Epic,66.3,55.2,67.6,76.2,81.5,76.9,Rare,62.9,48.4,54.1,73.3,76.1,5.8999999999999915,3.3999999999999986,6.800000000000004,13.499999999999993,2.9000000000000057,5.400000000000006
moselea01,Earl Moseley,SP,Deadball (1901-1919),81.7,Epic,74.7,27.5,54.5,89.3,94.2,76.6,Rare,69.1,30.8,57.0,68.2,88.4,5.1000000000000085,5.6000000000000085,-3.3000000000000007,-2.5,21.099999999999994,5.799999999999997
mossido01,Don Mossi,SP,Integration (1942-1960),77.5,Rare,59.0,88.8,60.7,28.1,81.4,76.2,Rare,66.1,94.7,53.1,28.5,69.1,1.2999999999999972,-7.099999999999994,-5.900000000000006,7.600000000000001,-0.3999999999999986,12.300000000000011
mosspo01,Porter Moss,SP,Golden Era (1920-1941),67.5,Uncommon,88.2,72.2,60.2,29.4,20.4,81.2,Epic,84.8,71.9,65.5,68.1,46.9,-13.700000000000003,3.4000000000000057,0.29999999999999716,-5.299999999999997,-38.699999999999996,-26.5
motagu01,Guillermo Mota,RP,Steroid Era (1994-2005),76.5,Rare,66.5,63.1,83.4,66.1,33.6,64.5,Uncommon,53.9,50.8,71.4,45.4,36.8,12.0,12.600000000000001,12.300000000000004,12.0,20.699999999999996,-3.1999999999999957
motteja01,Jason Motte,RP,Efficiency Era (2006-2015),76.2,Rare,71.7,68.6,83.1,55.8,32.1,71.7,Rare,64.7,69.6,82.0,48.5,24.0,4.5,7.0,-1.0,1.0999999999999943,7.299999999999997,8.100000000000001
mountfr01,Frank Mountain,SP,The Genesis Era (1871-1900),69.6,Uncommon,40.4,50.2,73.9,49.8,64.5,68.3,Uncommon,24.1,60.8,36.9,74.3,77.5,1.2999999999999972,16.299999999999997,-10.599999999999994,37.00000000000001,-24.5,-13.0
moyerja01,Jamie Moyer,SP,Steroid Era (1994-2005),77.5,Rare,39.9,101.3,41.0,42.4,93.3,78.4,Rare,36.2,97.8,50.5,48.5,89.3,-0.9000000000000057,3.6999999999999957,3.5,-9.5,-6.100000000000001,4.0
moylape01,Peter Moylan,RP,Efficiency Era (2006-2015),70.6,Rare,45.2,39.4,77.4,83.8,37.1,66.8,Uncommon,47.1,39.6,75.6,80.4,24.8,3.799999999999997,-1.8999999999999986,-0.20000000000000284,1.8000000000000114,3.3999999999999915,12.3
mujiced01,Edward Mujica,RP,Efficiency Era (2006-2015),60.2,Uncommon,42.4,88.8,49.6,30.3,29.9,63.6,Uncommon,50.7,105.2,41.1,25.5,32.0,-3.3999999999999986,-8.300000000000004,-16.400000000000006,8.5,4.800000000000001,-2.1000000000000014
mulcahu01,Hugh Mulcahy,SP,Golden Era (1920-1941),59.8,Common,18.1,36.5,31.5,69.9,82.2,57.7,Common,17.7,35.0,36.2,64.4,49.2,2.0999999999999943,0.40000000000000213,1.5,-4.700000000000003,5.5,33.0
muldema01,Mark Mulder,SP,Steroid Era (1994-2005),82.7,Epic,50.3,90.6,52.6,65.7,87.2,71.8,Rare,41.3,74.4,40.5,55.6,77.1,10.900000000000006,9.0,16.19999999999999,12.100000000000001,10.100000000000001,10.100000000000009
mulhote01,Terry Mulholland,SP,Big Hair Era (1977-1993),75.5,Rare,47.3,85.0,41.0,55.7,78.9,72.0,Rare,33.6,93.4,29.8,51.4,81.7,3.5,13.699999999999996,-8.400000000000006,11.2,4.300000000000004,-2.799999999999997
mullato01,Tony Mullane,SP,The Genesis Era (1871-1900),95.0,Legendary,36.7,85.9,76.7,111.1,125.0,91.4,Legendary,39.9,59.2,84.6,94.0,125.0,3.5999999999999943,-3.1999999999999957,26.700000000000003,-7.8999999999999915,17.099999999999994,0.0
mullige01,George Mullin,SP,Deadball (1901-1919),78.8,Rare,40.2,53.5,35.4,88.1,107.0,87.7,Epic,41.5,54.4,53.9,114.0,112.7,-8.900000000000006,-1.2999999999999972,-0.8999999999999986,-18.5,-25.900000000000006,-5.700000000000003
muncrbo01,Bob Muncrief,SP,Integration (1942-1960),71.9,Rare,20.1,85.2,35.5,65.6,83.1,64.6,Uncommon,19.7,84.5,31.1,52.3,71.0,7.300000000000011,0.40000000000000213,0.7000000000000028,4.399999999999999,13.299999999999997,12.099999999999994
mungere01,Red Munger,SP,Integration (1942-1960),75.2,Rare,44.7,48.3,54.7,79.8,78.8,66.5,Uncommon,40.0,48.7,41.8,70.2,65.7,8.700000000000003,4.700000000000003,-0.4000000000000057,12.900000000000006,9.599999999999994,13.099999999999994
mungova01,Van Mungo,SP,Golden Era (1920-1941),91.2,Legendary,80.3,49.4,70.5,94.2,106.3,90.4,Legendary,87.9,43.6,79.4,90.0,92.4,0.7999999999999972,-7.6000000000000085,5.799999999999997,-8.900000000000006,4.200000000000003,13.899999999999991
munozan01,Andres Munoz,RP,Modern Era (2016-Pres),81.0,Epic,87.8,45.9,101.3,70.1,31.1,80.6,Epic,86.8,44.2,101.0,77.6,23.9,0.4000000000000057,1.0,1.6999999999999957,0.29999999999999716,-7.5,7.200000000000003
munozmi01,Mike Munoz,RP,Big Hair Era (1977-1993),56.8,Common,41.7,25.4,48.5,48.1,24.8,56.9,Common,45.2,32.4,41.9,48.9,21.3,-0.10000000000000142,-3.5,-7.0,6.600000000000001,-0.7999999999999972,3.5
murphjo04,Johnny Murphy,RP,Golden Era (1920-1941),62.1,Uncommon,35.0,33.5,61.3,61.0,57.7,62.1,Uncommon,35.1,29.5,72.5,63.7,47.8,0.0,-0.10000000000000142,4.0,-11.200000000000003,-2.700000000000003,9.900000000000006
murphro01,Rob Murphy,RP,Big Hair Era (1977-1993),77.0,Rare,87.9,48.3,66.9,70.1,42.1,73.7,Rare,82.8,49.6,73.8,61.5,31.0,3.299999999999997,5.1000000000000085,-1.3000000000000043,-6.8999999999999915,8.599999999999994,11.100000000000001
murphto02,Tom Murphy,RP,Expansion (1961-1976),63.6,Uncommon,22.9,48.1,73.9,59.4,50.2,59.5,Common,17.8,61.1,45.3,54.1,54.4,4.100000000000001,5.099999999999998,-13.0,28.60000000000001,5.299999999999997,-4.199999999999996
murrada01,Dale Murray,RP,Big Hair Era (1977-1993),69.5,Uncommon,22.4,61.1,42.2,105.3,47.2,66.4,Uncommon,27.7,59.9,43.2,102.6,32.5,3.0999999999999943,-5.300000000000001,1.2000000000000028,-1.0,2.700000000000003,14.700000000000003
musgrjo01,Joe Musgrove,SP,Modern Era (2016-Pres),78.0,Rare,77.1,77.5,60.7,35.7,69.3,75.8,Rare,72.1,85.7,53.3,39.5,58.6,2.200000000000003,5.0,-8.200000000000003,7.400000000000006,-3.799999999999997,10.699999999999996
mussimi01,Mike Mussina,SP,Steroid Era (1994-2005),90.2,Legendary,63.5,104.8,64.5,66.1,92.7,88.8,Epic,65.1,104.8,69.9,52.9,90.8,1.4000000000000057,-1.5999999999999943,0.0,-5.400000000000006,13.199999999999996,1.9000000000000057
myersbr01,Brett Myers,SP,Efficiency Era (2006-2015),71.0,Rare,72.9,64.9,40.6,18.3,88.5,66.1,Uncommon,66.1,64.2,37.5,23.0,73.9,4.900000000000006,6.800000000000011,0.7000000000000028,3.1000000000000014,-4.699999999999999,14.599999999999994
myersel01,Elmer Myers,SP,Golden Era (1920-1941),65.8,Uncommon,27.3,62.0,37.4,88.4,48.4,55.8,Common,35.0,26.6,21.3,28.8,59.4,10.0,-7.699999999999999,35.4,16.099999999999998,59.60000000000001,-11.0
myersmi01,Mike Myers,RP,Steroid Era (1994-2005),65.1,Uncommon,50.2,33.4,83.1,70.6,23.2,63.9,Uncommon,54.7,36.5,73.5,68.0,23.1,1.1999999999999957,-4.5,-3.1000000000000014,9.599999999999994,2.5999999999999943,0.09999999999999787
myersra01,Randy Myers,RP,Big Hair Era (1977-1993),81.0,Epic,95.5,50.1,92.1,62.6,35.7,81.0,Epic,109.1,32.4,88.2,65.9,40.3,0.0,-13.599999999999994,17.700000000000003,3.8999999999999915,-3.3000000000000043,-4.599999999999994
nabhoch01,Chris Nabholz,SP,Big Hair Era (1977-1993),76.1,Rare,55.7,41.7,69.9,79.9,63.8,67.4,Uncommon,55.3,30.3,67.0,68.2,48.9,8.699999999999989,0.4000000000000057,11.400000000000002,2.9000000000000057,11.700000000000003,14.899999999999999
nagych01,Charles Nagy,SP,Steroid Era (1994-2005),79.8,Rare,48.0,83.7,32.7,76.1,89.0,72.3,Rare,44.0,78.6,20.8,60.8,87.5,7.5,4.0,5.1000000000000085,11.900000000000002,15.299999999999997,1.5
narlera01,Ray Narleski,RP,Integration (1942-1960),69.2,Uncommon,68.8,36.2,89.7,33.9,48.4,61.8,Uncommon,75.4,28.6,76.2,12.1,54.9,7.400000000000006,-6.6000000000000085,7.600000000000001,13.5,21.799999999999997,-6.5
nashji01,Jim Nash,SP,Expansion (1961-1976),77.6,Rare,67.1,56.1,60.4,52.6,82.0,67.1,Uncommon,62.3,54.1,43.7,37.2,71.3,10.5,4.799999999999997,2.0,16.699999999999996,15.399999999999999,10.700000000000003
nathajo01,Joe Nathan,RP,Efficiency Era (2006-2015),87.8,Epic,91.5,67.6,106.2,77.2,34.7,92.8,Legendary,101.6,71.8,125.0,82.4,34.5,-5.0,-10.099999999999994,-4.200000000000003,-18.799999999999997,-5.200000000000003,0.20000000000000284
navarja01,Jaime Navarro,SP,Big Hair Era (1977-1993),72.3,Rare,27.9,73.3,36.9,61.1,92.4,68.1,Uncommon,34.5,74.9,22.1,56.6,84.6,4.200000000000003,-6.600000000000001,-1.6000000000000085,14.799999999999997,4.5,7.800000000000011
nayloro01,Rollie Naylor,SP,Golden Era (1920-1941),66.7,Uncommon,18.1,49.5,13.2,101.5,84.9,59.3,Common,13.1,55.5,8.0,87.4,65.8,7.400000000000006,5.000000000000002,-6.0,5.199999999999999,14.099999999999994,19.10000000000001
neaglde01,Denny Neagle,SP,Steroid Era (1994-2005),67.3,Uncommon,47.2,92.0,21.5,43.3,65.5,72.5,Rare,54.7,82.4,44.2,27.7,83.6,-5.200000000000003,-7.5,9.599999999999994,-22.700000000000003,15.599999999999998,-18.099999999999994
nehfar01,Art Nehf,SP,Deadball (1901-1919),59.7,Common,14.2,70.1,45.6,39.8,67.6,83.6,Epic,14.9,92.0,63.3,86.6,94.8,-23.89999999999999,-0.7000000000000011,-21.900000000000006,-17.699999999999996,-46.8,-27.200000000000003
nelsoge01,Gene Nelson,RP,Big Hair Era (1977-1993),59.1,Common,55.7,53.4,46.8,17.5,53.9,67.0,Uncommon,56.6,56.6,60.1,46.3,48.6,-7.899999999999999,-0.8999999999999986,-3.200000000000003,-13.300000000000004,-28.799999999999997,5.299999999999997
nelsoje01,Jeff Nelson,RP,Steroid Era (1994-2005),80.8,Epic,87.8,28.6,101.5,78.9,37.8,80.6,Epic,93.2,20.1,104.6,81.0,35.0,0.20000000000000284,-5.400000000000006,8.5,-3.0999999999999943,-2.0999999999999943,2.799999999999997
nelsoji02,Jimmy Nelson,SP,Modern Era (2016-Pres),71.0,Rare,70.5,55.5,39.5,60.5,58.9,59.7,Common,60.1,45.9,32.0,53.6,45.8,11.299999999999997,10.399999999999999,9.600000000000001,7.5,6.899999999999999,13.100000000000001
nelsoly01,Lynn Nelson,RP,Golden Era (1920-1941),54.9,Common,39.7,45.7,5.0,5.0,60.7,54.4,Common,38.6,42.4,15.9,5.0,46.7,0.5,1.1000000000000014,3.3000000000000043,-10.9,0.0,14.0
nelsoro02,Roger Nelson,RP,Expansion (1961-1976),81.4,Epic,47.7,72.1,83.7,68.3,66.4,75.3,Rare,41.8,67.7,88.8,66.5,41.9,6.1000000000000085,5.900000000000006,4.3999999999999915,-5.099999999999994,1.7999999999999972,24.500000000000007
nelsory01,Ryne Nelson,SP,Modern Era (2016-Pres),65.1,Uncommon,48.0,75.1,44.1,42.2,51.1,60.8,Uncommon,42.4,73.2,37.8,36.3,53.4,4.299999999999997,5.600000000000001,1.8999999999999915,6.300000000000004,5.900000000000006,-2.299999999999997
nenro01,Robb Nen,RP,Steroid Era (1994-2005),92.1,Legendary,104.9,72.0,102.0,90.3,39.6,92.0,Legendary,107.9,76.8,100.4,86.9,36.6,0.09999999999999432,-3.0,-4.799999999999997,1.5999999999999943,3.3999999999999915,3.0
nerishe01,Hector Neris,RP,Modern Era (2016-Pres),67.6,Uncommon,76.3,41.4,72.5,43.2,37.2,73.9,Rare,86.9,51.9,88.1,39.4,33.6,-6.300000000000011,-10.600000000000009,-10.5,-15.599999999999994,3.8000000000000043,3.6000000000000014
neshepa01,Pat Neshek,RP,Efficiency Era (2006-2015),78.2,Rare,63.4,88.8,76.5,69.1,23.6,82.0,Epic,72.4,87.6,104.3,53.4,24.4,-3.799999999999997,-9.000000000000007,1.2000000000000028,-27.799999999999997,15.699999999999996,-0.7999999999999972
newcodo01,Don Newcombe,SP,Integration (1942-1960),80.6,Epic,51.1,103.7,61.6,21.1,96.3,80.4,Epic,53.7,100.9,61.9,20.2,96.0,0.19999999999998863,-2.6000000000000014,2.799999999999997,-0.29999999999999716,0.9000000000000021,0.29999999999999716
newcose01,Sean Newcomb,RP,Modern Era (2016-Pres),58.2,Common,50.5,45.4,27.0,62.2,26.8,59.1,Common,65.7,15.6,49.1,62.3,34.4,-0.8999999999999986,-15.200000000000003,29.799999999999997,-22.1,-0.09999999999999432,-7.599999999999998
newhoha01,Hal Newhouser,SP,Integration (1942-1960),99.9,Legendary,93.5,61.6,99.4,122.5,109.1,94.3,Legendary,74.8,52.5,86.1,112.2,103.6,5.6000000000000085,18.700000000000003,9.100000000000001,13.300000000000011,10.299999999999997,5.5
newmafr01,Fred Newman,SP,Expansion (1961-1976),74.2,Rare,15.6,84.4,41.0,79.6,80.6,65.4,Uncommon,18.9,83.2,39.5,71.4,49.0,8.799999999999997,-3.299999999999999,1.2000000000000028,1.5,8.199999999999989,31.599999999999994
newsobo01,Bobo Newsom,SP,Golden Era (1920-1941),75.5,Rare,87.0,31.9,69.5,38.6,80.9,76.6,Rare,81.7,12.8,65.5,50.6,102.8,-1.0999999999999943,5.299999999999997,19.099999999999998,4.0,-12.0,-21.89999999999999
newtodo01,Doc Newton,SP,Deadball (1901-1919),77.8,Rare,46.7,58.5,58.2,78.6,77.6,70.1,Rare,41.6,45.5,36.3,81.6,75.4,7.700000000000003,5.100000000000001,13.0,21.900000000000006,-3.0,2.1999999999999886
nicasju01,Juan Nicasio,RP,Modern Era (2016-Pres),59.0,Common,40.0,57.3,46.3,61.8,19.8,59.6,Common,70.4,49.6,23.1,51.4,41.3,-0.6000000000000014,-30.400000000000006,7.699999999999996,23.199999999999996,10.399999999999999,-21.499999999999996
nichoch02,Chet Nichols,RP,Integration (1942-1960),64.6,Uncommon,46.9,36.7,52.5,79.0,43.3,58.8,Common,38.8,33.6,48.4,61.3,39.0,5.799999999999997,8.100000000000001,3.1000000000000014,4.100000000000001,17.700000000000003,4.299999999999997
nichoki01,Kid Nichols,SP,The Genesis Era (1871-1900),95.2,Legendary,50.9,86.4,88.2,86.9,125.0,95.2,Legendary,64.5,92.9,80.2,74.9,125.0,0.0,-13.600000000000001,-6.5,8.0,12.0,0.0
niedeto01,Tom Niedenfuer,RP,Big Hair Era (1977-1993),81.1,Epic,75.8,66.5,79.6,70.4,44.1,72.9,Rare,70.2,62.0,66.9,58.1,37.3,8.199999999999989,5.599999999999994,4.5,12.699999999999989,12.300000000000004,6.800000000000004
niekrjo01,Joe Niekro,SP,Expansion (1961-1976),79.2,Rare,25.2,59.2,69.5,77.8,94.8,74.7,Rare,22.2,65.1,60.7,67.4,88.4,4.5,3.0,-5.8999999999999915,8.799999999999997,10.399999999999991,6.3999999999999915
niekrph01,Phil Niekro,SP,Expansion (1961-1976),84.8,Epic,67.7,47.3,55.2,77.0,112.1,82.6,Epic,56.5,62.1,57.5,62.5,106.9,2.200000000000003,11.200000000000003,-14.800000000000004,-2.299999999999997,14.5,5.199999999999989
niesejo01,Jonathon Niese,SP,Efficiency Era (2006-2015),68.6,Uncommon,50.9,74.9,20.9,50.5,77.5,59.9,Common,48.5,73.7,11.4,40.8,65.2,8.699999999999996,2.3999999999999986,1.2000000000000028,9.499999999999998,9.700000000000003,12.299999999999997
niggejo01,Johnny Niggeling,SP,Integration (1942-1960),83.2,Epic,55.7,36.3,90.4,97.4,69.8,80.1,Epic,46.1,42.9,75.8,88.7,77.0,3.1000000000000085,9.600000000000001,-6.600000000000001,14.600000000000009,8.700000000000003,-7.200000000000003
nippeal01,Al Nipper,SP,Big Hair Era (1977-1993),57.5,Common,23.9,40.0,35.5,36.1,64.6,55.2,Common,26.3,49.3,19.3,13.8,53.6,2.299999999999997,-2.400000000000002,-9.299999999999997,16.2,22.3,10.999999999999993
nitkocj01,C. J. Nitkowski,RP,Steroid Era (1994-2005),59.2,Common,52.5,26.0,72.6,51.1,25.8,57.7,Common,54.0,20.3,55.3,51.3,22.2,1.5,-1.5,5.699999999999999,17.299999999999997,-0.19999999999999574,3.6000000000000014
nixonwi01,Willard Nixon,SP,Integration (1942-1960),69.8,Uncommon,44.4,48.5,31.5,70.3,84.9,65.3,Uncommon,46.5,47.9,36.6,63.8,66.8,4.5,-2.1000000000000014,0.6000000000000014,-5.100000000000001,6.5,18.10000000000001
nolaaa01,Aaron Nola,SP,Modern Era (2016-Pres),89.8,Epic,87.1,86.2,73.6,58.7,83.6,83.9,Epic,87.0,84.5,64.2,34.2,83.5,5.8999999999999915,0.09999999999999432,1.7000000000000028,9.399999999999991,24.5,0.09999999999999432
nolanga01,Gary Nolan,SP,Expansion (1961-1976),81.1,Epic,66.2,71.7,60.6,47.9,90.0,80.6,Epic,51.1,90.6,63.1,45.6,83.5,0.5,15.100000000000001,-18.89999999999999,-2.5,2.299999999999997,6.5
nolasri01,Ricky Nolasco,SP,Efficiency Era (2006-2015),69.5,Uncommon,53.7,88.3,24.2,38.8,73.4,72.2,Rare,59.6,97.5,17.4,33.5,83.0,-2.700000000000003,-5.899999999999999,-9.200000000000003,6.800000000000001,5.299999999999997,-9.599999999999994
nolesdi01,Dickie Noles,RP,Big Hair Era (1977-1993),58.5,Common,33.7,39.2,50.0,68.3,26.1,58.8,Common,37.8,48.9,28.6,69.1,37.4,-0.29999999999999716,-4.099999999999994,-9.699999999999996,21.4,-0.7999999999999972,-11.299999999999997
nomohi01,Hideo Nomo,SP,Steroid Era (1994-2005),88.8,Epic,98.1,38.6,104.8,53.6,88.5,80.8,Epic,95.5,34.2,86.1,33.3,85.9,8.0,2.5999999999999943,4.399999999999999,18.700000000000003,20.300000000000004,2.5999999999999943
nopsje01,Jerry Nops,SP,The Genesis Era (1871-1900),76.1,Rare,30.9,75.6,30.9,83.1,90.3,77.0,Rare,41.9,75.8,41.6,82.0,74.2,-0.9000000000000057,-11.0,-0.20000000000000284,-10.700000000000003,1.0999999999999943,16.099999999999994
normafr01,Fred Norman,SP,Expansion (1961-1976),59.2,Common,68.3,27.0,43.0,24.0,66.2,72.2,Rare,60.1,42.6,56.4,48.4,83.7,-13.0,8.199999999999996,-15.600000000000001,-13.399999999999999,-24.4,-17.5
norribu01,Bud Norris,SP,Efficiency Era (2006-2015),58.9,Common,57.0,52.7,22.9,37.7,53.6,61.2,Uncommon,74.0,50.2,37.4,25.6,57.8,-2.3000000000000043,-17.0,2.5,-14.5,12.100000000000001,-4.199999999999996
norrida01,Daniel Norris,SP,Modern Era (2016-Pres),56.3,Common,52.8,66.1,6.3,13.9,40.2,56.0,Common,52.4,57.4,12.0,21.2,32.4,0.29999999999999716,0.3999999999999986,8.699999999999996,-5.7,-7.299999999999999,7.800000000000004
norrimi01,Mike Norris,SP,Big Hair Era (1977-1993),73.8,Rare,53.0,35.1,76.7,57.1,77.2,68.1,Uncommon,43.0,44.0,81.9,49.4,54.5,5.700000000000003,10.0,-8.899999999999999,-5.200000000000003,7.700000000000003,22.700000000000003
nottedo01,Don Nottebart,RP,Expansion (1961-1976),73.3,Rare,46.3,75.3,50.5,65.6,59.2,68.7,Uncommon,43.3,76.7,41.5,62.7,51.1,4.599999999999994,3.0,-1.4000000000000057,9.0,2.8999999999999915,8.100000000000001
novaiv01,Ivan Nova,SP,Modern Era (2016-Pres),59.6,Common,33.2,71.0,8.8,47.9,73.6,58.7,Common,31.9,84.1,5.0,29.0,70.6,0.8999999999999986,1.3000000000000043,-13.099999999999994,3.8000000000000007,18.9,3.0
nunezed01,Ed Nunez,RP,Big Hair Era (1977-1993),60.8,Uncommon,64.2,44.2,66.3,28.8,39.7,59.4,Common,69.9,43.5,52.2,34.9,31.0,1.3999999999999986,-5.700000000000003,0.7000000000000028,14.099999999999994,-6.099999999999998,8.700000000000003
nunezle01,Juan Carlos Oviedo,RP,Efficiency Era (2006-2015),58.7,Common,52.7,52.6,45.5,38.3,30.3,58.8,Common,52.8,58.9,52.1,33.0,24.6,-0.09999999999999432,-0.09999999999999432,-6.299999999999997,-6.600000000000001,5.299999999999997,5.699999999999999
nunezvl01,Vladimir Nunez,RP,Steroid Era (1994-2005),65.6,Uncommon,47.8,48.1,64.3,65.4,37.1,60.8,Uncommon,52.1,41.9,69.5,53.8,25.9,4.799999999999997,-4.300000000000004,6.200000000000003,-5.200000000000003,11.600000000000009,11.200000000000003
nunovi01,Vidal Nuno,RP,Efficiency Era (2006-2015),57.0,Common,50.8,65.0,40.8,11.9,23.1,56.3,Common,43.2,71.3,26.8,6.4,31.6,0.7000000000000028,7.599999999999994,-6.299999999999997,13.999999999999996,5.5,-8.5
nuxhajo01,Joe Nuxhall,SP,Integration (1942-1960),76.5,Rare,55.6,79.8,38.8,49.9,88.8,76.6,Rare,66.8,72.0,49.1,46.3,79.3,-0.09999999999999432,-11.199999999999996,7.799999999999997,-10.300000000000004,3.6000000000000014,9.5
oberba01,Bailey Ober,SP,Modern Era (2016-Pres),71.1,Rare,74.1,86.3,57.0,5.0,63.4,66.9,Uncommon,63.9,90.3,50.1,7.0,56.6,4.199999999999989,10.199999999999996,-4.0,6.899999999999999,-2.0,6.799999999999997
obergsc01,Scott Oberg,RP,Modern Era (2016-Pres),60.0,Uncommon,52.6,51.5,41.1,66.1,28.8,58.7,Common,47.6,46.3,44.0,56.0,26.4,1.2999999999999972,5.0,5.200000000000003,-2.8999999999999986,10.099999999999994,2.400000000000002
obriebu01,Buck O'Brien,SP,Deadball (1901-1919),70.2,Rare,57.6,38.1,52.0,70.2,63.2,69.1,Uncommon,57.5,41.3,55.5,54.6,68.0,1.1000000000000085,0.10000000000000142,-3.1999999999999957,-3.5,15.600000000000001,-4.799999999999997
obrieda02,Cinders O'Brien,SP,The Genesis Era (1871-1900),59.2,Common,31.3,5.0,34.0,56.8,101.8,59.2,Common,38.2,10.2,41.2,37.3,102.0,0.0,-6.900000000000002,-5.199999999999999,-7.200000000000003,19.5,-0.20000000000000284
odayda01,Darren O'Day,RP,Efficiency Era (2006-2015),78.2,Rare,67.4,80.5,84.8,56.4,32.4,83.9,Epic,77.9,79.3,107.6,57.4,31.7,-5.700000000000003,-10.5,1.2000000000000028,-22.799999999999997,-1.0,0.6999999999999993
odayha01,Hank O'Day,SP,The Genesis Era (1871-1900),58.9,Common,39.7,7.2,47.1,29.3,99.6,59.7,Common,42.8,23.6,49.2,27.4,94.3,-0.8000000000000043,-3.0999999999999943,-16.400000000000002,-2.1000000000000014,1.9000000000000021,5.299999999999997
odellbi01,Billy O'Dell,RP,Expansion (1961-1976),76.5,Rare,39.5,73.5,64.9,56.4,78.7,84.6,Epic,74.7,80.4,64.6,58.5,79.7,-8.099999999999994,-35.2,-6.900000000000006,0.30000000000001137,-2.1000000000000014,-1.0
odombl01,Blue Moon Odom,SP,Expansion (1961-1976),78.2,Rare,40.3,21.1,83.0,86.5,90.3,71.2,Rare,41.0,10.8,83.9,85.5,64.7,7.0,-0.7000000000000028,10.3,-0.9000000000000057,1.0,25.599999999999994
odonojo01,John O'Donoghue,SP,Expansion (1961-1976),59.6,Common,41.5,64.1,40.0,40.1,49.2,57.2,Common,31.7,60.1,24.0,31.9,47.0,2.3999999999999986,9.8,3.999999999999993,16.0,8.200000000000003,2.200000000000003
odorija01,Jake Odorizzi,SP,Modern Era (2016-Pres),71.6,Rare,66.6,66.1,47.6,30.9,76.8,69.3,Uncommon,66.0,61.1,51.1,35.3,64.2,2.299999999999997,0.5999999999999943,4.999999999999993,-3.5,-4.399999999999999,12.599999999999994
oeschjo01,Joe Oeschger,SP,Deadball (1901-1919),62.2,Uncommon,14.6,53.1,28.6,47.4,105.3,58.0,Common,16.2,46.3,30.6,35.6,79.9,4.200000000000003,-1.5999999999999996,6.800000000000004,-2.0,11.799999999999997,25.39999999999999
oflaher01,Eric O'Flaherty,RP,Efficiency Era (2006-2015),70.3,Rare,51.2,55.3,63.2,82.5,29.2,72.5,Rare,45.7,62.6,72.3,87.8,24.2,-2.200000000000003,5.5,-7.300000000000004,-9.099999999999994,-5.299999999999997,5.0
ogandal01,Alexi Ogando,RP,Efficiency Era (2006-2015),70.5,Rare,54.7,69.7,66.6,46.5,44.9,63.5,Uncommon,51.6,55.9,70.1,42.4,34.2,7.0,3.1000000000000014,13.800000000000004,-3.5,4.100000000000001,10.699999999999996
ogdencu01,Curly Ogden,RP,Golden Era (1920-1941),58.8,Common,30.9,24.0,85.9,48.7,32.2,57.6,Common,22.0,20.2,55.5,65.1,39.3,1.1999999999999957,8.899999999999999,3.8000000000000007,30.400000000000006,-16.39999999999999,-7.099999999999994
ogdenja01,Jack Ogden,RP,Golden Era (1920-1941),57.3,Common,14.0,52.8,30.2,30.0,69.7,56.9,Common,22.3,55.1,36.5,25.0,51.2,0.3999999999999986,-8.3,-2.3000000000000043,-6.300000000000001,5.0,18.5
ogeach01,Chad Ogea,SP,Steroid Era (1994-2005),58.8,Common,37.9,66.0,28.3,31.1,58.6,56.7,Common,32.6,64.0,25.6,13.7,50.1,2.0999999999999943,5.299999999999997,2.0,2.6999999999999993,17.400000000000002,8.5
ohkato01,Tomo Ohka,SP,Steroid Era (1994-2005),59.8,Common,33.9,83.0,9.7,41.6,69.5,58.9,Common,29.8,82.9,13.9,36.3,61.1,0.8999999999999986,4.099999999999998,0.09999999999999432,-4.200000000000001,5.300000000000004,8.399999999999999
ohlenro01,Ross Ohlendorf,RP,Efficiency Era (2006-2015),58.0,Common,37.3,59.5,38.7,18.7,54.0,56.1,Common,44.8,57.3,35.1,5.4,34.0,1.8999999999999986,-7.5,2.200000000000003,3.6000000000000014,13.299999999999999,20.0
ohmanwi01,Will Ohman,RP,Efficiency Era (2006-2015),58.1,Common,65.7,19.0,60.7,40.1,24.2,59.4,Common,68.5,33.2,56.1,49.9,23.6,-1.2999999999999972,-2.799999999999997,-14.200000000000003,4.600000000000001,-9.799999999999997,0.5999999999999979
ohse01,Seunghwan Oh,RP,Modern Era (2016-Pres),72.1,Rare,69.0,69.4,69.5,57.9,24.9,63.3,Uncommon,62.6,72.6,47.9,41.2,29.2,8.799999999999997,6.399999999999999,-3.1999999999999886,21.6,16.699999999999996,-4.300000000000001
ohtansh01,Shohei Ohtani,SP,Modern Era (2016-Pres),84.8,Epic,102.0,54.7,94.7,42.8,65.1,81.7,Epic,94.4,56.3,94.1,52.4,43.1,3.0999999999999943,7.599999999999994,-1.5999999999999943,0.6000000000000085,-9.600000000000001,21.999999999999993
ojedabo01,Bob Ojeda,SP,Big Hair Era (1977-1993),71.0,Rare,48.5,48.5,44.9,57.7,85.7,77.1,Rare,51.0,65.3,50.9,69.3,79.5,-6.099999999999994,-2.5,-16.799999999999997,-6.0,-11.599999999999994,6.200000000000003
okajihi01,Hideki Okajima,RP,Efficiency Era (2006-2015),64.2,Uncommon,58.5,58.2,66.4,41.9,32.0,59.4,Common,52.1,57.0,53.9,44.4,23.7,4.800000000000004,6.399999999999999,1.2000000000000028,12.500000000000007,-2.5,8.3
okertst01,Steven Okert,RP,Modern Era (2016-Pres),67.2,Uncommon,66.7,44.8,87.1,43.8,26.5,64.5,Uncommon,69.3,48.3,80.1,37.5,22.8,2.700000000000003,-2.5999999999999943,-3.5,7.0,6.299999999999997,3.6999999999999993
oldhare01,Red Oldham,RP,Golden Era (1920-1941),58.3,Common,22.5,51.2,21.8,63.9,53.3,58.9,Common,22.4,55.5,14.3,74.0,56.8,-0.6000000000000014,0.10000000000000142,-4.299999999999997,7.5,-10.100000000000001,-3.5
olinst01,Steve Olin,RP,Big Hair Era (1977-1993),61.4,Uncommon,48.5,58.5,30.5,68.7,39.5,65.1,Uncommon,50.3,61.2,42.3,71.1,35.9,-3.6999999999999957,-1.7999999999999972,-2.700000000000003,-11.799999999999997,-2.3999999999999915,3.6000000000000014
olivaom01,Omar Olivares,SP,Steroid Era (1994-2005),56.6,Common,21.7,32.0,20.4,51.2,59.8,59.8,Common,25.0,43.2,37.6,59.1,73.1,-3.1999999999999957,-3.3000000000000007,-11.200000000000003,-17.200000000000003,-7.899999999999999,-13.299999999999997
oliveda02,Darren Oliver,RP,Efficiency Era (2006-2015),65.0,Uncommon,43.1,54.5,44.6,66.7,51.5,59.6,Common,37.4,55.1,35.0,51.0,55.7,5.399999999999999,5.700000000000003,-0.6000000000000014,9.600000000000001,15.700000000000003,-4.200000000000003
olsensc01,Scott Olsen,SP,Efficiency Era (2006-2015),57.5,Common,46.9,43.5,42.2,5.0,61.7,55.2,Common,44.5,43.4,11.5,5.9,55.9,2.299999999999997,2.3999999999999986,0.10000000000000142,30.700000000000003,-0.9000000000000004,5.800000000000004
olsenve01,Vern Olsen,RP,Golden Era (1920-1941),66.2,Uncommon,43.4,49.0,40.1,75.8,56.8,63.6,Uncommon,44.0,47.6,40.8,72.0,50.3,2.6000000000000014,-0.6000000000000014,1.3999999999999986,-0.6999999999999957,3.799999999999997,6.5
olsongr01,Gregg Olson,RP,Big Hair Era (1977-1993),80.4,Epic,92.2,29.4,88.5,85.3,36.8,81.3,Epic,92.9,36.7,85.5,91.1,31.5,-0.8999999999999915,-0.7000000000000028,-7.300000000000004,3.0,-5.799999999999997,5.299999999999997
ondrulo01,Logan Ondrusek,RP,Efficiency Era (2006-2015),56.3,Common,35.9,32.6,50.0,31.9,29.1,56.9,Common,45.9,44.9,43.4,31.9,24.6,-0.6000000000000014,-10.0,-12.299999999999997,6.600000000000001,0.0,4.5
ontivst02,Steve Ontiveros,RP,Big Hair Era (1977-1993),70.0,Rare,38.6,70.4,74.1,43.7,53.4,64.8,Uncommon,40.4,71.4,59.4,50.3,37.8,5.200000000000003,-1.7999999999999972,-1.0,14.699999999999996,-6.599999999999994,15.600000000000001
oroscje01,Jesse Orosco,RP,Big Hair Era (1977-1993),81.3,Epic,77.6,52.3,89.8,70.3,47.6,82.1,Epic,85.5,44.8,106.0,64.7,42.0,-0.7999999999999972,-7.900000000000006,7.5,-16.200000000000003,5.599999999999994,5.600000000000001
ortegph01,Phil Ortega,SP,Expansion (1961-1976),68.2,Uncommon,45.8,70.7,60.7,13.5,82.6,58.6,Common,44.6,58.0,57.9,5.0,52.2,9.600000000000001,1.1999999999999957,12.700000000000003,2.8000000000000043,8.5,30.39999999999999
orthal01,Al Orth,SP,Deadball (1901-1919),89.1,Epic,27.2,103.9,50.7,94.0,109.5,78.6,Rare,12.0,106.9,21.2,80.9,102.2,10.5,15.2,-3.0,29.500000000000004,13.099999999999994,7.299999999999997
ortizra01,Ramon Ortiz,SP,Steroid Era (1994-2005),59.1,Common,46.6,62.4,32.5,5.0,80.7,57.8,Common,41.8,64.5,28.4,5.0,64.5,1.3000000000000043,4.800000000000004,-2.1000000000000014,4.100000000000001,0.0,16.200000000000003
ortizru01,Russ Ortiz,SP,Steroid Era (1994-2005),72.4,Rare,54.7,16.2,64.4,68.0,88.8,68.6,Uncommon,55.3,15.2,65.3,57.9,81.1,3.8000000000000114,-0.5999999999999943,1.0,-0.8999999999999915,10.100000000000001,7.700000000000003
osbordo01,Donovan Osborne,SP,Steroid Era (1994-2005),62.5,Uncommon,38.7,72.8,37.6,34.6,66.4,63.7,Uncommon,39.7,82.2,36.9,40.2,56.0,-1.2000000000000028,-1.0,-9.400000000000006,0.7000000000000028,-5.600000000000001,10.400000000000006
osichjo01,Josh Osich,RP,Modern Era (2016-Pres),55.4,Common,38.6,63.6,35.3,5.0,22.4,54.3,Common,44.5,46.7,28.5,5.0,21.3,1.1000000000000014,-5.899999999999999,16.9,6.799999999999997,0.0,1.0999999999999979
osinsda01,Dan Osinski,RP,Expansion (1961-1976),58.5,Common,48.3,30.8,38.0,51.1,48.8,58.5,Common,50.2,31.3,44.9,54.6,35.5,0.0,-1.9000000000000057,-0.5,-6.899999999999999,-3.5,13.299999999999997
osteecl01,Claude Osteen,SP,Expansion (1961-1976),82.7,Epic,29.4,83.0,49.5,79.2,105.3,82.1,Epic,30.5,89.9,42.4,81.0,98.8,0.6000000000000085,-1.1000000000000014,-6.900000000000006,7.100000000000001,-1.7999999999999972,6.5
osterfr01,Fritz Ostermueller,SP,Integration (1942-1960),64.1,Uncommon,20.9,48.0,28.2,93.5,65.8,64.9,Uncommon,28.4,38.7,41.6,69.4,81.7,-0.8000000000000114,-7.5,9.299999999999997,-13.400000000000002,24.099999999999994,-15.900000000000006
osunaal01,Al Osuna,RP,Big Hair Era (1977-1993),57.3,Common,52.0,40.0,53.2,33.1,17.7,58.8,Common,60.4,20.4,74.5,43.9,22.1,-1.5,-8.399999999999999,19.6,-21.299999999999997,-10.799999999999997,-4.400000000000002
osunaan01,Antonio Osuna,RP,Steroid Era (1994-2005),74.1,Rare,83.5,46.7,82.8,52.6,35.1,76.2,Rare,87.5,47.0,76.1,69.8,30.9,-2.1000000000000085,-4.0,-0.29999999999999716,6.700000000000003,-17.199999999999996,4.200000000000003
osunaro01,Roberto Osuna,RP,Modern Era (2016-Pres),74.8,Rare,66.8,80.9,80.2,41.5,34.8,81.3,Epic,67.8,92.9,86.5,64.1,26.5,-6.5,-1.0,-12.0,-6.299999999999997,-22.599999999999994,8.299999999999997
oswalro01,Roy Oswalt,SP,Efficiency Era (2006-2015),79.2,Rare,62.3,75.8,37.8,68.0,82.6,89.7,Epic,72.3,97.1,55.0,75.7,88.9,-10.5,-10.0,-21.299999999999997,-17.200000000000003,-7.700000000000003,-6.300000000000011
oteroda01,Dan Otero,RP,Modern Era (2016-Pres),70.6,Rare,25.7,88.7,40.5,95.5,32.7,60.3,Uncommon,25.1,103.6,18.6,68.3,25.5,10.299999999999997,0.5999999999999979,-14.899999999999991,21.9,27.200000000000003,7.200000000000003
otoolji01,Jim O'Toole,SP,Expansion (1961-1976),85.3,Epic,55.1,73.2,52.8,86.7,94.3,80.5,Epic,56.6,69.2,53.8,72.4,81.2,4.799999999999997,-1.5,4.0,-1.0,14.299999999999997,13.099999999999994
otsukak01,Akinori Otsuka,RP,Efficiency Era (2006-2015),72.4,Rare,57.6,66.2,66.5,73.7,28.2,72.6,Rare,57.8,58.2,69.7,77.0,30.2,-0.19999999999998863,-0.19999999999999574,8.0,-3.200000000000003,-3.299999999999997,-2.0
ottavad01,Adam Ottavino,RP,Modern Era (2016-Pres),75.4,Rare,78.7,44.6,77.0,70.1,36.9,73.6,Rare,81.2,39.4,75.2,67.1,35.3,1.8000000000000114,-2.5,5.200000000000003,1.7999999999999972,3.0,1.6000000000000014
overaor01,Orval Overall,SP,Deadball (1901-1919),93.0,Legendary,78.0,43.0,86.6,103.3,106.1,91.9,Legendary,84.6,40.2,91.0,100.8,90.4,1.0999999999999943,-6.599999999999994,2.799999999999997,-4.400000000000006,2.5,15.699999999999989
overmst01,Stubby Overmire,SP,Integration (1942-1960),59.6,Common,6.9,75.3,14.1,71.5,67.8,63.7,Uncommon,5.0,85.0,13.0,89.5,62.3,-4.100000000000001,1.9000000000000004,-9.700000000000003,1.0999999999999996,-18.0,5.5
owchibo01,Bob Owchinko,RP,Big Hair Era (1977-1993),57.3,Common,35.2,39.1,16.9,42.5,62.8,57.5,Common,33.5,46.4,33.0,43.3,43.1,-0.20000000000000284,1.7000000000000028,-7.299999999999997,-16.1,-0.7999999999999972,19.699999999999996
owenfr01,Frank Owen,SP,Deadball (1901-1919),89.8,Epic,12.8,100.6,67.3,97.8,110.6,81.1,Epic,19.9,90.3,59.4,89.0,78.1,8.700000000000003,-7.099999999999998,10.299999999999997,7.899999999999999,8.799999999999997,32.5
owensji01,Jim Owens,SP,Expansion (1961-1976),71.5,Rare,55.2,58.8,40.2,70.7,62.8,59.2,Common,44.9,58.7,23.8,53.0,47.1,12.299999999999997,10.300000000000004,0.09999999999999432,16.400000000000002,17.700000000000003,15.699999999999996
owenssm01,Smoky Owens,SP,Golden Era (1920-1941),59.8,Common,59.2,56.4,66.5,36.3,20.5,66.2,Uncommon,55.3,58.5,75.0,38.4,37.8,-6.400000000000006,3.9000000000000057,-2.1000000000000014,-8.5,-2.1000000000000014,-17.299999999999997
package01,Gene Packard,SP,Deadball (1901-1919),57.5,Common,22.2,78.2,36.9,13.6,49.4,71.4,Rare,28.5,73.0,33.9,73.5,78.1,-13.900000000000006,-6.300000000000001,5.200000000000003,3.0,-59.9,-28.699999999999996
paddach01,Chris Paddack,SP,Modern Era (2016-Pres),58.5,Common,56.5,79.7,31.3,5.0,44.8,58.5,Common,55.4,90.9,24.7,5.0,41.2,0.0,1.1000000000000014,-11.200000000000003,6.600000000000001,0.0,3.5999999999999943
padilvi01,Vicente Padilla,SP,Efficiency Era (2006-2015),67.8,Uncommon,39.4,67.3,29.7,48.7,86.4,62.3,Uncommon,42.0,67.5,31.6,34.9,73.3,5.5,-2.6000000000000014,-0.20000000000000284,-1.9000000000000021,13.800000000000004,13.100000000000009
padroju01,Juan Padrón,SP,Golden Era (1920-1941),82.7,Epic,60.0,76.6,74.5,87.6,47.9,97.1,Legendary,84.7,79.8,87.5,101.9,100.6,-14.399999999999991,-24.700000000000003,-3.200000000000003,-13.0,-14.300000000000011,-52.699999999999996
paganem01,Emilio Pagan,RP,Modern Era (2016-Pres),74.4,Rare,72.3,66.7,96.8,31.8,34.7,71.0,Rare,73.4,73.5,89.7,21.5,27.2,3.4000000000000057,-1.1000000000000085,-6.799999999999997,7.099999999999994,10.3,7.5000000000000036
pagejo01,Joe Page,RP,Integration (1942-1960),79.8,Rare,82.6,16.6,83.9,88.1,58.5,72.2,Rare,78.7,12.7,63.9,83.4,52.6,7.599999999999994,3.8999999999999915,3.900000000000002,20.000000000000007,4.699999999999989,5.899999999999999
paigesa01,Satchel Paige,SP,Golden Era (1920-1941),99.9,Legendary,125.0,84.4,115.4,103.1,58.1,99.9,Legendary,125.0,78.9,111.8,85.8,93.4,0.0,0.0,5.5,3.6000000000000085,17.299999999999997,-35.300000000000004
paintla01,Lance Painter,RP,Steroid Era (1994-2005),56.5,Common,53.0,50.9,29.5,23.6,26.6,56.9,Common,48.0,58.0,23.3,35.3,25.2,-0.3999999999999986,5.0,-7.100000000000001,6.199999999999999,-11.699999999999996,1.4000000000000021
palicer01,Erv Palica,RP,Integration (1942-1960),64.8,Uncommon,63.7,22.0,59.4,49.6,64.5,59.7,Common,51.7,29.3,56.2,47.4,51.8,5.099999999999994,12.0,-7.300000000000001,3.1999999999999957,2.200000000000003,12.700000000000003
palldo01,Donn Pall,RP,Big Hair Era (1977-1993),59.2,Common,47.4,72.8,44.5,34.9,29.3,59.3,Common,44.6,82.0,33.2,40.7,29.4,-0.09999999999999432,2.799999999999997,-9.200000000000003,11.299999999999997,-5.800000000000004,-0.09999999999999787
palmeda01,David Palmer,SP,Big Hair Era (1977-1993),71.1,Rare,57.3,52.3,55.4,50.9,69.6,70.7,Rare,61.5,45.7,48.2,64.1,64.2,0.3999999999999915,-4.200000000000003,6.599999999999994,7.199999999999996,-13.199999999999996,5.3999999999999915
palmeji01,Jim Palmer,SP,Expansion (1961-1976),88.7,Epic,38.5,77.7,83.0,72.3,111.5,89.5,Epic,41.1,73.5,88.9,75.1,108.7,-0.7999999999999972,-2.6000000000000014,4.200000000000003,-5.900000000000006,-2.799999999999997,2.799999999999997
paniajo01,Jose Paniagua,RP,Steroid Era (1994-2005),59.8,Common,63.0,22.6,59.0,63.0,30.0,57.8,Common,56.4,26.6,53.0,44.7,24.7,2.0,6.600000000000001,-4.0,6.0,18.299999999999997,5.300000000000001
papela01,Larry Pape,RP,Deadball (1901-1919),56.5,Common,30.4,45.9,21.4,40.4,45.6,57.4,Common,37.6,50.8,34.3,24.2,50.9,-0.8999999999999986,-7.200000000000003,-4.899999999999999,-12.899999999999999,16.2,-5.299999999999997
papeljo01,Jonathan Papelbon,RP,Efficiency Era (2006-2015),84.0,Epic,86.4,68.3,100.4,66.8,32.4,91.3,Legendary,97.1,89.5,103.8,78.3,33.2,-7.299999999999997,-10.699999999999989,-21.200000000000003,-3.3999999999999915,-11.5,-0.8000000000000043
papisfr01,Frank Papish,RP,Integration (1942-1960),65.0,Uncommon,35.3,18.1,57.0,88.6,61.2,59.9,Common,39.3,12.0,58.0,83.2,47.0,5.100000000000001,-4.0,6.100000000000001,-1.0,5.3999999999999915,14.200000000000003
pappami01,Milt Pappas,SP,Expansion (1961-1976),63.4,Uncommon,25.7,71.4,25.0,56.1,75.5,76.2,Rare,33.1,93.2,44.4,50.5,90.3,-12.800000000000004,-7.400000000000002,-21.799999999999997,-19.4,5.600000000000001,-14.799999999999997
parkch01,Chan Ho Park,SP,Steroid Era (1994-2005),82.8,Epic,84.1,30.1,97.9,45.0,89.9,78.2,Rare,80.4,33.1,86.1,46.9,75.0,4.599999999999994,3.6999999999999886,-3.0,11.800000000000011,-1.8999999999999986,14.900000000000006
parkebl01,Blake Parker,RP,Modern Era (2016-Pres),59.9,Common,62.0,63.9,54.1,30.0,29.6,61.7,Uncommon,68.5,59.7,63.0,31.6,24.1,-1.8000000000000043,-6.5,4.199999999999996,-8.899999999999999,-1.6000000000000014,5.5
parkeja02,Jarrod Parker,SP,Efficiency Era (2006-2015),64.7,Uncommon,42.9,57.3,49.4,50.2,59.2,67.4,Uncommon,42.6,61.3,55.8,53.5,56.8,-2.700000000000003,0.29999999999999716,-4.0,-6.399999999999999,-3.299999999999997,2.4000000000000057
parmero01,Roy Parmelee,SP,Golden Era (1920-1941),63.7,Uncommon,48.2,25.1,71.3,44.1,66.3,67.4,Uncommon,55.7,28.8,70.9,54.6,59.9,-3.700000000000003,-7.5,-3.6999999999999993,0.3999999999999915,-10.5,6.399999999999999
parnebo01,Bobby Parnell,RP,Efficiency Era (2006-2015),66.9,Uncommon,53.7,67.4,40.6,80.4,25.6,65.8,Uncommon,57.4,60.2,43.8,80.8,21.4,1.1000000000000085,-3.6999999999999957,7.200000000000003,-3.1999999999999957,-0.3999999999999915,4.200000000000003
parneme01,Mel Parnell,SP,Integration (1942-1960),71.9,Rare,21.1,37.8,43.2,89.2,98.5,72.9,Rare,29.0,38.1,52.3,83.7,91.5,-1.0,-7.899999999999999,-0.30000000000000426,-9.099999999999994,5.5,7.0
parrama01,Manny Parra,RP,Efficiency Era (2006-2015),57.8,Common,66.3,34.9,20.1,44.1,39.7,57.7,Common,72.1,30.1,19.8,45.7,34.9,0.09999999999999432,-5.799999999999997,4.799999999999997,0.3000000000000007,-1.6000000000000014,4.800000000000004
parreje01,Jeff Parrett,RP,Big Hair Era (1977-1993),70.8,Rare,72.0,29.9,76.6,58.1,47.4,70.2,Rare,85.0,28.3,69.7,57.0,40.8,0.5999999999999943,-13.0,1.5999999999999979,6.8999999999999915,1.1000000000000014,6.600000000000001
parrist01,Steve Parris,SP,Steroid Era (1994-2005),57.5,Common,43.3,51.1,19.1,22.0,64.0,54.9,Common,37.4,52.8,9.6,7.9,49.5,2.6000000000000014,5.899999999999999,-1.6999999999999957,9.500000000000002,14.1,14.5
partlro01,Roy Partlow,SP,Integration (1942-1960),83.0,Epic,70.8,61.5,83.2,87.8,44.7,84.9,Epic,69.7,67.1,57.3,96.0,69.4,-1.9000000000000057,1.0999999999999943,-5.599999999999994,25.900000000000006,-8.200000000000003,-24.700000000000003
pascuca02,Camilo Pascual,SP,Expansion (1961-1976),86.2,Epic,82.8,56.4,73.6,58.4,96.6,86.2,Epic,80.4,68.8,67.3,60.9,90.1,0.0,2.3999999999999915,-12.399999999999999,6.299999999999997,-2.5,6.5
passecl01,Claude Passeau,SP,Golden Era (1920-1941),85.8,Epic,44.0,89.4,43.1,93.7,95.2,86.2,Epic,43.0,87.0,46.4,92.8,98.2,-0.4000000000000057,1.0,2.4000000000000057,-3.299999999999997,0.9000000000000057,-3.0
pastofr01,Frank Pastore,SP,Big Hair Era (1977-1993),67.5,Uncommon,36.5,74.5,24.8,69.5,64.9,63.7,Uncommon,37.6,74.2,26.0,58.6,58.7,3.799999999999997,-1.1000000000000014,0.29999999999999716,-1.1999999999999993,10.899999999999999,6.200000000000003
patejo01,Joe Pate,RP,Golden Era (1920-1941),57.9,Common,33.6,35.8,41.9,51.0,44.4,59.2,Common,40.5,43.4,50.1,46.3,48.2,-1.3000000000000043,-6.899999999999999,-7.600000000000001,-8.200000000000003,4.700000000000003,-3.8000000000000043
pattebo01,Bob Patterson,RP,Steroid Era (1994-2005),65.6,Uncommon,56.0,70.2,55.8,46.9,33.8,67.8,Uncommon,60.3,79.1,65.0,37.1,30.1,-2.200000000000003,-4.299999999999997,-8.899999999999991,-9.200000000000003,9.799999999999997,3.6999999999999957
patteca01,Casey Patten,SP,Deadball (1901-1919),80.2,Epic,33.7,74.6,22.5,90.0,110.5,74.6,Rare,27.1,72.6,15.4,81.8,106.3,5.6000000000000085,6.600000000000001,2.0,7.1,8.200000000000003,4.200000000000003
patteda04,Danny Patterson,RP,Steroid Era (1994-2005),61.8,Uncommon,39.6,73.9,25.0,76.7,32.1,59.6,Common,41.8,76.8,25.2,65.7,24.7,2.1999999999999957,-2.1999999999999957,-2.8999999999999915,-0.1999999999999993,11.0,7.400000000000002
pattejo02,John Patterson,SP,Steroid Era (1994-2005),72.2,Rare,76.1,67.0,63.1,40.9,44.0,60.9,Uncommon,73.6,50.5,52.9,28.5,38.1,11.300000000000004,2.5,16.5,10.200000000000003,12.399999999999999,5.899999999999999
patteke01,Ken Patterson,RP,Big Hair Era (1977-1993),56.5,Common,42.1,12.8,61.5,36.1,31.5,55.5,Common,43.4,19.8,58.7,20.5,24.1,1.0,-1.2999999999999972,-7.0,2.799999999999997,15.600000000000001,7.399999999999999
pattero01,Roy Patterson,SP,Deadball (1901-1919),71.9,Rare,14.9,83.5,16.9,68.1,106.2,77.0,Rare,19.4,95.3,37.5,79.6,83.6,-5.099999999999994,-4.499999999999998,-11.799999999999997,-20.6,-11.5,22.60000000000001
pattima01,Marty Pattin,SP,Expansion (1961-1976),79.2,Rare,49.0,74.7,57.2,58.1,87.6,76.3,Rare,41.6,82.0,58.5,47.9,81.6,2.9000000000000057,7.399999999999999,-7.299999999999997,-1.2999999999999972,10.200000000000003,6.0
paulmi01,Mike Paul,RP,Expansion (1961-1976),65.5,Uncommon,59.6,43.3,45.2,66.7,47.6,59.1,Common,64.4,46.2,33.6,38.8,43.9,6.399999999999999,-4.800000000000004,-2.9000000000000057,11.600000000000001,27.900000000000006,3.700000000000003
pavanca01,Carl Pavano,SP,Efficiency Era (2006-2015),70.3,Rare,26.9,90.0,29.7,55.7,79.4,72.0,Rare,35.0,99.0,25.2,50.0,80.9,-1.7000000000000028,-8.100000000000001,-9.0,4.5,5.700000000000003,-1.5
pavliro01,Roger Pavlik,SP,Steroid Era (1994-2005),59.6,Common,53.2,27.6,39.7,33.6,81.2,58.1,Common,49.8,27.8,40.9,40.4,50.5,1.5,3.4000000000000057,-0.1999999999999993,-1.1999999999999957,-6.799999999999997,30.700000000000003
paxtoja01,James Paxton,SP,Modern Era (2016-Pres),77.1,Rare,98.7,64.4,54.4,30.9,67.6,74.1,Rare,82.8,69.9,51.7,44.9,51.5,3.0,15.900000000000006,-5.5,2.6999999999999957,-14.0,16.099999999999994
payamjo01,Joel Payamps,RP,Modern Era (2016-Pres),61.2,Uncommon,51.5,67.5,60.4,41.1,24.5,59.5,Common,47.2,65.4,52.6,45.3,22.7,1.7000000000000028,4.299999999999997,2.0999999999999943,7.799999999999997,-4.199999999999996,1.8000000000000007
peacobr01,Brad Peacock,SP,Modern Era (2016-Pres),68.2,Uncommon,86.7,44.2,63.3,32.6,46.5,61.8,Uncommon,73.1,43.1,70.0,30.9,30.0,6.400000000000006,13.600000000000009,1.1000000000000014,-6.700000000000003,1.7000000000000028,16.5
pearsmo01,Monte Pearson,SP,Golden Era (1920-1941),68.9,Uncommon,55.6,5.0,75.7,64.6,75.1,65.6,Uncommon,59.6,5.0,65.3,55.1,77.5,3.3000000000000114,-4.0,0.0,10.400000000000006,9.499999999999993,-2.4000000000000057
peavyja01,Jake Peavy,SP,Efficiency Era (2006-2015),87.7,Epic,85.8,73.9,73.6,57.8,85.8,85.2,Epic,83.5,71.6,76.8,45.1,84.3,2.5,2.299999999999997,2.3000000000000114,-3.200000000000003,12.699999999999996,1.5
pelfrmi01,Mike Pelfrey,SP,Efficiency Era (2006-2015),63.5,Uncommon,19.8,64.1,5.0,83.2,82.1,59.1,Common,20.2,64.7,5.0,69.3,68.2,4.399999999999999,-0.3999999999999986,-0.6000000000000085,0.0,13.900000000000006,13.899999999999991
peltyba01,Barney Pelty,SP,Deadball (1901-1919),82.6,Epic,28.7,64.4,74.5,87.6,90.3,87.0,Epic,29.4,74.5,75.3,100.1,93.1,-4.400000000000006,-0.6999999999999993,-10.099999999999994,-0.7999999999999972,-12.5,-2.799999999999997
penaal01,Alejandro Peña,RP,Big Hair Era (1977-1993),75.5,Rare,57.8,77.8,47.5,79.0,45.6,84.8,Epic,76.6,77.3,68.2,83.6,53.3,-9.299999999999997,-18.799999999999997,0.5,-20.700000000000003,-4.599999999999994,-7.699999999999996
penaor01,Orlando Peña,RP,Expansion (1961-1976),62.2,Uncommon,44.8,77.1,35.8,34.0,57.2,65.7,Uncommon,52.7,79.4,52.6,31.4,46.8,-3.5,-7.900000000000006,-2.3000000000000114,-16.800000000000004,2.6000000000000014,10.400000000000006
penato03,Tony Peña,RP,Efficiency Era (2006-2015),59.0,Common,41.2,60.3,36.6,55.7,32.0,57.8,Common,38.1,58.7,26.7,49.3,31.8,1.2000000000000028,3.1000000000000014,1.5999999999999943,9.900000000000002,6.400000000000006,0.1999999999999993
pennohe01,Herb Pennock,SP,Golden Era (1920-1941),79.3,Rare,23.4,81.2,42.7,78.8,101.1,82.6,Epic,15.5,90.4,47.0,97.7,95.3,-3.299999999999997,7.899999999999999,-9.200000000000003,-4.299999999999997,-18.900000000000006,5.799999999999997
pennybr01,Brad Penny,SP,Steroid Era (1994-2005),73.3,Rare,50.7,68.4,26.8,66.3,84.4,76.9,Rare,51.6,79.3,39.7,63.8,80.6,-3.6000000000000085,-0.8999999999999986,-10.899999999999991,-12.900000000000002,2.5,3.8000000000000114
pepiory01,Ryan Pepiot,SP,Modern Era (2016-Pres),65.8,Uncommon,68.2,53.8,74.8,13.2,53.3,65.3,Uncommon,63.8,49.5,78.9,24.3,45.1,0.5,4.400000000000006,4.299999999999997,-4.1000000000000085,-11.100000000000001,8.199999999999996
peralfr01,Freddy Peralta,SP,Modern Era (2016-Pres),82.1,Epic,98.6,40.4,99.6,30.0,74.0,82.4,Epic,98.6,45.5,106.2,38.0,56.3,-0.30000000000001137,0.0,-5.100000000000001,-6.6000000000000085,-8.0,17.700000000000003
peraljo01,Joel Peralta,RP,Efficiency Era (2006-2015),68.3,Uncommon,54.0,77.3,65.2,42.8,34.1,71.6,Rare,66.2,73.9,80.5,35.2,32.2,-3.299999999999997,-12.200000000000003,3.3999999999999915,-15.299999999999997,7.599999999999994,1.8999999999999986
peralwa01,Wandy Peralta,RP,Modern Era (2016-Pres),59.7,Common,45.1,35.6,60.8,65.4,30.3,59.6,Common,44.5,42.4,66.6,55.8,26.0,0.10000000000000142,0.6000000000000014,-6.799999999999997,-5.799999999999997,9.600000000000009,4.300000000000001
peralwi01,Wily Peralta,SP,Modern Era (2016-Pres),57.5,Common,35.8,44.5,25.5,41.8,52.1,56.4,Common,33.8,47.6,14.1,42.8,44.0,1.1000000000000014,2.0,-3.1000000000000014,11.4,-1.0,8.100000000000001
percitr01,Troy Percival,RP,Steroid Era (1994-2005),85.4,Epic,104.7,45.5,124.7,53.9,34.1,87.4,Epic,116.4,45.9,125.0,56.4,31.3,-2.0,-11.700000000000003,-0.3999999999999986,-0.29999999999999716,-2.5,2.8000000000000007
perduhu01,Hub Perdue,SP,Deadball (1901-1919),60.9,Uncommon,33.4,86.3,5.0,32.6,86.4,58.1,Common,28.5,85.5,7.3,8.2,80.5,2.799999999999997,4.899999999999999,0.7999999999999972,-2.3,24.400000000000002,5.900000000000006
perezca01,Carlos Perez,SP,Steroid Era (1994-2005),64.2,Uncommon,35.8,84.8,29.6,47.6,59.0,59.2,Common,27.5,85.8,16.1,26.0,72.6,5.0,8.299999999999997,-1.0,13.5,21.6,-13.599999999999994
perezch01,Chris Perez,RP,Efficiency Era (2006-2015),65.2,Uncommon,54.4,44.5,76.7,55.4,30.1,61.7,Uncommon,66.4,37.7,80.5,35.2,27.1,3.5,-12.000000000000007,6.799999999999997,-3.799999999999997,20.199999999999996,3.0
perezci01,Cionel Perez,RP,Modern Era (2016-Pres),58.1,Common,40.5,38.0,48.9,63.1,20.0,58.2,Common,45.3,23.1,47.6,74.3,21.2,-0.10000000000000142,-4.799999999999997,14.899999999999999,1.2999999999999972,-11.199999999999996,-1.1999999999999993
perezma02,Martin Perez,SP,Modern Era (2016-Pres),59.1,Common,29.1,47.8,5.0,61.2,83.1,58.3,Common,31.9,52.1,15.9,50.3,62.7,0.8000000000000043,-2.799999999999997,-4.300000000000004,-10.9,10.900000000000006,20.39999999999999
perezme01,Melido Perez,SP,Big Hair Era (1977-1993),78.3,Rare,85.0,43.8,68.6,45.6,78.9,72.2,Rare,79.2,40.3,61.7,34.4,75.5,6.099999999999994,5.799999999999997,3.5,6.8999999999999915,11.200000000000003,3.4000000000000057
perezmi01,Mike Perez,RP,Big Hair Era (1977-1993),65.5,Uncommon,50.5,55.8,57.9,58.6,39.5,64.7,Uncommon,52.2,57.6,62.4,62.7,24.0,0.7999999999999972,-1.7000000000000028,-1.8000000000000043,-4.5,-4.100000000000001,15.5
perezod01,Odalis Perez,SP,Steroid Era (1994-2005),73.7,Rare,48.4,89.1,47.6,30.6,83.0,70.1,Rare,50.6,87.2,44.9,33.9,63.9,3.6000000000000085,-2.200000000000003,1.8999999999999915,2.700000000000003,-3.299999999999997,19.1
perezol01,Oliver Perez,SP,Efficiency Era (2006-2015),75.2,Rare,97.3,33.0,91.9,33.8,50.4,71.5,Rare,90.4,26.3,83.5,35.2,52.1,3.700000000000003,6.8999999999999915,6.699999999999999,8.400000000000006,-1.4000000000000057,-1.7000000000000028
perezpa01,Pascual Perez,SP,Big Hair Era (1977-1993),81.3,Epic,60.7,85.2,71.8,48.8,71.2,79.7,Rare,58.5,91.0,63.8,48.4,67.2,1.5999999999999943,2.200000000000003,-5.799999999999997,8.0,0.3999999999999986,4.0
perezra01,Rafael Perez,RP,Efficiency Era (2006-2015),63.8,Uncommon,60.2,58.2,46.4,57.5,33.0,59.7,Common,49.8,56.2,41.0,64.6,24.4,4.099999999999994,10.400000000000006,2.0,5.399999999999999,-7.099999999999994,8.600000000000001
perezyo01,Yorkis Perez,RP,Steroid Era (1994-2005),60.8,Uncommon,56.2,42.9,65.7,55.2,23.3,59.6,Common,59.5,40.7,67.0,46.7,20.4,1.1999999999999957,-3.299999999999997,2.1999999999999957,-1.2999999999999972,8.5,2.900000000000002
perkigl01,Glen Perkins,RP,Efficiency Era (2006-2015),75.6,Rare,79.1,68.3,68.8,59.9,32.4,63.1,Uncommon,60.8,82.5,39.3,34.7,35.2,12.499999999999993,18.299999999999997,-14.200000000000003,29.5,25.199999999999996,-2.8000000000000043
perkoha01,Harry Perkowski,RP,Integration (1942-1960),59.2,Common,35.5,42.8,26.4,50.7,73.2,57.5,Common,38.9,40.0,32.9,45.9,42.4,1.7000000000000028,-3.3999999999999986,2.799999999999997,-6.5,4.800000000000004,30.800000000000004
perraro01,Ron Perranoski,RP,Expansion (1961-1976),70.5,Rare,40.0,39.7,68.2,81.1,53.4,75.1,Rare,41.9,47.2,66.3,98.4,52.2,-4.599999999999994,-1.8999999999999986,-7.5,1.9000000000000057,-17.30000000000001,1.1999999999999957
perripo01,Pol Perritt,SP,Deadball (1901-1919),76.1,Rare,35.4,71.3,52.5,53.9,97.5,73.5,Rare,31.7,79.7,54.1,53.3,79.0,2.5999999999999943,3.6999999999999993,-8.400000000000006,-1.6000000000000014,0.6000000000000014,18.5
perryga01,Gaylord Perry,SP,Expansion (1961-1976),93.3,Legendary,61.1,83.1,97.4,72.0,106.1,90.8,Legendary,64.2,84.5,77.8,60.8,109.9,2.5,-3.1000000000000014,-1.4000000000000057,19.60000000000001,11.200000000000003,-3.8000000000000114
perryji01,Jim Perry,SP,Expansion (1961-1976),78.1,Rare,18.7,86.8,44.6,80.8,89.9,81.5,Epic,35.3,84.2,60.7,73.9,85.0,-3.4000000000000057,-16.599999999999998,2.5999999999999943,-16.1,6.8999999999999915,4.900000000000006
perrysc01,Scott Perry,SP,Deadball (1901-1919),59.4,Common,5.0,50.5,13.0,63.4,99.5,57.2,Common,10.4,53.9,20.7,42.7,67.7,2.1999999999999957,-5.4,-3.3999999999999986,-7.699999999999999,20.699999999999996,31.799999999999997
persoro01,Robert Person,SP,Steroid Era (1994-2005),65.1,Uncommon,76.6,21.2,72.4,30.1,60.4,60.8,Uncommon,75.1,27.3,70.1,18.6,52.1,4.299999999999997,1.5,-6.100000000000001,2.3000000000000114,11.5,8.299999999999997
pestavi01,Vinnie Pestano,RP,Efficiency Era (2006-2015),67.5,Uncommon,78.8,52.1,70.2,45.0,24.4,62.6,Uncommon,78.5,43.3,67.6,38.8,22.2,4.899999999999999,0.29999999999999716,8.800000000000004,2.6000000000000085,6.200000000000003,2.1999999999999993
peterda01,David Peterson,SP,Modern Era (2016-Pres),63.1,Uncommon,49.5,37.8,37.2,75.0,53.2,61.2,Uncommon,65.0,35.8,37.6,57.3,49.3,1.8999999999999986,-15.5,2.0,-0.3999999999999986,17.700000000000003,3.9000000000000057
peterfr01,Fritz Peterson,SP,Expansion (1961-1976),82.6,Epic,29.3,115.5,43.4,56.2,101.4,81.2,Epic,23.4,114.8,42.7,62.5,93.7,1.3999999999999915,5.900000000000002,0.7000000000000028,0.6999999999999957,-6.299999999999997,7.700000000000003
peterga01,Gary Peters,SP,Expansion (1961-1976),91.1,Legendary,65.8,68.1,87.6,83.4,95.3,85.7,Epic,67.9,64.4,73.7,72.5,86.3,5.3999999999999915,-2.1000000000000085,3.6999999999999886,13.899999999999991,10.900000000000006,9.0
petityu01,Yusmeiro Petit,RP,Modern Era (2016-Pres),73.7,Rare,54.2,91.6,75.2,34.1,43.6,73.6,Rare,51.7,99.1,77.9,30.7,38.6,0.10000000000000853,2.5,-7.5,-2.700000000000003,3.400000000000002,5.0
petkoma01,Mark Petkovsek,RP,Steroid Era (1994-2005),58.4,Common,19.8,64.0,33.1,55.8,41.7,57.7,Common,20.3,72.8,19.7,52.8,38.4,0.6999999999999957,-0.5,-8.799999999999997,13.400000000000002,3.0,3.3000000000000043
petrija01,Jake Petricka,RP,Modern Era (2016-Pres),57.4,Common,26.7,37.2,22.7,86.5,24.6,56.0,Common,32.8,40.9,8.9,70.2,21.6,1.3999999999999986,-6.099999999999998,-3.6999999999999957,13.799999999999999,16.299999999999997,3.0
petryda01,Dan Petry,SP,Big Hair Era (1977-1993),72.6,Rare,33.4,54.5,58.7,51.6,95.1,68.8,Uncommon,31.1,50.5,63.5,45.8,84.5,3.799999999999997,2.299999999999997,4.0,-4.799999999999997,5.800000000000004,10.599999999999994
pettian01,Andy Pettitte,SP,Steroid Era (1994-2005),84.3,Epic,54.4,83.4,44.6,80.8,92.6,80.2,Epic,53.1,77.8,34.0,77.1,89.0,4.099999999999994,1.2999999999999972,5.6000000000000085,10.600000000000001,3.700000000000003,3.5999999999999943
pettyje01,Jesse Petty,SP,Golden Era (1920-1941),78.5,Rare,24.0,85.1,46.9,67.3,99.6,66.5,Uncommon,24.2,86.5,34.1,44.5,77.0,12.0,-0.1999999999999993,-1.4000000000000057,12.799999999999997,22.799999999999997,22.599999999999994
pfeffje01,Jeff Pfeffer,SP,Deadball (1901-1919),85.0,Epic,26.4,77.2,74.8,71.6,110.1,80.9,Epic,27.5,86.5,54.4,63.4,103.4,4.099999999999994,-1.1000000000000014,-9.299999999999997,20.4,8.199999999999996,6.699999999999989
pfiesja01,Jack Pfiester,SP,Deadball (1901-1919),91.0,Legendary,59.2,67.8,94.0,92.4,85.3,88.2,Epic,54.6,71.2,87.0,99.7,67.1,2.799999999999997,4.600000000000001,-3.4000000000000057,7.0,-7.299999999999997,18.200000000000003
phelpda01,David Phelps,RP,Modern Era (2016-Pres),68.1,Uncommon,70.1,32.3,69.2,59.9,41.3,64.4,Uncommon,63.5,40.8,57.9,62.5,33.0,3.6999999999999886,6.599999999999994,-8.5,11.300000000000004,-2.6000000000000014,8.299999999999997
phillbi02,Bill Phillips,SP,The Genesis Era (1871-1900),83.6,Epic,37.9,82.4,50.6,94.6,86.4,72.9,Rare,35.7,78.3,27.5,72.3,80.8,10.699999999999989,2.1999999999999957,4.1000000000000085,23.1,22.299999999999997,5.6000000000000085
phillde01,Deacon Phillippe,SP,Deadball (1901-1919),87.3,Epic,25.8,110.8,47.4,85.4,104.9,88.7,Epic,26.6,119.3,43.2,90.1,103.7,-1.4000000000000057,-0.8000000000000007,-8.5,4.199999999999996,-4.699999999999989,1.2000000000000028
phillev01,Evan Phillips,RP,Modern Era (2016-Pres),76.6,Rare,59.6,68.8,90.3,70.8,23.7,73.4,Rare,69.0,56.1,78.2,72.1,21.9,3.1999999999999886,-9.399999999999999,12.699999999999996,12.099999999999994,-1.2999999999999972,1.8000000000000007
phoebto01,Tom Phoebus,SP,Expansion (1961-1976),77.6,Rare,70.7,13.1,79.0,72.1,83.5,68.4,Uncommon,63.4,20.5,69.6,53.7,66.9,9.199999999999989,7.300000000000004,-7.4,9.400000000000006,18.39999999999999,16.599999999999994
piattwi01,Wiley Piatt,SP,Deadball (1901-1919),73.7,Rare,24.2,60.6,14.9,94.0,105.1,83.5,Epic,58.8,63.7,47.8,87.7,93.3,-9.799999999999997,-34.599999999999994,-3.1000000000000014,-32.9,6.299999999999997,11.799999999999997
pichahi01,Hipolito Pichardo,RP,Steroid Era (1994-2005),59.7,Common,13.6,57.9,18.2,88.8,57.8,58.8,Common,20.5,54.9,20.4,80.2,46.1,0.9000000000000057,-6.9,3.0,-2.1999999999999993,8.599999999999994,11.699999999999996
piercbi02,Billy Pierce,SP,Integration (1942-1960),90.2,Legendary,78.6,62.2,88.8,65.9,96.1,87.5,Epic,74.0,72.5,78.2,53.6,97.4,2.700000000000003,4.599999999999994,-10.299999999999997,10.599999999999994,12.300000000000004,-1.3000000000000114
pilledu01,Duane Pillette,SP,Integration (1942-1960),59.2,Common,15.4,39.6,25.4,65.0,82.7,56.7,Common,16.3,39.6,15.7,56.2,58.3,2.5,-0.9000000000000004,0.0,9.7,8.799999999999997,24.400000000000006
pillehe01,Herman Pillette,RP,Golden Era (1920-1941),66.7,Uncommon,9.7,52.5,30.5,96.1,78.1,66.4,Uncommon,20.4,55.8,39.4,85.4,64.9,0.29999999999999716,-10.7,-3.299999999999997,-8.899999999999999,10.699999999999989,13.199999999999989
pinaho01,Horacio Pina,RP,Expansion (1961-1976),56.3,Common,45.8,26.7,34.9,49.7,23.7,62.5,Uncommon,51.4,24.4,75.4,71.6,27.5,-6.200000000000003,-5.600000000000001,2.3000000000000007,-40.50000000000001,-21.89999999999999,-3.8000000000000007
pinedmi01,Michael Pineda,SP,Modern Era (2016-Pres),74.2,Rare,61.6,83.0,59.5,36.9,60.4,69.0,Uncommon,68.0,93.9,31.8,21.2,61.4,5.200000000000003,-6.399999999999999,-10.900000000000006,27.7,15.7,-1.0
pineijo01,Joel Pineiro,SP,Steroid Era (1994-2005),71.4,Rare,45.8,72.4,42.0,45.6,81.1,74.7,Rare,42.6,88.0,47.4,55.5,70.1,-3.299999999999997,3.1999999999999957,-15.599999999999994,-5.399999999999999,-9.899999999999999,11.0
pintore01,Renyel Pinto,RP,Efficiency Era (2006-2015),57.9,Common,61.9,5.0,66.2,48.4,25.0,58.2,Common,60.0,7.5,72.8,47.1,25.1,-0.30000000000000426,1.8999999999999986,-2.5,-6.599999999999994,1.2999999999999972,-0.10000000000000142
pipgrge01,George Pipgras,SP,Golden Era (1920-1941),73.6,Rare,50.2,50.1,32.0,96.4,69.6,76.3,Rare,57.4,42.8,45.8,79.5,86.3,-2.700000000000003,-7.199999999999996,7.300000000000004,-13.799999999999997,16.900000000000006,-16.700000000000003
pittito01,Togie Pittinger,SP,Deadball (1901-1919),81.8,Epic,43.2,40.9,39.8,102.2,114.6,75.8,Rare,39.2,42.3,35.7,89.1,102.8,6.0,4.0,-1.3999999999999986,4.099999999999994,13.100000000000009,11.799999999999997
pivetni01,Nick Pivetta,SP,Modern Era (2016-Pres),71.9,Rare,83.1,52.3,67.0,11.9,75.2,69.5,Uncommon,86.5,59.1,60.8,7.9,64.2,2.4000000000000057,-3.4000000000000057,-6.800000000000004,6.200000000000003,4.0,11.0
pizarju01,Juan Pizarro,SP,Expansion (1961-1976),83.7,Epic,76.5,62.0,73.8,50.7,89.5,78.7,Rare,77.7,43.1,77.2,50.2,75.8,5.0,-1.2000000000000028,18.9,-3.4000000000000057,0.5,13.700000000000003
planked01,Eddie Plank,SP,Deadball (1901-1919),94.7,Legendary,66.5,90.2,58.3,107.8,110.3,97.5,Legendary,72.3,88.3,74.3,113.9,109.3,-2.799999999999997,-5.799999999999997,1.9000000000000057,-16.0,-6.1000000000000085,1.0
plesada01,Dan Plesac,RP,Big Hair Era (1977-1993),74.3,Rare,84.5,63.4,68.2,46.9,38.6,79.7,Rare,95.9,56.1,80.5,63.1,33.5,-5.400000000000006,-11.400000000000006,7.299999999999997,-12.299999999999997,-16.200000000000003,5.100000000000001
plunker01,Eric Plunk,RP,Big Hair Era (1977-1993),73.9,Rare,99.4,29.1,77.2,58.6,35.4,75.6,Rare,104.2,16.5,90.2,58.8,38.5,-1.6999999999999886,-4.799999999999997,12.600000000000001,-13.0,-0.19999999999999574,-3.1000000000000014
pocheco01,Colin Poche,RP,Modern Era (2016-Pres),59.7,Common,60.0,45.4,73.5,32.8,25.0,59.5,Common,61.2,41.3,75.5,31.2,24.5,0.20000000000000284,-1.2000000000000028,4.100000000000001,-2.0,1.5999999999999979,0.5
podbibu01,Bud Podbielan,RP,Integration (1942-1960),56.6,Common,30.3,50.4,57.3,18.8,28.1,56.2,Common,34.2,59.2,38.4,14.8,31.2,0.3999999999999986,-3.900000000000002,-8.800000000000004,18.9,4.0,-3.099999999999998
podrejo01,Johnny Podres,SP,Integration (1942-1960),73.1,Rare,74.5,79.7,44.5,11.4,85.6,74.3,Rare,79.8,73.8,43.0,19.3,85.7,-1.2000000000000028,-5.299999999999997,5.900000000000006,1.5,-7.9,-0.10000000000000853
poholto01,Tom Poholsky,SP,Integration (1942-1960),61.4,Uncommon,42.5,93.8,34.9,5.0,69.3,58.2,Common,33.9,87.2,26.4,6.1,58.3,3.1999999999999957,8.600000000000001,6.599999999999994,8.5,-1.0999999999999996,11.0
poindro01,Robert Poindexter,SP,Golden Era (1920-1941),73.5,Rare,86.9,52.0,61.0,55.5,42.5,77.2,Rare,63.9,52.2,35.2,72.5,92.5,-3.700000000000003,23.000000000000007,-0.20000000000000284,25.799999999999997,-17.0,-50.0
politcl01,Cliff Politte,RP,Steroid Era (1994-2005),71.0,Rare,61.2,55.9,86.1,57.3,24.4,63.3,Uncommon,67.5,49.8,71.5,39.6,24.8,7.700000000000003,-6.299999999999997,6.100000000000001,14.599999999999994,17.699999999999996,-0.40000000000000213
polleho01,Howie Pollet,SP,Integration (1942-1960),80.8,Epic,36.5,75.1,48.5,79.0,95.9,79.8,Rare,37.3,74.7,62.1,76.8,78.6,1.0,-0.7999999999999972,0.3999999999999915,-13.600000000000001,2.200000000000003,17.30000000000001
pomerdr01,Drew Pomeranz,SP,Modern Era (2016-Pres),62.1,Uncommon,71.1,40.0,47.5,35.8,53.9,62.7,Uncommon,76.2,39.9,56.5,31.5,47.0,-0.6000000000000014,-5.1000000000000085,0.10000000000000142,-9.0,4.299999999999997,6.899999999999999
pondar01,Arlie Pond,SP,The Genesis Era (1871-1900),75.5,Rare,46.6,71.3,47.4,70.2,72.3,74.2,Rare,56.6,67.6,57.9,58.7,60.4,1.2999999999999972,-10.0,3.700000000000003,-10.5,11.5,11.899999999999999
ponsosi01,Sidney Ponson,SP,Steroid Era (1994-2005),62.1,Uncommon,41.5,61.8,33.9,44.8,66.4,59.0,Common,35.9,67.0,15.8,24.4,81.5,3.1000000000000014,5.600000000000001,-5.200000000000003,18.099999999999998,20.4,-15.099999999999994
pooleed01,Ed Poole,SP,Deadball (1901-1919),56.6,Common,43.9,23.5,29.0,36.4,52.0,57.5,Common,39.8,29.8,37.1,37.2,56.9,-0.8999999999999986,4.100000000000001,-6.300000000000001,-8.100000000000001,-0.8000000000000043,-4.899999999999999
pooleji02,Jim Poole,RP,Steroid Era (1994-2005),67.8,Uncommon,43.0,54.3,84.7,68.2,21.2,60.9,Uncommon,60.5,42.2,73.1,46.0,22.0,6.899999999999999,-17.5,12.099999999999994,11.600000000000009,22.200000000000003,-0.8000000000000007
porceri01,Rick Porcello,SP,Efficiency Era (2006-2015),78.4,Rare,60.2,99.5,41.1,34.6,86.8,68.6,Uncommon,48.9,94.8,18.7,30.7,81.7,9.800000000000011,11.300000000000004,4.700000000000003,22.400000000000002,3.900000000000002,5.099999999999994
portean01,Andy Porter,SP,Golden Era (1920-1941),74.5,Rare,73.4,63.7,48.6,74.9,42.1,78.7,Rare,79.9,68.2,56.5,58.8,60.3,-4.200000000000003,-6.5,-4.5,-7.899999999999999,16.10000000000001,-18.199999999999996
portebo01,Bob Porterfield,SP,Integration (1942-1960),67.4,Uncommon,15.7,63.1,42.1,75.6,73.2,70.7,Rare,19.2,68.1,46.9,72.9,76.2,-3.299999999999997,-3.5,-4.999999999999993,-4.799999999999997,2.6999999999999886,-3.0
portehe01,Henry Porter,SP,The Genesis Era (1871-1900),76.9,Rare,19.2,57.5,25.5,87.6,125.0,75.1,Rare,34.0,60.5,33.2,70.6,107.6,1.8000000000000114,-14.8,-3.0,-7.700000000000003,17.0,17.400000000000006
portoar01,Arnie Portocarrero,SP,Integration (1942-1960),67.4,Uncommon,40.1,54.2,60.4,33.3,82.0,58.5,Common,32.0,50.6,52.7,26.0,54.7,8.900000000000006,8.100000000000001,3.6000000000000014,7.699999999999996,7.299999999999997,27.299999999999997
portuma01,Mark Portugal,SP,Big Hair Era (1977-1993),69.2,Uncommon,51.4,58.0,43.8,42.5,81.3,69.2,Uncommon,53.8,63.9,51.5,40.2,67.9,0.0,-2.3999999999999986,-5.899999999999999,-7.700000000000003,2.299999999999997,13.399999999999991
pottene01,Nels Potter,SP,Integration (1942-1960),86.0,Epic,37.6,74.5,69.8,94.0,90.2,78.4,Rare,39.6,74.2,54.6,75.7,78.5,7.599999999999994,-2.0,0.29999999999999716,15.199999999999996,18.299999999999997,11.700000000000003
powelbi02,Bill Powell,SP,Integration (1942-1960),60.6,Uncommon,79.5,55.1,39.6,47.1,21.3,66.9,Uncommon,75.2,59.3,48.9,48.7,35.7,-6.300000000000004,4.299999999999997,-4.199999999999996,-9.299999999999997,-1.6000000000000014,-14.400000000000002
powelde01,Dennis Powell,RP,Big Hair Era (1977-1993),56.1,Common,40.0,37.5,42.7,31.5,24.8,55.5,Common,43.0,33.1,33.1,33.9,24.2,0.6000000000000014,-3.0,4.399999999999999,9.600000000000001,-2.3999999999999986,0.6000000000000014
powelja01,Jack Powell,SP,Deadball (1901-1919),62.8,Uncommon,12.0,72.3,5.0,52.6,109.6,78.3,Rare,19.8,80.6,37.2,79.1,105.3,-15.5,-7.800000000000001,-8.299999999999997,-32.2,-26.499999999999993,4.299999999999997
powelja04,Jay Powell,RP,Steroid Era (1994-2005),57.9,Common,52.1,31.5,48.8,52.1,22.1,61.4,Uncommon,61.3,33.9,53.1,70.3,26.9,-3.5,-9.199999999999996,-2.3999999999999986,-4.300000000000004,-18.199999999999996,-4.799999999999997
powelwi01,Willie Powell,SP,Golden Era (1920-1941),84.2,Epic,80.5,79.5,63.4,77.0,55.3,88.7,Epic,77.6,73.9,63.0,85.4,83.1,-4.5,2.9000000000000057,5.599999999999994,0.3999999999999986,-8.400000000000006,-27.799999999999997
powerte01,Ted Power,RP,Big Hair Era (1977-1993),66.8,Uncommon,45.5,31.5,63.8,80.3,46.4,63.2,Uncommon,51.7,44.6,53.8,53.4,49.3,3.5999999999999943,-6.200000000000003,-13.100000000000001,10.0,26.9,-2.8999999999999986
prendmi01,Mike Prendergast,RP,Deadball (1901-1919),59.7,Common,15.1,93.1,26.8,26.1,75.2,62.6,Uncommon,27.7,82.6,43.4,27.8,68.9,-2.8999999999999986,-12.6,10.5,-16.599999999999998,-1.6999999999999993,6.299999999999997
pressry01,Ryan Pressly,RP,Modern Era (2016-Pres),71.1,Rare,75.1,64.6,57.1,64.7,24.0,75.0,Rare,74.7,71.3,64.6,68.4,26.4,-3.9000000000000057,0.3999999999999915,-6.700000000000003,-7.499999999999993,-3.700000000000003,-2.3999999999999986
pressto01,Tot Pressnell,RP,Golden Era (1920-1941),60.3,Uncommon,30.3,64.1,43.3,51.4,52.0,61.7,Uncommon,27.2,77.5,45.4,45.5,51.1,-1.4000000000000057,3.1000000000000014,-13.400000000000006,-2.1000000000000014,5.899999999999999,0.8999999999999986
priceda01,David Price,SP,Efficiency Era (2006-2015),85.1,Epic,80.5,81.0,67.6,66.3,65.5,88.7,Epic,85.9,88.1,68.2,50.7,89.7,-3.6000000000000085,-5.400000000000006,-7.099999999999994,-0.6000000000000085,15.599999999999994,-24.200000000000003
pricejo02,Joe Price,RP,Big Hair Era (1977-1993),66.3,Uncommon,60.4,51.0,61.5,48.4,44.0,67.1,Uncommon,62.9,56.8,65.2,38.3,45.4,-0.7999999999999972,-2.5,-5.799999999999997,-3.700000000000003,10.100000000000001,-1.3999999999999986
priddbo01,Bob Priddy,RP,Expansion (1961-1976),57.7,Common,39.4,57.6,46.9,19.6,39.1,58.0,Common,41.8,63.1,47.8,27.6,28.5,-0.29999999999999716,-2.3999999999999986,-5.5,-0.8999999999999986,-8.0,10.600000000000001
primra01,Ray Prim,RP,Golden Era (1920-1941),75.9,Rare,64.9,90.7,64.3,50.1,39.9,62.8,Uncommon,60.3,86.2,39.7,35.3,30.0,13.100000000000009,4.6000000000000085,4.5,24.599999999999994,14.800000000000004,9.899999999999999
priorma01,Mark Prior,SP,Steroid Era (1994-2005),87.2,Epic,117.0,70.9,71.1,40.8,74.0,81.9,Epic,108.5,63.5,70.6,38.9,60.0,5.299999999999997,8.5,7.400000000000006,0.5,1.8999999999999986,14.0
proctsc01,Scott Proctor,RP,Efficiency Era (2006-2015),57.4,Common,48.3,40.5,50.9,26.8,31.4,54.4,Common,53.7,26.7,38.7,5.0,24.8,3.0,-5.400000000000006,13.8,12.199999999999996,21.8,6.599999999999998
prolymi01,Mike Proly,RP,Big Hair Era (1977-1993),59.6,Common,10.2,61.2,44.1,72.6,47.2,58.7,Common,7.7,55.8,44.5,73.8,39.0,0.8999999999999986,2.499999999999999,5.400000000000006,-0.3999999999999986,-1.2000000000000028,8.200000000000003
pruethu01,Hub Pruett,RP,Golden Era (1920-1941),59.3,Common,60.3,5.0,46.7,61.4,56.0,58.7,Common,58.8,5.0,28.7,76.4,50.6,0.5999999999999943,1.5,0.0,18.000000000000004,-15.000000000000007,5.399999999999999
pukaj01,A. J. Puk,RP,Modern Era (2016-Pres),63.7,Uncommon,64.2,46.2,62.4,58.0,24.2,64.5,Uncommon,73.3,56.4,56.8,48.6,23.0,-0.7999999999999972,-9.099999999999994,-10.199999999999996,5.600000000000001,9.399999999999999,1.1999999999999993
puleoch01,Charlie Puleo,RP,Big Hair Era (1977-1993),59.4,Common,60.6,43.1,41.2,46.9,40.4,58.2,Common,52.6,28.4,44.8,51.1,35.0,1.1999999999999957,8.0,14.700000000000003,-3.5999999999999943,-4.200000000000003,5.399999999999999
purkebo01,Bob Purkey,SP,Integration (1942-1960),70.9,Rare,22.4,98.7,34.3,28.6,100.3,72.0,Rare,21.7,95.4,37.8,44.3,90.8,-1.0999999999999943,0.6999999999999993,3.299999999999997,-3.5,-15.699999999999996,9.5
putzjj01,J. J. Putz,RP,Efficiency Era (2006-2015),86.1,Epic,90.0,82.2,94.8,66.0,34.0,83.9,Epic,86.3,80.7,94.3,62.9,29.3,2.1999999999999886,3.700000000000003,1.5,0.5,3.1000000000000014,4.699999999999999
quackke01,Kevin Quackenbush,RP,Modern Era (2016-Pres),59.1,Common,46.1,50.1,45.9,55.6,28.7,57.5,Common,44.0,46.3,39.2,48.6,22.3,1.6000000000000014,2.1000000000000014,3.8000000000000043,6.699999999999996,7.0,6.399999999999999
quallch01,Chad Qualls,RP,Efficiency Era (2006-2015),65.4,Uncommon,59.4,65.8,43.3,57.0,36.4,67.6,Uncommon,52.2,77.2,51.2,56.6,33.7,-2.1999999999999886,7.199999999999996,-11.400000000000006,-7.900000000000006,0.3999999999999986,2.6999999999999957
quantca01,Cal Quantrill,SP,Modern Era (2016-Pres),58.8,Common,38.2,54.2,27.3,29.6,72.6,57.7,Common,37.3,63.3,19.4,27.4,55.8,1.0999999999999943,0.9000000000000057,-9.099999999999994,7.900000000000002,2.200000000000003,16.799999999999997
quantpa01,Paul Quantrill,RP,Steroid Era (1994-2005),65.2,Uncommon,44.5,87.8,11.5,75.6,41.5,71.5,Rare,39.7,87.2,31.0,93.9,35.9,-6.299999999999997,4.799999999999997,0.5999999999999943,-19.5,-18.30000000000001,5.600000000000001
queenme02,Mel Queen,RP,Expansion (1961-1976),73.9,Rare,68.0,62.1,76.8,48.4,44.4,64.3,Uncommon,70.9,53.4,64.3,41.1,27.8,9.600000000000009,-2.9000000000000057,8.700000000000003,12.5,7.299999999999997,16.599999999999998
quinnja01,Jack Quinn,SP,Golden Era (1920-1941),85.9,Epic,24.1,94.8,39.2,104.5,102.9,83.6,Epic,17.0,102.8,30.1,105.0,97.0,2.3000000000000114,7.100000000000001,-8.0,9.100000000000001,-0.5,5.900000000000006
quintjo01,Jose Quintana,SP,Modern Era (2016-Pres),73.4,Rare,54.0,83.0,21.7,52.0,86.3,78.0,Rare,57.3,77.7,38.4,64.2,82.6,-4.599999999999994,-3.299999999999997,5.299999999999997,-16.7,-12.200000000000003,3.700000000000003
quiseda01,Dan Quisenberry,RP,Big Hair Era (1977-1993),74.1,Rare,10.1,120.7,40.0,67.9,62.0,73.9,Rare,5.0,119.1,43.8,79.4,52.2,0.19999999999998863,5.1,1.6000000000000085,-3.799999999999997,-11.5,9.799999999999997
radatdi01,Dick Radatz,RP,Expansion (1961-1976),90.7,Legendary,125.0,49.7,101.8,56.8,63.2,81.5,Epic,120.0,36.4,94.2,40.9,47.6,9.200000000000003,5.0,13.300000000000004,7.599999999999994,15.899999999999999,15.600000000000001
radboch01,Old Hoss Radbourn,SP,The Genesis Era (1871-1900),98.1,Legendary,56.2,106.2,78.8,97.0,125.0,96.9,Legendary,51.1,102.5,77.7,96.1,125.0,1.1999999999999886,5.100000000000001,3.700000000000003,1.0999999999999943,0.9000000000000057,0.0
radinsc01,Scott Radinsky,RP,Steroid Era (1994-2005),67.4,Uncommon,45.3,60.0,61.0,70.8,32.6,64.4,Uncommon,48.3,53.1,58.5,72.9,24.9,3.0,-3.0,6.899999999999999,2.5,-2.1000000000000085,7.700000000000003
radkebr01,Brad Radke,SP,Steroid Era (1994-2005),67.5,Uncommon,35.4,106.9,5.0,31.9,91.1,73.1,Rare,40.7,111.4,20.6,30.8,92.0,-5.599999999999994,-5.300000000000004,-4.5,-15.600000000000001,1.0999999999999979,-0.9000000000000057
raffeke01,Ken Raffensberger,SP,Integration (1942-1960),71.0,Rare,15.6,101.1,33.8,34.8,99.5,74.5,Rare,21.0,109.5,31.4,46.2,94.4,-3.5,-5.4,-8.400000000000006,2.3999999999999986,-11.400000000000006,5.099999999999994
raganco01,Cole Ragans,SP,Modern Era (2016-Pres),76.4,Rare,82.7,42.3,74.0,67.9,45.6,75.2,Rare,79.7,49.4,69.6,62.0,45.8,1.2000000000000028,3.0,-7.100000000000001,4.400000000000006,5.900000000000006,-0.19999999999999574
raganpa01,Pat Ragan,SP,Deadball (1901-1919),66.0,Uncommon,39.8,56.1,54.4,60.7,53.4,74.0,Rare,44.2,61.5,46.8,67.0,80.7,-8.0,-4.400000000000006,-5.399999999999999,7.600000000000001,-6.299999999999997,-27.300000000000004
rainech01,Chuck Rainey,SP,Big Hair Era (1977-1993),55.2,Common,23.3,26.6,17.1,43.9,50.6,56.3,Common,23.1,36.7,10.2,56.9,52.6,-1.0999999999999943,0.1999999999999993,-10.100000000000001,6.900000000000002,-13.0,-2.0
raineta01,Tanner Rainey,RP,Modern Era (2016-Pres),57.9,Common,70.9,17.4,68.2,29.2,21.6,56.2,Common,64.4,5.0,62.2,26.7,19.8,1.6999999999999957,6.5,12.399999999999999,6.0,2.5,1.8000000000000007
raleybr01,Brooks Raley,RP,Modern Era (2016-Pres),69.1,Uncommon,56.7,50.7,69.6,75.9,23.9,72.1,Rare,66.8,53.8,80.2,68.4,21.4,-3.0,-10.099999999999994,-3.0999999999999943,-10.600000000000009,7.5,2.5
ramirer02,Erasmo Ramirez,RP,Modern Era (2016-Pres),59.9,Common,35.6,79.7,36.3,34.7,53.4,61.9,Uncommon,37.4,86.4,50.5,33.5,39.7,-2.0,-1.7999999999999972,-6.700000000000003,-14.200000000000003,1.2000000000000028,13.699999999999996
ramirho01,Horacio Ramirez,SP,Efficiency Era (2006-2015),55.8,Common,19.5,35.6,27.1,39.2,50.5,54.9,Common,10.7,50.7,19.6,33.2,41.7,0.8999999999999986,8.8,-15.100000000000001,7.5,6.0,8.799999999999997
ramirno01,Noe Ramirez,RP,Modern Era (2016-Pres),58.8,Common,48.1,55.2,52.3,44.4,21.9,58.5,Common,58.5,50.7,60.8,24.7,22.1,0.29999999999999716,-10.399999999999999,4.5,-8.5,19.7,-0.20000000000000284
ramirra02,Ramon Ramirez,RP,Efficiency Era (2006-2015),63.4,Uncommon,55.7,35.3,60.4,67.4,34.8,67.9,Uncommon,55.3,37.2,75.6,74.5,29.4,-4.500000000000007,0.4000000000000057,-1.9000000000000057,-15.199999999999996,-7.099999999999994,5.399999999999999
ramosaj01,AJ Ramos,RP,Modern Era (2016-Pres),73.2,Rare,72.2,14.4,86.9,89.5,33.1,75.7,Rare,87.5,16.0,101.1,79.2,25.1,-2.5,-15.299999999999997,-1.5999999999999996,-14.199999999999989,10.299999999999997,8.0
ramosce01,Cesar Ramos,RP,Efficiency Era (2006-2015),59.4,Common,49.2,44.9,49.0,61.3,27.5,57.9,Common,44.8,46.5,41.6,49.0,24.7,1.5,4.400000000000006,-1.6000000000000014,7.399999999999999,12.299999999999997,2.8000000000000007
ramospe01,Pedro Ramos,SP,Integration (1942-1960),65.5,Uncommon,55.8,65.1,42.6,7.2,91.4,70.8,Rare,62.8,81.0,48.9,5.0,86.5,-5.299999999999997,-7.0,-15.900000000000006,-6.299999999999997,2.2,4.900000000000006
ramsdwi01,Willie Ramsdell,RP,Integration (1942-1960),58.8,Common,52.3,38.7,63.9,27.6,38.4,58.8,Common,50.8,38.9,53.5,31.7,47.1,0.0,1.5,-0.19999999999999574,10.399999999999999,-4.099999999999998,-8.700000000000003
ramseto01,Toad Ramsey,SP,The Genesis Era (1871-1900),97.4,Legendary,114.9,32.7,76.5,108.2,125.0,94.9,Legendary,121.0,36.9,72.2,87.0,117.2,2.5,-6.099999999999994,-4.199999999999996,4.299999999999997,21.200000000000003,7.799999999999997
rapppa01,Pat Rapp,SP,Steroid Era (1994-2005),59.1,Common,29.3,29.3,36.6,59.5,72.5,58.1,Common,35.0,22.6,31.0,54.2,67.5,1.0,-5.699999999999999,6.699999999999999,5.600000000000001,5.299999999999997,5.0
raschvi01,Vic Raschi,SP,Integration (1942-1960),76.9,Rare,53.0,24.6,71.2,68.6,97.7,77.7,Rare,52.2,45.1,70.4,58.7,92.6,-0.7999999999999972,0.7999999999999972,-20.5,0.7999999999999972,9.899999999999991,5.1000000000000085
rasmude01,Dennis Rasmussen,SP,Big Hair Era (1977-1993),57.2,Common,45.0,47.1,54.3,5.0,43.1,60.7,Uncommon,46.1,57.3,60.4,14.9,64.3,-3.5,-1.1000000000000014,-10.199999999999996,-6.100000000000001,-9.9,-21.199999999999996
rasmudr01,Drew Rasmussen,SP,Modern Era (2016-Pres),71.9,Rare,51.7,73.6,67.3,47.1,49.7,76.0,Rare,55.4,77.6,73.7,65.1,38.4,-4.099999999999994,-3.6999999999999957,-4.0,-6.400000000000006,-17.999999999999993,11.300000000000004
rasmuer01,Eric Rasmussen,SP,Big Hair Era (1977-1993),67.7,Uncommon,22.5,68.9,45.8,54.5,79.4,61.4,Uncommon,26.8,71.1,37.0,51.0,59.8,6.300000000000004,-4.300000000000001,-2.1999999999999886,8.799999999999997,3.5,19.60000000000001
rauchjo01,Jon Rauch,RP,Efficiency Era (2006-2015),63.0,Uncommon,55.5,62.8,47.8,46.6,39.4,63.9,Uncommon,53.3,69.8,52.0,49.4,31.4,-0.8999999999999986,2.200000000000003,-7.0,-4.200000000000003,-2.799999999999997,8.0
raudo01,Doug Rau,SP,Expansion (1961-1976),74.1,Rare,33.0,82.2,28.3,63.1,93.9,70.1,Rare,38.5,73.6,33.7,58.5,76.3,4.0,-5.5,8.600000000000009,-5.400000000000002,4.600000000000001,17.60000000000001
rawlesh01,Shane Rawley,SP,Big Hair Era (1977-1993),65.4,Uncommon,44.4,33.9,38.9,73.2,71.5,64.6,Uncommon,37.3,48.3,30.2,66.8,75.8,0.8000000000000114,7.100000000000001,-14.399999999999999,8.7,6.400000000000006,-4.299999999999997
raych01,Chris Ray,RP,Efficiency Era (2006-2015),58.0,Common,46.6,41.6,64.2,32.7,23.7,57.4,Common,49.1,39.5,52.0,32.9,24.8,0.6000000000000014,-2.5,2.1000000000000014,12.200000000000003,-0.19999999999999574,-1.1000000000000014
rayji01,Jim Ray,RP,Expansion (1961-1976),65.7,Uncommon,51.1,47.3,64.6,54.2,45.8,63.4,Uncommon,63.6,41.9,63.3,52.1,32.7,2.3000000000000043,-12.5,5.399999999999999,1.2999999999999972,2.1000000000000014,13.099999999999994
raymobu01,Bugs Raymond,SP,Deadball (1901-1919),83.2,Epic,47.2,50.1,80.1,79.6,92.1,75.1,Rare,54.7,49.8,73.9,61.8,65.4,8.100000000000009,-7.5,0.30000000000000426,6.199999999999989,17.799999999999997,26.69999999999999
raymocl01,Claude Raymond,RP,Expansion (1961-1976),69.8,Uncommon,59.9,79.1,49.8,56.1,34.5,69.6,Uncommon,63.0,77.4,53.8,51.8,32.6,0.20000000000000284,-3.1000000000000014,1.6999999999999886,-4.0,4.300000000000004,1.8999999999999986
rayro02,Robbie Ray,SP,Modern Era (2016-Pres),77.5,Rare,100.6,46.0,83.1,9.1,79.2,75.0,Rare,99.2,39.5,77.9,14.6,73.8,2.5,1.3999999999999915,6.5,5.199999999999989,-5.5,5.400000000000006
reaco01,Colin Rea,SP,Modern Era (2016-Pres),58.6,Common,48.1,71.0,26.0,5.0,68.2,57.8,Common,44.5,68.4,32.8,16.1,42.6,0.8000000000000043,3.6000000000000014,2.5999999999999943,-6.799999999999997,-11.100000000000001,25.6
reardje01,Jeff Reardon,RP,Big Hair Era (1977-1993),73.0,Rare,75.3,55.8,62.9,54.3,47.0,73.3,Rare,70.5,68.9,72.4,47.1,38.0,-0.29999999999999716,4.799999999999997,-13.100000000000009,-9.500000000000007,7.199999999999996,9.0
rectoco01,Connie Rector,SP,Golden Era (1920-1941),58.1,Common,27.8,55.1,15.4,53.9,57.3,58.5,Common,32.1,51.6,13.8,50.0,68.6,-0.3999999999999986,-4.300000000000001,3.5,1.5999999999999996,3.8999999999999986,-11.299999999999997
reddidi01,Dick Redding,SP,Golden Era (1920-1941),61.1,Uncommon,57.3,68.0,28.6,61.5,28.9,73.1,Rare,80.7,70.3,40.9,68.9,35.0,-11.999999999999993,-23.400000000000006,-2.299999999999997,-12.299999999999997,-7.400000000000006,-6.100000000000001
redditi01,Tim Redding,SP,Steroid Era (1994-2005),58.0,Common,39.8,47.9,21.6,31.4,66.9,56.8,Common,44.9,46.2,22.1,21.6,53.2,1.2000000000000028,-5.100000000000001,1.6999999999999957,-0.5,9.799999999999997,13.700000000000003
redfepe01,Pete Redfern,SP,Big Hair Era (1977-1993),59.4,Common,53.7,55.3,22.3,44.5,55.3,56.8,Common,45.4,36.0,17.5,41.0,48.8,2.6000000000000014,8.300000000000004,19.299999999999997,4.800000000000001,3.5,6.5
redmama01,Mark Redman,SP,Steroid Era (1994-2005),70.1,Rare,47.7,73.9,27.3,51.9,79.9,59.8,Common,34.9,69.5,17.1,43.9,73.1,10.299999999999997,12.800000000000004,4.400000000000006,10.2,8.0,6.800000000000011
reedad01,Addison Reed,RP,Efficiency Era (2006-2015),70.9,Rare,69.5,81.1,62.2,46.0,25.6,68.9,Uncommon,72.4,78.8,50.9,45.4,28.5,2.0,-2.9000000000000057,2.299999999999997,11.300000000000004,0.6000000000000014,-2.8999999999999986
reedho01,Howie Reed,RP,Expansion (1961-1976),58.2,Common,36.6,38.4,46.6,59.2,30.1,58.7,Common,36.5,45.5,42.7,64.7,31.2,-0.5,0.10000000000000142,-7.100000000000001,3.8999999999999986,-5.5,-1.0999999999999979
reedje01,Jerry Reed,RP,Big Hair Era (1977-1993),57.7,Common,37.8,48.5,42.4,39.0,36.3,58.0,Common,33.8,58.5,43.4,40.8,32.4,-0.29999999999999716,4.0,-10.0,-1.0,-1.7999999999999972,3.8999999999999986
reedri01,Rick Reed,SP,Steroid Era (1994-2005),70.3,Rare,38.8,111.3,32.3,26.2,73.1,71.5,Rare,41.2,113.5,36.6,17.7,78.8,-1.2000000000000028,-2.4000000000000057,-2.200000000000003,-4.300000000000004,8.5,-5.700000000000003
reedro01,Ron Reed,RP,Expansion (1961-1976),76.0,Rare,50.2,78.9,50.9,82.2,48.1,80.7,Epic,45.5,92.1,52.6,72.2,71.9,-4.700000000000003,4.700000000000003,-13.199999999999989,-1.7000000000000028,10.0,-23.800000000000004
reedst01,Steve Reed,RP,Steroid Era (1994-2005),74.2,Rare,57.0,75.4,75.4,68.2,25.2,71.6,Rare,53.8,72.6,81.5,44.8,35.6,2.6000000000000085,3.200000000000003,2.8000000000000114,-6.099999999999994,23.400000000000006,-10.400000000000002
reganph01,Phil Regan,RP,Expansion (1961-1976),74.6,Rare,46.8,86.9,66.4,61.7,41.5,61.8,Uncommon,38.2,70.9,38.2,40.9,59.0,12.799999999999997,8.599999999999994,16.0,28.200000000000003,20.800000000000004,-17.5
reinhar01,Art Reinhart,RP,Golden Era (1920-1941),58.1,Common,5.0,53.3,30.0,65.4,56.4,57.8,Common,9.0,52.3,42.7,56.8,44.9,0.30000000000000426,-4.0,1.0,-12.700000000000003,8.600000000000009,11.5
reitsch01,Chris Reitsma,RP,Steroid Era (1994-2005),58.3,Common,35.0,76.0,18.0,37.6,47.4,57.2,Common,33.0,82.1,5.0,32.2,42.8,1.0999999999999943,2.0,-6.099999999999994,13.0,5.399999999999999,4.600000000000001
rekarbr01,Bryan Rekar,SP,Steroid Era (1994-2005),56.6,Common,33.6,69.8,5.0,21.7,55.1,55.5,Common,34.4,72.8,5.0,13.1,42.1,1.1000000000000014,-0.7999999999999972,-3.0,0.0,8.6,13.0
remlimi01,Mike Remlinger,RP,Steroid Era (1994-2005),74.9,Rare,85.5,49.6,77.2,54.4,37.8,78.0,Rare,99.4,36.0,92.5,54.6,37.8,-3.0999999999999943,-13.900000000000006,13.600000000000001,-15.299999999999997,-0.20000000000000284,0.0
renifha01,Hal Reniff,RP,Expansion (1961-1976),71.9,Rare,54.8,23.6,81.0,88.5,41.9,70.6,Rare,55.5,16.5,78.0,99.4,33.7,1.3000000000000114,-0.7000000000000028,7.100000000000001,3.0,-10.900000000000006,8.199999999999996
renkost01,Steve Renko,SP,Big Hair Era (1977-1993),59.3,Common,47.1,44.7,54.9,17.3,65.8,63.5,Uncommon,41.8,47.5,48.6,37.5,78.8,-4.200000000000003,5.300000000000004,-2.799999999999997,6.299999999999997,-20.2,-13.0
resopch01,Chris Resop,RP,Efficiency Era (2006-2015),56.2,Common,37.6,27.6,37.6,57.1,17.8,56.6,Common,48.5,36.6,27.9,51.1,21.5,-0.3999999999999986,-10.899999999999999,-9.0,9.700000000000003,6.0,-3.6999999999999993
reulbed01,Ed Reulbach,SP,Deadball (1901-1919),93.8,Legendary,46.9,49.9,120.8,107.6,99.0,92.6,Legendary,48.6,54.7,104.0,107.5,98.6,1.2000000000000028,-1.7000000000000028,-4.800000000000004,16.799999999999997,0.09999999999999432,0.4000000000000057
reuscri01,Rick Reuschel,SP,Big Hair Era (1977-1993),85.9,Epic,60.1,75.9,49.3,88.1,92.6,82.8,Epic,44.5,82.9,39.1,85.3,95.3,3.1000000000000085,15.600000000000001,-7.0,10.199999999999996,2.799999999999997,-2.700000000000003
reussje01,Jerry Reuss,SP,Big Hair Era (1977-1993),83.1,Epic,23.3,87.8,57.1,93.6,86.8,84.1,Epic,32.4,85.1,51.9,92.8,92.4,-1.0,-9.099999999999998,2.700000000000003,5.200000000000003,0.7999999999999972,-5.6000000000000085
reyesal01,Alberto Reyes,RP,Steroid Era (1994-2005),68.3,Uncommon,69.0,35.6,94.9,50.1,23.8,70.9,Rare,75.1,34.4,103.0,49.5,22.6,-2.6000000000000085,-6.099999999999994,1.2000000000000028,-8.099999999999994,0.6000000000000014,1.1999999999999993
reyesal02,Alex Reyes,RP,Modern Era (2016-Pres),59.1,Common,63.1,6.2,73.6,60.2,23.2,59.5,Common,60.8,7.8,79.2,64.1,21.7,-0.3999999999999986,2.3000000000000043,-1.5999999999999996,-5.6000000000000085,-3.8999999999999915,1.5
reyesca01,Carlos Reyes,RP,Steroid Era (1994-2005),55.9,Common,40.9,40.4,32.1,28.6,31.4,56.0,Common,40.7,50.8,32.0,13.0,37.8,-0.10000000000000142,0.19999999999999574,-10.399999999999999,0.10000000000000142,15.600000000000001,-6.399999999999999
reyesde01,Dennys Reyes,RP,Efficiency Era (2006-2015),59.8,Common,49.8,54.5,51.0,58.0,24.6,59.6,Common,58.4,32.5,52.5,63.7,28.0,0.19999999999999574,-8.600000000000001,22.0,-1.5,-5.700000000000003,-3.3999999999999986
reynoal01,Allie Reynolds,SP,Integration (1942-1960),84.5,Epic,71.8,19.8,84.5,86.7,94.2,79.3,Rare,56.4,17.3,75.3,85.6,92.4,5.200000000000003,15.399999999999999,2.5,9.200000000000003,1.1000000000000085,1.7999999999999972
reynoar02,Armando Reynoso,SP,Steroid Era (1994-2005),56.7,Common,25.4,58.7,5.0,19.5,78.0,56.9,Common,23.2,60.4,14.4,31.8,59.9,-0.19999999999999574,2.1999999999999993,-1.6999999999999957,-9.4,-12.3,18.1
reynoma02,Matt Reynolds,RP,Efficiency Era (2006-2015),57.0,Common,47.6,63.4,35.3,23.5,21.8,56.6,Common,54.0,60.4,42.1,7.4,21.2,0.3999999999999986,-6.399999999999999,3.0,-6.800000000000004,16.1,0.6000000000000014
reynosh01,Shane Reynolds,SP,Steroid Era (1994-2005),82.4,Epic,76.2,105.0,16.3,52.7,94.1,79.2,Rare,68.7,105.0,20.2,50.4,82.2,3.200000000000003,7.5,0.0,-3.8999999999999986,2.3000000000000043,11.899999999999991
rhemfl01,Flint Rhem,SP,Golden Era (1920-1941),63.5,Uncommon,12.8,69.0,51.6,49.3,71.6,60.4,Uncommon,18.8,67.4,33.6,45.8,76.2,3.1000000000000014,-6.0,1.5999999999999943,18.0,3.5,-4.6000000000000085
rhinebi01,Billy Rhines,SP,The Genesis Era (1871-1900),91.0,Legendary,46.5,70.7,78.7,99.7,103.3,88.5,Epic,36.9,75.5,61.8,109.1,98.5,2.5,9.600000000000001,-4.799999999999997,16.900000000000006,-9.399999999999991,4.799999999999997
rhoadbo01,Bob Rhoads,SP,Deadball (1901-1919),81.7,Epic,5.0,61.0,63.7,105.3,105.3,78.8,Rare,11.9,63.8,54.9,103.9,89.9,2.9000000000000057,-6.9,-2.799999999999997,8.800000000000004,1.3999999999999915,15.399999999999991
rhodear01,Arthur Rhodes,RP,Steroid Era (1994-2005),87.8,Epic,93.8,83.4,95.9,65.2,38.8,88.1,Epic,94.2,71.5,106.1,74.6,32.4,-0.29999999999999716,-0.4000000000000057,11.900000000000006,-10.199999999999989,-9.399999999999991,6.399999999999999
rhodego01,Gordon Rhodes,SP,Golden Era (1920-1941),58.3,Common,35.2,21.1,23.6,62.6,71.3,55.2,Common,26.8,19.7,16.2,32.9,65.5,3.0999999999999943,8.400000000000002,1.4000000000000021,7.400000000000002,29.700000000000003,5.799999999999997
rhoderi01,Rick Rhoden,SP,Big Hair Era (1977-1993),82.6,Epic,45.9,74.9,47.8,80.8,96.4,77.3,Rare,40.5,75.9,45.0,64.9,90.8,5.299999999999997,5.399999999999999,-1.0,2.799999999999997,15.899999999999991,5.6000000000000085
richacl01,Clayton Richard,SP,Efficiency Era (2006-2015),58.0,Common,47.1,34.1,21.1,50.7,55.3,58.3,Common,34.4,63.0,6.8,44.5,64.0,-0.29999999999999716,12.700000000000003,-28.9,14.3,6.200000000000003,-8.700000000000003
richaga01,Garrett Richards,SP,Modern Era (2016-Pres),77.1,Rare,52.2,56.8,51.3,78.2,77.5,72.9,Rare,55.1,56.8,61.5,72.8,48.6,4.199999999999989,-2.8999999999999986,0.0,-10.200000000000003,5.400000000000006,28.9
richajr01,J. R. Richard,SP,Big Hair Era (1977-1993),96.3,Legendary,114.7,32.9,106.0,90.2,103.5,94.1,Legendary,103.6,29.4,113.6,96.8,84.0,2.200000000000003,11.100000000000009,3.5,-7.599999999999994,-6.599999999999994,19.5
richatr01,Trevor Richards,RP,Modern Era (2016-Pres),56.1,Common,50.7,37.3,35.8,27.8,25.8,58.5,Common,71.4,34.3,51.7,23.2,35.8,-2.3999999999999986,-20.700000000000003,3.0,-15.900000000000006,4.600000000000001,-9.999999999999996
richepe01,Pete Richert,RP,Expansion (1961-1976),75.5,Rare,84.2,50.1,88.3,11.4,73.9,73.8,Rare,84.3,51.7,87.8,25.4,50.1,1.7000000000000028,-0.09999999999999432,-1.6000000000000014,0.5,-13.999999999999998,23.800000000000004
richile01,Lew Richie,SP,Deadball (1901-1919),60.8,Uncommon,17.4,34.7,55.6,56.6,79.0,73.9,Rare,20.6,40.1,72.3,86.0,80.8,-13.100000000000009,-3.200000000000003,-5.399999999999999,-16.699999999999996,-29.4,-1.7999999999999972
richmle01,Lee Richmond,SP,The Genesis Era (1871-1900),89.1,Epic,29.6,109.1,26.6,101.8,118.2,79.7,Rare,30.3,95.6,16.7,86.1,100.5,9.399999999999991,-0.6999999999999993,13.5,9.900000000000002,15.700000000000003,17.700000000000003
ricksbi01,Bill Ricks,SP,Integration (1942-1960),77.0,Rare,68.5,59.1,46.2,97.2,44.4,78.7,Rare,61.0,58.5,50.3,90.5,63.6,-1.7000000000000028,7.5,0.6000000000000014,-4.099999999999994,6.700000000000003,-19.200000000000003
riddlel01,Elmer Riddle,SP,Integration (1942-1960),73.3,Rare,9.9,51.6,61.1,82.7,91.3,64.2,Uncommon,12.9,48.6,63.0,78.5,54.0,9.099999999999994,-3.0,3.0,-1.8999999999999986,4.200000000000003,37.3
ridzist01,Steve Ridzik,RP,Integration (1942-1960),58.9,Common,50.9,35.8,57.9,26.2,51.8,58.6,Common,48.3,32.1,70.9,26.2,40.5,0.29999999999999716,2.6000000000000014,3.6999999999999957,-13.000000000000007,0.0,11.299999999999997
riedljo01,John Riedling,RP,Steroid Era (1994-2005),61.6,Uncommon,44.3,36.0,71.1,73.8,21.4,58.1,Common,41.1,32.1,43.9,66.8,25.7,3.5,3.1999999999999957,3.8999999999999986,27.199999999999996,7.0,-4.300000000000001
righeda01,Dave Righetti,RP,Big Hair Era (1977-1993),78.2,Rare,79.1,45.6,65.8,81.7,49.3,84.1,Epic,84.9,41.4,77.1,91.8,59.6,-5.8999999999999915,-5.800000000000011,4.200000000000003,-11.299999999999997,-10.099999999999994,-10.300000000000004
rignejo01,Johnny Rigney,SP,Golden Era (1920-1941),73.7,Rare,60.7,43.1,68.1,35.4,91.2,72.4,Rare,65.4,47.3,78.8,29.8,70.6,1.2999999999999972,-4.700000000000003,-4.199999999999996,-10.700000000000003,5.599999999999998,20.60000000000001
rijojo01,Jose Rijo,SP,Big Hair Era (1977-1993),91.4,Legendary,90.4,58.9,88.1,78.8,86.5,91.7,Legendary,92.1,71.7,80.8,79.5,81.6,-0.29999999999999716,-1.6999999999999886,-12.800000000000004,7.299999999999997,-0.7000000000000028,4.900000000000006
rincoju01,Juan Rincon,RP,Steroid Era (1994-2005),82.5,Epic,88.5,51.8,73.3,92.4,38.9,75.1,Rare,78.0,51.2,66.4,84.8,25.4,7.400000000000006,10.5,0.5999999999999943,6.8999999999999915,7.6000000000000085,13.5
rincori01,Ricardo Rincon,RP,Steroid Era (1994-2005),66.7,Uncommon,67.4,36.7,67.9,66.7,28.2,71.2,Rare,70.9,42.3,81.2,66.5,25.4,-4.5,-3.5,-5.599999999999994,-13.299999999999997,0.20000000000000284,2.8000000000000007
ringji01,Jimmy Ring,SP,Golden Era (1920-1941),68.0,Uncommon,23.9,40.7,22.4,87.5,97.9,66.9,Uncommon,25.6,39.3,30.4,79.3,93.1,1.0999999999999943,-1.7000000000000028,1.4000000000000057,-8.0,8.200000000000003,4.800000000000011
riskeda01,David Riske,RP,Steroid Era (1994-2005),64.7,Uncommon,72.6,46.0,72.2,31.2,36.9,65.3,Uncommon,65.7,55.0,83.7,30.7,26.2,-0.5999999999999943,6.8999999999999915,-9.0,-11.5,0.5,10.7
rislebi01,Bill Risley,RP,Steroid Era (1994-2005),62.0,Uncommon,70.5,46.7,76.4,28.8,25.7,59.7,Common,65.1,41.3,79.9,29.5,21.3,2.299999999999997,5.400000000000006,5.400000000000006,-3.5,-0.6999999999999993,4.399999999999999
ritchto01,Todd Ritchie,SP,Steroid Era (1994-2005),62.5,Uncommon,37.9,77.4,19.5,33.5,81.9,58.5,Common,37.9,74.9,21.6,33.5,48.1,4.0,0.0,2.5,-2.1000000000000014,0.0,33.800000000000004
ritzke01,Kevin Ritz,SP,Steroid Era (1994-2005),56.1,Common,29.6,31.7,5.0,36.8,73.8,55.8,Common,34.7,28.5,6.9,55.6,45.6,0.30000000000000426,-5.100000000000001,3.1999999999999993,-1.9000000000000004,-18.800000000000004,28.199999999999996
riverfe01,Felipe Vazquez,RP,Modern Era (2016-Pres),80.2,Epic,84.5,64.8,72.3,75.2,34.2,80.5,Epic,78.8,64.3,78.2,78.3,33.4,-0.29999999999999716,5.700000000000003,0.5,-5.900000000000006,-3.0999999999999943,0.8000000000000043
riverma01,Mariano Rivera,RP,Steroid Era (1994-2005),92.5,Legendary,87.3,81.5,101.6,99.8,42.3,94.2,Legendary,87.6,93.9,109.2,98.2,39.2,-1.7000000000000028,-0.29999999999999716,-12.400000000000006,-7.6000000000000085,1.5999999999999943,3.0999999999999943
riversa01,Saul Rivera,RP,Efficiency Era (2006-2015),59.2,Common,40.6,28.1,27.5,93.2,39.6,57.6,Common,36.9,37.4,24.8,74.7,28.6,1.6000000000000014,3.700000000000003,-9.299999999999997,2.6999999999999993,18.5,11.0
rixeyep01,Eppa Rixey,SP,Golden Era (1920-1941),84.9,Epic,5.0,100.4,21.5,125.0,107.7,88.7,Epic,10.5,95.4,50.6,125.0,101.3,-3.799999999999997,-5.5,5.0,-29.1,0.0,6.400000000000006
roarkta01,Tanner Roark,SP,Modern Era (2016-Pres),77.7,Rare,39.9,74.2,60.3,75.0,69.6,68.3,Uncommon,46.8,74.9,37.2,43.8,70.9,9.400000000000006,-6.899999999999999,-0.7000000000000028,23.099999999999994,31.200000000000003,-1.3000000000000114
roberch01,Charlie Robertson,SP,Golden Era (1920-1941),69.2,Uncommon,20.1,48.9,17.1,98.4,92.5,59.4,Common,25.1,44.0,22.1,83.4,57.6,9.800000000000004,-5.0,4.899999999999999,-5.0,15.0,34.9
roberda05,Dave Roberts,SP,Expansion (1961-1976),77.5,Rare,28.4,88.0,26.3,81.2,93.8,71.6,Rare,16.3,84.2,22.7,79.1,85.8,5.900000000000006,12.099999999999998,3.799999999999997,3.6000000000000014,2.1000000000000085,8.0
roberda08,David Robertson,RP,Modern Era (2016-Pres),77.1,Rare,83.7,36.5,95.3,76.2,24.0,83.9,Epic,98.8,43.7,102.1,75.7,33.1,-6.800000000000011,-15.099999999999994,-7.200000000000003,-6.799999999999997,0.5,-9.100000000000001
roberna01,Nate Robertson,SP,Steroid Era (1994-2005),58.6,Common,49.9,60.2,14.0,11.5,83.4,57.6,Common,46.8,58.9,20.1,18.0,58.4,1.0,3.1000000000000014,1.3000000000000043,-6.100000000000001,-6.5,25.000000000000007
roberro01,Robin Roberts,SP,Integration (1942-1960),89.8,Epic,49.1,119.3,63.5,42.1,115.1,86.8,Epic,44.4,112.9,63.9,42.4,107.7,3.0,4.700000000000003,6.3999999999999915,-0.3999999999999986,-0.29999999999999716,7.3999999999999915
robindo01,Don Robinson,RP,Big Hair Era (1977-1993),81.3,Epic,60.1,68.8,66.5,64.4,78.2,77.5,Rare,54.4,75.0,59.6,60.1,68.7,3.799999999999997,5.700000000000003,-6.200000000000003,6.899999999999999,4.300000000000004,9.5
robinha01,Hank Robinson,RP,Deadball (1901-1919),78.8,Rare,31.5,84.8,54.1,77.4,76.6,72.8,Rare,29.9,80.9,52.6,75.3,55.4,6.0,1.6000000000000014,3.8999999999999915,1.5,2.1000000000000085,21.199999999999996
robinje01,Jeff Robinson,RP,Big Hair Era (1977-1993),59.9,Common,54.1,38.6,70.9,40.5,35.3,68.6,Uncommon,62.3,50.9,53.0,57.8,50.7,-8.699999999999996,-8.199999999999996,-12.299999999999997,17.900000000000006,-17.299999999999997,-15.400000000000006
robinje02,Jeff Robinson,SP,Big Hair Era (1977-1993),58.4,Common,43.2,25.1,75.7,25.5,46.2,56.6,Common,46.0,19.8,50.8,12.6,55.2,1.7999999999999972,-2.799999999999997,5.300000000000001,24.900000000000006,12.9,-9.0
robinro01,Ron Robinson,SP,Big Hair Era (1977-1993),69.1,Uncommon,52.4,67.8,29.4,63.3,63.9,65.6,Uncommon,48.5,68.7,39.2,59.1,47.2,3.5,3.8999999999999986,-0.9000000000000057,-9.800000000000004,4.199999999999996,16.699999999999996
robleha01,Hansel Robles,RP,Modern Era (2016-Pres),58.8,Common,60.1,47.0,44.7,40.9,28.3,59.6,Common,70.0,36.5,63.1,35.9,28.8,-0.8000000000000043,-9.899999999999999,10.5,-18.4,5.0,-0.5
rockejo01,John Rocker,RP,Steroid Era (1994-2005),71.6,Rare,104.7,5.0,93.6,57.7,27.2,70.2,Rare,105.0,6.0,86.6,59.3,24.0,1.3999999999999915,-0.29999999999999716,-1.0,7.0,-1.5999999999999943,3.1999999999999993
rodnefe01,Fernando Rodney,RP,Modern Era (2016-Pres),62.2,Uncommon,54.1,46.7,58.2,64.1,25.9,75.5,Rare,82.3,35.5,82.5,74.9,32.4,-13.299999999999997,-28.199999999999996,11.200000000000003,-24.299999999999997,-10.800000000000011,-6.5
rodonca01,Carlos Rodon,SP,Modern Era (2016-Pres),90.9,Legendary,102.2,59.6,103.0,57.9,75.5,79.5,Rare,85.5,52.0,75.7,43.5,71.2,11.400000000000006,16.700000000000003,7.600000000000001,27.299999999999997,14.399999999999999,4.299999999999997
rodried01,Eduardo Rodriguez,RP,Expansion (1961-1976),58.2,Common,59.4,20.7,48.9,33.7,48.9,58.8,Common,43.8,32.4,49.6,46.3,49.9,-0.5999999999999943,15.600000000000001,-11.7,-0.7000000000000028,-12.599999999999994,-1.0
rodried05,Eduardo Rodriguez,SP,Modern Era (2016-Pres),69.9,Uncommon,75.5,51.5,40.7,39.3,72.8,68.6,Uncommon,74.8,58.4,37.7,38.2,65.7,1.3000000000000114,0.7000000000000028,-6.899999999999999,3.0,1.0999999999999943,7.099999999999994
rodrife01,Felix Rodriguez,RP,Steroid Era (1994-2005),77.8,Rare,90.0,40.3,84.5,74.1,30.5,69.4,Uncommon,74.1,32.4,68.8,71.7,31.0,8.399999999999991,15.900000000000006,7.899999999999999,15.700000000000003,2.3999999999999915,-0.5
rodrife02,Fernando Rodriguez,RP,Efficiency Era (2006-2015),63.8,Uncommon,54.5,44.9,72.4,61.4,22.2,59.7,Common,67.5,34.7,65.0,47.1,23.1,4.099999999999994,-13.0,10.199999999999996,7.400000000000006,14.299999999999997,-0.9000000000000021
rodrifr03,Francisco Rodriguez,RP,Efficiency Era (2006-2015),82.8,Epic,102.5,36.7,92.2,78.1,37.6,85.0,Epic,107.7,37.4,106.6,71.8,37.0,-2.200000000000003,-5.200000000000003,-0.6999999999999957,-14.399999999999991,6.299999999999997,0.6000000000000014
rodrira02,Randy Rodríguez,RP,Modern Era (2016-Pres),63.9,Uncommon,56.1,58.8,53.3,59.9,27.8,65.5,Uncommon,53.1,61.3,58.1,60.8,29.1,-1.6000000000000014,3.0,-2.5,-4.800000000000004,-0.8999999999999986,-1.3000000000000007
rodriri02,Rich Rodriguez,RP,Big Hair Era (1977-1993),59.6,Common,42.7,57.4,41.2,59.6,34.0,58.4,Common,46.0,46.1,48.5,40.4,34.5,1.2000000000000028,-3.299999999999997,11.299999999999997,-7.299999999999997,19.200000000000003,-0.5
rodriri05,Richard Rodriguez,RP,Modern Era (2016-Pres),63.1,Uncommon,47.7,71.4,56.9,52.7,23.9,59.5,Common,54.2,70.6,55.0,29.4,24.8,3.6000000000000014,-6.5,0.8000000000000114,1.8999999999999986,23.300000000000004,-0.9000000000000021
rodriwa01,Wandy Rodriguez,SP,Efficiency Era (2006-2015),72.5,Rare,72.4,56.0,40.2,39.8,84.2,71.0,Rare,64.7,63.8,37.3,42.2,76.8,1.5,7.700000000000003,-7.799999999999997,2.9000000000000057,-2.4000000000000057,7.400000000000006
roebued01,Ed Roebuck,RP,Integration (1942-1960),63.0,Uncommon,79.6,46.5,68.7,21.5,35.7,63.5,Uncommon,76.2,54.0,76.1,8.3,39.5,-0.5,3.3999999999999915,-7.5,-7.3999999999999915,13.2,-3.799999999999997
roech01,Chaz Roe,RP,Modern Era (2016-Pres),58.9,Common,48.0,46.4,58.0,51.3,20.3,59.6,Common,61.3,33.4,54.9,63.6,21.1,-0.7000000000000028,-13.299999999999997,13.0,3.1000000000000014,-12.300000000000004,-0.8000000000000007
roepr01,Preacher Roe,SP,Integration (1942-1960),75.5,Rare,55.0,95.7,40.2,23.4,93.7,77.4,Rare,48.2,96.3,49.3,35.3,88.1,-1.9000000000000057,6.799999999999997,-0.5999999999999943,-9.099999999999994,-11.899999999999999,5.6000000000000085
roganbu99,Bullet Rogan,SP,Golden Era (1920-1941),95.6,Legendary,80.5,66.1,92.4,115.9,85.6,99.9,Legendary,85.1,76.2,91.8,113.6,118.5,-4.300000000000011,-4.599999999999994,-10.100000000000009,0.6000000000000085,2.3000000000000114,-32.900000000000006
rogeres01,Esmil Rogers,RP,Efficiency Era (2006-2015),56.0,Common,51.3,53.6,9.6,24.0,36.1,55.3,Common,56.5,46.1,5.0,23.3,32.4,0.7000000000000028,-5.200000000000003,7.5,4.6,0.6999999999999993,3.700000000000003
rogerke01,Kenny Rogers,SP,Steroid Era (1994-2005),68.9,Uncommon,34.1,62.9,34.1,52.9,91.9,67.3,Uncommon,27.0,65.9,31.4,57.3,87.8,1.6000000000000085,7.100000000000001,-3.000000000000007,2.700000000000003,-4.399999999999999,4.1000000000000085
rogerst01,Steve Rogers,SP,Big Hair Era (1977-1993),86.4,Epic,38.2,72.1,73.2,92.3,93.2,88.3,Epic,44.9,75.3,69.9,94.8,95.7,-1.8999999999999915,-6.699999999999996,-3.200000000000003,3.299999999999997,-2.5,-2.5
rogerta01,Taylor Rogers,RP,Modern Era (2016-Pres),70.4,Rare,65.6,70.1,55.1,58.8,32.2,71.8,Rare,76.6,68.6,58.4,56.5,29.0,-1.3999999999999915,-11.0,1.5,-3.299999999999997,2.299999999999997,3.200000000000003
rogertr01,Trevor Rogers,SP,Modern Era (2016-Pres),78.0,Rare,65.4,55.8,71.0,85.1,42.9,65.8,Uncommon,64.8,48.4,44.7,62.9,42.6,12.200000000000003,0.6000000000000085,7.399999999999999,26.299999999999997,22.199999999999996,0.29999999999999716
rogerty01,Tyler Rogers,RP,Modern Era (2016-Pres),64.6,Uncommon,24.7,90.1,41.6,75.8,26.4,71.5,Rare,32.4,96.3,46.1,82.3,30.3,-6.900000000000006,-7.699999999999999,-6.200000000000003,-4.5,-6.5,-3.900000000000002
rogovsa01,Saul Rogovin,SP,Integration (1942-1960),70.4,Rare,39.7,59.7,53.0,61.8,67.8,59.6,Common,36.3,63.3,45.2,39.9,51.0,10.800000000000004,3.4000000000000057,-3.5999999999999943,7.799999999999997,21.9,16.799999999999997
rojasme01,Mel Rojas,RP,Big Hair Era (1977-1993),79.0,Rare,67.6,54.3,83.3,76.5,44.0,77.5,Rare,77.8,57.4,80.7,65.4,36.4,1.5,-10.200000000000003,-3.1000000000000014,2.5999999999999943,11.099999999999994,7.600000000000001
rolanji01,Jim Roland,RP,Expansion (1961-1976),59.6,Common,39.5,20.9,76.5,70.4,27.6,59.7,Common,47.9,17.3,92.0,54.8,25.4,-0.10000000000000142,-8.399999999999999,3.599999999999998,-15.5,15.600000000000009,2.200000000000003
romanjo03,Jordan Romano,RP,Modern Era (2016-Pres),70.9,Rare,75.9,44.6,76.2,56.6,31.0,62.2,Uncommon,75.5,47.0,68.8,34.6,22.8,8.700000000000003,0.4000000000000057,-2.3999999999999986,7.400000000000006,22.0,8.2
rombybo01,Bob Romby,SP,Integration (1942-1960),83.7,Epic,93.3,30.1,91.3,99.8,38.2,86.9,Epic,86.1,40.4,87.9,89.1,68.2,-3.200000000000003,7.200000000000003,-10.299999999999997,3.3999999999999915,10.700000000000003,-30.0
romerjc01,J. C. Romero,RP,Efficiency Era (2006-2015),60.2,Uncommon,49.1,18.3,73.6,75.6,24.2,62.0,Uncommon,55.8,5.0,86.3,73.7,27.2,-1.7999999999999972,-6.699999999999996,13.3,-12.700000000000003,1.8999999999999915,-3.0
romerri01,Ricky Romero,SP,Efficiency Era (2006-2015),70.4,Rare,57.7,39.3,50.2,48.5,86.2,61.5,Uncommon,51.0,32.8,44.4,47.3,70.7,8.900000000000006,6.700000000000003,6.5,5.800000000000004,1.2000000000000028,15.5
rommeed01,Eddie Rommel,SP,Golden Era (1920-1941),72.0,Rare,5.0,94.5,46.8,55.1,88.9,70.2,Rare,5.0,76.6,41.3,62.3,96.0,1.7999999999999972,0.0,17.900000000000006,5.5,-7.199999999999996,-7.099999999999994
romoen01,Enrique Romo,RP,Big Hair Era (1977-1993),71.0,Rare,69.9,53.7,63.2,43.6,54.8,69.1,Uncommon,64.3,61.2,61.1,41.8,48.3,1.9000000000000057,5.6000000000000085,-7.5,2.1000000000000014,1.8000000000000043,6.5
romose01,Sergio Romo,RP,Efficiency Era (2006-2015),81.7,Epic,83.5,83.6,88.0,57.7,27.6,83.1,Epic,86.3,92.2,85.1,58.3,26.7,-1.3999999999999915,-2.799999999999997,-8.600000000000009,2.9000000000000057,-0.5999999999999943,0.9000000000000021
romovi01,Vicente Romo,RP,Expansion (1961-1976),62.0,Uncommon,53.4,44.3,75.7,39.5,35.3,61.0,Uncommon,57.8,38.2,68.8,38.6,40.8,1.0,-4.399999999999999,6.099999999999994,6.900000000000006,0.8999999999999986,-5.5
rondohe01,Hector Rondon,RP,Modern Era (2016-Pres),71.7,Rare,59.0,67.8,48.2,81.5,32.1,67.1,Uncommon,62.2,68.0,55.9,52.9,29.7,4.6000000000000085,-3.200000000000003,-0.20000000000000284,-7.699999999999996,28.6,2.400000000000002
rookeji01,Jim Rooker,SP,Expansion (1961-1976),74.5,Rare,35.7,64.1,53.3,61.3,88.5,73.0,Rare,37.3,50.2,55.3,67.8,84.8,1.5,-1.5999999999999943,13.899999999999991,-2.0,-6.5,3.700000000000003
rootch01,Charlie Root,SP,Golden Era (1920-1941),78.6,Rare,46.0,94.8,48.2,48.2,86.0,82.5,Epic,48.0,87.7,56.3,60.8,92.1,-3.9000000000000057,-2.0,7.099999999999994,-8.099999999999994,-12.599999999999994,-6.099999999999994
rosadjo01,Jose Rosado,SP,Steroid Era (1994-2005),64.9,Uncommon,47.8,65.4,37.4,35.9,73.2,64.0,Uncommon,45.1,66.4,43.3,36.7,64.7,0.9000000000000057,2.6999999999999957,-1.0,-5.899999999999999,-0.8000000000000043,8.5
roselba01,Basilio Rosell,SP,Golden Era (1920-1941),59.3,Common,57.1,69.8,19.3,30.3,53.5,63.3,Uncommon,58.7,66.2,24.3,10.0,94.0,-4.0,-1.6000000000000014,3.5999999999999943,-5.0,20.3,-40.5
rosentr01,Trevor Rosenthal,RP,Efficiency Era (2006-2015),74.0,Rare,92.1,55.3,56.1,70.2,26.3,79.1,Rare,108.5,38.7,70.7,83.1,25.0,-5.099999999999994,-16.400000000000006,16.599999999999994,-14.600000000000001,-12.899999999999991,1.3000000000000007
rossbu02,Buck Ross,SP,Golden Era (1920-1941),55.6,Common,27.0,39.1,48.1,11.0,43.8,54.8,Common,10.9,37.4,21.8,16.6,68.8,0.8000000000000043,16.1,1.7000000000000028,26.3,-5.600000000000001,-25.0
rossga01,Gary Ross,RP,Expansion (1961-1976),61.0,Uncommon,26.0,53.3,24.4,86.7,53.5,58.7,Common,32.6,42.7,27.5,78.7,38.4,2.299999999999997,-6.600000000000001,10.599999999999994,-3.1000000000000014,8.0,15.100000000000001
rossjo01,Joe Ross,SP,Modern Era (2016-Pres),59.8,Common,50.0,59.4,28.4,58.5,42.1,58.2,Common,52.4,65.9,25.1,31.5,36.0,1.5999999999999943,-2.3999999999999986,-6.500000000000007,3.299999999999997,27.0,6.100000000000001
rossro01,Robbie Ross,RP,Efficiency Era (2006-2015),65.0,Uncommon,54.5,50.7,47.2,77.4,30.4,59.3,Common,51.4,54.6,29.8,66.7,27.9,5.700000000000003,3.1000000000000014,-3.8999999999999986,17.400000000000002,10.700000000000003,2.5
rossty01,Tyson Ross,SP,Efficiency Era (2006-2015),84.7,Epic,86.3,41.6,68.0,85.5,76.9,75.5,Rare,72.9,44.9,66.0,73.3,50.5,9.200000000000003,13.399999999999991,-3.299999999999997,2.0,12.200000000000003,26.400000000000006
rosswi01,William Ross,SP,Golden Era (1920-1941),58.8,Common,57.7,47.8,45.1,49.4,21.4,78.6,Rare,39.5,70.7,37.3,97.3,78.7,-19.799999999999997,18.200000000000003,-22.900000000000006,7.800000000000004,-47.9,-57.300000000000004
rowesc01,Schoolboy Rowe,SP,Golden Era (1920-1941),75.0,Rare,52.4,72.7,37.8,50.2,92.4,82.2,Epic,45.5,89.8,52.1,69.7,86.2,-7.200000000000003,6.899999999999999,-17.099999999999994,-14.300000000000004,-19.5,6.200000000000003
rozemda01,Dave Rozema,SP,Big Hair Era (1977-1993),60.7,Uncommon,5.0,92.3,22.6,40.7,82.4,59.3,Common,9.1,91.6,33.8,36.1,58.8,1.4000000000000057,-4.1,0.7000000000000028,-11.199999999999996,4.600000000000001,23.60000000000001
ruckeda01,Dave Rucker,RP,Big Hair Era (1977-1993),58.5,Common,34.6,31.5,39.9,73.8,36.1,57.0,Common,37.9,33.4,28.2,68.6,24.1,1.5,-3.299999999999997,-1.8999999999999986,11.7,5.200000000000003,12.0
ruckena01,Nap Rucker,SP,Deadball (1901-1919),88.2,Epic,76.1,55.0,74.2,65.2,109.3,91.1,Legendary,66.9,60.6,74.9,89.8,108.2,-2.8999999999999915,9.199999999999989,-5.600000000000001,-0.7000000000000028,-24.599999999999994,1.0999999999999943
rudoldi01,Dick Rudolph,SP,Deadball (1901-1919),81.8,Epic,28.4,92.1,32.2,83.2,105.2,87.8,Epic,32.9,101.5,47.7,93.0,102.3,-6.0,-4.5,-9.400000000000006,-15.5,-9.799999999999997,2.9000000000000057
rueteki01,Kirk Rueter,SP,Steroid Era (1994-2005),63.6,Uncommon,14.3,82.1,29.3,57.0,72.0,59.1,Common,7.2,79.8,23.9,50.8,65.4,4.5,7.1000000000000005,2.299999999999997,5.400000000000002,6.200000000000003,6.599999999999994
ruethdu01,Dutch Ruether,SP,Golden Era (1920-1941),83.5,Epic,21.8,49.4,65.4,115.6,99.2,75.9,Rare,18.1,49.3,41.4,108.2,92.8,7.599999999999994,3.6999999999999993,0.10000000000000142,24.000000000000007,7.3999999999999915,6.400000000000006
ruffibr01,Bruce Ruffin,RP,Big Hair Era (1977-1993),64.0,Uncommon,56.4,36.8,37.3,75.1,50.7,65.5,Uncommon,61.4,45.8,32.4,70.9,51.9,-1.5,-5.0,-9.0,4.899999999999999,4.199999999999989,-1.1999999999999957
ruffire01,Red Ruffing,SP,Golden Era (1920-1941),81.3,Epic,75.8,50.1,65.8,47.9,98.3,78.7,Rare,53.9,57.1,65.6,49.2,98.3,2.5999999999999943,21.9,-7.0,0.20000000000000284,-1.3000000000000043,0.0
ruhleve01,Vern Ruhle,SP,Big Hair Era (1977-1993),63.4,Uncommon,14.7,84.6,34.4,65.2,55.0,60.6,Uncommon,10.8,81.4,31.1,56.2,62.8,2.799999999999997,3.8999999999999986,3.1999999999999886,3.299999999999997,9.0,-7.799999999999997
ruizjo01,Jose Ruiz,RP,Modern Era (2016-Pres),57.0,Common,57.5,35.5,43.6,26.3,29.4,56.0,Common,54.4,33.9,35.5,30.5,21.5,1.0,3.1000000000000014,1.6000000000000014,8.100000000000001,-4.199999999999999,7.899999999999999
ruizsi01,Silvino Ruíz,SP,Golden Era (1920-1941),57.5,Common,74.0,47.7,56.3,5.0,17.8,57.5,Common,54.6,52.3,41.0,12.4,39.5,0.0,19.4,-4.599999999999994,15.299999999999997,-7.4,-21.7
ruschgl01,Glendon Rusch,SP,Steroid Era (1994-2005),68.4,Uncommon,58.1,75.5,12.0,58.2,70.1,61.3,Uncommon,54.8,77.0,5.0,37.9,70.5,7.1000000000000085,3.3000000000000043,-1.5,7.0,20.300000000000004,-0.4000000000000057
rushbo01,Bob Rush,SP,Integration (1942-1960),83.6,Epic,59.6,55.5,71.8,69.6,95.3,80.3,Epic,45.4,66.3,63.0,67.6,89.7,3.299999999999997,14.200000000000003,-10.799999999999997,8.799999999999997,2.0,5.599999999999994
rusieam01,Amos Rusie,SP,The Genesis Era (1871-1900),93.2,Legendary,95.9,9.0,92.7,96.1,125.0,97.6,Legendary,104.4,19.6,104.0,106.4,125.0,-4.3999999999999915,-8.5,-10.600000000000001,-11.299999999999997,-10.300000000000011,0.0
rusinch01,Chris Rusin,RP,Efficiency Era (2006-2015),59.8,Common,43.7,67.2,38.9,49.5,39.3,56.7,Common,39.9,68.3,10.7,38.5,29.5,3.0999999999999943,3.8000000000000043,-1.0999999999999943,28.2,11.0,9.799999999999997
russeal01,Allen Russell,RP,Deadball (1901-1919),53.8,Common,40.5,18.4,7.3,5.0,67.3,67.7,Uncommon,47.6,35.4,51.3,75.5,61.2,-13.900000000000006,-7.100000000000001,-17.0,-44.0,-70.5,6.099999999999994
russeja01,Jack Russell,RP,Golden Era (1920-1941),63.5,Uncommon,5.1,72.9,36.1,82.8,57.2,66.1,Uncommon,5.0,73.7,33.1,94.4,58.5,-2.5999999999999943,0.09999999999999964,-0.7999999999999972,3.0,-11.600000000000009,-1.2999999999999972
russeja02,James Russell,RP,Efficiency Era (2006-2015),59.4,Common,41.0,53.4,49.1,64.1,23.5,57.1,Common,40.6,68.8,31.3,28.6,24.6,2.299999999999997,0.3999999999999986,-15.399999999999999,17.8,35.49999999999999,-1.1000000000000014
russeje01,Jeff Russell,RP,Big Hair Era (1977-1993),72.0,Rare,72.5,51.4,79.4,62.6,24.3,68.3,Uncommon,53.8,59.5,63.8,57.6,38.7,3.700000000000003,18.700000000000003,-8.100000000000001,15.600000000000009,5.0,-14.400000000000002
russere01,Reb Russell,SP,Deadball (1901-1919),92.7,Legendary,34.3,89.7,75.7,113.2,101.7,88.9,Epic,33.4,92.6,68.1,109.1,80.7,3.799999999999997,0.8999999999999986,-2.8999999999999915,7.6000000000000085,4.1000000000000085,21.0
russoma01,Marius Russo,SP,Integration (1942-1960),74.9,Rare,43.5,55.9,60.1,68.4,76.7,70.9,Rare,41.4,56.3,64.2,69.0,53.6,4.0,2.1000000000000014,-0.3999999999999986,-4.100000000000001,-0.5999999999999943,23.1
ruthba01,Babe Ruth,SP,Deadball (1901-1919),92.2,Legendary,50.2,36.3,106.3,111.3,105.8,83.6,Epic,39.4,40.9,93.4,102.5,75.7,8.600000000000009,10.800000000000004,-4.600000000000001,12.899999999999991,8.799999999999997,30.099999999999994
ruthvdi01,Dick Ruthven,SP,Big Hair Era (1977-1993),59.2,Common,40.6,43.7,15.8,57.2,71.0,71.0,Rare,37.3,60.4,35.9,64.3,86.9,-11.799999999999997,3.3000000000000043,-16.699999999999996,-20.099999999999998,-7.099999999999994,-15.900000000000006
ryanbj01,B. J. Ryan,RP,Steroid Era (1994-2005),90.3,Legendary,115.1,55.2,98.9,85.6,38.3,86.8,Epic,112.5,40.5,101.5,87.3,29.7,3.5,2.5999999999999943,14.700000000000003,-2.5999999999999943,-1.7000000000000028,8.599999999999998
ryanjo04,Joe Ryan,SP,Modern Era (2016-Pres),76.9,Rare,81.0,81.3,71.6,12.6,68.4,75.2,Rare,80.6,86.5,69.7,11.2,58.4,1.7000000000000028,0.4000000000000057,-5.200000000000003,1.8999999999999915,1.4000000000000004,10.000000000000007
ryanke01,Ken Ryan,RP,Steroid Era (1994-2005),67.0,Uncommon,55.0,29.7,63.5,88.7,31.2,60.7,Uncommon,56.6,17.4,67.5,78.7,22.6,6.299999999999997,-1.6000000000000014,12.3,-4.0,10.0,8.599999999999998
ryanno01,Nolan Ryan,SP,Big Hair Era (1977-1993),97.5,Legendary,125.0,5.0,125.0,94.9,108.5,95.9,Legendary,125.0,5.0,125.0,87.5,100.9,1.5999999999999943,0.0,0.0,0.0,7.400000000000006,7.599999999999994
ryanre01,Red Ryan,SP,Golden Era (1920-1941),79.5,Rare,43.4,79.3,57.0,79.2,69.1,83.2,Epic,41.6,79.1,61.0,74.8,93.1,-3.700000000000003,1.7999999999999972,0.20000000000000284,-4.0,4.400000000000006,-24.0
ryanro01,Rosy Ryan,RP,Golden Era (1920-1941),74.6,Rare,33.5,64.8,49.9,79.0,76.2,69.9,Uncommon,35.1,67.4,49.1,81.6,46.7,4.699999999999989,-1.6000000000000014,-2.6000000000000085,0.7999999999999972,-2.5999999999999943,29.5
rybami01,Mike Ryba,RP,Integration (1942-1960),70.9,Rare,24.0,65.4,46.1,86.8,62.0,63.5,Uncommon,28.2,71.4,33.6,73.4,47.4,7.400000000000006,-4.199999999999999,-6.0,12.5,13.399999999999991,14.600000000000001
ryuhy01,Hyun Jin Ryu,SP,Modern Era (2016-Pres),77.4,Rare,55.0,91.4,40.4,63.6,66.9,75.5,Rare,58.3,93.5,38.7,53.6,63.5,1.9000000000000057,-3.299999999999997,-2.0999999999999943,1.6999999999999957,10.0,3.4000000000000057
rzepcma01,Marc Rzepczynski,RP,Efficiency Era (2006-2015),57.8,Common,54.2,24.4,47.0,57.3,22.3,60.1,Uncommon,64.1,28.5,51.6,71.5,24.8,-2.3000000000000043,-9.899999999999991,-4.100000000000001,-4.600000000000001,-14.200000000000003,-2.5
sabatcc01,CC Sabathia,SP,Efficiency Era (2006-2015),83.6,Epic,80.4,82.5,45.2,70.1,73.4,86.7,Epic,68.6,87.5,53.6,68.3,92.4,-3.1000000000000085,11.800000000000011,-5.0,-8.399999999999999,1.7999999999999972,-19.0
saberbr01,Bret Saberhagen,SP,Big Hair Era (1977-1993),88.9,Epic,58.6,107.5,62.1,58.0,97.7,89.6,Epic,62.2,113.4,58.3,64.9,89.3,-0.6999999999999886,-3.6000000000000014,-5.900000000000006,3.8000000000000043,-6.900000000000006,8.400000000000006
sadecra01,Ray Sadecki,SP,Expansion (1961-1976),73.9,Rare,54.2,50.9,58.4,53.6,82.6,76.3,Rare,58.1,58.2,53.0,60.6,81.9,-2.3999999999999915,-3.8999999999999986,-7.300000000000004,5.399999999999999,-7.0,0.6999999999999886
sainjo01,Johnny Sain,SP,Integration (1942-1960),82.5,Epic,36.1,79.2,52.7,78.3,98.7,74.5,Rare,33.1,86.0,40.6,50.4,92.4,8.0,3.0,-6.799999999999997,12.100000000000001,27.9,6.299999999999997
saitota01,Takashi Saito,RP,Efficiency Era (2006-2015),81.7,Epic,85.8,60.4,96.3,64.4,33.1,81.6,Epic,89.2,64.3,93.0,68.5,24.7,0.10000000000000853,-3.4000000000000057,-3.8999999999999986,3.299999999999997,-4.099999999999994,8.400000000000002
salasfe01,Fernando Salas,RP,Efficiency Era (2006-2015),65.8,Uncommon,61.7,64.8,67.7,37.7,31.7,65.1,Uncommon,64.9,65.9,65.5,39.9,24.4,0.7000000000000028,-3.200000000000003,-1.1000000000000085,2.200000000000003,-2.1999999999999957,7.300000000000001
salazda01,Danny Salazar,SP,Modern Era (2016-Pres),69.8,Uncommon,91.1,43.0,50.9,29.8,64.7,67.3,Uncommon,84.7,52.1,49.8,35.5,47.2,2.5,6.3999999999999915,-9.100000000000001,1.1000000000000014,-5.699999999999999,17.5
salech01,Chris Sale,SP,Modern Era (2016-Pres),94.4,Legendary,106.2,90.4,81.5,71.9,80.3,94.6,Legendary,101.0,96.7,87.0,63.9,83.3,-0.19999999999998863,5.200000000000003,-6.299999999999997,-5.5,8.000000000000007,-3.0
sallesl01,Slim Sallee,SP,Deadball (1901-1919),77.1,Rare,28.1,78.8,41.1,63.1,104.7,76.2,Rare,18.2,91.9,45.3,62.4,93.4,0.8999999999999915,9.900000000000002,-13.100000000000009,-4.199999999999996,0.7000000000000028,11.299999999999997
salmoha01,Harry Salmon,SP,Golden Era (1920-1941),82.4,Epic,66.0,104.4,39.4,61.8,72.8,90.5,Legendary,67.0,104.4,34.5,85.8,102.9,-8.099999999999994,-1.0,0.0,4.899999999999999,-24.0,-30.10000000000001
samarje01,Jeff Samardzija,SP,Efficiency Era (2006-2015),73.4,Rare,60.8,84.7,63.2,26.9,61.5,78.8,Rare,74.7,79.2,58.9,31.2,80.5,-5.3999999999999915,-13.900000000000006,5.5,4.300000000000004,-4.300000000000001,-19.0
sambijo01,Joe Sambito,RP,Big Hair Era (1977-1993),79.2,Rare,70.8,69.2,81.7,64.2,40.7,80.9,Epic,77.1,72.2,82.6,69.0,34.5,-1.7000000000000028,-6.299999999999997,-3.0,-0.8999999999999915,-4.799999999999997,6.200000000000003
sanchaa01,Aaron Sanchez,SP,Modern Era (2016-Pres),69.0,Uncommon,40.8,46.2,71.1,68.0,50.3,58.6,Common,43.0,29.1,46.6,55.2,43.7,10.399999999999999,-2.200000000000003,17.1,24.499999999999993,12.799999999999997,6.599999999999994
sanchan01,Anibal Sanchez,SP,Efficiency Era (2006-2015),80.7,Epic,78.4,57.2,58.1,66.6,73.7,79.9,Rare,70.4,66.4,56.5,60.8,75.8,0.7999999999999972,8.0,-9.200000000000003,1.6000000000000014,5.799999999999997,-2.0999999999999943
sanchcr01,Cristopher Sanchez,SP,Modern Era (2016-Pres),80.9,Epic,65.4,89.2,39.8,68.8,72.4,75.3,Rare,59.5,82.9,45.3,68.7,50.4,5.6000000000000085,5.900000000000006,6.299999999999997,-5.5,0.09999999999999432,22.000000000000007
sanchdu01,Duaner Sanchez,RP,Steroid Era (1994-2005),59.7,Common,48.4,45.4,52.5,54.7,36.2,58.2,Common,47.4,45.9,49.2,46.2,23.5,1.5,1.0,-0.5,3.299999999999997,8.5,12.700000000000003
sanchjo01,Jonathan Sanchez,SP,Efficiency Era (2006-2015),71.0,Rare,90.3,7.9,70.4,39.9,76.6,61.8,Uncommon,85.3,7.0,66.3,39.5,49.2,9.200000000000003,5.0,0.9000000000000004,4.1000000000000085,0.3999999999999986,27.39999999999999
sanchlu01,Luis Sanchez,RP,Big Hair Era (1977-1993),59.4,Common,46.9,43.0,37.8,58.9,44.6,58.5,Common,44.5,48.2,39.0,47.8,37.8,0.8999999999999986,2.3999999999999986,-5.200000000000003,-1.2000000000000028,11.100000000000001,6.800000000000004
sandebe01,Ben Sanders,SP,The Genesis Era (1871-1900),72.4,Rare,24.6,79.0,7.5,68.6,112.4,74.0,Rare,29.1,76.8,27.7,63.5,103.3,-1.5999999999999943,-4.5,2.200000000000003,-20.2,5.099999999999994,9.100000000000009
sandeke01,Ken Sanders,RP,Expansion (1961-1976),76.7,Rare,39.6,71.0,79.9,79.3,44.2,67.7,Uncommon,39.4,45.6,77.3,70.9,38.1,9.0,0.20000000000000284,25.4,2.6000000000000085,8.399999999999991,6.100000000000001
sandesc01,Scott Sanderson,SP,Big Hair Era (1977-1993),76.0,Rare,43.1,98.6,33.5,54.0,81.3,75.0,Rare,55.3,94.5,45.1,32.5,77.7,1.0,-12.199999999999996,4.099999999999994,-11.600000000000001,21.5,3.5999999999999943
sandlni01,Nick Sandlin,RP,Modern Era (2016-Pres),60.0,Uncommon,59.4,29.3,84.4,42.8,24.2,60.4,Uncommon,62.3,32.7,88.1,34.4,24.3,-0.3999999999999986,-2.8999999999999986,-3.400000000000002,-3.6999999999999886,8.399999999999999,-0.10000000000000142
sandopa02,Patrick Sandoval,SP,Modern Era (2016-Pres),62.1,Uncommon,66.7,33.9,45.2,58.1,44.7,59.4,Common,63.5,31.4,37.9,54.9,43.6,2.700000000000003,3.200000000000003,2.5,7.300000000000004,3.200000000000003,1.1000000000000014
sanfofr01,Fred Sanford,SP,Integration (1942-1960),57.0,Common,20.5,42.9,19.5,42.3,66.1,55.1,Common,27.0,14.5,30.7,37.3,50.5,1.8999999999999986,-6.5,28.4,-11.2,5.0,15.599999999999994
sanfoja02,Jack Sanford,SP,Expansion (1961-1976),74.3,Rare,51.9,51.5,62.3,40.5,95.5,73.1,Rare,45.3,56.7,54.3,49.6,89.7,1.2000000000000028,6.600000000000001,-5.200000000000003,8.0,-9.100000000000001,5.799999999999997
santade01,Dennis Santana,RP,Modern Era (2016-Pres),68.2,Uncommon,43.8,63.6,70.6,70.8,24.5,62.5,Uncommon,46.9,48.1,68.0,65.4,21.7,5.700000000000003,-3.1000000000000014,15.5,2.5999999999999943,5.3999999999999915,2.8000000000000007
santaer01,Ervin Santana,SP,Efficiency Era (2006-2015),76.6,Rare,66.8,78.8,56.5,25.0,86.1,76.3,Rare,56.2,77.1,58.6,31.9,88.1,0.29999999999999716,10.599999999999994,1.7000000000000028,-2.1000000000000014,-6.899999999999999,-2.0
santajo01,Johan Santana,SP,Efficiency Era (2006-2015),94.6,Legendary,99.8,96.1,99.2,43.6,93.3,91.2,Legendary,86.2,92.1,89.7,43.5,89.2,3.3999999999999915,13.599999999999994,4.0,9.5,0.10000000000000142,4.099999999999994
santaju01,Julio Santana,RP,Steroid Era (1994-2005),55.3,Common,23.1,37.1,38.1,30.7,33.8,54.0,Common,40.0,28.2,22.6,16.5,34.2,1.2999999999999972,-16.9,8.900000000000002,15.5,14.2,-0.4000000000000057
santihe01,Hector Santiago,SP,Modern Era (2016-Pres),58.3,Common,61.7,20.9,51.8,17.1,61.3,58.3,Common,69.3,26.0,56.5,6.4,55.9,0.0,-7.599999999999994,-5.100000000000001,-4.700000000000003,10.700000000000001,5.399999999999999
santijo02,Jose Santiago,RP,Expansion (1961-1976),70.1,Rare,61.4,57.1,54.0,41.3,66.8,61.0,Uncommon,64.8,56.8,51.8,31.7,38.9,9.099999999999994,-3.3999999999999986,0.30000000000000426,2.200000000000003,9.599999999999998,27.9
santijo03,Jose Santiago,RP,Steroid Era (1994-2005),56.3,Common,26.1,53.0,31.5,44.8,24.9,57.5,Common,23.5,67.0,23.9,63.7,22.2,-1.2000000000000028,2.6000000000000014,-14.0,7.600000000000001,-18.900000000000006,2.6999999999999993
santito01,Tony Santillan,RP,Modern Era (2016-Pres),59.8,Common,66.9,40.8,67.3,39.1,24.8,59.8,Common,61.0,38.9,64.1,51.1,22.7,0.0,5.900000000000006,1.8999999999999986,3.200000000000003,-12.0,2.1000000000000014
sarmima01,Manny Sarmiento,RP,Big Hair Era (1977-1993),63.7,Uncommon,35.6,59.0,57.4,56.5,46.6,63.5,Uncommon,39.0,61.6,63.7,53.2,36.7,0.20000000000000284,-3.3999999999999986,-2.6000000000000014,-6.300000000000004,3.299999999999997,9.899999999999999
sasakka01,Kazuhiro Sasaki,RP,Steroid Era (1994-2005),75.9,Rare,86.2,60.2,92.6,39.2,31.7,75.6,Rare,78.9,61.1,89.9,48.7,29.6,0.30000000000001137,7.299999999999997,-0.8999999999999986,2.6999999999999886,-9.5,2.099999999999998
sauersc01,Scott Sauerbeck,RP,Steroid Era (1994-2005),62.1,Uncommon,76.8,5.0,61.7,70.5,34.3,63.0,Uncommon,83.3,5.0,68.4,67.9,27.6,-0.8999999999999986,-6.5,0.0,-6.700000000000003,2.5999999999999943,6.699999999999996
saundjo01,Joe Saunders,SP,Efficiency Era (2006-2015),58.1,Common,19.8,67.6,18.3,27.2,77.0,57.8,Common,22.6,71.9,10.9,26.3,73.8,0.30000000000000426,-2.8000000000000007,-4.300000000000011,7.4,0.8999999999999986,3.200000000000003
scanlbo01,Bob Scanlan,RP,Steroid Era (1994-2005),58.5,Common,27.7,60.2,34.8,57.6,36.1,57.9,Common,17.4,58.1,28.5,76.3,27.0,0.6000000000000014,10.3,2.1000000000000014,6.299999999999997,-18.699999999999996,9.100000000000001
scanldo01,Doc Scanlan,SP,Deadball (1901-1919),73.7,Rare,60.2,5.0,65.7,82.1,85.8,73.5,Rare,54.4,5.0,76.8,88.5,73.0,0.20000000000000284,5.800000000000004,0.0,-11.099999999999994,-6.400000000000006,12.799999999999997
scantpa01,Patricio Scantlebury,SP,Integration (1942-1960),68.5,Uncommon,53.8,88.9,23.8,67.3,40.5,71.2,Rare,51.2,82.0,20.5,72.9,59.6,-2.700000000000003,2.5999999999999943,6.900000000000006,3.3000000000000007,-5.6000000000000085,-19.1
scarbra01,Ray Scarborough,SP,Integration (1942-1960),67.3,Uncommon,28.7,38.7,36.4,85.6,80.0,61.3,Uncommon,24.2,43.6,26.7,76.5,74.1,6.0,4.5,-4.899999999999999,9.7,9.099999999999994,5.900000000000006
schatda01,Dan Schatzeder,RP,Big Hair Era (1977-1993),67.0,Uncommon,42.9,63.4,64.2,24.3,73.4,70.1,Rare,40.2,58.7,73.9,53.2,54.4,-3.0999999999999943,2.6999999999999957,4.699999999999996,-9.700000000000003,-28.900000000000002,19.000000000000007
scheica01,Carl Scheib,RP,Integration (1942-1960),57.2,Common,5.4,45.1,28.5,41.5,74.6,56.8,Common,5.0,50.9,36.1,44.8,51.2,0.4000000000000057,0.40000000000000036,-5.799999999999997,-7.600000000000001,-3.299999999999997,23.39999999999999
scherbi01,Bill Scherrer,RP,Big Hair Era (1977-1993),58.9,Common,51.4,53.2,46.1,46.2,27.2,57.1,Common,54.3,35.9,43.0,36.5,23.9,1.7999999999999972,-2.8999999999999986,17.300000000000004,3.1000000000000014,9.700000000000003,3.3000000000000007
scherfr01,Fred Scherman,RP,Expansion (1961-1976),57.8,Common,37.5,32.6,54.4,39.9,40.6,57.0,Common,39.4,29.6,41.5,47.1,33.9,0.7999999999999972,-1.8999999999999986,3.0,12.899999999999999,-7.200000000000003,6.700000000000003
scherma01,Max Scherzer,SP,Modern Era (2016-Pres),96.4,Legendary,116.4,92.5,109.2,40.7,89.7,96.2,Legendary,107.9,91.9,109.3,48.9,88.7,0.20000000000000284,8.5,0.5999999999999943,-0.09999999999999432,-8.199999999999996,1.0
schilcu01,Curt Schilling,SP,Steroid Era (1994-2005),93.5,Legendary,113.0,119.9,63.5,28.9,96.9,97.0,Legendary,109.9,110.5,84.7,53.9,94.6,-3.5,3.0999999999999943,9.400000000000006,-21.200000000000003,-25.0,2.3000000000000114
schirca01,Calvin Schiraldi,RP,Big Hair Era (1977-1993),59.9,Common,67.6,23.0,81.9,41.5,25.2,59.4,Common,83.0,22.7,60.9,26.7,37.6,0.5,-15.400000000000006,0.3000000000000007,21.000000000000007,14.8,-12.400000000000002
schmida01,Dave Schmidt,RP,Big Hair Era (1977-1993),61.0,Uncommon,49.2,79.9,18.1,45.5,51.5,64.9,Uncommon,44.1,81.5,34.2,55.2,44.8,-3.9000000000000057,5.100000000000001,-1.5999999999999943,-16.1,-9.700000000000003,6.700000000000003
schmija01,Jason Schmidt,SP,Steroid Era (1994-2005),92.5,Legendary,94.4,66.9,95.2,67.2,89.3,85.0,Epic,79.3,61.0,71.1,61.9,86.8,7.5,15.100000000000009,5.900000000000006,24.10000000000001,5.300000000000004,2.5
schmijo01,Johnny Schmitz,SP,Integration (1942-1960),83.3,Epic,35.5,45.2,78.8,101.0,89.8,77.1,Rare,31.8,47.5,55.9,98.8,81.7,6.200000000000003,3.6999999999999993,-2.299999999999997,22.9,2.200000000000003,8.099999999999994
schmiwi01,Willard Schmidt,RP,Integration (1942-1960),59.9,Common,52.3,24.0,80.9,28.5,54.2,58.1,Common,58.9,30.2,50.6,29.2,41.5,1.7999999999999972,-6.600000000000001,-6.199999999999999,30.300000000000004,-0.6999999999999993,12.700000000000003
schnepe01,Pete Schneider,SP,Deadball (1901-1919),78.0,Rare,36.0,41.9,42.4,93.4,106.9,71.6,Rare,33.5,29.9,47.3,88.9,88.4,6.400000000000006,2.5,12.0,-4.899999999999999,4.5,18.5
schoesc01,Scott Schoeneweis,RP,Steroid Era (1994-2005),57.5,Common,30.2,45.8,20.1,54.1,50.5,57.7,Common,30.8,48.8,25.6,49.3,49.0,-0.20000000000000284,-0.6000000000000014,-3.0,-5.5,4.800000000000004,1.5
schoomi01,Mike Schooler,RP,Big Hair Era (1977-1993),66.8,Uncommon,79.5,56.7,40.7,60.2,30.2,64.2,Uncommon,75.7,56.8,46.6,52.5,25.3,2.5999999999999943,3.799999999999997,-0.09999999999999432,-5.899999999999999,7.700000000000003,4.899999999999999
schotge01,Gene Schott,RP,Golden Era (1920-1941),70.4,Rare,28.3,41.7,48.9,89.5,73.8,64.2,Uncommon,30.8,45.8,53.0,71.5,55.7,6.200000000000003,-2.5,-4.099999999999994,-4.100000000000001,18.0,18.099999999999994
schoupe01,Pete Schourek,SP,Steroid Era (1994-2005),71.9,Rare,46.3,74.3,53.3,58.5,57.4,63.1,Uncommon,49.6,61.4,44.7,45.7,51.2,8.800000000000004,-3.3000000000000043,12.899999999999999,8.599999999999994,12.799999999999997,6.199999999999996
schrejo01,John Schreiber,RP,Modern Era (2016-Pres),63.6,Uncommon,57.9,42.0,53.7,73.7,27.2,61.4,Uncommon,59.8,53.3,51.0,59.3,22.4,2.200000000000003,-1.8999999999999986,-11.299999999999997,2.700000000000003,14.400000000000006,4.800000000000001
schroke01,Ken Schrom,SP,Big Hair Era (1977-1993),56.2,Common,16.5,57.3,18.8,5.0,81.5,54.6,Common,15.2,56.3,15.9,5.0,59.4,1.6000000000000014,1.3000000000000007,1.0,2.9000000000000004,0.0,22.1
schuero01,Ron Schueler,RP,Expansion (1961-1976),58.7,Common,46.9,32.1,37.1,24.5,78.8,57.8,Common,46.4,34.5,45.3,24.1,54.8,0.9000000000000057,0.5,-2.3999999999999986,-8.199999999999996,0.3999999999999986,24.0
schulal01,Al Schulz,SP,Deadball (1901-1919),58.7,Common,66.2,5.0,62.2,32.1,55.2,65.6,Uncommon,55.4,16.5,50.8,58.5,81.4,-6.8999999999999915,10.800000000000004,-11.5,11.400000000000006,-26.4,-26.200000000000003
schulba01,Barney Schultz,RP,Expansion (1961-1976),67.1,Uncommon,61.6,60.9,62.0,51.9,32.3,59.9,Common,66.9,60.8,60.9,26.4,24.9,7.199999999999996,-5.300000000000004,0.10000000000000142,1.1000000000000014,25.5,7.399999999999999
schumha02,Hal Schumacher,SP,Golden Era (1920-1941),81.6,Epic,19.3,58.7,87.2,78.5,95.7,77.6,Rare,24.5,58.8,74.7,66.0,94.3,4.0,-5.199999999999999,-0.09999999999999432,12.5,12.5,1.4000000000000057
schupfe01,Ferdie Schupp,RP,Deadball (1901-1919),82.7,Epic,64.4,38.3,84.8,68.0,90.9,67.3,Uncommon,65.9,32.3,73.1,39.3,59.0,15.400000000000006,-1.5,6.0,11.700000000000003,28.700000000000003,31.900000000000006
schwado01,Don Schwall,SP,Expansion (1961-1976),58.1,Common,32.6,5.0,43.6,69.0,59.7,57.9,Common,38.0,8.1,41.7,68.4,50.5,0.20000000000000284,-5.399999999999999,-3.0999999999999996,1.8999999999999986,0.5999999999999943,9.200000000000003
scorehe01,Herb Score,SP,Integration (1942-1960),89.7,Epic,125.0,5.0,125.0,57.1,76.4,84.2,Epic,125.0,5.0,121.7,55.6,47.9,5.5,0.0,0.0,3.299999999999997,1.5,28.500000000000007
scottja01,Jack Scott,RP,Golden Era (1920-1941),69.9,Uncommon,31.9,80.8,28.5,57.1,81.7,70.3,Rare,32.8,85.0,38.1,54.8,70.9,-0.3999999999999915,-0.8999999999999986,-4.200000000000003,-9.600000000000001,2.3000000000000043,10.799999999999997
scottji01,Jim Scott,SP,Deadball (1901-1919),89.4,Epic,54.1,58.9,70.4,100.3,103.2,88.4,Epic,55.5,56.6,71.3,104.0,93.5,1.0,-1.3999999999999986,2.299999999999997,-0.8999999999999915,-3.700000000000003,9.700000000000003
scottmi03,Mike Scott,SP,Big Hair Era (1977-1993),96.9,Legendary,111.1,76.4,109.3,59.5,96.8,89.6,Epic,79.6,76.7,93.9,47.7,90.4,7.300000000000011,31.5,-0.29999999999999716,15.399999999999991,11.799999999999997,6.3999999999999915
scottta01,Tanner Scott,RP,Modern Era (2016-Pres),74.7,Rare,71.2,40.9,82.1,84.3,25.0,68.8,Uncommon,86.6,9.5,78.1,77.3,24.0,5.900000000000006,-15.399999999999991,31.4,4.0,7.0,1.0
scottti01,Tim Scott,RP,Steroid Era (1994-2005),62.0,Uncommon,51.7,45.5,44.2,83.4,23.3,61.2,Uncommon,57.5,45.3,48.4,69.5,24.0,0.7999999999999972,-5.799999999999997,0.20000000000000284,-4.199999999999996,13.900000000000006,-0.6999999999999993
scurrro01,Rod Scurry,RP,Big Hair Era (1977-1993),68.4,Uncommon,82.9,6.9,71.3,75.7,37.3,68.4,Uncommon,89.7,7.4,81.4,67.5,28.0,0.0,-6.799999999999997,-0.5,-10.100000000000009,8.200000000000003,9.299999999999997
seaneru01,Rudy Seanez,RP,Steroid Era (1994-2005),69.6,Uncommon,78.9,50.5,62.6,64.8,22.1,74.0,Rare,87.2,49.9,74.5,64.2,24.5,-4.400000000000006,-8.299999999999997,0.6000000000000014,-11.899999999999999,0.5999999999999943,-2.3999999999999986
searara01,Ray Searage,RP,Big Hair Era (1977-1993),58.8,Common,54.3,33.9,70.6,42.5,21.0,58.6,Common,54.8,30.9,55.2,54.2,23.2,0.19999999999999574,-0.5,3.0,15.399999999999991,-11.700000000000003,-2.1999999999999993
searsjp01,JP Sears,SP,Modern Era (2016-Pres),58.2,Common,47.9,67.4,33.0,5.0,58.0,58.7,Common,47.7,70.1,32.3,8.5,61.8,-0.5,0.19999999999999574,-2.6999999999999886,0.7000000000000028,-3.5,-3.799999999999997
seatoto01,Tom Seaton,SP,Deadball (1901-1919),76.2,Rare,61.0,24.7,47.4,71.5,106.6,72.4,Rare,55.0,28.3,53.2,64.1,91.3,3.799999999999997,6.0,-3.6000000000000014,-5.800000000000004,7.400000000000006,15.299999999999997
seaveto01,Tom Seaver,SP,Expansion (1961-1976),96.9,Legendary,95.5,93.9,101.7,65.0,96.8,97.0,Legendary,88.7,88.8,100.9,72.9,102.2,-0.09999999999999432,6.799999999999997,5.1000000000000085,0.7999999999999972,-7.900000000000006,-5.400000000000006
seaybo01,Bobby Seay,RP,Efficiency Era (2006-2015),59.4,Common,51.2,50.2,39.8,67.6,23.4,59.8,Common,48.9,50.3,48.6,69.6,21.0,-0.3999999999999986,2.3000000000000043,-0.09999999999999432,-8.800000000000004,-2.0,2.3999999999999986
seguidi01,Diego Segui,RP,Expansion (1961-1976),65.3,Uncommon,53.8,34.4,70.1,39.1,64.1,65.8,Uncommon,66.5,33.4,64.9,34.2,64.5,-0.5,-12.700000000000003,1.0,5.199999999999989,4.899999999999999,-0.4000000000000057
seiboso01,Socks Seibold,SP,Golden Era (1920-1941),57.4,Common,6.6,50.2,9.4,41.2,90.9,57.8,Common,15.2,40.1,29.8,59.6,61.0,-0.3999999999999986,-8.6,10.100000000000001,-20.4,-18.4,29.900000000000006
seleaa01,Aaron Sele,SP,Steroid Era (1994-2005),65.6,Uncommon,67.4,46.0,16.8,63.1,69.3,69.3,Uncommon,57.2,58.0,16.8,66.2,79.3,-3.700000000000003,10.200000000000003,-12.0,0.0,-3.1000000000000014,-10.0
selmadi01,Dick Selma,RP,Expansion (1961-1976),76.3,Rare,103.0,32.1,69.6,55.7,51.3,77.2,Rare,86.2,44.9,74.0,66.8,44.3,-0.9000000000000057,16.799999999999997,-12.799999999999997,-4.400000000000006,-11.099999999999994,7.0
sengako01,Kodai Senga,SP,Modern Era (2016-Pres),65.4,Uncommon,75.8,22.0,70.8,47.3,46.0,67.5,Uncommon,67.0,33.5,72.0,52.7,45.1,-2.0999999999999943,8.799999999999997,-11.5,-1.2000000000000028,-5.400000000000006,0.8999999999999986
senzaan01,Antonio Senzatela,SP,Modern Era (2016-Pres),58.2,Common,29.6,72.3,6.9,45.5,56.6,57.1,Common,27.8,73.1,5.0,46.8,40.4,1.1000000000000014,1.8000000000000007,-0.7999999999999972,1.9000000000000004,-1.2999999999999972,16.200000000000003
seoja01,Jae Weong Seo,SP,Steroid Era (1994-2005),59.1,Common,29.1,73.6,22.9,39.7,60.8,56.0,Common,29.6,72.8,6.2,18.4,48.4,3.1000000000000014,-0.5,0.7999999999999972,16.7,21.300000000000004,12.399999999999999
servisc01,Scott Service,RP,Steroid Era (1994-2005),61.5,Uncommon,76.3,38.8,61.5,42.7,26.9,64.3,Uncommon,79.3,54.4,55.1,46.0,22.7,-2.799999999999997,-3.0,-15.600000000000001,6.399999999999999,-3.299999999999997,4.199999999999999
severlu01,Luis Severino,SP,Modern Era (2016-Pres),80.1,Epic,86.5,73.9,60.1,42.8,67.6,76.7,Rare,72.5,72.1,63.5,45.9,59.8,3.3999999999999915,14.0,1.8000000000000114,-3.3999999999999986,-3.1000000000000014,7.799999999999997
sewalpa01,Paul Sewald,RP,Modern Era (2016-Pres),65.0,Uncommon,77.1,49.9,88.0,20.3,24.8,69.4,Uncommon,81.1,62.6,84.5,25.2,24.5,-4.400000000000006,-4.0,-12.700000000000003,3.5,-4.899999999999999,0.3000000000000007
sewared01,Ed Seward,SP,The Genesis Era (1871-1900),88.9,Epic,37.4,41.2,77.5,104.3,123.3,82.2,Epic,42.2,42.6,72.7,88.7,97.1,6.700000000000003,-4.800000000000004,-1.3999999999999986,4.799999999999997,15.599999999999994,26.200000000000003
sewelri01,Rip Sewell,SP,Integration (1942-1960),77.0,Rare,5.0,65.1,46.9,101.8,96.7,72.5,Rare,5.0,65.6,45.2,92.3,84.6,4.5,0.0,-0.5,1.6999999999999957,9.5,12.100000000000009
shantbo01,Bobby Shantz,RP,Integration (1942-1960),77.6,Rare,57.4,60.6,84.4,45.9,69.9,78.8,Rare,51.9,72.0,75.4,57.4,67.8,-1.2000000000000028,5.5,-11.399999999999999,9.0,-11.5,2.1000000000000085
shautjo01,Joe Shaute,SP,Golden Era (1920-1941),67.6,Uncommon,5.0,68.5,10.1,90.1,96.9,66.6,Uncommon,9.3,68.9,16.6,89.7,82.0,1.0,-4.300000000000001,-0.4000000000000057,-6.500000000000002,0.3999999999999915,14.900000000000006
shawbo01,Bob Shaw,SP,Expansion (1961-1976),76.7,Rare,31.0,93.6,36.0,60.1,93.1,67.9,Uncommon,25.9,80.2,24.0,58.7,83.3,8.799999999999997,5.100000000000001,13.399999999999991,12.0,1.3999999999999986,9.799999999999997
shawbr01,Bryan Shaw,RP,Modern Era (2016-Pres),58.7,Common,45.7,47.1,47.0,44.4,36.3,66.4,Uncommon,55.0,51.8,60.7,63.8,34.4,-7.700000000000003,-9.299999999999997,-4.699999999999996,-13.700000000000003,-19.4,1.8999999999999986
shawdu01,Dupee Shaw,SP,The Genesis Era (1871-1900),94.5,Legendary,98.0,78.4,71.3,84.3,98.8,89.5,Epic,76.0,74.5,58.4,72.1,106.7,5.0,22.0,3.9000000000000057,12.899999999999999,12.200000000000003,-7.900000000000006
shawje01,Jeff Shaw,RP,Steroid Era (1994-2005),70.9,Rare,47.7,86.5,54.4,56.7,39.1,71.7,Rare,39.7,85.6,64.3,56.8,42.0,-0.7999999999999972,8.0,0.9000000000000057,-9.899999999999999,-0.09999999999999432,-2.8999999999999986
shawji01,Jim Shaw,SP,Deadball (1901-1919),77.3,Rare,58.0,12.2,73.1,82.3,91.5,75.6,Rare,55.6,15.5,62.9,83.2,90.9,1.7000000000000028,2.3999999999999986,-3.3000000000000007,10.199999999999996,-0.9000000000000057,0.5999999999999943
shawkbo01,Bob Shawkey,SP,Golden Era (1920-1941),89.0,Epic,44.4,61.7,82.8,91.7,104.1,88.4,Epic,50.9,58.5,83.0,89.6,99.2,0.5999999999999943,-6.5,3.200000000000003,-0.20000000000000284,2.1000000000000085,4.8999999999999915
sheasp01,Spec Shea,SP,Integration (1942-1960),72.5,Rare,37.7,6.6,95.7,77.7,75.1,59.9,Common,26.7,11.6,78.0,65.7,57.8,12.600000000000001,11.000000000000004,-5.0,17.700000000000003,12.0,17.299999999999997
sheetbe01,Ben Sheets,SP,Steroid Era (1994-2005),89.8,Epic,87.4,107.3,64.1,46.3,84.3,84.3,Epic,76.7,104.0,49.0,46.1,80.1,5.5,10.700000000000003,3.299999999999997,15.099999999999994,0.19999999999999574,4.200000000000003
sheldro01,Rollie Sheldon,SP,Expansion (1961-1976),57.9,Common,41.0,75.2,37.9,5.0,47.4,58.3,Common,33.0,74.7,24.5,15.6,65.8,-0.3999999999999986,8.0,0.5,13.399999999999999,-10.6,-18.4
sherdbi01,Bill Sherdel,RP,Golden Era (1920-1941),68.9,Uncommon,14.7,89.5,27.0,58.2,86.6,71.4,Rare,18.5,92.9,31.3,61.3,83.0,-2.5,-3.8000000000000007,-3.4000000000000057,-4.300000000000001,-3.0999999999999943,3.5999999999999943
sherrge01,George Sherrill,RP,Efficiency Era (2006-2015),66.3,Uncommon,58.4,50.5,74.3,59.5,22.6,64.7,Uncommon,66.8,35.4,72.3,61.6,22.7,1.5999999999999943,-8.399999999999999,15.100000000000001,2.0,-2.1000000000000014,-0.09999999999999787
sherrla01,Larry Sherry,RP,Expansion (1961-1976),59.1,Common,72.1,15.9,53.9,32.1,52.2,59.3,Common,72.4,16.8,61.8,37.7,40.5,-0.19999999999999574,-0.30000000000001137,-0.9000000000000004,-7.899999999999999,-5.600000000000001,11.700000000000003
shielja02,James Shields,SP,Efficiency Era (2006-2015),82.3,Epic,68.9,85.7,58.5,37.5,93.3,81.6,Epic,69.4,89.4,54.7,34.5,91.6,0.7000000000000028,-0.5,-3.700000000000003,3.799999999999997,3.0,1.7000000000000028
shielsc01,Scot Shields,RP,Steroid Era (1994-2005),80.4,Epic,71.5,67.6,73.1,68.5,51.7,81.5,Epic,78.5,59.4,84.6,72.8,43.6,-1.0999999999999943,-7.0,8.199999999999996,-11.5,-4.299999999999997,8.100000000000001
shirlbo01,Bob Shirley,RP,Big Hair Era (1977-1993),59.3,Common,31.9,48.6,39.1,52.1,58.1,64.8,Uncommon,40.4,50.6,40.8,57.0,70.7,-5.5,-8.5,-2.0,-1.6999999999999957,-4.899999999999999,-12.600000000000001
shockur01,Urban Shocker,SP,Golden Era (1920-1941),80.8,Epic,37.8,89.4,38.5,59.9,109.2,80.3,Epic,29.8,92.3,42.5,64.9,102.3,0.5,7.9999999999999964,-2.8999999999999915,-4.0,-5.000000000000007,6.900000000000006
shoemma01,Matt Shoemaker,SP,Modern Era (2016-Pres),67.9,Uncommon,53.4,89.5,32.7,45.1,51.3,60.2,Uncommon,52.7,84.5,41.1,22.0,40.6,7.700000000000003,0.6999999999999957,5.0,-8.399999999999999,23.1,10.699999999999996
shorebi01,Bill Shores,RP,Golden Era (1920-1941),57.2,Common,29.7,31.6,42.8,39.8,51.4,55.6,Common,36.5,34.9,39.5,24.5,33.7,1.6000000000000014,-6.800000000000001,-3.299999999999997,3.299999999999997,15.299999999999997,17.699999999999996
shoreer01,Ernie Shore,SP,Deadball (1901-1919),81.4,Epic,17.6,75.9,52.6,98.5,93.7,71.0,Rare,20.8,67.8,51.9,80.7,64.0,10.400000000000006,-3.1999999999999993,8.100000000000009,0.7000000000000028,17.799999999999997,29.700000000000003
shortch02,Chris Short,SP,Expansion (1961-1976),91.0,Legendary,75.4,68.9,72.0,87.8,95.0,84.5,Epic,68.4,72.7,57.0,66.6,92.8,6.5,7.0,-3.799999999999997,15.0,21.200000000000003,2.200000000000003
shouncl01,Clyde Shoun,RP,Integration (1942-1960),71.3,Rare,35.6,77.9,47.9,71.1,54.1,71.7,Rare,36.2,70.9,65.8,58.9,56.8,-0.4000000000000057,-0.6000000000000014,7.0,-17.9,12.199999999999996,-2.6999999999999957
shousbr01,Brian Shouse,RP,Efficiency Era (2006-2015),62.5,Uncommon,36.4,60.3,39.9,87.9,25.5,59.2,Common,33.8,61.7,42.5,67.5,23.2,3.299999999999997,2.6000000000000014,-1.4000000000000057,-2.6000000000000014,20.400000000000006,2.3000000000000007
shower01,Eric Show,SP,Big Hair Era (1977-1993),77.0,Rare,48.7,59.4,78.6,51.2,77.5,71.2,Rare,44.1,52.2,71.7,34.3,83.7,5.799999999999997,4.600000000000001,7.199999999999996,6.8999999999999915,16.900000000000006,-6.200000000000003
shrevch01,Chasen Shreve,RP,Modern Era (2016-Pres),56.1,Common,56.2,15.7,58.3,19.2,26.7,57.7,Common,60.4,29.8,62.8,28.4,21.9,-1.6000000000000014,-4.199999999999996,-14.100000000000001,-4.5,-9.2,4.800000000000001
shueypa01,Paul Shuey,RP,Steroid Era (1994-2005),68.1,Uncommon,83.8,29.8,70.3,55.5,33.2,75.5,Rare,91.8,30.5,83.0,71.1,31.5,-7.400000000000006,-8.0,-0.6999999999999993,-12.700000000000003,-15.599999999999994,1.7000000000000028
siebeso01,Sonny Siebert,SP,Expansion (1961-1976),82.2,Epic,77.7,73.2,60.7,48.8,83.1,84.4,Epic,69.4,74.2,82.8,43.7,86.4,-2.200000000000003,8.299999999999997,-1.0,-22.099999999999994,5.099999999999994,-3.3000000000000114
siegrke01,Kevin Siegrist,RP,Modern Era (2016-Pres),70.1,Rare,68.8,31.9,90.1,60.2,29.3,67.9,Uncommon,78.9,34.4,84.7,48.4,25.7,2.1999999999999886,-10.100000000000009,-2.5,5.3999999999999915,11.800000000000004,3.6000000000000014
sieveed01,Ed Siever,SP,Deadball (1901-1919),74.8,Rare,8.3,92.1,18.9,87.6,97.5,74.7,Rare,15.9,93.8,19.7,84.9,89.3,0.09999999999999432,-7.6,-1.7000000000000028,-0.8000000000000007,2.6999999999999886,8.200000000000003
silvaca01,Carlos Silva,SP,Steroid Era (1994-2005),62.2,Uncommon,5.0,119.3,5.0,35.0,84.4,59.5,Common,13.0,106.2,5.0,49.0,59.9,2.700000000000003,-8.0,13.099999999999994,0.0,-14.0,24.500000000000007
simasbi01,Bill Simas,RP,Steroid Era (1994-2005),58.2,Common,44.3,53.4,49.1,30.3,35.1,58.5,Common,55.6,41.5,48.1,42.5,28.6,-0.29999999999999716,-11.300000000000004,11.899999999999999,1.0,-12.2,6.5
simmocu01,Curt Simmons,SP,Integration (1942-1960),83.5,Epic,53.3,68.1,62.6,71.6,95.5,84.1,Epic,57.7,73.2,65.7,68.7,89.3,-0.5999999999999943,-4.400000000000006,-5.1000000000000085,-3.1000000000000014,2.8999999999999915,6.200000000000003
simonal01,Alfredo Simon,SP,Efficiency Era (2006-2015),64.4,Uncommon,40.6,64.5,48.0,50.8,54.0,58.2,Common,37.2,64.9,32.0,31.5,46.1,6.200000000000003,3.3999999999999986,-0.4000000000000057,16.0,19.299999999999997,7.899999999999999
simpswa01,Wayne Simpson,SP,Expansion (1961-1976),59.8,Common,48.1,23.0,62.1,62.3,43.5,57.3,Common,39.4,19.0,42.8,45.0,50.6,2.5,8.700000000000003,4.0,19.300000000000004,17.299999999999997,-7.100000000000001
simslu01,Lucas Sims,RP,Modern Era (2016-Pres),65.0,Uncommon,75.8,23.6,87.8,48.9,23.9,59.3,Common,71.6,21.5,78.9,35.0,23.3,5.700000000000003,4.200000000000003,2.1000000000000014,8.899999999999991,13.899999999999999,0.5999999999999979
singebi01,Bill Singer,SP,Expansion (1961-1976),91.4,Legendary,77.3,63.3,67.8,91.1,103.5,88.5,Epic,71.7,63.2,67.0,89.1,90.7,2.9000000000000057,5.599999999999994,0.09999999999999432,0.7999999999999972,2.0,12.799999999999997
singebr01,Brady Singer,SP,Modern Era (2016-Pres),69.8,Uncommon,66.7,66.0,36.4,35.3,75.0,64.8,Uncommon,63.0,63.5,27.1,41.2,64.5,5.0,3.700000000000003,2.5,9.299999999999997,-5.900000000000006,10.5
sippto01,Tony Sipp,RP,Efficiency Era (2006-2015),66.5,Uncommon,65.5,54.4,77.5,42.9,25.9,67.5,Uncommon,79.2,39.4,98.1,27.5,26.0,-1.0,-13.700000000000003,15.0,-20.599999999999994,15.399999999999999,-0.10000000000000142
sirotmi01,Mike Sirotka,SP,Steroid Era (1994-2005),58.6,Common,38.7,69.8,8.5,34.6,66.4,58.1,Common,36.5,76.6,6.8,35.0,55.2,0.5,2.200000000000003,-6.799999999999997,1.7000000000000002,-0.3999999999999986,11.200000000000003
siskdo01,Doug Sisk,RP,Big Hair Era (1977-1993),58.2,Common,10.3,5.0,48.4,102.5,44.8,58.5,Common,15.3,20.5,47.3,102.8,31.1,-0.29999999999999716,-5.0,-15.5,1.1000000000000014,-0.29999999999999716,13.699999999999996
siskto01,Tommie Sisk,RP,Expansion (1961-1976),68.4,Uncommon,33.1,37.3,48.8,90.0,64.9,61.9,Uncommon,24.6,49.3,37.4,80.7,55.6,6.500000000000007,8.5,-12.0,11.399999999999999,9.299999999999997,9.300000000000004
sisleda01,Dave Sisler,RP,Integration (1942-1960),62.0,Uncommon,70.2,15.4,73.1,45.8,43.5,56.4,Common,56.8,6.5,53.9,19.2,45.5,5.600000000000001,13.400000000000006,8.9,19.199999999999996,26.599999999999998,-2.0
skenepa01,Paul Skenes,SP,Modern Era (2016-Pres),90.1,Legendary,84.5,77.5,84.8,75.5,69.0,86.4,Epic,74.2,75.7,82.0,72.2,64.4,3.6999999999999886,10.299999999999997,1.7999999999999972,2.799999999999997,3.299999999999997,4.599999999999994
skubata01,Tarik Skubal,SP,Modern Era (2016-Pres),94.6,Legendary,98.6,100.3,92.8,70.1,70.4,84.9,Epic,88.2,90.5,80.3,42.2,58.7,9.699999999999989,10.399999999999991,9.799999999999997,12.5,27.89999999999999,11.700000000000003
slatedo01,Doug Slaten,RP,Efficiency Era (2006-2015),57.4,Common,40.8,42.8,39.4,55.5,20.5,56.4,Common,37.0,42.6,33.3,49.6,19.3,1.0,3.799999999999997,0.19999999999999574,6.100000000000001,5.899999999999999,1.1999999999999993
slatoji01,Jim Slaton,SP,Big Hair Era (1977-1993),66.8,Uncommon,18.1,63.6,24.8,61.4,99.7,63.0,Uncommon,20.2,59.9,33.1,45.9,92.9,3.799999999999997,-2.099999999999998,3.700000000000003,-8.3,15.5,6.799999999999997
slocuhe01,Heathcliff Slocumb,RP,Steroid Era (1994-2005),59.4,Common,70.6,6.5,52.5,77.7,24.7,64.4,Uncommon,63.8,11.5,53.6,96.8,32.2,-5.000000000000007,6.799999999999997,-5.0,-1.1000000000000014,-19.099999999999994,-7.5000000000000036
sloweke01,Kevin Slowey,SP,Efficiency Era (2006-2015),59.0,Common,50.4,101.6,5.0,6.1,62.2,58.1,Common,46.1,107.6,5.0,5.0,45.8,0.8999999999999986,4.299999999999997,-6.0,0.0,1.0999999999999996,16.400000000000006
smilejo01,John Smiley,SP,Big Hair Era (1977-1993),82.4,Epic,60.7,85.2,53.1,54.1,91.2,83.0,Epic,58.7,93.3,57.6,53.2,85.5,-0.5999999999999943,2.0,-8.099999999999994,-4.5,0.8999999999999986,5.700000000000003
smithal03,Al Smith,SP,Golden Era (1920-1941),63.5,Uncommon,23.4,59.3,44.0,50.9,76.5,64.3,Uncommon,23.5,56.6,52.2,60.0,65.0,-0.7999999999999972,-0.10000000000000142,2.6999999999999957,-8.200000000000003,-9.100000000000001,11.5
smithbo02,Bob Smith,SP,Golden Era (1920-1941),58.9,Common,16.6,60.7,20.2,34.9,90.9,61.1,Uncommon,11.1,69.4,27.5,47.9,88.5,-2.200000000000003,5.500000000000002,-8.700000000000003,-7.300000000000001,-13.0,2.4000000000000057
smithbr01,Bryn Smith,SP,Big Hair Era (1977-1993),83.4,Epic,44.8,87.9,66.9,66.7,84.4,81.6,Epic,42.6,96.6,57.6,60.9,81.8,1.8000000000000114,2.1999999999999957,-8.699999999999989,9.300000000000004,5.800000000000004,2.6000000000000085
smithch02,Charlie Smith,SP,Deadball (1901-1919),76.3,Rare,37.6,82.1,32.5,78.8,80.6,76.9,Rare,43.2,75.4,38.7,81.8,75.5,-0.6000000000000085,-5.600000000000001,6.699999999999989,-6.200000000000003,-3.0,5.099999999999994
smithda02,Dave Smith,RP,Big Hair Era (1977-1993),83.0,Epic,83.9,56.9,77.1,92.8,37.2,85.5,Epic,70.0,69.6,94.4,93.0,36.5,-2.5,13.900000000000006,-12.699999999999996,-17.30000000000001,-0.20000000000000284,0.7000000000000028
smithed04,Eddie Smith,SP,Golden Era (1920-1941),61.2,Uncommon,42.1,16.5,65.2,54.0,67.2,64.3,Uncommon,42.1,23.8,65.8,45.9,79.8,-3.0999999999999943,0.0,-7.300000000000001,-0.5999999999999943,8.100000000000001,-12.599999999999994
smitheu01,Eugene Smith,SP,Integration (1942-1960),55.8,Common,63.2,17.5,34.0,37.0,19.9,74.6,Rare,80.5,15.1,66.1,84.2,57.3,-18.799999999999997,-17.299999999999997,2.4000000000000004,-32.099999999999994,-47.2,-37.4
smithfo01,Ford Smith,SP,Integration (1942-1960),75.1,Rare,65.8,64.6,68.2,82.1,25.3,80.7,Epic,66.1,69.8,72.5,79.7,45.9,-5.6000000000000085,-0.29999999999999716,-5.200000000000003,-4.299999999999997,2.3999999999999915,-20.599999999999998
smithfr03,Frank Smith,SP,Deadball (1901-1919),94.9,Legendary,46.0,71.9,89.3,114.9,112.5,93.6,Legendary,54.2,65.8,93.1,111.0,98.9,1.3000000000000114,-8.200000000000003,6.1000000000000085,-3.799999999999997,3.9000000000000057,13.599999999999994
smithfr06,Frank Smith,RP,Integration (1942-1960),59.9,Common,61.2,54.1,78.3,5.0,41.0,59.6,Common,60.7,58.2,75.8,5.0,35.4,0.29999999999999716,0.5,-4.100000000000001,2.5,0.0,5.600000000000001
smithge02,George Smith,RP,Deadball (1901-1919),56.8,Common,5.0,86.1,5.0,5.0,87.7,55.2,Common,5.0,85.6,5.0,5.0,60.7,1.5999999999999943,0.0,0.5,0.0,0.0,27.0
smithhi99,Hilton Smith,SP,Golden Era (1920-1941),92.2,Legendary,105.1,91.5,97.0,76.0,40.4,99.9,Legendary,99.1,103.0,103.8,100.1,79.3,-7.700000000000003,6.0,-11.5,-6.799999999999997,-24.099999999999994,-38.9
smithjo05,Joe Smith,RP,Efficiency Era (2006-2015),75.8,Rare,49.6,64.5,81.4,79.6,34.1,77.4,Rare,61.3,60.7,81.0,83.2,31.0,-1.6000000000000085,-11.699999999999996,3.799999999999997,0.4000000000000057,-3.6000000000000085,3.1000000000000014
smithle02,Lee Smith,RP,Big Hair Era (1977-1993),80.6,Epic,86.7,43.4,81.2,73.2,49.4,85.3,Epic,106.6,58.1,75.0,77.2,45.0,-4.700000000000003,-19.89999999999999,-14.700000000000003,6.200000000000003,-4.0,4.399999999999999
smithmi03,Mike Smithson,SP,Big Hair Era (1977-1993),65.0,Uncommon,36.5,75.7,20.5,31.5,96.1,58.8,Common,34.6,79.0,12.0,18.0,78.2,6.200000000000003,1.8999999999999986,-3.299999999999997,8.5,13.5,17.89999999999999
smithpe02,Pete Smith,SP,Big Hair Era (1977-1993),59.2,Common,44.6,31.5,45.6,45.7,60.3,57.6,Common,48.7,42.4,38.4,25.9,46.9,1.6000000000000014,-4.100000000000001,-10.899999999999999,7.200000000000003,19.800000000000004,13.399999999999999
smithph01,Phenomenal Smith,SP,The Genesis Era (1871-1900),56.0,Common,49.6,5.0,48.9,26.8,44.4,65.1,Uncommon,54.3,5.0,50.4,77.0,74.1,-9.099999999999994,-4.699999999999996,0.0,-1.5,-50.2,-29.699999999999996
smithsh01,Sherry Smith,SP,Golden Era (1920-1941),76.5,Rare,5.0,102.7,23.8,98.8,82.4,79.1,Rare,5.0,103.0,32.7,105.8,79.5,-2.5999999999999943,0.0,-0.29999999999999716,-8.900000000000002,-7.0,2.9000000000000057
smithsh02,Shane Smith,SP,Modern Era (2016-Pres),65.2,Uncommon,54.1,46.7,56.2,45.2,59.0,66.6,Uncommon,52.9,51.6,59.0,48.2,55.1,-1.3999999999999915,1.2000000000000028,-4.899999999999999,-2.799999999999997,-3.0,3.8999999999999986
smithth01,Theolic Smith,SP,Golden Era (1920-1941),62.9,Uncommon,60.4,57.0,35.6,60.2,38.4,59.8,Common,56.2,51.8,24.9,40.0,65.0,3.1000000000000014,4.199999999999996,5.200000000000003,10.700000000000003,20.200000000000003,-26.6
smithwi04,Will Smith,RP,Modern Era (2016-Pres),70.1,Rare,87.0,51.1,77.6,33.5,31.1,72.8,Rare,92.2,55.7,86.9,34.8,24.7,-2.700000000000003,-5.200000000000003,-4.600000000000001,-9.300000000000011,-1.2999999999999972,6.400000000000002
smithza01,Zane Smith,SP,Big Hair Era (1977-1993),63.7,Uncommon,30.7,84.9,38.1,43.6,57.6,74.6,Rare,34.8,71.7,38.6,75.5,82.4,-10.899999999999991,-4.099999999999998,13.200000000000003,-0.5,-31.9,-24.800000000000004
smylydr01,Drew Smyly,SP,Efficiency Era (2006-2015),69.1,Uncommon,62.9,71.8,56.5,47.5,38.2,66.0,Uncommon,74.9,74.8,53.5,15.8,45.4,3.0999999999999943,-12.000000000000007,-3.0,3.0,31.7,-7.199999999999996
snellbl01,Blake Snell,SP,Modern Era (2016-Pres),88.1,Epic,107.3,24.8,109.4,64.1,73.2,85.9,Epic,109.2,27.7,105.2,65.1,58.8,2.1999999999999886,-1.9000000000000057,-2.8999999999999986,4.200000000000003,-1.0,14.400000000000006
snellia01,Ian Snell,SP,Efficiency Era (2006-2015),57.9,Common,59.8,39.7,17.8,19.7,69.1,55.5,Common,53.3,25.6,6.9,26.6,53.9,2.3999999999999986,6.5,14.100000000000001,10.9,-6.900000000000002,15.199999999999996
solomed01,Eddie Solomon,RP,Big Hair Era (1977-1993),58.6,Common,25.7,64.5,30.1,34.8,63.9,57.4,Common,27.1,63.0,30.4,34.7,43.4,1.2000000000000028,-1.4000000000000021,1.5,-0.29999999999999716,0.09999999999999432,20.5
sorenla01,Lary Sorensen,SP,Big Hair Era (1977-1993),64.5,Uncommon,5.0,96.2,13.8,46.6,96.6,65.1,Uncommon,5.0,97.5,14.0,63.0,81.0,-0.5999999999999943,0.0,-1.2999999999999972,-0.1999999999999993,-16.4,15.599999999999994
soriajo01,Joakim Soria,RP,Efficiency Era (2006-2015),76.9,Rare,75.8,66.5,80.7,60.7,31.0,84.1,Epic,85.4,73.6,89.4,74.8,31.4,-7.199999999999989,-9.600000000000009,-7.099999999999994,-8.700000000000003,-14.099999999999994,-0.3999999999999986
soriara01,Rafael Soriano,RP,Efficiency Era (2006-2015),73.6,Rare,66.7,59.6,85.2,55.0,31.7,82.2,Epic,80.5,73.9,102.3,54.2,32.7,-8.600000000000009,-13.799999999999997,-14.300000000000004,-17.099999999999994,0.7999999999999972,-1.0000000000000036
sorokmi01,Mike Soroka,SP,Modern Era (2016-Pres),61.1,Uncommon,50.2,51.7,53.0,46.5,43.0,60.8,Uncommon,52.6,57.9,53.9,44.0,34.7,0.30000000000000426,-2.3999999999999986,-6.199999999999996,-0.8999999999999986,2.5,8.299999999999997
sorrevi01,Vic Sorrell,SP,Golden Era (1920-1941),60.8,Uncommon,31.2,27.0,29.8,60.6,94.6,59.5,Common,29.4,28.4,30.1,57.4,87.9,1.2999999999999972,1.8000000000000007,-1.3999999999999986,-0.3000000000000007,3.200000000000003,6.699999999999989
sosael01,Elias Sosa,RP,Big Hair Era (1977-1993),69.0,Uncommon,45.9,42.4,56.0,82.2,49.7,70.4,Rare,47.5,54.7,59.7,79.0,40.9,-1.4000000000000057,-1.6000000000000014,-12.300000000000004,-3.700000000000003,3.200000000000003,8.800000000000004
sosajo02,Jorge Sosa,RP,Efficiency Era (2006-2015),57.1,Common,28.4,28.7,29.8,48.2,58.0,56.9,Common,39.7,27.3,45.6,33.3,44.2,0.20000000000000284,-11.300000000000004,1.3999999999999986,-15.8,14.900000000000006,13.799999999999997
sothoal01,Allen Sothoron,SP,Golden Era (1920-1941),84.3,Epic,32.4,58.0,80.7,109.5,75.6,80.8,Epic,29.3,48.6,62.9,111.8,82.2,3.5,3.099999999999998,9.399999999999999,17.800000000000004,-2.299999999999997,-6.6000000000000085
sotogr01,Gregory Soto,RP,Modern Era (2016-Pres),54.8,Common,53.9,7.6,31.1,38.0,24.6,58.7,Common,69.0,16.4,44.0,64.4,27.0,-3.9000000000000057,-15.100000000000001,-8.799999999999999,-12.899999999999999,-26.400000000000006,-2.3999999999999986
sotoma01,Mario Soto,SP,Big Hair Era (1977-1993),93.1,Legendary,108.0,53.8,106.1,55.3,95.4,90.2,Legendary,97.6,53.1,109.3,46.6,85.3,2.8999999999999915,10.400000000000006,0.6999999999999957,-3.200000000000003,8.699999999999996,10.100000000000009
spahnwa01,Warren Spahn,SP,Integration (1942-1960),88.2,Epic,45.1,72.2,77.7,78.7,105.7,87.5,Epic,47.8,87.0,70.0,64.7,105.7,0.7000000000000028,-2.6999999999999957,-14.799999999999997,7.700000000000003,14.0,0.0
spaldal01,Al Spalding,SP,The Genesis Era (1871-1900),81.4,Epic,9.2,118.5,30.6,77.7,102.3,89.3,Epic,5.0,125.0,6.3,125.0,125.0,-7.8999999999999915,4.199999999999999,-6.5,24.3,-47.3,-22.700000000000003
sparkst01,Steve Sparks,SP,Steroid Era (1994-2005),59.3,Common,24.5,50.5,19.3,54.9,81.5,57.1,Common,18.8,45.7,21.7,42.1,65.7,2.1999999999999957,5.699999999999999,4.799999999999997,-2.3999999999999986,12.799999999999997,15.799999999999997
sparktu01,Tully Sparks,SP,Deadball (1901-1919),87.1,Epic,26.1,81.3,65.8,97.0,102.7,85.8,Epic,22.7,81.6,57.0,107.2,96.6,1.2999999999999972,3.400000000000002,-0.29999999999999716,8.799999999999997,-10.200000000000003,6.1000000000000085
sparmjo01,Joe Sparma,SP,Expansion (1961-1976),71.5,Rare,67.4,27.8,68.3,53.6,70.5,59.6,Common,58.6,13.0,59.2,46.1,57.4,11.899999999999999,8.800000000000004,14.8,9.099999999999994,7.5,13.100000000000001
speiega01,Gabe Speier,RP,Modern Era (2016-Pres),67.3,Uncommon,62.8,74.7,58.2,49.8,24.1,65.8,Uncommon,63.3,65.8,59.8,54.4,20.2,1.5,-0.5,8.900000000000006,-1.5999999999999943,-4.600000000000001,3.900000000000002
speieju01,Justin Speier,RP,Steroid Era (1994-2005),67.8,Uncommon,66.8,65.5,81.2,27.3,30.8,68.3,Uncommon,71.6,69.1,75.6,24.9,32.5,-0.5,-4.799999999999997,-3.5999999999999943,5.6000000000000085,2.400000000000002,-1.6999999999999993
spillda01,Dan Spillner,RP,Big Hair Era (1977-1993),65.8,Uncommon,49.6,44.2,50.0,59.8,59.8,60.9,Uncommon,48.4,45.0,39.0,57.3,53.9,4.899999999999999,1.2000000000000028,-0.7999999999999972,11.0,2.5,5.899999999999999
splitpa01,Paul Splittorff,SP,Expansion (1961-1976),63.6,Uncommon,5.6,70.6,13.0,67.9,97.6,72.5,Rare,19.3,72.9,33.9,80.4,86.1,-8.899999999999999,-13.700000000000001,-2.3000000000000114,-20.9,-12.5,11.5
spradje01,Jerry Spradlin,RP,Steroid Era (1994-2005),63.4,Uncommon,48.1,72.8,62.2,46.8,23.9,60.1,Uncommon,56.5,65.8,44.0,47.7,26.5,3.299999999999997,-8.399999999999999,7.0,18.200000000000003,-0.9000000000000057,-2.6000000000000014
sprinje01,Jeffrey Springs,SP,Modern Era (2016-Pres),61.0,Uncommon,57.2,64.9,46.4,22.3,53.1,60.0,Uncommon,64.3,61.0,55.0,26.7,33.2,1.0,-7.099999999999994,3.9000000000000057,-8.600000000000001,-4.399999999999999,19.9
sprinru01,Russ Springer,RP,Efficiency Era (2006-2015),68.5,Uncommon,55.0,61.0,82.4,46.8,29.3,61.0,Uncommon,57.7,62.0,65.5,34.2,24.7,7.5,-2.700000000000003,-1.0,16.900000000000006,12.599999999999994,4.600000000000001
staffbi01,Bill Stafford,SP,Expansion (1961-1976),66.5,Uncommon,33.7,56.1,58.8,47.0,70.5,66.6,Uncommon,41.4,63.8,66.6,47.1,47.8,-0.09999999999999432,-7.699999999999996,-7.699999999999996,-7.799999999999997,-0.10000000000000142,22.700000000000003
stalege01,Gerry Staley,RP,Integration (1942-1960),75.5,Rare,30.2,86.4,53.8,77.1,60.4,71.5,Rare,23.7,98.1,50.0,46.0,69.7,4.0,6.5,-11.699999999999989,3.799999999999997,31.099999999999994,-9.300000000000004
staleha01,Harry Staley,SP,The Genesis Era (1871-1900),59.6,Common,31.9,43.2,55.3,18.2,87.2,66.2,Uncommon,26.8,61.0,31.2,40.6,105.5,-6.600000000000001,5.099999999999998,-17.799999999999997,24.099999999999998,-22.400000000000002,-18.299999999999997
stalltr01,Tracy Stallard,RP,Expansion (1961-1976),59.0,Common,33.4,54.6,46.4,25.6,64.5,57.0,Common,49.8,29.8,47.2,13.2,51.7,2.0,-16.4,24.8,-0.8000000000000043,12.400000000000002,12.799999999999997
stammcr01,Craig Stammen,RP,Modern Era (2016-Pres),68.7,Uncommon,60.9,55.1,59.1,59.2,41.0,71.4,Rare,61.3,74.5,59.2,55.6,36.4,-2.700000000000003,-0.3999999999999986,-19.4,-0.10000000000000142,3.6000000000000014,4.600000000000001
stanery01,Ryne Stanek,RP,Modern Era (2016-Pres),65.9,Uncommon,72.7,19.7,85.5,54.4,31.6,59.6,Common,76.1,18.9,79.8,34.6,24.9,6.300000000000004,-3.3999999999999915,0.8000000000000007,5.700000000000003,19.799999999999997,6.700000000000003
stangle01,Lee Stange,RP,Expansion (1961-1976),65.0,Uncommon,41.2,87.2,43.0,32.4,56.3,62.9,Uncommon,43.5,80.8,42.3,21.8,63.3,2.1000000000000014,-2.299999999999997,6.400000000000006,0.7000000000000028,10.599999999999998,-7.0
stanhdo01,Don Stanhouse,RP,Big Hair Era (1977-1993),59.0,Common,27.8,5.0,51.6,76.9,63.3,59.5,Common,36.4,5.0,64.7,80.1,47.5,-0.5,-8.599999999999998,0.0,-13.100000000000001,-3.1999999999999886,15.799999999999997
stanlbo01,Bob Stanley,RP,Big Hair Era (1977-1993),68.5,Uncommon,15.3,75.4,31.6,83.2,68.7,67.6,Uncommon,15.2,77.3,34.1,80.6,63.5,0.9000000000000057,0.10000000000000142,-1.8999999999999915,-2.5,2.6000000000000085,5.200000000000003
stanlne01,Neck Stanley,SP,Integration (1942-1960),66.0,Uncommon,63.9,70.4,28.0,61.0,40.9,70.2,Rare,52.5,74.8,24.3,63.4,66.0,-4.200000000000003,11.399999999999999,-4.3999999999999915,3.6999999999999993,-2.3999999999999986,-25.1
stantmi01,Mike Stanton,RP,Big Hair Era (1977-1993),59.7,Common,65.9,42.4,39.2,60.3,28.2,58.7,Common,71.4,28.6,30.9,61.6,27.5,1.0,-5.5,13.799999999999997,8.300000000000004,-1.3000000000000043,0.6999999999999993
stantmi02,Mike Stanton,RP,Steroid Era (1994-2005),73.8,Rare,66.6,50.9,65.6,78.4,37.5,73.4,Rare,61.5,55.4,69.2,76.8,34.5,0.3999999999999915,5.099999999999994,-4.5,-3.6000000000000085,1.6000000000000085,3.0
starrra01,Ray Starr,SP,Golden Era (1920-1941),71.6,Rare,9.8,38.8,82.3,78.7,78.3,59.8,Common,6.9,48.9,50.9,83.7,47.9,11.799999999999997,2.9000000000000004,-10.100000000000001,31.4,-5.0,30.4
staufti01,Tim Stauffer,SP,Efficiency Era (2006-2015),62.5,Uncommon,41.5,58.5,44.0,52.5,53.5,64.3,Uncommon,48.8,63.9,51.0,59.0,34.7,-1.7999999999999972,-7.299999999999997,-5.399999999999999,-7.0,-6.5,18.799999999999997
steckdr01,Drew Steckenrider,RP,Modern Era (2016-Pres),61.0,Uncommon,62.8,45.8,53.9,53.8,27.8,59.4,Common,56.7,51.3,55.7,45.0,23.6,1.6000000000000014,6.099999999999994,-5.5,-1.8000000000000043,8.799999999999997,4.199999999999999
steelel01,Elmer Steele,SP,Deadball (1901-1919),65.3,Uncommon,32.3,89.6,60.7,29.8,48.9,66.7,Uncommon,39.2,91.8,61.8,30.7,43.4,-1.4000000000000057,-6.900000000000006,-2.200000000000003,-1.0999999999999943,-0.8999999999999986,5.5
steelju01,Justin Steele,SP,Modern Era (2016-Pres),76.7,Rare,72.2,67.5,40.1,69.1,64.9,71.1,Rare,66.4,65.8,49.2,56.1,48.1,5.6000000000000085,5.799999999999997,1.7000000000000028,-9.100000000000001,12.999999999999993,16.800000000000004
steenbi01,Bill Steen,SP,Deadball (1901-1919),62.5,Uncommon,51.0,41.3,19.9,66.7,71.0,64.4,Uncommon,51.3,49.1,27.5,60.7,69.0,-1.9000000000000057,-0.29999999999999716,-7.800000000000004,-7.600000000000001,6.0,2.0
steined01,Ed Stein,SP,The Genesis Era (1871-1900),83.4,Epic,46.9,27.3,68.0,92.7,115.9,74.6,Rare,46.3,29.5,67.2,68.4,91.6,8.800000000000011,0.6000000000000014,-2.1999999999999993,0.7999999999999972,24.299999999999997,24.30000000000001
stenhda01,Dave Stenhouse,SP,Expansion (1961-1976),55.7,Common,41.0,21.5,45.1,5.0,57.6,57.8,Common,44.1,33.8,52.8,16.0,58.1,-2.0999999999999943,-3.1000000000000014,-12.299999999999997,-7.699999999999996,-11.0,-0.5
stephga01,Garrett Stephenson,SP,Steroid Era (1994-2005),58.7,Common,41.4,63.1,31.6,21.7,61.7,57.3,Common,38.0,57.5,37.0,19.0,45.2,1.4000000000000057,3.3999999999999986,5.600000000000001,-5.399999999999999,2.6999999999999993,16.5
stephro01,Robert Stephenson,RP,Modern Era (2016-Pres),59.4,Common,63.2,50.0,59.5,37.7,21.6,57.8,Common,70.3,27.3,59.7,24.1,23.8,1.6000000000000014,-7.099999999999994,22.7,-0.20000000000000284,13.600000000000001,-2.1999999999999993
stewada01,Dave Stewart,SP,Big Hair Era (1977-1993),81.7,Epic,55.6,47.9,67.5,82.7,86.7,78.7,Rare,56.3,52.7,66.3,58.9,89.8,3.0,-0.6999999999999957,-4.800000000000004,1.2000000000000028,23.800000000000004,-3.0999999999999943
stewale01,Lefty Stewart,SP,Golden Era (1920-1941),59.6,Common,16.7,58.6,41.3,25.2,92.4,60.1,Uncommon,14.9,69.7,33.1,34.5,88.1,-0.5,1.799999999999999,-11.100000000000001,8.199999999999996,-9.3,4.300000000000011
stewasa01,Sammy Stewart,RP,Big Hair Era (1977-1993),59.6,Common,44.2,7.5,63.8,61.9,57.9,59.3,Common,45.7,8.5,63.0,57.1,55.2,0.30000000000000426,-1.5,-1.0,0.7999999999999972,4.799999999999997,2.6999999999999957
stewasc01,Scott Stewart,RP,Steroid Era (1994-2005),62.6,Uncommon,58.9,62.3,48.8,54.7,25.8,60.2,Uncommon,59.6,62.8,42.0,50.3,26.0,2.3999999999999986,-0.7000000000000028,-0.5,6.799999999999997,4.400000000000006,-0.1999999999999993
stiebda01,Dave Stieb,SP,Big Hair Era (1977-1993),83.1,Epic,50.0,66.6,72.7,55.9,103.4,84.7,Epic,43.1,66.6,81.4,70.7,96.9,-1.6000000000000085,6.899999999999999,0.0,-8.700000000000003,-14.800000000000004,6.5
stigmdi01,Dick Stigman,SP,Expansion (1961-1976),68.6,Uncommon,79.6,45.1,62.5,5.0,82.5,60.1,Uncommon,82.0,31.3,61.6,5.0,60.7,8.499999999999993,-2.4000000000000057,13.8,0.8999999999999986,0.0,21.799999999999997
stiveja01,Jack Stivetts,SP,The Genesis Era (1871-1900),83.8,Epic,93.6,5.0,79.8,57.2,117.5,62.4,Uncommon,52.4,5.0,57.6,18.3,116.5,21.4,41.199999999999996,0.0,22.199999999999996,38.900000000000006,1.0
stobbch01,Chuck Stobbs,SP,Integration (1942-1960),59.4,Common,45.6,62.4,29.4,20.2,73.9,64.4,Uncommon,40.0,62.5,42.0,44.1,69.3,-5.000000000000007,5.600000000000001,-0.10000000000000142,-12.600000000000001,-23.900000000000002,4.6000000000000085
stockwe01,Wes Stock,RP,Expansion (1961-1976),63.8,Uncommon,74.0,47.6,69.1,33.8,30.9,63.7,Uncommon,65.9,41.4,80.7,42.3,24.8,0.09999999999999432,8.099999999999994,6.200000000000003,-11.600000000000009,-8.5,6.099999999999998
stoddbo01,Bob Stoddard,RP,Big Hair Era (1977-1993),56.4,Common,29.4,62.5,40.2,5.0,45.0,55.4,Common,34.4,52.9,36.5,10.2,31.0,1.0,-5.0,9.600000000000001,3.700000000000003,-5.199999999999999,14.0
stoddti01,Tim Stoddard,RP,Big Hair Era (1977-1993),68.2,Uncommon,68.9,48.3,64.9,51.8,39.4,63.8,Uncommon,79.0,27.8,73.6,40.4,34.4,4.400000000000006,-10.099999999999994,20.499999999999996,-8.699999999999989,11.399999999999999,5.0
stonebi01,Bill Stoneman,SP,Expansion (1961-1976),78.0,Rare,74.0,24.1,70.3,66.2,85.8,64.1,Uncommon,76.2,18.3,48.7,40.3,73.1,13.900000000000006,-2.200000000000003,5.800000000000001,21.599999999999994,25.900000000000006,12.700000000000003
stonede01,Dean Stone,RP,Integration (1942-1960),65.0,Uncommon,57.4,51.5,43.9,64.7,42.8,58.3,Common,57.9,14.4,34.8,61.9,44.1,6.700000000000003,-0.5,37.1,9.100000000000001,2.8000000000000043,-1.3000000000000043
stonege02,George Stone,SP,Expansion (1961-1976),59.4,Common,44.7,90.5,5.0,13.1,78.3,58.2,Common,47.4,84.7,10.8,9.8,58.7,1.1999999999999957,-2.6999999999999957,5.799999999999997,-5.800000000000001,3.299999999999999,19.599999999999994
stoneli01,Lil Stoner,RP,Golden Era (1920-1941),56.9,Common,17.5,49.4,5.0,44.5,73.8,55.8,Common,18.1,52.1,5.0,43.8,52.6,1.1000000000000014,-0.6000000000000014,-2.700000000000003,0.0,0.7000000000000028,21.199999999999996
stoneri01,Ricky Stone,RP,Steroid Era (1994-2005),57.1,Common,41.9,46.8,42.9,34.4,28.0,55.1,Common,41.7,60.3,25.0,8.4,24.0,2.0,0.19999999999999574,-13.5,17.9,26.0,4.0
stonest01,Steve Stone,SP,Expansion (1961-1976),67.1,Uncommon,55.1,34.1,46.3,44.3,88.9,63.9,Uncommon,49.8,42.6,42.1,38.2,83.2,3.1999999999999957,5.300000000000004,-8.5,4.199999999999996,6.099999999999994,5.700000000000003
storedr01,Drew Storen,RP,Efficiency Era (2006-2015),72.5,Rare,53.6,71.4,72.7,67.8,27.0,72.0,Rare,65.7,69.5,64.8,63.2,27.0,0.5,-12.100000000000001,1.9000000000000057,7.900000000000006,4.599999999999994,0.0
stottme01,Mel Stottlemyre,SP,Expansion (1961-1976),80.5,Epic,20.4,73.5,60.7,72.1,106.2,80.7,Epic,22.0,76.1,58.8,73.9,103.3,-0.20000000000000284,-1.6000000000000014,-2.5999999999999943,1.9000000000000057,-1.8000000000000114,2.9000000000000057
stottto01,Todd Stottlemyre,SP,Steroid Era (1994-2005),67.7,Uncommon,49.7,60.7,48.2,35.0,77.5,73.7,Rare,63.7,56.7,50.8,42.5,84.9,-6.0,-14.0,4.0,-2.5999999999999943,-7.5,-7.400000000000006
strahma01,Matt Strahm,RP,Modern Era (2016-Pres),78.0,Rare,77.1,72.1,80.5,55.2,35.4,75.7,Rare,76.5,78.3,79.4,43.6,30.8,2.299999999999997,0.5999999999999943,-6.200000000000003,1.0999999999999943,11.600000000000001,4.599999999999998
straida01,Dan Straily,SP,Efficiency Era (2006-2015),63.9,Uncommon,65.5,49.0,58.3,5.0,78.0,59.2,Common,61.3,48.3,62.0,5.0,51.2,4.699999999999996,4.200000000000003,0.7000000000000028,-3.700000000000003,0.0,26.799999999999997
strasst01,Stephen Strasburg,SP,Modern Era (2016-Pres),89.1,Epic,98.7,72.2,82.2,53.4,78.7,89.3,Epic,95.5,79.3,78.5,55.6,77.7,-0.20000000000000284,3.200000000000003,-7.099999999999994,3.700000000000003,-2.200000000000003,1.0
stratch01,Chris Stratton,RP,Modern Era (2016-Pres),58.8,Common,57.9,38.4,38.1,55.1,31.9,57.4,Common,53.5,43.1,18.7,45.7,36.8,1.3999999999999986,4.399999999999999,-4.700000000000003,19.400000000000002,9.399999999999999,-4.899999999999999
stratmo01,Monty Stratton,SP,Golden Era (1920-1941),69.7,Uncommon,43.9,72.8,60.1,42.4,59.9,61.8,Uncommon,46.9,64.1,54.0,34.0,48.1,7.900000000000006,-3.0,8.700000000000003,6.100000000000001,8.399999999999999,11.799999999999997
stratsc01,Scott Stratton,SP,The Genesis Era (1871-1900),85.6,Epic,26.5,91.6,39.7,94.5,111.4,67.9,Uncommon,17.2,75.4,5.0,76.6,97.7,17.69999999999999,9.3,16.19999999999999,34.7,17.900000000000006,13.700000000000003
streehu01,Huston Street,RP,Efficiency Era (2006-2015),72.7,Rare,55.3,61.4,81.1,71.7,24.2,80.7,Epic,70.0,79.5,97.7,56.4,30.6,-8.0,-14.700000000000003,-18.1,-16.60000000000001,15.300000000000004,-6.400000000000002
streesa01,Sam Streeter,SP,Golden Era (1920-1941),77.7,Rare,65.9,95.8,38.1,60.1,59.2,88.7,Epic,67.2,89.9,47.2,72.1,106.3,-11.0,-1.2999999999999972,5.8999999999999915,-9.100000000000001,-11.999999999999993,-47.099999999999994
strichu01,Hunter Strickland,RP,Modern Era (2016-Pres),63.8,Uncommon,50.0,52.8,53.9,69.7,28.9,65.9,Uncommon,49.5,56.7,72.8,60.1,24.6,-2.1000000000000085,0.5,-3.9000000000000057,-18.9,9.600000000000001,4.299999999999997
stricsc01,Scott Strickland,RP,Steroid Era (1994-2005),64.2,Uncommon,69.8,41.9,68.2,53.4,23.7,65.2,Uncommon,75.0,39.3,73.7,51.2,21.9,-1.0,-5.200000000000003,2.6000000000000014,-5.5,2.1999999999999957,1.8000000000000007
stridsp01,Spencer Strider,SP,Modern Era (2016-Pres),83.1,Epic,117.6,51.1,71.0,42.1,67.2,77.8,Rare,101.8,54.5,72.8,46.3,44.2,5.299999999999997,15.799999999999997,-3.3999999999999986,-1.7999999999999972,-4.199999999999996,23.0
strinni01,Nick Strincevich,RP,Integration (1942-1960),76.2,Rare,5.5,95.6,22.4,103.1,84.5,62.4,Uncommon,9.2,83.3,19.6,86.1,51.5,13.800000000000004,-3.6999999999999993,12.299999999999997,2.799999999999997,17.0,33.0
stripro01,Ross Stripling,SP,Modern Era (2016-Pres),70.5,Rare,63.7,94.5,33.5,36.5,54.3,61.9,Uncommon,57.9,91.6,31.5,17.9,48.7,8.600000000000001,5.800000000000004,2.9000000000000057,2.0,18.6,5.599999999999994
stromma01,Marcus Stroman,SP,Modern Era (2016-Pres),59.6,Common,48.5,60.6,16.5,50.3,59.4,72.9,Rare,50.9,79.4,34.6,61.0,68.8,-13.300000000000004,-2.3999999999999986,-18.800000000000004,-18.1,-10.700000000000003,-9.399999999999999
stronjo02,Joe Strong,SP,Golden Era (1920-1941),69.3,Uncommon,35.9,58.6,54.4,85.1,43.5,76.4,Rare,33.6,57.1,45.0,85.0,91.4,-7.1000000000000085,2.299999999999997,1.5,9.399999999999999,0.09999999999999432,-47.900000000000006
stroppe01,Pedro Strop,RP,Efficiency Era (2006-2015),74.0,Rare,65.4,33.6,87.8,82.0,31.2,82.4,Epic,79.9,40.2,112.5,84.2,27.5,-8.400000000000006,-14.5,-6.600000000000001,-24.700000000000003,-2.200000000000003,3.6999999999999993
stulter01,Eric Stults,SP,Efficiency Era (2006-2015),59.9,Common,29.9,83.3,19.1,58.8,48.4,57.9,Common,31.0,72.1,23.6,47.6,32.8,2.0,-1.1000000000000014,11.200000000000003,-4.5,11.199999999999996,15.600000000000001
sturdto01,Tom Sturdivant,RP,Expansion (1961-1976),64.4,Uncommon,37.4,46.3,57.1,59.8,57.0,72.4,Rare,69.2,52.4,73.4,35.8,61.5,-8.0,-31.800000000000004,-6.100000000000001,-16.300000000000004,24.0,-4.5
sturtta01,Tanyon Sturtze,RP,Steroid Era (1994-2005),56.4,Common,32.5,42.5,26.9,36.2,43.2,56.3,Common,35.3,48.1,22.0,29.6,45.2,0.10000000000000142,-2.799999999999997,-5.600000000000001,4.899999999999999,6.600000000000001,-2.0
suarera01,Ranger Suarez,SP,Modern Era (2016-Pres),77.7,Rare,65.6,72.1,46.8,71.0,63.2,70.2,Rare,60.0,66.0,38.6,64.9,51.3,7.5,5.599999999999994,6.099999999999994,8.199999999999996,6.099999999999994,11.900000000000006
suarero01,Robert Suarez,RP,Modern Era (2016-Pres),71.3,Rare,61.0,61.3,78.3,55.4,30.4,71.6,Rare,55.8,63.1,85.7,56.2,27.4,-0.29999999999999716,5.200000000000003,-1.8000000000000043,-7.400000000000006,-0.8000000000000043,3.0
sudhowi01,Willie Sudhoff,SP,The Genesis Era (1871-1900),81.2,Epic,24.1,78.7,58.1,73.4,103.0,74.4,Rare,18.0,75.6,48.2,68.2,92.4,6.799999999999997,6.100000000000001,3.1000000000000085,9.899999999999999,5.200000000000003,10.599999999999994
suggsge01,George Suggs,SP,Deadball (1901-1919),80.1,Epic,26.3,100.0,19.5,77.7,107.2,75.4,Rare,28.4,94.8,25.6,72.8,85.8,4.699999999999989,-2.099999999999998,5.200000000000003,-6.100000000000001,4.900000000000006,21.400000000000006
sullifr01,Frank Sullivan,SP,Integration (1942-1960),80.2,Epic,53.0,71.8,64.8,47.3,94.3,76.4,Rare,57.2,73.0,49.5,44.2,88.4,3.799999999999997,-4.200000000000003,-1.2000000000000028,15.299999999999997,3.0999999999999943,5.8999999999999915
sullimi02,Mike Sullivan,SP,The Genesis Era (1871-1900),59.1,Common,34.5,20.2,44.4,49.1,79.0,54.9,Common,28.5,15.0,24.8,27.0,61.9,4.200000000000003,6.0,5.199999999999999,19.599999999999998,22.1,17.1
sullisc01,Scott Sullivan,RP,Steroid Era (1994-2005),71.3,Rare,61.0,53.6,74.1,47.8,49.9,70.0,Rare,64.4,52.6,77.4,46.2,39.5,1.2999999999999972,-3.4000000000000057,1.0,-3.3000000000000114,1.5999999999999943,10.399999999999999
summeed01,Ed Summers,SP,Deadball (1901-1919),82.7,Epic,26.3,89.4,51.9,77.7,101.2,77.0,Rare,31.3,84.7,50.4,64.2,84.8,5.700000000000003,-5.0,4.700000000000003,1.5,13.5,16.400000000000006
sundrst01,Steve Sundra,SP,Integration (1942-1960),59.0,Common,5.0,54.1,40.4,71.5,54.4,57.5,Common,10.4,48.6,33.5,57.1,51.2,1.5,-5.4,5.5,6.899999999999999,14.399999999999999,3.1999999999999957
suppaje01,Jeff Suppan,SP,Steroid Era (1994-2005),57.8,Common,22.7,76.1,14.7,28.6,63.0,58.7,Common,25.8,69.7,12.7,25.1,87.3,-0.9000000000000057,-3.1000000000000014,6.3999999999999915,2.0,3.5,-24.299999999999997
surkoma01,Max Surkont,SP,Integration (1942-1960),63.1,Uncommon,48.4,52.1,41.0,24.1,87.1,58.2,Common,43.5,52.4,34.1,11.4,70.4,4.899999999999999,4.899999999999999,-0.29999999999999716,6.899999999999999,12.700000000000001,16.69999999999999
sutclri01,Rick Sutcliffe,SP,Big Hair Era (1977-1993),63.7,Uncommon,58.0,21.2,47.5,48.0,80.1,76.8,Rare,58.8,47.7,54.6,59.4,93.9,-13.099999999999994,-0.7999999999999972,-26.500000000000004,-7.100000000000001,-11.399999999999999,-13.800000000000011
suterbr01,Brent Suter,RP,Modern Era (2016-Pres),58.2,Common,35.2,75.4,31.2,42.8,27.6,59.6,Common,44.3,75.7,35.2,53.6,25.8,-1.3999999999999986,-9.099999999999994,-0.29999999999999716,-4.0000000000000036,-10.800000000000004,1.8000000000000007
suttebr01,Bruce Sutter,RP,Big Hair Era (1977-1993),90.9,Legendary,93.6,81.1,93.6,77.3,52.2,90.2,Legendary,92.7,76.9,96.8,77.8,47.9,0.7000000000000028,0.8999999999999915,4.199999999999989,-3.200000000000003,-0.5,4.300000000000004
suttodo01,Don Sutton,SP,Expansion (1961-1976),94.0,Legendary,65.3,92.6,103.3,68.1,96.8,93.0,Legendary,69.8,94.3,87.3,69.5,96.5,1.0,-4.5,-1.7000000000000028,16.0,-1.4000000000000057,0.29999999999999716
swancr01,Craig Swan,SP,Big Hair Era (1977-1993),78.5,Rare,34.4,85.2,52.3,63.9,87.3,73.6,Rare,38.9,81.6,54.4,55.6,67.8,4.900000000000006,-4.5,3.6000000000000085,-2.1000000000000014,8.299999999999997,19.5
swanser01,Erik Swanson,RP,Modern Era (2016-Pres),67.1,Uncommon,64.6,65.2,63.1,49.7,25.9,58.3,Common,60.4,69.4,55.9,5.0,22.6,8.799999999999997,4.199999999999996,-4.200000000000003,7.200000000000003,44.7,3.299999999999997
swarzan01,Anthony Swarzak,RP,Modern Era (2016-Pres),64.9,Uncommon,47.7,68.0,49.1,66.2,28.9,58.2,Common,45.3,70.1,28.4,31.9,36.0,6.700000000000003,2.4000000000000057,-2.0999999999999943,20.700000000000003,34.300000000000004,-7.100000000000001
sweenbi01,Bill Sweeney,SP,The Genesis Era (1871-1900),89.1,Epic,75.3,88.1,41.7,63.3,116.9,88.5,Epic,79.7,83.6,53.0,49.9,115.1,0.5999999999999943,-4.400000000000006,4.5,-11.299999999999997,13.399999999999999,1.8000000000000114
sweench01,Charlie Sweeney,SP,The Genesis Era (1871-1900),96.6,Legendary,68.8,109.6,89.3,84.0,98.6,88.4,Epic,65.4,91.8,77.3,58.8,87.6,8.199999999999989,3.3999999999999915,17.799999999999997,12.0,25.200000000000003,11.0
swetost01,Steve Swetonic,RP,Golden Era (1920-1941),58.7,Common,17.8,55.1,40.1,45.5,61.7,58.8,Common,17.9,51.6,49.4,47.0,56.3,-0.09999999999999432,-0.09999999999999787,3.5,-9.299999999999997,-1.5,5.400000000000006
swiftbi01,Bill Swift,RP,Golden Era (1920-1941),73.6,Rare,28.0,92.1,29.7,56.3,92.3,75.8,Rare,36.7,99.8,42.4,47.7,82.5,-2.200000000000003,-8.700000000000003,-7.700000000000003,-12.7,8.599999999999994,9.799999999999997
swiftbi02,Bill Swift,SP,Big Hair Era (1977-1993),82.2,Epic,41.2,79.8,70.2,79.2,73.0,72.4,Rare,28.8,77.9,43.6,76.6,65.4,9.799999999999997,12.400000000000002,1.8999999999999915,26.6,2.6000000000000085,7.599999999999994
swindgr01,Greg Swindell,SP,Big Hair Era (1977-1993),81.2,Epic,59.0,99.0,39.2,57.7,82.3,80.3,Epic,63.0,99.4,47.2,48.6,73.6,0.9000000000000057,-4.0,-0.4000000000000057,-8.0,9.100000000000001,8.700000000000003
syndeno01,Noah Syndergaard,SP,Modern Era (2016-Pres),84.0,Epic,84.7,84.6,42.0,69.6,73.1,78.6,Rare,72.8,90.0,39.1,64.7,56.7,5.400000000000006,11.900000000000006,-5.400000000000006,2.8999999999999986,4.8999999999999915,16.39999999999999
taillja01,Jameson Taillon,SP,Modern Era (2016-Pres),66.6,Uncommon,59.8,80.1,35.1,25.1,66.6,69.1,Uncommon,53.8,90.3,38.0,27.0,67.7,-2.5,6.0,-10.200000000000003,-2.8999999999999986,-1.8999999999999986,-1.1000000000000085
tallebr01,Brian Tallet,RP,Efficiency Era (2006-2015),59.5,Common,46.3,29.7,58.1,71.1,28.8,57.6,Common,42.7,33.3,44.6,55.4,26.4,1.8999999999999986,3.5999999999999943,-3.599999999999998,13.5,15.699999999999996,2.400000000000002
tamje01,Jeff Tam,RP,Steroid Era (1994-2005),61.1,Uncommon,31.1,59.1,41.9,85.7,26.8,58.6,Common,28.8,58.4,32.4,74.5,24.5,2.5,2.3000000000000007,0.7000000000000028,9.5,11.200000000000003,2.3000000000000007
tamulvi01,Vito Tamulis,RP,Golden Era (1920-1941),69.3,Uncommon,47.6,77.5,27.4,54.0,71.0,63.7,Uncommon,48.1,69.4,29.5,53.4,54.4,5.599999999999994,-0.5,8.099999999999994,-2.1000000000000014,0.6000000000000014,16.6
tanakma01,Masahiro Tanaka,SP,Modern Era (2016-Pres),76.7,Rare,59.6,102.1,51.5,27.1,73.3,71.5,Rare,63.9,101.7,43.1,10.6,68.2,5.200000000000003,-4.299999999999997,0.3999999999999915,8.399999999999999,16.5,5.099999999999994
tananfr01,Frank Tanana,SP,Big Hair Era (1977-1993),94.3,Legendary,103.3,80.6,90.8,54.6,100.0,84.9,Epic,74.4,79.5,66.3,41.8,97.8,9.399999999999991,28.89999999999999,1.0999999999999943,24.5,12.800000000000004,2.200000000000003
tanneje01,Jesse Tannehill,SP,Deadball (1901-1919),81.3,Epic,8.9,108.6,11.1,99.6,109.8,87.1,Epic,21.1,111.1,34.3,103.7,102.6,-5.799999999999997,-12.200000000000001,-2.5,-23.199999999999996,-4.1000000000000085,7.200000000000003
tapanke01,Kevin Tapani,SP,Big Hair Era (1977-1993),66.6,Uncommon,48.9,84.2,21.3,18.7,93.4,70.1,Rare,49.5,91.7,19.9,32.2,87.0,-3.5,-0.6000000000000014,-7.5,1.4000000000000021,-13.500000000000004,6.400000000000006
taschja01,Jack Taschner,RP,Efficiency Era (2006-2015),54.8,Common,39.8,22.0,18.4,53.7,21.7,55.3,Common,47.9,23.2,21.0,49.1,21.7,-0.5,-8.100000000000001,-1.1999999999999993,-2.6000000000000014,4.600000000000001,0.0
tatumke01,Ken Tatum,RP,Expansion (1961-1976),63.2,Uncommon,48.9,43.5,78.5,48.0,34.1,59.2,Common,41.0,44.2,71.9,46.3,25.2,4.0,7.899999999999999,-0.7000000000000028,6.599999999999994,1.7000000000000028,8.900000000000002
tavarju01,Julian Tavarez,RP,Steroid Era (1994-2005),64.4,Uncommon,41.5,56.9,44.3,71.3,43.9,64.3,Uncommon,36.8,57.6,40.2,80.3,42.4,0.10000000000000853,4.700000000000003,-0.7000000000000028,4.099999999999994,-9.0,1.5
taylobi01,Billy Taylor,SP,The Genesis Era (1871-1900),88.2,Epic,66.9,83.1,74.3,77.0,78.7,76.5,Rare,63.4,75.5,47.7,72.4,53.7,11.700000000000003,3.500000000000007,7.599999999999994,26.599999999999994,4.599999999999994,25.0
taylobi04,Billy Taylor,RP,Steroid Era (1994-2005),65.8,Uncommon,68.2,45.3,48.3,67.4,34.4,65.5,Uncommon,73.5,48.1,51.2,65.0,24.3,0.29999999999999716,-5.299999999999997,-2.8000000000000043,-2.9000000000000057,2.4000000000000057,10.099999999999998
tayloch02,Chuck Taylor,RP,Expansion (1961-1976),70.1,Rare,26.3,80.8,46.3,71.1,55.8,64.4,Uncommon,27.6,79.7,49.1,61.0,40.2,5.699999999999989,-1.3000000000000007,1.0999999999999943,-2.8000000000000043,10.099999999999994,15.599999999999994
taylodu01,Luther Taylor,SP,Deadball (1901-1919),78.7,Rare,39.0,65.9,41.1,72.5,105.5,74.9,Rare,36.1,63.7,35.7,78.2,91.2,3.799999999999997,2.8999999999999986,2.200000000000003,5.399999999999999,-5.700000000000003,14.299999999999997
tayloha03,Harry Taylor,RP,Integration (1942-1960),59.2,Common,35.2,26.9,78.3,56.0,31.8,56.4,Common,31.0,15.8,50.9,53.4,30.5,2.8000000000000043,4.200000000000003,11.099999999999998,27.4,2.6000000000000014,1.3000000000000007
tayloja01,Jack Taylor,SP,The Genesis Era (1871-1900),73.6,Rare,26.1,80.5,5.0,75.4,111.1,68.8,Uncommon,19.9,80.6,10.9,57.4,106.7,4.799999999999997,6.200000000000003,-0.09999999999999432,-5.9,18.000000000000007,4.3999999999999915
tayloja02,Jack Taylor,SP,Deadball (1901-1919),86.3,Epic,5.0,90.2,73.7,95.5,103.9,84.0,Epic,5.0,88.0,65.5,94.7,101.2,2.299999999999997,0.0,2.200000000000003,8.200000000000003,0.7999999999999972,2.700000000000003
taylojo05,Johnny Taylor,SP,Golden Era (1920-1941),71.1,Rare,94.5,26.4,84.9,54.4,25.3,69.3,Uncommon,108.0,16.5,73.7,35.5,43.8,1.7999999999999972,-13.5,9.899999999999999,11.200000000000003,18.9,-18.499999999999996
tayloro01,Ron Taylor,RP,Expansion (1961-1976),71.4,Rare,49.1,70.4,58.8,63.2,45.6,68.5,Uncommon,42.8,84.3,56.4,55.0,35.7,2.9000000000000057,6.300000000000004,-13.899999999999991,2.3999999999999986,8.200000000000003,9.899999999999999
tazawju01,Junichi Tazawa,RP,Efficiency Era (2006-2015),67.8,Uncommon,67.6,81.2,39.9,53.8,29.2,61.4,Uncommon,67.1,84.0,27.6,43.0,23.9,6.399999999999999,0.5,-2.799999999999997,12.299999999999997,10.799999999999997,5.300000000000001
teherju01,Julio Teheran,SP,Modern Era (2016-Pres),75.4,Rare,58.0,65.7,61.3,38.8,83.5,72.1,Rare,56.7,59.3,62.4,29.7,82.4,3.3000000000000114,1.2999999999999972,6.400000000000006,-1.1000000000000014,9.099999999999998,1.0999999999999943
tejedro01,Rob Tejeda,RP,Efficiency Era (2006-2015),64.8,Uncommon,66.5,5.0,80.6,70.5,36.7,57.3,Common,55.0,6.9,58.5,44.3,31.6,7.5,11.5,-1.9000000000000004,22.099999999999994,26.200000000000003,5.100000000000001
tekulke01,Kent Tekulve,RP,Big Hair Era (1977-1993),76.8,Rare,38.1,44.6,75.0,99.6,57.2,79.5,Rare,36.6,63.3,74.5,101.0,52.4,-2.700000000000003,1.5,-18.699999999999996,0.5,-1.4000000000000057,4.800000000000004
telemam01,Amaury Telemaco,RP,Steroid Era (1994-2005),56.3,Common,28.6,61.5,37.4,17.9,33.8,56.5,Common,38.6,65.6,39.2,7.5,32.0,-0.20000000000000284,-10.0,-4.099999999999994,-1.8000000000000043,10.399999999999999,1.7999999999999972
telfoan01,Anthony Telford,RP,Steroid Era (1994-2005),59.8,Common,52.0,54.3,32.6,55.9,43.1,59.2,Common,49.7,56.9,39.5,52.3,30.3,0.5999999999999943,2.299999999999997,-2.6000000000000014,-6.899999999999999,3.6000000000000014,12.8
tellmto01,Tom Tellmann,RP,Big Hair Era (1977-1993),57.6,Common,25.0,49.1,34.3,59.3,33.8,57.1,Common,27.8,54.5,31.8,53.5,25.6,0.5,-2.8000000000000007,-5.399999999999999,2.4999999999999964,5.799999999999997,8.199999999999996
teperry01,Ryan Tepera,RP,Modern Era (2016-Pres),62.2,Uncommon,57.5,51.0,67.3,49.7,23.4,67.7,Uncommon,61.0,52.2,86.1,47.5,24.5,-5.5,-3.5,-1.2000000000000028,-18.799999999999997,2.200000000000003,-1.1000000000000014
terrewa01,Walt Terrell,SP,Big Hair Era (1977-1993),60.9,Uncommon,38.0,40.0,17.1,55.6,93.0,59.7,Common,24.5,43.8,30.5,50.6,87.6,1.1999999999999957,13.5,-3.799999999999997,-13.399999999999999,5.0,5.400000000000006
terryad01,Adonis Terry,SP,The Genesis Era (1871-1900),63.3,Uncommon,36.7,5.0,26.5,92.0,93.1,79.0,Rare,53.9,11.6,58.1,97.8,104.1,-15.700000000000003,-17.199999999999996,-6.6,-31.6,-5.799999999999997,-11.0
terryra01,Ralph Terry,SP,Expansion (1961-1976),70.3,Rare,28.8,104.4,53.7,10.6,83.8,70.5,Rare,32.9,97.6,49.6,14.8,87.5,-0.20000000000000284,-4.099999999999998,6.800000000000011,4.100000000000001,-4.200000000000001,-3.700000000000003
terrysc01,Scott Terry,RP,Big Hair Era (1977-1993),67.7,Uncommon,33.3,64.2,43.5,74.4,55.8,60.0,Uncommon,35.6,57.0,42.3,63.7,41.6,7.700000000000003,-2.3000000000000043,7.200000000000003,1.2000000000000028,10.700000000000003,14.199999999999996
tesreje01,Jeff Tesreau,SP,Deadball (1901-1919),90.2,Legendary,69.1,35.4,97.5,86.2,103.2,86.3,Epic,64.7,46.7,90.9,70.6,95.2,3.9000000000000057,4.3999999999999915,-11.300000000000004,6.599999999999994,15.600000000000009,8.0
tewksbo01,Bob Tewksbury,SP,Big Hair Era (1977-1993),68.0,Uncommon,19.0,117.7,5.0,50.3,80.3,71.3,Rare,20.8,117.4,5.0,62.5,80.7,-3.299999999999997,-1.8000000000000007,0.29999999999999716,0.0,-12.200000000000003,-0.4000000000000057
thatcjo01,Joe Thatcher,RP,Efficiency Era (2006-2015),65.3,Uncommon,64.6,51.8,56.5,67.7,21.0,70.9,Rare,70.6,55.1,64.2,73.8,20.8,-5.6000000000000085,-6.0,-3.3000000000000043,-7.700000000000003,-6.099999999999994,0.1999999999999993
thayeda01,Dale Thayer,RP,Efficiency Era (2006-2015),61.8,Uncommon,58.5,68.2,52.3,37.0,31.3,59.3,Common,50.6,74.7,46.2,36.9,22.2,2.5,7.899999999999999,-6.5,6.099999999999994,0.10000000000000142,9.100000000000001
thielca01,Caleb Thielbar,RP,Modern Era (2016-Pres),68.5,Uncommon,55.5,62.8,77.3,50.6,28.0,71.7,Rare,64.1,67.0,75.1,58.3,24.3,-3.200000000000003,-8.599999999999994,-4.200000000000003,2.200000000000003,-7.699999999999996,3.6999999999999993
thigpbo01,Bobby Thigpen,RP,Big Hair Era (1977-1993),67.3,Uncommon,52.6,58.6,71.0,51.6,35.6,59.8,Common,54.1,45.2,67.3,38.1,32.8,7.5,-1.5,13.399999999999999,3.700000000000003,13.5,2.8000000000000043
thomabu01,Bud Thomas,RP,Golden Era (1920-1941),54.9,Common,13.6,63.6,5.0,5.6,68.6,53.5,Common,18.5,62.1,9.5,5.0,37.6,1.3999999999999986,-4.9,1.5,-4.5,0.5999999999999996,30.999999999999993
thomaro02,Roy Thomas,RP,Big Hair Era (1977-1993),63.7,Uncommon,62.0,40.6,58.1,51.7,42.6,61.1,Uncommon,55.1,39.0,60.6,63.5,26.4,2.6000000000000014,6.899999999999999,1.6000000000000014,-2.5,-11.799999999999997,16.200000000000003
thomato02,Tommy Thomas,SP,Golden Era (1920-1941),78.0,Rare,22.4,75.8,55.1,62.4,104.6,68.2,Uncommon,23.9,62.6,44.0,47.1,95.4,9.799999999999997,-1.5,13.199999999999996,11.100000000000001,15.299999999999997,9.199999999999989
thompbr01,Brad Thompson,RP,Efficiency Era (2006-2015),54.2,Common,14.9,60.5,8.8,20.5,40.1,55.3,Common,13.1,69.5,12.7,33.4,34.0,-1.0999999999999943,1.8000000000000007,-9.0,-3.8999999999999986,-12.899999999999999,6.100000000000001
thompju01,Gene Thompson,RP,Integration (1942-1960),75.8,Rare,48.5,34.9,79.2,79.8,66.7,68.8,Uncommon,41.7,28.6,72.5,78.9,54.0,7.0,6.799999999999997,6.299999999999997,6.700000000000003,0.8999999999999915,12.700000000000003
thompju02,Justin Thompson,SP,Steroid Era (1994-2005),66.0,Uncommon,41.8,57.1,40.7,40.7,83.9,62.7,Uncommon,43.3,57.8,47.9,42.7,59.3,3.299999999999997,-1.5,-0.6999999999999957,-7.199999999999996,-2.0,24.60000000000001
thompry02,Ryan Thompson,RP,Modern Era (2016-Pres),58.9,Common,41.8,64.7,32.8,59.4,24.4,60.6,Uncommon,42.5,71.0,46.1,59.6,23.3,-1.7000000000000028,-0.7000000000000028,-6.299999999999997,-13.300000000000004,-0.20000000000000284,1.0999999999999979
thomsjo01,John Thomson,SP,Steroid Era (1994-2005),58.7,Common,43.1,70.2,12.5,30.6,64.1,62.3,Uncommon,41.5,83.6,18.1,44.0,62.0,-3.5999999999999943,1.6000000000000014,-13.399999999999991,-5.600000000000001,-13.399999999999999,2.0999999999999943
thormha01,Hank Thormahlen,SP,Golden Era (1920-1941),69.2,Uncommon,15.0,43.6,82.5,75.1,61.0,63.0,Uncommon,18.7,50.6,60.9,75.8,46.2,6.200000000000003,-3.6999999999999993,-7.0,21.6,-0.7000000000000028,14.799999999999997
thornma01,Matt Thornton,RP,Efficiency Era (2006-2015),80.9,Epic,88.8,63.1,81.8,68.4,33.4,80.1,Epic,72.5,71.1,78.6,80.0,28.3,0.8000000000000114,16.299999999999997,-7.999999999999993,3.200000000000003,-11.599999999999994,5.099999999999998
thorntr01,Trent Thornton,RP,Modern Era (2016-Pres),55.4,Common,50.3,47.7,19.3,16.6,30.9,56.7,Common,55.5,57.3,27.1,17.4,28.6,-1.3000000000000043,-5.200000000000003,-9.599999999999994,-7.800000000000001,-0.7999999999999972,2.299999999999997
thornty01,Tyler Thornburg,RP,Modern Era (2016-Pres),61.5,Uncommon,53.4,45.7,67.8,53.4,25.9,59.6,Common,52.0,35.4,67.2,58.5,21.7,1.8999999999999986,1.3999999999999986,10.300000000000004,0.5999999999999943,-5.100000000000001,4.199999999999999
thurmma01,Mark Thurmond,RP,Big Hair Era (1977-1993),58.4,Common,10.5,61.4,24.5,63.3,55.4,58.2,Common,11.1,69.7,19.3,59.5,51.6,0.19999999999999574,-0.5999999999999996,-8.300000000000004,5.199999999999999,3.799999999999997,3.799999999999997
thurssl01,Hollis Thurston,SP,Golden Era (1920-1941),59.1,Common,5.0,92.5,5.0,51.2,72.9,59.5,Common,5.0,90.2,5.0,55.8,78.0,-0.3999999999999986,0.0,2.299999999999997,0.0,-4.599999999999994,-5.099999999999994
tiantlu01,Luis Tiant,SP,Expansion (1961-1976),93.0,Legendary,70.6,70.5,98.9,79.9,97.3,87.4,Epic,62.9,79.7,86.4,51.1,94.8,5.599999999999994,7.699999999999996,-9.200000000000003,12.5,28.800000000000004,2.5
tiantlu02,Luis Tiant,SP,Golden Era (1920-1941),73.0,Rare,89.0,46.2,39.4,77.1,43.5,84.6,Epic,109.7,45.9,53.7,83.1,65.4,-11.599999999999994,-20.700000000000003,0.30000000000000426,-14.300000000000004,-6.0,-21.900000000000006
tibbsja01,Jay Tibbs,SP,Big Hair Era (1977-1993),64.6,Uncommon,36.7,50.8,39.7,77.3,54.0,59.2,Common,32.7,52.2,28.0,58.5,57.3,5.3999999999999915,4.0,-1.4000000000000057,11.700000000000003,18.799999999999997,-3.299999999999997
tidrodi01,Dick Tidrow,RP,Big Hair Era (1977-1993),68.5,Uncommon,44.8,59.7,63.1,31.5,75.2,64.8,Uncommon,42.6,61.4,47.4,39.2,68.9,3.700000000000003,2.1999999999999957,-1.6999999999999957,15.700000000000003,-7.700000000000003,6.299999999999997
tietjle01,Les Tietje,SP,Golden Era (1920-1941),54.5,Common,42.6,5.0,37.2,7.2,58.1,53.3,Common,41.7,6.1,33.2,6.3,42.8,1.2000000000000028,0.8999999999999986,-1.0999999999999996,4.0,0.9000000000000004,15.300000000000004
tillmch01,Chris Tillman,SP,Efficiency Era (2006-2015),66.8,Uncommon,56.9,55.0,52.2,19.8,83.7,59.6,Common,48.2,56.1,50.8,16.6,63.0,7.199999999999996,8.699999999999996,-1.1000000000000014,1.4000000000000057,3.1999999999999993,20.700000000000003
timlimi01,Mike Timlin,RP,Steroid Era (1994-2005),70.4,Rare,51.8,72.8,35.2,88.8,33.6,73.9,Rare,54.1,79.2,54.0,73.4,38.8,-3.5,-2.3000000000000043,-6.400000000000006,-18.799999999999997,15.399999999999991,-5.199999999999996
timmeto01,Tom Timmermann,RP,Expansion (1961-1976),64.8,Uncommon,48.0,49.9,53.2,61.8,46.6,60.9,Uncommon,42.6,49.9,49.6,56.9,44.8,3.8999999999999986,5.399999999999999,0.0,3.6000000000000014,4.899999999999999,1.8000000000000043
tinnibu01,Bud Tinning,RP,Golden Era (1920-1941),66.5,Uncommon,29.8,55.4,47.7,72.1,61.1,65.4,Uncommon,37.5,57.1,55.4,61.3,50.5,1.0999999999999943,-7.699999999999999,-1.7000000000000028,-7.699999999999996,10.799999999999997,10.600000000000001
tobikda01,Dave Tobik,RP,Big Hair Era (1977-1993),56.2,Common,45.2,39.1,55.3,6.3,31.7,58.8,Common,51.6,48.7,64.1,28.9,27.6,-2.5999999999999943,-6.399999999999999,-9.600000000000001,-8.799999999999997,-22.599999999999998,4.099999999999998
tobinji01,Jim Tobin,SP,Integration (1942-1960),76.2,Rare,5.0,77.0,47.6,81.8,100.1,70.0,Rare,5.1,72.1,55.0,60.2,87.7,6.200000000000003,-0.09999999999999964,4.900000000000006,-7.399999999999999,21.599999999999994,12.399999999999991
toddji01,Jim Todd,RP,Expansion (1961-1976),58.6,Common,18.6,33.4,36.4,79.5,50.2,55.6,Common,15.0,27.9,16.3,65.9,42.5,3.0,3.6000000000000014,5.5,20.099999999999998,13.599999999999994,7.700000000000003
tollesh01,Shawn Tolleson,RP,Efficiency Era (2006-2015),59.6,Common,66.5,50.3,60.0,27.5,30.3,58.4,Common,60.6,56.6,48.2,24.9,24.6,1.2000000000000028,5.899999999999999,-6.300000000000004,11.799999999999997,2.6000000000000014,5.699999999999999
tomkobr01,Brett Tomko,SP,Steroid Era (1994-2005),59.6,Common,37.9,56.8,47.1,39.8,53.4,64.9,Uncommon,42.2,74.5,41.2,31.1,70.6,-5.300000000000004,-4.300000000000004,-17.700000000000003,5.899999999999999,8.699999999999996,-17.199999999999996
tomlida01,Dave Tomlin,RP,Big Hair Era (1977-1993),64.5,Uncommon,40.9,58.5,39.3,76.9,42.4,61.7,Uncommon,39.5,56.9,45.2,78.3,26.9,2.799999999999997,1.3999999999999986,1.6000000000000014,-5.900000000000006,-1.3999999999999915,15.5
tomlijo01,Josh Tomlin,SP,Modern Era (2016-Pres),58.9,Common,24.1,108.2,36.4,5.0,49.4,58.7,Common,29.3,117.5,18.4,5.0,50.2,0.19999999999999574,-5.199999999999999,-9.299999999999997,18.0,0.0,-0.8000000000000043
tomlira01,Randy Tomlin,SP,Big Hair Era (1977-1993),72.8,Rare,31.0,85.0,29.0,79.7,69.5,70.1,Rare,33.6,88.1,33.9,70.4,54.4,2.700000000000003,-2.6000000000000014,-3.0999999999999943,-4.899999999999999,9.299999999999997,15.100000000000001
toneyfr01,Fred Toney,SP,Deadball (1901-1919),89.7,Epic,42.2,70.0,79.3,91.7,105.4,80.4,Epic,21.5,84.2,61.6,66.6,98.7,9.299999999999997,20.700000000000003,-14.200000000000003,17.699999999999996,25.10000000000001,6.700000000000003
tonkimi01,Michael Tonkin,RP,Modern Era (2016-Pres),57.0,Common,40.9,55.3,49.9,22.8,23.5,58.5,Common,51.5,53.9,51.0,37.6,22.4,-1.5,-10.600000000000001,1.3999999999999986,-1.1000000000000014,-14.8,1.1000000000000014
torreca01,Carlos Torres,RP,Efficiency Era (2006-2015),61.4,Uncommon,65.5,58.9,54.8,23.1,43.4,58.7,Common,60.0,50.1,48.9,29.9,30.4,2.6999999999999957,5.5,8.799999999999997,5.899999999999999,-6.799999999999997,13.0
torremi01,Mike Torrez,SP,Expansion (1961-1976),66.5,Uncommon,17.7,34.9,37.3,76.3,100.0,66.0,Uncommon,21.5,32.5,44.4,70.0,96.0,0.5,-3.8000000000000007,2.3999999999999986,-7.100000000000001,6.299999999999997,4.0
torresa01,Salomon Torres,RP,Steroid Era (1994-2005),67.2,Uncommon,43.3,57.5,49.4,73.7,45.3,63.1,Uncommon,43.0,56.1,52.8,60.7,40.0,4.100000000000001,0.29999999999999716,1.3999999999999986,-3.3999999999999986,13.0,5.299999999999997
towerjo01,Josh Towers,SP,Steroid Era (1994-2005),58.4,Common,22.2,115.3,5.0,9.6,63.1,57.1,Common,24.4,112.2,5.0,5.0,46.2,1.2999999999999972,-2.1999999999999993,3.0999999999999943,0.0,4.6,16.9
townsha01,Happy Townsend,SP,Deadball (1901-1919),72.9,Rare,47.5,37.5,27.3,88.6,93.7,62.6,Uncommon,41.6,38.5,25.6,62.8,82.1,10.300000000000004,5.899999999999999,-1.0,1.6999999999999993,25.799999999999997,11.600000000000009
trachst01,Steve Trachsel,SP,Steroid Era (1994-2005),62.2,Uncommon,38.8,63.2,50.1,15.7,80.9,61.6,Uncommon,37.4,56.4,42.4,27.7,82.6,0.6000000000000014,1.3999999999999986,6.800000000000004,7.700000000000003,-12.0,-1.6999999999999886
travebi01,Bill Travers,SP,Big Hair Era (1977-1993),58.0,Common,18.3,61.1,40.1,5.0,83.3,56.8,Common,16.6,54.9,33.3,15.3,68.5,1.2000000000000028,1.6999999999999993,6.200000000000003,6.800000000000004,-10.3,14.799999999999997
treinbl01,Blake Treinen,RP,Modern Era (2016-Pres),80.4,Epic,70.5,49.8,94.0,81.8,36.6,76.9,Rare,66.1,56.4,72.3,86.9,32.9,3.5,4.400000000000006,-6.600000000000001,21.700000000000003,-5.1000000000000085,3.700000000000003
trentte01,Ted Trent,SP,Golden Era (1920-1941),59.3,Common,76.2,49.6,59.8,25.9,19.2,91.7,Legendary,85.8,71.3,85.5,73.7,89.4,-32.400000000000006,-9.599999999999994,-21.699999999999996,-25.700000000000003,-47.800000000000004,-70.2
trinkke01,Ken Trinkle,RP,Integration (1942-1960),56.6,Common,24.1,25.6,28.9,65.9,39.8,57.9,Common,20.1,32.9,38.5,70.8,43.7,-1.2999999999999972,4.0,-7.299999999999997,-9.600000000000001,-4.8999999999999915,-3.9000000000000057
trivilo01,Lou Trivino,RP,Modern Era (2016-Pres),60.4,Uncommon,55.8,33.1,69.0,55.1,28.5,59.0,Common,59.8,33.4,50.3,53.4,27.9,1.3999999999999986,-4.0,-0.29999999999999716,18.700000000000003,1.7000000000000028,0.6000000000000014
trombmi01,Mike Trombley,RP,Steroid Era (1994-2005),59.3,Common,68.8,51.0,41.8,27.0,41.7,61.9,Uncommon,75.5,46.4,58.8,28.8,38.0,-2.6000000000000014,-6.700000000000003,4.600000000000001,-17.0,-1.8000000000000007,3.700000000000003
troncra01,Ramon Troncoso,RP,Efficiency Era (2006-2015),58.1,Common,40.0,48.7,28.5,64.4,29.1,57.2,Common,37.3,53.8,25.1,53.9,25.0,0.8999999999999986,2.700000000000003,-5.099999999999994,3.3999999999999986,10.500000000000007,4.100000000000001
troutdi01,Dizzy Trout,SP,Integration (1942-1960),90.4,Legendary,37.0,66.7,70.4,113.0,106.3,83.3,Epic,40.3,57.6,59.6,99.2,93.3,7.1000000000000085,-3.299999999999997,9.100000000000001,10.800000000000004,13.799999999999997,13.0
troutst01,Steve Trout,SP,Big Hair Era (1977-1993),57.6,Common,16.4,33.5,13.5,80.3,58.3,59.8,Common,17.3,50.3,14.3,86.7,70.4,-2.1999999999999957,-0.9000000000000021,-16.799999999999997,-0.8000000000000007,-6.400000000000006,-12.100000000000009
truckvi01,Virgil Trucks,SP,Integration (1942-1960),78.9,Rare,58.2,39.4,82.1,65.8,79.3,84.7,Epic,58.9,49.0,83.0,78.2,89.1,-5.799999999999997,-0.6999999999999957,-9.600000000000001,-0.9000000000000057,-12.400000000000006,-9.799999999999997
tudorjo01,John Tudor,SP,Big Hair Era (1977-1993),84.8,Epic,35.6,97.6,71.3,83.5,71.0,79.7,Rare,37.7,90.0,60.0,52.9,88.5,5.099999999999994,-2.1000000000000014,7.599999999999994,11.299999999999997,30.6,-17.5
turlebo01,Bob Turley,SP,Integration (1942-1960),89.6,Epic,98.0,5.0,119.9,68.4,96.6,84.6,Epic,97.4,5.0,117.0,57.4,81.1,5.0,0.5999999999999943,0.0,2.9000000000000057,11.000000000000007,15.5
turnbde01,Derrick Turnbow,RP,Steroid Era (1994-2005),59.4,Common,54.9,30.0,73.6,49.6,23.0,61.3,Uncommon,78.6,5.0,84.3,55.1,22.4,-1.8999999999999986,-23.699999999999996,25.0,-10.700000000000003,-5.5,0.6000000000000014
turnbsp01,Spencer Turnbull,SP,Modern Era (2016-Pres),62.3,Uncommon,58.8,47.7,40.4,60.6,41.7,59.4,Common,54.0,44.3,40.6,67.4,25.9,2.8999999999999986,4.799999999999997,3.4000000000000057,-0.20000000000000284,-6.800000000000004,15.800000000000004
turneji01,Jim Turner,SP,Golden Era (1920-1941),76.4,Rare,13.4,96.4,55.8,65.5,81.0,68.6,Uncommon,14.6,88.2,55.5,48.6,67.8,7.800000000000011,-1.1999999999999993,8.200000000000003,0.29999999999999716,16.9,13.200000000000003
twitcwa01,Wayne Twitchell,RP,Expansion (1961-1976),73.2,Rare,75.6,34.8,76.3,61.6,48.1,67.7,Uncommon,73.1,33.2,57.9,56.8,50.2,5.5,2.5,1.5999999999999943,18.4,4.800000000000004,-2.1000000000000014
tylerle01,Lefty Tyler,SP,Deadball (1901-1919),87.1,Epic,41.1,47.5,74.1,109.5,100.9,81.9,Epic,47.8,46.6,64.7,84.5,98.0,5.199999999999989,-6.699999999999996,0.8999999999999986,9.399999999999991,25.0,2.9000000000000057
tylerst01,Steel Arm Tyler,SP,Golden Era (1920-1941),82.0,Epic,70.9,76.7,54.8,90.2,49.8,87.3,Epic,74.8,66.4,64.2,88.3,80.5,-5.299999999999997,-3.8999999999999915,10.299999999999997,-9.400000000000006,1.9000000000000057,-30.700000000000003
ueharko01,Koji Uehara,RP,Efficiency Era (2006-2015),82.9,Epic,87.1,88.2,111.3,36.4,24.3,85.9,Epic,91.5,106.8,102.0,37.7,27.9,-3.0,-4.400000000000006,-18.599999999999994,9.299999999999997,-1.3000000000000043,-3.599999999999998
uhlege01,George Uhle,SP,Golden Era (1920-1941),81.6,Epic,37.6,58.6,42.5,92.3,108.8,80.3,Epic,30.3,67.7,38.5,94.8,100.6,1.2999999999999972,7.300000000000001,-9.100000000000001,4.0,-2.5,8.200000000000003
ulricdu01,Frank Ulrich,RP,Golden Era (1920-1941),60.9,Uncommon,23.7,85.1,17.5,55.3,62.1,64.9,Uncommon,33.2,81.3,32.8,49.0,63.3,-4.000000000000007,-9.500000000000004,3.799999999999997,-15.299999999999997,6.299999999999997,-1.1999999999999957
umbriji01,Jim Umbricht,RP,Expansion (1961-1976),68.1,Uncommon,55.4,64.8,71.8,55.8,24.8,61.6,Uncommon,54.9,54.3,69.7,43.0,24.6,6.499999999999993,0.5,10.5,2.0999999999999943,12.799999999999997,0.1999999999999993
underto01,Tom Underwood,SP,Big Hair Era (1977-1993),64.9,Uncommon,39.3,36.5,54.8,47.4,81.9,66.2,Uncommon,41.6,42.8,44.5,55.8,80.4,-1.2999999999999972,-2.3000000000000043,-6.299999999999997,10.299999999999997,-8.399999999999999,1.5
upshace01,Cecil Upshaw,RP,Expansion (1961-1976),59.2,Common,47.0,67.3,18.3,56.6,38.8,63.9,Uncommon,42.3,69.5,40.0,67.1,37.0,-4.699999999999996,4.700000000000003,-2.200000000000003,-21.7,-10.499999999999993,1.7999999999999972
urbinug01,Ugueth Urbina,RP,Steroid Era (1994-2005),76.9,Rare,84.2,41.0,98.1,66.7,24.8,80.9,Epic,110.6,43.7,102.8,39.9,38.7,-4.0,-26.39999999999999,-2.700000000000003,-4.700000000000003,26.800000000000004,-13.900000000000002
urenajo01,Jose Urena,SP,Modern Era (2016-Pres),58.7,Common,31.6,53.1,40.5,26.3,68.4,56.8,Common,29.5,51.0,29.0,30.0,48.7,1.9000000000000057,2.1000000000000014,2.1000000000000014,11.5,-3.6999999999999993,19.700000000000003
uriasju01,Julio Urias,SP,Modern Era (2016-Pres),81.9,Epic,71.4,81.0,81.4,41.3,66.7,75.8,Rare,68.8,80.8,71.6,40.5,47.6,6.1000000000000085,2.6000000000000085,0.20000000000000284,9.800000000000011,0.7999999999999972,19.1
valdefr01,Framber Valdez,SP,Modern Era (2016-Pres),83.5,Epic,68.9,55.4,63.4,81.3,82.2,82.2,Epic,68.2,57.5,74.2,77.8,65.7,1.2999999999999972,0.7000000000000028,-2.1000000000000014,-10.800000000000004,3.5,16.5
valdeis01,Ismael Valdez,SP,Steroid Era (1994-2005),78.2,Rare,46.5,87.8,52.6,52.4,82.0,75.6,Rare,47.7,84.0,49.0,44.3,83.3,2.6000000000000085,-1.2000000000000028,3.799999999999997,3.6000000000000014,8.100000000000001,-1.2999999999999972
valenfe01,Fernando Valenzuela,SP,Big Hair Era (1977-1993),92.0,Legendary,77.4,60.7,80.2,86.6,102.9,88.5,Epic,80.8,52.2,76.8,76.0,95.9,3.5,-3.3999999999999915,8.5,3.4000000000000057,10.599999999999994,7.0
valvejo01,Jose Valverde,RP,Efficiency Era (2006-2015),72.2,Rare,76.6,42.9,82.0,55.7,33.8,78.0,Rare,87.6,42.5,103.5,55.3,31.6,-5.799999999999997,-11.0,0.3999999999999986,-21.5,0.4000000000000057,2.1999999999999957
vanatru01,Russ Van Atta,RP,Golden Era (1920-1941),57.8,Common,61.7,19.6,23.0,48.4,52.3,55.8,Common,58.4,5.0,8.0,51.9,48.7,2.0,3.3000000000000043,14.600000000000001,15.0,-3.5,3.5999999999999943
vanceda01,Dazzy Vance,SP,Golden Era (1920-1941),99.9,Legendary,112.2,81.8,99.2,86.2,105.4,97.9,Legendary,111.9,84.6,82.8,80.2,101.9,2.0,0.29999999999999716,-2.799999999999997,16.400000000000006,6.0,3.5
vandeed01,Ed Vande Berg,RP,Big Hair Era (1977-1993),59.8,Common,55.0,40.0,54.7,53.6,34.7,56.3,Common,46.8,48.6,12.0,36.0,37.1,3.5,8.200000000000003,-8.600000000000001,42.7,17.6,-2.3999999999999986
vandejo01,Johnny Vander Meer,SP,Integration (1942-1960),88.4,Epic,90.1,11.8,90.1,95.0,94.0,86.9,Epic,69.3,20.5,90.8,98.0,93.0,1.5,20.799999999999997,-8.7,-0.7000000000000028,-3.0,1.0
vangiel01,Elam Vangilder,SP,Golden Era (1920-1941),68.1,Uncommon,6.3,51.2,42.7,79.8,92.6,59.3,Common,10.8,39.8,30.9,67.8,79.9,8.799999999999997,-4.500000000000001,11.400000000000006,11.800000000000004,12.0,12.699999999999989
vanpoto01,Todd Van Poppel,RP,Steroid Era (1994-2005),62.0,Uncommon,78.8,26.7,58.4,36.1,48.0,58.6,Common,74.2,26.0,55.6,26.1,36.4,3.3999999999999986,4.599999999999994,0.6999999999999993,2.799999999999997,10.0,11.600000000000001
vargacl01,Claudio Vargas,SP,Efficiency Era (2006-2015),56.7,Common,28.0,49.9,51.4,31.5,25.9,55.3,Common,40.4,56.1,17.6,5.0,44.9,1.4000000000000057,-12.399999999999999,-6.200000000000003,33.8,26.5,-19.0
vargaja01,Jason Vargas,SP,Efficiency Era (2006-2015),59.5,Common,40.9,78.3,25.2,5.7,83.5,61.9,Uncommon,41.9,72.3,33.0,26.9,73.7,-2.3999999999999986,-1.0,6.0,-7.800000000000001,-21.2,9.799999999999997
vargaro01,Roberto Vargas,SP,Integration (1942-1960),56.1,Common,60.4,50.8,13.2,28.3,24.4,57.9,Common,59.7,55.7,28.2,34.0,29.3,-1.7999999999999972,0.6999999999999957,-4.900000000000006,-15.0,-5.699999999999999,-4.900000000000002
vaughhi01,Hippo Vaughn,SP,Deadball (1901-1919),93.8,Legendary,65.8,73.0,78.4,99.5,107.4,92.1,Legendary,61.6,76.4,68.1,98.2,104.4,1.7000000000000028,4.199999999999996,-3.4000000000000057,10.300000000000011,1.2999999999999972,3.0
vazquja01,Javier Vazquez,SP,Steroid Era (1994-2005),90.2,Legendary,102.5,93.5,71.0,33.7,91.2,86.5,Epic,91.0,96.1,52.9,38.2,90.9,3.700000000000003,11.5,-2.5999999999999943,18.1,-4.5,0.29999999999999716
vealebo01,Bob Veale,SP,Expansion (1961-1976),88.1,Epic,90.1,29.6,76.6,95.5,87.4,90.9,Legendary,96.1,35.9,77.1,105.2,84.2,-2.8000000000000114,-6.0,-6.299999999999997,-0.5,-9.700000000000003,3.200000000000003
velasvi01,Vince Velasquez,SP,Modern Era (2016-Pres),59.0,Common,76.7,43.9,27.1,27.6,50.0,58.6,Common,73.4,44.2,35.2,25.6,39.4,0.3999999999999986,3.299999999999997,-0.30000000000000426,-8.100000000000001,2.0,10.600000000000001
venafmi01,Mike Venafro,RP,Steroid Era (1994-2005),59.4,Common,27.8,49.1,39.8,84.8,30.8,58.8,Common,26.4,56.7,37.2,79.0,22.2,0.6000000000000014,1.4000000000000021,-7.600000000000001,2.5999999999999943,5.799999999999997,8.600000000000001
ventejo01,Jonny Venters,RP,Modern Era (2016-Pres),73.0,Rare,70.9,21.8,70.9,93.0,38.3,72.4,Rare,74.4,28.0,79.0,82.8,27.9,0.5999999999999943,-3.5,-6.199999999999999,-8.099999999999994,10.200000000000003,10.399999999999999
ventuyo01,Yordano Ventura,SP,Efficiency Era (2006-2015),67.1,Uncommon,64.9,42.1,34.2,48.8,78.7,65.9,Uncommon,58.9,49.2,44.3,50.5,61.1,1.1999999999999886,6.000000000000007,-7.100000000000001,-10.099999999999994,-1.7000000000000028,17.6
verasjo01,Jose Veras,RP,Efficiency Era (2006-2015),58.9,Common,59.4,40.4,60.2,40.6,23.0,64.3,Uncommon,76.0,22.5,81.3,53.1,24.3,-5.399999999999999,-16.6,17.9,-21.099999999999994,-12.5,-1.3000000000000007
veresda01,Dave Veres,RP,Steroid Era (1994-2005),76.5,Rare,71.0,62.1,64.0,73.7,42.0,67.9,Uncommon,73.7,58.4,48.1,55.3,36.6,8.599999999999994,-2.700000000000003,3.700000000000003,15.899999999999999,18.400000000000006,5.399999999999999
verhadr01,Drew VerHagen,RP,Modern Era (2016-Pres),57.8,Common,41.6,39.3,54.3,45.2,24.6,55.4,Common,40.1,46.5,27.2,28.7,22.4,2.3999999999999986,1.5,-7.200000000000003,27.099999999999998,16.500000000000004,2.200000000000003
verlaju01,Justin Verlander,SP,Modern Era (2016-Pres),93.8,Legendary,91.5,90.9,107.4,40.4,94.7,94.3,Legendary,92.7,93.5,109.3,43.0,90.4,-0.5,-1.2000000000000028,-2.5999999999999943,-1.8999999999999915,-2.6000000000000014,4.299999999999997
vesiaal01,Alex Vesia,RP,Modern Era (2016-Pres),73.9,Rare,86.0,32.7,99.3,51.4,30.1,70.5,Rare,86.6,32.7,96.8,42.2,24.4,3.4000000000000057,-0.5999999999999943,0.0,2.5,9.199999999999996,5.700000000000003
vestwi01,Will Vest,RP,Modern Era (2016-Pres),69.9,Uncommon,58.6,63.1,46.6,80.3,31.2,67.3,Uncommon,56.3,59.5,45.5,79.2,29.0,2.6000000000000085,2.3000000000000043,3.6000000000000014,1.1000000000000014,1.0999999999999943,2.1999999999999993
viaule01,Lee Viau,SP,The Genesis Era (1871-1900),76.5,Rare,33.5,19.3,43.8,95.4,120.8,69.1,Uncommon,39.5,19.9,50.1,61.7,105.7,7.400000000000006,-6.0,-0.5999999999999979,-6.300000000000004,33.7,15.099999999999994
villaca01,Carlos Villanueva,RP,Efficiency Era (2006-2015),59.3,Common,49.3,50.3,46.3,29.9,54.7,59.8,Common,57.0,62.3,55.4,15.4,47.9,-0.5,-7.700000000000003,-12.0,-9.100000000000001,14.499999999999998,6.800000000000004
villaos01,Oscar Villarreal,RP,Efficiency Era (2006-2015),57.8,Common,36.9,44.3,47.9,42.6,34.0,56.7,Common,38.5,46.1,41.7,31.5,28.3,1.0999999999999943,-1.6000000000000014,-1.8000000000000043,6.199999999999996,11.100000000000001,5.699999999999999
villoro01,Ron Villone,RP,Steroid Era (1994-2005),60.5,Uncommon,47.0,22.0,77.6,64.7,30.9,59.5,Common,53.3,15.4,74.6,50.7,39.5,1.0,-6.299999999999997,6.6,3.0,14.0,-8.600000000000001
vinceni01,Nick Vincent,RP,Modern Era (2016-Pres),67.4,Uncommon,44.6,70.3,49.9,80.7,24.2,63.5,Uncommon,52.0,75.9,53.8,49.7,22.9,3.9000000000000057,-7.399999999999999,-5.6000000000000085,-3.8999999999999986,31.0,1.3000000000000007
violafr01,Frank Viola,SP,Big Hair Era (1977-1993),85.0,Epic,71.7,88.4,51.5,50.6,97.9,83.3,Epic,59.0,77.9,60.1,57.2,95.8,1.7000000000000028,12.700000000000003,10.5,-8.600000000000001,-6.600000000000001,2.1000000000000085
vizcaar01,Arodys Vizcaino,RP,Modern Era (2016-Pres),59.8,Common,55.5,45.0,59.6,54.9,23.6,59.5,Common,52.0,39.5,64.9,57.5,19.6,0.29999999999999716,3.5,5.5,-5.300000000000004,-2.6000000000000014,4.0
vizcalu01,Luis Vizcaino,RP,Efficiency Era (2006-2015),60.3,Uncommon,58.1,40.2,63.1,43.6,36.1,63.7,Uncommon,67.7,42.2,77.4,37.9,29.7,-3.4000000000000057,-9.600000000000001,-2.0,-14.300000000000004,5.700000000000003,6.400000000000002
vogelry01,Ryan Vogelsong,SP,Efficiency Era (2006-2015),73.3,Rare,57.6,59.3,44.8,54.3,80.7,65.2,Uncommon,51.0,53.2,45.9,59.3,51.5,8.099999999999994,6.600000000000001,6.099999999999994,-1.1000000000000014,-5.0,29.200000000000003
voisebi01,Bill Voiselle,SP,Integration (1942-1960),61.2,Uncommon,35.4,39.4,40.8,35.5,93.6,63.0,Uncommon,40.2,40.5,41.0,48.8,81.5,-1.7999999999999972,-4.800000000000004,-1.1000000000000014,-0.20000000000000284,-13.299999999999997,12.099999999999994
volqued01,Edinson Volquez,SP,Efficiency Era (2006-2015),75.3,Rare,64.1,37.2,56.3,65.0,84.0,71.0,Rare,67.0,24.8,63.6,66.5,62.9,4.299999999999997,-2.9000000000000057,12.400000000000002,-7.300000000000004,-1.5,21.1
volstch01,Chris Volstad,SP,Efficiency Era (2006-2015),56.7,Common,31.2,46.7,15.2,29.0,63.8,56.0,Common,31.7,59.8,13.8,27.0,43.1,0.7000000000000028,-0.5,-13.099999999999994,1.3999999999999986,2.0,20.699999999999996
vosbeed01,Ed Vosberg,RP,Steroid Era (1994-2005),57.1,Common,54.1,31.3,39.0,46.7,21.9,58.4,Common,54.0,42.1,41.8,57.5,20.3,-1.2999999999999972,0.10000000000000142,-10.8,-2.799999999999997,-10.799999999999997,1.5999999999999979
vothau01,Austin Voth,RP,Modern Era (2016-Pres),56.6,Common,45.2,57.8,22.6,34.7,24.7,55.8,Common,54.9,52.7,29.8,8.6,25.7,0.8000000000000043,-9.699999999999996,5.099999999999994,-7.199999999999999,26.1,-1.0
vuckope01,Pete Vuckovich,SP,Big Hair Era (1977-1993),70.1,Rare,54.6,41.9,29.2,72.8,82.2,73.3,Rare,49.4,58.6,45.5,66.4,77.0,-3.200000000000003,5.200000000000003,-16.700000000000003,-16.3,6.3999999999999915,5.200000000000003
wachami01,Michael Wacha,SP,Modern Era (2016-Pres),68.8,Uncommon,51.3,69.9,44.1,39.0,71.4,72.6,Rare,53.7,72.5,47.9,52.9,65.9,-3.799999999999997,-2.4000000000000057,-2.5999999999999943,-3.799999999999997,-13.899999999999999,5.5
wadderu01,Rube Waddell,SP,Deadball (1901-1919),99.9,Legendary,125.0,76.8,96.6,88.7,113.5,99.9,Legendary,125.0,71.4,94.3,105.3,107.3,0.0,0.0,5.3999999999999915,2.299999999999997,-16.599999999999994,6.200000000000003
wagnebi02,Billy Wagner,RP,Steroid Era (1994-2005),92.0,Legendary,116.5,68.8,123.3,60.0,39.3,94.4,Legendary,125.0,75.6,125.0,67.0,37.0,-2.4000000000000057,-8.5,-6.799999999999997,-1.7000000000000028,-7.0,2.299999999999997
wainwad01,Adam Wainwright,SP,Efficiency Era (2006-2015),91.0,Legendary,75.1,92.4,57.5,79.7,94.2,88.9,Epic,61.2,90.8,64.1,80.2,87.9,2.0999999999999943,13.899999999999991,1.6000000000000085,-6.599999999999994,-0.5,6.299999999999997
waitsri01,Rick Waits,SP,Big Hair Era (1977-1993),63.6,Uncommon,21.7,47.4,43.5,64.1,78.0,59.6,Common,23.1,45.4,36.8,60.2,70.2,4.0,-1.4000000000000021,2.0,6.700000000000003,3.8999999999999915,7.799999999999997
wakefti01,Tim Wakefield,SP,Steroid Era (1994-2005),73.7,Rare,47.9,64.9,75.5,26.7,83.5,76.7,Rare,53.5,62.2,77.1,42.8,78.1,-3.0,-5.600000000000001,2.700000000000003,-1.5999999999999943,-16.099999999999998,5.400000000000006
walberu01,Rube Walberg,SP,Golden Era (1920-1941),64.0,Uncommon,29.4,39.5,43.5,46.2,97.4,65.8,Uncommon,38.8,49.4,46.9,44.3,84.2,-1.7999999999999972,-9.399999999999999,-9.899999999999999,-3.3999999999999986,1.9000000000000057,13.200000000000003
waldejo01,Jordan Walden,RP,Efficiency Era (2006-2015),67.7,Uncommon,70.1,33.0,70.7,74.4,23.0,72.9,Rare,80.1,42.1,75.1,74.3,22.8,-5.200000000000003,-10.0,-9.100000000000001,-4.3999999999999915,0.10000000000000853,0.1999999999999993
walkbo01,Bob Walk,SP,Big Hair Era (1977-1993),67.4,Uncommon,29.6,43.5,58.1,68.0,70.8,66.8,Uncommon,33.4,59.9,54.4,59.6,60.0,0.6000000000000085,-3.799999999999997,-16.4,3.700000000000003,8.399999999999999,10.799999999999997
walkebi01,Bill Walker,SP,Golden Era (1920-1941),74.5,Rare,49.9,55.8,49.8,65.1,82.2,67.0,Uncommon,43.6,49.1,42.2,54.7,78.7,7.5,6.299999999999997,6.699999999999996,7.599999999999994,10.399999999999991,3.5
walkeed02,Edsall Walker,SP,Golden Era (1920-1941),75.7,Rare,68.0,29.2,72.2,88.3,51.1,82.3,Epic,69.2,34.6,75.8,92.1,72.4,-6.599999999999994,-1.2000000000000028,-5.400000000000002,-3.5999999999999943,-3.799999999999997,-21.300000000000004
walkege03,George Walker,RP,Golden Era (1920-1941),81.9,Epic,89.1,79.5,90.1,53.4,29.7,83.4,Epic,86.9,78.0,81.5,55.6,48.4,-1.5,2.1999999999999886,1.5,8.599999999999994,-2.200000000000003,-18.7
walkeja01,Jamie Walker,RP,Steroid Era (1994-2005),59.3,Common,49.1,80.6,37.4,33.2,29.0,59.6,Common,50.9,89.1,50.1,20.8,24.8,-0.30000000000000426,-1.7999999999999972,-8.5,-12.700000000000003,12.400000000000002,4.199999999999999
walkeje01,Jerry Walker,RP,Integration (1942-1960),58.1,Common,36.3,33.9,54.9,13.9,70.4,56.7,Common,40.1,39.9,55.2,9.6,42.5,1.3999999999999986,-3.8000000000000043,-6.0,-0.30000000000000426,4.300000000000001,27.900000000000006
walkelu01,Luke Walker,RP,Expansion (1961-1976),75.2,Rare,77.1,5.0,77.7,92.6,53.8,68.4,Uncommon,59.9,23.8,56.2,86.4,47.6,6.799999999999997,17.199999999999996,-18.8,21.5,6.199999999999989,6.199999999999996
walkepe01,Pete Walker,RP,Steroid Era (1994-2005),56.5,Common,28.9,50.7,33.4,32.2,37.4,55.3,Common,27.0,52.9,33.8,26.5,23.8,1.2000000000000028,1.8999999999999986,-2.1999999999999957,-0.3999999999999986,5.700000000000003,13.599999999999998
walkery01,Ryan Walker,RP,Modern Era (2016-Pres),70.0,Rare,72.2,60.9,51.6,61.7,33.8,70.6,Rare,64.3,63.3,57.5,63.2,34.7,-0.5999999999999943,7.900000000000006,-2.3999999999999986,-5.899999999999999,-1.5,-0.9000000000000057
walketa01,Taijuan Walker,SP,Modern Era (2016-Pres),64.1,Uncommon,52.6,46.5,39.2,45.2,73.0,61.3,Uncommon,51.3,58.0,42.3,36.0,57.8,2.799999999999997,1.3000000000000043,-11.5,-3.0999999999999943,9.200000000000003,15.200000000000003
walketo01,Tom Walker,SP,Deadball (1901-1919),58.0,Common,17.0,64.0,18.7,51.5,57.3,58.7,Common,26.8,64.8,32.2,34.5,60.9,-0.7000000000000028,-9.8,-0.7999999999999972,-13.500000000000004,17.0,-3.6000000000000014
walkety01,Tyler Walker,RP,Efficiency Era (2006-2015),57.0,Common,38.6,55.0,32.9,41.8,22.6,57.0,Common,48.5,55.9,36.8,28.3,22.8,0.0,-9.899999999999999,-0.8999999999999986,-3.8999999999999986,13.499999999999996,-0.1999999999999993
walldo01,Donne Wall,RP,Steroid Era (1994-2005),64.0,Uncommon,45.6,47.7,86.2,44.1,32.4,59.3,Common,45.3,67.7,52.4,34.0,30.9,4.700000000000003,0.30000000000000426,-20.0,33.800000000000004,10.100000000000001,1.5
walshed01,Ed Walsh,SP,Deadball (1901-1919),99.9,Legendary,87.7,106.9,106.8,112.1,125.0,99.9,Legendary,84.7,102.7,101.1,118.7,119.5,0.0,3.0,4.200000000000003,5.700000000000003,-6.6000000000000085,5.5
waltebu01,Bucky Walters,SP,Golden Era (1920-1941),87.2,Epic,35.4,62.2,91.4,75.2,109.5,84.2,Epic,26.0,61.5,83.7,82.5,101.7,3.0,9.399999999999999,0.7000000000000028,7.700000000000003,-7.299999999999997,7.799999999999997
wangch01,Chien-Ming Wang,SP,Efficiency Era (2006-2015),66.1,Uncommon,5.0,76.4,16.8,87.7,78.8,59.4,Common,7.0,75.2,18.7,78.9,52.4,6.699999999999996,-2.0,1.2000000000000028,-1.8999999999999986,8.799999999999997,26.4
warddu01,Duane Ward,RP,Big Hair Era (1977-1993),90.3,Legendary,120.3,53.2,92.2,81.8,45.4,87.8,Epic,112.3,39.7,91.3,89.3,44.9,2.5,8.0,13.5,0.9000000000000057,-7.5,0.5
wardjo01,John Ward,SP,The Genesis Era (1871-1900),98.4,Legendary,26.9,125.0,65.6,124.1,125.0,97.5,Legendary,33.4,125.0,67.5,114.0,117.9,0.9000000000000057,-6.5,0.0,-1.9000000000000057,10.099999999999994,7.099999999999994
warhoja01,Jack Warhop,SP,Deadball (1901-1919),79.2,Rare,27.6,71.6,57.4,74.7,95.1,71.4,Rare,22.0,70.4,41.2,70.7,83.0,7.799999999999997,5.600000000000001,1.1999999999999886,16.199999999999996,4.0,12.099999999999994
warnelo01,Lon Warneke,SP,Golden Era (1920-1941),89.4,Epic,43.9,86.2,69.9,82.2,105.0,84.3,Epic,42.4,86.4,66.1,61.1,100.0,5.1000000000000085,1.5,-0.20000000000000284,3.8000000000000114,21.1,5.0
warread01,Adam Warren,RP,Efficiency Era (2006-2015),76.3,Rare,58.8,65.4,74.2,69.9,43.6,64.8,Uncommon,59.4,61.8,62.7,45.1,30.5,11.5,-0.6000000000000014,3.6000000000000085,11.5,24.800000000000004,13.100000000000001
wasdijo01,John Wasdin,RP,Steroid Era (1994-2005),58.4,Common,43.0,72.5,42.7,12.1,44.6,57.4,Common,47.1,72.3,32.3,5.0,41.0,1.0,-4.100000000000001,0.20000000000000284,10.400000000000006,7.1,3.6000000000000014
washbja01,Jarrod Washburn,SP,Steroid Era (1994-2005),68.2,Uncommon,37.4,75.3,37.2,40.3,82.8,66.1,Uncommon,33.8,76.3,50.4,25.6,78.5,2.1000000000000085,3.6000000000000014,-1.0,-13.199999999999996,14.699999999999996,4.299999999999997
washbra01,Ray Washburn,SP,Expansion (1961-1976),66.6,Uncommon,42.7,77.5,19.5,45.5,81.3,67.6,Uncommon,42.0,81.6,31.5,49.4,66.2,-1.0,0.7000000000000028,-4.099999999999994,-12.0,-3.8999999999999986,15.099999999999994
watsoal01,Allen Watson,SP,Steroid Era (1994-2005),56.5,Common,48.1,43.8,47.6,24.3,20.1,55.8,Common,42.3,52.0,14.9,5.0,57.7,0.7000000000000028,5.800000000000004,-8.200000000000003,32.7,19.3,-37.6
watsomu01,Mule Watson,SP,Golden Era (1920-1941),58.6,Common,6.9,77.6,28.0,44.7,61.2,59.2,Common,5.0,76.9,18.0,67.1,61.8,-0.6000000000000014,1.9000000000000004,0.6999999999999886,10.0,-22.39999999999999,-0.5999999999999943
watsoto01,Tony Watson,RP,Modern Era (2016-Pres),77.5,Rare,56.6,79.7,63.7,81.6,36.4,76.5,Rare,50.3,82.9,75.2,70.2,34.4,1.0,6.300000000000004,-3.200000000000003,-11.5,11.399999999999991,2.0
watted01,Eddie Watt,RP,Expansion (1961-1976),75.0,Rare,62.3,41.3,90.4,73.1,38.3,76.5,Rare,57.6,58.1,88.1,70.8,38.0,-1.5,4.699999999999996,-16.800000000000004,2.3000000000000114,2.299999999999997,0.29999999999999716
waynega01,Gary Wayne,RP,Big Hair Era (1977-1993),58.5,Common,47.4,37.5,53.6,52.3,26.3,58.5,Common,52.7,44.5,50.9,45.0,23.9,0.0,-5.300000000000004,-7.0,2.700000000000003,7.299999999999997,2.400000000000002
weathda01,David Weathers,RP,Steroid Era (1994-2005),63.1,Uncommon,54.7,41.7,59.2,68.0,28.9,65.4,Uncommon,50.8,42.0,65.1,65.0,39.1,-2.3000000000000043,3.9000000000000057,-0.29999999999999716,-5.8999999999999915,3.0,-10.200000000000003
weaveje01,Jeff Weaver,SP,Steroid Era (1994-2005),70.6,Rare,42.7,77.3,32.2,65.7,65.2,71.6,Rare,48.4,82.7,35.0,40.3,81.6,-1.0,-5.699999999999996,-5.400000000000006,-2.799999999999997,25.400000000000006,-16.39999999999999
weaveje02,Jered Weaver,SP,Efficiency Era (2006-2015),86.7,Epic,74.0,83.8,84.4,45.2,83.4,83.1,Epic,62.5,84.7,78.7,39.6,83.0,3.6000000000000085,11.5,-0.9000000000000057,5.700000000000003,5.600000000000001,0.4000000000000057
weaveji01,Jim Weaver,RP,Golden Era (1920-1941),65.1,Uncommon,56.4,47.2,52.0,56.1,48.8,72.5,Rare,63.4,47.9,56.8,68.9,55.8,-7.400000000000006,-7.0,-0.6999999999999957,-4.799999999999997,-12.800000000000004,-7.0
weavelu01,Luke Weaver,SP,Modern Era (2016-Pres),71.3,Rare,71.3,64.3,78.7,36.7,35.5,58.8,Common,70.5,67.5,38.4,9.1,36.8,12.5,0.7999999999999972,-3.200000000000003,40.300000000000004,27.6,-1.2999999999999972
weavemo01,Monte Weaver,SP,Golden Era (1920-1941),59.1,Common,16.7,31.2,42.4,54.0,82.7,57.4,Common,14.2,39.8,34.1,50.6,59.5,1.7000000000000028,2.5,-8.599999999999998,8.299999999999997,3.3999999999999986,23.200000000000003
weavesa01,Sam Weaver,SP,The Genesis Era (1871-1900),90.1,Legendary,5.0,125.0,23.8,113.5,124.0,82.6,Epic,12.2,123.8,21.8,97.4,90.3,7.5,-7.199999999999999,1.2000000000000028,2.0,16.099999999999994,33.7
webbbr01,Brandon Webb,SP,Efficiency Era (2006-2015),87.0,Epic,62.6,70.5,63.3,86.2,89.9,81.9,Epic,57.2,64.2,58.1,80.1,81.8,5.099999999999994,5.399999999999999,6.299999999999997,5.199999999999996,6.1000000000000085,8.100000000000009
webbja01,Jacob Webb,RP,Modern Era (2016-Pres),57.3,Common,42.0,32.4,56.9,45.0,20.7,59.8,Common,51.7,40.0,72.7,50.5,23.7,-2.5,-9.700000000000003,-7.600000000000001,-15.800000000000004,-5.5,-3.0
webblo01,Logan Webb,SP,Modern Era (2016-Pres),84.6,Epic,63.2,92.9,43.1,77.9,81.0,81.9,Epic,63.4,90.1,34.6,85.0,68.7,2.6999999999999886,-0.19999999999999574,2.8000000000000114,8.5,-7.099999999999994,12.299999999999997
webbry01,Ryan Webb,RP,Efficiency Era (2006-2015),59.7,Common,32.1,56.7,47.3,70.0,30.3,62.2,Uncommon,37.3,64.0,33.7,87.1,26.9,-2.5,-5.199999999999996,-7.299999999999997,13.599999999999994,-17.099999999999994,3.400000000000002
weberbe01,Ben Weber,RP,Steroid Era (1994-2005),60.6,Uncommon,31.1,59.7,41.0,72.7,37.8,58.6,Common,32.1,56.8,30.2,74.6,25.0,2.0,-1.0,2.9000000000000057,10.8,-1.8999999999999915,12.799999999999997
wegmabi01,Bill Wegman,SP,Big Hair Era (1977-1993),66.3,Uncommon,21.9,93.8,36.3,21.0,92.4,59.6,Common,20.5,96.7,28.6,11.4,77.2,6.699999999999996,1.3999999999999986,-2.9000000000000057,7.699999999999996,9.6,15.200000000000003
wehmehe01,Herm Wehmeier,SP,Integration (1942-1960),56.9,Common,36.2,10.6,48.3,29.1,65.6,59.3,Common,34.2,39.0,61.8,23.2,72.0,-2.3999999999999986,2.0,-28.4,-13.5,5.900000000000002,-6.400000000000006
weilabo01,Bob Weiland,SP,Golden Era (1920-1941),66.0,Uncommon,46.1,43.4,36.1,44.2,94.4,62.6,Uncommon,48.3,38.5,38.0,50.1,75.8,3.3999999999999986,-2.1999999999999957,4.899999999999999,-1.8999999999999986,-5.899999999999999,18.60000000000001
weilmca01,Carl Weilman,SP,Deadball (1901-1919),86.5,Epic,30.3,64.8,70.6,97.8,106.0,79.8,Rare,24.9,69.9,55.3,90.3,89.1,6.700000000000003,5.400000000000002,-5.1000000000000085,15.299999999999997,7.5,16.900000000000006
weimeja01,Jake Weimer,SP,Deadball (1901-1919),91.1,Legendary,56.0,44.5,79.4,112.9,107.5,86.1,Epic,47.0,48.7,81.1,102.1,87.9,5.0,9.0,-4.200000000000003,-1.6999999999999886,10.800000000000011,19.599999999999994
welchbo01,Bob Welch,SP,Big Hair Era (1977-1993),83.7,Epic,64.5,64.9,81.1,54.7,87.1,86.4,Epic,65.7,71.7,77.6,68.0,85.6,-2.700000000000003,-1.2000000000000028,-6.799999999999997,3.5,-13.299999999999997,1.5
welchjo01,Johnny Welch,RP,Golden Era (1920-1941),59.4,Common,46.1,31.7,22.2,60.4,71.8,57.4,Common,42.7,38.1,23.1,48.9,44.8,2.0,3.3999999999999986,-6.400000000000002,-0.9000000000000021,11.5,27.0
welchmi01,Mickey Welch,SP,The Genesis Era (1871-1900),94.6,Legendary,60.7,57.7,92.0,96.8,125.0,90.6,Legendary,38.4,60.4,79.8,91.6,125.0,4.0,22.300000000000004,-2.6999999999999957,12.200000000000003,5.200000000000003,0.0
welleto01,Todd Wellemeyer,RP,Efficiency Era (2006-2015),57.5,Common,39.0,37.0,47.0,33.2,44.0,55.6,Common,48.0,18.7,47.7,19.4,35.2,1.8999999999999986,-9.0,18.3,-0.7000000000000028,13.800000000000004,8.799999999999997
wellsbo01,Bob Wells,RP,Steroid Era (1994-2005),58.0,Common,47.0,69.5,36.7,6.4,48.6,56.7,Common,42.1,67.2,36.6,5.0,36.5,1.2999999999999972,4.899999999999999,2.299999999999997,0.10000000000000142,1.4000000000000004,12.100000000000001
wellsda01,David Wells,SP,Steroid Era (1994-2005),71.4,Rare,49.2,96.7,49.8,27.6,63.6,78.2,Rare,43.6,112.6,31.4,46.1,87.9,-6.799999999999997,5.600000000000001,-15.899999999999991,18.4,-18.5,-24.300000000000004
wellsed01,Ed Wells,RP,Golden Era (1920-1941),57.3,Common,20.6,44.0,8.7,51.4,71.2,57.7,Common,25.0,44.8,27.6,46.0,60.4,-0.4000000000000057,-4.399999999999999,-0.7999999999999972,-18.900000000000002,5.399999999999999,10.800000000000004
wellski01,Kip Wells,SP,Steroid Era (1994-2005),64.3,Uncommon,55.3,42.2,41.9,39.3,78.8,58.8,Common,53.1,37.4,29.9,44.2,56.3,5.5,2.1999999999999957,4.800000000000004,12.0,-4.900000000000006,22.5
wellsra01,Randy Wells,SP,Efficiency Era (2006-2015),59.1,Common,39.1,63.9,15.3,52.0,56.1,58.1,Common,34.6,58.6,24.2,43.1,49.9,1.0,4.5,5.299999999999997,-8.899999999999999,8.899999999999999,6.200000000000003
welmaro01,Roy Welmaker,SP,Golden Era (1920-1941),76.6,Rare,82.5,55.5,70.7,68.7,35.7,75.1,Rare,71.8,57.1,50.0,64.3,62.4,1.5,10.700000000000003,-1.6000000000000014,20.700000000000003,4.400000000000006,-26.699999999999996
wendetu01,Turk Wendell,RP,Steroid Era (1994-2005),66.1,Uncommon,64.4,29.6,71.8,58.6,40.2,66.2,Uncommon,60.0,24.0,83.4,62.7,34.8,-0.10000000000000853,4.400000000000006,5.600000000000001,-11.600000000000009,-4.100000000000001,5.400000000000006
werlebi01,Bill Werle,RP,Integration (1942-1960),57.7,Common,33.8,81.2,5.0,16.0,67.7,56.2,Common,36.0,77.1,5.9,6.1,52.6,1.5,-2.200000000000003,4.1000000000000085,-0.9000000000000004,9.9,15.100000000000001
westbja01,Jake Westbrook,SP,Efficiency Era (2006-2015),60.2,Uncommon,20.6,68.8,5.0,63.5,83.0,60.7,Uncommon,21.0,68.5,14.6,66.5,72.2,-0.5,-0.3999999999999986,0.29999999999999716,-9.6,-3.0,10.799999999999997
wettejo01,John Wetteland,RP,Steroid Era (1994-2005),85.8,Epic,94.0,66.4,96.9,72.2,35.4,85.9,Epic,100.6,69.8,99.7,60.9,34.8,-0.10000000000000853,-6.599999999999994,-3.3999999999999915,-2.799999999999997,11.300000000000004,0.6000000000000014
weyhigu01,Gus Weyhing,SP,The Genesis Era (1871-1900),75.1,Rare,45.1,5.0,48.5,82.0,125.0,78.5,Rare,46.8,15.2,57.4,78.7,125.0,-3.4000000000000057,-1.6999999999999957,-10.2,-8.899999999999999,3.299999999999997,0.0
wheelda01,Dan Wheeler,RP,Steroid Era (1994-2005),74.1,Rare,65.9,64.1,89.1,46.4,35.2,65.3,Uncommon,56.8,71.4,76.4,26.0,30.9,8.799999999999997,9.100000000000009,-7.300000000000011,12.699999999999989,20.4,4.300000000000004
wheelza01,Zack Wheeler,SP,Modern Era (2016-Pres),92.4,Legendary,97.7,85.7,93.7,53.5,81.5,90.7,Legendary,86.9,89.6,78.6,60.5,80.4,1.7000000000000028,10.799999999999997,-3.8999999999999915,15.100000000000009,-7.0,1.0999999999999943
whitedo01,Doc White,SP,Deadball (1901-1919),93.9,Legendary,58.9,87.1,79.8,99.7,99.9,93.5,Legendary,47.4,97.0,68.7,107.3,101.6,0.4000000000000057,11.5,-9.900000000000006,11.099999999999994,-7.599999999999994,-1.6999999999999886
whiteea01,Earl Whitehill,SP,Golden Era (1920-1941),65.7,Uncommon,23.3,27.8,36.4,76.2,99.3,67.6,Uncommon,29.2,41.1,33.6,68.0,98.9,-1.8999999999999915,-5.899999999999999,-13.3,2.799999999999997,8.200000000000003,0.3999999999999915
whiteer01,Ernie White,RP,Integration (1942-1960),75.2,Rare,54.6,56.1,79.2,60.2,56.2,70.3,Rare,50.7,53.6,73.5,68.8,35.0,4.900000000000006,3.8999999999999986,2.5,5.700000000000003,-8.599999999999994,21.200000000000003
whitega01,Gabe White,RP,Steroid Era (1994-2005),74.3,Rare,60.0,82.6,67.1,67.9,24.2,67.6,Uncommon,61.4,92.9,60.8,27.4,28.1,6.700000000000003,-1.3999999999999986,-10.300000000000011,6.299999999999997,40.50000000000001,-3.900000000000002
whiteha01,Hal White,RP,Integration (1942-1960),63.1,Uncommon,36.0,45.8,39.1,82.2,49.6,66.0,Uncommon,27.3,32.0,61.6,91.9,51.4,-2.8999999999999986,8.7,13.799999999999997,-22.5,-9.700000000000003,-1.7999999999999972
whitejo02,John Whitehead,SP,Golden Era (1920-1941),57.8,Common,16.2,29.8,28.1,45.0,86.7,54.9,Common,11.8,39.7,15.2,28.7,61.9,2.8999999999999986,4.399999999999999,-9.900000000000002,12.900000000000002,16.3,24.800000000000004
whitema02,Matt Whiteside,RP,Steroid Era (1994-2005),58.5,Common,37.9,56.5,39.2,58.1,25.7,57.3,Common,36.8,54.7,29.5,50.6,25.5,1.2000000000000028,1.1000000000000014,1.7999999999999972,9.700000000000003,7.5,0.1999999999999993
whiteri01,Rick White,RP,Steroid Era (1994-2005),58.9,Common,46.2,52.5,28.2,61.3,34.6,59.6,Common,36.5,64.1,26.4,69.1,38.9,-0.7000000000000028,9.700000000000003,-11.599999999999994,1.8000000000000007,-7.799999999999997,-4.299999999999997
whitewa02,Wally Whitehurst,SP,Big Hair Era (1977-1993),61.1,Uncommon,48.1,86.3,21.7,39.9,48.6,59.4,Common,52.1,78.7,19.0,47.1,34.8,1.7000000000000028,-4.0,7.599999999999994,2.6999999999999993,-7.200000000000003,13.800000000000004
whitewi01,Will White,SP,The Genesis Era (1871-1900),89.2,Epic,5.0,100.4,68.8,86.8,125.0,91.9,Legendary,11.6,114.4,58.9,97.0,125.0,-2.700000000000003,-6.6,-14.0,9.899999999999999,-10.200000000000003,0.0
whitlga01,Garrett Whitlock,RP,Modern Era (2016-Pres),74.5,Rare,71.5,71.4,58.2,64.5,37.3,70.6,Rare,66.5,77.5,51.8,55.3,31.8,3.9000000000000057,5.0,-6.099999999999994,6.400000000000006,9.200000000000003,5.4999999999999964
whitnji01,Jim Whitney,SP,The Genesis Era (1871-1900),93.2,Legendary,41.4,122.7,35.2,94.9,125.0,95.5,Legendary,60.6,125.0,43.5,85.5,125.0,-2.299999999999997,-19.200000000000003,-2.299999999999997,-8.299999999999997,9.400000000000006,0.0
whitsed01,Ed Whitson,SP,Big Hair Era (1977-1993),76.3,Rare,35.0,75.8,57.2,62.2,81.6,78.1,Rare,36.6,83.1,51.7,70.7,78.7,-1.7999999999999972,-1.6000000000000014,-7.299999999999997,5.5,-8.5,2.8999999999999915
wickebo01,Bob Wicker,SP,Deadball (1901-1919),72.2,Rare,53.3,57.6,55.8,59.1,65.3,77.7,Rare,50.7,65.6,50.9,74.5,77.2,-5.5,2.5999999999999943,-7.999999999999993,4.899999999999999,-15.399999999999999,-11.900000000000006
wickeda01,Dave Wickersham,RP,Expansion (1961-1976),60.8,Uncommon,39.3,56.3,33.9,28.4,85.2,64.9,Uncommon,41.5,60.3,46.9,44.2,66.9,-4.1000000000000085,-2.200000000000003,-4.0,-13.0,-15.800000000000004,18.299999999999997
wickmbo01,Bob Wickman,RP,Steroid Era (1994-2005),65.0,Uncommon,58.3,58.4,51.9,54.0,37.6,69.2,Uncommon,61.1,47.6,57.1,72.8,38.4,-4.200000000000003,-2.8000000000000043,10.799999999999997,-5.200000000000003,-18.799999999999997,-0.7999999999999972
wickwfr01,Frank Wickware,SP,Deadball (1901-1919),58.2,Common,88.4,54.7,40.9,5.0,23.4,81.7,Epic,114.5,69.9,73.5,23.8,58.5,-23.5,-26.099999999999994,-15.200000000000003,-32.6,-18.8,-35.1
widmaal01,Al Widmar,RP,Integration (1942-1960),56.3,Common,37.4,37.4,14.3,46.3,45.2,54.0,Common,32.2,39.2,7.2,22.9,39.9,2.299999999999997,5.199999999999996,-1.8000000000000043,7.1000000000000005,23.4,5.300000000000004
wiedmst01,George Weidman,SP,The Genesis Era (1871-1900),85.8,Epic,33.6,107.9,34.3,79.7,109.7,78.7,Rare,38.0,90.4,15.4,72.3,107.6,7.099999999999994,-4.399999999999999,17.5,18.9,7.400000000000006,2.1000000000000085
wightbi01,Bill Wight,SP,Integration (1942-1960),61.0,Uncommon,14.2,47.1,21.8,89.6,71.3,64.3,Uncommon,20.5,37.8,23.6,95.2,80.2,-3.299999999999997,-6.300000000000001,9.300000000000004,-1.8000000000000007,-5.6000000000000085,-8.900000000000006
wilcomi01,Milt Wilcox,SP,Big Hair Era (1977-1993),66.1,Uncommon,44.7,60.6,45.4,40.8,73.1,62.8,Uncommon,40.3,56.5,44.8,39.1,70.8,3.299999999999997,4.400000000000006,4.100000000000001,0.6000000000000014,1.6999999999999957,2.299999999999997
wilheho01,Hoyt Wilhelm,RP,Integration (1942-1960),83.5,Epic,73.6,59.3,92.1,70.5,55.6,90.2,Legendary,77.3,64.1,113.4,72.7,64.1,-6.700000000000003,-3.700000000000003,-4.799999999999997,-21.30000000000001,-2.200000000000003,-8.499999999999993
wilheka01,Kaiser Wilhelm,SP,Deadball (1901-1919),69.4,Uncommon,10.6,71.0,38.5,70.3,87.6,59.6,Common,11.2,67.2,30.2,64.5,62.1,9.800000000000004,-0.5999999999999996,3.799999999999997,8.3,5.799999999999997,25.499999999999993
wilheto01,Tom Wilhelmsen,RP,Efficiency Era (2006-2015),73.0,Rare,68.2,35.9,83.8,70.5,36.8,64.3,Uncommon,58.4,35.4,75.6,60.4,27.5,8.700000000000003,9.800000000000004,0.5,8.200000000000003,10.100000000000001,9.299999999999997
wilkima01,Marc Wilkins,RP,Steroid Era (1994-2005),58.2,Common,44.1,19.3,51.6,62.3,35.2,58.9,Common,49.9,25.1,56.2,67.6,25.3,-0.6999999999999957,-5.799999999999997,-5.800000000000001,-4.600000000000001,-5.299999999999997,9.900000000000002
wilkste01,Ted Wilks,RP,Integration (1942-1960),79.2,Rare,37.5,79.4,73.7,71.7,64.1,71.7,Rare,34.8,72.8,69.9,55.3,55.7,7.5,2.700000000000003,6.6000000000000085,3.799999999999997,16.400000000000006,8.399999999999991
willeca01,Carl Willey,SP,Expansion (1961-1976),59.2,Common,36.8,41.8,66.0,10.7,72.4,58.1,Common,40.3,48.7,53.0,13.7,53.8,1.1000000000000014,-3.5,-6.900000000000006,13.0,-3.0,18.60000000000001
willeed01,Ed Willett,SP,Deadball (1901-1919),75.9,Rare,19.9,53.4,49.5,92.6,94.2,75.7,Rare,18.1,55.7,48.4,97.5,88.9,0.20000000000000284,1.7999999999999972,-2.3000000000000043,1.1000000000000014,-4.900000000000006,5.299999999999997
willial03,Albert Williams,SP,Big Hair Era (1977-1993),56.3,Common,23.3,49.8,15.3,32.8,58.8,57.0,Common,18.1,56.9,26.8,31.5,59.2,-0.7000000000000028,5.199999999999999,-7.100000000000001,-11.5,1.2999999999999972,-0.4000000000000057
willibr01,Brian Williams,RP,Steroid Era (1994-2005),57.8,Common,39.0,26.0,42.7,65.3,31.3,57.9,Common,46.3,21.8,42.1,67.6,28.3,-0.10000000000000142,-7.299999999999997,4.199999999999999,0.6000000000000014,-2.299999999999997,3.0
willica01,Carl Willis,RP,Big Hair Era (1977-1993),73.0,Rare,48.3,82.5,50.7,76.2,37.7,60.6,Uncommon,42.0,66.4,42.0,68.1,24.1,12.399999999999999,6.299999999999997,16.099999999999994,8.700000000000003,8.100000000000009,13.600000000000001
willich01,Charlie Williams,RP,Expansion (1961-1976),58.2,Common,25.1,21.5,36.9,81.8,45.8,56.0,Common,21.0,23.5,27.7,67.8,34.5,2.200000000000003,4.100000000000001,-2.0,9.2,14.0,11.299999999999997
willide03,Devin Williams,RP,Modern Era (2016-Pres),80.6,Epic,100.8,22.0,108.7,73.1,28.9,84.9,Epic,109.7,30.5,117.7,78.5,23.5,-4.300000000000011,-8.900000000000006,-8.5,-9.0,-5.400000000000006,5.399999999999999
willido03,Dontrelle Willis,SP,Efficiency Era (2006-2015),75.7,Rare,51.5,62.8,34.8,72.7,86.9,62.9,Uncommon,46.9,50.2,22.0,58.3,74.5,12.800000000000004,4.600000000000001,12.599999999999994,12.799999999999997,14.400000000000006,12.400000000000006
willifr01,Frank Williams,RP,Big Hair Era (1977-1993),73.0,Rare,57.1,36.2,64.6,94.2,43.2,67.1,Uncommon,55.3,25.5,65.9,82.3,39.6,5.900000000000006,1.8000000000000043,10.700000000000003,-1.3000000000000114,11.900000000000006,3.6000000000000014
williga01,Gavin Williams,SP,Modern Era (2016-Pres),59.9,Common,67.5,20.6,61.7,38.0,51.4,63.5,Uncommon,60.8,32.4,65.2,45.9,49.7,-3.6000000000000014,6.700000000000003,-11.799999999999997,-3.5,-7.899999999999999,1.6999999999999957
willije02,Jerome Williams,SP,Steroid Era (1994-2005),59.3,Common,37.0,47.8,50.5,53.2,41.8,58.8,Common,33.9,62.6,31.6,37.0,56.5,0.5,3.1000000000000014,-14.800000000000004,18.9,16.200000000000003,-14.700000000000003
williji06,Jim Willis,SP,Golden Era (1920-1941),57.2,Common,70.0,53.9,28.3,23.7,19.0,83.4,Epic,71.4,91.5,50.7,63.4,73.6,-26.200000000000003,-1.4000000000000057,-37.6,-22.400000000000002,-39.7,-54.599999999999994
willijo06,Johnny Williams,SP,Integration (1942-1960),58.0,Common,61.9,51.2,43.0,36.6,16.2,61.7,Uncommon,40.2,70.9,26.5,75.1,34.1,-3.700000000000003,21.699999999999996,-19.700000000000003,16.5,-38.49999999999999,-17.900000000000002
willijo99,Joe Williams,SP,Golden Era (1920-1941),71.4,Rare,70.8,76.6,43.7,60.0,35.8,91.1,Legendary,89.0,92.2,51.6,93.3,73.8,-19.69999999999999,-18.200000000000003,-15.600000000000009,-7.899999999999999,-33.3,-38.0
willile01,Lefty Williams,SP,Deadball (1901-1919),71.0,Rare,36.5,64.0,47.2,43.6,93.9,70.5,Rare,45.4,62.8,45.9,52.5,75.8,0.5,-8.899999999999999,1.2000000000000028,1.3000000000000043,-8.899999999999999,18.10000000000001
willima05,Mark Williamson,RP,Big Hair Era (1977-1993),64.8,Uncommon,43.8,61.8,48.7,54.7,50.4,59.3,Common,43.8,62.0,40.2,41.3,42.4,5.5,0.0,-0.20000000000000284,8.5,13.400000000000006,8.0
willimi02,Mitch Williams,RP,Big Hair Era (1977-1993),76.1,Rare,97.1,5.0,103.6,59.9,45.2,74.8,Rare,99.1,5.0,99.8,63.9,36.5,1.2999999999999972,-2.0,0.0,3.799999999999997,-4.0,8.700000000000003
willimi03,Mike Williams,RP,Steroid Era (1994-2005),67.9,Uncommon,64.6,44.9,71.5,55.8,35.1,59.2,Common,55.9,45.3,49.9,37.3,39.5,8.700000000000003,8.699999999999996,-0.3999999999999986,21.6,18.5,-4.399999999999999
willisc01,Scott Williamson,RP,Steroid Era (1994-2005),80.6,Epic,102.0,9.8,105.8,70.9,45.2,79.2,Rare,100.8,13.0,111.8,73.6,27.5,1.3999999999999915,1.2000000000000028,-3.1999999999999993,-6.0,-2.6999999999999886,17.700000000000003
willist02,Stan Williams,RP,Expansion (1961-1976),70.9,Rare,75.8,40.0,61.3,29.1,78.2,76.5,Rare,80.0,46.0,78.6,35.6,72.7,-5.599999999999994,-4.200000000000003,-6.0,-17.299999999999997,-6.5,5.5
willist03,String Bean Williams,SP,Golden Era (1920-1941),57.0,Common,56.9,49.9,34.1,28.3,21.9,54.2,Common,57.7,40.3,15.4,5.0,27.2,2.799999999999997,-0.8000000000000043,9.600000000000001,18.700000000000003,23.3,-5.300000000000001
willito02,Todd Williams,RP,Steroid Era (1994-2005),58.5,Common,26.9,54.2,48.8,64.6,22.8,57.7,Common,28.5,54.6,39.4,61.0,20.0,0.7999999999999972,-1.6000000000000014,-0.3999999999999986,9.399999999999999,3.5999999999999943,2.8000000000000007
willito03,Tom Williams,SP,Golden Era (1920-1941),79.8,Rare,40.3,69.5,70.1,90.9,58.6,90.5,Legendary,42.0,76.8,90.1,97.0,88.6,-10.700000000000003,-1.7000000000000028,-7.299999999999997,-20.0,-6.099999999999994,-29.999999999999993
willitr01,Trevor Williams,SP,Modern Era (2016-Pres),67.2,Uncommon,45.2,64.4,50.1,57.9,51.6,58.1,Common,46.6,63.3,17.6,26.1,57.0,9.100000000000001,-1.3999999999999986,1.1000000000000085,32.5,31.799999999999997,-5.399999999999999
willivi01,Vic Willis,SP,Deadball (1901-1919),87.3,Epic,30.2,65.2,66.8,99.8,112.3,90.5,Legendary,42.1,62.5,72.4,105.0,112.6,-3.200000000000003,-11.900000000000002,2.700000000000003,-5.6000000000000085,-5.200000000000003,-0.29999999999999716
williwo02,Woody Williams,SP,Steroid Era (1994-2005),64.1,Uncommon,43.9,70.8,35.4,23.2,83.4,67.1,Uncommon,50.0,71.8,53.4,18.4,75.2,-3.0,-6.100000000000001,-1.0,-18.0,4.800000000000001,8.200000000000003
willocl01,Claude Willoughby,RP,Golden Era (1920-1941),53.4,Common,6.3,5.4,5.0,53.4,60.9,52.5,Common,5.0,13.5,5.0,37.2,56.1,0.8999999999999986,1.2999999999999998,-8.1,0.0,16.199999999999996,4.799999999999997
willoji01,Jim Willoughby,RP,Expansion (1961-1976),61.8,Uncommon,19.4,80.7,39.3,62.6,45.3,58.7,Common,24.9,81.1,35.7,48.6,30.5,3.0999999999999943,-5.5,-0.3999999999999915,3.5999999999999943,14.0,14.799999999999997
wilsoal01,Alex Wilson,RP,Modern Era (2016-Pres),59.7,Common,23.7,74.7,45.2,59.1,34.1,59.0,Common,27.4,72.5,38.4,61.6,24.5,0.7000000000000028,-3.6999999999999993,2.200000000000003,6.800000000000004,-2.5,9.600000000000001
wilsobr01,Brian Wilson,RP,Efficiency Era (2006-2015),74.4,Rare,76.4,51.5,64.5,81.3,28.4,72.4,Rare,76.9,44.2,64.7,82.7,23.7,2.0,-0.5,7.299999999999997,-0.20000000000000284,-1.4000000000000057,4.699999999999999
wilsocj01,C. J. Wilson,SP,Efficiency Era (2006-2015),82.1,Epic,69.4,39.0,64.3,81.6,88.7,79.7,Rare,68.5,40.7,70.7,77.4,71.8,2.3999999999999915,0.9000000000000057,-1.7000000000000028,-6.400000000000006,4.199999999999989,16.900000000000006
wilsodo01,Don Wilson,SP,Expansion (1961-1976),86.4,Epic,58.2,61.4,87.0,65.9,96.4,84.8,Epic,61.1,55.5,80.1,72.6,89.7,1.6000000000000085,-2.8999999999999986,5.899999999999999,6.900000000000006,-6.699999999999989,6.700000000000003
wilsoea01,Earl Wilson,SP,Expansion (1961-1976),64.9,Uncommon,65.9,36.7,69.2,19.4,68.7,74.0,Rare,64.3,51.2,67.1,24.9,92.8,-9.099999999999994,1.6000000000000085,-14.5,2.1000000000000085,-5.5,-24.099999999999994
wilsoja01,Jack Wilson,SP,Golden Era (1920-1941),61.5,Uncommon,69.7,5.0,40.6,50.2,80.6,58.5,Common,68.8,5.0,37.0,42.8,62.9,3.0,0.9000000000000057,0.0,3.6000000000000014,7.400000000000006,17.699999999999996
wilsoji02,Jim Wilson,SP,Integration (1942-1960),66.3,Uncommon,31.5,55.5,47.0,46.6,84.7,66.6,Uncommon,39.3,49.9,58.7,39.2,79.6,-0.29999999999999716,-7.799999999999997,5.600000000000001,-11.700000000000003,7.399999999999999,5.1000000000000085
wilsoju10,Justin Wilson,RP,Modern Era (2016-Pres),61.7,Uncommon,53.4,28.8,73.4,67.4,23.8,69.0,Uncommon,73.3,33.5,67.3,74.3,28.1,-7.299999999999997,-19.9,-4.699999999999999,6.1000000000000085,-6.8999999999999915,-4.300000000000001
wilsopa02,Paul Wilson,SP,Steroid Era (1994-2005),57.6,Common,37.7,58.5,18.6,21.9,65.1,57.5,Common,42.8,59.3,13.8,21.8,61.8,0.10000000000000142,-5.099999999999994,-0.7999999999999972,4.800000000000001,0.09999999999999787,3.299999999999997
wilsost01,Steve Wilson,RP,Big Hair Era (1977-1993),57.5,Common,53.4,56.2,39.0,24.4,26.6,58.8,Common,62.5,51.7,38.1,40.1,29.3,-1.2999999999999972,-9.100000000000001,4.5,0.8999999999999986,-15.700000000000003,-2.6999999999999993
wilsost02,Steven Wilson,RP,Modern Era (2016-Pres),58.4,Common,52.7,35.5,66.5,34.0,26.9,58.3,Common,51.4,32.4,70.2,32.6,26.1,0.10000000000000142,1.3000000000000043,3.1000000000000014,-3.700000000000003,1.3999999999999986,0.7999999999999972
wilsotr01,Trevor Wilson,SP,Big Hair Era (1977-1993),67.6,Uncommon,47.8,40.7,61.0,56.9,64.3,62.8,Uncommon,45.7,39.3,65.1,60.4,40.8,4.799999999999997,2.0999999999999943,1.4000000000000057,-4.099999999999994,-3.5,23.5
wilsoze01,Zeke Wilson,SP,The Genesis Era (1871-1900),64.8,Uncommon,17.5,74.4,6.8,62.8,98.0,59.9,Common,24.5,68.8,17.7,50.0,79.0,4.899999999999999,-7.0,5.6000000000000085,-10.899999999999999,12.799999999999997,19.0
wiltsho01,Hooks Wiltse,SP,Deadball (1901-1919),85.8,Epic,34.6,85.8,71.4,73.4,100.2,86.1,Epic,46.7,85.8,66.8,72.9,94.6,-0.29999999999999716,-12.100000000000001,0.0,4.6000000000000085,0.5,5.6000000000000085
wingaer01,Ernie Wingard,SP,Golden Era (1920-1941),56.7,Common,5.0,19.9,17.1,66.7,78.7,56.7,Common,8.1,24.5,15.4,62.8,76.2,0.0,-3.0999999999999996,-4.600000000000001,1.700000000000001,3.9000000000000057,2.5
wingfte01,Ted Wingfield,RP,Golden Era (1920-1941),57.4,Common,5.0,45.8,38.7,62.7,46.3,57.9,Common,6.7,59.1,24.6,63.0,53.2,-0.5,-1.7000000000000002,-13.300000000000004,14.100000000000001,-0.29999999999999716,-6.900000000000006
wintege01,George Winter,SP,Deadball (1901-1919),77.7,Rare,15.6,66.3,60.8,85.2,91.2,79.7,Rare,23.2,83.8,52.8,82.1,86.9,-2.0,-7.6,-17.5,8.0,3.1000000000000085,4.299999999999997
winteni01,Nip Winters,SP,Golden Era (1920-1941),86.2,Epic,53.4,68.6,84.1,77.3,84.0,85.3,Epic,61.6,60.5,70.2,63.5,106.4,0.9000000000000057,-8.200000000000003,8.099999999999994,13.899999999999991,13.799999999999997,-22.400000000000006
wisema01,Matt Wise,RP,Steroid Era (1994-2005),62.3,Uncommon,58.1,55.8,70.4,37.3,27.7,59.8,Common,53.2,64.6,59.3,37.8,23.9,2.5,4.899999999999999,-8.799999999999997,11.100000000000009,-0.5,3.8000000000000007
wiseri01,Rick Wise,SP,Expansion (1961-1976),73.6,Rare,30.8,78.1,32.2,58.1,99.0,78.0,Rare,35.2,88.2,36.5,66.2,94.5,-4.400000000000006,-4.400000000000002,-10.100000000000009,-4.299999999999997,-8.100000000000001,4.5
wislema01,Matt Wisler,RP,Modern Era (2016-Pres),56.1,Common,37.3,43.7,35.5,30.4,29.7,57.1,Common,49.3,62.9,32.7,14.4,33.9,-1.0,-12.0,-19.199999999999996,2.799999999999997,15.999999999999998,-4.199999999999999
witasja01,Jay Witasick,RP,Steroid Era (1994-2005),68.6,Uncommon,64.2,50.8,62.4,73.5,23.8,58.7,Common,71.3,31.4,40.0,44.1,33.9,9.899999999999991,-7.099999999999994,19.4,22.4,29.4,-10.099999999999998
wittbo01,Bobby Witt,SP,Big Hair Era (1977-1993),60.8,Uncommon,65.9,30.3,17.5,39.8,89.8,63.0,Uncommon,72.2,20.5,31.5,43.5,84.6,-2.200000000000003,-6.299999999999997,9.8,-14.0,-3.700000000000003,5.200000000000003
wittgni01,Nick Wittgren,RP,Modern Era (2016-Pres),58.1,Common,47.9,68.7,43.8,25.5,23.9,58.6,Common,51.7,67.7,41.3,33.3,23.6,-0.5,-3.8000000000000043,1.0,2.5,-7.799999999999997,0.29999999999999716
wittmi01,Mike Witt,SP,Big Hair Era (1977-1993),83.2,Epic,73.0,58.1,63.3,56.4,98.5,79.1,Rare,60.0,64.0,51.0,59.0,91.8,4.1000000000000085,13.0,-5.899999999999999,12.299999999999997,-2.6000000000000014,6.700000000000003
wohlema01,Mark Wohlers,RP,Steroid Era (1994-2005),80.3,Epic,111.3,47.1,66.3,71.9,35.2,75.1,Rare,85.2,50.0,66.8,74.7,29.0,5.200000000000003,26.099999999999994,-2.8999999999999986,-0.5,-2.799999999999997,6.200000000000003
wolffro01,Roger Wolff,SP,Integration (1942-1960),81.2,Epic,31.4,77.6,50.7,84.6,92.7,72.5,Rare,31.6,74.2,40.7,79.4,66.6,8.700000000000003,-0.20000000000000284,3.3999999999999915,10.0,5.199999999999989,26.10000000000001
wolfgme01,Mellie Wolfgang,RP,Deadball (1901-1919),67.1,Uncommon,39.0,55.6,75.0,51.1,48.0,59.7,Common,41.1,57.4,72.3,30.6,35.0,7.3999999999999915,-2.1000000000000014,-1.7999999999999972,2.700000000000003,20.5,13.0
wolfra02,Randy Wolf,SP,Steroid Era (1994-2005),76.5,Rare,61.7,64.2,63.8,35.4,87.9,74.2,Rare,56.7,68.4,56.4,36.5,83.4,2.299999999999997,5.0,-4.200000000000003,7.399999999999999,-1.1000000000000014,4.5
womacdo01,Dooley Womack,RP,Expansion (1961-1976),66.5,Uncommon,47.4,52.2,65.1,64.4,37.2,64.0,Uncommon,44.9,53.8,67.4,58.4,31.7,2.5,2.5,-1.5999999999999943,-2.3000000000000114,6.000000000000007,5.5000000000000036
woobr01,Bryan Woo,SP,Modern Era (2016-Pres),77.2,Rare,67.0,90.3,76.1,22.3,60.8,76.8,Rare,60.4,85.7,76.1,34.5,57.8,0.4000000000000057,6.600000000000001,4.599999999999994,0.0,-12.2,3.0
woodal02,Alex Wood,SP,Efficiency Era (2006-2015),77.0,Rare,71.5,73.9,61.3,47.9,60.6,75.3,Rare,60.4,71.3,42.8,68.2,64.0,1.7000000000000028,11.100000000000001,2.6000000000000085,18.5,-20.300000000000004,-3.3999999999999986
woodbl01,Blake Wood,RP,Efficiency Era (2006-2015),57.8,Common,60.1,27.3,42.9,47.7,26.3,57.4,Common,62.6,27.8,36.0,49.3,23.3,0.3999999999999986,-2.5,-0.5,6.899999999999999,-1.5999999999999943,3.0
woodeha01,Hal Woodeshick,RP,Expansion (1961-1976),73.1,Rare,60.9,37.2,81.9,81.3,34.3,67.0,Uncommon,43.2,40.3,45.2,92.8,46.9,6.099999999999994,17.699999999999996,-3.0999999999999943,36.7,-11.5,-12.600000000000001
woodjo02,Smoky Joe Wood,SP,Deadball (1901-1919),98.5,Legendary,103.5,70.9,88.4,104.9,99.3,97.4,Legendary,105.4,66.2,93.8,106.8,84.7,1.0999999999999943,-1.9000000000000057,4.700000000000003,-5.3999999999999915,-1.8999999999999915,14.599999999999994
woodke02,Kerry Wood,SP,Steroid Era (1994-2005),88.7,Epic,125.0,19.0,106.7,47.9,84.2,87.4,Epic,121.2,23.8,106.2,52.3,71.4,1.2999999999999972,3.799999999999997,-4.800000000000001,0.5,-4.399999999999999,12.799999999999997
woodrbr01,Brandon Woodruff,SP,Modern Era (2016-Pres),85.2,Epic,95.0,77.8,73.6,46.3,68.6,83.8,Epic,89.0,83.1,87.6,45.4,48.2,1.4000000000000057,6.0,-5.299999999999997,-14.0,0.8999999999999986,20.39999999999999
woodtr01,Travis Wood,SP,Efficiency Era (2006-2015),70.7,Rare,49.7,61.2,71.2,32.1,69.2,66.3,Uncommon,57.0,54.6,56.9,37.7,59.4,4.400000000000006,-7.299999999999997,6.600000000000001,14.300000000000004,-5.600000000000001,9.800000000000004
woodwi01,Wilbur Wood,SP,Expansion (1961-1976),90.1,Legendary,34.9,103.6,73.3,73.2,106.0,84.0,Epic,38.6,95.6,53.9,67.5,98.6,6.099999999999994,-3.700000000000003,8.0,19.4,5.700000000000003,7.400000000000006
workmbr01,Brandon Workman,RP,Modern Era (2016-Pres),64.1,Uncommon,64.9,28.2,82.3,55.9,25.4,57.9,Common,62.6,25.7,47.4,46.6,24.4,6.199999999999996,2.3000000000000043,2.5,34.9,9.299999999999997,1.0
worleva01,Vance Worley,SP,Efficiency Era (2006-2015),63.1,Uncommon,48.9,61.4,38.3,52.1,51.9,58.7,Common,46.1,65.9,13.8,51.6,42.0,4.399999999999999,2.799999999999997,-4.500000000000007,24.499999999999996,0.5,9.899999999999999
worreti01,Tim Worrell,RP,Steroid Era (1994-2005),59.7,Common,56.4,54.2,45.3,49.4,31.7,67.0,Uncommon,57.1,51.1,56.6,61.7,41.7,-7.299999999999997,-0.7000000000000028,3.1000000000000014,-11.300000000000004,-12.300000000000004,-10.000000000000004
worreto01,Todd Worrell,RP,Big Hair Era (1977-1993),70.7,Rare,78.4,49.8,63.5,48.8,42.8,77.3,Rare,89.0,58.0,77.2,56.9,35.8,-6.599999999999994,-10.599999999999994,-8.200000000000003,-13.700000000000003,-8.100000000000001,7.0
worthal01,Al Worthington,RP,Expansion (1961-1976),69.6,Uncommon,68.4,51.0,65.7,40.2,53.5,71.8,Rare,64.0,47.6,71.1,56.9,49.6,-2.200000000000003,4.400000000000006,3.3999999999999986,-5.3999999999999915,-16.699999999999996,3.8999999999999986
wrighcl01,Clyde Wright,SP,Expansion (1961-1976),67.6,Uncommon,7.2,65.6,47.1,50.3,100.6,65.4,Uncommon,5.0,74.5,40.7,54.9,86.8,2.1999999999999886,2.2,-8.900000000000006,6.399999999999999,-4.600000000000001,13.799999999999997
wrighja01,Jamey Wright,SP,Steroid Era (1994-2005),56.4,Common,27.6,8.1,30.5,62.9,52.8,57.9,Common,33.6,21.6,39.9,67.2,44.8,-1.5,-6.0,-13.500000000000002,-9.399999999999999,-4.300000000000004,8.0
wrighja02,Jaret Wright,SP,Steroid Era (1994-2005),64.8,Uncommon,54.2,38.6,23.7,65.5,77.2,60.2,Uncommon,51.8,37.0,39.5,64.6,48.0,4.599999999999994,2.4000000000000057,1.6000000000000014,-15.8,0.9000000000000057,29.200000000000003
wrighjo02,Johnny Wright,SP,Integration (1942-1960),81.9,Epic,55.1,82.1,60.8,104.3,39.1,89.8,Epic,58.9,83.6,67.6,108.3,70.8,-7.8999999999999915,-3.799999999999997,-1.5,-6.799999999999997,-4.0,-31.699999999999996
wrighst01,Steven Wright,RP,Modern Era (2016-Pres),59.0,Common,39.5,40.8,48.8,49.4,45.7,56.8,Common,37.4,47.7,38.3,40.8,24.9,2.200000000000003,2.1000000000000014,-6.900000000000006,10.5,8.600000000000001,20.800000000000004
wrighwe01,Wesley Wright,RP,Efficiency Era (2006-2015),59.4,Common,52.4,52.3,45.4,58.9,22.5,58.1,Common,63.6,37.7,48.6,38.1,22.8,1.2999999999999972,-11.200000000000003,14.599999999999994,-3.200000000000003,20.799999999999997,-0.3000000000000007
wuertmi01,Michael Wuertz,RP,Efficiency Era (2006-2015),68.4,Uncommon,81.8,44.7,70.2,45.2,31.9,66.3,Uncommon,80.6,33.7,76.3,47.5,27.2,2.1000000000000085,1.2000000000000028,11.0,-6.099999999999994,-2.299999999999997,4.699999999999999
wunscke01,Kelly Wunsch,RP,Steroid Era (1994-2005),62.0,Uncommon,52.5,22.2,81.2,68.7,23.6,63.0,Uncommon,53.7,29.0,84.0,64.0,21.4,-1.0,-1.2000000000000028,-6.800000000000001,-2.799999999999997,4.700000000000003,2.200000000000003
wyattjo02,John Wyatt,RP,Expansion (1961-1976),58.0,Common,59.7,33.1,60.8,5.0,49.8,59.3,Common,75.1,16.3,65.6,27.1,46.4,-1.2999999999999972,-15.399999999999991,16.8,-4.799999999999997,-22.1,3.3999999999999986
wyattwh01,Whit Wyatt,SP,Golden Era (1920-1941),90.9,Legendary,64.8,76.9,91.5,70.4,94.4,88.8,Epic,72.4,67.4,96.1,71.1,76.2,2.1000000000000085,-7.6000000000000085,9.5,-4.599999999999994,-0.6999999999999886,18.200000000000003
wynnea01,Early Wynn,SP,Integration (1942-1960),81.8,Epic,50.8,55.8,75.4,59.0,99.7,82.0,Epic,50.3,52.9,81.0,59.1,98.9,-0.20000000000000284,0.5,2.8999999999999986,-5.599999999999994,-0.10000000000000142,0.7999999999999972
wyseha01,Hank Wyse,SP,Integration (1942-1960),75.5,Rare,5.0,95.3,29.3,90.1,88.3,67.2,Uncommon,5.0,80.6,22.8,82.3,78.3,8.299999999999997,0.0,14.700000000000003,6.5,7.799999999999997,10.0
yamamyo01,Yoshinobu Yamamoto,SP,Modern Era (2016-Pres),81.4,Epic,76.1,59.6,79.4,64.5,58.8,79.4,Rare,67.8,62.0,77.9,64.1,55.7,2.0,8.299999999999997,-2.3999999999999986,1.5,0.4000000000000057,3.0999999999999943
yanes01,Esteban Yan,RP,Steroid Era (1994-2005),58.4,Common,58.3,41.3,38.6,36.0,40.6,58.1,Common,61.2,48.8,34.2,34.7,31.7,0.29999999999999716,-2.9000000000000057,-7.5,4.399999999999999,1.2999999999999972,8.900000000000002
yarbrry01,Ryan Yarbrough,RP,Modern Era (2016-Pres),58.9,Common,38.8,53.7,51.3,38.6,40.8,62.5,Uncommon,42.6,83.1,44.5,33.2,46.7,-3.6000000000000014,-3.8000000000000043,-29.39999999999999,6.799999999999997,5.399999999999999,-5.900000000000006
yateski01,Kirby Yates,RP,Modern Era (2016-Pres),86.2,Epic,97.7,57.1,105.6,76.4,30.9,80.1,Epic,101.3,45.8,108.2,50.2,24.9,6.1000000000000085,-3.5999999999999943,11.300000000000004,-2.6000000000000085,26.200000000000003,6.0
yatesty01,Tyler Yates,RP,Efficiency Era (2006-2015),55.7,Common,49.9,13.7,39.1,42.8,24.0,56.4,Common,55.1,20.8,33.3,46.5,25.7,-0.6999999999999957,-5.200000000000003,-7.100000000000001,5.800000000000004,-3.700000000000003,-1.6999999999999993
yokella01,Laymon Yokely,SP,Golden Era (1920-1941),79.7,Rare,56.2,29.8,78.0,84.5,80.6,78.0,Rare,61.1,31.2,71.9,63.4,92.6,1.7000000000000028,-4.899999999999999,-1.3999999999999986,6.099999999999994,21.1,-12.0
yoshima01,Masato Yoshii,SP,Steroid Era (1994-2005),59.4,Common,37.0,70.0,31.1,21.7,71.6,58.4,Common,33.9,75.8,24.9,12.3,67.6,1.0,3.1000000000000014,-5.799999999999997,6.200000000000003,9.399999999999999,4.0
youmafl01,Floyd Youmans,SP,Big Hair Era (1977-1993),76.3,Rare,76.0,5.0,106.5,65.6,58.7,69.9,Uncommon,72.3,15.8,88.5,51.9,51.3,6.3999999999999915,3.700000000000003,-10.8,18.0,13.699999999999996,7.400000000000006
youngch03,Chris Young,SP,Efficiency Era (2006-2015),76.5,Rare,70.6,49.5,81.0,34.7,76.9,71.6,Rare,59.0,50.9,89.9,26.9,61.2,4.900000000000006,11.599999999999994,-1.3999999999999986,-8.900000000000006,7.800000000000004,15.700000000000003
youngcu01,Curt Young,SP,Big Hair Era (1977-1993),59.8,Common,37.2,76.0,39.5,5.0,81.0,58.0,Common,29.5,74.2,35.5,11.6,57.1,1.7999999999999972,7.700000000000003,1.7999999999999972,4.0,-6.6,23.9
youngcy01,Cy Young,SP,The Genesis Era (1871-1900),99.5,Legendary,53.5,107.5,95.3,95.5,125.0,94.8,Legendary,44.2,108.4,67.0,89.4,125.0,4.700000000000003,9.299999999999997,-0.9000000000000057,28.299999999999997,6.099999999999994,0.0
youngir01,Irv Young,SP,Deadball (1901-1919),85.8,Epic,39.5,85.5,44.3,89.8,106.1,80.2,Epic,37.9,85.1,34.6,80.5,93.0,5.599999999999994,1.6000000000000014,0.4000000000000057,9.699999999999996,9.299999999999997,13.099999999999994
youngma01,Matt Young,SP,Big Hair Era (1977-1993),70.3,Rare,65.2,27.5,52.9,57.3,78.7,62.6,Uncommon,66.4,29.6,41.4,50.9,62.3,7.699999999999996,-1.2000000000000028,-2.1000000000000014,11.5,6.399999999999999,16.400000000000006
zachato01,Tom Zachary,SP,Golden Era (1920-1941),69.2,Uncommon,5.0,65.4,32.9,81.4,92.3,71.1,Rare,5.0,79.2,26.6,87.8,86.8,-1.8999999999999915,0.0,-13.799999999999997,6.299999999999997,-6.3999999999999915,5.5
zachrpa01,Pat Zachry,SP,Big Hair Era (1977-1993),69.3,Uncommon,43.4,40.7,50.5,67.3,75.5,66.3,Uncommon,43.4,37.1,55.2,74.1,55.5,3.0,0.0,3.6000000000000014,-4.700000000000003,-6.799999999999997,20.0
zahnge01,Geoff Zahn,SP,Big Hair Era (1977-1993),62.0,Uncommon,7.1,75.8,17.4,57.6,90.1,64.6,Uncommon,7.2,83.6,31.4,62.8,73.5,-2.5999999999999943,-0.10000000000000053,-7.799999999999997,-14.0,-5.199999999999996,16.599999999999994
zambrca01,Carlos Zambrano,SP,Efficiency Era (2006-2015),82.8,Epic,66.7,36.0,76.9,77.7,89.4,80.1,Epic,64.6,30.8,79.3,69.7,86.4,2.700000000000003,2.1000000000000085,5.199999999999999,-2.3999999999999915,8.0,3.0
zambrvi01,Victor Zambrano,SP,Steroid Era (1994-2005),59.1,Common,56.1,5.0,67.4,46.9,52.0,58.0,Common,55.4,5.0,55.4,44.1,48.4,1.1000000000000014,0.7000000000000028,0.0,12.000000000000007,2.799999999999997,3.6000000000000014
zettlge01,George Zettlein,SP,The Genesis Era (1871-1900),68.7,Uncommon,17.6,92.1,20.2,47.2,98.2,87.1,Epic,5.8,123.8,5.9,118.0,119.5,-18.39999999999999,11.8,-31.700000000000003,14.299999999999999,-70.8,-21.299999999999997
zieglbr01,Brad Ziegler,RP,Efficiency Era (2006-2015),59.6,Common,35.4,47.5,47.4,80.8,23.5,74.0,Rare,33.8,62.5,63.7,106.8,33.5,-14.399999999999999,1.6000000000000014,-15.0,-16.300000000000004,-26.0,-10.0
zimmeje02,Jeff Zimmerman,RP,Steroid Era (1994-2005),70.6,Rare,70.5,62.2,81.5,30.6,38.1,71.9,Rare,65.1,64.9,81.5,38.7,39.5,-1.3000000000000114,5.400000000000006,-2.700000000000003,0.0,-8.100000000000001,-1.3999999999999986
zimmejo02,Jordan Zimmermann,SP,Efficiency Era (2006-2015),84.3,Epic,59.2,102.8,45.2,62.8,85.8,79.0,Rare,59.6,104.1,40.1,45.6,76.2,5.299999999999997,-0.3999999999999986,-1.2999999999999972,5.100000000000001,17.199999999999996,9.599999999999994
zitoba01,Barry Zito,SP,Steroid Era (1994-2005),83.6,Epic,63.6,51.9,85.3,59.0,92.0,79.4,Rare,60.6,48.7,82.2,49.8,86.2,4.199999999999989,3.0,3.1999999999999957,3.0999999999999943,9.200000000000003,5.799999999999997
zoldasa01,Sam Zoldak,RP,Integration (1942-1960),58.6,Common,9.5,68.5,29.9,59.0,52.0,60.5,Uncommon,5.0,71.8,36.0,73.2,55.9,-1.8999999999999986,4.5,-3.299999999999997,-6.100000000000001,-14.200000000000003,-3.8999999999999986
zuberbi01,Bill Zuber,RP,Integration (1942-1960),59.2,Common,44.6,14.5,45.7,81.2,42.6,62.4,Uncommon,46.7,5.0,63.6,92.9,41.3,-3.1999999999999957,-2.1000000000000014,9.5,-17.9,-11.700000000000003,1.3000000000000043
zumayjo01,Joel Zumaya,RP,Efficiency Era (2006-2015),67.3,Uncommon,63.9,34.0,79.8,65.7,25.9,59.8,Common,62.0,23.6,71.5,57.4,24.3,7.5,1.8999999999999986,10.399999999999999,8.299999999999997,8.300000000000004,1.5999999999999979
zuverge01,George Zuverink,RP,Integration (1942-1960),55.5,Common,39.1,53.9,30.5,17.9,24.8,58.0,Common,20.9,72.9,32.1,39.5,43.3,-2.5,18.200000000000003,-19.000000000000007,-1.6000000000000014,-21.6,-18.499999999999996
eckerde01_sp,Dennis Eckersley,SP,Big Hair Era (1977-1993),72.1,Rare,55.0,64.1,53.0,24.8,93.9,77.7,Rare,53.9,91.0,58.1,24.3,91.7,-5.6000000000000085,1.1000000000000014,-26.900000000000006,-5.100000000000001,0.5,2.200000000000003
eckerde01_rp,Dennis Eckersley,RP,Big Hair Era (1977-1993),90.8,Legendary,100.4,105.5,86.9,60.6,43.9,92.9,Legendary,112.5,116.1,98.7,50.6,38.7,-2.1000000000000085,-12.099999999999994,-10.599999999999994,-11.799999999999997,10.0,5.199999999999996
smoltjo01_sp,John Smoltz,SP,Steroid Era (1994-2005),90.5,Legendary,79.7,83.4,67.9,68.6,94.9,91.9,Legendary,78.9,93.7,69.7,72.3,92.6,-1.4000000000000057,0.7999999999999972,-10.299999999999997,-1.7999999999999972,-3.700000000000003,2.3000000000000114
smoltjo01_rp,John Smoltz,RP,Steroid Era (1994-2005),85.3,Epic,85.7,87.2,76.0,75.7,37.7,83.9,Epic,80.4,89.6,78.1,68.8,36.7,1.3999999999999915,5.299999999999997,-2.3999999999999915,-2.0999999999999943,6.900000000000006,1.0
