Year,TeamID,TeamName,WinPct,PlayerName,Role,WAR,HP,STF,CTL,MOV,STA,OVR,Rarity
1901,CCG,Chicago Columbia Giants,1.0,Will Horn,SP,0.0,90,111,76,59,73,81,Epic
1901,PIT,Pittsburgh Pirates,0.647,Jack Chesbro,SP,5.6,96,59,86,69,81,72,Epic
1901,PIT,Pittsburgh Pirates,0.647,Deacon Phillippe,SP,5.5,91,44,99,73,75,72,Epic
1901,PIT,Pittsburgh Pirates,0.647,Jesse Tannehill,SP,4.6,87,62,95,82,69,79,Epic
1901,CHA,Chicago White Sox,0.61,Clark Griffith,SP,5.7,89,29,84,66,72,61,Rare
1901,CHA,Chicago White Sox,0.61,Jimmy Callahan,SP,4.7,94,40,73,72,78,63,Rare
1901,CHA,Chicago White Sox,0.61,Roy Patterson,SP,3.9,90,53,81,49,73,62,Rare
1901,PHI,Philadelphia Phillies,0.593,Al Orth,SP,6.7,88,40,102,77,70,73,Epic
1901,PHI,Philadelphia Phillies,0.593,Red Donahue,SP,6.3,90,36,81,70,73,63,Rare
1901,PHI,Philadelphia Phillies,0.593,Bill Duggleby,SP,4.7,94,41,95,57,78,66,Rare
1901,BOS,Boston Americans,0.581,Cy Young,SP,12.4,90,56,106,109,73,89,Legendary
1901,BOS,Boston Americans,0.581,Ted Lewis,SP,3.1,91,40,60,46,75,51,Uncommon
1901,BOS,Boston Americans,0.581,George Winter,SP,2.4,88,31,63,63,70,54,Uncommon
1901,BRO,Brooklyn Superbas,0.581,Bill Donovan,SP,6.4,91,90,41,68,75,67,Rare
1901,BRO,Brooklyn Superbas,0.581,Frank Kitson,SP,3.3,89,60,72,54,72,63,Rare
1901,BRO,Brooklyn Superbas,0.581,Jay Hughes,SP,2.1,88,49,43,51,71,50,Uncommon
1901,DET,Detroit Tigers,0.548,Roscoe Miller,SP,6.6,90,27,58,72,74,54,Uncommon
1901,DET,Detroit Tigers,0.548,Ed Siever,SP,4.2,88,36,75,57,71,57,Rare
1901,DET,Detroit Tigers,0.548,Joe Yeager,SP,3.7,84,20,74,73,66,57,Rare
1901,PHA,Philadelphia Athletics,0.544,Eddie Plank,SP,5.3,86,43,66,58,68,57,Rare
1901,PHA,Philadelphia Athletics,0.544,Chick Fraser,SP,3.1,90,41,44,49,73,48,Uncommon
1901,PHA,Philadelphia Athletics,0.544,Lewis Wiltse,SP,2.5,88,27,74,45,71,51,Uncommon
1901,SLN,St. Louis Cardinals,0.543,Jack Powell,SP,1.7,90,50,94,41,74,63,Rare
1901,SLN,St. Louis Cardinals,0.543,Jack Harper,SP,1.0,87,54,52,42,69,51,Uncommon
1901,SLN,St. Louis Cardinals,0.543,Mike O'Neill,SP,0.8,96,50,70,106,81,76,Epic
1901,BLA,Baltimore Orioles,0.511,Joe McGinnity,SP,8.0,89,21,69,54,72,50,Uncommon
1901,BLA,Baltimore Orioles,0.511,Harry Howell,SP,4.4,88,39,64,53,71,54,Uncommon
1901,BLA,Baltimore Orioles,0.511,Frank Foreman,SP,2.8,88,23,56,36,71,42,Common
1901,BSN,Boston Beaneaters,0.5,Vic Willis,SP,8.8,88,57,68,77,71,68,Rare
1901,BSN,Boston Beaneaters,0.5,Kid Nichols,SP,5.6,92,59,61,55,76,60,Rare
1901,BSN,Boston Beaneaters,0.5,Bill Dinneen,SP,5.4,90,60,69,60,74,64,Rare
1901,WS1,Washington Senators,0.459,Bill Carrick,SP,3.9,88,24,60,46,71,46,Uncommon
1901,WS1,Washington Senators,0.459,Casey Patten,SP,2.2,88,56,59,44,70,55,Rare
1901,WS1,Washington Senators,0.459,Dale Gear,SP,1.8,96,24,97,40,81,56,Rare
1901,CLE,Cleveland Blues,0.397,Earl Moore,SP,4.9,87,51,41,61,69,53,Uncommon
1901,CLE,Cleveland Blues,0.397,Pete Dowling,SP,1.5,90,52,45,43,73,49,Uncommon
1901,CLE,Cleveland Blues,0.397,Ed Scott,SP,0.5,84,19,55,39,65,40,Common
1901,CHN,Chicago Orphans,0.381,Rube Waddell,SP,2.4,87,96,57,36,69,64,Rare
1901,CHN,Chicago Orphans,0.381,Tom Hughes,SP,1.6,89,103,46,50,72,67,Rare
1901,CHN,Chicago Orphans,0.381,John Menefee,SP,0.5,90,37,84,41,74,56,Rare
1901,NY1,New York Giants,0.38,Christy Mathewson,SP,8.9,89,92,59,72,72,74,Epic
1901,NY1,New York Giants,0.38,Luther Taylor,SP,3.2,86,49,53,51,68,53,Uncommon
1901,NY1,New York Giants,0.38,Roger Denzer,SP,1.1,79,45,110,47,59,66,Rare
1901,CIN,Cincinnati Reds,0.374,Noodles Hahn,SP,8.0,90,89,85,57,73,77,Epic
1901,CIN,Cincinnati Reds,0.374,Doc Newton,SP,1.3,90,52,50,48,74,52,Uncommon
1901,CIN,Cincinnati Reds,0.374,Len Swormstedt,SP,1.1,88,67,83,89,71,79,Epic
1901,MLA,Milwaukee Brewers,0.35,Bill Reidy,SP,3.5,90,16,80,38,74,48,Uncommon
1901,MLA,Milwaukee Brewers,0.35,Ned Garvin,SP,3.5,92,63,48,52,76,56,Rare
1901,MLA,Milwaukee Brewers,0.35,Bert Husting,SP,0.9,87,38,40,40,69,42,Common
1902,PIT,Pittsburgh Pirates,0.741,Jack Chesbro,SP,5.3,88,63,77,69,71,70,Epic
1902,PIT,Pittsburgh Pirates,0.741,Deacon Phillippe,SP,3.7,90,59,107,73,73,79,Epic
1902,PIT,Pittsburgh Pirates,0.741,Sam Leever,SP,3.1,88,50,96,59,70,68,Rare
1902,PHA,Philadelphia Athletics,0.61,Rube Waddell,SP,9.1,96,108,73,89,81,89,Legendary
1902,PHA,Philadelphia Athletics,0.61,Eddie Plank,SP,5.2,91,45,80,55,75,62,Rare
1902,PHA,Philadelphia Athletics,0.61,Howard Wilson,SP,2.0,93,19,82,77,77,61,Rare
1902,SLA,St. Louis Browns,0.574,Jack Powell,SP,6.0,87,54,61,52,69,57,Rare
1902,SLA,St. Louis Browns,0.574,Red Donahue,SP,5.8,91,21,80,63,75,57,Rare
1902,SLA,St. Louis Browns,0.574,Willie Sudhoff,SP,3.4,89,20,56,60,72,48,Uncommon
1902,BOS,Boston Americans,0.562,Cy Young,SP,10.1,90,54,96,84,73,78,Epic
1902,BOS,Boston Americans,0.562,Bill Dinneen,SP,6.9,89,46,65,60,72,58,Rare
1902,BOS,Boston Americans,0.562,George Winter,SP,2.6,87,37,53,60,69,52,Uncommon
1902,CHA,Chicago White Sox,0.552,Ned Garvin,SP,4.2,90,40,71,110,74,74,Epic
1902,CHA,Chicago White Sox,0.552,Roy Patterson,SP,4.1,90,26,69,54,73,52,Uncommon
1902,CHA,Chicago White Sox,0.552,Clark Griffith,SP,1.0,89,27,76,35,72,49,Uncommon
1902,BRO,Brooklyn Superbas,0.543,Doc Newton,SP,4.3,92,52,50,61,76,57,Rare
1902,BRO,Brooklyn Superbas,0.543,Frank Kitson,SP,4.0,88,55,85,49,71,64,Rare
1902,BRO,Brooklyn Superbas,0.543,Bill Donovan,SP,3.3,90,78,46,56,73,61,Rare
1902,BSN,Boston Beaneaters,0.533,Vic Willis,SP,8.0,89,75,70,64,72,70,Epic
1902,BSN,Boston Beaneaters,0.533,Togie Pittinger,SP,7.3,94,59,50,57,78,58,Rare
1902,BSN,Boston Beaneaters,0.533,Mal Eason,SP,1.7,84,27,63,94,66,62,Rare
1902,CLE,Cleveland Bronchos,0.507,Bill Bernhard,SP,6.1,90,30,90,109,73,76,Epic
1902,CLE,Cleveland Bronchos,0.507,Addie Joss,SP,4.5,91,51,62,66,75,61,Rare
1902,CLE,Cleveland Bronchos,0.507,Earl Moore,SP,2.1,88,34,48,57,71,49,Uncommon
1902,CIN,Cincinnati Reds,0.5,Noodles Hahn,SP,8.4,89,58,86,90,72,77,Epic
1902,CIN,Cincinnati Reds,0.5,Ed Poole,SP,3.0,90,50,44,101,74,66,Rare
1902,CIN,Cincinnati Reds,0.5,Bill Phillips,SP,2.4,86,39,80,60,68,60,Rare
1902,CHN,Chicago Orphans,0.496,Jack Taylor,SP,9.4,94,31,97,110,78,79,Epic
1902,CHN,Chicago Orphans,0.496,Carl Lundgren,SP,2.0,89,55,61,69,72,63,Rare
1902,CHN,Chicago Orphans,0.496,John Menefee,SP,1.8,92,37,98,61,76,66,Rare
1902,WS1,Washington Senators,0.449,Al Orth,SP,3.8,88,27,100,41,71,58,Rare
1902,WS1,Washington Senators,0.449,Casey Patten,SP,1.5,89,37,57,42,72,48,Uncommon
1902,WS1,Washington Senators,0.449,Wyatt Lee,SP,0.2,94,28,80,31,78,50,Uncommon
1902,SLN,St. Louis Cardinals,0.418,Mike O'Neill,SP,2.1,90,46,74,47,73,57,Rare
1902,SLN,St. Louis Cardinals,0.418,Clarence Currie,SP,0.9,94,31,63,51,79,51,Uncommon
1902,SLN,St. Louis Cardinals,0.418,Bob Wicker,SP,0.1,92,69,58,46,76,59,Rare
1902,PHI,Philadelphia Phillies,0.409,Doc White,SP,7.2,88,84,72,59,71,72,Epic
1902,PHI,Philadelphia Phillies,0.409,Bill Duggleby,SP,3.2,92,26,76,54,76,54,Uncommon
1902,PHI,Philadelphia Phillies,0.409,Chick Fraser,SP,2.1,88,57,50,44,71,52,Uncommon
1902,DET,Detroit Tigers,0.385,Win Mercer,SP,5.9,88,13,61,61,70,48,Uncommon
1902,DET,Detroit Tigers,0.385,Ed Siever,SP,5.9,86,20,88,108,68,72,Epic
1902,DET,Detroit Tigers,0.385,George Mullin,SP,2.1,88,36,47,50,71,47,Uncommon
1902,BLA,Baltimore Orioles,0.362,Joe McGinnity,SP,9.0,90,37,76,62,73,60,Rare
1902,BLA,Baltimore Orioles,0.362,Tom Hughes,SP,2.5,82,49,48,51,63,51,Uncommon
1902,BLA,Baltimore Orioles,0.362,Harry Howell,SP,1.9,88,16,71,44,71,46,Uncommon
1902,NY1,New York Giants,0.353,Christy Mathewson,SP,4.2,88,79,64,67,71,70,Epic
1902,NY1,New York Giants,0.353,Jack Cronin,SP,3.6,96,47,71,48,82,58,Rare
1902,NY1,New York Giants,0.353,Roy Evans,SP,1.6,94,37,49,51,78,49,Uncommon
1902,CCG,Chicago Columbia Giants,0.333,Harry Buckner,SP,0.0,90,93,103,59,73,84,Epic
1902,CCG,Chicago Columbia Giants,0.333,Johnny Davis,SP,0.0,82,53,1,59,62,40,Common
1902,CCG,Chicago Columbia Giants,0.333,Tom Means,RP,0.0,45,14,57,59,35,42,Common
1903,AB,Algona Brownies,0.733,Billy Holland,SP,0.0,85,77,84,59,67,73,Epic
1903,AB,Algona Brownies,0.733,Bert Jones,SP,0.0,91,107,104,59,75,88,Legendary
1903,AB,Algona Brownies,0.733,Johnny Davis,SP,0.0,90,93,125,59,73,90,Legendary
1903,CXG,Cuban X Giants,0.714,Rube Foster,SP,0.0,90,72,82,59,73,71,Epic
1903,CXG,Cuban X Giants,0.714,Danny McClellan,SP,0.0,87,108,52,59,69,73,Epic
1903,BOS,Boston Americans,0.659,Bill Dinneen,SP,6.6,89,66,76,67,72,70,Epic
1903,BOS,Boston Americans,0.659,Cy Young,SP,6.6,94,70,103,73,78,82,Epic
1903,BOS,Boston Americans,0.659,Tom Hughes,SP,3.5,84,61,70,58,66,63,Rare
1903,PIT,Pittsburgh Pirates,0.65,Sam Leever,SP,6.4,87,39,78,83,69,67,Rare
1903,PIT,Pittsburgh Pirates,0.65,Deacon Phillippe,SP,5.0,89,55,105,67,72,75,Epic
1903,PIT,Pittsburgh Pirates,0.65,Brickyard Kennedy,SP,1.1,87,38,39,56,69,47,Uncommon
1903,NY1,New York Giants,0.604,Joe McGinnity,SP,12.2,90,51,69,73,73,65,Rare
1903,NY1,New York Giants,0.604,Christy Mathewson,SP,10.4,88,103,63,77,71,80,Epic
1903,NY1,New York Giants,0.604,Luther Taylor,SP,1.1,84,49,47,38,66,47,Uncommon
1903,CHN,Chicago Cubs,0.594,Jake Weimer,SP,5.5,88,60,46,69,70,60,Rare
1903,CHN,Chicago Cubs,0.594,Jack Taylor,SP,4.2,92,31,85,69,76,63,Rare
1903,CHN,Chicago Cubs,0.594,Bob Wicker,SP,2.8,91,59,55,51,75,57,Rare
1903,PHA,Philadelphia Athletics,0.556,Rube Waddell,SP,8.3,88,125,66,65,70,84,Epic
1903,PHA,Philadelphia Athletics,0.556,Eddie Plank,SP,7.0,87,71,83,64,69,72,Epic
1903,PHA,Philadelphia Athletics,0.556,Charles Bender,SP,4.0,86,63,71,49,68,62,Rare
1903,CLE,Cleveland Naps,0.55,Earl Moore,SP,4.6,90,83,69,93,74,81,Epic
1903,CLE,Cleveland Naps,0.55,Addie Joss,SP,4.2,90,55,98,67,74,73,Epic
1903,CLE,Cleveland Naps,0.55,Bill Bernhard,SP,2.5,88,46,99,73,71,72,Epic
1903,NYA,New York Highlanders,0.537,Jack Chesbro,SP,4.9,90,60,74,55,73,64,Rare
1903,NYA,New York Highlanders,0.537,Clark Griffith,SP,3.4,89,40,92,58,72,64,Rare
1903,NYA,New York Highlanders,0.537,Barney Wolfe,SP,1.5,91,40,87,56,75,62,Rare
1903,CIN,Cincinnati Reds,0.532,Noodles Hahn,SP,7.9,88,56,91,73,71,73,Epic
1903,CIN,Cincinnati Reds,0.532,Jack Sutthoff,SP,5.1,87,42,48,67,69,54,Uncommon
1903,CIN,Cincinnati Reds,0.532,Bob Ewing,SP,4.4,89,55,67,65,72,63,Rare
1903,BRO,Brooklyn Superbas,0.515,Oscar Jones,SP,4.0,90,35,72,55,73,56,Rare
1903,BRO,Brooklyn Superbas,0.515,Ned Garvin,SP,2.2,89,70,61,56,72,63,Rare
1903,BRO,Brooklyn Superbas,0.515,Henry Schmidt,SP,1.9,87,39,44,41,69,44,Common
1903,DET,Detroit Tigers,0.478,Bill Donovan,SP,7.5,90,84,54,65,73,68,Rare
1903,DET,Detroit Tigers,0.478,George Mullin,SP,4.8,89,72,50,65,72,63,Rare
1903,DET,Detroit Tigers,0.478,Frank Kitson,SP,2.7,90,51,94,54,74,67,Rare
1903,SLA,St. Louis Browns,0.468,Willie Sudhoff,SP,6.6,87,45,83,64,69,64,Rare
1903,SLA,St. Louis Browns,0.468,Ed Siever,SP,3.8,92,45,92,58,76,66,Rare
1903,SLA,St. Louis Browns,0.468,Jack Powell,SP,3.4,90,75,84,47,73,69,Rare
1903,CHA,Chicago White Sox,0.438,Doc White,SP,4.7,87,48,74,66,69,63,Rare
1903,CHA,Chicago White Sox,0.438,Roy Patterson,SP,3.6,94,37,72,51,78,56,Rare
1903,CHA,Chicago White Sox,0.438,Frank Owen,SP,0.4,87,51,66,44,69,55,Rare
1903,BSN,Boston Beaneaters,0.42,Vic Willis,SP,6.0,88,59,53,55,71,57,Rare
1903,BSN,Boston Beaneaters,0.42,Togie Pittinger,SP,2.4,90,51,43,43,73,48,Uncommon
1903,BSN,Boston Beaneaters,0.42,John Malarkey,SP,0.9,91,50,45,51,75,51,Uncommon
1903,PHI,Philadelphia Phillies,0.363,Tully Sparks,SP,4.5,89,45,75,57,72,60,Rare
1903,PHI,Philadelphia Phillies,0.363,Bill Duggleby,SP,0.6,89,24,57,40,72,44,Common
1903,PHI,Philadelphia Phillies,0.363,Libe Washburn,SP,-0.1,88,30,53,44,71,45,Uncommon
1903,SLN,St. Louis Cardinals,0.314,Mordecai Brown,SP,2.7,87,54,58,61,69,59,Rare
1903,SLN,St. Louis Cardinals,0.314,Chappie McFarland,SP,1.4,89,41,79,56,72,60,Rare
1903,SLN,St. Louis Cardinals,0.314,Ed Murphy,SP,0.8,89,14,47,49,72,40,Common
1903,WS1,Washington Senators,0.314,Howard Wilson,SP,2.9,88,26,87,45,71,54,Uncommon
1903,WS1,Washington Senators,0.314,Casey Patten,SP,2.5,89,58,65,40,72,56,Rare
1903,WS1,Washington Senators,0.314,Wyatt Lee,SP,1.5,87,55,71,48,69,59,Rare
1903,PG,Philadelphia Giants,0.286,Kid Carter,SP,0.0,93,33,79,59,77,59,Rare
1903,PG,Philadelphia Giants,0.286,William Bell,SP,0.0,83,17,77,59,64,52,Uncommon
1903,PG,Philadelphia Giants,0.286,Harry Buckner,SP,0.0,85,10,99,59,67,57,Rare
1904,PG,Philadelphia Giants,0.769,Rube Foster,SP,0.0,90,125,69,41,73,78,Epic
1904,PG,Philadelphia Giants,0.769,Will Horn,SP,0.0,88,53,58,59,70,58,Rare
1904,PG,Philadelphia Giants,0.769,William Bell,SP,0.0,100,5,63,59,86,47,Uncommon
1904,NY1,New York Giants,0.693,Joe McGinnity,SP,9.6,91,44,78,85,75,70,Epic
1904,NY1,New York Giants,0.693,Christy Mathewson,SP,5.4,85,79,78,67,67,74,Epic
1904,NY1,New York Giants,0.693,Luther Taylor,SP,4.0,86,62,68,58,68,63,Rare
1904,BOS,Boston Americans,0.617,Cy Young,SP,9.3,91,71,111,68,75,82,Epic
1904,BOS,Boston Americans,0.617,Jesse Tannehill,SP,5.3,90,53,101,65,74,73,Epic
1904,BOS,Boston Americans,0.617,Bill Dinneen,SP,5.2,90,60,84,60,73,68,Rare
1904,CXG,Cuban X Giants,0.615,Danny McClellan,SP,0.0,82,89,105,47,63,79,Epic
1904,CXG,Cuban X Giants,0.615,Walter Ball,RP,0.0,45,41,90,59,35,60,Rare
1904,CXG,Cuban X Giants,0.615,Fred Brokaw,SP,0.0,90,59,49,59,73,57,Rare
1904,NYA,New York Highlanders,0.609,Jack Chesbro,SP,10.6,89,71,83,77,72,76,Epic
1904,NYA,New York Highlanders,0.609,Jack Powell,SP,3.0,88,70,72,52,71,65,Rare
1904,NYA,New York Highlanders,0.609,Al Orth,SP,1.0,87,41,91,41,69,59,Rare
1904,CHN,Chicago Cubs,0.608,Jake Weimer,SP,6.1,86,79,53,77,68,69,Rare
1904,CHN,Chicago Cubs,0.608,Buttons Briggs,SP,3.3,91,52,62,66,75,62,Rare
1904,CHN,Chicago Cubs,0.608,Mordecai Brown,SP,3.2,91,49,72,77,75,67,Rare
1904,CHA,Chicago White Sox,0.578,Frank Owen,SP,4.0,88,40,83,68,71,64,Rare
1904,CHA,Chicago White Sox,0.578,Frank Smith,SP,2.1,89,71,60,68,72,67,Rare
1904,CHA,Chicago White Sox,0.578,Roy Patterson,SP,1.7,94,50,94,58,78,68,Rare
1904,CIN,Cincinnati Reds,0.575,Noodles Hahn,SP,6.6,88,41,101,73,71,72,Epic
1904,CIN,Cincinnati Reds,0.575,Jack Harper,SP,5.1,87,56,59,68,69,62,Rare
1904,CIN,Cincinnati Reds,0.575,Tom Walker,SP,4.6,90,36,70,68,73,60,Rare
1904,CLE,Cleveland Naps,0.57,Bill Bernhard,SP,5.4,88,56,88,63,71,69,Rare
1904,CLE,Cleveland Naps,0.57,Addie Joss,SP,5.0,85,56,92,91,67,78,Epic
1904,CLE,Cleveland Naps,0.57,Red Donahue,SP,4.1,88,61,87,57,71,69,Rare
1904,PIT,Pittsburgh Pirates,0.569,Sam Leever,SP,4.5,84,29,78,67,66,59,Rare
1904,PIT,Pittsburgh Pirates,0.569,Patsy Flaherty,SP,4.5,88,27,71,63,71,55,Rare
1904,PIT,Pittsburgh Pirates,0.569,Mike Lynch,SP,2.4,91,56,43,56,75,54,Uncommon
1904,PHA,Philadelphia Athletics,0.536,Rube Waddell,SP,11.3,87,125,72,85,69,92,Legendary
1904,PHA,Philadelphia Athletics,0.536,Eddie Plank,SP,8.8,87,77,71,68,69,72,Epic
1904,PHA,Philadelphia Athletics,0.536,Weldon Henley,SP,2.9,88,58,67,55,71,61,Rare
1904,SLN,St. Louis Cardinals,0.487,Kid Nichols,SP,8.6,90,55,91,69,73,72,Epic
1904,SLN,St. Louis Cardinals,0.487,Jack Taylor,SP,6.3,90,35,73,60,73,58,Rare
1904,SLN,St. Louis Cardinals,0.487,Mike O'Neill,SP,3.3,90,38,74,70,74,62,Rare
1904,SLA,St. Louis Browns,0.428,Harry Howell,SP,6.0,90,53,81,63,74,66,Rare
1904,SLA,St. Louis Browns,0.428,Fred Glade,SP,4.3,88,73,81,58,70,71,Epic
1904,SLA,St. Louis Browns,0.428,Barney Pelty,SP,2.3,88,54,67,42,70,56,Rare
1904,DET,Detroit Tigers,0.408,Ed Killian,SP,4.5,94,48,61,61,78,59,Rare
1904,DET,Detroit Tigers,0.408,Bill Donovan,SP,3.5,88,62,52,51,71,57,Rare
1904,DET,Detroit Tigers,0.408,George Mullin,SP,3.1,88,55,49,60,71,56,Rare
1904,BRO,Brooklyn Superbas,0.366,Jack Cronin,SP,3.5,90,45,67,48,73,55,Rare
1904,BRO,Brooklyn Superbas,0.366,Oscar Jones,SP,2.9,90,30,70,49,74,52,Uncommon
1904,BRO,Brooklyn Superbas,0.366,Ned Garvin,SP,1.9,85,65,42,71,67,60,Rare
1904,BSN,Boston Beaneaters,0.359,Togie Pittinger,SP,4.4,90,57,41,58,73,54,Uncommon
1904,BSN,Boston Beaneaters,0.359,Vic Willis,SP,2.5,85,77,54,47,67,60,Rare
1904,BSN,Boston Beaneaters,0.359,Kaiser Wilhelm,SP,1.6,85,29,67,35,67,46,Uncommon
1904,PHI,Philadelphia Phillies,0.342,Tully Sparks,SP,0.8,85,42,78,56,67,60,Rare
1904,PHI,Philadelphia Phillies,0.342,Chick Fraser,SP,0.7,87,55,50,40,69,50,Uncommon
1904,PHI,Philadelphia Phillies,0.342,Jack Sutthoff,SP,0.4,90,35,39,50,73,44,Common
1904,WS1,Washington Senators,0.252,Casey Patten,SP,4.2,90,55,76,48,74,61,Rare
1904,WS1,Washington Senators,0.252,Beany Jacobson,SP,0.8,88,36,75,36,70,51,Uncommon
1904,WS1,Washington Senators,0.252,Barney Wolfe,SP,0.2,87,40,90,46,69,60,Rare
1905,PG,Philadelphia Giants,1.0,Emmett Bowman,SP,0.0,90,72,69,59,73,67,Rare
1905,PG,Philadelphia Giants,1.0,Danny McClellan,SP,0.0,90,54,116,59,73,76,Epic
1905,PG,Philadelphia Giants,1.0,Rube Foster,SP,0.0,98,92,107,48,84,82,Epic
1905,NY1,New York Giants,0.686,Christy Mathewson,SP,9.6,90,84,84,110,74,91,Legendary
1905,NY1,New York Giants,0.686,Joe McGinnity,SP,2.4,87,50,76,51,69,60,Rare
1905,NY1,New York Giants,0.686,Hooks Wiltse,SP,2.2,96,84,54,59,82,67,Rare
1905,PIT,Pittsburgh Pirates,0.627,Deacon Phillippe,SP,5.0,88,64,88,77,70,76,Epic
1905,PIT,Pittsburgh Pirates,0.627,Charlie Case,SP,2.7,90,31,56,60,73,51,Uncommon
1905,PIT,Pittsburgh Pirates,0.627,Sam Leever,SP,2.2,84,44,72,55,66,58,Rare
1905,PHA,Philadelphia Athletics,0.622,Rube Waddell,SP,9.4,93,125,63,92,77,92,Legendary
1905,PHA,Philadelphia Athletics,0.622,Eddie Plank,SP,6.7,88,84,77,62,70,74,Epic
1905,PHA,Philadelphia Athletics,0.622,Andy Coakley,SP,3.8,86,78,60,77,68,71,Epic
1905,CHA,Chicago White Sox,0.605,Nick Altrock,SP,5.1,91,38,81,68,75,64,Rare
1905,CHA,Chicago White Sox,0.605,Doc White,SP,5.0,84,61,75,74,66,70,Epic
1905,CHA,Chicago White Sox,0.605,Frank Owen,SP,3.3,89,48,89,58,72,66,Rare
1905,CHN,Chicago Cubs,0.601,Ed Reulbach,SP,9.1,95,71,69,113,80,84,Epic
1905,CHN,Chicago Cubs,0.601,Bob Wicker,SP,5.1,85,65,65,74,67,68,Rare
1905,CHN,Chicago Cubs,0.601,Jake Weimer,SP,3.8,87,56,52,72,69,61,Rare
1905,AC1,All Cubans,0.571,Angel D'Meza,SP,0.0,87,52,71,59,69,61,Rare
1905,AC1,All Cubans,0.571,Inocencio Pérez,SP,0.0,92,96,91,59,76,81,Epic
1905,AC1,All Cubans,0.571,Emilio Palomino,SP,0.0,90,25,76,59,73,55,Rare
1905,PHI,Philadelphia Phillies,0.546,Tully Sparks,SP,5.0,94,48,61,70,79,62,Rare
1905,PHI,Philadelphia Phillies,0.546,Bill Duggleby,SP,2.8,85,30,60,56,67,50,Uncommon
1905,PHI,Philadelphia Phillies,0.546,Togie Pittinger,SP,1.7,90,52,55,49,74,54,Uncommon
1905,CIN,Cincinnati Reds,0.516,Bob Ewing,SP,6.6,90,71,68,66,74,69,Rare
1905,CIN,Cincinnati Reds,0.516,Orval Overall,SP,4.5,86,74,38,58,68,58,Rare
1905,CIN,Cincinnati Reds,0.516,Charlie Chech,SP,1.7,98,36,60,57,84,54,Uncommon
1905,DET,Detroit Tigers,0.516,Ed Killian,SP,6.9,88,44,50,69,70,56,Rare
1905,DET,Detroit Tigers,0.516,Bill Donovan,SP,4.6,89,64,47,56,72,57,Rare
1905,DET,Detroit Tigers,0.516,George Mullin,SP,3.7,88,65,44,54,70,56,Rare
1905,BOS,Boston Americans,0.513,Cy Young,SP,7.1,94,92,107,76,78,90,Legendary
1905,BOS,Boston Americans,0.513,Jesse Tannehill,SP,5.0,88,54,77,52,70,62,Rare
1905,BOS,Boston Americans,0.513,George Winter,SP,1.4,94,59,80,44,78,63,Rare
1905,LEL,Chicago Leland Giants,0.5,Johnny Davis,SP,0.0,90,41,76,40,73,54,Uncommon
1905,CLE,Cleveland Naps,0.494,Addie Joss,SP,6.2,90,61,91,66,73,73,Epic
1905,CLE,Cleveland Naps,0.494,Earl Moore,SP,2.5,90,65,49,49,73,56,Rare
1905,CLE,Cleveland Naps,0.494,Bob Rhoads,SP,2.2,90,30,73,46,73,52,Uncommon
1905,NYA,New York Highlanders,0.477,Al Orth,SP,5.9,86,51,81,49,68,61,Rare
1905,NYA,New York Highlanders,0.477,Jack Chesbro,SP,5.1,84,69,73,66,66,69,Rare
1905,NYA,New York Highlanders,0.477,Clark Griffith,RP,3.4,45,60,94,89,35,76,Epic
1905,CXG,Cuban X Giants,0.429,Harry Buckner,SP,0.0,88,30,116,59,71,69,Rare
1905,CXG,Cuban X Giants,0.429,José Muñoz,SP,0.0,90,33,125,59,73,72,Epic
1905,CXG,Cuban X Giants,0.429,Walter Ball,SP,0.0,85,67,69,59,67,65,Rare
1905,WS1,Washington Senators,0.424,Tom Hughes,SP,3.3,87,69,64,58,69,64,Rare
1905,WS1,Washington Senators,0.424,Happy Townsend,SP,1.8,100,50,52,54,86,55,Rare
1905,WS1,Washington Senators,0.424,Barney Wolfe,SP,1.2,84,34,80,57,66,58,Rare
1905,SLN,St. Louis Cardinals,0.377,Jack Taylor,SP,2.6,90,41,63,40,74,51,Uncommon
1905,SLN,St. Louis Cardinals,0.377,Buster Brown,SP,2.6,88,39,48,48,70,48,Uncommon
1905,SLN,St. Louis Cardinals,0.377,Win Kellum,SP,1.4,97,30,97,51,83,62,Rare
1905,SLA,St. Louis Browns,0.353,Harry Howell,SP,5.9,88,85,54,68,71,69,Rare
1905,SLA,St. Louis Browns,0.353,Fred Glade,SP,3.2,88,61,78,45,70,62,Rare
1905,SLA,St. Louis Browns,0.353,Barney Pelty,SP,2.4,91,58,66,46,75,58,Rare
1905,BSN,Boston Beaneaters,0.331,Irv Young,SP,9.9,90,54,84,53,73,65,Rare
1905,BSN,Boston Beaneaters,0.331,Vic Willis,SP,2.9,87,57,54,47,69,54,Uncommon
1905,BSN,Boston Beaneaters,0.331,Chick Fraser,SP,2.7,90,50,40,45,73,48,Uncommon
1905,BRO,Brooklyn Superbas,0.316,Doc Scanlan,SP,2.7,89,74,42,49,72,57,Rare
1905,BRO,Brooklyn Superbas,0.316,Jack Doscher,SP,0.7,95,62,42,45,80,53,Uncommon
1905,BRO,Brooklyn Superbas,0.316,Elmer Stricklett,SP,-0.0,88,40,57,52,70,52,Uncommon
1905,BRG,Brooklyn Royal Giants,0.0,Pop Andrews,SP,0.0,92,4,104,59,76,58,Rare
1905,BRG,Brooklyn Royal Giants,0.0,Bill Merritt,SP,0.0,78,53,36,47,58,47,Uncommon
1905,BRG,Brooklyn Royal Giants,0.0,James Robinson,RP,0.0,45,9,101,40,35,48,Uncommon
1906,CHN,Chicago Cubs,0.763,Mordecai Brown,SP,7.3,88,70,76,116,71,86,Legendary
1906,CHN,Chicago Cubs,0.763,Ed Reulbach,SP,4.5,90,56,42,83,74,62,Rare
1906,CHN,Chicago Cubs,0.763,Jack Pfiester,SP,4.4,88,85,69,89,71,80,Epic
1906,PG,Philadelphia Giants,0.658,Rube Foster,SP,0.0,90,74,59,59,73,65,Rare
1906,PG,Philadelphia Giants,0.658,Danny McClellan,SP,0.0,100,46,85,59,86,66,Rare
1906,PG,Philadelphia Giants,0.658,Ed Wilson,SP,0.0,88,6,45,47,70,36,Common
1906,QG,Philadelphia Quaker Giants,0.636,Walter Ball,SP,0.0,90,42,72,59,73,59,Rare
1906,QG,Philadelphia Quaker Giants,0.636,Charles Earle,SP,0.0,90,70,49,47,73,57,Rare
1906,QG,Philadelphia Quaker Giants,0.636,Pedro Olave,SP,0.0,78,38,42,59,57,47,Uncommon
1906,NY1,New York Giants,0.632,Joe McGinnity,SP,3.0,90,38,79,66,74,62,Rare
1906,NY1,New York Giants,0.632,Hooks Wiltse,SP,2.7,93,67,73,58,77,67,Rare
1906,NY1,New York Giants,0.632,Christy Mathewson,SP,2.5,83,64,59,44,64,56,Rare
1906,CHA,Chicago White Sox,0.616,Doc White,SP,5.8,90,57,88,87,74,77,Epic
1906,CHA,Chicago White Sox,0.616,Ed Walsh,SP,4.6,90,85,79,74,73,79,Epic
1906,CHA,Chicago White Sox,0.616,Nick Altrock,SP,2.8,93,43,94,71,77,70,Epic
1906,PIT,Pittsburgh Pirates,0.608,Vic Willis,SP,8.3,90,49,72,87,73,70,Epic
1906,PIT,Pittsburgh Pirates,0.608,Sam Leever,SP,4.4,87,35,85,58,69,60,Rare
1906,PIT,Pittsburgh Pirates,0.608,Deacon Phillippe,SP,3.5,90,53,101,54,74,70,Epic
1906,NYA,New York Highlanders,0.596,Al Orth,SP,8.1,88,50,82,68,71,67,Rare
1906,NYA,New York Highlanders,0.596,Jack Chesbro,SP,3.9,84,62,74,54,65,64,Rare
1906,NYA,New York Highlanders,0.596,Bill Hogg,SP,3.3,86,70,48,49,68,57,Rare
1906,CLE,Cleveland Naps,0.582,Otto Hess,SP,4.9,91,67,68,73,75,70,Epic
1906,CLE,Cleveland Naps,0.582,Addie Joss,SP,4.6,90,48,93,78,74,73,Epic
1906,CLE,Cleveland Naps,0.582,Bob Rhoads,SP,4.5,91,34,59,74,75,58,Rare
1906,PHA,Philadelphia Athletics,0.538,Rube Waddell,SP,5.6,85,102,49,69,67,73,Epic
1906,PHA,Philadelphia Athletics,0.538,Eddie Plank,SP,4.1,88,69,71,67,70,69,Rare
1906,PHA,Philadelphia Athletics,0.538,Charles Bender,SP,2.7,89,93,81,53,72,75,Epic
1906,BRG,Brooklyn Royal Giants,0.536,Bill Merritt,SP,0.0,94,60,38,46,79,51,Uncommon
1906,BRG,Brooklyn Royal Giants,0.536,Billy Holland,SP,0.0,85,70,74,49,67,65,Rare
1906,BRG,Brooklyn Royal Giants,0.536,Pop Andrews,SP,0.0,97,23,118,59,83,68,Rare
1906,SLA,St. Louis Browns,0.51,Barney Pelty,SP,4.8,88,44,75,88,71,69,Rare
1906,SLA,St. Louis Browns,0.51,Jack Powell,SP,4.1,91,74,75,76,75,75,Epic
1906,SLA,St. Louis Browns,0.51,Fred Glade,SP,3.7,87,45,76,54,69,59,Rare
1906,LEL,Chicago Leland Giants,0.5,Will Horn,SP,0.0,87,64,52,47,69,56,Rare
1906,LEL,Chicago Leland Giants,0.5,Johnny Davis,SP,0.0,100,53,47,59,86,56,Rare
1906,DET,Detroit Tigers,0.477,George Mullin,SP,4.7,86,47,50,51,68,51,Uncommon
1906,DET,Detroit Tigers,0.477,Red Donahue,SP,4.4,88,42,75,56,70,59,Rare
1906,DET,Detroit Tigers,0.477,Bill Donovan,SP,2.8,88,52,49,43,70,50,Uncommon
1906,PHI,Philadelphia Phillies,0.464,Tully Sparks,SP,7.3,88,45,82,60,70,63,Rare
1906,PHI,Philadelphia Phillies,0.464,Bill Duggleby,SP,5.5,91,36,72,57,75,57,Rare
1906,PHI,Philadelphia Phillies,0.464,Lew Richie,SP,1.2,91,39,45,54,75,49,Uncommon
1906,BRO,Brooklyn Superbas,0.434,Elmer Stricklett,SP,1.7,87,37,65,50,69,52,Uncommon
1906,BRO,Brooklyn Superbas,0.434,Doc Scanlan,SP,1.2,88,54,40,38,71,47,Uncommon
1906,BRO,Brooklyn Superbas,0.434,Harry McIntire,SP,1.1,89,58,51,45,72,53,Uncommon
1906,CXG,Cuban X Giants,0.432,Emilio Palomino,SP,0.0,94,47,47,46,79,50,Uncommon
1906,CXG,Cuban X Giants,0.432,Harry Buckner,SP,0.0,91,66,81,59,75,69,Rare
1906,CXG,Cuban X Giants,0.432,Inocencio Pérez,SP,0.0,90,55,40,59,74,54,Uncommon
1906,CIN,Cincinnati Reds,0.424,Jake Weimer,SP,5.7,84,61,51,72,65,62,Rare
1906,CIN,Cincinnati Reds,0.424,Bob Ewing,SP,5.1,90,68,79,58,73,69,Rare
1906,CIN,Cincinnati Reds,0.424,Chick Fraser,SP,3.3,87,28,49,58,69,47,Uncommon
1906,CSH,Cuban Stars of Havana,0.417,Pedro Medina,SP,0.0,84,27,69,50,66,50,Uncommon
1906,CSH,Cuban Stars of Havana,0.417,Carlos Royer,SP,0.0,88,30,53,59,71,50,Uncommon
1906,CSH,Cuban Stars of Havana,0.417,Alejandro Delgado,SP,0.0,90,16,45,59,73,43,Common
1906,WS1,Washington Senators,0.367,Casey Patten,SP,5.0,89,42,62,65,72,58,Rare
1906,WS1,Washington Senators,0.367,Cy Falkenberg,SP,2.1,86,82,47,52,68,61,Rare
1906,WS1,Washington Senators,0.367,Charlie Smith,SP,1.0,98,59,52,48,84,56,Rare
1906,SLN,St. Louis Cardinals,0.347,Jack Taylor,SP,5.4,90,22,60,67,74,52,Uncommon
1906,SLN,St. Louis Cardinals,0.347,Buster Brown,SP,2.4,89,61,37,52,72,52,Uncommon
1906,SLN,St. Louis Cardinals,0.347,Fred Beebe,SP,1.3,90,105,41,48,74,66,Rare
1906,BSN,Boston Beaneaters,0.325,Irv Young,SP,3.2,88,55,73,44,71,59,Rare
1906,BSN,Boston Beaneaters,0.325,Vive Lindaman,SP,3.2,88,48,58,55,70,55,Rare
1906,BSN,Boston Beaneaters,0.325,Big Jeff Pfeffer,SP,2.0,87,71,46,45,69,56,Rare
1906,BOS,Boston Americans,0.318,Cy Young,SP,2.0,88,65,109,44,70,72,Epic
1906,BOS,Boston Americans,0.318,Bill Dinneen,SP,1.7,85,33,72,46,67,52,Uncommon
1906,BOS,Boston Americans,0.318,Jesse Tannehill,SP,1.6,83,54,81,39,64,59,Rare
1907,LEL,Chicago Leland Giants,1.0,Walter Ball,SP,0.0,90,85,125,59,73,88,Legendary
1907,LEL,Chicago Leland Giants,1.0,Rube Foster,SP,0.0,90,59,103,59,73,74,Epic
1907,CHN,Chicago Cubs,0.704,Mordecai Brown,SP,5.8,88,61,88,93,71,80,Epic
1907,CHN,Chicago Cubs,0.704,Carl Lundgren,SP,5.7,86,52,40,116,68,69,Rare
1907,CHN,Chicago Cubs,0.704,Orval Overall,SP,5.5,90,71,67,75,73,71,Epic
1907,PG,Philadelphia Giants,0.619,Emmett Bowman,SP,0.0,90,51,38,59,73,52,Uncommon
1907,PG,Philadelphia Giants,0.619,Danny McClellan,SP,0.0,92,55,74,59,76,64,Rare
1907,PG,Philadelphia Giants,0.619,Ed Wilson,SP,0.0,70,22,54,59,46,45,Uncommon
1907,DET,Detroit Tigers,0.613,Ed Killian,SP,6.3,91,37,59,78,75,60,Rare
1907,DET,Detroit Tigers,0.613,Ed Siever,SP,5.3,87,39,84,67,69,64,Rare
1907,DET,Detroit Tigers,0.613,Bill Donovan,SP,5.0,93,60,56,60,77,60,Rare
1907,PHA,Philadelphia Athletics,0.607,Eddie Plank,SP,6.2,88,72,70,59,70,67,Rare
1907,PHA,Philadelphia Athletics,0.607,Charles Bender,SP,5.0,90,69,92,69,74,76,Epic
1907,PHA,Philadelphia Athletics,0.607,Jimmy Dygert,SP,3.1,91,79,51,59,75,64,Rare
1907,PIT,Pittsburgh Pirates,0.591,Vic Willis,SP,4.3,84,46,72,52,66,58,Rare
1907,PIT,Pittsburgh Pirates,0.591,Sam Leever,SP,3.2,90,36,78,74,73,64,Rare
1907,PIT,Pittsburgh Pirates,0.591,Lefty Leifield,SP,2.6,88,50,48,58,71,54,Uncommon
1907,CHA,Chicago White Sox,0.576,Ed Walsh,SP,7.7,90,65,80,80,74,75,Epic
1907,CHA,Chicago White Sox,0.576,Doc White,SP,4.3,87,65,98,55,69,72,Epic
1907,CHA,Chicago White Sox,0.576,Frank Smith,SP,3.6,87,59,47,51,69,54,Uncommon
1907,PHI,Philadelphia Phillies,0.565,Tully Sparks,SP,4.4,88,42,83,63,70,63,Rare
1907,PHI,Philadelphia Phillies,0.565,George McQuillan,SP,2.2,86,96,64,119,68,90,Legendary
1907,PHI,Philadelphia Phillies,0.565,Lew Richie,SP,1.7,94,43,51,78,78,59,Rare
1907,CLE,Cleveland Naps,0.559,Addie Joss,SP,6.9,89,48,91,72,72,70,Epic
1907,CLE,Cleveland Naps,0.559,Glenn Liebhardt,SP,3.5,86,50,56,68,68,59,Rare
1907,CLE,Cleveland Naps,0.559,Bob Rhoads,SP,2.3,89,33,55,64,72,53,Uncommon
1907,NY1,New York Giants,0.536,Christy Mathewson,SP,8.6,88,77,89,62,71,75,Epic
1907,NY1,New York Giants,0.536,Hooks Wiltse,SP,3.5,90,54,68,57,73,61,Rare
1907,NY1,New York Giants,0.536,Red Ames,SP,2.2,90,87,38,57,73,62,Rare
1907,CBG,Cuban Giants,0.5,Robert Davis,SP,0.0,90,56,80,59,73,66,Rare
1907,CBG,Cuban Giants,0.5,Johnny Bright,SP,0.0,91,62,86,59,75,70,Epic
1907,CBG,Cuban Giants,0.5,Charles Earle,SP,0.0,76,120,125,59,54,97,Legendary
1907,NYA,New York Highlanders,0.473,Jack Chesbro,SP,5.0,86,48,75,64,68,63,Rare
1907,NYA,New York Highlanders,0.473,Slow Joe Doyle,SP,3.3,87,65,48,54,69,57,Rare
1907,NYA,New York Highlanders,0.473,Bobby Keefe,RP,1.7,45,43,48,56,35,48,Uncommon
1907,BRG,Brooklyn Royal Giants,0.462,Harry Buckner,SP,0.0,90,55,79,49,74,62,Rare
1907,BRG,Brooklyn Royal Giants,0.462,Billy Holland,SP,0.0,88,28,79,48,70,54,Uncommon
1907,BRG,Brooklyn Royal Giants,0.462,Bill Merritt,SP,0.0,67,79,74,40,43,62,Rare
1907,SLA,St. Louis Browns,0.454,Harry Howell,SP,4.1,90,47,62,67,73,60,Rare
1907,SLA,St. Louis Browns,0.454,Barney Pelty,SP,2.7,89,38,73,55,72,57,Rare
1907,SLA,St. Louis Browns,0.454,Jack Powell,SP,1.9,86,48,71,46,68,56,Rare
1907,BRO,Brooklyn Superbas,0.439,Nap Rucker,SP,3.7,90,63,59,58,74,61,Rare
1907,BRO,Brooklyn Superbas,0.439,Jim Pastorius,SP,3.3,88,39,48,52,70,49,Uncommon
1907,BRO,Brooklyn Superbas,0.439,Elmer Stricklett,SP,2.4,89,36,61,57,72,53,Uncommon
1907,CIN,Cincinnati Reds,0.431,Bob Ewing,SP,6.3,90,58,68,80,73,69,Rare
1907,CIN,Cincinnati Reds,0.431,Andy Coakley,SP,3.2,89,42,57,62,72,56,Rare
1907,CIN,Cincinnati Reds,0.431,Jake Weimer,SP,3.0,85,40,56,52,67,51,Uncommon
1907,BOS,Boston Americans,0.396,Cy Young,SP,7.6,91,56,94,67,75,73,Epic
1907,BOS,Boston Americans,0.396,George Winter,SP,3.2,92,43,72,66,76,62,Rare
1907,BOS,Boston Americans,0.396,Ralph Glaze,SP,1.1,88,47,66,54,71,57,Rare
1907,BSN,Boston Doves,0.392,Patsy Flaherty,SP,2.2,88,15,64,46,71,45,Uncommon
1907,BSN,Boston Doves,0.392,Gus Dorner,SP,1.2,88,38,49,40,71,45,Uncommon
1907,BSN,Boston Doves,0.392,Big Jeff Pfeffer,SP,0.8,90,60,41,41,73,50,Uncommon
1907,SLN,St. Louis Cardinals,0.34,Ed Karger,SP,6.4,94,57,79,65,78,68,Rare
1907,SLN,St. Louis Cardinals,0.34,Fred Beebe,SP,2.6,86,82,38,51,68,58,Rare
1907,SLN,St. Louis Cardinals,0.34,Stoney McGlynn,SP,1.3,90,38,52,41,73,47,Uncommon
1907,WS1,Washington Senators,0.325,Charlie Smith,SP,3.2,87,61,82,55,69,66,Rare
1907,WS1,Washington Senators,0.325,Walter Johnson,SP,2.8,90,90,86,67,74,80,Epic
1907,WS1,Washington Senators,0.325,Cy Falkenberg,SP,1.6,94,61,50,61,78,59,Rare
1907,CSH,Cuban Stars of Havana,0.286,Inocencio Pérez,SP,0.0,88,44,101,59,70,68,Rare
1907,CSH,Cuban Stars of Havana,0.286,Pedro Medina,SP,0.0,90,93,76,40,73,70,Epic
1907,CSH,Cuban Stars of Havana,0.286,José Muñoz,SP,0.0,90,76,103,59,73,79,Epic
1908,LEL,Chicago Leland Giants,0.682,Rube Foster,SP,0.0,90,64,49,49,73,56,Rare
1908,LEL,Chicago Leland Giants,0.682,Walter Ball,SP,0.0,90,37,46,59,74,50,Uncommon
1908,LEL,Chicago Leland Giants,0.682,William Dewberry,SP,0.0,85,40,15,59,67,41,Common
1908,BRG,Brooklyn Royal Giants,0.655,Charles Earle,SP,0.0,88,46,84,51,71,61,Rare
1908,BRG,Brooklyn Royal Giants,0.655,Harry Buckner,SP,0.0,87,35,75,59,69,58,Rare
1908,BRG,Brooklyn Royal Giants,0.655,Jules Thomas,RP,0.0,45,38,55,59,35,49,Uncommon
1908,CHN,Chicago Cubs,0.643,Mordecai Brown,SP,9.2,95,51,92,88,80,77,Epic
1908,CHN,Chicago Cubs,0.643,Ed Reulbach,SP,4.1,88,59,47,58,70,56,Rare
1908,CHN,Chicago Cubs,0.643,Jack Pfiester,SP,2.8,88,62,62,65,71,64,Rare
1908,NY1,New York Giants,0.636,Christy Mathewson,SP,11.8,89,93,104,86,72,92,Legendary
1908,NY1,New York Giants,0.636,Hooks Wiltse,SP,6.9,88,45,76,54,71,60,Rare
1908,NY1,New York Giants,0.636,Red Ames,SP,1.8,83,100,72,77,64,81,Epic
1908,PIT,Pittsburgh Pirates,0.636,Vic Willis,SP,5.0,85,39,75,59,67,59,Rare
1908,PIT,Pittsburgh Pirates,0.636,Lefty Leifield,SP,3.0,87,51,44,60,69,53,Uncommon
1908,PIT,Pittsburgh Pirates,0.636,Nick Maddox,SP,2.7,86,32,48,49,68,46,Uncommon
1908,DET,Detroit Tigers,0.588,Bill Donovan,SP,4.4,88,80,77,61,71,72,Epic
1908,DET,Detroit Tigers,0.588,Ed Summers,SP,3.7,92,43,85,75,76,68,Rare
1908,DET,Detroit Tigers,0.588,Ed Willett,SP,3.3,88,50,56,54,70,55,Rare
1908,CLE,Cleveland Naps,0.584,Addie Joss,SP,8.5,91,52,107,108,75,88,Legendary
1908,CLE,Cleveland Naps,0.584,Bob Rhoads,SP,4.1,90,26,64,71,73,56,Rare
1908,CLE,Cleveland Naps,0.584,Heinie Berger,SP,2.8,87,68,50,61,69,61,Rare
1908,CHA,Chicago White Sox,0.579,Ed Walsh,SP,10.3,92,80,100,89,76,88,Legendary
1908,CHA,Chicago White Sox,0.579,Doc White,SP,3.7,85,56,73,46,67,59,Rare
1908,CHA,Chicago White Sox,0.579,Frank Smith,SP,3.5,88,57,70,61,70,63,Rare
1908,SLA,St. Louis Browns,0.546,Jack Powell,SP,4.6,85,41,85,62,67,63,Rare
1908,SLA,St. Louis Browns,0.546,Harry Howell,SP,3.8,95,46,77,70,80,66,Rare
1908,SLA,St. Louis Browns,0.546,Rube Waddell,SP,3.3,84,116,53,72,66,79,Epic
1908,PHI,Philadelphia Phillies,0.539,George McQuillan,SP,9.1,88,39,68,86,70,65,Rare
1908,PHI,Philadelphia Phillies,0.539,Frank Corridon,SP,2.4,88,27,74,57,71,54,Uncommon
1908,PHI,Philadelphia Phillies,0.539,Bill Foxen,SP,2.4,90,44,47,62,74,53,Uncommon
1908,PG,Philadelphia Giants,0.516,Sy Hayman,SP,0.0,89,42,44,48,72,47,Uncommon
1908,PG,Philadelphia Giants,0.516,Danny McClellan,SP,0.0,88,42,89,59,70,64,Rare
1908,PG,Philadelphia Giants,0.516,Jerry Fisher,SP,0.0,89,65,46,59,72,58,Rare
1908,BOS,Boston Red Sox,0.487,Cy Young,SP,9.4,90,68,100,106,73,89,Legendary
1908,BOS,Boston Red Sox,0.487,Eddie Cicotte,SP,2.4,88,61,60,60,71,61,Rare
1908,BOS,Boston Red Sox,0.487,Elmer Steele,SP,2.3,90,38,103,71,74,71,Epic
1908,CIN,Cincinnati Reds,0.474,Andy Coakley,SP,4.1,88,30,65,102,70,66,Rare
1908,CIN,Cincinnati Reds,0.474,Bob Ewing,SP,2.0,90,40,82,52,74,60,Rare
1908,CIN,Cincinnati Reds,0.474,Jake Weimer,SP,2.0,84,38,41,48,65,45,Uncommon
1908,PHA,Philadelphia Athletics,0.444,Eddie Plank,SP,7.6,88,75,84,65,71,74,Epic
1908,PHA,Philadelphia Athletics,0.444,Rube Vickers,SP,6.2,91,66,75,67,75,70,Epic
1908,PHA,Philadelphia Athletics,0.444,Jimmy Dygert,SP,3.5,88,97,43,44,70,62,Rare
1908,WS1,Washington Senators,0.441,Walter Johnson,SP,4.8,88,87,79,79,70,80,Epic
1908,WS1,Washington Senators,0.441,Tom Hughes,SP,4.1,89,82,62,52,72,66,Rare
1908,WS1,Washington Senators,0.441,Bill Burns,SP,1.8,88,42,103,67,71,71,Epic
1908,BSN,Boston Doves,0.409,Cecil Ferguson,SP,2.2,94,63,43,54,79,56,Rare
1908,BSN,Boston Doves,0.409,Tom McCarthy,SP,2.1,84,36,47,55,66,48,Uncommon
1908,BSN,Boston Doves,0.409,Tom Tuckey,SP,0.8,90,46,62,46,73,54,Uncommon
1908,BRO,Brooklyn Superbas,0.344,Kaiser Wilhelm,SP,5.8,90,36,69,65,74,58,Rare
1908,BRO,Brooklyn Superbas,0.344,Nap Rucker,SP,5.7,90,82,46,63,73,65,Rare
1908,BRO,Brooklyn Superbas,0.344,Harry McIntire,SP,3.0,86,48,54,43,68,50,Uncommon
1908,NYA,New York Highlanders,0.331,Jack Chesbro,SP,2.3,91,56,73,41,75,58,Rare
1908,NYA,New York Highlanders,0.331,Rube Manning,SP,1.8,92,61,48,41,76,53,Uncommon
1908,NYA,New York Highlanders,0.331,Al Orth,SP,1.4,86,15,77,34,68,45,Uncommon
1908,SLN,St. Louis Cardinals,0.318,Bugs Raymond,SP,3.8,89,59,58,63,72,61,Rare
1908,SLN,St. Louis Cardinals,0.318,Johnny Lush,SP,2.3,84,47,74,54,65,59,Rare
1908,SLN,St. Louis Cardinals,0.318,Irv Higginbotham,SP,0.2,94,45,55,45,78,51,Uncommon
1908,CSH,Cuban Stars of Havana,0.3,Luis González,SP,0.0,90,75,66,49,74,64,Rare
1908,CSH,Cuban Stars of Havana,0.3,José Muñoz,SP,0.0,88,26,81,59,71,57,Rare
1908,CSH,Cuban Stars of Havana,0.3,Carlos Royer,SP,0.0,98,97,49,44,84,65,Rare
1909,SPG,St. Paul Gophers,0.846,Steel Arm Johnny Taylor,SP,0.0,99,70,85,48,85,69,Rare
1909,SPG,St. Paul Gophers,0.846,Johnny Davis,SP,0.0,80,34,60,43,60,47,Uncommon
1909,SPG,St. Paul Gophers,0.846,Julius London,SP,0.0,75,83,33,59,53,58,Rare
1909,BRG,Brooklyn Royal Giants,0.75,Charles Earle,SP,0.0,90,36,85,47,73,58,Rare
1909,BRG,Brooklyn Royal Giants,0.75,Harry Buckner,SP,0.0,90,25,45,59,73,46,Uncommon
1909,PIT,Pittsburgh Pirates,0.724,Howie Camnitz,SP,5.5,92,63,71,87,76,74,Epic
1909,PIT,Pittsburgh Pirates,0.724,Vic Willis,SP,4.4,86,41,60,59,68,55,Rare
1909,PIT,Pittsburgh Pirates,0.724,Babe Adams,SP,4.0,99,67,87,119,85,90,Legendary
1909,CHN,Chicago Cubs,0.68,Mordecai Brown,SP,9.5,95,68,92,105,80,88,Legendary
1909,CHN,Chicago Cubs,0.68,Orval Overall,SP,7.3,89,102,61,97,72,85,Legendary
1909,CHN,Chicago Cubs,0.68,Ed Reulbach,SP,5.6,86,51,54,78,68,62,Rare
1909,DET,Detroit Tigers,0.645,George Mullin,SP,4.6,88,53,67,63,71,62,Rare
1909,DET,Detroit Tigers,0.645,Ed Summers,SP,4.0,89,48,85,57,72,64,Rare
1909,DET,Detroit Tigers,0.645,Ed Killian,SP,4.0,90,38,61,79,74,61,Rare
1909,PHA,Philadelphia Athletics,0.621,Cy Morgan,SP,6.6,86,48,48,65,68,55,Rare
1909,PHA,Philadelphia Athletics,0.621,Harry Krause,SP,5.7,95,91,74,90,80,84,Epic
1909,PHA,Philadelphia Athletics,0.621,Eddie Plank,SP,5.3,85,67,73,76,67,72,Epic
1909,CSH,Cuban Stars of Havana,0.615,José Muñoz,SP,0.0,96,49,81,59,82,65,Rare
1909,CSH,Cuban Stars of Havana,0.615,José Méndez,SP,0.0,91,125,75,50,75,82,Epic
1909,CSH,Cuban Stars of Havana,0.615,Pastor Pareda,SP,0.0,106,58,49,49,95,56,Rare
1909,NY1,New York Giants,0.601,Christy Mathewson,SP,9.7,87,74,98,113,69,92,Legendary
1909,NY1,New York Giants,0.601,Hooks Wiltse,SP,4.5,91,58,84,62,75,69,Rare
1909,NY1,New York Giants,0.601,Bugs Raymond,SP,3.2,90,59,51,50,73,55,Rare
1909,BOS,Boston Red Sox,0.583,Smoky Joe Wood,SP,2.9,88,75,65,62,70,68,Rare
1909,BOS,Boston Red Sox,0.583,Frank Arellanes,SP,2.9,86,45,84,58,68,63,Rare
1909,BOS,Boston Red Sox,0.583,Eddie Cicotte,SP,1.6,93,68,48,65,77,62,Rare
1909,LEL,Chicago Leland Giants,0.567,Walter Ball,SP,0.0,95,67,106,49,80,75,Epic
1909,LEL,Chicago Leland Giants,0.567,Charles Dougherty,SP,0.0,88,104,50,59,70,71,Epic
1909,LEL,Chicago Leland Giants,0.567,Bill Gatewood,SP,0.0,84,76,49,59,65,62,Rare
1909,CHA,Chicago White Sox,0.513,Frank Smith,SP,7.1,90,65,83,73,74,74,Epic
1909,CHA,Chicago White Sox,0.513,Ed Walsh,SP,6.3,86,75,77,95,68,81,Epic
1909,CHA,Chicago White Sox,0.513,Jim Scott,SP,2.6,88,73,46,61,71,61,Rare
1909,CIN,Cincinnati Reds,0.503,Art Fromme,SP,5.6,86,60,47,73,68,61,Rare
1909,CIN,Cincinnati Reds,0.503,Harry Gaspar,SP,2.7,90,29,76,74,73,61,Rare
1909,CIN,Cincinnati Reds,0.503,Jack Rowan,SP,1.8,94,45,38,55,78,49,Uncommon
1909,KCG,Kansas City Giants,0.5,Andrew Skinner,SP,0.0,87,27,44,59,69,46,Uncommon
1909,KCG,Kansas City Giants,0.5,Rube Washington,SP,0.0,94,68,52,59,79,62,Rare
1909,KCG,Kansas City Giants,0.5,Billy Norman,SP,0.0,85,52,93,48,67,65,Rare
1909,NYA,New York Highlanders,0.49,Jack Warhop,SP,4.6,97,50,50,55,83,55,Rare
1909,NYA,New York Highlanders,0.49,Joe Lake,SP,2.3,86,74,63,70,68,69,Rare
1909,NYA,New York Highlanders,0.49,Tom Hughes,SP,1.9,84,80,54,46,66,61,Rare
1909,PHI,Philadelphia Phillies,0.484,Earl Moore,SP,5.9,89,79,47,60,72,63,Rare
1909,PHI,Philadelphia Phillies,0.484,George McQuillan,SP,3.1,89,50,77,59,72,63,Rare
1909,PHI,Philadelphia Phillies,0.484,Lew Moren,SP,2.2,87,56,47,47,69,52,Uncommon
1909,CLE,Cleveland Naps,0.464,Addie Joss,SP,5.4,88,33,99,85,71,72,Epic
1909,CLE,Cleveland Naps,0.464,Cy Young,SP,3.5,88,47,81,56,71,62,Rare
1909,CLE,Cleveland Naps,0.464,Heinie Berger,SP,2.5,88,92,73,49,70,71,Epic
1909,SLA,St. Louis Browns,0.407,Barney Pelty,SP,3.8,88,58,65,54,71,60,Rare
1909,SLA,St. Louis Browns,0.407,Jack Powell,SP,3.7,89,43,87,64,72,65,Rare
1909,SLA,St. Louis Browns,0.407,Rube Waddell,SP,3.2,84,89,67,57,66,70,Epic
1909,BRO,Brooklyn Superbas,0.359,Nap Rucker,SP,7.6,91,91,50,57,75,67,Rare
1909,BRO,Brooklyn Superbas,0.359,George Bell,SP,3.1,88,47,60,47,70,53,Uncommon
1909,BRO,Brooklyn Superbas,0.359,Doc Scanlan,SP,2.0,87,69,38,44,69,52,Uncommon
1909,SLN,St. Louis Cardinals,0.355,Johnny Lush,SP,2.0,84,36,54,45,66,47,Uncommon
1909,SLN,St. Louis Cardinals,0.355,Fred Beebe,SP,0.2,88,46,47,44,70,48,Uncommon
1909,SLN,St. Louis Cardinals,0.355,Slim Sallee,SP,0.2,85,29,64,52,67,50,Uncommon
1909,PG,Philadelphia Giants,0.333,Sy Hayman,SP,0.0,89,45,94,49,72,64,Rare
1909,PG,Philadelphia Giants,0.333,Jerry Fisher,SP,0.0,86,28,76,59,68,56,Rare
1909,PG,Philadelphia Giants,0.333,Danny McClellan,SP,0.0,82,40,84,48,63,58,Rare
1909,BSN,Boston Doves,0.294,Cliff Curtis,SP,3.8,90,31,47,102,74,61,Rare
1909,BSN,Boston Doves,0.294,Al Mattern,SP,3.1,94,38,49,49,79,49,Uncommon
1909,BSN,Boston Doves,0.294,Buster Brown,SP,2.8,86,34,36,42,68,40,Common
1909,WS1,Washington Senators,0.276,Walter Johnson,SP,4.1,86,76,61,62,68,66,Rare
1909,WS1,Washington Senators,0.276,Bob Groom,SP,1.5,87,68,43,46,69,54,Uncommon
1909,WS1,Washington Senators,0.276,Charlie Smith,SP,0.7,92,65,74,46,76,63,Rare
1910,LEL,Chicago Leland Giants,0.917,Frank Wickware,SP,0.0,94,99,96,50,79,81,Epic
1910,LEL,Chicago Leland Giants,0.917,Charles Dougherty,SP,0.0,88,119,44,47,71,70,Epic
1910,LEL,Chicago Leland Giants,0.917,Rube Foster,SP,0.0,94,67,99,48,79,72,Epic
1910,BRG,Brooklyn Royal Giants,0.692,Pop Andrews,SP,0.0,85,36,57,45,67,48,Uncommon
1910,BRG,Brooklyn Royal Giants,0.692,Charles Earle,SP,0.0,90,46,82,48,73,60,Rare
1910,BRG,Brooklyn Royal Giants,0.692,Harry Buckner,SP,0.0,118,58,63,59,110,65,Rare
1910,PHA,Philadelphia Athletics,0.68,Jack Coombs,SP,9.5,91,88,50,102,75,80,Epic
1910,PHA,Philadelphia Athletics,0.68,Charles Bender,SP,5.0,90,86,84,82,73,83,Epic
1910,PHA,Philadelphia Athletics,0.68,Cy Morgan,SP,3.0,88,61,43,87,70,64,Rare
1910,CHN,Chicago Cubs,0.675,King Cole,SP,5.0,86,63,31,83,68,60,Rare
1910,CHN,Chicago Cubs,0.675,Mordecai Brown,SP,4.8,92,65,77,79,76,74,Epic
1910,CHN,Chicago Cubs,0.675,Jack Pfiester,SP,2.2,84,42,67,90,65,66,Rare
1910,KRG,Kansas City Royal Giants,0.667,Charles Childs,SP,0.0,90,59,125,59,73,80,Epic
1910,COG,Chicago Giants,0.652,Joe Williams,SP,0.0,92,113,96,59,76,88,Legendary
1910,COG,Chicago Giants,0.652,Steel Arm Johnny Taylor,SP,0.0,95,45,77,59,80,62,Rare
1910,COG,Chicago Giants,0.652,Walter Ball,SP,0.0,88,74,88,48,71,70,Epic
1910,NY1,New York Giants,0.591,Christy Mathewson,SP,8.1,90,79,84,80,74,80,Epic
1910,NY1,New York Giants,0.591,Louis Drucke,SP,4.3,84,99,45,61,66,68,Rare
1910,NY1,New York Giants,0.591,Hooks Wiltse,SP,3.0,84,48,76,55,66,60,Rare
1910,NYA,New York Highlanders,0.583,Russ Ford,SP,11.4,90,98,73,81,74,83,Epic
1910,NYA,New York Highlanders,0.583,Hippo Vaughn,SP,5.2,89,65,66,79,72,70,Epic
1910,NYA,New York Highlanders,0.583,Jack Quinn,SP,3.4,83,44,70,59,64,58,Rare
1910,CSH,Cuban Stars of Havana,0.581,Lico Mederos,SP,0.0,85,69,69,59,67,66,Rare
1910,CSH,Cuban Stars of Havana,0.581,Eustaquio Pedroso,SP,0.0,94,77,46,59,79,62,Rare
1910,CSH,Cuban Stars of Havana,0.581,Luis González,SP,0.0,88,78,46,45,71,58,Rare
1910,PIT,Pittsburgh Pirates,0.562,Babe Adams,SP,3.7,86,53,70,71,68,65,Rare
1910,PIT,Pittsburgh Pirates,0.562,Lefty Leifield,SP,3.3,82,35,55,58,62,51,Uncommon
1910,PIT,Pittsburgh Pirates,0.562,Howie Camnitz,SP,2.7,87,61,73,55,69,64,Rare
1910,DET,Detroit Tigers,0.558,Bill Donovan,SP,3.6,90,70,58,53,73,62,Rare
1910,DET,Detroit Tigers,0.558,Ed Willett,SP,3.3,90,35,50,58,73,50,Uncommon
1910,DET,Detroit Tigers,0.558,Ed Summers,SP,3.0,89,47,63,49,72,55,Rare
1910,BOS,Boston Red Sox,0.529,Ray Collins,SP,6.1,92,59,89,86,76,78,Epic
1910,BOS,Boston Red Sox,0.529,Eddie Cicotte,SP,3.1,87,54,49,46,69,52,Uncommon
1910,BOS,Boston Red Sox,0.529,Ed Karger,SP,2.9,82,58,59,38,62,53,Uncommon
1910,PHI,Philadelphia Phillies,0.51,Earl Moore,SP,5.7,85,91,41,60,67,64,Rare
1910,PHI,Philadelphia Phillies,0.51,George McQuillan,SP,4.0,90,62,50,99,73,71,Epic
1910,PHI,Philadelphia Phillies,0.51,Bob Ewing,SP,2.6,84,51,49,51,66,52,Uncommon
1910,CIN,Cincinnati Reds,0.487,George Suggs,SP,4.6,89,43,86,60,72,64,Rare
1910,CIN,Cincinnati Reds,0.487,Harry Gaspar,SP,4.2,89,32,63,55,72,52,Uncommon
1910,CIN,Cincinnati Reds,0.487,Fred Beebe,SP,1.2,86,57,40,47,68,50,Uncommon
1910,CLE,Cleveland Naps,0.467,Addie Joss,SP,2.4,90,60,89,57,73,69,Rare
1910,CLE,Cleveland Naps,0.467,Cy Young,SP,2.2,86,45,90,60,68,65,Rare
1910,CLE,Cleveland Naps,0.467,Willie Mitchell,SP,2.0,96,76,57,51,81,63,Rare
1910,CHA,Chicago White Sox,0.444,Ed Walsh,SP,11.1,96,98,90,95,81,93,Legendary
1910,CHA,Chicago White Sox,0.444,Doc White,SP,2.7,86,62,78,47,68,63,Rare
1910,CHA,Chicago White Sox,0.444,Fred Olmstead,SP,2.4,90,47,64,66,74,60,Rare
1910,WS1,Washington Senators,0.437,Walter Johnson,SP,10.4,89,122,80,100,72,98,Legendary
1910,WS1,Washington Senators,0.437,Dixie Walker,SP,1.3,83,55,49,39,64,49,Uncommon
1910,WS1,Washington Senators,0.437,Dolly Gray,SP,1.2,84,46,61,47,66,53,Uncommon
1910,BRO,Brooklyn Superbas,0.416,Nap Rucker,SP,6.8,86,61,66,58,68,62,Rare
1910,BRO,Brooklyn Superbas,0.416,Doc Scanlan,SP,4.9,88,63,32,63,71,54,Uncommon
1910,BRO,Brooklyn Superbas,0.416,George Bell,SP,4.3,88,41,65,57,71,56,Rare
1910,SLN,St. Louis Cardinals,0.412,Slim Sallee,SP,2.5,89,52,79,47,72,61,Rare
1910,SLN,St. Louis Cardinals,0.412,Les Backman,SP,0.8,97,44,39,46,83,47,Uncommon
1910,SLN,St. Louis Cardinals,0.412,Johnny Lush,SP,0.8,90,27,54,45,73,45,Uncommon
1910,SC1,Stars of Cuba,0.357,Pastor Pareda,SP,0.0,91,61,74,48,75,62,Rare
1910,SC1,Stars of Cuba,0.357,José Méndez,SP,0.0,87,78,104,48,69,76,Epic
1910,SC1,Stars of Cuba,0.357,José Muñoz,SP,0.0,90,70,103,59,73,77,Epic
1910,BSN,Boston Doves,0.346,Buster Brown,SP,4.0,90,42,47,61,73,52,Uncommon
1910,BSN,Boston Doves,0.346,Al Mattern,SP,2.4,86,38,44,54,68,48,Uncommon
1910,BSN,Boston Doves,0.346,Cecil Ferguson,SP,1.6,89,40,37,41,72,43,Common
1910,PG,Philadelphia Giants,0.333,Lee Wade,SP,0.0,103,68,71,50,91,66,Rare
1910,PG,Philadelphia Giants,0.333,Danny McClellan,SP,0.0,96,39,106,48,81,66,Rare
1910,PG,Philadelphia Giants,0.333,Jerry Fisher,SP,0.0,82,59,43,41,63,49,Uncommon
1910,SLA,St. Louis Browns,0.305,Jack Powell,SP,2.8,81,52,77,63,61,64,Rare
1910,SLA,St. Louis Browns,0.305,Joe Lake,SP,2.2,90,73,58,60,73,65,Rare
1910,SLA,St. Louis Browns,0.305,Barney Pelty,SP,0.4,88,35,41,34,71,40,Common
1910,OKM,Oklahoma Monarchs,0.273,Robert Boone,SP,0.0,85,48,54,40,67,49,Uncommon
1910,OKM,Oklahoma Monarchs,0.273,Arthur Gilliard,SP,0.0,85,57,69,59,67,62,Rare
1910,WBS,West Baden Sprudels,0.0,Ben Taylor,SP,0.0,100,53,47,59,86,56,Rare
1910,WBS,West Baden Sprudels,0.0,C. I. Taylor,RP,0.0,45,81,82,44,35,66,Rare
1910,WBS,West Baden Sprudels,0.0,Morten Clark,SP,0.0,74,58,87,40,52,61,Rare
1911,CAG,Chicago American Giants,0.7,Charles Dougherty,SP,0.0,88,90,52,59,70,67,Rare
1911,CAG,Chicago American Giants,0.7,Frank Wickware,SP,0.0,90,115,42,59,74,72,Epic
1911,CAG,Chicago American Giants,0.7,Rube Foster,SP,0.0,101,80,78,49,88,71,Epic
1911,PHA,Philadelphia Athletics,0.669,Eddie Plank,SP,6.3,88,80,57,79,70,72,Epic
1911,PHA,Philadelphia Athletics,0.669,Charles Bender,SP,5.9,90,71,64,76,73,71,Epic
1911,PHA,Philadelphia Athletics,0.669,Harry Krause,SP,3.1,89,68,62,52,72,62,Rare
1911,NY1,New York Giants,0.647,Christy Mathewson,SP,7.9,86,61,100,84,68,80,Epic
1911,NY1,New York Giants,0.647,Rube Marquard,SP,6.4,87,123,45,65,69,77,Epic
1911,NY1,New York Giants,0.647,Red Ames,SP,3.8,89,79,66,72,72,72,Epic
1911,CSH,Cuban Stars of Havana,0.621,José Méndez,SP,0.0,88,125,85,50,71,85,Legendary
1911,CSH,Cuban Stars of Havana,0.621,J. F. Marlota,SP,0.0,82,74,63,59,62,65,Rare
1911,CSH,Cuban Stars of Havana,0.621,Julián Pérez,SP,0.0,94,75,69,59,79,69,Rare
1911,SLG,St. Louis Giants,0.605,Arthur Gilliard,SP,0.0,85,57,65,44,67,56,Rare
1911,SLG,St. Louis Giants,0.605,Ben Taylor,SP,0.0,96,53,44,47,81,51,Uncommon
1911,SLG,St. Louis Giants,0.605,Steel Arm Johnny Taylor,SP,0.0,90,63,69,41,73,59,Rare
1911,NLG,New York Lincoln Giants,0.6,Dick Redding,SP,0.0,90,100,44,49,73,65,Rare
1911,NLG,New York Lincoln Giants,0.6,Tom Johnson,SP,0.0,94,110,49,59,79,73,Epic
1911,NLG,New York Lincoln Giants,0.6,Danny McClellan,SP,0.0,102,91,87,46,89,76,Epic
1911,CHN,Chicago Cubs,0.597,Lew Richie,SP,5.0,90,38,43,71,73,53,Uncommon
1911,CHN,Chicago Cubs,0.597,Mordecai Brown,SP,3.5,94,64,80,58,79,68,Rare
1911,CHN,Chicago Cubs,0.597,King Cole,SP,2.8,86,60,39,53,68,52,Uncommon
1911,DET,Detroit Tigers,0.578,George Mullin,SP,5.5,85,47,66,55,67,57,Rare
1911,DET,Detroit Tigers,0.578,Bill Donovan,SP,2.6,89,64,45,51,72,55,Rare
1911,DET,Detroit Tigers,0.578,Ralph Works,SP,1.4,100,53,44,44,87,51,Uncommon
1911,PIT,Pittsburgh Pirates,0.552,Babe Adams,SP,6.3,84,60,95,74,66,75,Epic
1911,PIT,Pittsburgh Pirates,0.552,Lefty Leifield,SP,5.7,88,44,67,65,70,60,Rare
1911,PIT,Pittsburgh Pirates,0.552,Howie Camnitz,SP,3.2,85,70,53,53,67,60,Rare
1911,BRG,Brooklyn Royal Giants,0.545,Sam Crawford,SP,0.0,90,61,47,50,74,55,Rare
1911,BRG,Brooklyn Royal Giants,0.545,Pop Andrews,SP,0.0,95,16,50,47,80,42,Common
1911,BRG,Brooklyn Royal Giants,0.545,Charles Earle,SP,0.0,67,73,11,40,43,42,Common
1911,CLE,Cleveland Naps,0.523,Vean Gregg,SP,8.8,92,69,48,99,76,72,Epic
1911,CLE,Cleveland Naps,0.523,Gene Krapp,SP,1.9,88,82,24,56,70,56,Rare
1911,CLE,Cleveland Naps,0.523,George Kahler,SP,1.8,90,87,41,56,74,63,Rare
1911,PHI,Philadelphia Phillies,0.52,Pete Alexander,SP,8.1,94,86,48,66,79,68,Rare
1911,PHI,Philadelphia Phillies,0.52,Earl Moore,SP,5.7,88,77,32,62,70,58,Rare
1911,PHI,Philadelphia Phillies,0.52,George Chalmers,SP,1.4,92,65,36,53,76,54,Uncommon
1911,BOS,Boston Red Sox,0.51,Smoky Joe Wood,SP,5.2,87,120,63,86,69,88,Legendary
1911,BOS,Boston Red Sox,0.51,Ray Collins,SP,3.8,85,58,75,74,67,69,Rare
1911,BOS,Boston Red Sox,0.51,Larry Pape,SP,3.8,91,33,47,67,75,52,Uncommon
1911,CHA,Chicago White Sox,0.51,Ed Walsh,SP,9.2,94,97,82,75,79,84,Epic
1911,CHA,Chicago White Sox,0.51,Jim Scott,SP,4.9,88,79,47,68,70,65,Rare
1911,CHA,Chicago White Sox,0.51,Doc White,SP,3.0,82,42,90,56,63,63,Rare
1911,SLN,St. Louis Cardinals,0.503,Bob Harmon,SP,3.4,88,54,33,51,70,48,Uncommon
1911,SLN,St. Louis Cardinals,0.503,Slim Sallee,SP,3.3,86,37,66,59,68,55,Rare
1911,SLN,St. Louis Cardinals,0.503,Roy Radebaugh,SP,0.3,94,6,44,74,79,45,Uncommon
1911,NYA,New York Highlanders,0.5,Russ Ford,SP,7.5,88,77,64,81,70,74,Epic
1911,NYA,New York Highlanders,0.5,Ray Caldwell,SP,5.2,92,78,54,52,76,63,Rare
1911,NYA,New York Highlanders,0.5,Ray Fisher,SP,3.6,84,79,52,55,65,62,Rare
1911,COG,Chicago Giants,0.478,Joe Williams,SP,0.0,79,109,46,48,59,67,Rare
1911,COG,Chicago Giants,0.478,Walter Ball,SP,0.0,96,71,82,59,81,72,Epic
1911,COG,Chicago Giants,0.478,Bill Gatewood,SP,0.0,96,73,93,59,82,76,Epic
1911,WBS,West Baden Sprudels,0.478,Dizzy Dismukes,SP,0.0,88,53,48,44,70,50,Uncommon
1911,WBS,West Baden Sprudels,0.478,C. I. Taylor,SP,0.0,90,125,49,40,73,72,Epic
1911,CIN,Cincinnati Reds,0.458,Bobby Keefe,SP,5.2,90,59,51,60,73,58,Rare
1911,CIN,Cincinnati Reds,0.458,George Suggs,SP,3.8,90,44,56,55,73,54,Uncommon
1911,CIN,Cincinnati Reds,0.458,Harry Gaspar,SP,3.4,84,36,63,47,66,50,Uncommon
1911,BRO,Brooklyn Dodgers,0.427,Nap Rucker,SP,8.6,93,83,48,59,77,65,Rare
1911,BRO,Brooklyn Dodgers,0.427,Pat Ragan,RP,2.2,45,54,50,89,35,61,Rare
1911,BRO,Brooklyn Dodgers,0.427,Elmer Knetzer,SP,1.5,96,40,39,53,81,48,Uncommon
1911,WS1,Washington Senators,0.416,Walter Johnson,SP,8.5,88,90,77,86,71,83,Epic
1911,WS1,Washington Senators,0.416,Dixie Walker,SP,1.2,84,44,64,49,65,54,Uncommon
1911,WS1,Washington Senators,0.416,Bob Groom,SP,0.9,84,72,66,40,66,60,Rare
1911,SLA,St. Louis Browns,0.296,Barney Pelty,SP,3.5,90,36,48,56,73,49,Uncommon
1911,SLA,St. Louis Browns,0.296,Joe Lake,SP,1.9,88,39,85,50,71,59,Rare
1911,SLA,St. Louis Browns,0.296,Earl Hamilton,SP,1.4,96,38,44,40,82,45,Uncommon
1911,BSN,Boston Rustlers,0.291,Cliff Curtis,SP,0.8,88,38,42,49,70,46,Uncommon
1911,BSN,Boston Rustlers,0.291,Ed Donnelly,SP,0.8,90,57,70,88,74,72,Epic
1911,BSN,Boston Rustlers,0.291,Buster Brown,SP,0.7,93,39,36,40,77,42,Common
1911,AC2,All Cubans,0.286,Eustaquio Pedroso,SP,0.0,87,92,43,44,69,61,Rare
1911,AC2,All Cubans,0.286,Lico Mederos,SP,0.0,90,49,103,59,74,71,Epic
1911,AC2,All Cubans,0.286,José Parra,SP,0.0,86,74,85,59,68,72,Epic
1911,PG,Philadelphia Giants,0.273,Lorenzo Dow,SP,0.0,120,40,66,59,114,61,Rare
1911,PG,Philadelphia Giants,0.273,Morten Clark,SP,0.0,78,71,26,59,58,53,Uncommon
1911,PG,Philadelphia Giants,0.273,Lee Wade,SP,0.0,77,100,72,40,56,69,Rare
1911,KRG,Kansas City Royal Giants,0.25,Robert Boone,SP,0.0,101,100,98,40,88,80,Epic
1911,KRG,Kansas City Royal Giants,0.25,Rube Washington,SP,0.0,92,113,46,40,76,67,Rare
1911,KRG,Kansas City Royal Giants,0.25,Charles Jackson,SP,0.0,88,52,38,40,71,46,Uncommon
1912,BOS,Boston Red Sox,0.691,Smoky Joe Wood,SP,10.2,90,107,72,95,73,90,Legendary
1912,BOS,Boston Red Sox,0.691,Ray Collins,SP,5.6,87,53,78,66,69,66,Rare
1912,BOS,Boston Red Sox,0.691,Buck O'Brien,SP,5.3,85,54,50,67,67,58,Rare
1912,NY1,New York Giants,0.682,Christy Mathewson,SP,7.9,90,57,103,81,74,80,Epic
1912,NY1,New York Giants,0.682,Rube Marquard,SP,6.1,84,82,64,65,65,70,Epic
1912,NY1,New York Giants,0.682,Jeff Tesreau,SP,5.2,88,66,40,91,71,66,Rare
1912,NLG,New York Lincoln Giants,0.667,Joe Williams,SP,0.0,88,99,88,50,71,78,Epic
1912,NLG,New York Lincoln Giants,0.667,Dick Redding,SP,0.0,90,125,79,48,74,83,Epic
1912,NLG,New York Lincoln Giants,0.667,Ben Taylor,SP,0.0,84,56,78,59,65,64,Rare
1912,CAG,Chicago American Giants,0.635,Frank Wickware,SP,0.0,95,91,82,49,80,75,Epic
1912,CAG,Chicago American Giants,0.635,Bill Lindsay,SP,0.0,93,66,67,50,77,63,Rare
1912,CAG,Chicago American Giants,0.635,Rube Foster,SP,0.0,91,54,74,59,75,64,Rare
1912,PIT,Pittsburgh Pirates,0.616,Claude Hendrix,SP,4.7,90,84,47,63,73,66,Rare
1912,PIT,Pittsburgh Pirates,0.616,Howie Camnitz,SP,4.7,88,57,58,57,71,59,Rare
1912,PIT,Pittsburgh Pirates,0.616,Hank Robinson,SP,4.3,100,60,88,73,86,75,Epic
1912,CHN,Chicago Cubs,0.607,Larry Cheney,SP,4.4,86,61,47,58,68,57,Rare
1912,CHN,Chicago Cubs,0.607,Lew Richie,SP,3.1,89,35,54,55,72,50,Uncommon
1912,CHN,Chicago Cubs,0.607,Jimmy Lavender,SP,2.3,85,57,48,52,67,54,Uncommon
1912,KRG,Kansas City Royal Giants,0.6,Chick Harper,SP,0.0,90,115,49,40,73,68,Rare
1912,WS1,Washington Senators,0.599,Walter Johnson,SP,14.2,94,118,80,115,79,102,Legendary
1912,WS1,Washington Senators,0.599,Bob Groom,SP,4.2,84,78,57,67,66,67,Rare
1912,WS1,Washington Senators,0.599,Hippo Vaughn,SP,1.3,85,92,30,51,67,59,Rare
1912,PHA,Philadelphia Athletics,0.592,Eddie Plank,SP,4.3,88,55,52,76,71,62,Rare
1912,PHA,Philadelphia Athletics,0.592,Charles Bender,SP,2.2,90,71,83,61,73,72,Epic
1912,PHA,Philadelphia Athletics,0.592,Jack Coombs,SP,1.1,86,61,47,46,68,53,Uncommon
1912,CSH,Cuban Stars of Havana,0.571,Eustaquio Pedroso,SP,0.0,85,86,58,59,67,68,Rare
1912,CSH,Cuban Stars of Havana,0.571,José Méndez,SP,0.0,89,57,79,59,72,66,Rare
1912,CSH,Cuban Stars of Havana,0.571,José Junco,SP,0.0,108,34,86,48,98,60,Rare
1912,CHA,Chicago White Sox,0.506,Ed Walsh,SP,12.0,93,90,71,75,77,78,Epic
1912,CHA,Chicago White Sox,0.506,Joe Benz,SP,3.2,84,53,58,54,65,56,Rare
1912,CHA,Chicago White Sox,0.506,Eddie Cicotte,SP,1.9,86,60,66,43,68,58,Rare
1912,CIN,Cincinnati Reds,0.49,Art Fromme,SP,5.5,85,52,57,61,67,58,Rare
1912,CIN,Cincinnati Reds,0.49,George Suggs,SP,5.3,87,43,85,57,69,62,Rare
1912,CIN,Cincinnati Reds,0.49,Rube Benton,SP,4.0,84,73,44,59,65,59,Rare
1912,CLE,Cleveland Naps,0.49,Vean Gregg,SP,7.5,84,95,50,67,66,70,Epic
1912,CLE,Cleveland Naps,0.49,Fred Blanding,SP,4.5,87,34,56,59,69,52,Uncommon
1912,CLE,Cleveland Naps,0.49,Jim Baskette,RP,2.2,45,58,44,54,35,50,Uncommon
1912,PHI,Philadelphia Phillies,0.48,Pete Alexander,SP,6.3,90,87,49,62,74,67,Rare
1912,PHI,Philadelphia Phillies,0.48,Eppa Rixey,SP,4.7,85,46,49,73,67,57,Rare
1912,PHI,Philadelphia Phillies,0.48,Tom Seaton,SP,3.6,92,61,42,53,76,54,Uncommon
1912,SLG,St. Louis Giants,0.462,Lee Wade,SP,0.0,94,77,97,40,78,72,Epic
1912,SLG,St. Louis Giants,0.462,Walter Ball,SP,0.0,88,83,85,46,71,71,Epic
1912,SLG,St. Louis Giants,0.462,Dizzy Dismukes,SP,0.0,89,49,63,59,72,58,Rare
1912,DET,Detroit Tigers,0.451,Jean Dubuc,SP,4.3,93,50,40,62,77,53,Uncommon
1912,DET,Detroit Tigers,0.451,Ed Willett,SP,2.6,90,38,58,51,74,51,Uncommon
1912,DET,Detroit Tigers,0.451,George Mullin,SP,2.2,84,50,43,46,65,48,Uncommon
1912,SLN,St. Louis Cardinals,0.412,Slim Sallee,SP,6.1,90,47,70,65,74,62,Rare
1912,SLN,St. Louis Cardinals,0.412,Bob Harmon,SP,1.0,84,32,41,43,66,41,Common
1912,SLN,St. Louis Cardinals,0.412,Sandy Burk,RP,1.0,45,45,61,72,35,57,Rare
1912,WBS,West Baden Sprudels,0.407,Steel Arm Johnny Taylor,SP,0.0,91,48,104,59,75,71,Epic
1912,WBS,West Baden Sprudels,0.407,Hub Miller,SP,0.0,81,23,48,59,61,45,Uncommon
1912,BRG,Brooklyn Royal Giants,0.4,Pop Andrews,SP,0.0,86,41,92,47,68,61,Rare
1912,BRG,Brooklyn Royal Giants,0.4,Hurley McNair,SP,0.0,120,61,35,43,113,53,Uncommon
1912,BRG,Brooklyn Royal Giants,0.4,Johnny Goodgame,SP,0.0,92,55,32,45,76,47,Uncommon
1912,BRO,Brooklyn Dodgers,0.379,Nap Rucker,SP,8.4,88,68,71,76,71,72,Epic
1912,BRO,Brooklyn Dodgers,0.379,Pat Ragan,SP,2.4,85,65,54,43,67,55,Rare
1912,BRO,Brooklyn Dodgers,0.379,Earl Yingling,SP,0.6,96,38,49,40,81,46,Uncommon
1912,SLA,St. Louis Browns,0.344,Earl Hamilton,SP,3.8,93,76,48,54,77,61,Rare
1912,SLA,St. Louis Browns,0.344,George Baumgardner,SP,3.6,85,62,47,55,67,56,Rare
1912,SLA,St. Louis Browns,0.344,Jack Powell,SP,2.9,88,34,76,53,71,56,Rare
1912,BSN,Boston Braves,0.34,Hub Perdue,SP,2.7,87,52,77,43,69,58,Rare
1912,BSN,Boston Braves,0.34,Otto Hess,SP,2.4,86,39,48,47,68,47,Uncommon
1912,BSN,Boston Braves,0.34,Lefty Tyler,SP,1.5,89,77,35,40,72,53,Uncommon
1912,NYA,New York Highlanders,0.329,Jack Warhop,SP,6.9,103,56,74,64,91,67,Rare
1912,NYA,New York Highlanders,0.329,Russ Ford,SP,4.9,87,49,64,49,69,55,Rare
1912,NYA,New York Highlanders,0.329,George McConnell,SP,3.0,89,70,58,66,72,65,Rare
1913,NLG,New York Lincoln Giants,0.727,Joe Williams,SP,0.0,90,97,70,51,74,73,Epic
1913,NLG,New York Lincoln Giants,0.727,Lee Wade,SP,0.0,86,32,63,59,68,53,Uncommon
1913,NLG,New York Lincoln Giants,0.727,Dick Redding,SP,0.0,118,12,80,40,110,51,Uncommon
1913,COG,Chicago Giants,0.714,Sam Crawford,SP,0.0,89,40,52,59,72,52,Uncommon
1913,NY1,New York Giants,0.664,Christy Mathewson,SP,7.1,88,37,113,76,71,75,Epic
1913,NY1,New York Giants,0.664,Rube Marquard,SP,5.4,88,71,88,61,71,73,Epic
1913,NY1,New York Giants,0.664,Jeff Tesreau,SP,5.4,82,82,42,72,63,65,Rare
1913,PHA,Philadelphia Athletics,0.627,Charles Bender,SP,3.5,101,78,69,66,88,73,Epic
1913,PHA,Philadelphia Athletics,0.627,Eddie Plank,SP,3.2,85,86,73,53,67,70,Epic
1913,PHA,Philadelphia Athletics,0.627,Carroll Brown,SP,1.2,78,36,46,45,58,44,Common
1913,CAG,Chicago American Giants,0.597,Bill Lindsay,SP,0.0,97,119,58,52,83,77,Epic
1913,CAG,Chicago American Giants,0.597,Bill Gatewood,SP,0.0,94,74,54,59,79,64,Rare
1913,CAG,Chicago American Giants,0.597,Dicta Johnson,SP,0.0,82,80,51,59,63,63,Rare
1913,WS1,Washington Senators,0.584,Walter Johnson,SP,15.2,93,99,103,108,77,101,Legendary
1913,WS1,Washington Senators,0.584,Joe Boehling,SP,3.8,92,62,48,70,76,62,Rare
1913,WS1,Washington Senators,0.584,Bob Groom,SP,1.1,82,81,55,43,62,60,Rare
1913,PHI,Philadelphia Phillies,0.583,Pete Alexander,SP,6.6,88,70,70,57,70,66,Rare
1913,PHI,Philadelphia Phillies,0.583,Tom Seaton,SP,6.1,90,71,42,63,74,60,Rare
1913,PHI,Philadelphia Phillies,0.583,Ad Brennan,SP,3.6,86,60,76,68,68,68,Rare
1913,CHN,Chicago Cubs,0.575,Larry Cheney,SP,4.3,88,59,51,60,70,58,Rare
1913,CHN,Chicago Cubs,0.575,Bert Humphries,SP,2.6,90,42,98,54,73,66,Rare
1913,CHN,Chicago Cubs,0.575,George Pierce,SP,2.1,84,59,47,67,65,58,Rare
1913,CLE,Cleveland Naps,0.566,Cy Falkenberg,SP,7.1,83,83,52,73,64,69,Rare
1913,CLE,Cleveland Naps,0.566,Willie Mitchell,SP,6.0,94,91,43,87,79,74,Epic
1913,CLE,Cleveland Naps,0.566,Vean Gregg,SP,5.6,87,80,41,73,69,65,Rare
1913,BRG,Brooklyn Royal Giants,0.542,Lefty Harvey,SP,0.0,86,87,34,59,68,61,Rare
1913,BRG,Brooklyn Royal Giants,0.542,Dizzy Dismukes,SP,0.0,90,49,87,59,73,66,Rare
1913,BRG,Brooklyn Royal Giants,0.542,Walter Ball,SP,0.0,99,97,119,59,85,91,Legendary
1913,CSH,Cuban Stars of Havana,0.533,Eustaquio Pedroso,SP,0.0,90,40,87,50,73,60,Rare
1913,CSH,Cuban Stars of Havana,0.533,Pastor Pareda,SP,0.0,88,90,47,47,71,62,Rare
1913,CSH,Cuban Stars of Havana,0.533,José Junco,SP,0.0,81,61,76,44,61,60,Rare
1913,BOS,Boston Red Sox,0.527,Ray Collins,SP,5.4,86,45,93,56,68,65,Rare
1913,BOS,Boston Red Sox,0.527,Hugh Bedient,SP,4.5,91,63,67,61,75,65,Rare
1913,BOS,Boston Red Sox,0.527,Dutch Leonard,SP,4.2,91,76,47,70,75,65,Rare
1913,PIT,Pittsburgh Pirates,0.523,Babe Adams,SP,8.4,88,61,92,69,70,74,Epic
1913,PIT,Pittsburgh Pirates,0.523,Claude Hendrix,SP,3.4,93,79,46,53,77,61,Rare
1913,PIT,Pittsburgh Pirates,0.523,Hank Robinson,SP,3.3,88,30,79,69,70,60,Rare
1913,CHA,Chicago White Sox,0.513,Reb Russell,SP,9.3,89,49,69,82,72,67,Rare
1913,CHA,Chicago White Sox,0.513,Jim Scott,SP,8.0,86,68,63,82,68,71,Epic
1913,CHA,Chicago White Sox,0.513,Eddie Cicotte,SP,7.4,90,60,63,98,73,74,Epic
1913,WBS,West Baden Sprudels,0.512,Steel Arm Johnny Taylor,SP,0.0,94,65,87,59,78,71,Epic
1913,WBS,West Baden Sprudels,0.512,String Bean Williams,SP,0.0,79,71,66,59,59,65,Rare
1913,WBS,West Baden Sprudels,0.512,Hub Miller,SP,0.0,112,70,94,59,102,77,Epic
1913,MOH,Schenectady Mohawk Giants,0.5,Frank Wickware,SP,0.0,88,125,90,50,71,87,Legendary
1913,MOH,Schenectady Mohawk Giants,0.5,B. Brown,SP,0.0,110,69,80,59,100,72,Epic
1913,MOH,Schenectady Mohawk Giants,0.5,Dolph White,SP,0.0,77,63,23,42,56,44,Common
1913,BSN,Boston Braves,0.457,Dick Rudolph,SP,4.1,101,57,72,56,88,64,Rare
1913,BSN,Boston Braves,0.457,Lefty Tyler,SP,2.8,88,66,46,63,70,60,Rare
1913,BSN,Boston Braves,0.457,Hub Perdue,SP,1.2,78,56,85,48,58,62,Rare
1913,BRO,Brooklyn Superbas,0.436,Nap Rucker,SP,4.6,84,56,67,57,66,61,Rare
1913,BRO,Brooklyn Superbas,0.436,Ed Reulbach,SP,2.2,94,48,46,57,79,53,Uncommon
1913,BRO,Brooklyn Superbas,0.436,Earl Yingling,SP,2.1,101,32,113,64,88,72,Epic
1913,DET,Detroit Tigers,0.431,Hooks Dauss,SP,3.4,84,63,47,59,65,57,Rare
1913,DET,Detroit Tigers,0.431,Jean Dubuc,SP,2.3,88,37,46,57,71,49,Uncommon
1913,DET,Detroit Tigers,0.431,Ed Willett,SP,1.6,85,28,46,56,67,46,Uncommon
1913,FLP,French Lick Plutos,0.429,Henry McLaughlin,SP,0.0,90,50,40,59,73,52,Uncommon
1913,FLP,French Lick Plutos,0.429,James Lynch,SP,0.0,120,125,72,59,125,89,Legendary
1913,FLP,French Lick Plutos,0.429,James Patton,SP,0.0,76,52,51,59,55,54,Uncommon
1913,CIN,Cincinnati Reds,0.418,Red Ames,SP,3.3,84,64,49,63,66,59,Rare
1913,CIN,Cincinnati Reds,0.418,Mordecai Brown,SP,1.6,99,27,68,53,85,53,Uncommon
1913,CIN,Cincinnati Reds,0.418,George Johnson,SP,1.2,88,51,52,52,71,54,Uncommon
1913,NYA,New York Yankees,0.377,Ray Caldwell,SP,3.7,96,72,47,60,81,62,Rare
1913,NYA,New York Yankees,0.377,Russ Ford,SP,3.6,88,37,70,53,70,55,Rare
1913,NYA,New York Yankees,0.377,Ray Fisher,SP,3.2,84,47,60,47,66,53,Uncommon
1913,SLA,St. Louis Browns,0.373,Walt Leverenz,SP,3.1,82,56,40,57,63,52,Uncommon
1913,SLA,St. Louis Browns,0.373,Earl Hamilton,SP,2.3,90,62,45,57,73,56,Rare
1913,SLA,St. Louis Browns,0.373,Roy Mitchell,SP,2.0,90,27,83,47,74,54,Uncommon
1913,SLN,St. Louis Cardinals,0.34,Slim Sallee,SP,6.1,89,49,77,56,72,62,Rare
1913,SLN,St. Louis Cardinals,0.34,Bob Harmon,SP,1.3,95,28,47,39,80,42,Common
1913,SLN,St. Louis Cardinals,0.34,Bill Doak,SP,0.9,84,75,42,48,65,56,Rare
1914,NLS,New York Lincoln Stars,1.0,Ad Lankford,SP,0.0,82,103,74,59,62,77,Epic
1914,NLS,New York Lincoln Stars,1.0,Walter Ball,RP,0.0,45,74,108,59,35,76,Epic
1914,NLS,New York Lincoln Stars,1.0,B. Brown,RP,0.0,45,114,44,59,35,69,Rare
1914,CAG,Chicago American Giants,0.754,Lee Wade,SP,0.0,95,73,71,47,80,65,Rare
1914,CAG,Chicago American Giants,0.754,Horace Jenkins,SP,0.0,100,73,74,48,87,67,Rare
1914,CAG,Chicago American Giants,0.754,Rube Foster,SP,0.0,85,58,49,48,67,53,Uncommon
1914,PHA,Philadelphia Athletics,0.651,Charles Bender,SP,3.6,84,83,55,57,65,65,Rare
1914,PHA,Philadelphia Athletics,0.651,Rube Bressler,RP,3.4,45,91,45,79,35,68,Rare
1914,PHA,Philadelphia Athletics,0.651,Bob Shawkey,SP,2.2,83,48,53,47,64,51,Uncommon
1914,BSN,Boston Braves,0.614,Bill James,SP,7.9,90,62,48,75,73,63,Rare
1914,BSN,Boston Braves,0.614,Dick Rudolph,SP,6.3,91,53,86,59,75,67,Rare
1914,BSN,Boston Braves,0.614,Lefty Tyler,SP,1.4,84,70,46,51,66,57,Rare
1914,BOS,Boston Red Sox,0.595,Dutch Leonard,SP,9.7,90,112,65,110,73,93,Legendary
1914,BOS,Boston Red Sox,0.595,Ray Collins,SP,4.2,90,31,80,54,74,57,Rare
1914,BOS,Boston Red Sox,0.595,Rube Foster,SP,3.6,84,55,70,82,66,69,Rare
1914,ABC,Indianapolis ABCs,0.58,Dicta Johnson,SP,0.0,88,91,62,47,70,67,Rare
1914,ABC,Indianapolis ABCs,0.58,String Bean Williams,SP,0.0,93,70,47,43,77,56,Rare
1914,ABC,Indianapolis ABCs,0.58,Steel Arm Johnny Taylor,SP,0.0,93,46,48,44,77,49,Uncommon
1914,IND,Indianapolis Hoosiers,0.575,Cy Falkenberg,SP,8.7,89,87,72,80,72,79,Epic
1914,IND,Indianapolis Hoosiers,0.575,George Kaiserling,SP,2.8,87,32,66,55,69,53,Uncommon
1914,IND,Indianapolis Hoosiers,0.575,Earl Moseley,SP,1.5,87,90,45,50,69,62,Rare
1914,CHF,Chicago Chi-Feds,0.565,Claude Hendrix,SP,7.1,94,71,78,87,78,79,Epic
1914,CHF,Chicago Chi-Feds,0.565,Doc Watson,SP,3.4,90,49,52,80,74,62,Rare
1914,CHF,Chicago Chi-Feds,0.565,Rankin Johnson,SP,3.0,85,49,60,67,67,60,Rare
1914,NLG,New York Lincoln Giants,0.548,Dick Redding,SP,0.0,88,83,46,49,71,60,Rare
1914,NLG,New York Lincoln Giants,0.548,Bill Gatewood,SP,0.0,93,76,47,48,77,59,Rare
1914,NLG,New York Lincoln Giants,0.548,Joe Williams,SP,0.0,88,87,55,50,70,65,Rare
1914,BLF,Baltimore Terrapins,0.545,George Suggs,SP,6.0,87,54,86,57,69,66,Rare
1914,BLF,Baltimore Terrapins,0.545,Jack Quinn,SP,5.4,86,64,84,67,68,71,Epic
1914,BLF,Baltimore Terrapins,0.545,Snipe Conley,RP,1.6,45,97,46,66,35,66,Rare
1914,NY1,New York Giants,0.545,Jeff Tesreau,SP,4.9,85,81,44,54,67,60,Rare
1914,NY1,New York Giants,0.545,Art Fromme,RP,0.6,45,54,52,36,35,46,Uncommon
1914,NY1,New York Giants,0.545,Christy Mathewson,SP,0.4,89,30,112,39,72,62,Rare
1914,CSH,Cuban Stars of Havana,0.535,Pastor Pareda,SP,0.0,91,74,57,49,75,62,Rare
1914,CSH,Cuban Stars of Havana,0.535,Eustaquio Pedroso,SP,0.0,90,71,47,59,73,60,Rare
1914,CSH,Cuban Stars of Havana,0.535,Cristóbal Torriente,SP,0.0,84,70,49,49,65,57,Rare
1914,BUF,Buffalo Buffeds,0.53,Russ Ford,SP,7.1,92,67,89,88,76,81,Epic
1914,BUF,Buffalo Buffeds,0.53,Gene Krapp,SP,4.4,88,55,39,66,71,55,Rare
1914,BUF,Buffalo Buffeds,0.53,Fred Anderson,SP,1.1,91,76,70,51,75,67,Rare
1914,SLN,St. Louis Cardinals,0.529,Slim Sallee,SP,5.7,92,47,68,66,76,62,Rare
1914,SLN,St. Louis Cardinals,0.529,Bill Doak,SP,5.6,84,61,49,85,65,65,Rare
1914,SLN,St. Louis Cardinals,0.529,Pol Perritt,SP,3.9,90,52,51,58,73,56,Rare
1914,WS1,Washington Senators,0.526,Walter Johnson,SP,12.0,91,84,81,86,75,83,Epic
1914,WS1,Washington Senators,0.526,Jim Shaw,SP,3.3,86,89,32,52,68,59,Rare
1914,WS1,Washington Senators,0.526,Doc Ayers,SP,2.5,86,76,80,55,68,70,Epic
1914,DET,Detroit Tigers,0.523,Harry Coveleski,SP,5.4,87,53,50,56,69,55,Rare
1914,DET,Detroit Tigers,0.523,Hooks Dauss,SP,2.8,88,67,60,50,71,60,Rare
1914,DET,Detroit Tigers,0.523,Pug Cavet,SP,2.2,99,42,59,57,85,56,Rare
1914,CHN,Chicago Cubs,0.506,Hippo Vaughn,SP,3.3,87,77,46,74,69,66,Rare
1914,CHN,Chicago Cubs,0.506,Zip Zabel,RP,2.2,45,50,48,60,35,51,Uncommon
1914,CHN,Chicago Cubs,0.506,Larry Cheney,SP,1.9,84,68,39,52,65,54,Uncommon
1914,BRF,Brooklyn Tip-Tops,0.5,Ed Lafitte,SP,4.4,89,63,40,59,72,56,Rare
1914,BRF,Brooklyn Tip-Tops,0.5,Tom Seaton,SP,2.5,84,78,49,51,66,60,Rare
1914,BRF,Brooklyn Tip-Tops,0.5,Joseph Finneran,SP,1.4,83,38,49,47,64,47,Uncommon
1914,BRO,Brooklyn Robins,0.487,Jeff Pfeffer,SP,7.9,91,56,59,71,75,63,Rare
1914,BRO,Brooklyn Robins,0.487,Ed Reulbach,SP,3.1,89,62,51,53,72,57,Rare
1914,BRO,Brooklyn Robins,0.487,Raleigh Aitchison,SP,2.0,95,68,48,52,80,58,Rare
1914,PHI,Philadelphia Phillies,0.481,Pete Alexander,SP,8.9,90,83,78,60,74,74,Epic
1914,PHI,Philadelphia Phillies,0.481,Erskine Mayer,SP,5.8,86,46,61,55,68,55,Rare
1914,PHI,Philadelphia Phillies,0.481,Ben Tincup,SP,1.8,90,98,44,65,74,70,Epic
1914,SLA,St. Louis Browns,0.464,Carl Weilman,SP,7.1,87,51,61,72,69,62,Rare
1914,SLA,St. Louis Browns,0.464,Earl Hamilton,SP,5.7,88,47,50,54,71,52,Uncommon
1914,SLA,St. Louis Browns,0.464,Bill James,SP,3.0,85,49,45,47,67,49,Uncommon
1914,CHA,Chicago White Sox,0.455,Eddie Cicotte,SP,3.8,90,60,65,76,73,68,Rare
1914,CHA,Chicago White Sox,0.455,Joe Benz,SP,3.4,85,67,73,60,67,67,Rare
1914,CHA,Chicago White Sox,0.455,Mellie Wolfgang,SP,1.8,99,55,64,81,85,68,Rare
1914,NYA,New York Yankees,0.455,Ray Caldwell,SP,7.0,91,57,71,71,75,67,Rare
1914,NYA,New York Yankees,0.455,Ray Fisher,SP,4.3,85,53,59,63,67,59,Rare
1914,NYA,New York Yankees,0.455,Jack Warhop,SP,3.5,92,30,80,56,76,57,Rare
1914,PIT,Pittsburgh Pirates,0.448,Babe Adams,SP,3.9,85,40,96,51,67,63,Rare
1914,PIT,Pittsburgh Pirates,0.448,Bob Harmon,SP,3.8,86,29,75,52,68,54,Uncommon
1914,PIT,Pittsburgh Pirates,0.448,Wilbur Cooper,SP,2.7,84,49,58,62,66,57,Rare
1914,KCF,Kansas City Packers,0.444,Nick Cullop,SP,2.3,87,69,58,63,69,64,Rare
1914,KCF,Kansas City Packers,0.444,Gene Packard,SP,1.8,89,69,59,52,72,61,Rare
1914,KCF,Kansas City Packers,0.444,George Hogan,RP,-0.2,45,73,31,30,35,44,Common
1914,PTF,Pittsburgh Rebels,0.427,Elmer Knetzer,SP,1.7,90,73,51,52,73,60,Rare
1914,PTF,Pittsburgh Rebels,0.427,Walt Dickson,SP,1.4,85,28,60,49,67,48,Uncommon
1914,PTF,Pittsburgh Rebels,0.427,Howie Camnitz,SP,0.4,84,38,49,46,65,46,Uncommon
1914,BRG,Brooklyn Royal Giants,0.424,Dizzy Dismukes,SP,0.0,88,57,84,48,70,64,Rare
1914,BRG,Brooklyn Royal Giants,0.424,Lefty Harvey,SP,0.0,89,91,40,49,72,61,Rare
1914,BRG,Brooklyn Royal Giants,0.424,Doc Sykes,SP,0.0,78,66,38,45,57,50,Uncommon
1914,SLF,St. Louis Terriers,0.411,Dave Davenport,SP,3.3,87,84,43,53,69,61,Rare
1914,SLF,St. Louis Terriers,0.411,Mordecai Brown,SP,2.1,90,65,66,41,73,59,Rare
1914,SLF,St. Louis Terriers,0.411,Bob Groom,SP,1.6,86,82,65,49,68,66,Rare
1914,CIN,Cincinnati Reds,0.39,Red Ames,SP,3.9,86,56,53,54,68,56,Rare
1914,CIN,Cincinnati Reds,0.39,Rube Benton,SP,2.2,88,59,48,50,71,54,Uncommon
1914,CIN,Cincinnati Reds,0.39,Phil Douglas,SP,1.4,93,68,45,55,77,58,Rare
1914,CLE,Cleveland Naps,0.333,Bill Steen,SP,4.8,90,65,49,65,74,61,Rare
1914,CLE,Cleveland Naps,0.333,Willie Mitchell,SP,1.4,85,98,36,45,67,60,Rare
1914,CLE,Cleveland Naps,0.333,Rip Hagerman,SP,1.0,83,78,26,46,64,51,Uncommon
1915,NLG,New York Lincoln Giants,0.739,Ad Lankford,SP,0.0,95,72,51,48,80,59,Rare
1915,NLG,New York Lincoln Giants,0.739,Joe Williams,SP,0.0,91,85,86,59,75,76,Epic
1915,NLG,New York Lincoln Giants,0.739,F. Banks,SP,0.0,72,53,67,59,50,59,Rare
1915,BOS,Boston Red Sox,0.669,Ernie Shore,SP,5.4,84,54,65,87,65,68,Rare
1915,BOS,Boston Red Sox,0.669,Smoky Joe Wood,SP,5.3,94,52,62,100,78,72,Epic
1915,BOS,Boston Red Sox,0.669,Rube Foster,SP,4.6,84,40,49,67,65,53,Uncommon
1915,DET,Detroit Tigers,0.649,Hooks Dauss,SP,5.5,89,56,46,68,72,58,Rare
1915,DET,Detroit Tigers,0.649,Harry Coveleski,SP,4.3,86,64,62,66,68,64,Rare
1915,DET,Detroit Tigers,0.649,Bernie Boland,SP,2.2,101,45,46,50,88,51,Uncommon
1915,NLS,New York Lincoln Stars,0.615,Dick Redding,SP,0.0,99,111,62,59,85,78,Epic
1915,NLS,New York Lincoln Stars,0.615,Lefty Harvey,SP,0.0,78,99,34,59,58,63,Rare
1915,NLS,New York Lincoln Stars,0.615,Doc Sykes,SP,0.0,88,81,50,59,71,64,Rare
1915,CHA,Chicago White Sox,0.604,Jim Scott,SP,6.1,88,52,66,76,70,65,Rare
1915,CHA,Chicago White Sox,0.604,Joe Benz,SP,4.6,88,42,86,71,70,67,Rare
1915,CHA,Chicago White Sox,0.604,Red Faber,SP,4.3,91,84,50,60,75,66,Rare
1915,ABC,Indianapolis ABCs,0.597,Dizzy Dismukes,SP,0.0,92,60,91,46,76,67,Rare
1915,ABC,Indianapolis ABCs,0.597,Dicta Johnson,SP,0.0,89,80,64,46,72,64,Rare
1915,ABC,Indianapolis ABCs,0.597,Tom Johnson,SP,0.0,84,51,60,48,66,54,Uncommon
1915,PHI,Philadelphia Phillies,0.592,Pete Alexander,SP,11.0,90,89,88,113,73,94,Legendary
1915,PHI,Philadelphia Phillies,0.592,Erskine Mayer,SP,3.4,87,54,77,56,69,63,Rare
1915,PHI,Philadelphia Phillies,0.592,George Chalmers,SP,2.2,88,64,65,55,70,62,Rare
1915,CHF,Chicago Whales,0.566,George McConnell,SP,2.9,88,67,58,63,71,64,Rare
1915,CHF,Chicago Whales,0.566,Mordecai Brown,SP,2.6,92,52,64,71,76,64,Rare
1915,CHF,Chicago Whales,0.566,Mike Prendergast,SP,1.4,88,48,65,56,70,58,Rare
1915,SLF,St. Louis Terriers,0.565,Dave Davenport,SP,8.7,88,80,70,73,70,74,Epic
1915,SLF,St. Louis Terriers,0.565,Eddie Plank,SP,6.6,88,75,81,84,71,79,Epic
1915,SLF,St. Louis Terriers,0.565,Doc Crandall,SP,3.5,92,48,70,61,76,61,Rare
1915,PTF,Pittsburgh Rebels,0.562,Frank Allen,SP,4.7,83,59,48,59,64,56,Rare
1915,PTF,Pittsburgh Rebels,0.562,Cy Barger,RP,2.5,45,37,55,71,35,52,Uncommon
1915,PTF,Pittsburgh Rebels,0.562,Elmer Knetzer,SP,2.4,88,56,52,58,70,57,Rare
1915,WS1,Washington Senators,0.556,Walter Johnson,SP,11.9,88,83,89,104,71,90,Legendary
1915,WS1,Washington Senators,0.556,Bert Gallia,SP,5.3,90,67,70,68,73,69,Rare
1915,WS1,Washington Senators,0.556,Doc Ayers,SP,5.1,110,60,86,73,100,76,Epic
1915,BSN,Boston Braves,0.546,Tom Hughes,SP,5.2,100,85,79,64,87,77,Epic
1915,BSN,Boston Braves,0.546,Pat Ragan,SP,4.3,92,45,64,111,76,74,Epic
1915,BSN,Boston Braves,0.546,Dick Rudolph,SP,3.2,84,56,84,57,66,66,Rare
1915,CAG,Chicago American Giants,0.537,Frank Wickware,SP,0.0,82,92,72,49,63,70,Epic
1915,CAG,Chicago American Giants,0.537,Dick Whitworth,SP,0.0,96,67,46,59,81,60,Rare
1915,CAG,Chicago American Giants,0.537,Bill Gatewood,SP,0.0,95,46,48,51,80,51,Uncommon
1915,KCF,Kansas City Packers,0.529,Nick Cullop,SP,3.5,87,47,76,59,69,61,Rare
1915,KCF,Kansas City Packers,0.529,Alex Main,SP,1.6,86,51,50,58,68,54,Uncommon
1915,KCF,Kansas City Packers,0.529,Gene Packard,SP,1.5,90,49,66,56,74,59,Rare
1915,BRO,Brooklyn Robins,0.526,Jeff Pfeffer,SP,6.0,88,35,66,66,70,57,Rare
1915,BRO,Brooklyn Robins,0.526,Jack Coombs,SP,2.9,86,34,38,60,68,46,Uncommon
1915,BRO,Brooklyn Robins,0.526,Wheezer Dell,SP,2.9,90,57,38,59,73,54,Uncommon
1915,NEW,Newark Pepper,0.526,Earl Moseley,SP,4.0,87,72,46,80,69,66,Rare
1915,NEW,Newark Pepper,0.526,Ed Reulbach,SP,3.9,90,57,68,66,73,65,Rare
1915,NEW,Newark Pepper,0.526,George Kaiserling,SP,2.9,90,34,62,71,73,57,Rare
1915,SLG,St. Louis Giants,0.5,String Bean Williams,SP,0.0,90,86,36,48,74,58,Rare
1915,SLG,St. Louis Giants,0.5,Joe Smith,SP,0.0,82,52,105,43,63,66,Rare
1915,SLG,St. Louis Giants,0.5,Hub Miller,SP,0.0,85,74,46,46,67,56,Rare
1915,BUF,Buffalo Blues,0.487,Fred Anderson,SP,4.4,88,82,57,62,70,67,Rare
1915,BUF,Buffalo Blues,0.487,Al Schulz,SP,3.1,86,70,36,49,68,53,Uncommon
1915,BUF,Buffalo Blues,0.487,Gene Krapp,SP,0.8,84,52,32,43,65,45,Uncommon
1915,CHN,Chicago Cubs,0.477,Jimmy Lavender,SP,3.8,90,72,56,53,74,62,Rare
1915,CHN,Chicago Cubs,0.477,Hippo Vaughn,SP,3.4,84,75,60,48,66,62,Rare
1915,CHN,Chicago Cubs,0.477,Bert Humphries,SP,1.8,84,31,97,58,65,62,Rare
1915,PIT,Pittsburgh Pirates,0.474,Al Mamaux,SP,6.1,85,84,45,67,67,66,Rare
1915,PIT,Pittsburgh Pirates,0.474,Babe Adams,SP,2.8,86,29,96,45,68,58,Rare
1915,PIT,Pittsburgh Pirates,0.474,Bob Harmon,SP,2.2,87,39,74,53,69,57,Rare
1915,SLN,St. Louis Cardinals,0.471,Bill Doak,SP,3.6,83,59,55,53,64,56,Rare
1915,SLN,St. Louis Cardinals,0.471,Hank Robinson,SP,1.6,92,51,70,61,76,62,Rare
1915,SLN,St. Louis Cardinals,0.471,Dan Griner,SP,1.5,87,37,55,48,69,49,Uncommon
1915,BRF,Brooklyn Tip-Tops,0.461,Joseph Finneran,SP,1.4,90,39,43,57,73,49,Uncommon
1915,BRF,Brooklyn Tip-Tops,0.461,Hooks Wiltse,RP,0.8,45,34,101,68,35,64,Rare
1915,BRF,Brooklyn Tip-Tops,0.461,Dan Marion,SP,0.8,87,24,55,53,69,46,Uncommon
1915,CIN,Cincinnati Reds,0.461,Fred Toney,SP,8.0,93,65,50,99,77,72,Epic
1915,CIN,Cincinnati Reds,0.461,Gene Dale,SP,3.4,88,44,47,58,70,52,Uncommon
1915,CIN,Cincinnati Reds,0.461,Pete Schneider,SP,2.7,84,50,46,58,66,53,Uncommon
1915,NY1,New York Giants,0.454,Jeff Tesreau,SP,5.4,85,79,70,56,67,68,Rare
1915,NY1,New York Giants,0.454,Ralph Stroud,SP,1.0,87,42,83,46,69,58,Rare
1915,NY1,New York Giants,0.454,Pol Perritt,SP,0.8,82,54,64,47,62,56,Rare
1915,NYA,New York Yankees,0.454,Ray Fisher,SP,4.8,89,50,69,68,72,63,Rare
1915,NYA,New York Yankees,0.454,Ray Caldwell,SP,4.8,88,56,48,50,71,53,Uncommon
1915,NYA,New York Yankees,0.454,George Mogridge,SP,1.3,86,32,64,95,68,64,Rare
1915,CSH,Cuban Stars of Havana,0.453,Eustaquio Pedroso,SP,0.0,86,100,40,48,68,63,Rare
1915,CSH,Cuban Stars of Havana,0.453,José Junco,SP,0.0,90,67,62,48,73,60,Rare
1915,CSH,Cuban Stars of Havana,0.453,Pastor Pareda,SP,0.0,90,60,53,48,73,56,Rare
1915,SLA,St. Louis Browns,0.409,Carl Weilman,SP,5.6,92,55,61,60,76,60,Rare
1915,SLA,St. Louis Browns,0.409,Ernie Koob,SP,2.3,96,33,46,61,81,50,Uncommon
1915,SLA,St. Louis Browns,0.409,Bill James,SP,1.2,82,43,32,51,63,44,Common
1915,CLE,Cleveland Indians,0.375,Guy Morton,SP,7.5,89,76,69,71,72,72,Epic
1915,CLE,Cleveland Indians,0.375,Willie Mitchell,SP,3.0,84,88,47,60,66,65,Rare
1915,CLE,Cleveland Indians,0.375,Allan Collamore,SP,1.5,98,26,49,64,84,50,Uncommon
1915,BLF,Baltimore Terrapins,0.305,Jack Quinn,SP,1.2,89,56,74,44,72,59,Rare
1915,BLF,Baltimore Terrapins,0.305,Rankin Johnson,SP,0.4,87,50,44,38,69,46,Uncommon
1915,BLF,Baltimore Terrapins,0.305,George LeClair,RP,0.1,45,39,64,46,35,48,Uncommon
1915,PHA,Philadelphia Athletics,0.283,Weldon Wyckoff,SP,2.0,85,78,26,47,67,52,Uncommon
1915,PHA,Philadelphia Athletics,0.283,Bob Shawkey,SP,1.0,87,62,44,38,69,50,Uncommon
1915,PHA,Philadelphia Athletics,0.283,Tom Knowlson,SP,0.8,100,27,26,43,87,38,Common
1916,NLG,New York Lincoln Giants,0.636,Dick Redding,SP,0.0,95,86,60,50,80,67,Rare
1916,NLG,New York Lincoln Giants,0.636,Joe Williams,SP,0.0,97,80,64,50,83,66,Rare
1916,NLG,New York Lincoln Giants,0.636,F. Banks,SP,0.0,72,38,24,59,49,41,Common
1916,BRG,Brooklyn Royal Giants,0.615,String Bean Williams,SP,0.0,94,83,67,46,78,67,Rare
1916,BRG,Brooklyn Royal Giants,0.615,Lefty Harvey,SP,0.0,80,94,43,49,60,62,Rare
1916,BRO,Brooklyn Robins,0.61,Jeff Pfeffer,SP,6.6,89,50,83,71,72,68,Rare
1916,BRO,Brooklyn Robins,0.61,Rube Marquard,SP,4.6,96,71,85,88,81,81,Epic
1916,BRO,Brooklyn Robins,0.61,Sherry Smith,SP,2.6,92,37,80,56,76,60,Rare
1916,CAG,Chicago American Giants,0.606,Frank Wickware,SP,0.0,90,71,40,59,73,58,Rare
1916,CAG,Chicago American Giants,0.606,Tom Johnson,SP,0.0,88,62,47,49,71,54,Uncommon
1916,CAG,Chicago American Giants,0.606,Dick Whitworth,SP,0.0,91,103,31,59,75,65,Rare
1916,PHI,Philadelphia Phillies,0.595,Pete Alexander,SP,11.0,88,56,98,87,71,79,Epic
1916,PHI,Philadelphia Phillies,0.595,Eppa Rixey,SP,4.4,88,62,67,77,71,69,Rare
1916,PHI,Philadelphia Phillies,0.595,Al Demaree,SP,3.3,85,60,89,51,67,67,Rare
1916,BOS,Boston Red Sox,0.591,Babe Ruth,SP,8.8,84,71,47,89,66,69,Rare
1916,BOS,Boston Red Sox,0.591,Dutch Leonard,SP,5.2,85,71,71,58,67,67,Rare
1916,BOS,Boston Red Sox,0.591,Carl Mays,SP,4.8,96,38,56,58,81,54,Uncommon
1916,BSN,Boston Braves,0.586,Dick Rudolph,SP,3.8,86,56,100,56,68,70,Epic
1916,BSN,Boston Braves,0.586,Tom Hughes,RP,2.6,45,83,53,53,35,60,Rare
1916,BSN,Boston Braves,0.586,Pat Ragan,SP,2.3,84,70,67,59,66,65,Rare
1916,CHA,Chicago White Sox,0.578,Reb Russell,SP,3.9,97,55,91,64,83,71,Epic
1916,CHA,Chicago White Sox,0.578,Eddie Cicotte,SP,3.3,94,65,46,84,78,66,Rare
1916,CHA,Chicago White Sox,0.578,Red Faber,SP,3.2,86,55,57,75,68,63,Rare
1916,NY1,New York Giants,0.566,Ferdie Schupp,RP,4.2,45,85,66,114,35,83,Epic
1916,NY1,New York Giants,0.566,Slim Sallee,SP,3.1,95,43,86,63,80,66,Rare
1916,NY1,New York Giants,0.566,Pol Perritt,SP,2.7,90,61,75,43,73,61,Rare
1916,DET,Detroit Tigers,0.565,Harry Coveleski,SP,6.9,87,41,82,73,69,66,Rare
1916,DET,Detroit Tigers,0.565,Jean Dubuc,SP,2.2,98,27,35,53,84,43,Common
1916,DET,Detroit Tigers,0.565,Hooks Dauss,SP,2.1,86,51,46,47,68,50,Uncommon
1916,ABC,Indianapolis ABCs,0.561,Dizzy Dismukes,SP,0.0,90,38,45,59,74,50,Uncommon
1916,ABC,Indianapolis ABCs,0.561,Dicta Johnson,SP,0.0,85,83,35,52,67,58,Rare
1916,ABC,Indianapolis ABCs,0.561,Jim Jeffries,SP,0.0,90,58,66,48,73,59,Rare
1916,NYA,New York Yankees,0.519,Bob Shawkey,SP,6.9,96,58,58,66,81,63,Rare
1916,NYA,New York Yankees,0.519,Nick Cullop,SP,2.5,83,61,83,71,64,71,Epic
1916,NYA,New York Yankees,0.519,George Mogridge,SP,2.4,91,42,73,63,75,61,Rare
1916,SLA,St. Louis Browns,0.513,Carl Weilman,SP,5.1,89,41,63,64,72,58,Rare
1916,SLA,St. Louis Browns,0.513,Eddie Plank,SP,3.8,90,47,60,61,73,58,Rare
1916,SLA,St. Louis Browns,0.513,Dave Davenport,SP,2.9,91,58,49,47,75,54,Uncommon
1916,CSW,Cuban Stars West,0.507,Juan Padrón,SP,0.0,93,111,64,55,77,77,Epic
1916,CSW,Cuban Stars West,0.507,José Junco,SP,0.0,86,47,80,49,68,60,Rare
1916,CSW,Cuban Stars West,0.507,Eustaquio Pedroso,SP,0.0,87,72,48,48,69,57,Rare
1916,CLE,Cleveland Indians,0.5,Jim Bagby,SP,3.6,95,40,70,61,80,59,Rare
1916,CLE,Cleveland Indians,0.5,Fritz Coumbe,SP,2.8,91,40,75,77,75,65,Rare
1916,CLE,Cleveland Indians,0.5,Ed Klepfer,SP,2.2,100,57,51,68,86,61,Rare
1916,WS1,Washington Senators,0.497,Walter Johnson,SP,10.3,94,86,76,84,78,82,Epic
1916,WS1,Washington Senators,0.497,Harry Harper,SP,5.0,82,82,43,57,62,61,Rare
1916,WS1,Washington Senators,0.497,Bert Gallia,SP,3.6,90,55,48,52,74,54,Uncommon
1916,CHN,Chicago Cubs,0.438,Hippo Vaughn,SP,6.6,87,66,74,66,69,69,Rare
1916,CHN,Chicago Cubs,0.438,Claude Hendrix,SP,3.0,90,73,55,53,74,62,Rare
1916,CHN,Chicago Cubs,0.438,Mike Prendergast,RP,2.6,45,47,93,60,35,64,Rare
1916,SLG,St. Louis Giants,0.429,Bill Gatewood,SP,0.0,93,42,79,50,77,59,Rare
1916,SLG,St. Louis Giants,0.429,Lee Wade,SP,0.0,82,55,90,47,63,64,Rare
1916,SLG,St. Louis Giants,0.429,Bill Drake,SP,0.0,109,43,74,59,99,63,Rare
1916,PIT,Pittsburgh Pirates,0.422,Wilbur Cooper,SP,5.8,98,60,56,71,84,64,Rare
1916,PIT,Pittsburgh Pirates,0.422,Frank Miller,SP,3.6,88,69,61,57,71,63,Rare
1916,PIT,Pittsburgh Pirates,0.422,Al Mamaux,SP,3.0,86,71,40,54,68,56,Rare
1916,CIN,Cincinnati Reds,0.392,Fred Toney,SP,4.2,84,65,66,56,66,63,Rare
1916,CIN,Cincinnati Reds,0.392,Pete Schneider,SP,1.4,89,56,57,48,72,56,Rare
1916,CIN,Cincinnati Reds,0.392,Clarence Mitchell,SP,-0.1,85,31,73,40,67,50,Uncommon
1916,SLN,St. Louis Cardinals,0.392,Lee Meadows,SP,2.3,85,54,43,52,67,51,Uncommon
1916,SLN,St. Louis Cardinals,0.392,Bill Doak,SP,1.8,82,56,60,48,63,56,Rare
1916,SLN,St. Louis Cardinals,0.392,Red Ames,SP,1.0,96,56,69,49,82,60,Rare
1916,NLS,New York Lincoln Stars,0.276,Doc Sykes,SP,0.0,86,50,47,51,68,51,Uncommon
1916,NLS,New York Lincoln Stars,0.276,Ad Lankford,SP,0.0,86,44,38,48,68,46,Uncommon
1916,NLS,New York Lincoln Stars,0.276,Gunboat Thompson,SP,0.0,88,21,73,59,70,53,Uncommon
1916,PHA,Philadelphia Athletics,0.235,Bullet Joe Bush,SP,5.4,88,75,39,56,71,58,Rare
1916,PHA,Philadelphia Athletics,0.235,Jack Nabors,SP,0.5,81,44,39,42,61,44,Common
1916,PHA,Philadelphia Athletics,0.235,Elmer Myers,SP,0.0,90,79,32,37,73,52,Uncommon
1916,CSE,Cuban Stars East,0.167,Pablo Armenteros,SP,0.0,91,63,45,40,75,52,Uncommon
1916,CSE,Cuban Stars East,0.167,José Suárez,SP,0.0,90,34,30,43,74,40,Common
1916,CSE,Cuban Stars East,0.167,Bernardo Baró,SP,0.0,64,12,31,40,39,29,Common
1917,CAG,Chicago American Giants,0.778,Dick Redding,SP,0.0,93,102,60,59,77,74,Epic
1917,CAG,Chicago American Giants,0.778,Tom Williams,SP,0.0,90,59,74,50,73,62,Rare
1917,CAG,Chicago American Giants,0.778,Tom Johnson,SP,0.0,86,50,48,51,68,52,Uncommon
1917,NLG,New York Lincoln Giants,0.667,Joe Williams,SP,0.0,100,98,55,59,87,72,Epic
1917,NLG,New York Lincoln Giants,0.667,Gifford McDonald,SP,0.0,72,89,44,59,50,63,Rare
1917,NLG,New York Lincoln Giants,0.667,Lee Wade,SP,0.0,82,41,38,59,62,48,Uncommon
1917,CHA,Chicago White Sox,0.649,Eddie Cicotte,SP,11.9,94,57,81,93,79,77,Epic
1917,CHA,Chicago White Sox,0.649,Reb Russell,SP,3.5,84,34,89,74,66,66,Rare
1917,CHA,Chicago White Sox,0.649,Dave Danforth,RP,3.3,45,60,41,55,35,50,Uncommon
1917,NY1,New York Giants,0.636,Ferdie Schupp,SP,5.1,88,74,67,64,70,68,Rare
1917,NY1,New York Giants,0.636,Fred Anderson,SP,3.0,90,56,79,94,73,76,Epic
1917,NY1,New York Giants,0.636,Pol Perritt,SP,2.9,86,42,79,68,68,64,Rare
1917,BOS,Boston Red Sox,0.592,Babe Ruth,SP,6.6,88,50,50,69,70,58,Rare
1917,BOS,Boston Red Sox,0.592,Carl Mays,SP,5.8,88,39,67,82,71,63,Rare
1917,BOS,Boston Red Sox,0.592,Dutch Leonard,SP,5.2,86,66,70,60,68,66,Rare
1917,PHI,Philadelphia Phillies,0.572,Pete Alexander,SP,9.2,89,70,95,79,72,80,Epic
1917,PHI,Philadelphia Phillies,0.572,Charles Bender,SP,3.6,101,49,74,88,88,72,Epic
1917,PHI,Philadelphia Phillies,0.572,Eppa Rixey,SP,3.5,84,56,72,69,65,66,Rare
1917,CLE,Cleveland Indians,0.571,Jim Bagby,SP,8.5,88,30,74,71,71,60,Rare
1917,CLE,Cleveland Indians,0.571,Stan Coveleski,SP,8.5,86,59,53,80,68,64,Rare
1917,CLE,Cleveland Indians,0.571,Ed Klepfer,SP,2.1,84,38,67,69,66,59,Rare
1917,SLN,St. Louis Cardinals,0.539,Gene Packard,RP,1.6,45,35,91,33,35,51,Uncommon
1917,SLN,St. Louis Cardinals,0.539,Lee Meadows,SP,1.5,81,48,49,42,61,48,Uncommon
1917,SLN,St. Louis Cardinals,0.539,Red Ames,SP,1.2,100,36,63,51,86,54,Uncommon
1917,DET,Detroit Tigers,0.51,Bill James,SP,2.8,88,38,36,65,70,49,Uncommon
1917,DET,Detroit Tigers,0.51,Hooks Dauss,SP,2.8,88,48,51,55,71,53,Uncommon
1917,DET,Detroit Tigers,0.51,Bernie Boland,SP,2.7,88,48,44,58,70,52,Uncommon
1917,CIN,Cincinnati Reds,0.506,Fred Toney,SP,4.3,85,46,75,60,67,61,Rare
1917,CIN,Cincinnati Reds,0.506,Pete Schneider,SP,2.7,84,54,48,63,66,56,Rare
1917,CIN,Cincinnati Reds,0.506,Hod Eller,RP,1.0,45,68,71,56,35,62,Rare
1917,WS1,Washington Senators,0.484,Walter Johnson,SP,7.2,93,79,79,62,77,74,Epic
1917,WS1,Washington Senators,0.484,Doc Ayers,RP,3.8,45,48,61,61,35,54,Uncommon
1917,WS1,Washington Senators,0.484,George Dumont,SP,2.7,89,39,46,51,72,48,Uncommon
1917,CHN,Chicago Cubs,0.481,Hippo Vaughn,SP,6.7,84,92,55,73,65,72,Epic
1917,CHN,Chicago Cubs,0.481,Phil Douglas,SP,3.0,84,70,88,53,66,70,Epic
1917,CHN,Chicago Cubs,0.481,Al Demaree,SP,2.2,83,36,70,51,64,53,Uncommon
1917,CSE,Cuban Stars East,0.481,Evelio Calderin,SP,0.0,85,63,44,45,67,52,Uncommon
1917,CSE,Cuban Stars East,0.481,José Suárez,SP,0.0,90,53,32,48,74,47,Uncommon
1917,CSE,Cuban Stars East,0.481,Leon,SP,0.0,86,51,47,59,68,54,Uncommon
1917,BSN,Boston Braves,0.471,Art Nehf,SP,3.2,95,57,89,59,80,70,Epic
1917,BSN,Boston Braves,0.471,Lefty Tyler,SP,2.8,88,53,47,56,70,54,Uncommon
1917,BSN,Boston Braves,0.471,Tom Hughes,SP,1.4,91,74,43,66,75,62,Rare
1917,BRG,Brooklyn Royal Giants,0.464,Lefty Harvey,SP,0.0,84,93,31,59,65,61,Rare
1917,BRG,Brooklyn Royal Giants,0.464,Maywood Brown,SP,0.0,74,107,1,44,52,51,Uncommon
1917,BRG,Brooklyn Royal Giants,0.464,Ad Lankford,SP,0.0,88,61,18,59,71,48,Uncommon
1917,BRO,Brooklyn Robins,0.464,Jeff Pfeffer,SP,5.3,89,57,69,63,72,64,Rare
1917,BRO,Brooklyn Robins,0.464,Leon Cadore,SP,4.8,89,57,72,57,72,63,Rare
1917,BRO,Brooklyn Robins,0.464,Rube Marquard,SP,3.1,85,68,67,54,67,63,Rare
1917,NYA,New York Yankees,0.464,Bob Shawkey,SP,4.1,90,53,56,58,74,58,Rare
1917,NYA,New York Yankees,0.464,Ray Caldwell,SP,2.4,85,57,51,44,67,52,Uncommon
1917,NYA,New York Yankees,0.464,Ray Fisher,SP,2.3,85,59,57,61,67,60,Rare
1917,ABC,Indianapolis ABCs,0.441,String Bean Williams,SP,0.0,95,77,51,50,80,61,Rare
1917,ABC,Indianapolis ABCs,0.441,Bill Gatewood,SP,0.0,84,72,62,53,66,63,Rare
1917,ABC,Indianapolis ABCs,0.441,Jim Jeffries,SP,0.0,84,61,48,50,66,54,Uncommon
1917,CSW,Cuban Stars West,0.396,Juan Padrón,SP,0.0,88,76,77,50,71,68,Rare
1917,CSW,Cuban Stars West,0.396,José Junco,SP,0.0,86,14,73,53,68,49,Uncommon
1917,CSW,Cuban Stars West,0.396,Bernardo Baró,SP,0.0,87,23,46,59,69,45,Uncommon
1917,SLA,St. Louis Browns,0.37,Bob Groom,SP,4.2,87,44,43,44,69,46,Uncommon
1917,SLA,St. Louis Browns,0.37,Eddie Plank,SP,3.1,91,21,59,73,75,53,Uncommon
1917,SLA,St. Louis Browns,0.37,Grover Lowdermilk,SP,0.6,92,63,78,104,76,81,Epic
1917,PHA,Philadelphia Athletics,0.359,Jing Johnson,SP,2.6,87,35,58,49,69,49,Uncommon
1917,PHA,Philadelphia Athletics,0.359,Bullet Joe Bush,SP,2.1,83,70,37,55,64,55,Rare
1917,PHA,Philadelphia Athletics,0.359,Win Noyes,SP,1.8,84,48,39,44,65,46,Uncommon
1917,PIT,Pittsburgh Pirates,0.331,Wilbur Cooper,SP,7.2,88,41,86,60,71,63,Rare
1917,PIT,Pittsburgh Pirates,0.331,Elmer Jacobs,SP,3.7,90,30,49,50,74,46,Uncommon
1917,PIT,Pittsburgh Pirates,0.331,Bob Steele,SP,2.4,89,63,51,52,72,57,Rare
1918,CAG,Chicago American Giants,0.714,Dick Whitworth,SP,0.0,106,60,42,50,95,55,Rare
1918,CAG,Chicago American Giants,0.714,Frank Wickware,SP,0.0,89,45,47,59,72,52,Uncommon
1918,CAG,Chicago American Giants,0.714,James Field,SP,0.0,83,36,21,47,64,38,Common
1918,HIL,Hilldale Club,0.667,Phil Cockrell,SP,0.0,88,82,42,50,70,59,Rare
1918,HIL,Hilldale Club,0.667,Shang Johnson,SP,0.0,102,41,42,49,89,48,Uncommon
1918,HIL,Hilldale Club,0.667,Doc Sykes,SP,0.0,76,16,51,59,55,43,Common
1918,CHN,Chicago Cubs,0.651,Hippo Vaughn,SP,7.7,89,69,66,81,72,72,Epic
1918,CHN,Chicago Cubs,0.651,Lefty Tyler,SP,6.9,90,48,69,76,73,65,Rare
1918,CHN,Chicago Cubs,0.651,Claude Hendrix,SP,2.0,88,47,73,52,71,59,Rare
1918,BOS,Boston Red Sox,0.595,Carl Mays,SP,3.5,89,50,62,65,72,60,Rare
1918,BOS,Boston Red Sox,0.595,Bullet Joe Bush,SP,3.4,89,61,49,65,72,60,Rare
1918,BOS,Boston Red Sox,0.595,Babe Ruth,SP,2.3,88,27,58,66,71,52,Uncommon
1918,ABC,Indianapolis ABCs,0.581,String Bean Williams,SP,0.0,97,50,53,59,83,57,Rare
1918,ABC,Indianapolis ABCs,0.581,Jim Jeffries,SP,0.0,76,37,47,50,55,46,Uncommon
1918,ABC,Indianapolis ABCs,0.581,Dizzy Dismukes,SP,0.0,86,35,48,59,68,49,Uncommon
1918,CLE,Cleveland Indians,0.575,Stan Coveleski,SP,9.9,92,33,70,88,76,65,Rare
1918,CLE,Cleveland Indians,0.575,Jim Bagby,SP,4.3,88,23,60,65,71,52,Uncommon
1918,CLE,Cleveland Indians,0.575,Johnny Enzmann,SP,3.5,94,33,78,64,78,60,Rare
1918,NY1,New York Giants,0.573,Pol Perritt,SP,2.4,82,30,90,47,63,56,Rare
1918,NY1,New York Giants,0.573,Slim Sallee,SP,1.8,86,29,108,58,68,65,Rare
1918,NY1,New York Giants,0.573,Red Causey,SP,1.4,89,37,65,48,72,52,Uncommon
1918,NLG,New York Lincoln Giants,0.571,Joe Williams,SP,0.0,93,97,72,53,77,74,Epic
1918,NLG,New York Lincoln Giants,0.571,Scottie Hendrix,SP,0.0,96,52,31,59,82,51,Uncommon
1918,NLG,New York Lincoln Giants,0.571,Henry McLaughlin,SP,0.0,89,96,56,59,72,70,Epic
1918,WS1,Washington Senators,0.562,Walter Johnson,SP,10.4,100,67,77,114,87,86,Legendary
1918,WS1,Washington Senators,0.562,Harry Harper,SP,4.3,83,39,41,69,64,51,Uncommon
1918,WS1,Washington Senators,0.562,Jim Shaw,SP,2.6,85,73,46,59,67,60,Rare
1918,CIN,Cincinnati Reds,0.531,Hod Eller,SP,3.2,94,49,64,63,79,61,Rare
1918,CIN,Cincinnati Reds,0.531,Fred Toney,SP,2.6,84,26,88,63,66,60,Rare
1918,CIN,Cincinnati Reds,0.531,Roy Mitchell,SP,1.4,93,29,84,102,77,72,Epic
1918,PIT,Pittsburgh Pirates,0.52,Wilbur Cooper,SP,4.3,92,56,72,73,76,68,Rare
1918,PIT,Pittsburgh Pirates,0.52,Earl Hamilton,SP,2.7,90,47,71,119,73,78,Epic
1918,PIT,Pittsburgh Pirates,0.52,Erskine Mayer,SP,2.5,87,18,73,56,69,51,Uncommon
1918,NYA,New York Yankees,0.488,George Mogridge,SP,4.2,107,30,86,63,96,63,Rare
1918,NYA,New York Yankees,0.488,Slim Love,SP,1.7,84,54,34,45,66,46,Uncommon
1918,NYA,New York Yankees,0.488,Hank Thormahlen,SP,1.6,92,21,38,59,76,43,Common
1918,BRG,Brooklyn Royal Giants,0.48,John Donaldson,SP,0.0,92,67,62,59,76,64,Rare
1918,BRG,Brooklyn Royal Giants,0.48,Tom Williams,SP,0.0,84,48,51,49,66,51,Uncommon
1918,BRG,Brooklyn Royal Giants,0.48,Irvin Brooks,SP,0.0,82,82,36,59,63,59,Rare
1918,SLA,St. Louis Browns,0.475,Allen Sothoron,SP,4.2,88,42,52,70,71,56,Rare
1918,SLA,St. Louis Browns,0.475,Urban Shocker,SP,2.3,97,44,42,85,83,60,Rare
1918,SLA,St. Louis Browns,0.475,Rasty Wright,SP,1.6,88,25,90,56,70,58,Rare
1918,CSE,Cuban Stars East,0.462,Evelio Calderin,SP,0.0,96,49,58,51,81,55,Rare
1918,CSE,Cuban Stars East,0.462,Isidro Fabré,SP,0.0,103,30,64,50,91,52,Uncommon
1918,CSE,Cuban Stars East,0.462,Juan Padrón,SP,0.0,81,55,32,43,61,45,Uncommon
1918,CHA,Chicago White Sox,0.46,Eddie Cicotte,SP,3.6,89,50,93,53,72,66,Rare
1918,CHA,Chicago White Sox,0.46,Lefty Williams,SP,2.6,83,34,40,60,64,47,Uncommon
1918,CHA,Chicago White Sox,0.46,Joe Benz,SP,2.2,90,21,85,56,73,56,Rare
1918,BRO,Brooklyn Robins,0.452,Burleigh Grimes,SP,4.4,90,54,61,66,73,62,Rare
1918,BRO,Brooklyn Robins,0.452,Rube Marquard,SP,2.1,86,47,70,50,68,57,Rare
1918,BRO,Brooklyn Robins,0.452,Larry Cheney,SP,1.4,93,54,46,47,77,52,Uncommon
1918,PHI,Philadelphia Phillies,0.447,Brad Hogg,SP,4.3,90,45,65,59,74,58,Rare
1918,PHI,Philadelphia Phillies,0.447,Mike Prendergast,SP,3.1,87,16,85,50,69,52,Uncommon
1918,PHI,Philadelphia Phillies,0.447,Elmer Jacobs,SP,2.0,85,27,45,43,67,41,Common
1918,DET,Detroit Tigers,0.437,Bernie Boland,SP,4.1,86,38,50,55,68,50,Uncommon
1918,DET,Detroit Tigers,0.437,Hooks Dauss,SP,2.4,93,35,73,44,77,53,Uncommon
1918,DET,Detroit Tigers,0.437,Eric Erickson,SP,2.0,97,69,55,52,83,61,Rare
1918,BSN,Boston Braves,0.427,Art Nehf,SP,3.3,90,42,65,54,74,56,Rare
1918,BSN,Boston Braves,0.427,Bunny Hearn,SP,2.1,97,27,74,54,83,55,Rare
1918,BSN,Boston Braves,0.427,Dana Fillingim,SP,2.0,88,30,69,70,71,58,Rare
1918,CSW,Cuban Stars West,0.425,José Junco,SP,0.0,81,32,64,51,61,50,Uncommon
1918,CSW,Cuban Stars West,0.425,Bernardo Baró,SP,0.0,87,42,41,49,69,46,Uncommon
1918,CSW,Cuban Stars West,0.425,Cristóbal Torriente,SP,0.0,101,47,34,49,88,48,Uncommon
1918,PHA,Philadelphia Athletics,0.406,Scott Perry,SP,8.3,91,28,49,81,75,55,Rare
1918,PHA,Philadelphia Athletics,0.406,Vean Gregg,SP,1.4,84,39,49,45,66,46,Uncommon
1918,PHA,Philadelphia Athletics,0.406,Bob Geary,SP,0.6,106,29,47,63,95,51,Uncommon
1918,AC,Atlantic City Bacharach Giants,0.4,Henry Howell,SP,0.0,98,81,56,46,84,63,Rare
1918,AC,Atlantic City Bacharach Giants,0.4,Roy Roberts,SP,0.0,82,91,43,45,63,60,Rare
1918,AC,Atlantic City Bacharach Giants,0.4,George Robinson,SP,0.0,86,32,41,48,68,43,Common
1918,SLN,St. Louis Cardinals,0.395,Red Ames,SP,2.2,86,41,68,64,68,59,Rare
1918,SLN,St. Louis Cardinals,0.395,Bill Doak,SP,2.1,90,44,60,56,74,55,Rare
1918,SLN,St. Louis Cardinals,0.395,Oscar Tuero,RP,1.0,45,35,75,119,35,72,Epic
1919,CIN,Cincinnati Reds,0.686,Dutch Ruether,SP,3.9,87,40,49,84,69,59,Rare
1919,CIN,Cincinnati Reds,0.686,Slim Sallee,SP,3.9,85,7,108,68,67,62,Rare
1919,CIN,Cincinnati Reds,0.686,Jimmy Ring,SP,3.1,96,41,62,67,81,59,Rare
1919,DS,Detroit Stars,0.659,Sam Crawford,SP,0.0,86,61,43,47,68,52,Uncommon
1919,DS,Detroit Stars,0.659,John Donaldson,SP,0.0,88,61,48,59,70,57,Rare
1919,DS,Detroit Stars,0.659,Dicta Johnson,SP,0.0,87,101,45,40,69,63,Rare
1919,AC,Atlantic City Bacharach Giants,0.636,Dick Redding,SP,0.0,102,69,78,51,90,68,Rare
1919,AC,Atlantic City Bacharach Giants,0.636,Roy Roberts,SP,0.0,82,95,21,49,63,56,Rare
1919,AC,Atlantic City Bacharach Giants,0.636,Shang Johnson,SP,0.0,80,93,72,46,60,69,Rare
1919,CHA,Chicago White Sox,0.629,Eddie Cicotte,SP,9.7,88,45,91,89,71,75,Epic
1919,CHA,Chicago White Sox,0.629,Lefty Williams,SP,5.4,82,55,82,60,63,65,Rare
1919,CHA,Chicago White Sox,0.629,Dickey Kerr,SP,3.4,107,47,56,57,96,58,Rare
1919,CAG,Chicago American Giants,0.628,Dick Whitworth,SP,0.0,99,80,37,49,85,58,Rare
1919,CAG,Chicago American Giants,0.628,Tom Johnson,SP,0.0,88,44,48,47,71,49,Uncommon
1919,CAG,Chicago American Giants,0.628,String Bean Williams,SP,0.0,96,41,38,47,81,46,Uncommon
1919,NY1,New York Giants,0.621,Fred Toney,SP,4.0,90,25,83,75,73,62,Rare
1919,NY1,New York Giants,0.621,Jesse Barnes,SP,3.5,88,38,101,57,71,66,Rare
1919,NY1,New York Giants,0.621,Rube Benton,SP,2.3,82,29,69,53,63,52,Uncommon
1919,CLE,Cleveland Indians,0.604,Stan Coveleski,SP,7.0,87,54,79,68,69,67,Rare
1919,CLE,Cleveland Indians,0.604,Jim Bagby,SP,4.2,83,29,85,60,64,59,Rare
1919,CLE,Cleveland Indians,0.604,George Uhle,SP,1.7,97,51,49,61,83,57,Rare
1919,NYA,New York Yankees,0.576,Jack Quinn,SP,3.7,88,46,70,59,70,60,Rare
1919,NYA,New York Yankees,0.576,Bob Shawkey,SP,3.6,93,62,48,57,77,58,Rare
1919,NYA,New York Yankees,0.576,Hank Thormahlen,SP,2.9,83,41,51,56,64,51,Uncommon
1919,DET,Detroit Tigers,0.571,Bernie Boland,SP,5.0,85,35,50,51,67,48,Uncommon
1919,DET,Detroit Tigers,0.571,Dutch Leonard,SP,2.9,84,62,57,56,65,59,Rare
1919,DET,Detroit Tigers,0.571,Howard Ehmke,SP,2.7,85,39,41,49,67,45,Uncommon
1919,NLG,New York Lincoln Giants,0.571,Joe Williams,SP,0.0,91,123,82,52,75,85,Legendary
1919,NLG,New York Lincoln Giants,0.571,Harold Treadwell,SP,0.0,90,33,49,48,73,46,Uncommon
1919,NLG,New York Lincoln Giants,0.571,Jules Thomas,SP,0.0,83,31,10,59,64,36,Common
1919,CSE,Cuban Stars East,0.542,Juan Padrón,SP,0.0,95,48,82,59,80,65,Rare
1919,CSE,Cuban Stars East,0.542,José Suárez,SP,0.0,88,31,51,59,70,49,Uncommon
1919,CSE,Cuban Stars East,0.542,Lucas Boada,SP,0.0,77,67,26,44,56,47,Uncommon
1919,CHN,Chicago Cubs,0.536,Pete Alexander,SP,7.4,88,70,90,84,71,80,Epic
1919,CHN,Chicago Cubs,0.536,Hippo Vaughn,SP,7.3,86,61,81,82,68,74,Epic
1919,CHN,Chicago Cubs,0.536,Phil Douglas,SP,2.6,88,51,84,79,70,71,Epic
1919,CSW,Cuban Stars West,0.528,José Leblanc,SP,0.0,93,65,60,46,77,59,Rare
1919,CSW,Cuban Stars West,0.528,Abraham Tolosa,SP,0.0,84,38,45,48,65,46,Uncommon
1919,CSW,Cuban Stars West,0.528,Tatica Campos,SP,0.0,89,31,70,45,72,51,Uncommon
1919,PIT,Pittsburgh Pirates,0.511,Babe Adams,SP,7.4,90,44,109,84,74,78,Epic
1919,PIT,Pittsburgh Pirates,0.511,Wilbur Cooper,SP,4.3,90,47,67,54,73,58,Rare
1919,PIT,Pittsburgh Pirates,0.511,Hal Carlson,SP,3.4,95,44,62,78,80,63,Rare
1919,BRO,Brooklyn Robins,0.493,Leon Cadore,SP,5.7,91,48,92,62,75,68,Rare
1919,BRO,Brooklyn Robins,0.493,Jeff Pfeffer,SP,4.5,89,43,85,54,72,62,Rare
1919,BRO,Brooklyn Robins,0.493,Sherry Smith,SP,3.1,90,26,89,67,74,62,Rare
1919,BOS,Boston Red Sox,0.482,Carl Mays,SP,4.2,90,52,59,79,74,64,Rare
1919,BOS,Boston Red Sox,0.482,Herb Pennock,SP,3.1,87,39,76,58,69,59,Rare
1919,BOS,Boston Red Sox,0.482,Allen Russell,SP,1.9,97,72,49,51,83,60,Rare
1919,SLA,St. Louis Browns,0.482,Allen Sothoron,SP,6.2,90,50,51,75,73,60,Rare
1919,SLA,St. Louis Browns,0.482,Urban Shocker,SP,4.7,87,53,66,60,69,61,Rare
1919,SLA,St. Louis Browns,0.482,Carl Weilman,SP,3.5,82,36,56,80,63,58,Rare
1919,HIL,Hilldale Club,0.476,Tom Williams,SP,0.0,85,55,69,50,67,59,Rare
1919,HIL,Hilldale Club,0.476,Phil Cockrell,SP,0.0,108,72,62,47,97,64,Rare
1919,HIL,Hilldale Club,0.476,Otis Starks,SP,0.0,84,46,39,49,65,47,Uncommon
1919,BSN,Boston Braves,0.41,Art Nehf,SP,4.3,88,34,77,69,71,61,Rare
1919,BSN,Boston Braves,0.41,Dick Rudolph,SP,3.8,88,33,82,68,70,62,Rare
1919,BSN,Boston Braves,0.41,Dana Fillingim,SP,0.7,94,32,79,42,78,54,Uncommon
1919,WS1,Washington Senators,0.4,Walter Johnson,SP,10.8,95,68,87,119,80,90,Legendary
1919,WS1,Washington Senators,0.4,Jim Shaw,SP,6.5,86,54,50,58,68,55,Rare
1919,WS1,Washington Senators,0.4,Tom Zachary,SP,0.7,89,13,51,64,72,46,Uncommon
1919,SLN,St. Louis Cardinals,0.394,Marv Goodwin,SP,1.4,97,32,85,56,83,60,Rare
1919,SLN,St. Louis Cardinals,0.394,Bill Doak,SP,0.4,80,43,64,44,60,51,Uncommon
1919,SLN,St. Louis Cardinals,0.394,Oscar Horstmann,RP,0.1,44,41,8,58,34,35,Common
1919,PHI,Philadelphia Phillies,0.343,Lee Meadows,SP,3.9,88,61,53,57,71,58,Rare
1919,PHI,Philadelphia Phillies,0.343,Elmer Jacobs,SP,1.7,91,39,51,46,75,48,Uncommon
1919,PHI,Philadelphia Phillies,0.343,Gene Packard,SP,0.8,87,18,75,37,69,46,Uncommon
1919,PHA,Philadelphia Athletics,0.257,Scott Perry,SP,2.2,88,22,44,46,71,41,Common
1919,PHA,Philadelphia Athletics,0.257,Jing Johnson,SP,2.0,85,41,55,43,67,48,Uncommon
1919,PHA,Philadelphia Athletics,0.257,Rollie Naylor,SP,1.8,89,41,54,52,72,51,Uncommon
1919,BRG,Brooklyn Royal Giants,0.235,Jesse Hubbard,SP,0.0,83,88,37,59,64,62,Rare
1919,BRG,Brooklyn Royal Giants,0.235,Irvin Brooks,SP,0.0,76,64,41,59,55,55,Rare
1919,BRG,Brooklyn Royal Giants,0.235,Red Ryan,SP,0.0,90,57,77,59,74,65,Rare
1920,CAG,Chicago American Giants,0.75,Tom Johnson,SP,3.2,88,57,81,72,71,70,Epic
1920,CAG,Chicago American Giants,0.75,Tom Williams,SP,0.0,93,55,80,56,77,65,Rare
1920,CAG,Chicago American Giants,0.75,Dave Brown,SP,0.0,94,93,55,59,79,70,Epic
1920,BRG,Brooklyn Royal Giants,0.65,Jesse Hubbard,SP,0.0,91,90,79,59,75,76,Epic
1920,BRG,Brooklyn Royal Giants,0.65,Roy Roberts,SP,0.0,90,101,35,59,74,66,Rare
1920,BRG,Brooklyn Royal Giants,0.65,Ping Gardner,SP,0.0,92,52,50,59,76,56,Rare
1920,CLE,Cleveland Indians,0.636,Jim Bagby,SP,9.0,91,26,81,71,75,61,Rare
1920,CLE,Cleveland Indians,0.636,Stan Coveleski,SP,8.7,88,59,87,84,71,76,Epic
1920,CLE,Cleveland Indians,0.636,Duster Mails,SP,2.2,86,55,69,112,68,78,Epic
1920,CHA,Chicago White Sox,0.623,Red Faber,SP,5.7,88,47,71,67,70,62,Rare
1920,CHA,Chicago White Sox,0.623,Eddie Cicotte,SP,5.1,90,38,78,63,74,61,Rare
1920,CHA,Chicago White Sox,0.623,Lefty Williams,SP,3.5,86,60,65,48,68,59,Rare
1920,NYA,New York Yankees,0.617,Bob Shawkey,SP,8.2,90,65,61,81,73,69,Rare
1920,NYA,New York Yankees,0.617,Carl Mays,SP,6.2,89,40,73,64,72,60,Rare
1920,NYA,New York Yankees,0.617,Jack Quinn,SP,4.9,86,56,91,63,68,70,Epic
1920,BRO,Brooklyn Robins,0.604,Burleigh Grimes,SP,7.0,93,60,84,79,77,75,Epic
1920,BRO,Brooklyn Robins,0.604,Leon Cadore,SP,4.3,89,42,84,68,72,65,Rare
1920,BRO,Brooklyn Robins,0.604,Al Mamaux,SP,3.3,100,73,58,67,87,68,Rare
1920,DS,Detroit Stars,0.603,Bill Holland,SP,0.0,90,76,69,52,74,66,Rare
1920,DS,Detroit Stars,0.603,Bill Gatewood,SP,0.0,98,77,68,51,84,67,Rare
1920,DS,Detroit Stars,0.603,Gunboat Thompson,SP,0.0,80,44,32,55,60,45,Uncommon
1920,AC,Atlantic City Bacharach Giants,0.579,Dick Redding,SP,0.0,90,86,72,55,73,71,Epic
1920,AC,Atlantic City Bacharach Giants,0.579,String Bean Williams,SP,0.0,92,78,80,59,76,73,Epic
1920,AC,Atlantic City Bacharach Giants,0.579,Red Ryan,SP,0.0,97,88,95,59,83,81,Epic
1920,NY1,New York Giants,0.558,Fred Toney,SP,2.8,84,39,87,60,66,62,Rare
1920,NY1,New York Giants,0.558,Jesse Barnes,SP,2.7,88,26,90,60,71,60,Rare
1920,NY1,New York Giants,0.558,Phil Douglas,SP,2.1,101,43,78,60,88,63,Rare
1920,KCM,Kansas City Monarchs,0.545,Rube Curry,SP,0.0,99,66,85,59,85,72,Epic
1920,KCM,Kansas City Monarchs,0.545,Sam Crawford,SP,0.0,97,77,61,57,83,67,Rare
1920,KCM,Kansas City Monarchs,0.545,Bullet Rogan,SP,0.0,90,107,52,57,74,72,Epic
1920,CIN,Cincinnati Reds,0.536,Dutch Ruether,SP,4.7,87,52,51,70,69,59,Rare
1920,CIN,Cincinnati Reds,0.536,Dolf Luque,SP,4.0,92,49,68,65,76,62,Rare
1920,CIN,Cincinnati Reds,0.536,Hod Eller,SP,2.4,95,51,78,55,80,63,Rare
1920,PIT,Pittsburgh Pirates,0.513,Wilbur Cooper,SP,6.1,91,49,98,75,75,74,Epic
1920,PIT,Pittsburgh Pirates,0.513,Babe Adams,SP,5.9,87,44,119,81,69,80,Epic
1920,PIT,Pittsburgh Pirates,0.513,Elmer Ponder,SP,3.2,90,43,88,68,73,67,Rare
1920,CSW,Cuban Stars West,0.507,Cheo Hernández,SP,0.0,90,42,58,55,73,54,Uncommon
1920,CSW,Cuban Stars West,0.507,José Leblanc,SP,0.0,93,80,81,55,77,72,Epic
1920,CSW,Cuban Stars West,0.507,Faustino Valdés,SP,0.0,88,49,44,51,70,50,Uncommon
1920,ABC,Indianapolis ABCs,0.506,Dicta Johnson,SP,0.0,97,59,75,59,83,66,Rare
1920,ABC,Indianapolis ABCs,0.506,Dizzy Dismukes,SP,0.0,83,58,46,56,64,54,Uncommon
1920,ABC,Indianapolis ABCs,0.506,Jim Jeffries,SP,0.0,103,52,56,57,91,59,Rare
1920,HIL,Hilldale Club,0.5,Phil Cockrell,SP,0.0,90,52,50,59,73,56,Rare
1920,HIL,Hilldale Club,0.5,Dick Whitworth,SP,0.0,103,76,81,59,91,74,Epic
1920,HIL,Hilldale Club,0.5,Connie Rector,SP,0.0,95,62,63,52,80,61,Rare
1920,SLA,St. Louis Browns,0.497,Urban Shocker,SP,6.6,90,61,69,74,74,69,Rare
1920,SLA,St. Louis Browns,0.497,Dixie Davis,SP,5.7,90,43,34,64,74,50,Uncommon
1920,SLA,St. Louis Browns,0.497,Bill Burwell,RP,1.4,45,34,50,54,35,45,Uncommon
1920,CHN,Chicago Cubs,0.487,Pete Alexander,SP,12.0,92,66,91,89,76,81,Epic
1920,CHN,Chicago Cubs,0.487,Hippo Vaughn,SP,5.2,87,61,73,67,69,67,Rare
1920,CHN,Chicago Cubs,0.487,Lefty Tyler,SP,2.2,82,40,67,51,63,54,Uncommon
1920,SLN,St. Louis Cardinals,0.487,Bill Doak,SP,5.1,83,46,66,65,64,60,Rare
1920,SLN,St. Louis Cardinals,0.487,Jesse Haines,SP,2.1,88,56,73,55,70,62,Rare
1920,SLN,St. Louis Cardinals,0.487,Bill Sherdel,RP,1.6,45,61,80,55,35,62,Rare
1920,BOS,Boston Red Sox,0.471,Herb Pennock,SP,3.7,86,37,77,51,68,56,Rare
1920,BOS,Boston Red Sox,0.471,Harry Harper,SP,2.4,84,61,47,60,65,57,Rare
1920,BOS,Boston Red Sox,0.471,Allen Russell,SP,2.4,101,68,53,65,88,65,Rare
1920,SLG,St. Louis Giants,0.458,Bill Drake,SP,0.0,90,65,57,56,74,61,Rare
1920,SLG,St. Louis Giants,0.458,John Finner,SP,0.0,116,52,96,55,108,72,Epic
1920,SLG,St. Louis Giants,0.458,Wayne Carr,SP,0.0,84,74,42,54,66,58,Rare
1920,WS1,Washington Senators,0.447,Tom Zachary,SP,2.6,89,24,66,53,72,50,Uncommon
1920,WS1,Washington Senators,0.447,Walter Johnson,SP,2.5,95,75,91,62,80,76,Epic
1920,WS1,Washington Senators,0.447,Jim Shaw,SP,2.2,84,52,50,43,65,50,Uncommon
1920,BSN,Boston Braves,0.408,Joe Oeschger,SP,2.6,96,35,58,46,82,50,Uncommon
1920,BSN,Boston Braves,0.408,Leo Townsend,RP,0.9,45,1,115,107,35,70,Epic
1920,BSN,Boston Braves,0.408,Dana Fillingim,SP,0.9,92,31,68,52,76,53,Uncommon
1920,PHI,Philadelphia Phillies,0.405,Lee Meadows,SP,3.6,84,54,51,65,66,58,Rare
1920,PHI,Philadelphia Phillies,0.405,George Smith,SP,3.0,91,24,88,51,75,56,Rare
1920,PHI,Philadelphia Phillies,0.405,Eppa Rixey,SP,2.3,90,54,79,54,73,63,Rare
1920,DET,Detroit Tigers,0.396,Howard Ehmke,SP,4.2,88,51,42,61,70,53,Uncommon
1920,DET,Detroit Tigers,0.396,Dutch Leonard,SP,1.6,82,56,59,44,63,54,Uncommon
1920,DET,Detroit Tigers,0.396,Hooks Dauss,SP,1.4,89,41,63,53,72,54,Uncommon
1920,NLG,New York Lincoln Giants,0.333,Joe Williams,SP,0.0,90,79,117,59,74,84,Epic
1920,NLG,New York Lincoln Giants,0.333,Al Reavis,SP,0.0,115,39,101,59,107,70,Epic
1920,NLG,New York Lincoln Giants,0.333,Will Crowder,SP,0.0,74,36,72,47,52,52,Uncommon
1920,DM,Dayton Marcos,0.315,George Britt,SP,0.0,93,72,61,53,77,64,Rare
1920,DM,Dayton Marcos,0.315,Charley Wilson,SP,0.0,102,36,82,55,89,61,Rare
1920,DM,Dayton Marcos,0.315,Slim Branham,SP,0.0,86,53,70,59,68,61,Rare
1920,CSE,Cuban Stars East,0.312,Juan Padrón,SP,0.0,94,42,71,59,78,59,Rare
1920,CSE,Cuban Stars East,0.312,Lucas Boada,SP,0.0,84,66,80,59,65,68,Rare
1920,CSE,Cuban Stars East,0.312,José Junco,SP,0.0,99,73,90,59,85,75,Epic
1920,PHA,Philadelphia Athletics,0.312,Eddie Rommel,RP,5.4,45,31,78,75,35,59,Rare
1920,PHA,Philadelphia Athletics,0.312,Scott Perry,SP,3.6,85,40,78,55,67,59,Rare
1920,PHA,Philadelphia Athletics,0.312,Dave Keefe,SP,2.8,97,43,82,75,83,68,Rare
1920,COG,Chicago Giants,0.139,John Taylor,SP,0.0,96,62,81,52,81,67,Rare
1920,COG,Chicago Giants,0.139,Walter Ball,SP,0.0,72,60,20,54,49,45,Uncommon
1920,COG,Chicago Giants,0.139,Lem McDougal,SP,0.0,72,45,25,49,50,41,Common
1921,CAG,Chicago American Giants,0.667,Otis Starks,SP,0.9,88,65,69,43,70,60,Rare
1921,CAG,Chicago American Giants,0.667,Dave Brown,SP,0.0,94,103,84,56,79,81,Epic
1921,CAG,Chicago American Giants,0.667,Tom Williams,SP,0.0,93,66,78,52,77,66,Rare
1921,NYA,New York Yankees,0.641,Carl Mays,SP,6.1,91,25,83,72,75,62,Rare
1921,NYA,New York Yankees,0.641,Waite Hoyt,SP,5.7,91,51,68,76,75,66,Rare
1921,NYA,New York Yankees,0.641,Bob Shawkey,SP,2.1,86,71,54,51,68,60,Rare
1921,NY1,New York Giants,0.614,Jesse Barnes,SP,2.9,88,26,95,60,71,61,Rare
1921,NY1,New York Giants,0.614,Art Nehf,SP,2.4,85,33,86,50,67,57,Rare
1921,NY1,New York Giants,0.614,Fred Toney,SP,2.0,86,32,74,51,68,54,Uncommon
1921,CLE,Cleveland Indians,0.61,Stan Coveleski,SP,7.3,86,43,73,70,68,63,Rare
1921,CLE,Cleveland Indians,0.61,Allen Sothoron,SP,3.2,88,56,47,51,70,53,Uncommon
1921,CLE,Cleveland Indians,0.61,George Uhle,SP,2.7,89,34,74,55,72,56,Rare
1921,HIL,Hilldale Club,0.6,Dick Whitworth,SP,0.0,90,65,89,54,74,70,Epic
1921,HIL,Hilldale Club,0.6,Phil Cockrell,SP,0.0,94,77,75,51,78,69,Rare
1921,HIL,Hilldale Club,0.6,Willis Flournoy,SP,0.0,82,100,44,52,62,65,Rare
1921,PIT,Pittsburgh Pirates,0.588,Whitey Glazner,SP,5.1,94,53,77,75,78,69,Rare
1921,PIT,Pittsburgh Pirates,0.588,Wilbur Cooper,SP,4.5,90,57,78,63,73,67,Rare
1921,PIT,Pittsburgh Pirates,0.588,Babe Adams,SP,3.8,87,48,109,77,69,77,Epic
1921,SLN,St. Louis Cardinals,0.569,Bill Doak,SP,3.6,84,56,94,77,65,75,Epic
1921,SLN,St. Louis Cardinals,0.569,Jesse Haines,SP,2.2,89,48,82,51,72,62,Rare
1921,SLN,St. Louis Cardinals,0.569,Bill Sherdel,RP,1.9,45,55,74,57,35,59,Rare
1921,SLG,St. Louis Giants,0.568,Perry Hall,RP,0.0,45,91,17,54,35,52,Uncommon
1921,SLG,St. Louis Giants,0.568,Bill Drake,SP,0.0,91,82,54,58,75,66,Rare
1921,SLG,St. Louis Giants,0.568,John Finner,SP,0.0,92,63,70,47,76,62,Rare
1921,KCM,Kansas City Monarchs,0.564,Bullet Rogan,SP,0.0,91,83,54,55,75,65,Rare
1921,KCM,Kansas City Monarchs,0.564,Rube Curry,SP,0.0,93,73,83,52,77,70,Epic
1921,KCM,Kansas City Monarchs,0.564,Sam Crawford,SP,0.0,88,67,57,51,70,59,Rare
1921,AC,Atlantic City Bacharach Giants,0.55,Dick Redding,SP,0.0,91,77,67,51,75,66,Rare
1921,AC,Atlantic City Bacharach Giants,0.55,Red Ryan,SP,0.0,92,60,68,57,76,63,Rare
1921,AC,Atlantic City Bacharach Giants,0.55,Harold Treadwell,SP,0.0,100,61,45,52,86,56,Rare
1921,NLG,New York Lincoln Giants,0.545,Ping Gardner,SP,0.0,86,77,30,41,68,51,Uncommon
1921,NLG,New York Lincoln Giants,0.545,Al Reavis,SP,0.0,72,23,12,46,49,29,Common
1921,NLG,New York Lincoln Giants,0.545,Shang Johnson,SP,0.0,88,125,107,59,71,94,Legendary
1921,CSE,Cuban Stars East,0.526,Oscar Levis,SP,0.0,99,99,48,59,85,70,Epic
1921,CSE,Cuban Stars East,0.526,José Junco,SP,0.0,95,24,99,50,80,60,Rare
1921,CSE,Cuban Stars East,0.526,Juan Padrón,SP,0.0,118,79,85,59,110,78,Epic
1921,SLA,St. Louis Browns,0.526,Urban Shocker,SP,8.0,90,56,74,63,73,65,Rare
1921,SLA,St. Louis Browns,0.526,Dixie Davis,SP,3.1,84,53,42,51,65,50,Uncommon
1921,SLA,St. Louis Browns,0.526,Elam Vangilder,SP,2.7,90,35,50,57,73,50,Uncommon
1921,WS1,Washington Senators,0.523,George Mogridge,SP,6.8,87,49,82,70,69,67,Rare
1921,WS1,Washington Senators,0.523,Walter Johnson,SP,4.8,88,75,54,63,71,65,Rare
1921,WS1,Washington Senators,0.523,Tom Zachary,SP,3.2,87,25,80,53,69,54,Uncommon
1921,BSN,Boston Braves,0.516,Joe Oeschger,SP,4.3,88,28,60,54,71,50,Uncommon
1921,BSN,Boston Braves,0.516,Dana Fillingim,SP,2.6,102,28,81,54,89,58,Rare
1921,BSN,Boston Braves,0.516,Jack Scott,SP,2.0,87,50,78,51,69,61,Rare
1921,ABC,Indianapolis ABCs,0.513,Jim Jeffries,SP,0.0,92,58,56,52,76,57,Rare
1921,ABC,Indianapolis ABCs,0.513,Harry Kenyon,SP,0.0,96,55,64,57,81,61,Rare
1921,ABC,Indianapolis ABCs,0.513,Dicta Johnson,SP,0.0,86,54,90,50,68,65,Rare
1921,BRO,Brooklyn Robins,0.507,Burleigh Grimes,SP,7.8,90,62,77,76,73,72,Epic
1921,BRO,Brooklyn Robins,0.507,Clarence Mitchell,SP,3.7,100,24,79,71,86,61,Rare
1921,BRO,Brooklyn Robins,0.507,Dutch Ruether,SP,2.0,86,52,62,49,68,56,Rare
1921,BOS,Boston Red Sox,0.487,Sad Sam Jones,SP,6.7,86,45,74,75,68,65,Rare
1921,BOS,Boston Red Sox,0.487,Bullet Joe Bush,SP,4.7,87,53,50,62,69,56,Rare
1921,BOS,Boston Red Sox,0.487,Herb Pennock,SP,2.2,82,57,74,56,62,62,Rare
1921,DS,Detroit Stars,0.484,Bill Holland,SP,4.1,89,89,82,61,72,77,Epic
1921,DS,Detroit Stars,0.484,Bill Force,SP,0.0,93,75,74,50,77,67,Rare
1921,DS,Detroit Stars,0.484,Andy Cooper,SP,0.0,94,44,83,50,78,61,Rare
1921,DET,Detroit Tigers,0.464,Dutch Leonard,SP,4.2,85,68,75,57,67,67,Rare
1921,DET,Detroit Tigers,0.464,Red Oldham,SP,3.2,88,39,53,51,70,50,Uncommon
1921,DET,Detroit Tigers,0.464,Hooks Dauss,SP,2.2,88,39,55,50,71,50,Uncommon
1921,CIN,Cincinnati Reds,0.458,Eppa Rixey,SP,5.1,88,32,84,73,71,64,Rare
1921,CIN,Cincinnati Reds,0.458,Dolf Luque,SP,4.4,89,47,86,54,72,63,Rare
1921,CIN,Cincinnati Reds,0.458,Rube Marquard,SP,2.7,84,46,91,56,66,64,Rare
1921,COB,Columbus Buckeyes,0.443,Willie Gisentaner,SP,1.3,83,76,34,119,64,75,Epic
1921,COB,Columbus Buckeyes,0.443,Charley Wilson,SP,1.0,83,44,85,112,64,79,Epic
1921,COB,Columbus Buckeyes,0.443,Roy Roberts,SP,0.0,94,71,47,57,79,60,Rare
1921,CS,Cincinnati Cuban Stars,0.42,José Leblanc,SP,0.0,94,66,76,54,79,67,Rare
1921,CS,Cincinnati Cuban Stars,0.42,José Suárez,SP,0.0,94,51,90,51,78,65,Rare
1921,CS,Cincinnati Cuban Stars,0.42,Lucas Boada,SP,0.0,88,50,79,58,71,63,Rare
1921,CHN,Chicago Cubs,0.418,Pete Alexander,SP,4.7,90,41,104,58,74,68,Rare
1921,CHN,Chicago Cubs,0.418,Speed Martin,SP,1.4,85,55,63,43,67,55,Rare
1921,CHN,Chicago Cubs,0.418,Buck Freeman,SP,0.9,91,30,48,45,75,44,Common
1921,CHA,Chicago White Sox,0.403,Red Faber,SP,11.4,89,53,74,89,72,72,Epic
1921,CHA,Chicago White Sox,0.403,Dickey Kerr,SP,2.2,88,33,63,46,71,50,Uncommon
1921,CHA,Chicago White Sox,0.403,John Russell,SP,-0.0,84,28,36,40,65,38,Common
1921,BRG,Brooklyn Royal Giants,0.385,Wayne Carr,SP,0.0,78,39,45,46,58,45,Uncommon
1921,BRG,Brooklyn Royal Giants,0.385,Jesse Hubbard,SP,0.0,116,70,93,48,108,74,Epic
1921,BRG,Brooklyn Royal Giants,0.385,John Harris,SP,0.0,92,27,83,59,76,58,Rare
1921,PHA,Philadelphia Athletics,0.346,Eddie Rommel,SP,5.4,91,32,64,55,75,53,Uncommon
1921,PHA,Philadelphia Athletics,0.346,Slim Harriss,SP,2.7,88,56,61,51,70,57,Rare
1921,PHA,Philadelphia Athletics,0.346,Roy Moore,SP,2.2,84,46,27,54,65,45,Uncommon
1921,PHI,Philadelphia Phillies,0.331,Lee Meadows,SP,2.0,83,35,61,48,64,50,Uncommon
1921,PHI,Philadelphia Phillies,0.331,Jimmy Ring,SP,1.4,88,50,52,52,70,53,Uncommon
1921,PHI,Philadelphia Phillies,0.331,Red Causey,SP,1.4,88,13,75,76,70,56,Rare
1921,COG,Chicago Giants,0.222,John Taylor,SP,0.0,91,58,103,54,75,72,Epic
1921,COG,Chicago Giants,0.222,Luther Farrell,SP,0.0,94,37,50,51,78,49,Uncommon
1921,COG,Chicago Giants,0.222,Percy Miller,SP,0.0,94,43,62,59,79,57,Rare
1922,CAG,Chicago American Giants,0.623,Juan Padrón,SP,0.0,91,67,81,54,75,68,Rare
1922,CAG,Chicago American Giants,0.623,Dave Brown,SP,0.0,102,91,53,57,90,69,Rare
1922,CAG,Chicago American Giants,0.623,Dick Whitworth,SP,0.0,94,61,40,56,79,55,Rare
1922,NYA,New York Yankees,0.61,Bob Shawkey,SP,7.3,91,60,59,69,75,64,Rare
1922,NYA,New York Yankees,0.61,Bullet Joe Bush,SP,4.0,90,51,58,60,73,58,Rare
1922,NYA,New York Yankees,0.61,Waite Hoyt,SP,3.8,90,50,69,58,73,60,Rare
1922,NY1,New York Giants,0.604,Phil Douglas,SP,3.7,84,25,83,80,66,63,Rare
1922,NY1,New York Giants,0.604,Art Nehf,SP,3.4,85,27,80,61,67,57,Rare
1922,NY1,New York Giants,0.604,Rosy Ryan,SP,2.6,95,55,48,72,80,60,Rare
1922,SLA,St. Louis Browns,0.604,Urban Shocker,SP,7.1,93,60,97,69,77,76,Epic
1922,SLA,St. Louis Browns,0.604,Elam Vangilder,SP,3.9,88,33,89,61,70,62,Rare
1922,SLA,St. Louis Browns,0.604,Hub Pruett,RP,2.8,45,80,39,97,35,68,Rare
1922,KCM,Kansas City Monarchs,0.603,Bill Drake,SP,0.5,84,63,52,47,65,55,Rare
1922,KCM,Kansas City Monarchs,0.603,Rube Curry,SP,0.0,92,77,78,53,76,70,Epic
1922,KCM,Kansas City Monarchs,0.603,Bullet Rogan,SP,0.0,94,83,81,56,78,74,Epic
1922,ABC,Indianapolis ABCs,0.6,Jim Jeffries,SP,0.0,96,59,65,53,81,61,Rare
1922,ABC,Indianapolis ABCs,0.6,William Ross,SP,0.0,90,53,68,52,74,59,Rare
1922,ABC,Indianapolis ABCs,0.6,Lucius Hampton,SP,0.0,90,32,90,56,74,61,Rare
1922,BRG,Brooklyn Royal Giants,0.6,John Harris,SP,0.0,87,102,49,59,69,70,Epic
1922,BRG,Brooklyn Royal Giants,0.6,Connie Rector,SP,0.0,114,63,65,59,105,67,Rare
1922,BRG,Brooklyn Royal Giants,0.6,Otis Starks,SP,0.0,97,82,47,46,83,61,Rare
1922,CIN,Cincinnati Reds,0.558,Eppa Rixey,SP,3.9,88,33,101,58,71,65,Rare
1922,CIN,Cincinnati Reds,0.558,Pete Donohue,SP,3.0,88,36,94,68,70,66,Rare
1922,CIN,Cincinnati Reds,0.558,Dolf Luque,SP,3.0,88,41,71,64,70,60,Rare
1922,DS,Detroit Stars,0.554,Bill Holland,SP,0.0,96,81,98,49,81,76,Epic
1922,DS,Detroit Stars,0.554,Bill Force,SP,0.0,94,88,70,46,78,69,Rare
1922,DS,Detroit Stars,0.554,Andy Cooper,SP,0.0,84,65,90,47,66,67,Rare
1922,PIT,Pittsburgh Pirates,0.552,Wilbur Cooper,SP,6.5,87,61,87,66,69,71,Epic
1922,PIT,Pittsburgh Pirates,0.552,Johnny Morrison,SP,6.3,90,51,65,63,74,61,Rare
1922,PIT,Pittsburgh Pirates,0.552,Babe Adams,SP,4.1,92,28,114,66,76,70,Epic
1922,SLN,St. Louis Cardinals,0.552,Jeff Pfeffer,SP,4.0,88,44,83,54,70,61,Rare
1922,SLN,St. Louis Cardinals,0.552,Bill Sherdel,SP,1.9,86,45,76,50,68,58,Rare
1922,SLN,St. Louis Cardinals,0.552,Jesse Haines,SP,1.5,82,47,78,50,63,59,Rare
1922,CSE,Cuban Stars East,0.526,Oscar Levis,SP,0.0,86,84,91,47,68,73,Epic
1922,CSE,Cuban Stars East,0.526,Isidro Fabré,SP,0.0,104,72,89,47,92,72,Epic
1922,CSE,Cuban Stars East,0.526,José Junco,RP,0.0,45,16,74,50,35,46,Uncommon
1922,CHN,Chicago Cubs,0.519,Pete Alexander,SP,4.4,87,22,103,61,69,63,Rare
1922,CHN,Chicago Cubs,0.519,Vic Aldridge,SP,3.6,84,33,85,59,66,60,Rare
1922,CHN,Chicago Cubs,0.519,Virgil Cheeves,SP,1.9,87,27,46,51,69,44,Common
1922,DET,Detroit Tigers,0.513,Herman Pillette,SP,5.8,84,33,55,73,65,55,Rare
1922,DET,Detroit Tigers,0.513,Howard Ehmke,SP,3.1,94,54,51,47,78,53,Uncommon
1922,DET,Detroit Tigers,0.513,Hooks Dauss,SP,1.2,90,50,72,49,74,59,Rare
1922,CLE,Cleveland Indians,0.506,Stan Coveleski,SP,6.6,89,50,81,61,72,65,Rare
1922,CLE,Cleveland Indians,0.506,George Uhle,SP,4.6,83,38,63,55,64,53,Uncommon
1922,CLE,Cleveland Indians,0.506,Guy Morton,SP,1.5,91,70,45,53,75,58,Rare
1922,CHA,Chicago White Sox,0.5,Red Faber,SP,9.6,94,59,80,76,78,72,Epic
1922,CHA,Chicago White Sox,0.5,Charlie Robertson,SP,4.2,87,41,59,58,69,54,Uncommon
1922,CHA,Chicago White Sox,0.5,Gorham Leverett,SP,4.0,88,35,53,61,71,52,Uncommon
1922,NLG,New York Lincoln Giants,0.5,Joe Williams,SP,0.0,88,100,88,59,70,81,Epic
1922,NLG,New York Lincoln Giants,0.5,Fred Wiley,SP,0.0,92,27,43,59,76,46,Uncommon
1922,NLG,New York Lincoln Giants,0.5,Charlie Bradford,SP,0.0,95,92,41,59,80,66,Rare
1922,BRO,Brooklyn Robins,0.494,Dutch Ruether,SP,4.7,85,46,55,60,67,55,Rare
1922,BRO,Brooklyn Robins,0.494,Dazzy Vance,SP,3.8,88,75,49,58,70,62,Rare
1922,BRO,Brooklyn Robins,0.494,Art Decatur,RP,2.6,45,50,58,78,35,59,Rare
1922,BBS,Baltimore Black Sox,0.49,Doc Sykes,SP,0.0,91,59,79,54,75,65,Rare
1922,BBS,Baltimore Black Sox,0.49,Nick Logan,SP,0.0,94,80,33,48,78,56,Rare
1922,BBS,Baltimore Black Sox,0.49,Luke Archer,SP,0.0,92,79,36,55,76,59,Rare
1922,NYB,New York Bacharach Giants,0.448,Dick Redding,SP,0.0,93,67,74,51,77,65,Rare
1922,NYB,New York Bacharach Giants,0.448,Harold Treadwell,SP,0.0,92,62,39,50,76,53,Uncommon
1922,NYB,New York Bacharach Giants,0.448,Nip Winters,SP,0.0,92,106,41,57,76,69,Rare
1922,WS1,Washington Senators,0.448,Walter Johnson,SP,5.4,92,53,53,69,76,60,Rare
1922,WS1,Washington Senators,0.448,Tom Zachary,SP,3.8,84,23,81,65,65,57,Rare
1922,WS1,Washington Senators,0.448,George Mogridge,SP,3.5,86,31,69,54,68,53,Uncommon
1922,HIL,Hilldale Club,0.426,Willis Flournoy,SP,0.0,84,96,47,54,65,66,Rare
1922,HIL,Hilldale Club,0.426,Phil Cockrell,SP,0.0,85,69,48,59,67,60,Rare
1922,HIL,Hilldale Club,0.426,Willie Haynes,SP,0.0,108,63,54,49,97,60,Rare
1922,SLS,St. Louis Stars,0.426,Deacon Meyers,SP,0.0,95,78,72,50,80,68,Rare
1922,SLS,St. Louis Stars,0.426,Cool Papa Bell,SP,0.0,94,77,53,50,79,62,Rare
1922,SLS,St. Louis Stars,0.426,Jimmy Oldham,SP,0.0,97,72,45,45,83,57,Rare
1922,PHA,Philadelphia Athletics,0.422,Eddie Rommel,SP,7.5,91,20,85,63,75,58,Rare
1922,PHA,Philadelphia Athletics,0.422,Bob Hasty,SP,2.2,84,18,85,46,65,51,Uncommon
1922,PHA,Philadelphia Athletics,0.422,Curly Ogden,SP,1.7,107,36,42,69,96,54,Uncommon
1922,BOS,Boston Red Sox,0.396,Jack Quinn,SP,5.2,87,34,81,61,69,60,Rare
1922,BOS,Boston Red Sox,0.396,Rip Collins,SP,4.1,83,45,39,60,64,50,Uncommon
1922,BOS,Boston Red Sox,0.396,Herb Pennock,SP,2.6,85,39,50,49,67,48,Uncommon
1922,CTS,Cleveland Tate Stars,0.385,Slim Branham,SP,0.0,96,74,50,52,81,61,Rare
1922,CTS,Cleveland Tate Stars,0.385,Wade Johnston,SP,0.0,85,68,63,50,67,61,Rare
1922,CTS,Cleveland Tate Stars,0.385,Joe Strong,SP,0.0,81,73,41,55,61,57,Rare
1922,PHI,Philadelphia Phillies,0.373,Lee Meadows,SP,4.4,83,34,66,61,64,55,Rare
1922,PHI,Philadelphia Phillies,0.373,Jimmy Ring,SP,2.1,84,65,46,48,66,54,Uncommon
1922,PHI,Philadelphia Phillies,0.373,George Smith,SP,1.8,101,28,93,46,88,59,Rare
1922,BSN,Boston Braves,0.346,Frank Miller,SP,3.2,90,45,65,59,74,58,Rare
1922,BSN,Boston Braves,0.346,Hugh McQuillan,SP,2.8,85,31,48,51,67,46,Uncommon
1922,BSN,Boston Braves,0.346,Tim McNamara,RP,1.7,45,28,50,87,35,53,Uncommon
1922,PK,Pittsburgh Keystones,0.333,Bill McCall,SP,0.7,99,70,74,42,85,64,Rare
1922,PK,Pittsburgh Keystones,0.333,Charles Corbett,SP,0.0,83,55,68,50,64,58,Rare
1922,PK,Pittsburgh Keystones,0.333,Oscar Owens,SP,0.0,90,55,34,55,74,51,Uncommon
1922,CSW,Cuban Stars West,0.281,Lucas Boada,SP,0.0,87,55,73,49,69,60,Rare
1922,CSW,Cuban Stars West,0.281,Eustaquio Pedroso,SP,0.0,86,64,57,45,68,57,Rare
1922,CSW,Cuban Stars West,0.281,Pedro Silva,SP,0.0,93,45,35,50,77,47,Uncommon
1923,MRS,Memphis Red Sox,0.682,Willie Foster,SP,0.0,82,97,82,56,62,77,Epic
1923,MRS,Memphis Red Sox,0.682,Square Moore,SP,0.0,94,57,56,59,78,59,Rare
1923,MRS,Memphis Red Sox,0.682,A. D. Young,SP,0.0,92,62,48,59,76,58,Rare
1923,NYA,New York Yankees,0.645,Herb Pennock,SP,6.1,91,55,69,64,75,64,Rare
1923,NYA,New York Yankees,0.645,Bullet Joe Bush,SP,4.8,93,63,45,62,77,59,Rare
1923,NYA,New York Yankees,0.645,Waite Hoyt,SP,4.4,90,32,71,68,73,59,Rare
1923,HIL,Hilldale Club,0.63,Lucius Hampton,SP,1.5,86,50,93,53,68,66,Rare
1923,HIL,Hilldale Club,0.63,Nip Winters,SP,0.0,92,109,57,50,76,72,Epic
1923,HIL,Hilldale Club,0.63,Phil Cockrell,SP,0.0,96,60,77,51,81,64,Rare
1923,KCM,Kansas City Monarchs,0.621,Bullet Rogan,SP,0.0,99,83,63,56,85,69,Rare
1923,KCM,Kansas City Monarchs,0.621,Rube Curry,SP,0.0,94,77,77,51,78,69,Rare
1923,KCM,Kansas City Monarchs,0.621,Bill Drake,SP,0.0,89,52,61,54,72,57,Rare
1923,NY1,New York Giants,0.621,Hugh McQuillan,SP,3.2,82,45,68,56,63,57,Rare
1923,NY1,New York Giants,0.621,Rosy Ryan,RP,2.0,45,47,73,55,35,56,Rare
1923,NY1,New York Giants,0.621,Jack Scott,SP,1.8,90,51,67,48,74,57,Rare
1923,CAG,Chicago American Giants,0.592,Ed Rile,SP,0.0,101,52,76,55,88,64,Rare
1923,CAG,Chicago American Giants,0.592,Aubrey Owens,SP,0.0,87,78,50,50,69,60,Rare
1923,CAG,Chicago American Giants,0.592,Tom Williams,SP,0.0,106,31,50,57,94,51,Uncommon
1923,CIN,Cincinnati Reds,0.591,Dolf Luque,SP,10.7,90,65,72,110,74,82,Epic
1923,CIN,Cincinnati Reds,0.591,Eppa Rixey,SP,5.9,88,43,86,77,71,69,Rare
1923,CIN,Cincinnati Reds,0.591,Pete Donohue,SP,2.3,84,42,77,65,66,62,Rare
1923,ABC,Indianapolis ABCs,0.59,Charles Corbett,SP,0.0,100,49,61,49,86,56,Rare
1923,ABC,Indianapolis ABCs,0.59,Omer Newsome,SP,0.0,90,45,69,49,74,56,Rare
1923,ABC,Indianapolis ABCs,0.59,Darltie Cooper,SP,0.0,90,37,78,49,74,57,Rare
1923,CSE,Cuban Stars East,0.585,Oscar Levis,SP,0.0,91,101,88,55,75,81,Epic
1923,CSE,Cuban Stars East,0.585,Isidro Fabré,SP,0.0,98,17,109,48,84,61,Rare
1923,CSE,Cuban Stars East,0.585,Juanelo Mirabal,SP,0.0,85,63,84,53,67,67,Rare
1923,DS,Detroit Stars,0.582,Bill Force,SP,0.0,101,65,75,48,88,65,Rare
1923,DS,Detroit Stars,0.582,Andy Cooper,SP,0.0,95,52,79,48,80,62,Rare
1923,DS,Detroit Stars,0.582,Buck Alexander,SP,0.0,84,48,31,48,65,45,Uncommon
1923,PIT,Pittsburgh Pirates,0.565,Johnny Morrison,SP,4.5,88,53,51,63,70,57,Rare
1923,PIT,Pittsburgh Pirates,0.565,Wilbur Cooper,SP,3.8,85,34,79,58,67,58,Rare
1923,PIT,Pittsburgh Pirates,0.565,Lee Meadows,SP,2.5,88,42,79,48,71,58,Rare
1923,CHN,Chicago Cubs,0.539,Pete Alexander,SP,5.2,89,29,112,63,72,68,Rare
1923,CHN,Chicago Cubs,0.539,Vic Keen,SP,3.3,99,34,60,68,85,57,Rare
1923,CHN,Chicago Cubs,0.539,Vic Aldridge,SP,2.6,83,40,63,56,64,54,Uncommon
1923,DET,Detroit Tigers,0.539,Hooks Dauss,SP,4.7,88,46,78,57,70,61,Rare
1923,DET,Detroit Tigers,0.539,Syl Johnson,SP,2.2,96,73,73,47,81,66,Rare
1923,DET,Detroit Tigers,0.539,Herman Pillette,SP,1.1,82,33,58,54,62,50,Uncommon
1923,CLE,Cleveland Indians,0.536,George Uhle,SP,6.0,88,41,69,58,70,57,Rare
1923,CLE,Cleveland Indians,0.536,Stan Coveleski,SP,4.8,84,30,92,75,65,66,Rare
1923,CLE,Cleveland Indians,0.536,Sherry Smith,SP,1.9,85,21,66,64,67,52,Uncommon
1923,SLN,St. Louis Cardinals,0.516,Jesse Haines,SP,3.9,84,36,70,67,65,58,Rare
1923,SLN,St. Louis Cardinals,0.516,Bill Doak,SP,2.9,82,38,50,65,63,52,Uncommon
1923,SLN,St. Louis Cardinals,0.516,Clyde Barfoot,RP,1.5,45,28,73,51,35,49,Uncommon
1923,BRO,Brooklyn Robins,0.494,Dazzy Vance,SP,4.6,87,96,52,58,69,69,Rare
1923,BRO,Brooklyn Robins,0.494,Burleigh Grimes,SP,3.6,90,51,64,58,73,59,Rare
1923,BRO,Brooklyn Robins,0.494,Art Decatur,RP,1.5,45,33,59,80,35,55,Rare
1923,WS1,Washington Senators,0.49,Walter Johnson,SP,4.4,85,69,70,57,67,66,Rare
1923,WS1,Washington Senators,0.49,George Mogridge,SP,3.4,82,39,73,61,63,58,Rare
1923,WS1,Washington Senators,0.49,Allen Russell,RP,2.7,45,52,45,63,35,52,Uncommon
1923,SLA,St. Louis Browns,0.487,Urban Shocker,SP,6.2,87,55,94,63,69,70,Epic
1923,SLA,St. Louis Browns,0.487,Elam Vangilder,SP,5.9,88,34,45,71,70,52,Uncommon
1923,SLA,St. Louis Browns,0.487,Dave Danforth,SP,3.9,90,59,49,59,74,57,Rare
1923,BRG,Brooklyn Royal Giants,0.486,Willis Flournoy,SP,1.7,80,58,69,66,60,64,Rare
1923,BRG,Brooklyn Royal Giants,0.486,Dick Redding,SP,0.0,102,62,82,52,89,68,Rare
1923,BRG,Brooklyn Royal Giants,0.486,Connie Rector,SP,0.0,84,57,59,55,65,58,Rare
1923,ACB,Atlantic City Bacharach Giants,0.467,Rats Henderson,SP,0.0,92,88,80,53,76,74,Epic
1923,ACB,Atlantic City Bacharach Giants,0.467,John Harper,SP,0.0,90,60,50,53,73,56,Rare
1923,ACB,Atlantic City Bacharach Giants,0.467,Hubert Lockhart,SP,0.0,97,62,82,51,83,67,Rare
1923,PHA,Philadelphia Athletics,0.454,Eddie Rommel,SP,5.4,95,33,51,63,80,52,Uncommon
1923,PHA,Philadelphia Athletics,0.454,Rollie Naylor,SP,2.6,82,21,46,62,63,45,Uncommon
1923,PHA,Philadelphia Athletics,0.454,Slim Harriss,SP,2.4,84,59,42,52,66,52,Uncommon
1923,CHA,Chicago White Sox,0.448,Hollis Thurston,RP,5.0,45,37,90,49,35,56,Rare
1923,CHA,Chicago White Sox,0.448,Red Faber,SP,3.5,84,55,73,62,66,64,Rare
1923,CHA,Chicago White Sox,0.448,Charlie Robertson,SP,3.4,84,50,46,55,66,52,Uncommon
1923,NLG,New York Lincoln Giants,0.432,Dave Brown,SP,0.0,94,86,67,54,78,70,Epic
1923,NLG,New York Lincoln Giants,0.432,Bill Holland,SP,0.0,92,95,83,49,76,76,Epic
1923,NLG,New York Lincoln Giants,0.432,Sam Streeter,SP,0.0,98,64,79,56,84,68,Rare
1923,CSW,Cuban Stars West,0.421,Juan Padrón,SP,0.0,87,77,82,49,69,69,Rare
1923,CSW,Cuban Stars West,0.421,Pedro Dibut,SP,0.0,106,36,71,47,94,56,Rare
1923,CSW,Cuban Stars West,0.421,Lucas Boada,SP,0.0,84,30,67,46,65,49,Uncommon
1923,SLS,St. Louis Stars,0.403,Fred Bell,SP,0.7,91,45,28,43,75,42,Common
1923,SLS,St. Louis Stars,0.403,Cool Papa Bell,SP,0.0,102,60,84,49,89,67,Rare
1923,SLS,St. Louis Stars,0.403,Archie Stewart,SP,0.0,96,85,48,47,82,62,Rare
1923,BOS,Boston Red Sox,0.401,Howard Ehmke,SP,6.1,88,54,49,56,70,55,Rare
1923,BOS,Boston Red Sox,0.401,Jack Quinn,SP,4.6,90,39,84,57,74,61,Rare
1923,BOS,Boston Red Sox,0.401,Bill Piercy,SP,2.4,86,36,48,64,68,51,Uncommon
1923,BBB,Birmingham Black Barons,0.39,Harry Salmon,SP,0.0,94,63,91,59,79,72,Epic
1923,BBB,Birmingham Black Barons,0.39,Johnny Juran,SP,0.0,96,57,54,59,81,59,Rare
1923,BBB,Birmingham Black Barons,0.39,Curtis Green,SP,0.0,90,22,108,52,74,62,Rare
1923,BBS,Baltimore Black Sox,0.38,Arnett Mitchell,SP,0.0,104,49,56,53,92,57,Rare
1923,BBS,Baltimore Black Sox,0.38,Doc Sykes,SP,0.0,77,72,70,49,56,63,Rare
1923,BBS,Baltimore Black Sox,0.38,Wayne Carr,SP,0.0,84,64,84,56,65,68,Rare
1923,TT,Toledo Tigers,0.37,Dicta Johnson,SP,3.2,96,45,70,55,81,59,Rare
1923,TT,Toledo Tigers,0.37,Herman Gordon,SP,0.0,88,32,34,45,71,40,Common
1923,TT,Toledo Tigers,0.37,Frank Stevens,SP,0.0,80,47,65,48,60,54,Uncommon
1923,BSN,Boston Braves,0.351,Joe Genewich,SP,3.8,94,30,88,52,79,59,Rare
1923,BSN,Boston Braves,0.351,Jesse Barnes,SP,3.6,90,28,79,53,73,55,Rare
1923,BSN,Boston Braves,0.351,Rube Marquard,SP,3.0,88,45,72,54,71,58,Rare
1923,PHI,Philadelphia Phillies,0.325,Jimmy Ring,SP,8.1,89,52,49,61,72,56,Rare
1923,PHI,Philadelphia Phillies,0.325,Huck Betts,RP,2.7,45,26,96,73,35,62,Rare
1923,PHI,Philadelphia Phillies,0.325,Clarence Mitchell,SP,1.4,84,40,59,48,65,51,Uncommon
1923,MB,Milwaukee Bears,0.208,Joe Strong,SP,2.4,91,51,54,92,75,67,Rare
1923,MB,Milwaukee Bears,0.208,Admiral Walker,SP,0.0,88,22,35,59,70,42,Common
1923,MB,Milwaukee Bears,0.208,Andrew Wilson,SP,0.0,100,33,29,44,86,40,Common
1924,KCM,Kansas City Monarchs,0.722,Hop Bartlett,SP,0.1,77,1,10,41,56,21,Common
1924,KCM,Kansas City Monarchs,0.722,Bullet Rogan,SP,0.0,87,79,60,57,69,66,Rare
1924,KCM,Kansas City Monarchs,0.722,Bill Drake,SP,0.0,86,55,48,59,68,55,Rare
1924,CAG,Chicago American Giants,0.662,Willie Foster,SP,2.0,80,108,52,78,60,77,Epic
1924,CAG,Chicago American Giants,0.662,Tom Williams,RP,1.6,45,53,71,51,35,56,Rare
1924,CAG,Chicago American Giants,0.662,Juan Padrón,SP,0.0,88,71,90,59,71,73,Epic
1924,HIL,Hilldale Club,0.657,Nip Winters,SP,0.0,91,80,69,56,75,69,Rare
1924,HIL,Hilldale Club,0.657,Red Ryan,SP,0.0,92,65,94,52,76,71,Epic
1924,HIL,Hilldale Club,0.657,Phil Cockrell,SP,0.0,84,59,64,50,65,58,Rare
1924,BBS,Baltimore Black Sox,0.617,George Britt,SP,0.0,88,79,46,50,70,60,Rare
1924,BBS,Baltimore Black Sox,0.617,Bob McClure,SP,0.0,90,62,90,53,73,69,Rare
1924,BBS,Baltimore Black Sox,0.617,Bill Force,SP,0.0,95,76,69,54,80,68,Rare
1924,NY1,New York Giants,0.608,Virgil Barnes,SP,3.4,86,33,77,61,68,58,Rare
1924,NY1,New York Giants,0.608,Hugh McQuillan,SP,2.8,87,35,81,70,69,63,Rare
1924,NY1,New York Giants,0.608,Art Nehf,SP,1.8,90,58,78,48,73,62,Rare
1924,BRO,Brooklyn Robins,0.597,Dazzy Vance,SP,10.5,92,115,77,91,76,92,Legendary
1924,BRO,Brooklyn Robins,0.597,Bill Doak,SP,3.9,97,28,69,60,83,55,Rare
1924,BRO,Brooklyn Robins,0.597,Burleigh Grimes,SP,2.2,90,60,67,49,73,60,Rare
1924,WS1,Washington Senators,0.597,Walter Johnson,SP,6.8,83,78,71,78,64,74,Epic
1924,WS1,Washington Senators,0.597,Tom Zachary,SP,4.8,84,27,74,79,66,61,Rare
1924,WS1,Washington Senators,0.597,George Mogridge,SP,3.1,82,28,69,61,63,54,Uncommon
1924,PIT,Pittsburgh Pirates,0.588,Ray Kremer,SP,3.5,90,31,89,64,73,62,Rare
1924,PIT,Pittsburgh Pirates,0.588,Emil Yde,SP,3.2,91,36,61,74,75,59,Rare
1924,PIT,Pittsburgh Pirates,0.588,Wilbur Cooper,SP,2.6,85,29,100,59,67,63,Rare
1924,NYA,New York Yankees,0.586,Herb Pennock,SP,8.1,89,50,83,75,72,70,Epic
1924,NYA,New York Yankees,0.586,Bullet Joe Bush,SP,4.4,88,44,44,61,70,52,Uncommon
1924,NYA,New York Yankees,0.586,Waite Hoyt,SP,4.1,85,38,64,58,67,55,Rare
1924,DET,Detroit Tigers,0.558,Rip Collins,SP,3.4,83,49,67,68,64,62,Rare
1924,DET,Detroit Tigers,0.558,Earl Whitehill,SP,2.0,83,37,56,56,64,51,Uncommon
1924,DET,Detroit Tigers,0.558,Ken Holloway,RP,0.6,45,33,57,53,35,46,Uncommon
1924,DS,Detroit Stars,0.556,Andy Cooper,SP,0.0,101,74,84,50,88,71,Epic
1924,DS,Detroit Stars,0.556,Buck Alexander,SP,0.0,92,61,58,48,76,58,Rare
1924,DS,Detroit Stars,0.556,Jack Combs,SP,0.0,89,57,47,47,72,52,Uncommon
1924,CIN,Cincinnati Reds,0.542,Eppa Rixey,SP,5.1,88,30,89,75,71,65,Rare
1924,CIN,Cincinnati Reds,0.542,Carl Mays,SP,3.2,89,37,98,66,72,68,Rare
1924,CIN,Cincinnati Reds,0.542,Dolf Luque,SP,2.6,86,55,79,64,68,66,Rare
1924,NLG,New York Lincoln Giants,0.541,Dave Brown,SP,0.0,96,81,65,56,82,69,Rare
1924,NLG,New York Lincoln Giants,0.541,John Taylor,SP,0.0,94,47,72,49,78,58,Rare
1924,NLG,New York Lincoln Giants,0.541,Bill Holland,SP,0.0,88,59,59,48,70,57,Rare
1924,CHN,Chicago Cubs,0.529,Vic Aldridge,SP,2.9,85,41,59,57,67,54,Uncommon
1924,CHN,Chicago Cubs,0.529,Vic Keen,SP,2.4,89,44,56,49,72,52,Uncommon
1924,CHN,Chicago Cubs,0.529,Pete Alexander,SP,2.0,89,22,100,64,72,63,Rare
1924,ACB,Atlantic City Bacharach Giants,0.522,String Bean Williams,SP,0.5,88,52,59,54,71,57,Rare
1924,ACB,Atlantic City Bacharach Giants,0.522,Otis Starks,SP,0.1,90,70,46,43,73,55,Rare
1924,ACB,Atlantic City Bacharach Giants,0.522,Hubert Lockhart,SP,0.0,88,57,57,50,70,56,Rare
1924,SLS,St. Louis Stars,0.512,Fred Bell,SP,0.1,83,57,40,58,64,53,Uncommon
1924,SLS,St. Louis Stars,0.512,William Ross,SP,0.0,90,47,66,55,74,58,Rare
1924,SLS,St. Louis Stars,0.512,Roosevelt Davis,SP,0.0,97,59,75,49,83,63,Rare
1924,HBG,Harrisburg Giants,0.492,Ping Gardner,SP,0.0,95,62,57,50,80,59,Rare
1924,HBG,Harrisburg Giants,0.492,Darltie Cooper,SP,0.0,95,53,76,53,80,63,Rare
1924,HBG,Harrisburg Giants,0.492,Charlie Henry,SP,0.0,93,51,48,48,77,52,Uncommon
1924,SLA,St. Louis Browns,0.487,Ernie Wingard,SP,5.0,89,7,48,69,72,44,Common
1924,SLA,St. Louis Browns,0.487,Urban Shocker,SP,4.1,84,50,86,54,65,64,Rare
1924,SLA,St. Louis Browns,0.487,Dixie Davis,SP,2.7,80,37,43,55,60,46,Uncommon
1924,PHA,Philadelphia Athletics,0.467,Stan Baumgartner,SP,5.2,103,32,47,78,91,56,Rare
1924,PHA,Philadelphia Athletics,0.467,Eddie Rommel,SP,4.7,88,33,57,58,70,51,Uncommon
1924,PHA,Philadelphia Athletics,0.467,Roy Meeker,SP,1.2,99,32,34,46,85,42,Common
1924,CLE,Cleveland Indians,0.438,Sherry Smith,SP,5.9,93,12,95,77,77,63,Rare
1924,CLE,Cleveland Indians,0.438,Joe Shaute,SP,5.7,88,30,67,61,71,54,Uncommon
1924,CLE,Cleveland Indians,0.438,Stan Coveleski,SP,2.4,83,30,65,57,64,52,Uncommon
1924,BOS,Boston Red Sox,0.435,Howard Ehmke,SP,8.3,90,53,75,67,74,66,Rare
1924,BOS,Boston Red Sox,0.435,Alex Ferguson,SP,5.5,84,45,42,62,65,51,Uncommon
1924,BOS,Boston Red Sox,0.435,Jack Quinn,SP,5.3,93,37,82,68,77,64,Rare
1924,CHA,Chicago White Sox,0.431,Hollis Thurston,SP,4.2,88,11,87,53,70,52,Uncommon
1924,CHA,Chicago White Sox,0.431,Red Faber,SP,2.6,88,39,52,57,70,51,Uncommon
1924,CHA,Chicago White Sox,0.431,Sarge Connally,RP,0.8,45,48,45,55,35,48,Uncommon
1924,BBB,Birmingham Black Barons,0.423,Bill McCall,SP,2.0,93,83,74,60,77,73,Epic
1924,BBB,Birmingham Black Barons,0.423,Dizzy Dismukes,SP,1.3,86,37,83,59,68,60,Rare
1924,BBB,Birmingham Black Barons,0.423,Sam Streeter,SP,0.0,90,87,105,50,74,80,Epic
1924,SLN,St. Louis Cardinals,0.422,Bill Sherdel,RP,2.5,45,47,83,55,35,59,Rare
1924,SLN,St. Louis Cardinals,0.422,Leo Dickerman,SP,2.5,94,35,40,58,78,48,Uncommon
1924,SLN,St. Louis Cardinals,0.422,Allen Sothoron,SP,1.5,82,43,45,54,62,49,Uncommon
1924,MRS,Memphis Red Sox,0.405,Harry Salmon,SP,1.6,90,62,86,60,73,70,Epic
1924,MRS,Memphis Red Sox,0.405,Willie Spearman,SP,0.0,85,76,62,56,67,65,Rare
1924,MRS,Memphis Red Sox,0.405,Square Moore,SP,0.0,84,70,51,56,66,60,Rare
1924,BRG,Brooklyn Royal Giants,0.375,Joe Williams,SP,0.0,87,76,96,59,69,76,Epic
1924,BRG,Brooklyn Royal Giants,0.375,Willis Flournoy,SP,0.0,96,73,72,49,82,66,Rare
1924,BRG,Brooklyn Royal Giants,0.375,Dick Redding,SP,0.0,89,74,73,47,72,65,Rare
1924,PHI,Philadelphia Phillies,0.364,Huck Betts,RP,2.8,45,44,68,51,35,52,Uncommon
1924,PHI,Philadelphia Phillies,0.364,Jimmy Ring,SP,2.6,82,46,38,57,62,48,Uncommon
1924,PHI,Philadelphia Phillies,0.364,Bill Hubbell,SP,2.0,88,18,77,46,70,49,Uncommon
1924,WP,Washington Potomacs,0.356,Wayne Carr,SP,0.1,93,46,53,51,77,53,Uncommon
1924,WP,Washington Potomacs,0.356,Claude Grier,SP,0.0,84,102,45,49,66,65,Rare
1924,WP,Washington Potomacs,0.356,Lucius Hampton,SP,0.0,84,36,81,53,66,58,Rare
1924,BSN,Boston Braves,0.346,Jesse Barnes,SP,5.5,89,20,89,63,72,59,Rare
1924,BSN,Boston Braves,0.346,Johnny Cooney,SP,3.7,94,52,71,65,79,64,Rare
1924,BSN,Boston Braves,0.346,Larry Benton,SP,1.3,96,44,38,49,82,48,Uncommon
1924,CSW,Cuban Stars West,0.34,Eustaquio Pedroso,SP,0.0,102,51,86,45,89,64,Rare
1924,CSW,Cuban Stars West,0.34,Lucas Boada,SP,0.0,86,20,73,47,68,49,Uncommon
1924,CSW,Cuban Stars West,0.34,Cándido Salazar,SP,0.0,78,77,11,54,58,48,Uncommon
1924,CSE,Cuban Stars East,0.333,Juanelo Mirabal,SP,0.0,87,51,80,52,69,62,Rare
1924,CSE,Cuban Stars East,0.333,Oscar Levis,SP,0.0,90,111,79,50,73,79,Epic
1924,CSE,Cuban Stars East,0.333,Oscar Estrada,SP,0.0,93,58,47,48,77,54,Uncommon
1924,CBN,Cleveland Browns,0.319,Sensation Clark,SP,0.6,101,77,44,115,88,80,Epic
1924,CBN,Cleveland Browns,0.319,Eggie Hensley,SP,0.2,102,88,64,48,90,69,Rare
1924,CBN,Cleveland Browns,0.319,John Wesley Johnson,SP,0.0,82,32,54,59,62,50,Uncommon
1924,ABC,Indianapolis ABCs,0.13,Russell Trabue,SP,0.0,79,9,73,52,59,46,Uncommon
1924,ABC,Indianapolis ABCs,0.13,Goldie Davis,SP,0.0,75,30,25,59,53,40,Common
1924,ABC,Indianapolis ABCs,0.13,Murdock,RP,0.0,45,56,88,59,35,64,Rare
1925,HIL,Hilldale Club,0.746,Nip Winters,SP,0.0,92,59,77,49,76,63,Rare
1925,HIL,Hilldale Club,0.746,Rube Curry,SP,0.0,93,52,88,48,77,64,Rare
1925,HIL,Hilldale Club,0.746,Phil Cockrell,SP,0.0,95,57,70,53,80,62,Rare
1925,KCM,Kansas City Monarchs,0.723,Hop Bartlett,SP,0.1,70,36,6,41,46,30,Common
1925,KCM,Kansas City Monarchs,0.723,Bullet Rogan,SP,0.0,96,85,89,59,81,78,Epic
1925,KCM,Kansas City Monarchs,0.723,Nelson Dean,SP,0.0,99,69,75,59,85,69,Rare
1925,SLS,St. Louis Stars,0.684,Roosevelt Davis,SP,0.0,91,38,99,59,75,66,Rare
1925,SLS,St. Louis Stars,0.684,Eggie Hensley,SP,0.0,88,54,52,59,70,56,Rare
1925,SLS,St. Louis Stars,0.684,William Ross,SP,0.0,88,53,71,59,71,62,Rare
1925,HBG,Harrisburg Giants,0.667,Ping Gardner,SP,0.0,93,39,68,59,77,58,Rare
1925,HBG,Harrisburg Giants,0.667,Darltie Cooper,SP,0.0,91,58,61,59,75,61,Rare
1925,HBG,Harrisburg Giants,0.667,Charles Corbett,SP,0.0,100,13,74,59,87,52,Uncommon
1925,WS1,Washington Senators,0.636,Stan Coveleski,SP,6.3,84,30,65,79,66,59,Rare
1925,WS1,Washington Senators,0.636,Walter Johnson,SP,4.9,86,65,56,73,68,65,Rare
1925,WS1,Washington Senators,0.636,Dutch Ruether,SP,3.0,85,41,41,60,67,49,Uncommon
1925,PIT,Pittsburgh Pirates,0.621,Vic Aldridge,SP,3.9,88,58,55,60,70,59,Rare
1925,PIT,Pittsburgh Pirates,0.621,Lee Meadows,SP,3.8,88,48,74,62,71,62,Rare
1925,PIT,Pittsburgh Pirates,0.621,Ray Kremer,SP,3.3,87,39,84,58,69,61,Rare
1925,DS,Detroit Stars,0.585,Lucius Hampton,SP,1.2,94,50,71,65,79,64,Rare
1925,DS,Detroit Stars,0.585,Andy Cooper,SP,0.0,103,46,95,59,91,69,Rare
1925,DS,Detroit Stars,0.585,Harry Kenyon,SP,0.0,90,74,59,59,73,65,Rare
1925,PHA,Philadelphia Athletics,0.579,Slim Harriss,SP,6.0,85,53,49,70,67,58,Rare
1925,PHA,Philadelphia Athletics,0.579,Eddie Rommel,SP,5.5,94,33,51,65,78,52,Uncommon
1925,PHA,Philadelphia Athletics,0.579,Sam Gray,SP,5.2,83,55,63,72,64,63,Rare
1925,NY1,New York Giants,0.566,Jack Scott,SP,5.4,90,51,82,66,73,67,Rare
1925,NY1,New York Giants,0.566,Virgil Barnes,SP,3.1,88,30,79,59,70,57,Rare
1925,NY1,New York Giants,0.566,Freddie Fitzsimmons,SP,2.8,94,28,79,78,78,63,Rare
1925,CAG,Chicago American Giants,0.565,Willie Foster,SP,3.5,90,86,73,108,74,88,Legendary
1925,CAG,Chicago American Giants,0.565,Webster McDonald,SP,3.3,103,74,71,87,91,79,Epic
1925,CAG,Chicago American Giants,0.565,Juan Padrón,SP,0.0,85,68,78,59,67,68,Rare
1925,SLA,St. Louis Browns,0.536,Milt Gaston,SP,2.1,87,49,45,56,69,52,Uncommon
1925,SLA,St. Louis Browns,0.536,Dave Danforth,RP,1.9,45,46,49,48,35,46,Uncommon
1925,SLA,St. Louis Browns,0.536,Bullet Joe Bush,SP,1.8,84,41,44,43,65,45,Uncommon
1925,DET,Detroit Tigers,0.526,Hooks Dauss,SP,4.0,84,33,50,69,66,52,Uncommon
1925,DET,Detroit Tigers,0.526,Earl Whitehill,SP,2.2,83,49,50,45,64,50,Uncommon
1925,DET,Detroit Tigers,0.526,Lil Stoner,SP,1.6,89,47,54,52,72,53,Uncommon
1925,CIN,Cincinnati Reds,0.523,Eppa Rixey,SP,6.5,87,30,97,76,69,68,Rare
1925,CIN,Cincinnati Reds,0.523,Dolf Luque,SP,6.3,88,67,73,84,70,74,Epic
1925,CIN,Cincinnati Reds,0.523,Pete Donohue,SP,6.1,87,33,97,74,69,68,Rare
1925,BBS,Baltimore Black Sox,0.516,Joe Strong,SP,0.0,93,35,71,59,77,57,Rare
1925,BBS,Baltimore Black Sox,0.516,Bob McClure,SP,0.0,88,58,48,59,70,56,Rare
1925,BBS,Baltimore Black Sox,0.516,George Britt,SP,0.0,110,69,66,59,100,68,Rare
1925,CHA,Chicago White Sox,0.513,Ted Blankenship,SP,5.2,97,49,66,69,83,64,Rare
1925,CHA,Chicago White Sox,0.513,Ted Lyons,SP,5.1,88,18,62,68,70,51,Uncommon
1925,CHA,Chicago White Sox,0.513,Red Faber,SP,3.3,84,40,77,57,65,59,Rare
1925,SLN,St. Louis Cardinals,0.503,Bill Sherdel,SP,5.4,94,34,86,72,79,66,Rare
1925,SLN,St. Louis Cardinals,0.503,Art Reinhart,SP,3.2,92,20,60,72,76,53,Uncommon
1925,SLN,St. Louis Cardinals,0.503,Jesse Haines,SP,1.6,88,41,77,47,71,57,Rare
1925,ACB,Atlantic City Bacharach Giants,0.5,Claude Grier,SP,0.9,88,90,42,62,71,65,Rare
1925,ACB,Atlantic City Bacharach Giants,0.5,Roy Roberts,SP,0.2,77,64,33,55,56,51,Uncommon
1925,ACB,Atlantic City Bacharach Giants,0.5,Rats Henderson,SP,0.0,93,75,55,59,77,64,Rare
1925,BSN,Boston Braves,0.458,Larry Benton,SP,4.0,90,35,49,68,74,53,Uncommon
1925,BSN,Boston Braves,0.458,Johnny Cooney,SP,2.5,89,34,88,56,72,61,Rare
1925,BSN,Boston Braves,0.458,Joe Genewich,SP,2.0,87,23,79,55,69,54,Uncommon
1925,CLE,Cleveland Indians,0.455,Jake Miller,SP,4.7,90,35,60,73,73,58,Rare
1925,CLE,Cleveland Indians,0.455,Garland Buckeye,SP,3.0,89,44,49,67,72,55,Rare
1925,CLE,Cleveland Indians,0.455,George Uhle,SP,3.0,88,44,50,59,70,53,Uncommon
1925,NYA,New York Yankees,0.448,Herb Pennock,SP,6.6,91,44,76,74,75,66,Rare
1925,NYA,New York Yankees,0.448,Urban Shocker,SP,5.7,88,41,80,57,70,60,Rare
1925,NYA,New York Yankees,0.448,Waite Hoyt,SP,4.4,88,50,61,53,70,56,Rare
1925,BRO,Brooklyn Robins,0.444,Dazzy Vance,SP,6.0,90,113,77,62,73,83,Epic
1925,BRO,Brooklyn Robins,0.444,Bob McGraw,SP,0.3,96,15,24,75,81,42,Common
1925,BRO,Brooklyn Robins,0.444,Rube Ehrhardt,SP,0.3,90,28,66,41,73,48,Uncommon
1925,PHI,Philadelphia Phillies,0.444,Hal Carlson,SP,4.8,83,48,83,54,64,62,Rare
1925,PHI,Philadelphia Phillies,0.444,Jimmy Ring,SP,4.1,83,48,44,55,64,50,Uncommon
1925,PHI,Philadelphia Phillies,0.444,Clarence Mitchell,SP,2.3,85,29,76,40,67,50,Uncommon
1925,CHN,Chicago Cubs,0.442,Pete Alexander,SP,4.4,86,35,106,64,68,68,Rare
1925,CHN,Chicago Cubs,0.442,Tony Kaufmann,SP,1.8,90,32,48,49,73,46,Uncommon
1925,CHN,Chicago Cubs,0.442,Wilbur Cooper,SP,1.6,88,22,68,48,70,48,Uncommon
1925,BRG,Brooklyn Royal Giants,0.412,Bill Holland,SP,0.0,85,89,50,59,67,66,Rare
1925,BRG,Brooklyn Royal Giants,0.412,Connie Rector,SP,0.0,96,51,71,59,81,62,Rare
1925,BRG,Brooklyn Royal Giants,0.412,Willis Flournoy,SP,0.0,86,64,73,59,68,66,Rare
1925,CSW,Cuban Stars West,0.392,David Gómez,SP,0.0,94,46,76,59,79,62,Rare
1925,CSW,Cuban Stars West,0.392,Raúl Álvarez,SP,0.0,94,17,62,59,79,49,Uncommon
1925,CSW,Cuban Stars West,0.392,Estéban Montalvo,SP,0.0,96,55,68,59,81,63,Rare
1925,MRS,Memphis Red Sox,0.391,Square Moore,SP,3.1,89,66,47,86,72,67,Rare
1925,MRS,Memphis Red Sox,0.391,Willie Spearman,SP,0.0,97,52,48,59,83,56,Rare
1925,MRS,Memphis Red Sox,0.391,Steel Arm Tyler,SP,0.0,84,75,89,59,65,73,Epic
1925,CSE,Cuban Stars East,0.381,Juanelo Mirabal,SP,0.0,91,42,68,59,75,58,Rare
1925,CSE,Cuban Stars East,0.381,Oscar Levis,SP,0.0,82,70,41,59,62,57,Rare
1925,CSE,Cuban Stars East,0.381,Isidro Fabré,SP,0.0,95,35,76,59,80,59,Rare
1925,WMP,Wilmington Potomacs,0.323,Wayne Carr,SP,-0.2,90,39,46,46,74,47,Uncommon
1925,BOS,Boston Red Sox,0.309,Howard Ehmke,SP,5.5,89,51,59,64,72,59,Rare
1925,BOS,Boston Red Sox,0.309,Ted Wingfield,SP,4.0,96,9,51,58,81,44,Common
1925,BOS,Boston Red Sox,0.309,Red Ruffing,SP,2.9,87,40,55,45,69,49,Uncommon
1925,BBB,Birmingham Black Barons,0.307,Sam Crawford,SP,0.5,92,57,45,62,76,57,Rare
1925,BBB,Birmingham Black Barons,0.307,Robert Poindexter,SP,0.0,93,61,46,59,77,58,Rare
1925,BBB,Birmingham Black Barons,0.307,Charlie Beverly,SP,0.0,87,48,49,59,69,54,Uncommon
1925,ABC,Indianapolis ABCs,0.243,George Mitchell,SP,0.7,86,43,36,76,68,53,Uncommon
1925,ABC,Indianapolis ABCs,0.243,Earl Gurley,SP,0.2,112,39,49,44,103,50,Uncommon
1925,ABC,Indianapolis ABCs,0.243,Buck Alexander,SP,0.0,82,32,47,59,63,48,Uncommon
1925,NLG,New York Lincoln Giants,0.146,Rube Chambers,SP,0.6,84,55,44,59,65,54,Uncommon
1925,NLG,New York Lincoln Giants,0.146,Clarence Lindsay,RP,0.1,45,46,125,66,35,75,Epic
1925,NLG,New York Lincoln Giants,0.146,Bill Nutall,SP,0.0,89,37,60,59,72,54,Uncommon
1926,KCM,Kansas City Monarchs,0.731,William Bell,SP,0.0,94,54,77,56,78,64,Rare
1926,KCM,Kansas City Monarchs,0.731,Bullet Rogan,SP,0.0,98,76,73,54,84,69,Rare
1926,KCM,Kansas City Monarchs,0.731,Chet Brewer,SP,0.0,90,88,48,57,74,65,Rare
1926,CAG,Chicago American Giants,0.7,Willie Foster,SP,0.0,98,87,61,55,84,69,Rare
1926,CAG,Chicago American Giants,0.7,George Harney,SP,0.0,109,67,82,53,99,70,Epic
1926,CAG,Chicago American Giants,0.7,Rube Curry,SP,0.0,87,54,84,53,69,64,Rare
1926,SLS,St. Louis Stars,0.655,Eggie Hensley,SP,0.0,95,73,48,47,80,58,Rare
1926,SLS,St. Louis Stars,0.655,Roosevelt Davis,SP,0.0,88,47,62,49,70,54,Uncommon
1926,SLS,St. Louis Stars,0.655,William Ross,SP,0.0,86,43,46,46,68,47,Uncommon
1926,HIL,Hilldale Club,0.619,Nip Winters,SP,0.0,93,57,59,50,77,58,Rare
1926,HIL,Hilldale Club,0.619,Red Ryan,SP,0.0,95,61,71,51,80,63,Rare
1926,HIL,Hilldale Club,0.619,Phil Cockrell,SP,0.0,88,62,55,47,71,56,Rare
1926,ACB,Atlantic City Bacharach Giants,0.606,Rats Henderson,SP,0.0,96,77,58,57,82,66,Rare
1926,ACB,Atlantic City Bacharach Giants,0.606,Claude Grier,SP,0.0,90,110,43,55,74,70,Epic
1926,ACB,Atlantic City Bacharach Giants,0.606,Hubert Lockhart,SP,0.0,96,15,33,59,81,40,Common
1926,NYA,New York Yankees,0.591,Urban Shocker,SP,4.8,88,28,71,57,70,54,Uncommon
1926,NYA,New York Yankees,0.591,Herb Pennock,SP,2.9,88,39,97,55,70,64,Rare
1926,NYA,New York Yankees,0.591,Waite Hoyt,SP,2.2,86,51,69,56,68,60,Rare
1926,SLN,St. Louis Cardinals,0.578,Pete Alexander,SP,3.3,90,29,99,64,74,65,Rare
1926,SLN,St. Louis Cardinals,0.578,Jesse Haines,SP,2.6,90,32,74,60,74,57,Rare
1926,SLN,St. Louis Cardinals,0.578,Bill Sherdel,SP,2.5,88,32,86,55,70,59,Rare
1926,CLE,Cleveland Indians,0.571,George Uhle,SP,8.8,91,69,50,78,75,67,Rare
1926,CLE,Cleveland Indians,0.571,Emil Levsen,SP,3.6,85,27,52,60,67,48,Uncommon
1926,CLE,Cleveland Indians,0.571,Joe Shaute,SP,3.4,88,28,62,59,71,52,Uncommon
1926,CSE,Cuban Stars East,0.569,Juanelo Mirabal,SP,0.0,84,25,58,54,65,48,Uncommon
1926,CSE,Cuban Stars East,0.569,Oscar Levis,SP,0.0,94,43,53,49,79,51,Uncommon
1926,CSE,Cuban Stars East,0.569,Pedro San,SP,0.0,95,92,35,56,80,63,Rare
1926,CIN,Cincinnati Reds,0.565,Carl Mays,SP,4.0,90,24,91,66,73,62,Rare
1926,CIN,Cincinnati Reds,0.565,Jakie May,RP,2.7,45,84,74,62,35,70,Epic
1926,CIN,Cincinnati Reds,0.565,Eppa Rixey,SP,2.1,87,34,77,54,69,56,Rare
1926,PHA,Philadelphia Athletics,0.553,Lefty Grove,SP,7.5,86,102,48,88,68,78,Epic
1926,PHA,Philadelphia Athletics,0.553,Eddie Rommel,SP,4.9,89,30,78,68,72,60,Rare
1926,PHA,Philadelphia Athletics,0.553,Howard Ehmke,SP,3.6,85,53,48,62,67,56,Rare
1926,HBG,Harrisburg Giants,0.551,Ping Gardner,SP,0.0,88,62,50,51,70,56,Rare
1926,HBG,Harrisburg Giants,0.551,Sam Cooper,SP,0.0,87,47,62,57,69,57,Rare
1926,HBG,Harrisburg Giants,0.551,Charles Corbett,SP,0.0,88,37,31,47,71,42,Common
1926,PIT,Pittsburgh Pirates,0.549,Ray Kremer,SP,6.2,91,44,84,78,75,69,Rare
1926,PIT,Pittsburgh Pirates,0.549,Johnny Morrison,SP,2.2,94,44,52,64,79,56,Rare
1926,PIT,Pittsburgh Pirates,0.549,Don Songer,SP,1.4,92,26,46,66,76,49,Uncommon
1926,WS1,Washington Senators,0.54,Walter Johnson,SP,3.8,86,66,70,53,68,64,Rare
1926,WS1,Washington Senators,0.54,Stan Coveleski,SP,3.7,83,24,59,71,64,53,Uncommon
1926,WS1,Washington Senators,0.54,Firpo Marberry,RP,3.6,42,43,40,68,31,48,Uncommon
1926,DS,Detroit Stars,0.536,Johnnie Bob Dixon,SP,1.1,90,52,95,83,74,76,Epic
1926,DS,Detroit Stars,0.536,Bob Saunders,SP,0.0,78,29,77,78,57,61,Rare
1926,DS,Detroit Stars,0.536,Andy Cooper,SP,0.0,86,54,90,52,68,66,Rare
1926,CHN,Chicago Cubs,0.532,Charlie Root,SP,5.2,89,65,82,71,72,73,Epic
1926,CHN,Chicago Cubs,0.532,Guy Bush,SP,3.1,96,24,73,74,81,59,Rare
1926,CHN,Chicago Cubs,0.532,Percy Jones,SP,3.0,87,69,33,69,69,58,Rare
1926,CHA,Chicago White Sox,0.529,Ted Lyons,SP,5.9,93,20,49,70,77,49,Uncommon
1926,CHA,Chicago White Sox,0.529,Tommy Thomas,SP,3.2,86,70,44,55,68,58,Rare
1926,CHA,Chicago White Sox,0.529,Ted Blankenship,SP,2.9,87,43,63,52,69,54,Uncommon
1926,DET,Detroit Tigers,0.513,Sam Gibson,SP,3.4,88,42,49,61,70,53,Uncommon
1926,DET,Detroit Tigers,0.513,Earl Whitehill,SP,3.0,84,60,62,54,65,59,Rare
1926,DET,Detroit Tigers,0.513,Rip Collins,SP,2.7,94,51,52,78,78,62,Rare
1926,NY1,New York Giants,0.49,Freddie Fitzsimmons,SP,3.3,89,27,74,68,72,58,Rare
1926,NY1,New York Giants,0.49,Virgil Barnes,SP,3.0,84,39,65,70,65,59,Rare
1926,NY1,New York Giants,0.49,Hugh McQuillan,SP,2.0,84,37,77,51,66,56,Rare
1926,BRO,Brooklyn Robins,0.464,Jesse Petty,SP,5.4,88,51,69,70,71,64,Rare
1926,BRO,Brooklyn Robins,0.464,Doug McWeeny,SP,4.1,92,62,48,67,76,61,Rare
1926,BRO,Brooklyn Robins,0.464,Burleigh Grimes,SP,2.7,85,38,48,57,67,50,Uncommon
1926,ABC,Indianapolis ABCs,0.447,Bill McCall,SP,0.0,90,77,66,48,74,65,Rare
1926,ABC,Indianapolis ABCs,0.447,Frank Stevens,SP,0.0,91,50,47,48,75,51,Uncommon
1926,ABC,Indianapolis ABCs,0.447,Bill Drake,SP,0.0,96,74,54,50,81,62,Rare
1926,BSN,Boston Braves,0.434,Bob Smith,SP,2.6,90,26,50,47,74,44,Common
1926,BSN,Boston Braves,0.434,Johnny Werts,SP,2.5,88,48,77,57,71,62,Rare
1926,BSN,Boston Braves,0.434,Larry Benton,SP,2.1,90,62,54,46,73,56,Rare
1926,NLG,New York Lincoln Giants,0.412,Willie Gisentaner,SP,2.7,87,70,52,57,69,61,Rare
1926,NLG,New York Lincoln Giants,0.412,Rube Chambers,SP,0.0,106,79,39,53,94,61,Rare
1926,NLG,New York Lincoln Giants,0.412,Lefty Gilmore,SP,0.0,88,56,48,51,71,54,Uncommon
1926,SLA,St. Louis Browns,0.403,Tom Zachary,SP,4.0,87,26,48,59,69,47,Uncommon
1926,SLA,St. Louis Browns,0.403,Ernie Wingard,SP,2.9,100,19,43,60,86,45,Uncommon
1926,SLA,St. Louis Browns,0.403,Milt Gaston,SP,2.6,85,20,41,48,67,39,Common
1926,PHI,Philadelphia Phillies,0.384,Hal Carlson,SP,8.3,86,24,94,69,68,63,Rare
1926,PHI,Philadelphia Phillies,0.384,Frank Ulrich,RP,1.9,45,50,77,51,35,57,Rare
1926,PHI,Philadelphia Phillies,0.384,Clarence Mitchell,SP,1.7,82,39,64,48,63,52,Uncommon
1926,BBS,Baltimore Black Sox,0.367,Laymon Yokely,SP,0.0,86,67,43,49,68,54,Uncommon
1926,BBS,Baltimore Black Sox,0.367,Bob McClure,SP,0.0,92,48,43,51,76,50,Uncommon
1926,BBS,Baltimore Black Sox,0.367,Joe Strong,SP,0.0,94,35,54,49,78,49,Uncommon
1926,BRG,Brooklyn Royal Giants,0.314,Bill Holland,SP,0.0,88,71,69,50,71,64,Rare
1926,BRG,Brooklyn Royal Giants,0.314,Willis Flournoy,SP,0.0,91,75,48,50,75,59,Rare
1926,BRG,Brooklyn Royal Giants,0.314,Dick Redding,SP,0.0,89,29,58,54,72,50,Uncommon
1926,BOS,Boston Red Sox,0.301,Jack Russell,RP,2.3,45,19,78,62,35,51,Uncommon
1926,BOS,Boston Red Sox,0.301,Hal Wiltse,SP,1.8,81,41,38,51,61,45,Uncommon
1926,BOS,Boston Red Sox,0.301,Slim Harriss,SP,1.1,77,36,60,57,56,51,Uncommon
1926,CSW,Cuban Stars West,0.279,Heliodoro Díaz,SP,0.0,93,72,47,47,77,58,Rare
1926,CSW,Cuban Stars West,0.279,Basilio Rosell,SP,0.0,90,65,52,44,74,56,Rare
1926,CSW,Cuban Stars West,0.279,David Gómez,SP,0.0,96,30,57,47,81,48,Uncommon
1926,CEL,Cleveland Elites,0.167,Candy Jim Taylor,SP,0.3,91,55,121,105,75,92,Legendary
1926,CEL,Cleveland Elites,0.167,John Wesley Johnson,SP,0.0,85,61,29,47,67,48,Uncommon
1926,CEL,Cleveland Elites,0.167,Buck Alexander,SP,0.0,97,72,56,51,83,62,Rare
1926,DM,Dayton Marcos,0.143,Harold Treadwell,SP,0.3,94,80,39,40,78,56,Rare
1926,DM,Dayton Marcos,0.143,John Williams,SP,0.0,86,70,39,48,68,54,Uncommon
1926,DM,Dayton Marcos,0.143,Deacon Meyers,SP,0.0,91,30,76,49,75,54,Uncommon
1926,NS,Newark Stars,0.091,Wayne Carr,SP,0.0,85,26,74,51,67,52,Uncommon
1926,NS,Newark Stars,0.091,Eli Juran,SP,0.0,79,64,22,48,59,46,Uncommon
1927,NYA,New York Yankees,0.714,Wilcy Moore,RP,6.6,45,49,71,93,35,67,Rare
1927,NYA,New York Yankees,0.714,Waite Hoyt,SP,6.0,87,47,86,76,69,70,Epic
1927,NYA,New York Yankees,0.714,Herb Pennock,SP,3.2,87,31,82,70,69,62,Rare
1927,CAG,Chicago American Giants,0.667,Willie Foster,SP,0.0,90,80,67,54,73,68,Rare
1927,CAG,Chicago American Giants,0.667,George Harney,SP,0.0,100,67,96,53,87,73,Epic
1927,CAG,Chicago American Giants,0.667,Willie Powell,SP,0.0,86,76,69,54,68,66,Rare
1927,KCM,Kansas City Monarchs,0.625,William Bell,SP,0.0,95,44,85,50,80,62,Rare
1927,KCM,Kansas City Monarchs,0.625,Bullet Rogan,SP,0.0,99,91,84,50,85,76,Epic
1927,KCM,Kansas City Monarchs,0.625,Chet Brewer,SP,0.0,83,55,53,55,64,55,Rare
1927,SLS,St. Louis Stars,0.621,Ted Trent,SP,0.0,93,85,47,51,77,63,Rare
1927,SLS,St. Louis Stars,0.621,Roosevelt Davis,SP,0.0,95,54,84,55,80,66,Rare
1927,SLS,St. Louis Stars,0.621,Luther McDonald,SP,0.0,93,40,79,52,77,59,Rare
1927,PIT,Pittsburgh Pirates,0.61,Ray Kremer,SP,7.0,88,37,81,87,70,68,Rare
1927,PIT,Pittsburgh Pirates,0.61,Lee Meadows,SP,5.4,86,37,84,64,68,62,Rare
1927,PIT,Pittsburgh Pirates,0.61,Carmen Hill,SP,4.8,92,48,68,65,76,62,Rare
1927,ACB,Atlantic City Bacharach Giants,0.602,Luther Farrell,SP,0.0,90,86,57,52,74,66,Rare
1927,ACB,Atlantic City Bacharach Giants,0.602,Rats Henderson,SP,0.0,90,60,68,50,74,61,Rare
1927,ACB,Atlantic City Bacharach Giants,0.602,Roy Roberts,SP,0.0,90,61,33,50,73,50,Uncommon
1927,SLN,St. Louis Cardinals,0.601,Pete Alexander,SP,6.2,91,20,102,83,75,69,Rare
1927,SLN,St. Louis Cardinals,0.601,Jesse Haines,SP,5.4,88,40,76,77,71,65,Rare
1927,SLN,St. Louis Cardinals,0.601,Bill Sherdel,SP,2.4,88,33,87,56,71,60,Rare
1927,NY1,New York Giants,0.597,Burleigh Grimes,SP,2.9,85,55,57,55,67,57,Rare
1927,NY1,New York Giants,0.597,Larry Benton,SP,1.7,82,54,55,45,63,52,Uncommon
1927,NY1,New York Giants,0.597,Virgil Barnes,SP,1.2,86,39,83,48,68,58,Rare
1927,PHA,Philadelphia Athletics,0.591,Lefty Grove,SP,5.7,94,91,65,71,78,76,Epic
1927,PHA,Philadelphia Athletics,0.591,Jack Quinn,SP,5.1,87,26,92,67,69,62,Rare
1927,PHA,Philadelphia Athletics,0.591,Rube Walberg,SP,3.0,84,75,51,52,65,60,Rare
1927,CHN,Chicago Cubs,0.556,Guy Bush,SP,3.4,90,44,46,71,74,56,Rare
1927,CHN,Chicago Cubs,0.556,Hal Carlson,SP,3.0,87,17,93,49,69,55,Rare
1927,CHN,Chicago Cubs,0.556,Charlie Root,SP,2.9,90,65,49,52,73,57,Rare
1927,HBG,Harrisburg Giants,0.552,Darltie Cooper,SP,0.0,98,52,80,51,84,63,Rare
1927,HBG,Harrisburg Giants,0.552,Cliff Carter,SP,0.0,90,49,47,52,73,52,Uncommon
1927,HBG,Harrisburg Giants,0.552,Sam Cooper,SP,0.0,84,69,45,49,65,55,Rare
1927,WS1,Washington Senators,0.552,Bump Hadley,SP,5.0,84,41,44,79,65,56,Rare
1927,WS1,Washington Senators,0.552,Horace Lisenbee,SP,4.0,82,60,60,61,63,61,Rare
1927,WS1,Washington Senators,0.552,Garland Braxton,RP,3.9,45,85,86,72,35,76,Epic
1927,BBB,Birmingham Black Barons,0.547,Bill Gatewood,SP,0.5,90,35,64,49,74,52,Uncommon
1927,BBB,Birmingham Black Barons,0.547,Sam Streeter,SP,0.0,100,75,84,53,87,72,Epic
1927,BBB,Birmingham Black Barons,0.547,Harry Salmon,SP,0.0,96,70,82,52,81,69,Rare
1927,DS,Detroit Stars,0.537,Yellow Horse Morris,SP,0.0,101,60,52,49,88,57,Rare
1927,DS,Detroit Stars,0.537,Ed Rile,SP,0.0,90,49,69,51,74,58,Rare
1927,DS,Detroit Stars,0.537,Bill Drake,SP,0.0,87,40,46,48,69,47,Uncommon
1927,DET,Detroit Tigers,0.536,Earl Whitehill,SP,4.9,84,56,43,69,66,57,Rare
1927,DET,Detroit Tigers,0.536,Lil Stoner,SP,2.6,92,39,52,54,76,51,Uncommon
1927,DET,Detroit Tigers,0.536,Ken Holloway,SP,1.6,87,23,58,51,69,46,Uncommon
1927,CSE,Cuban Stars East,0.517,Pedro San,SP,0.0,91,56,33,50,75,49,Uncommon
1927,CSE,Cuban Stars East,0.517,Oscar Levis,SP,0.0,90,50,61,52,74,56,Rare
1927,CSE,Cuban Stars East,0.517,Isidro Fabré,SP,0.0,90,49,54,49,73,53,Uncommon
1927,CIN,Cincinnati Reds,0.49,Red Lucas,SP,4.3,99,25,97,61,85,63,Rare
1927,CIN,Cincinnati Reds,0.49,Dolf Luque,SP,3.0,90,46,79,61,73,63,Rare
1927,CIN,Cincinnati Reds,0.49,Jakie May,SP,2.5,89,71,66,61,72,67,Rare
1927,BBS,Baltimore Black Sox,0.485,Laymon Yokely,SP,0.0,93,58,46,49,77,54,Uncommon
1927,BBS,Baltimore Black Sox,0.485,Bob McClure,SP,0.0,88,64,43,50,70,54,Uncommon
1927,BBS,Baltimore Black Sox,0.485,Joe Strong,SP,0.0,90,48,67,55,74,58,Rare
1927,CHA,Chicago White Sox,0.458,Tommy Thomas,SP,8.3,90,49,64,68,73,62,Rare
1927,CHA,Chicago White Sox,0.458,Ted Lyons,SP,7.3,92,29,84,77,76,65,Rare
1927,CHA,Chicago White Sox,0.458,Sarge Connally,SP,1.8,102,39,46,51,89,50,Uncommon
1927,HIL,Hilldale Club,0.451,Phil Cockrell,SP,0.0,90,55,59,49,73,56,Rare
1927,HIL,Hilldale Club,0.451,Nip Winters,SP,0.0,87,54,45,50,69,52,Uncommon
1927,HIL,Hilldale Club,0.451,Red Ryan,SP,0.0,96,41,52,50,81,51,Uncommon
1927,CLE,Cleveland Indians,0.431,Willis Hudlin,SP,4.6,91,31,62,59,75,53,Uncommon
1927,CLE,Cleveland Indians,0.431,Jake Miller,SP,4.4,87,38,75,71,69,62,Rare
1927,CLE,Cleveland Indians,0.431,Garland Buckeye,SP,3.5,88,21,51,56,70,45,Uncommon
1927,BRO,Brooklyn Robins,0.425,Dazzy Vance,SP,7.7,90,92,76,75,73,80,Epic
1927,BRO,Brooklyn Robins,0.425,Jesse Petty,SP,6.5,88,52,90,67,71,70,Epic
1927,BRO,Brooklyn Robins,0.425,Jumbo Elliott,SP,3.7,92,72,61,64,76,67,Rare
1927,NLG,New York Lincoln Giants,0.4,Connie Rector,SP,0.0,88,52,47,53,71,53,Uncommon
1927,NLG,New York Lincoln Giants,0.4,Willie Gisentaner,SP,0.0,92,49,92,47,76,64,Rare
1927,NLG,New York Lincoln Giants,0.4,Rube Chambers,SP,0.0,88,98,24,48,70,58,Rare
1927,BSN,Boston Braves,0.39,Bob Smith,SP,2.8,88,42,68,52,70,56,Rare
1927,BSN,Boston Braves,0.39,Joe Genewich,SP,1.8,94,25,66,50,79,50,Uncommon
1927,BSN,Boston Braves,0.39,Kent Greenfield,SP,1.1,86,41,56,38,68,47,Uncommon
1927,SLA,St. Louis Browns,0.386,Lefty Stewart,SP,2.0,88,36,71,51,70,54,Uncommon
1927,SLA,St. Louis Browns,0.386,Sad Sam Jones,SP,1.3,83,53,35,49,64,47,Uncommon
1927,SLA,St. Louis Browns,0.386,General Crowder,SP,0.7,84,52,30,45,65,45,Uncommon
1927,BOS,Boston Red Sox,0.331,Jack Russell,SP,2.6,96,18,72,54,81,51,Uncommon
1927,BOS,Boston Red Sox,0.331,Slim Harriss,SP,2.5,87,50,65,53,69,57,Rare
1927,BOS,Boston Red Sox,0.331,Danny MacFayden,SP,2.3,97,34,50,49,83,48,Uncommon
1927,PHI,Philadelphia Phillies,0.331,Frank Ulrich,SP,4.6,101,26,87,65,88,62,Rare
1927,PHI,Philadelphia Phillies,0.331,Clarence Mitchell,SP,1.9,86,20,66,46,68,46,Uncommon
1927,PHI,Philadelphia Phillies,0.331,Alex Ferguson,SP,1.6,83,44,69,39,64,52,Uncommon
1927,BRG,Brooklyn Royal Giants,0.324,Willis Flournoy,SP,0.0,84,68,57,49,65,59,Rare
1927,BRG,Brooklyn Royal Giants,0.324,Bill Holland,SP,0.0,94,58,61,48,78,58,Rare
1927,BRG,Brooklyn Royal Giants,0.324,Dick Redding,SP,0.0,82,42,75,48,63,56,Rare
1927,CSW,Cuban Stars West,0.319,Basilio Rosell,SP,0.0,100,72,75,47,86,67,Rare
1927,CSW,Cuban Stars West,0.319,Heliodoro Díaz,SP,0.0,89,81,50,50,72,62,Rare
1927,CSW,Cuban Stars West,0.319,David Gómez,SP,0.0,90,25,62,45,74,47,Uncommon
1927,MRS,Memphis Red Sox,0.272,Steel Arm Tyler,SP,2.9,81,77,68,63,61,68,Rare
1927,MRS,Memphis Red Sox,0.272,Carl Glass,SP,2.3,95,58,62,49,80,59,Rare
1927,MRS,Memphis Red Sox,0.272,Cliff Bell,SP,0.0,103,63,82,51,91,68,Rare
1927,CHT,Cleveland Hornets,0.245,Square Moore,SP,0.0,86,42,50,43,68,47,Uncommon
1927,CHT,Cleveland Hornets,0.245,Percy Miller,RP,0.0,45,86,35,44,35,53,Uncommon
1927,CHT,Cleveland Hornets,0.245,George Branigan,SP,0.0,86,60,47,50,68,54,Uncommon
1928,BBS,Baltimore Black Sox,0.714,Jesse Hubbard,SP,1.2,99,39,61,57,85,56,Rare
1928,BBS,Baltimore Black Sox,0.714,Laymon Yokely,SP,0.0,90,81,48,55,74,63,Rare
1928,BBS,Baltimore Black Sox,0.714,Bob McClure,SP,0.0,98,53,42,49,84,52,Uncommon
1928,NLG,New York Lincoln Giants,0.714,Connie Rector,SP,0.0,99,30,86,51,85,59,Rare
1928,NLG,New York Lincoln Giants,0.714,Nip Winters,SP,0.0,84,62,60,48,65,57,Rare
1928,NLG,New York Lincoln Giants,0.714,Willie Gisentaner,SP,0.0,82,49,81,48,63,60,Rare
1928,SLS,St. Louis Stars,0.708,Ted Trent,SP,0.0,94,77,79,54,78,71,Epic
1928,SLS,St. Louis Stars,0.708,Eggie Hensley,SP,0.0,88,62,81,49,70,65,Rare
1928,SLS,St. Louis Stars,0.708,John Williams,SP,0.0,87,70,71,51,69,64,Rare
1928,NYA,New York Yankees,0.656,Herb Pennock,SP,5.9,90,32,91,82,74,69,Rare
1928,NYA,New York Yankees,0.656,George Pipgras,SP,4.9,86,64,56,63,68,62,Rare
1928,NYA,New York Yankees,0.656,Waite Hoyt,SP,4.9,90,31,84,56,74,59,Rare
1928,PHA,Philadelphia Athletics,0.641,Lefty Grove,SP,7.1,89,95,78,80,72,83,Epic
1928,PHA,Philadelphia Athletics,0.641,Jack Quinn,SP,3.8,84,24,97,76,66,66,Rare
1928,PHA,Philadelphia Athletics,0.641,Eddie Rommel,RP,3.7,45,25,100,65,35,60,Rare
1928,KCM,Kansas City Monarchs,0.633,Harry Kenyon,SP,0.5,84,4,42,63,65,39,Common
1928,KCM,Kansas City Monarchs,0.633,William Bell,SP,0.0,97,45,99,56,83,68,Rare
1928,KCM,Kansas City Monarchs,0.633,Andy Cooper,SP,0.0,85,57,103,55,67,71,Epic
1928,SLN,St. Louis Cardinals,0.617,Bill Sherdel,SP,5.6,93,39,83,70,77,65,Rare
1928,SLN,St. Louis Cardinals,0.617,Jesse Haines,SP,4.6,90,44,66,63,73,59,Rare
1928,SLN,St. Louis Cardinals,0.617,Pete Alexander,SP,3.4,86,31,99,59,68,64,Rare
1928,NY1,New York Giants,0.604,Larry Benton,SP,7.0,91,39,82,72,75,65,Rare
1928,NY1,New York Giants,0.604,Joe Genewich,SP,3.7,88,26,65,50,71,49,Uncommon
1928,NY1,New York Giants,0.604,Freddie Fitzsimmons,SP,2.7,88,33,77,53,70,56,Rare
1928,CAG,Chicago American Giants,0.602,Willie Foster,SP,0.0,96,84,63,51,81,67,Rare
1928,CAG,Chicago American Giants,0.602,George Harney,SP,0.0,97,29,97,51,83,61,Rare
1928,CAG,Chicago American Giants,0.602,Willie Powell,SP,0.0,87,103,83,50,69,78,Epic
1928,DS,Detroit Stars,0.596,George Mitchell,SP,0.0,90,52,67,50,73,58,Rare
1928,DS,Detroit Stars,0.596,Ted Shaw,SP,0.0,87,61,48,53,69,56,Rare
1928,DS,Detroit Stars,0.596,Jack Marshall,SP,0.0,89,50,42,50,72,50,Uncommon
1928,CHN,Chicago Cubs,0.591,Sheriff Blake,SP,5.5,88,45,45,86,71,60,Rare
1928,CHN,Chicago Cubs,0.591,Pat Malone,SP,4.0,97,85,48,68,83,69,Rare
1928,CHN,Chicago Cubs,0.591,Art Nehf,SP,3.5,89,28,67,80,72,60,Rare
1928,PIT,Pittsburgh Pirates,0.559,Burleigh Grimes,SP,5.8,91,39,81,71,75,65,Rare
1928,PIT,Pittsburgh Pirates,0.559,Carmen Hill,SP,3.4,85,42,56,57,67,53,Uncommon
1928,PIT,Pittsburgh Pirates,0.559,Joe Dawson,RP,2.5,45,37,44,63,35,47,Uncommon
1928,HIL,Hilldale Club,0.556,Darltie Cooper,SP,0.0,95,55,61,52,80,58,Rare
1928,HIL,Hilldale Club,0.556,Red Ryan,SP,0.0,90,41,76,50,73,57,Rare
1928,HIL,Hilldale Club,0.556,Phil Cockrell,SP,0.0,89,61,56,45,72,56,Rare
1928,HG,Homestead Grays,0.55,Sam Streeter,SP,0.0,91,92,57,50,75,67,Rare
1928,HG,Homestead Grays,0.55,Joe Williams,SP,0.0,94,79,93,48,78,74,Epic
1928,HG,Homestead Grays,0.55,Lefty Williams,SP,0.0,90,60,90,52,73,68,Rare
1928,SLA,St. Louis Browns,0.532,Sam Gray,SP,5.0,89,54,59,68,72,62,Rare
1928,SLA,St. Louis Browns,0.532,General Crowder,SP,4.8,86,57,50,58,68,56,Rare
1928,SLA,St. Louis Browns,0.532,Jack Ogden,SP,3.9,86,36,59,47,68,49,Uncommon
1928,CIN,Cincinnati Reds,0.513,Eppa Rixey,SP,4.3,86,23,82,64,68,58,Rare
1928,CIN,Cincinnati Reds,0.513,Ray Kolp,SP,3.3,90,39,74,63,74,60,Rare
1928,CIN,Cincinnati Reds,0.513,Red Lucas,SP,2.9,91,25,77,58,75,56,Rare
1928,BRO,Brooklyn Robins,0.503,Dazzy Vance,SP,10.1,90,97,75,98,74,88,Legendary
1928,BRO,Brooklyn Robins,0.503,Watson Clark,SP,4.6,98,61,75,80,84,73,Epic
1928,BRO,Brooklyn Robins,0.503,Doug McWeeny,SP,4.5,85,45,41,63,67,51,Uncommon
1928,WS1,Washington Senators,0.487,Garland Braxton,SP,6.0,92,60,88,84,76,77,Epic
1928,WS1,Washington Senators,0.487,Sad Sam Jones,SP,5.4,88,37,55,76,71,58,Rare
1928,WS1,Washington Senators,0.487,Bump Hadley,SP,3.9,84,48,44,62,65,53,Uncommon
1928,CHA,Chicago White Sox,0.468,Tommy Thomas,SP,6.6,91,63,73,66,75,68,Rare
1928,CHA,Chicago White Sox,0.468,Red Faber,SP,3.1,84,26,57,53,65,47,Uncommon
1928,CHA,Chicago White Sox,0.468,Grady Adkins,SP,3.1,88,30,47,54,71,46,Uncommon
1928,BBB,Birmingham Black Barons,0.455,Harry Salmon,SP,0.0,91,70,105,49,75,75,Epic
1928,BBB,Birmingham Black Barons,0.455,Leo Birdine,SP,0.0,87,33,72,52,69,54,Uncommon
1928,BBB,Birmingham Black Barons,0.455,Satchel Paige,SP,0.0,90,124,91,56,74,89,Legendary
1928,DET,Detroit Tigers,0.442,Ownie Carroll,SP,5.2,88,27,49,68,71,50,Uncommon
1928,DET,Detroit Tigers,0.442,Elam Vangilder,RP,2.3,45,36,45,57,35,45,Uncommon
1928,DET,Detroit Tigers,0.442,George Smith,RP,1.5,45,70,41,50,35,52,Uncommon
1928,CLE,Cleveland Indians,0.403,Willis Hudlin,SP,3.2,89,37,46,54,72,48,Uncommon
1928,CLE,Cleveland Indians,0.403,Joe Shaute,SP,2.5,88,44,73,53,70,58,Rare
1928,CLE,Cleveland Indians,0.403,George Uhle,SP,2.2,85,48,83,52,67,62,Rare
1928,PTG,Philadelphia Tigers,0.4,David Gómez,SP,0.0,89,50,41,49,72,49,Uncommon
1928,PTG,Philadelphia Tigers,0.4,Cliff Carter,SP,0.0,88,122,79,59,71,85,Legendary
1928,PTG,Philadelphia Tigers,0.4,Wilbert Pritchett,SP,0.0,87,43,63,49,69,53,Uncommon
1928,MRS,Memphis Red Sox,0.393,Carl Glass,SP,0.0,110,52,93,54,100,70,Epic
1928,MRS,Memphis Red Sox,0.393,Cliff Bell,SP,0.0,99,46,92,49,85,65,Rare
1928,MRS,Memphis Red Sox,0.393,Steel Arm Tyler,SP,0.0,80,83,59,57,60,66,Rare
1928,BOS,Boston Red Sox,0.373,Ed Morris,SP,4.3,91,56,63,61,75,62,Rare
1928,BOS,Boston Red Sox,0.373,Red Ruffing,SP,3.3,89,57,58,56,72,58,Rare
1928,BOS,Boston Red Sox,0.373,Jack Russell,SP,2.7,85,12,88,56,67,54,Uncommon
1928,CSE,Cuban Stars East,0.333,Pedro San,SP,0.0,78,67,29,44,58,48,Uncommon
1928,CSE,Cuban Stars East,0.333,Juanelo Mirabal,SP,0.0,98,50,75,49,84,61,Rare
1928,CSE,Cuban Stars East,0.333,Oscar Levis,SP,0.0,78,51,43,45,58,48,Uncommon
1928,BSN,Boston Braves,0.327,Art Delaney,SP,1.5,90,29,67,50,74,51,Uncommon
1928,BSN,Boston Braves,0.327,Bob Smith,SP,1.1,96,30,65,50,81,52,Uncommon
1928,BSN,Boston Braves,0.327,Johnny Cooney,RP,0.8,45,23,55,42,35,40,Common
1928,ACB,Atlantic City Bacharach Giants,0.286,Luther Farrell,SP,0.0,88,96,49,45,71,64,Rare
1928,ACB,Atlantic City Bacharach Giants,0.286,Ping Gardner,SP,0.0,84,58,54,48,66,55,Rare
1928,ACB,Atlantic City Bacharach Giants,0.286,Rats Henderson,SP,0.0,97,84,61,49,83,66,Rare
1928,PHI,Philadelphia Phillies,0.283,Ray Benge,SP,2.1,83,47,44,46,64,47,Uncommon
1928,PHI,Philadelphia Phillies,0.283,John Milligan,SP,0.6,96,45,41,53,81,50,Uncommon
1928,PHI,Philadelphia Phillies,0.283,Earl Caldwell,SP,0.2,82,19,39,31,62,33,Common
1928,CTG,Cleveland Tigers,0.253,Nelson Dean,SP,0.0,84,68,98,51,66,72,Epic
1928,CTG,Cleveland Tigers,0.253,Goose Curry,SP,0.0,89,38,81,47,72,57,Rare
1928,CTG,Cleveland Tigers,0.253,Frank Stevens,SP,0.0,92,71,40,50,76,56,Rare
1928,CSW,Cuban Stars West,0.241,Heliodoro Díaz,SP,0.0,94,96,47,55,78,67,Rare
1928,CSW,Cuban Stars West,0.241,Basilio Rosell,SP,0.0,96,62,83,48,81,66,Rare
1928,CSW,Cuban Stars West,0.241,Cocaína García,SP,0.0,81,60,48,50,61,54,Uncommon
1929,KCM,Kansas City Monarchs,0.785,William Bell,SP,0.0,93,79,89,52,77,74,Epic
1929,KCM,Kansas City Monarchs,0.785,Army Cooper,SP,0.0,82,97,47,55,62,66,Rare
1929,KCM,Kansas City Monarchs,0.785,Chet Brewer,SP,0.0,97,53,74,58,83,64,Rare
1929,BBS,Baltimore Black Sox,0.7,Red Ryan,SP,2.4,84,45,58,109,65,70,Epic
1929,BBS,Baltimore Black Sox,0.7,Laymon Yokely,SP,0.0,90,64,44,54,73,56,Rare
1929,BBS,Baltimore Black Sox,0.7,Willis Flournoy,SP,0.0,98,45,43,50,84,50,Uncommon
1929,PHA,Philadelphia Athletics,0.693,Lefty Grove,SP,7.3,84,85,67,79,65,76,Epic
1929,PHA,Philadelphia Athletics,0.693,Rube Walberg,SP,6.3,88,49,50,56,70,54,Uncommon
1929,PHA,Philadelphia Athletics,0.693,George Earnshaw,SP,5.7,85,80,39,67,67,62,Rare
1929,CHN,Chicago Cubs,0.645,Charlie Root,SP,4.8,90,63,64,67,74,66,Rare
1929,CHN,Chicago Cubs,0.645,Pat Malone,SP,4.8,91,85,49,65,75,67,Rare
1929,CHN,Chicago Cubs,0.645,Guy Bush,SP,3.3,94,41,48,62,78,53,Uncommon
1929,SLS,St. Louis Stars,0.644,Roosevelt Davis,SP,1.9,95,56,84,35,80,60,Rare
1929,SLS,St. Louis Stars,0.644,John Williams,SP,0.0,90,48,82,49,74,61,Rare
1929,SLS,St. Louis Stars,0.644,Eggie Hensley,SP,0.0,88,52,44,50,70,51,Uncommon
1929,NLG,New York Lincoln Giants,0.606,Neck Stanley,RP,0.2,45,52,38,51,35,46,Uncommon
1929,NLG,New York Lincoln Giants,0.606,Connie Rector,SP,0.0,90,48,46,48,73,50,Uncommon
1929,NLG,New York Lincoln Giants,0.606,Bill Holland,SP,0.0,83,76,68,45,64,63,Rare
1929,PIT,Pittsburgh Pirates,0.575,Burleigh Grimes,SP,5.3,87,35,65,78,69,60,Rare
1929,PIT,Pittsburgh Pirates,0.575,Ray Kremer,SP,3.6,88,40,72,53,70,56,Rare
1929,PIT,Pittsburgh Pirates,0.575,Erv Brame,SP,3.1,88,40,63,51,70,53,Uncommon
1929,NYA,New York Yankees,0.571,Tom Zachary,SP,2.5,101,39,77,80,88,68,Rare
1929,NYA,New York Yankees,0.571,Roy Sherid,SP,1.2,99,46,53,55,85,55,Rare
1929,NYA,New York Yankees,0.571,Ed Wells,SP,1.0,89,56,46,41,72,50,Uncommon
1929,CAG,Chicago American Giants,0.558,Webster McDonald,SP,3.4,94,55,89,119,78,87,Legendary
1929,CAG,Chicago American Giants,0.558,Ted Radcliffe,RP,0.5,45,41,65,59,35,53,Uncommon
1929,CAG,Chicago American Giants,0.558,Willie Foster,SP,0.0,90,82,56,55,73,65,Rare
1929,NY1,New York Giants,0.556,Carl Hubbell,SP,4.5,85,55,77,61,67,65,Rare
1929,NY1,New York Giants,0.556,Bill Walker,SP,4.5,85,51,61,74,67,62,Rare
1929,NY1,New York Giants,0.556,Larry Benton,SP,2.4,86,35,75,54,68,56,Rare
1929,HG,Homestead Grays,0.54,George Britt,SP,1.2,85,70,58,61,67,63,Rare
1929,HG,Homestead Grays,0.54,Sam Streeter,SP,0.0,86,64,61,49,68,59,Rare
1929,HG,Homestead Grays,0.54,Joe Williams,SP,0.0,93,87,88,50,77,75,Epic
1929,CLE,Cleveland Indians,0.533,Willis Hudlin,SP,7.5,89,26,75,71,72,59,Rare
1929,CLE,Cleveland Indians,0.533,Wes Ferrell,SP,6.0,96,58,43,65,81,58,Rare
1929,CLE,Cleveland Indians,0.533,Jake Miller,SP,4.7,82,37,67,65,63,57,Rare
1929,HIL,Hilldale Club,0.533,Joe Strong,SP,3.4,89,57,53,77,72,63,Rare
1929,HIL,Hilldale Club,0.533,Darltie Cooper,SP,0.0,86,61,46,47,68,53,Uncommon
1929,HIL,Hilldale Club,0.533,Porter Charleston,SP,0.0,94,73,73,49,78,66,Rare
1929,SLA,St. Louis Browns,0.52,Sam Gray,SP,6.2,88,50,62,59,71,58,Rare
1929,SLA,St. Louis Browns,0.52,General Crowder,SP,4.3,86,40,54,54,68,51,Uncommon
1929,SLA,St. Louis Browns,0.52,George Blaeholder,SP,3.5,93,45,71,51,77,58,Rare
1929,SLN,St. Louis Cardinals,0.513,Clarence Mitchell,SP,3.8,86,28,55,54,68,48,Uncommon
1929,SLN,St. Louis Cardinals,0.513,Syl Johnson,SP,3.4,95,61,64,66,80,65,Rare
1929,SLN,St. Louis Cardinals,0.513,Pete Alexander,SP,2.4,82,32,94,60,62,62,Rare
1929,WS1,Washington Senators,0.467,Firpo Marberry,SP,6.8,95,67,71,75,80,72,Epic
1929,WS1,Washington Senators,0.467,Sad Sam Jones,SP,2.0,78,29,61,57,58,50,Uncommon
1929,WS1,Washington Senators,0.467,Lloyd Brown,RP,1.8,45,38,46,52,35,44,Common
1929,DS,Detroit Stars,0.464,Albert Davis,SP,0.0,110,31,76,44,100,55,Rare
1929,DS,Detroit Stars,0.464,Charlie Henry,SP,0.0,96,54,48,46,82,53,Uncommon
1929,DS,Detroit Stars,0.464,Ted Shaw,SP,0.0,100,54,44,49,87,53,Uncommon
1929,PHI,Philadelphia Phillies,0.464,Claude Willoughby,SP,2.8,82,24,43,51,63,42,Common
1929,PHI,Philadelphia Phillies,0.464,Les Sweetland,SP,2.4,88,28,45,46,70,43,Common
1929,PHI,Philadelphia Phillies,0.464,Phil Collins,RP,1.2,45,56,35,40,35,43,Common
1929,BRO,Brooklyn Robins,0.458,Watson Clark,SP,6.1,85,69,76,62,67,69,Rare
1929,BRO,Brooklyn Robins,0.458,Dazzy Vance,SP,5.2,91,75,88,58,75,74,Epic
1929,BRO,Brooklyn Robins,0.458,Ray Moss,SP,1.4,92,45,43,45,76,48,Uncommon
1929,DET,Detroit Tigers,0.455,George Uhle,SP,3.5,88,56,81,55,71,65,Rare
1929,DET,Detroit Tigers,0.455,Earl Whitehill,SP,2.7,90,59,48,45,74,53,Uncommon
1929,DET,Detroit Tigers,0.455,Elon Hogsett,SP,0.9,82,43,62,87,63,64,Rare
1929,CIN,Cincinnati Reds,0.429,Red Lucas,SP,5.2,89,35,85,64,72,62,Rare
1929,CIN,Cincinnati Reds,0.429,Eppa Rixey,SP,3.0,89,21,66,58,72,51,Uncommon
1929,CIN,Cincinnati Reds,0.429,Jakie May,SP,2.2,88,64,49,52,71,57,Rare
1929,CHA,Chicago White Sox,0.388,Tommy Thomas,SP,4.2,89,30,81,66,72,60,Rare
1929,CHA,Chicago White Sox,0.388,Ted Lyons,SP,3.8,89,27,67,53,72,51,Uncommon
1929,CHA,Chicago White Sox,0.388,Red Faber,SP,3.8,84,39,74,56,66,57,Rare
1929,BOS,Boston Red Sox,0.377,Milt Gaston,SP,4.6,89,48,58,56,72,56,Rare
1929,BOS,Boston Red Sox,0.377,Danny MacFayden,SP,3.6,89,36,50,61,72,51,Uncommon
1929,BOS,Boston Red Sox,0.377,Ed Morris,SP,2.3,87,49,42,50,69,49,Uncommon
1929,BSN,Boston Braves,0.364,Socks Seibold,SP,2.7,84,34,48,47,66,45,Uncommon
1929,BSN,Boston Braves,0.364,Bob Smith,SP,2.5,87,37,64,47,69,51,Uncommon
1929,BSN,Boston Braves,0.364,Percy Jones,SP,1.6,90,51,43,48,73,50,Uncommon
1929,BBB,Birmingham Black Barons,0.36,Satchel Paige,SP,0.0,97,125,83,49,83,85,Legendary
1929,BBB,Birmingham Black Barons,0.36,Harry Salmon,SP,0.0,84,81,107,49,66,78,Epic
1929,BBB,Birmingham Black Barons,0.36,Leo Birdine,SP,0.0,85,35,67,49,67,52,Uncommon
1929,ACB,Atlantic City Bacharach Giants,0.297,Rats Henderson,SP,0.0,85,54,47,50,67,52,Uncommon
1929,ACB,Atlantic City Bacharach Giants,0.297,Bob McClure,SP,0.0,100,50,43,52,86,52,Uncommon
1929,ACB,Atlantic City Bacharach Giants,0.297,Ping Gardner,SP,0.0,80,34,33,49,60,41,Common
1929,MRS,Memphis Red Sox,0.292,Robert Poindexter,SP,1.1,96,78,88,57,82,75,Epic
1929,MRS,Memphis Red Sox,0.292,Carl Glass,SP,0.0,87,58,81,49,69,63,Rare
1929,MRS,Memphis Red Sox,0.292,Cliff Bell,SP,0.0,89,63,96,49,72,70,Epic
1929,CSW,Cuban Stars West,0.283,Heliodoro Díaz,SP,0.0,94,112,52,54,78,73,Epic
1929,CSW,Cuban Stars West,0.283,Cándido Gálvez,SP,0.0,84,40,60,49,65,51,Uncommon
1929,CSW,Cuban Stars West,0.283,Jesús Lorenzo,SP,0.0,85,51,61,49,67,55,Rare
1929,CSE,Cuban Stars East,0.268,Oscar Levis,SP,0.0,89,50,44,48,72,50,Uncommon
1929,CSE,Cuban Stars East,0.268,Isidro Fabré,SP,0.0,99,46,63,49,85,56,Rare
1929,CSE,Cuban Stars East,0.268,Basilio Rosell,SP,0.0,82,61,52,52,63,56,Rare
1930,SLS,St. Louis Stars,0.747,Roosevelt Davis,SP,0.3,100,81,47,46,86,61,Rare
1930,SLS,St. Louis Stars,0.747,Eggie Hensley,SP,0.0,90,65,61,48,74,60,Rare
1930,SLS,St. Louis Stars,0.747,Ted Trent,SP,0.0,94,75,45,49,79,59,Rare
1930,HG,Homestead Grays,0.746,Joe Williams,SP,0.0,90,120,96,50,74,87,Legendary
1930,HG,Homestead Grays,0.746,George Britt,SP,0.0,90,76,66,52,74,66,Rare
1930,HG,Homestead Grays,0.746,Lefty Williams,SP,0.0,94,59,75,59,78,66,Rare
1930,NLG,New York Lincoln Giants,0.745,Bill Holland,SP,0.0,84,99,62,48,66,69,Rare
1930,NLG,New York Lincoln Giants,0.745,Luther Farrell,SP,0.0,86,76,52,47,68,59,Rare
1930,NLG,New York Lincoln Giants,0.745,Red Ryan,SP,0.0,98,37,39,49,84,46,Uncommon
1930,PHA,Philadelphia Athletics,0.662,Lefty Grove,SP,10.4,92,98,87,98,76,92,Legendary
1930,PHA,Philadelphia Athletics,0.662,George Earnshaw,SP,4.4,84,89,41,51,66,61,Rare
1930,PHA,Philadelphia Athletics,0.662,Rube Walberg,SP,3.0,81,67,46,54,61,56,Rare
1930,WS1,Washington Senators,0.61,General Crowder,SP,4.8,87,54,56,57,69,57,Rare
1930,WS1,Washington Senators,0.61,Bump Hadley,SP,4.6,85,85,47,67,67,66,Rare
1930,WS1,Washington Senators,0.61,Lloyd Brown,SP,3.2,91,40,59,58,75,55,Rare
1930,KCM,Kansas City Monarchs,0.603,Chet Brewer,SP,0.0,96,73,67,55,81,67,Rare
1930,KCM,Kansas City Monarchs,0.603,Army Cooper,SP,0.0,82,125,40,55,63,72,Epic
1930,KCM,Kansas City Monarchs,0.603,Henry McHenry,SP,0.0,90,90,60,49,74,67,Rare
1930,SLN,St. Louis Cardinals,0.597,Bill Hallahan,SP,3.3,84,101,36,53,65,63,Rare
1930,SLN,St. Louis Cardinals,0.597,Burleigh Grimes,SP,3.3,83,51,60,60,64,58,Rare
1930,SLN,St. Louis Cardinals,0.597,Syl Johnson,SP,2.7,86,68,88,53,68,70,Epic
1930,DS,Detroit Stars,0.588,Nelson Dean,SP,0.0,99,75,102,52,85,77,Epic
1930,DS,Detroit Stars,0.588,Andy Cooper,SP,0.0,94,59,86,49,79,66,Rare
1930,DS,Detroit Stars,0.588,Willie Powell,SP,0.0,89,74,70,49,72,65,Rare
1930,CHN,Chicago Cubs,0.584,Pat Malone,SP,4.4,85,72,53,62,67,63,Rare
1930,CHN,Chicago Cubs,0.584,Charlie Root,SP,3.0,84,77,69,54,65,66,Rare
1930,CHN,Chicago Cubs,0.584,Bud Teachout,SP,2.4,95,54,62,56,80,60,Rare
1930,NY1,New York Giants,0.565,Carl Hubbell,SP,4.0,84,67,79,62,66,69,Rare
1930,NY1,New York Giants,0.565,Freddie Fitzsimmons,SP,2.4,85,47,74,51,67,58,Rare
1930,NY1,New York Giants,0.565,Bill Walker,SP,2.3,83,60,52,58,64,57,Rare
1930,BRO,Brooklyn Robins,0.558,Dazzy Vance,SP,7.3,88,91,86,95,71,89,Legendary
1930,BRO,Brooklyn Robins,0.558,Jumbo Elliott,SP,2.9,94,40,53,61,79,54,Uncommon
1930,BRO,Brooklyn Robins,0.558,Dolf Luque,SP,2.9,88,42,67,54,71,56,Rare
1930,NYA,New York Yankees,0.558,Red Ruffing,SP,2.5,86,81,64,44,68,64,Rare
1930,NYA,New York Yankees,0.558,George Pipgras,SP,1.6,84,69,62,54,65,62,Rare
1930,NYA,New York Yankees,0.558,Herb Pennock,SP,1.0,88,40,105,50,71,66,Rare
1930,BBS,Baltimore Black Sox,0.545,Willis Flournoy,SP,0.0,96,55,91,49,81,67,Rare
1930,BBS,Baltimore Black Sox,0.545,Laymon Yokely,SP,0.0,84,70,56,49,66,59,Rare
1930,BBS,Baltimore Black Sox,0.545,Bun Hayes,SP,0.0,98,50,34,45,84,47,Uncommon
1930,CLE,Cleveland Indians,0.526,Wes Ferrell,SP,8.3,89,67,52,73,72,65,Rare
1930,CLE,Cleveland Indians,0.526,Willis Hudlin,SP,2.7,79,37,54,52,59,49,Uncommon
1930,CLE,Cleveland Indians,0.526,Mel Harder,SP,2.0,93,32,48,57,77,49,Uncommon
1930,PIT,Pittsburgh Pirates,0.519,Larry French,SP,3.4,86,45,60,56,68,55,Rare
1930,PIT,Pittsburgh Pirates,0.519,Erv Brame,SP,2.0,88,29,80,50,70,55,Rare
1930,PIT,Pittsburgh Pirates,0.519,Ray Kremer,SP,2.0,83,25,82,45,64,52,Uncommon
1930,DET,Detroit Tigers,0.487,George Uhle,SP,6.3,88,68,62,64,71,65,Rare
1930,DET,Detroit Tigers,0.487,Vic Sorrell,SP,5.9,86,58,42,62,68,55,Rare
1930,DET,Detroit Tigers,0.487,Earl Whitehill,SP,2.3,82,68,51,59,63,60,Rare
1930,CAG,Chicago American Giants,0.483,Willie Foster,SP,0.0,100,113,55,51,87,74,Epic
1930,CAG,Chicago American Giants,0.483,Frog Holsey,SP,0.0,93,62,63,55,77,62,Rare
1930,CAG,Chicago American Giants,0.483,Luther McDonald,SP,0.0,89,39,80,50,72,58,Rare
1930,BBB,Birmingham Black Barons,0.472,Harry Salmon,SP,1.7,92,86,101,55,76,80,Epic
1930,BBB,Birmingham Black Barons,0.472,Willie Cornelius,SP,0.1,85,77,40,40,67,54,Uncommon
1930,BBB,Birmingham Black Barons,0.472,Sam Streeter,SP,0.0,88,57,82,50,71,64,Rare
1930,BSN,Boston Braves,0.455,Bob Smith,SP,4.9,93,54,48,53,77,54,Uncommon
1930,BSN,Boston Braves,0.455,Socks Seibold,SP,4.3,84,37,57,59,66,52,Uncommon
1930,BSN,Boston Braves,0.455,Ben Cantwell,SP,2.5,88,32,75,48,71,54,Uncommon
1930,SLA,St. Louis Browns,0.416,Lefty Stewart,SP,7.3,88,39,75,69,70,62,Rare
1930,SLA,St. Louis Browns,0.416,Rip Collins,SP,3.3,90,61,50,55,73,57,Rare
1930,SLA,St. Louis Browns,0.416,George Blaeholder,SP,2.4,88,51,79,48,71,60,Rare
1930,MRS,Memphis Red Sox,0.412,Murray Gillispie,SP,2.2,87,75,54,53,69,62,Rare
1930,MRS,Memphis Red Sox,0.412,Cliff Bell,SP,1.3,88,63,60,40,71,56,Rare
1930,MRS,Memphis Red Sox,0.412,Harry Cunningham,SP,0.0,92,73,46,51,76,59,Rare
1930,CHA,Chicago White Sox,0.403,Ted Lyons,SP,5.3,88,29,90,63,71,62,Rare
1930,CHA,Chicago White Sox,0.403,Pat Caraway,SP,4.4,93,60,67,59,77,64,Rare
1930,CHA,Chicago White Sox,0.403,Red Faber,SP,2.2,79,52,68,56,59,59,Rare
1930,CIN,Cincinnati Reds,0.383,Ray Kolp,SP,3.2,91,30,88,56,75,60,Rare
1930,CIN,Cincinnati Reds,0.383,Benny Frey,SP,3.0,90,19,76,50,74,51,Uncommon
1930,CIN,Cincinnati Reds,0.383,Red Lucas,SP,1.4,84,32,86,43,66,55,Rare
1930,CSW,Cuban Stars West,0.362,Luis Tiant,SP,0.0,83,94,51,52,64,66,Rare
1930,CSW,Cuban Stars West,0.362,Heliodoro Díaz,SP,0.0,94,78,50,51,79,62,Rare
1930,CSW,Cuban Stars West,0.362,Jesús Lorenzo,SP,0.0,99,38,45,54,85,50,Uncommon
1930,BOS,Boston Red Sox,0.338,Milt Gaston,SP,5.3,87,51,52,58,69,55,Rare
1930,BOS,Boston Red Sox,0.338,Danny MacFayden,SP,4.4,88,37,55,57,70,52,Uncommon
1930,BOS,Boston Red Sox,0.338,Horace Lisenbee,SP,3.4,85,23,51,50,67,44,Common
1930,PHI,Philadelphia Phillies,0.338,Phil Collins,SP,5.3,95,51,52,54,80,55,Rare
1930,PHI,Philadelphia Phillies,0.338,Ray Benge,SP,1.1,86,42,52,44,68,48,Uncommon
1930,PHI,Philadelphia Phillies,0.338,John Milligan,RP,0.8,45,31,18,97,35,47,Uncommon
1930,NEG,Nashville Elite Giants,0.274,Clarence White,SP,0.4,83,58,48,102,64,69,Rare
1930,NEG,Nashville Elite Giants,0.274,Jim Willis,SP,0.0,88,86,72,52,71,70,Epic
1930,NEG,Nashville Elite Giants,0.274,Henry Wright,SP,0.0,94,70,50,46,79,58,Rare
1930,HIL,Hilldale Club,0.211,Oscar Levis,SP,0.0,83,59,66,49,64,59,Rare
1930,HIL,Hilldale Club,0.211,Phil Cockrell,SP,0.0,93,49,44,52,77,51,Uncommon
1930,HIL,Hilldale Club,0.211,Jesse Hubbard,SP,0.0,89,50,48,46,72,50,Uncommon
1931,SLS,St. Louis Stars,0.8,Ted Trent,SP,0.0,94,106,52,50,79,70,Epic
1931,SLS,St. Louis Stars,0.8,Eggie Hensley,SP,0.0,102,51,79,59,90,66,Rare
1931,SLS,St. Louis Stars,0.8,Joe Strong,SP,0.0,84,86,51,56,66,64,Rare
1931,HIL,Hilldale Club,0.731,Oscar Levis,SP,0.0,87,44,68,49,69,55,Rare
1931,HIL,Hilldale Club,0.731,Porter Charleston,SP,0.0,92,73,91,53,76,73,Epic
1931,HIL,Hilldale Club,0.731,Paul Carter,SP,0.0,88,56,70,50,70,60,Rare
1931,PHA,Philadelphia Athletics,0.704,Lefty Grove,SP,10.4,95,83,85,112,80,92,Legendary
1931,PHA,Philadelphia Athletics,0.704,Rube Walberg,SP,5.7,88,51,49,60,71,55,Rare
1931,PHA,Philadelphia Athletics,0.704,George Earnshaw,SP,4.9,94,74,73,60,78,70,Epic
1931,SLN,St. Louis Cardinals,0.656,Bill Hallahan,SP,4.2,88,87,43,62,71,65,Rare
1931,SLN,St. Louis Cardinals,0.656,Paul Derringer,SP,3.6,93,87,64,61,77,71,Epic
1931,SLN,St. Louis Cardinals,0.656,Syl Johnson,SP,3.2,85,61,99,67,67,75,Epic
1931,HG,Homestead Grays,0.618,Willie Foster,SP,0.0,90,116,59,57,73,77,Epic
1931,HG,Homestead Grays,0.618,Joe Williams,SP,0.0,82,94,61,57,63,70,Epic
1931,HG,Homestead Grays,0.618,Lefty Williams,SP,0.0,90,44,84,56,73,62,Rare
1931,NYA,New York Yankees,0.614,Lefty Gomez,SP,5.9,94,85,54,79,78,73,Epic
1931,NYA,New York Yankees,0.614,Herb Pennock,SP,1.5,84,48,98,49,66,65,Rare
1931,NYA,New York Yankees,0.614,Red Ruffing,SP,1.2,86,77,50,45,68,58,Rare
1931,WS1,Washington Senators,0.597,Lloyd Brown,SP,4.8,88,41,64,68,70,59,Rare
1931,WS1,Washington Senators,0.597,Firpo Marberry,SP,4.2,90,56,68,62,74,63,Rare
1931,WS1,Washington Senators,0.597,Bump Hadley,RP,3.6,45,94,37,76,35,66,Rare
1931,NY1,New York Giants,0.572,Bill Walker,SP,5.4,90,70,73,87,73,76,Epic
1931,NY1,New York Giants,0.572,Carl Hubbell,SP,4.4,88,86,72,70,71,76,Epic
1931,NY1,New York Giants,0.572,Freddie Fitzsimmons,SP,2.2,85,42,78,59,67,60,Rare
1931,AB2,Indianapolis ABCs,0.552,Ray Brown,SP,0.0,90,84,68,56,74,70,Epic
1931,AB2,Indianapolis ABCs,0.552,Alto Lane,SP,0.0,82,74,49,54,62,59,Rare
1931,AB2,Indianapolis ABCs,0.552,George Mitchell,RP,0.0,45,56,67,54,35,57,Rare
1931,CHN,Chicago Cubs,0.545,Bob Smith,SP,3.8,88,34,75,61,71,58,Rare
1931,CHN,Chicago Cubs,0.545,Charlie Root,SP,3.4,88,72,69,59,70,67,Rare
1931,CHN,Chicago Cubs,0.545,Pat Malone,SP,1.6,84,68,48,51,66,57,Rare
1931,KCM,Kansas City Monarchs,0.526,Henry McHenry,SP,0.0,91,65,69,55,75,64,Rare
1931,KCM,Kansas City Monarchs,0.526,Charlie Beverly,SP,0.0,83,79,92,47,64,72,Epic
1931,KCM,Kansas City Monarchs,0.526,Chet Brewer,SP,0.0,85,67,83,59,67,69,Rare
1931,CCU,Cleveland Cubs,0.523,Jim Willis,SP,0.0,90,80,74,48,73,68,Rare
1931,CCU,Cleveland Cubs,0.523,Cliff Bell,SP,0.0,88,83,47,50,71,61,Rare
1931,CCU,Cleveland Cubs,0.523,Percy Miller,SP,0.0,79,92,39,46,59,59,Rare
1931,BRO,Brooklyn Robins,0.52,Watson Clark,SP,5.8,88,57,83,66,71,69,Rare
1931,BRO,Brooklyn Robins,0.52,Dazzy Vance,SP,3.4,84,94,79,56,66,75,Epic
1931,BRO,Brooklyn Robins,0.52,Fred Heimach,RP,1.5,45,44,95,56,35,62,Rare
1931,CLE,Cleveland Indians,0.506,Wes Ferrell,SP,6.2,86,62,41,65,68,57,Rare
1931,CLE,Cleveland Indians,0.506,Willis Hudlin,SP,2.4,84,45,55,49,66,51,Uncommon
1931,CLE,Cleveland Indians,0.506,Clint Brown,SP,2.0,82,26,80,50,63,53,Uncommon
1931,PIT,Pittsburgh Pirates,0.487,Heinie Meine,SP,4.1,88,24,64,68,70,54,Uncommon
1931,PIT,Pittsburgh Pirates,0.487,Larry French,SP,3.5,88,34,76,62,71,59,Rare
1931,PIT,Pittsburgh Pirates,0.487,Glenn Spencer,SP,2.4,99,36,54,57,85,53,Uncommon
1931,PHI,Philadelphia Phillies,0.429,Ray Benge,SP,6.2,87,66,78,68,69,70,Epic
1931,PHI,Philadelphia Phillies,0.429,Phil Collins,SP,4.1,91,41,55,55,75,53,Uncommon
1931,PHI,Philadelphia Phillies,0.429,Jumbo Elliott,SP,2.9,88,56,58,49,71,56,Rare
1931,BSN,Boston Braves,0.416,Ed Brandt,SP,5.5,90,62,64,67,73,65,Rare
1931,BSN,Boston Braves,0.416,Tom Zachary,SP,4.8,88,37,81,65,70,62,Rare
1931,BSN,Boston Braves,0.416,Ben Cantwell,SP,2.2,96,24,84,57,81,58,Rare
1931,SLA,St. Louis Browns,0.409,Dick Coffman,SP,3.7,96,28,65,59,82,54,Uncommon
1931,SLA,St. Louis Browns,0.409,Lefty Stewart,SP,3.0,86,48,59,51,68,54,Uncommon
1931,SLA,St. Louis Browns,0.409,George Blaeholder,SP,2.8,82,49,78,49,63,59,Rare
1931,BOS,Boston Red Sox,0.408,Wilcy Moore,RP,4.3,45,23,66,57,35,47,Uncommon
1931,BOS,Boston Red Sox,0.408,Danny MacFayden,SP,3.2,83,44,56,59,64,54,Uncommon
1931,BOS,Boston Red Sox,0.408,Ed Durham,RP,1.7,45,44,65,50,35,51,Uncommon
1931,DS,Detroit Stars,0.4,Willie Powell,SP,0.0,79,83,46,51,59,60,Rare
1931,DS,Detroit Stars,0.4,Nelson Dean,SP,0.0,93,55,92,53,77,68,Rare
1931,DS,Detroit Stars,0.4,Bill McCall,SP,0.0,85,59,45,55,67,54,Uncommon
1931,DET,Detroit Tigers,0.396,George Uhle,SP,5.7,100,45,76,65,87,64,Rare
1931,DET,Detroit Tigers,0.396,Vic Sorrell,SP,4.8,85,56,41,58,67,53,Uncommon
1931,DET,Detroit Tigers,0.396,Earl Whitehill,SP,4.3,87,40,44,54,69,48,Uncommon
1931,CIN,Cincinnati Reds,0.377,Red Lucas,SP,2.2,88,29,97,53,70,61,Rare
1931,CIN,Cincinnati Reds,0.377,Si Johnson,SP,1.8,87,51,70,55,69,60,Rare
1931,CIN,Cincinnati Reds,0.377,Larry Benton,SP,1.7,91,18,75,59,75,53,Uncommon
1931,BBS,Baltimore Black Sox,0.367,Neck Stanley,SP,0.0,94,53,64,50,79,58,Rare
1931,BBS,Baltimore Black Sox,0.367,Script Lee,SP,0.0,90,48,46,54,73,52,Uncommon
1931,BBS,Baltimore Black Sox,0.367,Laymon Yokely,SP,0.0,81,68,67,46,61,60,Rare
1931,CHA,Chicago White Sox,0.366,Red Faber,SP,3.3,95,35,63,55,80,54,Uncommon
1931,CHA,Chicago White Sox,0.366,Ted Lyons,SP,2.0,89,16,59,52,72,45,Uncommon
1931,CHA,Chicago White Sox,0.366,Vic Frazier,SP,1.8,90,48,38,48,74,48,Uncommon
1931,HAR,Harlem Stars,0.333,Connie Rector,SP,0.0,90,56,81,46,74,62,Rare
1931,HAR,Harlem Stars,0.333,Bill Holland,SP,0.0,90,65,91,55,73,71,Epic
1931,HAR,Harlem Stars,0.333,William Bell,SP,0.0,100,53,84,59,87,68,Rare
1931,LOW,Louisville White Sox,0.333,Elbert Williams,SP,0.8,83,109,34,86,64,75,Epic
1931,LOW,Louisville White Sox,0.333,Lefty Capers,SP,0.0,89,28,55,54,72,48,Uncommon
1931,LOW,Louisville White Sox,0.333,Clarence White,SP,0.0,93,63,97,52,77,71,Epic
1931,CC2,Chicago Columbia Giants,0.24,Luther McDonald,SP,3.2,100,64,89,104,87,86,Legendary
1931,CC2,Chicago Columbia Giants,0.24,Malvin Powell,SP,0.0,120,64,52,59,125,65,Rare
1931,CC2,Chicago Columbia Giants,0.24,Frog Holsey,SP,0.0,87,53,22,44,69,43,Common
1932,DW,Detroit Wolves,0.8,Bert Hunter,SP,2.6,95,99,73,71,80,81,Epic
1932,DW,Detroit Wolves,0.8,Lefty Williams,SP,0.9,84,64,63,77,65,68,Rare
1932,DW,Detroit Wolves,0.8,Ted Trent,SP,0.0,95,84,45,53,80,63,Rare
1932,CAG,Chicago American Giants,0.767,Willie Foster,SP,0.0,91,89,87,59,75,78,Epic
1932,CAG,Chicago American Giants,0.767,Willie Powell,SP,0.0,96,44,67,57,82,59,Rare
1932,CAG,Chicago American Giants,0.767,Malvin Powell,SP,0.0,86,42,58,57,68,54,Uncommon
1932,KCM,Kansas City Monarchs,0.722,Charlie Beverly,SP,0.0,90,87,87,57,74,77,Epic
1932,KCM,Kansas City Monarchs,0.722,Rube Curry,SP,0.0,92,27,109,59,76,66,Rare
1932,KCM,Kansas City Monarchs,0.722,Lefty Clay,SP,0.0,87,10,49,59,69,42,Common
1932,MRM,Monroe Monarchs,0.708,Murray Gillispie,RP,0.8,45,27,66,100,35,61,Rare
1932,MRM,Monroe Monarchs,0.708,Barney Morris,SP,0.0,94,90,53,57,78,68,Rare
1932,MRM,Monroe Monarchs,0.708,Elbert Williams,SP,0.0,91,71,73,59,75,68,Rare
1932,NYA,New York Yankees,0.695,Red Ruffing,SP,6.6,91,100,43,66,75,70,Epic
1932,NYA,New York Yankees,0.695,Johnny Allen,SP,3.4,93,78,48,55,77,62,Rare
1932,NYA,New York Yankees,0.695,Lefty Gomez,SP,3.4,90,91,48,46,73,63,Rare
1932,PHA,Philadelphia Athletics,0.61,Lefty Grove,SP,9.5,96,88,72,81,81,80,Epic
1932,PHA,Philadelphia Athletics,0.61,Tony Freitas,SP,2.8,88,24,61,58,71,50,Uncommon
1932,PHA,Philadelphia Athletics,0.61,Rube Walberg,SP,1.9,87,50,49,47,69,51,Uncommon
1932,HG,Homestead Grays,0.607,Harry Salmon,SP,2.0,94,58,72,69,79,68,Rare
1932,HG,Homestead Grays,0.607,Joe Williams,SP,1.5,89,52,77,86,72,72,Epic
1932,HG,Homestead Grays,0.607,Leroy Matlock,SP,1.3,112,76,63,60,102,70,Epic
1932,PC,Pittsburgh Crawfords,0.604,William Bell,SP,0.8,91,77,72,93,75,80,Epic
1932,PC,Pittsburgh Crawfords,0.604,Satchel Paige,SP,0.0,88,125,57,58,70,79,Epic
1932,PC,Pittsburgh Crawfords,0.604,Ted Radcliffe,SP,0.0,88,53,50,56,70,55,Rare
1932,WS1,Washington Senators,0.604,General Crowder,SP,6.6,89,43,80,65,72,64,Rare
1932,WS1,Washington Senators,0.604,Tommy Thomas,SP,2.1,94,39,49,46,79,48,Uncommon
1932,WS1,Washington Senators,0.604,Firpo Marberry,RP,2.0,45,46,51,53,35,48,Uncommon
1932,CHN,Chicago Cubs,0.584,Lon Warneke,SP,6.9,90,54,81,82,73,72,Epic
1932,CHN,Chicago Cubs,0.584,Guy Bush,SP,2.6,87,42,67,59,69,57,Rare
1932,CHN,Chicago Cubs,0.584,Pat Malone,SP,2.3,83,70,59,56,64,62,Rare
1932,BBS,Baltimore Black Sox,0.575,Terris McDuffie,SP,1.5,86,33,56,83,68,58,Rare
1932,BBS,Baltimore Black Sox,0.575,Lefty Holmes,SP,0.0,105,80,44,56,93,63,Rare
1932,BBS,Baltimore Black Sox,0.575,Willis Flournoy,SP,0.0,88,71,88,49,70,69,Rare
1932,CLE,Cleveland Indians,0.572,Wes Ferrell,SP,6.9,89,51,51,65,72,57,Rare
1932,CLE,Cleveland Indians,0.572,Mel Harder,SP,5.8,87,50,73,67,69,64,Rare
1932,CLE,Cleveland Indians,0.572,Clint Brown,SP,4.9,88,27,91,59,70,60,Rare
1932,PIT,Pittsburgh Pirates,0.558,Steve Swetonic,SP,3.8,90,30,57,66,73,53,Uncommon
1932,PIT,Pittsburgh Pirates,0.558,Larry French,SP,3.1,88,34,82,62,71,60,Rare
1932,PIT,Pittsburgh Pirates,0.558,Bill Swift,SP,2.6,94,40,107,51,78,67,Rare
1932,NBY,New York Black Yankees,0.548,Connie Rector,SP,0.0,99,84,76,59,85,74,Epic
1932,NBY,New York Black Yankees,0.548,Bill Holland,SP,0.0,96,74,75,48,81,67,Rare
1932,NBY,New York Black Yankees,0.548,Luther Farrell,SP,0.0,75,68,48,41,53,52,Uncommon
1932,BBB,Birmingham Black Barons,0.526,George Nash,SP,0.2,75,39,67,55,53,54,Uncommon
1932,BBB,Birmingham Black Barons,0.526,Alonzo Boone,SP,0.0,79,64,23,53,59,48,Uncommon
1932,BBB,Birmingham Black Barons,0.526,Cunningham,RP,0.0,45,1,88,59,35,48,Uncommon
1932,BRO,Brooklyn Dodgers,0.526,Watson Clark,SP,3.2,84,51,93,57,66,67,Rare
1932,BRO,Brooklyn Dodgers,0.526,Jack Quinn,RP,1.8,42,44,71,65,31,57,Rare
1932,BRO,Brooklyn Dodgers,0.526,Fred Heimach,SP,0.9,103,20,96,49,91,59,Rare
1932,NEG,Nashville Elite Giants,0.522,Sam Bankhead,SP,0.5,86,63,115,69,68,81,Epic
1932,NEG,Nashville Elite Giants,0.522,Henry Wright,SP,0.0,88,49,65,59,70,59,Rare
1932,NEG,Nashville Elite Giants,0.522,Jim Willis,SP,0.0,90,84,111,50,74,81,Epic
1932,PHI,Philadelphia Phillies,0.506,Flint Rhem,SP,4.9,89,31,72,61,72,56,Rare
1932,PHI,Philadelphia Phillies,0.506,Ed Holley,SP,3.7,84,53,79,55,66,63,Rare
1932,PHI,Philadelphia Phillies,0.506,Ray Benge,SP,3.4,87,56,74,53,69,62,Rare
1932,DET,Detroit Tigers,0.503,Tommy Bridges,SP,4.5,85,74,30,69,67,59,Rare
1932,DET,Detroit Tigers,0.503,Vic Sorrell,SP,3.4,84,50,59,59,66,57,Rare
1932,DET,Detroit Tigers,0.503,Earl Whitehill,SP,3.2,86,46,49,50,68,50,Uncommon
1932,BSN,Boston Braves,0.5,Huck Betts,SP,4.4,88,14,98,69,70,61,Rare
1932,BSN,Boston Braves,0.5,Tom Zachary,SP,3.7,91,43,75,66,75,63,Rare
1932,BSN,Boston Braves,0.5,Bob Brown,SP,3.1,84,71,39,61,66,58,Rare
1932,MGS,Montgomery Grey Sox,0.478,Everett Nelson,SP,0.0,100,41,82,59,86,63,Rare
1932,MGS,Montgomery Grey Sox,0.478,Bo Mitchell,SP,0.0,96,68,68,55,81,65,Rare
1932,MGS,Montgomery Grey Sox,0.478,Earl Gurley,SP,0.0,89,19,80,59,72,55,Rare
1932,NY1,New York Giants,0.468,Carl Hubbell,SP,6.8,91,67,102,74,75,80,Epic
1932,NY1,New York Giants,0.468,Herman Bell,RP,1.3,45,25,104,47,35,56,Rare
1932,NY1,New York Giants,0.468,Dolf Luque,RP,1.0,45,39,68,48,35,50,Uncommon
1932,SLN,St. Louis Cardinals,0.468,Dizzy Dean,SP,6.0,90,91,52,60,74,68,Rare
1932,SLN,St. Louis Cardinals,0.468,Bill Hallahan,SP,3.1,87,84,48,63,69,65,Rare
1932,SLN,St. Louis Cardinals,0.468,Tex Carleton,SP,2.8,91,79,52,48,75,61,Rare
1932,MRS,Memphis Red Sox,0.46,Harry Cunningham,SP,0.0,88,58,71,49,71,61,Rare
1932,MRS,Memphis Red Sox,0.46,Emery Adams,SP,0.0,79,62,50,50,59,54,Uncommon
1932,MRS,Memphis Red Sox,0.46,John Wesley Johnson,SP,0.0,61,46,24,59,35,42,Common
1932,CUP,Pollock's Cuban Stars,0.455,Luis Tiant,SP,0.0,82,80,42,56,63,60,Rare
1932,CUP,Pollock's Cuban Stars,0.455,Barney Brown,SP,0.0,88,69,47,55,71,58,Rare
1932,CUP,Pollock's Cuban Stars,0.455,Ramón Neele,SP,0.0,78,55,99,52,58,68,Rare
1932,AB2,Indianapolis ABCs,0.444,Sam Thompson,SP,0.0,94,69,82,54,79,69,Rare
1932,AB2,Indianapolis ABCs,0.444,Lefty Smart,SP,0.0,101,64,63,59,88,65,Rare
1932,AB2,Indianapolis ABCs,0.444,Albert Davis,SP,0.0,78,31,94,56,58,60,Rare
1932,SLA,St. Louis Browns,0.409,Lefty Stewart,SP,4.3,88,46,49,49,70,50,Uncommon
1932,SLA,St. Louis Browns,0.409,Sam Gray,RP,2.6,45,54,75,54,35,58,Rare
1932,SLA,St. Louis Browns,0.409,George Blaeholder,SP,2.0,82,42,67,49,63,54,Uncommon
1932,HIL,Hilldale Club,0.407,Porter Charleston,SP,2.2,92,58,68,64,76,65,Rare
1932,HIL,Hilldale Club,0.407,Cliff Carter,SP,0.0,92,56,58,55,76,58,Rare
1932,HIL,Hilldale Club,0.407,Phil Cockrell,SP,0.0,84,64,45,59,66,57,Rare
1932,CIN,Cincinnati Reds,0.39,Red Lucas,SP,4.5,90,29,105,68,74,68,Rare
1932,CIN,Cincinnati Reds,0.39,Si Johnson,SP,3.2,92,54,81,62,76,67,Rare
1932,CIN,Cincinnati Reds,0.39,Eppa Rixey,SP,1.3,98,10,101,77,84,65,Rare
1932,WAP,Washington Pilots,0.353,Darltie Cooper,SP,0.5,97,35,38,89,83,57,Rare
1932,WAP,Washington Pilots,0.353,Mule Suttles,RP,0.3,45,15,65,119,35,63,Rare
1932,WAP,Washington Pilots,0.353,Mack Eggleston,SP,0.0,72,23,88,53,49,54,Uncommon
1932,CHA,Chicago White Sox,0.325,Ted Lyons,SP,5.2,91,32,64,67,75,56,Rare
1932,CHA,Chicago White Sox,0.325,Sad Sam Jones,SP,1.6,82,44,49,51,63,50,Uncommon
1932,CHA,Chicago White Sox,0.325,Milt Gaston,SP,1.2,80,34,44,53,60,45,Uncommon
1932,CLS,Cleveland Stars,0.312,Roosevelt Davis,SP,1.0,88,96,83,77,71,84,Epic
1932,CLS,Cleveland Stars,0.312,Nelson Dean,SP,0.0,90,58,50,56,73,56,Rare
1932,CLS,Cleveland Stars,0.312,George Mitchell,RP,0.0,45,75,44,49,35,54,Uncommon
1932,LVB,Louisville Black Caps,0.308,Spoon Carter,SP,1.6,96,54,96,79,81,77,Epic
1932,LVB,Louisville Black Caps,0.308,Dusty Rhodes,SP,0.0,100,82,69,59,86,72,Epic
1932,LVB,Louisville Black Caps,0.308,Andy Porter,SP,-0.0,84,86,45,50,66,61,Rare
1932,BOS,Boston Red Sox,0.279,Ed Durham,SP,3.3,87,40,70,57,69,57,Rare
1932,BOS,Boston Red Sox,0.279,Ivy Andrews,SP,3.0,88,27,50,92,71,58,Rare
1932,BOS,Boston Red Sox,0.279,Bob Weiland,SP,1.6,83,44,39,49,64,46,Uncommon
1932,LRG,Little Rock Grays,0.267,Bill Howard,SP,0.0,85,72,54,59,67,62,Rare
1932,LRG,Little Rock Grays,0.267,Rufus Ligon,SP,0.0,85,41,114,59,67,71,Epic
1932,LRG,Little Rock Grays,0.267,Willie Haynes,SP,0.0,88,41,121,59,71,73,Epic
1932,BCA,Atlanta Black Crackers,0.227,Lefty Robinson,RP,0.0,45,61,107,59,35,72,Epic
1932,BCA,Atlanta Black Crackers,0.227,Lamar Potter,SP,0.0,83,58,50,50,64,54,Uncommon
1932,BCA,Atlanta Black Crackers,0.227,Roy Welmaker,SP,0.0,78,86,45,59,58,63,Rare
1932,NWB,Newark Browns,0.0,Ping Gardner,SP,0.0,72,39,68,46,50,51,Uncommon
1932,NWB,Newark Browns,0.0,Wilbert Pritchett,SP,0.0,92,46,83,40,76,58,Rare
1932,NWB,Newark Browns,0.0,Percy Miller,RP,0.0,45,96,21,59,35,56,Rare
1933,CAG,Chicago American Giants,0.698,Willie Powell,SP,1.8,97,66,94,102,83,87,Legendary
1933,CAG,Chicago American Giants,0.698,Willie Cornelius,SP,0.0,84,69,47,51,66,57,Rare
1933,CAG,Chicago American Giants,0.698,Willie Foster,SP,0.0,94,99,85,54,78,79,Epic
1933,KCM,Kansas City Monarchs,0.667,Chet Brewer,SP,0.0,92,46,71,49,76,57,Rare
1933,KCM,Kansas City Monarchs,0.667,Andy Cooper,RP,0.0,45,76,106,59,35,76,Epic
1933,KCM,Kansas City Monarchs,0.667,Charlie Beverly,SP,0.0,92,91,83,59,76,78,Epic
1933,WS1,Washington Senators,0.651,Earl Whitehill,SP,4.7,83,50,50,65,64,56,Rare
1933,WS1,Washington Senators,0.651,General Crowder,SP,3.8,90,52,72,52,73,60,Rare
1933,WS1,Washington Senators,0.651,Jack Russell,RP,3.6,44,28,75,83,34,59,Rare
1933,PS,Philadelphia Stars,0.629,Webster McDonald,SP,0.0,89,57,96,49,72,68,Rare
1933,PS,Philadelphia Stars,0.629,Paul Carter,SP,0.0,88,72,45,51,71,57,Rare
1933,PS,Philadelphia Stars,0.629,Herb Smith,SP,0.0,84,73,61,54,66,63,Rare
1933,PC,Pittsburgh Crawfords,0.618,Bert Hunter,SP,1.5,82,101,62,77,63,78,Epic
1933,PC,Pittsburgh Crawfords,0.618,Leroy Matlock,SP,0.0,98,92,81,54,84,76,Epic
1933,PC,Pittsburgh Crawfords,0.618,Sam Streeter,SP,0.0,91,77,81,54,75,71,Epic
1933,NYA,New York Yankees,0.607,Lefty Gomez,SP,3.7,86,95,43,60,68,66,Rare
1933,NYA,New York Yankees,0.607,Red Ruffing,SP,2.4,89,72,48,53,72,59,Rare
1933,NYA,New York Yankees,0.607,Russ Van Atta,SP,1.7,82,67,47,46,63,54,Uncommon
1933,NY1,New York Giants,0.599,Carl Hubbell,SP,9.0,94,70,99,104,78,90,Legendary
1933,NY1,New York Giants,0.599,Hal Schumacher,SP,5.2,86,52,60,78,68,64,Rare
1933,NY1,New York Giants,0.599,Herman Bell,RP,2.0,45,28,91,81,35,64,Rare
1933,PIT,Pittsburgh Pirates,0.565,Larry French,SP,4.8,88,41,91,64,71,66,Rare
1933,PIT,Pittsburgh Pirates,0.565,Bill Swift,SP,1.6,84,39,97,53,66,63,Rare
1933,PIT,Pittsburgh Pirates,0.565,Waite Hoyt,RP,1.4,45,53,97,61,35,67,Rare
1933,CHN,Chicago Cubs,0.558,Lon Warneke,SP,6.6,89,64,74,87,72,75,Epic
1933,CHN,Chicago Cubs,0.558,Charlie Root,SP,3.7,88,50,77,63,70,64,Rare
1933,CHN,Chicago Cubs,0.558,Guy Bush,SP,3.5,88,45,74,63,70,62,Rare
1933,BSN,Boston Braves,0.539,Ed Brandt,SP,5.1,92,51,73,61,76,63,Rare
1933,BSN,Boston Braves,0.539,Huck Betts,SP,3.9,94,17,82,57,78,55,Rare
1933,BSN,Boston Braves,0.539,Ben Cantwell,SP,2.8,90,27,86,58,74,59,Rare
1933,SLN,St. Louis Cardinals,0.536,Dizzy Dean,SP,5.5,90,93,84,59,73,78,Epic
1933,SLN,St. Louis Cardinals,0.536,Tex Carleton,SP,3.6,89,73,54,51,72,61,Rare
1933,SLN,St. Louis Cardinals,0.536,Bill Hallahan,SP,2.0,85,53,47,54,67,53,Uncommon
1933,NBY,New York Black Yankees,0.526,Ted Trent,SP,0.0,90,91,44,53,73,64,Rare
1933,NBY,New York Black Yankees,0.526,Neck Stanley,SP,0.0,73,76,58,48,51,60,Rare
1933,NBY,New York Black Yankees,0.526,Bill Holland,SP,0.0,90,65,72,45,73,62,Rare
1933,NEG,Nashville Elite Giants,0.526,Jim Willis,SP,0.0,99,65,96,54,85,73,Epic
1933,NEG,Nashville Elite Giants,0.526,Percy Miller,SP,0.0,95,72,62,50,80,63,Rare
1933,NEG,Nashville Elite Giants,0.526,Henry Wright,SP,0.0,84,35,86,49,66,58,Rare
1933,PHA,Philadelphia Athletics,0.523,Lefty Grove,SP,8.4,96,58,65,68,81,65,Rare
1933,PHA,Philadelphia Athletics,0.523,Sugar Cain,SP,2.0,81,23,27,48,61,36,Common
1933,PHA,Philadelphia Athletics,0.523,Johnny Marcum,SP,1.3,84,53,35,119,65,69,Rare
1933,CLE,Cleveland Indians,0.497,Mel Harder,SP,5.6,88,44,74,79,70,66,Rare
1933,CLE,Cleveland Indians,0.497,Monte Pearson,SP,4.8,89,56,47,101,72,68,Rare
1933,CLE,Cleveland Indians,0.497,Clint Brown,SP,3.5,87,33,92,66,69,64,Rare
1933,DET,Detroit Tigers,0.487,Firpo Marberry,SP,5.4,84,50,76,65,65,64,Rare
1933,DET,Detroit Tigers,0.487,Tommy Bridges,SP,4.3,88,71,41,73,71,63,Rare
1933,DET,Detroit Tigers,0.487,Vic Sorrell,SP,3.8,88,44,57,55,71,54,Uncommon
1933,CHA,Chicago White Sox,0.447,Sad Sam Jones,SP,3.8,82,47,50,61,63,54,Uncommon
1933,CHA,Chicago White Sox,0.447,Joe Heving,RP,2.8,45,56,82,80,35,69,Rare
1933,CHA,Chicago White Sox,0.447,Red Faber,RP,1.8,44,25,60,66,33,49,Uncommon
1933,SOX,Baltimore Sox,0.433,Tom Richardson,SP,0.0,87,59,73,51,69,62,Rare
1933,SOX,Baltimore Sox,0.433,Slim Jones,SP,0.0,102,105,46,50,89,69,Rare
1933,SOX,Baltimore Sox,0.433,Roy S. Williams,SP,0.0,88,39,64,48,70,52,Uncommon
1933,BRO,Brooklyn Dodgers,0.425,Van Mungo,SP,5.2,91,62,57,63,75,62,Rare
1933,BRO,Brooklyn Dodgers,0.425,Ray Benge,SP,1.9,84,45,79,47,66,58,Rare
1933,BRO,Brooklyn Dodgers,0.425,Boom-Boom Beck,SP,1.3,84,48,73,47,65,57,Rare
1933,BOS,Boston Red Sox,0.423,Bob Weiland,SP,3.9,87,62,42,54,69,54,Uncommon
1933,BOS,Boston Red Sox,0.423,Gordon Rhodes,SP,3.2,87,51,47,54,69,52,Uncommon
1933,BOS,Boston Red Sox,0.423,George Pipgras,SP,2.9,85,60,53,59,67,58,Rare
1933,PHI,Philadelphia Phillies,0.395,Ed Holley,SP,3.8,84,35,65,51,65,52,Uncommon
1933,PHI,Philadelphia Phillies,0.395,Cy Moore,SP,2.9,92,45,75,52,76,59,Rare
1933,PHI,Philadelphia Phillies,0.395,Reggie Grabowski,SP,1.5,95,21,87,77,80,64,Rare
1933,ID,Indianapolis ABCs/Detroit Stars,0.39,Columbus Vance,SP,0.0,92,76,56,47,76,61,Rare
1933,ID,Indianapolis ABCs/Detroit Stars,0.39,Percy Bailey,SP,0.0,87,73,51,54,69,60,Rare
1933,ID,Indianapolis ABCs/Detroit Stars,0.39,Ewing Waddy,SP,0.0,84,63,46,55,65,56,Rare
1933,CIN,Cincinnati Reds,0.382,Paul Derringer,SP,1.7,84,51,79,53,66,62,Rare
1933,CIN,Cincinnati Reds,0.382,Bob Smith,RP,1.6,45,33,103,63,35,63,Rare
1933,CIN,Cincinnati Reds,0.382,Si Johnson,SP,1.6,84,30,76,51,66,54,Uncommon
1933,CBB,Columbus Blue Birds,0.375,Bill Byrd,SP,0.0,90,49,105,55,73,70,Epic
1933,CBB,Columbus Blue Birds,0.375,Roy K. Williams,SP,0.0,94,75,62,56,79,66,Rare
1933,CBB,Columbus Blue Birds,0.375,Roosevelt Davis,SP,0.0,102,51,87,55,89,67,Rare
1933,SLA,St. Louis Browns,0.364,Bump Hadley,SP,7.4,90,65,43,59,74,57,Rare
1933,SLA,St. Louis Browns,0.364,Ed Wells,SP,4.1,94,38,63,54,78,54,Uncommon
1933,SLA,St. Louis Browns,0.364,George Blaeholder,SP,3.5,82,31,72,46,63,51,Uncommon
1933,ACG,Akron Grays / Cleveland Giants,0.273,Charley Justice,SP,0.0,87,102,49,59,69,70,Epic
1933,ACG,Akron Grays / Cleveland Giants,0.273,W. Williams,RP,0.0,45,19,94,59,35,55,Rare
1933,ACG,Akron Grays / Cleveland Giants,0.273,Spoon Carter,SP,-0.6,86,65,51,17,68,47,Uncommon
1933,HG,Homestead Grays,0.25,Ray Brown,SP,0.0,88,79,77,51,70,69,Rare
1933,HG,Homestead Grays,0.25,George Britt,SP,0.0,88,41,59,53,71,53,Uncommon
1933,HG,Homestead Grays,0.25,Joe Strong,SP,0.0,96,66,40,52,81,56,Rare
1934,PS,Philadelphia Stars,0.717,Slim Jones,SP,0.0,93,110,81,53,77,81,Epic
1934,PS,Philadelphia Stars,0.717,Webster McDonald,SP,0.0,93,42,86,50,77,61,Rare
1934,PS,Philadelphia Stars,0.717,Rocky Ellis,SP,0.0,86,56,60,53,68,58,Rare
1934,DET,Detroit Tigers,0.656,Schoolboy Rowe,SP,5.7,91,77,64,64,75,69,Rare
1934,DET,Detroit Tigers,0.656,Tommy Bridges,SP,5.4,86,76,49,59,68,62,Rare
1934,DET,Detroit Tigers,0.656,Elden Auker,SP,2.4,104,58,72,65,92,68,Rare
1934,SLN,St. Louis Cardinals,0.621,Dizzy Dean,SP,8.9,94,86,79,81,79,82,Epic
1934,SLN,St. Louis Cardinals,0.621,Paul Dean,SP,5.1,92,88,83,59,76,77,Epic
1934,SLN,St. Louis Cardinals,0.621,Bill Walker,SP,3.5,87,69,44,67,69,61,Rare
1934,NYA,New York Yankees,0.61,Lefty Gomez,SP,8.4,90,77,56,90,73,74,Epic
1934,NYA,New York Yankees,0.61,Johnny Murphy,SP,4.9,99,47,50,66,85,57,Rare
1934,NYA,New York Yankees,0.61,Red Ruffing,SP,1.9,88,80,47,51,71,60,Rare
1934,NY1,New York Giants,0.608,Carl Hubbell,SP,7.3,93,53,107,85,77,81,Epic
1934,NY1,New York Giants,0.608,Hal Schumacher,SP,2.7,88,53,66,61,71,61,Rare
1934,NY1,New York Giants,0.608,Freddie Fitzsimmons,SP,2.4,82,37,90,64,63,64,Rare
1934,PC,Pittsburgh Crawfords,0.606,Satchel Paige,SP,0.0,93,125,87,56,77,88,Legendary
1934,PC,Pittsburgh Crawfords,0.606,William Bell,SP,0.0,92,69,80,52,76,68,Rare
1934,PC,Pittsburgh Crawfords,0.606,Bert Hunter,SP,0.0,91,59,50,55,75,57,Rare
1934,CAG,Chicago American Giants,0.587,Ted Trent,SP,0.0,94,81,76,49,78,70,Epic
1934,CAG,Chicago American Giants,0.587,Willie Cornelius,SP,0.0,85,66,47,50,67,56,Rare
1934,CAG,Chicago American Giants,0.587,Willie Foster,SP,0.0,94,41,48,59,78,52,Uncommon
1934,CHN,Chicago Cubs,0.57,Lon Warneke,SP,5.0,88,68,82,61,71,70,Epic
1934,CHN,Chicago Cubs,0.57,Bill Lee,SP,3.1,84,67,55,59,65,61,Rare
1934,CHN,Chicago Cubs,0.57,Guy Bush,SP,2.1,85,50,75,49,67,59,Rare
1934,HG,Homestead Grays,0.567,Joe Strong,SP,0.0,84,68,59,50,65,60,Rare
1934,HG,Homestead Grays,0.567,Louis Dula,SP,0.0,97,46,74,59,83,62,Rare
1934,HG,Homestead Grays,0.567,Ray Brown,SP,0.0,83,82,71,59,64,70,Epic
1934,CLE,Cleveland Indians,0.552,Mel Harder,SP,8.0,90,50,62,92,74,69,Rare
1934,CLE,Cleveland Indians,0.552,Monte Pearson,SP,2.5,85,76,38,49,67,56,Rare
1934,CLE,Cleveland Indians,0.552,Oral Hildebrand,SP,2.2,82,51,38,48,63,47,Uncommon
1934,BSN,Boston Braves,0.517,Ed Brandt,SP,3.2,93,58,60,54,77,59,Rare
1934,BSN,Boston Braves,0.517,Fred Frankhouse,SP,2.9,84,46,59,60,66,56,Rare
1934,BSN,Boston Braves,0.517,Huck Betts,SP,1.3,86,45,89,44,68,60,Rare
1934,BOS,Boston Red Sox,0.5,Fritz Ostermueller,SP,5.5,90,53,39,71,73,56,Rare
1934,BOS,Boston Red Sox,0.5,Wes Ferrell,SP,4.0,86,52,72,71,68,65,Rare
1934,BOS,Boston Red Sox,0.5,Johnny Welch,SP,3.6,94,61,50,51,78,56,Rare
1934,ND,Newark Dodgers,0.5,Maurice Lisby,RP,0.2,45,72,74,43,35,60,Rare
1934,ND,Newark Dodgers,0.5,Bob Evans,SP,0.0,91,79,57,49,75,63,Rare
1934,ND,Newark Dodgers,0.5,Alonza Bailey,SP,0.0,84,81,61,54,65,65,Rare
1934,PIT,Pittsburgh Pirates,0.493,Waite Hoyt,RP,5.0,45,76,83,75,35,74,Epic
1934,PIT,Pittsburgh Pirates,0.493,Larry French,SP,3.5,84,55,83,61,66,66,Rare
1934,PIT,Pittsburgh Pirates,0.493,Bill Swift,SP,2.7,91,53,85,50,75,64,Rare
1934,BRO,Brooklyn Dodgers,0.467,Van Mungo,SP,4.7,88,80,59,58,71,66,Rare
1934,BRO,Brooklyn Dodgers,0.467,Dutch Leonard,SP,1.8,93,43,93,58,77,66,Rare
1934,BRO,Brooklyn Dodgers,0.467,Tom Zachary,SP,1.4,86,33,81,51,68,56,Rare
1934,PHA,Philadelphia Athletics,0.453,Sugar Cain,SP,2.0,83,38,34,48,64,42,Common
1934,PHA,Philadelphia Athletics,0.453,Johnny Marcum,SP,1.9,84,55,49,48,66,52,Uncommon
1934,PHA,Philadelphia Athletics,0.453,Bill Dietrich,SP,1.3,92,59,34,46,76,49,Uncommon
1934,SLA,St. Louis Browns,0.441,Bobo Newsom,SP,6.1,88,71,33,61,70,56,Rare
1934,SLA,St. Louis Browns,0.441,George Blaeholder,SP,4.8,82,37,68,57,63,55,Rare
1934,SLA,St. Louis Browns,0.441,Bump Hadley,SP,4.1,80,52,30,56,60,47,Uncommon
1934,WS1,Washington Senators,0.434,Bobby Burke,SP,4.3,103,42,45,75,91,58,Rare
1934,WS1,Washington Senators,0.434,Lefty Stewart,SP,2.6,82,30,80,53,62,55,Rare
1934,WS1,Washington Senators,0.434,Earl Whitehill,SP,2.4,84,57,47,49,66,52,Uncommon
1934,NEG,Nashville Elite Giants,0.425,Andy Porter,SP,0.0,89,78,60,57,72,66,Rare
1934,NEG,Nashville Elite Giants,0.425,Percy Miller,SP,0.0,81,87,33,53,61,58,Rare
1934,NEG,Nashville Elite Giants,0.425,Jim Willis,SP,0.0,88,85,83,52,71,73,Epic
1934,NBY,New York Black Yankees,0.423,Frank Blake,SP,0.0,90,94,47,56,73,66,Rare
1934,NBY,New York Black Yankees,0.423,Neck Stanley,SP,0.0,85,78,48,59,67,62,Rare
1934,NBY,New York Black Yankees,0.423,Bill Holland,SP,0.0,86,107,82,54,68,80,Epic
1934,PHI,Philadelphia Phillies,0.376,Curt Davis,SP,8.6,91,51,84,81,75,72,Epic
1934,PHI,Philadelphia Phillies,0.376,Phil Collins,SP,3.8,87,38,56,51,69,50,Uncommon
1934,PHI,Philadelphia Phillies,0.376,Syl Johnson,RP,3.4,45,54,95,69,35,69,Rare
1934,CHA,Chicago White Sox,0.349,George Earnshaw,SP,4.1,84,60,42,46,66,51,Uncommon
1934,CHA,Chicago White Sox,0.349,Les Tietje,SP,2.3,87,64,35,44,69,50,Uncommon
1934,CHA,Chicago White Sox,0.349,Ted Lyons,SP,1.6,90,33,61,46,73,49,Uncommon
1934,CIN,Cincinnati Reds,0.344,Benny Frey,SP,4.4,88,12,95,59,70,57,Rare
1934,CIN,Cincinnati Reds,0.344,Paul Derringer,SP,3.8,89,65,82,60,72,69,Rare
1934,CIN,Cincinnati Reds,0.344,Tony Freitas,SP,1.9,89,31,97,52,72,61,Rare
1934,KCM,Kansas City Monarchs,0.333,Chet Brewer,SP,0.0,92,69,122,49,76,80,Epic
1934,KCM,Kansas City Monarchs,0.333,Charlie Beverly,SP,0.0,84,35,73,59,66,57,Rare
1934,KCM,Kansas City Monarchs,0.333,Andy Cooper,RP,0.0,45,99,93,59,35,79,Epic
1934,BBS,Baltimore Black Sox,0.273,Bun Hayes,RP,0.0,45,71,65,51,35,60,Rare
1934,BBS,Baltimore Black Sox,0.273,Half Pint Allen,SP,0.0,82,69,38,40,62,50,Uncommon
1934,PBG,Philadelphia Bacharach Giants,0.2,Laymon Yokely,SP,0.0,88,63,45,49,71,54,Uncommon
1934,PBG,Philadelphia Bacharach Giants,0.2,Darltie Cooper,SP,0.0,94,32,45,46,78,45,Uncommon
1934,PBG,Philadelphia Bacharach Giants,0.2,Luther Farrell,SP,0.0,79,35,46,48,59,45,Uncommon
1934,CRS,Cleveland Red Sox,0.12,Bill Byrd,SP,0.0,79,57,76,50,59,61,Rare
1934,CRS,Cleveland Red Sox,0.12,Roy Roberts,RP,0.0,45,44,90,51,35,59,Rare
1934,CRS,Cleveland Red Sox,0.12,Johnnie Bob Dixon,SP,0.0,86,42,58,54,68,53,Uncommon
1935,PC,Pittsburgh Crawfords,0.676,Bert Hunter,SP,0.0,90,71,66,48,74,63,Rare
1935,PC,Pittsburgh Crawfords,0.676,Roosevelt Davis,SP,0.0,101,78,70,49,88,68,Rare
1935,PC,Pittsburgh Crawfords,0.676,Leroy Matlock,SP,0.0,91,74,92,54,75,74,Epic
1935,CHN,Chicago Cubs,0.649,Lon Warneke,SP,4.2,90,64,90,63,74,72,Epic
1935,CHN,Chicago Cubs,0.649,Larry French,SP,3.9,88,51,93,69,70,71,Epic
1935,CHN,Chicago Cubs,0.649,Bill Lee,SP,2.8,86,56,58,68,68,61,Rare
1935,SLN,St. Louis Cardinals,0.623,Dizzy Dean,SP,7.1,92,80,80,68,76,76,Epic
1935,SLN,St. Louis Cardinals,0.623,Paul Dean,SP,5.7,88,73,88,61,70,74,Epic
1935,SLN,St. Louis Cardinals,0.623,Ed Heusser,RP,2.5,45,43,84,72,35,63,Rare
1935,DET,Detroit Tigers,0.616,Schoolboy Rowe,SP,3.8,88,70,78,58,70,69,Rare
1935,DET,Detroit Tigers,0.616,Tommy Bridges,SP,3.0,88,82,46,57,70,62,Rare
1935,DET,Detroit Tigers,0.616,Elden Auker,SP,2.6,86,44,63,53,68,55,Rare
1935,NYA,New York Yankees,0.597,Lefty Gomez,SP,4.1,88,77,54,62,70,65,Rare
1935,NYA,New York Yankees,0.597,Red Ruffing,SP,3.8,85,51,56,63,67,58,Rare
1935,NYA,New York Yankees,0.597,Johnny Allen,SP,2.2,83,92,55,55,64,67,Rare
1935,NY1,New York Giants,0.595,Carl Hubbell,SP,4.7,90,69,97,56,73,74,Epic
1935,NY1,New York Giants,0.595,Hal Schumacher,SP,4.6,87,41,73,69,69,62,Rare
1935,NY1,New York Giants,0.595,Al Smith,RP,2.0,45,50,75,57,35,58,Rare
1935,NBY,New York Black Yankees,0.583,Bill Holland,SP,0.0,84,109,83,47,65,78,Epic
1935,NBY,New York Black Yankees,0.583,Connie Rector,SP,0.0,99,73,57,40,85,60,Rare
1935,NBY,New York Black Yankees,0.583,Jesse Hubbard,SP,0.0,98,75,67,50,84,66,Rare
1935,KCM,Kansas City Monarchs,0.571,Chet Brewer,SP,0.0,101,116,81,55,88,84,Epic
1935,KCM,Kansas City Monarchs,0.571,Floyd Kranson,RP,0.0,45,125,50,40,35,68,Rare
1935,KCM,Kansas City Monarchs,0.571,Charlie Beverly,SP,0.0,72,115,119,44,50,88,Legendary
1935,PIT,Pittsburgh Pirates,0.562,Cy Blanton,SP,7.2,88,77,85,87,70,82,Epic
1935,PIT,Pittsburgh Pirates,0.562,Bill Swift,SP,4.9,96,51,93,81,81,76,Epic
1935,PIT,Pittsburgh Pirates,0.562,Waite Hoyt,RP,2.9,45,54,97,61,35,67,Rare
1935,NYC,New York Cubans,0.558,Johnny Taylor,SP,0.0,100,102,33,56,87,66,Rare
1935,NYC,New York Cubans,0.558,Luis Tiant,SP,0.0,87,121,46,49,69,72,Epic
1935,NYC,New York Cubans,0.558,Neck Stanley,SP,0.0,94,69,50,59,78,61,Rare
1935,CEG,Columbus Elite Giants,0.538,Sam Thompson,SP,0.0,83,63,85,53,64,67,Rare
1935,CEG,Columbus Elite Giants,0.538,Jim Willis,SP,0.0,91,53,91,48,75,65,Rare
1935,CEG,Columbus Elite Giants,0.538,Bob Griffith,SP,0.0,96,83,47,49,82,62,Rare
1935,PS,Philadelphia Stars,0.538,Webster McDonald,SP,0.0,94,46,70,48,79,57,Rare
1935,PS,Philadelphia Stars,0.538,Rocky Ellis,SP,0.0,88,58,57,47,70,56,Rare
1935,PS,Philadelphia Stars,0.538,Lefty Holmes,SP,0.0,88,82,41,50,71,59,Rare
1935,CLE,Cleveland Indians,0.536,Mel Harder,SP,7.3,88,46,92,74,70,71,Epic
1935,CLE,Cleveland Indians,0.536,Willis Hudlin,SP,5.0,87,22,74,64,69,55,Rare
1935,CLE,Cleveland Indians,0.536,Lloyd Brown,RP,3.4,45,52,65,63,35,58,Rare
1935,BOS,Boston Red Sox,0.51,Lefty Grove,SP,9.4,92,62,80,94,76,78,Epic
1935,BOS,Boston Red Sox,0.51,Wes Ferrell,SP,8.2,89,48,57,68,72,59,Rare
1935,BOS,Boston Red Sox,0.51,Fritz Ostermueller,SP,3.2,83,40,33,70,64,49,Uncommon
1935,BE,Brooklyn Eagles,0.508,Will Jackman,SP,0.0,86,63,66,49,68,60,Rare
1935,BE,Brooklyn Eagles,0.508,Leon Day,SP,0.0,87,82,48,50,69,61,Rare
1935,BE,Brooklyn Eagles,0.508,Elbert Williams,SP,0.0,88,66,45,48,70,55,Rare
1935,CHA,Chicago White Sox,0.487,John Whitehead,SP,4.9,88,45,42,60,71,51,Uncommon
1935,CHA,Chicago White Sox,0.487,Ted Lyons,SP,4.8,90,38,67,75,74,61,Rare
1935,CHA,Chicago White Sox,0.487,Vern Kennedy,SP,3.0,89,42,43,57,72,50,Uncommon
1935,BRO,Brooklyn Dodgers,0.458,Watson Clark,SP,3.0,88,18,103,60,71,61,Rare
1935,BRO,Brooklyn Dodgers,0.458,Van Mungo,SP,2.5,88,91,45,54,71,64,Rare
1935,BRO,Brooklyn Dodgers,0.458,Dutch Leonard,RP,1.8,45,40,86,48,35,56,Rare
1935,CIN,Cincinnati Reds,0.444,Paul Derringer,SP,3.7,89,60,94,56,72,70,Epic
1935,CIN,Cincinnati Reds,0.444,Don Brennan,RP,3.0,45,59,48,66,35,55,Rare
1935,CIN,Cincinnati Reds,0.444,Al Hollingsworth,SP,1.5,86,71,44,54,68,58,Rare
1935,WS1,Washington Senators,0.438,Earl Whitehill,SP,3.4,88,51,50,50,71,52,Uncommon
1935,WS1,Washington Senators,0.438,Bobo Newsom,SP,2.5,88,51,47,49,71,51,Uncommon
1935,WS1,Washington Senators,0.438,Bump Hadley,SP,1.3,83,46,43,42,64,46,Uncommon
1935,CAG,Chicago American Giants,0.436,Ted Trent,SP,0.0,88,61,48,48,71,54,Uncommon
1935,CAG,Chicago American Giants,0.436,Willie Foster,SP,0.0,99,53,48,54,85,55,Rare
1935,CAG,Chicago American Giants,0.436,Ossie Brown,SP,0.0,78,79,44,49,57,57,Rare
1935,SLA,St. Louis Browns,0.428,Ivy Andrews,SP,6.4,100,24,77,68,87,59,Rare
1935,SLA,St. Louis Browns,0.428,Jack Knott,RP,2.0,45,30,46,53,35,42,Common
1935,SLA,St. Louis Browns,0.428,Fay Thomas,RP,1.4,45,63,29,48,35,46,Uncommon
1935,HG,Homestead Grays,0.424,Ray Brown,SP,0.0,90,63,48,52,74,56,Rare
1935,HG,Homestead Grays,0.424,Joe Strong,SP,0.0,78,72,49,45,58,56,Rare
1935,HG,Homestead Grays,0.424,Willie Gisentaner,SP,0.0,88,47,73,48,71,58,Rare
1935,PHI,Philadelphia Phillies,0.418,Curt Davis,SP,7.1,90,44,88,62,73,65,Rare
1935,PHI,Philadelphia Phillies,0.418,Syl Johnson,SP,5.2,96,70,94,62,81,76,Epic
1935,PHI,Philadelphia Phillies,0.418,Bucky Walters,SP,2.4,81,34,43,54,61,45,Uncommon
1935,PHA,Philadelphia Athletics,0.389,Johnny Marcum,SP,4.0,92,57,56,58,76,59,Rare
1935,PHA,Philadelphia Athletics,0.389,Roy Mahaffey,SP,2.9,87,38,63,56,69,54,Uncommon
1935,PHA,Philadelphia Athletics,0.389,Vernon Wilshere,SP,2.9,86,77,34,56,68,57,Rare
1935,ND,Newark Dodgers,0.295,William Bell,SP,0.2,86,67,86,45,68,66,Rare
1935,ND,Newark Dodgers,0.295,Bob Evans,SP,0.0,84,85,45,51,66,61,Rare
1935,ND,Newark Dodgers,0.295,Homer Craig,SP,0.0,82,29,35,53,63,41,Common
1935,BSN,Boston Braves,0.248,Bob Smith,SP,2.2,98,38,65,47,84,53,Uncommon
1935,BSN,Boston Braves,0.248,Ben Cantwell,SP,1.1,90,17,86,39,74,50,Uncommon
1935,BSN,Boston Braves,0.248,Al Blanche,RP,0.6,45,29,68,119,35,68,Rare
1936,KCM,Kansas City Monarchs,0.867,Floyd Kranson,SP,0.0,114,120,75,52,106,85,Legendary
1936,KCM,Kansas City Monarchs,0.867,Barney Morris,SP,0.0,105,125,74,59,93,87,Legendary
1936,KCM,Kansas City Monarchs,0.867,Lefty Wilson,SP,0.0,84,50,43,59,65,52,Uncommon
1936,NYA,New York Yankees,0.667,Monte Pearson,SP,4.4,83,73,29,62,64,56,Rare
1936,NYA,New York Yankees,0.667,Red Ruffing,SP,3.8,88,53,58,58,70,58,Rare
1936,NYA,New York Yankees,0.667,Pat Malone,RP,2.8,45,74,43,65,35,58,Rare
1936,PC,Pittsburgh Crawfords,0.605,Leroy Matlock,SP,0.0,84,54,80,49,66,62,Rare
1936,PC,Pittsburgh Crawfords,0.605,Theolic Smith,SP,0.0,88,49,39,49,70,48,Uncommon
1936,PC,Pittsburgh Crawfords,0.605,Bill Harvey,SP,0.0,111,67,36,50,101,56,Rare
1936,NY1,New York Giants,0.597,Carl Hubbell,SP,9.7,91,57,91,90,75,79,Epic
1936,NY1,New York Giants,0.597,Frank Gabler,RP,2.5,45,38,86,62,35,59,Rare
1936,NY1,New York Giants,0.597,Freddie Fitzsimmons,SP,1.8,88,32,71,60,71,56,Rare
1936,NBY,New York Black Yankees,0.571,Bill Holland,SP,0.0,96,61,91,48,82,68,Rare
1936,NBY,New York Black Yankees,0.571,Henry McHenry,SP,0.0,106,73,47,56,94,62,Rare
1936,NBY,New York Black Yankees,0.571,Roosevelt Davis,SP,0.0,84,57,59,49,65,56,Rare
1936,CHN,Chicago Cubs,0.565,Larry French,SP,4.9,92,58,85,58,76,68,Rare
1936,CHN,Chicago Cubs,0.565,Bill Lee,SP,4.0,86,55,52,60,68,57,Rare
1936,CHN,Chicago Cubs,0.565,Curt Davis,SP,3.4,84,45,81,56,66,61,Rare
1936,SLN,St. Louis Cardinals,0.565,Dizzy Dean,SP,7.3,94,85,96,61,78,80,Epic
1936,SLN,St. Louis Cardinals,0.565,Jim Winford,SP,2.5,88,53,53,52,71,54,Uncommon
1936,SLN,St. Louis Cardinals,0.565,Jesse Haines,RP,1.9,45,22,86,52,35,52,Uncommon
1936,PIT,Pittsburgh Pirates,0.545,Red Lucas,SP,4.2,87,41,100,66,69,69,Rare
1936,PIT,Pittsburgh Pirates,0.545,Cy Blanton,SP,3.0,84,74,81,60,65,71,Epic
1936,PIT,Pittsburgh Pirates,0.545,Bill Swift,SP,2.9,89,49,79,49,72,60,Rare
1936,DET,Detroit Tigers,0.539,Tommy Bridges,SP,6.4,85,81,48,68,67,66,Rare
1936,DET,Detroit Tigers,0.539,Schoolboy Rowe,SP,4.2,82,65,74,54,62,64,Rare
1936,DET,Detroit Tigers,0.539,Vic Sorrell,SP,0.8,94,37,40,45,78,44,Common
1936,CHA,Chicago White Sox,0.536,John Whitehead,SP,2.7,83,41,45,58,64,50,Uncommon
1936,CHA,Chicago White Sox,0.536,Sugar Cain,SP,2.5,83,29,47,45,64,43,Common
1936,CHA,Chicago White Sox,0.536,Vern Kennedy,SP,2.5,88,51,35,56,70,50,Uncommon
1936,WS1,Washington Senators,0.536,Pete Appleton,SP,3.8,97,54,49,70,83,60,Rare
1936,WS1,Washington Senators,0.536,Bobo Newsom,SP,3.0,84,75,38,55,66,57,Rare
1936,WS1,Washington Senators,0.536,Joe Cascarella,SP,2.8,94,33,48,49,79,47,Uncommon
1936,HG,Homestead Grays,0.529,Ray Brown,SP,0.0,95,63,65,50,80,61,Rare
1936,HG,Homestead Grays,0.529,Tom Parker,SP,0.0,78,67,30,53,57,51,Uncommon
1936,HG,Homestead Grays,0.529,Roy Welmaker,SP,0.0,92,59,42,52,76,54,Uncommon
1936,CLE,Cleveland Indians,0.519,Johnny Allen,SP,7.2,86,93,47,81,68,73,Epic
1936,CLE,Cleveland Indians,0.519,Lloyd Brown,SP,3.0,90,31,61,59,74,53,Uncommon
1936,CLE,Cleveland Indians,0.519,Denny Galehouse,SP,2.6,96,66,42,56,82,57,Rare
1936,BOS,Boston Red Sox,0.481,Lefty Grove,SP,11.2,89,71,75,96,72,80,Epic
1936,BOS,Boston Red Sox,0.481,Wes Ferrell,SP,6.8,87,50,48,66,69,56,Rare
1936,BOS,Boston Red Sox,0.481,Johnny Marcum,SP,3.2,84,45,66,53,66,56,Rare
1936,CIN,Cincinnati Reds,0.481,Paul Derringer,SP,1.7,85,60,100,49,67,69,Rare
1936,CIN,Cincinnati Reds,0.481,Peaches Davis,SP,1.4,89,33,69,53,72,54,Uncommon
1936,CIN,Cincinnati Reds,0.481,Al Hollingsworth,SP,1.3,84,58,52,51,65,55,Rare
1936,CAG,Chicago American Giants,0.478,Willie Cornelius,SP,0.0,84,93,56,55,66,68,Rare
1936,CAG,Chicago American Giants,0.478,Walter Thomas,SP,0.0,94,64,52,59,78,60,Rare
1936,CAG,Chicago American Giants,0.478,Ted Trent,SP,0.0,94,107,48,52,78,70,Epic
1936,NYC,New York Cubans,0.478,Chet Brewer,SP,0.0,90,71,56,49,74,60,Rare
1936,NYC,New York Cubans,0.478,Neck Stanley,SP,0.0,88,94,55,45,70,65,Rare
1936,NYC,New York Cubans,0.478,Martín Dihigo,SP,0.0,94,101,83,47,79,77,Epic
1936,NE,Newark Eagles,0.466,Leon Day,SP,0.0,82,96,38,51,62,62,Rare
1936,NE,Newark Eagles,0.466,William Bell,SP,0.0,105,27,79,59,93,59,Rare
1936,NE,Newark Eagles,0.466,Bob Evans,SP,0.0,83,79,42,49,64,57,Rare
1936,BSN,Boston Bees,0.461,Danny MacFayden,SP,5.7,90,44,78,73,73,66,Rare
1936,BSN,Boston Bees,0.461,Ben Cantwell,RP,2.3,45,43,74,63,35,58,Rare
1936,BSN,Boston Bees,0.461,Bob Smith,RP,1.4,45,34,75,56,35,53,Uncommon
1936,WEG,Washington Elite Giants,0.439,Bill Byrd,SP,0.0,95,59,79,53,80,65,Rare
1936,WEG,Washington Elite Giants,0.439,Andy Porter,SP,0.0,90,68,49,50,73,57,Rare
1936,WEG,Washington Elite Giants,0.439,Jim Willis,SP,0.0,96,52,82,54,82,65,Rare
1936,BRO,Brooklyn Dodgers,0.435,Van Mungo,SP,6.6,89,104,49,66,72,73,Epic
1936,BRO,Brooklyn Dodgers,0.435,Ed Brandt,SP,5.2,88,62,71,59,70,65,Rare
1936,BRO,Brooklyn Dodgers,0.435,Fred Frankhouse,SP,4.0,84,50,49,55,66,53,Uncommon
1936,PS,Philadelphia Stars,0.431,Bert Hunter,SP,1.1,96,84,54,33,81,59,Rare
1936,PS,Philadelphia Stars,0.431,Webster McDonald,SP,0.0,96,44,48,48,82,50,Uncommon
1936,PS,Philadelphia Stars,0.431,Laymon Yokely,SP,0.0,85,68,48,47,67,56,Rare
1936,SLA,St. Louis Browns,0.375,Ivy Andrews,SP,4.6,85,18,74,52,67,50,Uncommon
1936,SLA,St. Louis Browns,0.375,Elon Hogsett,SP,2.2,84,42,46,37,66,44,Common
1936,SLA,St. Louis Browns,0.375,Tommy Thomas,SP,1.8,90,27,47,44,73,43,Common
1936,PHI,Philadelphia Phillies,0.351,Claude Passeau,SP,4.4,99,55,76,69,85,68,Rare
1936,PHI,Philadelphia Phillies,0.351,Bucky Walters,SP,4.1,86,33,43,54,68,46,Uncommon
1936,PHI,Philadelphia Phillies,0.351,Syl Johnson,RP,2.5,45,60,74,50,35,59,Rare
1936,PHA,Philadelphia Athletics,0.346,Harry Kelley,SP,6.2,90,49,61,63,74,59,Rare
1936,PHA,Philadelphia Athletics,0.346,Herman Fink,SP,1.5,86,37,46,43,68,45,Uncommon
1936,PHA,Philadelphia Athletics,0.346,Buck Ross,SP,0.9,84,29,46,40,65,41,Common
1937,KCM,Kansas City Monarchs,0.739,Hilton Smith,SP,5.3,88,103,87,99,70,94,Legendary
1937,KCM,Kansas City Monarchs,0.739,Andy Cooper,SP,1.8,88,95,95,101,71,94,Legendary
1937,KCM,Kansas City Monarchs,0.739,Lefty Wilson,SP,1.1,84,95,83,97,66,89,Legendary
1937,HG,Homestead Grays,0.707,Ray Brown,SP,0.0,100,81,67,53,86,69,Rare
1937,HG,Homestead Grays,0.707,Louis Dula,SP,0.0,97,57,57,52,83,58,Rare
1937,HG,Homestead Grays,0.707,Edsall Walker,SP,0.0,88,63,41,56,71,55,Rare
1937,NYA,New York Yankees,0.662,Lefty Gomez,SP,9.2,88,95,58,100,70,83,Epic
1937,NYA,New York Yankees,0.662,Red Ruffing,SP,6.2,88,71,73,75,71,73,Epic
1937,NYA,New York Yankees,0.662,Monte Pearson,SP,3.1,83,68,43,73,64,62,Rare
1937,CT,Cincinnati Tigers,0.642,Porter Moss,SP,1.8,98,96,100,89,84,94,Legendary
1937,CT,Cincinnati Tigers,0.642,Jesse Houston,SP,0.0,84,102,91,56,65,81,Epic
1937,CT,Cincinnati Tigers,0.642,Eugene Bremer,SP,0.0,93,73,93,59,77,75,Epic
1937,NY1,New York Giants,0.625,Cliff Melton,SP,4.9,93,79,83,77,77,79,Epic
1937,NY1,New York Giants,0.625,Carl Hubbell,SP,3.8,88,83,86,59,70,75,Epic
1937,NY1,New York Giants,0.625,Slick Castleman,SP,2.1,82,67,87,54,62,69,Rare
1937,NE,Newark Eagles,0.621,Terris McDuffie,SP,2.4,89,74,59,109,72,80,Epic
1937,NE,Newark Eagles,0.621,Leon Day,SP,0.7,89,100,53,52,72,69,Rare
1937,NE,Newark Eagles,0.621,Bob Evans,SP,0.0,82,60,58,47,62,56,Rare
1937,CHN,Chicago Cubs,0.604,Bill Lee,SP,4.2,88,55,73,56,71,62,Rare
1937,CHN,Chicago Cubs,0.604,Tex Carleton,SP,3.8,85,70,43,63,67,60,Rare
1937,CHN,Chicago Cubs,0.604,Charlie Root,RP,3.3,45,58,93,55,35,65,Rare
1937,CAG,Chicago American Giants,0.603,Willie Cornelius,SP,0.0,90,88,56,52,73,66,Rare
1937,CAG,Chicago American Giants,0.603,Willie Foster,SP,0.0,97,78,50,50,83,62,Rare
1937,CAG,Chicago American Giants,0.603,Ted Trent,SP,0.0,93,77,87,54,77,73,Epic
1937,DET,Detroit Tigers,0.578,Elden Auker,SP,4.2,86,39,49,60,68,51,Uncommon
1937,DET,Detroit Tigers,0.578,Tommy Bridges,SP,3.4,86,77,50,57,68,62,Rare
1937,DET,Detroit Tigers,0.578,George Gill,RP,1.3,45,43,59,49,35,49,Uncommon
1937,CHA,Chicago White Sox,0.558,Monty Stratton,SP,4.9,86,58,83,100,68,79,Epic
1937,CHA,Chicago White Sox,0.558,Thornton Lee,SP,4.4,88,55,67,64,70,63,Rare
1937,CHA,Chicago White Sox,0.558,John Whitehead,SP,2.4,82,36,57,54,62,50,Uncommon
1937,PIT,Pittsburgh Pirates,0.558,Russ Bauers,SP,4.1,96,86,45,74,82,70,Epic
1937,PIT,Pittsburgh Pirates,0.558,Ed Brandt,SP,3.0,82,59,49,61,63,57,Rare
1937,PIT,Pittsburgh Pirates,0.558,Cy Blanton,SP,2.3,82,81,62,58,63,67,Rare
1937,CLE,Cleveland Indians,0.539,Johnny Allen,SP,6.2,90,69,55,94,73,73,Epic
1937,CLE,Cleveland Indians,0.539,Bob Feller,SP,3.4,86,125,20,71,68,72,Epic
1937,CLE,Cleveland Indians,0.539,Mel Harder,SP,3.4,86,57,50,54,68,55,Rare
1937,BOS,Boston Red Sox,0.526,Lefty Grove,SP,9.8,88,80,62,83,70,74,Epic
1937,BOS,Boston Red Sox,0.526,Jack Wilson,SP,5.7,100,85,35,65,86,64,Rare
1937,BOS,Boston Red Sox,0.526,Bobo Newsom,SP,3.2,84,83,29,44,65,53,Uncommon
1937,SLN,St. Louis Cardinals,0.526,Dizzy Dean,SP,4.5,86,83,96,75,68,83,Epic
1937,SLN,St. Louis Cardinals,0.526,Bob Weiland,SP,3.8,86,56,53,56,68,56,Rare
1937,SLN,St. Louis Cardinals,0.526,Si Johnson,SP,2.5,93,46,83,58,77,64,Rare
1937,BSN,Boston Bees,0.52,Jim Turner,SP,5.5,90,35,88,76,73,67,Rare
1937,BSN,Boston Bees,0.52,Lou Fette,SP,3.8,86,35,63,68,68,57,Rare
1937,BSN,Boston Bees,0.52,Danny MacFayden,SP,2.8,85,38,78,67,67,62,Rare
1937,WS1,Washington Senators,0.477,Monte Weaver,SP,1.9,83,29,50,48,64,44,Common
1937,WS1,Washington Senators,0.477,Bill Phebus,SP,1.2,88,40,31,103,70,59,Rare
1937,WS1,Washington Senators,0.477,Wes Ferrell,SP,1.2,87,61,44,41,69,51,Uncommon
1937,PS,Philadelphia Stars,0.466,Sam Thompson,SP,0.0,88,57,90,44,71,64,Rare
1937,PS,Philadelphia Stars,0.466,Webster McDonald,SP,0.0,76,53,87,45,54,61,Rare
1937,PS,Philadelphia Stars,0.466,Rocky Ellis,SP,0.0,101,82,87,49,88,74,Epic
1937,IA,Indianapolis Athletics,0.447,Bill Howard,SP,1.0,112,64,45,72,103,65,Rare
1937,IA,Indianapolis Athletics,0.447,Leo Hannibal,SP,0.0,94,93,49,59,79,68,Rare
1937,IA,Indianapolis Athletics,0.447,Claude Hayslett,SP,0.0,82,66,49,54,62,57,Rare
1937,WEG,Washington Elite Giants,0.414,Jimmy Direaux,SP,0.0,86,50,41,56,68,51,Uncommon
1937,WEG,Washington Elite Giants,0.414,Andy Porter,SP,0.0,84,85,69,46,65,66,Rare
1937,WEG,Washington Elite Giants,0.414,Bill Byrd,SP,0.0,85,72,66,52,67,64,Rare
1937,BBB,Birmingham Black Barons,0.41,Jack Bruton,SP,0.0,90,77,78,46,74,68,Rare
1937,BBB,Birmingham Black Barons,0.41,Willie Ferrell,SP,0.0,82,60,48,49,62,53,Uncommon
1937,BBB,Birmingham Black Barons,0.41,Red Howard,SP,0.0,84,91,49,46,65,62,Rare
1937,BRO,Brooklyn Dodgers,0.405,Van Mungo,SP,4.3,85,103,54,76,67,77,Epic
1937,BRO,Brooklyn Dodgers,0.405,Luke Hamlin,SP,3.1,84,69,75,61,65,68,Rare
1937,BRO,Brooklyn Dodgers,0.405,Waite Hoyt,SP,2.4,98,46,92,54,84,66,Rare
1937,NBY,New York Black Yankees,0.404,Harry Kincannon,RP,0.0,45,58,43,45,35,47,Uncommon
1937,NBY,New York Black Yankees,0.404,Barney Brown,SP,0.0,88,86,58,52,70,66,Rare
1937,NBY,New York Black Yankees,0.404,Roy K. Williams,SP,0.0,90,61,47,49,74,54,Uncommon
1937,PHI,Philadelphia Phillies,0.399,Claude Passeau,SP,3.9,90,64,72,49,73,63,Rare
1937,PHI,Philadelphia Phillies,0.399,Bucky Walters,SP,1.7,83,50,54,45,64,51,Uncommon
1937,PHI,Philadelphia Phillies,0.399,Orville Jorgens,RP,1.1,45,30,40,46,35,38,Common
1937,DTS,Detroit Stars,0.385,Percy Miller,SP,0.0,81,69,18,52,61,48,Uncommon
1937,DTS,Detroit Stars,0.385,Dan Webster,RP,0.0,45,67,68,50,35,59,Rare
1937,DTS,Detroit Stars,0.385,Dean Thomas,SP,0.0,87,95,45,50,69,64,Rare
1937,CIN,Cincinnati Reds,0.364,Lee Grissom,SP,4.5,84,91,46,60,65,66,Rare
1937,CIN,Cincinnati Reds,0.364,Peaches Davis,SP,2.6,92,35,81,56,76,59,Rare
1937,CIN,Cincinnati Reds,0.364,Gene Schott,SP,2.2,92,51,63,70,76,63,Rare
1937,PC,Pittsburgh Crawfords,0.36,Barney Morris,SP,1.4,91,100,65,42,75,70,Epic
1937,PC,Pittsburgh Crawfords,0.36,Roosevelt Davis,SP,0.3,86,65,90,28,68,62,Rare
1937,PC,Pittsburgh Crawfords,0.36,Theolic Smith,SP,0.0,78,63,46,45,58,52,Uncommon
1937,PHA,Philadelphia Athletics,0.358,Eddie Smith,SP,4.2,90,56,42,57,73,54,Uncommon
1937,PHA,Philadelphia Athletics,0.358,George Caster,SP,2.1,82,60,42,50,62,52,Uncommon
1937,PHA,Philadelphia Athletics,0.358,Bud Thomas,SP,1.4,79,44,64,44,59,51,Uncommon
1937,MRS,Memphis Red Sox,0.333,R. B. Bryant,SP,0.0,88,51,42,59,71,53,Uncommon
1937,MRS,Memphis Red Sox,0.333,Bob Madison,SP,0.0,77,113,47,59,56,71,Epic
1937,MRS,Memphis Red Sox,0.333,Emery Adams,SP,0.0,82,37,33,50,63,42,Common
1937,SLA,St. Louis Browns,0.299,Jack Knott,SP,2.9,90,54,41,43,74,49,Uncommon
1937,SLA,St. Louis Browns,0.299,Oral Hildebrand,SP,2.8,84,52,44,44,65,48,Uncommon
1937,SLA,St. Louis Browns,0.299,Bill Trotter,RP,0.8,45,41,46,37,35,41,Common
1937,SL2,St. Louis Stars,0.139,Tommy Johnson,SP,0.0,88,48,45,51,70,50,Uncommon
1937,SL2,St. Louis Stars,0.139,John Griffin,RP,0.0,45,52,28,42,35,40,Common
1937,SL2,St. Louis Stars,0.139,Johnny Reed,SP,0.0,90,58,42,59,74,55,Rare
1938,HG,Homestead Grays,0.75,Ray Brown,SP,0.0,106,75,88,55,94,75,Epic
1938,HG,Homestead Grays,0.75,Edsall Walker,SP,0.0,84,77,67,59,65,67,Rare
1938,HG,Homestead Grays,0.75,Roy Partlow,SP,0.0,87,80,43,49,69,58,Rare
1938,NYA,New York Yankees,0.651,Red Ruffing,SP,5.3,87,71,58,68,69,66,Rare
1938,NYA,New York Yankees,0.651,Lefty Gomez,SP,4.6,84,74,46,72,65,64,Rare
1938,NYA,New York Yankees,0.651,Bump Hadley,SP,2.7,96,51,48,62,82,56,Rare
1938,KCM,Kansas City Monarchs,0.627,Hilton Smith,SP,0.0,98,106,110,54,84,89,Legendary
1938,KCM,Kansas City Monarchs,0.627,Vet Barnes,SP,0.0,89,125,88,44,72,84,Epic
1938,KCM,Kansas City Monarchs,0.627,Floyd Kranson,SP,0.0,76,62,80,56,55,65,Rare
1938,PS,Philadelphia Stars,0.6,Henry Miller,SP,0.5,84,76,39,46,66,55,Rare
1938,PS,Philadelphia Stars,0.6,Henry McHenry,SP,0.0,91,73,51,52,75,60,Rare
1938,PS,Philadelphia Stars,0.6,Webster McDonald,SP,0.0,82,54,57,47,62,54,Uncommon
1938,MRS,Memphis Red Sox,0.596,Eugene Bremer,SP,0.5,82,94,114,86,62,94,Legendary
1938,MRS,Memphis Red Sox,0.596,Willie Jefferson,SP,0.0,108,78,94,48,98,76,Epic
1938,MRS,Memphis Red Sox,0.596,Porter Moss,SP,0.0,79,89,45,52,59,62,Rare
1938,BOS,Boston Red Sox,0.591,Lefty Grove,SP,5.1,86,83,61,81,68,74,Epic
1938,BOS,Boston Red Sox,0.591,Jim Bagby,SP,3.1,87,52,43,59,69,53,Uncommon
1938,BOS,Boston Red Sox,0.591,Jack Wilson,SP,3.0,83,68,41,55,64,56,Rare
1938,CHN,Chicago Cubs,0.586,Bill Lee,SP,8.0,86,58,76,72,68,69,Rare
1938,CHN,Chicago Cubs,0.586,Clay Bryant,SP,5.1,92,69,42,67,76,61,Rare
1938,CHN,Chicago Cubs,0.586,Charlie Root,RP,3.3,45,61,91,67,35,69,Rare
1938,PIT,Pittsburgh Pirates,0.573,Russ Bauers,SP,3.0,82,67,47,66,63,60,Rare
1938,PIT,Pittsburgh Pirates,0.573,Bob Klinger,SP,2.4,84,51,74,64,66,63,Rare
1938,PIT,Pittsburgh Pirates,0.573,Jim Tobin,SP,2.3,83,39,72,53,64,56,Rare
1938,CLE,Cleveland Indians,0.566,Mel Harder,SP,5.2,88,59,75,59,71,65,Rare
1938,CLE,Cleveland Indians,0.566,Bob Feller,SP,5.1,85,117,17,57,67,64,Rare
1938,CLE,Cleveland Indians,0.566,Johnny Allen,SP,2.7,84,77,47,53,65,60,Rare
1938,NY1,New York Giants,0.553,Carl Hubbell,SP,3.5,88,80,92,59,70,76,Epic
1938,NY1,New York Giants,0.553,Jumbo Brown,RP,2.6,42,65,63,107,31,74,Epic
1938,NY1,New York Giants,0.553,Hal Schumacher,SP,2.3,80,39,72,53,60,55,Rare
1938,CIN,Cincinnati Reds,0.547,Paul Derringer,SP,5.4,88,60,98,62,71,73,Epic
1938,CIN,Cincinnati Reds,0.547,Johnny Vander Meer,SP,3.4,85,76,42,59,67,60,Rare
1938,CIN,Cincinnati Reds,0.547,Bucky Walters,SP,1.1,84,52,45,43,65,48,Uncommon
1938,DET,Detroit Tigers,0.545,George Gill,SP,3.7,82,20,64,59,63,49,Uncommon
1938,DET,Detroit Tigers,0.545,Harry Eisenstat,RP,3.2,45,40,81,68,35,60,Rare
1938,DET,Detroit Tigers,0.545,Al Benton,SP,2.6,94,48,46,74,79,58,Rare
1938,PC,Pittsburgh Crawfords,0.521,Johnny Taylor,SP,0.0,88,93,47,51,71,64,Rare
1938,PC,Pittsburgh Crawfords,0.521,Barney Morris,SP,0.0,88,103,46,51,70,67,Rare
1938,PC,Pittsburgh Crawfords,0.521,Bill Harvey,SP,0.0,87,69,52,52,69,59,Rare
1938,BCA,Atlanta Black Crackers,0.519,Felix Evans,SP,1.5,120,82,50,54,116,67,Rare
1938,BCA,Atlanta Black Crackers,0.519,Red Howard,SP,0.9,78,70,46,66,58,60,Rare
1938,BCA,Atlanta Black Crackers,0.519,Eddie Dixon,RP,0.0,45,77,85,51,35,67,Rare
1938,BSN,Boston Bees,0.507,Danny MacFayden,SP,3.4,84,34,67,62,66,55,Rare
1938,BSN,Boston Bees,0.507,Lou Fette,SP,3.3,84,48,59,54,66,55,Rare
1938,BSN,Boston Bees,0.507,Ira Hutchinson,RP,1.9,45,32,47,68,35,48,Uncommon
1938,WS1,Washington Senators,0.497,Dutch Leonard,SP,3.4,83,41,80,66,64,62,Rare
1938,WS1,Washington Senators,0.497,Joe Krakauskas,RP,1.8,45,116,19,76,35,67,Rare
1938,WS1,Washington Senators,0.497,Pete Appleton,RP,1.1,45,53,50,47,35,48,Uncommon
1938,CAG,Chicago American Giants,0.492,Willie Cornelius,SP,0.0,111,103,67,55,101,78,Epic
1938,CAG,Chicago American Giants,0.492,Tommy Johnson,SP,0.0,90,50,57,55,73,56,Rare
1938,CAG,Chicago American Giants,0.492,Ted Trent,SP,0.0,77,93,89,50,56,75,Epic
1938,JRC,Jacksonville Red Caps,0.478,Preacher Henry,SP,0.0,94,71,50,49,78,59,Rare
1938,JRC,Jacksonville Red Caps,0.478,Willie Ferrell,SP,0.0,112,49,45,52,102,54,Uncommon
1938,JRC,Jacksonville Red Caps,0.478,Alphonso Cox,SP,0.0,82,102,25,59,63,62,Rare
1938,BEG,Baltimore Elite Giants,0.477,Bill Byrd,SP,0.0,94,51,76,52,78,62,Rare
1938,BEG,Baltimore Elite Giants,0.477,Bob Griffith,SP,0.0,88,61,87,50,70,66,Rare
1938,BEG,Baltimore Elite Giants,0.477,Andy Porter,SP,0.0,89,77,64,56,72,66,Rare
1938,SLN,St. Louis Cardinals,0.47,Bill McGee,SP,3.6,90,67,51,67,73,63,Rare
1938,SLN,St. Louis Cardinals,0.47,Curt Davis,SP,2.6,88,25,99,54,71,61,Rare
1938,SLN,St. Louis Cardinals,0.47,Bob Weiland,SP,2.2,86,71,67,54,68,64,Rare
1938,BRO,Brooklyn Dodgers,0.463,Freddie Fitzsimmons,SP,4.5,86,21,86,67,68,59,Rare
1938,BRO,Brooklyn Dodgers,0.463,Luke Hamlin,SP,3.8,86,57,71,53,68,61,Rare
1938,BRO,Brooklyn Dodgers,0.463,Tot Pressnell,SP,3.4,97,40,67,55,83,57,Rare
1938,AB3,Indianapolis ABCs,0.447,Jimmie Armstead,RP,0.0,45,121,90,95,35,95,Legendary
1938,AB3,Indianapolis ABCs,0.447,Frank McAllister,SP,0.0,82,125,45,50,63,72,Epic
1938,AB3,Indianapolis ABCs,0.447,Lefty Calhoun,SP,0.0,89,116,74,59,72,82,Epic
1938,NE,Newark Eagles,0.442,Terris McDuffie,SP,1.1,100,73,59,51,86,63,Rare
1938,NE,Newark Eagles,0.442,Bob Evans,SP,0.0,86,61,51,45,68,54,Uncommon
1938,NE,Newark Eagles,0.442,Johnny Wright,SP,0.0,91,67,30,54,75,53,Uncommon
1938,CHA,Chicago White Sox,0.439,Thornton Lee,SP,5.5,88,43,49,71,70,56,Rare
1938,CHA,Chicago White Sox,0.439,Ted Lyons,SP,4.6,89,37,73,66,72,60,Rare
1938,CHA,Chicago White Sox,0.439,Johnny Rigney,RP,4.6,45,69,44,67,35,58,Rare
1938,SLA,St. Louis Browns,0.362,Bobo Newsom,SP,4.8,88,94,31,46,71,58,Rare
1938,SLA,St. Louis Browns,0.362,Howard Mills,SP,2.5,86,87,34,45,68,57,Rare
1938,SLA,St. Louis Browns,0.362,Oral Hildebrand,SP,2.2,82,57,43,39,63,48,Uncommon
1938,PHA,Philadelphia Athletics,0.349,George Caster,SP,5.0,82,56,46,52,63,52,Uncommon
1938,PHA,Philadelphia Athletics,0.349,Bud Thomas,SP,2.0,83,28,67,44,64,48,Uncommon
1938,PHA,Philadelphia Athletics,0.349,Buck Ross,SP,0.8,79,39,44,39,59,42,Common
1938,PHI,Philadelphia Phillies,0.3,Al Hollingsworth,SP,2.2,88,62,45,42,71,52,Uncommon
1938,PHI,Philadelphia Phillies,0.3,Hugh Mulcahy,SP,1.5,86,47,43,42,68,46,Uncommon
1938,PHI,Philadelphia Phillies,0.3,Claude Passeau,SP,1.4,83,58,48,46,64,52,Uncommon
1938,NBY,New York Black Yankees,0.289,Barney Brown,SP,0.0,100,84,80,50,87,73,Epic
1938,NBY,New York Black Yankees,0.289,Bill Holland,SP,0.0,95,84,86,50,80,74,Epic
1938,NBY,New York Black Yankees,0.289,Neck Stanley,SP,0.0,70,74,24,47,46,48,Uncommon
1938,BBB,Birmingham Black Barons,0.25,Cliff Blackmon,SP,0.0,102,75,33,54,89,57,Rare
1938,BBB,Birmingham Black Barons,0.25,Dick Burton,SP,0.0,83,58,52,54,64,56,Rare
1938,BBB,Birmingham Black Barons,0.25,Elbert Eatmon,SP,0.0,81,57,33,59,61,51,Uncommon
1938,SEN,Washington Black Senators,0.095,Specs Roberts,SP,0.0,90,69,51,49,73,58,Rare
1938,SEN,Washington Black Senators,0.095,Harry Kincannon,RP,0.0,45,62,31,59,35,49,Uncommon
1938,SEN,Washington Black Senators,0.095,Laymon Yokely,SP,0.0,68,65,36,49,44,49,Uncommon
1939,NYA,New York Yankees,0.702,Red Ruffing,SP,4.4,88,57,61,74,71,65,Rare
1939,NYA,New York Yankees,0.702,Lefty Gomez,SP,3.0,84,71,45,64,66,61,Rare
1939,NYA,New York Yankees,0.702,Marius Russo,SP,3.0,100,66,53,92,86,72,Epic
1939,HG,Homestead Grays,0.64,Willie Ferrell,SP,0.4,104,56,47,55,92,57,Rare
1939,HG,Homestead Grays,0.64,Edsall Walker,SP,0.0,87,76,55,51,69,61,Rare
1939,HG,Homestead Grays,0.64,Ray Brown,SP,0.0,89,29,72,56,72,54,Uncommon
1939,KCM,Kansas City Monarchs,0.633,Hilton Smith,SP,0.0,90,108,93,57,74,85,Legendary
1939,KCM,Kansas City Monarchs,0.633,George Walker,RP,0.0,45,94,83,50,35,72,Epic
1939,KCM,Kansas City Monarchs,0.633,Frank Bradley,SP,0.0,102,100,70,57,90,77,Epic
1939,CIN,Cincinnati Reds,0.63,Bucky Walters,SP,8.2,91,60,56,86,75,68,Rare
1939,CIN,Cincinnati Reds,0.63,Paul Derringer,SP,4.6,90,59,108,67,73,77,Epic
1939,CIN,Cincinnati Reds,0.63,Gene Thompson,RP,3.1,45,78,51,79,35,66,Rare
1939,SLN,St. Louis Cardinals,0.601,Bob Bowman,RP,5.2,45,64,53,80,35,63,Rare
1939,SLN,St. Louis Cardinals,0.601,Mort Cooper,SP,3.2,88,85,42,68,70,66,Rare
1939,SLN,St. Louis Cardinals,0.601,Bill McGee,RP,2.7,45,51,49,51,35,49,Uncommon
1939,BOS,Boston Red Sox,0.589,Lefty Grove,SP,7.1,88,59,65,95,71,73,Epic
1939,BOS,Boston Red Sox,0.589,Fritz Ostermueller,SP,2.5,87,54,51,58,69,56,Rare
1939,BOS,Boston Red Sox,0.589,Denny Galehouse,SP,1.8,88,64,53,53,70,58,Rare
1939,NE,Newark Eagles,0.583,Leon Day,SP,0.0,88,79,46,48,70,59,Rare
1939,NE,Newark Eagles,0.583,Jimmy Hill,SP,0.0,93,93,39,51,77,63,Rare
1939,NE,Newark Eagles,0.583,James Brown,SP,0.0,78,68,38,50,58,53,Uncommon
1939,CLE,Cleveland Indians,0.565,Bob Feller,SP,9.2,89,112,40,79,72,76,Epic
1939,CLE,Cleveland Indians,0.565,Mel Harder,SP,4.6,87,44,64,61,69,58,Rare
1939,CLE,Cleveland Indians,0.565,Al Milnar,SP,4.1,87,51,41,58,69,52,Uncommon
1939,CHA,Chicago White Sox,0.552,Johnny Rigney,SP,4.5,84,75,49,65,66,63,Rare
1939,CHA,Chicago White Sox,0.552,Ted Lyons,SP,4.4,88,53,100,89,71,80,Epic
1939,CHA,Chicago White Sox,0.552,Eddie Smith,SP,4.3,88,54,38,44,70,48,Uncommon
1939,BRO,Brooklyn Dodgers,0.549,Hugh Casey,SP,5.2,92,49,80,70,76,67,Rare
1939,BRO,Brooklyn Dodgers,0.549,Luke Hamlin,SP,4.8,84,45,88,52,66,62,Rare
1939,BRO,Brooklyn Dodgers,0.549,Whit Wyatt,SP,3.4,86,66,52,94,68,70,Epic
1939,CHN,Chicago Cubs,0.545,Claude Passeau,SP,6.0,86,69,73,59,68,67,Rare
1939,CHN,Chicago Cubs,0.545,Bill Lee,SP,5.1,86,52,65,56,68,59,Rare
1939,CHN,Chicago Cubs,0.545,Larry French,SP,4.7,93,70,75,62,77,70,Epic
1939,DET,Detroit Tigers,0.526,Bobo Newsom,SP,8.2,86,90,44,61,68,65,Rare
1939,DET,Detroit Tigers,0.526,Tommy Bridges,SP,4.8,84,89,64,70,66,74,Epic
1939,DET,Detroit Tigers,0.526,Dizzy Trout,SP,2.8,84,62,42,71,65,59,Rare
1939,NY1,New York Giants,0.51,Carl Hubbell,SP,3.1,90,56,99,71,73,75,Epic
1939,NY1,New York Giants,0.51,Cliff Melton,SP,2.8,92,64,62,58,76,63,Rare
1939,NY1,New York Giants,0.51,Bill Lohrman,SP,1.6,85,53,79,46,67,60,Rare
1939,CAG,Chicago American Giants,0.508,Willie Cornelius,SP,0.0,96,66,70,55,82,66,Rare
1939,CAG,Chicago American Giants,0.508,Jesse Houston,SP,0.0,85,65,40,52,67,54,Uncommon
1939,CAG,Chicago American Giants,0.508,Tommy Johnson,RP,0.0,45,51,47,52,35,48,Uncommon
1939,PS,Philadelphia Stars,0.508,Henry McHenry,SP,0.0,111,54,51,46,101,55,Rare
1939,PS,Philadelphia Stars,0.508,Jim Missouri,SP,0.0,84,65,45,45,65,53,Uncommon
1939,PS,Philadelphia Stars,0.508,Sam Thompson,SP,0.0,90,75,43,48,73,57,Rare
1939,CBR,Cleveland Bears,0.488,Preacher Henry,SP,0.0,88,69,34,57,71,55,Rare
1939,CBR,Cleveland Bears,0.488,Smoky Owens,SP,0.0,88,41,76,53,71,58,Rare
1939,CBR,Cleveland Bears,0.488,Alonzo Mitchell,RP,0.0,45,59,50,59,35,54,Uncommon
1939,BEG,Baltimore Elite Giants,0.468,Willie Hubert,SP,1.7,94,62,43,116,78,74,Epic
1939,BEG,Baltimore Elite Giants,0.468,Bill Byrd,SP,0.0,96,63,101,53,82,73,Epic
1939,BEG,Baltimore Elite Giants,0.468,Jonas Gaines,SP,0.0,85,60,70,59,67,63,Rare
1939,NBY,New York Black Yankees,0.465,Neck Stanley,SP,0.0,84,84,61,49,66,65,Rare
1939,NBY,New York Black Yankees,0.465,Terris McDuffie,SP,0.0,87,73,70,47,69,64,Rare
1939,NBY,New York Black Yankees,0.465,Bill Holland,SP,0.0,94,46,86,43,79,60,Rare
1939,SL3,St. Louis Stars,0.465,Theolic Smith,SP,0.0,85,74,61,56,67,64,Rare
1939,SL3,St. Louis Stars,0.465,Lefty Calhoun,SP,0.0,102,56,52,56,90,58,Rare
1939,SL3,St. Louis Stars,0.465,Frank McAllister,SP,0.0,84,75,48,52,66,59,Rare
1939,MRS,Memphis Red Sox,0.453,Ted Radcliffe,SP,0.0,114,105,103,54,106,89,Legendary
1939,MRS,Memphis Red Sox,0.453,Roosevelt Davis,SP,0.0,87,69,111,50,69,76,Epic
1939,MRS,Memphis Red Sox,0.453,Eugene Bremer,SP,0.0,94,49,61,54,78,57,Rare
1939,PIT,Pittsburgh Pirates,0.444,Mace Brown,SP,3.0,100,50,75,59,86,64,Rare
1939,PIT,Pittsburgh Pirates,0.444,Bill Swift,RP,1.6,45,60,85,50,35,62,Rare
1939,PIT,Pittsburgh Pirates,0.444,Bob Klinger,SP,1.4,81,38,52,44,61,46,Uncommon
1939,TC,Toledo Crawfords,0.444,Johnny Wright,SP,0.3,85,58,69,61,67,63,Rare
1939,TC,Toledo Crawfords,0.444,Spoon Carter,SP,-0.6,83,76,36,32,64,50,Uncommon
1939,TC,Toledo Crawfords,0.444,Harry Kincannon,SP,-0.7,82,68,54,10,63,46,Uncommon
1939,WS1,Washington Senators,0.428,Dutch Leonard,SP,4.8,87,45,84,60,69,64,Rare
1939,WS1,Washington Senators,0.428,Ken Chase,SP,2.8,84,70,39,58,66,57,Rare
1939,WS1,Washington Senators,0.428,Joe Krakauskas,SP,1.4,84,70,36,46,66,52,Uncommon
1939,BSN,Boston Bees,0.417,Johnny Lanning,RP,1.8,45,49,46,54,35,48,Uncommon
1939,BSN,Boston Bees,0.417,Milt Shoffner,SP,1.7,108,47,63,60,97,61,Rare
1939,BSN,Boston Bees,0.417,Lou Fette,SP,1.4,75,30,46,63,53,47,Uncommon
1939,TC2,Toledo Crawfords,0.4,Jimmy Johnson,SP,1.4,84,91,52,92,65,77,Epic
1939,TC2,Toledo Crawfords,0.4,Bill Harvey,SP,0.8,96,64,53,77,81,66,Rare
1939,TC2,Toledo Crawfords,0.4,Johnny Taylor,RP,0.0,45,19,53,59,35,43,Common
1939,PHA,Philadelphia Athletics,0.362,Lynn Nelson,SP,3.2,88,53,60,42,71,54,Uncommon
1939,PHA,Philadelphia Athletics,0.362,George Caster,SP,1.9,87,60,58,42,69,55,Rare
1939,PHA,Philadelphia Athletics,0.362,Bill Beckmann,SP,0.8,88,11,74,40,70,44,Common
1939,PHI,Philadelphia Phillies,0.298,Syl Johnson,SP,1.7,87,46,103,48,69,66,Rare
1939,PHI,Philadelphia Phillies,0.298,Boom-Boom Beck,SP,1.1,104,59,54,41,92,55,Rare
1939,PHI,Philadelphia Phillies,0.298,Kirby Higbe,SP,0.9,84,63,31,52,66,50,Uncommon
1939,SLA,St. Louis Browns,0.279,Roxie Lawson,RP,2.1,45,39,34,47,35,40,Common
1939,SLA,St. Louis Browns,0.279,Bob Harris,SP,1.8,89,55,34,51,72,49,Uncommon
1939,SLA,St. Louis Browns,0.279,Jack Kramer,SP,1.8,81,44,30,39,61,40,Common
1939,NYC,New York Cubans,0.226,Silvino Ruíz,SP,0.0,86,57,52,47,68,54,Uncommon
1939,NYC,New York Cubans,0.226,Luis Tiant,SP,0.0,85,124,59,51,67,77,Epic
1939,NYC,New York Cubans,0.226,Armando Torres,SP,0.0,84,78,33,53,66,56,Rare
1939,IAB,Indianapolis ABCs/Atlanta Black Crackers,0.125,Eddie Dixon,SP,0.0,98,66,56,50,84,60,Rare
1939,IAB,Indianapolis ABCs/Atlanta Black Crackers,0.125,Felix Evans,SP,0.0,112,71,44,54,103,61,Rare
1939,IAB,Indianapolis ABCs/Atlanta Black Crackers,0.125,Tee Mitchell,SP,0.0,88,51,40,49,71,49,Uncommon
1940,KCM,Kansas City Monarchs,0.745,Jack Matchett,SP,0.0,90,96,73,55,73,74,Epic
1940,KCM,Kansas City Monarchs,0.745,Hilton Smith,SP,0.0,93,125,81,56,77,86,Legendary
1940,KCM,Kansas City Monarchs,0.745,Frank Bradley,SP,0.0,94,125,52,50,78,76,Epic
1940,HG,Homestead Grays,0.683,Ray Brown,SP,0.0,93,63,72,58,77,66,Rare
1940,HG,Homestead Grays,0.683,Edsall Walker,SP,0.0,84,81,41,53,66,59,Rare
1940,HG,Homestead Grays,0.683,J. C. Hamilton,SP,0.0,81,72,67,49,61,62,Rare
1940,CIN,Cincinnati Reds,0.654,Bucky Walters,SP,6.5,89,53,65,77,72,66,Rare
1940,CIN,Cincinnati Reds,0.654,Paul Derringer,SP,3.8,87,54,97,62,69,71,Epic
1940,CIN,Cincinnati Reds,0.654,Joe Beggs,RP,3.0,42,45,71,104,31,69,Rare
1940,BEG,Baltimore Elite Giants,0.641,Bud Barbee,SP,0.2,80,77,21,45,60,49,Uncommon
1940,BEG,Baltimore Elite Giants,0.641,Emery Adams,SP,0.0,92,72,50,47,76,58,Rare
1940,BEG,Baltimore Elite Giants,0.641,Willie Hubert,SP,0.0,88,76,38,47,70,55,Rare
1940,NE,Newark Eagles,0.61,Spoon Carter,RP,1.0,45,96,50,109,35,80,Epic
1940,NE,Newark Eagles,0.61,Max Manning,SP,0.0,93,85,42,54,77,62,Rare
1940,NE,Newark Eagles,0.61,Jimmy Hill,SP,0.0,93,96,30,49,77,60,Rare
1940,DET,Detroit Tigers,0.584,Bobo Newsom,SP,7.4,85,85,49,83,67,72,Epic
1940,DET,Detroit Tigers,0.584,Tommy Bridges,SP,5.0,82,92,43,71,63,68,Rare
1940,DET,Detroit Tigers,0.584,Schoolboy Rowe,SP,5.0,84,51,76,66,65,64,Rare
1940,CLE,Cleveland Indians,0.578,Bob Feller,SP,9.9,90,111,50,84,73,81,Epic
1940,CLE,Cleveland Indians,0.578,Al Smith,SP,3.0,85,32,65,61,67,54,Uncommon
1940,CLE,Cleveland Indians,0.578,Al Milnar,SP,2.6,84,57,46,65,65,57,Rare
1940,BRO,Brooklyn Dodgers,0.575,Whit Wyatt,SP,4.6,82,71,75,56,63,67,Rare
1940,BRO,Brooklyn Dodgers,0.575,Freddie Fitzsimmons,SP,4.4,84,34,92,75,65,67,Rare
1940,BRO,Brooklyn Dodgers,0.575,Vito Tamulis,RP,4.0,45,50,84,69,35,64,Rare
1940,NYA,New York Yankees,0.571,Tiny Bonham,SP,3.2,88,52,104,110,71,87,Legendary
1940,NYA,New York Yankees,0.571,Red Ruffing,SP,3.0,84,60,57,56,66,58,Rare
1940,NYA,New York Yankees,0.571,Marius Russo,SP,2.7,86,64,68,59,68,64,Rare
1940,SLN,St. Louis Cardinals,0.549,Lon Warneke,SP,4.0,84,51,88,62,66,67,Rare
1940,SLN,St. Louis Cardinals,0.549,Mort Cooper,SP,4.0,87,57,50,54,69,55,Rare
1940,SLN,St. Louis Cardinals,0.549,Clyde Shoun,RP,2.6,45,58,81,49,35,60,Rare
1940,MRS,Memphis Red Sox,0.544,Lefty Wilson,SP,0.9,80,76,65,62,60,67,Rare
1940,MRS,Memphis Red Sox,0.544,Roosevelt Davis,SP,0.4,95,85,63,119,80,88,Legendary
1940,MRS,Memphis Red Sox,0.544,Eugene Bremer,SP,0.0,98,74,73,57,84,70,Epic
1940,BOS,Boston Red Sox,0.532,Lefty Grove,SP,2.9,83,56,59,50,64,56,Rare
1940,BOS,Boston Red Sox,0.532,Joe Heving,RP,1.9,45,64,53,55,35,55,Rare
1940,BOS,Boston Red Sox,0.532,Jim Bagby,SP,1.7,90,43,42,45,74,46,Uncommon
1940,CHA,Chicago White Sox,0.532,Johnny Rigney,SP,6.7,89,69,61,70,72,67,Rare
1940,CHA,Chicago White Sox,0.532,Thornton Lee,SP,3.9,89,53,78,64,72,66,Rare
1940,CHA,Chicago White Sox,0.532,Eddie Smith,SP,3.4,84,79,42,68,65,63,Rare
1940,PIT,Pittsburgh Pirates,0.506,Rip Sewell,SP,4.5,88,43,53,72,71,57,Rare
1940,PIT,Pittsburgh Pirates,0.506,Mace Brown,RP,2.3,45,59,69,58,35,59,Rare
1940,PIT,Pittsburgh Pirates,0.506,Ken Heintzelman,SP,1.3,99,60,48,43,85,54,Uncommon
1940,CBR,Cleveland Bears,0.5,Preacher Henry,SP,0.0,82,93,41,55,63,63,Rare
1940,CBR,Cleveland Bears,0.5,Andy Sarvis,SP,0.0,96,83,98,54,82,79,Epic
1940,CBR,Cleveland Bears,0.5,Ted Alexander,SP,0.0,88,82,35,59,71,60,Rare
1940,SNS,St. Louis-New Orleans Stars,0.49,Eugene Smith,SP,0.0,87,93,39,55,69,63,Rare
1940,SNS,St. Louis-New Orleans Stars,0.49,Lefty Calhoun,RP,0.0,45,80,87,55,35,70,Epic
1940,SNS,St. Louis-New Orleans Stars,0.49,Frank McAllister,SP,0.0,77,91,36,50,56,59,Rare
1940,CHN,Chicago Cubs,0.487,Claude Passeau,SP,6.8,92,61,86,79,76,75,Epic
1940,CHN,Chicago Cubs,0.487,Larry French,SP,4.9,84,61,75,57,65,64,Rare
1940,CHN,Chicago Cubs,0.487,Vern Olsen,SP,3.8,90,57,52,67,73,60,Rare
1940,NY1,New York Giants,0.474,Hal Schumacher,SP,3.8,84,75,45,59,66,60,Rare
1940,NY1,New York Giants,0.474,Harry Gumbert,SP,2.3,86,45,56,50,68,52,Uncommon
1940,NY1,New York Giants,0.474,Carl Hubbell,SP,2.2,87,56,71,49,69,60,Rare
1940,CAG,Chicago American Giants,0.458,Lefty Bowe,SP,0.0,81,103,40,49,61,64,Rare
1940,CAG,Chicago American Giants,0.458,Wadel Miller,SP,0.0,86,51,51,51,68,53,Uncommon
1940,CAG,Chicago American Giants,0.458,Willie Hudson,SP,0.0,98,55,33,59,84,52,Uncommon
1940,SLA,St. Louis Browns,0.435,Elden Auker,SP,4.4,84,40,51,57,66,51,Uncommon
1940,SLA,St. Louis Browns,0.435,Johnny Niggeling,SP,2.2,85,74,43,51,67,57,Rare
1940,SLA,St. Louis Browns,0.435,Bob Harris,SP,1.4,82,32,44,41,62,41,Common
1940,BSN,Boston Bees,0.428,Dick Errickson,SP,4.1,88,14,49,61,70,44,Common
1940,BSN,Boston Bees,0.428,Manny Salvo,SP,2.2,87,52,73,59,69,62,Rare
1940,BSN,Boston Bees,0.428,Jim Tobin,SP,1.0,90,41,77,45,74,56,Rare
1940,WS1,Washington Senators,0.416,Dutch Leonard,SP,5.1,88,60,72,59,71,64,Rare
1940,WS1,Washington Senators,0.416,Ken Chase,SP,4.7,85,68,34,65,67,57,Rare
1940,WS1,Washington Senators,0.416,Sid Hudson,SP,1.1,88,53,61,43,70,54,Uncommon
1940,PS,Philadelphia Stars,0.362,Henry McHenry,SP,0.0,90,79,74,50,74,68,Rare
1940,PS,Philadelphia Stars,0.362,Ches Buchanan,SP,0.0,88,44,54,49,71,51,Uncommon
1940,PS,Philadelphia Stars,0.362,Sam Thompson,SP,0.0,89,72,53,47,72,59,Rare
1940,BBB,Birmingham Black Barons,0.356,Red Howard,RP,0.0,45,68,51,59,35,57,Rare
1940,BBB,Birmingham Black Barons,0.356,Blanch Moody,SP,0.0,78,55,85,55,58,64,Rare
1940,BBB,Birmingham Black Barons,0.356,Dan Bankhead,SP,0.0,84,70,74,55,66,66,Rare
1940,PHA,Philadelphia Athletics,0.351,Johnny Babich,SP,4.8,85,57,54,58,67,57,Rare
1940,PHA,Philadelphia Athletics,0.351,Nels Potter,SP,2.6,87,51,53,47,69,52,Uncommon
1940,PHA,Philadelphia Athletics,0.351,Bill Beckmann,RP,1.8,45,52,71,51,35,56,Rare
1940,PHI,Philadelphia Phillies,0.327,Kirby Higbe,SP,4.4,86,67,45,53,68,56,Rare
1940,PHI,Philadelphia Phillies,0.327,Hugh Mulcahy,SP,2.6,86,39,60,55,68,53,Uncommon
1940,PHI,Philadelphia Phillies,0.327,Boom-Boom Beck,SP,0.8,90,39,62,41,73,50,Uncommon
1940,NBY,New York Black Yankees,0.321,Neck Stanley,SP,0.0,88,58,39,48,70,50,Uncommon
1940,NBY,New York Black Yankees,0.321,Roy K. Williams,SP,0.0,84,79,35,46,66,55,Rare
1940,NBY,New York Black Yankees,0.321,Bob Evans,SP,0.0,83,69,59,45,64,58,Rare
1940,TIC,Toledo-Indianapolis Crawfords,0.3,Johnny Wright,SP,0.0,84,76,91,59,66,74,Epic
1940,TIC,Toledo-Indianapolis Crawfords,0.3,Connie Johnson,SP,0.0,79,79,42,45,59,56,Rare
1940,TIC,Toledo-Indianapolis Crawfords,0.3,Jimmy Johnson,SP,0.0,97,109,30,59,83,68,Rare
1940,NYC,New York Cubans,0.286,Johnny Taylor,SP,0.6,90,94,39,46,73,61,Rare
1940,NYC,New York Cubans,0.286,Silvino Ruíz,SP,0.0,91,51,50,54,75,54,Uncommon
1940,NYC,New York Cubans,0.286,José Figueroa,SP,0.0,89,56,47,46,72,52,Uncommon
1941,KCM,Kansas City Monarchs,0.709,Satchel Paige,SP,2.0,74,116,110,110,52,106,Legendary
1941,KCM,Kansas City Monarchs,0.709,Hilton Smith,SP,0.0,105,99,107,55,93,88,Legendary
1941,KCM,Kansas City Monarchs,0.709,Frank Bradley,SP,0.0,92,102,69,56,76,76,Epic
1941,BEG,Baltimore Elite Giants,0.659,Roy K. Williams,SP,0.0,94,69,51,48,78,58,Rare
1941,BEG,Baltimore Elite Giants,0.659,Bill Byrd,SP,0.0,89,84,93,55,72,77,Epic
1941,BEG,Baltimore Elite Giants,0.659,Emery Adams,SP,0.0,80,48,44,49,60,48,Uncommon
1941,NYA,New York Yankees,0.656,Marius Russo,SP,2.8,85,69,46,66,67,61,Rare
1941,NYA,New York Yankees,0.656,Tiny Bonham,SP,2.8,92,47,78,63,76,64,Rare
1941,NYA,New York Yankees,0.656,Johnny Murphy,RP,2.8,43,53,37,109,32,63,Rare
1941,BRO,Brooklyn Dodgers,0.649,Whit Wyatt,SP,6.7,88,84,69,83,71,78,Epic
1941,BRO,Brooklyn Dodgers,0.649,Kirby Higbe,SP,3.2,85,57,43,59,67,54,Uncommon
1941,BRO,Brooklyn Dodgers,0.649,Curt Davis,SP,2.5,95,45,94,65,80,69,Rare
1941,SLN,St. Louis Cardinals,0.634,Ernie White,SP,5.4,89,77,58,79,72,71,Epic
1941,SLN,St. Louis Cardinals,0.634,Lon Warneke,SP,3.4,88,47,58,58,70,56,Rare
1941,SLN,St. Louis Cardinals,0.634,Max Lanier,SP,3.3,89,83,48,72,72,68,Rare
1941,BBB,Birmingham Black Barons,0.6,Dan Bankhead,SP,0.0,96,75,78,56,82,71,Epic
1941,BBB,Birmingham Black Barons,0.6,Alvin Gipson,SP,0.0,82,77,46,55,62,60,Rare
1941,BBB,Birmingham Black Barons,0.6,Johnny Markham,SP,0.0,92,91,109,59,76,85,Legendary
1941,HG,Homestead Grays,0.591,Terris McDuffie,SP,0.0,88,85,77,59,71,73,Epic
1941,HG,Homestead Grays,0.591,Ray Brown,SP,0.0,96,75,67,56,82,68,Rare
1941,HG,Homestead Grays,0.591,Johnny Wright,SP,0.0,102,72,52,48,90,61,Rare
1941,NE,Newark Eagles,0.583,Max Manning,SP,0.0,90,96,66,49,74,71,Epic
1941,NE,Newark Eagles,0.583,Jimmy Hill,SP,0.0,91,96,35,50,75,62,Rare
1941,NE,Newark Eagles,0.583,Fred Hobgood,SP,0.0,90,60,60,52,73,59,Rare
1941,CIN,Cincinnati Reds,0.571,Bucky Walters,SP,6.6,90,60,67,67,73,65,Rare
1941,CIN,Cincinnati Reds,0.571,Elmer Riddle,SP,5.9,96,52,72,84,82,71,Epic
1941,CIN,Cincinnati Reds,0.571,Johnny Vander Meer,SP,4.2,82,121,34,67,63,73,Epic
1941,BOS,Boston Red Sox,0.545,Charlie Wagner,SP,4.2,84,36,42,66,66,50,Uncommon
1941,BOS,Boston Red Sox,0.545,Mickey Harris,SP,3.5,91,79,43,68,75,64,Rare
1941,BOS,Boston Red Sox,0.545,Joe Dobson,SP,1.3,84,71,39,45,65,53,Uncommon
1941,PIT,Pittsburgh Pirates,0.526,Max Butcher,SP,3.3,84,33,70,60,65,55,Rare
1941,PIT,Pittsburgh Pirates,0.526,Lloyd Dietz,RP,3.0,45,27,59,78,35,53,Uncommon
1941,PIT,Pittsburgh Pirates,0.526,Johnny Lanning,SP,2.8,85,29,73,61,67,56,Rare
1941,MRS,Memphis Red Sox,0.509,Verdell Mathis,SP,0.6,89,97,80,56,72,77,Epic
1941,MRS,Memphis Red Sox,0.509,Porter Moss,SP,0.0,84,88,56,49,66,64,Rare
1941,MRS,Memphis Red Sox,0.509,Willie Hutchinson,SP,0.0,79,125,64,52,59,78,Epic
1941,CHA,Chicago White Sox,0.5,Thornton Lee,SP,8.6,91,60,64,87,75,71,Epic
1941,CHA,Chicago White Sox,0.5,Eddie Smith,SP,5.3,87,59,44,65,69,57,Rare
1941,CHA,Chicago White Sox,0.5,Johnny Rigney,SP,2.8,88,69,48,51,70,57,Rare
1941,CLE,Cleveland Indians,0.487,Bob Feller,SP,8.2,90,103,33,64,73,67,Rare
1941,CLE,Cleveland Indians,0.487,Joe Heving,RP,2.8,45,33,44,91,35,54,Uncommon
1941,CLE,Cleveland Indians,0.487,Al Smith,SP,2.3,85,52,51,51,67,53,Uncommon
1941,DET,Detroit Tigers,0.487,Al Benton,RP,5.7,45,56,46,76,35,57,Rare
1941,DET,Detroit Tigers,0.487,Tommy Bridges,SP,3.7,80,84,41,65,60,63,Rare
1941,DET,Detroit Tigers,0.487,Bobo Newsom,SP,3.1,82,95,41,48,62,61,Rare
1941,NY1,New York Giants,0.484,Hal Schumacher,SP,4.0,87,42,49,55,69,51,Uncommon
1941,NY1,New York Giants,0.484,Cliff Melton,SP,3.9,91,71,62,60,75,65,Rare
1941,NY1,New York Giants,0.484,Carl Hubbell,SP,3.0,84,63,60,51,65,59,Rare
1941,NYC,New York Cubans,0.483,Dave Barnhill,SP,0.0,94,121,84,48,79,84,Epic
1941,NYC,New York Cubans,0.483,Bill Anderson,SP,0.0,87,44,48,47,69,49,Uncommon
1941,NYC,New York Cubans,0.483,Carrenza Howard,SP,0.0,91,50,31,40,75,44,Common
1941,CHN,Chicago Cubs,0.455,Claude Passeau,SP,3.8,85,48,83,53,67,62,Rare
1941,CHN,Chicago Cubs,0.455,Vern Olsen,SP,2.1,88,55,61,57,70,59,Rare
1941,CHN,Chicago Cubs,0.455,Jake Mooty,SP,1.6,102,39,50,52,89,51,Uncommon
1941,SLA,St. Louis Browns,0.455,Bob Muncrief,SP,4.6,91,43,78,57,75,61,Rare
1941,SLA,St. Louis Browns,0.455,Denny Galehouse,SP,3.9,87,44,52,59,69,53,Uncommon
1941,SLA,St. Louis Browns,0.455,Johnny Niggeling,SP,3.3,89,56,49,53,72,55,Rare
1941,WS1,Washington Senators,0.455,Dutch Leonard,SP,4.1,85,50,86,63,67,66,Rare
1941,WS1,Washington Senators,0.455,Sid Hudson,SP,3.0,84,60,48,59,66,57,Rare
1941,WS1,Washington Senators,0.455,Alex Carrasquel,RP,1.8,45,42,38,57,35,45,Uncommon
1941,SNS,St. Louis-New Orleans Stars,0.439,Eugene Smith,SP,0.0,86,124,49,49,68,73,Epic
1941,SNS,St. Louis-New Orleans Stars,0.439,Frank McAllister,SP,0.0,101,86,65,50,88,69,Rare
1941,SNS,St. Louis-New Orleans Stars,0.439,Lefty Calhoun,SP,0.0,91,72,36,52,75,56,Rare
1941,PHA,Philadelphia Athletics,0.416,Phil Marchildon,SP,3.4,84,51,32,57,66,49,Uncommon
1941,PHA,Philadelphia Athletics,0.416,Jack Knott,SP,1.6,84,37,46,44,65,45,Uncommon
1941,PHA,Philadelphia Athletics,0.416,Tom Ferrick,RP,1.6,45,32,71,55,35,51,Uncommon
1941,BSN,Boston Braves,0.403,Jim Tobin,SP,3.8,93,33,76,57,77,58,Rare
1941,BSN,Boston Braves,0.403,Tom Earley,RP,2.8,45,55,58,69,35,58,Rare
1941,BSN,Boston Braves,0.403,Art Johnson,SP,0.9,98,54,48,52,84,55,Rare
1941,NBY,New York Black Yankees,0.364,Neck Stanley,SP,0.0,82,41,53,49,63,49,Uncommon
1941,NBY,New York Black Yankees,0.364,Connie Rector,SP,0.0,84,65,49,57,66,58,Rare
1941,NBY,New York Black Yankees,0.364,Bob Evans,SP,0.0,96,58,50,50,82,56,Rare
1941,JRC,Jacksonville Red Caps,0.341,Preacher Henry,SP,0.0,88,73,50,59,70,62,Rare
1941,JRC,Jacksonville Red Caps,0.341,Andy Sarvis,SP,0.0,73,59,113,59,51,74,Epic
1941,JRC,Jacksonville Red Caps,0.341,Alex Broome,SP,0.0,78,121,26,42,57,62,Rare
1941,PS,Philadelphia Stars,0.302,Chet Brewer,SP,1.8,96,55,46,55,81,55,Rare
1941,PS,Philadelphia Stars,0.302,John Gibbons,RP,0.2,45,62,61,52,35,56,Rare
1941,PS,Philadelphia Stars,0.302,Edsall Walker,SP,0.0,85,70,48,42,67,55,Rare
1941,CAG,Chicago American Giants,0.3,Willie Cornelius,SP,0.0,81,47,50,53,61,51,Uncommon
1941,CAG,Chicago American Giants,0.3,Willie Ferrell,RP,0.0,45,59,73,59,35,61,Rare
1941,CAG,Chicago American Giants,0.3,Gentry Jessup,SP,0.0,77,89,20,59,56,56,Rare
1941,PHI,Philadelphia Phillies,0.279,Lee Grissom,SP,1.7,84,76,34,65,66,59,Rare
1941,PHI,Philadelphia Phillies,0.279,Johnny Podgajny,SP,1.6,84,39,48,40,66,45,Uncommon
1941,PHI,Philadelphia Phillies,0.279,Bill Crouch,RP,1.3,45,55,66,52,35,55,Rare
1942,KCM,Kansas City Monarchs,0.72,Norris Phillips,SP,0.2,85,84,45,113,67,79,Epic
1942,KCM,Kansas City Monarchs,0.72,Hilton Smith,SP,0.0,111,76,90,56,101,77,Epic
1942,KCM,Kansas City Monarchs,0.72,Satchel Paige,SP,0.0,80,100,91,59,60,81,Epic
1942,HG,Homestead Grays,0.697,Edsall Walker,SP,0.3,71,63,49,63,48,57,Rare
1942,HG,Homestead Grays,0.697,Ray Brown,SP,0.0,93,48,65,55,77,58,Rare
1942,HG,Homestead Grays,0.697,Roy Welmaker,SP,0.0,86,60,90,51,68,67,Rare
1942,SLN,St. Louis Cardinals,0.688,Mort Cooper,SP,8.2,88,65,86,103,71,83,Epic
1942,SLN,St. Louis Cardinals,0.688,Johnny Beazley,SP,4.3,96,48,66,88,81,69,Rare
1942,SLN,St. Louis Cardinals,0.688,Max Lanier,SP,4.0,89,69,59,64,72,65,Rare
1942,BRO,Brooklyn Dodgers,0.675,Larry French,RP,4.1,45,47,86,100,35,73,Epic
1942,BRO,Brooklyn Dodgers,0.675,Curt Davis,SP,3.4,88,28,85,73,71,63,Rare
1942,BRO,Brooklyn Dodgers,0.675,Max Macon,SP,2.6,102,33,55,91,89,63,Rare
1942,NYA,New York Yankees,0.669,Tiny Bonham,SP,4.0,90,32,115,80,74,76,Epic
1942,NYA,New York Yankees,0.669,Spud Chandler,SP,2.7,90,40,60,74,74,60,Rare
1942,NYA,New York Yankees,0.669,Hank Borowy,SP,2.2,91,55,60,74,75,64,Rare
1942,CCB,Cincinnati-Cleveland Buckeyes,0.656,Willie Jefferson,SP,1.9,84,58,95,82,65,77,Epic
1942,CCB,Cincinnati-Cleveland Buckeyes,0.656,Alonzo Boone,SP,0.0,99,82,63,54,85,68,Rare
1942,CCB,Cincinnati-Cleveland Buckeyes,0.656,Eugene Bremer,SP,0.0,103,64,85,55,91,70,Epic
1942,BEG,Baltimore Elite Giants,0.632,Bill Byrd,SP,0.0,93,58,81,52,77,65,Rare
1942,BEG,Baltimore Elite Giants,0.632,Tom Glover,SP,0.0,95,67,85,55,80,70,Epic
1942,BEG,Baltimore Elite Giants,0.632,Jonas Gaines,SP,0.0,96,84,58,56,81,67,Rare
1942,BOS,Boston Red Sox,0.612,Tex Hughson,SP,6.2,96,45,81,77,81,69,Rare
1942,BOS,Boston Red Sox,0.612,Bill Butland,SP,2.7,106,46,75,76,94,68,Rare
1942,BOS,Boston Red Sox,0.612,Joe Dobson,SP,2.4,88,43,59,60,71,56,Rare
1942,NY1,New York Giants,0.559,Hal Schumacher,SP,2.8,86,19,58,57,68,47,Uncommon
1942,NY1,New York Giants,0.559,Cliff Melton,SP,2.6,91,48,89,65,75,68,Rare
1942,NY1,New York Giants,0.559,Ace Adams,RP,2.5,39,41,63,101,26,64,Rare
1942,MRS,Memphis Red Sox,0.557,Verdell Mathis,SP,0.0,88,61,95,54,71,70,Epic
1942,MRS,Memphis Red Sox,0.557,Porter Moss,SP,0.0,87,66,79,55,69,67,Rare
1942,MRS,Memphis Red Sox,0.557,Willie Hutchinson,SP,0.0,90,67,66,57,74,64,Rare
1942,SLA,St. Louis Browns,0.543,Johnny Niggeling,SP,4.7,87,61,47,74,69,61,Rare
1942,SLA,St. Louis Browns,0.543,Al Hollingsworth,SP,2.1,94,40,69,69,78,61,Rare
1942,SLA,St. Louis Browns,0.543,Denny Galehouse,SP,1.9,82,43,51,58,63,52,Uncommon
1942,BBB,Birmingham Black Barons,0.521,Gready McKinnis,SP,0.7,77,70,68,50,56,62,Rare
1942,BBB,Birmingham Black Barons,0.521,Ted Radcliffe,RP,0.3,44,26,125,61,33,67,Rare
1942,BBB,Birmingham Black Barons,0.521,Diamond Pipkins,SP,0.0,88,24,83,57,70,56,Rare
1942,CIN,Cincinnati Reds,0.5,Ray Starr,SP,5.4,90,30,57,66,74,53,Uncommon
1942,CIN,Cincinnati Reds,0.5,Johnny Vander Meer,SP,4.6,85,95,50,74,67,72,Epic
1942,CIN,Cincinnati Reds,0.5,Bucky Walters,SP,3.1,88,49,77,67,71,65,Rare
1942,CLE,Cleveland Indians,0.487,Jim Bagby,SP,2.8,88,15,88,59,70,56,Rare
1942,CLE,Cleveland Indians,0.487,Tom Ferrick,RP,2.5,45,36,55,93,35,59,Rare
1942,CLE,Cleveland Indians,0.487,Mel Harder,SP,1.9,82,40,51,54,63,50,Uncommon
1942,DET,Detroit Tigers,0.474,Al Benton,SP,5.6,86,56,59,73,68,63,Rare
1942,DET,Detroit Tigers,0.474,Hal White,SP,5.5,92,49,58,74,76,62,Rare
1942,DET,Detroit Tigers,0.474,Hal Newhouser,SP,4.1,88,67,33,88,71,64,Rare
1942,NE,Newark Eagles,0.471,Leon Day,SP,3.0,96,117,68,84,81,89,Legendary
1942,NE,Newark Eagles,0.471,Max Manning,SP,0.0,92,58,79,59,76,66,Rare
1942,NE,Newark Eagles,0.471,Leniel Hooker,SP,0.0,97,70,48,52,83,59,Rare
1942,PS,Philadelphia Stars,0.463,Bob Evans,RP,0.2,45,10,52,107,35,54,Uncommon
1942,PS,Philadelphia Stars,0.463,Barney Brown,SP,0.0,97,57,76,52,83,64,Rare
1942,PS,Philadelphia Stars,0.463,Joe Fillmore,SP,0.0,94,69,71,54,79,66,Rare
1942,PIT,Pittsburgh Pirates,0.449,Max Butcher,SP,2.2,90,33,76,61,74,58,Rare
1942,PIT,Pittsburgh Pirates,0.449,Rip Sewell,SP,2.0,86,26,76,52,68,53,Uncommon
1942,PIT,Pittsburgh Pirates,0.449,Hank Gornicki,SP,1.8,88,48,62,73,71,62,Rare
1942,CHA,Chicago White Sox,0.446,Ted Lyons,SP,4.8,94,26,107,88,79,74,Epic
1942,CHA,Chicago White Sox,0.446,Johnny Humphries,SP,3.9,90,31,83,72,73,63,Rare
1942,CHA,Chicago White Sox,0.446,Joe Haynes,RP,2.4,44,35,47,71,34,49,Uncommon
1942,CHN,Chicago Cubs,0.442,Claude Passeau,SP,2.6,90,33,81,63,73,60,Rare
1942,CHN,Chicago Cubs,0.442,Lon Warneke,SP,2.4,86,33,96,64,68,65,Rare
1942,CHN,Chicago Cubs,0.442,Bill Fleming,SP,2.0,97,50,46,53,83,53,Uncommon
1942,WS1,Washington Senators,0.411,Alex Carrasquel,SP,2.2,100,24,64,57,87,52,Uncommon
1942,WS1,Washington Senators,0.411,Bill Zuber,RP,1.2,45,59,31,52,35,46,Uncommon
1942,WS1,Washington Senators,0.411,Walt Masterson,SP,1.1,96,50,58,59,82,58,Rare
1942,BSN,Boston Braves,0.399,Al Javery,SP,3.2,84,33,75,60,65,57,Rare
1942,BSN,Boston Braves,0.399,Lou Tost,SP,1.5,82,28,63,46,62,47,Uncommon
1942,BSN,Boston Braves,0.399,Manny Salvo,SP,1.4,96,14,71,57,81,51,Uncommon
1942,NYC,New York Cubans,0.364,Dave Barnhill,SP,0.0,90,74,81,53,73,70,Epic
1942,NYC,New York Cubans,0.364,Barney Morris,SP,0.0,95,66,84,52,80,69,Rare
1942,NYC,New York Cubans,0.364,Bill Anderson,SP,0.0,77,46,60,53,56,53,Uncommon
1942,PHA,Philadelphia Athletics,0.357,Roger Wolff,SP,3.8,91,50,70,58,75,61,Rare
1942,PHA,Philadelphia Athletics,0.357,Lum Harris,SP,2.6,90,39,50,50,74,49,Uncommon
1942,PHA,Philadelphia Athletics,0.357,Phil Marchildon,SP,2.2,88,52,37,47,71,48,Uncommon
1942,NBY,New York Black Yankees,0.286,Eugene Smith,SP,0.0,89,93,37,52,72,62,Rare
1942,NBY,New York Black Yankees,0.286,Bob Griffith,SP,0.0,91,63,59,57,75,61,Rare
1942,NBY,New York Black Yankees,0.286,Frank McAllister,SP,0.0,81,76,43,59,61,60,Rare
1942,PHI,Philadelphia Phillies,0.278,Tommy Hughes,SP,3.8,90,30,55,59,73,50,Uncommon
1942,PHI,Philadelphia Phillies,0.278,Rube Melton,SP,2.1,84,60,39,49,66,51,Uncommon
1942,PHI,Philadelphia Phillies,0.278,Si Johnson,SP,1.0,86,44,60,49,68,53,Uncommon
1942,JRC,Jacksonville Red Caps,0.189,Andy Sarvis,SP,0.0,103,17,124,59,91,69,Rare
1942,JRC,Jacksonville Red Caps,0.189,Hosea Allen,SP,0.0,78,72,88,55,57,70,Epic
1942,JRC,Jacksonville Red Caps,0.189,Lefty Boone,SP,0.0,70,125,26,59,47,68,Rare
1942,CAG,Chicago American Giants,0.182,Ollie West,SP,0.0,93,24,69,55,77,52,Uncommon
1942,CAG,Chicago American Giants,0.182,Willie Ferrell,SP,0.0,82,30,53,51,62,46,Uncommon
1942,CAG,Chicago American Giants,0.182,Sam Thompson,SP,0.0,93,42,77,52,77,59,Rare
1943,HG,Homestead Grays,0.788,Charlie Shields,SP,0.2,93,62,34,68,77,57,Rare
1943,HG,Homestead Grays,0.788,Johnny Wright,SP,0.0,90,62,90,58,73,70,Epic
1943,HG,Homestead Grays,0.788,Spoon Carter,SP,0.0,99,41,74,55,85,60,Rare
1943,SLN,St. Louis Cardinals,0.682,Mort Cooper,SP,5.7,91,60,77,81,75,73,Epic
1943,SLN,St. Louis Cardinals,0.682,Max Lanier,SP,4.8,91,69,63,98,75,76,Epic
1943,SLN,St. Louis Cardinals,0.682,Howie Pollet,SP,3.7,91,61,81,105,75,82,Epic
1943,NYC,New York Cubans,0.654,Bill Anderson,SP,1.4,91,30,54,51,75,48,Uncommon
1943,NYC,New York Cubans,0.654,Dave Barnhill,SP,0.0,90,86,74,56,74,72,Epic
1943,NYC,New York Cubans,0.654,Carrenza Howard,SP,0.0,94,63,37,57,79,55,Rare
1943,NYA,New York Yankees,0.636,Spud Chandler,SP,6.4,91,63,92,107,75,86,Legendary
1943,NYA,New York Yankees,0.636,Tiny Bonham,SP,4.9,92,32,89,74,76,66,Rare
1943,NYA,New York Yankees,0.636,Hank Borowy,SP,2.5,89,61,68,60,72,64,Rare
1943,KCM,Kansas City Monarchs,0.612,Satchel Paige,SP,2.2,74,103,81,63,52,79,Epic
1943,KCM,Kansas City Monarchs,0.612,George Walker,SP,0.4,95,57,97,64,80,73,Epic
1943,KCM,Kansas City Monarchs,0.612,Jack Matchett,SP,0.0,95,48,60,53,80,56,Rare
1943,BBB,Birmingham Black Barons,0.607,Gready McKinnis,SP,1.0,94,68,72,56,79,67,Rare
1943,BBB,Birmingham Black Barons,0.607,Alvin Gipson,SP,0.0,85,106,86,57,67,81,Epic
1943,BBB,Birmingham Black Barons,0.607,Alfred Saylor,SP,0.0,111,60,86,57,101,71,Epic
1943,CBE,Cleveland Buckeyes,0.594,Theolic Smith,SP,0.0,94,50,86,59,78,66,Rare
1943,CBE,Cleveland Buckeyes,0.594,Willie Jefferson,SP,0.0,90,63,79,55,73,66,Rare
1943,CBE,Cleveland Buckeyes,0.594,Eugene Bremer,SP,0.0,88,33,104,59,70,66,Rare
1943,CIN,Cincinnati Reds,0.565,Johnny Vander Meer,SP,3.8,89,73,38,65,72,60,Rare
1943,CIN,Cincinnati Reds,0.565,Elmer Riddle,SP,3.7,88,25,51,70,71,51,Uncommon
1943,CIN,Cincinnati Reds,0.565,Clyde Shoun,RP,2.0,45,46,72,59,35,57,Rare
1943,NE,Newark Eagles,0.562,Leniel Hooker,SP,1.6,110,60,55,60,100,62,Rare
1943,NE,Newark Eagles,0.562,Leon Day,SP,0.9,93,92,58,62,77,71,Epic
1943,NE,Newark Eagles,0.562,Jimmy Hill,SP,0.0,85,76,19,55,67,52,Uncommon
1943,HSS,Harrisburg-St. Louis Stars,0.556,Lefty Boone,SP,0.0,81,125,42,56,61,73,Epic
1943,HSS,Harrisburg-St. Louis Stars,0.556,Frank McAllister,SP,0.0,98,95,49,53,84,68,Rare
1943,HSS,Harrisburg-St. Louis Stars,0.556,R. T. Walker,RP,0.0,45,88,79,59,35,71,Epic
1943,WS1,Washington Senators,0.549,Early Wynn,SP,2.9,88,36,69,57,70,56,Rare
1943,WS1,Washington Senators,0.549,Milo Candini,SP,2.8,88,45,55,72,71,59,Rare
1943,WS1,Washington Senators,0.549,Mickey Haefner,RP,2.4,45,43,61,77,35,58,Rare
1943,CLE,Cleveland Indians,0.536,Vern Kennedy,SP,2.0,92,49,53,69,76,59,Rare
1943,CLE,Cleveland Indians,0.536,Allie Reynolds,SP,1.8,96,94,39,59,82,66,Rare
1943,CLE,Cleveland Indians,0.536,Al Smith,SP,1.7,87,36,65,66,69,57,Rare
1943,CHA,Chicago White Sox,0.532,Gordon Maltzberger,RP,2.6,45,57,86,67,35,66,Rare
1943,CHA,Chicago White Sox,0.532,Orval Grove,SP,2.4,92,37,67,64,76,58,Rare
1943,CHA,Chicago White Sox,0.532,Bill Dietrich,SP,2.1,84,27,78,66,66,58,Rare
1943,BRO,Brooklyn Dodgers,0.529,Whit Wyatt,SP,4.3,83,51,87,73,64,70,Epic
1943,BRO,Brooklyn Dodgers,0.529,Kirby Higbe,SP,1.6,82,70,42,51,63,55,Rare
1943,BRO,Brooklyn Dodgers,0.529,Ed Head,RP,1.3,45,57,56,49,35,52,Uncommon
1943,CAG,Chicago American Giants,0.525,Ted Radcliffe,SP,0.4,92,69,65,119,76,84,Epic
1943,CAG,Chicago American Giants,0.525,Gentry Jessup,SP,0.0,96,57,76,58,81,65,Rare
1943,CAG,Chicago American Giants,0.525,Leroy Sutton,SP,0.0,106,25,90,57,94,61,Rare
1943,PIT,Pittsburgh Pirates,0.519,Rip Sewell,SP,5.0,91,22,78,75,75,60,Rare
1943,PIT,Pittsburgh Pirates,0.519,Max Butcher,SP,3.9,95,20,75,74,80,59,Rare
1943,PIT,Pittsburgh Pirates,0.519,Bob Klinger,SP,2.4,88,35,75,69,70,61,Rare
1943,DET,Detroit Tigers,0.506,Dizzy Trout,SP,5.0,90,52,51,77,73,61,Rare
1943,DET,Detroit Tigers,0.506,Tommy Bridges,SP,4.9,92,79,70,77,76,75,Epic
1943,DET,Detroit Tigers,0.506,Virgil Trucks,SP,3.8,89,70,83,64,72,72,Epic
1943,CHN,Chicago Cubs,0.484,Hiram Bithorn,SP,5.5,90,36,83,69,74,64,Rare
1943,CHN,Chicago Cubs,0.484,Claude Passeau,SP,4.1,90,39,83,61,74,62,Rare
1943,CHN,Chicago Cubs,0.484,Hank Wyse,RP,2.7,45,28,92,62,35,58,Rare
1943,SLA,St. Louis Browns,0.474,Denny Galehouse,SP,4.4,88,60,68,66,71,65,Rare
1943,SLA,St. Louis Browns,0.474,Johnny Niggeling,SP,4.4,88,56,60,115,70,76,Epic
1943,SLA,St. Louis Browns,0.474,Nels Potter,RP,3.9,45,55,70,62,35,60,Rare
1943,BOS,Boston Red Sox,0.447,Tex Hughson,SP,5.7,90,48,80,63,74,65,Rare
1943,BOS,Boston Red Sox,0.447,Mace Brown,RP,2.7,41,48,39,86,29,55,Rare
1943,BOS,Boston Red Sox,0.447,Joe Dobson,SP,2.2,90,42,64,60,73,57,Rare
1943,BSN,Boston Braves,0.444,Nate Andrews,SP,5.1,90,27,82,70,74,61,Rare
1943,BSN,Boston Braves,0.444,Jim Tobin,SP,3.3,90,16,79,67,74,56,Rare
1943,BSN,Boston Braves,0.444,Al Javery,SP,2.6,92,50,69,56,76,60,Rare
1943,PS,Philadelphia Stars,0.432,Goose Curry,SP,0.3,90,49,62,60,74,59,Rare
1943,PS,Philadelphia Stars,0.432,Barney Brown,SP,0.0,91,43,50,52,75,51,Uncommon
1943,PS,Philadelphia Stars,0.432,Ches Buchanan,SP,0.0,92,24,67,57,76,52,Uncommon
1943,PHI,Philadelphia Blue Jays,0.416,Dick Barrett,SP,4.1,94,44,60,57,78,56,Rare
1943,PHI,Philadelphia Blue Jays,0.416,Schoolboy Rowe,SP,4.0,88,24,107,62,71,65,Rare
1943,PHI,Philadelphia Blue Jays,0.416,Jack Kraus,SP,2.9,88,21,55,58,71,47,Uncommon
1943,BEG,Baltimore Elite Giants,0.4,Bill Byrd,SP,4.9,101,86,78,117,88,93,Legendary
1943,BEG,Baltimore Elite Giants,0.4,Bill Harvey,SP,0.0,84,38,73,54,66,56,Rare
1943,BEG,Baltimore Elite Giants,0.4,Tom Glover,SP,0.0,88,88,61,56,70,68,Rare
1943,MRS,Memphis Red Sox,0.378,Verdell Mathis,SP,1.8,93,57,87,65,77,70,Epic
1943,MRS,Memphis Red Sox,0.378,Willie Hutchinson,SP,0.0,82,73,88,52,62,70,Epic
1943,MRS,Memphis Red Sox,0.378,Porter Moss,SP,0.0,98,46,79,59,84,64,Rare
1943,NY1,New York Giants,0.359,Ace Adams,RP,3.1,41,34,55,65,30,49,Uncommon
1943,NY1,New York Giants,0.359,Cliff Melton,SP,2.3,82,29,60,58,62,50,Uncommon
1943,NY1,New York Giants,0.359,Van Mungo,RP,1.5,45,64,42,47,35,49,Uncommon
1943,CC,Cincinnati Clowns,0.352,Roosevelt Davis,SP,0.0,100,73,103,57,87,79,Epic
1943,CC,Cincinnati Clowns,0.352,Fred Wilson,SP,0.0,93,55,70,56,77,62,Rare
1943,CC,Cincinnati Clowns,0.352,Preacher Henry,SP,0.0,88,50,48,52,70,52,Uncommon
1943,PHA,Philadelphia Athletics,0.318,Jesse Flores,SP,4.6,91,57,74,57,75,64,Rare
1943,PHA,Philadelphia Athletics,0.318,Roger Wolff,SP,2.9,91,46,69,51,75,57,Rare
1943,PHA,Philadelphia Athletics,0.318,Russ Christopher,SP,1.6,94,47,48,56,78,53,Uncommon
1943,NBY,New York Black Yankees,0.087,Percy Forrest,SP,0.0,84,31,46,50,66,45,Uncommon
1943,NBY,New York Black Yankees,0.087,Bob Griffith,RP,0.0,45,31,62,55,35,48,Uncommon
1943,NBY,New York Black Yankees,0.087,Neck Stanley,SP,0.0,83,69,73,50,64,64,Rare
1944,SLN,St. Louis Cardinals,0.682,Mort Cooper,SP,5.3,87,42,87,80,69,70,Epic
1944,SLN,St. Louis Cardinals,0.682,Ted Wilks,SP,4.5,99,35,88,70,85,66,Rare
1944,SLN,St. Louis Cardinals,0.682,Red Munger,SP,4.2,100,52,66,117,86,79,Epic
1944,BBB,Birmingham Black Barons,0.676,Alfred Saylor,SP,0.0,96,31,111,53,81,67,Rare
1944,BBB,Birmingham Black Barons,0.676,Alvin Gipson,SP,0.0,87,66,73,59,69,66,Rare
1944,BBB,Birmingham Black Barons,0.676,John Huber,SP,0.0,84,31,79,55,66,56,Rare
1944,CIC,Cincinnati-Indianapolis Clowns,0.597,Willie McCrary,RP,0.2,45,24,82,48,35,50,Uncommon
1944,CIC,Cincinnati-Indianapolis Clowns,0.597,Antonio Ruiz,SP,0.0,88,44,94,55,71,65,Rare
1944,CIC,Cincinnati-Indianapolis Clowns,0.597,Roosevelt Davis,SP,0.0,86,86,81,59,68,75,Epic
1944,HG,Homestead Grays,0.595,Ray Brown,SP,0.0,94,43,99,55,79,67,Rare
1944,HG,Homestead Grays,0.595,Spoon Carter,SP,0.0,88,33,73,57,70,56,Rare
1944,HG,Homestead Grays,0.595,Edsall Walker,RP,0.0,45,58,75,51,35,59,Rare
1944,PS,Philadelphia Stars,0.591,Bill Ricks,SP,0.0,92,75,65,55,76,66,Rare
1944,PS,Philadelphia Stars,0.591,Barney Brown,SP,0.0,88,57,88,53,70,66,Rare
1944,PS,Philadelphia Stars,0.591,Henry Miller,SP,0.0,92,62,79,57,76,67,Rare
1944,PIT,Pittsburgh Pirates,0.588,Rip Sewell,SP,6.0,92,30,65,61,76,54,Uncommon
1944,PIT,Pittsburgh Pirates,0.588,Fritz Ostermueller,SP,5.4,93,43,72,66,77,62,Rare
1944,PIT,Pittsburgh Pirates,0.588,Max Butcher,SP,3.6,85,17,89,64,67,58,Rare
1944,CIN,Cincinnati Reds,0.578,Bucky Walters,SP,5.2,94,25,73,79,78,61,Rare
1944,CIN,Cincinnati Reds,0.578,Ed Heusser,SP,4.0,90,18,92,78,74,64,Rare
1944,CIN,Cincinnati Reds,0.578,Tommy de la Cruz,SP,2.2,97,35,88,57,83,62,Rare
1944,SLA,St. Louis Browns,0.578,Nels Potter,SP,5.7,88,43,74,71,71,64,Rare
1944,SLA,St. Louis Browns,0.578,Jack Kramer,SP,5.2,90,56,76,82,74,72,Epic
1944,SLA,St. Louis Browns,0.578,Bob Muncrief,SP,4.2,89,44,89,62,72,66,Rare
1944,DET,Detroit Tigers,0.571,Dizzy Trout,SP,9.2,93,46,88,91,77,75,Epic
1944,DET,Detroit Tigers,0.571,Hal Newhouser,SP,7.7,95,72,69,88,80,77,Epic
1944,DET,Detroit Tigers,0.571,Stubby Overmire,SP,1.6,84,28,94,66,65,63,Rare
1944,NYC,New York Cubans,0.541,Carrenza Howard,SP,0.0,100,45,67,52,87,58,Rare
1944,NYC,New York Cubans,0.541,Barney Morris,SP,0.0,90,51,48,57,74,54,Uncommon
1944,NYC,New York Cubans,0.541,Patricio Scantlebury,SP,0.0,94,44,77,56,79,61,Rare
1944,NYA,New York Yankees,0.539,Hank Borowy,SP,4.2,90,48,64,69,74,62,Rare
1944,NYA,New York Yankees,0.539,Monk Dubiel,SP,2.5,90,36,59,54,73,52,Uncommon
1944,NYA,New York Yankees,0.539,Tiny Bonham,SP,2.4,91,23,97,60,75,62,Rare
1944,BEG,Baltimore Elite Giants,0.531,Bill Byrd,SP,2.1,92,92,92,69,76,83,Epic
1944,BEG,Baltimore Elite Giants,0.531,Donald Troy,SP,0.0,88,59,61,57,71,60,Rare
1944,BEG,Baltimore Elite Giants,0.531,Jonas Gaines,SP,0.0,85,52,75,59,67,62,Rare
1944,CBE,Cleveland Buckeyes,0.506,Willie Jefferson,SP,0.0,90,53,83,57,73,65,Rare
1944,CBE,Cleveland Buckeyes,0.506,George Jefferson,SP,0.0,111,41,99,57,101,69,Rare
1944,CBE,Cleveland Buckeyes,0.506,Eugene Bremer,SP,0.0,82,21,42,59,63,43,Common
1944,BOS,Boston Red Sox,0.5,Tex Hughson,SP,5.7,93,65,95,84,77,81,Epic
1944,BOS,Boston Red Sox,0.5,Pinky Woods,SP,1.6,91,34,42,59,75,48,Uncommon
1944,BOS,Boston Red Sox,0.5,Clem Hausmann,RP,1.6,45,32,43,54,35,42,Common
1944,NE,Newark Eagles,0.5,Terris McDuffie,SP,0.9,90,59,80,52,73,65,Rare
1944,NE,Newark Eagles,0.5,Leniel Hooker,SP,0.0,87,32,60,53,69,50,Uncommon
1944,NE,Newark Eagles,0.5,Don Newcombe,SP,0.0,85,75,35,52,67,55,Rare
1944,CHN,Chicago Cubs,0.487,Claude Passeau,SP,5.2,90,43,91,66,74,67,Rare
1944,CHN,Chicago Cubs,0.487,Hank Wyse,SP,2.9,86,35,91,61,68,63,Rare
1944,CHN,Chicago Cubs,0.487,Bob Chipman,SP,1.5,83,40,56,48,64,50,Uncommon
1944,CLE,Cleveland Indians,0.468,Steve Gromek,SP,2.8,97,67,65,71,83,69,Rare
1944,CLE,Cleveland Indians,0.468,Joe Heving,RP,1.9,41,42,65,93,29,63,Rare
1944,CLE,Cleveland Indians,0.468,Allie Reynolds,SP,1.8,86,63,37,57,68,54,Uncommon
1944,PHA,Philadelphia Athletics,0.468,Bobo Newsom,SP,4.5,89,63,72,65,72,67,Rare
1944,PHA,Philadelphia Athletics,0.468,Joe Berry,RP,3.7,42,44,94,95,31,73,Epic
1944,PHA,Philadelphia Athletics,0.468,Jesse Flores,SP,2.5,85,37,82,54,67,59,Rare
1944,CHA,Chicago White Sox,0.461,Joe Haynes,RP,2.9,45,27,79,72,35,57,Rare
1944,CHA,Chicago White Sox,0.461,Gordon Maltzberger,RP,1.8,41,63,94,64,30,69,Rare
1944,CHA,Chicago White Sox,0.461,Eddie Lopat,SP,1.3,90,38,78,54,74,58,Rare
1944,MRS,Memphis Red Sox,0.444,Verdell Mathis,SP,0.0,93,85,70,55,77,71,Epic
1944,MRS,Memphis Red Sox,0.444,Willie Hutchinson,SP,0.0,98,34,56,59,84,53,Uncommon
1944,MRS,Memphis Red Sox,0.444,Porter Moss,SP,0.0,89,92,89,59,72,79,Epic
1944,NY1,New York Giants,0.435,Bill Voiselle,SP,3.9,87,61,58,59,69,60,Rare
1944,NY1,New York Giants,0.435,Ace Adams,RP,0.6,42,20,50,44,31,37,Common
1944,NY1,New York Giants,0.435,Ewald Pyle,SP,0.2,88,56,50,42,70,51,Uncommon
1944,BSN,Boston Braves,0.422,Jim Tobin,SP,5.6,90,26,69,66,74,56,Rare
1944,BSN,Boston Braves,0.422,Nate Andrews,SP,5.0,86,29,77,62,68,57,Rare
1944,BSN,Boston Braves,0.422,Al Javery,SP,2.9,87,64,46,57,69,57,Rare
1944,CAG,Chicago American Giants,0.419,Lloyd Davenport,RP,0.1,44,44,125,61,34,72,Epic
1944,CAG,Chicago American Giants,0.419,Gentry Jessup,SP,0.0,91,60,90,59,75,70,Epic
1944,CAG,Chicago American Giants,0.419,Leroy Sutton,SP,0.0,100,15,75,59,87,53,Uncommon
1944,WS1,Washington Senators,0.416,Johnny Niggeling,SP,5.0,92,71,49,77,76,67,Rare
1944,WS1,Washington Senators,0.416,Mickey Haefner,SP,2.9,89,41,72,59,72,59,Rare
1944,WS1,Washington Senators,0.416,Dutch Leonard,SP,2.6,85,25,103,58,67,62,Rare
1944,BRO,Brooklyn Dodgers,0.409,Curt Davis,SP,3.6,91,23,95,54,75,59,Rare
1944,BRO,Brooklyn Dodgers,0.409,Rube Melton,SP,2.2,89,56,42,60,72,55,Rare
1944,BRO,Brooklyn Dodgers,0.409,Ed Head,SP,1.7,88,25,74,72,71,58,Rare
1944,PHI,Philadelphia Blue Jays,0.399,Ken Raffensberger,SP,5.1,90,62,101,63,74,75,Epic
1944,PHI,Philadelphia Blue Jays,0.399,Bill Lee,SP,3.0,86,21,80,61,68,55,Rare
1944,PHI,Philadelphia Blue Jays,0.399,Charley Schanz,SP,2.8,89,37,49,60,72,51,Uncommon
1944,KCM,Kansas City Monarchs,0.366,Satchel Paige,SP,0.0,78,125,80,59,58,85,Legendary
1944,KCM,Kansas City Monarchs,0.366,Booker McDaniel,SP,0.0,113,123,60,59,104,83,Epic
1944,KCM,Kansas City Monarchs,0.366,Jack Matchett,SP,0.0,94,52,74,59,79,63,Rare
1944,NBY,New York Black Yankees,0.156,Neck Stanley,SP,0.0,88,48,66,56,71,58,Rare
1944,NBY,New York Black Yankees,0.156,Connie Rector,SP,0.0,96,62,41,59,82,57,Rare
1944,NBY,New York Black Yankees,0.156,John McFarland,SP,0.0,75,67,17,47,53,45,Uncommon
1945,CBE,Cleveland Buckeyes,0.776,Roosevelt Davis,SP,1.2,104,44,79,115,92,81,Epic
1945,CBE,Cleveland Buckeyes,0.776,Eugene Bremer,SP,0.0,86,37,91,55,68,62,Rare
1945,CBE,Cleveland Buckeyes,0.776,George Jefferson,SP,0.0,84,30,48,50,65,45,Uncommon
1945,HG,Homestead Grays,0.711,Johnny Wright,SP,2.2,94,59,87,107,79,84,Epic
1945,HG,Homestead Grays,0.711,Roy Welmaker,SP,0.0,94,71,78,56,79,69,Rare
1945,HG,Homestead Grays,0.711,R. T. Walker,SP,0.0,89,40,53,57,72,52,Uncommon
1945,CHN,Chicago Cubs,0.636,Claude Passeau,SP,5.0,90,49,83,82,74,72,Epic
1945,CHN,Chicago Cubs,0.636,Hank Wyse,SP,4.9,90,26,96,70,73,65,Rare
1945,CHN,Chicago Cubs,0.636,Ray Prim,SP,3.4,92,63,108,79,76,83,Epic
1945,SLN,St. Louis Cardinals,0.617,Red Barrett,SP,5.3,90,25,97,56,74,61,Rare
1945,SLN,St. Louis Cardinals,0.617,Ken Burkhart,SP,4.6,99,31,74,69,85,61,Rare
1945,SLN,St. Louis Cardinals,0.617,Harry Brecheen,SP,4.5,93,44,79,81,77,69,Rare
1945,BEG,Baltimore Elite Giants,0.595,Bill Byrd,SP,0.0,92,86,92,57,76,78,Epic
1945,BEG,Baltimore Elite Giants,0.595,Andy Porter,SP,0.0,92,66,89,54,76,70,Epic
1945,BEG,Baltimore Elite Giants,0.595,Tom Glover,SP,0.0,90,78,67,55,73,67,Rare
1945,BBB,Birmingham Black Barons,0.578,Jimmie Newberry,SP,0.0,96,59,76,57,81,66,Rare
1945,BBB,Birmingham Black Barons,0.578,Johnny Markham,SP,0.0,92,45,65,55,76,57,Rare
1945,BBB,Birmingham Black Barons,0.578,Alvin Gipson,SP,0.0,84,46,72,59,66,60,Rare
1945,DET,Detroit Tigers,0.575,Hal Newhouser,SP,11.3,92,83,64,107,76,84,Epic
1945,DET,Detroit Tigers,0.575,Al Benton,SP,3.4,84,44,68,94,65,68,Rare
1945,DET,Detroit Tigers,0.575,Dizzy Trout,SP,2.0,88,43,70,61,71,59,Rare
1945,BRO,Brooklyn Dodgers,0.565,Hal Gregg,SP,2.8,86,65,45,61,68,58,Rare
1945,BRO,Brooklyn Dodgers,0.565,Ralph Branca,SP,2.0,85,76,25,67,67,57,Rare
1945,BRO,Brooklyn Dodgers,0.565,Vic Lombardi,SP,1.6,91,32,49,59,75,50,Uncommon
1945,KCM,Kansas City Monarchs,0.565,Booker McDaniel,SP,0.0,96,95,89,56,82,80,Epic
1945,KCM,Kansas City Monarchs,0.565,Jim LaMarque,SP,0.0,94,97,84,52,79,78,Epic
1945,KCM,Kansas City Monarchs,0.565,Hilton Smith,SP,0.0,97,65,85,56,83,70,Epic
1945,WS1,Washington Senators,0.565,Roger Wolff,SP,6.0,92,49,93,79,76,74,Epic
1945,WS1,Washington Senators,0.565,Dutch Leonard,SP,3.4,86,51,103,80,68,77,Epic
1945,WS1,Washington Senators,0.565,Alex Carrasquel,RP,1.7,45,31,69,61,35,52,Uncommon
1945,NE,Newark Eagles,0.538,Leniel Hooker,SP,0.0,91,56,102,59,75,73,Epic
1945,NE,Newark Eagles,0.538,Don Newcombe,SP,0.0,95,72,77,57,80,70,Epic
1945,NE,Newark Eagles,0.538,Sidney Williams,RP,0.0,45,24,46,52,35,40,Common
1945,SLA,St. Louis Browns,0.536,Nels Potter,SP,7.2,88,59,81,77,71,72,Epic
1945,SLA,St. Louis Browns,0.536,Al Hollingsworth,SP,3.9,88,40,55,73,71,58,Rare
1945,SLA,St. Louis Browns,0.536,Bob Muncrief,SP,3.3,98,40,74,68,84,63,Rare
1945,NYA,New York Yankees,0.533,Hank Borowy,SP,4.1,88,33,51,76,71,55,Rare
1945,NYA,New York Yankees,0.533,Tiny Bonham,SP,1.7,88,20,112,54,70,63,Rare
1945,NYA,New York Yankees,0.533,Bill Zuber,SP,1.6,94,43,48,62,79,54,Uncommon
1945,PIT,Pittsburgh Pirates,0.532,Preacher Roe,SP,7.3,86,76,96,73,68,80,Epic
1945,PIT,Pittsburgh Pirates,0.532,Nick Strincevich,SP,4.4,88,33,92,65,71,64,Rare
1945,PIT,Pittsburgh Pirates,0.532,Max Butcher,SP,2.2,91,18,80,70,75,58,Rare
1945,PS,Philadelphia Stars,0.525,Roy Partlow,SP,0.0,92,87,70,57,76,72,Epic
1945,PS,Philadelphia Stars,0.525,Bill Ricks,SP,0.0,101,81,77,59,88,74,Epic
1945,PS,Philadelphia Stars,0.525,Wilmer Harris,SP,0.0,87,70,42,57,69,58,Rare
1945,CAG,Chicago American Giants,0.521,Gentry Jessup,SP,0.0,88,65,73,59,71,66,Rare
1945,CAG,Chicago American Giants,0.521,Walter McCoy,SP,0.0,104,114,46,55,92,74,Epic
1945,CAG,Chicago American Giants,0.521,Willie Cornelius,SP,0.0,84,35,83,56,66,59,Rare
1945,NY1,New York Giants,0.513,Harry Feldman,SP,3.3,84,35,71,61,66,57,Rare
1945,NY1,New York Giants,0.513,Van Mungo,SP,3.0,84,66,56,67,65,63,Rare
1945,NY1,New York Giants,0.513,Sal Maglie,SP,3.0,91,41,83,90,75,72,Epic
1945,CLE,Cleveland Indians,0.503,Steve Gromek,SP,5.6,90,45,82,70,74,66,Rare
1945,CLE,Cleveland Indians,0.503,Allie Reynolds,SP,2.6,90,52,41,56,73,52,Uncommon
1945,CLE,Cleveland Indians,0.503,Red Embree,SP,2.2,93,72,59,89,77,74,Epic
1945,CHA,Chicago White Sox,0.477,Thornton Lee,SP,3.7,90,55,67,74,73,66,Rare
1945,CHA,Chicago White Sox,0.477,Orval Grove,SP,1.1,84,22,71,50,66,50,Uncommon
1945,CHA,Chicago White Sox,0.477,Joe Haynes,SP,1.0,88,34,79,49,71,56,Rare
1945,BOS,Boston Red Sox,0.461,Dave Ferriss,SP,3.6,91,38,70,64,75,59,Rare
1945,BOS,Boston Red Sox,0.461,Mike Ryba,RP,1.9,45,38,81,73,35,61,Rare
1945,BOS,Boston Red Sox,0.461,Frank Barrett,RP,1.4,43,45,66,75,32,59,Rare
1945,BSN,Boston Braves,0.441,Ed Wright,SP,2.9,95,17,75,79,80,59,Rare
1945,BSN,Boston Braves,0.441,Bob Logan,SP,2.8,86,27,78,64,68,58,Rare
1945,BSN,Boston Braves,0.441,Bill Lee,SP,1.8,84,6,62,60,65,45,Uncommon
1945,CIC,Cincinnati-Indianapolis Clowns,0.403,Lázaro Medina,SP,0.0,88,73,77,52,71,68,Rare
1945,CIC,Cincinnati-Indianapolis Clowns,0.403,Johnny Williams,SP,0.0,94,63,80,50,79,66,Rare
1945,CIC,Cincinnati-Indianapolis Clowns,0.403,Angel García,SP,0.0,101,63,66,59,88,65,Rare
1945,CIN,Cincinnati Reds,0.396,Bucky Walters,SP,4.1,87,25,74,76,69,59,Rare
1945,CIN,Cincinnati Reds,0.396,Ed Heusser,SP,2.8,85,22,81,54,67,54,Uncommon
1945,CIN,Cincinnati Reds,0.396,Joe Bowman,SP,1.5,85,38,55,38,67,46,Uncommon
1945,PHA,Philadelphia Athletics,0.347,Joe Berry,RP,3.5,44,43,76,77,34,62,Rare
1945,PHA,Philadelphia Athletics,0.347,Russ Christopher,SP,2.9,90,50,68,57,74,60,Rare
1945,PHA,Philadelphia Athletics,0.347,Bobo Newsom,SP,2.4,86,58,53,54,68,56,Rare
1945,PHI,Philadelphia Phillies,0.299,Andy Karl,RP,3.6,45,27,79,68,35,56,Rare
1945,PHI,Philadelphia Phillies,0.299,Dick Mauney,SP,2.4,87,27,91,64,69,61,Rare
1945,PHI,Philadelphia Phillies,0.299,Jimmie Foxx,RP,0.8,44,50,33,119,34,64,Rare
1945,NYC,New York Cubans,0.259,Patricio Scantlebury,RP,0.0,45,64,112,59,35,74,Epic
1945,NYC,New York Cubans,0.259,Luis Tiant,SP,0.0,88,123,70,59,70,83,Epic
1945,NYC,New York Cubans,0.259,Barney Morris,SP,0.0,102,89,72,59,89,75,Epic
1945,NBY,New York Black Yankees,0.212,Neck Stanley,SP,0.0,94,63,101,53,79,73,Epic
1945,NBY,New York Black Yankees,0.212,George Mack,SP,0.0,91,54,28,47,75,46,Uncommon
1945,NBY,New York Black Yankees,0.212,Claude Poole,SP,0.0,82,29,48,55,63,46,Uncommon
1945,MRS,Memphis Red Sox,0.2,Frank Pearson,SP,0.0,89,50,106,59,72,72,Epic
1945,MRS,Memphis Red Sox,0.2,Verdell Mathis,SP,0.0,82,54,113,59,63,74,Epic
1945,MRS,Memphis Red Sox,0.2,Al Jones,SP,0.0,90,25,94,55,74,60,Rare
1946,NE,Newark Eagles,0.742,Leon Day,SP,0.0,94,103,57,56,78,73,Epic
1946,NE,Newark Eagles,0.742,Max Manning,SP,0.0,100,66,95,53,86,73,Epic
1946,NE,Newark Eagles,0.742,Rufus Lewis,SP,0.0,84,80,87,51,65,72,Epic
1946,KCM,Kansas City Monarchs,0.738,Jim LaMarque,SP,0.0,91,57,74,59,75,64,Rare
1946,KCM,Kansas City Monarchs,0.738,Connie Johnson,SP,0.0,91,118,46,55,75,73,Epic
1946,KCM,Kansas City Monarchs,0.738,Steve Wylie,SP,0.0,96,53,30,59,81,51,Uncommon
1946,BOS,Boston Red Sox,0.675,Tex Hughson,SP,6.0,88,75,99,69,71,80,Epic
1946,BOS,Boston Red Sox,0.675,Dave Ferriss,SP,3.4,88,42,83,59,70,62,Rare
1946,BOS,Boston Red Sox,0.675,Bob Klinger,RP,1.9,41,27,48,85,30,51,Uncommon
1946,SLN,St. Louis Cardinals,0.628,Howie Pollet,SP,6.8,90,45,69,87,74,68,Rare
1946,SLN,St. Louis Cardinals,0.628,Harry Brecheen,SP,5.5,87,59,76,75,69,70,Epic
1946,SLN,St. Louis Cardinals,0.628,Murry Dickson,SP,2.8,97,51,73,64,83,65,Rare
1946,BRO,Brooklyn Dodgers,0.615,Joe Hatten,SP,4.2,85,42,43,63,67,51,Uncommon
1946,BRO,Brooklyn Dodgers,0.615,Kirby Higbe,SP,2.8,84,77,42,62,66,61,Rare
1946,BRO,Brooklyn Dodgers,0.615,Rube Melton,SP,2.7,90,50,41,92,74,62,Rare
1946,DET,Detroit Tigers,0.597,Hal Newhouser,SP,9.7,92,119,67,101,76,94,Legendary
1946,DET,Detroit Tigers,0.597,Dizzy Trout,SP,7.6,92,65,64,84,76,72,Epic
1946,DET,Detroit Tigers,0.597,Fred Hutchinson,SP,4.0,88,82,70,60,71,71,Epic
1946,NYC,New York Cubans,0.571,Patricio Scantlebury,SP,0.0,93,56,50,57,77,57,Rare
1946,NYC,New York Cubans,0.571,Luis Tiant,SP,0.0,108,72,41,57,97,61,Rare
1946,NYC,New York Cubans,0.571,Dave Barnhill,SP,0.0,78,56,48,53,58,53,Uncommon
1946,NYA,New York Yankees,0.565,Spud Chandler,SP,5.4,89,63,64,89,72,72,Epic
1946,NYA,New York Yankees,0.565,Bill Bevens,SP,5.0,89,56,72,81,72,70,Epic
1946,NYA,New York Yankees,0.565,Randy Gumpert,RP,2.2,45,55,87,77,35,69,Rare
1946,CHN,Chicago Cubs,0.536,Johnny Schmitz,SP,5.4,84,73,50,70,66,64,Rare
1946,CHN,Chicago Cubs,0.536,Hank Wyse,SP,3.7,86,24,83,67,68,59,Rare
1946,CHN,Chicago Cubs,0.536,Paul Erickson,SP,2.6,98,60,45,76,84,63,Rare
1946,BSN,Boston Braves,0.529,Johnny Sain,SP,7.2,88,57,68,85,70,70,Epic
1946,BSN,Boston Braves,0.529,Mort Cooper,SP,3.5,85,47,96,55,67,66,Rare
1946,BSN,Boston Braves,0.529,Warren Spahn,SP,2.6,88,63,77,62,70,68,Rare
1946,BBB,Birmingham Black Barons,0.523,Jimmie Newberry,SP,0.0,88,87,102,54,71,80,Epic
1946,BBB,Birmingham Black Barons,0.523,Bill Powell,SP,0.0,78,57,44,59,58,54,Uncommon
1946,BBB,Birmingham Black Barons,0.523,Jehosie Heard,SP,0.0,94,120,91,52,79,87,Legendary
1946,CBE,Cleveland Buckeyes,0.508,Vibert Clarke,SP,0.0,84,51,67,52,66,58,Rare
1946,CBE,Cleveland Buckeyes,0.508,Eugene Bremer,SP,0.0,82,34,69,55,63,54,Uncommon
1946,CBE,Cleveland Buckeyes,0.508,Hosea Allen,RP,0.0,45,44,47,47,35,45,Uncommon
1946,WS1,Washington Senators,0.494,Bobo Newsom,SP,4.1,87,56,57,62,69,59,Rare
1946,WS1,Washington Senators,0.494,Mickey Haefner,SP,3.8,91,40,63,62,75,57,Rare
1946,WS1,Washington Senators,0.494,Roger Wolff,SP,1.9,84,46,86,66,66,66,Rare
1946,PS,Philadelphia Stars,0.491,Henry McHenry,SP,0.0,96,78,66,55,81,68,Rare
1946,PS,Philadelphia Stars,0.491,Barney Brown,SP,0.0,92,63,81,55,76,67,Rare
1946,PS,Philadelphia Stars,0.491,Wilmer Harris,SP,0.0,86,89,39,56,68,62,Rare
1946,BEG,Baltimore Elite Giants,0.482,Joe Black,SP,0.0,90,65,54,56,74,60,Rare
1946,BEG,Baltimore Elite Giants,0.482,Jonas Gaines,SP,0.0,83,59,65,53,64,60,Rare
1946,BEG,Baltimore Elite Giants,0.482,Andy Porter,SP,0.0,99,61,90,52,85,69,Rare
1946,CHA,Chicago White Sox,0.481,Eddie Lopat,SP,4.0,88,42,94,63,71,67,Rare
1946,CHA,Chicago White Sox,0.481,Earl Caldwell,RP,2.3,43,53,70,89,32,67,Rare
1946,CHA,Chicago White Sox,0.481,Frank Papish,SP,1.8,95,55,47,65,80,58,Rare
1946,HG,Homestead Grays,0.464,Eugene Smith,SP,0.0,83,71,40,57,64,57,Rare
1946,HG,Homestead Grays,0.464,Wilmer Fields,SP,0.0,84,40,60,56,65,53,Uncommon
1946,HG,Homestead Grays,0.464,Harold Hairston,SP,0.0,102,55,58,47,90,57,Rare
1946,CIC,Cincinnati-Indianapolis Clowns,0.456,Peanuts Davis,SP,0.0,103,56,99,53,91,72,Epic
1946,CIC,Cincinnati-Indianapolis Clowns,0.456,Jim Colzie,RP,0.0,45,55,55,59,35,54,Uncommon
1946,CIC,Cincinnati-Indianapolis Clowns,0.456,Preacher Henry,SP,0.0,77,97,49,52,56,65,Rare
1946,PHI,Philadelphia Phillies,0.448,Schoolboy Rowe,SP,4.0,91,41,105,88,75,78,Epic
1946,PHI,Philadelphia Phillies,0.448,Ken Raffensberger,SP,2.5,91,40,96,50,75,63,Rare
1946,PHI,Philadelphia Phillies,0.448,Oscar Judd,SP,1.5,84,41,41,53,66,47,Uncommon
1946,CLE,Cleveland Indians,0.442,Bob Feller,SP,10.0,93,119,51,82,77,83,Epic
1946,CLE,Cleveland Indians,0.442,Red Embree,SP,2.1,87,49,54,47,69,52,Uncommon
1946,CLE,Cleveland Indians,0.442,Bob Lemon,RP,0.9,45,46,25,75,35,47,Uncommon
1946,CIN,Cincinnati Reds,0.435,Ewell Blackwell,SP,3.6,88,60,52,77,70,64,Rare
1946,CIN,Cincinnati Reds,0.435,Joe Beggs,SP,3.0,92,15,94,73,76,62,Rare
1946,CIN,Cincinnati Reds,0.435,Johnny Vander Meer,SP,2.6,90,53,57,55,73,57,Rare
1946,MRS,Memphis Red Sox,0.432,Dan Bankhead,SP,0.0,100,125,40,59,87,76,Epic
1946,MRS,Memphis Red Sox,0.432,Willie Hutchinson,SP,0.0,80,125,50,52,60,74,Epic
1946,MRS,Memphis Red Sox,0.432,Allen Bryant,SP,0.0,86,118,67,59,68,80,Epic
1946,SLA,St. Louis Browns,0.429,Jack Kramer,SP,3.4,83,38,64,64,64,56,Rare
1946,SLA,St. Louis Browns,0.429,Sam Zoldak,SP,3.1,89,30,67,56,72,53,Uncommon
1946,SLA,St. Louis Browns,0.429,Denny Galehouse,SP,2.7,86,58,77,54,68,64,Rare
1946,PIT,Pittsburgh Pirates,0.409,Fritz Ostermueller,SP,5.5,88,29,76,68,70,59,Rare
1946,PIT,Pittsburgh Pirates,0.409,Nick Strincevich,SP,2.6,88,26,85,53,71,56,Rare
1946,PIT,Pittsburgh Pirates,0.409,Ed Bahr,SP,2.2,98,33,57,69,84,56,Rare
1946,NY1,New York Giants,0.396,Dave Koslo,SP,2.7,86,52,57,49,68,54,Uncommon
1946,NY1,New York Giants,0.396,Monty Kennedy,SP,2.3,83,41,33,50,64,44,Common
1946,NY1,New York Giants,0.396,Gene Thompson,RP,1.9,39,58,32,109,27,62,Rare
1946,CAG,Chicago American Giants,0.38,Riley Stewart,RP,0.2,45,26,47,61,35,44,Common
1946,CAG,Chicago American Giants,0.38,Gentry Jessup,SP,0.0,100,65,88,59,87,72,Epic
1946,CAG,Chicago American Giants,0.38,Walter McCoy,SP,0.0,90,109,41,59,73,70,Epic
1946,PHA,Philadelphia Athletics,0.318,Jesse Flores,SP,3.8,101,31,86,79,88,68,Rare
1946,PHA,Philadelphia Athletics,0.318,Phil Marchildon,SP,2.5,88,47,43,51,70,49,Uncommon
1946,PHA,Philadelphia Athletics,0.318,Dick Fowler,SP,1.5,85,49,61,53,67,56,Rare
1946,NBY,New York Black Yankees,0.174,Alex Newkirk,SP,0.0,98,48,65,56,84,59,Rare
1946,NBY,New York Black Yankees,0.174,Neck Stanley,SP,0.0,84,50,85,49,66,62,Rare
1946,NBY,New York Black Yankees,0.174,Johnny Johnson,SP,0.0,88,25,51,50,71,45,Uncommon
1947,CBE,Cleveland Buckeyes,0.731,Vibert Clarke,SP,0.0,94,70,67,59,79,67,Rare
1947,CBE,Cleveland Buckeyes,0.731,Doc Bracken,SP,0.0,88,83,15,51,70,52,Uncommon
1947,CBE,Cleveland Buckeyes,0.731,Eugene Bremer,RP,0.0,45,35,51,47,35,43,Common
1947,NYC,New York Cubans,0.705,Luis Tiant,SP,0.0,84,83,92,57,66,76,Epic
1947,NYC,New York Cubans,0.705,Lino Donoso,SP,0.0,92,102,70,53,76,75,Epic
1947,NYC,New York Cubans,0.705,Patricio Scantlebury,SP,0.0,98,52,75,50,84,62,Rare
1947,NYA,New York Yankees,0.63,Joe Page,RP,3.7,44,103,42,77,34,70,Epic
1947,NYA,New York Yankees,0.63,Spec Shea,SP,2.8,88,58,43,60,70,55,Rare
1947,NYA,New York Yankees,0.63,Bobo Newsom,SP,2.6,84,46,67,57,65,58,Rare
1947,KCM,Kansas City Monarchs,0.618,Steve Wylie,RP,0.2,45,74,30,44,35,48,Uncommon
1947,KCM,Kansas City Monarchs,0.618,Jim LaMarque,SP,0.0,89,80,77,59,72,72,Epic
1947,KCM,Kansas City Monarchs,0.618,Hilton Smith,SP,0.0,96,34,96,56,82,64,Rare
1947,BRO,Brooklyn Dodgers,0.61,Ralph Branca,SP,6.9,88,62,64,78,70,68,Rare
1947,BRO,Brooklyn Dodgers,0.61,Harry Taylor,SP,3.6,89,38,42,68,72,52,Uncommon
1947,BRO,Brooklyn Dodgers,0.61,Vic Lombardi,SP,3.1,93,46,59,70,77,60,Rare
1947,SLN,St. Louis Cardinals,0.578,Red Munger,SP,4.5,84,65,66,64,66,65,Rare
1947,SLN,St. Louis Cardinals,0.578,Harry Brecheen,SP,4.5,88,44,75,62,71,61,Rare
1947,SLN,St. Louis Cardinals,0.578,Murry Dickson,SP,4.4,95,56,58,68,80,63,Rare
1947,BSN,Boston Braves,0.558,Warren Spahn,SP,9.5,90,48,76,89,73,71,Epic
1947,BSN,Boston Braves,0.558,Johnny Sain,SP,4.0,87,58,75,56,69,64,Rare
1947,BSN,Boston Braves,0.558,Red Barrett,SP,2.2,84,23,84,56,65,55,Rare
1947,DET,Detroit Tigers,0.552,Hal Newhouser,SP,5.8,88,75,56,71,71,68,Rare
1947,DET,Detroit Tigers,0.552,Fred Hutchinson,SP,3.9,93,60,79,64,77,69,Rare
1947,DET,Detroit Tigers,0.552,Dizzy Trout,SP,2.2,84,44,64,60,66,57,Rare
1947,NE,Newark Eagles,0.542,Max Manning,SP,0.0,87,71,87,58,69,72,Epic
1947,NE,Newark Eagles,0.542,Rufus Lewis,SP,0.0,91,90,81,53,75,75,Epic
1947,NE,Newark Eagles,0.542,Leniel Hooker,SP,0.0,88,46,71,50,71,57,Rare
1947,BOS,Boston Red Sox,0.539,Joe Dobson,SP,4.6,85,56,70,67,67,65,Rare
1947,BOS,Boston Red Sox,0.539,Tex Hughson,SP,2.3,84,76,59,57,66,64,Rare
1947,BOS,Boston Red Sox,0.539,Denny Galehouse,SP,1.8,84,25,79,47,66,52,Uncommon
1947,BBB,Birmingham Black Barons,0.532,Jimmie Newberry,SP,0.0,99,64,88,59,85,72,Epic
1947,BBB,Birmingham Black Barons,0.532,Alonzo Perry,SP,0.0,88,41,33,54,71,46,Uncommon
1947,BBB,Birmingham Black Barons,0.532,Bill Powell,SP,0.0,88,116,67,49,71,77,Epic
1947,BEG,Baltimore Elite Giants,0.532,Joe Black,SP,0.0,100,58,47,55,86,57,Rare
1947,BEG,Baltimore Elite Giants,0.532,Bill Byrd,SP,0.0,92,57,95,57,76,70,Epic
1947,BEG,Baltimore Elite Giants,0.532,Bob Romby,SP,0.0,88,112,39,59,71,70,Epic
1947,NY1,New York Giants,0.526,Larry Jansen,SP,5.1,90,47,89,64,73,67,Rare
1947,NY1,New York Giants,0.526,Ray Poat,SP,2.1,91,47,92,78,75,73,Epic
1947,NY1,New York Giants,0.526,Dave Koslo,SP,1.2,83,44,58,44,64,50,Uncommon
1947,CLE,Cleveland Indians,0.519,Bob Feller,SP,4.9,89,80,49,68,72,66,Rare
1947,CLE,Cleveland Indians,0.519,Al Gettel,SP,1.5,84,49,50,54,65,52,Uncommon
1947,CLE,Cleveland Indians,0.519,Ed Klieman,RP,1.1,39,19,49,60,27,41,Common
1947,PHA,Philadelphia Athletics,0.506,Dick Fowler,SP,4.4,85,34,59,71,67,56,Rare
1947,PHA,Philadelphia Athletics,0.506,Phil Marchildon,SP,3.4,88,53,42,62,71,54,Uncommon
1947,PHA,Philadelphia Athletics,0.506,Russ Christopher,RP,1.4,41,46,51,69,29,53,Uncommon
1947,HG,Homestead Grays,0.493,Frank Thompson,SP,0.0,97,67,89,58,83,72,Epic
1947,HG,Homestead Grays,0.493,Johnny Wright,SP,0.0,90,86,72,55,73,71,Epic
1947,HG,Homestead Grays,0.493,Willie Pope,SP,0.0,82,78,57,55,63,63,Rare
1947,CIN,Cincinnati Reds,0.474,Ewell Blackwell,SP,9.4,90,87,64,90,73,80,Epic
1947,CIN,Cincinnati Reds,0.474,Kent Peterson,SP,2.5,94,60,52,51,78,57,Rare
1947,CIN,Cincinnati Reds,0.474,Harry Gumbert,RP,2.2,41,55,41,59,30,50,Uncommon
1947,CHA,Chicago White Sox,0.455,Eddie Lopat,SP,5.5,90,49,77,66,73,65,Rare
1947,CHA,Chicago White Sox,0.455,Joe Haynes,SP,4.0,90,26,67,82,73,60,Rare
1947,CHA,Chicago White Sox,0.455,Frank Papish,SP,2.5,87,44,44,61,69,52,Uncommon
1947,CHN,Chicago Cubs,0.448,Johnny Schmitz,SP,3.8,85,54,56,66,67,60,Rare
1947,CHN,Chicago Cubs,0.448,Bob Chipman,SP,2.6,88,41,44,57,71,50,Uncommon
1947,CHN,Chicago Cubs,0.448,Paul Erickson,SP,1.9,92,54,40,44,76,49,Uncommon
1947,MRS,Memphis Red Sox,0.442,Dan Bankhead,RP,0.5,45,105,38,49,35,61,Rare
1947,MRS,Memphis Red Sox,0.442,Pepper Sharpe,SP,0.0,84,33,60,59,66,52,Uncommon
1947,MRS,Memphis Red Sox,0.442,Felix Evans,SP,0.0,102,101,97,53,89,84,Epic
1947,PS,Philadelphia Stars,0.421,Henry Miller,SP,0.0,92,87,49,52,76,64,Rare
1947,PS,Philadelphia Stars,0.421,Roy Partlow,SP,0.0,88,81,68,58,71,69,Rare
1947,PS,Philadelphia Stars,0.421,Barney Brown,SP,0.0,82,48,72,55,63,59,Rare
1947,WS1,Washington Senators,0.416,Walt Masterson,SP,5.3,90,63,57,63,73,62,Rare
1947,WS1,Washington Senators,0.416,Early Wynn,SP,3.3,88,29,61,53,71,50,Uncommon
1947,WS1,Washington Senators,0.416,Mickey Haefner,SP,2.8,83,44,48,55,64,50,Uncommon
1947,PHI,Philadelphia Phillies,0.403,Dutch Leonard,SP,6.7,89,50,86,77,72,71,Epic
1947,PHI,Philadelphia Phillies,0.403,Blix Donnelly,RP,3.4,45,23,57,70,35,48,Uncommon
1947,PHI,Philadelphia Phillies,0.403,Tommy Hughes,SP,2.7,91,36,46,62,75,51,Uncommon
1947,PIT,Pittsburgh Pirates,0.403,Kirby Higbe,SP,3.9,84,52,42,48,66,49,Uncommon
1947,PIT,Pittsburgh Pirates,0.403,Fritz Ostermueller,SP,3.2,87,39,59,54,69,52,Uncommon
1947,PIT,Pittsburgh Pirates,0.403,Tiny Bonham,SP,2.8,90,47,88,53,74,64,Rare
1947,SLA,St. Louis Browns,0.383,Fred Sanford,SP,2.3,89,34,52,51,72,48,Uncommon
1947,SLA,St. Louis Browns,0.383,Sam Zoldak,SP,2.2,94,17,48,60,79,45,Uncommon
1947,SLA,St. Louis Browns,0.383,Cliff Fannin,SP,1.5,89,62,41,55,72,55,Rare
1947,CIC,Cincinnati-Indianapolis Clowns,0.375,Johnny Williams,SP,0.0,92,34,99,59,76,65,Rare
1947,CIC,Cincinnati-Indianapolis Clowns,0.375,Jim Colzie,SP,0.0,78,61,41,51,58,52,Uncommon
1947,CIC,Cincinnati-Indianapolis Clowns,0.375,Preacher Henry,SP,0.0,85,26,59,48,67,47,Uncommon
1947,CAG,Chicago American Giants,0.35,Riley Stewart,SP,0.0,94,46,55,52,78,54,Uncommon
1947,CAG,Chicago American Giants,0.35,Earl Bumpus,SP,0.0,101,63,34,59,88,56,Rare
1947,CAG,Chicago American Giants,0.35,Gentry Jessup,SP,0.0,84,81,39,59,66,60,Rare
1947,NBY,New York Black Yankees,0.224,Bud Barbee,SP,0.0,82,58,30,48,62,47,Uncommon
1947,NBY,New York Black Yankees,0.224,Alex Newkirk,SP,0.0,97,34,54,49,83,49,Uncommon
1947,NBY,New York Black Yankees,0.224,Bob Griffith,RP,0.0,45,67,84,45,35,62,Rare
1948,BBB,Birmingham Black Barons,0.718,Alonzo Perry,SP,0.0,84,50,64,50,65,56,Rare
1948,BBB,Birmingham Black Barons,0.718,Jimmie Newberry,RP,0.0,45,68,94,57,35,69,Rare
1948,BBB,Birmingham Black Barons,0.718,Bill Powell,SP,0.0,85,96,68,52,67,72,Epic
1948,HG,Homestead Grays,0.65,Tom Parker,SP,0.0,90,66,45,54,73,57,Rare
1948,HG,Homestead Grays,0.65,Wilmer Fields,SP,0.0,88,53,92,54,71,67,Rare
1948,HG,Homestead Grays,0.65,Bob Thurman,SP,0.0,84,76,41,56,65,58,Rare
1948,BEG,Baltimore Elite Giants,0.648,Bill Byrd,SP,0.0,101,78,100,57,88,79,Epic
1948,BEG,Baltimore Elite Giants,0.648,Joe Black,SP,0.0,96,93,71,56,82,74,Epic
1948,BEG,Baltimore Elite Giants,0.648,Bob Romby,SP,0.0,94,95,46,58,78,68,Rare
1948,KCM,Kansas City Monarchs,0.636,Jim LaMarque,SP,0.0,94,83,95,56,79,78,Epic
1948,KCM,Kansas City Monarchs,0.636,Hilton Smith,SP,0.0,94,74,68,55,79,67,Rare
1948,KCM,Kansas City Monarchs,0.636,Gene Collins,SP,0.0,88,125,1,59,71,63,Rare
1948,CLE,Cleveland Indians,0.626,Bob Lemon,SP,4.7,88,59,48,77,71,62,Rare
1948,CLE,Cleveland Indians,0.626,Gene Bearden,SP,4.4,88,37,46,89,71,59,Rare
1948,CLE,Cleveland Indians,0.626,Sam Zoldak,SP,2.5,87,13,81,62,69,54,Uncommon
1948,BOS,Boston Red Sox,0.619,Joe Dobson,SP,3.7,87,55,59,64,69,60,Rare
1948,BOS,Boston Red Sox,0.619,Mel Parnell,SP,3.5,88,39,49,75,70,56,Rare
1948,BOS,Boston Red Sox,0.619,Ellis Kinder,SP,1.7,89,29,63,61,72,53,Uncommon
1948,NYA,New York Yankees,0.61,Allie Reynolds,SP,2.4,87,48,46,54,69,51,Uncommon
1948,NYA,New York Yankees,0.61,Vic Raschi,SP,2.3,84,66,67,54,66,63,Rare
1948,NYA,New York Yankees,0.61,Eddie Lopat,SP,2.2,85,39,76,56,67,58,Rare
1948,BSN,Boston Braves,0.595,Johnny Sain,SP,8.5,89,49,82,77,72,70,Epic
1948,BSN,Boston Braves,0.595,Warren Spahn,SP,3.3,85,51,74,52,67,60,Rare
1948,BSN,Boston Braves,0.595,Bill Voiselle,SP,3.1,84,46,50,53,66,51,Uncommon
1948,SLN,St. Louis Cardinals,0.552,Harry Brecheen,SP,8.7,88,78,93,99,70,88,Legendary
1948,SLN,St. Louis Cardinals,0.552,Ted Wilks,RP,4.7,43,64,75,83,32,70,Epic
1948,SLN,St. Louis Cardinals,0.552,Murry Dickson,SP,3.8,92,51,67,44,76,56,Rare
1948,BRO,Brooklyn Dodgers,0.545,Preacher Roe,SP,4.8,89,56,98,77,72,76,Epic
1948,BRO,Brooklyn Dodgers,0.545,Rex Barney,SP,4.5,84,67,43,65,66,59,Rare
1948,BRO,Brooklyn Dodgers,0.545,Ralph Branca,SP,3.7,87,68,59,55,69,61,Rare
1948,PHA,Philadelphia Athletics,0.545,Dick Fowler,SP,3.8,88,21,59,57,71,48,Uncommon
1948,PHA,Philadelphia Athletics,0.545,Carl Scheib,SP,2.9,90,18,57,55,73,46,Uncommon
1948,PHA,Philadelphia Athletics,0.545,Joe Coleman,SP,2.5,85,44,50,56,67,52,Uncommon
1948,PIT,Pittsburgh Pirates,0.539,Elmer Riddle,SP,2.7,84,34,49,57,65,48,Uncommon
1948,PIT,Pittsburgh Pirates,0.539,Vic Lombardi,SP,2.7,97,34,51,57,83,51,Uncommon
1948,PIT,Pittsburgh Pirates,0.539,Bob Chesnes,SP,2.4,91,38,46,58,75,50,Uncommon
1948,NE,Newark Eagles,0.518,Max Manning,SP,0.0,89,78,67,59,72,68,Rare
1948,NE,Newark Eagles,0.518,Leniel Hooker,SP,0.0,89,53,99,56,72,70,Epic
1948,NE,Newark Eagles,0.518,Rufus Lewis,SP,0.0,92,77,56,57,76,65,Rare
1948,DET,Detroit Tigers,0.506,Hal Newhouser,SP,6.4,88,62,61,78,70,67,Rare
1948,DET,Detroit Tigers,0.506,Virgil Trucks,SP,3.8,89,70,53,59,72,62,Rare
1948,DET,Detroit Tigers,0.506,Dizzy Trout,SP,3.0,88,58,54,69,71,61,Rare
1948,NY1,New York Giants,0.506,Larry Jansen,SP,3.9,87,52,96,54,69,68,Rare
1948,NY1,New York Giants,0.506,Sheldon Jones,RP,3.5,45,45,47,59,35,49,Uncommon
1948,NY1,New York Giants,0.506,Andy Hansen,RP,1.9,45,25,62,72,35,51,Uncommon
1948,CBE,Cleveland Buckeyes,0.494,Vibert Clarke,SP,0.0,88,54,50,55,70,55,Rare
1948,CBE,Cleveland Buckeyes,0.494,Chet Brewer,SP,0.0,93,75,54,59,77,64,Rare
1948,CBE,Cleveland Buckeyes,0.494,Eugene Smith,SP,0.0,78,82,26,47,57,52,Uncommon
1948,PS,Philadelphia Stars,0.474,Henry Miller,SP,0.0,88,74,47,52,71,59,Rare
1948,PS,Philadelphia Stars,0.474,Henry McHenry,SP,0.0,90,76,81,53,74,70,Epic
1948,PS,Philadelphia Stars,0.474,Roy Partlow,SP,0.0,89,60,92,55,72,69,Rare
1948,MRS,Memphis Red Sox,0.443,Spoon Carter,SP,0.0,81,26,46,55,61,44,Common
1948,MRS,Memphis Red Sox,0.443,Verdell Mathis,SP,0.0,83,95,41,48,64,62,Rare
1948,MRS,Memphis Red Sox,0.443,Sam Woods,SP,0.0,90,57,29,51,73,48,Uncommon
1948,PHI,Philadelphia Phillies,0.429,Dutch Leonard,SP,6.3,86,45,87,83,68,71,Epic
1948,PHI,Philadelphia Phillies,0.429,Robin Roberts,SP,2.9,85,69,50,62,67,61,Rare
1948,PHI,Philadelphia Phillies,0.429,Blix Donnelly,SP,2.1,83,37,59,52,64,51,Uncommon
1948,CIN,Cincinnati Reds,0.418,Johnny Vander Meer,SP,5.5,84,61,40,59,65,54,Uncommon
1948,CIN,Cincinnati Reds,0.418,Ken Raffensberger,SP,2.7,86,32,94,50,68,60,Rare
1948,CIN,Cincinnati Reds,0.418,Harry Gumbert,RP,1.9,40,20,70,60,28,48,Uncommon
1948,CHN,Chicago Cubs,0.416,Johnny Schmitz,SP,5.4,89,46,53,78,72,60,Rare
1948,CHN,Chicago Cubs,0.416,Russ Meyer,SP,2.3,80,64,46,56,60,56,Rare
1948,CHN,Chicago Cubs,0.416,Jess Dobernic,RP,1.8,39,67,46,61,27,55,Rare
1948,NYC,New York Cubans,0.386,Patricio Scantlebury,SP,0.0,94,64,101,52,78,73,Epic
1948,NYC,New York Cubans,0.386,Dave Barnhill,SP,0.0,84,70,63,49,65,61,Rare
1948,NYC,New York Cubans,0.386,Raúl López,SP,0.0,98,72,39,53,84,58,Rare
1948,SLA,St. Louis Browns,0.386,Ned Garver,SP,4.9,90,41,45,67,73,53,Uncommon
1948,SLA,St. Louis Browns,0.386,Cliff Fannin,SP,3.9,85,55,44,55,67,53,Uncommon
1948,SLA,St. Louis Browns,0.386,Fred Sanford,SP,3.2,83,37,53,48,64,48,Uncommon
1948,IC,Indianapolis Clowns,0.375,Willie Cathey,SP,0.0,106,89,81,52,94,76,Epic
1948,IC,Indianapolis Clowns,0.375,Jim Cohen,SP,0.0,90,36,73,56,73,57,Rare
1948,IC,Indianapolis Clowns,0.375,Johnny Williams,SP,0.0,100,26,54,53,86,48,Uncommon
1948,WS1,Washington Senators,0.366,Ray Scarborough,SP,5.2,84,46,56,80,65,61,Rare
1948,WS1,Washington Senators,0.366,Walt Masterson,SP,3.0,83,42,31,58,64,46,Uncommon
1948,WS1,Washington Senators,0.366,Forrest Thompson,RP,1.6,45,30,51,57,35,45,Uncommon
1948,CHA,Chicago White Sox,0.336,Randy Gumpert,RP,2.2,45,37,105,67,35,66,Rare
1948,CHA,Chicago White Sox,0.336,Joe Haynes,SP,1.4,82,25,64,53,63,49,Uncommon
1948,CHA,Chicago White Sox,0.336,Bill Wight,SP,0.9,83,30,34,48,64,40,Common
1948,CAG,Chicago American Giants,0.333,Riley Stewart,RP,0.0,45,90,44,59,35,61,Rare
1948,CAG,Chicago American Giants,0.333,Gentry Jessup,SP,0.0,88,70,50,54,71,59,Rare
1948,CAG,Chicago American Giants,0.333,Roberto Vargas,SP,0.0,75,48,86,59,53,63,Rare
1948,NBY,New York Black Yankees,0.196,Charley Davidson,SP,0.0,84,20,60,50,66,46,Uncommon
1948,NBY,New York Black Yankees,0.196,Neck Stanley,SP,0.0,88,71,73,59,70,68,Rare
1948,NBY,New York Black Yankees,0.196,Bob Griffith,SP,0.0,93,60,49,49,77,55,Rare
1949,BRO,Brooklyn Dodgers,0.63,Preacher Roe,SP,5.8,88,60,94,72,71,75,Epic
1949,BRO,Brooklyn Dodgers,0.63,Don Newcombe,SP,5.5,88,74,75,66,71,72,Epic
1949,BRO,Brooklyn Dodgers,0.63,Jack Banta,RP,2.7,45,77,47,61,35,59,Rare
1949,NYA,New York Yankees,0.63,Joe Page,RP,4.4,43,90,39,80,32,66,Rare
1949,NYA,New York Yankees,0.63,Vic Raschi,SP,3.0,85,52,43,62,67,54,Uncommon
1949,NYA,New York Yankees,0.63,Eddie Lopat,SP,2.6,84,33,70,61,66,56,Rare
1949,BOS,Boston Red Sox,0.623,Mel Parnell,SP,8.0,94,46,47,86,78,62,Rare
1949,BOS,Boston Red Sox,0.623,Ellis Kinder,SP,5.0,90,65,55,65,74,63,Rare
1949,BOS,Boston Red Sox,0.623,Joe Dobson,SP,2.3,88,46,47,59,71,53,Uncommon
1949,SLN,St. Louis Cardinals,0.623,Howie Pollet,SP,6.5,90,54,84,79,73,72,Epic
1949,SLN,St. Louis Cardinals,0.623,Gerry Staley,RP,4.4,45,33,87,80,35,64,Rare
1949,SLN,St. Louis Cardinals,0.623,Al Brazle,SP,4.0,90,39,75,64,73,61,Rare
1949,CLE,Cleveland Indians,0.578,Bob Lemon,SP,5.4,91,58,44,68,75,58,Rare
1949,CLE,Cleveland Indians,0.578,Al Benton,RP,4.8,45,30,58,98,35,59,Rare
1949,CLE,Cleveland Indians,0.578,Mike Garcia,SP,4.5,93,63,66,91,77,74,Epic
1949,DET,Detroit Tigers,0.565,Virgil Trucks,SP,6.9,92,66,47,76,76,64,Rare
1949,DET,Detroit Tigers,0.565,Hal Newhouser,SP,5.4,90,57,57,63,74,60,Rare
1949,DET,Detroit Tigers,0.565,Fred Hutchinson,SP,3.9,94,28,79,70,78,61,Rare
1949,PHA,Philadelphia Athletics,0.526,Joe Coleman,SP,2.1,89,52,41,56,72,52,Uncommon
1949,PHA,Philadelphia Athletics,0.526,Bobby Shantz,RP,2.1,45,52,36,61,35,48,Uncommon
1949,PHA,Philadelphia Athletics,0.526,Alex Kellner,SP,1.7,94,42,41,55,79,49,Uncommon
1949,PHI,Philadelphia Phillies,0.526,Ken Heintzelman,SP,6.3,88,24,59,65,70,51,Uncommon
1949,PHI,Philadelphia Phillies,0.526,Russ Meyer,SP,4.3,87,39,68,65,69,58,Rare
1949,PHI,Philadelphia Phillies,0.526,Robin Roberts,SP,3.6,85,47,68,54,67,57,Rare
1949,BSN,Boston Braves,0.487,Warren Spahn,SP,5.6,88,58,78,61,71,66,Rare
1949,BSN,Boston Braves,0.487,Bill Voiselle,SP,1.8,87,40,46,46,69,46,Uncommon
1949,BSN,Boston Braves,0.487,Bobby Hogue,RP,1.3,42,32,64,64,31,51,Uncommon
1949,NY1,New York Giants,0.474,Dave Koslo,SP,6.1,95,30,95,82,80,70,Epic
1949,NY1,New York Giants,0.474,Monty Kennedy,SP,3.1,83,48,47,60,64,53,Uncommon
1949,NY1,New York Giants,0.474,Sheldon Jones,SP,2.8,87,42,49,59,69,52,Uncommon
1949,PIT,Pittsburgh Pirates,0.461,Murry Dickson,SP,4.8,106,44,62,64,94,60,Rare
1949,PIT,Pittsburgh Pirates,0.461,Bill Werle,SP,2.6,87,56,89,48,69,65,Rare
1949,PIT,Pittsburgh Pirates,0.461,Cliff Chambers,SP,2.1,91,62,69,53,75,63,Rare
1949,CHA,Chicago White Sox,0.409,Bill Wight,SP,3.6,85,32,55,68,67,53,Uncommon
1949,CHA,Chicago White Sox,0.409,Randy Gumpert,SP,2.6,85,35,63,53,67,52,Uncommon
1949,CHA,Chicago White Sox,0.409,Bob Kuzava,SP,1.4,92,63,36,56,76,54,Uncommon
1949,CIN,Cincinnati Reds,0.403,Ken Raffensberger,SP,5.3,86,39,78,62,68,60,Rare
1949,CIN,Cincinnati Reds,0.403,Howie Fox,SP,2.1,84,27,62,54,66,49,Uncommon
1949,CIN,Cincinnati Reds,0.403,Herm Wehmeier,SP,2.0,85,41,39,43,67,44,Common
1949,CHN,Chicago Cubs,0.396,Bob Rush,SP,2.5,86,44,55,52,68,52,Uncommon
1949,CHN,Chicago Cubs,0.396,Dutch Leonard,SP,1.8,80,53,87,54,60,64,Rare
1949,CHN,Chicago Cubs,0.396,Monk Dubiel,SP,1.7,85,37,60,46,67,50,Uncommon
1949,SLA,St. Louis Browns,0.344,Ned Garver,SP,4.0,83,32,47,58,64,47,Uncommon
1949,SLA,St. Louis Browns,0.344,Tom Ferrick,RP,2.9,42,33,55,58,31,47,Uncommon
1949,SLA,St. Louis Browns,0.344,Bill Kennedy,RP,1.4,45,51,45,48,35,47,Uncommon
1949,WS1,Washington Senators,0.325,Sid Hudson,SP,2.0,88,24,48,53,70,44,Common
1949,WS1,Washington Senators,0.325,Ray Scarborough,SP,1.6,85,45,48,49,67,49,Uncommon
1949,WS1,Washington Senators,0.325,Mickey Haefner,SP,1.6,84,20,39,46,66,38,Common
1950,NYA,New York Yankees,0.636,Allie Reynolds,SP,3.2,90,81,37,61,74,61,Rare
1950,NYA,New York Yankees,0.636,Eddie Lopat,SP,3.1,85,30,80,62,67,58,Rare
1950,NYA,New York Yankees,0.636,Vic Raschi,SP,2.9,89,73,47,54,72,59,Rare
1950,DET,Detroit Tigers,0.617,Art Houtteman,SP,6.0,89,33,62,64,72,55,Rare
1950,DET,Detroit Tigers,0.617,Dizzy Trout,SP,3.3,95,55,65,63,80,63,Rare
1950,DET,Detroit Tigers,0.617,Hal Newhouser,SP,2.3,84,45,58,52,65,53,Uncommon
1950,BOS,Boston Red Sox,0.61,Mel Parnell,SP,5.7,89,40,49,70,72,55,Rare
1950,BOS,Boston Red Sox,0.61,Joe Dobson,SP,3.6,87,43,55,59,69,54,Uncommon
1950,BOS,Boston Red Sox,0.61,Ellis Kinder,SP,3.5,94,53,58,56,79,58,Rare
1950,CLE,Cleveland Indians,0.597,Bob Feller,SP,4.1,84,56,50,63,66,57,Rare
1950,CLE,Cleveland Indians,0.597,Early Wynn,SP,3.5,87,82,45,67,69,65,Rare
1950,CLE,Cleveland Indians,0.597,Bob Lemon,SP,2.7,88,71,42,55,70,57,Rare
1950,PHI,Philadelphia Phillies,0.591,Robin Roberts,SP,7.4,88,56,84,66,70,69,Rare
1950,PHI,Philadelphia Phillies,0.591,Jim Konstanty,RP,4.7,41,40,68,77,30,58,Rare
1950,PHI,Philadelphia Phillies,0.591,Curt Simmons,SP,3.6,88,83,51,59,71,65,Rare
1950,BRO,Brooklyn Dodgers,0.578,Preacher Roe,SP,5.2,88,58,82,59,70,67,Rare
1950,BRO,Brooklyn Dodgers,0.578,Don Newcombe,SP,3.5,87,57,78,55,69,64,Rare
1950,BRO,Brooklyn Dodgers,0.578,Erv Palica,SP,2.9,102,79,44,59,90,64,Rare
1950,NY1,New York Giants,0.558,Larry Jansen,SP,5.5,88,70,95,66,70,76,Epic
1950,NY1,New York Giants,0.558,Sal Maglie,RP,4.8,45,54,50,77,35,58,Rare
1950,NY1,New York Giants,0.558,Jim Hearn,SP,3.7,90,49,68,65,74,62,Rare
1950,BSN,Boston Braves,0.539,Warren Spahn,SP,5.3,86,79,58,61,68,66,Rare
1950,BSN,Boston Braves,0.539,Vern Bickford,SP,5.0,88,45,55,55,71,54,Uncommon
1950,BSN,Boston Braves,0.539,Johnny Sain,SP,2.4,86,36,84,46,68,57,Rare
1950,SLN,St. Louis Cardinals,0.51,Max Lanier,SP,4.7,82,57,59,69,62,62,Rare
1950,SLN,St. Louis Cardinals,0.51,Howie Pollet,SP,4.6,88,59,76,65,70,67,Rare
1950,SLN,St. Louis Cardinals,0.51,Red Munger,SP,2.7,88,43,47,53,70,50,Uncommon
1950,WS1,Washington Senators,0.435,Sid Hudson,SP,2.7,88,32,51,55,71,48,Uncommon
1950,WS1,Washington Senators,0.435,Bob Kuzava,SP,2.4,83,62,42,49,64,52,Uncommon
1950,WS1,Washington Senators,0.435,Connie Marrero,SP,1.6,88,46,61,47,71,53,Uncommon
1950,CIN,Cincinnati Reds,0.431,Ewell Blackwell,SP,7.5,90,89,49,75,73,71,Epic
1950,CIN,Cincinnati Reds,0.431,Ken Raffensberger,SP,3.5,82,39,102,45,63,62,Rare
1950,CIN,Cincinnati Reds,0.431,Willie Ramsdell,SP,2.8,85,61,45,65,67,58,Rare
1950,CHN,Chicago Cubs,0.418,Bob Rush,SP,4.2,86,39,61,60,68,55,Rare
1950,CHN,Chicago Cubs,0.418,Frank Hiller,SP,3.2,94,38,93,58,79,65,Rare
1950,CHN,Chicago Cubs,0.418,Paul Minner,SP,2.0,88,61,58,50,71,58,Rare
1950,CHA,Chicago White Sox,0.39,Bill Wight,SP,4.1,85,30,57,66,67,53,Uncommon
1950,CHA,Chicago White Sox,0.39,Bob Cain,SP,3.2,86,51,32,58,68,49,Uncommon
1950,CHA,Chicago White Sox,0.39,Billy Pierce,SP,3.0,86,64,33,59,68,54,Uncommon
1950,SLA,St. Louis Browns,0.377,Ned Garver,SP,7.3,90,34,50,74,74,55,Rare
1950,SLA,St. Louis Browns,0.377,Stubby Overmire,SP,3.7,91,21,79,60,75,56,Rare
1950,SLA,St. Louis Browns,0.377,Al Widmar,SP,3.2,86,44,57,51,68,52,Uncommon
1950,PIT,Pittsburgh Pirates,0.373,Murry Dickson,SP,5.0,100,35,60,56,87,54,Uncommon
1950,PIT,Pittsburgh Pirates,0.373,Cliff Chambers,SP,2.8,86,40,60,51,68,52,Uncommon
1950,PIT,Pittsburgh Pirates,0.373,Bill Werle,SP,1.8,98,39,74,44,84,55,Rare
1950,PHA,Philadelphia Athletics,0.338,Lou Brissie,SP,3.5,88,46,45,55,71,51,Uncommon
1950,PHA,Philadelphia Athletics,0.338,Bobby Shantz,SP,2.3,96,49,54,48,81,53,Uncommon
1950,PHA,Philadelphia Athletics,0.338,Johnny Kucab,SP,0.6,115,31,73,62,107,60,Rare
1951,NYA,New York Yankees,0.636,Allie Reynolds,SP,3.6,91,68,47,66,75,62,Rare
1951,NYA,New York Yankees,0.636,Eddie Lopat,SP,3.6,86,44,74,69,68,63,Rare
1951,NYA,New York Yankees,0.636,Vic Raschi,SP,2.5,87,77,54,59,69,64,Rare
1951,NY1,New York Giants,0.624,Sal Maglie,SP,6.6,89,57,77,66,72,67,Rare
1951,NY1,New York Giants,0.624,Larry Jansen,SP,5.5,90,61,95,64,73,73,Epic
1951,NY1,New York Giants,0.624,Jim Hearn,SP,1.6,79,31,56,53,59,48,Uncommon
1951,BRO,Brooklyn Dodgers,0.618,Preacher Roe,SP,5.1,88,50,85,62,70,66,Rare
1951,BRO,Brooklyn Dodgers,0.618,Don Newcombe,SP,3.6,86,73,67,60,68,67,Rare
1951,BRO,Brooklyn Dodgers,0.618,Ralph Branca,SP,3.4,86,69,50,59,68,60,Rare
1951,CLE,Cleveland Indians,0.604,Early Wynn,SP,5.5,89,56,55,64,72,60,Rare
1951,CLE,Cleveland Indians,0.604,Mike Garcia,SP,4.0,91,54,69,65,75,64,Rare
1951,CLE,Cleveland Indians,0.604,Bob Feller,SP,3.2,88,51,57,53,70,55,Rare
1951,BOS,Boston Red Sox,0.565,Ellis Kinder,RP,5.1,41,81,61,89,30,72,Epic
1951,BOS,Boston Red Sox,0.565,Mel Parnell,SP,4.4,87,37,64,72,69,59,Rare
1951,BOS,Boston Red Sox,0.565,Mickey McDermott,SP,3.8,94,91,40,69,79,68,Rare
1951,CHA,Chicago White Sox,0.526,Saul Rogovin,SP,5.0,90,41,66,62,74,58,Rare
1951,CHA,Chicago White Sox,0.526,Billy Pierce,SP,4.7,92,54,74,69,76,67,Rare
1951,CHA,Chicago White Sox,0.526,Luis Aloma,RP,3.3,45,39,65,114,35,69,Rare
1951,SLN,St. Louis Cardinals,0.526,Max Lanier,SP,3.1,83,40,72,60,64,58,Rare
1951,SLN,St. Louis Cardinals,0.526,Al Brazle,RP,2.5,45,48,56,64,35,54,Uncommon
1951,SLN,St. Louis Cardinals,0.526,Harry Brecheen,SP,2.3,92,46,56,61,76,57,Rare
1951,BSN,Boston Braves,0.494,Warren Spahn,SP,7.6,92,62,64,63,76,64,Rare
1951,BSN,Boston Braves,0.494,Vern Bickford,SP,2.8,90,53,46,63,73,56,Rare
1951,BSN,Boston Braves,0.494,Chet Nichols,SP,2.8,90,52,48,70,73,58,Rare
1951,DET,Detroit Tigers,0.474,Fred Hutchinson,SP,3.2,96,27,107,59,81,66,Rare
1951,DET,Detroit Tigers,0.474,Marlin Stuart,SP,1.8,90,40,37,55,73,47,Uncommon
1951,DET,Detroit Tigers,0.474,Dizzy Trout,SP,1.7,92,54,55,52,76,56,Rare
1951,PHI,Philadelphia Phillies,0.474,Robin Roberts,SP,8.0,89,45,95,65,72,69,Rare
1951,PHI,Philadelphia Phillies,0.474,Bubba Church,SP,4.0,86,47,61,55,68,56,Rare
1951,PHI,Philadelphia Phillies,0.474,Russ Meyer,SP,3.2,83,42,69,55,64,56,Rare
1951,PHA,Philadelphia Athletics,0.455,Bobby Shantz,SP,2.4,90,41,66,54,73,56,Rare
1951,PHA,Philadelphia Athletics,0.455,Sam Zoldak,SP,2.3,84,6,98,68,65,58,Rare
1951,PHA,Philadelphia Athletics,0.455,Bob Hooper,SP,1.4,90,35,70,49,73,54,Uncommon
1951,CIN,Cincinnati Reds,0.442,Ken Raffensberger,SP,5.2,86,33,105,57,68,65,Rare
1951,CIN,Cincinnati Reds,0.442,Howie Fox,SP,4.2,87,22,74,54,69,52,Uncommon
1951,CIN,Cincinnati Reds,0.442,Ewell Blackwell,SP,3.9,84,61,50,60,66,58,Rare
1951,PIT,Pittsburgh Pirates,0.416,Murry Dickson,SP,3.5,90,43,64,50,73,54,Uncommon
1951,PIT,Pittsburgh Pirates,0.416,Ted Wilks,RP,2.8,39,55,77,72,27,64,Rare
1951,PIT,Pittsburgh Pirates,0.416,Mel Queen,SP,1.7,89,90,36,44,72,58,Rare
1951,CHN,Chicago Cubs,0.403,Paul Minner,SP,3.2,84,35,71,53,66,54,Uncommon
1951,CHN,Chicago Cubs,0.403,Dutch Leonard,RP,2.7,41,40,65,84,30,60,Rare
1951,CHN,Chicago Cubs,0.403,Bob Rush,SP,2.4,84,74,70,54,66,66,Rare
1951,WS1,Washington Senators,0.403,Bob Porterfield,SP,3.0,84,45,50,40,66,47,Uncommon
1951,WS1,Washington Senators,0.403,Connie Marrero,SP,2.9,86,37,58,57,68,52,Uncommon
1951,WS1,Washington Senators,0.403,Sandy Consuegra,RP,1.7,45,17,49,52,35,39,Common
1951,SLA,St. Louis Browns,0.338,Ned Garver,SP,5.4,90,36,55,60,73,53,Uncommon
1951,SLA,St. Louis Browns,0.338,Tommy Byrne,SP,2.3,84,58,1,48,66,39,Common
1951,SLA,St. Louis Browns,0.338,Duane Pillette,SP,1.8,88,36,35,44,71,42,Common
1952,BRO,Brooklyn Dodgers,0.627,Joe Black,RP,4.3,44,72,77,88,34,74,Epic
1952,BRO,Brooklyn Dodgers,0.627,Billy Loes,SP,4.1,94,74,58,70,78,68,Rare
1952,BRO,Brooklyn Dodgers,0.627,Carl Erskine,SP,4.0,88,77,65,68,71,70,Epic
1952,NYA,New York Yankees,0.617,Allie Reynolds,SP,4.7,90,80,54,85,74,73,Epic
1952,NYA,New York Yankees,0.617,Vic Raschi,SP,2.6,84,68,52,61,66,61,Rare
1952,NYA,New York Yankees,0.617,Eddie Lopat,SP,2.2,88,41,63,66,70,58,Rare
1952,CLE,Cleveland Indians,0.604,Mike Garcia,SP,5.4,89,57,75,76,72,70,Epic
1952,CLE,Cleveland Indians,0.604,Bob Lemon,SP,4.9,92,48,66,70,76,63,Rare
1952,CLE,Cleveland Indians,0.604,Early Wynn,SP,3.6,92,63,46,57,76,57,Rare
1952,NY1,New York Giants,0.597,Sal Maglie,SP,4.2,83,61,64,64,64,63,Rare
1952,NY1,New York Giants,0.597,Hoyt Wilhelm,RP,2.6,43,83,62,77,32,70,Epic
1952,NY1,New York Giants,0.597,Dave Koslo,SP,2.4,98,45,78,60,84,63,Rare
1952,SLN,St. Louis Cardinals,0.571,Gerry Staley,SP,3.0,84,43,92,56,66,64,Rare
1952,SLN,St. Louis Cardinals,0.571,Stu Miller,SP,2.7,88,90,75,97,71,86,Legendary
1952,SLN,St. Louis Cardinals,0.571,Al Brazle,RP,2.1,44,59,57,70,33,59,Rare
1952,PHI,Philadelphia Phillies,0.565,Robin Roberts,SP,8.4,94,51,109,72,78,77,Epic
1952,PHI,Philadelphia Phillies,0.565,Karl Drews,SP,4.7,87,47,90,70,69,69,Rare
1952,PHI,Philadelphia Phillies,0.565,Curt Simmons,SP,3.9,84,86,64,68,66,72,Epic
1952,CHA,Chicago White Sox,0.526,Billy Pierce,SP,7.3,88,67,72,75,71,71,Epic
1952,CHA,Chicago White Sox,0.526,Joe Dobson,SP,4.3,89,59,74,75,72,70,Epic
1952,CHA,Chicago White Sox,0.526,Fritz Dorish,RP,2.6,43,61,46,78,32,59,Rare
1952,PHA,Philadelphia Athletics,0.513,Bobby Shantz,SP,8.8,91,64,90,80,75,78,Epic
1952,PHA,Philadelphia Athletics,0.513,Harry Byrd,SP,3.4,90,60,49,62,73,59,Rare
1952,PHA,Philadelphia Athletics,0.513,Alex Kellner,SP,1.3,83,52,59,44,64,53,Uncommon
1952,WS1,Washington Senators,0.506,Bob Porterfield,SP,5.3,88,36,60,71,71,57,Rare
1952,WS1,Washington Senators,0.506,Connie Marrero,SP,3.7,90,47,77,65,74,64,Rare
1952,WS1,Washington Senators,0.506,Spec Shea,SP,3.2,89,42,39,66,72,51,Uncommon
1952,CHN,Chicago Cubs,0.5,Warren Hacker,SP,6.2,95,52,102,74,80,76,Epic
1952,CHN,Chicago Cubs,0.5,Bob Rush,SP,5.2,88,76,69,74,70,73,Epic
1952,CHN,Chicago Cubs,0.5,Dutch Leonard,RP,2.6,39,66,62,94,26,69,Rare
1952,BOS,Boston Red Sox,0.494,Ellis Kinder,SP,3.2,98,60,77,75,84,72,Epic
1952,BOS,Boston Red Sox,0.494,Sid Hudson,SP,2.8,88,41,68,61,71,58,Rare
1952,BOS,Boston Red Sox,0.494,Mel Parnell,SP,2.6,85,58,50,56,67,56,Rare
1952,CIN,Cincinnati Reds,0.448,Ken Raffensberger,SP,6.2,86,41,99,67,68,69,Rare
1952,CIN,Cincinnati Reds,0.448,Harry Perkowski,SP,2.1,89,51,46,52,72,52,Uncommon
1952,CIN,Cincinnati Reds,0.448,Joe Nuxhall,RP,2.0,44,67,47,62,34,56,Rare
1952,BSN,Boston Braves,0.418,Warren Spahn,SP,6.6,90,77,84,62,73,74,Epic
1952,BSN,Boston Braves,0.418,Max Surkont,SP,2.9,85,70,63,47,67,61,Rare
1952,BSN,Boston Braves,0.418,Lew Burdette,RP,2.6,45,36,65,52,35,49,Uncommon
1952,SLA,St. Louis Browns,0.416,Satchel Paige,RP,3.5,45,81,51,69,35,64,Rare
1952,SLA,St. Louis Browns,0.416,Duane Pillette,SP,2.7,82,30,81,55,63,56,Rare
1952,SLA,St. Louis Browns,0.416,Ned Garver,SP,2.4,84,44,60,76,66,61,Rare
1952,DET,Detroit Tigers,0.325,Virgil Trucks,SP,1.9,82,80,50,49,63,60,Rare
1952,DET,Detroit Tigers,0.325,Hal Newhouser,SP,1.7,89,40,73,50,72,56,Rare
1952,DET,Detroit Tigers,0.325,Bill Wight,SP,1.6,88,47,51,60,71,54,Uncommon
1952,PIT,Pittsburgh Pirates,0.273,Murry Dickson,SP,4.9,90,45,80,54,73,61,Rare
1952,PIT,Pittsburgh Pirates,0.273,Howie Pollet,SP,2.3,84,47,68,46,65,55,Rare
1952,PIT,Pittsburgh Pirates,0.273,Woody Main,RP,1.8,45,61,66,43,35,54,Uncommon
1953,BRO,Brooklyn Dodgers,0.682,Carl Erskine,SP,4.2,86,94,56,60,68,70,Epic
1953,BRO,Brooklyn Dodgers,0.682,Clem Labine,RP,2.8,45,44,80,78,35,64,Rare
1953,BRO,Brooklyn Dodgers,0.682,Bob Milliken,RP,1.7,45,66,62,62,35,60,Rare
1953,NYA,New York Yankees,0.656,Eddie Lopat,SP,3.1,85,27,100,77,67,68,Rare
1953,NYA,New York Yankees,0.656,Johnny Sain,SP,2.7,99,51,87,61,85,68,Rare
1953,NYA,New York Yankees,0.656,Whitey Ford,SP,2.5,83,63,40,63,64,56,Rare
1953,CLE,Cleveland Indians,0.597,Mike Garcia,SP,4.0,88,58,75,58,70,64,Rare
1953,CLE,Cleveland Indians,0.597,Bob Lemon,SP,3.2,88,36,57,58,71,52,Uncommon
1953,CLE,Cleveland Indians,0.597,Bob Feller,SP,1.2,84,36,66,51,65,52,Uncommon
1953,ML1,Milwaukee Braves,0.597,Warren Spahn,SP,8.8,90,66,82,98,74,81,Epic
1953,ML1,Milwaukee Braves,0.597,Lew Burdette,RP,3.4,45,34,70,65,35,54,Uncommon
1953,ML1,Milwaukee Braves,0.597,Bob Buhl,SP,3.2,92,64,45,69,76,61,Rare
1953,CHA,Chicago White Sox,0.578,Billy Pierce,SP,6.2,90,84,58,74,73,72,Epic
1953,CHA,Chicago White Sox,0.578,Virgil Trucks,SP,6.1,89,67,59,71,72,66,Rare
1953,CHA,Chicago White Sox,0.578,Sandy Consuegra,RP,2.9,45,20,85,49,35,50,Uncommon
1953,BOS,Boston Red Sox,0.549,Ellis Kinder,RP,4.4,39,39,63,110,27,66,Rare
1953,BOS,Boston Red Sox,0.549,Mel Parnell,SP,4.2,84,67,45,70,65,61,Rare
1953,BOS,Boston Red Sox,0.549,Mickey McDermott,SP,3.5,83,51,41,73,64,56,Rare
1953,PHI,Philadelphia Phillies,0.539,Robin Roberts,SP,9.8,91,68,100,76,75,81,Epic
1953,PHI,Philadelphia Phillies,0.539,Curt Simmons,SP,4.4,88,69,65,66,71,67,Rare
1953,PHI,Philadelphia Phillies,0.539,Bob Miller,SP,2.0,88,44,81,51,71,60,Rare
1953,SLN,St. Louis Cardinals,0.539,Harvey Haddix,SP,6.4,87,78,80,69,69,75,Epic
1953,SLN,St. Louis Cardinals,0.539,Vinegar Bend Mizell,SP,4.4,82,96,42,64,63,67,Rare
1953,SLN,St. Louis Cardinals,0.539,Gerry Staley,SP,3.0,84,42,88,49,66,60,Rare
1953,WS1,Washington Senators,0.5,Bob Porterfield,SP,4.2,88,30,77,58,71,57,Rare
1953,WS1,Washington Senators,0.5,Connie Marrero,SP,2.0,84,51,68,63,66,61,Rare
1953,WS1,Washington Senators,0.5,Chuck Stobbs,SP,1.4,87,50,77,59,69,63,Rare
1953,NY1,New York Giants,0.455,Ruben Gomez,SP,4.4,88,66,43,64,70,59,Rare
1953,NY1,New York Giants,0.455,Hoyt Wilhelm,RP,3.6,42,57,40,71,31,54,Uncommon
1953,NY1,New York Giants,0.455,Larry Jansen,SP,2.2,84,55,75,49,65,60,Rare
1953,CIN,Cincinnati Reds,0.442,Fred Baczewski,SP,2.9,90,46,55,48,73,52,Uncommon
1953,CIN,Cincinnati Reds,0.442,Ken Raffensberger,SP,1.6,82,25,97,52,62,58,Rare
1953,CIN,Cincinnati Reds,0.442,Jackie Collum,RP,1.4,45,46,71,47,35,53,Uncommon
1953,CHN,Chicago Cubs,0.422,Warren Hacker,SP,3.9,83,55,86,46,64,62,Rare
1953,CHN,Chicago Cubs,0.422,Paul Minner,SP,3.0,86,32,96,53,68,61,Rare
1953,CHN,Chicago Cubs,0.422,Bob Rush,SP,2.2,78,59,54,47,57,54,Uncommon
1953,DET,Detroit Tigers,0.39,Ned Garver,SP,2.3,87,37,67,45,69,52,Uncommon
1953,DET,Detroit Tigers,0.39,Billy Hoeft,SP,2.2,85,52,76,38,67,56,Rare
1953,DET,Detroit Tigers,0.39,Steve Gromek,SP,1.5,87,57,77,49,69,62,Rare
1953,PHA,Philadelphia Athletics,0.383,Alex Kellner,SP,3.6,89,45,84,59,72,64,Rare
1953,PHA,Philadelphia Athletics,0.383,Marion Fricano,SP,3.2,95,32,49,54,80,48,Uncommon
1953,PHA,Philadelphia Athletics,0.383,Morrie Martin,RP,2.0,45,46,58,48,35,49,Uncommon
1953,SLA,St. Louis Browns,0.351,Satchel Paige,RP,3.0,41,49,67,58,30,55,Rare
1953,SLA,St. Louis Browns,0.351,Harry Brecheen,SP,2.8,85,41,82,71,67,65,Rare
1953,SLA,St. Louis Browns,0.351,Don Larsen,SP,2.7,93,58,68,52,77,61,Rare
1953,PIT,Pittsburgh Pirates,0.325,Johnny Hetki,RP,1.9,42,31,79,56,31,53,Uncommon
1953,PIT,Pittsburgh Pirates,0.325,Murry Dickson,SP,1.4,87,50,77,45,69,58,Rare
1953,PIT,Pittsburgh Pirates,0.325,Johnny Lindell,SP,1.4,87,71,27,48,69,51,Uncommon
1954,CLE,Cleveland Indians,0.721,Early Wynn,SP,5.2,86,68,73,68,68,70,Epic
1954,CLE,Cleveland Indians,0.721,Mike Garcia,SP,4.9,87,58,80,77,69,71,Epic
1954,CLE,Cleveland Indians,0.721,Bob Lemon,SP,4.2,88,48,63,72,70,62,Rare
1954,NYA,New York Yankees,0.669,Whitey Ford,SP,3.6,86,71,45,65,68,61,Rare
1954,NYA,New York Yankees,0.669,Bob Grim,SP,2.0,99,64,49,57,85,60,Rare
1954,NYA,New York Yankees,0.669,Johnny Sain,RP,1.5,40,48,96,51,28,61,Rare
1954,NY1,New York Giants,0.63,Johnny Antonelli,SP,7.5,83,71,61,90,64,73,Epic
1954,NY1,New York Giants,0.63,Sal Maglie,SP,4.5,82,63,70,62,63,65,Rare
1954,NY1,New York Giants,0.63,Ruben Gomez,SP,4.2,83,55,44,70,64,57,Rare
1954,CHA,Chicago White Sox,0.61,Virgil Trucks,SP,4.8,89,69,62,71,72,68,Rare
1954,CHA,Chicago White Sox,0.61,Jack Harshman,SP,3.0,90,94,40,68,74,68,Rare
1954,CHA,Chicago White Sox,0.61,Sandy Consuegra,SP,2.5,94,15,90,73,79,61,Rare
1954,BRO,Brooklyn Dodgers,0.597,Carl Erskine,SP,2.8,84,77,63,47,65,63,Rare
1954,BRO,Brooklyn Dodgers,0.597,Jim Hughes,RP,2.0,39,82,42,64,26,59,Rare
1954,BRO,Brooklyn Dodgers,0.597,Johnny Podres,SP,1.5,84,61,64,47,66,58,Rare
1954,ML1,Milwaukee Braves,0.578,Warren Spahn,SP,5.1,90,56,74,59,74,64,Rare
1954,ML1,Milwaukee Braves,0.578,Lew Burdette,SP,4.8,85,34,83,69,67,62,Rare
1954,ML1,Milwaukee Braves,0.578,Gene Conley,SP,4.3,84,70,52,63,66,62,Rare
1954,PHI,Philadelphia Phillies,0.487,Robin Roberts,SP,9.0,94,65,102,67,78,78,Epic
1954,PHI,Philadelphia Phillies,0.487,Curt Simmons,SP,4.6,87,58,56,75,69,64,Rare
1954,PHI,Philadelphia Phillies,0.487,Murry Dickson,SP,2.8,85,27,70,50,67,51,Uncommon
1954,CIN,Cincinnati Redlegs,0.481,Art Fowler,SP,3.5,88,46,59,54,70,55,Rare
1954,CIN,Cincinnati Redlegs,0.481,Frank Smith,RP,3.0,39,76,62,73,27,66,Rare
1954,CIN,Cincinnati Redlegs,0.481,Joe Nuxhall,SP,2.8,109,60,63,55,99,63,Rare
1954,SLN,St. Louis Cardinals,0.468,Harvey Haddix,SP,4.1,85,87,75,56,67,72,Epic
1954,SLN,St. Louis Cardinals,0.468,Brooks Lawrence,SP,2.4,93,52,47,53,77,53,Uncommon
1954,SLN,St. Louis Cardinals,0.468,Gordon Jones,SP,2.4,89,71,88,110,72,88,Legendary
1954,BOS,Boston Red Sox,0.448,Frank Sullivan,SP,4.8,88,72,70,66,71,69,Rare
1954,BOS,Boston Red Sox,0.448,Ellis Kinder,RP,2.1,43,76,67,58,32,64,Rare
1954,BOS,Boston Red Sox,0.448,Willard Nixon,SP,1.9,82,60,48,50,62,54,Uncommon
1954,DET,Detroit Tigers,0.442,Steve Gromek,SP,5.6,88,45,90,67,71,68,Rare
1954,DET,Detroit Tigers,0.442,Ned Garver,SP,4.4,87,41,84,66,69,64,Rare
1954,DET,Detroit Tigers,0.442,George Zuverink,SP,1.8,90,36,74,35,74,51,Uncommon
1954,WS1,Washington Senators,0.429,Johnny Schmitz,SP,4.0,89,30,65,67,72,56,Rare
1954,WS1,Washington Senators,0.429,Bob Porterfield,SP,2.7,88,35,71,56,71,56,Rare
1954,WS1,Washington Senators,0.429,Dean Stone,SP,2.2,88,57,56,60,70,59,Rare
1954,CHN,Chicago Cubs,0.416,Bob Rush,SP,5.2,85,62,48,59,67,57,Rare
1954,CHN,Chicago Cubs,0.416,Paul Minner,SP,3.4,86,39,89,52,68,61,Rare
1954,CHN,Chicago Cubs,0.416,Jim Davis,RP,2.5,45,52,53,59,35,53,Uncommon
1954,BAL,Baltimore Orioles,0.351,Bob Turley,SP,3.5,84,93,24,57,65,59,Rare
1954,BAL,Baltimore Orioles,0.351,Duane Pillette,SP,2.3,84,40,59,60,66,54,Uncommon
1954,BAL,Baltimore Orioles,0.351,Joe Coleman,SP,2.2,83,54,49,51,64,53,Uncommon
1954,PIT,Pittsburgh Pirates,0.344,Dick Littlefield,SP,2.2,87,73,38,39,69,52,Uncommon
1954,PIT,Pittsburgh Pirates,0.344,Jake Thies,SP,1.7,84,50,58,52,66,55,Rare
1954,PIT,Pittsburgh Pirates,0.344,Max Surkont,SP,1.3,84,41,59,44,66,50,Uncommon
1954,PHA,Philadelphia Athletics,0.331,Arnie Portocarrero,SP,3.3,86,63,46,46,68,53,Uncommon
1954,PHA,Philadelphia Athletics,0.331,Moe Burtschy,RP,1.4,41,68,38,51,30,50,Uncommon
1954,PHA,Philadelphia Athletics,0.331,Charlie Bishop,SP,0.9,88,38,41,42,71,43,Common
1955,BRO,Brooklyn Dodgers,0.641,Don Newcombe,SP,2.9,86,74,103,60,68,78,Epic
1955,BRO,Brooklyn Dodgers,0.641,Carl Erskine,SP,2.2,82,49,68,49,62,56,Rare
1955,BRO,Brooklyn Dodgers,0.641,Clem Labine,RP,2.1,44,53,57,63,33,55,Rare
1955,NYA,New York Yankees,0.623,Whitey Ford,SP,3.8,87,64,48,72,69,62,Rare
1955,NYA,New York Yankees,0.623,Bob Turley,SP,3.1,84,107,25,63,66,65,Rare
1955,NYA,New York Yankees,0.623,Don Larsen,SP,1.1,86,52,41,61,68,53,Uncommon
1955,CLE,Cleveland Indians,0.604,Early Wynn,SP,6.1,85,63,64,71,67,66,Rare
1955,CLE,Cleveland Indians,0.604,Herb Score,SP,5.6,84,125,28,71,65,74,Epic
1955,CLE,Cleveland Indians,0.604,Mike Garcia,SP,2.9,82,68,81,49,63,66,Rare
1955,CHA,Chicago White Sox,0.591,Billy Pierce,SP,7.0,88,95,72,101,71,87,Legendary
1955,CHA,Chicago White Sox,0.591,Sandy Consuegra,RP,2.8,45,26,107,81,35,68,Rare
1955,CHA,Chicago White Sox,0.591,Dick Donovan,SP,2.4,88,54,83,58,70,66,Rare
1955,ML1,Milwaukee Braves,0.552,Warren Spahn,SP,3.9,87,51,82,56,69,64,Rare
1955,ML1,Milwaukee Braves,0.552,Bob Buhl,SP,3.2,86,70,40,60,68,58,Rare
1955,ML1,Milwaukee Braves,0.552,Lew Burdette,SP,1.8,83,30,71,44,64,50,Uncommon
1955,BOS,Boston Red Sox,0.545,Frank Sullivan,SP,4.6,85,58,57,74,67,63,Rare
1955,BOS,Boston Red Sox,0.545,George Susce,SP,3.1,97,47,66,71,83,64,Rare
1955,BOS,Boston Red Sox,0.545,Leo Kiely,RP,2.3,45,44,51,80,35,56,Rare
1955,NY1,New York Giants,0.519,Johnny Antonelli,SP,4.1,83,73,64,60,64,66,Rare
1955,NY1,New York Giants,0.519,Jim Hearn,SP,3.4,82,41,76,52,63,57,Rare
1955,NY1,New York Giants,0.519,Marv Grissom,RP,2.6,39,65,46,71,27,57,Rare
1955,DET,Detroit Tigers,0.513,Billy Hoeft,SP,5.0,87,73,66,65,69,68,Rare
1955,DET,Detroit Tigers,0.513,Frank Lary,SP,2.8,86,47,58,67,68,58,Rare
1955,DET,Detroit Tigers,0.513,Al Aber,RP,1.4,41,53,64,56,30,55,Rare
1955,PHI,Philadelphia Phillies,0.5,Robin Roberts,SP,4.3,89,62,101,57,72,73,Epic
1955,PHI,Philadelphia Phillies,0.5,Murry Dickson,SP,3.1,87,48,58,53,69,55,Rare
1955,PHI,Philadelphia Phillies,0.5,Bob Miller,RP,2.7,43,31,72,84,32,59,Rare
1955,CIN,Cincinnati Redlegs,0.487,Joe Nuxhall,SP,4.3,88,42,74,59,70,60,Rare
1955,CIN,Cincinnati Redlegs,0.487,Hersh Freeman,RP,3.3,40,45,68,80,28,61,Rare
1955,CIN,Cincinnati Redlegs,0.487,Art Fowler,SP,3.0,85,52,74,52,67,60,Rare
1955,CHN,Chicago Cubs,0.471,Bob Rush,SP,5.4,84,66,72,59,65,66,Rare
1955,CHN,Chicago Cubs,0.471,Sam Jones,SP,3.2,84,103,21,49,65,58,Rare
1955,CHN,Chicago Cubs,0.471,Paul Minner,SP,2.2,84,35,75,58,66,57,Rare
1955,SLN,St. Louis Cardinals,0.442,Willard Schmidt,SP,4.0,92,81,48,76,76,69,Rare
1955,SLN,St. Louis Cardinals,0.442,Paul LaPalme,RP,2.5,39,48,59,72,27,56,Rare
1955,SLN,St. Louis Cardinals,0.442,Tom Poholsky,SP,2.4,79,50,89,47,59,62,Rare
1955,KC1,Kansas City Athletics,0.409,Tom Gorman,RP,2.6,41,48,68,57,29,55,Rare
1955,KC1,Kansas City Athletics,0.409,Alex Kellner,SP,1.7,82,53,60,47,63,54,Uncommon
1955,KC1,Kansas City Athletics,0.409,Bill Harrington,RP,0.6,43,35,40,50,32,41,Common
1955,PIT,Pittsburgh Pirates,0.39,Bob Friend,SP,6.0,100,57,83,72,86,72,Epic
1955,PIT,Pittsburgh Pirates,0.39,Vern Law,SP,4.0,90,46,73,52,74,59,Rare
1955,PIT,Pittsburgh Pirates,0.39,Roy Face,RP,2.6,45,82,70,57,35,66,Rare
1955,BAL,Baltimore Orioles,0.37,Bill Wight,RP,3.6,45,51,66,82,35,63,Rare
1955,BAL,Baltimore Orioles,0.37,Jim Wilson,SP,3.5,87,45,60,55,69,55,Rare
1955,BAL,Baltimore Orioles,0.37,Fritz Dorish,RP,2.0,40,35,47,98,28,57,Rare
1955,WS1,Washington Senators,0.344,Johnny Schmitz,SP,2.7,88,29,69,56,70,53,Uncommon
1955,WS1,Washington Senators,0.344,Mickey McDermott,SP,2.3,88,58,31,54,70,50,Uncommon
1955,WS1,Washington Senators,0.344,Pedro Ramos,RP,2.3,45,24,74,49,35,48,Uncommon
1956,NYA,New York Yankees,0.63,Whitey Ford,SP,5.2,86,76,59,81,68,72,Epic
1956,NYA,New York Yankees,0.63,Don Larsen,SP,2.6,94,72,40,58,78,59,Rare
1956,NYA,New York Yankees,0.63,Tom Sturdivant,SP,2.1,96,85,68,58,81,71,Epic
1956,BRO,Brooklyn Dodgers,0.604,Sal Maglie,SP,5.0,86,67,79,64,68,70,Epic
1956,BRO,Brooklyn Dodgers,0.604,Don Newcombe,SP,4.5,86,61,101,63,68,74,Epic
1956,BRO,Brooklyn Dodgers,0.604,Don Bessent,RP,2.7,42,80,55,83,31,68,Rare
1956,ML1,Milwaukee Braves,0.597,Warren Spahn,SP,5.5,89,52,98,62,72,71,Epic
1956,ML1,Milwaukee Braves,0.597,Lew Burdette,SP,4.2,85,49,95,64,67,69,Rare
1956,ML1,Milwaukee Braves,0.597,Taylor Phillips,RP,2.1,45,46,58,79,35,58,Rare
1956,CIN,Cincinnati Redlegs,0.591,Tom Acker,RP,2.8,45,79,65,84,35,72,Epic
1956,CIN,Cincinnati Redlegs,0.591,Hersh Freeman,RP,2.5,40,53,72,65,28,60,Rare
1956,CIN,Cincinnati Redlegs,0.591,Hal Jeffcoat,SP,2.3,102,33,70,51,90,55,Rare
1956,CLE,Cleveland Indians,0.571,Early Wynn,SP,7.8,88,68,68,79,71,72,Epic
1956,CLE,Cleveland Indians,0.571,Herb Score,SP,7.3,86,125,42,85,68,82,Epic
1956,CLE,Cleveland Indians,0.571,Bob Lemon,SP,5.2,84,40,64,69,66,58,Rare
1956,CHA,Chicago White Sox,0.552,Billy Pierce,SP,5.2,90,85,61,61,74,70,Epic
1956,CHA,Chicago White Sox,0.552,Jack Harshman,SP,4.3,86,77,47,68,68,64,Rare
1956,CHA,Chicago White Sox,0.552,Dick Donovan,SP,3.6,86,60,84,55,68,66,Rare
1956,BOS,Boston Red Sox,0.545,Tom Brewer,SP,4.9,87,61,46,68,69,59,Rare
1956,BOS,Boston Red Sox,0.545,Frank Sullivan,SP,3.9,85,56,66,67,67,63,Rare
1956,BOS,Boston Red Sox,0.545,Willard Nixon,SP,1.7,82,60,55,56,62,58,Rare
1956,DET,Detroit Tigers,0.532,Frank Lary,SP,6.3,88,67,54,67,70,63,Rare
1956,DET,Detroit Tigers,0.532,Paul Foytack,SP,3.6,88,89,39,57,70,62,Rare
1956,DET,Detroit Tigers,0.532,Billy Hoeft,SP,2.0,84,85,50,50,66,62,Rare
1956,SLN,St. Louis Cardinals,0.494,Murry Dickson,SP,3.8,85,59,71,47,67,60,Rare
1956,SLN,St. Louis Cardinals,0.494,Vinegar Bend Mizell,SP,2.4,80,91,48,50,60,63,Rare
1956,SLN,St. Louis Cardinals,0.494,Herm Wehmeier,SP,1.8,92,44,49,47,76,50,Uncommon
1956,PHI,Philadelphia Phillies,0.461,Harvey Haddix,SP,2.6,87,91,78,42,69,70,Epic
1956,PHI,Philadelphia Phillies,0.461,Robin Roberts,SP,2.4,89,62,109,36,72,69,Rare
1956,PHI,Philadelphia Phillies,0.461,Curt Simmons,SP,2.4,85,51,68,54,67,59,Rare
1956,BAL,Baltimore Orioles,0.448,Connie Johnson,SP,3.1,84,85,63,58,66,68,Rare
1956,BAL,Baltimore Orioles,0.448,Ray Moore,SP,2.0,82,68,40,47,63,53,Uncommon
1956,BAL,Baltimore Orioles,0.448,Hal Brown,SP,2.0,103,41,86,45,91,61,Rare
1956,NY1,New York Giants,0.435,Johnny Antonelli,SP,6.4,84,67,76,66,66,69,Rare
1956,NY1,New York Giants,0.435,Marv Grissom,RP,3.9,41,73,96,114,29,88,Legendary
1956,NY1,New York Giants,0.435,Al Worthington,SP,1.7,83,69,47,45,64,55,Rare
1956,PIT,Pittsburgh Pirates,0.429,Bob Friend,SP,5.6,86,62,81,54,68,66,Rare
1956,PIT,Pittsburgh Pirates,0.429,Ron Kline,SP,4.9,82,55,73,54,63,61,Rare
1956,PIT,Pittsburgh Pirates,0.429,Roy Face,RP,2.5,41,87,72,50,30,66,Rare
1956,CHN,Chicago Cubs,0.39,Bob Rush,SP,3.8,86,49,86,57,68,64,Rare
1956,CHN,Chicago Cubs,0.39,Sam Jones,SP,1.8,82,118,34,46,63,66,Rare
1956,CHN,Chicago Cubs,0.39,Don Kaiser,SP,1.8,82,57,65,51,63,58,Rare
1956,WS1,Washington Senators,0.383,Chuck Stobbs,SP,4.9,84,45,90,55,66,64,Rare
1956,WS1,Washington Senators,0.383,Bud Byerly,RP,1.8,41,40,80,69,30,60,Rare
1956,WS1,Washington Senators,0.383,Bob Chakales,RP,1.1,43,36,35,57,32,42,Common
1956,KC1,Kansas City Athletics,0.338,Wally Burnette,SP,3.1,92,51,70,74,76,66,Rare
1956,KC1,Kansas City Athletics,0.338,Tom Gorman,RP,2.4,45,34,54,53,35,46,Uncommon
1956,KC1,Kansas City Athletics,0.338,Art Ditmar,SP,2.0,86,58,49,46,68,53,Uncommon
1957,NYA,New York Yankees,0.636,Tom Sturdivant,SP,3.8,84,70,54,72,66,65,Rare
1957,NYA,New York Yankees,0.636,Bobby Shantz,SP,3.1,90,47,89,74,73,70,Epic
1957,NYA,New York Yankees,0.636,Bob Turley,SP,2.8,87,109,45,66,69,73,Epic
1957,ML1,Milwaukee Braves,0.617,Warren Spahn,SP,4.8,88,46,77,65,70,63,Rare
1957,ML1,Milwaukee Braves,0.617,Bob Buhl,SP,3.2,83,64,38,65,64,56,Rare
1957,ML1,Milwaukee Braves,0.617,Don McMahon,RP,1.5,39,125,33,119,26,86,Legendary
1957,CHA,Chicago White Sox,0.584,Dick Donovan,SP,3.9,88,44,94,68,71,69,Rare
1957,CHA,Chicago White Sox,0.584,Billy Pierce,SP,3.6,86,81,79,58,68,72,Epic
1957,CHA,Chicago White Sox,0.584,Gerry Staley,RP,2.7,43,47,83,94,32,70,Epic
1957,SLN,St. Louis Cardinals,0.565,Larry Jackson,SP,3.8,96,52,80,56,82,65,Rare
1957,SLN,St. Louis Cardinals,0.565,Sam Jones,SP,2.8,82,106,56,54,63,71,Epic
1957,SLN,St. Louis Cardinals,0.565,Lindy McDaniel,SP,2.2,85,43,79,58,67,61,Rare
1957,BRO,Brooklyn Dodgers,0.545,Don Drysdale,SP,6.0,87,82,79,77,69,78,Epic
1957,BRO,Brooklyn Dodgers,0.545,Johnny Podres,SP,5.8,84,66,90,78,66,77,Epic
1957,BRO,Brooklyn Dodgers,0.545,Don Newcombe,SP,3.1,84,52,102,55,65,69,Rare
1957,BOS,Boston Red Sox,0.532,Frank Sullivan,SP,6.4,89,62,95,74,72,76,Epic
1957,BOS,Boston Red Sox,0.532,Willard Nixon,SP,1.8,81,59,76,57,61,64,Rare
1957,BOS,Boston Red Sox,0.532,Tom Brewer,SP,1.8,86,64,55,50,68,58,Rare
1957,CIN,Cincinnati Redlegs,0.519,Brooks Lawrence,SP,4.0,88,56,74,56,70,63,Rare
1957,CIN,Cincinnati Redlegs,0.519,Don Gross,RP,1.4,45,57,91,43,35,61,Rare
1957,CIN,Cincinnati Redlegs,0.519,Hal Jeffcoat,SP,0.7,82,30,91,41,62,55,Rare
1957,DET,Detroit Tigers,0.506,Jim Bunning,SP,6.2,94,83,81,69,78,78,Epic
1957,DET,Detroit Tigers,0.506,Paul Foytack,SP,3.7,88,66,44,61,70,58,Rare
1957,DET,Detroit Tigers,0.506,Billy Hoeft,SP,3.0,85,63,67,56,67,62,Rare
1957,BAL,Baltimore Orioles,0.5,Connie Johnson,SP,2.9,89,90,80,56,72,75,Epic
1957,BAL,Baltimore Orioles,0.5,George Zuverink,RP,2.6,41,33,65,72,30,54,Uncommon
1957,BAL,Baltimore Orioles,0.5,Billy O'Dell,SP,2.5,96,85,79,66,81,77,Epic
1957,PHI,Philadelphia Phillies,0.5,Jack Sanford,SP,4.6,84,99,54,61,66,71,Epic
1957,PHI,Philadelphia Phillies,0.5,Curt Simmons,SP,3.7,85,49,88,58,67,65,Rare
1957,PHI,Philadelphia Phillies,0.5,Robin Roberts,SP,2.6,88,60,101,41,70,68,Rare
1957,CLE,Cleveland Indians,0.497,Ray Narleski,RP,2.9,45,73,47,60,35,58,Rare
1957,CLE,Cleveland Indians,0.497,Cal McLish,RP,2.7,45,74,46,69,35,60,Rare
1957,CLE,Cleveland Indians,0.497,Mike Garcia,SP,2.3,88,61,65,51,70,60,Rare
1957,NY1,New York Giants,0.448,Ruben Gomez,SP,3.6,82,42,75,49,62,56,Rare
1957,NY1,New York Giants,0.448,Johnny Antonelli,SP,3.4,84,64,71,51,65,62,Rare
1957,NY1,New York Giants,0.448,Curt Barclay,SP,2.9,81,39,82,54,61,59,Rare
1957,CHN,Chicago Cubs,0.403,Moe Drabowsky,SP,4.6,84,87,55,54,66,65,Rare
1957,CHN,Chicago Cubs,0.403,Dick Drott,SP,3.2,84,92,38,53,65,61,Rare
1957,CHN,Chicago Cubs,0.403,Don Elston,RP,3.0,45,88,58,50,35,62,Rare
1957,PIT,Pittsburgh Pirates,0.403,Bob Friend,SP,3.1,84,61,86,55,66,67,Rare
1957,PIT,Pittsburgh Pirates,0.403,Vern Law,SP,2.4,83,32,98,65,64,65,Rare
1957,PIT,Pittsburgh Pirates,0.403,Bob Purkey,SP,1.4,91,27,93,51,75,59,Rare
1957,KC1,Kansas City Athletics,0.386,Virgil Trucks,RP,2.9,44,55,40,64,33,51,Uncommon
1957,KC1,Kansas City Athletics,0.386,Jack Urban,SP,1.9,99,48,64,62,85,61,Rare
1957,KC1,Kansas City Athletics,0.386,Ralph Terry,SP,1.5,84,69,61,58,66,63,Rare
1957,WS1,Washington Senators,0.357,Bud Byerly,RP,2.6,41,46,89,64,30,63,Rare
1957,WS1,Washington Senators,0.357,Camilo Pascual,SP,2.4,82,78,49,48,63,59,Rare
1957,WS1,Washington Senators,0.357,Tex Clevenger,RP,2.0,45,64,67,46,35,57,Rare
1958,ML1,Milwaukee Braves,0.597,Warren Spahn,SP,4.0,89,61,82,56,72,67,Rare
1958,ML1,Milwaukee Braves,0.597,Lew Burdette,SP,3.4,87,46,99,62,69,69,Rare
1958,ML1,Milwaukee Braves,0.597,Carl Willey,SP,2.6,85,62,58,65,67,62,Rare
1958,NYA,New York Yankees,0.597,Whitey Ford,SP,4.3,86,81,78,91,68,82,Epic
1958,NYA,New York Yankees,0.597,Bob Turley,SP,3.6,88,84,41,59,71,62,Rare
1958,NYA,New York Yankees,0.597,Ryne Duren,RP,2.3,40,125,37,92,28,79,Epic
1958,PIT,Pittsburgh Pirates,0.545,Red Witt,SP,4.0,84,95,38,117,65,82,Epic
1958,PIT,Pittsburgh Pirates,0.545,Ron Kline,SP,3.1,85,53,56,53,67,55,Rare
1958,PIT,Pittsburgh Pirates,0.545,Bob Friend,SP,2.6,84,57,91,52,66,67,Rare
1958,CHA,Chicago White Sox,0.532,Billy Pierce,SP,4.8,87,71,81,65,69,72,Epic
1958,CHA,Chicago White Sox,0.532,Dick Donovan,SP,3.7,84,60,92,60,66,70,Epic
1958,CHA,Chicago White Sox,0.532,Barry Latman,RP,1.8,45,71,62,116,35,78,Epic
1958,SFN,San Francisco Giants,0.519,Stu Miller,SP,4.9,94,80,81,78,79,80,Epic
1958,SFN,San Francisco Giants,0.519,Johnny Antonelli,SP,3.8,84,71,62,55,65,63,Rare
1958,SFN,San Francisco Giants,0.519,Al Worthington,RP,1.6,45,59,58,50,35,54,Uncommon
1958,BOS,Boston Red Sox,0.513,Ike Delock,SP,2.7,90,60,64,59,74,62,Rare
1958,BOS,Boston Red Sox,0.513,Frank Sullivan,SP,1.8,83,61,86,58,64,68,Rare
1958,BOS,Boston Red Sox,0.513,Leo Kiely,RP,1.6,40,33,91,72,28,62,Rare
1958,CLE,Cleveland Indians,0.503,Hoyt Wilhelm,RP,3.9,45,86,65,87,35,75,Epic
1958,CLE,Cleveland Indians,0.503,Cal McLish,SP,3.2,86,49,72,60,68,61,Rare
1958,CLE,Cleveland Indians,0.503,Gary Bell,SP,2.7,88,73,53,55,71,61,Rare
1958,DET,Detroit Tigers,0.5,Frank Lary,SP,6.7,87,59,82,70,69,70,Epic
1958,DET,Detroit Tigers,0.5,Paul Foytack,SP,3.5,83,70,67,57,64,65,Rare
1958,DET,Detroit Tigers,0.5,Jim Bunning,SP,3.1,81,101,62,54,61,71,Epic
1958,CIN,Cincinnati Redlegs,0.494,Bob Purkey,SP,4.9,85,27,96,57,67,61,Rare
1958,CIN,Cincinnati Redlegs,0.494,Harvey Haddix,SP,3.5,84,72,88,55,65,71,Epic
1958,CIN,Cincinnati Redlegs,0.494,Joe Nuxhall,SP,3.2,82,77,62,55,63,64,Rare
1958,BAL,Baltimore Orioles,0.484,Billy O'Dell,SP,4.0,93,75,89,62,77,76,Epic
1958,BAL,Baltimore Orioles,0.484,Jack Harshman,SP,4.0,90,84,71,62,73,72,Epic
1958,BAL,Baltimore Orioles,0.484,Arnie Portocarrero,SP,3.2,86,50,79,55,68,62,Rare
1958,KC1,Kansas City Athletics,0.474,Ray Herbert,RP,2.6,45,75,71,54,35,64,Rare
1958,KC1,Kansas City Athletics,0.474,Ned Garver,SP,1.4,84,38,68,46,66,52,Uncommon
1958,KC1,Kansas City Athletics,0.474,Ralph Terry,SP,1.3,81,75,78,42,61,65,Rare
1958,CHN,Chicago Cubs,0.468,Don Elston,RP,2.7,39,109,53,68,26,72,Epic
1958,CHN,Chicago Cubs,0.468,Bill Henry,RP,2.5,41,88,93,68,29,78,Epic
1958,CHN,Chicago Cubs,0.468,Glen Hobbie,RP,1.8,45,64,39,53,35,50,Uncommon
1958,SLN,St. Louis Cardinals,0.468,Sam Jones,SP,6.2,84,114,49,72,65,77,Epic
1958,SLN,St. Louis Cardinals,0.468,Jim Brosnan,SP,4.0,90,63,45,62,74,58,Rare
1958,SLN,St. Louis Cardinals,0.468,Vinegar Bend Mizell,SP,3.9,81,47,45,60,61,52,Uncommon
1958,LAN,Los Angeles Dodgers,0.461,Johnny Podres,SP,3.9,82,83,59,52,63,64,Rare
1958,LAN,Los Angeles Dodgers,0.461,Don Drysdale,SP,3.0,85,75,66,48,67,63,Rare
1958,LAN,Los Angeles Dodgers,0.461,Johnny Klippstein,RP,1.9,42,96,45,45,31,59,Rare
1958,PHI,Philadelphia Phillies,0.448,Robin Roberts,SP,6.2,88,56,98,60,71,71,Epic
1958,PHI,Philadelphia Phillies,0.448,Ray Semproch,SP,2.9,82,52,78,48,63,60,Rare
1958,PHI,Philadelphia Phillies,0.448,Turk Farrell,RP,2.5,40,97,49,60,28,65,Rare
1958,WS1,Washington Senators,0.396,Dick Hyde,RP,4.8,41,55,66,118,30,75,Epic
1958,WS1,Washington Senators,0.396,Camilo Pascual,SP,4.5,81,103,66,61,61,75,Epic
1958,WS1,Washington Senators,0.396,Pedro Ramos,SP,2.8,83,60,75,40,64,59,Rare
1959,CHA,Chicago White Sox,0.61,Bob Shaw,SP,4.8,94,42,88,72,78,68,Rare
1959,CHA,Chicago White Sox,0.61,Early Wynn,SP,2.8,83,86,46,60,64,64,Rare
1959,CHA,Chicago White Sox,0.61,Gerry Staley,RP,2.5,40,53,92,90,28,73,Epic
1959,CLE,Cleveland Indians,0.578,Jim Perry,RP,2.4,45,61,62,72,35,62,Rare
1959,CLE,Cleveland Indians,0.578,Gary Bell,SP,1.2,90,70,47,43,74,55,Rare
1959,CLE,Cleveland Indians,0.578,Don Ferrarese,SP,0.9,87,71,29,58,69,54,Uncommon
1959,LAN,Los Angeles Dodgers,0.564,Don Drysdale,SP,5.9,86,113,65,60,68,78,Epic
1959,LAN,Los Angeles Dodgers,0.564,Roger Craig,SP,4.9,94,58,75,104,78,79,Epic
1959,LAN,Los Angeles Dodgers,0.564,Larry Sherry,RP,3.6,45,95,47,97,35,75,Epic
1959,ML1,Milwaukee Braves,0.551,Warren Spahn,SP,5.5,89,57,87,60,72,68,Rare
1959,ML1,Milwaukee Braves,0.551,Bob Buhl,SP,3.3,88,63,59,60,71,62,Rare
1959,ML1,Milwaukee Braves,0.551,Don McMahon,RP,2.1,38,84,46,71,25,63,Rare
1959,SFN,San Francisco Giants,0.539,Sam Jones,SP,5.7,88,96,53,68,70,72,Epic
1959,SFN,San Francisco Giants,0.539,Johnny Antonelli,SP,4.9,85,70,81,60,67,70,Epic
1959,SFN,San Francisco Giants,0.539,Jack Sanford,SP,3.4,84,71,71,59,66,67,Rare
1959,NYA,New York Yankees,0.513,Ryne Duren,RP,3.8,41,125,38,99,29,82,Epic
1959,NYA,New York Yankees,0.513,Art Ditmar,SP,3.4,89,55,83,63,72,68,Rare
1959,NYA,New York Yankees,0.513,Whitey Ford,SP,2.5,84,67,48,61,65,59,Rare
1959,PIT,Pittsburgh Pirates,0.506,Vern Law,SP,6.5,89,46,95,64,72,69,Rare
1959,PIT,Pittsburgh Pirates,0.506,Harvey Haddix,SP,3.8,88,81,91,59,70,76,Epic
1959,PIT,Pittsburgh Pirates,0.506,Roy Face,RP,3.2,39,92,81,74,27,77,Epic
1959,DET,Detroit Tigers,0.494,Don Mossi,SP,4.1,87,65,92,60,69,72,Epic
1959,DET,Detroit Tigers,0.494,Jim Bunning,SP,3.8,84,101,74,47,65,73,Epic
1959,DET,Detroit Tigers,0.494,Frank Lary,SP,2.1,83,74,94,55,64,73,Epic
1959,BOS,Boston Red Sox,0.487,Tom Brewer,SP,2.8,82,67,51,54,62,58,Rare
1959,BOS,Boston Red Sox,0.487,Ike Delock,SP,2.6,88,46,46,68,71,55,Rare
1959,BOS,Boston Red Sox,0.487,Mike Fornieles,RP,2.2,40,80,63,66,28,66,Rare
1959,BAL,Baltimore Orioles,0.481,Hoyt Wilhelm,SP,7.6,90,74,66,90,74,76,Epic
1959,BAL,Baltimore Orioles,0.481,Milt Pappas,SP,4.2,88,69,62,63,70,65,Rare
1959,BAL,Baltimore Orioles,0.481,Billy O'Dell,SP,4.0,90,50,67,64,74,62,Rare
1959,CHN,Chicago Cubs,0.481,Bill Henry,RP,4.4,41,108,97,70,30,86,Legendary
1959,CHN,Chicago Cubs,0.481,Glen Hobbie,SP,2.4,84,71,47,54,65,58,Rare
1959,CHN,Chicago Cubs,0.481,Dave Hillman,SP,2.3,88,53,90,54,71,66,Rare
1959,CIN,Cincinnati Redlegs,0.481,Don Newcombe,SP,4.9,87,52,112,62,69,75,Epic
1959,CIN,Cincinnati Redlegs,0.481,Jim Brosnan,RP,1.8,44,77,63,50,34,60,Rare
1959,CIN,Cincinnati Redlegs,0.481,Bob Purkey,SP,1.3,82,38,96,45,62,60,Rare
1959,SLN,St. Louis Cardinals,0.461,Larry Jackson,SP,7.3,83,68,85,67,64,72,Epic
1959,SLN,St. Louis Cardinals,0.461,Lindy McDaniel,RP,2.9,42,79,72,55,31,65,Rare
1959,SLN,St. Louis Cardinals,0.461,Vinegar Bend Mizell,SP,2.4,82,63,48,48,62,54,Uncommon
1959,KC1,Kansas City Athletics,0.429,Bud Daley,SP,4.3,86,69,77,62,68,69,Rare
1959,KC1,Kansas City Athletics,0.429,Ned Garver,SP,2.7,82,30,93,52,62,59,Rare
1959,KC1,Kansas City Athletics,0.429,Johnny Kucks,SP,1.2,83,38,74,35,64,50,Uncommon
1959,PHI,Philadelphia Phillies,0.416,Gene Conley,SP,4.8,90,68,88,69,73,75,Epic
1959,PHI,Philadelphia Phillies,0.416,Jim Owens,SP,4.5,85,74,68,65,67,69,Rare
1959,PHI,Philadelphia Phillies,0.416,Robin Roberts,SP,2.3,85,63,109,44,67,72,Epic
1959,WS1,Washington Senators,0.409,Camilo Pascual,SP,7.8,88,97,77,79,71,83,Epic
1959,WS1,Washington Senators,0.409,Pedro Ramos,SP,2.2,82,45,91,44,62,60,Rare
1959,WS1,Washington Senators,0.409,Bill Fischer,SP,2.1,81,34,89,45,61,56,Rare
1960,NYA,New York Yankees,0.63,Art Ditmar,SP,2.2,84,33,78,56,65,57,Rare
1960,NYA,New York Yankees,0.63,Whitey Ford,SP,2.0,82,50,66,58,62,58,Rare
1960,NYA,New York Yankees,0.63,Bob Turley,SP,1.7,84,59,43,55,66,54,Uncommon
1960,PIT,Pittsburgh Pirates,0.617,Bob Friend,SP,5.6,86,81,103,64,68,81,Epic
1960,PIT,Pittsburgh Pirates,0.617,Vern Law,SP,4.2,88,50,106,60,70,72,Epic
1960,PIT,Pittsburgh Pirates,0.617,Vinegar Bend Mizell,SP,2.8,82,63,64,53,62,60,Rare
1960,BAL,Baltimore Orioles,0.578,Milt Pappas,SP,3.3,87,74,53,57,69,62,Rare
1960,BAL,Baltimore Orioles,0.578,Hal Brown,SP,2.8,88,46,108,62,71,72,Epic
1960,BAL,Baltimore Orioles,0.578,Chuck Estrada,SP,2.7,90,85,44,53,74,62,Rare
1960,ML1,Milwaukee Braves,0.571,Bob Buhl,SP,4.3,84,59,49,54,66,55,Rare
1960,ML1,Milwaukee Braves,0.571,Lew Burdette,SP,3.1,92,30,111,51,76,65,Rare
1960,ML1,Milwaukee Braves,0.571,Warren Spahn,SP,2.7,89,69,79,48,72,66,Rare
1960,CHA,Chicago White Sox,0.565,Frank Baumann,SP,3.4,95,42,77,74,80,66,Rare
1960,CHA,Chicago White Sox,0.565,Billy Pierce,SP,2.8,81,65,88,50,61,67,Rare
1960,CHA,Chicago White Sox,0.565,Early Wynn,SP,2.5,82,81,45,54,63,60,Rare
1960,SLN,St. Louis Cardinals,0.558,Ernie Broglio,SP,7.1,96,104,48,75,82,76,Epic
1960,SLN,St. Louis Cardinals,0.558,Lindy McDaniel,RP,5.9,40,114,94,100,28,95,Legendary
1960,SLN,St. Louis Cardinals,0.558,Larry Jackson,SP,5.3,85,73,85,58,67,72,Epic
1960,LAN,Los Angeles Dodgers,0.532,Don Drysdale,SP,7.0,86,116,81,69,68,87,Legendary
1960,LAN,Los Angeles Dodgers,0.532,Johnny Podres,SP,4.8,83,86,72,62,64,72,Epic
1960,LAN,Los Angeles Dodgers,0.532,Stan Williams,SP,3.9,83,106,64,63,64,76,Epic
1960,SFN,San Francisco Giants,0.513,Mike McCormick,SP,5.1,86,73,83,67,68,74,Epic
1960,SFN,San Francisco Giants,0.513,Billy O'Dell,SP,3.0,91,88,63,55,75,69,Rare
1960,SFN,San Francisco Giants,0.513,Juan Marichal,SP,1.8,85,88,65,68,67,73,Epic
1960,CLE,Cleveland Indians,0.494,Jim Perry,SP,2.5,84,53,64,48,66,56,Rare
1960,CLE,Cleveland Indians,0.494,Bobby Locke,RP,1.6,45,49,74,56,35,57,Rare
1960,CLE,Cleveland Indians,0.494,Frank Funk,RP,1.1,45,68,78,96,35,76,Epic
1960,WS1,Washington Senators,0.474,Pedro Ramos,SP,4.5,87,70,61,57,69,63,Rare
1960,WS1,Washington Senators,0.474,Jack Kralick,SP,4.0,90,54,75,66,74,66,Rare
1960,WS1,Washington Senators,0.474,Camilo Pascual,SP,2.9,83,120,64,66,64,81,Epic
1960,DET,Detroit Tigers,0.461,Jim Bunning,SP,6.6,85,100,84,72,67,84,Epic
1960,DET,Detroit Tigers,0.461,Frank Lary,SP,4.1,87,64,90,56,69,70,Epic
1960,DET,Detroit Tigers,0.461,Don Mossi,SP,3.0,84,50,95,56,66,67,Rare
1960,CIN,Cincinnati Reds,0.435,Bob Purkey,SP,3.6,87,42,88,52,69,62,Rare
1960,CIN,Cincinnati Reds,0.435,Jim Brosnan,RP,2.7,40,76,91,86,28,79,Epic
1960,CIN,Cincinnati Reds,0.435,Jim O'Toole,SP,2.0,80,77,67,50,60,64,Rare
1960,BOS,Boston Red Sox,0.422,Bill Monbouquette,SP,4.9,84,75,71,55,66,67,Rare
1960,BOS,Boston Red Sox,0.422,Mike Fornieles,RP,3.5,39,71,47,80,27,62,Rare
1960,BOS,Boston Red Sox,0.422,Billy Muffett,SP,3.1,94,72,77,66,78,72,Epic
1960,CHN,Chicago Cubs,0.39,Dick Ellsworth,SP,2.0,81,63,52,51,61,56,Rare
1960,CHN,Chicago Cubs,0.39,Glen Hobbie,SP,1.8,84,61,55,45,66,55,Rare
1960,CHN,Chicago Cubs,0.39,Don Elston,RP,1.2,42,82,49,52,31,58,Rare
1960,PHI,Philadelphia Phillies,0.383,Robin Roberts,SP,3.7,84,60,107,45,66,70,Epic
1960,PHI,Philadelphia Phillies,0.383,Art Mahaffey,SP,3.2,88,72,61,84,70,72,Epic
1960,PHI,Philadelphia Phillies,0.383,Gene Conley,SP,3.0,85,78,89,55,67,73,Epic
1960,KC1,Kansas City Athletics,0.377,Ray Herbert,SP,5.8,87,56,77,62,69,65,Rare
1960,KC1,Kansas City Athletics,0.377,Ned Garver,SP,1.9,90,46,77,49,73,59,Rare
1960,KC1,Kansas City Athletics,0.377,Dick Hall,SP,1.6,81,49,94,44,61,62,Rare
1961,NYA,New York Yankees,0.673,Whitey Ford,SP,3.7,88,70,63,58,70,64,Rare
1961,NYA,New York Yankees,0.673,Bill Stafford,SP,3.6,90,40,68,72,74,61,Rare
1961,NYA,New York Yankees,0.673,Luis Arroyo,RP,3.2,41,69,47,91,29,65,Rare
1961,DET,Detroit Tigers,0.623,Frank Lary,SP,4.3,90,42,83,64,73,64,Rare
1961,DET,Detroit Tigers,0.623,Don Mossi,SP,4.0,87,47,94,68,69,70,Epic
1961,DET,Detroit Tigers,0.623,Jim Bunning,SP,3.8,88,68,77,64,70,70,Epic
1961,CIN,Cincinnati Reds,0.604,Jim O'Toole,SP,5.1,88,65,53,68,70,63,Rare
1961,CIN,Cincinnati Reds,0.604,Joey Jay,SP,4.5,88,56,52,56,70,56,Rare
1961,CIN,Cincinnati Reds,0.604,Bob Purkey,SP,2.7,88,34,91,53,70,60,Rare
1961,BAL,Baltimore Orioles,0.586,Billy Hoeft,RP,4.2,45,68,48,100,35,68,Rare
1961,BAL,Baltimore Orioles,0.586,Steve Barber,SP,3.6,88,52,36,61,70,52,Uncommon
1961,BAL,Baltimore Orioles,0.586,Milt Pappas,SP,3.0,90,38,44,63,74,51,Uncommon
1961,LAN,Los Angeles Dodgers,0.578,Sandy Koufax,SP,5.7,88,112,51,60,70,74,Epic
1961,LAN,Los Angeles Dodgers,0.578,Don Drysdale,SP,5.4,84,71,59,56,65,62,Rare
1961,LAN,Los Angeles Dodgers,0.578,Stan Williams,SP,4.7,84,88,43,55,66,62,Rare
1961,SFN,San Francisco Giants,0.552,Mike McCormick,SP,4.3,87,58,69,57,69,62,Rare
1961,SFN,San Francisco Giants,0.552,Stu Miller,RP,3.1,41,69,68,78,30,68,Rare
1961,SFN,San Francisco Giants,0.552,Juan Marichal,SP,1.8,85,61,79,46,67,62,Rare
1961,ML1,Milwaukee Braves,0.539,Warren Spahn,SP,4.0,90,30,83,61,74,60,Rare
1961,ML1,Milwaukee Braves,0.539,Carl Willey,SP,1.5,88,47,47,45,70,49,Uncommon
1961,ML1,Milwaukee Braves,0.539,Lew Burdette,SP,1.3,89,16,112,44,72,59,Rare
1961,CHA,Chicago White Sox,0.531,Juan Pizarro,SP,4.4,90,101,43,64,74,70,Epic
1961,CHA,Chicago White Sox,0.531,Turk Lown,RP,2.5,40,37,58,69,28,52,Uncommon
1961,CHA,Chicago White Sox,0.531,Early Wynn,SP,2.1,85,48,46,55,67,51,Uncommon
1961,SLN,St. Louis Cardinals,0.519,Bob Gibson,SP,4.4,90,76,33,71,74,61,Rare
1961,SLN,St. Louis Cardinals,0.519,Ray Sadecki,SP,4.0,87,39,43,57,69,49,Uncommon
1961,SLN,St. Louis Cardinals,0.519,Larry Jackson,SP,3.7,89,43,77,58,72,61,Rare
1961,PIT,Pittsburgh Pirates,0.487,Joe Gibbon,SP,3.5,84,70,71,60,66,67,Rare
1961,PIT,Pittsburgh Pirates,0.487,Tom Sturdivant,SP,2.8,91,39,59,58,75,54,Uncommon
1961,PIT,Pittsburgh Pirates,0.487,Bob Friend,SP,2.7,84,32,95,53,66,61,Rare
1961,CLE,Cleveland Indians,0.484,Mudcat Grant,SP,2.4,86,51,44,48,68,50,Uncommon
1961,CLE,Cleveland Indians,0.484,Frank Funk,RP,1.9,39,64,61,59,27,58,Rare
1961,CLE,Cleveland Indians,0.484,Barry Latman,SP,1.7,102,53,68,46,89,59,Rare
1961,BOS,Boston Red Sox,0.469,Bill Monbouquette,SP,3.9,88,62,46,60,71,58,Rare
1961,BOS,Boston Red Sox,0.469,Don Schwall,SP,3.3,87,39,28,69,69,48,Uncommon
1961,BOS,Boston Red Sox,0.469,Dave Hillman,RP,2.2,45,38,70,75,35,58,Rare
1961,MIN,Minnesota Twins,0.438,Jack Kralick,SP,6.0,88,47,78,59,71,62,Rare
1961,MIN,Minnesota Twins,0.438,Camilo Pascual,SP,5.3,90,89,48,60,73,66,Rare
1961,MIN,Minnesota Twins,0.438,Pedro Ramos,SP,3.6,90,59,69,50,74,61,Rare
1961,LAA,Los Angeles Angels,0.435,Ken McBride,SP,5.1,84,71,46,60,66,60,Rare
1961,LAA,Los Angeles Angels,0.435,Tom Morgan,RP,2.9,39,28,96,98,27,69,Rare
1961,LAA,Los Angeles Angels,0.435,Ted Bowsfield,SP,2.4,89,46,48,58,72,53,Uncommon
1961,CHN,Chicago Cubs,0.416,Don Cardwell,SP,6.1,85,51,60,55,67,56,Rare
1961,CHN,Chicago Cubs,0.416,Dick Ellsworth,SP,3.7,81,36,79,52,61,56,Rare
1961,CHN,Chicago Cubs,0.416,Glen Hobbie,SP,2.4,85,40,76,46,67,55,Rare
1961,KC1,Kansas City Athletics,0.379,Jim Archer,SP,3.8,90,43,71,69,73,62,Rare
1961,KC1,Kansas City Athletics,0.379,Bob Shaw,SP,1.4,83,26,57,48,64,46,Uncommon
1961,KC1,Kansas City Athletics,0.379,Jerry Walker,SP,1.0,86,16,32,39,68,33,Common
1961,WS2,Washington Senators,0.379,Dick Donovan,SP,4.3,90,20,91,85,73,66,Rare
1961,WS2,Washington Senators,0.379,Bennie Daniels,SP,3.6,89,40,51,59,72,52,Uncommon
1961,WS2,Washington Senators,0.379,Joe McClain,SP,2.0,88,19,87,49,70,54,Uncommon
1961,PHI,Philadelphia Phillies,0.305,Art Mahaffey,SP,2.9,85,67,64,47,67,60,Rare
1961,PHI,Philadelphia Phillies,0.305,Don Ferrarese,RP,2.5,45,57,40,53,35,48,Uncommon
1961,PHI,Philadelphia Phillies,0.305,John Buzhardt,SP,2.0,89,32,64,41,72,48,Uncommon
1962,SFN,San Francisco Giants,0.624,Juan Marichal,SP,3.6,88,49,59,54,70,56,Rare
1962,SFN,San Francisco Giants,0.624,Jack Sanford,SP,3.6,86,45,58,56,68,54,Uncommon
1962,SFN,San Francisco Giants,0.624,Billy O'Dell,SP,3.2,88,64,85,57,70,69,Rare
1962,LAN,Los Angeles Dodgers,0.618,Don Drysdale,SP,5.4,90,70,81,66,73,72,Epic
1962,LAN,Los Angeles Dodgers,0.618,Sandy Koufax,SP,4.4,87,125,67,74,69,87,Legendary
1962,LAN,Los Angeles Dodgers,0.618,Johnny Podres,SP,2.5,82,64,74,48,63,62,Rare
1962,CIN,Cincinnati Reds,0.605,Bob Purkey,SP,7.2,90,36,88,72,74,66,Rare
1962,CIN,Cincinnati Reds,0.605,Joey Jay,SP,4.6,88,47,53,53,71,53,Uncommon
1962,CIN,Cincinnati Reds,0.605,Jim O'Toole,SP,4.4,88,61,58,58,71,60,Rare
1962,NYA,New York Yankees,0.593,Whitey Ford,SP,5.1,86,54,77,66,68,66,Rare
1962,NYA,New York Yankees,0.593,Ralph Terry,SP,4.0,90,50,95,56,73,68,Rare
1962,NYA,New York Yankees,0.593,Bill Stafford,SP,2.1,83,39,54,50,64,49,Uncommon
1962,PIT,Pittsburgh Pirates,0.578,Bob Friend,SP,5.8,88,44,92,65,70,67,Rare
1962,PIT,Pittsburgh Pirates,0.578,Earl Francis,SP,4.0,90,63,41,69,73,59,Rare
1962,PIT,Pittsburgh Pirates,0.578,Roy Face,RP,4.0,39,37,94,108,26,74,Epic
1962,MIN,Minnesota Twins,0.562,Jim Kaat,SP,5.4,90,57,74,66,73,66,Rare
1962,MIN,Minnesota Twins,0.562,Camilo Pascual,SP,5.3,90,78,86,61,74,75,Epic
1962,MIN,Minnesota Twins,0.562,Dick Stigman,RP,2.5,45,80,43,53,35,56,Rare
1962,LAA,Los Angeles Angels,0.531,Dean Chance,SP,4.1,95,53,64,68,80,63,Rare
1962,LAA,Los Angeles Angels,0.531,Don Lee,SP,2.9,84,37,67,53,65,54,Uncommon
1962,LAA,Los Angeles Angels,0.531,Ken McBride,SP,2.3,83,45,42,58,64,50,Uncommon
1962,ML1,Milwaukee Braves,0.531,Warren Spahn,SP,5.6,91,30,92,62,75,63,Rare
1962,ML1,Milwaukee Braves,0.531,Bob Shaw,SP,4.9,90,45,94,68,74,70,Epic
1962,ML1,Milwaukee Braves,0.531,Bob Hendley,SP,2.2,85,46,70,53,67,57,Rare
1962,DET,Detroit Tigers,0.528,Hank Aguirre,SP,7.4,102,68,69,96,89,79,Epic
1962,DET,Detroit Tigers,0.528,Jim Bunning,SP,4.8,88,66,72,56,71,65,Rare
1962,DET,Detroit Tigers,0.528,Terry Fox,RP,3.7,38,24,75,115,25,67,Rare
1962,CHA,Chicago White Sox,0.525,Ray Herbert,SP,4.6,84,36,66,64,66,56,Rare
1962,CHA,Chicago White Sox,0.525,Eddie Fisher,RP,3.2,45,35,82,63,35,57,Rare
1962,CHA,Chicago White Sox,0.525,Frank Baumann,RP,2.3,45,32,69,59,35,52,Uncommon
1962,SLN,St. Louis Cardinals,0.519,Ernie Broglio,SP,6.1,88,50,46,72,71,57,Rare
1962,SLN,St. Louis Cardinals,0.519,Bob Gibson,SP,5.6,90,90,47,79,74,72,Epic
1962,SLN,St. Louis Cardinals,0.519,Larry Jackson,SP,2.8,88,30,80,57,70,57,Rare
1962,PHI,Philadelphia Phillies,0.503,Art Mahaffey,SP,3.1,86,57,70,46,68,59,Rare
1962,PHI,Philadelphia Phillies,0.503,Dennis Bennett,SP,2.6,88,85,49,50,70,62,Rare
1962,PHI,Philadelphia Phillies,0.503,Jack Baldschun,RP,2.5,40,84,37,70,28,60,Rare
1962,CLE,Cleveland Indians,0.494,Dick Donovan,SP,3.2,88,21,96,53,71,58,Rare
1962,CLE,Cleveland Indians,0.494,Jim Perry,SP,1.4,87,22,68,45,69,47,Uncommon
1962,CLE,Cleveland Indians,0.494,Mudcat Grant,SP,0.9,83,51,35,40,64,44,Common
1962,BAL,Baltimore Orioles,0.475,Robin Roberts,SP,4.4,90,42,90,67,73,67,Rare
1962,BAL,Baltimore Orioles,0.475,Dick Hall,RP,3.2,45,51,102,83,35,74,Epic
1962,BAL,Baltimore Orioles,0.475,Hoyt Wilhelm,RP,2.7,40,101,53,101,28,79,Epic
1962,BOS,Boston Red Sox,0.475,Dick Radatz,RP,5.5,41,125,64,95,30,88,Legendary
1962,BOS,Boston Red Sox,0.475,Bill Monbouquette,SP,3.8,84,58,75,62,66,65,Rare
1962,BOS,Boston Red Sox,0.475,Earl Wilson,SP,2.9,85,67,31,52,67,52,Uncommon
1962,KC1,Kansas City Athletics,0.444,Orlando Peña,SP,2.6,89,54,69,70,72,65,Rare
1962,KC1,Kansas City Athletics,0.444,Diego Segui,RP,2.2,45,52,49,52,35,49,Uncommon
1962,KC1,Kansas City Athletics,0.444,Bill Fischer,SP,1.8,91,11,125,51,75,64,Rare
1962,HOU,Houston Colt .45's,0.4,Turk Farrell,SP,7.0,94,84,86,62,78,77,Epic
1962,HOU,Houston Colt .45's,0.4,Don McMahon,RP,3.8,39,92,47,83,26,69,Rare
1962,HOU,Houston Colt .45's,0.4,Ken Johnson,SP,2.6,82,92,85,48,63,74,Epic
1962,WS2,Washington Senators,0.373,Tom Cheney,SP,3.8,89,85,33,66,72,62,Rare
1962,WS2,Washington Senators,0.373,Dave Stenhouse,SP,3.5,89,54,43,53,72,52,Uncommon
1962,WS2,Washington Senators,0.373,Claude Osteen,SP,3.0,85,23,66,56,67,50,Uncommon
1962,CHN,Chicago Cubs,0.364,Cal Koonce,SP,3.3,82,30,43,52,63,44,Common
1962,CHN,Chicago Cubs,0.364,Bob Buhl,SP,2.7,85,40,43,31,67,41,Common
1962,CHN,Chicago Cubs,0.364,Don Elston,RP,2.0,37,45,40,86,24,54,Uncommon
1962,NYN,New York Mets,0.25,Roger Craig,SP,3.0,87,39,69,42,69,52,Uncommon
1962,NYN,New York Mets,0.25,Al Jackson,SP,3.0,86,39,60,49,68,51,Uncommon
1962,NYN,New York Mets,0.25,Jay Hook,SP,0.9,82,42,61,39,63,49,Uncommon
1963,NYA,New York Yankees,0.646,Jim Bouton,SP,4.8,94,50,57,72,78,61,Rare
1963,NYA,New York Yankees,0.646,Whitey Ford,SP,4.3,88,65,91,64,70,73,Epic
1963,NYA,New York Yankees,0.646,Al Downing,SP,3.8,92,102,43,74,76,73,Epic
1963,LAN,Los Angeles Dodgers,0.611,Sandy Koufax,SP,10.7,90,103,96,84,74,92,Legendary
1963,LAN,Los Angeles Dodgers,0.611,Ron Perranoski,RP,4.5,41,49,61,94,29,64,Rare
1963,LAN,Los Angeles Dodgers,0.611,Don Drysdale,SP,4.3,89,78,98,58,72,77,Epic
1963,CHA,Chicago White Sox,0.58,Gary Peters,SP,5.9,92,75,74,81,76,77,Epic
1963,CHA,Chicago White Sox,0.58,Juan Pizarro,SP,4.4,90,73,71,76,73,73,Epic
1963,CHA,Chicago White Sox,0.58,John Buzhardt,SP,3.2,86,33,82,75,68,64,Rare
1963,SLN,St. Louis Cardinals,0.574,Curt Simmons,SP,4.8,88,44,91,76,70,70,Epic
1963,SLN,St. Louis Cardinals,0.574,Ernie Broglio,SP,3.3,87,48,55,59,69,55,Rare
1963,SLN,St. Louis Cardinals,0.574,Ron Taylor,RP,2.8,44,62,87,64,34,67,Rare
1963,MIN,Minnesota Twins,0.565,Camilo Pascual,SP,6.1,92,80,63,75,76,73,Epic
1963,MIN,Minnesota Twins,0.565,Dick Stigman,SP,3.9,88,78,60,53,70,64,Rare
1963,MIN,Minnesota Twins,0.565,Lee Stange,SP,3.7,93,52,78,67,77,67,Rare
1963,SFN,San Francisco Giants,0.543,Juan Marichal,SP,7.8,92,74,95,67,76,78,Epic
1963,SFN,San Francisco Giants,0.543,Billy O'Dell,SP,2.7,84,41,66,53,66,55,Rare
1963,SFN,San Francisco Giants,0.543,Jack Sanford,SP,2.4,84,45,77,46,66,57,Rare
1963,PHI,Philadelphia Phillies,0.537,Johnny Klippstein,RP,2.8,43,74,47,91,32,67,Rare
1963,PHI,Philadelphia Phillies,0.537,Ray Culp,SP,2.6,84,87,38,56,66,61,Rare
1963,PHI,Philadelphia Phillies,0.537,Jack Baldschun,RP,2.0,40,76,52,74,28,63,Rare
1963,BAL,Baltimore Orioles,0.531,Steve Barber,SP,3.9,87,64,56,67,69,63,Rare
1963,BAL,Baltimore Orioles,0.531,Milt Pappas,SP,3.5,84,45,65,56,66,56,Rare
1963,BAL,Baltimore Orioles,0.531,Robin Roberts,SP,2.9,87,37,103,48,69,63,Rare
1963,CIN,Cincinnati Reds,0.531,Jim Maloney,SP,5.0,90,113,57,62,73,77,Epic
1963,CIN,Cincinnati Reds,0.531,Joe Nuxhall,SP,4.8,89,75,98,67,72,79,Epic
1963,CIN,Cincinnati Reds,0.531,Jim O'Toole,SP,4.4,88,54,83,61,71,66,Rare
1963,ML1,Milwaukee Braves,0.519,Warren Spahn,SP,4.0,91,24,96,62,75,62,Rare
1963,ML1,Milwaukee Braves,0.519,Denny Lemaster,SP,2.7,90,78,55,50,73,62,Rare
1963,ML1,Milwaukee Braves,0.519,Bob Shaw,RP,2.4,45,59,58,63,35,57,Rare
1963,CHN,Chicago Cubs,0.506,Dick Ellsworth,SP,10.2,91,56,79,89,75,75,Epic
1963,CHN,Chicago Cubs,0.506,Larry Jackson,SP,5.0,88,45,94,75,71,71,Epic
1963,CHN,Chicago Cubs,0.506,Bob Buhl,SP,2.6,84,35,75,51,65,55,Rare
1963,CLE,Cleveland Indians,0.488,Jack Kralick,SP,3.9,86,48,88,55,68,64,Rare
1963,CLE,Cleveland Indians,0.488,Pedro Ramos,SP,3.1,94,94,88,54,79,79,Epic
1963,CLE,Cleveland Indians,0.488,Mudcat Grant,SP,2.3,87,63,50,46,69,55,Rare
1963,DET,Detroit Tigers,0.488,Hank Aguirre,SP,2.9,85,50,69,49,67,57,Rare
1963,DET,Detroit Tigers,0.488,Frank Lary,SP,1.7,90,28,83,54,73,57,Rare
1963,DET,Detroit Tigers,0.488,Jim Bunning,SP,1.5,87,77,74,44,69,65,Rare
1963,BOS,Boston Red Sox,0.472,Dick Radatz,RP,5.7,41,125,49,100,30,85,Legendary
1963,BOS,Boston Red Sox,0.472,Bill Monbouquette,SP,2.8,88,58,103,48,71,70,Epic
1963,BOS,Boston Red Sox,0.472,Jack Lamabe,RP,1.9,43,53,68,64,32,59,Rare
1963,PIT,Pittsburgh Pirates,0.457,Bob Friend,SP,5.8,87,43,102,75,69,73,Epic
1963,PIT,Pittsburgh Pirates,0.457,Bob Veale,RP,3.3,43,89,37,118,32,76,Epic
1963,PIT,Pittsburgh Pirates,0.457,Al McBean,RP,2.2,43,52,65,69,32,59,Rare
1963,KC1,Kansas City Athletics,0.451,Moe Drabowsky,SP,4.6,91,55,53,65,75,59,Rare
1963,KC1,Kansas City Athletics,0.451,Orlando Peña,SP,3.8,84,50,82,52,65,62,Rare
1963,KC1,Kansas City Athletics,0.451,Dave Wickersham,SP,3.1,86,37,61,48,68,51,Uncommon
1963,LAA,Los Angeles Angels,0.435,Ken McBride,SP,2.8,86,49,63,52,68,56,Rare
1963,LAA,Los Angeles Angels,0.435,Art Fowler,RP,2.2,39,50,90,75,27,67,Rare
1963,LAA,Los Angeles Angels,0.435,Dean Chance,SP,1.9,87,62,54,58,69,59,Rare
1963,HOU,Houston Colt .45's,0.407,Hal Woodeshick,RP,4.6,42,82,53,88,31,70,Epic
1963,HOU,Houston Colt .45's,0.407,Ken Johnson,SP,4.1,86,59,87,63,68,70,Epic
1963,HOU,Houston Colt .45's,0.407,Turk Farrell,SP,3.8,90,64,99,55,74,73,Epic
1963,WS2,Washington Senators,0.346,Tom Cheney,SP,3.1,83,66,71,69,64,68,Rare
1963,WS2,Washington Senators,0.346,Claude Osteen,SP,2.2,88,40,73,55,71,58,Rare
1963,WS2,Washington Senators,0.346,Ron Kline,RP,2.1,39,41,64,74,26,56,Rare
1963,NYN,New York Mets,0.315,Carl Willey,SP,4.3,84,45,51,53,65,51,Uncommon
1963,NYN,New York Mets,0.315,Roger Craig,SP,2.3,90,32,82,43,73,54,Uncommon
1963,NYN,New York Mets,0.315,Larry Bearnarth,RP,1.5,42,22,52,54,31,42,Common
1964,NYA,New York Yankees,0.611,Whitey Ford,SP,6.7,85,65,85,91,67,79,Epic
1964,NYA,New York Yankees,0.611,Jim Bouton,SP,4.1,88,33,88,58,71,61,Rare
1964,NYA,New York Yankees,0.611,Mel Stottlemyre,SP,2.8,92,39,54,95,76,64,Rare
1964,CHA,Chicago White Sox,0.605,Joe Horlen,SP,5.0,89,59,78,97,72,77,Epic
1964,CHA,Chicago White Sox,0.605,Gary Peters,SP,4.2,90,71,50,71,73,65,Rare
1964,CHA,Chicago White Sox,0.605,Juan Pizarro,SP,3.6,88,62,86,67,70,72,Epic
1964,BAL,Baltimore Orioles,0.599,Robin Roberts,SP,3.5,84,42,80,62,65,62,Rare
1964,BAL,Baltimore Orioles,0.599,Milt Pappas,SP,3.5,86,54,95,61,68,70,Epic
1964,BAL,Baltimore Orioles,0.599,Wally Bunker,SP,3.4,88,31,72,68,71,58,Rare
1964,SLN,St. Louis Cardinals,0.574,Bob Gibson,SP,6.0,92,85,69,64,76,73,Epic
1964,SLN,St. Louis Cardinals,0.574,Curt Simmons,SP,3.2,87,28,93,55,69,60,Rare
1964,SLN,St. Louis Cardinals,0.574,Ray Sadecki,SP,1.8,85,43,76,53,67,58,Rare
1964,CIN,Cincinnati Reds,0.568,Jim O'Toole,SP,5.4,88,59,85,74,71,72,Epic
1964,CIN,Cincinnati Reds,0.568,Jim Maloney,SP,4.6,86,104,50,68,68,73,Epic
1964,CIN,Cincinnati Reds,0.568,Sammy Ellis,RP,3.1,44,108,86,72,33,83,Epic
1964,PHI,Philadelphia Phillies,0.568,Chris Short,SP,6.2,87,81,86,84,69,82,Epic
1964,PHI,Philadelphia Phillies,0.568,Jim Bunning,SP,5.5,88,74,102,67,70,80,Epic
1964,PHI,Philadelphia Phillies,0.568,Ed Roebuck,RP,2.3,37,43,58,54,24,49,Uncommon
1964,SFN,San Francisco Giants,0.556,Juan Marichal,SP,6.3,93,74,95,74,77,81,Epic
1964,SFN,San Francisco Giants,0.556,Gaylord Perry,SP,5.4,108,72,91,66,97,78,Epic
1964,SFN,San Francisco Giants,0.556,Bobby Bolin,SP,2.6,90,83,44,54,73,62,Rare
1964,ML1,Milwaukee Braves,0.543,Tony Cloninger,SP,1.6,87,61,60,50,69,58,Rare
1964,ML1,Milwaukee Braves,0.543,Clay Carroll,RP,0.8,41,83,106,108,29,92,Legendary
1964,ML1,Milwaukee Braves,0.543,Denny Lemaster,SP,0.6,82,83,60,40,63,61,Rare
1964,DET,Detroit Tigers,0.525,Mickey Lolich,SP,3.6,86,82,75,55,68,70,Epic
1964,DET,Detroit Tigers,0.525,Dave Wickersham,SP,2.4,86,57,65,52,68,59,Rare
1964,DET,Detroit Tigers,0.525,Fred Gladding,RP,1.0,39,89,48,59,27,62,Rare
1964,LAA,Los Angeles Angels,0.506,Dean Chance,SP,9.4,91,71,67,109,75,82,Epic
1964,LAA,Los Angeles Angels,0.506,Bob Lee,RP,4.3,42,80,46,114,31,75,Epic
1964,LAA,Los Angeles Angels,0.506,Fred Newman,SP,2.4,84,29,92,65,66,62,Rare
1964,LAN,Los Angeles Dodgers,0.494,Don Drysdale,SP,7.8,92,70,90,79,76,79,Epic
1964,LAN,Los Angeles Dodgers,0.494,Sandy Koufax,SP,7.3,91,105,84,97,75,93,Legendary
1964,LAN,Los Angeles Dodgers,0.494,Bob Miller,RP,1.7,41,62,43,70,29,55,Rare
1964,PIT,Pittsburgh Pirates,0.494,Bob Veale,SP,5.8,88,91,44,71,71,69,Rare
1964,PIT,Pittsburgh Pirates,0.494,Bob Friend,SP,3.5,85,42,91,57,67,64,Rare
1964,PIT,Pittsburgh Pirates,0.494,Al McBean,RP,3.2,39,32,95,98,27,70,Epic
1964,CLE,Cleveland Indians,0.488,Sam McDowell,SP,4.8,88,108,31,72,70,70,Epic
1964,CLE,Cleveland Indians,0.488,Luis Tiant,SP,3.9,91,82,52,64,75,67,Rare
1964,CLE,Cleveland Indians,0.488,Jack Kralick,SP,3.5,84,54,77,56,65,63,Rare
1964,MIN,Minnesota Twins,0.488,Jim Kaat,SP,3.0,87,65,82,55,69,68,Rare
1964,MIN,Minnesota Twins,0.488,Camilo Pascual,SP,2.0,88,78,53,53,71,62,Rare
1964,MIN,Minnesota Twins,0.488,Al Worthington,RP,1.7,40,81,50,80,28,66,Rare
1964,CHN,Chicago Cubs,0.469,Larry Jackson,SP,6.0,90,37,94,62,74,65,Rare
1964,CHN,Chicago Cubs,0.469,Bob Buhl,SP,3.0,83,34,69,48,64,52,Uncommon
1964,CHN,Chicago Cubs,0.469,Dick Ellsworth,SP,1.6,87,48,75,47,69,58,Rare
1964,BOS,Boston Red Sox,0.444,Dick Radatz,RP,6.1,41,125,52,86,30,82,Epic
1964,BOS,Boston Red Sox,0.444,Bill Monbouquette,SP,2.9,84,39,100,44,66,62,Rare
1964,BOS,Boston Red Sox,0.444,Bob Heffner,RP,1.5,45,65,74,45,35,59,Rare
1964,HOU,Houston Colt .45's,0.407,Bob Bruce,SP,5.0,86,60,102,68,68,76,Epic
1964,HOU,Houston Colt .45's,0.407,Turk Farrell,SP,3.8,88,50,78,51,71,61,Rare
1964,HOU,Houston Colt .45's,0.407,Ken Johnson,SP,2.8,82,43,93,49,62,62,Rare
1964,WS2,Washington Senators,0.383,Claude Osteen,SP,3.8,87,40,81,57,69,60,Rare
1964,WS2,Washington Senators,0.383,Ron Kline,RP,1.8,38,37,79,86,25,63,Rare
1964,WS2,Washington Senators,0.383,Bennie Daniels,SP,1.5,84,31,49,48,66,45,Uncommon
1964,KC1,Kansas City Athletics,0.352,Wes Stock,RP,4.2,40,107,52,71,28,72,Epic
1964,KC1,Kansas City Athletics,0.352,John Wyatt,RP,2.7,39,48,47,48,27,46,Uncommon
1964,KC1,Kansas City Athletics,0.352,Diego Segui,SP,1.5,82,67,45,38,62,51,Uncommon
1964,NYN,New York Mets,0.327,Galen Cisco,SP,2.7,90,25,73,49,73,51,Uncommon
1964,NYN,New York Mets,0.327,Tracy Stallard,SP,1.9,84,41,63,46,65,51,Uncommon
1964,NYN,New York Mets,0.327,Bill Wakefield,RP,0.9,41,39,38,49,29,41,Common
1965,MIN,Minnesota Twins,0.63,Jim Perry,SP,2.6,96,41,74,67,82,63,Rare
1965,MIN,Minnesota Twins,0.63,Mudcat Grant,SP,2.5,86,41,87,52,68,61,Rare
1965,MIN,Minnesota Twins,0.63,Johnny Klippstein,RP,1.8,38,75,47,80,25,63,Rare
1965,LAN,Los Angeles Dodgers,0.599,Sandy Koufax,SP,8.0,93,124,90,82,77,96,Legendary
1965,LAN,Los Angeles Dodgers,0.599,Claude Osteen,SP,4.0,87,46,76,61,69,62,Rare
1965,LAN,Los Angeles Dodgers,0.599,Don Drysdale,SP,3.2,88,62,90,58,71,70,Epic
1965,CHA,Chicago White Sox,0.586,Hoyt Wilhelm,RP,3.6,42,70,88,89,31,77,Epic
1965,CHA,Chicago White Sox,0.586,Eddie Fisher,RP,2.2,41,44,79,67,30,60,Rare
1965,CHA,Chicago White Sox,0.586,John Buzhardt,SP,1.9,82,47,70,55,63,58,Rare
1965,SFN,San Francisco Giants,0.586,Juan Marichal,SP,10.3,92,80,104,86,76,89,Legendary
1965,SFN,San Francisco Giants,0.586,Bob Shaw,SP,5.3,87,55,87,70,69,70,Epic
1965,SFN,San Francisco Giants,0.586,Bobby Bolin,RP,4.5,45,82,59,65,35,65,Rare
1965,BAL,Baltimore Orioles,0.58,Stu Miller,RP,4.2,40,88,77,98,28,82,Epic
1965,BAL,Baltimore Orioles,0.58,Steve Barber,SP,2.9,85,50,53,66,67,57,Rare
1965,BAL,Baltimore Orioles,0.58,Dave McNally,SP,2.8,85,49,53,62,67,56,Rare
1965,PIT,Pittsburgh Pirates,0.556,Vern Law,SP,4.8,90,33,102,83,74,73,Epic
1965,PIT,Pittsburgh Pirates,0.556,Bob Veale,SP,4.0,87,111,44,69,69,74,Epic
1965,PIT,Pittsburgh Pirates,0.556,Al McBean,RP,3.1,41,34,53,82,29,54,Uncommon
1965,CIN,Cincinnati Reds,0.549,Jim Maloney,SP,8.2,90,99,45,79,74,74,Epic
1965,CIN,Cincinnati Reds,0.549,Sammy Ellis,SP,3.8,84,64,49,50,66,56,Rare
1965,CIN,Cincinnati Reds,0.549,Joe Nuxhall,SP,3.0,99,76,91,52,85,74,Epic
1965,DET,Detroit Tigers,0.549,Denny McLain,SP,4.6,90,88,74,66,73,76,Epic
1965,DET,Detroit Tigers,0.549,Mickey Lolich,SP,2.8,84,96,70,50,65,71,Epic
1965,DET,Detroit Tigers,0.549,Hank Aguirre,SP,2.1,83,62,72,47,64,61,Rare
1965,CLE,Cleveland Indians,0.537,Sam McDowell,SP,8.2,90,125,40,87,74,83,Epic
1965,CLE,Cleveland Indians,0.537,Sonny Siebert,SP,5.1,86,107,83,74,68,86,Legendary
1965,CLE,Cleveland Indians,0.537,Lee Stange,RP,2.0,45,52,94,52,35,63,Rare
1965,ML1,Milwaukee Braves,0.531,Tony Cloninger,SP,2.7,88,72,46,55,71,59,Rare
1965,ML1,Milwaukee Braves,0.531,Billy O'Dell,RP,2.5,40,65,76,81,28,69,Rare
1965,ML1,Milwaukee Braves,0.531,Ken Johnson,SP,2.3,85,58,91,48,67,66,Rare
1965,PHI,Philadelphia Phillies,0.528,Jim Bunning,SP,8.0,89,95,90,67,72,83,Epic
1965,PHI,Philadelphia Phillies,0.528,Chris Short,SP,6.8,88,78,69,64,71,70,Epic
1965,PHI,Philadelphia Phillies,0.528,Ray Culp,SP,2.7,85,59,50,55,67,56,Rare
1965,SLN,St. Louis Cardinals,0.497,Bob Gibson,SP,6.3,94,92,58,62,78,71,Epic
1965,SLN,St. Louis Cardinals,0.497,Hal Woodeshick,RP,3.1,37,57,40,87,24,58,Rare
1965,SLN,St. Louis Cardinals,0.497,Tracy Stallard,SP,2.6,89,39,55,55,72,52,Uncommon
1965,NYA,New York Yankees,0.475,Mel Stottlemyre,SP,6.8,91,42,68,68,75,61,Rare
1965,NYA,New York Yankees,0.475,Whitey Ford,SP,3.8,84,60,92,52,66,68,Rare
1965,NYA,New York Yankees,0.475,Steve Hamilton,RP,2.6,38,88,75,115,25,86,Legendary
1965,CAL,California Angels,0.463,Fred Newman,SP,4.4,88,27,82,60,70,58,Rare
1965,CAL,California Angels,0.463,Bob Lee,RP,4.1,41,62,64,89,29,67,Rare
1965,CAL,California Angels,0.463,George Brunet,SP,4.0,89,67,57,71,72,66,Rare
1965,CHN,Chicago Cubs,0.444,Ted Abernathy,RP,3.2,39,73,47,76,27,62,Rare
1965,CHN,Chicago Cubs,0.444,Lindy McDaniel,RP,2.9,41,67,53,72,29,60,Rare
1965,CHN,Chicago Cubs,0.444,Larry Jackson,SP,2.2,84,39,88,46,65,58,Rare
1965,WS2,Washington Senators,0.432,Pete Richert,SP,4.9,84,82,45,67,66,65,Rare
1965,WS2,Washington Senators,0.432,Mike McCormick,SP,2.6,89,45,86,50,72,62,Rare
1965,WS2,Washington Senators,0.432,Ron Kline,RP,2.1,38,41,64,68,25,54,Uncommon
1965,HOU,Houston Astros,0.401,Bob Bruce,SP,2.4,84,55,101,44,66,67,Rare
1965,HOU,Houston Astros,0.401,Claude Raymond,RP,2.2,45,81,101,60,35,76,Epic
1965,HOU,Houston Astros,0.401,Turk Farrell,SP,2.2,87,49,101,47,69,66,Rare
1965,BOS,Boston Red Sox,0.383,Bill Monbouquette,SP,2.2,84,35,99,47,65,61,Rare
1965,BOS,Boston Red Sox,0.383,Earl Wilson,SP,2.0,83,66,61,45,64,58,Rare
1965,BOS,Boston Red Sox,0.383,Dick Radatz,RP,1.0,41,102,46,48,30,62,Rare
1965,KC1,Kansas City Athletics,0.364,Rollie Sheldon,SP,2.2,84,48,70,85,65,67,Rare
1965,KC1,Kansas City Athletics,0.364,Fred Talbot,SP,1.5,80,50,45,39,60,46,Uncommon
1965,KC1,Kansas City Athletics,0.364,John Wyatt,RP,1.2,38,77,29,54,25,50,Uncommon
1965,NYN,New York Mets,0.309,Jack Fisher,SP,2.1,86,32,77,44,68,53,Uncommon
1965,NYN,New York Mets,0.309,Darrell Sutherland,RP,1.1,45,16,56,63,35,44,Common
1965,NYN,New York Mets,0.309,Tug McGraw,RP,0.8,45,49,39,53,35,46,Uncommon
1966,BAL,Baltimore Orioles,0.606,Steve Barber,SP,3.5,81,62,53,79,61,64,Rare
1966,BAL,Baltimore Orioles,0.606,Stu Miller,RP,3.4,41,69,84,79,29,72,Epic
1966,BAL,Baltimore Orioles,0.606,Jim Palmer,SP,2.2,86,65,45,48,68,54,Uncommon
1966,LAN,Los Angeles Dodgers,0.586,Sandy Koufax,SP,10.3,91,103,84,100,75,94,Legendary
1966,LAN,Los Angeles Dodgers,0.586,Phil Regan,RP,4.9,40,72,92,107,28,84,Epic
1966,LAN,Los Angeles Dodgers,0.586,Don Sutton,SP,3.5,83,95,86,55,64,77,Epic
1966,SFN,San Francisco Giants,0.578,Juan Marichal,SP,9.1,95,68,113,84,80,88,Legendary
1966,SFN,San Francisco Giants,0.578,Gaylord Perry,SP,5.2,88,76,103,65,70,80,Epic
1966,SFN,San Francisco Giants,0.578,Bobby Bolin,SP,4.2,84,56,66,63,65,62,Rare
1966,PIT,Pittsburgh Pirates,0.568,Bob Veale,SP,4.7,88,86,50,61,70,66,Rare
1966,PIT,Pittsburgh Pirates,0.568,Billy O'Dell,RP,2.2,41,50,54,75,29,57,Rare
1966,PIT,Pittsburgh Pirates,0.568,Pete Mikkelsen,RP,1.9,40,52,48,61,28,51,Uncommon
1966,MIN,Minnesota Twins,0.549,Jim Kaat,SP,4.5,88,61,98,66,71,75,Epic
1966,MIN,Minnesota Twins,0.549,Jim Perry,SP,3.8,88,60,72,71,71,68,Rare
1966,MIN,Minnesota Twins,0.549,Al Worthington,RP,2.6,39,108,70,76,26,79,Epic
1966,DET,Detroit Tigers,0.543,Earl Wilson,SP,5.9,87,73,74,57,69,68,Rare
1966,DET,Detroit Tigers,0.543,Denny McLain,SP,2.1,86,68,49,39,68,54,Uncommon
1966,DET,Detroit Tigers,0.543,Dave Wickersham,RP,0.8,45,59,50,54,35,52,Uncommon
1966,PHI,Philadelphia Phillies,0.537,Jim Bunning,SP,9.0,90,79,99,76,73,84,Epic
1966,PHI,Philadelphia Phillies,0.537,Larry Jackson,SP,3.8,88,30,83,36,70,52,Uncommon
1966,PHI,Philadelphia Phillies,0.537,Chris Short,SP,2.4,86,58,81,50,68,64,Rare
1966,ATL,Atlanta Braves,0.525,Clay Carroll,RP,3.7,41,33,93,82,30,65,Rare
1966,ATL,Atlanta Braves,0.525,Ken Johnson,SP,3.3,86,36,90,54,68,61,Rare
1966,ATL,Atlanta Braves,0.525,Pat Jarvis,SP,2.2,86,59,95,89,68,80,Epic
1966,CHA,Chicago White Sox,0.512,Gary Peters,SP,5.2,89,55,88,84,72,75,Epic
1966,CHA,Chicago White Sox,0.512,Joe Horlen,SP,3.3,88,49,81,68,70,66,Rare
1966,CHA,Chicago White Sox,0.512,Tommy John,SP,3.0,84,54,80,64,66,66,Rare
1966,SLN,St. Louis Cardinals,0.512,Bob Gibson,SP,6.1,92,79,74,76,76,76,Epic
1966,SLN,St. Louis Cardinals,0.512,Al Jackson,SP,4.0,90,23,95,74,74,65,Rare
1966,SLN,St. Louis Cardinals,0.512,Joe Hoerner,RP,2.9,38,82,75,112,25,83,Epic
1966,CLE,Cleveland Indians,0.5,Sam McDowell,SP,4.9,86,125,36,63,68,74,Epic
1966,CLE,Cleveland Indians,0.5,Steve Hargan,SP,4.9,98,63,85,74,84,75,Epic
1966,CLE,Cleveland Indians,0.5,Sonny Siebert,SP,4.7,89,61,79,61,72,68,Rare
1966,CAL,California Angels,0.494,George Brunet,SP,2.6,84,64,39,49,65,52,Uncommon
1966,CAL,California Angels,0.494,Dean Chance,SP,2.2,86,64,44,56,68,56,Rare
1966,CAL,California Angels,0.494,Minnie Rojas,RP,1.8,40,30,98,57,28,58,Rare
1966,CIN,Cincinnati Reds,0.475,Jim Maloney,SP,7.1,86,100,48,71,68,72,Epic
1966,CIN,Cincinnati Reds,0.475,Billy McCool,RP,4.0,41,104,49,85,29,74,Epic
1966,CIN,Cincinnati Reds,0.475,Milt Pappas,SP,2.7,84,56,96,44,65,65,Rare
1966,KC1,Kansas City Athletics,0.462,Jack Aker,RP,4.6,40,51,82,90,28,70,Epic
1966,KC1,Kansas City Athletics,0.462,Jim Nash,SP,4.2,89,74,52,88,72,71,Epic
1966,KC1,Kansas City Athletics,0.462,Lew Krausse,SP,2.4,92,36,56,62,76,54,Uncommon
1966,WS2,Washington Senators,0.447,Dick Lines,RP,2.2,39,50,72,81,27,64,Rare
1966,WS2,Washington Senators,0.447,Pete Richert,SP,2.1,88,77,74,48,70,67,Rare
1966,WS2,Washington Senators,0.447,Bob Humphreys,RP,2.0,41,77,81,65,29,70,Epic
1966,BOS,Boston Red Sox,0.444,Lee Stange,SP,3.2,92,38,76,59,76,60,Rare
1966,BOS,Boston Red Sox,0.444,Darrell Brandon,SP,2.1,99,57,44,58,85,56,Rare
1966,BOS,Boston Red Sox,0.444,Jim Lonborg,SP,2.0,91,68,68,48,75,63,Rare
1966,HOU,Houston Astros,0.444,Mike Cuellar,SP,5.7,93,74,86,83,77,81,Epic
1966,HOU,Houston Astros,0.444,Larry Dierker,SP,3.3,84,48,83,54,66,62,Rare
1966,HOU,Houston Astros,0.444,Barry Latman,RP,1.8,45,67,60,68,35,62,Rare
1966,NYA,New York Yankees,0.44,Fritz Peterson,SP,2.1,84,31,96,52,66,60,Rare
1966,NYA,New York Yankees,0.44,Jim Bouton,SP,1.7,82,43,65,60,63,57,Rare
1966,NYA,New York Yankees,0.44,Mel Stottlemyre,SP,1.4,87,49,63,45,69,54,Uncommon
1966,NYN,New York Mets,0.41,Dennis Ribant,SP,3.2,88,31,90,56,70,60,Rare
1966,NYN,New York Mets,0.41,Jack Fisher,SP,2.3,86,45,85,48,68,60,Rare
1966,NYN,New York Mets,0.41,Bill Hepler,RP,1.0,41,19,16,57,29,30,Common
1966,CHN,Chicago Cubs,0.364,Fergie Jenkins,RP,3.2,45,80,73,53,35,65,Rare
1966,CHN,Chicago Cubs,0.364,Ken Holtzman,SP,2.2,84,75,67,46,66,63,Rare
1966,CHN,Chicago Cubs,0.364,Rich Nye,SP,0.6,94,42,47,93,79,62,Rare
1967,SLN,St. Louis Cardinals,0.627,Dick Hughes,SP,4.2,93,68,89,61,77,73,Epic
1967,SLN,St. Louis Cardinals,0.627,Nelson Briles,RP,3.6,45,52,79,72,35,64,Rare
1967,SLN,St. Louis Cardinals,0.627,Steve Carlton,SP,2.8,85,88,64,59,67,70,Epic
1967,BOS,Boston Red Sox,0.568,Jim Lonborg,SP,4.0,86,92,68,56,68,72,Epic
1967,BOS,Boston Red Sox,0.568,Lee Stange,SP,3.3,89,45,99,65,72,70,Epic
1967,BOS,Boston Red Sox,0.568,John Wyatt,RP,2.2,39,69,46,71,27,58,Rare
1967,DET,Detroit Tigers,0.562,Mickey Lolich,SP,2.6,85,85,75,55,67,71,Epic
1967,DET,Detroit Tigers,0.562,Earl Wilson,SP,2.2,86,64,57,47,68,57,Rare
1967,DET,Detroit Tigers,0.562,Fred Gladding,RP,2.2,41,82,82,85,29,78,Epic
1967,MIN,Minnesota Twins,0.562,Jim Merritt,SP,6.5,93,66,109,69,77,81,Epic
1967,MIN,Minnesota Twins,0.562,Dean Chance,SP,5.9,88,75,83,67,70,74,Epic
1967,MIN,Minnesota Twins,0.562,Dave Boswell,SP,4.6,86,94,40,56,68,64,Rare
1967,SFN,San Francisco Giants,0.562,Gaylord Perry,SP,5.6,91,76,72,66,75,72,Epic
1967,SFN,San Francisco Giants,0.562,Mike McCormick,SP,4.4,89,47,67,58,72,59,Rare
1967,SFN,San Francisco Giants,0.562,Frank Linzy,RP,3.3,40,24,56,115,28,61,Rare
1967,CHA,Chicago White Sox,0.549,Joe Horlen,SP,5.5,88,24,87,78,71,64,Rare
1967,CHA,Chicago White Sox,0.549,Gary Peters,SP,3.9,88,82,57,69,70,69,Rare
1967,CHA,Chicago White Sox,0.549,Hoyt Wilhelm,RP,2.2,41,86,50,117,29,79,Epic
1967,CHN,Chicago Cubs,0.54,Fergie Jenkins,SP,5.0,90,80,72,63,73,72,Epic
1967,CHN,Chicago Cubs,0.54,Bill Hands,RP,3.0,45,46,64,76,35,59,Rare
1967,CHN,Chicago Cubs,0.54,Joe Niekro,SP,1.8,90,32,96,53,73,62,Rare
1967,CIN,Cincinnati Reds,0.537,Gary Nolan,SP,6.3,87,93,75,75,69,80,Epic
1967,CIN,Cincinnati Reds,0.537,Ted Abernathy,RP,6.2,39,82,49,118,26,77,Epic
1967,CIN,Cincinnati Reds,0.537,Mel Queen,SP,5.0,93,77,77,69,77,75,Epic
1967,CAL,California Angels,0.522,Jim McGlothlin,SP,2.1,85,64,73,55,67,64,Rare
1967,CAL,California Angels,0.522,George Brunet,SP,1.9,84,59,55,48,66,55,Rare
1967,CAL,California Angels,0.522,Bill Kelso,RP,1.0,39,80,33,56,27,53,Uncommon
1967,PHI,Philadelphia Phillies,0.506,Jim Bunning,SP,7.8,89,83,83,78,72,80,Epic
1967,PHI,Philadelphia Phillies,0.506,Chris Short,SP,6.2,90,66,52,76,73,66,Rare
1967,PHI,Philadelphia Phillies,0.506,Rick Wise,SP,3.1,88,53,81,56,70,64,Rare
1967,PIT,Pittsburgh Pirates,0.5,Al McBean,RP,2.9,44,26,62,71,34,51,Uncommon
1967,PIT,Pittsburgh Pirates,0.5,Tommie Sisk,SP,1.5,84,26,51,56,66,46,Uncommon
1967,PIT,Pittsburgh Pirates,0.5,Roy Face,RP,1.5,37,45,70,72,24,58,Rare
1967,ATL,Atlanta Braves,0.475,Phil Niekro,SP,4.9,105,54,77,96,93,77,Epic
1967,ATL,Atlanta Braves,0.475,Ken Johnson,SP,3.3,88,25,98,61,70,62,Rare
1967,ATL,Atlanta Braves,0.475,Denny Lemaster,SP,2.5,86,63,61,49,68,59,Rare
1967,BAL,Baltimore Orioles,0.472,Moe Drabowsky,RP,3.1,43,106,78,102,32,89,Legendary
1967,BAL,Baltimore Orioles,0.472,Jim Hardin,SP,2.7,91,48,83,75,75,69,Rare
1967,BAL,Baltimore Orioles,0.472,Eddie Watt,RP,2.5,42,91,55,75,31,69,Rare
1967,WS2,Washington Senators,0.472,Phil Ortega,SP,3.5,83,45,79,54,64,60,Rare
1967,WS2,Washington Senators,0.472,Dave Baldwin,RP,2.4,37,72,71,101,24,76,Epic
1967,WS2,Washington Senators,0.472,Darold Knowles,RP,2.2,41,71,43,63,29,56,Rare
1967,CLE,Cleveland Indians,0.463,Sonny Siebert,SP,4.6,87,69,71,70,69,70,Epic
1967,CLE,Cleveland Indians,0.463,Luis Tiant,SP,4.6,88,109,66,59,71,77,Epic
1967,CLE,Cleveland Indians,0.463,Steve Hargan,SP,4.5,90,55,64,68,73,63,Rare
1967,LAN,Los Angeles Dodgers,0.451,Don Drysdale,SP,4.5,88,64,90,58,71,71,Epic
1967,LAN,Los Angeles Dodgers,0.451,Bill Singer,SP,3.5,86,82,69,65,68,72,Epic
1967,LAN,Los Angeles Dodgers,0.451,Claude Osteen,SP,3.2,88,41,98,50,71,64,Rare
1967,NYA,New York Yankees,0.444,Al Downing,SP,4.5,88,85,68,62,70,72,Epic
1967,NYA,New York Yankees,0.444,Mel Stottlemyre,SP,4.1,87,50,58,53,69,55,Rare
1967,NYA,New York Yankees,0.444,Bill Monbouquette,RP,3.4,45,25,111,62,35,63,Rare
1967,HOU,Houston Astros,0.426,Mike Cuellar,SP,3.8,90,82,80,56,73,73,Epic
1967,HOU,Houston Astros,0.426,Don Wilson,SP,3.8,84,87,51,62,65,66,Rare
1967,HOU,Houston Astros,0.426,Larry Dierker,SP,1.1,84,63,80,53,65,65,Rare
1967,KC1,Kansas City Athletics,0.385,Catfish Hunter,SP,4.6,88,72,63,60,71,66,Rare
1967,KC1,Kansas City Athletics,0.385,Chuck Dobson,SP,1.7,85,45,50,43,67,48,Uncommon
1967,KC1,Kansas City Athletics,0.385,Jim Nash,SP,0.7,84,83,49,42,65,59,Rare
1967,NYN,New York Mets,0.377,Tom Seaver,SP,6.0,88,62,66,63,71,64,Rare
1967,NYN,New York Mets,0.377,Ron Taylor,RP,2.1,39,55,65,81,26,63,Rare
1967,NYN,New York Mets,0.377,Dick Selma,RP,1.6,42,56,44,67,31,53,Uncommon
1968,DET,Detroit Tigers,0.636,Denny McLain,SP,7.4,93,83,96,78,77,85,Legendary
1968,DET,Detroit Tigers,0.636,Earl Wilson,SP,2.4,85,71,72,53,67,66,Rare
1968,DET,Detroit Tigers,0.636,John Hiller,RP,1.9,45,52,48,65,35,53,Uncommon
1968,SLN,St. Louis Cardinals,0.599,Bob Gibson,SP,11.2,97,89,92,115,83,97,Legendary
1968,SLN,St. Louis Cardinals,0.599,Ray Washburn,SP,3.4,87,48,89,69,69,69,Rare
1968,SLN,St. Louis Cardinals,0.599,Nelson Briles,SP,1.9,88,48,87,53,71,64,Rare
1968,BAL,Baltimore Orioles,0.562,Dave McNally,SP,5.9,90,70,93,76,74,79,Epic
1968,BAL,Baltimore Orioles,0.562,Jim Hardin,SP,2.3,86,59,72,59,68,64,Rare
1968,BAL,Baltimore Orioles,0.562,Tom Phoebus,SP,2.1,84,79,45,61,66,62,Rare
1968,SFN,San Francisco Giants,0.543,Gaylord Perry,SP,5.3,90,50,92,67,73,70,Epic
1968,SFN,San Francisco Giants,0.543,Juan Marichal,SP,5.0,95,60,107,64,80,77,Epic
1968,SFN,San Francisco Giants,0.543,Bobby Bolin,SP,4.8,99,66,79,80,85,76,Epic
1968,CLE,Cleveland Indians,0.534,Luis Tiant,SP,8.5,92,108,73,97,76,91,Legendary
1968,CLE,Cleveland Indians,0.534,Sam McDowell,SP,5.4,88,112,47,88,70,81,Epic
1968,CLE,Cleveland Indians,0.534,Vicente Romo,RP,2.8,41,57,50,75,30,58,Rare
1968,BOS,Boston Red Sox,0.531,Jose Santiago,SP,3.1,85,64,60,73,67,66,Rare
1968,BOS,Boston Red Sox,0.531,Ray Culp,SP,3.1,88,89,50,55,70,65,Rare
1968,BOS,Boston Red Sox,0.531,Dick Ellsworth,SP,2.2,86,43,96,53,68,64,Rare
1968,CHN,Chicago Cubs,0.519,Fergie Jenkins,SP,6.2,90,84,90,61,73,78,Epic
1968,CHN,Chicago Cubs,0.519,Bill Hands,SP,3.4,90,47,108,54,73,70,Epic
1968,CHN,Chicago Cubs,0.519,Phil Regan,RP,3.0,41,37,96,58,29,60,Rare
1968,CIN,Cincinnati Reds,0.512,Gary Nolan,SP,3.1,85,70,63,69,67,67,Rare
1968,CIN,Cincinnati Reds,0.512,Ted Abernathy,RP,2.8,40,34,47,67,28,47,Uncommon
1968,CIN,Cincinnati Reds,0.512,Clay Carroll,RP,2.3,42,37,78,57,31,55,Rare
1968,NYA,New York Yankees,0.512,Stan Bahnsen,SP,6.4,91,52,80,74,75,69,Rare
1968,NYA,New York Yankees,0.512,Mel Stottlemyre,SP,5.4,90,38,85,60,74,62,Rare
1968,NYA,New York Yankees,0.512,Fritz Peterson,SP,2.8,91,43,108,57,75,70,Epic
1968,OAK,Oakland Athletics,0.506,Jim Nash,SP,4.3,86,70,83,62,68,71,Epic
1968,OAK,Oakland Athletics,0.506,Blue Moon Odom,SP,3.0,89,54,46,62,72,56,Rare
1968,OAK,Oakland Athletics,0.506,Lew Krausse,SP,1.3,88,47,61,44,71,53,Uncommon
1968,ATL,Atlanta Braves,0.5,Pat Jarvis,SP,4.0,89,53,94,61,72,70,Epic
1968,ATL,Atlanta Braves,0.5,Phil Niekro,SP,4.0,89,44,99,61,72,68,Rare
1968,ATL,Atlanta Braves,0.5,Milt Pappas,SP,1.1,81,57,99,45,61,66,Rare
1968,PIT,Pittsburgh Pirates,0.494,Bob Veale,SP,3.6,88,64,50,75,71,64,Rare
1968,PIT,Pittsburgh Pirates,0.494,Steve Blass,SP,2.5,87,51,79,72,69,68,Rare
1968,PIT,Pittsburgh Pirates,0.494,Ron Kline,RP,2.2,41,28,75,94,30,62,Rare
1968,MIN,Minnesota Twins,0.488,Dean Chance,SP,6.2,89,78,89,66,72,77,Epic
1968,MIN,Minnesota Twins,0.488,Jim Perry,SP,4.0,90,37,96,73,74,69,Rare
1968,MIN,Minnesota Twins,0.488,Jim Kaat,SP,3.3,87,55,95,54,69,68,Rare
1968,LAN,Los Angeles Dodgers,0.469,Don Drysdale,SP,4.4,90,58,85,69,73,71,Epic
1968,LAN,Los Angeles Dodgers,0.469,Don Sutton,SP,3.2,90,76,73,59,73,70,Epic
1968,LAN,Los Angeles Dodgers,0.469,Bill Singer,SP,1.8,87,90,68,51,69,70,Epic
1968,PHI,Philadelphia Phillies,0.469,Larry Jackson,SP,4.0,87,41,82,60,69,62,Rare
1968,PHI,Philadelphia Phillies,0.469,Chris Short,SP,3.8,89,71,69,51,72,64,Rare
1968,PHI,Philadelphia Phillies,0.469,Woodie Fryman,SP,2.9,84,66,69,58,66,64,Rare
1968,NYN,New York Mets,0.451,Tom Seaver,SP,6.8,91,70,99,73,75,80,Epic
1968,NYN,New York Mets,0.451,Jerry Koosman,SP,6.3,90,61,78,76,74,72,Epic
1968,NYN,New York Mets,0.451,Cal Koonce,RP,2.1,40,40,62,68,28,54,Uncommon
1968,HOU,Houston Astros,0.444,Denny Lemaster,SP,4.5,86,58,64,57,68,60,Rare
1968,HOU,Houston Astros,0.444,Dave Giusti,SP,4.2,88,70,77,49,71,66,Rare
1968,HOU,Houston Astros,0.444,Mike Cuellar,SP,3.1,87,75,78,58,69,70,Epic
1968,CAL,California Angels,0.414,George Brunet,SP,3.2,85,43,75,50,67,57,Rare
1968,CAL,California Angels,0.414,Andy Messersmith,RP,1.9,45,93,45,71,35,66,Rare
1968,CAL,California Angels,0.414,Tom Murphy,SP,1.8,84,46,73,71,65,64,Rare
1968,CHA,Chicago White Sox,0.414,Tommy John,SP,5.6,87,59,75,85,69,73,Epic
1968,CHA,Chicago White Sox,0.414,Wilbur Wood,RP,5.4,41,33,91,91,29,67,Rare
1968,CHA,Chicago White Sox,0.414,Joe Horlen,SP,4.0,82,32,66,69,63,56,Rare
1968,WS2,Washington Senators,0.404,Camilo Pascual,SP,3.8,83,45,71,57,64,58,Rare
1968,WS2,Washington Senators,0.404,Jim Hannan,SP,2.3,82,42,56,54,63,52,Uncommon
1968,WS2,Washington Senators,0.404,Joe Coleman,SP,2.2,84,54,86,44,66,62,Rare
1969,BAL,Baltimore Orioles,0.673,Mike Cuellar,SP,4.4,88,55,76,78,71,70,Epic
1969,BAL,Baltimore Orioles,0.673,Jim Palmer,SP,4.2,91,62,56,80,75,67,Rare
1969,BAL,Baltimore Orioles,0.673,Dave McNally,SP,2.4,84,54,66,56,66,59,Rare
1969,NYN,New York Mets,0.617,Tom Seaver,SP,7.2,90,73,69,84,74,75,Epic
1969,NYN,New York Mets,0.617,Jerry Koosman,SP,5.9,89,71,73,84,72,76,Epic
1969,NYN,New York Mets,0.617,Gary Gentry,SP,2.6,84,59,58,52,66,57,Rare
1969,MIN,Minnesota Twins,0.599,Jim Perry,SP,6.3,88,49,80,68,70,66,Rare
1969,MIN,Minnesota Twins,0.599,Ron Perranoski,RP,4.5,39,40,45,95,27,57,Rare
1969,MIN,Minnesota Twins,0.599,Dave Boswell,SP,3.6,84,70,49,59,66,60,Rare
1969,ATL,Atlanta Braves,0.574,Phil Niekro,SP,6.0,93,62,93,73,77,76,Epic
1969,ATL,Atlanta Braves,0.574,Ron Reed,SP,1.5,88,60,85,52,70,66,Rare
1969,ATL,Atlanta Braves,0.574,Cecil Upshaw,RP,1.5,40,43,75,65,28,58,Rare
1969,CHN,Chicago Cubs,0.568,Bill Hands,SP,8.4,88,52,83,84,70,73,Epic
1969,CHN,Chicago Cubs,0.568,Fergie Jenkins,SP,7.2,88,89,86,63,71,78,Epic
1969,CHN,Chicago Cubs,0.568,Ken Holtzman,SP,4.5,84,61,56,58,66,59,Rare
1969,DET,Detroit Tigers,0.556,Denny McLain,SP,8.1,91,45,92,68,75,69,Rare
1969,DET,Detroit Tigers,0.556,Mickey Lolich,SP,4.6,90,101,45,61,74,70,Epic
1969,DET,Detroit Tigers,0.556,Earl Wilson,SP,2.4,81,65,64,55,61,61,Rare
1969,SFN,San Francisco Giants,0.556,Juan Marichal,SP,7.8,94,63,98,89,78,83,Epic
1969,SFN,San Francisco Giants,0.556,Gaylord Perry,SP,6.5,94,67,74,73,78,72,Epic
1969,SFN,San Francisco Giants,0.556,Mike McCormick,SP,2.4,86,23,49,52,68,44,Common
1969,CIN,Cincinnati Reds,0.549,Jim Maloney,SP,3.9,84,47,40,71,65,54,Uncommon
1969,CIN,Cincinnati Reds,0.549,Gary Nolan,SP,1.8,88,73,53,52,70,60,Rare
1969,CIN,Cincinnati Reds,0.549,Jim Merritt,SP,1.4,86,48,83,40,68,58,Rare
1969,OAK,Oakland Athletics,0.543,Blue Moon Odom,SP,2.7,88,58,40,61,70,55,Rare
1969,OAK,Oakland Athletics,0.543,Catfish Hunter,SP,2.3,86,52,58,48,68,54,Uncommon
1969,OAK,Oakland Athletics,0.543,Jim Roland,RP,1.8,43,45,36,86,32,53,Uncommon
1969,PIT,Pittsburgh Pirates,0.543,Bob Veale,SP,2.6,84,98,48,59,65,68,Rare
1969,PIT,Pittsburgh Pirates,0.543,Bob Moose,SP,2.4,97,101,54,64,83,74,Epic
1969,PIT,Pittsburgh Pirates,0.543,Joe Gibbon,RP,1.5,38,53,46,71,25,54,Uncommon
1969,BOS,Boston Red Sox,0.537,Sparky Lyle,RP,3.5,39,93,42,78,26,66,Rare
1969,BOS,Boston Red Sox,0.537,Mike Nagy,SP,3.2,86,28,35,66,68,46,Uncommon
1969,BOS,Boston Red Sox,0.537,Ray Culp,SP,2.8,87,73,58,49,69,61,Rare
1969,SLN,St. Louis Cardinals,0.537,Bob Gibson,SP,10.4,97,86,68,88,83,81,Epic
1969,SLN,St. Louis Cardinals,0.537,Steve Carlton,SP,6.9,90,90,49,86,73,75,Epic
1969,SLN,St. Louis Cardinals,0.537,Chuck Taylor,SP,3.1,102,36,84,73,89,67,Rare
1969,WS2,Washington Senators,0.531,Dick Bosman,SP,4.5,88,40,93,83,71,72,Epic
1969,WS2,Washington Senators,0.531,Casey Cox,RP,2.5,45,28,52,62,35,46,Uncommon
1969,WS2,Washington Senators,0.531,Joe Coleman,SP,2.5,85,69,48,51,67,57,Rare
1969,LAN,Los Angeles Dodgers,0.525,Bill Singer,SP,6.5,91,76,85,73,75,78,Epic
1969,LAN,Los Angeles Dodgers,0.525,Claude Osteen,SP,5.8,90,47,86,66,74,67,Rare
1969,LAN,Los Angeles Dodgers,0.525,Don Sutton,SP,2.0,87,70,67,48,69,62,Rare
1969,HOU,Houston Astros,0.5,Larry Dierker,SP,8.6,94,73,84,79,78,79,Epic
1969,HOU,Houston Astros,0.5,Denny Lemaster,SP,4.9,84,66,70,56,65,64,Rare
1969,HOU,Houston Astros,0.5,Tom Griffin,SP,3.1,81,114,39,49,61,67,Rare
1969,NYA,New York Yankees,0.497,Mel Stottlemyre,SP,5.7,90,21,64,64,74,52,Uncommon
1969,NYA,New York Yankees,0.497,Fritz Peterson,SP,4.7,88,45,103,72,71,73,Epic
1969,NYA,New York Yankees,0.497,Jack Aker,RP,1.5,39,47,46,54,27,47,Uncommon
1969,CAL,California Angels,0.438,Andy Messersmith,SP,5.3,89,84,48,71,72,68,Rare
1969,CAL,California Angels,0.438,Ken Tatum,RP,4.3,41,72,43,118,29,73,Epic
1969,CAL,California Angels,0.438,Hoyt Wilhelm,RP,1.9,39,86,73,114,26,84,Epic
1969,KCA,Kansas City Royals,0.426,Wally Bunker,SP,4.2,87,49,74,54,69,60,Rare
1969,KCA,Kansas City Royals,0.426,Roger Nelson,SP,3.6,84,28,60,58,66,50,Uncommon
1969,KCA,Kansas City Royals,0.426,Moe Drabowsky,RP,3.0,41,75,68,62,29,64,Rare
1969,CHA,Chicago White Sox,0.42,Tommy John,SP,5.1,86,45,49,62,68,54,Uncommon
1969,CHA,Chicago White Sox,0.42,Joe Horlen,SP,3.9,84,40,63,51,66,53,Uncommon
1969,CHA,Chicago White Sox,0.42,Wilbur Wood,RP,2.6,39,52,61,64,27,56,Rare
1969,SE1,Seattle Pilots,0.395,Diego Segui,RP,2.4,42,77,45,53,31,56,Rare
1969,SE1,Seattle Pilots,0.395,John O'Donoghue,RP,1.7,38,63,36,63,25,51,Uncommon
1969,SE1,Seattle Pilots,0.395,John Gelnar,RP,1.5,45,56,84,57,35,63,Rare
1969,PHI,Philadelphia Phillies,0.389,Grant Jackson,SP,3.6,88,66,54,56,70,60,Rare
1969,PHI,Philadelphia Phillies,0.389,Rick Wise,SP,3.1,87,59,74,56,69,64,Rare
1969,PHI,Philadelphia Phillies,0.389,Bill Wilson,RP,1.1,40,74,31,53,28,50,Uncommon
1969,CLE,Cleveland Indians,0.385,Sam McDowell,SP,6.6,89,103,55,68,72,75,Epic
1969,CLE,Cleveland Indians,0.385,Luis Tiant,SP,3.2,84,54,37,46,66,48,Uncommon
1969,CLE,Cleveland Indians,0.385,Stan Williams,RP,2.6,45,75,51,44,35,54,Uncommon
1969,MON,Montreal Expos,0.321,Jerry Robertson,SP,1.4,84,70,43,46,65,54,Uncommon
1969,MON,Montreal Expos,0.321,Gary Waslewski,RP,1.4,45,52,34,54,35,46,Uncommon
1969,MON,Montreal Expos,0.321,Dan McGinn,RP,0.8,40,85,39,49,28,55,Rare
1969,SDN,San Diego Padres,0.321,Joe Niekro,SP,2.5,83,9,86,52,64,50,Uncommon
1969,SDN,San Diego Padres,0.321,Dick Kelley,SP,1.6,80,65,43,50,60,53,Uncommon
1969,SDN,San Diego Padres,0.321,Clay Kirby,SP,1.5,82,41,42,46,62,45,Uncommon
1970,BAL,Baltimore Orioles,0.667,Jim Palmer,SP,6.4,90,58,62,69,74,64,Rare
1970,BAL,Baltimore Orioles,0.667,Dave McNally,SP,3.8,88,55,78,56,71,64,Rare
1970,BAL,Baltimore Orioles,0.667,Mike Cuellar,SP,2.7,88,56,85,51,71,65,Rare
1970,CIN,Cincinnati Reds,0.63,Gary Nolan,SP,4.7,84,68,50,64,66,61,Rare
1970,CIN,Cincinnati Reds,0.63,Jim McGlothlin,SP,3.4,82,33,47,58,62,48,Uncommon
1970,CIN,Cincinnati Reds,0.63,Wayne Simpson,SP,3.0,84,61,42,70,66,58,Rare
1970,MIN,Minnesota Twins,0.605,Tom Hall,RP,3.9,45,125,46,77,35,78,Epic
1970,MIN,Minnesota Twins,0.605,Jim Perry,SP,3.8,86,52,92,64,68,69,Rare
1970,MIN,Minnesota Twins,0.605,Stan Williams,RP,2.8,40,61,73,99,28,73,Epic
1970,NYA,New York Yankees,0.574,Lindy McDaniel,RP,4.2,41,68,92,92,29,78,Epic
1970,NYA,New York Yankees,0.574,Fritz Peterson,SP,3.8,86,36,104,61,68,67,Rare
1970,NYA,New York Yankees,0.574,Mel Stottlemyre,SP,3.3,88,33,67,58,71,54,Uncommon
1970,OAK,Oakland Athletics,0.549,Mudcat Grant,RP,4.8,40,28,84,96,28,65,Rare
1970,OAK,Oakland Athletics,0.549,Diego Segui,SP,2.9,95,49,46,73,80,58,Rare
1970,OAK,Oakland Athletics,0.549,Chuck Dobson,SP,1.6,84,46,58,45,66,51,Uncommon
1970,PIT,Pittsburgh Pirates,0.549,Luke Walker,SP,3.0,95,73,34,70,80,61,Rare
1970,PIT,Pittsburgh Pirates,0.549,Dock Ellis,SP,2.9,84,56,45,65,66,56,Rare
1970,PIT,Pittsburgh Pirates,0.549,Bob Moose,SP,1.7,86,55,60,50,68,56,Rare
1970,LAN,Los Angeles Dodgers,0.54,Bill Singer,SP,1.8,84,88,69,61,65,72,Epic
1970,LAN,Los Angeles Dodgers,0.54,Claude Osteen,SP,1.4,86,30,93,49,68,58,Rare
1970,LAN,Los Angeles Dodgers,0.54,Sandy Vance,SP,1.3,82,23,64,62,63,51,Uncommon
1970,BOS,Boston Red Sox,0.537,Ray Culp,SP,5.1,90,76,54,66,73,66,Rare
1970,BOS,Boston Red Sox,0.537,Sonny Siebert,SP,3.5,84,56,76,55,66,63,Rare
1970,BOS,Boston Red Sox,0.537,Cal Koonce,RP,1.4,45,35,45,59,35,45,Uncommon
1970,CAL,California Angels,0.531,Clyde Wright,SP,3.7,84,27,60,64,66,52,Uncommon
1970,CAL,California Angels,0.531,Andy Messersmith,SP,2.7,89,83,48,59,72,64,Rare
1970,CAL,California Angels,0.531,Greg Garrett,RP,1.7,43,66,30,70,32,53,Uncommon
1970,SFN,San Francisco Giants,0.531,Gaylord Perry,SP,7.6,92,58,80,63,76,68,Rare
1970,SFN,San Francisco Giants,0.531,Don McMahon,RP,3.0,39,76,41,68,27,58,Rare
1970,SFN,San Francisco Giants,0.531,Juan Marichal,SP,2.8,88,39,94,47,71,61,Rare
1970,CHN,Chicago Cubs,0.519,Fergie Jenkins,SP,7.3,92,88,95,66,76,82,Epic
1970,CHN,Chicago Cubs,0.519,Ken Holtzman,SP,6.4,89,65,63,66,72,65,Rare
1970,CHN,Chicago Cubs,0.519,Bill Hands,SP,5.2,86,57,72,62,68,64,Rare
1970,NYN,New York Mets,0.512,Tom Seaver,SP,5.8,92,102,73,73,76,82,Epic
1970,NYN,New York Mets,0.512,Jerry Koosman,SP,3.0,88,45,61,63,70,58,Rare
1970,NYN,New York Mets,0.512,Jim McAndrew,SP,2.4,85,51,92,56,67,66,Rare
1970,DET,Detroit Tigers,0.488,Mickey Lolich,SP,4.5,86,84,48,49,68,61,Rare
1970,DET,Detroit Tigers,0.488,John Hiller,RP,2.8,43,86,44,61,32,60,Rare
1970,DET,Detroit Tigers,0.488,Joe Niekro,SP,2.6,82,34,60,43,62,47,Uncommon
1970,HOU,Houston Astros,0.488,Larry Dierker,SP,4.2,89,66,68,48,72,62,Rare
1970,HOU,Houston Astros,0.488,Jim Ray,RP,3.0,41,56,42,58,30,50,Uncommon
1970,HOU,Houston Astros,0.488,Don Wilson,SP,2.0,85,39,55,50,67,50,Uncommon
1970,ATL,Atlanta Braves,0.469,Pat Jarvis,SP,5.0,89,62,73,60,72,66,Rare
1970,ATL,Atlanta Braves,0.469,Jim Nash,SP,2.7,83,67,46,51,64,56,Rare
1970,ATL,Atlanta Braves,0.469,Phil Niekro,SP,2.1,87,69,70,44,69,62,Rare
1970,CLE,Cleveland Indians,0.469,Sam McDowell,SP,8.3,90,105,45,68,74,73,Epic
1970,CLE,Cleveland Indians,0.469,Steve Hargan,SP,4.2,89,38,52,67,72,54,Uncommon
1970,CLE,Cleveland Indians,0.469,Rich Hand,SP,2.4,82,63,45,46,63,52,Uncommon
1970,SLN,St. Louis Cardinals,0.469,Bob Gibson,SP,8.9,96,96,69,71,81,79,Epic
1970,SLN,St. Louis Cardinals,0.469,Steve Carlton,SP,4.2,90,73,45,55,73,59,Rare
1970,SLN,St. Louis Cardinals,0.469,Chuck Taylor,RP,3.5,43,40,81,72,32,61,Rare
1970,PHI,Philadelphia Phillies,0.453,Dick Selma,RP,5.2,41,124,44,77,29,76,Epic
1970,PHI,Philadelphia Phillies,0.453,Barry Lersch,RP,3.5,45,60,59,60,35,57,Rare
1970,PHI,Philadelphia Phillies,0.453,Jim Bunning,SP,3.1,84,61,80,49,65,64,Rare
1970,MON,Montreal Expos,0.451,Carl Morton,SP,4.1,90,43,44,57,73,50,Uncommon
1970,MON,Montreal Expos,0.451,Howie Reed,RP,1.7,39,34,43,67,27,46,Uncommon
1970,MON,Montreal Expos,0.451,Steve Renko,SP,0.6,84,56,42,45,66,50,Uncommon
1970,WS2,Washington Senators,0.432,Dick Bosman,SP,4.2,84,49,67,61,66,60,Rare
1970,WS2,Washington Senators,0.432,Darold Knowles,RP,3.3,40,50,40,94,28,58,Rare
1970,WS2,Washington Senators,0.432,Joe Coleman,SP,1.6,89,64,47,47,72,55,Rare
1970,KCA,Kansas City Royals,0.401,Bob Johnson,SP,4.5,93,100,50,61,77,71,Epic
1970,KCA,Kansas City Royals,0.401,Dick Drago,SP,2.5,87,42,69,50,69,55,Rare
1970,KCA,Kansas City Royals,0.401,Ted Abernathy,RP,2.2,39,66,23,93,26,57,Rare
1970,ML4,Milwaukee Brewers,0.401,Marty Pattin,SP,5.1,92,63,68,56,76,64,Rare
1970,ML4,Milwaukee Brewers,0.401,Ken Sanders,RP,4.6,41,64,76,118,29,80,Epic
1970,ML4,Milwaukee Brewers,0.401,Skip Lockwood,SP,1.2,84,43,43,41,66,45,Uncommon
1970,SDN,San Diego Padres,0.389,Danny Coombs,SP,3.1,86,45,48,63,68,54,Uncommon
1970,SDN,San Diego Padres,0.389,Dave Roberts,SP,3.0,96,46,84,52,81,63,Rare
1970,SDN,San Diego Padres,0.389,Pat Dobson,SP,2.4,88,70,66,51,71,63,Rare
1970,CHA,Chicago White Sox,0.346,Tommy John,SP,5.5,88,39,51,60,70,52,Uncommon
1970,CHA,Chicago White Sox,0.346,Wilbur Wood,RP,2.5,39,65,70,71,27,64,Rare
1970,CHA,Chicago White Sox,0.346,Joe Horlen,SP,0.7,84,31,84,38,65,52,Uncommon
1971,BAL,Baltimore Orioles,0.639,Jim Palmer,SP,4.1,90,58,51,65,73,60,Rare
1971,BAL,Baltimore Orioles,0.639,Pat Dobson,SP,3.1,90,60,87,58,73,69,Rare
1971,BAL,Baltimore Orioles,0.639,Dave McNally,SP,3.0,89,25,79,57,72,56,Rare
1971,OAK,Oakland Athletics,0.627,Vida Blue,SP,9.0,92,101,73,96,76,89,Legendary
1971,OAK,Oakland Athletics,0.627,Catfish Hunter,SP,2.6,88,59,71,56,71,63,Rare
1971,OAK,Oakland Athletics,0.627,Rollie Fingers,RP,1.6,45,73,85,54,35,67,Rare
1971,PIT,Pittsburgh Pirates,0.599,Steve Blass,SP,4.0,88,47,73,63,70,62,Rare
1971,PIT,Pittsburgh Pirates,0.599,Nelson Briles,RP,1.8,45,46,79,57,35,58,Rare
1971,PIT,Pittsburgh Pirates,0.599,Dock Ellis,SP,1.7,88,52,74,59,70,62,Rare
1971,DET,Detroit Tigers,0.562,Mickey Lolich,SP,8.5,94,81,82,61,78,75,Epic
1971,DET,Detroit Tigers,0.562,Joe Coleman,SP,5.2,89,82,61,60,72,68,Rare
1971,DET,Detroit Tigers,0.562,Fred Scherman,RP,3.2,39,25,45,67,27,44,Common
1971,SFN,San Francisco Giants,0.556,Juan Marichal,SP,2.9,89,47,93,58,72,67,Rare
1971,SFN,San Francisco Giants,0.556,John Cumberland,SP,2.9,96,18,70,57,82,52,Uncommon
1971,SFN,San Francisco Giants,0.556,Gaylord Perry,SP,2.3,89,46,84,64,72,65,Rare
1971,SLN,St. Louis Cardinals,0.556,Bob Gibson,SP,5.0,91,72,67,63,75,68,Rare
1971,SLN,St. Louis Cardinals,0.556,Steve Carlton,SP,4.1,90,55,55,51,73,56,Rare
1971,SLN,St. Louis Cardinals,0.556,Reggie Cleveland,SP,2.1,83,60,84,44,64,63,Rare
1971,LAN,Los Angeles Dodgers,0.549,Don Sutton,SP,4.6,87,69,91,69,69,76,Epic
1971,LAN,Los Angeles Dodgers,0.549,Al Downing,SP,3.8,88,40,64,63,70,57,Rare
1971,LAN,Los Angeles Dodgers,0.549,Jim Brewer,RP,3.0,39,80,70,92,26,75,Epic
1971,KCA,Kansas City Royals,0.528,Dick Drago,SP,4.1,87,31,95,60,69,63,Rare
1971,KCA,Kansas City Royals,0.528,Mike Hedlund,SP,4.1,85,20,57,64,67,49,Uncommon
1971,KCA,Kansas City Royals,0.528,Tom Burgmeier,RP,2.8,38,38,60,106,25,64,Rare
1971,BOS,Boston Red Sox,0.525,Sonny Siebert,SP,5.4,88,45,80,64,71,64,Rare
1971,BOS,Boston Red Sox,0.525,Ray Culp,SP,2.3,85,54,75,51,67,61,Rare
1971,BOS,Boston Red Sox,0.525,Bill Lee,RP,2.2,42,68,43,70,31,57,Rare
1971,CHN,Chicago Cubs,0.512,Fergie Jenkins,SP,10.1,94,80,114,71,78,87,Legendary
1971,CHN,Chicago Cubs,0.512,Milt Pappas,SP,5.8,89,22,84,55,72,56,Rare
1971,CHN,Chicago Cubs,0.512,Bill Hands,SP,3.5,85,42,91,55,67,63,Rare
1971,NYN,New York Mets,0.512,Tom Seaver,SP,10.2,93,107,90,101,77,97,Legendary
1971,NYN,New York Mets,0.512,Tug McGraw,RP,4.1,42,103,52,107,31,82,Epic
1971,NYN,New York Mets,0.512,Ray Sadecki,SP,3.2,93,69,76,61,77,70,Epic
1971,ATL,Atlanta Braves,0.506,Phil Niekro,SP,5.0,89,57,79,62,72,67,Rare
1971,ATL,Atlanta Braves,0.506,Tom Kelley,SP,2.7,87,35,40,66,69,49,Uncommon
1971,ATL,Atlanta Braves,0.506,Ron Reed,SP,2.6,86,48,83,48,68,60,Rare
1971,NYA,New York Yankees,0.506,Mel Stottlemyre,SP,3.7,90,36,80,60,73,60,Rare
1971,NYA,New York Yankees,0.506,Fritz Peterson,SP,3.3,90,39,104,53,74,66,Rare
1971,NYA,New York Yankees,0.506,Steve Kline,SP,2.6,88,20,101,55,71,60,Rare
1971,CHA,Chicago White Sox,0.488,Wilbur Wood,SP,11.7,91,55,96,98,75,82,Epic
1971,CHA,Chicago White Sox,0.488,Tom Bradley,SP,6.2,88,68,79,64,71,70,Epic
1971,CHA,Chicago White Sox,0.488,Bart Johnson,RP,3.9,45,86,27,66,35,57,Rare
1971,CIN,Cincinnati Reds,0.488,Don Gullett,SP,3.1,86,37,70,64,68,58,Rare
1971,CIN,Cincinnati Reds,0.488,Clay Carroll,RP,1.8,39,62,43,69,27,55,Rare
1971,CIN,Cincinnati Reds,0.488,Gary Nolan,SP,1.7,86,51,83,56,68,64,Rare
1971,HOU,Houston Astros,0.488,Don Wilson,SP,6.1,91,61,70,73,75,69,Rare
1971,HOU,Houston Astros,0.488,Ken Forsch,SP,3.6,93,64,74,72,77,71,Epic
1971,HOU,Houston Astros,0.488,Larry Dierker,SP,3.5,85,47,91,66,67,68,Rare
1971,CAL,California Angels,0.469,Clyde Wright,SP,3.3,89,36,70,57,72,56,Rare
1971,CAL,California Angels,0.469,Rudy May,SP,2.9,84,71,46,56,66,59,Rare
1971,CAL,California Angels,0.469,Andy Messersmith,SP,2.7,88,57,45,57,70,55,Rare
1971,MIN,Minnesota Twins,0.462,Bert Blyleven,SP,6.5,88,79,90,64,71,77,Epic
1971,MIN,Minnesota Twins,0.462,Jim Kaat,SP,4.3,85,41,98,56,67,65,Rare
1971,MIN,Minnesota Twins,0.462,Tom Hall,RP,1.8,45,113,44,52,35,66,Rare
1971,MON,Montreal Expos,0.441,Bill Stoneman,SP,4.8,90,85,39,58,74,62,Rare
1971,MON,Montreal Expos,0.441,Steve Renko,SP,1.6,88,34,40,46,71,43,Common
1971,MON,Montreal Expos,0.441,Ernie McAnally,SP,0.4,87,45,40,48,69,47,Uncommon
1971,ML4,Milwaukee Brewers,0.429,Ken Sanders,RP,4.0,39,49,81,94,27,70,Epic
1971,ML4,Milwaukee Brewers,0.429,Marty Pattin,SP,3.4,88,56,75,54,71,63,Rare
1971,ML4,Milwaukee Brewers,0.429,Bill Parsons,SP,2.7,86,47,50,54,68,52,Uncommon
1971,PHI,Philadelphia Phillies,0.414,Rick Wise,SP,3.4,88,47,79,63,71,64,Rare
1971,PHI,Philadelphia Phillies,0.414,Joe Hoerner,RP,2.7,39,76,72,92,26,75,Epic
1971,PHI,Philadelphia Phillies,0.414,Woodie Fryman,SP,2.1,96,64,67,57,82,65,Rare
1971,WS2,Washington Senators,0.396,Bill Gogolewski,SP,2.9,88,46,66,65,70,60,Rare
1971,WS2,Washington Senators,0.396,Paul Lindblad,RP,2.4,41,43,66,55,30,52,Uncommon
1971,WS2,Washington Senators,0.396,Joe Grzenda,RP,2.2,39,78,83,94,26,79,Epic
1971,SDN,San Diego Padres,0.379,Dave Roberts,SP,7.5,91,38,87,85,75,70,Epic
1971,SDN,San Diego Padres,0.379,Clay Kirby,SP,4.2,88,87,49,60,71,66,Rare
1971,SDN,San Diego Padres,0.379,Bob Miller,RP,3.9,40,40,48,108,28,62,Rare
1971,CLE,Cleveland Indians,0.37,Sam McDowell,SP,4.0,85,91,19,55,67,56,Rare
1971,CLE,Cleveland Indians,0.37,Steve Mingori,RP,3.3,36,77,46,115,23,74,Epic
1971,CLE,Cleveland Indians,0.37,Ray Lamb,SP,2.7,89,48,45,59,72,53,Uncommon
1972,PIT,Pittsburgh Pirates,0.619,Steve Blass,SP,4.0,90,34,60,69,74,56,Rare
1972,PIT,Pittsburgh Pirates,0.619,Dave Giusti,RP,2.3,38,68,77,94,25,74,Epic
1972,PIT,Pittsburgh Pirates,0.619,Ramon Hernandez,RP,2.3,38,61,66,107,25,73,Epic
1972,CIN,Cincinnati Reds,0.617,Gary Nolan,SP,3.3,86,39,100,83,68,73,Epic
1972,CIN,Cincinnati Reds,0.617,Clay Carroll,RP,1.5,39,42,61,76,26,56,Rare
1972,CIN,Cincinnati Reds,0.617,Jack Billingham,SP,1.2,86,55,70,51,68,60,Rare
1972,OAK,Oakland Athletics,0.6,Catfish Hunter,SP,5.7,92,57,84,72,76,71,Epic
1972,OAK,Oakland Athletics,0.6,Ken Holtzman,SP,3.2,87,38,94,57,69,64,Rare
1972,OAK,Oakland Athletics,0.6,Darold Knowles,RP,2.6,37,44,33,115,24,60,Rare
1972,CHA,Chicago White Sox,0.565,Wilbur Wood,SP,10.7,90,39,94,65,73,67,Rare
1972,CHA,Chicago White Sox,0.565,Tom Bradley,SP,5.4,83,79,81,55,64,71,Epic
1972,CHA,Chicago White Sox,0.565,Terry Forster,RP,3.2,39,111,44,80,27,73,Epic
1972,DET,Detroit Tigers,0.551,Mickey Lolich,SP,7.4,92,73,87,64,76,75,Epic
1972,DET,Detroit Tigers,0.551,Joe Coleman,SP,4.4,87,77,49,57,69,62,Rare
1972,DET,Detroit Tigers,0.551,Tom Timmermann,SP,1.8,80,49,75,56,60,60,Rare
1972,HOU,Houston Astros,0.549,Don Wilson,SP,4.9,85,72,72,65,67,69,Rare
1972,HOU,Houston Astros,0.549,Larry Dierker,SP,2.8,85,43,84,51,67,60,Rare
1972,HOU,Houston Astros,0.549,George Culver,RP,1.9,42,84,44,57,31,59,Rare
1972,BOS,Boston Red Sox,0.548,Luis Tiant,SP,6.5,100,63,54,91,86,71,Epic
1972,BOS,Boston Red Sox,0.548,Marty Pattin,SP,3.5,88,60,79,51,70,64,Rare
1972,BOS,Boston Red Sox,0.548,Bill Lee,RP,1.5,40,39,50,53,28,45,Uncommon
1972,CHN,Chicago Cubs,0.548,Fergie Jenkins,SP,5.8,92,56,90,58,76,69,Rare
1972,CHN,Chicago Cubs,0.548,Burt Hooton,SP,5.0,86,52,52,71,68,59,Rare
1972,CHN,Chicago Cubs,0.548,Milt Pappas,SP,4.1,86,26,105,68,68,66,Rare
1972,LAN,Los Angeles Dodgers,0.548,Don Sutton,SP,6.6,94,73,86,86,78,81,Epic
1972,LAN,Los Angeles Dodgers,0.548,Claude Osteen,SP,5.1,90,24,75,66,73,57,Rare
1972,LAN,Los Angeles Dodgers,0.548,Jim Brewer,RP,3.5,39,89,64,111,27,82,Epic
1972,NYN,New York Mets,0.532,Jon Matlack,SP,6.0,90,64,71,76,73,71,Epic
1972,NYN,New York Mets,0.532,Tom Seaver,SP,5.2,89,99,71,58,72,76,Epic
1972,NYN,New York Mets,0.532,Tug McGraw,RP,4.3,41,87,51,107,30,76,Epic
1972,BAL,Baltimore Orioles,0.519,Jim Palmer,SP,5.2,90,61,80,76,73,72,Epic
1972,BAL,Baltimore Orioles,0.519,Mike Cuellar,SP,3.4,87,42,72,60,69,59,Rare
1972,BAL,Baltimore Orioles,0.519,Pat Dobson,SP,3.1,89,51,79,62,72,65,Rare
1972,NYA,New York Yankees,0.51,Steve Kline,SP,3.7,88,4,96,66,71,57,Rare
1972,NYA,New York Yankees,0.51,Sparky Lyle,RP,3.6,41,64,76,84,29,70,Epic
1972,NYA,New York Yankees,0.51,Mel Stottlemyre,SP,2.6,88,28,63,49,70,49,Uncommon
1972,MIN,Minnesota Twins,0.5,Bert Blyleven,SP,5.0,89,77,83,60,72,73,Epic
1972,MIN,Minnesota Twins,0.5,Dick Woodson,SP,2.4,86,51,48,61,68,55,Rare
1972,MIN,Minnesota Twins,0.5,Ray Corbin,SP,2.2,95,40,62,63,80,58,Rare
1972,KCA,Kansas City Royals,0.494,Roger Nelson,SP,5.1,98,64,98,75,84,80,Epic
1972,KCA,Kansas City Royals,0.494,Dick Drago,SP,3.2,88,46,90,50,70,63,Rare
1972,KCA,Kansas City Royals,0.494,Paul Splittorff,SP,2.6,84,58,67,52,65,60,Rare
1972,CAL,California Angels,0.484,Nolan Ryan,SP,6.2,88,125,34,68,70,75,Epic
1972,CAL,California Angels,0.484,Andy Messersmith,SP,2.2,92,83,48,58,76,64,Rare
1972,CAL,California Angels,0.484,Rudy May,SP,1.5,85,81,48,51,67,61,Rare
1972,SLN,St. Louis Cardinals,0.481,Bob Gibson,SP,7.1,93,71,65,74,77,71,Epic
1972,SLN,St. Louis Cardinals,0.481,Rick Wise,SP,5.0,90,41,78,58,73,60,Rare
1972,SLN,St. Louis Cardinals,0.481,Scipio Spinks,SP,2.7,88,77,39,69,71,63,Rare
1972,CLE,Cleveland Indians,0.462,Gaylord Perry,SP,10.8,95,62,84,89,80,78,Epic
1972,CLE,Cleveland Indians,0.462,Dick Tidrow,SP,3.2,86,40,70,58,68,57,Rare
1972,CLE,Cleveland Indians,0.462,Phil Hennigan,RP,1.4,40,58,77,59,28,61,Rare
1972,ATL,Atlanta Braves,0.455,Phil Niekro,SP,5.4,90,49,96,63,74,70,Epic
1972,ATL,Atlanta Braves,0.455,Ron Reed,SP,1.3,87,41,73,48,69,55,Rare
1972,ATL,Atlanta Braves,0.455,Ron Schueler,SP,1.3,92,60,47,50,76,55,Rare
1972,MON,Montreal Expos,0.449,Mike Marshall,RP,4.0,40,81,48,107,28,74,Epic
1972,MON,Montreal Expos,0.449,Bill Stoneman,SP,3.8,87,62,47,62,69,58,Rare
1972,MON,Montreal Expos,0.449,Mike Torrez,SP,2.4,88,32,46,56,71,47,Uncommon
1972,SFN,San Francisco Giants,0.445,Ron Bryant,SP,2.9,90,38,55,60,73,53,Uncommon
1972,SFN,San Francisco Giants,0.445,Jim Barr,SP,2.9,102,35,86,61,90,64,Rare
1972,SFN,San Francisco Giants,0.445,Jim Willoughby,SP,2.7,91,32,103,75,75,70,Epic
1972,ML4,Milwaukee Brewers,0.417,Jim Lonborg,SP,3.2,88,57,59,54,71,58,Rare
1972,ML4,Milwaukee Brewers,0.417,Jerry Bell,RP,1.8,45,9,42,101,35,49,Uncommon
1972,ML4,Milwaukee Brewers,0.417,Jim Colborn,RP,1.4,45,59,71,48,35,57,Rare
1972,SDN,San Diego Padres,0.379,Clay Kirby,SP,4.5,86,69,40,52,68,55,Rare
1972,SDN,San Diego Padres,0.379,Fred Norman,SP,2.8,89,77,47,48,72,59,Rare
1972,SDN,San Diego Padres,0.379,Steve Arlin,SP,1.8,84,56,40,46,66,49,Uncommon
1972,PHI,Philadelphia Phillies,0.378,Steve Carlton,SP,12.1,94,91,81,97,79,89,Legendary
1972,PHI,Philadelphia Phillies,0.378,Woodie Fryman,SP,2.7,89,52,69,59,72,61,Rare
1972,PHI,Philadelphia Phillies,0.378,Barry Lersch,RP,1.5,45,35,62,60,35,51,Uncommon
1972,TEX,Texas Rangers,0.351,Mike Paul,SP,3.4,92,60,64,77,76,68,Rare
1972,TEX,Texas Rangers,0.351,Paul Lindblad,RP,2.5,39,39,71,59,26,53,Uncommon
1972,TEX,Texas Rangers,0.351,Rich Hand,SP,2.2,81,56,29,47,61,46,Uncommon
1973,CIN,Cincinnati Reds,0.611,Jack Billingham,SP,3.1,88,42,63,58,71,56,Rare
1973,CIN,Cincinnati Reds,0.611,Pedro Borbon,RP,2.5,39,37,72,86,26,61,Rare
1973,CIN,Cincinnati Reds,0.611,Fred Norman,SP,2.5,85,61,46,44,67,52,Uncommon
1973,BAL,Baltimore Orioles,0.599,Jim Palmer,SP,6.3,92,42,50,82,76,60,Rare
1973,BAL,Baltimore Orioles,0.599,Bob Reynolds,RP,2.6,45,64,74,104,35,76,Epic
1973,BAL,Baltimore Orioles,0.599,Dave McNally,SP,2.5,86,15,68,61,68,50,Uncommon
1973,LAN,Los Angeles Dodgers,0.59,Don Sutton,SP,5.4,90,76,89,74,74,79,Epic
1973,LAN,Los Angeles Dodgers,0.59,Andy Messersmith,SP,3.8,89,66,67,64,72,66,Rare
1973,LAN,Los Angeles Dodgers,0.59,Tommy John,SP,2.0,86,42,86,58,68,63,Rare
1973,OAK,Oakland Athletics,0.58,Ken Holtzman,SP,3.2,88,42,88,61,71,64,Rare
1973,OAK,Oakland Athletics,0.58,Vida Blue,SP,2.1,87,51,48,54,69,53,Uncommon
1973,OAK,Oakland Athletics,0.58,Catfish Hunter,SP,1.8,87,36,76,49,69,55,Rare
1973,BOS,Boston Red Sox,0.549,Bill Lee,SP,6.2,95,27,77,75,80,62,Rare
1973,BOS,Boston Red Sox,0.549,Luis Tiant,SP,5.2,90,72,72,58,74,68,Rare
1973,BOS,Boston Red Sox,0.549,Roger Moret,SP,2.3,106,48,45,62,94,56,Rare
1973,KCA,Kansas City Royals,0.543,Paul Splittorff,SP,3.6,85,27,70,52,67,51,Uncommon
1973,KCA,Kansas City Royals,0.543,Al Fitzmorris,SP,3.3,85,10,74,76,67,55,Rare
1973,KCA,Kansas City Royals,0.543,Doug Bird,RP,2.8,41,80,71,68,29,69,Rare
1973,SFN,San Francisco Giants,0.543,Ron Bryant,SP,3.4,85,42,46,55,67,50,Uncommon
1973,SFN,San Francisco Giants,0.543,Randy Moffitt,RP,3.0,40,58,67,81,28,65,Rare
1973,SFN,San Francisco Giants,0.543,Jim Barr,SP,2.9,86,22,90,49,68,55,Rare
1973,DET,Detroit Tigers,0.525,John Hiller,RP,7.9,41,104,66,113,29,88,Legendary
1973,DET,Detroit Tigers,0.525,Joe Coleman,SP,5.7,88,65,64,56,70,62,Rare
1973,DET,Detroit Tigers,0.525,Mickey Lolich,SP,5.3,88,64,80,51,71,66,Rare
1973,NYN,New York Mets,0.509,Tom Seaver,SP,10.6,92,87,88,90,76,87,Legendary
1973,NYN,New York Mets,0.509,Jerry Koosman,SP,5.8,89,50,72,66,72,64,Rare
1973,NYN,New York Mets,0.509,Jon Matlack,SP,4.3,87,85,47,59,69,64,Rare
1973,HOU,Houston Astros,0.506,Dave Roberts,SP,5.1,86,35,81,66,68,61,Rare
1973,HOU,Houston Astros,0.506,Don Wilson,SP,4.0,89,54,50,56,72,55,Rare
1973,HOU,Houston Astros,0.506,Jerry Reuss,SP,3.0,86,56,46,51,68,53,Uncommon
1973,MIN,Minnesota Twins,0.5,Bert Blyleven,SP,9.8,93,77,92,83,77,83,Epic
1973,MIN,Minnesota Twins,0.5,Ray Corbin,RP,2.8,45,46,48,70,35,53,Uncommon
1973,MIN,Minnesota Twins,0.5,Dick Woodson,SP,2.0,82,21,40,50,62,40,Common
1973,SLN,St. Louis Cardinals,0.5,Bob Gibson,SP,3.9,90,69,71,69,74,70,Epic
1973,SLN,St. Louis Cardinals,0.5,Reggie Cleveland,SP,3.5,86,44,76,64,68,62,Rare
1973,SLN,St. Louis Cardinals,0.5,Alan Foster,SP,2.8,86,41,67,59,68,57,Rare
1973,NYA,New York Yankees,0.494,Doc Medich,SP,4.8,88,53,65,63,71,61,Rare
1973,NYA,New York Yankees,0.494,Mel Stottlemyre,SP,4.1,87,18,72,64,69,53,Uncommon
1973,NYA,New York Yankees,0.494,Lindy McDaniel,RP,3.3,45,48,68,66,35,58,Rare
1973,PIT,Pittsburgh Pirates,0.494,Nelson Briles,SP,3.7,84,28,85,62,65,59,Rare
1973,PIT,Pittsburgh Pirates,0.494,Jim Rooker,SP,3.4,100,67,68,64,87,68,Rare
1973,PIT,Pittsburgh Pirates,0.494,Dave Giusti,RP,2.6,39,58,51,75,26,58,Rare
1973,CAL,California Angels,0.488,Nolan Ryan,SP,7.7,94,125,39,65,78,76,Epic
1973,CAL,California Angels,0.488,Bill Singer,SP,6.0,91,73,47,59,75,61,Rare
1973,CAL,California Angels,0.488,Clyde Wright,SP,2.7,87,5,70,47,69,44,Common
1973,MON,Montreal Expos,0.488,Steve Rogers,SP,5.0,91,35,53,115,75,68,Rare
1973,MON,Montreal Expos,0.488,Steve Renko,SP,4.3,88,59,45,67,71,58,Rare
1973,MON,Montreal Expos,0.488,Mike Marshall,RP,3.0,41,64,46,75,30,58,Rare
1973,CHN,Chicago Cubs,0.478,Rick Reuschel,SP,5.8,84,66,78,68,65,70,Epic
1973,CHN,Chicago Cubs,0.478,Bill Bonham,RP,4.3,45,78,46,68,35,61,Rare
1973,CHN,Chicago Cubs,0.478,Burt Hooton,SP,4.1,86,46,68,57,68,58,Rare
1973,CHA,Chicago White Sox,0.475,Wilbur Wood,SP,7.6,89,45,80,60,72,63,Rare
1973,CHA,Chicago White Sox,0.475,Stan Bahnsen,SP,6.2,84,28,47,58,66,46,Uncommon
1973,CHA,Chicago White Sox,0.475,Terry Forster,RP,4.5,45,64,43,67,35,56,Rare
1973,ATL,Atlanta Braves,0.472,Phil Niekro,SP,4.4,93,42,54,60,77,54,Uncommon
1973,ATL,Atlanta Braves,0.472,Carl Morton,SP,4.3,86,29,76,60,68,56,Rare
1973,ATL,Atlanta Braves,0.472,Ron Schueler,SP,1.8,100,60,56,49,86,58,Rare
1973,ML4,Milwaukee Brewers,0.457,Jim Colborn,SP,4.7,96,28,75,61,81,57,Rare
1973,ML4,Milwaukee Brewers,0.457,Jim Slaton,SP,2.7,88,36,55,49,70,49,Uncommon
1973,ML4,Milwaukee Brewers,0.457,Bill Champion,RP,1.5,45,37,43,52,35,43,Common
1973,CLE,Cleveland Indians,0.438,Gaylord Perry,SP,7.8,94,64,61,58,79,63,Rare
1973,CLE,Cleveland Indians,0.438,Dick Tidrow,SP,2.3,85,38,58,43,67,48,Uncommon
1973,CLE,Cleveland Indians,0.438,Tom Hilgendorf,RP,1.8,41,53,50,63,30,53,Uncommon
1973,PHI,Philadelphia Phillies,0.438,Wayne Twitchell,SP,6.7,91,72,44,78,75,66,Rare
1973,PHI,Philadelphia Phillies,0.438,Ken Brett,SP,3.2,94,41,57,55,79,54,Uncommon
1973,PHI,Philadelphia Phillies,0.438,Steve Carlton,SP,2.2,88,73,49,48,71,58,Rare
1973,SDN,San Diego Padres,0.37,Bill Greif,SP,2.6,83,51,66,53,64,57,Rare
1973,SDN,San Diego Padres,0.37,Randy Jones,SP,2.4,88,45,77,54,71,60,Rare
1973,SDN,San Diego Padres,0.37,Rich Troedson,RP,0.8,45,42,49,41,35,43,Common
1973,TEX,Texas Rangers,0.352,Jim Bibby,SP,3.3,89,85,27,38,72,52,Uncommon
1973,TEX,Texas Rangers,0.352,Jim Merritt,SP,2.0,94,25,90,44,79,56,Rare
1973,TEX,Texas Rangers,0.352,Jackie Brown,RP,1.0,45,61,51,46,35,51,Uncommon
1974,LAN,Los Angeles Dodgers,0.63,Andy Messersmith,SP,5.3,89,72,64,67,72,68,Rare
1974,LAN,Los Angeles Dodgers,0.63,Mike Marshall,RP,3.1,41,63,77,76,30,68,Rare
1974,LAN,Los Angeles Dodgers,0.63,Tommy John,SP,2.6,86,39,75,73,68,63,Rare
1974,CIN,Cincinnati Reds,0.605,Don Gullett,SP,2.8,86,72,54,57,68,62,Rare
1974,CIN,Cincinnati Reds,0.605,Clay Carroll,RP,2.4,40,32,70,89,28,60,Rare
1974,CIN,Cincinnati Reds,0.605,Fred Norman,SP,2.0,87,72,54,56,69,61,Rare
1974,BAL,Baltimore Orioles,0.562,Ross Grimsley,SP,4.0,89,42,79,56,72,60,Rare
1974,BAL,Baltimore Orioles,0.562,Mike Cuellar,SP,3.4,87,24,64,58,69,51,Uncommon
1974,BAL,Baltimore Orioles,0.562,Dave McNally,SP,1.8,86,28,66,49,68,50,Uncommon
1974,OAK,Oakland Athletics,0.556,Catfish Hunter,SP,6.9,90,31,106,68,74,69,Rare
1974,OAK,Oakland Athletics,0.556,Vida Blue,SP,2.1,87,53,58,54,69,56,Rare
1974,OAK,Oakland Athletics,0.556,Paul Lindblad,RP,1.9,43,32,70,88,32,60,Rare
1974,NYA,New York Yankees,0.549,Pat Dobson,SP,4.3,88,46,77,58,70,61,Rare
1974,NYA,New York Yankees,0.549,Sparky Lyle,RP,3.5,40,76,51,113,28,75,Epic
1974,NYA,New York Yankees,0.549,Doc Medich,SP,2.9,88,45,63,49,71,54,Uncommon
1974,ATL,Atlanta Braves,0.543,Phil Niekro,SP,7.8,90,57,71,83,74,71,Epic
1974,ATL,Atlanta Braves,0.543,Buzz Capra,SP,5.4,92,55,49,87,76,65,Rare
1974,ATL,Atlanta Braves,0.543,Carl Morton,SP,3.4,88,26,63,66,70,54,Uncommon
1974,PIT,Pittsburgh Pirates,0.543,Jim Rooker,SP,4.7,91,42,65,67,75,60,Rare
1974,PIT,Pittsburgh Pirates,0.543,Dock Ellis,SP,2.5,85,40,85,56,67,61,Rare
1974,PIT,Pittsburgh Pirates,0.543,Jerry Reuss,SP,2.1,88,25,49,50,71,44,Common
1974,SLN,St. Louis Cardinals,0.534,Lynn McGlothen,SP,4.9,90,51,51,71,73,59,Rare
1974,SLN,St. Louis Cardinals,0.534,Mike Garman,RP,1.6,38,45,62,73,25,56,Rare
1974,SLN,St. Louis Cardinals,0.534,Bob Forsch,SP,1.5,87,23,59,65,69,51,Uncommon
1974,TEX,Texas Rangers,0.525,Fergie Jenkins,SP,7.7,92,63,108,64,76,78,Epic
1974,TEX,Texas Rangers,0.525,Steve Foucault,RP,2.8,42,69,75,84,31,72,Epic
1974,TEX,Texas Rangers,0.525,Jackie Brown,SP,2.5,94,54,59,52,78,57,Rare
1974,BOS,Boston Red Sox,0.519,Luis Tiant,SP,7.7,93,46,78,69,77,66,Rare
1974,BOS,Boston Red Sox,0.519,Bill Lee,SP,3.6,90,16,84,55,73,54,Uncommon
1974,BOS,Boston Red Sox,0.519,Dick Drago,SP,2.7,102,39,65,55,89,57,Rare
1974,MIN,Minnesota Twins,0.506,Bert Blyleven,SP,7.8,90,90,75,75,73,79,Epic
1974,MIN,Minnesota Twins,0.506,Joe Decker,SP,4.7,84,56,49,57,66,55,Rare
1974,MIN,Minnesota Twins,0.506,Bill Campbell,RP,3.9,41,70,43,79,29,60,Rare
1974,CHA,Chicago White Sox,0.5,Jim Kaat,SP,7.0,87,39,86,67,69,64,Rare
1974,CHA,Chicago White Sox,0.5,Wilbur Wood,SP,5.5,90,41,81,53,73,60,Rare
1974,CHA,Chicago White Sox,0.5,Bart Johnson,SP,3.7,84,54,78,74,66,68,Rare
1974,HOU,Houston Astros,0.5,Larry Dierker,SP,4.4,84,61,53,60,66,59,Rare
1974,HOU,Houston Astros,0.5,Don Wilson,SP,3.0,89,44,40,57,72,50,Uncommon
1974,HOU,Houston Astros,0.5,Dave Roberts,SP,2.4,85,18,65,57,67,49,Uncommon
1974,PHI,Philadelphia Phillies,0.494,Steve Carlton,SP,4.8,89,82,42,60,72,62,Rare
1974,PHI,Philadelphia Phillies,0.494,Jim Lonborg,SP,4.5,88,28,82,60,70,58,Rare
1974,PHI,Philadelphia Phillies,0.494,Ron Schueler,SP,2.3,89,43,40,51,72,47,Uncommon
1974,MON,Montreal Expos,0.491,Chuck Taylor,RP,3.2,40,24,85,91,28,63,Rare
1974,MON,Montreal Expos,0.491,Dale Murray,RP,2.6,42,30,62,117,31,66,Rare
1974,MON,Montreal Expos,0.491,Dennis Blair,SP,2.1,84,41,39,63,65,49,Uncommon
1974,CLE,Cleveland Indians,0.475,Gaylord Perry,SP,8.5,96,61,67,74,81,69,Rare
1974,CLE,Cleveland Indians,0.475,Jim Perry,SP,4.3,86,9,80,66,68,53,Uncommon
1974,CLE,Cleveland Indians,0.475,Tom Buskey,RP,0.5,40,29,54,41,28,40,Common
1974,KCA,Kansas City Royals,0.475,Steve Busby,SP,6.5,90,62,66,60,73,64,Rare
1974,KCA,Kansas City Royals,0.475,Al Fitzmorris,SP,4.5,86,8,61,73,68,49,Uncommon
1974,KCA,Kansas City Royals,0.475,Bruce Dal Canton,SP,3.4,91,44,42,67,75,53,Uncommon
1974,ML4,Milwaukee Brewers,0.469,Tom Murphy,RP,5.1,40,22,47,100,28,54,Uncommon
1974,ML4,Milwaukee Brewers,0.469,Ed Sprague,SP,2.0,100,52,62,82,86,67,Rare
1974,ML4,Milwaukee Brewers,0.469,Jim Colborn,SP,1.9,88,21,77,42,70,49,Uncommon
1974,DET,Detroit Tigers,0.444,John Hiller,RP,4.1,44,91,47,74,34,67,Rare
1974,DET,Detroit Tigers,0.444,Mickey Lolich,SP,2.9,89,59,80,43,72,62,Rare
1974,DET,Detroit Tigers,0.444,Joe Coleman,SP,1.1,86,54,34,42,68,46,Uncommon
1974,SFN,San Francisco Giants,0.444,Jim Barr,SP,6.3,96,18,94,72,82,63,Rare
1974,SFN,San Francisco Giants,0.444,Mike Caldwell,SP,3.3,86,30,61,65,68,54,Uncommon
1974,SFN,San Francisco Giants,0.444,John D'Acquisto,SP,2.2,80,75,31,53,60,54,Uncommon
1974,NYN,New York Mets,0.438,Jon Matlack,SP,9.1,90,69,72,82,74,74,Epic
1974,NYN,New York Mets,0.438,Tom Seaver,SP,6.2,88,85,65,57,71,69,Rare
1974,NYN,New York Mets,0.438,Jerry Koosman,SP,4.9,89,66,64,56,72,63,Rare
1974,CAL,California Angels,0.42,Nolan Ryan,SP,5.9,93,119,28,62,77,70,Epic
1974,CAL,California Angels,0.42,Frank Tanana,SP,4.6,90,61,72,54,73,63,Rare
1974,CAL,California Angels,0.42,Andy Hassler,SP,2.8,88,34,40,68,71,50,Uncommon
1974,CHN,Chicago Cubs,0.407,Rick Reuschel,SP,3.5,82,60,58,45,63,55,Rare
1974,CHN,Chicago Cubs,0.407,Bill Bonham,SP,3.2,84,77,43,53,66,58,Rare
1974,CHN,Chicago Cubs,0.407,Oscar Zamora,RP,2.8,39,32,87,63,26,57,Rare
1974,SDN,San Diego Padres,0.37,Dave Freisleben,SP,3.3,85,53,36,51,67,49,Uncommon
1974,SDN,San Diego Padres,0.37,Dan Spillner,SP,1.3,80,57,41,43,60,48,Uncommon
1974,SDN,San Diego Padres,0.37,Bill Greif,SP,1.2,83,52,46,39,64,47,Uncommon
1975,CIN,Cincinnati Reds,0.667,Don Gullett,SP,3.1,88,53,57,77,70,63,Rare
1975,CIN,Cincinnati Reds,0.667,Gary Nolan,SP,2.6,84,18,108,57,65,61,Rare
1975,CIN,Cincinnati Reds,0.667,Rawly Eastwick,RP,1.8,39,62,74,72,27,65,Rare
1975,OAK,Oakland Athletics,0.605,Vida Blue,SP,4.6,88,62,56,62,70,61,Rare
1975,OAK,Oakland Athletics,0.605,Ken Holtzman,SP,3.0,86,32,48,61,68,49,Uncommon
1975,OAK,Oakland Athletics,0.605,Rollie Fingers,RP,2.2,40,93,79,60,28,72,Epic
1975,BOS,Boston Red Sox,0.594,Luis Tiant,SP,2.5,88,44,75,51,71,58,Rare
1975,BOS,Boston Red Sox,0.594,Bill Lee,SP,2.4,90,11,77,53,73,50,Uncommon
1975,BOS,Boston Red Sox,0.594,Roger Moret,SP,2.2,98,45,36,61,84,51,Uncommon
1975,PIT,Pittsburgh Pirates,0.571,Jerry Reuss,SP,5.4,88,45,62,75,71,62,Rare
1975,PIT,Pittsburgh Pirates,0.571,Jim Rooker,SP,1.9,86,40,49,60,68,52,Uncommon
1975,PIT,Pittsburgh Pirates,0.571,Larry Demery,RP,1.6,44,40,51,64,34,50,Uncommon
1975,BAL,Baltimore Orioles,0.566,Jim Palmer,SP,8.4,94,51,82,88,79,74,Epic
1975,BAL,Baltimore Orioles,0.566,Mike Torrez,SP,3.5,89,30,39,61,72,46,Uncommon
1975,BAL,Baltimore Orioles,0.566,Doyle Alexander,RP,2.1,45,17,56,62,35,44,Common
1975,KCA,Kansas City Royals,0.562,Steve Busby,SP,6.0,90,53,66,65,73,62,Rare
1975,KCA,Kansas City Royals,0.562,Al Fitzmorris,SP,4.0,85,14,66,56,67,48,Uncommon
1975,KCA,Kansas City Royals,0.562,Dennis Leonard,SP,2.7,87,63,46,51,69,55,Rare
1975,LAN,Los Angeles Dodgers,0.543,Andy Messersmith,SP,6.5,92,60,69,77,76,69,Rare
1975,LAN,Los Angeles Dodgers,0.543,Don Sutton,SP,3.5,88,63,83,62,70,69,Rare
1975,LAN,Los Angeles Dodgers,0.543,Burt Hooton,SP,2.6,87,58,72,43,69,59,Rare
1975,PHI,Philadelphia Phillies,0.531,Steve Carlton,SP,2.2,85,72,47,52,67,58,Rare
1975,PHI,Philadelphia Phillies,0.531,Larry Christenson,SP,1.7,84,39,78,53,65,57,Rare
1975,PHI,Philadelphia Phillies,0.531,Tom Hilgendorf,RP,1.6,41,43,49,92,29,58,Rare
1975,NYA,New York Yankees,0.519,Catfish Hunter,SP,8.1,94,43,80,74,79,67,Rare
1975,NYA,New York Yankees,0.519,Doc Medich,SP,3.5,88,36,78,53,71,57,Rare
1975,NYA,New York Yankees,0.519,Rudy May,SP,2.7,85,63,42,66,67,58,Rare
1975,NYN,New York Mets,0.506,Tom Seaver,SP,7.8,90,87,66,78,74,77,Epic
1975,NYN,New York Mets,0.506,Bob Apodaca,RP,3.1,41,42,62,114,29,68,Rare
1975,NYN,New York Mets,0.506,Jerry Koosman,SP,2.1,86,68,47,51,68,57,Rare
1975,SLN,St. Louis Cardinals,0.506,Bob Forsch,SP,5.5,84,34,68,69,66,58,Rare
1975,SLN,St. Louis Cardinals,0.506,Al Hrabosky,RP,3.9,39,84,60,116,26,81,Epic
1975,SLN,St. Louis Cardinals,0.506,Ron Reed,SP,3.8,88,45,90,59,71,65,Rare
1975,CLE,Cleveland Indians,0.497,Dennis Eckersley,SP,5.3,90,80,40,73,74,65,Rare
1975,CLE,Cleveland Indians,0.497,Dave LaRoche,RP,2.3,38,125,20,90,25,73,Epic
1975,CLE,Cleveland Indians,0.497,Rick Waits,SP,1.9,103,36,56,69,91,57,Rare
1975,SFN,San Francisco Giants,0.497,John Montefusco,SP,6.8,87,89,56,71,69,72,Epic
1975,SFN,San Francisco Giants,0.497,Jim Barr,SP,6.0,88,13,84,64,71,55,Rare
1975,SFN,San Francisco Giants,0.497,Ed Halicki,SP,2.7,86,100,52,60,68,70,Epic
1975,TEX,Texas Rangers,0.488,Gaylord Perry,SP,5.8,94,73,86,57,78,73,Epic
1975,TEX,Texas Rangers,0.488,Fergie Jenkins,SP,3.1,88,49,91,44,70,62,Rare
1975,TEX,Texas Rangers,0.488,Steve Hargan,SP,1.5,88,37,62,49,70,51,Uncommon
1975,MIN,Minnesota Twins,0.478,Bert Blyleven,SP,6.0,91,84,68,65,75,73,Epic
1975,MIN,Minnesota Twins,0.478,Dave Goltz,SP,3.4,90,41,70,54,73,57,Rare
1975,MIN,Minnesota Twins,0.478,Jim Hughes,SP,2.9,88,41,38,52,71,46,Uncommon
1975,CHA,Chicago White Sox,0.466,Rich Gossage,RP,8.2,43,94,39,115,32,78,Epic
1975,CHA,Chicago White Sox,0.466,Jim Kaat,SP,7.7,88,33,80,65,71,60,Rare
1975,CHA,Chicago White Sox,0.466,Wilbur Wood,SP,3.6,84,35,65,47,66,51,Uncommon
1975,CHN,Chicago Cubs,0.463,Steve Stone,SP,3.4,84,58,52,47,66,54,Uncommon
1975,CHN,Chicago Cubs,0.463,Rick Reuschel,SP,3.3,82,60,72,52,63,62,Rare
1975,CHN,Chicago Cubs,0.463,Ray Burris,SP,2.6,85,32,68,45,67,50,Uncommon
1975,MON,Montreal Expos,0.463,Steve Rogers,SP,4.5,88,44,57,62,70,56,Rare
1975,MON,Montreal Expos,0.463,Dan Warthen,SP,3.4,100,73,37,66,86,61,Rare
1975,MON,Montreal Expos,0.463,Dennis Blair,SP,2.2,81,38,25,51,61,40,Common
1975,CAL,California Angels,0.447,Frank Tanana,SP,7.4,90,112,73,68,74,83,Epic
1975,CAL,California Angels,0.447,Ed Figueroa,SP,5.5,90,47,59,64,73,58,Rare
1975,CAL,California Angels,0.447,Nolan Ryan,SP,2.6,87,97,23,53,69,59,Rare
1975,SDN,San Diego Padres,0.438,Randy Jones,SP,7.5,91,19,94,82,75,66,Rare
1975,SDN,San Diego Padres,0.438,Brent Strom,SP,2.8,89,33,75,73,72,62,Rare
1975,SDN,San Diego Padres,0.438,Danny Frisella,RP,1.6,39,63,37,58,26,50,Uncommon
1975,ML4,Milwaukee Brewers,0.42,Pete Broberg,SP,2.4,85,32,40,47,67,42,Common
1975,ML4,Milwaukee Brewers,0.42,Bill Castro,RP,1.7,45,16,87,82,35,59,Rare
1975,ML4,Milwaukee Brewers,0.42,Jim Colborn,SP,1.4,87,22,65,44,69,46,Uncommon
1975,ATL,Atlanta Braves,0.416,Phil Niekro,SP,6.7,88,41,78,58,71,60,Rare
1975,ATL,Atlanta Braves,0.416,Carl Morton,SP,6.1,87,9,70,56,69,47,Uncommon
1975,ATL,Atlanta Braves,0.416,Mike Beard,RP,1.1,42,22,48,63,31,43,Common
1975,HOU,Houston Astros,0.398,Larry Dierker,SP,1.6,85,44,49,41,67,47,Uncommon
1975,HOU,Houston Astros,0.398,Joe Niekro,RP,1.4,43,53,44,61,32,51,Uncommon
1975,HOU,Houston Astros,0.398,Mike Cosgrove,RP,1.3,43,31,37,62,32,42,Common
1975,DET,Detroit Tigers,0.358,Mickey Lolich,SP,4.0,89,48,77,53,72,61,Rare
1975,DET,Detroit Tigers,0.358,John Hiller,RP,3.0,41,125,38,94,30,80,Epic
1975,DET,Detroit Tigers,0.358,Vern Ruhle,SP,2.2,81,18,59,49,61,44,Common
1976,CIN,Cincinnati Reds,0.63,Pat Zachry,SP,3.6,88,65,47,70,70,62,Rare
1976,CIN,Cincinnati Reds,0.63,Gary Nolan,SP,2.8,86,34,114,49,68,66,Rare
1976,CIN,Cincinnati Reds,0.63,Rawly Eastwick,RP,2.8,39,58,81,92,26,72,Epic
1976,PHI,Philadelphia Phillies,0.623,Steve Carlton,SP,3.9,88,74,73,58,70,68,Rare
1976,PHI,Philadelphia Phillies,0.623,Ron Reed,RP,2.7,42,71,81,75,31,71,Epic
1976,PHI,Philadelphia Phillies,0.623,Jim Lonborg,SP,2.6,86,42,87,58,68,63,Rare
1976,NYA,New York Yankees,0.61,Ed Figueroa,SP,2.1,89,33,53,61,72,51,Uncommon
1976,NYA,New York Yankees,0.61,Grant Jackson,RP,1.7,43,38,64,75,32,56,Rare
1976,NYA,New York Yankees,0.61,Doyle Alexander,SP,1.5,92,10,66,52,76,46,Uncommon
1976,LAN,Los Angeles Dodgers,0.568,Doug Rau,SP,4.2,88,28,69,67,70,56,Rare
1976,LAN,Los Angeles Dodgers,0.568,Don Sutton,SP,3.1,91,51,68,55,75,60,Rare
1976,LAN,Los Angeles Dodgers,0.568,Tommy John,SP,2.3,84,30,70,60,66,55,Rare
1976,PIT,Pittsburgh Pirates,0.568,John Candelaria,SP,2.5,87,55,76,54,69,62,Rare
1976,PIT,Pittsburgh Pirates,0.568,Jim Rooker,SP,2.3,85,33,54,55,67,49,Uncommon
1976,PIT,Pittsburgh Pirates,0.568,Kent Tekulve,RP,2.0,39,60,83,78,27,69,Rare
1976,KCA,Kansas City Royals,0.556,Mark Littell,RP,3.1,40,90,31,95,28,68,Rare
1976,KCA,Kansas City Royals,0.556,Steve Mingori,RP,2.3,39,31,71,83,27,58,Rare
1976,KCA,Kansas City Royals,0.556,Al Fitzmorris,SP,2.2,84,20,80,64,66,56,Rare
1976,BAL,Baltimore Orioles,0.543,Jim Palmer,SP,6.5,91,38,77,68,75,62,Rare
1976,BAL,Baltimore Orioles,0.543,Wayne Garland,SP,3.8,99,36,75,66,85,62,Rare
1976,BAL,Baltimore Orioles,0.543,Tippy Martinez,RP,1.8,40,57,29,86,28,54,Uncommon
1976,OAK,Oakland Athletics,0.54,Vida Blue,SP,7.6,92,45,90,78,76,72,Epic
1976,OAK,Oakland Athletics,0.54,Mike Torrez,SP,5.2,85,29,63,71,67,56,Rare
1976,OAK,Oakland Athletics,0.54,Rollie Fingers,RP,3.8,41,84,70,75,29,72,Epic
1976,NYN,New York Mets,0.531,Tom Seaver,SP,5.4,91,87,73,67,75,76,Epic
1976,NYN,New York Mets,0.531,Jerry Koosman,SP,4.7,90,79,77,62,74,73,Epic
1976,NYN,New York Mets,0.531,Jon Matlack,SP,4.2,89,49,89,57,72,66,Rare
1976,MIN,Minnesota Twins,0.525,Tom Burgmeier,RP,2.6,41,23,81,72,30,56,Rare
1976,MIN,Minnesota Twins,0.525,Dave Goltz,SP,2.2,87,42,54,57,69,53,Uncommon
1976,MIN,Minnesota Twins,0.525,Bill Campbell,RP,1.9,42,63,52,64,31,57,Rare
1976,BOS,Boston Red Sox,0.512,Luis Tiant,SP,6.2,88,34,86,65,71,63,Rare
1976,BOS,Boston Red Sox,0.512,Fergie Jenkins,SP,4.0,88,62,92,60,70,71,Epic
1976,BOS,Boston Red Sox,0.512,Rick Wise,SP,3.0,84,26,90,57,65,58,Rare
1976,CLE,Cleveland Indians,0.509,Dave LaRoche,RP,3.4,39,116,38,85,27,74,Epic
1976,CLE,Cleveland Indians,0.509,Jim Kern,RP,3.1,44,98,46,81,33,71,Epic
1976,CLE,Cleveland Indians,0.509,Jim Bibby,SP,3.1,90,40,59,59,74,55,Rare
1976,HOU,Houston Astros,0.494,J. R. Richard,SP,3.6,89,69,37,62,72,58,Rare
1976,HOU,Houston Astros,0.494,Ken Forsch,RP,2.5,40,42,73,79,28,61,Rare
1976,HOU,Houston Astros,0.494,Joaquin Andujar,SP,1.2,85,17,45,48,67,40,Common
1976,CAL,California Angels,0.469,Frank Tanana,SP,7.5,94,93,80,69,79,80,Epic
1976,CAL,California Angels,0.469,Nolan Ryan,SP,3.5,88,125,25,54,70,68,Rare
1976,CAL,California Angels,0.469,Gary Ross,SP,2.8,88,30,79,59,70,57,Rare
1976,TEX,Texas Rangers,0.469,Bert Blyleven,SP,6.5,94,70,76,66,78,71,Epic
1976,TEX,Texas Rangers,0.469,Gaylord Perry,SP,5.8,90,47,91,59,74,66,Rare
1976,TEX,Texas Rangers,0.469,Nelson Briles,SP,3.1,84,33,87,56,66,59,Rare
1976,CHN,Chicago Cubs,0.463,Ray Burris,SP,5.2,85,31,74,62,67,57,Rare
1976,CHN,Chicago Cubs,0.463,Rick Reuschel,SP,4.7,86,46,82,57,68,62,Rare
1976,CHN,Chicago Cubs,0.463,Bruce Sutter,RP,2.6,39,89,66,76,27,72,Epic
1976,DET,Detroit Tigers,0.46,Mark Fidrych,SP,9.6,95,23,90,84,80,67,Rare
1976,DET,Detroit Tigers,0.46,John Hiller,RP,4.0,42,101,34,82,31,68,Rare
1976,DET,Detroit Tigers,0.46,Dave Roberts,SP,3.4,86,13,81,48,68,49,Uncommon
1976,SFN,San Francisco Giants,0.457,John Montefusco,SP,6.9,86,62,71,69,68,67,Rare
1976,SFN,San Francisco Giants,0.457,Jim Barr,SP,5.6,85,11,84,68,67,56,Rare
1976,SFN,San Francisco Giants,0.457,Gary Lavelle,RP,2.9,40,57,41,71,28,54,Uncommon
1976,SDN,San Diego Padres,0.451,Randy Jones,SP,4.7,91,10,103,64,75,61,Rare
1976,SDN,San Diego Padres,0.451,Rick Sawyer,SP,1.8,88,25,42,72,71,49,Uncommon
1976,SDN,San Diego Padres,0.451,Butch Metzger,RP,1.3,39,68,46,61,27,55,Rare
1976,SLN,St. Louis Cardinals,0.444,John Denny,SP,4.9,85,19,55,75,67,51,Uncommon
1976,SLN,St. Louis Cardinals,0.444,Pete Falcone,SP,3.2,84,58,44,58,65,54,Uncommon
1976,SLN,St. Louis Cardinals,0.444,Eric Rasmussen,RP,1.4,45,39,55,52,35,47,Uncommon
1976,ATL,Atlanta Braves,0.432,Phil Niekro,SP,6.6,88,56,52,60,70,57,Rare
1976,ATL,Atlanta Braves,0.432,Andy Messersmith,SP,5.5,88,58,55,65,71,60,Rare
1976,ATL,Atlanta Braves,0.432,Dick Ruthven,SP,4.5,84,50,51,48,66,51,Uncommon
1976,ML4,Milwaukee Brewers,0.41,Bill Travers,SP,4.5,87,38,48,62,69,51,Uncommon
1976,ML4,Milwaukee Brewers,0.41,Jim Slaton,SP,3.6,90,34,64,55,73,53,Uncommon
1976,ML4,Milwaukee Brewers,0.41,Jim Colborn,SP,2.9,86,31,84,47,68,55,Rare
1976,CHA,Chicago White Sox,0.398,Ken Brett,SP,4.2,90,32,51,59,74,50,Uncommon
1976,CHA,Chicago White Sox,0.398,Rich Gossage,SP,2.8,90,51,48,47,74,51,Uncommon
1976,CHA,Chicago White Sox,0.398,Clay Carroll,RP,2.2,45,37,67,79,35,58,Rare
1976,MON,Montreal Expos,0.34,Steve Rogers,SP,4.7,87,58,69,63,69,64,Rare
1976,MON,Montreal Expos,0.34,Woodie Fryman,SP,3.9,84,47,57,57,66,55,Rare
1976,MON,Montreal Expos,0.34,Don Stanhouse,SP,2.5,87,28,39,54,69,43,Common
1977,KCA,Kansas City Royals,0.63,Dennis Leonard,SP,5.6,94,80,77,70,78,76,Epic
1977,KCA,Kansas City Royals,0.63,Jim Colborn,SP,3.7,88,31,60,56,70,51,Uncommon
1977,KCA,Kansas City Royals,0.63,Paul Splittorff,SP,3.0,83,31,54,59,64,50,Uncommon
1977,PHI,Philadelphia Phillies,0.623,Steve Carlton,SP,5.9,94,64,66,78,78,70,Epic
1977,PHI,Philadelphia Phillies,0.623,Gene Garber,RP,2.5,39,71,90,90,27,78,Epic
1977,PHI,Philadelphia Phillies,0.623,Ron Reed,RP,2.0,42,62,70,76,31,65,Rare
1977,NYA,New York Yankees,0.617,Ron Guidry,SP,4.8,96,80,68,74,82,75,Epic
1977,NYA,New York Yankees,0.617,Sparky Lyle,RP,3.6,41,40,85,97,29,70,Epic
1977,NYA,New York Yankees,0.617,Ed Figueroa,SP,3.3,91,32,66,56,75,54,Uncommon
1977,LAN,Los Angeles Dodgers,0.605,Burt Hooton,SP,5.5,90,63,78,77,73,73,Epic
1977,LAN,Los Angeles Dodgers,0.605,Don Sutton,SP,4.4,90,56,73,60,73,64,Rare
1977,LAN,Los Angeles Dodgers,0.605,Tommy John,SP,4.4,89,48,89,73,72,70,Epic
1977,BAL,Baltimore Orioles,0.602,Jim Palmer,SP,7.3,95,53,67,67,80,64,Rare
1977,BAL,Baltimore Orioles,0.602,Mike Flanagan,SP,3.0,89,57,70,54,72,62,Rare
1977,BAL,Baltimore Orioles,0.602,Rudy May,SP,1.9,87,29,67,52,69,51,Uncommon
1977,BOS,Boston Red Sox,0.602,Bill Campbell,RP,4.7,41,78,45,77,30,63,Rare
1977,BOS,Boston Red Sox,0.602,Fergie Jenkins,SP,3.0,88,46,99,58,70,68,Rare
1977,BOS,Boston Red Sox,0.602,Reggie Cleveland,SP,2.7,88,33,89,52,71,59,Rare
1977,PIT,Pittsburgh Pirates,0.593,John Candelaria,SP,7.4,88,50,91,84,71,75,Epic
1977,PIT,Pittsburgh Pirates,0.593,Rich Gossage,RP,6.0,41,116,52,112,29,87,Legendary
1977,PIT,Pittsburgh Pirates,0.593,Jim Rooker,SP,2.6,87,32,66,63,69,55,Rare
1977,TEX,Texas Rangers,0.58,Bert Blyleven,SP,5.8,94,73,71,77,78,74,Epic
1977,TEX,Texas Rangers,0.58,Doyle Alexander,SP,3.3,88,20,58,56,71,47,Uncommon
1977,TEX,Texas Rangers,0.58,Gaylord Perry,SP,3.0,88,70,86,62,71,72,Epic
1977,CHA,Chicago White Sox,0.556,Francisco Barrios,SP,4.4,91,42,82,49,75,59,Rare
1977,CHA,Chicago White Sox,0.556,Lerrin LaGrow,RP,4.2,39,57,56,84,26,62,Rare
1977,CHA,Chicago White Sox,0.556,Ken Kravec,SP,2.4,86,70,59,52,68,61,Rare
1977,CIN,Cincinnati Reds,0.543,Tom Seaver,SP,7.9,94,70,82,75,78,76,Epic
1977,CIN,Cincinnati Reds,0.543,Fred Norman,SP,3.4,85,67,43,56,67,56,Rare
1977,CIN,Cincinnati Reds,0.543,Pedro Borbon,RP,2.1,40,24,98,65,28,59,Rare
1977,MIN,Minnesota Twins,0.522,Dave Goltz,SP,5.5,93,54,70,61,77,63,Rare
1977,MIN,Minnesota Twins,0.522,Tom Johnson,RP,2.5,41,52,65,66,30,58,Rare
1977,MIN,Minnesota Twins,0.522,Paul Thormodsgard,SP,0.6,82,31,70,41,62,49,Uncommon
1977,SLN,St. Louis Cardinals,0.512,Eric Rasmussen,SP,2.6,88,42,77,55,70,59,Rare
1977,SLN,St. Louis Cardinals,0.512,Bob Forsch,SP,2.2,84,32,65,56,65,52,Uncommon
1977,SLN,St. Louis Cardinals,0.512,Buddy Schultz,RP,1.8,42,73,75,88,31,74,Epic
1977,CHN,Chicago Cubs,0.5,Rick Reuschel,SP,9.5,87,60,71,84,69,71,Epic
1977,CHN,Chicago Cubs,0.5,Bruce Sutter,RP,6.5,40,124,92,114,28,102,Legendary
1977,CHN,Chicago Cubs,0.5,Bill Bonham,SP,3.7,84,56,49,52,65,54,Uncommon
1977,HOU,Houston Astros,0.5,J. R. Richard,SP,4.9,90,76,49,63,74,64,Rare
1977,HOU,Houston Astros,0.5,Mark Lemongello,SP,2.7,89,25,85,51,72,56,Rare
1977,HOU,Houston Astros,0.5,Joe Niekro,RP,2.5,45,48,56,60,35,53,Uncommon
1977,MON,Montreal Expos,0.463,Steve Rogers,SP,4.7,91,62,78,65,75,69,Rare
1977,MON,Montreal Expos,0.463,Don Stanhouse,RP,1.2,45,48,34,57,35,45,Uncommon
1977,MON,Montreal Expos,0.463,Bill Atkinson,RP,0.8,39,61,57,54,26,54,Uncommon
1977,SFN,San Francisco Giants,0.463,Ed Halicki,SP,5.3,88,59,77,58,71,65,Rare
1977,SFN,San Francisco Giants,0.463,Gary Lavelle,RP,4.0,39,75,66,103,27,76,Epic
1977,SFN,San Francisco Giants,0.463,Bob Knepper,SP,3.1,83,53,44,59,64,53,Uncommon
1977,CAL,California Angels,0.457,Frank Tanana,SP,8.3,93,82,82,79,77,81,Epic
1977,CAL,California Angels,0.457,Nolan Ryan,SP,7.8,95,116,18,76,80,71,Epic
1977,CAL,California Angels,0.457,Ken Brett,SP,2.6,86,22,86,42,68,52,Uncommon
1977,DET,Detroit Tigers,0.457,Dave Rozema,SP,5.6,93,30,107,68,77,69,Rare
1977,DET,Detroit Tigers,0.457,Fernando Arroyo,SP,3.8,91,13,83,50,75,51,Uncommon
1977,DET,Detroit Tigers,0.457,Mark Fidrych,SP,2.4,90,42,109,82,74,77,Epic
1977,CLE,Cleveland Indians,0.441,Dennis Eckersley,SP,5.1,91,73,91,54,75,73,Epic
1977,CLE,Cleveland Indians,0.441,Wayne Garland,SP,4.1,90,29,67,56,74,53,Uncommon
1977,CLE,Cleveland Indians,0.441,Jim Bibby,SP,2.5,88,62,56,56,70,59,Rare
1977,SDN,San Diego Padres,0.426,Rollie Fingers,RP,2.2,40,83,77,60,28,69,Rare
1977,SDN,San Diego Padres,0.426,Dave Tomlin,RP,1.3,38,45,66,66,25,56,Rare
1977,SDN,San Diego Padres,0.426,Bob Shirley,SP,1.2,83,62,40,47,64,51,Uncommon
1977,ML4,Milwaukee Brewers,0.414,Jim Slaton,SP,2.6,89,36,57,56,72,52,Uncommon
1977,ML4,Milwaukee Brewers,0.414,Bob McClure,RP,2.2,36,76,40,88,23,63,Rare
1977,ML4,Milwaukee Brewers,0.414,Moose Haas,SP,1.9,83,49,45,46,64,48,Uncommon
1977,NYN,New York Mets,0.395,Nino Espinosa,SP,3.3,88,43,76,55,70,59,Rare
1977,NYN,New York Mets,0.395,Jerry Koosman,SP,2.9,89,82,55,55,72,65,Rare
1977,NYN,New York Mets,0.395,Skip Lockwood,RP,1.6,39,77,70,60,27,65,Rare
1977,SEA,Seattle Mariners,0.395,Enrique Romo,RP,3.2,41,90,59,76,30,70,Epic
1977,SEA,Seattle Mariners,0.395,John Montague,RP,1.2,45,45,46,47,35,45,Uncommon
1977,SEA,Seattle Mariners,0.395,Glenn Abbott,SP,1.1,82,39,76,42,63,53,Uncommon
1977,OAK,Oakland Athletics,0.391,Vida Blue,SP,3.6,90,48,68,53,74,58,Rare
1977,OAK,Oakland Athletics,0.391,Pablo Torrealba,RP,2.8,45,32,63,82,35,57,Rare
1977,OAK,Oakland Athletics,0.391,Bob Lacey,RP,2.6,41,49,56,65,29,54,Uncommon
1977,ATL,Atlanta Braves,0.377,Phil Niekro,SP,8.9,92,75,37,56,76,58,Rare
1977,ATL,Atlanta Braves,0.377,Dave Campbell,RP,3.7,38,37,51,75,25,51,Uncommon
1977,ATL,Atlanta Braves,0.377,Dick Ruthven,SP,3.3,85,47,46,53,67,50,Uncommon
1977,TOR,Toronto Blue Jays,0.335,Jerry Garvin,SP,3.6,90,43,58,47,73,52,Uncommon
1977,TOR,Toronto Blue Jays,0.335,Pete Vuckovich,RP,2.9,45,80,48,61,35,60,Rare
1977,TOR,Toronto Blue Jays,0.335,Dave Lemanczyk,SP,2.3,90,29,58,50,74,48,Uncommon
1978,NYA,New York Yankees,0.613,Ron Guidry,SP,9.6,94,89,79,110,78,91,Legendary
1978,NYA,New York Yankees,0.613,Ed Figueroa,SP,4.0,90,23,69,61,73,53,Uncommon
1978,NYA,New York Yankees,0.613,Rich Gossage,RP,3.2,42,89,43,94,31,71,Epic
1978,BOS,Boston Red Sox,0.607,Dennis Eckersley,SP,7.3,92,53,79,69,76,68,Rare
1978,BOS,Boston Red Sox,0.607,Luis Tiant,SP,5.6,88,45,78,61,70,62,Rare
1978,BOS,Boston Red Sox,0.607,Bob Stanley,RP,4.2,45,10,85,87,35,58,Rare
1978,LAN,Los Angeles Dodgers,0.586,Burt Hooton,SP,5.1,90,32,80,67,74,61,Rare
1978,LAN,Los Angeles Dodgers,0.586,Bob Welch,SP,3.4,97,52,87,92,83,78,Epic
1978,LAN,Los Angeles Dodgers,0.586,Doug Rau,SP,2.1,86,37,59,54,68,52,Uncommon
1978,ML4,Milwaukee Brewers,0.574,Mike Caldwell,SP,8.2,98,33,100,85,84,74,Epic
1978,ML4,Milwaukee Brewers,0.574,Lary Sorensen,SP,5.0,93,11,101,63,77,60,Rare
1978,ML4,Milwaukee Brewers,0.574,Bill Castro,RP,1.8,37,20,74,112,24,64,Rare
1978,CIN,Cincinnati Reds,0.571,Tom Seaver,SP,4.6,90,85,59,61,73,69,Rare
1978,CIN,Cincinnati Reds,0.571,Doug Bair,RP,4.0,39,89,50,95,26,73,Epic
1978,CIN,Cincinnati Reds,0.571,Bill Bonham,SP,1.7,83,52,55,53,64,54,Uncommon
1978,KCA,Kansas City Royals,0.568,Larry Gura,SP,4.4,97,23,77,74,83,60,Rare
1978,KCA,Kansas City Royals,0.568,Dennis Leonard,SP,3.9,90,55,79,57,74,65,Rare
1978,KCA,Kansas City Royals,0.568,Rich Gale,SP,2.9,84,35,35,66,66,47,Uncommon
1978,BAL,Baltimore Orioles,0.559,Jim Palmer,SP,6.4,93,36,63,75,77,60,Rare
1978,BAL,Baltimore Orioles,0.559,Scott McGregor,SP,2.7,90,28,95,54,73,60,Rare
1978,BAL,Baltimore Orioles,0.559,Dennis Martinez,SP,2.4,90,42,60,51,73,53,Uncommon
1978,PHI,Philadelphia Phillies,0.556,Dick Ruthven,SP,2.9,88,42,85,55,71,62,Rare
1978,PHI,Philadelphia Phillies,0.556,Steve Carlton,SP,2.9,90,59,81,62,73,68,Rare
1978,PHI,Philadelphia Phillies,0.556,Larry Christenson,SP,1.7,88,50,94,57,70,67,Rare
1978,SFN,San Francisco Giants,0.549,Bob Knepper,SP,6.3,90,49,63,71,74,62,Rare
1978,SFN,San Francisco Giants,0.549,Vida Blue,SP,5.8,90,60,77,66,74,68,Rare
1978,SFN,San Francisco Giants,0.549,Ed Halicki,SP,3.5,89,44,89,64,72,66,Rare
1978,PIT,Pittsburgh Pirates,0.547,Bert Blyleven,SP,5.0,89,70,77,64,72,70,Epic
1978,PIT,Pittsburgh Pirates,0.547,John Candelaria,SP,4.0,85,40,80,59,67,60,Rare
1978,PIT,Pittsburgh Pirates,0.547,Don Robinson,SP,3.4,89,52,83,54,72,64,Rare
1978,CAL,California Angels,0.537,Frank Tanana,SP,3.0,90,50,82,48,73,61,Rare
1978,CAL,California Angels,0.537,Dave Frost,SP,2.7,94,24,70,73,79,58,Rare
1978,CAL,California Angels,0.537,Nolan Ryan,SP,2.6,92,113,23,52,76,64,Rare
1978,TEX,Texas Rangers,0.537,Jon Matlack,SP,6.2,95,51,98,88,80,79,Epic
1978,TEX,Texas Rangers,0.537,Fergie Jenkins,SP,5.5,96,56,105,62,81,75,Epic
1978,TEX,Texas Rangers,0.537,Steve Comer,RP,2.7,45,47,66,87,35,64,Rare
1978,DET,Detroit Tigers,0.531,Dave Rozema,SP,4.0,91,11,96,63,75,58,Rare
1978,DET,Detroit Tigers,0.531,Milt Wilcox,SP,3.2,94,54,66,50,79,59,Rare
1978,DET,Detroit Tigers,0.531,Kip Young,SP,3.2,95,35,74,70,80,62,Rare
1978,SDN,San Diego Padres,0.519,Gaylord Perry,SP,4.3,88,52,82,66,71,67,Rare
1978,SDN,San Diego Padres,0.519,Randy Jones,SP,2.6,88,12,82,64,71,54,Uncommon
1978,SDN,San Diego Padres,0.519,John D'Acquisto,RP,2.5,41,114,26,86,30,71,Epic
1978,CHN,Chicago Cubs,0.488,Rick Reuschel,SP,5.5,88,37,90,61,70,63,Rare
1978,CHN,Chicago Cubs,0.488,Dennis Lamp,SP,4.0,84,18,82,63,65,55,Rare
1978,CHN,Chicago Cubs,0.488,Mike Krukow,SP,2.2,88,51,49,52,70,53,Uncommon
1978,MON,Montreal Expos,0.469,Steve Rogers,SP,4.9,91,50,72,76,75,67,Rare
1978,MON,Montreal Expos,0.469,Hal Dues,SP,1.9,96,23,45,79,81,52,Uncommon
1978,MON,Montreal Expos,0.469,Ross Grimsley,SP,1.8,90,17,81,60,73,55,Rare
1978,HOU,Houston Astros,0.457,J. R. Richard,SP,4.1,92,112,36,58,76,69,Rare
1978,HOU,Houston Astros,0.457,Ken Forsch,RP,2.7,44,44,76,69,34,60,Rare
1978,HOU,Houston Astros,0.457,Vern Ruhle,SP,2.3,87,27,71,88,69,63,Rare
1978,MIN,Minnesota Twins,0.451,Dave Goltz,SP,6.6,92,44,69,82,76,66,Rare
1978,MIN,Minnesota Twins,0.451,Geoff Zahn,SP,4.6,90,30,64,66,73,55,Rare
1978,MIN,Minnesota Twins,0.451,Mike Marshall,RP,3.0,41,49,51,86,29,59,Rare
1978,CHA,Chicago White Sox,0.441,Francisco Barrios,SP,2.5,83,28,44,49,64,43,Common
1978,CHA,Chicago White Sox,0.441,Mike Proly,SP,1.9,112,13,100,73,103,66,Rare
1978,CHA,Chicago White Sox,0.441,Ken Kravec,SP,1.4,87,71,40,45,69,54,Uncommon
1978,CLE,Cleveland Indians,0.434,Rick Waits,SP,4.1,88,30,51,61,71,50,Uncommon
1978,CLE,Cleveland Indians,0.434,Jim Kern,RP,2.6,40,95,28,66,28,60,Rare
1978,CLE,Cleveland Indians,0.434,Mike Paxton,SP,2.6,89,40,62,50,72,53,Uncommon
1978,ATL,Atlanta Braves,0.426,Phil Niekro,SP,10.0,94,69,68,76,79,72,Epic
1978,ATL,Atlanta Braves,0.426,Gene Garber,RP,3.9,40,68,94,107,28,83,Epic
1978,ATL,Atlanta Braves,0.426,Larry McWilliams,SP,3.1,86,30,56,72,68,54,Uncommon
1978,OAK,Oakland Athletics,0.426,Matt Keough,SP,3.0,83,46,44,61,64,52,Uncommon
1978,OAK,Oakland Athletics,0.426,Elias Sosa,RP,2.7,39,48,47,74,27,53,Uncommon
1978,OAK,Oakland Athletics,0.426,John Henry Johnson,SP,2.6,84,39,43,53,65,47,Uncommon
1978,SLN,St. Louis Cardinals,0.426,John Denny,SP,5.2,89,32,66,64,72,56,Rare
1978,SLN,St. Louis Cardinals,0.426,Pete Vuckovich,SP,4.6,98,71,70,75,84,73,Epic
1978,SLN,St. Louis Cardinals,0.426,Bob Forsch,SP,1.7,88,39,46,50,70,48,Uncommon
1978,NYN,New York Mets,0.407,Craig Swan,SP,5.6,90,53,75,75,74,68,Rare
1978,NYN,New York Mets,0.407,Pat Zachry,SP,1.8,86,49,44,55,68,51,Uncommon
1978,NYN,New York Mets,0.407,Jerry Koosman,SP,1.5,90,62,55,48,74,57,Rare
1978,TOR,Toronto Blue Jays,0.366,Victor Cruz,RP,2.7,39,109,12,119,26,75,Epic
1978,TOR,Toronto Blue Jays,0.366,Jim Clancy,SP,2.3,85,46,40,51,67,48,Uncommon
1978,TOR,Toronto Blue Jays,0.366,Jesse Jefferson,SP,2.2,88,35,47,41,71,44,Common
1978,SEA,Seattle Mariners,0.35,Paul Mitchell,SP,1.7,81,33,40,43,61,41,Common
1978,SEA,Seattle Mariners,0.35,Enrique Romo,RP,1.4,41,50,53,50,29,49,Uncommon
1978,SEA,Seattle Mariners,0.35,Byron McLaughlin,SP,0.8,84,78,53,40,65,58,Rare
1979,BAL,Baltimore Orioles,0.642,Mike Flanagan,SP,3.8,88,66,79,66,71,70,Epic
1979,BAL,Baltimore Orioles,0.642,Dennis Martinez,SP,3.7,91,34,78,55,75,58,Rare
1979,BAL,Baltimore Orioles,0.642,Scott McGregor,SP,2.6,92,35,113,59,76,70,Epic
1979,PIT,Pittsburgh Pirates,0.605,John Candelaria,SP,3.5,88,39,96,59,70,65,Rare
1979,PIT,Pittsburgh Pirates,0.605,Bert Blyleven,SP,3.3,84,67,49,54,66,58,Rare
1979,PIT,Pittsburgh Pirates,0.605,Kent Tekulve,RP,3.2,39,48,53,77,26,56,Rare
1979,MON,Montreal Expos,0.594,Steve Rogers,SP,3.8,87,50,66,65,69,61,Rare
1979,MON,Montreal Expos,0.594,Dan Schatzeder,SP,3.1,93,59,53,64,77,60,Rare
1979,MON,Montreal Expos,0.594,Elias Sosa,RP,3.1,39,54,49,103,27,64,Rare
1979,ML4,Milwaukee Brewers,0.59,Mike Caldwell,SP,4.8,94,24,104,65,78,66,Rare
1979,ML4,Milwaukee Brewers,0.59,Lary Sorensen,SP,3.6,88,10,101,50,70,55,Rare
1979,ML4,Milwaukee Brewers,0.59,Jim Slaton,SP,3.5,88,24,82,60,70,57,Rare
1979,BOS,Boston Red Sox,0.569,Dennis Eckersley,SP,7.2,91,54,85,73,75,71,Epic
1979,BOS,Boston Red Sox,0.569,Dick Drago,RP,2.3,40,71,86,76,28,73,Epic
1979,BOS,Boston Red Sox,0.569,Bob Stanley,SP,2.2,90,9,95,58,73,56,Rare
1979,CIN,Cincinnati Reds,0.559,Tom Hume,RP,3.9,45,39,95,71,35,65,Rare
1979,CIN,Cincinnati Reds,0.559,Tom Seaver,SP,3.3,87,54,74,62,69,64,Rare
1979,CIN,Cincinnati Reds,0.559,Fred Norman,SP,2.3,84,38,72,54,65,56,Rare
1979,NYA,New York Yankees,0.556,Ron Guidry,SP,6.5,94,82,70,74,78,76,Epic
1979,NYA,New York Yankees,0.556,Tommy John,SP,5.5,92,27,86,75,76,64,Rare
1979,NYA,New York Yankees,0.556,Luis Tiant,SP,2.4,85,44,77,51,67,58,Rare
1979,HOU,Houston Astros,0.549,J. R. Richard,SP,5.6,93,108,61,70,77,79,Epic
1979,HOU,Houston Astros,0.549,Joe Niekro,SP,3.5,88,34,47,61,70,50,Uncommon
1979,HOU,Houston Astros,0.549,Joe Sambito,RP,3.2,39,89,82,102,26,84,Epic
1979,CAL,California Angels,0.543,Dave Frost,SP,4.6,90,33,64,59,73,54,Uncommon
1979,CAL,California Angels,0.543,Nolan Ryan,SP,3.8,85,100,36,59,67,65,Rare
1979,CAL,California Angels,0.543,Jim Barr,SP,2.6,94,21,75,47,78,51,Uncommon
1979,SLN,St. Louis Cardinals,0.531,John Fulgham,SP,3.6,92,42,101,79,76,74,Epic
1979,SLN,St. Louis Cardinals,0.531,Mark Littell,RP,2.9,38,78,40,96,25,67,Rare
1979,SLN,St. Louis Cardinals,0.531,Silvio Martinez,SP,2.2,89,39,64,61,72,56,Rare
1979,DET,Detroit Tigers,0.528,Jack Morris,SP,5.8,90,49,70,67,74,63,Rare
1979,DET,Detroit Tigers,0.528,Aurelio Lopez,RP,5.3,42,80,47,92,31,69,Rare
1979,DET,Detroit Tigers,0.528,Jack Billingham,SP,2.9,96,24,50,67,81,50,Uncommon
1979,KCA,Kansas City Royals,0.525,Dennis Leonard,SP,2.9,90,44,86,49,74,61,Rare
1979,KCA,Kansas City Royals,0.525,Craig Chamberlain,SP,1.3,88,31,80,57,71,57,Rare
1979,KCA,Kansas City Royals,0.525,Steve Busby,SP,1.2,94,37,18,58,78,42,Common
1979,PHI,Philadelphia Phillies,0.519,Steve Carlton,SP,2.4,89,82,56,52,72,64,Rare
1979,PHI,Philadelphia Phillies,0.519,Nino Espinosa,SP,1.7,84,29,68,52,66,51,Uncommon
1979,PHI,Philadelphia Phillies,0.519,Randy Lerch,SP,1.4,83,31,75,51,64,53,Uncommon
1979,TEX,Texas Rangers,0.512,Jim Kern,RP,6.1,41,94,44,115,30,79,Epic
1979,TEX,Texas Rangers,0.512,Fergie Jenkins,SP,2.7,88,57,66,47,71,58,Rare
1979,TEX,Texas Rangers,0.512,Steve Comer,SP,2.6,87,21,58,56,69,47,Uncommon
1979,MIN,Minnesota Twins,0.506,Jerry Koosman,SP,7.2,90,52,66,67,74,63,Rare
1979,MIN,Minnesota Twins,0.506,Mike Marshall,RP,4.4,39,49,60,88,27,62,Rare
1979,MIN,Minnesota Twins,0.506,Dave Goltz,SP,4.1,89,44,76,53,72,59,Rare
1979,CLE,Cleveland Indians,0.503,Sid Monge,RP,5.6,40,79,38,92,28,66,Rare
1979,CLE,Cleveland Indians,0.503,Rick Wise,SP,4.1,87,36,71,57,69,56,Rare
1979,CLE,Cleveland Indians,0.503,Rick Waits,SP,2.9,87,26,48,47,69,43,Common
1979,CHN,Chicago Cubs,0.494,Rick Reuschel,SP,5.7,86,43,66,60,68,58,Rare
1979,CHN,Chicago Cubs,0.494,Bruce Sutter,RP,4.9,39,110,66,102,27,86,Legendary
1979,CHN,Chicago Cubs,0.494,Lynn McGlothen,SP,3.8,90,64,80,48,73,65,Rare
1979,LAN,Los Angeles Dodgers,0.488,Burt Hooton,SP,3.6,90,54,70,65,73,64,Rare
1979,LAN,Los Angeles Dodgers,0.488,Rick Sutcliffe,SP,3.5,94,38,47,55,79,50,Uncommon
1979,LAN,Los Angeles Dodgers,0.488,Don Sutton,SP,2.0,88,58,77,47,71,62,Rare
1979,CHA,Chicago White Sox,0.456,Ken Kravec,SP,4.2,89,44,43,58,72,51,Uncommon
1979,CHA,Chicago White Sox,0.456,Ross Baumgarten,SP,3.9,87,24,44,60,69,45,Uncommon
1979,CHA,Chicago White Sox,0.456,Steve Trout,SP,1.8,98,39,50,58,84,52,Uncommon
1979,SFN,San Francisco Giants,0.438,Gary Lavelle,RP,2.7,38,80,44,75,25,62,Rare
1979,SFN,San Francisco Giants,0.438,Greg Minton,RP,1.7,40,29,60,109,28,62,Rare
1979,SFN,San Francisco Giants,0.438,John Montefusco,SP,1.4,84,47,51,43,65,49,Uncommon
1979,SDN,San Diego Padres,0.422,Gaylord Perry,SP,3.2,90,53,73,62,73,64,Rare
1979,SDN,San Diego Padres,0.422,Eric Rasmussen,SP,2.3,94,20,78,57,78,54,Uncommon
1979,SDN,San Diego Padres,0.422,Bob Shirley,SP,1.8,96,49,73,54,81,61,Rare
1979,SEA,Seattle Mariners,0.414,Mike Parrott,SP,5.2,92,47,50,60,76,55,Rare
1979,SEA,Seattle Mariners,0.414,Floyd Bannister,SP,3.0,83,56,51,51,64,54,Uncommon
1979,SEA,Seattle Mariners,0.414,Rick Honeycutt,SP,2.2,88,31,58,53,70,50,Uncommon
1979,ATL,Atlanta Braves,0.412,Phil Niekro,SP,7.4,93,54,62,58,77,60,Rare
1979,ATL,Atlanta Braves,0.412,Rick Matula,SP,2.7,83,26,51,49,64,44,Common
1979,ATL,Atlanta Braves,0.412,Eddie Solomon,SP,2.6,84,42,76,47,65,56,Rare
1979,NYN,New York Mets,0.389,Craig Swan,SP,4.6,89,50,89,56,72,66,Rare
1979,NYN,New York Mets,0.389,Tom Hausman,SP,2.3,94,30,85,68,78,63,Rare
1979,NYN,New York Mets,0.389,Skip Lockwood,RP,2.2,39,99,62,112,27,85,Legendary
1979,OAK,Oakland Athletics,0.333,Rick Langford,SP,4.0,91,35,80,47,75,56,Rare
1979,OAK,Oakland Athletics,0.333,Steve McCatty,SP,2.5,95,36,44,48,80,46,Uncommon
1979,OAK,Oakland Athletics,0.333,Brian Kingman,SP,2.1,86,42,72,47,68,55,Rare
1979,TOR,Toronto Blue Jays,0.327,Tom Underwood,SP,3.5,89,48,46,58,72,53,Uncommon
1979,TOR,Toronto Blue Jays,0.327,Dave Lemanczyk,SP,2.5,89,32,66,59,72,54,Uncommon
1979,TOR,Toronto Blue Jays,0.327,Tom Buskey,RP,1.4,40,48,65,61,28,55,Rare
1980,NYA,New York Yankees,0.636,Rudy May,SP,4.9,108,71,90,82,97,83,Epic
1980,NYA,New York Yankees,0.636,Tommy John,SP,4.1,90,14,93,62,74,58,Rare
1980,NYA,New York Yankees,0.636,Rich Gossage,RP,3.4,39,105,51,92,27,77,Epic
1980,BAL,Baltimore Orioles,0.617,Scott McGregor,SP,4.4,88,37,88,63,71,64,Rare
1980,BAL,Baltimore Orioles,0.617,Steve Stone,SP,4.0,87,52,47,62,69,55,Rare
1980,BAL,Baltimore Orioles,0.617,Mike Flanagan,SP,2.3,87,41,74,47,69,56,Rare
1980,KCA,Kansas City Royals,0.599,Larry Gura,SP,6.0,94,27,78,70,78,60,Rare
1980,KCA,Kansas City Royals,0.599,Dennis Leonard,SP,3.5,90,47,74,52,74,59,Rare
1980,KCA,Kansas City Royals,0.599,Dan Quisenberry,RP,2.4,40,13,93,71,28,56,Rare
1980,HOU,Houston Astros,0.571,Vern Ruhle,SP,3.1,90,20,100,75,73,66,Rare
1980,HOU,Houston Astros,0.571,J. R. Richard,SP,2.8,86,105,56,95,68,84,Epic
1980,HOU,Houston Astros,0.571,Ken Forsch,SP,2.6,88,24,99,54,71,60,Rare
1980,LAN,Los Angeles Dodgers,0.564,Don Sutton,SP,6.3,88,53,90,81,70,74,Epic
1980,LAN,Los Angeles Dodgers,0.564,Jerry Reuss,SP,5.2,94,38,102,75,78,72,Epic
1980,LAN,Los Angeles Dodgers,0.564,Bob Welch,SP,2.6,86,60,52,56,68,57,Rare
1980,PHI,Philadelphia Phillies,0.562,Steve Carlton,SP,10.2,94,93,71,86,79,83,Epic
1980,PHI,Philadelphia Phillies,0.562,Tug McGraw,RP,4.6,39,78,83,116,27,86,Legendary
1980,PHI,Philadelphia Phillies,0.562,Dick Ruthven,SP,2.7,87,25,62,58,69,50,Uncommon
1980,MON,Montreal Expos,0.556,Steve Rogers,SP,5.9,92,43,69,63,76,60,Rare
1980,MON,Montreal Expos,0.556,Scott Sanderson,SP,4.3,84,52,79,58,66,63,Rare
1980,MON,Montreal Expos,0.556,Bill Gullickson,SP,2.6,90,82,56,65,74,68,Rare
1980,CIN,Cincinnati Reds,0.549,Mario Soto,RP,3.0,45,95,43,62,35,64,Rare
1980,CIN,Cincinnati Reds,0.549,Frank Pastore,SP,2.8,88,52,88,57,70,66,Rare
1980,CIN,Cincinnati Reds,0.549,Tom Hume,RP,2.7,40,40,76,76,28,60,Rare
1980,ML4,Milwaukee Brewers,0.531,Moose Haas,SP,4.5,92,50,90,62,76,68,Rare
1980,ML4,Milwaukee Brewers,0.531,Lary Sorensen,SP,1.8,87,11,88,55,69,53,Uncommon
1980,ML4,Milwaukee Brewers,0.531,Bob McClure,RP,1.6,40,42,47,66,28,49,Uncommon
1980,BOS,Boston Red Sox,0.519,Tom Burgmeier,RP,4.0,39,46,95,115,27,80,Epic
1980,BOS,Boston Red Sox,0.519,Bob Stanley,RP,2.9,45,28,70,66,35,53,Uncommon
1980,BOS,Boston Red Sox,0.519,John Tudor,SP,2.4,89,38,61,76,72,60,Rare
1980,DET,Detroit Tigers,0.519,Dan Schatzeder,SP,3.5,90,39,69,49,74,54,Uncommon
1980,DET,Detroit Tigers,0.519,Jack Morris,SP,3.0,88,33,57,50,71,49,Uncommon
1980,DET,Detroit Tigers,0.519,Dave Rozema,RP,1.7,45,19,60,54,35,43,Common
1980,OAK,Oakland Athletics,0.512,Mike Norris,SP,5.9,98,57,72,78,84,70,Epic
1980,OAK,Oakland Athletics,0.512,Matt Keough,SP,3.3,93,38,50,65,77,54,Uncommon
1980,OAK,Oakland Athletics,0.512,Rick Langford,SP,2.6,99,21,90,57,85,59,Rare
1980,PIT,Pittsburgh Pirates,0.512,Jim Bibby,SP,3.4,88,53,52,56,71,55,Rare
1980,PIT,Pittsburgh Pirates,0.512,Bert Blyleven,SP,1.4,87,73,77,48,69,66,Rare
1980,PIT,Pittsburgh Pirates,0.512,Grant Jackson,RP,1.4,37,32,74,67,24,54,Uncommon
1980,ATL,Atlanta Braves,0.503,Rick Camp,RP,3.4,39,15,78,106,26,62,Rare
1980,ATL,Atlanta Braves,0.503,Phil Niekro,SP,3.4,90,57,67,50,73,60,Rare
1980,ATL,Atlanta Braves,0.503,Tommy Boggs,SP,2.6,90,32,85,56,74,59,Rare
1980,CLE,Cleveland Indians,0.494,Len Barker,SP,3.2,88,71,51,51,70,59,Rare
1980,CLE,Cleveland Indians,0.494,Rick Waits,SP,2.9,87,38,53,47,69,48,Uncommon
1980,CLE,Cleveland Indians,0.494,Sid Monge,RP,1.8,39,58,45,56,26,50,Uncommon
1980,MIN,Minnesota Twins,0.478,Doug Corbett,RP,5.7,41,59,68,114,29,75,Epic
1980,MIN,Minnesota Twins,0.478,Roger Erickson,SP,4.0,89,41,72,70,72,62,Rare
1980,MIN,Minnesota Twins,0.478,Jerry Koosman,SP,3.0,89,54,74,54,72,62,Rare
1980,TEX,Texas Rangers,0.472,Jon Matlack,SP,4.3,88,53,94,54,70,67,Rare
1980,TEX,Texas Rangers,0.472,Fergie Jenkins,SP,3.6,88,59,79,50,70,63,Rare
1980,TEX,Texas Rangers,0.472,Danny Darwin,RP,3.4,42,94,42,80,31,68,Rare
1980,SFN,San Francisco Giants,0.466,Vida Blue,SP,5.0,90,50,77,63,73,64,Rare
1980,SFN,San Francisco Giants,0.466,Ed Whitson,SP,3.4,84,30,79,63,65,58,Rare
1980,SFN,San Francisco Giants,0.466,Al Holland,RP,2.7,39,75,46,110,26,72,Epic
1980,SLN,St. Louis Cardinals,0.457,Pete Vuckovich,SP,2.6,90,52,68,56,74,60,Rare
1980,SLN,St. Louis Cardinals,0.457,Bob Forsch,SP,1.5,88,28,107,53,70,63,Rare
1980,SLN,St. Louis Cardinals,0.457,John Fulgham,SP,1.4,83,48,50,56,64,53,Uncommon
1980,SDN,San Diego Padres,0.451,Gary Lucas,RP,2.0,45,49,73,57,35,57,Rare
1980,SDN,San Diego Padres,0.451,Rollie Fingers,RP,1.8,39,61,67,68,27,62,Rare
1980,SDN,San Diego Padres,0.451,Steve Mura,SP,1.3,90,58,36,50,74,51,Uncommon
1980,CHA,Chicago White Sox,0.438,Britt Burns,SP,7.0,90,48,79,74,74,68,Rare
1980,CHA,Chicago White Sox,0.438,Ed Farmer,RP,2.6,39,45,31,64,27,45,Uncommon
1980,CHA,Chicago White Sox,0.438,Ross Baumgarten,SP,2.2,82,38,49,61,62,51,Uncommon
1980,NYN,New York Mets,0.414,Pat Zachry,SP,3.0,84,45,56,59,66,55,Rare
1980,NYN,New York Mets,0.414,Jeff Reardon,RP,2.1,41,90,45,69,29,64,Rare
1980,NYN,New York Mets,0.414,Mark Bomback,SP,1.4,85,30,69,42,67,49,Uncommon
1980,TOR,Toronto Blue Jays,0.414,Jim Clancy,SP,5.5,90,53,36,67,74,54,Uncommon
1980,TOR,Toronto Blue Jays,0.414,Dave Stieb,SP,4.9,92,33,59,63,76,54,Uncommon
1980,TOR,Toronto Blue Jays,0.414,Jerry Garvin,RP,3.4,38,56,63,98,25,68,Rare
1980,CAL,California Angels,0.406,Andy Hassler,RP,2.8,41,80,44,64,30,59,Rare
1980,CAL,California Angels,0.406,Don Aase,SP,2.5,96,30,50,50,82,47,Uncommon
1980,CAL,California Angels,0.406,Frank Tanana,SP,1.9,86,47,90,47,68,62,Rare
1980,CHN,Chicago Cubs,0.395,Rick Reuschel,SP,5.7,87,46,71,62,69,61,Rare
1980,CHN,Chicago Cubs,0.395,Bill Caudill,RP,4.4,40,85,41,93,28,68,Rare
1980,CHN,Chicago Cubs,0.395,Bruce Sutter,RP,3.3,40,70,61,80,28,66,Rare
1980,SEA,Seattle Mariners,0.364,Floyd Bannister,SP,4.2,87,66,69,58,69,65,Rare
1980,SEA,Seattle Mariners,0.364,Rick Honeycutt,SP,3.1,87,26,71,51,69,51,Uncommon
1980,SEA,Seattle Mariners,0.364,Shane Rawley,RP,2.4,41,53,31,69,29,49,Uncommon
1981,CIN,Cincinnati Reds,0.611,Tom Seaver,SP,4.0,90,43,48,74,73,57,Rare
1981,CIN,Cincinnati Reds,0.611,Mario Soto,SP,2.3,88,84,57,56,71,66,Rare
1981,CIN,Cincinnati Reds,0.611,Bruce Berenyi,SP,1.0,84,81,25,58,65,56,Rare
1981,OAK,Oakland Athletics,0.587,Steve McCatty,SP,4.5,96,39,62,77,82,62,Rare
1981,OAK,Oakland Athletics,0.587,Rick Langford,SP,1.1,95,31,71,60,80,57,Rare
1981,OAK,Oakland Athletics,0.587,Matt Keough,SP,0.8,90,31,64,52,74,52,Uncommon
1981,SLN,St. Louis Cardinals,0.578,Bruce Sutter,RP,1.6,40,64,72,72,28,65,Rare
1981,SLN,St. Louis Cardinals,0.578,Bob Forsch,SP,1.5,84,18,87,60,65,56,Rare
1981,SLN,St. Louis Cardinals,0.578,Lary Sorensen,SP,1.0,83,23,99,62,64,62,Rare
1981,LAN,Los Angeles Dodgers,0.573,Fernando Valenzuela,SP,4.8,93,92,65,71,77,76,Epic
1981,LAN,Los Angeles Dodgers,0.573,Jerry Reuss,SP,4.1,88,19,101,79,70,67,Rare
1981,LAN,Los Angeles Dodgers,0.573,Burt Hooton,SP,3.2,83,43,87,82,64,70,Epic
1981,ML4,Milwaukee Brewers,0.569,Rollie Fingers,RP,4.2,39,74,104,115,27,91,Legendary
1981,ML4,Milwaukee Brewers,0.569,Pete Vuckovich,SP,2.0,85,48,50,51,67,51,Uncommon
1981,ML4,Milwaukee Brewers,0.569,Jamie Easterly,RP,0.8,39,40,32,63,26,43,Common
1981,BAL,Baltimore Orioles,0.562,Sammy Stewart,RP,3.3,45,41,36,81,35,51,Uncommon
1981,BAL,Baltimore Orioles,0.562,Scott McGregor,SP,2.7,90,42,83,57,73,62,Rare
1981,BAL,Baltimore Orioles,0.562,Dennis Martinez,SP,1.7,91,39,58,58,75,54,Uncommon
1981,MON,Montreal Expos,0.556,Bill Gullickson,SP,2.6,89,68,91,70,72,76,Epic
1981,MON,Montreal Expos,0.556,Jeff Reardon,RP,2.0,39,64,70,97,27,72,Epic
1981,MON,Montreal Expos,0.556,Scott Sanderson,SP,1.6,84,48,89,61,65,66,Rare
1981,HOU,Houston Astros,0.555,Nolan Ryan,SP,4.7,89,93,42,107,72,80,Epic
1981,HOU,Houston Astros,0.555,Bob Knepper,SP,3.5,89,37,85,82,72,68,Rare
1981,HOU,Houston Astros,0.555,Don Sutton,SP,2.8,88,59,100,69,70,75,Epic
1981,NYA,New York Yankees,0.551,Dave Righetti,SP,3.4,88,82,54,96,71,77,Epic
1981,NYA,New York Yankees,0.551,Ron Guidry,SP,3.0,82,79,94,65,63,78,Epic
1981,NYA,New York Yankees,0.551,Tommy John,SP,2.5,88,22,75,70,71,57,Rare
1981,PHI,Philadelphia Phillies,0.551,Steve Carlton,SP,5.5,94,93,63,80,78,79,Epic
1981,PHI,Philadelphia Phillies,0.551,Tug McGraw,RP,1.2,38,52,65,74,25,60,Rare
1981,PHI,Philadelphia Phillies,0.551,Larry Christenson,SP,1.1,89,59,75,53,72,63,Rare
1981,DET,Detroit Tigers,0.55,Jack Morris,SP,3.4,94,39,48,64,78,53,Uncommon
1981,DET,Detroit Tigers,0.55,Milt Wilcox,SP,2.2,88,37,67,66,70,58,Rare
1981,DET,Detroit Tigers,0.55,Dan Petry,SP,2.0,84,48,47,65,66,55,Rare
1981,BOS,Boston Red Sox,0.546,Bob Ojeda,SP,1.7,86,30,50,63,68,50,Uncommon
1981,BOS,Boston Red Sox,0.546,Mike Torrez,SP,1.4,81,30,48,54,61,46,Uncommon
1981,BOS,Boston Red Sox,0.546,Frank Tanana,SP,1.1,83,47,69,46,64,55,Rare
1981,TEX,Texas Rangers,0.543,Doc Medich,SP,1.7,89,34,88,60,72,62,Rare
1981,TEX,Texas Rangers,0.543,Rick Honeycutt,SP,1.1,84,16,113,52,66,61,Rare
1981,TEX,Texas Rangers,0.543,Steve Comer,RP,0.9,42,12,47,76,31,44,Common
1981,CHA,Chicago White Sox,0.509,Britt Burns,SP,3.9,87,63,66,68,69,66,Rare
1981,CHA,Chicago White Sox,0.509,Dennis Lamp,RP,2.6,45,48,60,81,35,60,Rare
1981,CHA,Chicago White Sox,0.509,Steve Trout,SP,1.4,88,31,69,55,70,54,Uncommon
1981,CLE,Cleveland Indians,0.505,Bert Blyleven,SP,5.6,94,61,82,67,79,71,Epic
1981,CLE,Cleveland Indians,0.505,John Denny,SP,3.3,92,58,42,61,76,56,Rare
1981,CLE,Cleveland Indians,0.505,Len Barker,SP,2.4,88,79,70,51,71,67,Rare
1981,SFN,San Francisco Giants,0.505,Doyle Alexander,SP,3.3,84,41,73,61,66,59,Rare
1981,SFN,San Francisco Giants,0.505,Vida Blue,SP,2.9,88,41,44,74,70,55,Rare
1981,SFN,San Francisco Giants,0.505,Al Holland,RP,2.2,42,73,44,77,31,61,Rare
1981,KCA,Kansas City Royals,0.485,Larry Gura,SP,3.7,91,21,95,69,75,63,Rare
1981,KCA,Kansas City Royals,0.485,Dennis Leonard,SP,3.4,93,44,95,62,77,68,Rare
1981,KCA,Kansas City Royals,0.485,Dan Quisenberry,RP,2.1,39,17,85,114,27,68,Rare
1981,ATL,Atlanta Braves,0.472,Rick Camp,RP,2.8,39,55,106,106,27,83,Epic
1981,ATL,Atlanta Braves,0.472,Rick Mahler,SP,1.9,94,38,49,69,79,55,Rare
1981,ATL,Atlanta Braves,0.472,Phil Niekro,SP,1.7,84,33,47,63,66,50,Uncommon
1981,CAL,California Angels,0.464,Ken Forsch,SP,3.3,92,22,101,68,76,65,Rare
1981,CAL,California Angels,0.464,Don Aase,RP,2.2,40,51,52,82,28,58,Rare
1981,CAL,California Angels,0.464,Steve Renko,SP,1.7,87,39,46,55,69,49,Uncommon
1981,PIT,Pittsburgh Pirates,0.451,Eddie Solomon,SP,2.8,91,14,92,60,75,57,Rare
1981,PIT,Pittsburgh Pirates,0.451,Jim Bibby,SP,2.7,86,42,76,79,68,66,Rare
1981,PIT,Pittsburgh Pirates,0.451,Kent Tekulve,RP,2.1,39,43,80,82,26,64,Rare
1981,SEA,Seattle Mariners,0.404,Jim Beattie,SP,1.8,90,45,77,72,74,66,Rare
1981,SEA,Seattle Mariners,0.404,Larry Andersen,RP,1.4,39,52,78,77,27,65,Rare
1981,SEA,Seattle Mariners,0.404,Glenn Abbott,SP,1.4,85,10,92,48,67,52,Uncommon
1981,NYN,New York Mets,0.398,Pete Falcone,RP,2.1,45,51,50,75,35,56,Rare
1981,NYN,New York Mets,0.398,Ed Lynch,SP,1.4,83,19,80,62,64,55,Rare
1981,NYN,New York Mets,0.398,Mike Scott,SP,1.0,82,27,83,45,62,53,Uncommon
1981,MIN,Minnesota Twins,0.376,Doug Corbett,RP,2.8,39,63,49,82,27,61,Rare
1981,MIN,Minnesota Twins,0.376,Albert Williams,SP,2.3,88,41,58,50,70,52,Uncommon
1981,MIN,Minnesota Twins,0.376,Pete Redfern,SP,2.2,83,46,53,49,64,51,Uncommon
1981,SDN,San Diego Padres,0.373,Gary Lucas,RP,2.1,39,51,48,92,27,60,Rare
1981,SDN,San Diego Padres,0.373,Juan Eichelberger,SP,1.3,82,50,35,52,62,47,Uncommon
1981,SDN,San Diego Padres,0.373,John Urrea,RP,1.2,38,26,30,77,25,42,Common
1981,CHN,Chicago Cubs,0.369,Rick Reuschel,SP,3.2,85,37,93,64,67,65,Rare
1981,CHN,Chicago Cubs,0.369,Doug Bird,SP,2.4,94,38,83,60,79,62,Rare
1981,CHN,Chicago Cubs,0.369,Mike Krukow,SP,2.3,81,64,50,51,61,56,Rare
1981,TOR,Toronto Blue Jays,0.349,Dave Stieb,SP,4.4,90,38,62,66,74,57,Rare
1981,TOR,Toronto Blue Jays,0.349,Roy Lee Jackson,RP,1.4,39,32,47,77,27,50,Uncommon
1981,TOR,Toronto Blue Jays,0.349,Luis Leal,SP,1.2,88,46,60,56,70,56,Rare
1982,ML4,Milwaukee Brewers,0.586,Pete Vuckovich,SP,2.8,91,36,42,60,75,49,Uncommon
1982,ML4,Milwaukee Brewers,0.586,Rollie Fingers,RP,2.3,39,87,82,77,27,76,Epic
1982,ML4,Milwaukee Brewers,0.586,Mike Caldwell,SP,2.1,92,13,89,47,76,52,Uncommon
1982,BAL,Baltimore Orioles,0.58,Jim Palmer,SP,4.8,89,34,76,65,72,60,Rare
1982,BAL,Baltimore Orioles,0.58,Mike Flanagan,SP,2.4,87,32,64,50,69,51,Uncommon
1982,BAL,Baltimore Orioles,0.58,Dennis Martinez,SP,2.0,85,32,58,46,67,48,Uncommon
1982,CAL,California Angels,0.574,Geoff Zahn,SP,2.8,87,21,74,55,69,52,Uncommon
1982,CAL,California Angels,0.574,Bruce Kison,SP,2.6,100,53,67,63,86,64,Rare
1982,CAL,California Angels,0.574,Mike Witt,SP,2.3,88,37,80,62,70,61,Rare
1982,SLN,St. Louis Cardinals,0.568,Joaquin Andujar,SP,5.8,89,42,98,80,72,73,Epic
1982,SLN,St. Louis Cardinals,0.568,Bob Forsch,SP,2.4,88,14,87,54,70,54,Uncommon
1982,SLN,St. Louis Cardinals,0.568,Doug Bair,RP,1.7,39,69,48,74,26,60,Rare
1982,KCA,Kansas City Royals,0.556,Dan Quisenberry,RP,3.3,41,19,124,81,29,70,Epic
1982,KCA,Kansas City Royals,0.556,Vida Blue,SP,2.7,82,49,43,53,62,50,Uncommon
1982,KCA,Kansas City Royals,0.556,Larry Gura,SP,2.0,87,27,81,48,69,54,Uncommon
1982,ATL,Atlanta Braves,0.549,Steve Bedrosian,RP,4.2,42,87,46,83,31,68,Rare
1982,ATL,Atlanta Braves,0.549,Phil Niekro,SP,3.1,87,54,67,51,69,58,Rare
1982,ATL,Atlanta Braves,0.549,Gene Garber,RP,2.7,40,49,78,87,28,67,Rare
1982,BOS,Boston Red Sox,0.549,Bob Stanley,RP,4.6,45,39,71,73,35,58,Rare
1982,BOS,Boston Red Sox,0.549,Dennis Eckersley,SP,4.4,87,49,98,55,69,68,Rare
1982,BOS,Boston Red Sox,0.549,John Tudor,SP,3.7,85,70,69,59,67,66,Rare
1982,PHI,Philadelphia Phillies,0.549,Steve Carlton,SP,5.5,93,96,72,63,77,77,Epic
1982,PHI,Philadelphia Phillies,0.549,Larry Christenson,SP,3.2,87,59,86,55,69,67,Rare
1982,PHI,Philadelphia Phillies,0.549,Mike Krukow,SP,3.1,84,60,48,65,65,58,Rare
1982,LAN,Los Angeles Dodgers,0.543,Fernando Valenzuela,SP,5.0,93,64,72,66,77,68,Rare
1982,LAN,Los Angeles Dodgers,0.543,Jerry Reuss,SP,3.6,88,46,96,61,70,68,Rare
1982,LAN,Los Angeles Dodgers,0.543,Bob Welch,SP,3.2,85,70,59,53,67,61,Rare
1982,CHA,Chicago White Sox,0.537,LaMarr Hoyt,SP,5.0,91,42,95,59,75,66,Rare
1982,CHA,Chicago White Sox,0.537,Richard Dotson,SP,2.8,84,47,51,52,66,52,Uncommon
1982,CHA,Chicago White Sox,0.537,Jerry Koosman,SP,2.7,101,41,90,56,88,65,Rare
1982,SFN,San Francisco Giants,0.537,Greg Minton,RP,5.4,39,36,59,105,27,63,Rare
1982,SFN,San Francisco Giants,0.537,Bill Laskey,SP,4.2,83,36,88,59,64,61,Rare
1982,SFN,San Francisco Giants,0.537,Gary Lavelle,RP,2.4,39,68,76,71,27,67,Rare
1982,MON,Montreal Expos,0.531,Steve Rogers,SP,7.6,94,58,87,82,78,76,Epic
1982,MON,Montreal Expos,0.531,Jeff Reardon,RP,3.5,39,75,62,93,26,72,Epic
1982,MON,Montreal Expos,0.531,Bill Gullickson,SP,3.0,88,59,81,50,71,64,Rare
1982,PIT,Pittsburgh Pirates,0.519,John Candelaria,SP,4.0,82,72,92,66,62,75,Epic
1982,PIT,Pittsburgh Pirates,0.519,Rod Scurry,RP,3.7,38,89,25,116,25,72,Epic
1982,PIT,Pittsburgh Pirates,0.519,Kent Tekulve,RP,2.1,39,42,55,70,26,53,Uncommon
1982,DET,Detroit Tigers,0.512,Dan Petry,SP,4.2,88,45,47,66,71,55,Rare
1982,DET,Detroit Tigers,0.512,Jerry Ujdur,SP,2.3,89,38,49,50,72,48,Uncommon
1982,DET,Detroit Tigers,0.512,Milt Wilcox,SP,1.7,86,50,43,56,68,52,Uncommon
1982,SDN,San Diego Padres,0.5,Tim Lollar,SP,3.4,88,58,51,56,70,56,Rare
1982,SDN,San Diego Padres,0.5,Luis DeLeon,RP,2.7,40,51,107,87,28,76,Epic
1982,SDN,San Diego Padres,0.5,Eric Show,RP,2.2,45,51,65,68,35,59,Rare
1982,NYA,New York Yankees,0.488,Rich Gossage,RP,4.4,39,111,69,94,27,85,Legendary
1982,NYA,New York Yankees,0.488,Tommy John,SP,4.2,87,15,102,56,69,59,Rare
1982,NYA,New York Yankees,0.488,Ron Guidry,SP,4.1,87,68,67,51,69,63,Rare
1982,CLE,Cleveland Indians,0.481,Rick Sutcliffe,SP,5.7,94,59,42,72,79,60,Rare
1982,CLE,Cleveland Indians,0.481,Dan Spillner,RP,4.4,41,61,60,86,30,65,Rare
1982,CLE,Cleveland Indians,0.481,Len Barker,SP,3.6,90,72,54,55,74,62,Rare
1982,TOR,Toronto Blue Jays,0.481,Dave Stieb,SP,7.6,92,39,80,70,76,64,Rare
1982,TOR,Toronto Blue Jays,0.481,Luis Leal,SP,5.1,86,33,66,57,68,54,Uncommon
1982,TOR,Toronto Blue Jays,0.481,Jim Clancy,SP,5.0,86,43,73,60,68,60,Rare
1982,HOU,Houston Astros,0.475,Joe Niekro,SP,6.8,93,38,86,73,77,67,Rare
1982,HOU,Houston Astros,0.475,Don Sutton,SP,3.5,90,65,81,59,74,69,Rare
1982,HOU,Houston Astros,0.475,Nolan Ryan,SP,3.2,89,97,44,53,72,65,Rare
1982,SEA,Seattle Mariners,0.469,Floyd Bannister,SP,4.7,88,82,67,60,71,70,Epic
1982,SEA,Seattle Mariners,0.469,Bill Caudill,RP,4.4,38,119,53,92,25,82,Epic
1982,SEA,Seattle Mariners,0.469,Jim Beattie,SP,3.7,86,78,50,65,68,65,Rare
1982,CHN,Chicago Cubs,0.451,Fergie Jenkins,SP,3.7,84,55,66,60,66,61,Rare
1982,CHN,Chicago Cubs,0.451,Lee Smith,RP,3.1,39,82,66,75,27,70,Epic
1982,CHN,Chicago Cubs,0.451,Mike Proly,RP,2.4,41,13,78,85,29,56,Rare
1982,OAK,Oakland Athletics,0.42,Tom Underwood,RP,1.9,45,42,43,60,35,47,Uncommon
1982,OAK,Oakland Athletics,0.42,Rick Langford,SP,1.2,92,19,94,42,76,54,Uncommon
1982,OAK,Oakland Athletics,0.42,Steve McCatty,SP,1.0,84,42,32,46,66,43,Common
1982,NYN,New York Mets,0.401,Craig Swan,SP,2.9,94,28,90,55,78,60,Rare
1982,NYN,New York Mets,0.401,Jesse Orosco,RP,2.8,41,78,53,70,30,63,Rare
1982,NYN,New York Mets,0.401,Ed Lynch,RP,2.6,45,23,73,56,35,49,Uncommon
1982,TEX,Texas Rangers,0.395,Charlie Hough,SP,2.9,87,48,66,49,69,56,Rare
1982,TEX,Texas Rangers,0.395,Dave Schmidt,RP,2.2,45,56,88,65,35,66,Rare
1982,TEX,Texas Rangers,0.395,Jon Matlack,SP,2.2,109,44,82,55,99,64,Rare
1982,CIN,Cincinnati Reds,0.377,Mario Soto,SP,7.5,92,107,76,68,76,83,Epic
1982,CIN,Cincinnati Reds,0.377,Bruce Berenyi,SP,4.9,85,65,44,60,67,57,Rare
1982,CIN,Cincinnati Reds,0.377,Frank Pastore,SP,2.7,85,40,69,48,67,54,Uncommon
1982,MIN,Minnesota Twins,0.37,Bobby Castillo,SP,3.2,99,48,49,56,85,54,Uncommon
1982,MIN,Minnesota Twins,0.37,Albert Williams,SP,1.9,82,27,55,49,62,46,Uncommon
1982,MIN,Minnesota Twins,0.37,Jack O'Connor,SP,1.1,86,33,42,49,68,44,Common
1983,CHA,Chicago White Sox,0.611,Richard Dotson,SP,5.1,88,49,43,67,70,55,Rare
1983,CHA,Chicago White Sox,0.611,Floyd Bannister,SP,4.0,84,87,63,63,66,70,Epic
1983,CHA,Chicago White Sox,0.611,LaMarr Hoyt,SP,3.7,90,49,116,57,73,74,Epic
1983,BAL,Baltimore Orioles,0.605,Scott McGregor,SP,5.3,90,18,102,62,73,62,Rare
1983,BAL,Baltimore Orioles,0.605,Mike Boddicker,SP,4.1,88,61,72,74,70,69,Rare
1983,BAL,Baltimore Orioles,0.605,Tippy Martinez,RP,3.3,39,74,55,85,27,67,Rare
1983,DET,Detroit Tigers,0.568,Jack Morris,SP,4.0,94,75,74,58,78,70,Epic
1983,DET,Detroit Tigers,0.568,Juan Berenguer,SP,2.5,96,78,42,61,81,62,Rare
1983,DET,Detroit Tigers,0.568,Aurelio Lopez,RP,2.1,41,74,45,70,30,60,Rare
1983,LAN,Los Angeles Dodgers,0.562,Bob Welch,SP,4.6,86,72,56,71,68,66,Rare
1983,LAN,Los Angeles Dodgers,0.562,Alejandro Peña,SP,3.7,87,62,73,71,69,69,Rare
1983,LAN,Los Angeles Dodgers,0.562,Tom Niedenfuer,RP,3.6,39,64,68,99,26,72,Epic
1983,NYA,New York Yankees,0.562,Ron Guidry,SP,5.3,95,55,85,56,80,67,Rare
1983,NYA,New York Yankees,0.562,Dave Righetti,SP,3.6,88,74,68,60,71,68,Rare
1983,NYA,New York Yankees,0.562,Rich Gossage,RP,3.5,39,103,73,90,26,82,Epic
1983,PHI,Philadelphia Phillies,0.556,John Denny,SP,7.4,87,49,91,82,69,74,Epic
1983,PHI,Philadelphia Phillies,0.556,Steve Carlton,SP,5.5,92,96,71,60,76,76,Epic
1983,PHI,Philadelphia Phillies,0.556,Al Holland,RP,3.3,38,111,63,81,25,79,Epic
1983,TOR,Toronto Blue Jays,0.549,Dave Stieb,SP,7.0,93,61,61,73,77,66,Rare
1983,TOR,Toronto Blue Jays,0.549,Luis Leal,SP,1.8,84,44,70,49,65,55,Rare
1983,TOR,Toronto Blue Jays,0.549,Jim Clancy,SP,1.8,85,33,77,54,67,56,Rare
1983,ATL,Atlanta Braves,0.543,Craig McMurtry,SP,5.2,84,36,48,67,66,52,Uncommon
1983,ATL,Atlanta Braves,0.543,Pascual Perez,SP,4.4,85,61,86,57,67,68,Rare
1983,ATL,Atlanta Braves,0.543,Terry Forster,RP,3.3,39,62,49,97,26,65,Rare
1983,ML4,Milwaukee Brewers,0.537,Moose Haas,SP,3.8,89,30,87,60,72,60,Rare
1983,ML4,Milwaukee Brewers,0.537,Tom Tellmann,RP,2.1,43,38,57,70,32,53,Uncommon
1983,ML4,Milwaukee Brewers,0.537,Don Sutton,SP,1.6,89,54,84,45,72,62,Rare
1983,HOU,Houston Astros,0.525,Nolan Ryan,SP,2.6,87,92,36,61,69,64,Rare
1983,HOU,Houston Astros,0.525,Joe Niekro,SP,1.7,88,50,49,52,70,52,Uncommon
1983,HOU,Houston Astros,0.525,Frank DiPino,RP,1.7,38,93,75,71,25,74,Epic
1983,PIT,Pittsburgh Pirates,0.519,Rick Rhoden,SP,4.9,88,56,75,64,71,66,Rare
1983,PIT,Pittsburgh Pirates,0.519,John Candelaria,SP,4.5,83,76,88,59,64,73,Epic
1983,PIT,Pittsburgh Pirates,0.519,Larry McWilliams,SP,4.1,87,81,53,58,69,64,Rare
1983,MON,Montreal Expos,0.506,Steve Rogers,SP,3.6,92,45,73,59,76,61,Rare
1983,MON,Montreal Expos,0.506,Bryn Smith,RP,2.8,45,59,76,73,35,66,Rare
1983,MON,Montreal Expos,0.506,Charlie Lea,SP,2.7,87,55,50,59,69,56,Rare
1983,SDN,San Diego Padres,0.5,Luis DeLeon,RP,2.4,40,78,84,68,28,72,Epic
1983,SDN,San Diego Padres,0.5,Mark Thurmond,SP,2.3,84,30,73,70,66,58,Rare
1983,SDN,San Diego Padres,0.5,John Montefusco,SP,2.0,96,40,66,59,82,58,Rare
1983,KCA,Kansas City Royals,0.488,Dan Quisenberry,RP,5.5,41,20,125,112,30,80,Epic
1983,KCA,Kansas City Royals,0.488,Buddy Black,SP,2.4,87,22,78,52,69,52,Uncommon
1983,KCA,Kansas City Royals,0.488,Paul Splittorff,SP,2.0,81,26,61,59,61,50,Uncommon
1983,SFN,San Francisco Giants,0.488,Atlee Hammaker,SP,4.6,91,69,99,84,75,83,Epic
1983,SFN,San Francisco Giants,0.488,Fred Breining,SP,1.7,84,50,71,48,66,57,Rare
1983,SFN,San Francisco Giants,0.488,Gary Lavelle,RP,1.3,39,74,91,74,27,74,Epic
1983,SLN,St. Louis Cardinals,0.488,John Stuper,SP,1.4,86,28,55,51,68,47,Uncommon
1983,SLN,St. Louis Cardinals,0.488,Joaquin Andujar,SP,1.3,86,47,61,43,68,52,Uncommon
1983,SLN,St. Louis Cardinals,0.488,Dave LaPoint,SP,1.2,86,52,43,48,68,50,Uncommon
1983,BOS,Boston Red Sox,0.481,Bob Stanley,RP,4.0,43,33,80,82,32,62,Rare
1983,BOS,Boston Red Sox,0.481,Bruce Hurst,SP,4.0,86,46,71,53,68,58,Rare
1983,BOS,Boston Red Sox,0.481,John Tudor,SP,3.8,89,48,61,51,72,55,Rare
1983,TEX,Texas Rangers,0.475,Charlie Hough,SP,4.6,92,53,50,63,76,57,Rare
1983,TEX,Texas Rangers,0.475,Rick Honeycutt,SP,4.0,86,20,87,59,68,57,Rare
1983,TEX,Texas Rangers,0.475,Mike Smithson,SP,2.6,87,53,65,54,69,58,Rare
1983,CIN,Cincinnati Reds,0.457,Mario Soto,SP,6.8,94,86,58,70,79,72,Epic
1983,CIN,Cincinnati Reds,0.457,Joe Price,SP,3.8,88,50,65,67,70,62,Rare
1983,CIN,Cincinnati Reds,0.457,Bill Scherrer,RP,1.9,37,55,55,72,24,57,Rare
1983,OAK,Oakland Athletics,0.457,Tom Burgmeier,RP,2.1,41,28,61,76,30,52,Uncommon
1983,OAK,Oakland Athletics,0.457,Keith Atherton,RP,1.4,44,51,60,69,33,57,Rare
1983,OAK,Oakland Athletics,0.457,Steve McCatty,SP,1.4,88,26,38,47,71,40,Common
1983,CHN,Chicago Cubs,0.438,Lee Smith,RP,4.8,39,86,48,114,27,77,Epic
1983,CHN,Chicago Cubs,0.438,Warren Brusstar,RP,2.3,38,49,41,90,25,56,Rare
1983,CHN,Chicago Cubs,0.438,Craig Lefferts,RP,1.6,39,61,63,57,27,57,Rare
1983,CAL,California Angels,0.432,Geoff Zahn,SP,4.0,90,27,82,60,73,58,Rare
1983,CAL,California Angels,0.432,Ken Forsch,SP,3.4,89,23,75,49,72,51,Uncommon
1983,CAL,California Angels,0.432,Tommy John,SP,2.1,88,11,93,47,70,52,Uncommon
1983,CLE,Cleveland Indians,0.432,Lary Sorensen,SP,3.9,85,20,72,50,67,49,Uncommon
1983,CLE,Cleveland Indians,0.432,Bert Blyleven,SP,3.2,85,75,75,59,67,69,Rare
1983,CLE,Cleveland Indians,0.432,Rick Sutcliffe,SP,3.1,88,60,46,50,71,54,Uncommon
1983,MIN,Minnesota Twins,0.432,Ken Schrom,SP,3.0,88,28,47,59,71,47,Uncommon
1983,MIN,Minnesota Twins,0.432,Ron Davis,RP,2.0,38,93,52,66,25,66,Rare
1983,MIN,Minnesota Twins,0.432,Pete Filson,RP,1.8,45,46,64,62,35,55,Rare
1983,NYN,New York Mets,0.42,Jesse Orosco,RP,3.8,40,72,58,116,28,77,Epic
1983,NYN,New York Mets,0.42,Tom Seaver,SP,2.5,87,51,51,52,69,53,Uncommon
1983,NYN,New York Mets,0.42,Carlos Diaz,RP,2.1,39,73,45,98,27,68,Rare
1983,SEA,Seattle Mariners,0.37,Matt Young,SP,5.1,84,57,49,67,66,58,Rare
1983,SEA,Seattle Mariners,0.37,Jim Beattie,SP,4.3,87,61,61,59,69,61,Rare
1983,SEA,Seattle Mariners,0.37,Bryan Clark,SP,2.5,103,36,43,55,91,49,Uncommon
1984,DET,Detroit Tigers,0.642,Willie Hernandez,RP,4.8,40,76,81,109,28,83,Epic
1984,DET,Detroit Tigers,0.642,Dan Petry,SP,3.5,86,55,74,61,68,64,Rare
1984,DET,Detroit Tigers,0.642,Jack Morris,SP,2.5,88,55,54,55,70,56,Rare
1984,CHN,Chicago Cubs,0.596,Dennis Eckersley,SP,4.2,88,41,91,53,70,62,Rare
1984,CHN,Chicago Cubs,0.596,Rick Sutcliffe,SP,3.8,88,85,58,59,71,68,Rare
1984,CHN,Chicago Cubs,0.596,Steve Trout,SP,3.6,83,31,67,62,64,54,Uncommon
1984,SDN,San Diego Padres,0.568,Ed Whitson,SP,2.6,83,46,90,56,64,64,Rare
1984,SDN,San Diego Padres,0.568,Dave Dravecky,RP,2.6,45,34,63,63,35,52,Uncommon
1984,SDN,San Diego Padres,0.568,Craig Lefferts,RP,2.5,40,44,88,91,28,70,Epic
1984,NYN,New York Mets,0.556,Dwight Gooden,SP,5.5,88,125,61,75,71,85,Legendary
1984,NYN,New York Mets,0.556,Walt Terrell,SP,2.1,85,44,51,52,67,51,Uncommon
1984,NYN,New York Mets,0.556,Ron Darling,SP,1.9,84,60,36,47,65,49,Uncommon
1984,TOR,Toronto Blue Jays,0.549,Dave Stieb,SP,7.9,92,69,62,75,76,69,Rare
1984,TOR,Toronto Blue Jays,0.549,Doyle Alexander,SP,6.1,91,44,89,67,75,68,Rare
1984,TOR,Toronto Blue Jays,0.549,Luis Leal,SP,2.9,84,53,58,51,66,55,Rare
1984,NYA,New York Yankees,0.537,Phil Niekro,SP,4.6,88,56,56,64,71,60,Rare
1984,NYA,New York Yankees,0.537,Dave Righetti,RP,3.3,39,92,49,87,26,71,Epic
1984,NYA,New York Yankees,0.537,Jay Howell,RP,2.8,40,106,63,76,28,76,Epic
1984,BOS,Boston Red Sox,0.531,Bruce Hurst,SP,3.5,86,56,47,51,68,53,Uncommon
1984,BOS,Boston Red Sox,0.531,Bob Ojeda,SP,3.4,87,57,43,53,69,53,Uncommon
1984,BOS,Boston Red Sox,0.531,Al Nipper,SP,2.8,92,35,74,53,76,56,Rare
1984,BAL,Baltimore Orioles,0.525,Mike Boddicker,SP,5.2,92,39,67,70,76,60,Rare
1984,BAL,Baltimore Orioles,0.525,Storm Davis,SP,3.8,90,36,66,69,73,59,Rare
1984,BAL,Baltimore Orioles,0.525,Mike Flanagan,SP,2.2,86,41,55,54,68,52,Uncommon
1984,KCA,Kansas City Royals,0.519,Buddy Black,SP,4.5,90,46,83,65,74,66,Rare
1984,KCA,Kansas City Royals,0.519,Dan Quisenberry,RP,3.3,40,17,123,78,28,68,Rare
1984,KCA,Kansas City Royals,0.519,Mark Gubicza,SP,1.6,85,51,48,51,67,52,Uncommon
1984,SLN,St. Louis Cardinals,0.519,Bruce Sutter,RP,4.5,40,56,99,111,28,83,Epic
1984,SLN,St. Louis Cardinals,0.519,Joaquin Andujar,SP,3.4,90,48,78,53,73,61,Rare
1984,SLN,St. Louis Cardinals,0.519,Ricky Horton,SP,1.3,88,53,67,49,71,58,Rare
1984,CAL,California Angels,0.5,Mike Witt,SP,4.6,90,76,59,60,73,66,Rare
1984,CAL,California Angels,0.5,Geoff Zahn,SP,4.2,90,15,85,68,74,58,Rare
1984,CAL,California Angels,0.5,Ron Romanick,SP,3.1,88,24,79,53,71,54,Uncommon
1984,MIN,Minnesota Twins,0.5,Frank Viola,SP,4.4,90,50,74,65,74,64,Rare
1984,MIN,Minnesota Twins,0.5,John Butcher,SP,2.6,86,23,86,62,68,58,Rare
1984,MIN,Minnesota Twins,0.5,Mike Smithson,SP,2.3,88,49,92,54,71,66,Rare
1984,PHI,Philadelphia Phillies,0.5,John Denny,SP,3.8,88,54,99,77,71,76,Epic
1984,PHI,Philadelphia Phillies,0.5,Jerry Koosman,SP,3.0,86,54,78,61,68,65,Rare
1984,PHI,Philadelphia Phillies,0.5,Steve Carlton,SP,2.3,88,66,58,53,70,60,Rare
1984,ATL,Atlanta Braves,0.494,Rick Mahler,SP,4.4,92,37,75,65,76,61,Rare
1984,ATL,Atlanta Braves,0.494,Rick Camp,SP,2.9,89,35,45,61,72,50,Uncommon
1984,ATL,Atlanta Braves,0.494,Steve Bedrosian,RP,2.8,42,96,48,86,31,72,Epic
1984,HOU,Houston Astros,0.494,Bill Dawley,RP,2.9,39,37,55,91,27,58,Rare
1984,HOU,Houston Astros,0.494,Bob Knepper,SP,2.7,88,53,86,50,70,64,Rare
1984,HOU,Houston Astros,0.494,Joe Niekro,SP,2.2,85,42,55,57,67,53,Uncommon
1984,LAN,Los Angeles Dodgers,0.488,Alejandro Peña,SP,5.0,89,62,88,77,72,75,Epic
1984,LAN,Los Angeles Dodgers,0.488,Orel Hershiser,SP,4.3,103,75,79,71,91,77,Epic
1984,LAN,Los Angeles Dodgers,0.488,Fernando Valenzuela,SP,3.7,92,90,47,62,76,67,Rare
1984,MON,Montreal Expos,0.484,Charlie Lea,SP,3.2,91,46,69,60,75,60,Rare
1984,MON,Montreal Expos,0.484,Dan Schatzeder,RP,2.3,45,59,79,64,35,64,Rare
1984,MON,Montreal Expos,0.484,Bryn Smith,SP,1.8,84,48,74,53,66,59,Rare
1984,OAK,Oakland Athletics,0.475,Ray Burris,SP,3.7,91,32,45,61,75,49,Uncommon
1984,OAK,Oakland Athletics,0.475,Bill Caudill,RP,2.7,39,91,64,69,26,70,Epic
1984,OAK,Oakland Athletics,0.475,Curt Young,SP,0.9,84,24,74,46,66,50,Uncommon
1984,CLE,Cleveland Indians,0.463,Bert Blyleven,SP,7.2,92,64,69,74,76,70,Epic
1984,CLE,Cleveland Indians,0.463,Ernie Camacho,RP,3.4,39,38,52,89,26,56,Rare
1984,CLE,Cleveland Indians,0.463,Tom Waddell,RP,2.6,40,54,50,66,28,54,Uncommon
1984,PIT,Pittsburgh Pirates,0.463,Rick Rhoden,SP,5.2,90,49,80,71,73,67,Rare
1984,PIT,Pittsburgh Pirates,0.463,Larry McWilliams,SP,3.8,89,59,59,63,72,62,Rare
1984,PIT,Pittsburgh Pirates,0.463,John Tudor,SP,3.3,86,47,79,56,68,61,Rare
1984,CHA,Chicago White Sox,0.457,Richard Dotson,SP,4.3,92,39,46,58,76,50,Uncommon
1984,CHA,Chicago White Sox,0.457,Tom Seaver,SP,4.0,89,47,81,51,72,61,Rare
1984,CHA,Chicago White Sox,0.457,LaMarr Hoyt,SP,1.8,88,45,100,44,70,64,Rare
1984,SEA,Seattle Mariners,0.457,Jim Beattie,SP,5.1,86,48,56,61,68,56,Rare
1984,SEA,Seattle Mariners,0.457,Mark Langston,SP,4.4,88,89,34,60,70,62,Rare
1984,SEA,Seattle Mariners,0.457,Ed Nunez,RP,1.4,41,81,67,61,29,66,Rare
1984,CIN,Cincinnati Reds,0.432,Mario Soto,SP,4.5,90,74,53,52,73,61,Rare
1984,CIN,Cincinnati Reds,0.432,Jay Tibbs,SP,3.3,89,27,63,72,72,56,Rare
1984,CIN,Cincinnati Reds,0.432,Ted Power,RP,3.0,38,70,45,73,25,59,Rare
1984,TEX,Texas Rangers,0.429,Charlie Hough,SP,4.6,90,55,56,54,74,57,Rare
1984,TEX,Texas Rangers,0.429,Frank Tanana,SP,4.3,88,49,62,62,71,59,Rare
1984,TEX,Texas Rangers,0.429,Mike Mason,SP,3.9,92,54,76,57,76,64,Rare
1984,ML4,Milwaukee Brewers,0.416,Don Sutton,SP,2.7,85,61,85,50,67,66,Rare
1984,ML4,Milwaukee Brewers,0.416,Moose Haas,SP,2.6,84,33,88,49,65,58,Rare
1984,ML4,Milwaukee Brewers,0.416,Ray Searage,RP,2.4,41,71,46,119,29,74,Epic
1984,SFN,San Francisco Giants,0.407,Gary Lavelle,RP,2.6,38,65,46,68,25,56,Rare
1984,SFN,San Francisco Giants,0.407,Bill Laskey,SP,1.4,83,20,85,40,64,50,Uncommon
1984,SFN,San Francisco Giants,0.407,Atlee Hammaker,SP,1.1,79,68,77,86,59,75,Epic
1985,SLN,St. Louis Cardinals,0.623,John Tudor,SP,8.1,92,54,101,98,76,84,Epic
1985,SLN,St. Louis Cardinals,0.623,Danny Cox,SP,3.2,88,46,79,63,70,63,Rare
1985,SLN,St. Louis Cardinals,0.623,Jeff Lahti,RP,2.3,38,53,50,103,25,64,Rare
1985,TOR,Toronto Blue Jays,0.615,Dave Stieb,SP,6.8,90,56,54,87,74,66,Rare
1985,TOR,Toronto Blue Jays,0.615,Jimmy Key,SP,5.0,86,27,86,70,68,62,Rare
1985,TOR,Toronto Blue Jays,0.615,Doyle Alexander,SP,4.8,90,46,81,61,73,64,Rare
1985,NYN,New York Mets,0.605,Dwight Gooden,SP,12.2,94,96,83,114,78,96,Legendary
1985,NYN,New York Mets,0.605,Ron Darling,SP,4.1,89,61,41,61,72,56,Rare
1985,NYN,New York Mets,0.605,Sid Fernandez,SP,3.8,85,107,40,63,67,70,Epic
1985,NYA,New York Yankees,0.602,Ron Guidry,SP,4.5,94,47,105,61,78,72,Epic
1985,NYA,New York Yankees,0.602,Bob Shirley,RP,2.9,43,41,86,82,32,66,Rare
1985,NYA,New York Yankees,0.602,Dave Righetti,RP,2.5,39,83,45,78,26,64,Rare
1985,LAN,Los Angeles Dodgers,0.586,Orel Hershiser,SP,5.8,88,59,74,92,71,75,Epic
1985,LAN,Los Angeles Dodgers,0.586,Fernando Valenzuela,SP,5.4,93,72,52,75,77,67,Rare
1985,LAN,Los Angeles Dodgers,0.586,Bob Welch,SP,4.2,90,50,93,75,73,73,Epic
1985,KCA,Kansas City Royals,0.562,Bret Saberhagen,SP,7.1,90,61,105,73,74,79,Epic
1985,KCA,Kansas City Royals,0.562,Charlie Leibrandt,SP,6.6,90,34,73,79,73,63,Rare
1985,KCA,Kansas City Royals,0.562,Dan Quisenberry,RP,4.2,39,30,115,91,27,74,Epic
1985,CAL,California Angels,0.556,Donnie Moore,RP,3.6,39,64,94,110,27,83,Epic
1985,CAL,California Angels,0.556,Mike Witt,SP,3.3,89,67,48,59,72,59,Rare
1985,CAL,California Angels,0.556,Stew Cliburn,RP,3.1,43,38,79,105,32,70,Epic
1985,CIN,Cincinnati Reds,0.553,Tom Browning,SP,3.6,88,52,75,52,70,61,Rare
1985,CIN,Cincinnati Reds,0.553,Mario Soto,SP,3.3,89,80,47,51,72,61,Rare
1985,CIN,Cincinnati Reds,0.553,John Franco,RP,3.0,39,55,47,91,26,61,Rare
1985,CHA,Chicago White Sox,0.525,Tom Seaver,SP,5.0,90,48,73,69,73,64,Rare
1985,CHA,Chicago White Sox,0.525,Bob James,RP,4.3,39,76,93,108,27,86,Legendary
1985,CHA,Chicago White Sox,0.525,Britt Burns,SP,4.2,86,71,57,53,68,61,Rare
1985,DET,Detroit Tigers,0.522,Jack Morris,SP,4.9,90,70,45,62,74,60,Rare
1985,DET,Detroit Tigers,0.522,Dan Petry,SP,4.1,88,35,60,60,71,54,Uncommon
1985,DET,Detroit Tigers,0.522,Walt Terrell,SP,2.5,87,49,46,58,69,53,Uncommon
1985,MON,Montreal Expos,0.522,Joe Hesketh,SP,3.2,84,68,72,72,65,70,Epic
1985,MON,Montreal Expos,0.522,Bryn Smith,SP,3.2,88,49,99,63,71,70,Epic
1985,MON,Montreal Expos,0.522,Tim Burke,RP,2.9,39,67,53,74,27,61,Rare
1985,BAL,Baltimore Orioles,0.516,Ken Dixon,SP,2.9,100,61,48,53,87,57,Rare
1985,BAL,Baltimore Orioles,0.516,Mike Boddicker,SP,1.9,84,60,44,52,66,53,Uncommon
1985,BAL,Baltimore Orioles,0.516,Storm Davis,SP,1.3,84,44,48,47,65,48,Uncommon
1985,HOU,Houston Astros,0.512,Mike Scott,SP,3.0,84,55,54,53,66,55,Rare
1985,HOU,Houston Astros,0.512,Nolan Ryan,SP,1.7,86,88,47,49,68,62,Rare
1985,HOU,Houston Astros,0.512,Dave Smith,RP,1.6,37,41,92,83,24,67,Rare
1985,SDN,San Diego Padres,0.512,Dave Dravecky,SP,3.7,88,39,79,61,70,61,Rare
1985,SDN,San Diego Padres,0.512,Andy Hawkins,SP,3.4,88,15,74,57,70,51,Uncommon
1985,SDN,San Diego Padres,0.512,Eric Show,SP,2.9,86,53,51,56,68,55,Rare
1985,BOS,Boston Red Sox,0.5,Oil Can Boyd,SP,6.0,93,49,84,58,77,65,Rare
1985,BOS,Boston Red Sox,0.5,Bob Stanley,RP,2.9,41,43,59,76,29,56,Rare
1985,BOS,Boston Red Sox,0.5,Bob Ojeda,SP,2.8,89,58,69,56,72,62,Rare
1985,CHN,Chicago Cubs,0.478,Dennis Eckersley,SP,4.6,87,63,118,65,69,81,Epic
1985,CHN,Chicago Cubs,0.478,Steve Trout,SP,3.0,82,16,43,62,62,42,Common
1985,CHN,Chicago Cubs,0.478,Scott Sanderson,SP,2.8,84,60,89,63,66,70,Epic
1985,MIN,Minnesota Twins,0.475,Mike Smithson,SP,2.5,88,39,69,50,71,54,Uncommon
1985,MIN,Minnesota Twins,0.475,Frank Viola,SP,1.9,88,45,77,52,71,59,Rare
1985,MIN,Minnesota Twins,0.475,Pete Filson,RP,1.4,44,32,66,57,33,50,Uncommon
1985,OAK,Oakland Athletics,0.475,Don Sutton,SP,3.1,86,37,80,52,68,58,Rare
1985,OAK,Oakland Athletics,0.475,Steve Ontiveros,RP,2.5,41,38,81,105,29,70,Epic
1985,OAK,Oakland Athletics,0.475,Jay Howell,RP,2.4,39,64,66,72,27,63,Rare
1985,PHI,Philadelphia Phillies,0.463,Shane Rawley,SP,4.0,84,44,47,57,66,51,Uncommon
1985,PHI,Philadelphia Phillies,0.463,Kevin Gross,SP,3.6,86,69,48,58,68,59,Rare
1985,PHI,Philadelphia Phillies,0.463,Don Carman,RP,2.8,37,101,43,93,24,74,Epic
1985,SEA,Seattle Mariners,0.457,Mike Moore,SP,6.3,90,56,74,62,73,65,Rare
1985,SEA,Seattle Mariners,0.457,Roy Thomas,RP,2.0,44,70,36,63,33,54,Uncommon
1985,SEA,Seattle Mariners,0.457,Ed Nunez,RP,1.8,38,58,50,65,25,54,Uncommon
1985,ML4,Milwaukee Brewers,0.441,Teddy Higuera,SP,3.1,89,53,71,52,72,60,Rare
1985,ML4,Milwaukee Brewers,0.441,Danny Darwin,SP,2.8,91,50,70,51,75,59,Rare
1985,ML4,Milwaukee Brewers,0.441,Moose Haas,SP,1.8,84,38,107,52,65,66,Rare
1985,ATL,Atlanta Braves,0.407,Rick Mahler,SP,4.7,88,27,71,55,70,53,Uncommon
1985,ATL,Atlanta Braves,0.407,Steve Bedrosian,SP,1.9,80,58,33,50,60,48,Uncommon
1985,ATL,Atlanta Braves,0.407,Zane Smith,SP,1.6,95,50,32,57,80,50,Uncommon
1985,TEX,Texas Rangers,0.385,Charlie Hough,SP,6.3,90,48,62,64,74,60,Rare
1985,TEX,Texas Rangers,0.385,Greg Harris,RP,3.3,41,98,50,90,30,74,Epic
1985,TEX,Texas Rangers,0.385,Dave Schmidt,RP,1.6,40,45,81,70,28,62,Rare
1985,SFN,San Francisco Giants,0.383,Mike Krukow,SP,3.0,88,73,82,51,71,69,Rare
1985,SFN,San Francisco Giants,0.383,Scott Garrelts,RP,2.0,39,100,32,83,26,67,Rare
1985,SFN,San Francisco Giants,0.383,Dave LaPoint,SP,1.8,86,52,55,48,68,53,Uncommon
1985,CLE,Cleveland Indians,0.37,Bert Blyleven,SP,6.7,94,65,81,70,78,73,Epic
1985,CLE,Cleveland Indians,0.37,Neal Heaton,SP,1.6,84,27,49,42,65,42,Common
1985,CLE,Cleveland Indians,0.37,Vern Ruhle,RP,1.4,45,31,85,45,35,52,Uncommon
1985,PIT,Pittsburgh Pirates,0.354,Rick Reuschel,SP,6.2,91,66,78,86,75,76,Epic
1985,PIT,Pittsburgh Pirates,0.354,Cecilio Guante,RP,2.4,40,81,53,71,28,64,Rare
1985,PIT,Pittsburgh Pirates,0.354,Al Holland,RP,1.8,39,66,55,81,27,63,Rare
1986,NYN,New York Mets,0.667,Bob Ojeda,SP,4.7,90,62,85,72,73,73,Epic
1986,NYN,New York Mets,0.667,Ron Darling,SP,4.6,88,74,59,64,71,66,Rare
1986,NYN,New York Mets,0.667,Dwight Gooden,SP,4.4,92,76,65,66,76,70,Epic
1986,HOU,Houston Astros,0.593,Mike Scott,SP,8.4,90,113,80,84,74,90,Legendary
1986,HOU,Houston Astros,0.593,Bob Knepper,SP,3.6,87,47,85,59,69,64,Rare
1986,HOU,Houston Astros,0.593,Nolan Ryan,SP,2.3,82,110,41,55,62,68,Rare
1986,BOS,Boston Red Sox,0.59,Roger Clemens,SP,8.8,93,92,79,86,77,85,Legendary
1986,BOS,Boston Red Sox,0.59,Bruce Hurst,SP,4.6,88,95,73,70,71,78,Epic
1986,BOS,Boston Red Sox,0.59,Oil Can Boyd,SP,3.5,89,53,93,52,72,67,Rare
1986,CAL,California Angels,0.568,Mike Witt,SP,6.1,94,73,77,74,78,75,Epic
1986,CAL,California Angels,0.568,Kirk McCaskill,SP,4.2,91,79,51,63,75,65,Rare
1986,CAL,California Angels,0.568,Don Sutton,SP,2.4,83,48,86,51,64,62,Rare
1986,NYA,New York Yankees,0.556,Dave Righetti,RP,3.8,39,74,63,91,26,71,Epic
1986,NYA,New York Yankees,0.556,Dennis Rasmussen,SP,3.2,85,58,53,50,67,55,Rare
1986,NYA,New York Yankees,0.556,Ron Guidry,SP,2.5,84,68,96,48,66,70,Epic
1986,DET,Detroit Tigers,0.537,Jack Morris,SP,5.1,92,80,68,60,76,70,Epic
1986,DET,Detroit Tigers,0.537,Eric King,SP,2.4,98,49,42,60,84,54,Uncommon
1986,DET,Detroit Tigers,0.537,Frank Tanana,SP,1.3,83,56,58,48,64,55,Rare
1986,TEX,Texas Rangers,0.537,Greg Harris,RP,3.1,39,83,50,76,26,65,Rare
1986,TEX,Texas Rangers,0.537,Charlie Hough,SP,3.0,88,57,49,54,71,55,Rare
1986,TEX,Texas Rangers,0.537,Ed Correa,SP,2.8,84,92,24,53,66,57,Rare
1986,PHI,Philadelphia Phillies,0.534,Bruce Ruffin,SP,3.7,88,37,70,85,71,65,Rare
1986,PHI,Philadelphia Phillies,0.534,Don Carman,RP,3.1,45,68,49,61,35,57,Rare
1986,PHI,Philadelphia Phillies,0.534,Kevin Gross,SP,2.9,87,57,49,46,69,52,Uncommon
1986,CIN,Cincinnati Reds,0.531,Bill Gullickson,SP,4.3,86,39,84,56,68,60,Rare
1986,CIN,Cincinnati Reds,0.531,Rob Murphy,RP,2.5,39,66,46,119,26,72,Epic
1986,CIN,Cincinnati Reds,0.531,Ron Robinson,RP,2.1,40,100,52,60,28,66,Rare
1986,TOR,Toronto Blue Jays,0.531,Mark Eichhorn,RP,7.2,43,107,73,114,32,91,Legendary
1986,TOR,Toronto Blue Jays,0.531,Jimmy Key,SP,4.8,86,54,65,59,68,60,Rare
1986,TOR,Toronto Blue Jays,0.531,Jim Clancy,SP,3.6,85,50,73,53,67,60,Rare
1986,CLE,Cleveland Indians,0.519,Tom Candiotti,SP,4.8,90,60,45,60,74,57,Rare
1986,CLE,Cleveland Indians,0.519,Ken Schrom,SP,1.2,84,30,86,41,65,54,Uncommon
1986,CLE,Cleveland Indians,0.519,Ernie Camacho,RP,0.9,36,56,33,58,23,46,Uncommon
1986,SFN,San Francisco Giants,0.512,Mike Krukow,SP,3.4,90,68,89,58,73,72,Epic
1986,SFN,San Francisco Giants,0.512,Scott Garrelts,RP,1.8,45,67,45,57,35,54,Uncommon
1986,SFN,San Francisco Giants,0.512,Frank Williams,RP,1.8,39,56,47,119,26,69,Rare
1986,SLN,St. Louis Cardinals,0.491,Ricky Horton,RP,2.9,44,39,80,85,33,64,Rare
1986,SLN,St. Louis Cardinals,0.491,John Tudor,SP,2.7,90,39,85,62,73,63,Rare
1986,SLN,St. Louis Cardinals,0.491,Todd Worrell,RP,2.5,39,65,48,89,26,63,Rare
1986,MON,Montreal Expos,0.484,Floyd Youmans,SP,3.7,88,91,33,55,70,61,Rare
1986,MON,Montreal Expos,0.484,Andy McGaffigan,RP,3.5,45,68,49,74,35,61,Rare
1986,MON,Montreal Expos,0.484,Tim Burke,RP,1.9,39,77,42,66,26,58,Rare
1986,ML4,Milwaukee Brewers,0.478,Teddy Higuera,SP,9.4,90,80,70,78,73,76,Epic
1986,ML4,Milwaukee Brewers,0.478,Danny Darwin,SP,3.7,96,59,86,71,82,73,Epic
1986,ML4,Milwaukee Brewers,0.478,Tim Leary,SP,3.4,84,51,75,51,65,60,Rare
1986,KCA,Kansas City Royals,0.469,Mark Gubicza,SP,3.4,91,59,41,63,75,56,Rare
1986,KCA,Kansas City Royals,0.469,Charlie Leibrandt,SP,3.3,87,36,77,53,69,57,Rare
1986,KCA,Kansas City Royals,0.469,Danny Jackson,SP,3.2,88,55,45,69,70,58,Rare
1986,OAK,Oakland Athletics,0.469,Curt Young,SP,2.1,90,51,73,55,74,61,Rare
1986,OAK,Oakland Athletics,0.469,Moose Haas,SP,1.9,82,47,79,75,63,67,Rare
1986,OAK,Oakland Athletics,0.469,Joaquin Andujar,SP,1.5,82,35,54,47,63,47,Uncommon
1986,SDN,San Diego Padres,0.457,Eric Show,SP,3.5,84,63,36,63,65,55,Rare
1986,SDN,San Diego Padres,0.457,Lance McCullers,RP,3.3,41,62,45,67,30,55,Rare
1986,SDN,San Diego Padres,0.457,Dave Dravecky,SP,2.5,84,45,61,59,65,56,Rare
1986,BAL,Baltimore Orioles,0.451,Storm Davis,SP,2.8,83,55,65,57,64,59,Rare
1986,BAL,Baltimore Orioles,0.451,Don Aase,RP,2.3,37,79,59,72,24,65,Rare
1986,BAL,Baltimore Orioles,0.451,Scott McGregor,SP,1.5,83,36,75,41,64,52,Uncommon
1986,LAN,Los Angeles Dodgers,0.451,Fernando Valenzuela,SP,5.4,94,88,66,57,78,71,Epic
1986,LAN,Los Angeles Dodgers,0.451,Bob Welch,SP,4.0,89,74,87,56,72,72,Epic
1986,LAN,Los Angeles Dodgers,0.451,Rick Honeycutt,SP,2.7,83,51,79,56,64,62,Rare
1986,ATL,Atlanta Braves,0.447,David Palmer,SP,3.4,82,78,38,55,63,58,Rare
1986,ATL,Atlanta Braves,0.447,Doyle Alexander,SP,3.2,87,54,105,48,69,69,Rare
1986,ATL,Atlanta Braves,0.447,Gene Garber,RP,3.0,38,67,81,84,25,72,Epic
1986,CHA,Chicago White Sox,0.444,Neil Allen,SP,1.9,86,41,60,59,68,55,Rare
1986,CHA,Chicago White Sox,0.444,Floyd Bannister,SP,1.8,83,47,72,61,64,60,Rare
1986,CHA,Chicago White Sox,0.444,Joe Cowley,SP,1.7,82,78,36,54,63,57,Rare
1986,CHN,Chicago Cubs,0.438,Lee Smith,RP,3.2,38,103,41,67,25,66,Rare
1986,CHN,Chicago Cubs,0.438,Scott Sanderson,SP,2.6,82,68,91,46,63,68,Rare
1986,CHN,Chicago Cubs,0.438,Rick Sutcliffe,SP,2.4,85,63,32,42,67,48,Uncommon
1986,MIN,Minnesota Twins,0.438,Bert Blyleven,SP,4.2,91,75,92,47,75,72,Epic
1986,MIN,Minnesota Twins,0.438,Frank Viola,SP,2.5,86,74,60,43,68,60,Rare
1986,MIN,Minnesota Twins,0.438,Neal Heaton,SP,2.5,88,34,47,49,70,46,Uncommon
1986,SEA,Seattle Mariners,0.414,Mike Moore,SP,4.6,89,46,56,48,72,52,Uncommon
1986,SEA,Seattle Mariners,0.414,Mike Morgan,SP,2.6,85,45,48,45,67,48,Uncommon
1986,SEA,Seattle Mariners,0.414,Mark Langston,SP,2.1,86,103,36,41,68,61,Rare
1986,PIT,Pittsburgh Pirates,0.395,Rick Rhoden,SP,6.6,91,56,70,70,75,66,Rare
1986,PIT,Pittsburgh Pirates,0.395,Pat Clements,RP,1.3,36,41,34,77,22,48,Uncommon
1986,PIT,Pittsburgh Pirates,0.395,Rick Reuschel,SP,1.1,84,50,79,48,66,60,Rare
1987,DET,Detroit Tigers,0.605,Jack Morris,SP,5.1,94,74,57,60,78,65,Rare
1987,DET,Detroit Tigers,0.605,Frank Tanana,SP,3.0,84,61,81,52,66,65,Rare
1987,DET,Detroit Tigers,0.605,Walt Terrell,SP,2.6,88,51,49,50,71,52,Uncommon
1987,TOR,Toronto Blue Jays,0.593,Jimmy Key,SP,7.4,90,55,82,83,73,73,Epic
1987,TOR,Toronto Blue Jays,0.593,Jim Clancy,SP,4.9,85,70,62,64,67,66,Rare
1987,TOR,Toronto Blue Jays,0.593,Tom Henke,RP,3.3,38,125,78,91,25,91,Legendary
1987,SLN,St. Louis Cardinals,0.586,Greg Mathews,SP,3.4,83,46,55,56,64,53,Uncommon
1987,SLN,St. Louis Cardinals,0.586,Todd Worrell,RP,3.2,37,97,55,80,24,72,Epic
1987,SLN,St. Louis Cardinals,0.586,Joe Magrane,SP,2.7,85,52,56,63,67,58,Rare
1987,NYN,New York Mets,0.568,Dwight Gooden,SP,3.7,89,79,71,62,72,71,Epic
1987,NYN,New York Mets,0.568,Terry Leach,RP,2.2,45,36,90,58,35,59,Rare
1987,NYN,New York Mets,0.568,Sid Fernandez,SP,1.5,81,83,44,49,61,59,Rare
1987,ML4,Milwaukee Brewers,0.562,Teddy Higuera,SP,6.3,91,90,61,59,75,70,Epic
1987,ML4,Milwaukee Brewers,0.562,Bill Wegman,SP,4.5,88,34,86,51,70,58,Rare
1987,ML4,Milwaukee Brewers,0.562,Chuck Crim,RP,2.6,44,31,70,61,33,52,Uncommon
1987,MON,Montreal Expos,0.562,Tim Burke,RP,4.3,39,57,99,116,27,84,Epic
1987,MON,Montreal Expos,0.562,Dennis Martinez,SP,3.8,86,50,76,67,68,65,Rare
1987,MON,Montreal Expos,0.562,Andy McGaffigan,RP,3.2,40,80,57,94,28,72,Epic
1987,SFN,San Francisco Giants,0.556,Dave Dravecky,SP,2.4,88,67,61,57,70,62,Rare
1987,SFN,San Francisco Giants,0.556,Jeff Robinson,RP,2.2,39,79,44,70,26,60,Rare
1987,SFN,San Francisco Giants,0.556,Atlee Hammaker,SP,2.2,84,57,60,52,65,57,Rare
1987,NYA,New York Yankees,0.549,Charles Hudson,SP,3.2,104,58,52,60,92,60,Rare
1987,NYA,New York Yankees,0.549,Rick Rhoden,SP,3.1,84,51,61,55,65,57,Rare
1987,NYA,New York Yankees,0.549,Ron Guidry,SP,2.5,88,78,64,59,70,67,Rare
1987,MIN,Minnesota Twins,0.525,Frank Viola,SP,8.1,88,74,79,79,71,77,Epic
1987,MIN,Minnesota Twins,0.525,Bert Blyleven,SP,4.4,90,69,50,53,73,59,Rare
1987,MIN,Minnesota Twins,0.525,Les Straker,SP,2.2,82,39,49,49,62,47,Uncommon
1987,CIN,Cincinnati Reds,0.519,Frank Williams,RP,2.5,37,49,52,97,24,62,Rare
1987,CIN,Cincinnati Reds,0.519,John Franco,RP,2.5,37,70,62,86,24,68,Rare
1987,CIN,Cincinnati Reds,0.519,Rob Murphy,RP,2.2,37,98,65,72,24,73,Epic
1987,KCA,Kansas City Royals,0.512,Bret Saberhagen,SP,8.0,93,57,94,67,77,73,Epic
1987,KCA,Kansas City Royals,0.512,Charlie Leibrandt,SP,6.0,88,56,68,67,70,64,Rare
1987,KCA,Kansas City Royals,0.512,Mark Gubicza,SP,5.0,88,63,37,59,70,55,Rare
1987,OAK,Oakland Athletics,0.5,Dave Stewart,SP,4.3,88,74,47,56,71,60,Rare
1987,OAK,Oakland Athletics,0.5,Dennis Eckersley,RP,3.0,42,97,109,69,31,86,Legendary
1987,OAK,Oakland Athletics,0.5,Curt Young,SP,2.5,85,54,91,45,67,64,Rare
1987,PHI,Philadelphia Phillies,0.494,Shane Rawley,SP,2.4,84,45,51,48,66,50,Uncommon
1987,PHI,Philadelphia Phillies,0.494,Steve Bedrosian,RP,2.3,38,80,66,74,25,68,Rare
1987,PHI,Philadelphia Phillies,0.494,Kent Tekulve,RP,2.2,37,49,76,71,24,61,Rare
1987,PIT,Pittsburgh Pirates,0.494,Rick Reuschel,SP,3.9,88,36,99,63,70,66,Rare
1987,PIT,Pittsburgh Pirates,0.494,Mike Dunne,SP,2.5,89,32,46,71,72,52,Uncommon
1987,PIT,Pittsburgh Pirates,0.494,Don Robinson,RP,1.2,39,68,52,65,27,58,Rare
1987,BOS,Boston Red Sox,0.481,Roger Clemens,SP,9.4,94,89,71,80,78,80,Epic
1987,BOS,Boston Red Sox,0.481,Bruce Hurst,SP,3.8,90,76,65,48,73,64,Rare
1987,BOS,Boston Red Sox,0.481,Jeff Sellers,SP,0.8,84,66,44,45,66,53,Uncommon
1987,SEA,Seattle Mariners,0.481,Mark Langston,SP,5.9,93,96,46,61,77,69,Rare
1987,SEA,Seattle Mariners,0.481,Mike Morgan,SP,2.8,86,29,81,49,68,54,Uncommon
1987,SEA,Seattle Mariners,0.481,Jerry Reed,RP,2.2,42,56,71,71,31,63,Rare
1987,CHA,Chicago White Sox,0.475,Floyd Bannister,SP,3.8,87,46,92,60,69,66,Rare
1987,CHA,Chicago White Sox,0.475,Bobby Thigpen,RP,2.2,40,51,78,84,28,67,Rare
1987,CHA,Chicago White Sox,0.475,Richard Dotson,SP,2.0,88,45,47,54,70,51,Uncommon
1987,CHN,Chicago Cubs,0.472,Rick Sutcliffe,SP,6.0,88,68,43,57,71,57,Rare
1987,CHN,Chicago Cubs,0.472,Lee Smith,RP,2.8,38,117,49,73,25,74,Epic
1987,CHN,Chicago Cubs,0.472,Scott Sanderson,SP,2.7,86,68,58,45,68,58,Rare
1987,HOU,Houston Astros,0.469,Mike Scott,SP,5.9,88,93,65,61,70,73,Epic
1987,HOU,Houston Astros,0.469,Nolan Ryan,SP,5.4,84,125,46,74,65,80,Epic
1987,HOU,Houston Astros,0.469,Danny Darwin,SP,3.1,85,63,56,55,67,59,Rare
1987,CAL,California Angels,0.463,Mike Witt,SP,2.3,88,74,59,51,70,62,Rare
1987,CAL,California Angels,0.463,Willie Fraser,SP,2.1,92,53,55,52,76,56,Rare
1987,CAL,California Angels,0.463,DeWayne Buice,RP,2.1,41,95,57,63,30,68,Rare
1987,TEX,Texas Rangers,0.463,Dale Mohorcic,RP,3.1,38,38,98,75,25,66,Rare
1987,TEX,Texas Rangers,0.463,Charlie Hough,SP,3.1,89,74,44,57,72,60,Rare
1987,TEX,Texas Rangers,0.463,Jose Guzman,SP,2.3,88,63,48,44,71,54,Uncommon
1987,LAN,Los Angeles Dodgers,0.451,Bob Welch,SP,7.1,89,74,59,63,72,66,Rare
1987,LAN,Los Angeles Dodgers,0.451,Orel Hershiser,SP,6.4,91,67,75,69,75,71,Epic
1987,LAN,Los Angeles Dodgers,0.451,Fernando Valenzuela,SP,4.1,90,71,38,50,74,55,Rare
1987,ATL,Atlanta Braves,0.429,Doyle Alexander,SP,6.5,92,43,81,96,76,74,Epic
1987,ATL,Atlanta Braves,0.429,Zane Smith,SP,2.9,87,45,50,54,69,52,Uncommon
1987,ATL,Atlanta Braves,0.429,Charlie Puleo,SP,1.6,93,77,64,51,77,65,Rare
1987,BAL,Baltimore Orioles,0.414,Mike Boddicker,SP,3.3,88,61,58,50,70,58,Rare
1987,BAL,Baltimore Orioles,0.414,Mike Flanagan,SP,2.2,84,58,56,71,65,62,Rare
1987,BAL,Baltimore Orioles,0.414,Dave Schmidt,SP,2.2,100,48,93,57,86,68,Rare
1987,SDN,San Diego Padres,0.401,Eric Show,SP,1.8,83,49,46,49,64,50,Uncommon
1987,SDN,San Diego Padres,0.401,Rich Gossage,RP,1.1,38,82,53,66,25,63,Rare
1987,SDN,San Diego Padres,0.401,Eric Nolte,SP,1.0,80,59,33,62,60,52,Uncommon
1987,CLE,Cleveland Indians,0.377,John Farrell,SP,2.2,92,28,65,67,76,56,Rare
1987,CLE,Cleveland Indians,0.377,Doug Jones,RP,1.3,41,94,79,77,29,78,Epic
1987,CLE,Cleveland Indians,0.377,Tom Candiotti,SP,0.9,84,47,41,44,65,46,Uncommon
1988,OAK,Oakland Athletics,0.642,Dave Stewart,SP,4.4,91,64,48,63,75,60,Rare
1988,OAK,Oakland Athletics,0.642,Bob Welch,SP,2.9,87,58,62,52,69,58,Rare
1988,OAK,Oakland Athletics,0.642,Storm Davis,SP,2.8,83,56,42,52,64,51,Uncommon
1988,NYN,New York Mets,0.625,David Cone,SP,5.5,96,91,58,78,81,76,Epic
1988,NYN,New York Mets,0.625,Dwight Gooden,SP,3.4,90,65,88,56,73,70,Epic
1988,NYN,New York Mets,0.625,Sid Fernandez,SP,2.9,82,101,51,54,63,68,Rare
1988,LAN,Los Angeles Dodgers,0.584,Orel Hershiser,SP,7.2,94,61,77,77,78,72,Epic
1988,LAN,Los Angeles Dodgers,0.584,Tim Leary,SP,2.8,87,75,84,61,69,73,Epic
1988,LAN,Los Angeles Dodgers,0.584,Tim Belcher,SP,2.8,86,82,74,63,68,72,Epic
1988,MIN,Minnesota Twins,0.562,Frank Viola,SP,7.7,90,71,92,79,73,80,Epic
1988,MIN,Minnesota Twins,0.562,Allan Anderson,SP,5.2,87,29,100,86,69,71,Epic
1988,MIN,Minnesota Twins,0.562,Jeff Reardon,RP,2.4,37,72,94,84,24,77,Epic
1988,BOS,Boston Red Sox,0.549,Roger Clemens,SP,7.1,91,112,86,74,75,89,Legendary
1988,BOS,Boston Red Sox,0.549,Bruce Hurst,SP,3.4,87,72,70,56,69,66,Rare
1988,BOS,Boston Red Sox,0.549,Wes Gardner,SP,2.5,96,66,44,58,81,58,Rare
1988,DET,Detroit Tigers,0.543,Jeff Robinson,SP,3.7,91,60,46,63,75,58,Rare
1988,DET,Detroit Tigers,0.543,Mike Henneman,RP,3.2,39,57,79,105,26,75,Epic
1988,DET,Detroit Tigers,0.543,Paul Gibson,RP,1.4,43,46,52,68,32,53,Uncommon
1988,CIN,Cincinnati Reds,0.54,Danny Jackson,SP,5.0,91,55,77,70,75,68,Rare
1988,CIN,Cincinnati Reds,0.54,Jose Rijo,RP,3.8,45,98,49,81,35,72,Epic
1988,CIN,Cincinnati Reds,0.54,John Franco,RP,3.0,37,45,66,115,24,70,Epic
1988,ML4,Milwaukee Brewers,0.537,Teddy Higuera,SP,7.4,90,82,80,85,74,82,Epic
1988,ML4,Milwaukee Brewers,0.537,Don August,SP,3.2,87,33,64,66,69,56,Rare
1988,ML4,Milwaukee Brewers,0.537,Chris Bosio,SP,2.3,96,35,93,61,81,65,Rare
1988,TOR,Toronto Blue Jays,0.537,Dave Stieb,SP,4.1,86,66,50,66,68,61,Rare
1988,TOR,Toronto Blue Jays,0.537,Jimmy Key,SP,2.0,84,39,88,59,65,62,Rare
1988,TOR,Toronto Blue Jays,0.537,Tom Henke,RP,1.4,38,96,56,68,25,68,Rare
1988,PIT,Pittsburgh Pirates,0.531,Bob Walk,SP,3.2,86,25,68,69,68,55,Rare
1988,PIT,Pittsburgh Pirates,0.531,Doug Drabek,SP,2.8,88,50,88,55,70,65,Rare
1988,PIT,Pittsburgh Pirates,0.531,John Smiley,SP,2.3,84,56,89,54,66,66,Rare
1988,NYA,New York Yankees,0.528,John Candelaria,SP,2.6,85,73,109,57,67,78,Epic
1988,NYA,New York Yankees,0.528,Cecilio Guante,RP,2.3,37,78,63,90,24,72,Epic
1988,NYA,New York Yankees,0.528,Neil Allen,RP,1.8,45,43,66,50,35,51,Uncommon
1988,KCA,Kansas City Royals,0.522,Mark Gubicza,SP,7.8,93,62,68,80,77,71,Epic
1988,KCA,Kansas City Royals,0.522,Charlie Leibrandt,SP,5.2,88,42,81,64,71,63,Rare
1988,KCA,Kansas City Royals,0.522,Bret Saberhagen,SP,3.8,91,59,89,55,75,68,Rare
1988,SDN,San Diego Padres,0.516,Eric Show,SP,3.4,90,54,89,52,74,66,Rare
1988,SDN,San Diego Padres,0.516,Mark Davis,RP,3.1,39,104,45,94,27,76,Epic
1988,SDN,San Diego Padres,0.516,Andy Hawkins,SP,2.1,86,30,57,53,68,49,Uncommon
1988,SFN,San Francisco Giants,0.512,Rick Reuschel,SP,3.7,87,24,103,57,69,62,Rare
1988,SFN,San Francisco Giants,0.512,Don Robinson,RP,2.4,45,63,76,71,35,66,Rare
1988,SFN,San Francisco Giants,0.512,Kelly Downs,SP,1.5,85,65,75,52,67,64,Rare
1988,HOU,Houston Astros,0.506,Mike Scott,SP,4.7,88,84,85,57,70,75,Epic
1988,HOU,Houston Astros,0.506,Jim Deshaies,SP,3.5,86,54,57,55,68,57,Rare
1988,HOU,Houston Astros,0.506,Bob Knepper,SP,2.2,85,51,49,54,67,53,Uncommon
1988,MON,Montreal Expos,0.5,Pascual Perez,SP,4.5,88,64,87,75,71,75,Epic
1988,MON,Montreal Expos,0.5,Dennis Martinez,SP,3.0,88,41,87,67,70,66,Rare
1988,MON,Montreal Expos,0.5,Bryn Smith,SP,2.3,83,55,105,62,64,73,Epic
1988,CLE,Cleveland Indians,0.481,Greg Swindell,SP,5.9,90,70,99,66,74,78,Epic
1988,CLE,Cleveland Indians,0.481,Tom Candiotti,SP,5.7,88,57,84,65,71,69,Rare
1988,CLE,Cleveland Indians,0.481,Doug Jones,RP,3.2,39,84,97,100,27,87,Legendary
1988,CHN,Chicago Cubs,0.475,Greg Maddux,SP,5.2,90,48,63,61,74,59,Rare
1988,CHN,Chicago Cubs,0.475,Jamie Moyer,SP,3.4,87,53,77,52,69,62,Rare
1988,CHN,Chicago Cubs,0.475,Rick Sutcliffe,SP,3.4,88,57,67,48,71,59,Rare
1988,SLN,St. Louis Cardinals,0.469,John Tudor,SP,5.2,86,32,94,78,68,68,Rare
1988,SLN,St. Louis Cardinals,0.469,Joe Magrane,SP,3.7,88,53,68,87,70,69,Rare
1988,SLN,St. Louis Cardinals,0.469,Jose DeLeon,SP,2.8,86,91,50,50,68,64,Rare
1988,CAL,California Angels,0.463,Bryan Harvey,RP,2.5,39,86,79,96,26,81,Epic
1988,CAL,California Angels,0.463,Chuck Finley,SP,2.0,84,49,45,47,65,49,Uncommon
1988,CAL,California Angels,0.463,Mike Witt,SP,1.5,90,44,57,50,74,53,Uncommon
1988,CHA,Chicago White Sox,0.441,Dave LaPoint,SP,3.7,85,35,78,63,67,60,Rare
1988,CHA,Chicago White Sox,0.441,Jerry Reuss,SP,2.7,84,27,86,59,65,58,Rare
1988,CHA,Chicago White Sox,0.441,Bobby Thigpen,RP,1.1,38,63,53,63,25,56,Rare
1988,TEX,Texas Rangers,0.435,Charlie Hough,SP,3.8,90,63,37,62,74,56,Rare
1988,TEX,Texas Rangers,0.435,Jeff Russell,SP,2.4,94,36,57,54,78,52,Uncommon
1988,TEX,Texas Rangers,0.435,Craig McMurtry,RP,2.0,41,51,48,93,29,60,Rare
1988,SEA,Seattle Mariners,0.422,Mark Langston,SP,5.6,91,88,45,61,75,66,Rare
1988,SEA,Seattle Mariners,0.422,Mike Moore,SP,3.7,89,76,76,54,72,69,Rare
1988,SEA,Seattle Mariners,0.422,Scott Bankhead,SP,3.6,84,71,75,72,66,72,Epic
1988,PHI,Philadelphia Phillies,0.404,Kevin Gross,SP,3.6,88,64,49,49,71,56,Rare
1988,PHI,Philadelphia Phillies,0.404,Greg Harris,RP,2.6,39,60,39,79,27,56,Rare
1988,PHI,Philadelphia Phillies,0.404,Don Carman,SP,1.8,84,50,58,40,65,51,Uncommon
1988,ATL,Atlanta Braves,0.338,Pete Smith,SP,3.3,83,57,42,51,64,51,Uncommon
1988,ATL,Atlanta Braves,0.338,Jose Alvarez,RP,2.6,40,75,35,64,28,55,Rare
1988,ATL,Atlanta Braves,0.338,Rick Mahler,SP,2.5,90,43,103,52,74,67,Rare
1988,BAL,Baltimore Orioles,0.335,Mike Boddicker,SP,4.2,87,60,63,67,69,64,Rare
1988,BAL,Baltimore Orioles,0.335,Jose Bautista,SP,1.6,88,33,79,43,70,54,Uncommon
1988,BAL,Baltimore Orioles,0.335,Dave Schmidt,RP,1.6,45,42,72,56,35,54,Uncommon
1989,OAK,Oakland Athletics,0.611,Mike Moore,SP,5.4,88,66,59,75,70,67,Rare
1989,OAK,Oakland Athletics,0.611,Dave Stewart,SP,3.8,89,53,78,56,72,63,Rare
1989,OAK,Oakland Athletics,0.611,Bob Welch,SP,3.4,84,59,51,65,66,59,Rare
1989,CHN,Chicago Cubs,0.574,Greg Maddux,SP,5.0,87,49,58,68,69,59,Rare
1989,CHN,Chicago Cubs,0.574,Mike Bielecki,SP,4.3,84,64,50,62,66,59,Rare
1989,CHN,Chicago Cubs,0.574,Les Lancaster,RP,4.0,40,73,94,116,28,88,Legendary
1989,KCA,Kansas City Royals,0.568,Bret Saberhagen,SP,9.7,91,69,105,96,75,88,Legendary
1989,KCA,Kansas City Royals,0.568,Mark Gubicza,SP,6.3,89,62,83,70,72,72,Epic
1989,KCA,Kansas City Royals,0.568,Jeff Montgomery,RP,4.6,39,102,77,116,26,91,Legendary
1989,SFN,San Francisco Giants,0.568,Scott Garrelts,SP,4.0,86,55,86,78,68,72,Epic
1989,SFN,San Francisco Giants,0.568,Rick Reuschel,SP,2.7,85,44,80,58,67,61,Rare
1989,SFN,San Francisco Giants,0.568,Don Robinson,SP,1.4,83,38,99,48,64,62,Rare
1989,CAL,California Angels,0.562,Bert Blyleven,SP,6.0,90,46,100,74,73,73,Epic
1989,CAL,California Angels,0.562,Chuck Finley,SP,4.9,88,74,46,78,70,66,Rare
1989,CAL,California Angels,0.562,Kirk McCaskill,SP,4.6,86,41,75,67,68,62,Rare
1989,SDN,San Diego Padres,0.549,Bruce Hurst,SP,6.5,90,68,78,68,74,72,Epic
1989,SDN,San Diego Padres,0.549,Ed Whitson,SP,6.5,88,42,92,66,70,67,Rare
1989,SDN,San Diego Padres,0.549,Mark Davis,RP,4.4,38,99,61,99,25,80,Epic
1989,TOR,Toronto Blue Jays,0.549,Tom Henke,RP,3.4,38,125,75,101,25,93,Legendary
1989,TOR,Toronto Blue Jays,0.549,Dave Stieb,SP,3.3,84,39,52,58,65,51,Uncommon
1989,TOR,Toronto Blue Jays,0.549,John Cerutti,SP,2.4,86,19,81,60,68,55,Rare
1989,BAL,Baltimore Orioles,0.537,Gregg Olson,RP,3.3,38,107,33,118,25,80,Epic
1989,BAL,Baltimore Orioles,0.537,Bob Milacki,SP,3.0,87,36,54,51,69,49,Uncommon
1989,BAL,Baltimore Orioles,0.537,Jeff Ballard,SP,2.5,83,13,79,57,64,51,Uncommon
1989,NYN,New York Mets,0.537,Sid Fernandez,SP,3.1,88,88,59,57,70,68,Rare
1989,NYN,New York Mets,0.537,Randy Myers,RP,1.7,38,105,40,75,25,68,Rare
1989,NYN,New York Mets,0.537,Dwight Gooden,SP,1.5,88,83,48,58,71,64,Rare
1989,HOU,Houston Astros,0.531,Jim Deshaies,SP,3.4,86,62,57,61,68,61,Rare
1989,HOU,Houston Astros,0.531,Mike Scott,SP,2.8,89,71,77,54,72,68,Rare
1989,HOU,Houston Astros,0.531,Danny Darwin,RP,2.4,40,82,77,75,28,73,Epic
1989,SLN,St. Louis Cardinals,0.531,Joe Magrane,SP,3.5,89,45,68,69,72,62,Rare
1989,SLN,St. Louis Cardinals,0.531,Jose DeLeon,SP,2.9,87,79,63,62,69,68,Rare
1989,SLN,St. Louis Cardinals,0.531,Frank DiPino,RP,1.4,38,40,89,77,25,64,Rare
1989,BOS,Boston Red Sox,0.512,Roger Clemens,SP,5.7,90,89,53,68,73,70,Epic
1989,BOS,Boston Red Sox,0.512,Mike Boddicker,SP,3.0,84,63,61,52,65,59,Rare
1989,BOS,Boston Red Sox,0.512,Dennis Lamp,RP,2.8,45,46,85,96,35,72,Epic
1989,TEX,Texas Rangers,0.512,Nolan Ryan,SP,5.1,91,125,47,64,75,78,Epic
1989,TEX,Texas Rangers,0.512,Kevin Brown,SP,3.6,88,46,53,63,70,56,Rare
1989,TEX,Texas Rangers,0.512,Jeff Russell,RP,2.5,36,107,62,106,23,85,Legendary
1989,ML4,Milwaukee Brewers,0.5,Chris Bosio,SP,5.4,89,69,94,68,72,76,Epic
1989,ML4,Milwaukee Brewers,0.5,Teddy Higuera,SP,2.7,83,61,56,58,64,59,Rare
1989,ML4,Milwaukee Brewers,0.5,Chuck Crim,RP,2.7,39,40,68,72,27,57,Rare
1989,MON,Montreal Expos,0.5,Mark Langston,SP,6.4,90,93,43,69,74,69,Rare
1989,MON,Montreal Expos,0.5,Bryn Smith,SP,5.1,87,53,82,64,69,67,Rare
1989,MON,Montreal Expos,0.5,Dennis Martinez,SP,4.7,88,54,93,56,71,68,Rare
1989,MIN,Minnesota Twins,0.494,Frank Viola,SP,4.1,90,77,74,52,73,68,Rare
1989,MIN,Minnesota Twins,0.494,Rick Aguilera,RP,3.0,45,93,79,72,35,77,Epic
1989,MIN,Minnesota Twins,0.494,Roy Smith,SP,2.7,86,44,71,51,68,57,Rare
1989,LAN,Los Angeles Dodgers,0.481,Orel Hershiser,SP,7.0,93,64,70,81,77,72,Epic
1989,LAN,Los Angeles Dodgers,0.481,Tim Belcher,SP,4.1,92,84,57,61,76,68,Rare
1989,LAN,Los Angeles Dodgers,0.481,Jay Howell,RP,3.4,39,63,76,115,26,79,Epic
1989,CIN,Cincinnati Reds,0.463,Rob Dibble,RP,3.9,38,125,48,93,25,82,Epic
1989,CIN,Cincinnati Reds,0.463,Tom Browning,SP,3.6,87,37,81,51,69,58,Rare
1989,CIN,Cincinnati Reds,0.463,Jose Rijo,SP,2.8,82,73,44,68,62,62,Rare
1989,NYA,New York Yankees,0.46,Lee Guetterman,RP,2.5,39,39,82,84,26,64,Rare
1989,NYA,New York Yankees,0.46,Clay Parker,SP,1.6,88,33,80,52,71,57,Rare
1989,NYA,New York Yankees,0.46,Chuck Cary,SP,1.4,100,76,72,57,87,70,Epic
1989,PIT,Pittsburgh Pirates,0.457,Doug Drabek,SP,4.1,89,41,74,61,72,60,Rare
1989,PIT,Pittsburgh Pirates,0.457,John Smiley,SP,2.5,90,53,86,59,74,67,Rare
1989,PIT,Pittsburgh Pirates,0.457,Bill Landrum,RP,2.3,39,56,58,110,26,70,Epic
1989,CLE,Cleveland Indians,0.451,Tom Candiotti,SP,4.6,86,53,78,69,68,67,Rare
1989,CLE,Cleveland Indians,0.451,Greg Swindell,SP,4.2,86,64,76,59,68,66,Rare
1989,CLE,Cleveland Indians,0.451,Buddy Black,SP,4.0,88,27,87,62,71,60,Rare
1989,SEA,Seattle Mariners,0.451,Scott Bankhead,SP,4.5,84,60,70,61,66,64,Rare
1989,SEA,Seattle Mariners,0.451,Erik Hanson,SP,2.7,86,60,74,67,68,67,Rare
1989,SEA,Seattle Mariners,0.451,Brian Holman,SP,2.6,92,46,47,51,76,51,Uncommon
1989,CHA,Chicago White Sox,0.429,Eric King,SP,2.9,84,34,47,57,66,48,Uncommon
1989,CHA,Chicago White Sox,0.429,Greg Hibbard,SP,2.5,82,27,70,65,63,55,Rare
1989,CHA,Chicago White Sox,0.429,Donn Pall,RP,1.4,39,61,91,57,27,65,Rare
1989,PHI,Philadelphia Phillies,0.414,Ken Howell,SP,4.0,84,77,45,55,66,60,Rare
1989,PHI,Philadelphia Phillies,0.414,Pat Combs,SP,1.6,85,73,107,90,67,88,Legendary
1989,PHI,Philadelphia Phillies,0.414,Jeff Parrett,RP,1.4,39,91,46,63,26,63,Rare
1989,ATL,Atlanta Braves,0.394,John Smoltz,SP,3.6,89,77,58,63,72,67,Rare
1989,ATL,Atlanta Braves,0.394,Jim Acker,RP,2.6,40,68,82,98,28,77,Epic
1989,ATL,Atlanta Braves,0.394,Mike Stanton,RP,1.2,37,115,61,119,24,91,Legendary
1989,DET,Detroit Tigers,0.364,Frank Tanana,SP,3.0,87,59,62,54,69,59,Rare
1989,DET,Detroit Tigers,0.364,Doyle Alexander,SP,1.7,87,31,59,41,69,46,Uncommon
1989,DET,Detroit Tigers,0.364,Brian Dubois,SP,0.9,90,22,40,113,73,60,Rare
1990,OAK,Oakland Athletics,0.636,Dave Stewart,SP,5.2,90,55,67,76,74,67,Rare
1990,OAK,Oakland Athletics,0.636,Dennis Eckersley,RP,3.3,37,99,125,116,24,104,Legendary
1990,OAK,Oakland Athletics,0.636,Bob Welch,SP,2.9,87,44,64,62,69,58,Rare
1990,PIT,Pittsburgh Pirates,0.586,Doug Drabek,SP,4.2,88,49,85,68,71,68,Rare
1990,PIT,Pittsburgh Pirates,0.586,Randy Tomlin,SP,1.5,85,45,107,74,67,74,Epic
1990,PIT,Pittsburgh Pirates,0.586,Bob Patterson,RP,1.4,40,69,90,61,28,69,Rare
1990,CHA,Chicago White Sox,0.58,Greg Hibbard,SP,3.7,84,32,80,65,66,60,Rare
1990,CHA,Chicago White Sox,0.58,Bobby Thigpen,RP,3.4,37,75,54,111,24,74,Epic
1990,CHA,Chicago White Sox,0.58,Eric King,SP,2.2,82,35,79,61,63,59,Rare
1990,CIN,Cincinnati Reds,0.562,Jose Rijo,SP,5.7,87,73,48,79,69,67,Rare
1990,CIN,Cincinnati Reds,0.562,Tom Browning,SP,4.1,85,32,88,52,67,58,Rare
1990,CIN,Cincinnati Reds,0.562,Rob Dibble,RP,4.0,39,125,58,116,26,92,Legendary
1990,NYN,New York Mets,0.562,Frank Viola,SP,6.4,89,68,85,74,72,75,Epic
1990,NYN,New York Mets,0.562,David Cone,SP,3.8,88,112,68,58,71,78,Epic
1990,NYN,New York Mets,0.562,Dwight Gooden,SP,2.5,88,95,70,54,70,73,Epic
1990,BOS,Boston Red Sox,0.543,Roger Clemens,SP,10.4,90,90,86,114,74,94,Legendary
1990,BOS,Boston Red Sox,0.543,Mike Boddicker,SP,5.9,87,56,69,63,69,63,Rare
1990,BOS,Boston Red Sox,0.543,Tom Bolton,SP,3.2,91,46,48,65,75,55,Rare
1990,LAN,Los Angeles Dodgers,0.531,Ramon Martinez,SP,3.9,89,94,73,63,72,76,Epic
1990,LAN,Los Angeles Dodgers,0.531,Jay Howell,RP,2.1,39,87,69,88,26,76,Epic
1990,LAN,Los Angeles Dodgers,0.531,Mike Morgan,SP,1.5,84,40,74,49,66,56,Rare
1990,TOR,Toronto Blue Jays,0.531,Dave Stieb,SP,5.9,84,53,68,75,66,65,Rare
1990,TOR,Toronto Blue Jays,0.531,David Wells,SP,4.3,91,54,86,68,75,70,Epic
1990,TOR,Toronto Blue Jays,0.531,Tom Henke,RP,3.0,37,100,81,96,24,86,Legendary
1990,MON,Montreal Expos,0.525,Dennis Martinez,SP,4.7,88,63,91,64,71,72,Epic
1990,MON,Montreal Expos,0.525,Oil Can Boyd,SP,4.3,83,52,77,62,64,64,Rare
1990,MON,Montreal Expos,0.525,Zane Smith,SP,4.1,88,53,87,102,71,80,Epic
1990,SFN,San Francisco Giants,0.525,Jeff Brantley,RP,3.6,39,65,50,115,27,72,Epic
1990,SFN,San Francisco Giants,0.525,John Burkett,SP,2.1,84,50,70,48,66,57,Rare
1990,SFN,San Francisco Giants,0.525,Scott Garrelts,SP,0.8,82,32,49,44,62,44,Common
1990,TEX,Texas Rangers,0.512,Nolan Ryan,SP,3.5,87,116,54,57,69,75,Epic
1990,TEX,Texas Rangers,0.512,Bobby Witt,SP,3.2,88,99,38,62,70,67,Rare
1990,TEX,Texas Rangers,0.512,Kevin Brown,SP,2.1,88,39,61,56,70,54,Uncommon
1990,CAL,California Angels,0.494,Chuck Finley,SP,7.7,90,70,59,82,74,71,Epic
1990,CAL,California Angels,0.494,Kirk McCaskill,SP,3.0,82,33,46,62,63,49,Uncommon
1990,CAL,California Angels,0.494,Mark Langston,SP,1.5,87,85,41,46,69,58,Rare
1990,DET,Detroit Tigers,0.488,Ed Nunez,RP,2.2,41,79,41,95,29,67,Rare
1990,DET,Detroit Tigers,0.488,Paul Gibson,RP,2.2,39,50,42,65,27,50,Uncommon
1990,DET,Detroit Tigers,0.488,Jerry Don Gleaton,RP,2.1,39,62,69,72,26,63,Rare
1990,CHN,Chicago Cubs,0.475,Mike Harkey,SP,4.6,84,45,60,64,66,57,Rare
1990,CHN,Chicago Cubs,0.475,Greg Maddux,SP,4.0,87,54,70,64,69,63,Rare
1990,CHN,Chicago Cubs,0.475,Paul Assenmacher,RP,3.7,38,91,57,74,25,69,Rare
1990,CLE,Cleveland Indians,0.475,Buddy Black,SP,3.5,86,42,71,54,68,57,Rare
1990,CLE,Cleveland Indians,0.475,Tom Candiotti,SP,2.8,88,57,77,52,71,63,Rare
1990,CLE,Cleveland Indians,0.475,Doug Jones,RP,2.4,38,59,80,81,25,68,Rare
1990,PHI,Philadelphia Phillies,0.475,Terry Mulholland,SP,1.8,88,29,87,58,71,59,Rare
1990,PHI,Philadelphia Phillies,0.475,Joe Boever,RP,1.2,38,82,29,69,25,56,Rare
1990,PHI,Philadelphia Phillies,0.475,Jason Grimsley,SP,1.0,78,66,11,66,57,49,Uncommon
1990,SEA,Seattle Mariners,0.475,Erik Hanson,SP,5.0,89,87,73,63,72,74,Epic
1990,SEA,Seattle Mariners,0.475,Bill Swift,RP,2.5,43,18,105,89,32,67,Rare
1990,SEA,Seattle Mariners,0.475,Randy Johnson,SP,2.2,86,86,32,52,68,58,Rare
1990,BAL,Baltimore Orioles,0.472,Ben McDonald,SP,3.3,94,46,71,81,78,67,Rare
1990,BAL,Baltimore Orioles,0.472,Gregg Olson,RP,2.4,37,99,46,85,24,71,Epic
1990,BAL,Baltimore Orioles,0.472,Mark Williamson,RP,2.2,40,65,63,87,28,67,Rare
1990,KCA,Kansas City Royals,0.466,Kevin Appier,SP,5.3,93,63,72,72,77,70,Epic
1990,KCA,Kansas City Royals,0.466,Steve Farr,RP,4.8,43,69,50,103,32,70,Epic
1990,KCA,Kansas City Royals,0.466,Bret Saberhagen,SP,3.6,87,58,94,61,69,71,Epic
1990,HOU,Houston Astros,0.463,Danny Darwin,RP,5.3,45,61,98,88,35,78,Epic
1990,HOU,Houston Astros,0.463,Larry Andersen,RP,3.5,39,97,74,117,26,89,Legendary
1990,HOU,Houston Astros,0.463,Jim Deshaies,SP,3.0,83,49,47,48,64,50,Uncommon
1990,SDN,San Diego Padres,0.463,Ed Whitson,SP,7.0,89,47,94,78,72,73,Epic
1990,SDN,San Diego Padres,0.463,Bruce Hurst,SP,5.0,87,67,74,61,69,68,Rare
1990,SDN,San Diego Padres,0.463,Greg Harris,RP,3.6,39,79,46,89,27,67,Rare
1990,MIN,Minnesota Twins,0.457,Mark Guthrie,SP,2.8,88,64,78,58,70,67,Rare
1990,MIN,Minnesota Twins,0.457,Scott Erickson,SP,2.6,86,36,42,74,68,52,Uncommon
1990,MIN,Minnesota Twins,0.457,Kevin Tapani,SP,2.5,80,57,100,52,60,69,Rare
1990,ML4,Milwaukee Brewers,0.457,Ron Robinson,SP,3.2,86,27,74,59,68,55,Rare
1990,ML4,Milwaukee Brewers,0.457,Teddy Higuera,SP,2.5,84,71,71,51,65,64,Rare
1990,ML4,Milwaukee Brewers,0.457,Mark Knudson,SP,1.9,84,19,86,47,65,52,Uncommon
1990,SLN,St. Louis Cardinals,0.432,John Tudor,SP,3.4,86,31,94,83,68,69,Rare
1990,SLN,St. Louis Cardinals,0.432,Joe Magrane,SP,2.4,85,39,72,57,67,57,Rare
1990,SLN,St. Louis Cardinals,0.432,Lee Smith,RP,2.2,38,106,57,108,25,84,Epic
1990,NYA,New York Yankees,0.414,Tim Leary,SP,1.7,87,60,50,48,69,54,Uncommon
1990,NYA,New York Yankees,0.414,Jeff Robinson,RP,1.5,39,38,49,58,27,46,Uncommon
1990,NYA,New York Yankees,0.414,Chuck Cary,SP,1.4,81,83,57,44,61,61,Rare
1990,ATL,Atlanta Braves,0.401,John Smoltz,SP,3.6,87,69,49,52,69,58,Rare
1990,ATL,Atlanta Braves,0.401,Charlie Leibrandt,SP,3.2,87,36,91,68,69,65,Rare
1990,ATL,Atlanta Braves,0.401,Tom Glavine,SP,2.2,85,53,53,47,67,53,Uncommon
1991,PIT,Pittsburgh Pirates,0.605,Doug Drabek,SP,3.6,87,53,79,61,69,65,Rare
1991,PIT,Pittsburgh Pirates,0.605,John Smiley,SP,3.5,85,55,92,59,67,68,Rare
1991,PIT,Pittsburgh Pirates,0.605,Zane Smith,SP,2.6,85,43,114,58,67,71,Epic
1991,MIN,Minnesota Twins,0.586,Kevin Tapani,SP,6.8,89,47,105,72,72,74,Epic
1991,MIN,Minnesota Twins,0.586,Scott Erickson,SP,4.4,84,44,57,70,66,58,Rare
1991,MIN,Minnesota Twins,0.586,Jack Morris,SP,4.3,88,60,51,64,71,60,Rare
1991,ATL,Atlanta Braves,0.58,Tom Glavine,SP,8.5,90,74,75,80,73,76,Epic
1991,ATL,Atlanta Braves,0.58,John Smoltz,SP,5.4,84,58,61,53,66,58,Rare
1991,ATL,Atlanta Braves,0.58,Steve Avery,SP,5.2,82,59,67,57,63,61,Rare
1991,LAN,Los Angeles Dodgers,0.574,Mike Morgan,SP,5.1,89,52,81,69,72,68,Rare
1991,LAN,Los Angeles Dodgers,0.574,Tim Belcher,SP,4.3,84,70,55,73,66,66,Rare
1991,LAN,Los Angeles Dodgers,0.574,Ramon Martinez,SP,3.7,86,62,66,56,68,62,Rare
1991,TOR,Toronto Blue Jays,0.562,Tom Candiotti,SP,7.0,88,65,68,87,71,73,Epic
1991,TOR,Toronto Blue Jays,0.562,Jimmy Key,SP,4.3,84,52,93,73,66,72,Epic
1991,TOR,Toronto Blue Jays,0.562,Todd Stottlemyre,SP,3.9,84,44,59,56,66,54,Uncommon
1991,CHA,Chicago White Sox,0.537,Jack McDowell,SP,4.3,90,71,64,60,73,66,Rare
1991,CHA,Chicago White Sox,0.537,Melido Perez,RP,2.5,45,93,49,63,35,65,Rare
1991,CHA,Chicago White Sox,0.537,Scott Radinsky,RP,2.2,36,63,64,104,23,72,Epic
1991,TEX,Texas Rangers,0.525,Nolan Ryan,SP,5.2,84,120,46,72,66,78,Epic
1991,TEX,Texas Rangers,0.525,Jose Guzman,SP,4.1,87,69,38,70,69,60,Rare
1991,TEX,Texas Rangers,0.525,Kevin Brown,SP,1.6,84,34,45,47,66,44,Common
1991,BOS,Boston Red Sox,0.519,Roger Clemens,SP,7.9,93,87,85,87,77,85,Legendary
1991,BOS,Boston Red Sox,0.519,Joe Hesketh,SP,3.2,100,62,58,64,87,64,Rare
1991,BOS,Boston Red Sox,0.519,Greg Harris,RP,2.3,45,69,48,57,35,56,Rare
1991,DET,Detroit Tigers,0.519,Frank Tanana,SP,2.7,86,39,55,54,68,51,Uncommon
1991,DET,Detroit Tigers,0.519,Bill Gullickson,SP,2.0,85,27,97,53,67,60,Rare
1991,DET,Detroit Tigers,0.519,Mike Henneman,RP,1.7,39,67,47,80,26,61,Rare
1991,OAK,Oakland Athletics,0.519,Mike Moore,SP,4.6,84,68,37,69,66,59,Rare
1991,OAK,Oakland Athletics,0.519,Dennis Eckersley,RP,1.5,37,117,116,62,24,91,Legendary
1991,OAK,Oakland Athletics,0.519,Kevin Campbell,RP,0.6,39,64,26,66,27,50,Uncommon
1991,SDN,San Diego Padres,0.519,Andy Benes,SP,4.4,87,70,79,62,69,70,Epic
1991,SDN,San Diego Padres,0.519,Greg Harris,SP,3.1,86,66,95,85,68,81,Epic
1991,SDN,San Diego Padres,0.519,Bruce Hurst,SP,2.9,89,57,78,59,72,65,Rare
1991,SLN,St. Louis Cardinals,0.519,Jose DeLeon,SP,3.4,81,68,50,69,61,62,Rare
1991,SLN,St. Louis Cardinals,0.519,Lee Smith,RP,2.3,36,90,101,82,23,84,Epic
1991,SLN,St. Louis Cardinals,0.519,Ken Hill,SP,2.1,82,61,52,52,63,56,Rare
1991,ML4,Milwaukee Brewers,0.512,Chris Bosio,SP,5.1,84,49,74,64,66,63,Rare
1991,ML4,Milwaukee Brewers,0.512,Bill Wegman,SP,4.4,88,35,94,72,70,67,Rare
1991,ML4,Milwaukee Brewers,0.512,Jaime Navarro,SP,2.7,88,38,67,52,70,54,Uncommon
1991,SEA,Seattle Mariners,0.512,Bill Swift,RP,3.7,38,44,73,111,25,71,Epic
1991,SEA,Seattle Mariners,0.512,Brian Holman,SP,3.6,85,47,48,57,67,52,Uncommon
1991,SEA,Seattle Mariners,0.512,Randy Johnson,SP,3.0,83,115,10,53,64,60,Rare
1991,KCA,Kansas City Royals,0.506,Bret Saberhagen,SP,5.1,88,64,88,71,71,74,Epic
1991,KCA,Kansas City Royals,0.506,Kevin Appier,SP,3.2,87,72,71,64,69,69,Rare
1991,KCA,Kansas City Royals,0.506,Luis Aquino,SP,3.1,99,41,70,63,85,61,Rare
1991,CAL,California Angels,0.5,Jim Abbott,SP,7.6,89,59,70,75,72,68,Rare
1991,CAL,California Angels,0.5,Mark Langston,SP,7.2,90,70,49,67,73,63,Rare
1991,CAL,California Angels,0.5,Chuck Finley,SP,4.1,86,71,43,53,68,57,Rare
1991,CHN,Chicago Cubs,0.481,Greg Maddux,SP,3.5,89,71,82,60,72,71,Epic
1991,CHN,Chicago Cubs,0.481,Chuck McElroy,RP,2.4,39,89,30,103,26,69,Rare
1991,CHN,Chicago Cubs,0.481,Les Lancaster,RP,1.7,44,59,66,56,33,58,Rare
1991,PHI,Philadelphia Phillies,0.481,Tommy Greene,SP,3.3,92,69,65,54,76,64,Rare
1991,PHI,Philadelphia Phillies,0.481,Mitch Williams,RP,2.9,38,94,16,84,25,61,Rare
1991,PHI,Philadelphia Phillies,0.481,Terry Mulholland,SP,2.9,88,54,93,53,70,67,Rare
1991,NYN,New York Mets,0.478,David Cone,SP,4.4,88,104,66,59,70,76,Epic
1991,NYN,New York Mets,0.478,Dwight Gooden,SP,3.2,88,75,71,53,71,67,Rare
1991,NYN,New York Mets,0.478,Alejandro Peña,RP,2.6,38,71,78,109,25,80,Epic
1991,SFN,San Francisco Giants,0.463,Jeff Brantley,RP,2.3,39,82,32,74,26,59,Rare
1991,SFN,San Francisco Giants,0.463,Trevor Wilson,SP,1.8,88,63,50,53,71,57,Rare
1991,SFN,San Francisco Giants,0.463,Buddy Black,SP,1.1,84,38,62,43,65,49,Uncommon
1991,CIN,Cincinnati Reds,0.457,Jose Rijo,SP,5.5,87,81,78,83,69,80,Epic
1991,CIN,Cincinnati Reds,0.457,Norm Charlton,RP,2.4,45,66,66,70,35,64,Rare
1991,CIN,Cincinnati Reds,0.457,Randy Myers,RP,1.2,43,78,26,57,32,52,Uncommon
1991,MON,Montreal Expos,0.441,Dennis Martinez,SP,5.8,89,47,75,82,72,68,Rare
1991,MON,Montreal Expos,0.441,Chris Nabholz,SP,1.8,84,58,52,56,66,56,Rare
1991,MON,Montreal Expos,0.441,Jeff Fassero,RP,1.4,36,71,68,84,23,69,Rare
1991,NYA,New York Yankees,0.438,Scott Sanderson,SP,3.9,83,56,111,53,64,72,Epic
1991,NYA,New York Yankees,0.438,John Habyan,RP,2.9,38,74,90,99,25,81,Epic
1991,NYA,New York Yankees,0.438,Steve Farr,RP,2.8,37,83,73,100,24,79,Epic
1991,BAL,Baltimore Orioles,0.414,Todd Frohwirth,RP,3.2,41,76,69,116,29,81,Epic
1991,BAL,Baltimore Orioles,0.414,Mike Flanagan,RP,2.7,39,48,82,88,27,68,Rare
1991,BAL,Baltimore Orioles,0.414,Mike Mussina,SP,2.2,90,52,85,71,73,70,Epic
1991,HOU,Houston Astros,0.401,Pete Harnisch,SP,4.6,85,76,49,67,67,64,Rare
1991,HOU,Houston Astros,0.401,Dwayne Henry,RP,0.8,38,71,29,54,25,49,Uncommon
1991,HOU,Houston Astros,0.401,Jim Clancy,RP,0.4,39,48,50,48,27,46,Uncommon
1991,CLE,Cleveland Indians,0.352,Greg Swindell,SP,3.8,90,66,113,61,73,79,Epic
1991,CLE,Cleveland Indians,0.352,Charles Nagy,SP,3.1,84,42,67,52,66,55,Rare
1991,CLE,Cleveland Indians,0.352,Rod Nichols,SP,2.4,98,47,91,64,84,69,Rare
1992,ATL,Atlanta Braves,0.605,Tom Glavine,SP,3.7,88,50,67,74,70,64,Rare
1992,ATL,Atlanta Braves,0.605,John Smoltz,SP,3.6,88,85,64,67,71,72,Epic
1992,ATL,Atlanta Braves,0.605,Pete Smith,SP,2.4,89,46,56,97,72,67,Rare
1992,OAK,Oakland Athletics,0.593,Dennis Eckersley,RP,2.9,37,119,111,102,24,102,Legendary
1992,OAK,Oakland Athletics,0.593,Bob Welch,SP,2.5,83,25,58,56,64,48,Uncommon
1992,OAK,Oakland Athletics,0.593,Ron Darling,SP,1.7,84,37,57,52,65,50,Uncommon
1992,PIT,Pittsburgh Pirates,0.593,Doug Drabek,SP,5.3,91,63,93,66,75,74,Epic
1992,PIT,Pittsburgh Pirates,0.593,Tim Wakefield,SP,2.4,89,47,50,88,72,63,Rare
1992,PIT,Pittsburgh Pirates,0.593,Randy Tomlin,SP,2.0,84,31,95,55,66,61,Rare
1992,TOR,Toronto Blue Jays,0.593,Juan Guzman,SP,5.5,85,90,48,84,67,73,Epic
1992,TOR,Toronto Blue Jays,0.593,Jimmy Key,SP,3.9,85,45,77,57,67,60,Rare
1992,TOR,Toronto Blue Jays,0.593,Duane Ward,RP,3.0,38,102,49,110,25,81,Epic
1992,ML4,Milwaukee Brewers,0.568,Bill Wegman,SP,4.8,91,38,93,60,75,65,Rare
1992,ML4,Milwaukee Brewers,0.568,Jaime Navarro,SP,4.6,90,28,80,62,73,58,Rare
1992,ML4,Milwaukee Brewers,0.568,Cal Eldred,SP,4.2,89,55,88,115,72,85,Legendary
1992,CIN,Cincinnati Reds,0.556,Jose Rijo,SP,5.5,84,78,93,74,66,80,Epic
1992,CIN,Cincinnati Reds,0.556,Greg Swindell,SP,5.4,89,58,98,71,72,75,Epic
1992,CIN,Cincinnati Reds,0.556,Tim Belcher,SP,2.3,87,59,57,48,69,56,Rare
1992,MIN,Minnesota Twins,0.556,John Smiley,SP,5.1,89,62,78,65,72,69,Rare
1992,MIN,Minnesota Twins,0.556,Scott Erickson,SP,3.7,86,37,48,60,68,50,Uncommon
1992,MIN,Minnesota Twins,0.556,Kevin Tapani,SP,2.3,85,56,91,52,67,66,Rare
1992,BAL,Baltimore Orioles,0.549,Mike Mussina,SP,8.2,91,45,96,82,75,74,Epic
1992,BAL,Baltimore Orioles,0.549,Todd Frohwirth,RP,2.6,39,46,49,88,27,58,Rare
1992,BAL,Baltimore Orioles,0.549,Alan Mills,RP,2.6,45,50,35,82,35,54,Uncommon
1992,MON,Montreal Expos,0.537,Dennis Martinez,SP,4.7,89,59,79,75,72,71,Epic
1992,MON,Montreal Expos,0.537,Ken Hill,SP,4.0,86,63,58,68,68,64,Rare
1992,MON,Montreal Expos,0.537,Mel Rojas,RP,3.9,39,64,60,117,26,75,Epic
1992,CHA,Chicago White Sox,0.531,Jack McDowell,SP,5.3,92,62,73,62,76,67,Rare
1992,CHA,Chicago White Sox,0.531,Roberto Hernandez,RP,2.6,39,95,74,113,27,87,Legendary
1992,CHA,Chicago White Sox,0.531,Terry Leach,RP,2.2,39,14,77,108,26,62,Rare
1992,SLN,St. Louis Cardinals,0.512,Bob Tewksbury,SP,6.4,90,26,125,82,73,77,Epic
1992,SLN,St. Louis Cardinals,0.512,Mike Perez,RP,2.2,37,39,58,99,24,61,Rare
1992,SLN,St. Louis Cardinals,0.512,Todd Worrell,RP,1.8,36,100,49,85,22,72,Epic
1992,SDN,San Diego Padres,0.506,Andy Benes,SP,2.6,87,68,79,57,69,68,Rare
1992,SDN,San Diego Padres,0.506,Rich Rodriguez,RP,1.5,39,65,65,81,26,66,Rare
1992,SDN,San Diego Padres,0.506,Mike Maddux,RP,1.2,39,71,69,83,27,70,Epic
1992,HOU,Houston Astros,0.5,Doug Jones,RP,2.8,38,80,108,97,25,88,Legendary
1992,HOU,Houston Astros,0.5,Xavier Hernandez,RP,2.1,39,84,50,86,26,69,Rare
1992,HOU,Houston Astros,0.5,Mark Portugal,SP,1.9,84,54,47,66,66,57,Rare
1992,CHN,Chicago Cubs,0.481,Greg Maddux,SP,9.1,92,70,80,90,76,80,Epic
1992,CHN,Chicago Cubs,0.481,Mike Morgan,SP,5.4,88,42,62,75,71,61,Rare
1992,CHN,Chicago Cubs,0.481,Frank Castillo,SP,1.9,84,60,68,52,65,60,Rare
1992,TEX,Texas Rangers,0.475,Kevin Brown,SP,4.8,92,59,73,63,76,66,Rare
1992,TEX,Texas Rangers,0.475,Jose Guzman,SP,3.6,87,76,63,54,69,65,Rare
1992,TEX,Texas Rangers,0.475,Jeff Russell,RP,3.3,36,67,50,81,23,62,Rare
1992,CLE,Cleveland Indians,0.469,Charles Nagy,SP,6.0,92,61,89,71,76,74,Epic
1992,CLE,Cleveland Indians,0.469,Steve Olin,RP,2.7,37,44,68,85,24,61,Rare
1992,CLE,Cleveland Indians,0.469,Derek Lilliquist,RP,2.5,36,72,72,111,22,79,Epic
1992,NYA,New York Yankees,0.469,Melido Perez,SP,5.9,91,86,50,71,75,70,Epic
1992,NYA,New York Yankees,0.469,Steve Farr,RP,2.6,36,66,53,115,23,72,Epic
1992,NYA,New York Yankees,0.469,Rich Monteleone,RP,1.5,41,61,72,61,30,61,Rare
1992,DET,Detroit Tigers,0.463,Bill Gullickson,SP,1.6,85,13,89,41,67,50,Uncommon
1992,DET,Detroit Tigers,0.463,John Kiely,RP,1.6,39,18,36,100,26,49,Uncommon
1992,DET,Detroit Tigers,0.463,Mike Munoz,RP,1.1,35,37,35,70,21,45,Uncommon
1992,BOS,Boston Red Sox,0.451,Roger Clemens,SP,8.7,93,81,82,93,77,84,Epic
1992,BOS,Boston Red Sox,0.451,Frank Viola,SP,6.2,87,41,51,65,69,54,Uncommon
1992,BOS,Boston Red Sox,0.451,Greg Harris,RP,3.1,39,62,31,88,27,57,Rare
1992,CAL,California Angels,0.444,Jim Abbott,SP,5.7,90,55,64,75,73,66,Rare
1992,CAL,California Angels,0.444,Mark Langston,SP,3.2,89,72,64,57,72,65,Rare
1992,CAL,California Angels,0.444,Julio Valera,SP,3.1,87,53,59,54,69,57,Rare
1992,KCA,Kansas City Royals,0.444,Kevin Appier,SP,8.0,88,67,63,87,71,72,Epic
1992,KCA,Kansas City Royals,0.444,Jeff Montgomery,RP,3.1,38,80,63,97,25,74,Epic
1992,KCA,Kansas City Royals,0.444,Mark Gubicza,SP,2.6,83,68,64,56,64,63,Rare
1992,NYN,New York Mets,0.444,Sid Fernandez,SP,6.1,87,88,67,68,69,74,Epic
1992,NYN,New York Mets,0.444,David Cone,SP,5.2,90,105,43,74,74,74,Epic
1992,NYN,New York Mets,0.444,Dwight Gooden,SP,2.3,86,65,60,51,68,60,Rare
1992,SFN,San Francisco Giants,0.444,Bill Swift,SP,4.4,91,36,80,87,75,68,Rare
1992,SFN,San Francisco Giants,0.444,Rod Beck,RP,2.8,39,93,105,101,26,92,Legendary
1992,SFN,San Francisco Giants,0.444,Jeff Brantley,RP,1.0,39,93,38,57,27,59,Rare
1992,PHI,Philadelphia Phillies,0.432,Curt Schilling,SP,5.8,99,59,80,80,85,74,Epic
1992,PHI,Philadelphia Phillies,0.432,Ben Rivera,SP,2.6,96,59,49,52,82,56,Rare
1992,PHI,Philadelphia Phillies,0.432,Terry Mulholland,SP,2.1,89,46,95,49,72,64,Rare
1992,SEA,Seattle Mariners,0.395,Dave Fleming,SP,5.1,88,39,79,62,70,61,Rare
1992,SEA,Seattle Mariners,0.395,Randy Johnson,SP,2.4,87,117,18,55,69,64,Rare
1992,SEA,Seattle Mariners,0.395,Jeff Nelson,RP,1.4,37,49,32,58,24,44,Common
1992,LAN,Los Angeles Dodgers,0.389,Tom Candiotti,SP,4.4,87,70,67,61,69,66,Rare
1992,LAN,Los Angeles Dodgers,0.389,Kevin Gross,SP,4.0,88,73,50,59,70,62,Rare
1992,LAN,Los Angeles Dodgers,0.389,Pedro Astacio,SP,3.1,91,43,84,98,75,75,Epic
1993,ATL,Atlanta Braves,0.642,Greg Maddux,SP,5.8,90,69,97,90,74,84,Epic
1993,ATL,Atlanta Braves,0.642,Steve Avery,SP,3.8,84,48,97,71,66,71,Epic
1993,ATL,Atlanta Braves,0.642,Tom Glavine,SP,3.3,86,40,50,65,68,53,Uncommon
1993,SFN,San Francisco Giants,0.636,Bill Swift,SP,4.5,88,62,86,71,70,73,Epic
1993,SFN,San Francisco Giants,0.636,John Burkett,SP,2.6,87,56,102,54,69,70,Epic
1993,SFN,San Francisco Giants,0.636,Rod Beck,RP,2.4,36,110,105,89,23,94,Legendary
1993,PHI,Philadelphia Phillies,0.599,Terry Mulholland,SP,3.7,88,54,93,60,70,69,Rare
1993,PHI,Philadelphia Phillies,0.599,Tommy Greene,SP,3.6,86,80,67,61,68,69,Rare
1993,PHI,Philadelphia Phillies,0.599,Curt Schilling,SP,2.7,88,75,85,49,70,70,Epic
1993,TOR,Toronto Blue Jays,0.586,Pat Hentgen,SP,3.4,87,48,59,54,69,55,Rare
1993,TOR,Toronto Blue Jays,0.586,Juan Guzman,SP,3.4,87,85,37,56,69,60,Rare
1993,TOR,Toronto Blue Jays,0.586,Duane Ward,RP,3.0,36,125,57,107,23,89,Legendary
1993,CHA,Chicago White Sox,0.58,Alex Fernandez,SP,5.4,90,63,77,67,73,69,Rare
1993,CHA,Chicago White Sox,0.58,Wilson Alvarez,SP,4.9,87,70,28,74,69,58,Rare
1993,CHA,Chicago White Sox,0.58,Jack McDowell,SP,4.4,91,55,78,64,75,67,Rare
1993,MON,Montreal Expos,0.58,Jeff Fassero,RP,4.2,45,92,54,97,35,76,Epic
1993,MON,Montreal Expos,0.58,John Wetteland,RP,4.2,37,125,63,115,24,93,Legendary
1993,MON,Montreal Expos,0.58,Dennis Martinez,SP,2.9,86,54,74,52,68,61,Rare
1993,NYA,New York Yankees,0.543,Jimmy Key,SP,6.3,88,68,100,69,71,78,Epic
1993,NYA,New York Yankees,0.543,Scott Kamieniecki,SP,1.6,93,36,49,50,77,48,Uncommon
1993,NYA,New York Yankees,0.543,Jim Abbott,SP,1.6,86,33,59,47,68,48,Uncommon
1993,SLN,St. Louis Cardinals,0.537,Bob Tewksbury,SP,2.6,86,34,123,53,68,70,Epic
1993,SLN,St. Louis Cardinals,0.537,Rene Arocha,SP,1.9,85,41,104,51,67,66,Rare
1993,SLN,St. Louis Cardinals,0.537,Donovan Osborne,SP,1.7,82,44,69,51,63,56,Rare
1993,TEX,Texas Rangers,0.531,Kevin Brown,SP,4.0,88,54,65,61,70,61,Rare
1993,TEX,Texas Rangers,0.531,Roger Pavlik,SP,3.7,84,75,39,60,66,59,Rare
1993,TEX,Texas Rangers,0.531,Kenny Rogers,SP,2.2,84,61,59,51,65,58,Rare
1993,BAL,Baltimore Orioles,0.525,Ben McDonald,SP,4.5,85,73,49,68,67,64,Rare
1993,BAL,Baltimore Orioles,0.525,Jamie Moyer,SP,3.0,83,52,83,67,64,67,Rare
1993,BAL,Baltimore Orioles,0.525,Gregg Olson,RP,2.1,36,97,48,117,22,81,Epic
1993,DET,Detroit Tigers,0.525,David Wells,SP,2.9,84,70,89,48,65,69,Rare
1993,DET,Detroit Tigers,0.525,Mike Henneman,RP,1.8,37,77,43,86,24,64,Rare
1993,DET,Detroit Tigers,0.525,John Doherty,SP,1.7,82,20,80,47,63,50,Uncommon
1993,HOU,Houston Astros,0.525,Mark Portugal,SP,3.8,84,56,52,74,65,61,Rare
1993,HOU,Houston Astros,0.525,Pete Harnisch,SP,3.3,86,82,54,65,68,67,Rare
1993,HOU,Houston Astros,0.525,Doug Drabek,SP,2.0,88,60,82,52,71,65,Rare
1993,CHN,Chicago Cubs,0.519,Jose Bautista,RP,1.8,41,48,85,70,29,64,Rare
1993,CHN,Chicago Cubs,0.519,Mike Morgan,SP,1.5,85,45,55,50,67,52,Uncommon
1993,CHN,Chicago Cubs,0.519,Randy Myers,RP,1.2,36,117,58,64,23,74,Epic
1993,KCA,Kansas City Royals,0.519,Kevin Appier,SP,9.3,88,74,60,97,71,76,Epic
1993,KCA,Kansas City Royals,0.519,David Cone,SP,7.2,91,71,42,71,75,63,Rare
1993,KCA,Kansas City Royals,0.519,Jeff Montgomery,RP,4.4,37,71,79,109,24,80,Epic
1993,SEA,Seattle Mariners,0.506,Randy Johnson,SP,6.6,91,124,49,68,75,80,Epic
1993,SEA,Seattle Mariners,0.506,Erik Hanson,SP,4.6,89,71,75,64,72,70,Epic
1993,SEA,Seattle Mariners,0.506,Chris Bosio,SP,2.8,88,67,55,64,70,63,Rare
1993,LAN,Los Angeles Dodgers,0.5,Tom Candiotti,SP,4.9,86,68,61,65,68,65,Rare
1993,LAN,Los Angeles Dodgers,0.5,Ramon Martinez,SP,4.7,86,53,38,57,68,51,Uncommon
1993,LAN,Los Angeles Dodgers,0.5,Pedro Astacio,SP,3.7,82,59,53,55,63,56,Rare
1993,BOS,Boston Red Sox,0.494,Danny Darwin,SP,5.7,87,49,92,69,69,70,Epic
1993,BOS,Boston Red Sox,0.494,Frank Viola,SP,4.3,84,40,48,77,66,56,Rare
1993,BOS,Boston Red Sox,0.494,Aaron Sele,SP,3.1,84,80,44,91,65,71,Epic
1993,CLE,Cleveland Indians,0.469,Derek Lilliquist,RP,2.3,37,56,71,100,24,70,Epic
1993,CLE,Cleveland Indians,0.469,Tom Kramer,SP,1.7,91,51,38,50,75,49,Uncommon
1993,CLE,Cleveland Indians,0.469,Jeremy Hernandez,RP,1.6,39,56,69,55,27,57,Rare
1993,PIT,Pittsburgh Pirates,0.463,Steve Cooke,SP,2.3,86,56,75,51,68,61,Rare
1993,PIT,Pittsburgh Pirates,0.463,Joel Johnston,RP,0.9,39,51,55,57,27,52,Uncommon
1993,PIT,Pittsburgh Pirates,0.463,Paul Wagner,RP,0.8,45,77,70,46,35,61,Rare
1993,CIN,Cincinnati Reds,0.451,Jose Rijo,SP,9.2,89,86,85,83,72,83,Epic
1993,CIN,Cincinnati Reds,0.451,Tim Belcher,SP,1.8,84,58,56,46,66,55,Rare
1993,CIN,Cincinnati Reds,0.451,Jerry Spradlin,RP,0.7,38,39,100,59,25,62,Rare
1993,CAL,California Angels,0.438,Mark Langston,SP,8.5,90,72,62,71,74,69,Rare
1993,CAL,California Angels,0.438,Chuck Finley,SP,7.0,89,70,63,72,72,69,Rare
1993,CAL,California Angels,0.438,Phil Leftwich,SP,2.3,87,25,61,62,69,51,Uncommon
1993,MIN,Minnesota Twins,0.438,Kevin Tapani,SP,3.2,85,60,82,49,67,64,Rare
1993,MIN,Minnesota Twins,0.438,Jim Deshaies,SP,2.8,82,35,67,45,63,50,Uncommon
1993,MIN,Minnesota Twins,0.438,Willie Banks,SP,2.6,81,77,42,53,61,58,Rare
1993,ML4,Milwaukee Brewers,0.426,Cal Eldred,SP,4.4,89,64,56,51,72,58,Rare
1993,ML4,Milwaukee Brewers,0.426,Angel Miranda,SP,2.3,88,68,44,64,71,60,Rare
1993,ML4,Milwaukee Brewers,0.426,Graeme Lloyd,RP,1.3,37,38,94,77,24,65,Rare
1993,OAK,Oakland Athletics,0.42,Bobby Witt,SP,3.0,86,52,46,50,68,51,Uncommon
1993,OAK,Oakland Athletics,0.42,Joe Boever,RP,1.1,40,55,44,67,28,53,Uncommon
1993,OAK,Oakland Athletics,0.42,Steve Karsay,SP,1.0,83,61,63,51,64,59,Rare
1993,COL,Colorado Rockies,0.414,Armando Reynoso,SP,3.2,84,55,61,58,65,59,Rare
1993,COL,Colorado Rockies,0.414,Bruce Ruffin,RP,2.3,44,88,38,64,33,60,Rare
1993,COL,Colorado Rockies,0.414,Darren Holmes,RP,1.2,36,88,70,59,23,67,Rare
1993,FLO,Florida Marlins,0.395,Bryan Harvey,RP,4.0,37,107,98,113,24,98,Legendary
1993,FLO,Florida Marlins,0.395,Luis Aquino,RP,2.8,45,53,54,66,35,55,Rare
1993,FLO,Florida Marlins,0.395,Matt Turner,RP,2.0,37,84,49,73,24,64,Rare
1993,SDN,San Diego Padres,0.377,Andy Benes,SP,4.8,87,73,51,54,69,60,Rare
1993,SDN,San Diego Padres,0.377,Greg Harris,SP,3.8,84,46,68,43,66,54,Uncommon
1993,SDN,San Diego Padres,0.377,Wally Whitehurst,SP,2.7,79,45,74,53,59,58,Rare
1993,NYN,New York Mets,0.364,Dwight Gooden,SP,3.5,90,66,72,59,73,66,Rare
1993,NYN,New York Mets,0.364,Sid Fernandez,SP,3.3,86,62,70,66,68,66,Rare
1993,NYN,New York Mets,0.364,Bret Saberhagen,SP,2.6,90,61,115,62,74,79,Epic
1994,MON,Montreal Expos,0.649,Butch Henry,SP,3.3,91,44,98,91,75,77,Epic
1994,MON,Montreal Expos,0.649,Ken Hill,SP,3.0,89,32,77,68,72,60,Rare
1994,MON,Montreal Expos,0.649,Jeff Fassero,SP,2.7,88,66,76,74,71,72,Epic
1994,NYA,New York Yankees,0.619,Jimmy Key,SP,4.4,89,36,72,77,72,63,Rare
1994,NYA,New York Yankees,0.619,Scott Kamieniecki,SP,2.4,93,39,42,62,77,51,Uncommon
1994,NYA,New York Yankees,0.619,Melido Perez,SP,2.4,90,52,56,57,73,57,Rare
1994,ATL,Atlanta Braves,0.596,Greg Maddux,SP,8.5,97,57,105,120,83,93,Legendary
1994,ATL,Atlanta Braves,0.596,Tom Glavine,SP,2.1,88,65,49,59,71,59,Rare
1994,ATL,Atlanta Braves,0.596,Kent Mercker,SP,1.9,88,80,52,61,71,65,Rare
1994,CHA,Chicago White Sox,0.593,Jack McDowell,SP,3.8,92,50,88,68,76,69,Rare
1994,CHA,Chicago White Sox,0.593,Wilson Alvarez,SP,3.7,89,46,56,70,72,59,Rare
1994,CHA,Chicago White Sox,0.593,Alex Fernandez,SP,3.0,91,52,75,60,75,64,Rare
1994,CLE,Cleveland Indians,0.584,Dennis Martinez,SP,4.6,93,29,85,71,77,63,Rare
1994,CLE,Cleveland Indians,0.584,Charles Nagy,SP,4.1,93,43,77,71,77,65,Rare
1994,CLE,Cleveland Indians,0.584,Mark Clark,SP,2.4,87,23,71,63,69,54,Uncommon
1994,CIN,Cincinnati Reds,0.579,Jose Rijo,SP,3.1,88,80,73,71,71,74,Epic
1994,CIN,Cincinnati Reds,0.579,Chuck McElroy,RP,2.2,36,45,82,98,23,70,Epic
1994,CIN,Cincinnati Reds,0.579,Jeff Brantley,RP,2.2,38,77,48,89,25,67,Rare
1994,HOU,Houston Astros,0.574,Doug Drabek,SP,3.4,91,53,79,74,75,69,Rare
1994,HOU,Houston Astros,0.574,Shane Reynolds,SP,1.9,102,69,102,70,90,81,Epic
1994,HOU,Houston Astros,0.574,Todd Jones,RP,1.6,39,67,61,81,26,65,Rare
1994,BAL,Baltimore Orioles,0.562,Mike Mussina,SP,5.4,93,34,87,84,77,69,Rare
1994,BAL,Baltimore Orioles,0.562,Ben McDonald,SP,2.7,88,38,64,65,70,57,Rare
1994,BAL,Baltimore Orioles,0.562,Mark Eichhorn,RP,2.6,39,26,81,120,27,71,Epic
1994,KCA,Kansas City Royals,0.557,David Cone,SP,6.9,94,57,71,90,78,73,Epic
1994,KCA,Kansas City Royals,0.557,Kevin Appier,SP,4.5,89,74,51,71,72,66,Rare
1994,KCA,Kansas City Royals,0.557,Tom Gordon,SP,3.2,87,61,37,60,69,54,Uncommon
1994,LAN,Los Angeles Dodgers,0.509,Kevin Gross,SP,3.8,90,59,79,60,73,67,Rare
1994,LAN,Los Angeles Dodgers,0.509,Ramon Martinez,SP,2.9,91,50,67,51,75,58,Rare
1994,LAN,Los Angeles Dodgers,0.509,Pedro Astacio,SP,2.2,88,52,70,46,70,57,Rare
1994,NYN,New York Mets,0.487,Bret Saberhagen,SP,5.4,93,61,123,82,77,88,Legendary
1994,NYN,New York Mets,0.487,Bobby Jones,SP,2.4,88,27,63,73,71,56,Rare
1994,NYN,New York Mets,0.487,Jason Jacome,SP,1.6,89,33,71,86,72,64,Rare
1994,SFN,San Francisco Giants,0.478,Michael Jackson,RP,1.7,37,102,82,112,24,91,Legendary
1994,SFN,San Francisco Giants,0.478,John Burkett,SP,1.5,87,31,90,58,69,61,Rare
1994,SFN,San Francisco Giants,0.478,Bill Swift,SP,1.0,87,34,77,62,69,59,Rare
1994,TOR,Toronto Blue Jays,0.478,Pat Hentgen,SP,5.4,92,65,66,72,76,68,Rare
1994,TOR,Toronto Blue Jays,0.478,Todd Stottlemyre,SP,3.7,93,55,65,57,77,61,Rare
1994,TOR,Toronto Blue Jays,0.478,Tony Castillo,RP,2.5,39,42,50,99,27,60,Rare
1994,BOS,Boston Red Sox,0.47,Roger Clemens,SP,6.0,91,79,49,92,75,74,Epic
1994,BOS,Boston Red Sox,0.47,Aaron Sele,SP,3.5,88,53,49,69,70,58,Rare
1994,BOS,Boston Red Sox,0.47,Ken Ryan,RP,1.9,37,46,62,115,24,69,Rare
1994,PHI,Philadelphia Phillies,0.47,Danny Jackson,SP,4.7,91,52,83,71,75,69,Rare
1994,PHI,Philadelphia Phillies,0.47,Bobby Munoz,SP,2.8,94,34,66,86,78,64,Rare
1994,PHI,Philadelphia Phillies,0.47,Doug Jones,RP,2.3,37,50,114,110,24,85,Legendary
1994,MIN,Minnesota Twins,0.469,Kevin Tapani,SP,2.1,88,36,84,56,70,60,Rare
1994,MIN,Minnesota Twins,0.469,Pat Mahomes,SP,1.8,82,20,40,49,63,39,Common
1994,MIN,Minnesota Twins,0.469,Kevin Campbell,RP,0.6,40,39,95,89,28,70,Epic
1994,PIT,Pittsburgh Pirates,0.465,Zane Smith,SP,3.0,88,11,92,67,70,58,Rare
1994,PIT,Pittsburgh Pirates,0.465,Rick White,RP,0.8,40,27,90,57,28,55,Rare
1994,PIT,Pittsburgh Pirates,0.465,Mark Dewey,RP,0.6,37,36,59,63,24,50,Uncommon
1994,SLN,St. Louis Cardinals,0.465,John Habyan,RP,0.8,36,78,49,72,22,62,Rare
1994,SLN,St. Louis Cardinals,0.465,Vicente Palacios,SP,0.7,90,61,60,46,73,57,Rare
1994,SLN,St. Louis Cardinals,0.465,Rene Arocha,RP,0.2,41,55,84,53,29,60,Rare
1994,DET,Detroit Tigers,0.461,David Wells,SP,2.7,90,43,92,62,74,66,Rare
1994,DET,Detroit Tigers,0.461,Mike Moore,SP,1.6,85,15,35,42,67,34,Common
1994,DET,Detroit Tigers,0.461,Joe Boever,RP,1.4,40,39,46,60,28,46,Uncommon
1994,ML4,Milwaukee Brewers,0.461,Ricky Bones,SP,4.0,91,7,82,76,75,57,Rare
1994,ML4,Milwaukee Brewers,0.461,Cal Eldred,SP,2.8,91,32,45,53,75,46,Uncommon
1994,ML4,Milwaukee Brewers,0.461,Bob Scanlan,SP,1.8,100,42,80,63,87,64,Rare
1994,TEX,Texas Rangers,0.456,Kenny Rogers,SP,2.8,90,52,71,53,74,60,Rare
1994,TEX,Texas Rangers,0.456,Kevin Brown,SP,1.6,89,52,75,51,72,61,Rare
1994,TEX,Texas Rangers,0.456,Tom Henke,RP,1.3,36,84,70,63,23,67,Rare
1994,COL,Colorado Rockies,0.453,Marvin Freeman,SP,4.5,86,38,94,94,68,75,Epic
1994,COL,Colorado Rockies,0.453,David Nied,SP,1.9,82,39,55,52,62,50,Uncommon
1994,COL,Colorado Rockies,0.453,Steve Reed,RP,1.1,36,60,51,63,23,54,Uncommon
1994,OAK,Oakland Athletics,0.447,Steve Ontiveros,SP,3.3,102,25,90,91,90,71,Epic
1994,OAK,Oakland Athletics,0.447,Steve Karsay,SP,1.0,90,31,77,97,74,69,Rare
1994,OAK,Oakland Athletics,0.447,Carlos Reyes,RP,1.0,45,53,36,53,35,46,Uncommon
1994,FLO,Florida Marlins,0.443,Chris Hammond,SP,1.6,82,32,71,77,62,60,Rare
1994,FLO,Florida Marlins,0.443,Robb Nen,RP,1.4,38,85,75,77,25,74,Epic
1994,FLO,Florida Marlins,0.443,Pat Rapp,SP,1.4,83,34,40,59,64,46,Uncommon
1994,SEA,Seattle Mariners,0.438,Randy Johnson,SP,5.4,94,100,49,81,78,77,Epic
1994,SEA,Seattle Mariners,0.438,Chris Bosio,SP,1.5,88,31,69,57,70,54,Uncommon
1994,SEA,Seattle Mariners,0.438,Bill Risley,RP,1.5,39,98,60,71,26,71,Epic
1994,CHN,Chicago Cubs,0.434,Steve Trachsel,SP,3.4,88,54,59,66,71,61,Rare
1994,CHN,Chicago Cubs,0.434,Kevin Foster,SP,1.8,85,73,48,77,67,66,Rare
1994,CHN,Chicago Cubs,0.434,Jim Bullinger,RP,1.5,45,52,65,64,35,58,Rare
1994,CAL,California Angels,0.409,Chuck Finley,SP,3.4,93,61,55,57,77,60,Rare
1994,CAL,California Angels,0.409,Mark Langston,SP,1.7,88,72,46,50,71,58,Rare
1994,CAL,California Angels,0.409,Brian Anderson,SP,0.8,82,22,81,46,63,51,Uncommon
1994,SDN,San Diego Padres,0.402,Andy Ashby,SP,4.1,90,54,82,64,73,67,Rare
1994,SDN,San Diego Padres,0.402,Joey Hamilton,SP,3.8,89,34,81,76,72,64,Rare
1994,SDN,San Diego Padres,0.402,Andy Benes,SP,3.7,90,91,75,54,73,73,Epic
1995,CLE,Cleveland Indians,0.694,Dennis Martinez,SP,5.7,88,30,85,80,71,66,Rare
1995,CLE,Cleveland Indians,0.694,Jose Mesa,RP,3.9,36,71,81,117,23,83,Epic
1995,CLE,Cleveland Indians,0.694,Orel Hershiser,SP,3.7,87,46,73,61,69,61,Rare
1995,ATL,Atlanta Braves,0.625,Greg Maddux,SP,9.7,94,67,115,118,78,98,Legendary
1995,ATL,Atlanta Braves,0.625,Tom Glavine,SP,4.8,90,43,67,77,73,63,Rare
1995,ATL,Atlanta Braves,0.625,John Smoltz,SP,4.1,88,81,58,71,71,70,Epic
1995,BOS,Boston Red Sox,0.597,Tim Wakefield,SP,5.0,92,39,63,85,76,64,Rare
1995,BOS,Boston Red Sox,0.597,Erik Hanson,SP,2.8,87,55,70,60,69,62,Rare
1995,BOS,Boston Red Sox,0.597,Rick Aguilera,RP,2.2,36,75,88,97,23,80,Epic
1995,CIN,Cincinnati Reds,0.59,Pete Schourek,SP,4.1,88,64,87,67,70,72,Epic
1995,CIN,Cincinnati Reds,0.59,John Smiley,SP,2.7,88,50,91,65,70,69,Rare
1995,CIN,Cincinnati Reds,0.59,Jeff Brantley,RP,1.6,37,69,77,73,24,68,Rare
1995,NYA,New York Yankees,0.549,Jack McDowell,SP,4.0,92,52,61,60,76,60,Rare
1995,NYA,New York Yankees,0.549,Andy Pettitte,SP,2.9,89,44,61,59,72,56,Rare
1995,NYA,New York Yankees,0.549,Sterling Hitchcock,SP,2.2,85,52,51,49,67,52,Uncommon
1995,SEA,Seattle Mariners,0.545,Randy Johnson,SP,8.6,91,120,73,104,75,97,Legendary
1995,SEA,Seattle Mariners,0.545,Jeff Nelson,RP,2.9,38,104,64,117,25,88,Legendary
1995,SEA,Seattle Mariners,0.545,Tim Belcher,SP,2.2,87,31,43,54,69,45,Uncommon
1995,LAN,Los Angeles Dodgers,0.542,Hideo Nomo,SP,4.7,90,105,51,80,73,78,Epic
1995,LAN,Los Angeles Dodgers,0.542,Ismael Valdez,SP,3.7,93,56,83,66,77,69,Rare
1995,LAN,Los Angeles Dodgers,0.542,Ramon Martinez,SP,2.3,90,46,54,54,73,54,Uncommon
1995,CAL,California Angels,0.538,Troy Percival,RP,3.2,37,109,63,114,24,88,Legendary
1995,CAL,California Angels,0.538,Chuck Finley,SP,3.0,86,77,46,58,68,61,Rare
1995,CAL,California Angels,0.538,Mark Langston,SP,2.3,87,51,70,52,69,59,Rare
1995,COL,Colorado Rockies,0.535,Kevin Ritz,SP,4.5,85,49,58,67,67,59,Rare
1995,COL,Colorado Rockies,0.535,Steve Reed,RP,4.1,37,75,84,112,24,84,Epic
1995,COL,Colorado Rockies,0.535,Curt Leskanic,RP,3.8,38,91,66,85,25,75,Epic
1995,HOU,Houston Astros,0.528,Dave Veres,RP,2.8,39,72,76,94,26,75,Epic
1995,HOU,Houston Astros,0.528,Shane Reynolds,SP,2.6,86,73,96,60,68,75,Epic
1995,HOU,Houston Astros,0.528,Todd Jones,RP,1.6,39,77,40,67,26,58,Rare
1995,TEX,Texas Rangers,0.514,Kenny Rogers,SP,5.8,88,47,60,73,71,61,Rare
1995,TEX,Texas Rangers,0.514,Roger Pavlik,SP,3.4,85,58,45,58,67,55,Rare
1995,TEX,Texas Rangers,0.514,Roger McDowell,RP,1.4,38,36,52,67,25,49,Uncommon
1995,CHN,Chicago Cubs,0.507,Jaime Navarro,SP,4.1,90,43,78,65,73,63,Rare
1995,CHN,Chicago Cubs,0.507,Frank Castillo,SP,3.6,88,52,79,64,70,66,Rare
1995,CHN,Chicago Cubs,0.507,Larry Casian,RP,0.9,34,23,29,117,19,53,Uncommon
1995,BAL,Baltimore Orioles,0.493,Mike Mussina,SP,6.1,90,51,90,75,73,72,Epic
1995,BAL,Baltimore Orioles,0.493,Kevin Brown,SP,4.3,88,47,78,73,71,66,Rare
1995,BAL,Baltimore Orioles,0.493,Scott Erickson,SP,2.6,86,31,65,54,68,52,Uncommon
1995,KCA,Kansas City Royals,0.486,Kevin Appier,SP,4.6,88,73,53,67,70,65,Rare
1995,KCA,Kansas City Royals,0.486,Mark Gubicza,SP,4.4,87,13,76,66,69,53,Uncommon
1995,KCA,Kansas City Royals,0.486,Chris Haney,SP,1.9,86,13,51,69,68,47,Uncommon
1995,SDN,San Diego Padres,0.486,Andy Ashby,SP,4.9,85,58,69,73,67,67,Rare
1995,SDN,San Diego Padres,0.486,Joey Hamilton,SP,4.6,89,38,79,70,72,63,Rare
1995,SDN,San Diego Padres,0.486,Andy Benes,SP,1.5,83,75,48,47,64,57,Rare
1995,NYN,New York Mets,0.479,Jason Isringhausen,SP,3.0,88,37,67,78,71,62,Rare
1995,NYN,New York Mets,0.479,Bret Saberhagen,SP,2.2,85,44,92,51,67,63,Rare
1995,NYN,New York Mets,0.479,Bill Pulsipher,SP,1.7,94,43,62,54,78,56,Rare
1995,PHI,Philadelphia Phillies,0.479,Ricky Bottalico,RP,3.0,39,80,44,90,26,67,Rare
1995,PHI,Philadelphia Phillies,0.479,Curt Schilling,SP,2.2,89,79,90,61,72,76,Epic
1995,PHI,Philadelphia Phillies,0.479,Mike Williams,RP,1.3,45,44,67,65,35,56,Rare
1995,CHA,Chicago White Sox,0.472,Jim Abbott,SP,3.9,88,19,68,67,70,53,Uncommon
1995,CHA,Chicago White Sox,0.472,Alex Fernandez,SP,3.8,89,58,70,62,72,64,Rare
1995,CHA,Chicago White Sox,0.472,Wilson Alvarez,SP,2.0,84,47,39,52,66,48,Uncommon
1995,FLO,Florida Marlins,0.469,Pat Rapp,SP,3.2,84,39,46,67,65,52,Uncommon
1995,FLO,Florida Marlins,0.469,Chris Hammond,SP,2.5,88,58,75,57,71,64,Rare
1995,FLO,Florida Marlins,0.469,John Burkett,SP,1.8,86,46,73,49,68,57,Rare
1995,OAK,Oakland Athletics,0.465,Todd Stottlemyre,SP,2.1,89,79,56,47,72,62,Rare
1995,OAK,Oakland Athletics,0.465,Jim Corsi,RP,1.5,37,36,35,108,24,56,Rare
1995,OAK,Oakland Athletics,0.465,Rick Honeycutt,RP,1.4,36,22,91,50,22,51,Uncommon
1995,SFN,San Francisco Giants,0.465,Mark Leiter,SP,1.5,89,45,78,55,72,61,Rare
1995,SFN,San Francisco Giants,0.465,Mark Portugal,SP,0.6,83,30,72,54,64,53,Uncommon
1995,SFN,San Francisco Giants,0.465,William VanLandingham,SP,0.5,89,58,68,56,72,62,Rare
1995,MON,Montreal Expos,0.458,Pedro Martinez,SP,4.7,88,70,65,63,70,66,Rare
1995,MON,Montreal Expos,0.458,Butch Henry,SP,3.7,84,24,91,80,66,65,Rare
1995,MON,Montreal Expos,0.458,Carlos Perez,SP,2.7,85,55,96,58,67,69,Rare
1995,ML4,Milwaukee Brewers,0.451,Ricky Bones,SP,3.4,87,13,50,53,69,42,Common
1995,ML4,Milwaukee Brewers,0.451,Steve Sparks,SP,3.2,94,24,49,57,78,47,Uncommon
1995,ML4,Milwaukee Brewers,0.451,Scott Karl,SP,2.3,90,24,51,64,73,49,Uncommon
1995,SLN,St. Louis Cardinals,0.434,Tom Henke,RP,2.3,36,69,67,118,23,78,Epic
1995,SLN,St. Louis Cardinals,0.434,Mike Morgan,SP,1.9,86,22,83,78,68,62,Rare
1995,SLN,St. Louis Cardinals,0.434,Tony Fossas,RP,1.5,34,90,80,119,20,89,Legendary
1995,DET,Detroit Tigers,0.417,David Wells,SP,5.4,90,45,82,70,74,66,Rare
1995,DET,Detroit Tigers,0.417,Felipe Lira,SP,3.2,88,39,56,57,71,53,Uncommon
1995,DET,Detroit Tigers,0.417,Mike Henneman,RP,2.5,36,66,83,120,23,83,Epic
1995,PIT,Pittsburgh Pirates,0.403,Denny Neagle,SP,4.7,89,51,92,65,72,70,Epic
1995,PIT,Pittsburgh Pirates,0.403,Dan Plesac,RP,1.1,36,75,47,67,23,59,Rare
1995,PIT,Pittsburgh Pirates,0.403,Paul Wagner,SP,1.0,88,53,48,45,71,51,Uncommon
1995,MIN,Minnesota Twins,0.389,Brad Radke,SP,1.6,87,17,82,43,69,49,Uncommon
1995,MIN,Minnesota Twins,0.389,Kevin Tapani,SP,1.2,85,48,84,42,67,59,Rare
1995,MIN,Minnesota Twins,0.389,Rich Robertson,RP,0.6,41,54,33,68,30,50,Uncommon
1995,TOR,Toronto Blue Jays,0.389,David Cone,SP,7.0,94,64,56,67,79,64,Rare
1995,TOR,Toronto Blue Jays,0.389,Al Leiter,SP,5.7,88,64,34,69,70,57,Rare
1995,TOR,Toronto Blue Jays,0.389,Tony Castillo,RP,2.7,38,29,67,77,25,54,Uncommon
1996,CLE,Cleveland Indians,0.615,Charles Nagy,SP,6.6,90,55,79,75,73,70,Epic
1996,CLE,Cleveland Indians,0.615,Eric Plunk,RP,3.0,38,91,48,106,25,76,Epic
1996,CLE,Cleveland Indians,0.615,Orel Hershiser,SP,2.6,86,39,78,59,68,60,Rare
1996,ATL,Atlanta Braves,0.593,John Smoltz,SP,7.4,92,90,92,80,76,86,Legendary
1996,ATL,Atlanta Braves,0.593,Greg Maddux,SP,7.2,90,50,114,89,74,83,Epic
1996,ATL,Atlanta Braves,0.593,Tom Glavine,SP,5.9,88,57,61,80,70,66,Rare
1996,NYA,New York Yankees,0.568,Andy Pettitte,SP,5.6,88,53,68,67,70,63,Rare
1996,NYA,New York Yankees,0.568,Mariano Rivera,RP,5.0,40,103,70,121,28,91,Legendary
1996,NYA,New York Yankees,0.568,Kenny Rogers,SP,3.4,84,28,45,57,65,46,Uncommon
1996,SDN,San Diego Padres,0.562,Trevor Hoffman,RP,3.8,37,108,62,95,24,82,Epic
1996,SDN,San Diego Padres,0.562,Andy Ashby,SP,3.4,86,34,90,63,68,63,Rare
1996,SDN,San Diego Padres,0.562,Joey Hamilton,SP,2.9,87,67,54,50,69,58,Rare
1996,LAN,Los Angeles Dodgers,0.556,Hideo Nomo,SP,4.7,90,84,58,63,73,69,Rare
1996,LAN,Los Angeles Dodgers,0.556,Ismael Valdez,SP,4.7,89,57,87,62,72,69,Rare
1996,LAN,Los Angeles Dodgers,0.556,Pedro Astacio,SP,4.6,88,40,70,60,71,58,Rare
1996,TEX,Texas Rangers,0.556,Ken Hill,SP,6.6,91,47,57,78,75,62,Rare
1996,TEX,Texas Rangers,0.556,Darren Oliver,SP,2.7,83,43,48,57,64,51,Uncommon
1996,TEX,Texas Rangers,0.556,Roger Pavlik,SP,2.3,84,42,52,50,65,50,Uncommon
1996,BAL,Baltimore Orioles,0.543,Mike Mussina,SP,3.6,89,64,77,51,72,65,Rare
1996,BAL,Baltimore Orioles,0.543,David Wells,SP,2.9,88,36,89,47,71,59,Rare
1996,BAL,Baltimore Orioles,0.543,Scott Erickson,SP,2.2,88,21,74,52,70,51,Uncommon
1996,MON,Montreal Expos,0.543,Jeff Fassero,SP,5.6,89,77,87,69,72,77,Epic
1996,MON,Montreal Expos,0.543,Pedro Martinez,SP,4.0,88,84,69,62,70,72,Epic
1996,MON,Montreal Expos,0.543,Rheal Cormier,SP,2.2,84,41,83,54,65,60,Rare
1996,SLN,St. Louis Cardinals,0.543,Todd Stottlemyre,SP,2.6,89,67,49,54,72,58,Rare
1996,SLN,St. Louis Cardinals,0.543,Andy Benes,SP,2.4,89,49,66,55,72,58,Rare
1996,SLN,St. Louis Cardinals,0.543,Donovan Osborne,SP,2.3,88,47,77,60,71,62,Rare
1996,SEA,Seattle Mariners,0.528,Michael Jackson,RP,1.2,36,78,67,68,22,66,Rare
1996,SEA,Seattle Mariners,0.528,Randy Johnson,SP,1.2,95,121,51,68,80,80,Epic
1996,SEA,Seattle Mariners,0.528,Norm Charlton,RP,0.8,36,77,42,64,23,57,Rare
1996,BOS,Boston Red Sox,0.525,Roger Clemens,SP,7.7,91,87,48,74,75,70,Epic
1996,BOS,Boston Red Sox,0.525,Heathcliff Slocumb,RP,3.1,36,87,28,94,23,65,Rare
1996,BOS,Boston Red Sox,0.525,Jamie Moyer,SP,2.6,94,26,77,65,79,58,Rare
1996,CHA,Chicago White Sox,0.525,Alex Fernandez,SP,6.4,93,58,78,69,77,69,Rare
1996,CHA,Chicago White Sox,0.525,Wilson Alvarez,SP,4.3,85,64,47,59,67,58,Rare
1996,CHA,Chicago White Sox,0.525,Roberto Hernandez,RP,4.1,37,81,47,119,24,76,Epic
1996,COL,Colorado Rockies,0.512,Armando Reynoso,SP,3.4,82,29,76,51,62,53,Uncommon
1996,COL,Colorado Rockies,0.512,Kevin Ritz,SP,2.2,84,26,43,50,66,42,Common
1996,COL,Colorado Rockies,0.512,Mark Thompson,SP,1.6,84,36,48,48,66,46,Uncommon
1996,HOU,Houston Astros,0.506,Shane Reynolds,SP,3.6,89,66,99,56,72,74,Epic
1996,HOU,Houston Astros,0.506,Mike Hampton,SP,1.2,84,42,73,58,65,58,Rare
1996,HOU,Houston Astros,0.506,Billy Wagner,RP,1.1,38,112,35,81,25,71,Epic
1996,CIN,Cincinnati Reds,0.5,John Smiley,SP,4.4,87,59,85,61,69,68,Rare
1996,CIN,Cincinnati Reds,0.5,Jeff Shaw,RP,3.3,38,45,79,91,25,67,Rare
1996,CIN,Cincinnati Reds,0.5,Dave Burba,SP,3.3,84,56,42,58,65,53,Uncommon
1996,FLO,Florida Marlins,0.494,Kevin Brown,SP,7.9,92,48,108,118,76,90,Legendary
1996,FLO,Florida Marlins,0.494,Al Leiter,SP,5.5,88,74,37,75,70,63,Rare
1996,FLO,Florida Marlins,0.494,Robb Nen,RP,2.6,36,92,84,116,23,90,Legendary
1996,ML4,Milwaukee Brewers,0.494,Ben McDonald,SP,5.4,86,45,73,68,68,63,Rare
1996,ML4,Milwaukee Brewers,0.494,Scott Karl,SP,2.8,88,36,64,53,70,53,Uncommon
1996,ML4,Milwaukee Brewers,0.494,Cal Eldred,SP,1.9,82,37,47,61,62,50,Uncommon
1996,MIN,Minnesota Twins,0.481,Brad Radke,SP,3.5,88,43,85,55,71,62,Rare
1996,MIN,Minnesota Twins,0.481,Mike Trombley,RP,2.1,39,63,60,95,27,68,Rare
1996,MIN,Minnesota Twins,0.481,Rich Robertson,SP,1.6,84,40,31,50,66,43,Common
1996,OAK,Oakland Athletics,0.481,Ariel Prieto,SP,2.6,84,38,48,67,65,52,Uncommon
1996,OAK,Oakland Athletics,0.481,Dave Telgheder,SP,2.0,82,32,68,54,63,52,Uncommon
1996,OAK,Oakland Athletics,0.481,Mike Mohler,RP,2.0,36,59,41,71,23,54,Uncommon
1996,CHN,Chicago Cubs,0.469,Steve Trachsel,SP,3.7,88,43,73,71,71,63,Rare
1996,CHN,Chicago Cubs,0.469,Jaime Navarro,SP,1.9,89,46,73,57,72,60,Rare
1996,CHN,Chicago Cubs,0.469,Turk Wendell,RP,1.8,37,75,37,79,24,60,Rare
1996,KCA,Kansas City Royals,0.466,Kevin Appier,SP,5.9,88,79,62,73,71,71,Epic
1996,KCA,Kansas City Royals,0.466,Tim Belcher,SP,4.8,89,24,77,64,72,57,Rare
1996,KCA,Kansas City Royals,0.466,Jose Rosado,SP,3.4,88,38,86,84,71,70,Epic
1996,TOR,Toronto Blue Jays,0.457,Pat Hentgen,SP,8.6,94,46,62,83,79,65,Rare
1996,TOR,Toronto Blue Jays,0.457,Juan Guzman,SP,6.7,90,68,78,88,73,77,Epic
1996,TOR,Toronto Blue Jays,0.457,Tim Crabtree,RP,1.8,38,65,68,107,25,74,Epic
1996,PIT,Pittsburgh Pirates,0.451,Denny Neagle,SP,6.0,88,47,92,56,71,66,Rare
1996,PIT,Pittsburgh Pirates,0.451,Danny Darwin,SP,2.8,88,36,103,55,70,65,Rare
1996,PIT,Pittsburgh Pirates,0.451,Jon Lieber,RP,2.6,45,45,96,55,35,62,Rare
1996,NYN,New York Mets,0.438,Mark Clark,SP,1.7,88,46,90,61,71,66,Rare
1996,NYN,New York Mets,0.438,John Franco,RP,1.4,36,69,55,118,23,75,Epic
1996,NYN,New York Mets,0.438,Bobby Jones,SP,0.6,86,37,88,45,68,58,Rare
1996,CAL,California Angels,0.435,Chuck Finley,SP,4.2,89,71,53,60,72,62,Rare
1996,CAL,California Angels,0.435,Troy Percival,RP,3.4,37,117,49,110,24,85,Legendary
1996,CAL,California Angels,0.435,Mike James,RP,2.6,37,61,40,97,24,62,Rare
1996,SFN,San Francisco Giants,0.42,Rod Beck,RP,1.1,36,58,104,60,22,69,Rare
1996,SFN,San Francisco Giants,0.42,Shawn Estes,SP,1.1,87,66,37,64,69,57,Rare
1996,SFN,San Francisco Giants,0.42,Allen Watson,SP,0.5,87,49,58,42,69,52,Uncommon
1996,PHI,Philadelphia Phillies,0.414,Curt Schilling,SP,4.9,90,80,80,71,74,77,Epic
1996,PHI,Philadelphia Phillies,0.414,Ken Ryan,RP,2.2,39,59,41,97,26,62,Rare
1996,PHI,Philadelphia Phillies,0.414,Terry Mulholland,SP,2.1,85,18,86,51,67,53,Uncommon
1996,DET,Detroit Tigers,0.327,Omar Olivares,SP,3.6,87,27,45,54,69,45,Uncommon
1996,DET,Detroit Tigers,0.327,Felipe Lira,SP,2.9,84,36,65,47,66,51,Uncommon
1996,DET,Detroit Tigers,0.327,Richie Lewis,RP,1.8,37,67,22,64,24,48,Uncommon
1997,ATL,Atlanta Braves,0.623,Greg Maddux,SP,7.8,90,56,120,104,74,91,Legendary
1997,ATL,Atlanta Braves,0.623,Tom Glavine,SP,5.5,92,42,67,75,76,63,Rare
1997,ATL,Atlanta Braves,0.623,John Smoltz,SP,4.8,93,75,85,73,77,78,Epic
1997,BAL,Baltimore Orioles,0.605,Mike Mussina,SP,5.5,89,78,87,69,72,77,Epic
1997,BAL,Baltimore Orioles,0.605,Jimmy Key,SP,4.6,86,46,55,65,68,57,Rare
1997,BAL,Baltimore Orioles,0.605,Scott Erickson,SP,4.0,89,37,79,64,72,61,Rare
1997,NYA,New York Yankees,0.593,Andy Pettitte,SP,8.4,90,49,80,88,73,72,Epic
1997,NYA,New York Yankees,0.593,David Cone,SP,6.7,89,95,47,84,72,75,Epic
1997,NYA,New York Yankees,0.593,David Wells,SP,4.3,89,52,94,54,72,67,Rare
1997,FLO,Florida Marlins,0.568,Kevin Brown,SP,7.0,92,67,78,84,76,76,Epic
1997,FLO,Florida Marlins,0.568,Alex Fernandez,SP,3.8,90,63,71,57,73,65,Rare
1997,FLO,Florida Marlins,0.568,Livan Hernandez,SP,1.7,82,55,53,71,63,60,Rare
1997,SEA,Seattle Mariners,0.556,Randy Johnson,SP,8.0,93,119,60,103,77,92,Legendary
1997,SEA,Seattle Mariners,0.556,Jeff Fassero,SP,4.5,88,61,61,65,71,63,Rare
1997,SEA,Seattle Mariners,0.556,Jamie Moyer,SP,3.7,86,38,89,59,68,63,Rare
1997,SFN,San Francisco Giants,0.556,Shawn Estes,SP,3.8,86,71,42,71,68,62,Rare
1997,SFN,San Francisco Giants,0.556,Kirk Rueter,SP,2.7,84,39,81,63,65,61,Rare
1997,SFN,San Francisco Giants,0.556,Mark Gardner,SP,1.2,84,56,70,46,66,58,Rare
1997,LAN,Los Angeles Dodgers,0.543,Ismael Valdez,SP,5.3,88,51,87,78,70,72,Epic
1997,LAN,Los Angeles Dodgers,0.543,Chan Ho Park,SP,3.5,88,67,60,58,71,63,Rare
1997,LAN,Los Angeles Dodgers,0.543,Pedro Astacio,SP,3.1,88,62,73,55,70,64,Rare
1997,NYN,New York Mets,0.543,Rick Reed,SP,4.4,89,32,106,74,72,71,Epic
1997,NYN,New York Mets,0.543,Dave Mlicki,SP,2.2,84,61,54,52,66,57,Rare
1997,NYN,New York Mets,0.543,Bobby Jones,SP,2.1,87,44,68,56,69,57,Rare
1997,CLE,Cleveland Indians,0.534,Charles Nagy,SP,3.7,88,45,65,55,71,57,Rare
1997,CLE,Cleveland Indians,0.534,Orel Hershiser,SP,2.3,84,32,62,52,66,50,Uncommon
1997,CLE,Cleveland Indians,0.534,Jose Mesa,RP,2.2,37,64,65,103,24,72,Epic
1997,ANA,Anaheim Angels,0.519,Chuck Finley,SP,3.2,88,75,53,56,70,62,Rare
1997,ANA,Anaheim Angels,0.519,Jason Dickson,SP,2.3,87,34,79,53,69,57,Rare
1997,ANA,Anaheim Angels,0.519,Pep Harris,RP,1.5,38,50,44,68,25,51,Uncommon
1997,HOU,Houston Astros,0.519,Darryl Kile,SP,5.4,94,60,59,83,78,68,Rare
1997,HOU,Houston Astros,0.519,Mike Hampton,SP,1.6,88,41,64,57,70,56,Rare
1997,HOU,Houston Astros,0.519,Tom Martin,RP,1.6,36,43,50,106,23,62,Rare
1997,COL,Colorado Rockies,0.512,Roger Bailey,SP,3.7,88,20,59,60,70,49,Uncommon
1997,COL,Colorado Rockies,0.512,John Thomson,SP,2.8,85,43,72,58,67,59,Rare
1997,COL,Colorado Rockies,0.512,Steve Reed,RP,1.5,36,49,48,63,22,50,Uncommon
1997,CHA,Chicago White Sox,0.497,Wilson Alvarez,SP,3.5,87,65,48,63,69,60,Rare
1997,CHA,Chicago White Sox,0.497,Roberto Hernandez,RP,2.7,36,83,45,92,23,68,Rare
1997,CHA,Chicago White Sox,0.497,Matt Karchner,RP,1.6,36,35,42,81,23,50,Uncommon
1997,DET,Detroit Tigers,0.488,Justin Thompson,SP,7.7,90,47,75,80,74,68,Rare
1997,DET,Detroit Tigers,0.488,Willie Blair,SP,3.8,88,28,82,57,70,57,Rare
1997,DET,Detroit Tigers,0.488,Brian Moehler,SP,2.8,82,33,63,49,63,50,Uncommon
1997,PIT,Pittsburgh Pirates,0.488,Francisco Cordova,SP,4.4,85,47,79,64,67,64,Rare
1997,PIT,Pittsburgh Pirates,0.488,Esteban Loaiza,SP,3.7,85,41,77,56,67,59,Rare
1997,PIT,Pittsburgh Pirates,0.488,Jon Lieber,SP,2.9,84,65,80,48,65,64,Rare
1997,ML4,Milwaukee Brewers,0.484,Doug Jones,RP,3.0,36,83,114,117,23,96,Legendary
1997,ML4,Milwaukee Brewers,0.484,Bob Wickman,RP,2.6,38,62,48,91,25,63,Rare
1997,ML4,Milwaukee Brewers,0.484,Jose Mercedes,SP,2.5,90,27,67,61,73,54,Uncommon
1997,BOS,Boston Red Sox,0.481,Tom Gordon,SP,3.7,92,68,48,69,76,63,Rare
1997,BOS,Boston Red Sox,0.481,Tim Wakefield,SP,1.9,90,55,48,55,73,55,Rare
1997,BOS,Boston Red Sox,0.481,Butch Henry,RP,1.5,44,39,90,72,33,64,Rare
1997,MON,Montreal Expos,0.481,Pedro Martinez,SP,9.0,96,108,79,115,81,99,Legendary
1997,MON,Montreal Expos,0.481,Dustin Hermanson,SP,2.5,82,66,49,59,63,58,Rare
1997,MON,Montreal Expos,0.481,Marc Valdes,RP,1.6,41,35,50,77,30,52,Uncommon
1997,TEX,Texas Rangers,0.475,Darren Oliver,SP,2.9,86,29,51,57,68,48,Uncommon
1997,TEX,Texas Rangers,0.475,John Wetteland,RP,2.8,36,78,69,114,23,81,Epic
1997,TEX,Texas Rangers,0.475,Bobby Witt,SP,2.7,88,36,62,48,70,51,Uncommon
1997,CIN,Cincinnati Reds,0.469,Jeff Shaw,RP,3.6,37,58,111,97,24,82,Epic
1997,CIN,Cincinnati Reds,0.469,Brett Tomko,SP,3.0,88,55,58,64,71,60,Rare
1997,CIN,Cincinnati Reds,0.469,Kent Mercker,SP,2.6,83,29,48,56,64,46,Uncommon
1997,SDN,San Diego Padres,0.469,Trevor Hoffman,RP,3.1,37,119,75,76,24,83,Epic
1997,SDN,San Diego Padres,0.469,Joey Hamilton,SP,2.7,88,43,61,47,71,52,Uncommon
1997,SDN,San Diego Padres,0.469,Andy Ashby,SP,2.5,88,52,86,51,71,64,Rare
1997,TOR,Toronto Blue Jays,0.469,Roger Clemens,SP,11.9,95,92,83,118,80,96,Legendary
1997,TOR,Toronto Blue Jays,0.469,Pat Hentgen,SP,5.8,94,39,80,62,78,62,Rare
1997,TOR,Toronto Blue Jays,0.469,Paul Quantrill,RP,3.2,37,42,97,116,24,79,Epic
1997,SLN,St. Louis Cardinals,0.451,Andy Benes,SP,4.1,89,80,64,75,72,73,Epic
1997,SLN,St. Louis Cardinals,0.451,Matt Morris,SP,3.8,88,48,70,72,70,64,Rare
1997,SLN,St. Louis Cardinals,0.451,Alan Benes,SP,3.5,90,80,49,77,74,69,Rare
1997,CHN,Chicago Cubs,0.42,Kevin Tapani,SP,1.8,88,44,80,68,70,65,Rare
1997,CHN,Chicago Cubs,0.42,Geremi Gonzalez,SP,1.3,86,44,44,51,68,48,Uncommon
1997,CHN,Chicago Cubs,0.42,Kevin Foster,SP,1.1,83,61,46,44,64,52,Uncommon
1997,MIN,Minnesota Twins,0.42,Brad Radke,SP,4.6,90,53,95,61,73,70,Epic
1997,MIN,Minnesota Twins,0.42,Bob Tewksbury,SP,3.2,88,32,99,60,70,64,Rare
1997,MIN,Minnesota Twins,0.42,Greg Swindell,RP,2.7,40,44,92,67,28,64,Rare
1997,PHI,Philadelphia Phillies,0.42,Curt Schilling,SP,6.3,92,107,89,74,76,89,Legendary
1997,PHI,Philadelphia Phillies,0.42,Garrett Stephenson,SP,2.6,88,49,68,71,70,63,Rare
1997,PHI,Philadelphia Phillies,0.42,Ricky Bottalico,RP,1.2,36,102,36,61,23,62,Rare
1997,KCA,Kansas City Royals,0.416,Kevin Appier,SP,5.6,90,64,71,71,73,69,Rare
1997,KCA,Kansas City Royals,0.416,Jose Rosado,SP,1.1,85,42,61,49,67,52,Uncommon
1997,KCA,Kansas City Royals,0.416,Jeff Montgomery,RP,1.1,36,61,73,66,23,62,Rare
1997,OAK,Oakland Athletics,0.401,Billy Taylor,RP,1.7,36,71,43,66,23,56,Rare
1997,OAK,Oakland Athletics,0.401,Jimmy Haynes,SP,1.6,82,69,38,53,62,54,Uncommon
1997,OAK,Oakland Athletics,0.401,Mike Oquist,SP,1.4,86,46,52,43,68,49,Uncommon
1998,NYA,New York Yankees,0.704,David Wells,SP,4.8,91,56,109,63,75,76,Epic
1998,NYA,New York Yankees,0.704,David Cone,SP,4.0,88,82,77,65,71,74,Epic
1998,NYA,New York Yankees,0.704,Orlando Hernandez,SP,3.6,89,74,59,76,72,70,Epic
1998,ATL,Atlanta Braves,0.654,Greg Maddux,SP,6.6,93,62,100,102,77,87,Legendary
1998,ATL,Atlanta Braves,0.654,Tom Glavine,SP,6.1,90,48,69,91,73,70,Epic
1998,ATL,Atlanta Braves,0.654,John Smoltz,SP,3.3,87,84,82,78,69,80,Epic
1998,HOU,Houston Astros,0.63,Jose Lima,SP,3.9,91,52,109,55,75,72,Epic
1998,HOU,Houston Astros,0.63,Shane Reynolds,SP,3.7,88,70,89,60,71,73,Epic
1998,HOU,Houston Astros,0.63,Mike Hampton,SP,3.4,88,44,56,65,71,57,Rare
1998,SDN,San Diego Padres,0.605,Kevin Brown,SP,8.6,93,81,97,92,77,89,Legendary
1998,SDN,San Diego Padres,0.605,Andy Ashby,SP,4.7,90,46,83,61,73,64,Rare
1998,SDN,San Diego Padres,0.605,Trevor Hoffman,RP,4.1,36,99,76,119,23,90,Legendary
1998,BOS,Boston Red Sox,0.568,Pedro Martinez,SP,7.3,91,89,77,84,75,82,Epic
1998,BOS,Boston Red Sox,0.568,Bret Saberhagen,SP,2.9,82,35,103,60,63,66,Rare
1998,BOS,Boston Red Sox,0.568,Tom Gordon,RP,2.6,36,79,70,97,23,76,Epic
1998,CHN,Chicago Cubs,0.552,Kerry Wood,SP,3.9,87,122,41,68,69,76,Epic
1998,CHN,Chicago Cubs,0.552,Steve Trachsel,SP,2.9,86,52,51,49,68,52,Uncommon
1998,CHN,Chicago Cubs,0.552,Kevin Tapani,SP,2.1,87,41,77,44,69,55,Rare
1998,CLE,Cleveland Indians,0.549,Bartolo Colon,SP,4.4,88,58,55,69,70,62,Rare
1998,CLE,Cleveland Indians,0.549,Michael Jackson,RP,3.8,36,66,95,115,22,85,Legendary
1998,CLE,Cleveland Indians,0.549,Dave Burba,SP,3.7,88,44,65,57,70,57,Rare
1998,SFN,San Francisco Giants,0.546,Robb Nen,RP,3.4,37,106,78,117,24,93,Legendary
1998,SFN,San Francisco Giants,0.546,Steve Reed,RP,1.8,37,72,66,90,24,71,Epic
1998,SFN,San Francisco Giants,0.546,Mark Gardner,SP,1.6,87,51,72,46,69,58,Rare
1998,NYN,New York Mets,0.543,Al Leiter,SP,6.7,90,71,59,94,73,74,Epic
1998,NYN,New York Mets,0.543,Rick Reed,SP,4.5,90,52,109,60,73,74,Epic
1998,NYN,New York Mets,0.543,Masato Yoshii,SP,2.4,84,48,72,53,65,58,Rare
1998,TEX,Texas Rangers,0.543,Rick Helling,SP,3.7,88,56,61,54,70,58,Rare
1998,TEX,Texas Rangers,0.543,Aaron Sele,SP,2.9,87,59,53,62,69,59,Rare
1998,TEX,Texas Rangers,0.543,John Wetteland,RP,2.7,36,98,90,112,22,92,Legendary
1998,TOR,Toronto Blue Jays,0.543,Roger Clemens,SP,8.1,91,97,58,96,75,83,Epic
1998,TOR,Toronto Blue Jays,0.543,Paul Quantrill,RP,2.8,36,54,79,96,22,71,Epic
1998,TOR,Toronto Blue Jays,0.543,Woody Williams,SP,2.6,88,52,55,50,70,54,Uncommon
1998,ANA,Anaheim Angels,0.525,Chuck Finley,SP,7.2,88,76,43,74,70,65,Rare
1998,ANA,Anaheim Angels,0.525,Omar Olivares,SP,3.9,90,40,42,61,74,50,Uncommon
1998,ANA,Anaheim Angels,0.525,Steve Sparks,SP,3.1,87,50,46,56,69,52,Uncommon
1998,LAN,Los Angeles Dodgers,0.512,Brian Bohanon,SP,3.2,100,53,57,80,86,66,Rare
1998,LAN,Los Angeles Dodgers,0.512,Chan Ho Park,SP,3.1,88,67,47,59,70,59,Rare
1998,LAN,Los Angeles Dodgers,0.512,Darren Dreifort,SP,2.7,90,74,70,55,73,67,Rare
1998,SLN,St. Louis Cardinals,0.512,Matt Morris,SP,3.5,88,49,59,90,71,66,Rare
1998,SLN,St. Louis Cardinals,0.512,Todd Stottlemyre,SP,3.2,89,73,60,59,72,65,Rare
1998,SLN,St. Louis Cardinals,0.512,Juan Acevedo,RP,3.0,41,35,75,89,30,63,Rare
1998,CHA,Chicago White Sox,0.494,Bob Howry,RP,1.5,37,75,63,73,24,66,Rare
1998,CHA,Chicago White Sox,0.494,Bill Simas,RP,1.4,37,59,71,63,24,60,Rare
1998,CHA,Chicago White Sox,0.494,John Snyder,SP,0.9,85,39,81,46,67,56,Rare
1998,BAL,Baltimore Orioles,0.488,Mike Mussina,SP,5.0,91,65,96,67,75,76,Epic
1998,BAL,Baltimore Orioles,0.488,Scott Erickson,SP,4.3,90,54,79,59,74,65,Rare
1998,BAL,Baltimore Orioles,0.488,Arthur Rhodes,RP,1.7,40,89,47,67,28,64,Rare
1998,CIN,Cincinnati Reds,0.475,Pete Harnisch,SP,5.1,88,55,72,70,70,66,Rare
1998,CIN,Cincinnati Reds,0.475,Jeff Shaw,RP,3.3,37,44,90,104,24,74,Epic
1998,CIN,Cincinnati Reds,0.475,Steve Parris,SP,1.7,85,58,69,61,67,63,Rare
1998,COL,Colorado Rockies,0.475,Chuck McElroy,RP,3.0,36,70,63,98,22,72,Epic
1998,COL,Colorado Rockies,0.475,Dave Veres,RP,2.7,37,78,62,97,24,74,Epic
1998,COL,Colorado Rockies,0.475,John Thomson,SP,2.7,85,45,73,54,67,58,Rare
1998,SEA,Seattle Mariners,0.472,Randy Johnson,SP,5.7,91,117,63,112,75,95,Legendary
1998,SEA,Seattle Mariners,0.472,Jamie Moyer,SP,5.6,90,47,100,67,73,72,Epic
1998,SEA,Seattle Mariners,0.472,Jeff Fassero,SP,4.1,90,59,75,57,74,65,Rare
1998,PHI,Philadelphia Phillies,0.463,Curt Schilling,SP,6.2,95,93,89,71,80,84,Epic
1998,PHI,Philadelphia Phillies,0.463,Paul Byrd,SP,1.7,91,48,70,59,75,61,Rare
1998,PHI,Philadelphia Phillies,0.463,Mark Leiter,RP,1.3,38,76,39,65,25,56,Rare
1998,MIL,Milwaukee Brewers,0.457,Steve Woodard,SP,1.6,87,62,95,52,69,70,Epic
1998,MIL,Milwaukee Brewers,0.457,Scott Karl,SP,1.3,83,30,64,50,64,50,Uncommon
1998,MIL,Milwaukee Brewers,0.457,Mike Myers,RP,1.0,34,60,47,83,20,59,Rare
1998,OAK,Oakland Athletics,0.457,Kenny Rogers,SP,7.5,90,36,78,76,74,64,Rare
1998,OAK,Oakland Athletics,0.457,Tom Candiotti,SP,2.0,84,25,71,45,66,49,Uncommon
1998,OAK,Oakland Athletics,0.457,Gil Heredia,SP,1.7,91,42,123,87,75,83,Epic
1998,KCA,Kansas City Royals,0.447,Tim Belcher,SP,3.3,90,33,71,54,73,55,Rare
1998,KCA,Kansas City Royals,0.447,Scott Service,RP,1.8,36,96,50,73,23,68,Rare
1998,KCA,Kansas City Royals,0.447,Pat Rapp,SP,1.6,84,50,36,44,65,46,Uncommon
1998,MIN,Minnesota Twins,0.432,Brad Radke,SP,5.2,88,48,95,57,71,67,Rare
1998,MIN,Minnesota Twins,0.432,Bob Tewksbury,SP,3.3,84,16,109,49,65,59,Rare
1998,MIN,Minnesota Twins,0.432,Mike Morgan,SP,3.2,81,26,69,47,61,49,Uncommon
1998,PIT,Pittsburgh Pirates,0.426,Francisco Cordova,SP,5.5,88,51,71,69,71,64,Rare
1998,PIT,Pittsburgh Pirates,0.426,Jason Schmidt,SP,3.3,88,54,67,55,70,60,Rare
1998,PIT,Pittsburgh Pirates,0.426,Chris Peters,SP,3.2,90,49,58,67,74,60,Rare
1998,ARI,Arizona Diamondbacks,0.401,Omar Daal,SP,4.2,91,61,71,78,75,70,Epic
1998,ARI,Arizona Diamondbacks,0.401,Andy Benes,SP,3.1,89,51,69,54,72,59,Rare
1998,ARI,Arizona Diamondbacks,0.401,Brian Anderson,SP,1.5,88,22,113,45,70,61,Rare
1998,DET,Detroit Tigers,0.401,Brian Moehler,SP,4.2,88,33,84,60,71,60,Rare
1998,DET,Detroit Tigers,0.401,Justin Thompson,SP,2.9,88,47,62,61,70,58,Rare
1998,DET,Detroit Tigers,0.401,Doug Brocail,RP,1.4,36,68,76,96,23,74,Epic
1998,MON,Montreal Expos,0.401,Ugueth Urbina,RP,3.2,36,118,44,119,23,87,Legendary
1998,MON,Montreal Expos,0.401,Carlos Perez,SP,3.1,91,30,82,63,75,60,Rare
1998,MON,Montreal Expos,0.401,Dustin Hermanson,SP,2.9,85,63,74,69,67,68,Rare
1998,TBA,Tampa Bay Devil Rays,0.389,Rolando Arrojo,SP,4.1,86,55,69,69,68,65,Rare
1998,TBA,Tampa Bay Devil Rays,0.389,Tony Saunders,SP,3.1,85,70,35,62,67,57,Rare
1998,TBA,Tampa Bay Devil Rays,0.389,Jim Mecir,RP,1.9,37,72,54,82,24,65,Rare
1998,FLO,Florida Marlins,0.333,Matt Mantei,RP,1.2,38,97,49,79,25,70,Epic
1998,FLO,Florida Marlins,0.333,Jay Powell,RP,1.1,37,69,40,72,24,57,Rare
1998,FLO,Florida Marlins,0.333,Vic Darensbourg,RP,1.0,37,85,49,60,24,61,Rare
1999,ATL,Atlanta Braves,0.636,Kevin Millwood,SP,6.2,90,71,83,86,73,79,Epic
1999,ATL,Atlanta Braves,0.636,John Smoltz,SP,4.4,87,64,92,75,69,76,Epic
1999,ATL,Atlanta Braves,0.636,Greg Maddux,SP,3.2,88,41,102,68,71,70,Epic
1999,ARI,Arizona Diamondbacks,0.617,Randy Johnson,SP,9.1,95,116,83,95,80,96,Legendary
1999,ARI,Arizona Diamondbacks,0.617,Omar Daal,SP,4.6,88,49,59,65,71,59,Rare
1999,ARI,Arizona Diamondbacks,0.617,Greg Swindell,RP,1.9,36,59,68,93,23,68,Rare
1999,NYA,New York Yankees,0.605,David Cone,SP,5.0,85,72,45,70,67,63,Rare
1999,NYA,New York Yankees,0.605,Orlando Hernandez,SP,4.2,88,53,51,58,70,56,Rare
1999,NYA,New York Yankees,0.605,Mariano Rivera,RP,3.5,36,55,82,119,23,79,Epic
1999,CLE,Cleveland Indians,0.599,Bartolo Colon,SP,4.4,87,59,58,64,69,61,Rare
1999,CLE,Cleveland Indians,0.599,Dave Burba,SP,3.6,87,59,48,58,69,56,Rare
1999,CLE,Cleveland Indians,0.599,Steve Karsay,RP,2.2,39,67,56,89,27,66,Rare
1999,HOU,Houston Astros,0.599,Mike Hampton,SP,6.7,90,54,49,85,74,64,Rare
1999,HOU,Houston Astros,0.599,Jose Lima,SP,4.5,90,56,100,63,74,73,Epic
1999,HOU,Houston Astros,0.599,Billy Wagner,RP,3.8,36,125,72,115,23,96,Legendary
1999,NYN,New York Mets,0.595,Armando Benitez,RP,3.3,36,125,40,117,23,87,Legendary
1999,NYN,New York Mets,0.595,Al Leiter,SP,2.5,88,56,48,56,71,55,Rare
1999,NYN,New York Mets,0.595,Masato Yoshii,SP,2.1,84,39,67,49,65,53,Uncommon
1999,CIN,Cincinnati Reds,0.589,Pete Harnisch,SP,3.2,84,39,76,64,66,60,Rare
1999,CIN,Cincinnati Reds,0.589,Scott Williamson,RP,2.7,39,96,45,102,26,75,Epic
1999,CIN,Cincinnati Reds,0.589,Scott Sullivan,RP,2.0,39,48,50,82,26,57,Rare
1999,TEX,Texas Rangers,0.586,Jeff Zimmerman,RP,3.9,38,57,82,112,25,78,Epic
1999,TEX,Texas Rangers,0.586,Aaron Sele,SP,3.6,85,71,65,55,67,64,Rare
1999,TEX,Texas Rangers,0.586,Rick Helling,SP,3.4,86,38,55,49,68,49,Uncommon
1999,BOS,Boston Red Sox,0.58,Pedro Martinez,SP,9.8,93,125,101,117,77,111,Legendary
1999,BOS,Boston Red Sox,0.58,Bret Saberhagen,SP,3.8,81,48,118,89,61,83,Epic
1999,BOS,Boston Red Sox,0.58,Derek Lowe,RP,3.5,39,53,89,103,26,76,Epic
1999,OAK,Oakland Athletics,0.537,Tim Hudson,SP,3.9,88,78,46,78,70,68,Rare
1999,OAK,Oakland Athletics,0.537,Kenny Rogers,SP,3.0,86,43,62,58,68,56,Rare
1999,OAK,Oakland Athletics,0.537,Gil Heredia,SP,2.4,84,36,102,49,66,63,Rare
1999,SFN,San Francisco Giants,0.531,Russ Ortiz,SP,2.5,86,59,33,57,68,52,Uncommon
1999,SFN,San Francisco Giants,0.531,John Johnstone,RP,1.6,36,66,73,84,23,69,Rare
1999,SFN,San Francisco Giants,0.531,Alan Embree,RP,1.4,35,71,47,66,21,57,Rare
1999,TOR,Toronto Blue Jays,0.519,David Wells,SP,3.0,89,53,81,50,72,62,Rare
1999,TOR,Toronto Blue Jays,0.519,Roy Halladay,SP,2.6,99,32,39,62,85,48,Uncommon
1999,TOR,Toronto Blue Jays,0.519,Pat Hentgen,SP,2.3,83,37,68,49,64,53,Uncommon
1999,SEA,Seattle Mariners,0.488,Jamie Moyer,SP,6.5,91,38,93,67,75,67,Rare
1999,SEA,Seattle Mariners,0.488,Freddy Garcia,SP,5.4,84,65,47,65,66,60,Rare
1999,SEA,Seattle Mariners,0.488,John Halama,SP,4.8,94,37,71,60,78,58,Rare
1999,PIT,Pittsburgh Pirates,0.484,Todd Ritchie,SP,3.3,88,41,71,69,71,61,Rare
1999,PIT,Pittsburgh Pirates,0.484,Jason Schmidt,SP,2.9,87,49,52,56,69,54,Uncommon
1999,PIT,Pittsburgh Pirates,0.484,Kris Benson,SP,2.4,86,51,49,61,68,55,Rare
1999,BAL,Baltimore Orioles,0.481,Mike Mussina,SP,4.4,88,65,83,71,70,73,Epic
1999,BAL,Baltimore Orioles,0.481,Juan Guzman,SP,2.9,84,58,48,66,66,58,Rare
1999,BAL,Baltimore Orioles,0.481,Scott Erickson,SP,2.0,89,22,48,48,72,43,Common
1999,LAN,Los Angeles Dodgers,0.475,Kevin Brown,SP,6.2,92,68,88,77,76,77,Epic
1999,LAN,Los Angeles Dodgers,0.475,Ismael Valdez,SP,2.8,86,50,77,53,68,61,Rare
1999,LAN,Los Angeles Dodgers,0.475,Jeff Shaw,RP,1.5,36,42,91,82,23,67,Rare
1999,PHI,Philadelphia Phillies,0.475,Curt Schilling,SP,4.9,94,65,86,68,78,73,Epic
1999,PHI,Philadelphia Phillies,0.475,Paul Byrd,SP,1.5,86,30,63,50,68,50,Uncommon
1999,PHI,Philadelphia Phillies,0.475,Steve Montgomery,RP,1.5,37,66,44,71,24,57,Rare
1999,CHA,Chicago White Sox,0.466,Mike Sirotka,SP,4.5,88,38,80,62,70,61,Rare
1999,CHA,Chicago White Sox,0.466,Keith Foulke,RP,4.4,39,98,95,111,27,94,Legendary
1999,CHA,Chicago White Sox,0.466,James Baldwin,SP,2.4,84,40,51,46,66,48,Uncommon
1999,SLN,St. Louis Cardinals,0.466,Darren Oliver,SP,3.3,88,39,57,58,70,53,Uncommon
1999,SLN,St. Louis Cardinals,0.466,Kent Bottenfield,SP,3.2,85,44,45,59,67,51,Uncommon
1999,SLN,St. Louis Cardinals,0.466,Heathcliff Slocumb,RP,1.3,37,78,30,63,24,54,Uncommon
1999,MIL,Milwaukee Brewers,0.46,Hideo Nomo,SP,2.3,86,72,47,48,68,57,Rare
1999,MIL,Milwaukee Brewers,0.46,Steve Woodard,SP,2.1,87,43,96,50,69,64,Rare
1999,MIL,Milwaukee Brewers,0.46,Bob Wickman,RP,1.6,36,61,41,71,23,54,Uncommon
1999,SDN,San Diego Padres,0.457,Andy Ashby,SP,3.0,88,43,82,55,71,61,Rare
1999,SDN,San Diego Padres,0.457,Sterling Hitchcock,SP,2.8,85,75,59,50,67,62,Rare
1999,SDN,San Diego Padres,0.457,Woody Williams,SP,2.3,86,45,63,46,68,53,Uncommon
1999,COL,Colorado Rockies,0.444,Pedro Astacio,SP,5.9,89,71,69,56,72,66,Rare
1999,COL,Colorado Rockies,0.444,Brian Bohanon,SP,3.1,84,39,45,45,65,45,Uncommon
1999,COL,Colorado Rockies,0.444,Jamey Wright,SP,2.9,84,29,35,62,65,44,Common
1999,ANA,Anaheim Angels,0.432,Omar Olivares,SP,3.6,87,17,54,59,69,46,Uncommon
1999,ANA,Anaheim Angels,0.432,Chuck Finley,SP,2.5,87,75,47,56,69,60,Rare
1999,ANA,Anaheim Angels,0.432,Mark Petkovsek,RP,1.4,38,29,84,75,25,59,Rare
1999,DET,Detroit Tigers,0.429,Doug Brocail,RP,3.1,37,76,73,102,24,78,Epic
1999,DET,Detroit Tigers,0.429,Dave Mlicki,SP,2.2,87,39,60,49,69,51,Uncommon
1999,DET,Detroit Tigers,0.429,Brian Moehler,SP,1.9,85,31,74,49,67,53,Uncommon
1999,TBA,Tampa Bay Devil Rays,0.426,Wilson Alvarez,SP,2.7,82,60,42,58,63,54,Uncommon
1999,TBA,Tampa Bay Devil Rays,0.426,Roberto Hernandez,RP,2.7,36,75,46,92,23,66,Rare
1999,TBA,Tampa Bay Devil Rays,0.426,Rolando Arrojo,SP,2.5,83,56,49,45,64,51,Uncommon
1999,MON,Montreal Expos,0.42,Dustin Hermanson,SP,3.4,87,46,70,56,69,58,Rare
1999,MON,Montreal Expos,0.42,Mike Thurman,SP,1.6,81,36,62,56,61,52,Uncommon
1999,MON,Montreal Expos,0.42,Ugueth Urbina,RP,1.3,36,114,44,65,23,69,Rare
1999,CHN,Chicago Cubs,0.414,Jon Lieber,SP,2.5,88,72,90,54,70,72,Epic
1999,CHN,Chicago Cubs,0.414,Rick Aguilera,RP,1.9,36,46,100,110,23,79,Epic
1999,CHN,Chicago Cubs,0.414,Terry Mulholland,SP,1.6,91,25,81,60,75,57,Rare
1999,KCA,Kansas City Royals,0.398,Jose Rosado,SP,4.0,86,47,64,66,68,60,Rare
1999,KCA,Kansas City Royals,0.398,Jeff Suppan,SP,3.0,88,26,74,55,70,54,Uncommon
1999,KCA,Kansas City Royals,0.398,Kevin Appier,SP,1.4,85,41,52,45,67,48,Uncommon
1999,FLO,Florida Marlins,0.395,Alex Fernandez,SP,2.8,83,44,76,69,64,63,Rare
1999,FLO,Florida Marlins,0.395,Matt Mantei,RP,1.7,36,125,26,87,23,74,Epic
1999,FLO,Florida Marlins,0.395,Livan Hernandez,SP,1.7,88,52,56,47,71,54,Uncommon
1999,MIN,Minnesota Twins,0.394,Brad Radke,SP,6.6,88,33,95,68,71,66,Rare
1999,MIN,Minnesota Twins,0.394,Eric Milton,SP,4.2,84,59,73,56,66,63,Rare
1999,MIN,Minnesota Twins,0.394,Joe Mays,SP,3.2,100,47,54,58,87,56,Rare
2000,SFN,San Francisco Giants,0.599,Livan Hernandez,SP,3.4,92,48,73,60,76,62,Rare
2000,SFN,San Francisco Giants,0.599,Robb Nen,RP,2.5,36,122,76,116,22,96,Legendary
2000,SFN,San Francisco Giants,0.599,Shawn Estes,SP,2.0,86,51,36,56,68,50,Uncommon
2000,ATL,Atlanta Braves,0.586,Greg Maddux,SP,6.5,91,56,102,82,75,80,Epic
2000,ATL,Atlanta Braves,0.586,Tom Glavine,SP,4.9,90,42,80,70,73,65,Rare
2000,ATL,Atlanta Braves,0.586,Kevin Millwood,SP,1.8,84,59,76,49,66,62,Rare
2000,CHA,Chicago White Sox,0.586,Mike Sirotka,SP,4.0,85,44,63,67,67,59,Rare
2000,CHA,Chicago White Sox,0.586,Keith Foulke,RP,3.0,37,85,84,88,24,80,Epic
2000,CHA,Chicago White Sox,0.586,Jim Parque,SP,2.8,83,38,57,60,64,53,Uncommon
2000,SLN,St. Louis Cardinals,0.586,Darryl Kile,SP,3.7,90,63,85,59,73,69,Rare
2000,SLN,St. Louis Cardinals,0.586,Rick Ankiel,SP,3.3,83,92,41,68,64,67,Rare
2000,SLN,St. Louis Cardinals,0.586,Garrett Stephenson,SP,2.4,87,40,71,51,69,55,Rare
2000,NYN,New York Mets,0.58,Al Leiter,SP,4.8,88,77,60,73,71,70,Epic
2000,NYN,New York Mets,0.58,Mike Hampton,SP,4.7,88,49,46,79,71,59,Rare
2000,NYN,New York Mets,0.58,Rick Reed,SP,2.7,85,45,99,53,67,66,Rare
2000,OAK,Oakland Athletics,0.565,Tim Hudson,SP,4.0,86,64,51,57,68,58,Rare
2000,OAK,Oakland Athletics,0.565,Gil Heredia,SP,3.4,85,28,67,57,67,52,Uncommon
2000,OAK,Oakland Athletics,0.565,Barry Zito,SP,3.4,88,65,43,93,71,67,Rare
2000,SEA,Seattle Mariners,0.562,Paul Abbott,SP,2.6,88,33,47,54,71,47,Uncommon
2000,SEA,Seattle Mariners,0.562,Aaron Sele,SP,2.5,85,44,63,55,67,55,Rare
2000,SEA,Seattle Mariners,0.562,Gil Meche,SP,1.9,82,50,45,65,63,54,Uncommon
2000,CLE,Cleveland Indians,0.556,Bartolo Colon,SP,4.8,86,94,40,65,68,66,Rare
2000,CLE,Cleveland Indians,0.556,Chuck Finley,SP,4.5,87,67,45,61,69,59,Rare
2000,CLE,Cleveland Indians,0.556,Dave Burba,SP,3.7,84,75,44,57,65,59,Rare
2000,NYA,New York Yankees,0.54,Roger Clemens,SP,4.6,87,73,50,65,69,63,Rare
2000,NYA,New York Yankees,0.54,Andy Pettitte,SP,3.6,87,39,54,59,69,52,Uncommon
2000,NYA,New York Yankees,0.54,Orlando Hernandez,SP,3.2,89,52,82,51,72,63,Rare
2000,LAN,Los Angeles Dodgers,0.531,Kevin Brown,SP,7.0,90,75,94,88,74,84,Epic
2000,LAN,Los Angeles Dodgers,0.531,Chan Ho Park,SP,4.9,88,77,38,69,71,62,Rare
2000,LAN,Los Angeles Dodgers,0.531,Matt Herges,RP,2.0,41,47,60,74,29,57,Rare
2000,ARI,Arizona Diamondbacks,0.525,Randy Johnson,SP,8.1,91,122,73,95,75,94,Legendary
2000,ARI,Arizona Diamondbacks,0.525,Brian Anderson,SP,4.1,88,25,99,57,71,61,Rare
2000,ARI,Arizona Diamondbacks,0.525,Greg Swindell,RP,1.7,37,65,82,79,24,70,Epic
2000,BOS,Boston Red Sox,0.525,Pedro Martinez,SP,11.7,94,113,107,114,78,108,Legendary
2000,BOS,Boston Red Sox,0.525,Derek Lowe,RP,3.5,37,67,86,106,24,80,Epic
2000,BOS,Boston Red Sox,0.525,Tomo Ohka,SP,2.3,83,36,58,85,64,60,Rare
2000,CIN,Cincinnati Reds,0.525,Denny Neagle,SP,3.2,86,50,55,53,68,54,Uncommon
2000,CIN,Cincinnati Reds,0.525,Danny Graves,RP,2.8,38,36,46,97,25,56,Rare
2000,CIN,Cincinnati Reds,0.525,Scott Williamson,RP,2.8,43,103,27,78,32,66,Rare
2000,TOR,Toronto Blue Jays,0.512,David Wells,SP,4.8,88,52,109,64,70,74,Epic
2000,TOR,Toronto Blue Jays,0.512,Frank Castillo,SP,3.9,82,55,51,71,63,59,Rare
2000,TOR,Toronto Blue Jays,0.512,Billy Koch,RP,2.5,37,56,89,103,24,77,Epic
2000,ANA,Anaheim Angels,0.506,Jarrod Washburn,SP,1.8,84,36,47,65,66,51,Uncommon
2000,ANA,Anaheim Angels,0.506,Shigetoshi Hasegawa,RP,1.7,39,40,53,74,26,53,Uncommon
2000,ANA,Anaheim Angels,0.506,Mike Fyhrie,RP,1.6,39,62,77,112,27,78,Epic
2000,COL,Colorado Rockies,0.506,Gabe White,RP,4.4,37,81,100,81,24,81,Epic
2000,COL,Colorado Rockies,0.506,Pedro Astacio,SP,3.1,85,79,54,53,67,62,Rare
2000,COL,Colorado Rockies,0.506,Brian Bohanon,SP,3.1,89,33,47,62,72,50,Uncommon
2000,FLO,Florida Marlins,0.491,Ryan Dempster,SP,4.2,90,73,48,60,73,62,Rare
2000,FLO,Florida Marlins,0.491,Chuck Smith,SP,2.9,87,77,47,76,69,67,Rare
2000,FLO,Florida Marlins,0.491,Reid Cornelius,SP,0.7,84,15,52,44,65,40,Common
2000,DET,Detroit Tigers,0.488,Jeff Weaver,SP,3.2,88,48,82,54,71,62,Rare
2000,DET,Detroit Tigers,0.488,Hideo Nomo,SP,2.6,85,76,45,48,67,57,Rare
2000,DET,Detroit Tigers,0.488,Brian Moehler,SP,2.2,85,36,90,53,67,60,Rare
2000,KCA,Kansas City Royals,0.475,Mac Suzuki,SP,3.2,88,52,42,58,70,53,Uncommon
2000,KCA,Kansas City Royals,0.475,Jeff Suppan,SP,2.9,88,37,55,49,70,49,Uncommon
2000,KCA,Kansas City Royals,0.475,Blake Stein,SP,1.6,86,52,39,52,68,50,Uncommon
2000,SDN,San Diego Padres,0.469,Woody Williams,SP,2.9,92,45,69,56,76,59,Rare
2000,SDN,San Diego Padres,0.469,Adam Eaton,SP,2.3,85,46,46,53,67,50,Uncommon
2000,SDN,San Diego Padres,0.469,Brian Tollberg,SP,1.8,85,43,74,61,67,60,Rare
2000,BAL,Baltimore Orioles,0.457,Mike Mussina,SP,5.7,90,69,97,63,74,76,Epic
2000,BAL,Baltimore Orioles,0.457,Jose Mercedes,SP,2.9,92,24,47,61,76,47,Uncommon
2000,BAL,Baltimore Orioles,0.457,Sidney Ponson,SP,2.7,90,48,58,48,73,54,Uncommon
2000,MIL,Milwaukee Brewers,0.451,Jeff D'Amico,SP,5.0,90,41,77,90,74,70,Epic
2000,MIL,Milwaukee Brewers,0.451,Jamey Wright,SP,2.4,88,36,39,60,70,48,Uncommon
2000,MIL,Milwaukee Brewers,0.451,Curt Leskanic,RP,2.3,36,78,28,93,23,62,Rare
2000,HOU,Houston Astros,0.444,Scott Elarton,SP,2.6,87,48,48,50,69,51,Uncommon
2000,HOU,Houston Astros,0.444,Chris Holt,SP,2.2,87,45,60,48,69,53,Uncommon
2000,HOU,Houston Astros,0.444,Joe Slusarski,RP,1.6,39,50,77,61,26,59,Rare
2000,TEX,Texas Rangers,0.438,Kenny Rogers,SP,5.0,88,33,64,58,71,54,Uncommon
2000,TEX,Texas Rangers,0.438,Rick Helling,SP,4.2,85,47,46,56,67,51,Uncommon
2000,TEX,Texas Rangers,0.438,Esteban Loaiza,SP,3.8,87,48,77,58,69,62,Rare
2000,TBA,Tampa Bay Devil Rays,0.429,Albie Lopez,SP,3.3,95,29,57,60,80,52,Uncommon
2000,TBA,Tampa Bay Devil Rays,0.429,Bryan Rekar,SP,3.0,87,32,90,56,69,60,Rare
2000,TBA,Tampa Bay Devil Rays,0.429,Steve Trachsel,SP,2.7,84,32,59,51,65,49,Uncommon
2000,MIN,Minnesota Twins,0.426,Brad Radke,SP,6.2,88,41,90,59,71,64,Rare
2000,MIN,Minnesota Twins,0.426,Eric Milton,SP,3.5,84,60,91,51,66,67,Rare
2000,MIN,Minnesota Twins,0.426,Mark Redman,SP,3.4,86,57,74,53,68,62,Rare
2000,PIT,Pittsburgh Pirates,0.426,Kris Benson,SP,5.1,89,65,53,62,72,61,Rare
2000,PIT,Pittsburgh Pirates,0.426,Todd Ritchie,SP,2.0,84,46,80,47,66,58,Rare
2000,PIT,Pittsburgh Pirates,0.426,Josias Manzanillo,RP,1.6,38,46,38,71,25,49,Uncommon
2000,MON,Montreal Expos,0.414,Javier Vazquez,SP,4.7,88,71,78,61,71,70,Epic
2000,MON,Montreal Expos,0.414,Carl Pavano,SP,2.8,87,45,63,84,69,64,Rare
2000,MON,Montreal Expos,0.414,Tony Armas,SP,1.8,82,41,40,57,62,48,Uncommon
2000,CHN,Chicago Cubs,0.401,Jon Lieber,SP,3.7,91,57,92,51,75,68,Rare
2000,CHN,Chicago Cubs,0.401,Kerry Wood,SP,1.8,84,77,30,47,65,53,Uncommon
2000,CHN,Chicago Cubs,0.401,Tim Worrell,RP,1.8,37,63,49,63,24,55,Rare
2000,PHI,Philadelphia Phillies,0.401,Curt Schilling,SP,5.2,92,60,92,63,76,72,Epic
2000,PHI,Philadelphia Phillies,0.401,Robert Person,SP,3.9,85,75,38,69,67,61,Rare
2000,PHI,Philadelphia Phillies,0.401,Bruce Chen,SP,3.1,102,64,64,79,90,71,Epic
2001,SEA,Seattle Mariners,0.716,Freddy Garcia,SP,4.2,90,48,76,73,74,66,Rare
2001,SEA,Seattle Mariners,0.716,Jamie Moyer,SP,3.4,86,34,93,61,68,63,Rare
2001,SEA,Seattle Mariners,0.716,Arthur Rhodes,RP,2.5,36,104,100,114,22,98,Legendary
2001,OAK,Oakland Athletics,0.63,Mark Mulder,SP,5.6,89,46,90,68,72,68,Rare
2001,OAK,Oakland Athletics,0.63,Barry Zito,SP,4.5,85,76,58,66,67,67,Rare
2001,OAK,Oakland Athletics,0.63,Tim Hudson,SP,4.5,89,57,73,69,72,67,Rare
2001,NYA,New York Yankees,0.594,Mike Mussina,SP,7.1,89,74,99,75,72,82,Epic
2001,NYA,New York Yankees,0.594,Roger Clemens,SP,5.7,88,78,68,68,71,71,Epic
2001,NYA,New York Yankees,0.594,Andy Pettitte,SP,3.5,87,62,94,61,69,72,Epic
2001,HOU,Houston Astros,0.574,Wade Miller,SP,5.3,88,67,61,68,71,66,Rare
2001,HOU,Houston Astros,0.574,Roy Oswalt,SP,4.7,91,83,102,89,75,90,Legendary
2001,HOU,Houston Astros,0.574,Octavio Dotel,RP,3.0,40,121,47,96,28,82,Epic
2001,SLN,St. Louis Cardinals,0.574,Darryl Kile,SP,4.9,88,59,77,73,71,70,Epic
2001,SLN,St. Louis Cardinals,0.574,Matt Morris,SP,4.1,87,66,85,75,69,75,Epic
2001,SLN,St. Louis Cardinals,0.574,Steve Kline,RP,2.7,35,52,55,118,21,70,Epic
2001,ARI,Arizona Diamondbacks,0.568,Randy Johnson,SP,10.1,93,125,77,100,77,98,Legendary
2001,ARI,Arizona Diamondbacks,0.568,Curt Schilling,SP,8.8,93,96,106,79,77,92,Legendary
2001,ARI,Arizona Diamondbacks,0.568,Byung-Hyun Kim,RP,3.1,37,97,47,83,24,70,Epic
2001,CLE,Cleveland Indians,0.562,Bartolo Colon,SP,4.6,88,71,51,55,70,60,Rare
2001,CLE,Cleveland Indians,0.562,CC Sabathia,SP,2.9,81,76,40,53,61,57,Rare
2001,CLE,Cleveland Indians,0.562,Bob Wickman,RP,2.9,36,78,94,102,22,84,Epic
2001,SFN,San Francisco Giants,0.556,Russ Ortiz,SP,4.1,88,57,49,67,71,59,Rare
2001,SFN,San Francisco Giants,0.556,Felix Rodriguez,RP,3.2,36,95,66,115,23,85,Legendary
2001,SFN,San Francisco Giants,0.556,Shawn Estes,SP,1.6,84,48,43,54,65,50,Uncommon
2001,ATL,Atlanta Braves,0.543,Greg Maddux,SP,5.2,90,54,113,77,73,80,Epic
2001,ATL,Atlanta Braves,0.543,John Burkett,SP,4.8,87,66,70,78,69,71,Epic
2001,ATL,Atlanta Braves,0.543,Tom Glavine,SP,3.6,86,30,47,64,68,49,Uncommon
2001,CHN,Chicago Cubs,0.543,Jon Lieber,SP,3.9,90,43,100,56,73,67,Rare
2001,CHN,Chicago Cubs,0.543,Kerry Wood,SP,3.4,85,106,39,65,67,70,Epic
2001,CHN,Chicago Cubs,0.543,Kyle Farnsworth,RP,2.1,36,113,62,79,23,78,Epic
2001,LAN,Los Angeles Dodgers,0.531,Chan Ho Park,SP,4.2,88,74,55,59,71,64,Rare
2001,LAN,Los Angeles Dodgers,0.531,Kevin Brown,SP,3.1,84,71,68,81,66,73,Epic
2001,LAN,Los Angeles Dodgers,0.531,Terry Adams,SP,2.0,94,65,68,52,79,63,Rare
2001,PHI,Philadelphia Phillies,0.531,Randy Wolf,SP,1.8,88,74,71,60,70,68,Rare
2001,PHI,Philadelphia Phillies,0.531,Robert Person,SP,1.7,86,68,56,49,68,59,Rare
2001,PHI,Philadelphia Phillies,0.531,Brandon Duckworth,SP,1.1,86,36,49,69,68,53,Uncommon
2001,MIN,Minnesota Twins,0.525,Joe Mays,SP,6.6,90,30,79,74,73,62,Rare
2001,MIN,Minnesota Twins,0.525,Brad Radke,SP,4.4,90,39,114,59,73,71,Epic
2001,MIN,Minnesota Twins,0.525,Eric Milton,SP,3.6,88,51,79,51,70,61,Rare
2001,CHA,Chicago White Sox,0.512,Mark Buehrle,SP,6.0,90,35,92,72,73,67,Rare
2001,CHA,Chicago White Sox,0.512,Keith Foulke,RP,3.7,36,73,80,109,23,81,Epic
2001,CHA,Chicago White Sox,0.512,Sean Lowe,RP,2.7,45,33,84,67,35,59,Rare
2001,BOS,Boston Red Sox,0.509,Pedro Martinez,SP,5.1,88,122,92,103,70,102,Legendary
2001,BOS,Boston Red Sox,0.509,Hideo Nomo,SP,3.1,84,93,43,49,65,62,Rare
2001,BOS,Boston Red Sox,0.509,Tim Wakefield,RP,2.8,45,68,48,62,35,57,Rare
2001,NYN,New York Mets,0.506,Kevin Appier,SP,3.5,86,64,72,60,68,66,Rare
2001,NYN,New York Mets,0.506,Al Leiter,SP,3.0,87,56,85,65,69,69,Rare
2001,NYN,New York Mets,0.506,Rick Reed,SP,2.8,86,50,105,51,68,69,Rare
2001,TOR,Toronto Blue Jays,0.494,Chris Carpenter,SP,3.2,86,53,63,56,68,58,Rare
2001,TOR,Toronto Blue Jays,0.494,Roy Halladay,SP,3.0,88,72,87,82,70,79,Epic
2001,TOR,Toronto Blue Jays,0.494,Kelvim Escobar,RP,2.9,42,77,50,71,31,62,Rare
2001,SDN,San Diego Padres,0.488,Woody Williams,SP,2.7,87,50,84,67,69,67,Rare
2001,SDN,San Diego Padres,0.488,Brian Tollberg,SP,1.8,85,39,92,46,67,60,Rare
2001,SDN,San Diego Padres,0.488,Brian Lawrence,SP,1.7,94,53,74,61,79,64,Rare
2001,FLO,Florida Marlins,0.469,Brad Penny,SP,2.7,88,55,82,62,71,67,Rare
2001,FLO,Florida Marlins,0.469,A. J. Burnett,SP,1.7,87,54,44,53,69,52,Uncommon
2001,FLO,Florida Marlins,0.469,Vladimir Nunez,RP,1.7,40,49,68,81,28,62,Rare
2001,ANA,Anaheim Angels,0.463,Jarrod Washburn,SP,3.8,87,44,78,59,69,61,Rare
2001,ANA,Anaheim Angels,0.463,Al Levine,RP,2.3,37,30,59,99,24,59,Rare
2001,ANA,Anaheim Angels,0.463,Ramon Ortiz,SP,2.3,88,44,60,52,70,54,Uncommon
2001,COL,Colorado Rockies,0.451,John Thomson,SP,2.2,88,53,81,65,71,67,Rare
2001,COL,Colorado Rockies,0.451,Pedro Astacio,SP,2.0,88,65,70,62,70,66,Rare
2001,COL,Colorado Rockies,0.451,Shawn Chacon,SP,1.8,84,64,38,51,65,52,Uncommon
2001,TEX,Texas Rangers,0.451,Jeff Zimmerman,RP,3.3,36,82,90,99,23,84,Epic
2001,TEX,Texas Rangers,0.451,Doug Davis,SP,3.2,85,40,58,57,67,53,Uncommon
2001,TEX,Texas Rangers,0.451,Rick Helling,SP,1.9,86,51,75,42,68,57,Rare
2001,MIL,Milwaukee Brewers,0.42,David Weathers,RP,2.6,36,57,53,92,23,63,Rare
2001,MIL,Milwaukee Brewers,0.42,Chad Fox,RP,2.2,36,102,38,113,23,78,Epic
2001,MIL,Milwaukee Brewers,0.42,Mike DeJean,RP,1.5,36,61,45,85,23,60,Rare
2001,MON,Montreal Expos,0.42,Javier Vazquez,SP,5.7,90,74,96,67,74,78,Epic
2001,MON,Montreal Expos,0.42,Tony Armas,SP,3.1,83,70,45,58,64,58,Rare
2001,MON,Montreal Expos,0.42,Scott Strickland,RP,1.3,36,86,42,71,23,62,Rare
2001,CIN,Cincinnati Reds,0.407,Elmer Dessens,SP,4.3,84,41,79,50,66,58,Rare
2001,CIN,Cincinnati Reds,0.407,Scott Sullivan,RP,2.2,38,60,63,72,25,61,Rare
2001,CIN,Cincinnati Reds,0.407,Jim Brower,RP,1.9,45,53,45,58,35,50,Uncommon
2001,DET,Detroit Tigers,0.407,Steve Sparks,SP,4.4,90,27,79,61,74,57,Rare
2001,DET,Detroit Tigers,0.407,Jeff Weaver,SP,3.4,90,46,74,56,73,60,Rare
2001,DET,Detroit Tigers,0.407,Danny Patterson,RP,1.8,36,17,98,76,23,60,Rare
2001,KCA,Kansas City Royals,0.401,Jeff Suppan,SP,2.4,87,32,65,55,69,52,Uncommon
2001,KCA,Kansas City Royals,0.401,Jason Grimsley,RP,1.8,36,56,63,83,23,63,Rare
2001,KCA,Kansas City Royals,0.401,Paul Byrd,SP,1.4,87,27,84,43,69,53,Uncommon
2001,BAL,Baltimore Orioles,0.391,Calvin Maduro,SP,1.7,96,32,56,52,81,50,Uncommon
2001,BAL,Baltimore Orioles,0.391,Josh Towers,SP,1.6,90,17,114,47,74,61,Rare
2001,BAL,Baltimore Orioles,0.391,Pat Hentgen,SP,1.5,90,30,73,64,73,57,Rare
2001,PIT,Pittsburgh Pirates,0.383,David Williams,SP,2.3,86,27,53,61,68,49,Uncommon
2001,PIT,Pittsburgh Pirates,0.383,Jason Schmidt,SP,2.1,84,75,51,58,66,62,Rare
2001,PIT,Pittsburgh Pirates,0.383,Todd Ritchie,SP,1.9,86,38,84,52,68,59,Rare
2001,TBA,Tampa Bay Devil Rays,0.383,Tanyon Sturtze,SP,3.3,92,34,51,50,76,48,Uncommon
2001,TBA,Tampa Bay Devil Rays,0.383,Joe Kennedy,SP,1.7,84,46,76,49,65,58,Rare
2001,TBA,Tampa Bay Devil Rays,0.383,Albie Lopez,SP,1.1,85,45,60,50,67,53,Uncommon
2002,NYA,New York Yankees,0.64,Mike Mussina,SP,4.5,88,65,90,55,70,70,Epic
2002,NYA,New York Yankees,0.64,David Wells,SP,3.7,88,46,91,61,71,66,Rare
2002,NYA,New York Yankees,0.64,Orlando Hernandez,SP,3.7,88,58,85,62,71,69,Rare
2002,OAK,Oakland Athletics,0.636,Barry Zito,SP,7.2,88,60,65,82,70,69,Rare
2002,OAK,Oakland Athletics,0.636,Tim Hudson,SP,6.9,90,43,82,77,74,68,Rare
2002,OAK,Oakland Athletics,0.636,Mark Mulder,SP,4.7,90,57,81,65,73,68,Rare
2002,ATL,Atlanta Braves,0.631,Greg Maddux,SP,4.4,83,37,90,85,64,70,Epic
2002,ATL,Atlanta Braves,0.631,Tom Glavine,SP,4.1,86,34,64,74,68,58,Rare
2002,ATL,Atlanta Braves,0.631,Kevin Millwood,SP,3.8,87,62,74,69,69,68,Rare
2002,ANA,Anaheim Angels,0.611,Jarrod Washburn,SP,4.5,87,47,77,74,69,66,Rare
2002,ANA,Anaheim Angels,0.611,Ramon Ortiz,SP,3.1,89,55,71,56,72,62,Rare
2002,ANA,Anaheim Angels,0.611,Troy Percival,RP,2.4,36,103,47,113,22,81,Epic
2002,ARI,Arizona Diamondbacks,0.605,Randy Johnson,SP,10.7,94,111,80,102,78,96,Legendary
2002,ARI,Arizona Diamondbacks,0.605,Curt Schilling,SP,8.6,93,104,111,72,77,94,Legendary
2002,ARI,Arizona Diamondbacks,0.605,Byung-Hyun Kim,RP,4.0,37,91,72,116,24,86,Legendary
2002,SLN,St. Louis Cardinals,0.599,Matt Morris,SP,2.9,88,62,73,63,70,66,Rare
2002,SLN,St. Louis Cardinals,0.599,Woody Williams,SP,2.7,84,54,86,83,66,74,Epic
2002,SLN,St. Louis Cardinals,0.599,Mike Crudale,RP,1.4,36,70,81,115,23,82,Epic
2002,SFN,San Francisco Giants,0.59,Kirk Rueter,SP,2.8,85,12,81,62,67,53,Uncommon
2002,SFN,San Francisco Giants,0.59,Russ Ortiz,SP,2.8,88,43,47,59,70,52,Uncommon
2002,SFN,San Francisco Giants,0.59,Jason Schmidt,SP,2.4,87,87,53,60,69,67,Rare
2002,MIN,Minnesota Twins,0.584,J. C. Romero,RP,3.6,36,75,47,118,22,74,Epic
2002,MIN,Minnesota Twins,0.584,Rick Reed,SP,2.8,83,43,109,57,64,69,Rare
2002,MIN,Minnesota Twins,0.584,Johan Santana,SP,2.6,95,108,46,81,80,78,Epic
2002,BOS,Boston Red Sox,0.574,Derek Lowe,SP,7.2,90,36,91,96,73,74,Epic
2002,BOS,Boston Red Sox,0.574,Pedro Martinez,SP,6.5,88,102,95,108,71,99,Legendary
2002,BOS,Boston Red Sox,0.574,Tim Wakefield,RP,3.9,45,62,71,85,35,69,Rare
2002,SEA,Seattle Mariners,0.574,Jamie Moyer,SP,5.6,89,43,92,65,72,67,Rare
2002,SEA,Seattle Mariners,0.574,Joel Pineiro,SP,4.7,90,50,78,66,73,66,Rare
2002,SEA,Seattle Mariners,0.574,Freddy Garcia,SP,2.9,88,61,78,48,70,63,Rare
2002,LAN,Los Angeles Dodgers,0.568,Odalis Perez,SP,4.7,90,50,102,66,73,73,Epic
2002,LAN,Los Angeles Dodgers,0.568,Eric Gagne,RP,2.9,36,121,96,103,23,98,Legendary
2002,LAN,Los Angeles Dodgers,0.568,Hideo Nomo,SP,2.6,88,68,46,56,70,58,Rare
2002,HOU,Houston Astros,0.519,Roy Oswalt,SP,7.0,90,70,81,77,73,76,Epic
2002,HOU,Houston Astros,0.519,Wade Miller,SP,4.8,86,68,57,70,68,65,Rare
2002,HOU,Houston Astros,0.519,Octavio Dotel,RP,4.2,37,103,79,115,24,92,Legendary
2002,MON,Montreal Expos,0.512,Bartolo Colon,SP,7.1,91,43,74,79,75,66,Rare
2002,MON,Montreal Expos,0.512,Tomo Ohka,SP,4.0,85,40,88,70,67,66,Rare
2002,MON,Montreal Expos,0.512,Javier Vazquez,SP,3.0,89,58,93,54,72,69,Rare
2002,CHA,Chicago White Sox,0.5,Mark Buehrle,SP,5.0,90,34,83,65,74,62,Rare
2002,CHA,Chicago White Sox,0.5,Damaso Marte,RP,1.8,36,101,74,85,22,80,Epic
2002,CHA,Chicago White Sox,0.5,Keith Foulke,RP,1.7,37,55,102,82,24,74,Epic
2002,PHI,Philadelphia Phillies,0.497,Randy Wolf,SP,4.3,89,62,74,62,72,67,Rare
2002,PHI,Philadelphia Phillies,0.497,Vicente Padilla,SP,3.0,87,41,83,63,69,63,Rare
2002,PHI,Philadelphia Phillies,0.497,Jose Mesa,RP,1.2,36,65,41,71,23,55,Rare
2002,FLO,Florida Marlins,0.488,A. J. Burnett,SP,4.0,90,80,47,67,74,66,Rare
2002,FLO,Florida Marlins,0.488,Braden Looper,RP,1.5,36,43,68,67,23,56,Rare
2002,FLO,Florida Marlins,0.488,Vladimir Nunez,RP,1.4,38,55,57,63,25,55,Rare
2002,CIN,Cincinnati Reds,0.481,Elmer Dessens,SP,4.0,84,29,79,71,65,60,Rare
2002,CIN,Cincinnati Reds,0.481,Jimmy Haynes,SP,2.5,83,43,50,53,64,50,Uncommon
2002,CIN,Cincinnati Reds,0.481,Danny Graves,RP,2.1,39,37,84,73,26,61,Rare
2002,TOR,Toronto Blue Jays,0.481,Roy Halladay,SP,7.3,90,50,83,87,74,73,Epic
2002,TOR,Toronto Blue Jays,0.481,Pete Walker,SP,1.9,90,35,60,41,74,48,Uncommon
2002,TOR,Toronto Blue Jays,0.481,Mark Hendrickson,RP,1.3,43,35,68,105,32,66,Rare
2002,NYN,New York Mets,0.466,Al Leiter,SP,2.5,85,65,66,59,67,64,Rare
2002,NYN,New York Mets,0.466,Steve Trachsel,SP,2.5,83,39,53,62,64,53,Uncommon
2002,NYN,New York Mets,0.466,Armando Benitez,RP,2.0,36,99,58,90,23,76,Epic
2002,CLE,Cleveland Indians,0.457,CC Sabathia,SP,3.3,87,51,49,54,69,53,Uncommon
2002,CLE,Cleveland Indians,0.457,Danys Baez,SP,2.6,87,59,42,53,69,53,Uncommon
2002,CLE,Cleveland Indians,0.457,Chuck Finley,SP,1.9,84,72,50,56,65,60,Rare
2002,COL,Colorado Rockies,0.451,Jason Jennings,SP,2.1,83,48,57,52,64,53,Uncommon
2002,COL,Colorado Rockies,0.451,Denny Stark,SP,1.7,87,26,42,57,69,44,Common
2002,COL,Colorado Rockies,0.451,Jose Jimenez,RP,1.0,36,43,106,70,22,68,Rare
2002,PIT,Pittsburgh Pirates,0.447,Kip Wells,SP,2.8,84,47,61,61,66,57,Rare
2002,PIT,Pittsburgh Pirates,0.447,Scott Sauerbeck,RP,2.0,35,93,48,100,21,74,Epic
2002,PIT,Pittsburgh Pirates,0.447,Josh Fogg,SP,1.6,84,36,62,48,65,50,Uncommon
2002,TEX,Texas Rangers,0.444,Kenny Rogers,SP,4.9,87,28,67,64,69,55,Rare
2002,TEX,Texas Rangers,0.444,Ismael Valdez,SP,4.3,86,29,87,51,68,57,Rare
2002,TEX,Texas Rangers,0.444,Francisco Cordero,RP,1.9,37,71,77,117,24,82,Epic
2002,BAL,Baltimore Orioles,0.414,Rodrigo Lopez,SP,3.7,90,49,70,61,74,61,Rare
2002,BAL,Baltimore Orioles,0.414,Buddy Groom,RP,2.8,36,58,97,115,22,83,Epic
2002,BAL,Baltimore Orioles,0.414,Sidney Ponson,SP,2.5,86,48,61,51,68,55,Rare
2002,CHN,Chicago Cubs,0.414,Matt Clement,SP,4.4,87,86,50,59,69,65,Rare
2002,CHN,Chicago Cubs,0.414,Kerry Wood,SP,4.4,87,83,46,57,69,63,Rare
2002,CHN,Chicago Cubs,0.414,Mark Prior,SP,3.0,85,108,68,61,67,78,Epic
2002,SDN,San Diego Padres,0.407,Brian Lawrence,SP,3.3,89,51,85,55,72,64,Rare
2002,SDN,San Diego Padres,0.407,Steve Reed,RP,2.6,36,55,93,107,23,79,Epic
2002,SDN,San Diego Padres,0.407,Oliver Perez,SP,2.1,84,86,39,53,65,60,Rare
2002,KCA,Kansas City Royals,0.383,Paul Byrd,SP,5.6,90,34,102,63,73,67,Rare
2002,KCA,Kansas City Royals,0.383,Runelvys Hernandez,SP,2.0,85,39,75,59,67,59,Rare
2002,KCA,Kansas City Royals,0.383,Miguel Asencio,SP,1.9,83,23,40,48,64,40,Common
2002,MIL,Milwaukee Brewers,0.346,Ben Sheets,SP,2.6,87,59,69,51,69,61,Rare
2002,MIL,Milwaukee Brewers,0.346,Luis Vizcaino,RP,1.8,36,78,59,74,23,66,Rare
2002,MIL,Milwaukee Brewers,0.346,Mike DeJean,RP,1.4,36,67,40,69,23,55,Rare
2002,DET,Detroit Tigers,0.342,Jeff Weaver,SP,4.2,96,45,87,65,82,67,Rare
2002,DET,Detroit Tigers,0.342,Mark Redman,SP,2.7,89,31,84,55,72,58,Rare
2002,DET,Detroit Tigers,0.342,Mike Maroth,SP,1.7,85,21,78,54,67,53,Uncommon
2002,TBA,Tampa Bay Devil Rays,0.342,Joe Kennedy,SP,1.7,88,33,78,49,70,55,Rare
2002,TBA,Tampa Bay Devil Rays,0.342,Paul Wilson,SP,1.5,87,35,64,44,69,50,Uncommon
2002,TBA,Tampa Bay Devil Rays,0.342,Lance Carter,RP,1.0,44,49,85,112,34,77,Epic
2003,ATL,Atlanta Braves,0.623,John Smoltz,RP,3.2,36,95,112,118,23,100,Legendary
2003,ATL,Atlanta Braves,0.623,Russ Ortiz,SP,2.2,86,50,44,60,68,53,Uncommon
2003,ATL,Atlanta Braves,0.623,Mike Hampton,SP,1.9,85,36,50,61,67,51,Uncommon
2003,NYA,New York Yankees,0.623,Mike Mussina,SP,6.6,90,72,98,68,73,79,Epic
2003,NYA,New York Yankees,0.623,David Wells,SP,4.3,91,24,118,54,75,66,Rare
2003,NYA,New York Yankees,0.623,Roger Clemens,SP,4.0,87,70,79,57,69,69,Rare
2003,SFN,San Francisco Giants,0.621,Jason Schmidt,SP,6.7,91,81,91,96,75,88,Legendary
2003,SFN,San Francisco Giants,0.621,Jerome Williams,SP,2.3,85,47,58,69,67,59,Rare
2003,SFN,San Francisco Giants,0.621,Joe Nathan,RP,1.7,36,86,49,75,23,65,Rare
2003,OAK,Oakland Athletics,0.593,Tim Hudson,SP,7.4,90,47,84,89,74,73,Epic
2003,OAK,Oakland Athletics,0.593,Mark Mulder,SP,5.8,91,48,92,76,75,72,Epic
2003,OAK,Oakland Athletics,0.593,Barry Zito,SP,5.3,88,42,57,72,71,58,Rare
2003,BOS,Boston Red Sox,0.586,Pedro Martinez,SP,8.0,87,92,84,115,69,94,Legendary
2003,BOS,Boston Red Sox,0.586,Tim Wakefield,SP,3.6,85,64,63,58,67,62,Rare
2003,BOS,Boston Red Sox,0.586,Derek Lowe,SP,2.8,85,31,62,56,67,51,Uncommon
2003,SEA,Seattle Mariners,0.574,Jamie Moyer,SP,4.7,88,38,72,70,70,61,Rare
2003,SEA,Seattle Mariners,0.574,Ryan Franklin,SP,3.3,88,23,76,59,71,54,Uncommon
2003,SEA,Seattle Mariners,0.574,Shigetoshi Hasegawa,RP,3.2,37,19,85,115,24,68,Rare
2003,FLO,Florida Marlins,0.562,Dontrelle Willis,SP,3.9,84,69,61,68,65,66,Rare
2003,FLO,Florida Marlins,0.562,Mark Redman,SP,3.8,88,59,69,62,70,64,Rare
2003,FLO,Florida Marlins,0.562,Josh Beckett,SP,3.8,85,88,53,75,67,72,Epic
2003,MIN,Minnesota Twins,0.556,Johan Santana,SP,4.1,102,88,74,76,89,80,Epic
2003,MIN,Minnesota Twins,0.556,LaTroy Hawkins,RP,3.1,36,78,97,116,23,90,Legendary
2003,MIN,Minnesota Twins,0.556,Brad Radke,SP,2.5,87,34,110,49,69,65,Rare
2003,CHN,Chicago Cubs,0.543,Mark Prior,SP,7.4,90,98,87,95,74,91,Legendary
2003,CHN,Chicago Cubs,0.543,Kerry Wood,SP,6.1,88,108,44,69,70,73,Epic
2003,CHN,Chicago Cubs,0.543,Carlos Zambrano,SP,5.4,88,59,47,78,71,62,Rare
2003,HOU,Houston Astros,0.537,Billy Wagner,RP,3.4,36,104,81,113,23,92,Legendary
2003,HOU,Houston Astros,0.537,Roy Oswalt,SP,2.9,84,65,89,75,66,75,Epic
2003,HOU,Houston Astros,0.537,Octavio Dotel,RP,2.4,37,93,62,92,24,76,Epic
2003,CHA,Chicago White Sox,0.531,Esteban Loaiza,SP,7.2,88,72,85,85,71,80,Epic
2003,CHA,Chicago White Sox,0.531,Bartolo Colon,SP,5.1,91,51,79,60,75,64,Rare
2003,CHA,Chicago White Sox,0.531,Damaso Marte,RP,3.8,36,91,49,118,23,80,Epic
2003,PHI,Philadelphia Phillies,0.531,Rheal Cormier,RP,2.6,38,59,75,117,25,78,Epic
2003,PHI,Philadelphia Phillies,0.531,Vicente Padilla,SP,2.4,88,43,74,57,70,59,Rare
2003,PHI,Philadelphia Phillies,0.531,Kevin Millwood,SP,2.3,86,56,72,53,68,61,Rare
2003,TOR,Toronto Blue Jays,0.531,Roy Halladay,SP,8.1,93,57,112,76,77,81,Epic
2003,TOR,Toronto Blue Jays,0.531,Kelvim Escobar,SP,3.3,90,69,48,59,73,60,Rare
2003,TOR,Toronto Blue Jays,0.531,Doug Davis,SP,2.1,81,34,45,50,61,45,Uncommon
2003,LAN,Los Angeles Dodgers,0.525,Kevin Brown,SP,4.5,88,68,81,92,70,79,Epic
2003,LAN,Los Angeles Dodgers,0.525,Eric Gagne,RP,3.7,36,125,86,119,23,101,Legendary
2003,LAN,Los Angeles Dodgers,0.525,Hideo Nomo,SP,3.5,88,61,47,67,71,60,Rare
2003,SLN,St. Louis Cardinals,0.525,Woody Williams,SP,3.1,88,49,85,56,71,64,Rare
2003,SLN,St. Louis Cardinals,0.525,Matt Morris,SP,2.7,87,49,90,55,69,65,Rare
2003,SLN,St. Louis Cardinals,0.525,Garrett Stephenson,SP,1.1,87,29,64,42,69,47,Uncommon
2003,ARI,Arizona Diamondbacks,0.519,Brandon Webb,SP,6.1,87,76,57,89,69,74,Epic
2003,ARI,Arizona Diamondbacks,0.519,Curt Schilling,SP,6.0,90,97,97,82,74,90,Legendary
2003,ARI,Arizona Diamondbacks,0.519,Miguel Batista,SP,4.3,88,53,71,72,71,66,Rare
2003,KCA,Kansas City Royals,0.512,Darrell May,SP,5.9,88,32,84,64,70,61,Rare
2003,KCA,Kansas City Royals,0.512,Jeremy Affeldt,SP,3.2,90,58,73,65,74,66,Rare
2003,KCA,Kansas City Royals,0.512,Runelvys Hernandez,SP,1.5,82,29,51,55,63,47,Uncommon
2003,MON,Montreal Expos,0.512,Livan Hernandez,SP,6.3,91,56,86,72,75,72,Epic
2003,MON,Montreal Expos,0.512,Javier Vazquez,SP,6.0,89,86,85,70,72,80,Epic
2003,MON,Montreal Expos,0.512,Tomo Ohka,SP,2.6,83,37,90,54,64,61,Rare
2003,ANA,Anaheim Angels,0.475,Brendan Donnelly,RP,3.4,37,88,68,119,24,85,Legendary
2003,ANA,Anaheim Angels,0.475,Scot Shields,RP,3.1,45,55,83,82,35,70,Epic
2003,ANA,Anaheim Angels,0.475,Jarrod Washburn,SP,2.4,88,35,82,48,70,56,Rare
2003,PIT,Pittsburgh Pirates,0.463,Kip Wells,SP,4.9,87,55,55,67,69,60,Rare
2003,PIT,Pittsburgh Pirates,0.463,Jeff Suppan,SP,3.7,88,31,84,52,70,57,Rare
2003,PIT,Pittsburgh Pirates,0.463,Julian Tavarez,RP,1.2,38,23,69,71,25,51,Uncommon
2003,COL,Colorado Rockies,0.457,Brian Fuentes,RP,2.1,36,90,46,95,23,72,Epic
2003,COL,Colorado Rockies,0.457,Shawn Chacon,SP,1.9,84,47,49,57,65,52,Uncommon
2003,COL,Colorado Rockies,0.457,Steve Reed,RP,1.5,36,40,50,76,22,52,Uncommon
2003,BAL,Baltimore Orioles,0.438,Sidney Ponson,SP,4.5,90,41,78,63,74,62,Rare
2003,BAL,Baltimore Orioles,0.438,Pat Hentgen,SP,3.5,92,41,61,54,76,54,Uncommon
2003,BAL,Baltimore Orioles,0.438,Jason Johnson,SP,2.9,84,41,49,54,65,50,Uncommon
2003,TEX,Texas Rangers,0.438,Ugueth Urbina,RP,2.6,36,82,52,109,23,75,Epic
2003,TEX,Texas Rangers,0.438,Francisco Cordero,RP,2.1,36,90,46,94,23,71,Epic
2003,TEX,Texas Rangers,0.438,John Thomson,SP,2.0,85,41,90,52,67,62,Rare
2003,CIN,Cincinnati Reds,0.426,Felix Heredia,RP,1.5,37,29,57,110,24,61,Rare
2003,CIN,Cincinnati Reds,0.426,Kent Mercker,RP,1.4,35,67,35,111,21,66,Rare
2003,CIN,Cincinnati Reds,0.426,Ryan Wagner,RP,0.8,38,97,37,113,25,77,Epic
2003,CLE,Cleveland Indians,0.42,CC Sabathia,SP,3.7,88,51,66,64,70,61,Rare
2003,CLE,Cleveland Indians,0.42,David Riske,RP,2.3,36,91,81,98,23,83,Epic
2003,CLE,Cleveland Indians,0.42,Brian Anderson,SP,1.6,87,20,91,60,69,58,Rare
2003,MIL,Milwaukee Brewers,0.42,Ben Sheets,SP,2.4,88,51,96,48,70,66,Rare
2003,MIL,Milwaukee Brewers,0.42,Danny Kolb,RP,2.0,36,75,46,117,23,74,Epic
2003,MIL,Milwaukee Brewers,0.42,Curt Leskanic,RP,1.9,36,76,37,118,22,72,Epic
2003,NYN,New York Mets,0.41,Steve Trachsel,SP,4.4,85,32,70,55,67,54,Uncommon
2003,NYN,New York Mets,0.41,Al Leiter,SP,3.6,84,57,40,57,66,53,Uncommon
2003,NYN,New York Mets,0.41,Jae Weong Seo,SP,3.3,84,36,86,58,66,61,Rare
2003,SDN,San Diego Padres,0.395,Jake Peavy,SP,1.8,84,60,49,46,66,53,Uncommon
2003,SDN,San Diego Padres,0.395,Matt Herges,RP,1.5,37,67,59,90,24,67,Rare
2003,SDN,San Diego Padres,0.395,Rod Beck,RP,1.3,36,71,71,111,22,78,Epic
2003,TBA,Tampa Bay Devil Rays,0.389,Geremi Gonzalez,SP,3.0,86,41,47,57,68,50,Uncommon
2003,TBA,Tampa Bay Devil Rays,0.389,Victor Zambrano,SP,2.6,89,50,36,53,72,49,Uncommon
2003,TBA,Tampa Bay Devil Rays,0.389,Al Levine,RP,1.4,38,18,50,88,25,49,Uncommon
2003,DET,Detroit Tigers,0.265,Nate Cornejo,SP,1.5,84,1,74,49,66,44,Common
2003,DET,Detroit Tigers,0.265,Jamie Walker,RP,0.8,35,49,82,65,21,61,Rare
2003,DET,Detroit Tigers,0.265,Chris Spurling,RP,0.4,37,26,77,46,24,47,Uncommon
2004,SLN,St. Louis Cardinals,0.648,Chris Carpenter,SP,3.3,88,64,93,61,70,72,Epic
2004,SLN,St. Louis Cardinals,0.648,Jason Marquis,SP,2.4,86,48,63,57,68,57,Rare
2004,SLN,St. Louis Cardinals,0.648,Woody Williams,SP,1.8,84,49,72,52,66,58,Rare
2004,NYA,New York Yankees,0.623,Mariano Rivera,RP,4.2,36,64,84,118,23,82,Epic
2004,NYA,New York Yankees,0.623,Tom Gordon,RP,4.0,36,88,83,111,23,87,Legendary
2004,NYA,New York Yankees,0.623,Jon Lieber,SP,2.8,88,36,116,53,70,68,Rare
2004,BOS,Boston Red Sox,0.605,Curt Schilling,SP,7.8,91,70,105,77,75,83,Epic
2004,BOS,Boston Red Sox,0.605,Pedro Martinez,SP,5.5,88,86,78,62,70,75,Epic
2004,BOS,Boston Red Sox,0.605,Keith Foulke,RP,3.5,37,76,99,112,24,88,Legendary
2004,ATL,Atlanta Braves,0.593,Jaret Wright,SP,2.9,83,66,57,72,64,65,Rare
2004,ATL,Atlanta Braves,0.593,John Smoltz,RP,2.1,36,85,104,81,23,83,Epic
2004,ATL,Atlanta Braves,0.593,John Thomson,SP,2.1,84,46,82,60,66,63,Rare
2004,LAN,Los Angeles Dodgers,0.574,Odalis Perez,SP,3.7,86,44,90,63,68,66,Rare
2004,LAN,Los Angeles Dodgers,0.574,Eric Gagne,RP,2.3,37,121,81,102,24,94,Legendary
2004,LAN,Los Angeles Dodgers,0.574,Jeff Weaver,SP,2.2,87,49,73,54,69,60,Rare
2004,ANA,Anaheim Angels,0.568,Kelvim Escobar,SP,4.3,86,72,60,59,68,64,Rare
2004,ANA,Anaheim Angels,0.568,Francisco Rodriguez,RP,3.3,37,125,54,119,24,92,Legendary
2004,ANA,Anaheim Angels,0.568,John Lackey,SP,2.0,85,53,73,48,67,59,Rare
2004,HOU,Houston Astros,0.568,Roger Clemens,SP,5.4,88,83,59,78,70,73,Epic
2004,HOU,Houston Astros,0.568,Roy Oswalt,SP,3.9,89,67,82,67,72,72,Epic
2004,HOU,Houston Astros,0.568,Brad Lidge,RP,3.8,37,125,70,113,24,95,Legendary
2004,MIN,Minnesota Twins,0.568,Johan Santana,SP,8.7,88,98,87,94,71,91,Legendary
2004,MIN,Minnesota Twins,0.568,Brad Radke,SP,5.8,87,44,113,70,69,75,Epic
2004,MIN,Minnesota Twins,0.568,Carlos Silva,SP,3.9,85,12,101,57,67,58,Rare
2004,OAK,Oakland Athletics,0.562,Tim Hudson,SP,4.3,90,32,88,72,74,65,Rare
2004,OAK,Oakland Athletics,0.562,Rich Harden,SP,3.8,84,69,48,61,66,60,Rare
2004,OAK,Oakland Athletics,0.562,Mark Mulder,SP,3.1,90,41,59,52,73,53,Uncommon
2004,SFN,San Francisco Giants,0.562,Jason Schmidt,SP,6.8,90,93,65,73,74,77,Epic
2004,SFN,San Francisco Giants,0.562,Brett Tomko,SP,2.6,86,33,67,56,68,54,Uncommon
2004,SFN,San Francisco Giants,0.562,Noah Lowry,SP,2.0,88,58,73,59,70,64,Rare
2004,CHN,Chicago Cubs,0.549,Carlos Zambrano,SP,6.6,89,70,55,86,72,70,Epic
2004,CHN,Chicago Cubs,0.549,Matt Clement,SP,3.7,84,86,49,60,66,65,Rare
2004,CHN,Chicago Cubs,0.549,Greg Maddux,SP,3.2,87,51,105,53,69,70,Epic
2004,TEX,Texas Rangers,0.549,Ryan Drese,SP,4.9,86,23,78,64,68,56,Rare
2004,TEX,Texas Rangers,0.549,Kenny Rogers,SP,3.6,84,38,71,53,66,55,Rare
2004,TEX,Texas Rangers,0.549,Francisco Cordero,RP,3.6,36,92,47,120,23,80,Epic
2004,SDN,San Diego Padres,0.537,Jake Peavy,SP,4.9,85,85,70,91,67,80,Epic
2004,SDN,San Diego Padres,0.537,Akinori Otsuka,RP,2.9,36,94,66,114,23,84,Epic
2004,SDN,San Diego Padres,0.537,David Wells,SP,2.6,86,29,116,53,68,66,Rare
2004,PHI,Philadelphia Phillies,0.531,Ryan Madson,RP,2.2,39,51,85,102,26,74,Epic
2004,PHI,Philadelphia Phillies,0.531,Rheal Cormier,RP,1.6,36,35,69,67,22,54,Uncommon
2004,PHI,Philadelphia Phillies,0.531,Eric Milton,SP,1.4,84,60,58,43,65,55,Rare
2004,CHA,Chicago White Sox,0.512,Mark Buehrle,SP,4.2,90,47,94,60,74,68,Rare
2004,CHA,Chicago White Sox,0.512,Shingo Takatsu,RP,2.2,36,60,66,106,23,72,Epic
2004,CHA,Chicago White Sox,0.512,Damaso Marte,RP,1.8,36,73,45,69,22,58,Rare
2004,FLO,Florida Marlins,0.512,Carl Pavano,SP,5.3,91,41,91,74,75,69,Rare
2004,FLO,Florida Marlins,0.512,Armando Benitez,RP,3.4,36,70,73,113,23,79,Epic
2004,FLO,Florida Marlins,0.512,Brad Penny,SP,2.8,84,58,71,71,65,66,Rare
2004,CLE,Cleveland Indians,0.494,Jake Westbrook,SP,4.2,91,31,77,68,75,60,Rare
2004,CLE,Cleveland Indians,0.494,CC Sabathia,SP,3.0,86,54,56,54,68,56,Rare
2004,CLE,Cleveland Indians,0.494,David Riske,RP,1.2,36,82,39,58,23,56,Rare
2004,BAL,Baltimore Orioles,0.481,Rodrigo Lopez,SP,4.8,93,51,70,64,77,63,Rare
2004,BAL,Baltimore Orioles,0.481,B. J. Ryan,RP,3.4,37,123,52,109,24,88,Legendary
2004,BAL,Baltimore Orioles,0.481,Sidney Ponson,SP,1.4,88,30,69,44,70,50,Uncommon
2004,CIN,Cincinnati Reds,0.469,Paul Wilson,SP,1.9,86,43,64,48,68,53,Uncommon
2004,CIN,Cincinnati Reds,0.469,Luke Hudson,SP,1.4,80,59,40,95,60,64,Rare
2004,CIN,Cincinnati Reds,0.469,Cory Lidle,SP,0.7,85,38,76,48,67,55,Rare
2004,PIT,Pittsburgh Pirates,0.447,Oliver Perez,SP,5.7,88,104,50,73,70,75,Epic
2004,PIT,Pittsburgh Pirates,0.447,Kris Benson,SP,2.4,87,46,73,53,69,58,Rare
2004,PIT,Pittsburgh Pirates,0.447,Salomon Torres,RP,2.3,36,47,87,88,23,69,Rare
2004,DET,Detroit Tigers,0.444,Mike Maroth,SP,3.3,88,26,80,52,70,54,Uncommon
2004,DET,Detroit Tigers,0.444,Jeremy Bonderman,SP,2.0,82,72,53,45,63,57,Rare
2004,DET,Detroit Tigers,0.444,Nate Robertson,SP,1.2,85,59,66,44,67,57,Rare
2004,NYN,New York Mets,0.438,Al Leiter,SP,4.9,83,47,37,70,64,53,Uncommon
2004,NYN,New York Mets,0.438,Tom Glavine,SP,4.0,87,28,67,62,69,54,Uncommon
2004,NYN,New York Mets,0.438,Steve Trachsel,SP,2.9,85,36,50,53,67,48,Uncommon
2004,TBA,Tampa Bay Devil Rays,0.435,Victor Zambrano,SP,1.8,82,67,22,57,63,50,Uncommon
2004,TBA,Tampa Bay Devil Rays,0.435,Lance Carter,RP,1.6,39,21,77,64,26,51,Uncommon
2004,TBA,Tampa Bay Devil Rays,0.435,Travis Harper,RP,0.9,39,55,75,60,26,60,Rare
2004,COL,Colorado Rockies,0.42,Joe Kennedy,SP,5.6,84,52,50,69,66,58,Rare
2004,COL,Colorado Rockies,0.42,Aaron Cook,SP,2.3,84,17,51,63,66,46,Uncommon
2004,COL,Colorado Rockies,0.42,Jason Jennings,SP,2.0,84,45,42,44,66,46,Uncommon
2004,MIL,Milwaukee Brewers,0.416,Ben Sheets,SP,7.2,90,93,109,84,74,93,Legendary
2004,MIL,Milwaukee Brewers,0.416,Doug Davis,SP,4.9,84,60,56,70,66,62,Rare
2004,MIL,Milwaukee Brewers,0.416,Danny Kolb,RP,1.4,36,11,82,81,22,54,Uncommon
2004,TOR,Toronto Blue Jays,0.416,Ted Lilly,SP,4.2,85,66,46,59,67,58,Rare
2004,TOR,Toronto Blue Jays,0.416,Roy Halladay,SP,2.4,86,51,75,60,68,63,Rare
2004,TOR,Toronto Blue Jays,0.416,Miguel Batista,SP,2.1,87,29,43,51,69,44,Common
2004,MON,Montreal Expos,0.414,Livan Hernandez,SP,4.9,92,53,68,65,76,63,Rare
2004,MON,Montreal Expos,0.414,Luis Ayala,RP,2.1,36,50,103,91,23,76,Epic
2004,MON,Montreal Expos,0.414,Chad Cordero,RP,2.0,37,81,40,81,24,63,Rare
2004,SEA,Seattle Mariners,0.389,Freddy Garcia,SP,4.8,89,68,73,64,72,69,Rare
2004,SEA,Seattle Mariners,0.389,Bobby Madritsch,SP,2.2,96,48,58,78,82,63,Rare
2004,SEA,Seattle Mariners,0.389,Eddie Guardado,RP,1.6,36,80,72,80,23,72,Epic
2004,KCA,Kansas City Royals,0.358,Zack Greinke,SP,3.8,84,49,100,58,66,69,Rare
2004,KCA,Kansas City Royals,0.358,Jimmy Gobble,SP,0.9,85,7,76,43,67,45,Uncommon
2004,KCA,Kansas City Royals,0.358,Jaime Cerda,RP,0.8,35,52,28,87,21,52,Uncommon
2004,ARI,Arizona Diamondbacks,0.315,Randy Johnson,SP,8.4,90,100,100,94,74,96,Legendary
2004,ARI,Arizona Diamondbacks,0.315,Brandon Webb,SP,3.2,84,59,35,68,65,55,Rare
2004,ARI,Arizona Diamondbacks,0.315,Mike Koplove,RP,1.1,37,42,48,61,24,48,Uncommon
2005,SLN,St. Louis Cardinals,0.617,Chris Carpenter,SP,5.8,93,69,93,80,77,80,Epic
2005,SLN,St. Louis Cardinals,0.617,Mark Mulder,SP,2.5,87,31,65,61,69,54,Uncommon
2005,SLN,St. Louis Cardinals,0.617,Alberto Reyes,RP,2.0,36,88,70,104,22,81,Epic
2005,CHA,Chicago White Sox,0.611,Mark Buehrle,SP,4.8,91,42,102,76,75,74,Epic
2005,CHA,Chicago White Sox,0.611,Jon Garland,SP,4.6,90,29,93,65,73,63,Rare
2005,CHA,Chicago White Sox,0.611,Freddy Garcia,SP,3.6,90,43,82,59,73,62,Rare
2005,BOS,Boston Red Sox,0.586,Tim Wakefield,SP,4.5,89,46,73,53,72,59,Rare
2005,BOS,Boston Red Sox,0.586,David Wells,SP,3.2,85,36,114,52,67,67,Rare
2005,BOS,Boston Red Sox,0.586,Matt Clement,SP,3.1,84,57,62,52,65,58,Rare
2005,LAA,Los Angeles Angels of Anaheim,0.586,John Lackey,SP,4.2,86,76,65,67,68,69,Rare
2005,LAA,Los Angeles Angels of Anaheim,0.586,Jarrod Washburn,SP,4.2,84,30,76,68,66,59,Rare
2005,LAA,Los Angeles Angels of Anaheim,0.586,Bartolo Colon,SP,4.0,89,50,97,62,72,70,Epic
2005,NYA,New York Yankees,0.586,Randy Johnson,SP,5.8,88,74,93,55,71,74,Epic
2005,NYA,New York Yankees,0.586,Shawn Chacon,SP,4.6,86,29,48,70,68,51,Uncommon
2005,NYA,New York Yankees,0.586,Mariano Rivera,RP,4.0,36,83,89,119,23,90,Legendary
2005,CLE,Cleveland Indians,0.574,Kevin Millwood,SP,4.0,87,56,80,76,69,70,Epic
2005,CLE,Cleveland Indians,0.574,Cliff Lee,SP,2.5,86,51,83,57,68,64,Rare
2005,CLE,Cleveland Indians,0.574,Bob Wickman,RP,1.8,36,45,65,86,22,61,Rare
2005,ATL,Atlanta Braves,0.556,John Smoltz,SP,5.0,90,54,89,74,74,72,Epic
2005,ATL,Atlanta Braves,0.556,Jorge Sosa,SP,3.5,88,42,44,87,71,59,Rare
2005,ATL,Atlanta Braves,0.556,Tim Hudson,SP,3.3,88,38,65,62,71,57,Rare
2005,HOU,Houston Astros,0.549,Roger Clemens,SP,7.8,88,68,75,116,71,85,Legendary
2005,HOU,Houston Astros,0.549,Andy Pettitte,SP,6.8,89,57,99,94,72,82,Epic
2005,HOU,Houston Astros,0.549,Roy Oswalt,SP,5.9,90,56,96,77,73,76,Epic
2005,OAK,Oakland Athletics,0.543,Joe Blanton,SP,3.8,84,35,67,63,66,56,Rare
2005,OAK,Oakland Athletics,0.543,Rich Harden,SP,3.7,89,75,66,94,72,78,Epic
2005,OAK,Oakland Athletics,0.543,Dan Haren,SP,3.3,87,55,86,59,69,67,Rare
2005,PHI,Philadelphia Phillies,0.543,Brett Myers,SP,2.8,86,77,70,59,68,69,Rare
2005,PHI,Philadelphia Phillies,0.543,Billy Wagner,RP,2.7,36,93,83,114,23,89,Legendary
2005,PHI,Philadelphia Phillies,0.543,Aaron Fultz,RP,1.4,37,55,70,104,24,71,Epic
2005,FLO,Florida Marlins,0.512,Dontrelle Willis,SP,7.3,90,52,88,84,73,74,Epic
2005,FLO,Florida Marlins,0.512,Josh Beckett,SP,3.6,85,74,68,63,67,68,Rare
2005,FLO,Florida Marlins,0.512,A. J. Burnett,SP,3.4,88,76,57,64,70,66,Rare
2005,MIN,Minnesota Twins,0.512,Johan Santana,SP,7.2,90,84,96,81,74,86,Legendary
2005,MIN,Minnesota Twins,0.512,Carlos Silva,SP,3.5,90,12,125,65,74,68,Rare
2005,MIN,Minnesota Twins,0.512,Brad Radke,SP,2.8,87,36,114,53,69,68,Rare
2005,NYN,New York Mets,0.512,Pedro Martinez,SP,7.0,90,77,92,77,74,81,Epic
2005,NYN,New York Mets,0.512,Tom Glavine,SP,4.1,87,26,76,64,69,57,Rare
2005,NYN,New York Mets,0.512,Jae Weong Seo,SP,3.1,87,44,100,83,69,75,Epic
2005,SDN,San Diego Padres,0.506,Jake Peavy,SP,4.6,89,88,85,71,72,80,Epic
2005,SDN,San Diego Padres,0.506,Scott Linebrink,RP,2.5,36,76,71,114,23,81,Epic
2005,SDN,San Diego Padres,0.506,Clay Hensley,RP,1.4,41,37,62,121,30,69,Rare
2005,MIL,Milwaukee Brewers,0.5,Doug Davis,SP,3.7,87,74,49,56,69,61,Rare
2005,MIL,Milwaukee Brewers,0.5,Ben Sheets,SP,3.5,91,71,104,65,75,80,Epic
2005,MIL,Milwaukee Brewers,0.5,Chris Capuano,SP,3.1,86,61,50,53,68,56,Rare
2005,WAS,Washington Nationals,0.5,John Patterson,SP,4.8,87,74,68,68,69,70,Epic
2005,WAS,Washington Nationals,0.5,Esteban Loaiza,SP,3.8,87,60,84,58,69,68,Rare
2005,WAS,Washington Nationals,0.5,Livan Hernandez,SP,3.0,90,38,65,53,74,54,Uncommon
2005,TOR,Toronto Blue Jays,0.494,Roy Halladay,SP,5.5,94,56,111,98,78,87,Legendary
2005,TOR,Toronto Blue Jays,0.494,Gustavo Chacin,SP,3.2,84,38,64,62,65,56,Rare
2005,TOR,Toronto Blue Jays,0.494,Josh Towers,SP,2.5,86,31,108,61,68,67,Rare
2005,CHN,Chicago Cubs,0.488,Carlos Zambrano,SP,5.6,89,71,55,71,72,66,Rare
2005,CHN,Chicago Cubs,0.488,Mark Prior,SP,3.6,85,94,62,59,67,71,Epic
2005,CHN,Chicago Cubs,0.488,Greg Maddux,SP,2.9,87,39,104,52,69,65,Rare
2005,TEX,Texas Rangers,0.488,Kenny Rogers,SP,4.8,88,20,80,71,70,58,Rare
2005,TEX,Texas Rangers,0.488,Chris Young,SP,2.9,80,64,79,54,60,65,Rare
2005,TEX,Texas Rangers,0.488,Joaquin Benoit,RP,2.1,45,70,48,64,35,58,Rare
2005,ARI,Arizona Diamondbacks,0.475,Brandon Webb,SP,4.9,90,55,83,65,73,68,Rare
2005,ARI,Arizona Diamondbacks,0.475,Javier Vazquez,SP,2.0,88,70,92,48,70,70,Epic
2005,ARI,Arizona Diamondbacks,0.475,Jose Valverde,RP,2.0,36,95,73,96,23,81,Epic
2005,SFN,San Francisco Giants,0.463,Noah Lowry,SP,4.0,85,64,58,58,67,61,Rare
2005,SFN,San Francisco Giants,0.463,Scott Eyre,RP,2.3,35,76,56,90,21,69,Rare
2005,SFN,San Francisco Giants,0.463,Matt Cain,SP,1.8,88,44,50,97,71,64,Rare
2005,BAL,Baltimore Orioles,0.457,Bruce Chen,SP,3.0,85,47,70,55,67,58,Rare
2005,BAL,Baltimore Orioles,0.457,B. J. Ryan,RP,2.4,36,125,59,97,23,87,Legendary
2005,BAL,Baltimore Orioles,0.457,Erik Bedard,SP,2.3,84,69,52,59,65,60,Rare
2005,CIN,Cincinnati Reds,0.451,Aaron Harang,SP,4.5,88,57,86,58,71,67,Rare
2005,CIN,Cincinnati Reds,0.451,Brandon Claussen,SP,1.8,82,53,65,50,63,57,Rare
2005,CIN,Cincinnati Reds,0.451,David Weathers,RP,0.9,36,59,58,57,23,54,Uncommon
2005,DET,Detroit Tigers,0.438,Kyle Farnsworth,RP,2.2,36,106,55,107,22,83,Epic
2005,DET,Detroit Tigers,0.438,Jeremy Bonderman,SP,1.4,88,57,73,47,70,60,Rare
2005,DET,Detroit Tigers,0.438,Fernando Rodney,RP,1.0,36,76,55,76,23,64,Rare
2005,LAN,Los Angeles Dodgers,0.438,Brad Penny,SP,2.4,84,49,88,55,66,64,Rare
2005,LAN,Los Angeles Dodgers,0.438,Jeff Weaver,SP,1.8,88,50,97,47,70,65,Rare
2005,LAN,Los Angeles Dodgers,0.438,Derek Lowe,SP,1.5,86,45,85,57,68,63,Rare
2005,SEA,Seattle Mariners,0.426,Felix Hernandez,SP,2.8,90,72,80,86,74,79,Epic
2005,SEA,Seattle Mariners,0.426,Jamie Moyer,SP,2.4,86,28,82,49,68,54,Uncommon
2005,SEA,Seattle Mariners,0.426,Julio Mateo,RP,1.9,39,37,97,69,27,64,Rare
2005,COL,Colorado Rockies,0.414,Brian Fuentes,RP,2.7,36,104,46,88,22,74,Epic
2005,COL,Colorado Rockies,0.414,Aaron Cook,SP,1.8,87,2,97,68,69,57,Rare
2005,COL,Colorado Rockies,0.414,Byung-Hyun Kim,SP,1.6,89,58,44,50,72,53,Uncommon
2005,PIT,Pittsburgh Pirates,0.414,Zach Duke,SP,3.4,84,48,80,118,66,80,Epic
2005,PIT,Pittsburgh Pirates,0.414,Paul Maholm,SP,1.7,90,42,50,106,73,67,Rare
2005,PIT,Pittsburgh Pirates,0.414,Salomon Torres,RP,1.7,37,36,56,82,24,55,Rare
2005,TBA,Tampa Bay Devil Rays,0.414,Scott Kazmir,SP,3.4,83,74,39,63,64,59,Rare
2005,TBA,Tampa Bay Devil Rays,0.414,Danys Baez,RP,2.0,36,50,50,80,23,56,Rare
2005,TBA,Tampa Bay Devil Rays,0.414,Casey Fossum,SP,0.7,88,59,59,44,70,56,Rare
2005,KCA,Kansas City Royals,0.346,Andy Sisco,RP,2.3,36,82,37,76,23,61,Rare
2005,KCA,Kansas City Royals,0.346,D. J. Carrasco,SP,1.7,82,18,47,48,63,40,Common
2005,KCA,Kansas City Royals,0.346,Mike MacDougal,RP,1.4,36,83,65,71,23,68,Rare
2006,NYA,New York Yankees,0.599,Chien-Ming Wang,SP,6.0,89,6,81,67,72,53,Uncommon
2006,NYA,New York Yankees,0.599,Mike Mussina,SP,5.0,86,58,95,65,68,72,Epic
2006,NYA,New York Yankees,0.599,Mariano Rivera,RP,3.9,37,44,102,116,24,81,Epic
2006,NYN,New York Mets,0.599,Tom Glavine,SP,2.8,86,37,64,57,68,54,Uncommon
2006,NYN,New York Mets,0.599,Billy Wagner,RP,2.2,36,102,69,101,23,84,Epic
2006,NYN,New York Mets,0.599,Pedro Feliciano,RP,1.9,36,61,60,111,22,72,Epic
2006,MIN,Minnesota Twins,0.593,Johan Santana,SP,7.6,90,77,90,82,74,82,Epic
2006,MIN,Minnesota Twins,0.593,Francisco Liriano,SP,4.5,95,91,75,109,80,90,Legendary
2006,MIN,Minnesota Twins,0.593,Joe Nathan,RP,3.3,36,112,82,115,23,95,Legendary
2006,DET,Detroit Tigers,0.586,Justin Verlander,SP,4.0,86,38,62,63,68,56,Rare
2006,DET,Detroit Tigers,0.586,Nate Robertson,SP,3.4,88,37,62,58,71,54,Uncommon
2006,DET,Detroit Tigers,0.586,Kenny Rogers,SP,3.2,86,19,66,59,68,50,Uncommon
2006,OAK,Oakland Athletics,0.574,Barry Zito,SP,4.5,88,39,43,58,71,49,Uncommon
2006,OAK,Oakland Athletics,0.574,Dan Haren,SP,3.5,88,50,90,53,71,65,Rare
2006,OAK,Oakland Athletics,0.574,Justin Duchscherer,RP,1.5,36,63,99,81,23,75,Epic
2006,CHA,Chicago White Sox,0.556,Freddy Garcia,SP,3.9,88,33,85,51,71,58,Rare
2006,CHA,Chicago White Sox,0.556,Jose Contreras,SP,3.8,88,39,72,56,71,57,Rare
2006,CHA,Chicago White Sox,0.556,Jon Garland,SP,3.7,89,24,92,52,72,58,Rare
2006,LAA,Los Angeles Angels of Anaheim,0.549,Jered Weaver,SP,4.7,88,57,75,89,70,73,Epic
2006,LAA,Los Angeles Angels of Anaheim,0.549,John Lackey,SP,4.6,88,59,60,68,71,63,Rare
2006,LAA,Los Angeles Angels of Anaheim,0.549,Francisco Rodriguez,RP,3.7,36,107,49,112,23,83,Epic
2006,LAN,Los Angeles Dodgers,0.543,Derek Lowe,SP,4.7,88,27,78,66,70,58,Rare
2006,LAN,Los Angeles Dodgers,0.543,Takashi Saito,RP,3.2,36,109,69,116,23,90,Legendary
2006,LAN,Los Angeles Dodgers,0.543,Brad Penny,SP,3.0,83,49,71,53,64,58,Rare
2006,SDN,San Diego Padres,0.543,Chris Young,SP,3.0,84,63,49,57,65,57,Rare
2006,SDN,San Diego Padres,0.543,Cla Meredith,RP,2.5,36,44,109,114,23,82,Epic
2006,SDN,San Diego Padres,0.543,Clay Hensley,SP,2.3,88,36,47,57,70,49,Uncommon
2006,TOR,Toronto Blue Jays,0.537,Roy Halladay,SP,5.3,90,31,101,74,74,69,Rare
2006,TOR,Toronto Blue Jays,0.537,B. J. Ryan,RP,3.6,36,91,73,116,23,86,Legendary
2006,TOR,Toronto Blue Jays,0.537,A. J. Burnett,SP,1.9,88,58,70,58,70,63,Rare
2006,BOS,Boston Red Sox,0.531,Curt Schilling,SP,5.5,88,61,105,59,71,75,Epic
2006,BOS,Boston Red Sox,0.531,Jonathan Papelbon,RP,5.0,37,82,92,115,24,89,Legendary
2006,BOS,Boston Red Sox,0.531,Josh Beckett,SP,2.7,86,48,53,44,68,50,Uncommon
2006,PHI,Philadelphia Phillies,0.525,Brett Myers,SP,4.4,88,67,63,58,70,63,Rare
2006,PHI,Philadelphia Phillies,0.525,Cole Hamels,SP,2.3,83,81,53,56,64,63,Rare
2006,PHI,Philadelphia Phillies,0.525,Geoff Geary,RP,2.2,36,37,86,84,23,64,Rare
2006,SLN,St. Louis Cardinals,0.516,Chris Carpenter,SP,5.1,90,54,92,74,74,73,Epic
2006,SLN,St. Louis Cardinals,0.516,Adam Wainwright,RP,1.4,37,68,69,75,24,66,Rare
2006,SLN,St. Louis Cardinals,0.516,Jeff Suppan,SP,1.2,84,26,53,54,66,46,Uncommon
2006,HOU,Houston Astros,0.506,Roy Oswalt,SP,5.9,90,46,97,78,74,74,Epic
2006,HOU,Houston Astros,0.506,Roger Clemens,SP,3.5,84,61,77,103,66,79,Epic
2006,HOU,Houston Astros,0.506,Dan Wheeler,RP,2.0,36,67,59,93,22,68,Rare
2006,CIN,Cincinnati Reds,0.494,Bronson Arroyo,SP,6.8,90,48,75,71,74,66,Rare
2006,CIN,Cincinnati Reds,0.494,Aaron Harang,SP,5.2,89,64,81,62,72,69,Rare
2006,CIN,Cincinnati Reds,0.494,David Weathers,RP,1.7,36,39,42,65,23,46,Uncommon
2006,TEX,Texas Rangers,0.494,Kevin Millwood,SP,2.7,87,44,80,51,69,59,Rare
2006,TEX,Texas Rangers,0.494,Vicente Padilla,SP,2.6,85,49,56,52,67,54,Uncommon
2006,TEX,Texas Rangers,0.494,Akinori Otsuka,RP,2.2,36,50,94,115,22,80,Epic
2006,ATL,Atlanta Braves,0.488,John Smoltz,SP,5.9,89,62,82,65,72,70,Epic
2006,ATL,Atlanta Braves,0.488,Chuck James,SP,2.1,89,48,48,57,72,53,Uncommon
2006,ATL,Atlanta Braves,0.488,Oscar Villarreal,RP,1.4,39,31,69,61,27,51,Uncommon
2006,CLE,Cleveland Indians,0.481,CC Sabathia,SP,4.6,90,61,84,72,74,72,Epic
2006,CLE,Cleveland Indians,0.481,Jake Westbrook,SP,3.5,89,22,76,57,72,54,Uncommon
2006,CLE,Cleveland Indians,0.481,Jeremy Sowers,SP,2.3,87,10,84,63,69,54,Uncommon
2006,FLO,Florida Marlins,0.481,Dontrelle Willis,SP,4.1,88,43,51,57,71,52,Uncommon
2006,FLO,Florida Marlins,0.481,Josh Johnson,SP,3.8,88,56,45,72,71,59,Rare
2006,FLO,Florida Marlins,0.481,Anibal Sanchez,SP,3.7,90,34,47,80,73,56,Rare
2006,SEA,Seattle Mariners,0.481,J. J. Putz,RP,2.8,36,105,98,103,23,94,Legendary
2006,SEA,Seattle Mariners,0.481,Jamie Moyer,SP,2.0,88,22,81,52,70,54,Uncommon
2006,SEA,Seattle Mariners,0.481,Rafael Soriano,RP,2.0,36,80,56,102,23,74,Epic
2006,SFN,San Francisco Giants,0.472,Jason Schmidt,SP,4.0,89,56,50,64,72,58,Rare
2006,SFN,San Francisco Giants,0.472,Matt Cain,SP,2.5,86,65,42,56,68,56,Rare
2006,SFN,San Francisco Giants,0.472,Kevin Correia,RP,1.2,39,53,64,68,26,58,Rare
2006,ARI,Arizona Diamondbacks,0.469,Brandon Webb,SP,7.0,92,47,87,81,76,72,Epic
2006,ARI,Arizona Diamondbacks,0.469,Miguel Batista,SP,2.3,87,24,47,53,69,44,Common
2006,ARI,Arizona Diamondbacks,0.469,Juan Cruz,SP,1.7,87,64,39,60,69,56,Rare
2006,COL,Colorado Rockies,0.469,Jason Jennings,SP,5.0,89,38,48,68,72,53,Uncommon
2006,COL,Colorado Rockies,0.469,Aaron Cook,SP,3.9,89,14,77,61,72,53,Uncommon
2006,COL,Colorado Rockies,0.469,Jeff Francis,SP,3.2,86,30,56,61,68,51,Uncommon
2006,MIL,Milwaukee Brewers,0.463,Chris Capuano,SP,3.4,88,50,87,56,71,65,Rare
2006,MIL,Milwaukee Brewers,0.463,Dave Bush,SP,2.2,88,50,95,51,71,66,Rare
2006,MIL,Milwaukee Brewers,0.463,Ben Sheets,SP,2.0,86,81,112,62,68,83,Epic
2006,WAS,Washington Nationals,0.438,Chad Cordero,RP,1.8,36,66,67,65,23,62,Rare
2006,WAS,Washington Nationals,0.438,Livan Hernandez,SP,1.8,87,30,53,50,69,47,Uncommon
2006,WAS,Washington Nationals,0.438,Jon Rauch,RP,1.6,36,66,48,63,23,55,Rare
2006,BAL,Baltimore Orioles,0.432,Erik Bedard,SP,3.8,84,58,55,63,66,59,Rare
2006,BAL,Baltimore Orioles,0.432,Chris Ray,RP,2.0,36,48,47,83,23,56,Rare
2006,BAL,Baltimore Orioles,0.432,Daniel Cabrera,SP,1.8,83,78,19,50,64,50,Uncommon
2006,PIT,Pittsburgh Pirates,0.414,Zach Duke,SP,2.7,87,25,64,52,69,49,Uncommon
2006,PIT,Pittsburgh Pirates,0.414,Mike Gonzalez,RP,2.3,36,91,31,113,22,73,Epic
2006,PIT,Pittsburgh Pirates,0.414,Ian Snell,SP,2.1,84,62,48,45,65,53,Uncommon
2006,CHN,Chicago Cubs,0.407,Carlos Zambrano,SP,5.2,88,70,35,70,71,60,Rare
2006,CHN,Chicago Cubs,0.407,Greg Maddux,SP,3.1,86,27,96,60,68,62,Rare
2006,CHN,Chicago Cubs,0.407,Bob Howry,RP,1.9,36,64,85,74,22,69,Rare
2006,KCA,Kansas City Royals,0.383,Todd Wellemeyer,RP,1.0,40,40,25,55,28,39,Common
2006,KCA,Kansas City Royals,0.383,Luke Hudson,SP,0.6,90,34,51,49,73,48,Uncommon
2006,KCA,Kansas City Royals,0.383,Joel Peralta,RP,0.6,37,48,83,53,24,58,Rare
2006,TBA,Tampa Bay Devil Rays,0.377,Scott Kazmir,SP,4.2,85,85,54,72,67,70,Epic
2006,TBA,Tampa Bay Devil Rays,0.377,Mark Hendrickson,SP,2.5,88,31,50,55,71,48,Uncommon
2006,TBA,Tampa Bay Devil Rays,0.377,James Shields,SP,1.7,84,55,66,46,66,57,Rare
2007,BOS,Boston Red Sox,0.593,Josh Beckett,SP,6.5,89,68,90,75,72,77,Epic
2007,BOS,Boston Red Sox,0.593,Daisuke Matsuzaka,SP,4.1,88,70,49,54,70,59,Rare
2007,BOS,Boston Red Sox,0.593,Curt Schilling,SP,4.0,87,38,101,60,69,67,Rare
2007,CLE,Cleveland Indians,0.593,CC Sabathia,SP,6.3,92,58,101,73,76,77,Epic
2007,CLE,Cleveland Indians,0.593,Roberto Hernandez,SP,6.2,90,35,71,78,73,62,Rare
2007,CLE,Cleveland Indians,0.593,Rafael Betancourt,RP,4.3,37,72,110,115,24,92,Legendary
2007,LAA,Los Angeles Angels of Anaheim,0.58,John Lackey,SP,6.2,90,51,83,78,73,71,Epic
2007,LAA,Los Angeles Angels of Anaheim,0.58,Kelvim Escobar,SP,4.9,88,53,59,71,71,62,Rare
2007,LAA,Los Angeles Angels of Anaheim,0.58,Jered Weaver,SP,2.7,83,43,72,58,64,58,Rare
2007,NYA,New York Yankees,0.58,Chien-Ming Wang,SP,5.0,89,23,68,67,72,55,Rare
2007,NYA,New York Yankees,0.58,Andy Pettitte,SP,3.8,87,37,63,59,69,55,Rare
2007,NYA,New York Yankees,0.58,Mariano Rivera,RP,2.0,36,75,97,77,23,77,Epic
2007,ARI,Arizona Diamondbacks,0.556,Brandon Webb,SP,6.4,91,53,66,85,75,69,Rare
2007,ARI,Arizona Diamondbacks,0.556,Doug Davis,SP,2.5,84,46,39,56,65,49,Uncommon
2007,ARI,Arizona Diamondbacks,0.556,Jose Valverde,RP,2.2,36,93,47,91,22,72,Epic
2007,COL,Colorado Rockies,0.552,Jeff Francis,SP,3.9,87,48,69,57,69,59,Rare
2007,COL,Colorado Rockies,0.552,Manny Corpas,RP,2.9,36,45,77,113,22,73,Epic
2007,COL,Colorado Rockies,0.552,Aaron Cook,SP,2.2,89,8,75,60,72,50,Uncommon
2007,PHI,Philadelphia Phillies,0.549,Cole Hamels,SP,4.1,88,68,82,67,71,72,Epic
2007,PHI,Philadelphia Phillies,0.549,J. C. Romero,RP,2.2,35,46,19,115,21,56,Rare
2007,PHI,Philadelphia Phillies,0.549,Kyle Kendrick,SP,2.2,85,11,89,59,67,54,Uncommon
2007,SDN,San Diego Padres,0.546,Jake Peavy,SP,6.2,88,79,66,84,71,76,Epic
2007,SDN,San Diego Padres,0.546,Chris Young,SP,3.6,83,68,46,69,64,61,Rare
2007,SDN,San Diego Padres,0.546,Heath Bell,RP,3.3,37,81,63,108,24,78,Epic
2007,DET,Detroit Tigers,0.543,Justin Verlander,SP,4.2,87,62,60,64,69,63,Rare
2007,DET,Detroit Tigers,0.543,Bobby Seay,RP,1.4,35,53,62,108,21,69,Rare
2007,DET,Detroit Tigers,0.543,Nate Robertson,SP,1.3,84,38,55,47,66,49,Uncommon
2007,NYN,New York Mets,0.543,Orlando Hernandez,SP,2.5,86,58,45,56,68,54,Uncommon
2007,NYN,New York Mets,0.543,John Maine,SP,2.4,84,66,48,55,66,57,Rare
2007,NYN,New York Mets,0.543,Tom Glavine,SP,2.0,84,15,63,48,65,44,Common
2007,SEA,Seattle Mariners,0.543,J. J. Putz,RP,4.0,36,86,94,112,23,90,Legendary
2007,SEA,Seattle Mariners,0.543,Felix Hernandez,SP,3.9,87,58,72,56,69,63,Rare
2007,SEA,Seattle Mariners,0.543,Jarrod Washburn,SP,2.8,85,30,57,50,67,48,Uncommon
2007,CHN,Chicago Cubs,0.525,Ted Lilly,SP,4.1,85,55,75,60,67,64,Rare
2007,CHN,Chicago Cubs,0.525,Carlos Zambrano,SP,3.4,87,53,41,59,69,53,Uncommon
2007,CHN,Chicago Cubs,0.525,Rich Hill,SP,3.4,85,65,62,58,67,62,Rare
2007,ATL,Atlanta Braves,0.519,Tim Hudson,SP,4.7,88,30,82,71,71,62,Rare
2007,ATL,Atlanta Braves,0.519,John Smoltz,SP,4.6,88,67,84,73,70,74,Epic
2007,ATL,Atlanta Braves,0.519,Peter Moylan,RP,1.9,36,41,57,113,23,66,Rare
2007,MIL,Milwaukee Brewers,0.512,Ben Sheets,SP,2.9,84,46,76,58,65,60,Rare
2007,MIL,Milwaukee Brewers,0.512,Yovani Gallardo,SP,2.2,88,63,59,64,71,63,Rare
2007,MIL,Milwaukee Brewers,0.512,Jeff Suppan,SP,1.9,85,26,61,50,67,48,Uncommon
2007,TOR,Toronto Blue Jays,0.512,Roy Halladay,SP,3.5,93,33,87,64,77,63,Rare
2007,TOR,Toronto Blue Jays,0.512,A. J. Burnett,SP,2.4,89,78,48,59,72,63,Rare
2007,TOR,Toronto Blue Jays,0.512,Dustin McGowan,SP,2.3,87,56,54,57,69,57,Rare
2007,LAN,Los Angeles Dodgers,0.506,Brad Penny,SP,5.9,87,36,56,80,69,58,Rare
2007,LAN,Los Angeles Dodgers,0.506,Chad Billingsley,SP,3.6,94,67,44,68,78,62,Rare
2007,LAN,Los Angeles Dodgers,0.506,Takashi Saito,RP,3.5,36,93,90,113,23,91,Legendary
2007,MIN,Minnesota Twins,0.488,Johan Santana,SP,5.0,89,79,82,63,72,74,Epic
2007,MIN,Minnesota Twins,0.488,Joe Nathan,RP,2.9,36,79,75,114,23,83,Epic
2007,MIN,Minnesota Twins,0.488,Matt Guerrier,RP,2.6,37,48,81,94,24,69,Rare
2007,SLN,St. Louis Cardinals,0.481,Adam Wainwright,SP,2.8,87,38,57,63,69,54,Uncommon
2007,SLN,St. Louis Cardinals,0.481,Russ Springer,RP,1.7,36,72,70,108,22,77,Epic
2007,SLN,St. Louis Cardinals,0.481,Ryan Franklin,RP,1.6,37,26,105,74,24,64,Rare
2007,OAK,Oakland Athletics,0.469,Dan Haren,SP,4.6,88,58,79,70,71,69,Rare
2007,OAK,Oakland Athletics,0.469,Joe Blanton,SP,3.6,90,32,96,57,73,63,Rare
2007,OAK,Oakland Athletics,0.469,Chad Gaudin,SP,1.4,84,48,38,48,65,47,Uncommon
2007,TEX,Texas Rangers,0.463,Joaquin Benoit,RP,2.4,37,78,58,84,24,68,Rare
2007,TEX,Texas Rangers,0.463,Ron Mahay,RP,1.9,37,53,33,96,24,57,Rare
2007,TEX,Texas Rangers,0.463,C. J. Wilson,RP,1.7,36,64,40,81,23,58,Rare
2007,HOU,Houston Astros,0.451,Roy Oswalt,SP,6.6,89,44,71,74,72,64,Rare
2007,HOU,Houston Astros,0.451,Chad Qualls,RP,2.4,36,66,67,73,23,64,Rare
2007,HOU,Houston Astros,0.451,Wandy Rodriguez,SP,2.1,84,58,58,48,65,56,Rare
2007,WAS,Washington Nationals,0.451,Shawn Hill,SP,2.1,85,38,77,64,67,60,Rare
2007,WAS,Washington Nationals,0.451,Tim Redding,SP,1.8,82,27,43,58,63,45,Uncommon
2007,WAS,Washington Nationals,0.451,Jason Bergmann,SP,1.5,82,46,52,45,62,49,Uncommon
2007,CHA,Chicago White Sox,0.444,Javier Vazquez,SP,6.2,90,70,83,62,73,72,Epic
2007,CHA,Chicago White Sox,0.444,Mark Buehrle,SP,6.1,89,28,85,65,72,61,Rare
2007,CHA,Chicago White Sox,0.444,Jon Garland,SP,3.9,88,18,73,57,71,51,Uncommon
2007,CIN,Cincinnati Reds,0.444,Aaron Harang,SP,6.0,90,66,85,62,73,71,Epic
2007,CIN,Cincinnati Reds,0.444,Bronson Arroyo,SP,3.3,86,45,67,54,68,57,Rare
2007,CIN,Cincinnati Reds,0.444,David Weathers,RP,1.9,36,33,56,70,23,50,Uncommon
2007,FLO,Florida Marlins,0.438,Lee Gardner,RP,2.7,37,41,81,117,24,74,Epic
2007,FLO,Florida Marlins,0.438,Kevin Gregg,RP,1.8,37,75,41,64,24,56,Rare
2007,FLO,Florida Marlins,0.438,Matt Lindstrom,RP,1.3,36,64,64,78,22,64,Rare
2007,SFN,San Francisco Giants,0.438,Matt Cain,SP,4.6,86,53,48,65,68,57,Rare
2007,SFN,San Francisco Giants,0.438,Kevin Correia,RP,2.3,40,50,48,67,28,52,Uncommon
2007,SFN,San Francisco Giants,0.438,Noah Lowry,SP,2.3,84,27,33,60,66,43,Common
2007,BAL,Baltimore Orioles,0.426,Erik Bedard,SP,5.7,88,94,64,74,71,77,Epic
2007,BAL,Baltimore Orioles,0.426,Jeremy Guthrie,SP,4.0,90,41,75,62,73,61,Rare
2007,BAL,Baltimore Orioles,0.426,Steve Trachsel,SP,1.6,82,6,40,39,62,32,Common
2007,KCA,Kansas City Royals,0.426,Gil Meche,SP,4.2,87,43,70,63,69,60,Rare
2007,KCA,Kansas City Royals,0.426,Brian Bannister,SP,2.8,85,18,75,61,67,53,Uncommon
2007,KCA,Kansas City Royals,0.426,Joakim Soria,RP,2.4,36,80,73,100,23,78,Epic
2007,PIT,Pittsburgh Pirates,0.42,Tom Gorzelanny,SP,3.9,87,38,59,58,69,53,Uncommon
2007,PIT,Pittsburgh Pirates,0.42,Ian Snell,SP,3.7,88,56,61,58,71,60,Rare
2007,PIT,Pittsburgh Pirates,0.42,Matt Capps,RP,2.6,36,52,90,101,23,75,Epic
2007,TBA,Tampa Bay Devil Rays,0.407,Scott Kazmir,SP,5.8,85,88,45,67,67,67,Rare
2007,TBA,Tampa Bay Devil Rays,0.407,James Shields,SP,5.5,90,57,98,58,74,71,Epic
2007,TBA,Tampa Bay Devil Rays,0.407,Scott Dohmann,RP,0.8,36,51,34,71,23,49,Uncommon
2008,LAA,Los Angeles Angels of Anaheim,0.617,Ervin Santana,SP,5.1,90,69,87,64,74,73,Epic
2008,LAA,Los Angeles Angels of Anaheim,0.617,Joe Saunders,SP,4.7,88,23,75,66,70,56,Rare
2008,LAA,Los Angeles Angels of Anaheim,0.617,John Lackey,SP,3.5,90,51,80,58,73,64,Rare
2008,CHN,Chicago Cubs,0.602,Ryan Dempster,SP,6.9,87,62,52,81,69,65,Rare
2008,CHN,Chicago Cubs,0.602,Carlos Zambrano,SP,4.2,87,40,49,60,69,52,Uncommon
2008,CHN,Chicago Cubs,0.602,Ted Lilly,SP,4.0,85,61,64,54,67,60,Rare
2008,TBA,Tampa Bay Rays,0.599,James Shields,SP,3.9,88,46,93,62,71,67,Rare
2008,TBA,Tampa Bay Rays,0.599,Scott Kazmir,SP,3.8,82,81,42,62,63,62,Rare
2008,TBA,Tampa Bay Rays,0.599,Matt Garza,SP,3.4,86,40,63,60,68,56,Rare
2008,BOS,Boston Red Sox,0.586,Jon Lester,SP,6.1,88,43,64,76,70,62,Rare
2008,BOS,Boston Red Sox,0.586,Daisuke Matsuzaka,SP,5.4,83,63,33,84,64,60,Rare
2008,BOS,Boston Red Sox,0.586,Josh Beckett,SP,3.3,88,70,91,58,70,73,Epic
2008,PHI,Philadelphia Phillies,0.568,Cole Hamels,SP,4.3,90,58,83,71,74,71,Epic
2008,PHI,Philadelphia Phillies,0.568,Jamie Moyer,SP,2.8,84,34,64,59,66,54,Uncommon
2008,PHI,Philadelphia Phillies,0.568,Brad Lidge,RP,2.4,36,105,38,117,22,80,Epic
2008,MIL,Milwaukee Brewers,0.556,CC Sabathia,SP,6.7,93,71,83,96,77,83,Epic
2008,MIL,Milwaukee Brewers,0.556,Ben Sheets,SP,4.4,88,51,82,71,70,68,Rare
2008,MIL,Milwaukee Brewers,0.556,Dave Bush,SP,1.8,88,30,77,48,70,53,Uncommon
2008,NYA,New York Yankees,0.549,Mike Mussina,SP,5.1,84,46,101,68,65,71,Epic
2008,NYA,New York Yankees,0.549,Mariano Rivera,RP,4.3,36,81,117,114,23,96,Legendary
2008,NYA,New York Yankees,0.549,Joba Chamberlain,RP,3.5,44,90,49,91,33,72,Epic
2008,NYN,New York Mets,0.549,Johan Santana,SP,7.1,90,59,74,85,74,73,Epic
2008,NYN,New York Mets,0.549,Mike Pelfrey,SP,3.3,87,26,63,61,69,52,Uncommon
2008,NYN,New York Mets,0.549,Oliver Perez,SP,1.8,83,64,34,49,64,50,Uncommon
2008,CHA,Chicago White Sox,0.546,John Danks,SP,6.4,84,53,69,72,66,65,Rare
2008,CHA,Chicago White Sox,0.546,Mark Buehrle,SP,4.4,88,35,82,62,70,61,Rare
2008,CHA,Chicago White Sox,0.546,Gavin Floyd,SP,3.5,87,41,58,58,69,54,Uncommon
2008,MIN,Minnesota Twins,0.54,Scott Baker,SP,4.4,86,53,80,61,68,65,Rare
2008,MIN,Minnesota Twins,0.54,Joe Nathan,RP,3.3,36,81,75,113,22,83,Epic
2008,MIN,Minnesota Twins,0.54,Kevin Slowey,SP,2.6,84,48,102,51,66,67,Rare
2008,HOU,Houston Astros,0.534,Roy Oswalt,SP,3.9,88,50,84,60,71,65,Rare
2008,HOU,Houston Astros,0.534,Wandy Rodriguez,SP,1.8,82,67,63,60,62,63,Rare
2008,HOU,Houston Astros,0.534,Geoff Geary,RP,1.7,37,41,44,90,24,55,Rare
2008,SLN,St. Louis Cardinals,0.531,Kyle Lohse,SP,2.7,85,30,80,57,67,57,Rare
2008,SLN,St. Louis Cardinals,0.531,Adam Wainwright,SP,2.5,88,40,77,68,71,63,Rare
2008,SLN,St. Louis Cardinals,0.531,Todd Wellemeyer,SP,2.4,84,41,62,56,66,54,Uncommon
2008,TOR,Toronto Blue Jays,0.531,Roy Halladay,SP,6.2,94,55,100,80,79,78,Epic
2008,TOR,Toronto Blue Jays,0.531,Shaun Marcum,SP,3.0,85,52,60,62,67,59,Rare
2008,TOR,Toronto Blue Jays,0.531,Scott Downs,RP,2.8,36,52,49,115,23,67,Rare
2008,FLO,Florida Marlins,0.522,Ricky Nolasco,SP,4.2,89,59,91,61,72,70,Epic
2008,FLO,Florida Marlins,0.522,Chris Volstad,SP,2.6,85,33,45,83,67,55,Rare
2008,FLO,Florida Marlins,0.522,Josh Johnson,SP,2.0,86,60,65,63,68,63,Rare
2008,LAN,Los Angeles Dodgers,0.519,Chad Billingsley,SP,4.8,87,72,48,70,69,64,Rare
2008,LAN,Los Angeles Dodgers,0.519,Derek Lowe,SP,4.5,86,41,87,68,68,66,Rare
2008,LAN,Los Angeles Dodgers,0.519,Hiroki Kuroda,SP,2.7,84,34,84,59,66,60,Rare
2008,ARI,Arizona Diamondbacks,0.506,Dan Haren,SP,6.1,88,67,94,71,71,77,Epic
2008,ARI,Arizona Diamondbacks,0.506,Brandon Webb,SP,5.6,89,52,70,75,72,66,Rare
2008,ARI,Arizona Diamondbacks,0.506,Randy Johnson,SP,3.2,86,65,81,58,68,68,Rare
2008,CLE,Cleveland Indians,0.5,Cliff Lee,SP,6.8,93,47,101,89,77,79,Epic
2008,CLE,Cleveland Indians,0.5,Paul Byrd,SP,1.4,84,16,93,45,66,53,Uncommon
2008,CLE,Cleveland Indians,0.5,Anthony Reyes,RP,1.3,45,22,66,84,35,55,Rare
2008,TEX,Texas Rangers,0.488,Frank Francisco,RP,1.4,36,103,47,72,23,69,Rare
2008,TEX,Texas Rangers,0.488,Vicente Padilla,SP,1.1,84,45,50,45,65,48,Uncommon
2008,TEX,Texas Rangers,0.488,Franklyn German,RP,0.8,38,40,29,119,25,59,Rare
2008,OAK,Oakland Athletics,0.466,Rich Harden,SP,5.9,84,94,47,113,66,83,Epic
2008,OAK,Oakland Athletics,0.466,Justin Duchscherer,SP,3.9,88,38,81,85,70,68,Rare
2008,OAK,Oakland Athletics,0.466,Brad Ziegler,RP,2.8,38,21,51,116,25,59,Rare
2008,KCA,Kansas City Royals,0.463,Zack Greinke,SP,5.2,87,62,73,63,69,66,Rare
2008,KCA,Kansas City Royals,0.463,Gil Meche,SP,4.9,86,58,56,56,68,58,Rare
2008,KCA,Kansas City Royals,0.463,Joakim Soria,RP,3.6,36,70,71,113,23,78,Epic
2008,CIN,Cincinnati Reds,0.457,Edinson Volquez,SP,4.8,85,77,41,72,67,64,Rare
2008,CIN,Cincinnati Reds,0.457,Aaron Harang,SP,1.8,87,54,74,42,69,58,Rare
2008,CIN,Cincinnati Reds,0.457,Francisco Cordero,RP,1.6,36,83,35,69,22,58,Rare
2008,COL,Colorado Rockies,0.457,Aaron Cook,SP,4.4,89,16,84,63,72,56,Rare
2008,COL,Colorado Rockies,0.457,Ubaldo Jimenez,SP,3.8,84,58,37,64,65,54,Uncommon
2008,COL,Colorado Rockies,0.457,Brian Fuentes,RP,2.1,36,103,55,93,22,78,Epic
2008,DET,Detroit Tigers,0.457,Armando Galarraga,SP,4.0,88,42,58,58,70,54,Uncommon
2008,DET,Detroit Tigers,0.457,Justin Verlander,SP,1.8,85,52,45,47,67,50,Uncommon
2008,DET,Detroit Tigers,0.457,Zach Miner,RP,1.7,45,23,49,54,35,41,Common
2008,ATL,Atlanta Braves,0.444,Tim Hudson,SP,3.0,88,31,71,69,70,58,Rare
2008,ATL,Atlanta Braves,0.444,Jair Jurrjens,SP,2.2,85,45,51,61,67,54,Uncommon
2008,ATL,Atlanta Braves,0.444,Jorge Campillo,SP,1.7,87,38,81,53,69,58,Rare
2008,SFN,San Francisco Giants,0.444,Tim Lincecum,SP,7.8,90,89,51,90,74,76,Epic
2008,SFN,San Francisco Giants,0.444,Matt Cain,SP,4.5,88,57,46,60,70,56,Rare
2008,SFN,San Francisco Giants,0.444,Jonathan Sanchez,SP,1.1,82,71,41,45,62,53,Uncommon
2008,BAL,Baltimore Orioles,0.422,Jeremy Guthrie,SP,4.1,87,34,66,61,69,55,Rare
2008,BAL,Baltimore Orioles,0.422,Jim Johnson,RP,2.3,38,26,47,111,25,58,Rare
2008,BAL,Baltimore Orioles,0.422,Chad Bradford,RP,1.6,36,1,78,115,22,60,Rare
2008,PIT,Pittsburgh Pirates,0.414,Paul Maholm,SP,4.0,89,38,66,57,72,56,Rare
2008,PIT,Pittsburgh Pirates,0.414,John Grabow,RP,1.9,36,53,40,74,23,52,Uncommon
2008,PIT,Pittsburgh Pirates,0.414,Matt Capps,RP,1.2,36,44,115,71,23,71,Epic
2008,SDN,San Diego Padres,0.389,Jake Peavy,SP,4.0,88,67,58,68,70,65,Rare
2008,SDN,San Diego Padres,0.389,Mike Adams,RP,1.4,37,85,69,78,24,72,Epic
2008,SDN,San Diego Padres,0.389,Chris Young,SP,1.0,83,62,41,47,64,51,Uncommon
2008,SEA,Seattle Mariners,0.377,Felix Hernandez,SP,4.0,88,59,48,64,70,58,Rare
2008,SEA,Seattle Mariners,0.377,Ryan Rowland-Smith,RP,2.0,44,36,47,62,34,47,Uncommon
2008,SEA,Seattle Mariners,0.377,Arthur Rhodes,RP,1.4,34,85,43,119,19,76,Epic
2008,WAS,Washington Nationals,0.366,John Lannan,SP,2.7,84,35,48,54,65,48,Uncommon
2008,WAS,Washington Nationals,0.366,Steven Shell,RP,1.5,38,53,48,103,25,64,Rare
2008,WAS,Washington Nationals,0.366,Odalis Perez,SP,1.4,81,46,57,48,61,51,Uncommon
2009,NYA,New York Yankees,0.636,CC Sabathia,SP,6.2,90,57,69,72,73,67,Rare
2009,NYA,New York Yankees,0.636,A. J. Burnett,SP,4.5,87,66,41,57,69,56,Rare
2009,NYA,New York Yankees,0.636,Mariano Rivera,RP,3.6,36,80,95,110,23,88,Legendary
2009,LAA,Los Angeles Angels of Anaheim,0.599,Jered Weaver,SP,3.5,88,54,64,58,70,60,Rare
2009,LAA,Los Angeles Angels of Anaheim,0.599,John Lackey,SP,1.9,88,50,75,59,71,62,Rare
2009,LAA,Los Angeles Angels of Anaheim,0.599,Darren Oliver,RP,1.9,37,60,67,85,24,66,Rare
2009,BOS,Boston Red Sox,0.586,Jon Lester,SP,6.2,87,83,64,70,69,72,Epic
2009,BOS,Boston Red Sox,0.586,Josh Beckett,SP,5.0,89,65,77,60,72,68,Rare
2009,BOS,Boston Red Sox,0.586,Jonathan Papelbon,RP,3.5,36,84,55,113,23,78,Epic
2009,LAN,Los Angeles Dodgers,0.586,Clayton Kershaw,SP,4.7,83,80,35,78,64,64,Rare
2009,LAN,Los Angeles Dodgers,0.586,Randy Wolf,SP,3.9,87,46,74,62,69,61,Rare
2009,LAN,Los Angeles Dodgers,0.586,Jonathan Broxton,RP,1.8,36,123,49,83,23,79,Epic
2009,PHI,Philadelphia Phillies,0.574,J. A. Happ,SP,4.2,93,43,59,72,77,60,Rare
2009,PHI,Philadelphia Phillies,0.574,Joe Blanton,SP,2.6,87,55,67,50,69,58,Rare
2009,PHI,Philadelphia Phillies,0.574,Cole Hamels,SP,1.9,85,58,85,48,67,64,Rare
2009,COL,Colorado Rockies,0.568,Ubaldo Jimenez,SP,5.5,89,62,49,73,72,62,Rare
2009,COL,Colorado Rockies,0.568,Jason Marquis,SP,3.5,88,24,51,62,71,48,Uncommon
2009,COL,Colorado Rockies,0.568,Aaron Cook,SP,2.9,84,20,68,56,65,50,Uncommon
2009,SLN,St. Louis Cardinals,0.562,Chris Carpenter,SP,6.5,90,46,91,99,74,78,Epic
2009,SLN,St. Louis Cardinals,0.562,Adam Wainwright,SP,6.2,90,62,71,82,74,72,Epic
2009,SLN,St. Louis Cardinals,0.562,Joel Pineiro,SP,2.5,89,20,107,64,72,64,Rare
2009,SFN,San Francisco Giants,0.543,Tim Lincecum,SP,7.4,91,88,67,92,75,82,Epic
2009,SFN,San Francisco Giants,0.543,Matt Cain,SP,6.1,88,50,59,75,71,62,Rare
2009,SFN,San Francisco Giants,0.543,Jeremy Affeldt,RP,2.6,35,60,39,115,21,66,Rare
2009,FLO,Florida Marlins,0.537,Josh Johnson,SP,6.6,87,63,72,70,69,68,Rare
2009,FLO,Florida Marlins,0.537,Kiko Calero,RP,2.4,36,87,38,118,22,75,Epic
2009,FLO,Florida Marlins,0.537,Anibal Sanchez,SP,1.7,81,54,35,55,61,49,Uncommon
2009,TEX,Texas Rangers,0.537,Kevin Millwood,SP,4.7,88,33,54,63,70,52,Uncommon
2009,TEX,Texas Rangers,0.537,Scott Feldman,SP,3.8,85,31,57,58,67,50,Uncommon
2009,TEX,Texas Rangers,0.537,Darren O'Day,RP,2.4,35,67,66,91,21,69,Rare
2009,MIN,Minnesota Twins,0.534,Scott Baker,SP,3.4,85,52,81,49,67,61,Rare
2009,MIN,Minnesota Twins,0.534,Nick Blackburn,SP,3.2,86,19,90,54,68,56,Rare
2009,MIN,Minnesota Twins,0.534,Joe Nathan,RP,3.0,36,102,63,107,22,84,Epic
2009,ATL,Atlanta Braves,0.531,Jair Jurrjens,SP,6.5,87,42,56,84,69,61,Rare
2009,ATL,Atlanta Braves,0.531,Javier Vazquez,SP,6.2,90,80,90,74,74,81,Epic
2009,ATL,Atlanta Braves,0.531,Tommy Hanson,SP,3.9,85,62,53,75,67,64,Rare
2009,DET,Detroit Tigers,0.528,Justin Verlander,SP,5.5,90,84,76,68,74,76,Epic
2009,DET,Detroit Tigers,0.528,Edwin Jackson,SP,4.2,88,46,61,62,71,58,Rare
2009,DET,Detroit Tigers,0.528,Rick Porcello,SP,2.4,82,23,66,56,62,50,Uncommon
2009,SEA,Seattle Mariners,0.525,Felix Hernandez,SP,5.9,91,62,68,91,75,74,Epic
2009,SEA,Seattle Mariners,0.525,Jarrod Washburn,SP,3.0,87,28,72,55,69,53,Uncommon
2009,SEA,Seattle Mariners,0.525,Erik Bedard,SP,2.0,82,80,47,78,62,68,Rare
2009,TBA,Tampa Bay Rays,0.519,Matt Garza,SP,3.6,87,65,49,55,69,58,Rare
2009,TBA,Tampa Bay Rays,0.519,Jeff Niemann,SP,2.4,85,40,61,57,67,54,Uncommon
2009,TBA,Tampa Bay Rays,0.519,James Shields,SP,1.9,89,47,82,52,72,62,Rare
2009,CHN,Chicago Cubs,0.516,Ted Lilly,SP,5.0,88,57,89,72,71,72,Epic
2009,CHN,Chicago Cubs,0.516,Randy Wells,SP,4.2,85,34,72,76,67,61,Rare
2009,CHN,Chicago Cubs,0.516,Ryan Dempster,SP,3.4,88,57,61,62,70,61,Rare
2009,MIL,Milwaukee Brewers,0.494,Yovani Gallardo,SP,2.8,86,82,38,55,68,59,Rare
2009,MIL,Milwaukee Brewers,0.494,Trevor Hoffman,RP,2.2,36,60,77,116,22,78,Epic
2009,MIL,Milwaukee Brewers,0.494,Todd Coffey,RP,1.7,36,49,78,73,23,62,Rare
2009,CHA,Chicago White Sox,0.488,Mark Buehrle,SP,5.3,88,20,88,61,70,58,Rare
2009,CHA,Chicago White Sox,0.488,John Danks,SP,5.1,87,45,52,61,69,54,Uncommon
2009,CHA,Chicago White Sox,0.488,Gavin Floyd,SP,4.1,88,56,66,58,70,61,Rare
2009,CIN,Cincinnati Reds,0.481,Bronson Arroyo,SP,2.6,89,29,68,54,72,52,Uncommon
2009,CIN,Cincinnati Reds,0.481,Nick Masset,RP,2.1,36,64,64,93,23,69,Rare
2009,CIN,Cincinnati Reds,0.481,Francisco Cordero,RP,1.7,36,58,43,106,22,64,Rare
2009,OAK,Oakland Athletics,0.463,Andrew Bailey,RP,3.7,37,81,70,114,24,82,Epic
2009,OAK,Oakland Athletics,0.463,Dallas Braden,SP,2.9,86,30,66,60,68,54,Uncommon
2009,OAK,Oakland Athletics,0.463,Michael Wuertz,RP,2.3,36,102,69,87,23,80,Epic
2009,SDN,San Diego Padres,0.463,Kevin Correia,SP,1.7,84,43,62,50,66,53,Uncommon
2009,SDN,San Diego Padres,0.463,Jake Peavy,SP,1.7,87,80,59,112,69,82,Epic
2009,SDN,San Diego Padres,0.463,Heath Bell,RP,1.6,36,85,57,76,23,68,Rare
2009,TOR,Toronto Blue Jays,0.463,Roy Halladay,SP,6.9,94,58,103,82,79,81,Epic
2009,TOR,Toronto Blue Jays,0.463,Ricky Romero,SP,2.2,86,50,44,52,68,51,Uncommon
2009,TOR,Toronto Blue Jays,0.463,Jason Frasor,RP,1.7,36,69,72,94,22,73,Epic
2009,HOU,Houston Astros,0.457,Wandy Rodriguez,SP,4.7,86,65,66,69,68,67,Rare
2009,HOU,Houston Astros,0.457,Roy Oswalt,SP,2.4,85,47,83,50,67,61,Rare
2009,HOU,Houston Astros,0.457,LaTroy Hawkins,RP,2.0,36,42,78,99,22,68,Rare
2009,ARI,Arizona Diamondbacks,0.432,Dan Haren,SP,6.5,90,69,98,71,74,79,Epic
2009,ARI,Arizona Diamondbacks,0.432,Doug Davis,SP,2.4,84,43,38,54,66,47,Uncommon
2009,ARI,Arizona Diamondbacks,0.432,Jon Garland,SP,1.6,86,24,67,63,68,53,Uncommon
2009,NYN,New York Mets,0.432,Johan Santana,SP,3.3,89,59,73,65,72,66,Rare
2009,NYN,New York Mets,0.432,Fernando Nieve,SP,1.0,80,34,37,71,60,49,Uncommon
2009,NYN,New York Mets,0.432,Pedro Feliciano,RP,0.8,34,71,66,68,20,64,Rare
2009,CLE,Cleveland Indians,0.401,Cliff Lee,SP,5.4,90,49,94,68,73,71,Epic
2009,CLE,Cleveland Indians,0.401,Rafael Betancourt,RP,1.5,36,81,54,102,22,73,Epic
2009,CLE,Cleveland Indians,0.401,Carl Pavano,SP,1.0,85,45,91,42,67,60,Rare
2009,KCA,Kansas City Royals,0.401,Zack Greinke,SP,10.4,90,77,85,110,74,89,Legendary
2009,KCA,Kansas City Royals,0.401,Joakim Soria,RP,2.7,36,102,67,104,23,84,Epic
2009,KCA,Kansas City Royals,0.401,Rob Tejeda,RP,1.9,42,90,22,68,31,57,Rare
2009,BAL,Baltimore Orioles,0.395,Brad Bergesen,SP,3.1,88,24,77,69,71,58,Rare
2009,BAL,Baltimore Orioles,0.395,George Sherrill,RP,3.1,36,60,56,114,22,71,Epic
2009,BAL,Baltimore Orioles,0.395,Jeremy Guthrie,SP,1.9,85,26,67,42,67,47,Uncommon
2009,PIT,Pittsburgh Pirates,0.385,Ross Ohlendorf,SP,2.4,85,33,67,52,67,52,Uncommon
2009,PIT,Pittsburgh Pirates,0.385,Zach Duke,SP,2.0,89,21,83,51,72,54,Uncommon
2009,PIT,Pittsburgh Pirates,0.385,Paul Maholm,SP,1.1,87,32,65,50,69,51,Uncommon
2009,WAS,Washington Nationals,0.364,John Lannan,SP,3.4,87,14,60,55,69,46,Uncommon
2009,WAS,Washington Nationals,0.364,Tyler Clippard,RP,1.4,39,83,35,79,26,62,Rare
2009,WAS,Washington Nationals,0.364,Joe Beimel,RP,1.0,35,34,57,63,21,48,Uncommon
2010,PHI,Philadelphia Phillies,0.599,Roy Halladay,SP,8.5,95,59,109,86,80,84,Epic
2010,PHI,Philadelphia Phillies,0.599,Cole Hamels,SP,5.5,87,73,69,66,69,69,Rare
2010,PHI,Philadelphia Phillies,0.599,Ryan Madson,RP,1.3,36,93,80,84,22,79,Epic
2010,TBA,Tampa Bay Rays,0.593,David Price,SP,4.7,90,61,50,76,73,63,Rare
2010,TBA,Tampa Bay Rays,0.593,Joaquin Benoit,RP,2.2,36,96,94,111,22,92,Legendary
2010,TBA,Tampa Bay Rays,0.593,Rafael Soriano,RP,2.1,36,63,85,114,22,81,Epic
2010,NYA,New York Yankees,0.586,CC Sabathia,SP,4.8,91,54,65,71,75,64,Rare
2010,NYA,New York Yankees,0.586,Andy Pettitte,SP,2.6,86,49,63,67,68,60,Rare
2010,NYA,New York Yankees,0.586,Mariano Rivera,RP,2.4,36,46,94,116,22,79,Epic
2010,MIN,Minnesota Twins,0.58,Francisco Liriano,SP,4.2,86,77,67,61,68,68,Rare
2010,MIN,Minnesota Twins,0.58,Carl Pavano,SP,3.8,90,24,98,54,74,60,Rare
2010,MIN,Minnesota Twins,0.58,Brian Duensing,RP,3.6,44,31,75,81,33,59,Rare
2010,SFN,San Francisco Giants,0.568,Matt Cain,SP,4.0,90,50,73,64,73,63,Rare
2010,SFN,San Francisco Giants,0.568,Tim Lincecum,SP,3.3,88,81,54,59,70,65,Rare
2010,SFN,San Francisco Giants,0.568,Jonathan Sanchez,SP,3.2,84,78,39,64,65,61,Rare
2010,ATL,Atlanta Braves,0.562,Tim Hudson,SP,5.8,90,32,62,72,73,57,Rare
2010,ATL,Atlanta Braves,0.562,Tommy Hanson,SP,2.8,84,57,73,62,66,64,Rare
2010,ATL,Atlanta Braves,0.562,Billy Wagner,RP,2.4,36,123,63,113,22,92,Legendary
2010,CIN,Cincinnati Reds,0.562,Bronson Arroyo,SP,2.4,88,27,73,51,71,52,Uncommon
2010,CIN,Cincinnati Reds,0.562,Johnny Cueto,SP,2.4,84,45,67,57,66,57,Rare
2010,CIN,Cincinnati Reds,0.562,Arthur Rhodes,RP,1.6,35,62,61,94,21,67,Rare
2010,SDN,San Diego Padres,0.556,Mat Latos,SP,3.2,84,74,74,65,66,70,Epic
2010,SDN,San Diego Padres,0.556,Tim Stauffer,RP,2.1,44,45,69,107,34,70,Epic
2010,SDN,San Diego Padres,0.556,Mike Adams,RP,1.9,36,81,57,114,22,78,Epic
2010,TEX,Texas Rangers,0.556,Cliff Lee,SP,5.1,95,58,117,74,80,83,Epic
2010,TEX,Texas Rangers,0.556,C. J. Wilson,SP,5.0,86,55,42,72,68,58,Rare
2010,TEX,Texas Rangers,0.556,Colby Lewis,SP,3.7,87,69,62,61,69,64,Rare
2010,BOS,Boston Red Sox,0.549,Clay Buchholz,SP,5.6,86,40,49,100,68,64,Rare
2010,BOS,Boston Red Sox,0.549,Jon Lester,SP,5.2,88,80,48,71,71,67,Rare
2010,BOS,Boston Red Sox,0.549,Daniel Bard,RP,3.1,36,73,48,112,23,72,Epic
2010,CHA,Chicago White Sox,0.543,John Danks,SP,5.2,89,47,61,60,72,58,Rare
2010,CHA,Chicago White Sox,0.543,Mark Buehrle,SP,3.8,88,18,83,52,70,53,Uncommon
2010,CHA,Chicago White Sox,0.543,Gavin Floyd,SP,3.3,85,52,65,55,67,58,Rare
2010,SLN,St. Louis Cardinals,0.531,Adam Wainwright,SP,6.2,91,64,80,85,75,76,Epic
2010,SLN,St. Louis Cardinals,0.531,Chris Carpenter,SP,3.0,89,47,75,62,72,62,Rare
2010,SLN,St. Louis Cardinals,0.531,Jaime Garcia,SP,2.7,84,52,48,77,65,60,Rare
2010,TOR,Toronto Blue Jays,0.525,Shaun Marcum,SP,4.1,87,56,86,57,69,67,Rare
2010,TOR,Toronto Blue Jays,0.525,Ricky Romero,SP,3.2,88,54,49,59,71,56,Rare
2010,TOR,Toronto Blue Jays,0.525,Brett Cecil,SP,2.2,86,39,64,50,68,53,Uncommon
2010,COL,Colorado Rockies,0.512,Ubaldo Jimenez,SP,7.5,89,68,46,87,72,68,Rare
2010,COL,Colorado Rockies,0.512,Jhoulys Chacin,SP,2.6,88,72,44,75,71,64,Rare
2010,COL,Colorado Rockies,0.512,Matt Belisle,RP,1.9,37,70,96,83,24,77,Epic
2010,DET,Detroit Tigers,0.5,Justin Verlander,SP,4.4,90,69,63,66,73,67,Rare
2010,DET,Detroit Tigers,0.5,Max Scherzer,SP,3.4,87,66,54,61,69,61,Rare
2010,DET,Detroit Tigers,0.5,Jose Valverde,RP,1.1,36,72,38,73,23,57,Rare
2010,OAK,Oakland Athletics,0.5,Trevor Cahill,SP,3.9,88,31,63,71,71,57,Rare
2010,OAK,Oakland Athletics,0.5,Gio Gonzalez,SP,3.9,85,56,42,67,67,56,Rare
2010,OAK,Oakland Athletics,0.5,Dallas Braden,SP,2.5,88,30,85,61,70,60,Rare
2010,FLO,Florida Marlins,0.494,Josh Johnson,SP,7.0,88,73,76,98,71,81,Epic
2010,FLO,Florida Marlins,0.494,Anibal Sanchez,SP,3.1,85,52,54,64,67,58,Rare
2010,FLO,Florida Marlins,0.494,Clay Hensley,RP,2.5,36,74,49,104,23,70,Epic
2010,LAA,Los Angeles Angels of Anaheim,0.494,Jered Weaver,SP,5.2,88,76,81,67,71,74,Epic
2010,LAA,Los Angeles Angels of Anaheim,0.494,Ervin Santana,SP,2.7,90,47,61,50,73,55,Rare
2010,LAA,Los Angeles Angels of Anaheim,0.494,Joel Pineiro,SP,2.6,89,31,85,53,72,58,Rare
2010,LAN,Los Angeles Dodgers,0.494,Clayton Kershaw,SP,5.6,88,75,48,71,70,65,Rare
2010,LAN,Los Angeles Dodgers,0.494,Chad Billingsley,SP,3.6,86,61,53,60,68,59,Rare
2010,LAN,Los Angeles Dodgers,0.494,Hiroki Kuroda,SP,3.6,87,52,80,60,69,64,Rare
2010,NYN,New York Mets,0.488,Johan Santana,SP,4.7,90,43,73,68,74,63,Rare
2010,NYN,New York Mets,0.488,R. A. Dickey,SP,3.6,89,31,81,72,72,62,Rare
2010,NYN,New York Mets,0.488,Mike Pelfrey,SP,2.6,86,26,60,58,68,50,Uncommon
2010,MIL,Milwaukee Brewers,0.475,Yovani Gallardo,SP,1.9,84,80,47,56,66,62,Rare
2010,MIL,Milwaukee Brewers,0.475,John Axford,RP,1.6,37,103,42,90,24,73,Epic
2010,MIL,Milwaukee Brewers,0.475,Randy Wolf,SP,1.5,87,37,47,47,69,46,Uncommon
2010,HOU,Houston Astros,0.469,Roy Oswalt,SP,6.0,89,63,76,91,72,76,Epic
2010,HOU,Houston Astros,0.469,Brett Myers,SP,4.9,90,52,68,65,73,63,Rare
2010,HOU,Houston Astros,0.469,Wandy Rodriguez,SP,2.5,85,63,56,57,67,60,Rare
2010,CHN,Chicago Cubs,0.463,Ted Lilly,SP,4.0,88,57,84,54,70,66,Rare
2010,CHN,Chicago Cubs,0.463,Randy Wells,SP,2.8,85,45,62,50,67,54,Uncommon
2010,CHN,Chicago Cubs,0.463,Ryan Dempster,SP,2.7,87,68,48,55,69,58,Rare
2010,CLE,Cleveland Indians,0.426,Roberto Hernandez,SP,2.8,88,30,58,55,70,50,Uncommon
2010,CLE,Cleveland Indians,0.426,Chris Perez,RP,2.6,36,68,44,114,22,70,Epic
2010,CLE,Cleveland Indians,0.426,Jake Westbrook,SP,1.8,86,34,59,50,68,50,Uncommon
2010,WAS,Washington Nationals,0.426,Livan Hernandez,SP,3.2,88,25,67,58,70,52,Uncommon
2010,WAS,Washington Nationals,0.426,Sean Burnett,RP,2.0,35,70,63,101,21,72,Epic
2010,WAS,Washington Nationals,0.426,Tyler Clippard,RP,1.6,37,95,43,68,24,64,Rare
2010,KCA,Kansas City Royals,0.414,Joakim Soria,RP,3.7,36,80,80,114,22,84,Epic
2010,KCA,Kansas City Royals,0.414,Zack Greinke,SP,3.5,89,53,79,52,72,62,Rare
2010,KCA,Kansas City Royals,0.414,Bruce Chen,SP,2.9,85,41,47,50,67,48,Uncommon
2010,BAL,Baltimore Orioles,0.407,Jeremy Guthrie,SP,4.5,88,28,81,54,71,56,Rare
2010,BAL,Baltimore Orioles,0.407,Brian Matusz,SP,2.8,82,53,54,48,62,53,Uncommon
2010,BAL,Baltimore Orioles,0.407,Jason Berken,RP,1.3,39,43,66,72,26,57,Rare
2010,ARI,Arizona Diamondbacks,0.401,Daniel Hudson,SP,3.6,90,59,71,83,73,71,Epic
2010,ARI,Arizona Diamondbacks,0.401,Dan Haren,SP,3.1,89,63,83,57,72,68,Rare
2010,ARI,Arizona Diamondbacks,0.401,Ian Kennedy,SP,3.0,85,58,53,55,67,56,Rare
2010,SEA,Seattle Mariners,0.377,Felix Hernandez,SP,7.2,94,64,72,92,78,76,Epic
2010,SEA,Seattle Mariners,0.377,Jason Vargas,SP,2.6,86,31,72,53,68,54,Uncommon
2010,SEA,Seattle Mariners,0.377,Doug Fister,SP,1.2,85,25,93,51,67,57,Rare
2010,PIT,Pittsburgh Pirates,0.352,Evan Meek,RP,2.4,37,59,49,100,24,65,Rare
2010,PIT,Pittsburgh Pirates,0.352,Javier Lopez,RP,1.7,35,37,56,115,21,64,Rare
2010,PIT,Pittsburgh Pirates,0.352,Ross Ohlendorf,SP,1.7,79,44,47,49,59,48,Uncommon
2011,PHI,Philadelphia Phillies,0.63,Roy Halladay,SP,8.8,94,66,102,88,78,85,Legendary
2011,PHI,Philadelphia Phillies,0.63,Cliff Lee,SP,8.5,93,74,95,84,77,84,Epic
2011,PHI,Philadelphia Phillies,0.63,Cole Hamels,SP,6.4,91,61,89,71,75,74,Epic
2011,NYA,New York Yankees,0.599,CC Sabathia,SP,6.4,93,68,77,76,77,74,Epic
2011,NYA,New York Yankees,0.599,David Robertson,RP,3.7,36,123,36,118,22,85,Legendary
2011,NYA,New York Yankees,0.599,Mariano Rivera,RP,2.9,36,69,106,115,22,89,Legendary
2011,MIL,Milwaukee Brewers,0.593,Shaun Marcum,SP,2.9,85,50,71,56,67,60,Rare
2011,MIL,Milwaukee Brewers,0.593,Randy Wolf,SP,2.5,88,34,65,54,70,53,Uncommon
2011,MIL,Milwaukee Brewers,0.593,John Axford,RP,2.3,36,89,58,108,22,79,Epic
2011,TEX,Texas Rangers,0.593,C. J. Wilson,SP,4.9,88,64,60,79,71,68,Rare
2011,TEX,Texas Rangers,0.593,Matt Harrison,SP,4.0,86,39,66,69,68,59,Rare
2011,TEX,Texas Rangers,0.593,Alexi Ogando,SP,3.6,84,46,78,65,65,63,Rare
2011,DET,Detroit Tigers,0.586,Justin Verlander,SP,8.6,94,71,84,88,78,81,Epic
2011,DET,Detroit Tigers,0.586,Jose Valverde,RP,2.0,36,67,41,97,22,64,Rare
2011,DET,Detroit Tigers,0.586,Al Alburquerque,RP,1.5,36,125,23,119,23,82,Epic
2011,ARI,Arizona Diamondbacks,0.58,Ian Kennedy,SP,4.8,90,61,79,71,73,71,Epic
2011,ARI,Arizona Diamondbacks,0.58,Josh Collmenter,SP,1.9,88,36,94,59,70,64,Rare
2011,ARI,Arizona Diamondbacks,0.58,J. J. Putz,RP,1.6,36,77,89,96,22,81,Epic
2011,TBA,Tampa Bay Rays,0.562,James Shields,SP,5.8,95,62,76,68,80,70,Epic
2011,TBA,Tampa Bay Rays,0.562,Jeremy Hellickson,SP,4.3,88,33,49,64,71,51,Uncommon
2011,TBA,Tampa Bay Rays,0.562,David Price,SP,3.3,88,69,72,55,71,66,Rare
2011,BOS,Boston Red Sox,0.556,Josh Beckett,SP,5.8,88,62,74,75,70,70,Epic
2011,BOS,Boston Red Sox,0.556,Jon Lester,SP,4.3,86,66,48,62,68,60,Rare
2011,BOS,Boston Red Sox,0.556,Alfredo Aceves,RP,2.7,42,41,52,87,31,57,Rare
2011,SLN,St. Louis Cardinals,0.556,Chris Carpenter,SP,3.5,91,52,83,57,75,65,Rare
2011,SLN,St. Louis Cardinals,0.556,Fernando Salas,RP,2.4,36,72,72,84,23,71,Epic
2011,SLN,St. Louis Cardinals,0.556,Kyle Lohse,SP,2.2,87,30,85,57,69,58,Rare
2011,ATL,Atlanta Braves,0.549,Eric O'Flaherty,RP,3.3,36,62,71,117,22,77,Epic
2011,ATL,Atlanta Braves,0.549,Jair Jurrjens,SP,3.2,89,30,70,67,72,57,Rare
2011,ATL,Atlanta Braves,0.549,Jonny Venters,RP,3.0,36,81,39,114,23,72,Epic
2011,LAA,Los Angeles Angels of Anaheim,0.531,Jered Weaver,SP,6.9,92,55,82,81,76,73,Epic
2011,LAA,Los Angeles Angels of Anaheim,0.531,Dan Haren,SP,4.2,91,52,104,62,75,73,Epic
2011,LAA,Los Angeles Angels of Anaheim,0.531,Ervin Santana,SP,2.8,90,49,64,56,74,58,Rare
2011,SFN,San Francisco Giants,0.531,Tim Lincecum,SP,3.7,88,73,48,67,71,63,Rare
2011,SFN,San Francisco Giants,0.531,Matt Cain,SP,3.1,89,52,71,66,72,64,Rare
2011,SFN,San Francisco Giants,0.531,Ryan Vogelsong,SP,2.7,88,48,58,67,70,59,Rare
2011,LAN,Los Angeles Dodgers,0.509,Clayton Kershaw,SP,6.8,92,78,83,86,76,82,Epic
2011,LAN,Los Angeles Dodgers,0.509,Hiroki Kuroda,SP,3.4,87,51,80,60,69,64,Rare
2011,LAN,Los Angeles Dodgers,0.509,Ted Lilly,SP,1.6,84,53,75,45,65,58,Rare
2011,TOR,Toronto Blue Jays,0.5,Ricky Romero,SP,6.4,91,50,54,73,75,61,Rare
2011,TOR,Toronto Blue Jays,0.5,Carlos Villanueva,RP,2.0,45,35,67,53,35,50,Uncommon
2011,TOR,Toronto Blue Jays,0.5,Casey Janssen,RP,1.9,36,67,78,102,23,76,Epic
2011,WAS,Washington Nationals,0.497,Tyler Clippard,RP,3.4,37,90,69,106,24,82,Epic
2011,WAS,Washington Nationals,0.497,Jordan Zimmermann,SP,2.7,86,48,92,63,68,68,Rare
2011,WAS,Washington Nationals,0.497,Drew Storen,RP,1.5,36,70,75,71,23,67,Rare
2011,CLE,Cleveland Indians,0.494,Justin Masterson,SP,4.3,88,44,67,66,71,60,Rare
2011,CLE,Cleveland Indians,0.494,Joe Smith,RP,2.4,36,38,64,108,22,65,Rare
2011,CLE,Cleveland Indians,0.494,Josh Tomlin,SP,2.3,87,25,107,45,69,60,Rare
2011,CHA,Chicago White Sox,0.488,Mark Buehrle,SP,3.8,89,24,86,61,72,58,Rare
2011,CHA,Chicago White Sox,0.488,Philip Humber,SP,3.4,87,42,78,60,69,61,Rare
2011,CHA,Chicago White Sox,0.488,Edwin Jackson,SP,3.0,88,45,65,56,70,57,Rare
2011,CIN,Cincinnati Reds,0.488,Johnny Cueto,SP,3.6,88,38,67,92,71,66,Rare
2011,CIN,Cincinnati Reds,0.488,Francisco Cordero,RP,1.7,36,31,64,84,23,56,Rare
2011,CIN,Cincinnati Reds,0.488,Mike Leake,SP,1.6,88,41,84,50,70,60,Rare
2011,NYN,New York Mets,0.475,R. A. Dickey,SP,3.6,88,35,77,58,71,58,Rare
2011,NYN,New York Mets,0.475,Francisco Rodriguez,RP,1.8,36,82,53,88,22,69,Rare
2011,NYN,New York Mets,0.475,Chris Young,SP,1.1,84,63,42,101,66,68,Rare
2011,OAK,Oakland Athletics,0.457,Gio Gonzalez,SP,4.4,87,69,43,67,69,61,Rare
2011,OAK,Oakland Athletics,0.457,Brandon McCarthy,SP,3.3,90,43,102,64,73,70,Epic
2011,OAK,Oakland Athletics,0.457,Trevor Cahill,SP,2.8,85,42,48,50,67,49,Uncommon
2011,COL,Colorado Rockies,0.451,Jhoulys Chacin,SP,4.2,87,48,43,64,69,53,Uncommon
2011,COL,Colorado Rockies,0.451,Rafael Betancourt,RP,1.7,36,89,107,80,22,85,Legendary
2011,COL,Colorado Rockies,0.451,Juan Nicasio,SP,1.2,82,52,78,55,62,62,Rare
2011,FLO,Florida Marlins,0.444,Anibal Sanchez,SP,3.7,86,75,61,54,68,64,Rare
2011,FLO,Florida Marlins,0.444,Josh Johnson,SP,2.8,89,64,60,116,72,79,Epic
2011,FLO,Florida Marlins,0.444,Javier Vazquez,SP,2.8,85,55,77,53,67,62,Rare
2011,PIT,Pittsburgh Pirates,0.444,Jeff Karstens,SP,2.6,86,30,89,54,68,59,Rare
2011,PIT,Pittsburgh Pirates,0.444,Paul Maholm,SP,2.4,86,31,65,54,68,52,Uncommon
2011,PIT,Pittsburgh Pirates,0.444,Joel Hanrahan,RP,2.4,36,60,83,111,22,78,Epic
2011,CHN,Chicago Cubs,0.438,Matt Garza,SP,2.7,88,71,63,62,70,66,Rare
2011,CHN,Chicago Cubs,0.438,Sean Marshall,RP,2.5,36,76,85,96,22,79,Epic
2011,CHN,Chicago Cubs,0.438,Jeff Samardzija,RP,1.1,37,70,32,71,24,54,Uncommon
2011,KCA,Kansas City Royals,0.438,Greg Holland,RP,2.6,38,95,63,115,25,84,Epic
2011,KCA,Kansas City Royals,0.438,Bruce Chen,SP,2.0,86,34,62,54,68,52,Uncommon
2011,KCA,Kansas City Royals,0.438,Aaron Crow,RP,1.7,36,77,38,74,23,59,Rare
2011,SDN,San Diego Padres,0.438,Mike Adams,RP,2.9,36,72,92,113,22,85,Legendary
2011,SDN,San Diego Padres,0.438,Mat Latos,SP,2.0,87,67,63,53,69,62,Rare
2011,SDN,San Diego Padres,0.438,Cory Luebke,RP,1.6,45,82,64,56,35,64,Rare
2011,BAL,Baltimore Orioles,0.426,Jim Johnson,RP,2.6,38,35,83,85,25,63,Rare
2011,BAL,Baltimore Orioles,0.426,Koji Uehara,RP,2.1,36,103,104,88,22,91,Legendary
2011,BAL,Baltimore Orioles,0.426,Jeremy Guthrie,SP,1.7,88,33,63,48,71,50,Uncommon
2011,SEA,Seattle Mariners,0.414,Doug Fister,SP,5.1,91,39,97,92,75,76,Epic
2011,SEA,Seattle Mariners,0.414,Felix Hernandez,SP,3.6,92,67,70,57,76,66,Rare
2011,SEA,Seattle Mariners,0.414,Michael Pineda,SP,2.2,85,73,62,51,67,62,Rare
2011,MIN,Minnesota Twins,0.389,Scott Baker,SP,4.2,88,63,82,65,70,70,Epic
2011,MIN,Minnesota Twins,0.389,Glen Perkins,RP,2.0,36,77,58,89,22,69,Rare
2011,MIN,Minnesota Twins,0.389,Carl Pavano,SP,1.8,90,17,95,47,73,55,Rare
2011,HOU,Houston Astros,0.346,Wandy Rodriguez,SP,2.6,87,58,53,54,69,56,Rare
2011,HOU,Houston Astros,0.346,Wilton Lopez,RP,0.9,36,50,78,71,22,62,Rare
2011,HOU,Houston Astros,0.346,Mark Melancon,RP,0.9,36,60,56,72,23,59,Rare
2012,WAS,Washington Nationals,0.605,Gio Gonzalez,SP,5.0,86,76,49,75,68,67,Rare
2012,WAS,Washington Nationals,0.605,Jordan Zimmermann,SP,4.9,85,49,86,70,67,68,Rare
2012,WAS,Washington Nationals,0.605,Stephen Strasburg,SP,3.1,83,96,67,65,64,75,Epic
2012,CIN,Cincinnati Reds,0.599,Johnny Cueto,SP,5.2,88,49,84,78,71,70,Epic
2012,CIN,Cincinnati Reds,0.599,Mat Latos,SP,3.4,87,60,66,59,69,62,Rare
2012,CIN,Cincinnati Reds,0.599,Aroldis Chapman,RP,3.4,36,125,62,114,23,93,Legendary
2012,NYA,New York Yankees,0.586,Hiroki Kuroda,SP,5.3,89,47,83,64,72,65,Rare
2012,NYA,New York Yankees,0.586,CC Sabathia,SP,3.4,92,70,86,63,76,73,Epic
2012,NYA,New York Yankees,0.586,Rafael Soriano,RP,2.6,36,74,55,97,22,70,Epic
2012,ATL,Atlanta Braves,0.58,Kris Medlen,RP,4.4,45,58,98,115,35,85,Legendary
2012,ATL,Atlanta Braves,0.58,Craig Kimbrel,RP,3.2,36,125,85,115,22,100,Legendary
2012,ATL,Atlanta Braves,0.58,Brandon Beachy,SP,2.0,86,55,54,105,68,71,Epic
2012,OAK,Oakland Athletics,0.58,Jarrod Parker,SP,3.9,87,48,56,60,69,56,Rare
2012,OAK,Oakland Athletics,0.58,Bartolo Colon,SP,2.7,87,31,101,57,69,64,Rare
2012,OAK,Oakland Athletics,0.58,Ryan Cook,RP,2.6,36,81,52,100,23,72,Epic
2012,SFN,San Francisco Giants,0.58,Matt Cain,SP,3.8,90,59,83,65,74,70,Epic
2012,SFN,San Francisco Giants,0.58,Madison Bumgarner,SP,2.0,88,63,82,52,71,66,Rare
2012,SFN,San Francisco Giants,0.58,Sergio Romo,RP,1.9,35,86,95,102,21,87,Legendary
2012,BAL,Baltimore Orioles,0.574,Miguel Gonzalez,SP,3.0,91,44,60,65,75,58,Rare
2012,BAL,Baltimore Orioles,0.574,Jason Hammel,SP,2.9,84,67,54,65,66,62,Rare
2012,BAL,Baltimore Orioles,0.574,Wei-Yin Chen,SP,2.5,85,51,68,51,67,58,Rare
2012,TEX,Texas Rangers,0.574,Matt Harrison,SP,5.8,89,33,73,68,72,59,Rare
2012,TEX,Texas Rangers,0.574,Yu Darvish,SP,3.5,88,87,42,59,71,63,Rare
2012,TEX,Texas Rangers,0.574,Colby Lewis,SP,1.9,88,60,106,63,71,76,Epic
2012,TBA,Tampa Bay Rays,0.556,David Price,SP,6.6,90,69,72,79,73,73,Epic
2012,TBA,Tampa Bay Rays,0.556,Fernando Rodney,RP,3.7,36,73,90,117,22,86,Legendary
2012,TBA,Tampa Bay Rays,0.556,Jeremy Hellickson,SP,3.0,83,41,60,61,64,55,Rare
2012,LAA,Los Angeles Angels of Anaheim,0.549,Jered Weaver,SP,4.3,87,46,81,69,69,66,Rare
2012,LAA,Los Angeles Angels of Anaheim,0.549,Ernesto Frieri,RP,1.5,36,121,43,82,22,76,Epic
2012,LAA,Los Angeles Angels of Anaheim,0.549,C. J. Wilson,SP,1.0,84,57,43,51,66,52,Uncommon
2012,DET,Detroit Tigers,0.543,Justin Verlander,SP,8.1,93,72,78,84,77,78,Epic
2012,DET,Detroit Tigers,0.543,Max Scherzer,SP,4.4,84,95,63,57,65,71,Epic
2012,DET,Detroit Tigers,0.543,Doug Fister,SP,3.4,86,56,84,63,68,68,Rare
2012,SLN,St. Louis Cardinals,0.543,Kyle Lohse,SP,4.0,88,39,95,69,70,68,Rare
2012,SLN,St. Louis Cardinals,0.543,Lance Lynn,SP,2.0,85,74,53,52,67,60,Rare
2012,SLN,St. Louis Cardinals,0.543,Mitchell Boggs,RP,1.8,36,50,70,91,22,66,Rare
2012,LAN,Los Angeles Dodgers,0.531,Clayton Kershaw,SP,6.4,90,72,73,79,74,75,Epic
2012,LAN,Los Angeles Dodgers,0.531,Chris Capuano,SP,2.3,84,53,74,50,66,60,Rare
2012,LAN,Los Angeles Dodgers,0.531,Kenley Jansen,RP,1.9,36,125,58,84,22,82,Epic
2012,CHA,Chicago White Sox,0.525,Chris Sale,SP,5.7,89,72,75,71,72,73,Epic
2012,CHA,Chicago White Sox,0.525,Jake Peavy,SP,5.0,90,60,85,63,74,70,Epic
2012,CHA,Chicago White Sox,0.525,Nate Jones,RP,2.5,36,62,43,96,23,63,Rare
2012,MIL,Milwaukee Brewers,0.512,Zack Greinke,SP,3.6,86,66,78,59,68,68,Rare
2012,MIL,Milwaukee Brewers,0.512,Yovani Gallardo,SP,2.9,86,72,48,56,68,60,Rare
2012,MIL,Milwaukee Brewers,0.512,Mike Fiers,SP,1.7,84,77,71,57,65,68,Rare
2012,ARI,Arizona Diamondbacks,0.5,Wade Miley,SP,3.1,89,45,92,65,72,68,Rare
2012,ARI,Arizona Diamondbacks,0.5,Trevor Cahill,SP,2.2,86,49,51,56,68,54,Uncommon
2012,ARI,Arizona Diamondbacks,0.5,Ian Kennedy,SP,1.9,87,61,75,50,69,63,Rare
2012,PHI,Philadelphia Phillies,0.5,Cole Hamels,SP,4.5,90,72,81,67,74,73,Epic
2012,PHI,Philadelphia Phillies,0.5,Cliff Lee,SP,4.4,91,70,106,64,75,80,Epic
2012,PHI,Philadelphia Phillies,0.5,Jonathan Papelbon,RP,1.6,36,104,77,84,22,82,Epic
2012,PIT,Pittsburgh Pirates,0.488,A. J. Burnett,SP,2.6,88,60,66,55,71,61,Rare
2012,PIT,Pittsburgh Pirates,0.488,Joel Hanrahan,RP,1.4,36,84,29,69,22,57,Rare
2012,PIT,Pittsburgh Pirates,0.488,James McDonald,SP,1.1,84,60,47,44,65,52,Uncommon
2012,SDN,San Diego Padres,0.469,Luke Gregerson,RP,1.8,36,72,69,78,22,68,Rare
2012,SDN,San Diego Padres,0.469,Eric Stults,SP,1.7,88,26,73,76,71,60,Rare
2012,SDN,San Diego Padres,0.469,Huston Street,RP,1.3,36,93,71,105,22,83,Epic
2012,SEA,Seattle Mariners,0.463,Felix Hernandez,SP,5.3,91,68,81,67,75,72,Epic
2012,SEA,Seattle Mariners,0.463,Jason Vargas,SP,3.5,88,36,78,47,71,55,Rare
2012,SEA,Seattle Mariners,0.463,Hisashi Iwakuma,SP,2.3,96,52,57,60,82,59,Rare
2012,NYN,New York Mets,0.457,R. A. Dickey,SP,5.7,92,70,83,71,76,75,Epic
2012,NYN,New York Mets,0.457,Jonathon Niese,SP,3.3,87,53,77,56,69,63,Rare
2012,NYN,New York Mets,0.457,Matt Harvey,SP,1.6,84,90,44,73,66,69,Rare
2012,TOR,Toronto Blue Jays,0.451,Brandon Morrow,SP,3.1,84,58,61,73,66,64,Rare
2012,TOR,Toronto Blue Jays,0.451,Darren Oliver,RP,1.9,36,63,75,109,22,76,Epic
2012,TOR,Toronto Blue Jays,0.451,Casey Janssen,RP,1.8,36,77,96,85,23,80,Epic
2012,KCA,Kansas City Royals,0.444,Kelvin Herrera,RP,2.6,36,63,79,96,23,74,Epic
2012,KCA,Kansas City Royals,0.444,Luis Mendoza,SP,1.9,89,34,54,51,72,49,Uncommon
2012,KCA,Kansas City Royals,0.444,Felipe Paulino,SP,1.9,81,75,48,112,61,77,Epic
2012,BOS,Boston Red Sox,0.426,Junichi Tazawa,RP,1.7,37,74,110,117,24,93,Legendary
2012,BOS,Boston Red Sox,0.426,Scott Atchison,RP,1.7,37,41,96,116,24,78,Epic
2012,BOS,Boston Red Sox,0.426,Matt Albers,RP,1.1,36,44,52,86,22,57,Rare
2012,MIA,Miami Marlins,0.426,Mark Buehrle,SP,4.2,88,33,91,54,71,61,Rare
2012,MIA,Miami Marlins,0.426,Josh Johnson,SP,3.9,86,58,58,56,68,58,Rare
2012,MIA,Miami Marlins,0.426,Anibal Sanchez,SP,3.0,87,57,80,55,69,64,Rare
2012,CLE,Cleveland Indians,0.42,Vinnie Pestano,RP,2.4,36,80,57,78,22,67,Rare
2012,CLE,Cleveland Indians,0.42,Joe Smith,RP,1.1,36,50,50,71,22,54,Uncommon
2012,CLE,Cleveland Indians,0.42,Chris Perez,RP,0.7,36,74,72,55,22,62,Rare
2012,MIN,Minnesota Twins,0.407,Scott Diamond,SP,2.6,88,23,95,59,70,60,Rare
2012,MIN,Minnesota Twins,0.407,Jared Burton,RP,1.4,36,60,77,98,22,73,Epic
2012,MIN,Minnesota Twins,0.407,Glen Perkins,RP,1.4,36,83,84,81,23,77,Epic
2012,COL,Colorado Rockies,0.395,Rafael Betancourt,RP,2.6,36,70,88,84,22,75,Epic
2012,COL,Colorado Rockies,0.395,Matt Belisle,RP,2.3,36,58,84,67,22,65,Rare
2012,COL,Colorado Rockies,0.395,Josh Roenicke,RP,2.0,39,32,40,73,26,46,Uncommon
2012,CHN,Chicago Cubs,0.377,Ryan Dempster,SP,4.0,86,60,67,68,68,65,Rare
2012,CHN,Chicago Cubs,0.377,Paul Maholm,SP,2.4,85,45,72,56,67,59,Rare
2012,CHN,Chicago Cubs,0.377,Jeff Samardzija,SP,2.3,86,75,62,53,68,64,Rare
2012,HOU,Houston Astros,0.34,Lucas Harrell,SP,3.2,85,43,47,57,67,51,Uncommon
2012,HOU,Houston Astros,0.34,Wilton Lopez,RP,2.4,36,53,108,99,23,80,Epic
2012,HOU,Houston Astros,0.34,Wandy Rodriguez,SP,2.3,86,39,74,53,68,57,Rare
2013,BOS,Boston Red Sox,0.599,Clay Buchholz,SP,4.3,90,60,60,116,73,78,Epic
2013,BOS,Boston Red Sox,0.599,Koji Uehara,RP,3.5,36,108,108,113,23,101,Legendary
2013,BOS,Boston Red Sox,0.599,Jon Lester,SP,2.7,88,54,64,57,70,60,Rare
2013,SLN,St. Louis Cardinals,0.599,Adam Wainwright,SP,6.3,92,62,103,68,76,78,Epic
2013,SLN,St. Louis Cardinals,0.599,Shelby Miller,SP,3.5,82,69,61,61,63,64,Rare
2013,SLN,St. Louis Cardinals,0.599,Joe Kelly,SP,2.9,100,35,55,73,86,58,Rare
2013,ATL,Atlanta Braves,0.593,Craig Kimbrel,RP,3.1,36,119,68,114,22,92,Legendary
2013,ATL,Atlanta Braves,0.593,Mike Minor,SP,2.9,88,60,85,59,70,68,Rare
2013,ATL,Atlanta Braves,0.593,Julio Teheran,SP,2.8,86,63,80,58,68,67,Rare
2013,OAK,Oakland Athletics,0.593,Bartolo Colon,SP,5.6,87,32,101,77,69,70,Epic
2013,OAK,Oakland Athletics,0.593,A. J. Griffin,SP,2.7,86,57,74,48,68,60,Rare
2013,OAK,Oakland Athletics,0.593,Jarrod Parker,SP,2.3,86,39,63,48,68,52,Uncommon
2013,PIT,Pittsburgh Pirates,0.58,Francisco Liriano,SP,3.2,86,73,48,64,68,62,Rare
2013,PIT,Pittsburgh Pirates,0.58,Mark Melancon,RP,2.1,36,70,110,118,22,92,Legendary
2013,PIT,Pittsburgh Pirates,0.58,A. J. Burnett,SP,2.0,87,81,56,58,69,65,Rare
2013,DET,Detroit Tigers,0.574,Max Scherzer,SP,6.5,89,84,76,75,72,78,Epic
2013,DET,Detroit Tigers,0.574,Anibal Sanchez,SP,6.1,87,83,68,87,69,78,Epic
2013,DET,Detroit Tigers,0.574,Justin Verlander,SP,4.4,88,71,57,62,70,64,Rare
2013,CLE,Cleveland Indians,0.568,Justin Masterson,SP,3.4,89,73,48,59,72,61,Rare
2013,CLE,Cleveland Indians,0.568,Ubaldo Jimenez,SP,2.7,83,78,44,59,64,61,Rare
2013,CLE,Cleveland Indians,0.568,Joe Smith,RP,1.8,36,57,52,87,22,61,Rare
2013,LAN,Los Angeles Dodgers,0.568,Clayton Kershaw,SP,8.1,92,70,86,104,76,86,Legendary
2013,LAN,Los Angeles Dodgers,0.568,Zack Greinke,SP,4.3,87,55,77,71,69,68,Rare
2013,LAN,Los Angeles Dodgers,0.568,Hyun Jin Ryu,SP,3.5,88,51,78,62,70,64,Rare
2013,TBA,Tampa Bay Rays,0.564,Alex Cobb,SP,3.8,88,65,64,72,71,67,Rare
2013,TBA,Tampa Bay Rays,0.564,David Price,SP,2.6,90,52,103,60,74,72,Epic
2013,TBA,Tampa Bay Rays,0.564,Matt Moore,SP,2.5,82,67,38,60,63,56,Rare
2013,TEX,Texas Rangers,0.558,Yu Darvish,SP,5.6,88,104,49,73,71,75,Epic
2013,TEX,Texas Rangers,0.558,Derek Holland,SP,3.2,88,60,67,62,70,64,Rare
2013,TEX,Texas Rangers,0.558,Joe Nathan,RP,3.2,36,85,58,116,22,80,Epic
2013,CIN,Cincinnati Reds,0.556,Mat Latos,SP,3.4,88,60,73,64,71,66,Rare
2013,CIN,Cincinnati Reds,0.556,Homer Bailey,SP,2.8,88,67,77,55,71,67,Rare
2013,CIN,Cincinnati Reds,0.556,Mike Leake,SP,2.6,86,34,79,56,68,58,Rare
2013,KCA,Kansas City Royals,0.531,James Shields,SP,4.6,90,57,68,68,73,65,Rare
2013,KCA,Kansas City Royals,0.531,Ervin Santana,SP,3.2,88,47,81,63,71,64,Rare
2013,KCA,Kansas City Royals,0.531,Greg Holland,RP,3.2,36,125,74,115,22,96,Legendary
2013,WAS,Washington Nationals,0.531,Jordan Zimmermann,SP,3.5,89,47,93,60,72,67,Rare
2013,WAS,Washington Nationals,0.531,Stephen Strasburg,SP,2.9,85,76,66,65,67,69,Rare
2013,WAS,Washington Nationals,0.531,Gio Gonzalez,SP,2.7,85,70,49,58,67,60,Rare
2013,BAL,Baltimore Orioles,0.525,Chris Tillman,SP,3.7,87,58,60,53,69,58,Rare
2013,BAL,Baltimore Orioles,0.525,Darren O'Day,RP,1.9,36,67,81,96,22,75,Epic
2013,BAL,Baltimore Orioles,0.525,Tommy Hunter,RP,1.8,38,50,99,73,25,69,Rare
2013,NYA,New York Yankees,0.525,Hiroki Kuroda,SP,4.0,87,46,87,62,69,65,Rare
2013,NYA,New York Yankees,0.525,Ivan Nova,SP,3.4,91,54,64,69,75,64,Rare
2013,NYA,New York Yankees,0.525,David Robertson,RP,2.4,36,88,74,103,22,82,Epic
2013,ARI,Arizona Diamondbacks,0.5,Patrick Corbin,SP,3.0,88,57,77,58,71,65,Rare
2013,ARI,Arizona Diamondbacks,0.5,Brad Ziegler,RP,1.7,36,31,67,94,22,60,Rare
2013,ARI,Arizona Diamondbacks,0.5,Wade Miley,SP,1.4,86,44,61,55,68,55,Rare
2013,LAA,Los Angeles Angels of Anaheim,0.481,Jered Weaver,SP,3.7,88,47,81,58,70,63,Rare
2013,LAA,Los Angeles Angels of Anaheim,0.481,C. J. Wilson,SP,3.5,88,60,48,59,70,57,Rare
2013,LAA,Los Angeles Angels of Anaheim,0.481,Jason Vargas,SP,2.0,86,44,66,46,68,54,Uncommon
2013,SDN,San Diego Padres,0.469,Andrew Cashner,SP,2.4,90,44,74,59,73,60,Rare
2013,SDN,San Diego Padres,0.469,Tyson Ross,SP,1.4,96,67,55,58,82,62,Rare
2013,SDN,San Diego Padres,0.469,Nick Vincent,RP,1.2,36,77,82,89,23,77,Epic
2013,SFN,San Francisco Giants,0.469,Madison Bumgarner,SP,4.0,88,70,65,65,71,67,Rare
2013,SFN,San Francisco Giants,0.469,Chad Gaudin,SP,1.5,98,62,47,60,84,59,Rare
2013,SFN,San Francisco Giants,0.469,Santiago Casilla,RP,1.2,36,47,38,87,22,54,Uncommon
2013,COL,Colorado Rockies,0.457,Jhoulys Chacin,SP,5.8,87,35,65,69,69,58,Rare
2013,COL,Colorado Rockies,0.457,Jorge De La Rosa,SP,4.4,82,38,51,68,63,53,Uncommon
2013,COL,Colorado Rockies,0.457,Tyler Chatwood,SP,3.5,82,30,52,77,63,54,Uncommon
2013,MIL,Milwaukee Brewers,0.457,Kyle Lohse,SP,3.0,86,34,95,57,68,63,Rare
2013,MIL,Milwaukee Brewers,0.457,Tyler Thornburg,RP,1.8,45,43,49,105,35,63,Rare
2013,MIL,Milwaukee Brewers,0.457,Marco Estrada,SP,1.4,85,64,84,48,67,66,Rare
2013,NYN,New York Mets,0.457,Matt Harvey,SP,5.3,90,79,96,85,74,85,Legendary
2013,NYN,New York Mets,0.457,Dillon Gee,SP,2.4,86,42,82,49,68,59,Rare
2013,NYN,New York Mets,0.457,Zack Wheeler,SP,1.2,84,55,42,53,65,52,Uncommon
2013,TOR,Toronto Blue Jays,0.457,Mark Buehrle,SP,2.2,86,39,79,49,68,57,Rare
2013,TOR,Toronto Blue Jays,0.457,R. A. Dickey,SP,1.9,89,50,64,47,72,56,Rare
2013,TOR,Toronto Blue Jays,0.457,Aaron Loup,RP,1.6,36,48,93,88,23,71,Epic
2013,PHI,Philadelphia Phillies,0.451,Cliff Lee,SP,6.6,92,71,103,67,76,80,Epic
2013,PHI,Philadelphia Phillies,0.451,Cole Hamels,SP,4.0,89,63,84,53,72,67,Rare
2013,PHI,Philadelphia Phillies,0.451,Jonathan Papelbon,RP,1.3,36,64,95,66,23,70,Epic
2013,SEA,Seattle Mariners,0.438,Hisashi Iwakuma,SP,7.0,89,55,92,70,72,72,Epic
2013,SEA,Seattle Mariners,0.438,Felix Hernandez,SP,5.1,88,77,84,64,71,75,Epic
2013,SEA,Seattle Mariners,0.438,Yoervis Medina,RP,1.9,36,76,30,67,23,54,Uncommon
2013,CHN,Chicago Cubs,0.407,Travis Wood,SP,4.4,86,43,60,64,68,57,Rare
2013,CHN,Chicago Cubs,0.407,Scott Feldman,SP,1.5,85,44,65,52,67,55,Rare
2013,CHN,Chicago Cubs,0.407,Carlos Villanueva,RP,1.5,45,51,65,48,35,53,Uncommon
2013,MIN,Minnesota Twins,0.407,Glen Perkins,RP,2.4,36,95,81,93,23,83,Epic
2013,MIN,Minnesota Twins,0.407,Kevin Correia,SP,2.3,84,25,80,48,66,52,Uncommon
2013,MIN,Minnesota Twins,0.407,Anthony Swarzak,RP,2.0,41,43,84,74,30,63,Rare
2013,CHA,Chicago White Sox,0.389,Chris Sale,SP,6.5,92,77,87,69,76,77,Epic
2013,CHA,Chicago White Sox,0.389,Jose Quintana,SP,5.1,85,53,72,60,67,62,Rare
2013,CHA,Chicago White Sox,0.389,Hector Santiago,SP,2.7,88,63,40,59,70,56,Rare
2013,MIA,Miami Marlins,0.383,Jose Fernandez,SP,6.2,86,80,59,94,68,77,Epic
2013,MIA,Miami Marlins,0.383,Steve Cishek,RP,2.1,36,78,64,90,23,72,Epic
2013,MIA,Miami Marlins,0.383,Nathan Eovaldi,SP,2.1,84,44,50,61,66,53,Uncommon
2013,HOU,Houston Astros,0.315,Jarred Cosart,SP,2.6,84,26,31,111,66,57,Rare
2013,HOU,Houston Astros,0.315,Brett Oberholtzer,SP,2.1,92,34,94,75,76,68,Rare
2013,HOU,Houston Astros,0.315,Bud Norris,SP,1.9,84,54,50,48,65,52,Uncommon
2014,LAA,Los Angeles Angels of Anaheim,0.605,Garrett Richards,SP,4.4,88,69,67,76,71,71,Epic
2014,LAA,Los Angeles Angels of Anaheim,0.605,Jered Weaver,SP,2.8,87,50,66,49,69,56,Rare
2014,LAA,Los Angeles Angels of Anaheim,0.605,Joe Smith,RP,2.5,36,62,90,106,22,80,Epic
2014,BAL,Baltimore Orioles,0.593,Chris Tillman,SP,2.7,85,43,63,60,67,56,Rare
2014,BAL,Baltimore Orioles,0.593,Zack Britton,RP,2.6,36,52,67,115,23,72,Epic
2014,BAL,Baltimore Orioles,0.593,Darren O'Day,RP,2.4,36,78,73,112,23,81,Epic
2014,WAS,Washington Nationals,0.593,Tanner Roark,SP,4.7,88,41,91,68,70,67,Rare
2014,WAS,Washington Nationals,0.593,Jordan Zimmermann,SP,4.7,86,63,103,75,68,79,Epic
2014,WAS,Washington Nationals,0.593,Doug Fister,SP,4.4,88,31,103,79,71,71,Epic
2014,LAN,Los Angeles Dodgers,0.58,Clayton Kershaw,SP,7.7,94,93,100,106,78,97,Legendary
2014,LAN,Los Angeles Dodgers,0.58,Zack Greinke,SP,4.5,87,74,87,66,69,75,Epic
2014,LAN,Los Angeles Dodgers,0.58,Josh Beckett,SP,2.0,84,64,59,59,65,61,Rare
2014,DET,Detroit Tigers,0.556,Max Scherzer,SP,5.8,89,86,70,64,72,73,Epic
2014,DET,Detroit Tigers,0.556,Rick Porcello,SP,3.8,89,34,90,58,72,62,Rare
2014,DET,Detroit Tigers,0.556,Drew Smyly,SP,3.7,85,58,73,80,67,70,Epic
2014,SLN,St. Louis Cardinals,0.556,Adam Wainwright,SP,6.1,92,50,86,83,76,73,Epic
2014,SLN,St. Louis Cardinals,0.556,Lance Lynn,SP,3.6,86,60,55,71,68,63,Rare
2014,SLN,St. Louis Cardinals,0.556,Pat Neshek,RP,2.3,36,73,105,103,22,86,Legendary
2014,KCA,Kansas City Royals,0.549,Wade Davis,RP,3.8,36,124,63,119,23,94,Legendary
2014,KCA,Kansas City Royals,0.549,Danny Duffy,SP,3.8,84,47,55,81,66,62,Rare
2014,KCA,Kansas City Royals,0.549,James Shields,SP,3.7,89,50,92,62,72,68,Rare
2014,OAK,Oakland Athletics,0.543,Jeff Samardzija,SP,3.8,89,63,91,65,72,73,Epic
2014,OAK,Oakland Athletics,0.543,Sonny Gray,SP,3.3,89,55,59,64,72,61,Rare
2014,OAK,Oakland Athletics,0.543,Scott Kazmir,SP,1.9,84,57,76,54,66,63,Rare
2014,PIT,Pittsburgh Pirates,0.543,Tony Watson,RP,2.6,36,76,92,114,22,87,Legendary
2014,PIT,Pittsburgh Pirates,0.543,Edinson Volquez,SP,2.5,86,44,51,61,68,54,Uncommon
2014,PIT,Pittsburgh Pirates,0.543,Mark Melancon,RP,2.4,36,72,101,103,22,85,Legendary
2014,SFN,San Francisco Giants,0.543,Madison Bumgarner,SP,3.7,88,72,91,59,71,74,Epic
2014,SFN,San Francisco Giants,0.543,Santiago Casilla,RP,1.9,36,48,77,109,23,72,Epic
2014,SFN,San Francisco Giants,0.543,Jean Machi,RP,1.4,36,48,74,71,22,60,Rare
2014,SEA,Seattle Mariners,0.537,Felix Hernandez,SP,6.4,90,77,91,90,74,85,Legendary
2014,SEA,Seattle Mariners,0.537,Hisashi Iwakuma,SP,2.4,88,57,109,52,70,72,Epic
2014,SEA,Seattle Mariners,0.537,Chris Young,SP,1.8,83,36,53,48,64,47,Uncommon
2014,CLE,Cleveland Indians,0.525,Corey Kluber,SP,8.1,90,86,86,85,74,84,Epic
2014,CLE,Cleveland Indians,0.525,Carlos Carrasco,RP,4.1,45,76,86,82,35,77,Epic
2014,CLE,Cleveland Indians,0.525,Cody Allen,RP,2.2,36,103,50,97,22,77,Epic
2014,NYA,New York Yankees,0.519,Dellin Betances,RP,3.7,38,123,75,115,25,96,Legendary
2014,NYA,New York Yankees,0.519,Masahiro Tanaka,SP,3.1,90,75,101,70,73,81,Epic
2014,NYA,New York Yankees,0.519,Michael Pineda,SP,2.7,84,48,115,107,65,88,Legendary
2014,TOR,Toronto Blue Jays,0.512,Mark Buehrle,SP,3.4,87,30,84,59,69,59,Rare
2014,TOR,Toronto Blue Jays,0.512,R. A. Dickey,SP,2.2,87,51,57,50,69,54,Uncommon
2014,TOR,Toronto Blue Jays,0.512,Marcus Stroman,SP,1.8,88,56,87,57,71,67,Rare
2014,MIL,Milwaukee Brewers,0.506,Wily Peralta,SP,2.6,86,49,66,53,68,57,Rare
2014,MIL,Milwaukee Brewers,0.506,Mike Fiers,SP,2.5,92,78,82,91,76,83,Epic
2014,MIL,Milwaukee Brewers,0.506,Kyle Lohse,SP,2.3,88,42,84,53,70,61,Rare
2014,ATL,Atlanta Braves,0.488,Julio Teheran,SP,4.2,89,55,83,63,72,68,Rare
2014,ATL,Atlanta Braves,0.488,Alex Wood,SP,3.9,92,71,76,66,76,72,Epic
2014,ATL,Atlanta Braves,0.488,Craig Kimbrel,RP,2.5,36,125,46,116,22,88,Legendary
2014,NYN,New York Mets,0.488,Jacob deGrom,SP,3.1,88,74,66,69,70,70,Epic
2014,NYN,New York Mets,0.488,Jonathon Niese,SP,1.6,87,45,81,52,69,60,Rare
2014,NYN,New York Mets,0.488,Jeurys Familia,RP,1.0,36,66,46,85,23,61,Rare
2014,MIA,Miami Marlins,0.475,Henderson Alvarez,SP,4.7,86,30,96,74,68,67,Rare
2014,MIA,Miami Marlins,0.475,Tom Koehler,SP,2.5,84,51,51,51,66,52,Uncommon
2014,MIA,Miami Marlins,0.475,AJ Ramos,RP,2.0,36,86,22,97,22,64,Rare
2014,SDN,San Diego Padres,0.475,Huston Street,RP,2.8,36,68,82,113,22,81,Epic
2014,SDN,San Diego Padres,0.475,Tyson Ross,SP,2.4,87,71,52,64,69,63,Rare
2014,SDN,San Diego Padres,0.475,Andrew Cashner,SP,2.0,88,47,82,71,71,67,Rare
2014,TBA,Tampa Bay Rays,0.475,David Price,SP,4.4,94,81,101,58,78,80,Epic
2014,TBA,Tampa Bay Rays,0.475,Alex Cobb,SP,4.0,86,61,71,69,68,67,Rare
2014,TBA,Tampa Bay Rays,0.475,Jake McGee,RP,2.7,36,98,85,107,22,89,Legendary
2014,CIN,Cincinnati Reds,0.469,Johnny Cueto,SP,6.6,92,71,75,84,76,77,Epic
2014,CIN,Cincinnati Reds,0.469,Alfredo Simon,SP,2.0,86,36,71,53,68,55,Rare
2014,CIN,Cincinnati Reds,0.469,Aroldis Chapman,RP,1.9,36,125,44,101,22,83,Epic
2014,CHA,Chicago White Sox,0.451,Chris Sale,SP,6.1,89,92,85,91,72,88,Legendary
2014,CHA,Chicago White Sox,0.451,Jose Quintana,SP,3.2,87,60,77,61,69,66,Rare
2014,CHA,Chicago White Sox,0.451,Jake Petricka,RP,2.0,36,46,43,70,23,50,Uncommon
2014,CHN,Chicago Cubs,0.451,Jake Arrieta,SP,5.3,87,78,76,82,69,78,Epic
2014,CHN,Chicago Cubs,0.451,Jason Hammel,SP,3.2,85,61,79,53,67,65,Rare
2014,CHN,Chicago Cubs,0.451,Kyle Hendricks,SP,2.9,86,29,93,83,68,68,Rare
2014,PHI,Philadelphia Phillies,0.451,Cole Hamels,SP,6.4,90,68,70,80,73,73,Epic
2014,PHI,Philadelphia Phillies,0.451,Jonathan Papelbon,RP,2.8,36,66,84,100,23,77,Epic
2014,PHI,Philadelphia Phillies,0.451,Ken Giles,RP,2.0,36,113,81,117,23,96,Legendary
2014,BOS,Boston Red Sox,0.438,Jon Lester,SP,4.6,90,72,86,83,74,80,Epic
2014,BOS,Boston Red Sox,0.438,Andrew Miller,RP,1.8,35,125,73,115,21,96,Legendary
2014,BOS,Boston Red Sox,0.438,Jake Peavy,SP,1.8,87,49,65,61,69,59,Rare
2014,HOU,Houston Astros,0.432,Dallas Keuchel,SP,4.5,90,44,81,71,74,66,Rare
2014,HOU,Houston Astros,0.432,Collin McHugh,SP,3.8,86,73,75,74,68,73,Epic
2014,HOU,Houston Astros,0.432,Jarred Cosart,SP,2.3,84,35,47,66,66,51,Uncommon
2014,MIN,Minnesota Twins,0.432,Phil Hughes,SP,4.6,88,60,119,58,71,78,Epic
2014,MIN,Minnesota Twins,0.432,Kyle Gibson,SP,2.2,84,31,63,47,65,49,Uncommon
2014,MIN,Minnesota Twins,0.432,Brian Duensing,RP,1.3,36,32,52,59,22,45,Uncommon
2014,TEX,Texas Rangers,0.414,Yu Darvish,SP,3.5,88,98,58,67,71,74,Epic
2014,TEX,Texas Rangers,0.414,Shawn Tolleson,RP,1.6,36,68,49,72,23,59,Rare
2014,TEX,Texas Rangers,0.414,Derek Holland,SP,1.6,94,39,105,119,78,87,Legendary
2014,COL,Colorado Rockies,0.407,Jorge De La Rosa,SP,2.6,83,47,53,52,64,52,Uncommon
2014,COL,Colorado Rockies,0.407,Tyler Matzek,SP,2.0,86,48,50,55,68,53,Uncommon
2014,COL,Colorado Rockies,0.407,Adam Ottavino,RP,1.3,36,79,80,61,22,68,Rare
2014,ARI,Arizona Diamondbacks,0.395,Josh Collmenter,SP,2.3,88,35,86,55,70,60,Rare
2014,ARI,Arizona Diamondbacks,0.395,Brandon McCarthy,SP,1.0,86,59,98,51,68,69,Rare
2014,ARI,Arizona Diamondbacks,0.395,Chase Anderson,SP,0.9,82,63,56,45,62,55,Rare
2015,SLN,St. Louis Cardinals,0.617,John Lackey,SP,5.8,89,51,80,73,72,68,Rare
2015,SLN,St. Louis Cardinals,0.617,Jaime Garcia,SP,4.0,88,46,83,87,70,72,Epic
2015,SLN,St. Louis Cardinals,0.617,Carlos Martinez,SP,3.9,86,74,56,69,68,66,Rare
2015,PIT,Pittsburgh Pirates,0.605,Gerrit Cole,SP,4.3,88,69,88,80,71,78,Epic
2015,PIT,Pittsburgh Pirates,0.605,A. J. Burnett,SP,2.6,87,59,68,65,69,64,Rare
2015,PIT,Pittsburgh Pirates,0.605,Francisco Liriano,SP,2.6,85,82,50,60,67,64,Rare
2015,CHN,Chicago Cubs,0.599,Jake Arrieta,SP,8.3,90,75,88,115,74,91,Legendary
2015,CHN,Chicago Cubs,0.599,Jon Lester,SP,2.8,88,73,83,60,70,72,Epic
2015,CHN,Chicago Cubs,0.599,Hector Rondon,RP,2.1,36,70,87,114,22,83,Epic
2015,KCA,Kansas City Royals,0.586,Wade Davis,RP,3.5,36,88,68,115,22,84,Epic
2015,KCA,Kansas City Royals,0.586,Edinson Volquez,SP,2.8,85,48,54,62,67,56,Rare
2015,KCA,Kansas City Royals,0.586,Chris Young,SP,2.7,90,38,56,68,74,56,Rare
2015,TOR,Toronto Blue Jays,0.574,Marco Estrada,SP,3.8,88,43,66,65,70,59,Rare
2015,TOR,Toronto Blue Jays,0.574,R. A. Dickey,SP,2.6,88,30,71,52,71,53,Uncommon
2015,TOR,Toronto Blue Jays,0.574,Aaron Sanchez,RP,1.9,43,37,41,65,32,46,Uncommon
2015,LAN,Los Angeles Dodgers,0.568,Zack Greinke,SP,8.8,91,61,95,114,75,88,Legendary
2015,LAN,Los Angeles Dodgers,0.568,Clayton Kershaw,SP,7.2,91,102,95,92,75,94,Legendary
2015,LAN,Los Angeles Dodgers,0.568,J. P. Howell,RP,1.5,34,60,63,113,20,73,Epic
2015,NYN,New York Mets,0.556,Jacob deGrom,SP,5.3,87,79,90,78,69,81,Epic
2015,NYN,New York Mets,0.556,Matt Harvey,SP,4.9,88,71,91,72,71,77,Epic
2015,NYN,New York Mets,0.556,Jeurys Familia,RP,3.0,36,82,80,108,23,83,Epic
2015,TEX,Texas Rangers,0.543,Yovani Gallardo,SP,4.1,82,37,51,64,63,52,Uncommon
2015,TEX,Texas Rangers,0.543,Shawn Tolleson,RP,1.8,36,77,82,71,22,71,Epic
2015,TEX,Texas Rangers,0.543,Keone Kela,RP,1.8,36,85,68,94,22,76,Epic
2015,NYA,New York Yankees,0.537,Dellin Betances,RP,3.9,37,125,41,113,24,86,Legendary
2015,NYA,New York Yankees,0.537,Masahiro Tanaka,SP,3.1,88,62,96,56,70,71,Epic
2015,NYA,New York Yankees,0.537,Adam Warren,RP,2.8,45,50,68,65,35,58,Rare
2015,HOU,Houston Astros,0.531,Dallas Keuchel,SP,6.6,91,65,86,82,75,77,Epic
2015,HOU,Houston Astros,0.531,Collin McHugh,SP,2.6,87,55,76,51,69,61,Rare
2015,HOU,Houston Astros,0.531,Lance McCullers,SP,2.0,83,74,58,63,64,65,Rare
2015,LAA,Los Angeles Angels of Anaheim,0.525,Hector Santiago,SP,2.1,82,61,48,50,63,54,Uncommon
2015,LAA,Los Angeles Angels of Anaheim,0.525,Garrett Richards,SP,2.0,88,56,52,53,70,55,Rare
2015,LAA,Los Angeles Angels of Anaheim,0.525,Andrew Heaney,SP,1.9,84,45,75,56,65,59,Rare
2015,SFN,San Francisco Giants,0.519,Madison Bumgarner,SP,5.0,90,79,95,67,73,80,Epic
2015,SFN,San Francisco Giants,0.519,George Kontos,RP,1.7,36,31,99,83,23,66,Rare
2015,SFN,San Francisco Giants,0.519,Chris Heston,SP,1.6,83,51,53,50,64,53,Uncommon
2015,MIN,Minnesota Twins,0.512,Kyle Gibson,SP,3.2,85,46,59,54,67,54,Uncommon
2015,MIN,Minnesota Twins,0.512,Phil Hughes,SP,1.8,86,31,112,42,68,62,Rare
2015,MIN,Minnesota Twins,0.512,Tyler Duffey,SP,1.6,84,63,57,70,65,64,Rare
2015,WAS,Washington Nationals,0.512,Max Scherzer,SP,6.9,90,93,102,71,74,87,Legendary
2015,WAS,Washington Nationals,0.512,Jordan Zimmermann,SP,3.2,85,53,92,54,67,66,Rare
2015,WAS,Washington Nationals,0.512,Gio Gonzalez,SP,2.6,83,68,48,57,64,58,Rare
2015,CLE,Cleveland Indians,0.503,Corey Kluber,SP,4.3,90,82,90,63,74,78,Epic
2015,CLE,Cleveland Indians,0.503,Carlos Carrasco,SP,3.9,85,90,82,60,67,76,Epic
2015,CLE,Cleveland Indians,0.503,Danny Salazar,SP,3.4,86,77,70,62,68,69,Rare
2015,BAL,Baltimore Orioles,0.5,Wei-Yin Chen,SP,3.4,86,51,87,60,68,66,Rare
2015,BAL,Baltimore Orioles,0.5,Darren O'Day,RP,2.6,36,98,87,113,22,92,Legendary
2015,BAL,Baltimore Orioles,0.5,Zack Britton,RP,2.3,36,92,87,115,23,90,Legendary
2015,TBA,Tampa Bay Rays,0.494,Chris Archer,SP,3.9,86,91,65,62,68,72,Epic
2015,TBA,Tampa Bay Rays,0.494,Jake Odorizzi,SP,3.2,85,60,74,59,67,65,Rare
2015,TBA,Tampa Bay Rays,0.494,Kevin Jepsen,RP,2.0,36,56,49,104,22,65,Rare
2015,ARI,Arizona Diamondbacks,0.488,Brad Ziegler,RP,2.1,36,24,79,115,23,68,Rare
2015,ARI,Arizona Diamondbacks,0.488,Andrew Chafin,RP,1.6,37,48,48,81,24,55,Rare
2015,ARI,Arizona Diamondbacks,0.488,Robbie Ray,SP,1.6,82,65,49,62,63,59,Rare
2015,BOS,Boston Red Sox,0.481,Clay Buchholz,SP,2.7,87,66,90,71,69,75,Epic
2015,BOS,Boston Red Sox,0.481,Eduardo Rodriguez,SP,2.5,84,52,66,56,65,59,Rare
2015,BOS,Boston Red Sox,0.481,Wade Miley,SP,2.3,85,47,60,50,67,54,Uncommon
2015,CHA,Chicago White Sox,0.469,Jose Quintana,SP,4.1,88,57,87,61,70,68,Rare
2015,CHA,Chicago White Sox,0.469,Chris Sale,SP,3.4,90,104,90,57,73,83,Epic
2015,CHA,Chicago White Sox,0.469,Carlos Rodon,SP,1.6,85,71,37,55,67,56,Rare
2015,SEA,Seattle Mariners,0.469,Felix Hernandez,SP,4.6,88,66,70,54,71,64,Rare
2015,SEA,Seattle Mariners,0.469,J. A. Happ,SP,3.2,82,59,76,75,62,69,Rare
2015,SEA,Seattle Mariners,0.469,Hisashi Iwakuma,SP,2.6,88,57,99,53,70,70,Epic
2015,DET,Detroit Tigers,0.46,David Price,SP,6.3,90,74,87,88,74,82,Epic
2015,DET,Detroit Tigers,0.46,Justin Verlander,SP,2.4,89,56,81,60,72,66,Rare
2015,DET,Detroit Tigers,0.46,Alex Wilson,RP,1.8,37,25,100,96,24,69,Rare
2015,SDN,San Diego Padres,0.457,Tyson Ross,SP,3.3,84,80,45,63,66,63,Rare
2015,SDN,San Diego Padres,0.457,James Shields,SP,1.9,85,79,48,45,67,58,Rare
2015,SDN,San Diego Padres,0.457,Joaquin Benoit,RP,1.9,36,68,55,81,22,63,Rare
2015,MIA,Miami Marlins,0.438,Dan Haren,SP,2.2,84,42,90,49,65,61,Rare
2015,MIA,Miami Marlins,0.438,AJ Ramos,RP,2.0,36,96,51,86,22,72,Epic
2015,MIA,Miami Marlins,0.438,Sam Dyson,RP,1.4,36,66,72,115,23,78,Epic
2015,COL,Colorado Rockies,0.42,Jorge De La Rosa,SP,2.7,83,61,44,56,64,55,Rare
2015,COL,Colorado Rockies,0.42,Chad Bettis,SP,2.4,83,56,52,56,64,56,Rare
2015,COL,Colorado Rockies,0.42,Yohan Flande,SP,1.0,90,34,52,44,73,46,Uncommon
2015,MIL,Milwaukee Brewers,0.42,Mike Fiers,SP,2.1,84,71,55,54,66,61,Rare
2015,MIL,Milwaukee Brewers,0.42,Francisco Rodriguez,RP,1.8,36,81,92,92,22,82,Epic
2015,MIL,Milwaukee Brewers,0.42,Taylor Jungmann,SP,1.6,83,61,48,54,64,55,Rare
2015,OAK,Oakland Athletics,0.42,Sonny Gray,SP,5.4,89,52,71,75,72,67,Rare
2015,OAK,Oakland Athletics,0.42,Scott Kazmir,SP,3.0,84,56,62,65,66,62,Rare
2015,OAK,Oakland Athletics,0.42,Jesse Chavez,SP,1.3,85,58,66,46,67,58,Rare
2015,ATL,Atlanta Braves,0.414,Shelby Miller,SP,4.2,86,55,54,68,68,60,Rare
2015,ATL,Atlanta Braves,0.414,Alex Wood,SP,2.7,84,44,65,51,66,55,Rare
2015,ATL,Atlanta Braves,0.414,Julio Teheran,SP,1.9,85,56,53,46,67,53,Uncommon
2015,CIN,Cincinnati Reds,0.395,Johnny Cueto,SP,4.0,89,54,86,61,72,68,Rare
2015,CIN,Cincinnati Reds,0.395,Mike Leake,SP,2.9,88,33,78,51,70,56,Rare
2015,CIN,Cincinnati Reds,0.395,Aroldis Chapman,RP,2.7,36,125,39,115,23,86,Legendary
2015,PHI,Philadelphia Phillies,0.389,Cole Hamels,SP,4.3,89,73,69,56,72,67,Rare
2015,PHI,Philadelphia Phillies,0.389,Ken Giles,RP,1.7,36,96,54,116,23,82,Epic
2015,PHI,Philadelphia Phillies,0.389,Jerad Eickhoff,SP,1.7,88,68,78,75,70,73,Epic
2016,CHN,Chicago Cubs,0.64,Jon Lester,SP,5.6,89,54,77,89,72,73,Epic
2016,CHN,Chicago Cubs,0.64,Kyle Hendricks,SP,5.3,89,46,82,104,72,77,Epic
2016,CHN,Chicago Cubs,0.64,Jake Arrieta,SP,3.7,90,53,50,71,73,60,Rare
2016,TEX,Texas Rangers,0.586,Cole Hamels,SP,5.2,89,56,50,70,72,60,Rare
2016,TEX,Texas Rangers,0.586,Sam Dyson,RP,2.9,36,36,62,100,22,62,Rare
2016,TEX,Texas Rangers,0.586,Yu Darvish,SP,2.5,86,89,66,68,68,74,Epic
2016,WAS,Washington Nationals,0.586,Max Scherzer,SP,6.3,92,81,79,73,76,78,Epic
2016,WAS,Washington Nationals,0.586,Tanner Roark,SP,5.5,90,40,57,80,73,60,Rare
2016,WAS,Washington Nationals,0.586,Stephen Strasburg,SP,3.4,88,81,68,62,71,70,Epic
2016,CLE,Cleveland Indians,0.584,Corey Kluber,SP,5.6,92,62,75,75,76,71,Epic
2016,CLE,Cleveland Indians,0.584,Carlos Carrasco,SP,2.9,86,59,82,68,68,70,Epic
2016,CLE,Cleveland Indians,0.584,Dan Otero,RP,2.5,37,39,102,117,24,80,Epic
2016,BOS,Boston Red Sox,0.574,Rick Porcello,SP,4.6,92,42,102,74,76,73,Epic
2016,BOS,Boston Red Sox,0.574,David Price,SP,2.9,90,56,86,56,74,67,Rare
2016,BOS,Boston Red Sox,0.574,Steven Wright,SP,1.9,90,39,54,72,74,57,Rare
2016,LAN,Los Angeles Dodgers,0.562,Clayton Kershaw,SP,5.8,94,72,117,115,79,99,Legendary
2016,LAN,Los Angeles Dodgers,0.562,Kenta Maeda,SP,2.8,84,59,71,59,65,63,Rare
2016,LAN,Los Angeles Dodgers,0.562,Kenley Jansen,RP,2.8,36,109,98,115,22,99,Legendary
2016,BAL,Baltimore Orioles,0.549,Zack Britton,RP,4.1,36,67,74,118,22,80,Epic
2016,BAL,Baltimore Orioles,0.549,Kevin Gausman,SP,3.9,87,53,76,59,69,63,Rare
2016,BAL,Baltimore Orioles,0.549,Chris Tillman,SP,3.6,85,39,50,59,67,51,Uncommon
2016,TOR,Toronto Blue Jays,0.549,Aaron Sanchez,SP,5.1,90,41,61,75,73,60,Rare
2016,TOR,Toronto Blue Jays,0.549,J. A. Happ,SP,4.5,88,41,66,69,70,60,Rare
2016,TOR,Toronto Blue Jays,0.549,Marco Estrada,SP,3.6,88,50,52,62,70,56,Rare
2016,NYN,New York Mets,0.537,Noah Syndergaard,SP,5.0,88,76,82,83,70,79,Epic
2016,NYN,New York Mets,0.537,Jacob deGrom,SP,3.4,88,53,80,69,71,68,Rare
2016,NYN,New York Mets,0.537,Bartolo Colon,SP,3.0,86,26,97,59,68,61,Rare
2016,SFN,San Francisco Giants,0.537,Johnny Cueto,SP,5.4,93,47,88,77,77,71,Epic
2016,SFN,San Francisco Giants,0.537,Madison Bumgarner,SP,4.8,91,68,81,75,75,75,Epic
2016,SFN,San Francisco Giants,0.537,Jeff Samardzija,SP,2.6,89,40,75,54,72,58,Rare
2016,DET,Detroit Tigers,0.534,Justin Verlander,SP,7.4,92,68,78,71,76,73,Epic
2016,DET,Detroit Tigers,0.534,Michael Fulmer,SP,5.4,88,41,75,72,70,63,Rare
2016,DET,Detroit Tigers,0.534,Alex Wilson,RP,2.0,37,26,70,77,24,54,Uncommon
2016,SEA,Seattle Mariners,0.531,Hisashi Iwakuma,SP,2.4,88,32,83,49,70,56,Rare
2016,SEA,Seattle Mariners,0.531,Mike Montgomery,RP,2.1,41,49,50,86,30,58,Rare
2016,SEA,Seattle Mariners,0.531,Steve Cishek,RP,1.6,36,76,61,74,23,66,Rare
2016,SLN,St. Louis Cardinals,0.531,Carlos Martinez,SP,5.7,89,46,55,71,72,59,Rare
2016,SLN,St. Louis Cardinals,0.531,Seunghwan Oh,RP,2.9,36,86,84,113,23,87,Legendary
2016,SLN,St. Louis Cardinals,0.531,Alex Reyes,SP,2.3,108,70,39,118,98,78,Epic
2016,HOU,Houston Astros,0.519,Chris Devenski,RP,2.8,43,53,93,99,32,77,Epic
2016,HOU,Houston Astros,0.519,Will Harris,RP,1.6,36,65,82,95,22,75,Epic
2016,HOU,Houston Astros,0.519,Lance McCullers,SP,1.5,85,88,34,66,67,63,Rare
2016,NYA,New York Yankees,0.519,Masahiro Tanaka,SP,5.2,90,40,94,72,73,69,Rare
2016,NYA,New York Yankees,0.519,Andrew Miller,RP,3.7,36,123,107,112,23,105,Legendary
2016,NYA,New York Yankees,0.519,CC Sabathia,SP,3.1,87,42,54,56,69,52,Uncommon
2016,KCA,Kansas City Royals,0.5,Ian Kennedy,SP,4.2,87,51,59,57,69,57,Rare
2016,KCA,Kansas City Royals,0.5,Danny Duffy,SP,4.0,93,61,82,61,77,69,Rare
2016,KCA,Kansas City Royals,0.5,Kelvin Herrera,RP,2.0,36,76,97,83,22,79,Epic
2016,MIA,Miami Marlins,0.491,Jose Fernandez,SP,4.4,89,96,67,74,72,78,Epic
2016,MIA,Miami Marlins,0.491,David Phelps,RP,2.8,38,89,45,92,25,70,Epic
2016,MIA,Miami Marlins,0.491,Adam Conley,SP,1.8,82,50,42,54,63,50,Uncommon
2016,PIT,Pittsburgh Pirates,0.484,Mark Melancon,RP,2.8,36,48,96,116,22,80,Epic
2016,PIT,Pittsburgh Pirates,0.484,Jameson Taillon,SP,2.4,85,39,97,62,67,66,Rare
2016,PIT,Pittsburgh Pirates,0.484,Gerrit Cole,SP,1.5,84,42,65,58,65,56,Rare
2016,CHA,Chicago White Sox,0.481,Jose Quintana,SP,5.3,90,44,80,66,74,64,Rare
2016,CHA,Chicago White Sox,0.481,Chris Sale,SP,5.0,94,59,90,62,79,71,Epic
2016,CHA,Chicago White Sox,0.481,Nate Jones,RP,2.3,36,70,87,92,22,77,Epic
2016,COL,Colorado Rockies,0.463,Tyler Chatwood,SP,3.4,86,33,44,65,68,49,Uncommon
2016,COL,Colorado Rockies,0.463,Tyler Anderson,SP,3.2,87,44,80,71,69,65,Rare
2016,COL,Colorado Rockies,0.463,Jon Gray,SP,2.0,85,67,56,54,67,60,Rare
2016,LAA,Los Angeles Angels of Anaheim,0.457,Matt Shoemaker,SP,2.1,87,46,92,53,69,64,Rare
2016,LAA,Los Angeles Angels of Anaheim,0.457,Cam Bedrosian,RP,1.4,36,83,57,117,22,79,Epic
2016,LAA,Los Angeles Angels of Anaheim,0.457,Nick Tropeano,SP,1.2,82,56,43,54,63,52,Uncommon
2016,MIL,Milwaukee Brewers,0.451,Junior Guerra,SP,3.7,88,40,56,80,70,60,Rare
2016,MIL,Milwaukee Brewers,0.451,Tyler Thornburg,RP,2.5,36,91,52,104,22,76,Epic
2016,MIL,Milwaukee Brewers,0.451,Carlos Torres,RP,2.2,37,51,53,82,24,58,Rare
2016,PHI,Philadelphia Phillies,0.438,Jerad Eickhoff,SP,3.5,87,42,86,57,69,62,Rare
2016,PHI,Philadelphia Phillies,0.438,Jeremy Hellickson,SP,2.8,86,39,81,57,68,60,Rare
2016,PHI,Philadelphia Phillies,0.438,Hector Neris,RP,2.1,36,84,51,84,23,68,Rare
2016,ARI,Arizona Diamondbacks,0.426,Zack Greinke,SP,2.5,88,42,77,51,70,58,Rare
2016,ARI,Arizona Diamondbacks,0.426,Brad Ziegler,RP,2.2,36,43,50,117,22,65,Rare
2016,ARI,Arizona Diamondbacks,0.426,Archie Bradley,SP,1.3,83,58,42,46,64,50,Uncommon
2016,OAK,Oakland Athletics,0.426,Rich Hill,SP,4.3,84,74,68,109,65,82,Epic
2016,OAK,Oakland Athletics,0.426,Kendall Graveman,SP,3.5,87,18,78,51,69,51,Uncommon
2016,OAK,Oakland Athletics,0.426,Sean Manaea,SP,3.0,88,43,77,53,70,59,Rare
2016,ATL,Atlanta Braves,0.422,Julio Teheran,SP,4.7,89,46,85,66,72,66,Rare
2016,ATL,Atlanta Braves,0.422,Mike Foltynewicz,SP,1.5,84,47,71,47,66,56,Rare
2016,ATL,Atlanta Braves,0.422,Jim Johnson,RP,1.4,36,62,65,74,22,62,Rare
2016,CIN,Cincinnati Reds,0.42,Dan Straily,SP,4.2,88,42,50,56,71,52,Uncommon
2016,CIN,Cincinnati Reds,0.42,Anthony DeSclafani,SP,2.8,88,43,80,66,71,64,Rare
2016,CIN,Cincinnati Reds,0.42,Raisel Iglesias,RP,2.7,42,63,61,89,31,67,Rare
2016,SDN,San Diego Padres,0.42,Drew Pomeranz,SP,3.8,84,66,50,65,66,61,Rare
2016,SDN,San Diego Padres,0.42,Brad Hand,RP,1.7,36,81,48,72,23,63,Rare
2016,SDN,San Diego Padres,0.42,Ryan Buchter,RP,1.4,36,81,40,75,22,61,Rare
2016,TBA,Tampa Bay Rays,0.42,Jake Odorizzi,SP,3.2,84,46,70,53,66,57,Rare
2016,TBA,Tampa Bay Rays,0.42,Alex Colome,RP,2.3,36,82,75,110,22,82,Epic
2016,TBA,Tampa Bay Rays,0.42,Matt Moore,SP,2.0,87,47,54,50,69,52,Uncommon
2016,MIN,Minnesota Twins,0.364,Ervin Santana,SP,4.0,88,40,69,65,70,59,Rare
2016,MIN,Minnesota Twins,0.364,Ricky Nolasco,SP,1.9,88,32,84,52,71,58,Rare
2016,MIN,Minnesota Twins,0.364,Ryan Pressly,RP,1.2,36,46,66,59,23,54,Uncommon
2017,LAN,Los Angeles Dodgers,0.642,Clayton Kershaw,SP,5.0,90,72,96,91,74,85,Legendary
2017,LAN,Los Angeles Dodgers,0.642,Alex Wood,SP,3.5,88,56,79,79,70,71,Epic
2017,LAN,Los Angeles Dodgers,0.642,Kenley Jansen,RP,3.0,36,117,111,114,23,105,Legendary
2017,CLE,Cleveland Indians,0.63,Corey Kluber,SP,7.9,94,87,94,105,79,94,Legendary
2017,CLE,Cleveland Indians,0.63,Carlos Carrasco,SP,5.2,89,70,83,72,72,75,Epic
2017,CLE,Cleveland Indians,0.63,Andrew Miller,RP,3.0,36,109,60,116,23,88,Legendary
2017,HOU,Houston Astros,0.623,Dallas Keuchel,SP,3.9,89,43,63,73,72,61,Rare
2017,HOU,Houston Astros,0.623,Brad Peacock,SP,3.0,89,79,45,73,72,66,Rare
2017,HOU,Houston Astros,0.623,Ken Giles,RP,2.0,36,90,60,95,22,76,Epic
2017,WAS,Washington Nationals,0.599,Max Scherzer,SP,7.2,90,91,73,92,74,84,Epic
2017,WAS,Washington Nationals,0.599,Gio Gonzalez,SP,6.4,89,50,49,79,72,61,Rare
2017,WAS,Washington Nationals,0.599,Stephen Strasburg,SP,6.3,89,73,74,95,72,80,Epic
2017,ARI,Arizona Diamondbacks,0.574,Zack Greinke,SP,5.8,89,63,84,75,72,74,Epic
2017,ARI,Arizona Diamondbacks,0.574,Robbie Ray,SP,4.8,85,92,45,82,67,72,Epic
2017,ARI,Arizona Diamondbacks,0.574,Zack Godley,SP,4.3,88,63,58,73,71,65,Rare
2017,BOS,Boston Red Sox,0.574,Chris Sale,SP,5.8,92,101,89,81,76,89,Legendary
2017,BOS,Boston Red Sox,0.574,Drew Pomeranz,SP,3.8,83,57,48,71,64,59,Rare
2017,BOS,Boston Red Sox,0.574,Craig Kimbrel,RP,3.6,36,125,89,113,23,100,Legendary
2017,CHN,Chicago Cubs,0.568,Kyle Hendricks,SP,3.5,86,45,70,74,68,64,Rare
2017,CHN,Chicago Cubs,0.568,Mike Montgomery,RP,2.2,45,35,46,70,35,49,Uncommon
2017,CHN,Chicago Cubs,0.568,Jake Arrieta,SP,1.9,84,53,62,63,66,60,Rare
2017,NYA,New York Yankees,0.562,Luis Severino,SP,5.2,88,76,75,78,71,76,Epic
2017,NYA,New York Yankees,0.562,David Robertson,RP,2.9,36,101,60,113,23,84,Epic
2017,NYA,New York Yankees,0.562,CC Sabathia,SP,2.8,84,39,60,61,65,54,Uncommon
2017,COL,Colorado Rockies,0.537,German Marquez,SP,3.5,84,48,67,57,66,58,Rare
2017,COL,Colorado Rockies,0.537,Kyle Freeland,SP,3.4,84,28,48,64,65,48,Uncommon
2017,COL,Colorado Rockies,0.537,Jon Gray,SP,3.2,84,58,74,72,65,68,Rare
2017,MIL,Milwaukee Brewers,0.531,Chase Anderson,SP,4.2,84,51,70,84,66,68,Rare
2017,MIL,Milwaukee Brewers,0.531,Corey Knebel,RP,3.7,36,123,37,114,22,84,Epic
2017,MIL,Milwaukee Brewers,0.531,Jimmy Nelson,SP,3.3,88,70,73,66,70,70,Epic
2017,MIN,Minnesota Twins,0.525,Ervin Santana,SP,4.8,90,37,70,68,73,60,Rare
2017,MIN,Minnesota Twins,0.525,Jose Berrios,SP,1.9,86,52,61,59,68,58,Rare
2017,MIN,Minnesota Twins,0.525,Brandon Kintzler,RP,1.7,36,15,84,78,22,55,Rare
2017,SLN,St. Louis Cardinals,0.512,Lance Lynn,SP,3.2,84,40,47,61,66,51,Uncommon
2017,SLN,St. Louis Cardinals,0.512,Carlos Martinez,SP,3.0,90,63,57,58,73,61,Rare
2017,SLN,St. Louis Cardinals,0.512,Mike Leake,SP,1.8,87,29,90,69,69,63,Rare
2017,KCA,Kansas City Royals,0.494,Jason Vargas,SP,4.1,84,33,63,53,66,51,Uncommon
2017,KCA,Kansas City Royals,0.494,Danny Duffy,SP,3.6,88,46,72,62,70,61,Rare
2017,KCA,Kansas City Royals,0.494,Mike Minor,RP,3.0,37,70,71,94,24,73,Epic
2017,LAA,Los Angeles Angels of Anaheim,0.494,Parker Bridwell,SP,1.9,88,20,79,58,70,54,Uncommon
2017,LAA,Los Angeles Angels of Anaheim,0.494,Blake Parker,RP,1.7,36,85,81,87,22,78,Epic
2017,LAA,Los Angeles Angels of Anaheim,0.494,Yusmeiro Petit,RP,1.6,39,67,90,81,26,74,Epic
2017,TBA,Tampa Bay Rays,0.494,Alex Cobb,SP,2.7,88,30,79,58,71,57,Rare
2017,TBA,Tampa Bay Rays,0.494,Chris Archer,SP,1.7,86,81,68,52,68,67,Rare
2017,TBA,Tampa Bay Rays,0.494,Jake Faria,SP,1.6,88,54,55,62,71,58,Rare
2017,SEA,Seattle Mariners,0.481,James Paxton,SP,3.6,84,72,74,75,66,73,Epic
2017,SEA,Seattle Mariners,0.481,Nick Vincent,RP,1.4,36,36,89,72,22,61,Rare
2017,SEA,Seattle Mariners,0.481,Tony Zych,RP,1.0,36,43,38,86,22,52,Uncommon
2017,TEX,Texas Rangers,0.481,Andrew Cashner,SP,4.6,87,12,50,75,69,48,Uncommon
2017,TEX,Texas Rangers,0.481,Yu Darvish,SP,4.1,87,69,65,60,69,65,Rare
2017,TEX,Texas Rangers,0.481,Cole Hamels,SP,3.0,88,30,55,58,71,50,Uncommon
2017,MIA,Miami Marlins,0.475,Jose Urena,SP,1.9,88,26,51,51,70,45,Uncommon
2017,MIA,Miami Marlins,0.475,Dan Straily,SP,1.2,84,50,61,45,65,53,Uncommon
2017,MIA,Miami Marlins,0.475,Kyle Barraclough,RP,0.8,36,72,33,71,22,55,Rare
2017,TOR,Toronto Blue Jays,0.469,Marcus Stroman,SP,5.1,88,39,66,75,70,61,Rare
2017,TOR,Toronto Blue Jays,0.469,J. A. Happ,SP,3.2,86,54,64,64,68,61,Rare
2017,TOR,Toronto Blue Jays,0.469,Dominic Leone,RP,2.0,36,72,62,92,23,70,Epic
2017,BAL,Baltimore Orioles,0.463,Dylan Bundy,SP,2.6,88,47,67,50,70,56,Rare
2017,BAL,Baltimore Orioles,0.463,Mychal Givens,RP,2.3,37,69,64,81,24,67,Rare
2017,BAL,Baltimore Orioles,0.463,Kevin Gausman,SP,2.0,84,52,50,45,65,51,Uncommon
2017,OAK,Oakland Athletics,0.463,Sonny Gray,SP,2.5,87,51,56,62,69,58,Rare
2017,OAK,Oakland Athletics,0.463,Ryan Madson,RP,2.5,36,70,100,117,22,88,Legendary
2017,OAK,Oakland Athletics,0.463,Kendall Graveman,SP,1.8,84,26,67,51,65,50,Uncommon
2017,PIT,Pittsburgh Pirates,0.463,Gerrit Cole,SP,2.6,88,53,74,49,71,60,Rare
2017,PIT,Pittsburgh Pirates,0.463,Felipe Vazquez,RP,2.6,36,74,75,115,23,82,Epic
2017,PIT,Pittsburgh Pirates,0.463,Ivan Nova,SP,2.0,88,29,91,51,70,58,Rare
2017,ATL,Atlanta Braves,0.444,R. A. Dickey,SP,2.2,88,30,56,51,70,48,Uncommon
2017,ATL,Atlanta Braves,0.444,Arodys Vizcaino,RP,1.6,36,68,53,79,22,62,Rare
2017,ATL,Atlanta Braves,0.444,Julio Teheran,SP,1.6,86,38,50,47,68,47,Uncommon
2017,SDN,San Diego Padres,0.438,Brad Hand,RP,2.9,36,88,78,101,23,82,Epic
2017,SDN,San Diego Padres,0.438,Jhoulys Chacin,SP,2.7,84,42,48,56,66,50,Uncommon
2017,SDN,San Diego Padres,0.438,Craig Stammen,RP,1.6,38,49,57,67,25,54,Uncommon
2017,NYN,New York Mets,0.432,Jacob deGrom,SP,4.2,90,76,69,58,74,68,Rare
2017,NYN,New York Mets,0.432,Addison Reed,RP,2.2,36,57,90,75,22,69,Rare
2017,NYN,New York Mets,0.432,Jerry Blevins,RP,1.4,34,98,40,75,20,66,Rare
2017,CIN,Cincinnati Reds,0.42,Luis Castillo,SP,2.6,87,66,55,73,69,65,Rare
2017,CIN,Cincinnati Reds,0.42,Raisel Iglesias,RP,2.2,37,78,55,96,24,71,Epic
2017,CIN,Cincinnati Reds,0.42,Wandy Peralta,RP,0.6,36,45,52,61,22,50,Uncommon
2017,CHA,Chicago White Sox,0.414,Anthony Swarzak,RP,2.8,36,75,71,98,23,75,Epic
2017,CHA,Chicago White Sox,0.414,Jose Quintana,SP,2.5,86,66,62,54,68,61,Rare
2017,CHA,Chicago White Sox,0.414,Tommy Kahnle,RP,1.7,36,111,74,92,22,85,Legendary
2017,PHI,Philadelphia Phillies,0.407,Aaron Nola,SP,4.4,88,66,69,63,71,66,Rare
2017,PHI,Philadelphia Phillies,0.407,Pat Neshek,RP,2.8,36,67,112,116,22,91,Legendary
2017,PHI,Philadelphia Phillies,0.407,Hector Neris,RP,2.0,36,72,57,73,23,63,Rare
2017,DET,Detroit Tigers,0.395,Justin Verlander,SP,6.9,88,63,57,110,71,76,Epic
2017,DET,Detroit Tigers,0.395,Michael Fulmer,SP,4.0,91,28,80,62,75,58,Rare
2017,DET,Detroit Tigers,0.395,Shane Greene,RP,2.6,36,65,39,89,22,60,Rare
2017,SFN,San Francisco Giants,0.395,Madison Bumgarner,SP,3.0,90,48,94,64,74,69,Rare
2017,SFN,San Francisco Giants,0.395,Jeff Samardzija,SP,2.7,90,55,99,48,74,68,Rare
2017,SFN,San Francisco Giants,0.395,Cory Gearrin,RP,2.4,36,51,38,115,22,63,Rare
2018,BOS,Boston Red Sox,0.667,Chris Sale,SP,6.5,86,107,86,111,68,98,Legendary
2018,BOS,Boston Red Sox,0.667,David Price,SP,3.7,86,57,71,62,68,64,Rare
2018,BOS,Boston Red Sox,0.667,Eduardo Rodriguez,SP,2.6,84,69,57,59,66,62,Rare
2018,HOU,Houston Astros,0.636,Justin Verlander,SP,6.3,89,93,95,84,72,89,Legendary
2018,HOU,Houston Astros,0.636,Gerrit Cole,SP,5.2,89,95,63,75,72,77,Epic
2018,HOU,Houston Astros,0.636,Charlie Morton,SP,3.4,84,77,50,69,65,65,Rare
2018,NYA,New York Yankees,0.617,Luis Severino,SP,4.0,87,72,80,65,69,72,Epic
2018,NYA,New York Yankees,0.617,Masahiro Tanaka,SP,2.3,85,59,84,55,67,66,Rare
2018,NYA,New York Yankees,0.617,Chad Green,RP,2.0,37,81,90,86,24,80,Epic
2018,OAK,Oakland Athletics,0.599,Blake Treinen,RP,4.4,37,81,76,117,24,85,Legendary
2018,OAK,Oakland Athletics,0.599,Sean Manaea,SP,2.9,87,26,89,58,69,59,Rare
2018,OAK,Oakland Athletics,0.599,Yusmeiro Petit,RP,1.8,37,39,91,70,24,62,Rare
2018,MIL,Milwaukee Brewers,0.589,Jeremy Jeffress,RP,3.3,36,73,56,115,23,76,Epic
2018,MIL,Milwaukee Brewers,0.589,Josh Hader,RP,2.1,39,125,52,87,26,82,Epic
2018,MIL,Milwaukee Brewers,0.589,Jhoulys Chacin,SP,1.7,84,39,53,61,65,52,Uncommon
2018,CHN,Chicago Cubs,0.583,Kyle Hendricks,SP,2.8,88,39,85,62,70,63,Rare
2018,CHN,Chicago Cubs,0.583,Jon Lester,SP,2.7,84,40,56,63,66,54,Uncommon
2018,CHN,Chicago Cubs,0.583,Steve Cishek,RP,2.0,36,68,48,102,22,68,Rare
2018,LAN,Los Angeles Dodgers,0.564,Walker Buehler,SP,3.6,87,67,74,78,69,73,Epic
2018,LAN,Los Angeles Dodgers,0.564,Clayton Kershaw,SP,3.3,88,53,94,74,71,73,Epic
2018,LAN,Los Angeles Dodgers,0.564,Ross Stripling,SP,2.4,86,68,94,64,68,75,Epic
2018,CLE,Cleveland Indians,0.562,Corey Kluber,SP,6.0,90,60,98,77,74,78,Epic
2018,CLE,Cleveland Indians,0.562,Trevor Bauer,SP,6.0,90,83,62,105,74,82,Epic
2018,CLE,Cleveland Indians,0.562,Mike Clevinger,SP,5.4,89,60,60,74,72,65,Rare
2018,COL,Colorado Rockies,0.558,Kyle Freeland,SP,7.8,88,43,57,87,70,63,Rare
2018,COL,Colorado Rockies,0.558,German Marquez,SP,4.2,87,74,70,64,69,69,Rare
2018,COL,Colorado Rockies,0.558,Adam Ottavino,RP,2.5,36,101,43,104,23,77,Epic
2018,ATL,Atlanta Braves,0.556,Mike Foltynewicz,SP,4.2,86,67,52,75,68,65,Rare
2018,ATL,Atlanta Braves,0.556,Anibal Sanchez,SP,3.3,84,55,66,74,66,65,Rare
2018,ATL,Atlanta Braves,0.556,Julio Teheran,SP,1.9,84,49,41,51,66,49,Uncommon
2018,TBA,Tampa Bay Rays,0.556,Blake Snell,SP,7.1,86,79,56,113,68,81,Epic
2018,TBA,Tampa Bay Rays,0.556,Jose Alvarado,RP,1.5,36,82,43,96,22,68,Rare
2018,TBA,Tampa Bay Rays,0.556,Ryne Stanek,SP,1.2,62,79,48,71,36,63,Rare
2018,SEA,Seattle Mariners,0.549,Edwin Diaz,RP,3.1,36,125,82,110,23,97,Legendary
2018,SEA,Seattle Mariners,0.549,James Paxton,SP,3.0,85,87,76,54,67,72,Epic
2018,SEA,Seattle Mariners,0.549,Marco Gonzales,SP,2.3,85,44,91,53,67,63,Rare
2018,SLN,St. Louis Cardinals,0.543,Miles Mikolas,SP,5.0,89,31,101,73,72,69,Rare
2018,SLN,St. Louis Cardinals,0.543,Jack Flaherty,SP,3.2,83,77,49,58,64,62,Rare
2018,SLN,St. Louis Cardinals,0.543,Carlos Martinez,SP,2.0,91,55,39,69,75,56,Rare
2018,PIT,Pittsburgh Pirates,0.509,Jameson Taillon,SP,4.8,87,50,80,63,69,65,Rare
2018,PIT,Pittsburgh Pirates,0.509,Trevor Williams,SP,3.8,84,32,63,66,65,55,Rare
2018,PIT,Pittsburgh Pirates,0.509,Richard Rodriguez,RP,1.7,36,84,73,85,23,75,Epic
2018,ARI,Arizona Diamondbacks,0.506,Patrick Corbin,SP,4.4,88,80,81,71,70,77,Epic
2018,ARI,Arizona Diamondbacks,0.506,Zack Greinke,SP,4.0,89,52,88,66,72,69,Rare
2018,ARI,Arizona Diamondbacks,0.506,Clay Buchholz,SP,2.8,88,40,84,109,71,77,Epic
2018,WAS,Washington Nationals,0.506,Max Scherzer,SP,7.9,91,93,83,87,75,86,Legendary
2018,WAS,Washington Nationals,0.506,Sean Doolittle,RP,2.3,36,90,104,114,23,95,Legendary
2018,WAS,Washington Nationals,0.506,Stephen Strasburg,SP,2.3,86,77,69,57,68,68,Rare
2018,LAA,Los Angeles Angels of Anaheim,0.494,Jaime Barria,SP,3.1,80,34,54,62,60,51,Uncommon
2018,LAA,Los Angeles Angels of Anaheim,0.494,Andrew Heaney,SP,2.0,87,57,78,50,69,62,Rare
2018,LAA,Los Angeles Angels of Anaheim,0.494,Tyler Skaggs,SP,1.8,82,60,63,54,62,59,Rare
2018,PHI,Philadelphia Phillies,0.494,Aaron Nola,SP,9.7,90,62,73,92,73,75,Epic
2018,PHI,Philadelphia Phillies,0.494,Jake Arrieta,SP,2.4,84,38,61,53,65,52,Uncommon
2018,PHI,Philadelphia Phillies,0.494,Seranthony Dominguez,RP,2.1,36,85,50,75,23,65,Rare
2018,MIN,Minnesota Twins,0.481,Jose Berrios,SP,3.5,87,62,64,56,69,61,Rare
2018,MIN,Minnesota Twins,0.481,Kyle Gibson,SP,3.5,88,48,48,61,71,54,Uncommon
2018,MIN,Minnesota Twins,0.481,Ryan Pressly,RP,2.1,36,99,65,113,22,85,Legendary
2018,NYN,New York Mets,0.475,Jacob deGrom,SP,9.4,92,81,87,116,76,93,Legendary
2018,NYN,New York Mets,0.475,Noah Syndergaard,SP,3.7,88,57,78,67,71,68,Rare
2018,NYN,New York Mets,0.475,Zack Wheeler,SP,3.6,89,55,67,60,72,62,Rare
2018,SFN,San Francisco Giants,0.451,Madison Bumgarner,SP,2.8,88,42,61,60,71,56,Rare
2018,SFN,San Francisco Giants,0.451,Dereck Rodriguez,SP,2.7,88,34,67,72,71,59,Rare
2018,SFN,San Francisco Giants,0.451,Derek Holland,SP,2.5,85,55,49,55,67,54,Uncommon
2018,TOR,Toronto Blue Jays,0.451,J. A. Happ,SP,2.9,85,65,70,64,67,66,Rare
2018,TOR,Toronto Blue Jays,0.451,Seunghwan Oh,RP,2.3,36,72,79,89,22,74,Epic
2018,TOR,Toronto Blue Jays,0.451,Ryan Borucki,SP,1.5,85,28,59,59,67,50,Uncommon
2018,CIN,Cincinnati Reds,0.414,Jared Hughes,RP,3.4,36,33,69,115,23,67,Rare
2018,CIN,Cincinnati Reds,0.414,Raisel Iglesias,RP,2.1,36,68,57,88,23,66,Rare
2018,CIN,Cincinnati Reds,0.414,Dylan Floro,RP,1.9,37,47,55,107,24,65,Rare
2018,TEX,Texas Rangers,0.414,Mike Minor,SP,3.8,84,42,80,56,66,60,Rare
2018,TEX,Texas Rangers,0.414,Cole Hamels,SP,3.6,87,55,59,69,69,62,Rare
2018,TEX,Texas Rangers,0.414,Jesse Chavez,RP,3.1,39,53,94,110,27,80,Epic
2018,SDN,San Diego Padres,0.407,Kirby Yates,RP,2.1,36,100,74,94,22,83,Epic
2018,SDN,San Diego Padres,0.407,Craig Stammen,RP,1.8,36,68,86,78,23,72,Epic
2018,SDN,San Diego Padres,0.407,Matt Strahm,RP,1.6,39,69,58,98,26,70,Epic
2018,DET,Detroit Tigers,0.395,Mike Fiers,SP,4.4,85,39,86,58,67,62,Rare
2018,DET,Detroit Tigers,0.395,Matt Boyd,SP,2.5,84,50,68,50,65,57,Rare
2018,DET,Detroit Tigers,0.395,Blaine Hardy,SP,2.0,91,35,77,65,75,61,Rare
2018,MIA,Miami Marlins,0.391,Jose Urena,SP,2.1,84,33,69,50,66,52,Uncommon
2018,MIA,Miami Marlins,0.391,Trevor Richards,SP,0.8,81,60,46,44,61,51,Uncommon
2018,MIA,Miami Marlins,0.391,Dan Straily,SP,0.7,82,39,46,45,63,45,Uncommon
2018,CHA,Chicago White Sox,0.383,Reynaldo Lopez,SP,3.1,86,38,48,54,68,49,Uncommon
2018,CHA,Chicago White Sox,0.383,Carlos Rodon,SP,2.0,88,33,43,51,70,45,Uncommon
2018,CHA,Chicago White Sox,0.383,James Shields,SP,1.3,88,34,50,45,71,46,Uncommon
2018,KCA,Kansas City Royals,0.358,Brad Keller,SP,4.2,94,28,55,77,78,56,Rare
2018,KCA,Kansas City Royals,0.358,Jakob Junis,SP,2.1,86,49,80,47,68,60,Rare
2018,KCA,Kansas City Royals,0.358,Kelvin Herrera,RP,1.7,36,43,84,110,22,73,Epic
2018,BAL,Baltimore Orioles,0.29,Kevin Gausman,SP,3.0,87,38,74,60,69,58,Rare
2018,BAL,Baltimore Orioles,0.29,Richard Bleier,RP,1.5,36,7,106,119,23,72,Epic
2018,BAL,Baltimore Orioles,0.29,Miguel Castro,RP,1.2,38,25,32,56,25,36,Common
2019,HOU,Houston Astros,0.66,Justin Verlander,SP,7.4,90,92,92,90,74,90,Legendary
2019,HOU,Houston Astros,0.66,Gerrit Cole,SP,6.6,90,111,84,94,73,94,Legendary
2019,HOU,Houston Astros,0.66,Will Harris,RP,1.9,36,60,82,112,22,78,Epic
2019,LAN,Los Angeles Dodgers,0.654,Hyun Jin Ryu,SP,5.1,89,46,104,94,72,80,Epic
2019,LAN,Los Angeles Dodgers,0.654,Clayton Kershaw,SP,3.3,90,63,83,68,73,71,Epic
2019,LAN,Los Angeles Dodgers,0.654,Walker Buehler,SP,2.3,88,75,89,65,70,76,Epic
2019,NYA,New York Yankees,0.636,Zack Britton,RP,2.5,36,44,37,116,22,61,Rare
2019,NYA,New York Yankees,0.636,James Paxton,SP,2.4,82,80,53,58,62,64,Rare
2019,NYA,New York Yankees,0.636,Adam Ottavino,RP,2.3,36,90,30,114,22,72,Epic
2019,MIN,Minnesota Twins,0.623,Jake Odorizzi,SP,3.8,82,69,60,67,63,65,Rare
2019,MIN,Minnesota Twins,0.623,Jose Berrios,SP,3.6,89,54,77,62,72,65,Rare
2019,MIN,Minnesota Twins,0.623,Taylor Rogers,RP,2.6,37,87,98,90,24,85,Legendary
2019,ATL,Atlanta Braves,0.599,Mike Soroka,SP,6.0,87,39,82,90,69,70,Epic
2019,ATL,Atlanta Braves,0.599,Julio Teheran,SP,3.1,82,49,42,61,63,52,Uncommon
2019,ATL,Atlanta Braves,0.599,Max Fried,SP,3.0,84,61,71,57,65,63,Rare
2019,OAK,Oakland Athletics,0.599,Liam Hendriks,RP,3.7,37,103,79,115,24,92,Legendary
2019,OAK,Oakland Athletics,0.599,Mike Fiers,SP,3.4,84,27,70,54,66,52,Uncommon
2019,OAK,Oakland Athletics,0.599,Brett Anderson,SP,2.9,84,12,72,57,66,49,Uncommon
2019,TBA,Tampa Bay Rays,0.593,Charlie Morton,SP,4.9,86,80,69,77,68,75,Epic
2019,TBA,Tampa Bay Rays,0.593,Tyler Glasnow,SP,2.5,81,82,83,114,61,90,Legendary
2019,TBA,Tampa Bay Rays,0.593,Emilio Pagan,RP,2.3,36,94,92,95,23,87,Legendary
2019,CLE,Cleveland Indians,0.574,Shane Bieber,SP,4.8,90,78,92,72,74,80,Epic
2019,CLE,Cleveland Indians,0.574,Mike Clevinger,SP,4.2,87,91,69,92,69,82,Epic
2019,CLE,Cleveland Indians,0.574,Zach Plesac,SP,1.9,84,34,58,61,65,52,Uncommon
2019,WAS,Washington Nationals,0.574,Stephen Strasburg,SP,5.7,89,77,74,70,72,74,Epic
2019,WAS,Washington Nationals,0.574,Max Scherzer,SP,5.3,90,98,91,80,73,88,Legendary
2019,WAS,Washington Nationals,0.574,Patrick Corbin,SP,5.0,88,75,57,71,70,68,Rare
2019,SLN,St. Louis Cardinals,0.562,Jack Flaherty,SP,5.7,87,75,72,77,69,74,Epic
2019,SLN,St. Louis Cardinals,0.562,Giovanny Gallegos,RP,2.2,36,83,86,93,23,81,Epic
2019,SLN,St. Louis Cardinals,0.562,Dakota Hudson,SP,2.1,83,36,40,63,64,48,Uncommon
2019,MIL,Milwaukee Brewers,0.549,Brandon Woodruff,SP,3.1,84,74,79,64,65,72,Epic
2019,MIL,Milwaukee Brewers,0.549,Zach Davies,SP,2.8,82,23,63,64,62,51,Uncommon
2019,MIL,Milwaukee Brewers,0.549,Josh Hader,RP,2.8,37,125,75,84,24,88,Legendary
2019,NYN,New York Mets,0.531,Jacob deGrom,SP,7.2,90,82,86,88,73,84,Epic
2019,NYN,New York Mets,0.531,Zack Wheeler,SP,3.2,89,56,77,53,72,63,Rare
2019,NYN,New York Mets,0.531,Noah Syndergaard,SP,2.1,88,59,78,48,71,63,Rare
2019,ARI,Arizona Diamondbacks,0.525,Zack Greinke,SP,5.4,89,47,102,80,72,76,Epic
2019,ARI,Arizona Diamondbacks,0.525,Zac Gallen,SP,2.7,82,77,44,82,63,67,Rare
2019,ARI,Arizona Diamondbacks,0.525,Luke Weaver,SP,1.7,82,64,85,80,63,75,Epic
2019,BOS,Boston Red Sox,0.519,Eduardo Rodriguez,SP,5.5,87,61,52,65,69,60,Rare
2019,BOS,Boston Red Sox,0.519,Brandon Workman,RP,3.1,36,102,28,118,22,77,Epic
2019,BOS,Boston Red Sox,0.519,Chris Sale,SP,2.1,86,105,78,54,68,78,Epic
2019,CHN,Chicago Cubs,0.519,Kyle Hendricks,SP,3.3,86,42,93,66,68,67,Rare
2019,CHN,Chicago Cubs,0.519,Yu Darvish,SP,3.0,85,85,65,54,67,68,Rare
2019,CHN,Chicago Cubs,0.519,Cole Hamels,SP,2.7,82,58,49,59,62,56,Rare
2019,PHI,Philadelphia Phillies,0.5,Aaron Nola,SP,3.6,87,70,49,58,69,60,Rare
2019,PHI,Philadelphia Phillies,0.5,Hector Neris,RP,1.7,36,89,56,77,22,69,Rare
2019,PHI,Philadelphia Phillies,0.5,Zach Eflin,SP,1.3,86,37,69,52,68,54,Uncommon
2019,TEX,Texas Rangers,0.481,Mike Minor,SP,8.0,90,53,62,72,74,63,Rare
2019,TEX,Texas Rangers,0.481,Lance Lynn,SP,7.7,89,75,71,73,72,73,Epic
2019,TEX,Texas Rangers,0.481,Chris Martin,RP,1.6,36,74,113,71,22,80,Epic
2019,SFN,San Francisco Giants,0.475,Jeff Samardzija,SP,3.4,84,35,74,59,66,57,Rare
2019,SFN,San Francisco Giants,0.475,Madison Bumgarner,SP,2.9,88,54,88,53,70,66,Rare
2019,SFN,San Francisco Giants,0.475,Will Smith,RP,2.2,36,104,63,76,23,75,Epic
2019,CIN,Cincinnati Reds,0.463,Sonny Gray,SP,6.2,84,74,49,85,66,69,Rare
2019,CIN,Cincinnati Reds,0.463,Luis Castillo,SP,5.2,87,75,47,70,69,64,Rare
2019,CIN,Cincinnati Reds,0.463,Anthony DeSclafani,SP,3.2,83,57,69,59,64,62,Rare
2019,CHA,Chicago White Sox,0.447,Lucas Giolito,SP,5.4,88,86,63,68,70,72,Epic
2019,CHA,Chicago White Sox,0.447,Aaron Bummer,RP,2.7,37,46,56,115,24,68,Rare
2019,CHA,Chicago White Sox,0.447,Ivan Nova,SP,1.9,84,21,78,47,65,50,Uncommon
2019,LAA,Los Angeles Angels of Anaheim,0.444,Hansel Robles,RP,2.8,36,60,85,99,23,76,Epic
2019,LAA,Los Angeles Angels of Anaheim,0.444,Griffin Canning,SP,1.3,82,63,61,50,63,58,Rare
2019,LAA,Los Angeles Angels of Anaheim,0.444,Andrew Heaney,SP,1.2,82,81,64,44,63,63,Rare
2019,COL,Colorado Rockies,0.438,Jon Gray,SP,3.6,87,57,52,68,69,60,Rare
2019,COL,Colorado Rockies,0.438,German Marquez,SP,2.8,88,57,89,53,71,67,Rare
2019,COL,Colorado Rockies,0.438,Scott Oberg,RP,2.2,37,60,47,113,24,68,Rare
2019,SDN,San Diego Padres,0.432,Kirby Yates,RP,3.0,36,124,86,117,23,100,Legendary
2019,SDN,San Diego Padres,0.432,Chris Paddack,SP,2.9,83,66,85,62,64,70,Epic
2019,SDN,San Diego Padres,0.432,Joey Lucchesi,SP,2.3,83,53,58,50,64,55,Rare
2019,PIT,Pittsburgh Pirates,0.426,Felipe Vazquez,RP,2.9,36,107,86,113,23,94,Legendary
2019,PIT,Pittsburgh Pirates,0.426,Jordan Lyles,SP,2.1,81,60,49,64,61,58,Rare
2019,PIT,Pittsburgh Pirates,0.426,Joe Musgrove,SP,1.7,84,49,83,49,65,61,Rare
2019,SEA,Seattle Mariners,0.42,Marco Gonzales,SP,3.0,87,31,73,56,69,55,Rare
2019,SEA,Seattle Mariners,0.42,Mike Leake,SP,1.3,88,24,103,48,71,60,Rare
2019,SEA,Seattle Mariners,0.42,Tommy Milone,RP,1.3,45,42,88,42,35,55,Rare
2019,TOR,Toronto Blue Jays,0.414,Marcus Stroman,SP,4.1,85,44,64,68,67,60,Rare
2019,TOR,Toronto Blue Jays,0.414,Ken Giles,RP,2.3,36,114,63,113,22,89,Legendary
2019,TOR,Toronto Blue Jays,0.414,Daniel Hudson,RP,1.8,36,54,52,111,23,67,Rare
2019,KCA,Kansas City Royals,0.364,Brad Keller,SP,3.0,86,32,46,60,68,48,Uncommon
2019,KCA,Kansas City Royals,0.364,Homer Bailey,SP,2.2,82,48,62,50,63,54,Uncommon
2019,KCA,Kansas City Royals,0.364,Danny Duffy,SP,2.2,84,45,56,54,66,53,Uncommon
2019,MIA,Miami Marlins,0.352,Sandy Alcantara,SP,3.3,88,35,47,56,71,49,Uncommon
2019,MIA,Miami Marlins,0.352,Trevor Richards,SP,2.0,86,50,47,82,68,60,Rare
2019,MIA,Miami Marlins,0.352,Caleb Smith,SP,1.6,84,66,49,44,65,54,Uncommon
2019,BAL,Baltimore Orioles,0.333,John Means,SP,4.4,85,36,79,66,67,61,Rare
2019,BAL,Baltimore Orioles,0.333,Andrew Cashner,SP,2.2,90,31,49,51,74,47,Uncommon
2019,BAL,Baltimore Orioles,0.333,Dylan Bundy,SP,2.1,83,57,55,47,64,54,Uncommon
2019,DET,Detroit Tigers,0.292,Matt Boyd,SP,3.8,85,85,74,49,67,69,Rare
2019,DET,Detroit Tigers,0.292,Daniel Norris,SP,3.1,80,44,76,52,60,58,Rare
2019,DET,Detroit Tigers,0.292,Spencer Turnbull,SP,2.5,80,55,48,54,60,53,Uncommon
2020,LAN,Los Angeles Dodgers,0.717,Clayton Kershaw,SP,1.8,86,63,103,103,68,87,Legendary
2020,LAN,Los Angeles Dodgers,0.717,Dustin May,SP,1.5,84,37,71,85,66,64,Rare
2020,LAN,Los Angeles Dodgers,0.717,Tony Gonsolin,SP,1.4,86,55,100,102,68,84,Epic
2020,TBA,Tampa Bay Rays,0.667,Ryan Yarbrough,SP,1.2,88,37,86,61,71,62,Rare
2020,TBA,Tampa Bay Rays,0.667,Nick Anderson,RP,1.1,35,117,93,115,21,100,Legendary
2020,TBA,Tampa Bay Rays,0.667,Blake Snell,SP,1.0,77,83,54,61,56,65,Rare
2020,SDN,San Diego Padres,0.617,Dinelson Lamet,SP,2.3,85,92,70,106,67,87,Legendary
2020,SDN,San Diego Padres,0.617,Zach Davies,SP,1.7,85,48,73,78,67,66,Rare
2020,SDN,San Diego Padres,0.617,Drew Pomeranz,RP,1.0,36,113,36,115,22,81,Epic
2020,MIN,Minnesota Twins,0.6,Kenta Maeda,SP,1.6,88,77,100,81,70,84,Epic
2020,MIN,Minnesota Twins,0.6,Matt Wisler,RP,1.0,39,95,35,114,26,76,Epic
2020,MIN,Minnesota Twins,0.6,Rich Hill,SP,0.8,79,38,45,76,59,54,Uncommon
2020,OAK,Oakland Athletics,0.6,Chris Bassitt,SP,2.1,85,44,74,96,67,71,Epic
2020,OAK,Oakland Athletics,0.6,Liam Hendriks,RP,1.4,36,103,107,116,23,100,Legendary
2020,OAK,Oakland Athletics,0.6,Jake Diekman,RP,1.4,36,103,34,116,23,78,Epic
2020,ATL,Atlanta Braves,0.583,Max Fried,SP,2.9,81,46,59,113,61,72,Epic
2020,ATL,Atlanta Braves,0.583,Ian Anderson,SP,1.2,83,84,45,117,64,80,Epic
2020,ATL,Atlanta Braves,0.583,Chris Martin,RP,1.2,36,68,97,115,22,86,Legendary
2020,CHA,Chicago White Sox,0.583,Dallas Keuchel,SP,2.1,85,26,74,117,67,72,Epic
2020,CHA,Chicago White Sox,0.583,Alex Colome,RP,1.0,36,30,55,119,23,63,Rare
2020,CHA,Chicago White Sox,0.583,Lucas Giolito,SP,0.8,88,91,49,66,70,69,Rare
2020,CLE,Cleveland Indians,0.583,Shane Bieber,SP,3.2,90,115,74,113,73,98,Legendary
2020,CLE,Cleveland Indians,0.583,Zach Plesac,SP,2.0,94,60,109,99,78,88,Legendary
2020,CLE,Cleveland Indians,0.583,Carlos Carrasco,SP,1.5,84,78,49,78,66,68,Rare
2020,CHN,Chicago Cubs,0.567,Yu Darvish,SP,2.8,89,79,93,114,72,93,Legendary
2020,CHN,Chicago Cubs,0.567,Kyle Hendricks,SP,2.0,92,37,111,80,76,76,Epic
2020,CHN,Chicago Cubs,0.567,Jeremy Jeffress,RP,1.2,36,32,38,116,23,58,Rare
2020,NYA,New York Yankees,0.55,Gerrit Cole,SP,2.2,88,86,82,74,70,80,Epic
2020,NYA,New York Yankees,0.55,J. A. Happ,SP,1.2,84,43,67,61,65,58,Rare
2020,NYA,New York Yankees,0.55,Masahiro Tanaka,SP,0.7,78,48,97,58,58,67,Rare
2020,TOR,Toronto Blue Jays,0.533,Hyun Jin Ryu,SP,2.9,84,64,78,86,65,75,Epic
2020,TOR,Toronto Blue Jays,0.533,Rafael Dolis,RP,1.1,36,86,32,116,22,72,Epic
2020,TOR,Toronto Blue Jays,0.533,Jordan Romano,RP,1.0,36,100,59,110,22,83,Epic
2020,CIN,Cincinnati Reds,0.517,Trevor Bauer,SP,3.0,91,94,82,111,75,94,Legendary
2020,CIN,Cincinnati Reds,0.517,Luis Castillo,SP,1.1,86,84,58,81,68,74,Epic
2020,CIN,Cincinnati Reds,0.517,Tyler Mahle,SP,1.0,82,83,45,70,63,66,Rare
2020,MIA,Miami Marlins,0.517,Sixto Sanchez,SP,1.5,84,42,71,70,65,61,Rare
2020,MIA,Miami Marlins,0.517,Pablo Lopez,SP,1.4,82,60,64,68,62,64,Rare
2020,MIA,Miami Marlins,0.517,Brandon Kintzler,RP,1.3,36,18,44,106,23,53,Uncommon
2020,SLN,St. Louis Cardinals,0.517,Kwang Hyun Kim,SP,0.9,84,21,66,114,65,67,Rare
2020,SLN,St. Louis Cardinals,0.517,Austin Gomber,RP,0.7,42,50,38,117,31,65,Rare
2020,SLN,St. Louis Cardinals,0.517,Dakota Hudson,SP,0.6,79,37,50,77,59,55,Rare
2020,HOU,Houston Astros,0.483,Cristian Javier,SP,1.3,83,56,61,62,64,60,Rare
2020,HOU,Houston Astros,0.483,Framber Valdez,SP,1.2,94,64,84,67,79,72,Epic
2020,HOU,Houston Astros,0.483,Zack Greinke,SP,1.1,84,57,104,58,65,72,Epic
2020,MIL,Milwaukee Brewers,0.483,Corbin Burnes,SP,2.1,91,105,48,117,75,88,Legendary
2020,MIL,Milwaukee Brewers,0.483,Brandon Woodruff,SP,2.1,84,80,80,76,66,77,Epic
2020,MIL,Milwaukee Brewers,0.483,Devin Williams,RP,1.2,37,125,60,116,24,93,Legendary
2020,SFN,San Francisco Giants,0.483,Kevin Gausman,SP,1.3,87,89,74,59,69,74,Epic
2020,SFN,San Francisco Giants,0.483,Trevor Cahill,SP,0.6,75,81,34,68,53,60,Rare
2020,SFN,San Francisco Giants,0.483,Jarlin Garcia,RP,0.5,36,35,50,119,22,63,Rare
2020,PHI,Philadelphia Phillies,0.467,Zack Wheeler,SP,2.8,90,33,84,84,73,68,Rare
2020,PHI,Philadelphia Phillies,0.467,Aaron Nola,SP,2.2,87,92,63,70,69,74,Epic
2020,PHI,Philadelphia Phillies,0.467,Zach Eflin,SP,1.6,86,76,77,57,68,70,Epic
2020,SEA,Seattle Mariners,0.45,Marco Gonzales,SP,1.5,89,49,111,71,72,76,Epic
2020,SEA,Seattle Mariners,0.45,Taijuan Walker,SP,1.3,79,50,55,109,59,70,Epic
2020,SEA,Seattle Mariners,0.45,Justus Sheffield,SP,0.9,84,44,54,67,65,56,Rare
2020,COL,Colorado Rockies,0.433,Antonio Senzatela,SP,2.5,88,16,79,77,70,59,Rare
2020,COL,Colorado Rockies,0.433,Kyle Freeland,SP,1.9,83,25,62,60,64,50,Uncommon
2020,COL,Colorado Rockies,0.433,German Marquez,SP,1.4,89,46,66,74,72,63,Rare
2020,KCA,Kansas City Royals,0.433,Brad Keller,SP,1.8,88,24,65,103,70,65,Rare
2020,KCA,Kansas City Royals,0.433,Brady Singer,SP,1.1,82,51,55,58,63,56,Rare
2020,KCA,Kansas City Royals,0.433,Trevor Rosenthal,RP,1.0,36,118,59,65,23,75,Epic
2020,LAA,Los Angeles Angels of Anaheim,0.433,Dylan Bundy,SP,1.7,87,66,76,74,69,72,Epic
2020,LAA,Los Angeles Angels of Anaheim,0.433,Andrew Heaney,SP,1.2,84,62,71,51,65,62,Rare
2020,LAA,Los Angeles Angels of Anaheim,0.433,Griffin Canning,SP,1.1,81,56,47,57,61,54,Uncommon
2020,NYN,New York Mets,0.433,Jacob deGrom,SP,2.6,84,110,75,93,66,90,Legendary
2020,NYN,New York Mets,0.433,David Peterson,SP,1.6,84,38,41,65,65,50,Uncommon
2020,NYN,New York Mets,0.433,Edwin Diaz,RP,1.4,36,125,35,114,22,84,Epic
2020,WAS,Washington Nationals,0.433,Max Scherzer,SP,2.2,84,94,58,59,66,70,Epic
2020,WAS,Washington Nationals,0.433,Patrick Corbin,SP,1.7,87,48,73,47,69,57,Rare
2020,WAS,Washington Nationals,0.433,Erick Fedde,SP,1.5,89,16,45,50,72,40,Common
2020,ARI,Arizona Diamondbacks,0.417,Zac Gallen,SP,2.5,87,71,57,84,69,70,Epic
2020,ARI,Arizona Diamondbacks,0.417,Merrill Kelly,SP,1.3,89,49,98,88,72,78,Epic
2020,ARI,Arizona Diamondbacks,0.417,Stefan Crichton,RP,1.0,36,46,57,102,22,64,Rare
2020,BAL,Baltimore Orioles,0.417,Tanner Scott,RP,1.2,35,68,41,116,21,70,Epic
2020,BAL,Baltimore Orioles,0.417,Alex Cobb,SP,1.1,82,31,58,54,62,49,Uncommon
2020,BAL,Baltimore Orioles,0.417,Cesar Valdez,RP,1.0,39,41,87,119,27,77,Epic
2020,BOS,Boston Red Sox,0.4,Tanner Houck,SP,1.3,84,80,37,115,66,76,Epic
2020,BOS,Boston Red Sox,0.4,Nathan Eovaldi,SP,1.2,83,64,101,64,64,75,Epic
2020,BOS,Boston Red Sox,0.4,Ryan Weber,RP,1.2,44,22,62,53,34,44,Common
2020,DET,Detroit Tigers,0.397,Spencer Turnbull,SP,1.1,82,47,38,64,62,51,Uncommon
2020,DET,Detroit Tigers,0.397,Bryan Garcia,RP,0.8,35,16,43,119,21,55,Rare
2020,DET,Detroit Tigers,0.397,Jose Cisnero,RP,0.7,36,71,59,83,23,66,Rare
2020,TEX,Texas Rangers,0.367,Lance Lynn,SP,2.2,90,63,68,67,73,67,Rare
2020,TEX,Texas Rangers,0.367,Kyle Cody,SP,0.9,77,37,33,116,56,61,Rare
2020,TEX,Texas Rangers,0.367,Jonathan Hernandez,RP,0.7,37,57,77,84,24,68,Rare
2020,PIT,Pittsburgh Pirates,0.317,Steven Brault,SP,0.7,76,46,38,73,54,52,Uncommon
2020,PIT,Pittsburgh Pirates,0.317,Joe Musgrove,SP,0.6,80,96,48,59,60,67,Rare
2020,PIT,Pittsburgh Pirates,0.317,Mitch Keller,SP,0.6,76,32,10,77,54,41,Common
2021,SFN,San Francisco Giants,0.66,Kevin Gausman,SP,5.2,86,75,76,76,68,75,Epic
2021,SFN,San Francisco Giants,0.66,Anthony DeSclafani,SP,4.2,83,47,78,67,64,64,Rare
2021,SFN,San Francisco Giants,0.66,Logan Webb,SP,3.8,85,63,80,74,67,72,Epic
2021,LAN,Los Angeles Dodgers,0.654,Walker Buehler,SP,7.1,89,59,78,89,72,75,Epic
2021,LAN,Los Angeles Dodgers,0.654,Julio Urias,SP,4.8,85,62,88,74,67,74,Epic
2021,LAN,Los Angeles Dodgers,0.654,Trevor Bauer,SP,3.1,89,84,58,81,72,74,Epic
2021,TBA,Tampa Bay Rays,0.617,Andrew Kittredge,RP,2.4,37,64,87,112,24,81,Epic
2021,TBA,Tampa Bay Rays,0.617,Tyler Glasnow,SP,2.4,89,97,66,78,72,80,Epic
2021,TBA,Tampa Bay Rays,0.617,Collin McHugh,RP,2.0,40,72,92,116,28,87,Legendary
2021,HOU,Houston Astros,0.586,Lance McCullers,SP,3.3,85,71,42,72,67,62,Rare
2021,HOU,Houston Astros,0.586,Luis Garcia,SP,2.6,84,64,63,63,65,63,Rare
2021,HOU,Houston Astros,0.586,Framber Valdez,SP,2.5,88,49,45,72,70,57,Rare
2021,MIL,Milwaukee Brewers,0.586,Brandon Woodruff,SP,5.3,87,75,81,84,69,79,Epic
2021,MIL,Milwaukee Brewers,0.586,Corbin Burnes,SP,5.2,87,97,89,93,69,91,Legendary
2021,MIL,Milwaukee Brewers,0.586,Freddy Peralta,SP,3.7,82,92,49,77,63,72,Epic
2021,CHA,Chicago White Sox,0.574,Lance Lynn,SP,5.4,84,69,70,84,66,74,Epic
2021,CHA,Chicago White Sox,0.574,Carlos Rodon,SP,5.1,84,97,74,96,65,87,Legendary
2021,CHA,Chicago White Sox,0.574,Lucas Giolito,SP,4.3,85,69,69,62,67,67,Rare
2021,BOS,Boston Red Sox,0.568,Nathan Eovaldi,SP,4.3,85,64,91,66,67,73,Epic
2021,BOS,Boston Red Sox,0.568,Garrett Whitlock,RP,2.8,39,67,82,113,27,81,Epic
2021,BOS,Boston Red Sox,0.568,Nick Pivetta,SP,2.5,82,70,47,51,62,57,Rare
2021,NYA,New York Yankees,0.568,Gerrit Cole,SP,5.7,88,91,84,67,70,80,Epic
2021,NYA,New York Yankees,0.568,Jordan Montgomery,SP,3.3,82,60,62,57,62,60,Rare
2021,NYA,New York Yankees,0.568,Jonathan Loaisiga,RP,3.3,37,54,84,107,24,76,Epic
2021,TOR,Toronto Blue Jays,0.562,Robbie Ray,SP,6.9,88,85,74,78,70,78,Epic
2021,TOR,Toronto Blue Jays,0.562,Alek Manoah,SP,2.9,84,71,55,72,65,66,Rare
2021,TOR,Toronto Blue Jays,0.562,Jordan Romano,RP,2.4,36,92,49,108,23,77,Epic
2021,SEA,Seattle Mariners,0.556,Chris Flexen,SP,3.4,85,29,84,59,67,58,Rare
2021,SEA,Seattle Mariners,0.556,Drew Steckenrider,RP,2.5,36,43,78,110,23,72,Epic
2021,SEA,Seattle Mariners,0.556,Marco Gonzales,SP,2.1,85,34,69,49,67,52,Uncommon
2021,SLN,St. Louis Cardinals,0.556,Adam Wainwright,SP,3.7,90,42,80,67,73,64,Rare
2021,SLN,St. Louis Cardinals,0.556,Giovanny Gallegos,RP,1.2,36,75,79,69,23,69,Rare
2021,SLN,St. Louis Cardinals,0.556,Kwang Hyun Kim,SP,1.0,81,33,53,58,61,49,Uncommon
2021,ATL,Atlanta Braves,0.547,Max Fried,SP,4.2,87,52,79,75,69,69,Rare
2021,ATL,Atlanta Braves,0.547,Charlie Morton,SP,3.8,84,73,65,68,66,68,Rare
2021,ATL,Atlanta Braves,0.547,Ian Anderson,SP,2.8,82,53,47,62,63,55,Rare
2021,OAK,Oakland Athletics,0.531,Chris Bassitt,SP,4.0,86,58,79,68,68,68,Rare
2021,OAK,Oakland Athletics,0.531,Frankie Montas,SP,3.7,86,67,66,63,68,66,Rare
2021,OAK,Oakland Athletics,0.531,Sean Manaea,SP,3.2,84,65,83,52,66,67,Rare
2021,CIN,Cincinnati Reds,0.512,Wade Miley,SP,5.3,86,35,66,72,68,59,Rare
2021,CIN,Cincinnati Reds,0.512,Tyler Mahle,SP,4.9,83,74,55,63,64,64,Rare
2021,CIN,Cincinnati Reds,0.512,Luis Castillo,SP,4.2,84,59,48,61,66,57,Rare
2021,PHI,Philadelphia Phillies,0.506,Zack Wheeler,SP,7.5,91,73,86,80,75,79,Epic
2021,PHI,Philadelphia Phillies,0.506,Ranger Suarez,RP,5.6,45,58,65,116,35,75,Epic
2021,PHI,Philadelphia Phillies,0.506,Aaron Nola,SP,2.4,84,80,86,44,66,70,Epic
2021,CLE,Cleveland Indians,0.494,Cal Quantrill,SP,3.7,93,39,64,77,77,62,Rare
2021,CLE,Cleveland Indians,0.494,Emmanuel Clase,RP,2.8,36,63,83,117,22,81,Epic
2021,CLE,Cleveland Indians,0.494,Shane Bieber,SP,2.6,88,96,58,70,70,74,Epic
2021,SDN,San Diego Padres,0.488,Joe Musgrove,SP,3.7,86,69,68,62,68,66,Rare
2021,SDN,San Diego Padres,0.488,Mark Melancon,RP,2.1,36,48,49,94,23,60,Rare
2021,SDN,San Diego Padres,0.488,Craig Stammen,RP,1.5,38,51,101,64,25,67,Rare
2021,DET,Detroit Tigers,0.475,Casey Mize,SP,3.4,80,37,73,56,60,56,Rare
2021,DET,Detroit Tigers,0.475,Wily Peralta,SP,2.0,82,22,48,70,62,48,Uncommon
2021,DET,Detroit Tigers,0.475,Tyler Alexander,RP,2.0,44,40,75,55,34,54,Uncommon
2021,LAA,Los Angeles Angels of Anaheim,0.475,Shohei Ohtani,SP,4.1,84,77,59,72,66,69,Rare
2021,LAA,Los Angeles Angels of Anaheim,0.475,Raisel Iglesias,RP,2.8,36,104,96,88,23,89,Legendary
2021,LAA,Los Angeles Angels of Anaheim,0.475,Patrick Sandoval,SP,2.0,88,65,47,63,71,60,Rare
2021,NYN,New York Mets,0.475,Jacob deGrom,SP,4.5,88,116,107,115,70,108,Legendary
2021,NYN,New York Mets,0.475,Marcus Stroman,SP,3.4,83,45,79,69,64,64,Rare
2021,NYN,New York Mets,0.475,Aaron Loup,RP,2.8,36,57,71,118,22,76,Epic
2021,COL,Colorado Rockies,0.46,German Marquez,SP,2.4,84,54,55,56,66,56,Rare
2021,COL,Colorado Rockies,0.46,Kyle Freeland,SP,2.0,82,44,64,54,62,55,Rare
2021,COL,Colorado Rockies,0.46,Antonio Senzatela,SP,1.9,84,26,88,58,66,58,Rare
2021,KCA,Kansas City Royals,0.457,Scott Barlow,RP,2.8,36,79,51,101,23,72,Epic
2021,KCA,Kansas City Royals,0.457,Danny Duffy,SP,2.0,81,63,54,95,61,70,Epic
2021,KCA,Kansas City Royals,0.457,Carlos Hernandez,SP,1.7,99,44,41,66,85,54,Uncommon
2021,MIN,Minnesota Twins,0.451,Jose Berrios,SP,3.4,87,63,82,63,69,69,Rare
2021,MIN,Minnesota Twins,0.451,Michael Pineda,SP,1.6,82,38,91,58,62,62,Rare
2021,MIN,Minnesota Twins,0.451,Caleb Thielbar,RP,1.2,36,77,65,67,23,65,Rare
2021,CHN,Chicago Cubs,0.438,Andrew Chafin,RP,2.9,36,50,73,115,22,74,Epic
2021,CHN,Chicago Cubs,0.438,Craig Kimbrel,RP,2.4,36,125,50,112,22,88,Legendary
2021,CHN,Chicago Cubs,0.438,Ryan Tepera,RP,1.7,36,78,65,87,22,71,Epic
2021,MIA,Miami Marlins,0.414,Sandy Alcantara,SP,4.2,88,54,80,69,71,68,Rare
2021,MIA,Miami Marlins,0.414,Trevor Rogers,SP,3.5,82,75,58,87,63,72,Epic
2021,MIA,Miami Marlins,0.414,Pablo Lopez,SP,2.8,81,69,78,71,61,71,Epic
2021,WAS,Washington Nationals,0.401,Max Scherzer,SP,6.1,87,89,89,92,69,88,Legendary
2021,WAS,Washington Nationals,0.401,Paolo Espino,SP,1.0,85,41,83,46,67,58,Rare
2021,WAS,Washington Nationals,0.401,Josh Rogers,SP,0.8,87,21,49,60,69,46,Uncommon
2021,PIT,Pittsburgh Pirates,0.377,David Bednar,RP,2.1,36,84,65,101,22,77,Epic
2021,PIT,Pittsburgh Pirates,0.377,Richard Rodriguez,RP,2.1,36,25,99,75,23,62,Rare
2021,PIT,Pittsburgh Pirates,0.377,Tyler Anderson,SP,1.7,83,38,83,45,64,56,Rare
2021,TEX,Texas Rangers,0.37,Kyle Gibson,SP,3.5,88,43,56,62,70,55,Rare
2021,TEX,Texas Rangers,0.37,Ian Kennedy,RP,1.4,36,67,67,68,23,63,Rare
2021,TEX,Texas Rangers,0.37,Joe Barlow,RP,0.8,36,50,47,114,22,66,Rare
2021,ARI,Arizona Diamondbacks,0.321,Merrill Kelly,SP,2.4,86,40,76,47,68,56,Rare
2021,ARI,Arizona Diamondbacks,0.321,Zac Gallen,SP,2.1,82,71,48,48,63,56,Rare
2021,ARI,Arizona Diamondbacks,0.321,Madison Bumgarner,SP,1.4,84,42,75,44,66,55,Rare
2021,BAL,Baltimore Orioles,0.321,John Means,SP,3.6,84,48,94,59,66,67,Rare
2021,BAL,Baltimore Orioles,0.321,Cole Sulser,RP,2.3,36,72,54,88,23,66,Rare
2021,BAL,Baltimore Orioles,0.321,Chris Ellis,SP,1.2,79,37,41,73,59,51,Uncommon
2022,LAN,Los Angeles Dodgers,0.685,Julio Urias,SP,4.6,84,51,82,95,66,75,Epic
2022,LAN,Los Angeles Dodgers,0.685,Tony Gonsolin,SP,4.3,83,48,74,99,64,73,Epic
2022,LAN,Los Angeles Dodgers,0.685,Tyler Anderson,SP,3.9,90,35,91,83,73,70,Epic
2022,HOU,Houston Astros,0.654,Justin Verlander,SP,5.6,89,62,97,114,72,89,Legendary
2022,HOU,Houston Astros,0.654,Cristian Javier,SP,3.6,87,88,57,77,69,74,Epic
2022,HOU,Houston Astros,0.654,Framber Valdez,SP,3.4,90,53,60,74,74,63,Rare
2022,ATL,Atlanta Braves,0.623,Max Fried,SP,6.0,88,48,95,89,71,77,Epic
2022,ATL,Atlanta Braves,0.623,Spencer Strider,SP,3.8,91,111,58,83,75,83,Epic
2022,ATL,Atlanta Braves,0.623,Kyle Wright,SP,3.7,87,53,69,67,69,64,Rare
2022,NYN,New York Mets,0.623,Max Scherzer,SP,5.2,89,76,97,88,72,86,Legendary
2022,NYN,New York Mets,0.623,Chris Bassitt,SP,3.2,88,49,74,59,70,62,Rare
2022,NYN,New York Mets,0.623,Edwin Diaz,RP,3.2,36,125,70,116,23,96,Legendary
2022,NYA,New York Yankees,0.611,Nestor Cortes,SP,4.4,84,60,81,84,66,74,Epic
2022,NYA,New York Yankees,0.611,Gerrit Cole,SP,2.6,88,85,79,55,70,73,Epic
2022,NYA,New York Yankees,0.611,Mike King,RP,1.9,39,86,65,93,26,76,Epic
2022,SLN,St. Louis Cardinals,0.574,Ryan Helsley,RP,2.8,37,103,65,113,24,87,Legendary
2022,SLN,St. Louis Cardinals,0.574,Miles Mikolas,SP,2.6,89,34,91,60,72,63,Rare
2022,SLN,St. Louis Cardinals,0.574,Adam Wainwright,SP,2.1,87,33,71,56,69,55,Rare
2022,CLE,Cleveland Guardians,0.568,Triston McKenzie,SP,3.9,90,56,83,64,73,68,Rare
2022,CLE,Cleveland Guardians,0.568,Shane Bieber,SP,3.5,90,56,94,69,73,73,Epic
2022,CLE,Cleveland Guardians,0.568,Emmanuel Clase,RP,2.8,36,63,103,116,22,87,Legendary
2022,TOR,Toronto Blue Jays,0.568,Alek Manoah,SP,6.0,89,48,76,91,72,72,Epic
2022,TOR,Toronto Blue Jays,0.568,Kevin Gausman,SP,3.0,84,74,98,61,66,76,Epic
2022,TOR,Toronto Blue Jays,0.568,Jordan Romano,RP,2.9,36,71,61,98,23,71,Epic
2022,SEA,Seattle Mariners,0.556,Logan Gilbert,SP,3.2,85,50,75,60,67,62,Rare
2022,SEA,Seattle Mariners,0.556,Robbie Ray,SP,2.1,86,69,61,48,68,60,Rare
2022,SEA,Seattle Mariners,0.556,Erik Swanson,RP,1.7,36,87,92,115,22,90,Legendary
2022,SDN,San Diego Padres,0.549,Yu Darvish,SP,4.6,90,58,91,63,74,71,Epic
2022,SDN,San Diego Padres,0.549,Joe Musgrove,SP,3.5,88,58,82,66,70,69,Rare
2022,SDN,San Diego Padres,0.549,Blake Snell,SP,2.2,82,91,48,59,63,66,Rare
2022,PHI,Philadelphia Phillies,0.537,Aaron Nola,SP,5.7,90,71,102,64,73,78,Epic
2022,PHI,Philadelphia Phillies,0.537,Zack Wheeler,SP,4.8,86,63,84,75,68,73,Epic
2022,PHI,Philadelphia Phillies,0.537,Ranger Suarez,SP,2.3,82,41,52,57,63,51,Uncommon
2022,MIL,Milwaukee Brewers,0.531,Corbin Burnes,SP,4.3,88,77,78,70,70,74,Epic
2022,MIL,Milwaukee Brewers,0.531,Brandon Woodruff,SP,3.0,84,81,73,68,66,73,Epic
2022,MIL,Milwaukee Brewers,0.531,Devin Williams,RP,2.3,36,116,40,114,22,83,Epic
2022,TBA,Tampa Bay Rays,0.531,Shane McClanahan,SP,4.2,87,73,83,74,69,76,Epic
2022,TBA,Tampa Bay Rays,0.531,Jeffrey Springs,SP,3.8,83,63,83,77,64,73,Epic
2022,TBA,Tampa Bay Rays,0.531,Drew Rasmussen,SP,3.1,82,43,87,68,62,66,Rare
2022,BAL,Baltimore Orioles,0.512,Dean Kremer,SP,2.7,87,28,74,64,69,57,Rare
2022,BAL,Baltimore Orioles,0.512,Cionel Perez,RP,2.6,36,52,54,117,22,69,Rare
2022,BAL,Baltimore Orioles,0.512,Felix Bautista,RP,2.4,36,91,57,92,23,74,Epic
2022,CHA,Chicago White Sox,0.5,Dylan Cease,SP,6.4,85,80,46,95,67,73,Epic
2022,CHA,Chicago White Sox,0.5,Johnny Cueto,SP,3.5,91,24,87,62,75,59,Rare
2022,CHA,Chicago White Sox,0.5,Michael Kopech,SP,2.3,78,45,41,57,58,49,Uncommon
2022,SFN,San Francisco Giants,0.5,Carlos Rodon,SP,5.2,85,90,69,73,67,76,Epic
2022,SFN,San Francisco Giants,0.5,Logan Webb,SP,4.6,87,42,77,74,69,65,Rare
2022,SFN,San Francisco Giants,0.5,Alex Cobb,SP,2.5,82,58,70,58,63,62,Rare
2022,BOS,Boston Red Sox,0.481,Michael Wacha,SP,3.2,84,39,80,63,65,61,Rare
2022,BOS,Boston Red Sox,0.481,John Schreiber,RP,2.6,36,71,69,103,23,75,Epic
2022,BOS,Boston Red Sox,0.481,Nick Pivetta,SP,2.5,83,54,48,45,64,50,Uncommon
2022,MIN,Minnesota Twins,0.481,Jhoan Duran,RP,2.8,37,89,81,110,24,86,Legendary
2022,MIN,Minnesota Twins,0.481,Sonny Gray,SP,2.4,80,54,67,66,60,62,Rare
2022,MIN,Minnesota Twins,0.481,Joe Ryan,SP,2.4,83,59,63,55,64,59,Rare
2022,ARI,Arizona Diamondbacks,0.457,Zac Gallen,SP,5.3,87,61,77,84,69,74,Epic
2022,ARI,Arizona Diamondbacks,0.457,Merrill Kelly,SP,3.8,88,45,67,62,70,59,Rare
2022,ARI,Arizona Diamondbacks,0.457,Drey Jameson,SP,1.2,88,55,70,113,70,78,Epic
2022,CHN,Chicago Cubs,0.457,Marcus Stroman,SP,2.7,84,43,76,61,65,60,Rare
2022,CHN,Chicago Cubs,0.457,David Robertson,RP,2.7,36,84,35,89,23,65,Rare
2022,CHN,Chicago Cubs,0.457,Adrian Sampson,SP,2.3,84,29,76,71,65,59,Rare
2022,LAA,Los Angeles Angels of Anaheim,0.451,Shohei Ohtani,SP,6.2,87,89,75,91,69,83,Epic
2022,LAA,Los Angeles Angels of Anaheim,0.451,Patrick Sandoval,SP,3.3,84,58,48,75,65,61,Rare
2022,LAA,Los Angeles Angels of Anaheim,0.451,Reid Detmers,SP,2.4,82,51,55,55,62,54,Uncommon
2022,MIA,Miami Marlins,0.426,Sandy Alcantara,SP,8.0,95,47,85,96,80,76,Epic
2022,MIA,Miami Marlins,0.426,Pablo Lopez,SP,3.0,84,53,69,56,66,60,Rare
2022,MIA,Miami Marlins,0.426,Anthony Bass,RP,2.7,36,60,71,113,22,75,Epic
2022,COL,Colorado Rockies,0.42,Daniel Bard,RP,3.7,36,71,47,116,23,72,Epic
2022,COL,Colorado Rockies,0.42,Kyle Freeland,SP,2.4,84,33,67,53,66,52,Uncommon
2022,COL,Colorado Rockies,0.42,German Marquez,SP,1.4,86,40,57,45,68,49,Uncommon
2022,TEX,Texas Rangers,0.42,Martin Perez,SP,5.1,88,43,56,75,70,59,Rare
2022,TEX,Texas Rangers,0.42,Matt Moore,RP,2.4,37,69,38,111,24,68,Rare
2022,TEX,Texas Rangers,0.42,Brock Burke,RP,2.1,39,66,69,105,27,75,Epic
2022,DET,Detroit Tigers,0.407,Tarik Skubal,SP,1.4,84,56,74,59,66,63,Rare
2022,DET,Detroit Tigers,0.407,Matt Manning,SP,0.9,82,35,67,60,62,55,Rare
2022,DET,Detroit Tigers,0.407,Jose Cisnero,RP,0.9,36,49,16,119,22,57,Rare
2022,KCA,Kansas City Royals,0.401,Brady Singer,SP,4.5,90,54,83,65,73,68,Rare
2022,KCA,Kansas City Royals,0.401,Scott Barlow,RP,2.8,36,60,68,96,23,69,Rare
2022,KCA,Kansas City Royals,0.401,Zack Greinke,SP,2.5,82,14,90,58,63,55,Rare
2022,CIN,Cincinnati Reds,0.383,Luis Castillo,SP,3.9,87,68,68,71,69,69,Rare
2022,CIN,Cincinnati Reds,0.383,Alexis Diaz,RP,2.9,36,87,38,114,23,74,Epic
2022,CIN,Cincinnati Reds,0.383,Nick Lodolo,SP,2.5,83,84,51,60,64,65,Rare
2022,PIT,Pittsburgh Pirates,0.383,Jose Quintana,SP,3.5,82,40,71,85,62,65,Rare
2022,PIT,Pittsburgh Pirates,0.383,Mitch Keller,SP,1.8,84,44,51,55,65,52,Uncommon
2022,PIT,Pittsburgh Pirates,0.383,Chase De Jong,RP,1.5,40,40,47,78,28,52,Uncommon
2022,OAK,Oakland Athletics,0.37,Cole Irvin,SP,2.0,88,30,90,46,70,57,Rare
2022,OAK,Oakland Athletics,0.37,Paul Blackburn,SP,1.3,82,38,74,43,63,53,Uncommon
2022,OAK,Oakland Athletics,0.37,Domingo Acevedo,RP,1.1,36,43,78,56,22,55,Rare
2022,WAS,Washington Nationals,0.34,Erasmo Ramirez,RP,1.6,39,30,98,69,26,62,Rare
2022,WAS,Washington Nationals,0.34,Carl Edwards,RP,1.4,36,47,48,73,23,53,Uncommon
2022,WAS,Washington Nationals,0.34,Hunter Harvey,RP,1.0,36,71,66,87,23,70,Epic
2023,ATL,Atlanta Braves,0.642,Charlie Morton,SP,3.0,83,69,39,63,64,58,Rare
2023,ATL,Atlanta Braves,0.642,Spencer Strider,SP,3.0,86,108,65,58,68,76,Epic
2023,ATL,Atlanta Braves,0.642,Bryce Elder,SP,2.7,84,32,54,59,66,50,Uncommon
2023,BAL,Baltimore Orioles,0.623,Kyle Bradish,SP,4.8,84,56,76,76,66,69,Rare
2023,BAL,Baltimore Orioles,0.623,Felix Bautista,RP,3.0,36,125,46,114,23,88,Legendary
2023,BAL,Baltimore Orioles,0.623,Yennier Cano,RP,2.4,36,46,94,104,23,76,Epic
2023,LAN,Los Angeles Dodgers,0.617,Clayton Kershaw,SP,3.7,84,61,67,88,65,71,Epic
2023,LAN,Los Angeles Dodgers,0.617,Brusdar Graterol,RP,2.5,36,30,94,116,22,74,Epic
2023,LAN,Los Angeles Dodgers,0.617,Bobby Miller,SP,2.0,84,52,77,60,66,63,Rare
2023,TBA,Tampa Bay Rays,0.611,Zach Eflin,SP,3.6,85,61,103,62,67,74,Epic
2023,TBA,Tampa Bay Rays,0.611,Shane McClanahan,SP,2.8,84,62,55,65,65,61,Rare
2023,TBA,Tampa Bay Rays,0.611,Tyler Glasnow,SP,2.1,85,92,66,62,67,73,Epic
2023,MIL,Milwaukee Brewers,0.568,Corbin Burnes,SP,3.5,88,60,59,65,70,62,Rare
2023,MIL,Milwaukee Brewers,0.568,Devin Williams,RP,2.6,36,106,41,114,22,80,Epic
2023,MIL,Milwaukee Brewers,0.568,Wade Miley,SP,2.6,82,25,64,69,62,54,Uncommon
2023,HOU,Houston Astros,0.556,Framber Valdez,SP,3.2,90,58,70,64,73,65,Rare
2023,HOU,Houston Astros,0.556,Hector Neris,RP,2.6,36,69,43,112,22,69,Rare
2023,HOU,Houston Astros,0.556,Bryan Abreu,RP,2.5,36,96,46,113,22,79,Epic
2023,PHI,Philadelphia Phillies,0.556,Zack Wheeler,SP,4.2,87,67,89,62,69,72,Epic
2023,PHI,Philadelphia Phillies,0.556,Taijuan Walker,SP,2.6,84,38,47,50,65,47,Uncommon
2023,PHI,Philadelphia Phillies,0.556,Ranger Suarez,SP,2.4,84,52,50,53,66,53,Uncommon
2023,TEX,Texas Rangers,0.556,Nathan Eovaldi,SP,2.8,85,48,62,61,67,58,Rare
2023,TEX,Texas Rangers,0.556,Dane Dunning,SP,2.7,91,39,63,59,75,56,Rare
2023,TEX,Texas Rangers,0.556,Jon Gray,SP,1.7,83,47,58,52,64,54,Uncommon
2023,TOR,Toronto Blue Jays,0.549,Kevin Gausman,SP,3.5,87,85,68,71,69,74,Epic
2023,TOR,Toronto Blue Jays,0.549,Chris Bassitt,SP,2.6,88,50,69,60,70,61,Rare
2023,TOR,Toronto Blue Jays,0.549,Jose Berrios,SP,2.5,87,54,73,59,69,63,Rare
2023,SEA,Seattle Mariners,0.543,George Kirby,SP,3.8,88,47,111,60,71,72,Epic
2023,SEA,Seattle Mariners,0.543,Luis Castillo,SP,3.2,87,68,71,59,69,66,Rare
2023,SEA,Seattle Mariners,0.543,Logan Gilbert,SP,2.8,87,56,92,52,69,67,Rare
2023,MIN,Minnesota Twins,0.537,Sonny Gray,SP,5.6,85,56,68,86,67,70,Epic
2023,MIN,Minnesota Twins,0.537,Pablo Lopez,SP,3.4,88,78,79,61,70,72,Epic
2023,MIN,Minnesota Twins,0.537,Bailey Ober,SP,3.1,84,58,89,64,65,70,Epic
2023,ARI,Arizona Diamondbacks,0.519,Zac Gallen,SP,4.4,88,61,84,66,71,70,Epic
2023,ARI,Arizona Diamondbacks,0.519,Merrill Kelly,SP,4.0,87,62,49,69,69,61,Rare
2023,ARI,Arizona Diamondbacks,0.519,Kevin Ginkel,RP,1.3,36,64,56,96,23,67,Rare
2023,MIA,Miami Marlins,0.519,Jesus Luzardo,SP,4.7,84,73,66,67,65,68,Rare
2023,MIA,Miami Marlins,0.519,Braxton Garrett,SP,4.3,82,54,93,65,63,70,Epic
2023,MIA,Miami Marlins,0.519,Tanner Scott,RP,3.9,36,90,66,111,23,82,Epic
2023,CHN,Chicago Cubs,0.512,Justin Steele,SP,3.2,85,58,88,74,67,73,Epic
2023,CHN,Chicago Cubs,0.512,Javier Assad,RP,2.1,45,43,51,72,35,53,Uncommon
2023,CHN,Chicago Cubs,0.512,Adbert Alzolay,RP,1.6,36,61,89,85,23,73,Epic
2023,CIN,Cincinnati Reds,0.506,Andrew Abbott,SP,2.8,82,67,48,60,62,59,Rare
2023,CIN,Cincinnati Reds,0.506,Graham Ashcraft,SP,2.6,84,35,55,48,66,48,Uncommon
2023,CIN,Cincinnati Reds,0.506,Ian Gibaut,RP,2.0,36,48,52,73,23,54,Uncommon
2023,NYA,New York Yankees,0.506,Gerrit Cole,SP,7.4,89,63,83,86,72,77,Epic
2023,NYA,New York Yankees,0.506,Mike King,RP,3.3,42,78,66,82,31,71,Epic
2023,NYA,New York Yankees,0.506,Clay Holmes,RP,1.8,36,70,53,84,22,64,Rare
2023,SDN,San Diego Padres,0.506,Blake Snell,SP,6.5,84,87,35,99,66,73,Epic
2023,SDN,San Diego Padres,0.506,Michael Wacha,SP,2.7,84,49,63,68,66,61,Rare
2023,SDN,San Diego Padres,0.506,Josh Hader,RP,2.5,36,108,36,115,22,80,Epic
2023,SFN,San Francisco Giants,0.488,Logan Webb,SP,5.6,90,47,102,67,74,72,Epic
2023,SFN,San Francisco Giants,0.488,Alex Cobb,SP,2.5,83,44,80,55,64,60,Rare
2023,SFN,San Francisco Giants,0.488,Tyler Rogers,RP,1.6,36,39,77,72,23,59,Rare
2023,BOS,Boston Red Sox,0.481,Chris Martin,RP,3.2,36,47,99,116,22,81,Epic
2023,BOS,Boston Red Sox,0.481,Brayan Bello,SP,3.1,84,42,70,53,66,56,Rare
2023,BOS,Boston Red Sox,0.481,Kutter Crawford,SP,2.5,84,61,72,57,66,64,Rare
2023,DET,Detroit Tigers,0.481,Eduardo Rodriguez,SP,3.2,86,50,64,68,68,61,Rare
2023,DET,Detroit Tigers,0.481,Tyler Holton,RP,2.9,39,44,87,107,26,74,Epic
2023,DET,Detroit Tigers,0.481,Jason Foley,RP,2.0,36,38,86,92,22,67,Rare
2023,CLE,Cleveland Guardians,0.469,Tanner Bibee,SP,3.9,84,56,64,75,66,65,Rare
2023,CLE,Cleveland Guardians,0.469,Aaron Civale,SP,2.6,82,51,74,68,63,64,Rare
2023,CLE,Cleveland Guardians,0.469,Gavin Williams,SP,2.0,81,55,44,68,61,56,Rare
2023,PIT,Pittsburgh Pirates,0.469,Mitch Keller,SP,3.0,88,65,71,53,70,64,Rare
2023,PIT,Pittsburgh Pirates,0.469,David Bednar,RP,2.6,36,76,65,116,23,79,Epic
2023,PIT,Pittsburgh Pirates,0.469,Johan Oviedo,SP,2.2,84,46,42,54,65,49,Uncommon
2023,NYN,New York Mets,0.463,Kodai Senga,SP,4.5,85,78,43,73,67,65,Rare
2023,NYN,New York Mets,0.463,Justin Verlander,SP,3.5,87,46,72,67,69,62,Rare
2023,NYN,New York Mets,0.463,Max Scherzer,SP,3.0,84,71,69,58,66,66,Rare
2023,LAA,Los Angeles Angels of Anaheim,0.451,Shohei Ohtani,SP,3.8,85,84,47,72,67,68,Rare
2023,LAA,Los Angeles Angels of Anaheim,0.451,Reid Detmers,SP,2.2,82,70,48,50,63,57,Rare
2023,LAA,Los Angeles Angels of Anaheim,0.451,Griffin Canning,SP,2.0,85,66,71,50,67,63,Rare
2023,SLN,St. Louis Cardinals,0.438,Jordan Montgomery,SP,3.9,86,45,77,74,68,66,Rare
2023,SLN,St. Louis Cardinals,0.438,Steven Matz,SP,2.0,88,50,66,59,71,60,Rare
2023,SLN,St. Louis Cardinals,0.438,Miles Mikolas,SP,1.9,85,27,91,46,67,56,Rare
2023,WAS,Washington Nationals,0.438,Josiah Gray,SP,3.0,82,47,39,55,63,49,Uncommon
2023,WAS,Washington Nationals,0.438,MacKenzie Gore,SP,1.9,81,68,47,46,61,54,Uncommon
2023,WAS,Washington Nationals,0.438,Hunter Harvey,RP,1.9,36,67,86,78,23,72,Epic
2023,CHA,Chicago White Sox,0.377,Mike Clevinger,SP,3.2,83,41,67,60,64,57,Rare
2023,CHA,Chicago White Sox,0.377,Dylan Cease,SP,2.2,83,78,44,50,64,58,Rare
2023,CHA,Chicago White Sox,0.377,Reynaldo Lopez,RP,2.0,36,83,38,63,22,57,Rare
2023,COL,Colorado Rockies,0.364,Kyle Freeland,SP,1.4,83,20,74,47,64,49,Uncommon
2023,COL,Colorado Rockies,0.364,Justin Lawrence,RP,1.3,36,61,41,72,23,54,Uncommon
2023,COL,Colorado Rockies,0.364,Jake Bird,RP,0.8,38,43,67,62,25,54,Uncommon
2023,KCA,Kansas City Royals,0.346,Cole Ragans,SP,2.4,100,75,46,65,87,64,Rare
2023,KCA,Kansas City Royals,0.346,Aroldis Chapman,RP,1.3,36,125,29,80,22,72,Epic
2023,KCA,Kansas City Royals,0.346,Zack Greinke,SP,1.1,82,27,98,42,63,56,Rare
2023,OAK,Oakland Athletics,0.309,JP Sears,SP,2.9,83,50,66,44,64,54,Uncommon
2023,OAK,Oakland Athletics,0.309,Sam Moll,RP,1.8,36,66,41,117,22,69,Rare
2023,OAK,Oakland Athletics,0.309,Paul Blackburn,SP,1.5,82,57,47,49,62,52,Uncommon
2024,LAN,Los Angeles Dodgers,0.605,Tyler Glasnow,SP,1.9,88,82,76,59,70,72,Epic
2024,LAN,Los Angeles Dodgers,0.605,Gavin Stone,SP,1.8,84,40,75,57,66,58,Rare
2024,LAN,Los Angeles Dodgers,0.605,Yoshinobu Yamamoto,SP,1.8,80,74,80,71,60,74,Epic
2024,PHI,Philadelphia Phillies,0.586,Zack Wheeler,SP,6.1,89,69,76,85,72,76,Epic
2024,PHI,Philadelphia Phillies,0.586,Aaron Nola,SP,3.6,88,55,78,58,70,64,Rare
2024,PHI,Philadelphia Phillies,0.586,Cristopher Sanchez,SP,3.4,86,42,80,68,68,64,Rare
2024,NYA,New York Yankees,0.58,Luis Gil,SP,3.0,82,70,39,59,62,57,Rare
2024,NYA,New York Yankees,0.58,Nestor Cortes,SP,2.6,86,50,84,53,68,63,Rare
2024,NYA,New York Yankees,0.58,Carlos Rodon,SP,2.0,83,68,62,49,64,60,Rare
2024,MIL,Milwaukee Brewers,0.574,Tobias Myers,SP,2.7,84,49,76,70,65,65,Rare
2024,MIL,Milwaukee Brewers,0.574,Freddy Peralta,SP,2.5,83,72,49,56,64,59,Rare
2024,MIL,Milwaukee Brewers,0.574,Bryan Hudson,RP,2.4,39,56,73,111,26,75,Epic
2024,SDN,San Diego Padres,0.574,Dylan Cease,SP,4.1,85,75,58,62,67,65,Rare
2024,SDN,San Diego Padres,0.574,Mike King,SP,4.1,85,73,54,72,67,66,Rare
2024,SDN,San Diego Padres,0.574,Robert Suarez,RP,2.0,36,48,79,77,22,63,Rare
2024,CLE,Cleveland Guardians,0.571,Emmanuel Clase,RP,4.4,36,46,104,117,23,82,Epic
2024,CLE,Cleveland Guardians,0.571,Tanner Bibee,SP,2.7,84,64,78,59,66,67,Rare
2024,CLE,Cleveland Guardians,0.571,Hunter Gaddis,RP,2.6,36,45,92,115,22,78,Epic
2024,BAL,Baltimore Orioles,0.562,Corbin Burnes,SP,3.5,88,50,79,68,70,66,Rare
2024,BAL,Baltimore Orioles,0.562,Albert Suarez,SP,2.2,84,39,63,53,65,53,Uncommon
2024,BAL,Baltimore Orioles,0.562,Grayson Rodriguez,SP,1.4,86,68,66,50,68,62,Rare
2024,ARI,Arizona Diamondbacks,0.549,Zac Gallen,SP,2.6,82,62,53,61,63,59,Rare
2024,ARI,Arizona Diamondbacks,0.549,Justin Martinez,RP,1.9,37,82,40,93,24,67,Rare
2024,ARI,Arizona Diamondbacks,0.549,Ryne Nelson,SP,1.6,87,41,84,51,69,60,Rare
2024,ATL,Atlanta Braves,0.549,Chris Sale,SP,6.2,88,84,85,94,70,86,Legendary
2024,ATL,Atlanta Braves,0.549,Reynaldo Lopez,SP,5.1,83,66,65,110,64,79,Epic
2024,ATL,Atlanta Braves,0.549,Max Fried,SP,3.5,87,52,62,68,69,61,Rare
2024,NYN,New York Mets,0.549,Sean Manaea,SP,3.0,84,58,57,58,66,58,Rare
2024,NYN,New York Mets,0.549,David Peterson,SP,2.9,85,41,50,73,67,56,Rare
2024,NYN,New York Mets,0.549,Jose Quintana,SP,2.5,84,37,52,53,65,49,Uncommon
2024,HOU,Houston Astros,0.547,Ronel Blanco,SP,4.4,85,56,48,73,67,60,Rare
2024,HOU,Houston Astros,0.547,Framber Valdez,SP,4.4,89,52,65,74,72,64,Rare
2024,HOU,Houston Astros,0.547,Hunter Brown,SP,2.6,84,62,56,60,66,60,Rare
2024,DET,Detroit Tigers,0.531,Tarik Skubal,SP,6.4,88,76,93,92,71,85,Legendary
2024,DET,Detroit Tigers,0.531,Jack Flaherty,SP,3.1,85,77,82,63,67,73,Epic
2024,DET,Detroit Tigers,0.531,Tyler Holton,RP,3.0,39,39,94,100,26,72,Epic
2024,KCA,Kansas City Royals,0.531,Seth Lugo,SP,5.4,89,45,82,73,72,67,Rare
2024,KCA,Kansas City Royals,0.531,Cole Ragans,SP,5.0,86,77,55,69,68,67,Rare
2024,KCA,Kansas City Royals,0.531,Michael Wacha,SP,3.4,85,44,74,64,67,61,Rare
2024,SEA,Seattle Mariners,0.525,Bryce Miller,SP,3.4,86,51,78,64,68,65,Rare
2024,SEA,Seattle Mariners,0.525,Logan Gilbert,SP,2.8,89,62,94,58,72,71,Epic
2024,SEA,Seattle Mariners,0.525,Bryan Woo,SP,2.3,84,41,110,66,65,72,Epic
2024,CHN,Chicago Cubs,0.512,Shota Imanaga,SP,3.0,87,57,98,68,69,74,Epic
2024,CHN,Chicago Cubs,0.512,Jameson Taillon,SP,2.3,86,34,89,62,68,62,Rare
2024,CHN,Chicago Cubs,0.512,Justin Steele,SP,1.9,84,57,73,68,66,66,Rare
2024,SLN,St. Louis Cardinals,0.512,Ryan Helsley,RP,2.9,36,76,57,109,23,75,Epic
2024,SLN,St. Louis Cardinals,0.512,Sonny Gray,SP,1.8,87,79,82,54,69,71,Epic
2024,SLN,St. Louis Cardinals,0.512,Andre Pallante,SP,1.7,88,36,49,59,70,50,Uncommon
2024,MIN,Minnesota Twins,0.506,Bailey Ober,SP,2.9,85,64,80,52,67,66,Rare
2024,MIN,Minnesota Twins,0.506,Griffin Jax,RP,2.8,36,91,87,111,22,89,Legendary
2024,MIN,Minnesota Twins,0.506,Pablo Lopez,SP,2.5,85,64,85,51,67,67,Rare
2024,BOS,Boston Red Sox,0.5,Tanner Houck,SP,3.5,87,43,74,72,69,64,Rare
2024,BOS,Boston Red Sox,0.5,Kutter Crawford,SP,1.9,84,52,72,45,65,57,Rare
2024,BOS,Boston Red Sox,0.5,Nick Pivetta,SP,1.7,84,75,79,48,66,67,Rare
2024,SFN,San Francisco Giants,0.494,Logan Webb,SP,3.6,88,42,80,62,71,62,Rare
2024,SFN,San Francisco Giants,0.494,Ryan Walker,RP,2.8,36,81,84,109,23,84,Epic
2024,SFN,San Francisco Giants,0.494,Blake Snell,SP,2.1,82,97,46,68,62,70,Epic
2024,TBA,Tampa Bay Rays,0.494,Zack Littell,SP,2.8,83,47,90,55,64,64,Rare
2024,TBA,Tampa Bay Rays,0.494,Zach Eflin,SP,2.7,86,39,101,62,68,67,Rare
2024,TBA,Tampa Bay Rays,0.494,Jason Adam,RP,2.6,36,67,65,114,22,76,Epic
2024,TEX,Texas Rangers,0.481,Kirby Yates,RP,3.3,36,95,43,116,23,78,Epic
2024,TEX,Texas Rangers,0.481,Michael Lorenzen,SP,2.6,83,33,43,93,64,57,Rare
2024,TEX,Texas Rangers,0.481,Nathan Eovaldi,SP,2.2,86,54,79,50,68,62,Rare
2024,CIN,Cincinnati Reds,0.475,Hunter Greene,SP,6.2,85,69,50,85,67,68,Rare
2024,CIN,Cincinnati Reds,0.475,Nick Martinez,RP,4.0,45,39,105,75,35,69,Rare
2024,CIN,Cincinnati Reds,0.475,Andrew Abbott,SP,3.3,84,40,51,58,65,51,Uncommon
2024,PIT,Pittsburgh Pirates,0.469,Paul Skenes,SP,5.9,85,85,80,112,67,90,Legendary
2024,PIT,Pittsburgh Pirates,0.469,Luis Ortiz,SP,3.1,108,37,65,64,97,60,Rare
2024,PIT,Pittsburgh Pirates,0.469,Mitch Keller,SP,2.0,85,50,72,49,67,58,Rare
2024,TOR,Toronto Blue Jays,0.457,Jose Berrios,SP,2.2,87,38,72,56,69,57,Rare
2024,TOR,Toronto Blue Jays,0.457,Bowden Francis,SP,1.6,100,46,87,62,87,67,Rare
2024,TOR,Toronto Blue Jays,0.457,Yusei Kikuchi,SP,1.4,84,74,78,59,65,70,Epic
2024,WAS,Washington Nationals,0.438,Trevor Williams,SP,2.5,81,46,74,109,61,75,Epic
2024,WAS,Washington Nationals,0.438,Derek Law,RP,1.9,37,42,75,83,24,62,Rare
2024,WAS,Washington Nationals,0.438,Jake Irvin,SP,1.9,84,41,72,45,66,54,Uncommon
2024,OAK,Oakland Athletics,0.426,Mason Miller,RP,2.5,37,117,62,83,24,81,Epic
2024,OAK,Oakland Athletics,0.426,JP Sears,SP,2.2,84,34,74,44,66,52,Uncommon
2024,OAK,Oakland Athletics,0.426,Hogan Harris,SP,1.9,101,42,43,72,88,56,Rare
2024,LAA,Los Angeles Angels of Anaheim,0.389,Tyler Anderson,SP,3.0,85,37,48,55,67,49,Uncommon
2024,LAA,Los Angeles Angels of Anaheim,0.389,Carlos Estevez,RP,2.1,36,48,85,90,23,69,Rare
2024,LAA,Los Angeles Angels of Anaheim,0.389,José Soriano,SP,1.9,84,43,48,66,66,54,Uncommon
2024,MIA,Miami Marlins,0.383,Tanner Scott,RP,4.0,36,74,39,116,22,71,Epic
2024,MIA,Miami Marlins,0.383,Ryan Weathers,SP,2.1,83,49,73,59,64,61,Rare
2024,MIA,Miami Marlins,0.383,Bryan Hoeing,RP,1.7,39,38,76,114,27,71,Epic
2024,COL,Colorado Rockies,0.377,Austin Gomber,SP,2.1,84,29,83,48,65,54,Uncommon
2024,COL,Colorado Rockies,0.377,Cal Quantrill,SP,1.5,81,33,42,46,61,42,Common
2024,COL,Colorado Rockies,0.377,Ryan Feltner,SP,1.1,83,42,63,53,64,54,Uncommon
2024,CHA,Chicago White Sox,0.253,Erick Fedde,SP,5.6,85,44,69,62,67,59,Rare
2024,CHA,Chicago White Sox,0.253,Garrett Crochet,SP,4.1,77,100,84,58,56,78,Epic
2024,CHA,Chicago White Sox,0.253,Jonathan Cannon,SP,1.9,87,32,63,45,69,49,Uncommon
2025,MIL,Milwaukee Brewers,0.599,Freddy Peralta,SP,5.5,82,72,51,79,63,67,Rare
2025,MIL,Milwaukee Brewers,0.599,Quinn Priester,SP,2.9,90,41,64,64,74,58,Rare
2025,MIL,Milwaukee Brewers,0.599,Abner Uribe,RP,2.6,36,76,55,115,23,76,Epic
2025,PHI,Philadelphia Phillies,0.593,Cristopher Sanchez,SP,8.0,89,62,85,95,72,80,Epic
2025,PHI,Philadelphia Phillies,0.593,Zack Wheeler,SP,5.0,88,87,85,83,71,84,Epic
2025,PHI,Philadelphia Phillies,0.593,Ranger Suarez,SP,4.7,88,53,80,72,70,68,Rare
2025,NYA,New York Yankees,0.58,Carlos Rodon,SP,4.6,87,61,51,68,69,61,Rare
2025,NYA,New York Yankees,0.58,Max Fried,SP,4.4,88,53,76,76,70,68,Rare
2025,NYA,New York Yankees,0.58,Cam Schlittler,SP,2.0,82,72,46,71,62,63,Rare
2025,TOR,Toronto Blue Jays,0.58,Kevin Gausman,SP,3.8,88,55,76,61,70,65,Rare
2025,TOR,Toronto Blue Jays,0.58,Eric Lauer,SP,2.2,94,54,79,67,78,68,Rare
2025,TOR,Toronto Blue Jays,0.58,Chris Bassitt,SP,2.1,84,54,66,54,65,59,Rare
2025,LAN,Los Angeles Dodgers,0.574,Yoshinobu Yamamoto,SP,4.9,85,73,59,88,67,73,Epic
2025,LAN,Los Angeles Dodgers,0.574,Tyler Glasnow,SP,1.9,80,74,41,67,60,61,Rare
2025,LAN,Los Angeles Dodgers,0.574,Clayton Kershaw,SP,1.6,81,33,65,67,61,56,Rare
2025,CHN,Chicago Cubs,0.568,Matt Boyd,SP,2.5,85,43,82,62,67,63,Rare
2025,CHN,Chicago Cubs,0.568,Cade Horton,SP,2.0,83,40,72,76,64,63,Rare
2025,CHN,Chicago Cubs,0.568,Shota Imanaga,SP,1.5,85,39,94,48,67,61,Rare
2025,SDN,San Diego Padres,0.556,Nick Pivetta,SP,5.3,86,61,73,76,68,70,Epic
2025,SDN,San Diego Padres,0.556,Adrian Morejon,RP,2.4,36,52,83,113,22,77,Epic
2025,SDN,San Diego Padres,0.556,Jason Adam,RP,2.4,36,64,50,115,23,71,Epic
2025,SEA,Seattle Mariners,0.556,Bryan Woo,SP,4.2,88,63,91,64,71,72,Epic
2025,SEA,Seattle Mariners,0.556,Andres Munoz,RP,2.4,36,90,44,117,22,78,Epic
2025,SEA,Seattle Mariners,0.556,Logan Gilbert,SP,2.1,82,89,81,54,62,73,Epic
2025,BOS,Boston Red Sox,0.549,Garrett Crochet,SP,6.3,90,81,84,81,73,81,Epic
2025,BOS,Boston Red Sox,0.549,Aroldis Chapman,RP,3.5,36,96,80,116,22,90,Legendary
2025,BOS,Boston Red Sox,0.549,Brayan Bello,SP,2.5,87,33,56,64,69,53,Uncommon
2025,CLE,Cleveland Guardians,0.543,Gavin Williams,SP,3.8,83,60,40,69,64,57,Rare
2025,CLE,Cleveland Guardians,0.543,Joey Cantillo,RP,1.4,45,70,45,68,35,58,Rare
2025,CLE,Cleveland Guardians,0.543,Kolby Allard,RP,1.3,41,24,86,85,30,62,Rare
2025,DET,Detroit Tigers,0.537,Tarik Skubal,SP,6.5,89,80,96,98,72,89,Legendary
2025,DET,Detroit Tigers,0.537,Reese Olson,SP,1.7,82,51,54,71,63,59,Rare
2025,DET,Detroit Tigers,0.537,Will Vest,RP,1.6,36,66,63,75,23,64,Rare
2025,HOU,Houston Astros,0.537,Hunter Brown,SP,6.1,87,68,66,90,69,74,Epic
2025,HOU,Houston Astros,0.537,Framber Valdez,SP,3.8,88,54,56,61,71,58,Rare
2025,HOU,Houston Astros,0.537,Bryan Abreu,RP,2.6,36,105,45,99,23,77,Epic
2025,CIN,Cincinnati Reds,0.512,Andrew Abbott,SP,5.6,85,47,77,82,67,68,Rare
2025,CIN,Cincinnati Reds,0.512,Nick Lodolo,SP,4.8,84,56,90,69,66,71,Epic
2025,CIN,Cincinnati Reds,0.512,Hunter Greene,SP,4.4,84,80,80,84,66,80,Epic
2025,NYN,New York Mets,0.512,Edwin Diaz,RP,3.0,36,105,64,115,23,88,Legendary
2025,NYN,New York Mets,0.512,Kodai Senga,SP,2.1,82,53,41,69,62,55,Rare
2025,NYN,New York Mets,0.512,Clay Holmes,SP,1.9,82,36,48,60,63,50,Uncommon
2025,KCA,Kansas City Royals,0.506,Noah Cameron,SP,3.8,85,40,65,69,67,59,Rare
2025,KCA,Kansas City Royals,0.506,Kris Bubic,SP,3.1,86,56,60,87,68,68,Rare
2025,KCA,Kansas City Royals,0.506,Michael Wacha,SP,2.8,84,32,76,56,65,56,Rare
2025,SFN,San Francisco Giants,0.5,Logan Webb,SP,3.8,88,65,84,67,70,72,Epic
2025,SFN,San Francisco Giants,0.5,Robbie Ray,SP,2.8,85,59,48,55,67,55,Rare
2025,SFN,San Francisco Giants,0.5,Tyler Rogers,RP,2.4,36,22,113,107,22,75,Epic
2025,TEX,Texas Rangers,0.5,Nathan Eovaldi,SP,4.3,86,56,98,112,68,87,Legendary
2025,TEX,Texas Rangers,0.5,Jacob deGrom,SP,2.9,85,64,86,61,67,70,Epic
2025,TEX,Texas Rangers,0.5,Tyler Mahle,SP,2.2,83,34,60,90,64,62,Rare
2025,ARI,Arizona Diamondbacks,0.494,Ryne Nelson,SP,3.5,92,43,75,66,76,63,Rare
2025,ARI,Arizona Diamondbacks,0.494,Merrill Kelly,SP,2.9,85,48,76,56,67,61,Rare
2025,ARI,Arizona Diamondbacks,0.494,Corbin Burnes,SP,2.0,86,55,48,84,68,63,Rare
2025,MIA,Miami Marlins,0.488,Edward Cabrera,SP,2.8,82,66,57,63,63,62,Rare
2025,MIA,Miami Marlins,0.488,Ronny Henriquez,RP,2.3,36,91,52,103,23,76,Epic
2025,MIA,Miami Marlins,0.488,Anthony Bender,RP,1.9,36,42,46,109,22,61,Rare
2025,SLN,St. Louis Cardinals,0.481,Matt Svanson,RP,1.8,39,70,61,114,27,76,Epic
2025,SLN,St. Louis Cardinals,0.481,JoJo Romero,RP,1.7,36,47,42,109,22,62,Rare
2025,SLN,St. Louis Cardinals,0.481,Riley O'Brien,RP,1.6,37,50,43,108,24,63,Rare
2025,TBA,Tampa Bay Rays,0.475,Drew Rasmussen,SP,4.4,79,42,79,76,59,65,Rare
2025,TBA,Tampa Bay Rays,0.475,Zack Littell,SP,3.2,86,29,96,53,68,60,Rare
2025,TBA,Tampa Bay Rays,0.475,Ryan Pepiot,SP,1.9,83,56,54,52,64,55,Rare
2025,ATH,Athletics,0.469,Mason Miller,RP,2.2,36,125,43,113,23,87,Legendary
2025,ATH,Athletics,0.469,Jeffrey Springs,SP,2.0,85,39,64,50,67,53,Uncommon
2025,ATH,Athletics,0.469,Sean Newcomb,RP,1.6,41,55,60,93,29,65,Rare
2025,ATL,Atlanta Braves,0.469,Chris Sale,SP,4.0,89,88,77,85,72,82,Epic
2025,ATL,Atlanta Braves,0.469,Spencer Schwellenbach,SP,2.2,90,54,97,69,74,73,Epic
2025,ATL,Atlanta Braves,0.469,Grant Holmes,SP,1.4,84,64,42,52,65,54,Uncommon
2025,BAL,Baltimore Orioles,0.463,Trevor Rogers,SP,5.5,88,50,75,115,70,79,Epic
2025,BAL,Baltimore Orioles,0.463,Dean Kremer,SP,2.2,87,40,76,48,69,56,Rare
2025,BAL,Baltimore Orioles,0.463,Tomoyuki Sugano,SP,1.3,82,27,83,40,62,51,Uncommon
2025,LAA,Los Angeles Angels of Anaheim,0.444,Yusei Kikuchi,SP,3.3,83,54,47,53,64,53,Uncommon
2025,LAA,Los Angeles Angels of Anaheim,0.444,Kenley Jansen,RP,2.4,36,53,63,84,22,62,Rare
2025,LAA,Los Angeles Angels of Anaheim,0.444,José Soriano,SP,2.4,83,47,43,54,64,50,Uncommon
2025,PIT,Pittsburgh Pirates,0.438,Paul Skenes,SP,7.6,86,72,84,115,68,88,Legendary
2025,PIT,Pittsburgh Pirates,0.438,Dennis Santana,RP,2.6,36,43,80,105,23,71,Epic
2025,PIT,Pittsburgh Pirates,0.438,David Bednar,RP,2.2,36,94,67,99,22,80,Epic
2025,MIN,Minnesota Twins,0.432,Joe Ryan,SP,4.5,85,70,83,62,67,71,Epic
2025,MIN,Minnesota Twins,0.432,Jhoan Duran,RP,3.2,36,71,74,113,22,80,Epic
2025,MIN,Minnesota Twins,0.432,Simeon Woods Richardson,SP,2.2,81,53,47,52,61,52,Uncommon
2025,WAS,Washington Nationals,0.407,MacKenzie Gore,SP,3.0,82,73,48,50,63,58,Rare
2025,WAS,Washington Nationals,0.407,Brad Lord,RP,1.5,45,40,61,47,35,48,Uncommon
2025,WAS,Washington Nationals,0.407,Kyle Finnegan,RP,1.0,36,53,64,100,23,67,Rare
2025,CHA,Chicago White Sox,0.37,Adrian Houser,SP,3.3,87,32,67,76,69,59,Rare
2025,CHA,Chicago White Sox,0.37,Mike Vasil,RP,2.9,42,39,38,89,31,53,Uncommon
2025,CHA,Chicago White Sox,0.37,Shane Smith,SP,2.3,81,56,49,56,61,54,Uncommon
2025,COL,Colorado Rockies,0.265,Jimmy Herget,RP,3.0,39,54,65,104,26,70,Epic
2025,COL,Colorado Rockies,0.265,Victor Vodnik,RP,1.8,36,53,38,86,22,55,Rare
2025,COL,Colorado Rockies,0.265,Tyler Kinley,RP,1.4,36,57,43,113,22,66,Rare
