yearID,lgID,teamID,franchID,divID,Rank,G,Ghome,W,L,DivWin,WCWin,LgWin,WSWin,R,AB,H,2B,3B,HR,BB,SO,SB,CS,HBP,SF,RA,ER,ERA,CG,SHO,SV,IPouts,HA,HRA,BBA,SOA,E,DP,FP,name,park,attendance,BPF,PPF,teamIDBR,teamIDlahman45,teamIDretro
1871,,BS1,BNA,,3,31,,20,10,,,N,,401.0,1372.0,426.0,70.0,37.0,3.0,60.0,19.0,73.0,16.0,,,303.0,109.0,3.55,22.0,1.0,3.0,828.0,367.0,2.0,42.0,23.0,243.0,24.0,0.834,Boston Red Stockings,South End Grounds I,,103.0,98.0,BOS,BS1,BS1
1871,,CH1,CNA,,2,28,,19,9,,,N,,302.0,1196.0,323.0,52.0,21.0,10.0,60.0,22.0,69.0,21.0,,,241.0,77.0,2.76,25.0,0.0,1.0,753.0,308.0,6.0,28.0,22.0,229.0,16.0,0.829,Chicago White Stockings,Union Base-Ball Grounds,,104.0,102.0,CHI,CH1,CH1
1871,,CL1,CFC,,8,29,,10,19,,,N,,249.0,1186.0,328.0,35.0,40.0,7.0,26.0,25.0,18.0,8.0,,,341.0,116.0,4.11,23.0,0.0,0.0,762.0,346.0,13.0,53.0,34.0,234.0,15.0,0.818,Cleveland Forest Citys,National Association Grounds,,96.0,100.0,CLE,CL1,CL1
1871,,FW1,KEK,,7,19,,7,12,,,N,,137.0,746.0,178.0,19.0,8.0,2.0,33.0,9.0,16.0,4.0,,,243.0,97.0,5.17,19.0,1.0,0.0,507.0,261.0,5.0,21.0,17.0,163.0,8.0,0.803,Fort Wayne Kekiongas,Hamilton Field,,101.0,107.0,KEK,FW1,FW1
1871,,NY2,NNA,,5,33,,16,17,,,N,,302.0,1404.0,403.0,43.0,21.0,1.0,33.0,15.0,46.0,15.0,,,313.0,121.0,3.72,32.0,1.0,0.0,879.0,373.0,7.0,42.0,22.0,235.0,14.0,0.84,New York Mutuals,Union Grounds (Brooklyn),,90.0,88.0,NYU,NY2,NY2
1871,,PH1,PNA,,1,28,,21,7,,,Y,,376.0,1281.0,410.0,66.0,27.0,9.0,46.0,23.0,56.0,12.0,,,266.0,137.0,4.95,27.0,0.0,0.0,747.0,329.0,3.0,53.0,16.0,194.0,13.0,0.845,Philadelphia Athletics,Jefferson Street Grounds,,102.0,98.0,ATH,PH1,PH1
1871,,RC1,ROK,,9,25,,4,21,,,N,,231.0,1036.0,274.0,44.0,25.0,3.0,38.0,30.0,53.0,10.0,,,287.0,108.0,4.3,23.0,1.0,0.0,678.0,315.0,3.0,34.0,16.0,220.0,14.0,0.821,Rockford Forest Citys,Agricultural Society Fair Grounds,,97.0,99.0,ROK,RC1,RC1
1871,,TRO,TRO,,6,29,,13,15,,,N,,351.0,1248.0,384.0,51.0,34.0,6.0,49.0,19.0,62.0,24.0,,,362.0,153.0,5.51,28.0,0.0,0.0,750.0,431.0,4.0,75.0,12.0,198.0,22.0,0.845,Troy Haymakers,Haymakers' Grounds,,101.0,100.0,TRO,TRO,TRO
1871,,WS3,OLY,,4,32,,15,15,,,N,,310.0,1353.0,375.0,54.0,26.0,6.0,48.0,13.0,48.0,13.0,,,303.0,137.0,4.37,32.0,0.0,0.0,846.0,371.0,4.0,45.0,13.0,218.0,20.0,0.85,Washington Olympics,Olympics Grounds,,94.0,98.0,OLY,WS3,WS3
1872,,BL1,BLC,,2,58,,35,19,,,N,,617.0,2571.0,753.0,106.0,31.0,14.0,29.0,28.0,53.0,18.0,,,434.0,166.0,2.9,48.0,1.0,1.0,1548.0,573.0,3.0,63.0,77.0,432.0,22.0,0.83,Baltimore Canaries,Newington Park,,106.0,102.0,BAL,BL1,BL1
1872,,BR1,ECK,,9,29,,3,26,,,N,,152.0,1072.0,248.0,29.0,9.0,0.0,18.0,40.0,8.0,13.0,,,413.0,160.0,5.55,28.0,0.0,0.0,778.0,484.0,7.0,36.0,13.0,274.0,9.0,0.803,Brooklyn Eckfords,Union Grounds,,87.0,96.0,ECK,BR1,BR1
1872,,BR2,BRA,,6,37,,9,28,,,N,,237.0,1457.0,377.0,35.0,10.0,1.0,19.0,25.0,19.0,16.0,,,473.0,169.0,4.53,37.0,0.0,0.0,1008.0,568.0,6.0,21.0,13.0,357.0,15.0,0.81,Brooklyn Atlantics,Capitoline Grounds,,115.0,122.0,BRA,BR2,BR2
1872,,BS1,BNA,,1,48,,39,8,,,Y,,521.0,2126.0,673.0,107.0,30.0,7.0,29.0,26.0,48.0,14.0,,,236.0,89.0,1.86,41.0,4.0,4.0,1291.0,443.0,0.0,27.0,29.0,280.0,44.0,0.875,Boston Red Stockings,South End Grounds I,,105.0,100.0,BOS,BS1,BS1
1872,,CL1,CFC,,7,22,,6,16,,,N,,174.0,943.0,272.0,28.0,5.0,0.0,17.0,13.0,12.0,3.0,,,254.0,126.0,5.7,15.0,0.0,0.0,597.0,285.0,6.0,24.0,11.0,184.0,17.0,0.816,Cleveland Forest Citys,National Association Grounds,,96.0,100.0,CLE,CL1,CL1
1872,,MID,MAN,,8,24,,5,19,,,N,,220.0,1013.0,275.0,36.0,9.0,2.0,10.0,13.0,6.0,7.0,,,348.0,130.0,5.55,20.0,0.0,0.0,633.0,366.0,6.0,15.0,10.0,231.0,11.0,0.804,Middletown Mansfields,Mansfield Club Grounds,,98.0,103.0,MAN,MID,MID
1872,,NY2,NNA,,3,56,,34,20,,,N,,523.0,2426.0,670.0,87.0,14.0,4.0,58.0,52.0,59.0,22.0,,,362.0,172.0,3.02,54.0,3.0,1.0,1536.0,622.0,2.0,33.0,46.0,323.0,33.0,0.868,New York Mutuals,Union Grounds (Brooklyn),,93.0,92.0,NYU,NY2,NY2
1872,,PH1,PNA,,4,47,,30,14,,,N,,539.0,2142.0,679.0,79.0,25.0,4.0,69.0,47.0,58.0,31.0,,,349.0,133.0,2.85,47.0,1.0,0.0,1258.0,508.0,3.0,26.0,44.0,298.0,20.0,0.858,Philadelphia Athletics,Jefferson Street Grounds,,102.0,100.0,ATH,PH1,PH1
1872,,TRO,TRO,,5,25,,15,10,,,N,,273.0,1099.0,330.0,58.0,8.0,5.0,9.0,14.0,6.0,7.0,,,191.0,65.0,2.6,17.0,2.0,1.0,675.0,277.0,2.0,10.0,19.0,151.0,9.0,0.861,Troy Haymakers,Haymakers' Grounds,,101.0,100.0,TRO,TRO,TRO
1872,,WS3,OLY,,10,9,,2,7,,,N,,54.0,365.0,91.0,10.0,3.0,0.0,4.0,4.0,,3.0,,,140.0,56.0,6.38,9.0,0.0,0.0,237.0,148.0,0.0,5.0,1.0,96.0,7.0,0.786,Washington Olympics,Olympics Grounds,,94.0,98.0,OLY,WS3,WS3
1872,,WS4,NAT,,11,11,,0,11,,,N,,80.0,451.0,99.0,6.0,1.0,0.0,1.0,3.0,,,,,190.0,68.0,6.18,11.0,0.0,0.0,297.0,193.0,2.0,3.0,2.0,120.0,2.0,0.774,Washington Nationals,Nationals Grounds,,129.0,141.0,NAT,WS4,WS4
1873,,BL1,BLC,,3,57,,34,22,,,N,,644.0,2560.0,810.0,109.0,40.0,9.0,43.0,30.0,28.0,13.0,,,451.0,174.0,3.08,55.0,1.0,0.0,1526.0,680.0,4.0,43.0,37.0,345.0,32.0,0.862,Baltimore Canaries,Newington Park,,101.0,102.0,BAL,BL1,BL1
1873,,BL4,MAR,,9,6,,0,6,,,N,,26.0,211.0,33.0,1.0,0.0,0.0,0.0,3.0,0.0,0.0,,,152.0,48.0,8.0,6.0,0.0,0.0,162.0,144.0,1.0,1.0,0.0,74.0,0.0,0.761,Baltimore Marylands,Newington Park,,77.0,99.0,MAR,BL4,BL4
1873,,BR2,BRA,,6,55,,17,37,,,N,,366.0,2207.0,588.0,46.0,23.0,6.0,55.0,47.0,20.0,13.0,,,549.0,230.0,4.14,52.0,1.0,0.0,1500.0,737.0,8.0,43.0,16.0,515.0,34.0,0.817,Brooklyn Atlantics,Union Grounds,,90.0,94.0,BRA,BR2,BR2
1873,,BS1,BNA,,1,60,,43,16,,,Y,,739.0,2748.0,933.0,144.0,44.0,13.0,68.0,36.0,145.0,48.0,,,460.0,183.0,3.07,46.0,1.0,7.0,1608.0,708.0,5.0,42.0,55.0,472.0,54.0,0.836,Boston Red Stockings,South End Grounds I,,106.0,100.0,BOS,BS1,BS1
1873,,ELI,RES,,8,23,,2,21,,,N,,98.0,869.0,204.0,25.0,8.0,0.0,9.0,30.0,4.0,4.0,,,299.0,75.0,3.26,22.0,0.0,0.0,621.0,343.0,6.0,10.0,10.0,244.0,14.0,0.789,Elizabeth Resolutes,Waverly Fairgrounds,,92.0,103.0,RES,ELI,ELI
1873,,NY2,NNA,,4,53,,29,24,,,N,,424.0,2211.0,622.0,51.0,36.0,5.0,43.0,22.0,16.0,7.0,,,385.0,140.0,2.64,48.0,2.0,0.0,1431.0,539.0,5.0,68.0,80.0,425.0,29.0,0.819,New York Mutuals,Union Grounds (Brooklyn),,98.0,96.0,NYU,NY2,NY2
1873,,PH1,PNA,,5,52,,28,23,,,N,,474.0,2267.0,683.0,71.0,21.0,4.0,35.0,33.0,36.0,24.0,,,403.0,161.0,3.05,44.0,3.0,2.0,1425.0,553.0,4.0,58.0,41.0,390.0,30.0,0.84,Philadelphia Athletics,Jefferson Street Grounds,,108.0,105.0,ATH,PH1,PH1
1873,,PH2,PWS,,2,53,,36,17,,,N,,526.0,2326.0,645.0,83.0,20.0,8.0,62.0,41.0,54.0,14.0,,,396.0,156.0,2.92,50.0,0.0,0.0,1443.0,628.0,3.0,44.0,29.0,378.0,43.0,0.849,Philadelphia Whites,Jefferson Street Grounds,,103.0,101.0,PHI,PH2,PH2
1873,,WS5,WBL,,7,39,,8,31,,,N,,283.0,1560.0,408.0,40.0,19.0,2.0,20.0,36.0,11.0,8.0,,,485.0,186.0,4.84,39.0,0.0,0.0,1038.0,594.0,11.0,26.0,10.0,348.0,27.0,0.812,Washington Blue Legs,Olympics Grounds,,96.0,102.0,WAS,WS5,WS5
1874,,BL1,BLC,,8,47,,9,38,,,N,,227.0,1776.0,435.0,45.0,7.0,1.0,22.0,37.0,12.0,5.0,,,505.0,146.0,3.13,42.0,0.0,0.0,1260.0,640.0,3.0,39.0,20.0,436.0,15.0,0.812,Baltimore Canaries,Newington Park,,102.0,104.0,BAL,BL1,BL1
1874,,BR2,BRA,,6,56,,22,33,,,N,,301.0,2169.0,498.0,45.0,8.0,1.0,31.0,51.0,12.0,4.0,,,450.0,116.0,2.06,56.0,1.0,0.0,1518.0,618.0,15.0,11.0,42.0,500.0,15.0,0.822,Brooklyn Atlantics,Union Grounds,,89.0,94.0,BRA,BR2,BR2
1874,,BS1,BNA,,1,71,,52,18,,,Y,,735.0,3129.0,977.0,121.0,61.0,17.0,34.0,28.0,45.0,19.0,,,415.0,136.0,1.93,65.0,4.0,3.0,1902.0,779.0,1.0,23.0,31.0,489.0,53.0,0.85,Boston Red Stockings,South End Grounds I,,105.0,98.0,BOS,BS1,BS1
1874,,CH2,CNA,,5,59,,28,31,,,N,,418.0,2462.0,685.0,87.0,4.0,4.0,32.0,54.0,32.0,12.0,,,480.0,157.0,2.65,58.0,3.0,0.0,1601.0,684.0,7.0,45.0,26.0,477.0,27.0,0.829,Chicago White Stockings,23rd Street Grounds,,101.0,102.0,CHI,CH2,CH2
1874,,HR1,HNA,,7,53,,16,37,,,N,,371.0,2144.0,591.0,86.0,18.0,2.0,31.0,63.0,42.0,21.0,,,471.0,135.0,2.53,45.0,0.0,0.0,1443.0,653.0,1.0,28.0,39.0,521.0,17.0,0.797,Hartford Dark Blues,Hartford Ball Club Grounds,,106.0,106.0,HAR,HR1,HR1
1874,,NY2,NNA,,2,65,,42,23,,,N,,501.0,2730.0,714.0,89.0,28.0,7.0,36.0,40.0,36.0,4.0,,,377.0,124.0,1.9,62.0,4.0,0.0,1758.0,663.0,3.0,41.0,101.0,438.0,22.0,0.847,New York Mutuals,Union Grounds (Brooklyn),,103.0,102.0,NYU,NY2,NY2
1874,,PH1,PNA,,3,55,,33,22,,,N,,441.0,2259.0,647.0,83.0,18.0,6.0,24.0,51.0,36.0,14.0,,,344.0,89.0,1.64,55.0,0.0,0.0,1461.0,514.0,6.0,32.0,37.0,396.0,34.0,0.839,Philadelphia Athletics,Jefferson Street Grounds,,108.0,105.0,ATH,PH1,PH1
1874,,PH2,PWS,,4,58,,29,29,,,N,,476.0,2435.0,677.0,78.0,50.0,2.0,28.0,33.0,27.0,18.0,,,428.0,112.0,1.93,56.0,3.0,0.0,1566.0,673.0,4.0,19.0,61.0,518.0,38.0,0.809,Philadelphia Whites,Jefferson Street Grounds,,103.0,101.0,PHI,PH2,PH2
1875,,BR2,BRA,,11,44,,2,42,,,N,,132.0,1562.0,304.0,33.0,6.0,2.0,8.0,36.0,1.0,5.0,,,438.0,139.0,3.16,31.0,0.0,0.0,1188.0,535.0,6.0,17.0,16.0,432.0,20.0,0.801,Brooklyn Atlantics,Union Grounds,,88.0,94.0,BRA,BR2,BR2
1875,,BS1,BNA,,1,82,,71,8,,,Y,,831.0,3515.0,1128.0,167.0,51.0,15.0,33.0,52.0,93.0,37.0,,,343.0,152.0,1.87,60.0,10.0,17.0,2196.0,751.0,2.0,33.0,110.0,483.0,56.0,0.87,Boston Red Stockings,South End Grounds I,,103.0,96.0,BOS,BS1,BS1
1875,,CH2,CNA,,6,69,,30,37,,,N,,379.0,2685.0,699.0,83.0,16.0,0.0,21.0,65.0,69.0,50.0,,,416.0,113.0,1.63,65.0,7.0,0.0,1875.0,649.0,0.0,26.0,55.0,478.0,30.0,0.853,Chicago White Stockings,23rd Street Grounds,,101.0,102.0,CHI,CH2,CH2
1875,,HR1,HNA,,3,86,,54,28,,,N,,557.0,3356.0,871.0,92.0,35.0,2.0,34.0,64.0,65.0,33.0,,,343.0,134.0,1.57,83.0,13.0,0.0,2310.0,708.0,4.0,11.0,152.0,438.0,47.0,0.881,Hartford Dark Blues,Hartford Ball Club Grounds,,107.0,105.0,HAR,HR1,HR1
1875,,KEO,WES,,13,13,,1,12,,,N,,45.0,449.0,81.0,9.0,6.0,0.0,1.0,22.0,4.0,6.0,,,88.0,23.0,1.83,13.0,0.0,0.0,339.0,111.0,0.0,12.0,20.0,78.0,5.0,0.86,Keokuk Westerns,Perry Park,,105.0,109.0,WES,KEO,KEO
1875,,NH1,NHV,,8,47,,7,40,,,N,,170.0,1714.0,373.0,41.0,13.0,2.0,14.0,62.0,35.0,16.0,,,397.0,125.0,2.65,40.0,0.0,0.0,1275.0,501.0,5.0,21.0,54.0,447.0,24.0,0.814,New Haven Elm Citys,Hamilton Park,,87.0,93.0,NHV,NH1,NH1
1875,,NY2,NNA,,6,71,,30,38,,,N,,328.0,2685.0,633.0,82.0,21.0,7.0,19.0,47.0,20.0,24.0,,,425.0,174.0,2.46,70.0,3.0,0.0,1910.0,718.0,4.0,21.0,77.0,526.0,30.0,0.838,New York Mutuals,Union Grounds (Brooklyn),,99.0,100.0,NYU,NY2,NY2
1875,,PH1,PNA,,2,77,,53,20,,,N,,699.0,3250.0,941.0,124.0,57.0,7.0,38.0,55.0,75.0,46.0,,,402.0,183.0,2.4,75.0,6.0,0.0,2061.0,776.0,4.0,39.0,45.0,419.0,51.0,0.876,Philadelphia Athletics,Jefferson Street Grounds,,107.0,106.0,ATH,PH1,PH1
1875,,PH2,PWS,,5,70,,37,31,,,N,,470.0,2721.0,683.0,67.0,27.0,5.0,21.0,58.0,105.0,51.0,,,376.0,148.0,2.12,64.0,5.0,0.0,1884.0,652.0,6.0,30.0,42.0,477.0,32.0,0.848,Philadelphia Whites,Jefferson Street Grounds,,104.0,102.0,PHI,PH2,PH2
1875,,PH3,CEN,,11,14,,2,12,,,N,,70.0,530.0,125.0,22.0,3.0,0.0,10.0,25.0,4.0,,,,138.0,38.0,2.71,14.0,0.0,0.0,378.0,169.0,0.0,5.0,6.0,164.0,5.0,0.769,Philadelphia Centennials,Centennial Grounds,,92.0,98.0,CEN,PH3,PH3
1875,,SL1,SLR,,10,19,,4,15,,,N,,60.0,688.0,137.0,20.0,1.0,0.0,12.0,45.0,27.0,9.0,,,161.0,50.0,2.63,16.0,2.0,0.0,513.0,209.0,0.0,3.0,21.0,150.0,6.0,0.833,St. Louis Red Stockings,Red Stocking Baseball Park,,90.0,98.0,SLR,SL1,SL1
1875,,SL2,SNA,,4,70,,39,29,,,N,,386.0,2674.0,643.0,85.0,29.0,0.0,32.0,102.0,108.0,36.0,,,369.0,147.0,2.1,67.0,5.0,1.0,1890.0,636.0,3.0,21.0,71.0,425.0,36.0,0.869,St. Louis Brown Stockings,Grand Avenue Park,,89.0,86.0,STL,SL2,SL2
1875,,WS6,WNT,,9,28,,5,23,,,N,,107.0,1004.0,194.0,14.0,8.0,0.0,6.0,42.0,23.0,7.0,,,338.0,105.0,3.77,23.0,0.0,0.0,752.0,397.0,6.0,10.0,6.0,285.0,8.0,0.791,Washington Nationals,Olympics Grounds,,96.0,106.0,WAS,WS6,WS6
1876,NL,BSN,ATL,,4,70,,39,31,,,N,,471.0,2722.0,723.0,96.0,24.0,9.0,58.0,98.0,,,,,450.0,176.0,2.51,49.0,3.0,7.0,1896.0,732.0,7.0,104.0,77.0,442.0,42.0,0.86,Boston Red Caps,South End Grounds I,,102.0,98.0,BSN,BSN,BSN
1876,NL,CHN,CHC,,1,66,,52,14,,,Y,,624.0,2748.0,926.0,131.0,32.0,8.0,70.0,45.0,,,,,257.0,116.0,1.76,58.0,9.0,4.0,1777.0,608.0,6.0,29.0,51.0,282.0,33.0,0.899,Chicago White Stockings,23rd Street Grounds,,112.0,106.0,CHC,CHN,CHN
1876,NL,CN1,CNR,,8,65,,9,56,,,N,,238.0,2372.0,555.0,51.0,12.0,4.0,41.0,136.0,,,,,579.0,238.0,3.62,57.0,0.0,0.0,1773.0,850.0,9.0,34.0,60.0,469.0,45.0,0.841,Cincinnati Reds,Avenue Grounds,,86.0,95.0,CIN,CN1,CN1
1876,NL,HAR,HAR,,2,69,,47,21,,,N,,429.0,2664.0,711.0,96.0,22.0,2.0,39.0,78.0,,,,,261.0,116.0,1.67,69.0,11.0,0.0,1872.0,570.0,2.0,27.0,114.0,337.0,27.0,0.888,Hartford Dark Blues,Hartford Ball Club Grounds,,110.0,106.0,HAR,HAR,HAR
1876,NL,LS1,LGR,,5,69,,30,36,,,N,,280.0,2570.0,641.0,68.0,14.0,6.0,24.0,98.0,,,,,344.0,121.0,1.69,67.0,5.0,0.0,1929.0,605.0,3.0,38.0,125.0,397.0,44.0,0.875,Louisville Grays,Louisville Baseball Park,,117.0,117.0,LOU,LS1,LS1
1876,NL,NY3,NYU,,6,57,,21,35,,,N,,260.0,2180.0,494.0,39.0,15.0,2.0,18.0,35.0,,,,,412.0,173.0,2.94,56.0,2.0,0.0,1590.0,718.0,8.0,24.0,37.0,473.0,18.0,0.825,New York Mutuals,Union Grounds (Brooklyn),,96.0,100.0,NYU,NY3,NY3
1876,NL,PHN,ATH,,7,60,,14,45,,,N,,378.0,2387.0,646.0,79.0,35.0,7.0,27.0,36.0,,,,,534.0,197.0,3.22,53.0,1.0,2.0,1650.0,783.0,2.0,41.0,22.0,456.0,32.0,0.839,Philadelphia Athletics,Jefferson Street Grounds,,104.0,104.0,ATH,PHN,PHN
1876,NL,SL3,SBS,,3,64,,45,19,,,N,,386.0,2478.0,642.0,73.0,27.0,2.0,59.0,63.0,,,,,229.0,78.0,1.22,63.0,16.0,0.0,1731.0,472.0,3.0,39.0,103.0,268.0,33.0,0.902,St. Louis Brown Stockings,Sportsman's Park I,,93.0,92.0,STL,SL3,SL3
1877,NL,BSN,ATL,,1,61,,42,18,,,Y,,419.0,2368.0,700.0,91.0,37.0,4.0,65.0,121.0,,,,,263.0,131.0,2.15,61.0,7.0,0.0,1644.0,557.0,5.0,38.0,177.0,290.0,36.0,0.889,Boston Red Caps,South End Grounds I,,104.0,100.0,BSN,BSN,BSN
1877,NL,CHN,CHC,,5,60,,26,33,,,N,,366.0,2273.0,633.0,79.0,30.0,0.0,57.0,111.0,,,,,375.0,200.0,3.37,45.0,3.0,3.0,1602.0,630.0,7.0,58.0,92.0,313.0,43.0,0.883,Chicago White Stockings,23rd Street Grounds,,112.0,106.0,CHC,CHN,CHN
1877,NL,CN1,CNR,,6,58,,15,42,,,N,,291.0,2135.0,545.0,72.0,34.0,6.0,78.0,110.0,,,,,485.0,240.0,4.19,48.0,1.0,1.0,1545.0,747.0,4.0,61.0,85.0,394.0,33.0,0.851,Cincinnati Reds,Avenue Grounds,,89.0,94.0,CIN,CN1,CN1
1877,NL,HAR,HAR,,3,60,,31,27,,,N,,341.0,2358.0,637.0,63.0,31.0,4.0,30.0,97.0,,,,,311.0,140.0,2.32,59.0,4.0,0.0,1632.0,572.0,2.0,56.0,99.0,313.0,32.0,0.885,Hartford Dark Blues,Union Grounds (Brooklyn),,90.0,87.0,HAR,HAR,HAR
1877,NL,LS1,LGR,,2,61,,35,25,,,N,,339.0,2355.0,659.0,75.0,36.0,9.0,58.0,140.0,,,,,288.0,140.0,2.25,61.0,4.0,0.0,1677.0,617.0,4.0,41.0,141.0,267.0,37.0,0.904,Louisville Grays,Louisville Baseball Park,,117.0,117.0,LOU,LS1,LS1
1877,NL,SL3,SBS,,4,60,,28,32,,,N,,284.0,2178.0,531.0,51.0,36.0,1.0,57.0,147.0,,,,,318.0,160.0,2.66,52.0,1.0,0.0,1623.0,582.0,2.0,92.0,132.0,281.0,29.0,0.892,St. Louis Brown Stockings,Sportsman's Park I,,95.0,93.0,STL,SL3,SL3
1878,NL,BSN,ATL,,1,60,,41,19,,,Y,,298.0,2220.0,535.0,75.0,25.0,2.0,35.0,154.0,,,,,241.0,140.0,2.32,58.0,9.0,0.0,1632.0,595.0,6.0,38.0,184.0,228.0,48.0,0.914,Boston Red Caps,South End Grounds I,,108.0,102.0,BSN,BSN,BSN
1878,NL,CHN,CHC,,4,61,,30,30,,,N,,371.0,2333.0,677.0,91.0,20.0,3.0,88.0,157.0,,,,,331.0,145.0,2.37,61.0,1.0,0.0,1653.0,577.0,4.0,35.0,175.0,304.0,37.0,0.891,Chicago White Stockings,Lake Front Park I,,106.0,105.0,CHC,CHN,CHN
1878,NL,CN1,CNR,,2,61,,37,23,,,N,,333.0,2281.0,629.0,67.0,22.0,5.0,58.0,141.0,,,,,281.0,112.0,1.84,61.0,6.0,0.0,1644.0,546.0,2.0,63.0,220.0,269.0,37.0,0.9,Cincinnati Reds,Avenue Grounds,,91.0,92.0,CIN,CN1,CN1
1878,NL,IN1,IBL,,5,63,,24,36,,,N,,293.0,2300.0,542.0,76.0,15.0,3.0,64.0,197.0,,,,,328.0,149.0,2.32,59.0,2.0,1.0,1734.0,621.0,3.0,87.0,182.0,290.0,37.0,0.898,Indianapolis Blues,South Street Park,,87.0,89.0,IND,IN1,IN1
1878,NL,ML2,MLG,,6,61,,15,45,,,N,,256.0,2212.0,552.0,65.0,20.0,2.0,69.0,214.0,,,,,386.0,158.0,2.6,54.0,1.0,0.0,1641.0,589.0,3.0,55.0,147.0,376.0,32.0,0.866,Milwaukee Grays,Eclipse Park II,,106.0,113.0,MLG,ML2,ML2
1878,NL,PRO,PRO,,3,62,,33,27,,,N,,353.0,2298.0,604.0,107.0,30.0,8.0,50.0,218.0,,,,,337.0,147.0,2.38,59.0,6.0,0.0,1668.0,609.0,5.0,86.0,173.0,311.0,42.0,0.892,Providence Grays,Messer Street Grounds,,100.0,96.0,PRO,PRO,PRO
1879,NL,BFN,BUF,,3,79,,46,32,,,N,,394.0,2906.0,733.0,105.0,54.0,2.0,78.0,314.0,,,,,365.0,185.0,2.34,78.0,8.0,0.0,2139.0,698.0,3.0,47.0,198.0,331.0,62.0,0.906,Buffalo Bisons,Riverside Park,,102.0,105.0,BUF,BFN,BFN
1879,NL,BSN,ATL,,2,84,,54,30,,,N,,562.0,3217.0,883.0,138.0,51.0,20.0,90.0,222.0,,,,,348.0,183.0,2.19,79.0,13.0,0.0,2259.0,757.0,9.0,46.0,230.0,319.0,58.0,0.913,Boston Red Caps,South End Grounds I,,102.0,100.0,BSN,BSN,BSN
1879,NL,CHN,CHC,,4,83,,46,33,,,N,,437.0,3116.0,808.0,167.0,32.0,3.0,73.0,294.0,,,,,411.0,203.0,2.46,82.0,6.0,0.0,2232.0,762.0,5.0,57.0,211.0,381.0,52.0,0.9,Chicago White Stockings,Lake Front Park I,,106.0,103.0,CHC,CHN,CHN
1879,NL,CL2,CBL,,6,82,,27,55,,,N,,322.0,2987.0,666.0,116.0,29.0,4.0,37.0,214.0,,,,,461.0,218.0,2.65,79.0,3.0,0.0,2223.0,818.0,4.0,116.0,287.0,406.0,42.0,0.889,Cleveland Blues,Kennard Street Park,,99.0,100.0,CLV,CL2,CL2
1879,NL,CN1,CNR,,5,81,,43,37,,,N,,485.0,3085.0,813.0,127.0,53.0,8.0,66.0,207.0,,,,,464.0,185.0,2.29,79.0,4.0,0.0,2178.0,756.0,11.0,81.0,246.0,450.0,48.0,0.878,Cincinnati Reds,Avenue Grounds,,95.0,94.0,CIN,CN1,CN1
1879,NL,PRO,PRO,,1,85,,59,25,,,Y,,612.0,3392.0,1003.0,142.0,55.0,12.0,91.0,172.0,,,,,355.0,188.0,2.18,73.0,3.0,2.0,2328.0,765.0,9.0,62.0,329.0,382.0,41.0,0.902,Providence Grays,Messer Street Grounds,,99.0,95.0,PRO,PRO,PRO
1879,NL,SR1,SYR,,7,71,,22,48,,,N,,276.0,2611.0,592.0,61.0,19.0,5.0,28.0,238.0,,,,,462.0,230.0,3.19,64.0,5.0,0.0,1947.0,775.0,4.0,52.0,132.0,398.0,37.0,0.873,Syracuse Stars,Newell Park,,89.0,95.0,SYR,SR1,SR1
1879,NL,TRN,TRT,,8,77,,19,56,,,N,,321.0,2841.0,673.0,102.0,24.0,4.0,45.0,182.0,,,,,543.0,216.0,2.8,75.0,3.0,0.0,2085.0,840.0,13.0,47.0,210.0,460.0,44.0,0.875,Troy Trojans,Putnam Grounds,,93.0,100.0,TRO,TRN,TRN
1880,NL,BFN,BUF,,7,85,,24,58,,,N,,331.0,2962.0,669.0,104.0,37.0,3.0,90.0,327.0,,,,,502.0,254.0,3.09,72.0,6.0,1.0,2217.0,879.0,10.0,78.0,186.0,408.0,55.0,0.891,Buffalo Bisons,Riverside Park,,102.0,103.0,BUF,BFN,BFN
1880,NL,BSN,ATL,,6,86,,40,44,,,N,,416.0,3080.0,779.0,134.0,41.0,20.0,105.0,221.0,,,,,456.0,255.0,3.08,70.0,4.0,0.0,2234.0,840.0,2.0,86.0,187.0,367.0,54.0,0.901,Boston Red Caps,South End Grounds I,,97.0,96.0,BSN,BSN,BSN
1880,NL,CHN,CHC,,1,86,,67,17,,,Y,,538.0,3135.0,876.0,164.0,39.0,4.0,104.0,217.0,,,,,317.0,166.0,1.93,80.0,8.0,3.0,2325.0,622.0,8.0,129.0,367.0,329.0,41.0,0.913,Chicago White Stockings,Lake Front Park I,,106.0,102.0,CHC,CHN,CHN
1880,NL,CL2,CBL,,3,85,,47,37,,,N,,387.0,3002.0,726.0,130.0,52.0,7.0,76.0,237.0,,,,,337.0,160.0,1.9,83.0,7.0,1.0,2279.0,685.0,4.0,98.0,289.0,330.0,52.0,0.91,Cleveland Blues,Kennard Street Park,,98.0,99.0,CLV,CL2,CL2
1880,NL,CN1,CNR,,8,83,,21,59,,,N,,296.0,2895.0,649.0,91.0,36.0,7.0,75.0,267.0,,,,,472.0,193.0,2.44,79.0,3.0,0.0,2140.0,785.0,10.0,88.0,208.0,437.0,49.0,0.877,Cincinnati Reds,Bank Street Grounds,,98.0,104.0,CIN,CN1,CN4
1880,NL,PRO,PRO,,2,87,,52,32,,,N,,419.0,3196.0,793.0,114.0,34.0,8.0,89.0,186.0,,,,,299.0,146.0,1.64,75.0,13.0,3.0,2397.0,663.0,7.0,51.0,286.0,357.0,53.0,0.91,Providence Grays,Messer Street Grounds,,97.0,93.0,PRO,PRO,PRO
1880,NL,TRN,TRT,,4,83,,41,42,,,N,,392.0,3007.0,755.0,114.0,37.0,5.0,120.0,260.0,,,,,438.0,225.0,2.74,81.0,4.0,0.0,2214.0,760.0,8.0,112.0,169.0,366.0,58.0,0.9,Troy Trojans,Haymakers' Grounds,,105.0,106.0,TRO,TRN,TRN
1880,NL,WOR,WOR,,5,85,,40,43,,,N,,412.0,3024.0,699.0,129.0,52.0,8.0,81.0,278.0,,,,,370.0,192.0,2.27,68.0,7.0,5.0,2288.0,709.0,13.0,97.0,297.0,355.0,49.0,0.906,Worcester Ruby Legs,Worcester Driving Park Grounds,,108.0,109.0,WOR,WOR,WOR
1881,NL,BFN,BUF,,3,83,,45,38,,,N,,440.0,3019.0,797.0,157.0,50.0,12.0,108.0,270.0,,,,,447.0,234.0,2.84,72.0,5.0,0.0,2227.0,881.0,9.0,89.0,185.0,408.0,48.0,0.892,Buffalo Bisons,Riverside Park,,99.0,100.0,BUF,BFN,BFN
1881,NL,BSN,ATL,,6,83,,38,45,,,N,,347.0,2916.0,733.0,121.0,27.0,5.0,110.0,193.0,,,,,410.0,220.0,2.71,72.0,6.0,3.0,2192.0,763.0,9.0,143.0,199.0,325.0,54.0,0.909,Boston Red Caps,South End Grounds I,,96.0,96.0,BSN,BSN,BSN
1881,NL,CHN,CHC,,1,84,,56,28,,,Y,,550.0,3114.0,918.0,157.0,36.0,12.0,140.0,224.0,,,,,380.0,201.0,2.43,81.0,9.0,0.0,2234.0,722.0,14.0,122.0,228.0,309.0,54.0,0.916,Chicago White Stockings,Lake Front Park I,,105.0,99.0,CHC,CHN,CHN
1881,NL,CL2,CBL,,7,85,,36,48,,,N,,392.0,3117.0,796.0,120.0,39.0,7.0,132.0,224.0,,,,,414.0,226.0,2.68,82.0,2.0,0.0,2280.0,737.0,9.0,126.0,240.0,348.0,68.0,0.904,Cleveland Blues,Kennard Street Park,,95.0,95.0,CLV,CL2,CL2
1881,NL,DTN,DTN,,4,84,,41,43,,,N,,440.0,2995.0,780.0,131.0,53.0,17.0,136.0,250.0,,,,,429.0,219.0,2.65,83.0,10.0,0.0,2234.0,785.0,8.0,137.0,265.0,338.0,80.0,0.906,Detroit Wolverines,Recreation Park,,104.0,105.0,DTN,DTN,DTN
1881,NL,PRO,PRO,,2,85,,47,37,,,N,,447.0,3077.0,780.0,144.0,37.0,11.0,146.0,214.0,,,,,426.0,202.0,2.4,76.0,7.0,0.0,2273.0,756.0,5.0,138.0,264.0,390.0,66.0,0.896,Providence Grays,Messer Street Grounds,,98.0,96.0,PRO,PRO,PRO
1881,NL,TRN,TRT,,5,85,,39,45,,,N,,399.0,3046.0,754.0,124.0,31.0,5.0,140.0,240.0,,,,,427.0,254.0,2.96,85.0,8.0,0.0,2313.0,805.0,11.0,161.0,207.0,311.0,70.0,0.917,Troy Trojans,Haymakers' Grounds,,105.0,106.0,TRO,TRN,TRN
1881,NL,WOR,WOR,,8,83,,32,50,,,N,,410.0,3093.0,781.0,114.0,31.0,7.0,121.0,169.0,,,,,492.0,290.0,3.54,80.0,5.0,0.0,2212.0,882.0,11.0,120.0,196.0,353.0,50.0,0.903,Worcester Ruby Legs,Worcester Driving Park Grounds,,105.0,108.0,WOR,WOR,WOR
1882,NL,BFN,BUF,,3,84,,45,39,,,N,,500.0,3128.0,858.0,146.0,47.0,18.0,116.0,228.0,,,,,461.0,266.0,3.25,79.0,3.0,0.0,2211.0,778.0,16.0,114.0,287.0,315.0,42.0,0.91,Buffalo Bisons,Riverside Park,,102.0,101.0,BUF,BFN,BFN
1882,AA,BL2,BLO,,6,74,,19,54,,,N,,272.0,2579.0,537.0,58.0,23.0,4.0,73.0,217.0,,,,,513.0,278.0,3.88,64.0,1.0,0.0,1936.0,755.0,15.0,110.0,112.0,490.0,39.0,0.859,Baltimore Orioles,Newington Park,,90.0,100.0,BAL,BL2,BL5
1882,NL,BSN,ATL,,3,85,,45,39,,,N,,472.0,3118.0,823.0,114.0,50.0,15.0,134.0,244.0,,,,,414.0,233.0,2.8,81.0,4.0,0.0,2247.0,738.0,10.0,77.0,352.0,314.0,37.0,0.91,Boston Red Caps,South End Grounds I,,100.0,98.0,BSN,BSN,BSN
1882,NL,CHN,CHC,,1,84,,55,29,,,Y,,604.0,3225.0,892.0,209.0,54.0,15.0,142.0,262.0,,,,,353.0,188.0,2.22,83.0,7.0,0.0,2291.0,667.0,13.0,102.0,279.0,376.0,54.0,0.898,Chicago White Stockings,Lake Front Park I/Lake Front Park II,,105.0,99.0,CHC,CHN,CHN
1882,NL,CL2,CBL,,5,84,,42,40,,,N,,402.0,3009.0,716.0,139.0,40.0,20.0,122.0,261.0,,,,,411.0,230.0,2.75,81.0,4.0,0.0,2255.0,743.0,22.0,132.0,232.0,358.0,71.0,0.905,Cleveland Blues,Kennard Street Park,,97.0,97.0,CLV,CL2,CL2
1882,AA,CN2,CIN,,1,80,,55,25,,,Y,,489.0,3007.0,795.0,95.0,47.0,5.0,102.0,204.0,,,,,268.0,132.0,1.65,77.0,11.0,0.0,2164.0,609.0,7.0,125.0,165.0,332.0,41.0,0.907,Cincinnati Red Stockings,Bank Street Grounds,,106.0,99.0,CIN,CN2,CN2
1882,NL,DTN,DTN,,5,86,,42,41,,,N,,407.0,3144.0,724.0,117.0,44.0,19.0,122.0,308.0,,,,,488.0,263.0,2.98,82.0,7.0,0.0,2379.0,808.0,19.0,129.0,354.0,396.0,44.0,0.893,Detroit Wolverines,Recreation Park,,100.0,101.0,DTN,DTN,DTN
1882,AA,LS2,LOU,,2,79,,42,38,,,N,,443.0,2806.0,728.0,110.0,28.0,9.0,128.0,193.0,,,,,352.0,156.0,2.03,73.0,6.0,0.0,2080.0,637.0,6.0,112.0,240.0,385.0,57.0,0.893,Louisville Eclipse,Eclipse Park I,,95.0,93.0,LOU,LS2,LS2
1882,AA,PH4,PHA,,3,75,,41,34,,,N,,406.0,2707.0,660.0,89.0,21.0,5.0,125.0,164.0,,,,,389.0,219.0,2.97,72.0,2.0,0.0,1989.0,682.0,13.0,99.0,190.0,361.0,36.0,0.895,Philadelphia Athletics,Oakdale Park,,110.0,110.0,PHA,PH4,PH4
1882,NL,PRO,PRO,,2,84,,52,32,,,N,,463.0,3104.0,776.0,121.0,53.0,11.0,102.0,255.0,,,,,356.0,190.0,2.27,80.0,10.0,1.0,2256.0,690.0,12.0,87.0,273.0,371.0,67.0,0.901,Providence Grays,Messer Street Grounds,,100.0,98.0,PRO,PRO,PRO
1882,AA,PT1,PIT,,4,79,,39,39,,,N,,426.0,2889.0,725.0,106.0,59.0,18.0,92.0,182.0,,,,,417.0,216.0,2.8,77.0,2.0,0.0,2086.0,696.0,4.0,83.0,253.0,394.0,40.0,0.889,Pittsburg Alleghenys,Exposition Park I,,100.0,99.0,PIT,PT1,PT1
1882,AA,SL4,STL,,5,79,,37,43,,,N,,399.0,2865.0,663.0,87.0,41.0,11.0,112.0,226.0,,,,,496.0,223.0,2.92,75.0,3.0,1.0,2065.0,729.0,7.0,103.0,225.0,446.0,41.0,0.875,St. Louis Brown Stockings,Sportsman's Park I,,104.0,104.0,STL,SL4,SL4
1882,NL,TRN,TRT,,7,85,,35,48,,,N,,430.0,3057.0,747.0,116.0,59.0,12.0,109.0,298.0,,,,,522.0,259.0,3.08,81.0,6.0,0.0,2274.0,836.0,13.0,165.0,184.0,432.0,70.0,0.887,Troy Trojans,Troy Ball Club Grounds,,95.0,98.0,TRO,TRN,TRN
1882,NL,WOR,WOR,,8,84,,18,66,,,N,,379.0,2984.0,689.0,109.0,57.0,16.0,113.0,303.0,,,,,652.0,308.0,3.75,75.0,0.0,0.0,2215.0,964.0,21.0,151.0,195.0,468.0,66.0,0.878,Worcester Ruby Legs,Worcester Driving Park Grounds,,102.0,107.0,WOR,WOR,WOR
1883,NL,BFN,BUF,,5,98,,52,45,,,N,,614.0,3729.0,1058.0,184.0,59.0,8.0,147.0,342.0,,,,,576.0,317.0,3.32,90.0,5.0,2.0,2578.0,971.0,12.0,101.0,362.0,445.0,52.0,0.896,Buffalo Bisons,Riverside Park,,102.0,101.0,BUF,BFN,BFN
1883,AA,BL2,BLO,,8,96,,28,68,,,N,,471.0,3532.0,870.0,125.0,49.0,5.0,164.0,331.0,,,,,742.0,383.0,4.08,86.0,1.0,0.0,2534.0,943.0,12.0,190.0,290.0,624.0,44.0,0.855,Baltimore Orioles,Oriole Park,,103.0,105.0,BAL,BL2,BL2
1883,NL,BSN,ATL,,1,98,,63,35,,,Y,,669.0,3657.0,1010.0,209.0,86.0,34.0,123.0,423.0,,,,,456.0,244.0,2.55,89.0,6.0,3.0,2580.0,853.0,11.0,90.0,538.0,409.0,58.0,0.901,Boston Beaneaters,South End Grounds I,,102.0,98.0,BSN,BSN,BSN
1883,NL,CHN,CHC,,2,98,,59,39,,,N,,679.0,3658.0,1000.0,277.0,61.0,13.0,129.0,399.0,,,,,540.0,266.0,2.78,91.0,5.0,1.0,2586.0,942.0,21.0,123.0,299.0,543.0,76.0,0.879,Chicago White Stockings,Lake Front Park II,,108.0,105.0,CHC,CHN,CHN
1883,NL,CL2,CBL,,4,100,,55,42,,,N,,476.0,3457.0,852.0,184.0,38.0,8.0,139.0,374.0,,,,,443.0,217.0,2.22,92.0,5.0,2.0,2637.0,818.0,7.0,217.0,402.0,389.0,69.0,0.909,Cleveland Blues,Kennard Street Park,,99.0,100.0,CLV,CL2,CL2
1883,AA,CL5,CBK,,6,97,,32,65,,,N,,476.0,3553.0,854.0,101.0,79.0,15.0,134.0,409.0,,,,,659.0,370.0,3.96,90.0,4.0,0.0,2521.0,980.0,16.0,211.0,222.0,535.0,69.0,0.874,Columbus Buckeyes,Recreation Park I,,92.0,93.0,COL,CL5,CL5
1883,AA,CN2,CIN,,3,98,,61,37,,,N,,662.0,3669.0,961.0,122.0,74.0,34.0,139.0,261.0,,,,,413.0,218.0,2.26,96.0,8.0,0.0,2600.0,766.0,17.0,168.0,215.0,383.0,57.0,0.905,Cincinnati Red Stockings,Bank Street Grounds,,106.0,99.0,CIN,CN2,CN2
1883,NL,DTN,DTN,,7,101,,40,58,,,N,,524.0,3726.0,931.0,164.0,48.0,13.0,166.0,378.0,,,,,650.0,354.0,3.56,89.0,5.0,2.0,2683.0,1026.0,22.0,184.0,324.0,470.0,77.0,0.893,Detroit Wolverines,Recreation Park,,95.0,99.0,DTN,DTN,DTN
1883,AA,LS2,LOU,,5,98,,52,45,,,N,,564.0,3553.0,892.0,114.0,64.0,14.0,141.0,304.0,,,,,562.0,340.0,3.5,96.0,7.0,0.0,2621.0,987.0,7.0,110.0,269.0,478.0,67.0,0.886,Louisville Eclipse,Eclipse Park I,,93.0,91.0,LOU,LS2,LS2
1883,NL,NY1,SFG,,6,98,,46,50,,,N,,530.0,3524.0,900.0,139.0,69.0,24.0,127.0,297.0,,,,,577.0,283.0,2.94,87.0,5.0,0.0,2598.0,907.0,19.0,170.0,323.0,468.0,52.0,0.889,New York Gothams,Polo Grounds I,,99.0,99.0,NYG,NY1,NY1
1883,AA,NY4,NYP,,4,97,,54,42,,,N,,498.0,3534.0,883.0,111.0,58.0,6.0,142.0,259.0,,,,,405.0,282.0,2.9,97.0,6.0,0.0,2622.0,751.0,12.0,133.0,478.0,391.0,45.0,0.905,New York Metropolitans,Polo Grounds I West Diamond,,109.0,106.0,NYP,NY4,NY4
1883,AA,PH4,PHA,,1,98,,66,32,,,Y,,720.0,3712.0,974.0,149.0,50.0,20.0,200.0,268.0,,,,,547.0,279.0,2.88,92.0,1.0,0.0,2619.0,921.0,22.0,95.0,347.0,584.0,40.0,0.865,Philadelphia Athletics,Jefferson Street Grounds,,108.0,105.0,PHA,PH4,PH4
1883,NL,PHI,PHI,,8,99,,17,81,,,N,,437.0,3576.0,859.0,181.0,48.0,3.0,141.0,355.0,,,,,887.0,513.0,5.34,91.0,3.0,0.0,2594.0,1267.0,20.0,125.0,253.0,639.0,62.0,0.858,Philadelphia Quakers,Recreation Park,,91.0,98.0,PHI,PHI,PHI
1883,NL,PRO,PRO,,3,98,,58,40,,,N,,636.0,3685.0,1001.0,189.0,59.0,21.0,149.0,309.0,,,,,436.0,229.0,2.37,88.0,4.0,1.0,2613.0,827.0,12.0,111.0,376.0,419.0,75.0,0.903,Providence Grays,Messer Street Grounds,,103.0,99.0,PRO,PRO,PRO
1883,AA,PT1,PIT,,7,98,,31,67,,,N,,525.0,3607.0,892.0,120.0,58.0,13.0,164.0,345.0,,,,,728.0,445.0,4.62,82.0,1.0,1.0,2603.0,1140.0,21.0,151.0,271.0,504.0,55.0,0.884,Pittsburg Alleghenys,Exposition Park I,,94.0,98.0,PIT,PT1,PT1
1883,AA,SL4,STL,,2,98,,65,33,,,N,,549.0,3495.0,891.0,118.0,46.0,7.0,124.0,240.0,,,,,409.0,218.0,2.23,93.0,9.0,1.0,2638.0,729.0,7.0,150.0,325.0,388.0,62.0,0.909,St. Louis Browns,Sportsman's Park I,,106.0,106.0,STL,SL4,SL4
1884,UA,ALT,ALT,,10,25,,6,19,,,N,,90.0,899.0,223.0,30.0,6.0,2.0,22.0,130.0,,,,,216.0,114.0,4.67,20.0,0.0,0.0,659.0,292.0,3.0,52.0,93.0,156.0,4.0,0.862,Altoona Mountain City,Columbia Park,,101.0,109.0,ALT,ALT,ALT
1884,NL,BFN,BUF,,3,114,,64,47,,,N,N,700.0,4197.0,1099.0,163.0,69.0,39.0,215.0,458.0,,,,,626.0,328.0,2.95,108.0,14.0,1.0,3003.0,1041.0,46.0,189.0,534.0,462.0,71.0,0.905,Buffalo Bisons,Olympic Park I,,103.0,105.0,BUF,BFN,BFN
1884,AA,BL2,BLO,,6,108,,63,43,,,N,N,636.0,3845.0,896.0,133.0,84.0,32.0,211.0,545.0,,,64.0,,515.0,288.0,2.71,105.0,8.0,1.0,2867.0,869.0,16.0,219.0,635.0,461.0,61.0,0.899,Baltimore Orioles,Oriole Park,,104.0,107.0,BAL,BL2,BL2
1884,UA,BLU,BLU,,4,105,,58,47,,,N,,662.0,3883.0,952.0,150.0,26.0,17.0,144.0,652.0,,,,,627.0,317.0,3.01,92.0,4.0,0.0,2840.0,1002.0,24.0,177.0,628.0,616.0,53.0,0.872,Baltimore Monumentals,Belair Lot,,109.0,109.0,BLU,BLU,BLU
1884,AA,BR3,LAD,,9,109,,40,64,,,N,N,476.0,3763.0,845.0,112.0,47.0,16.0,179.0,417.0,,,16.0,,644.0,400.0,3.79,105.0,6.0,0.0,2846.0,996.0,20.0,163.0,378.0,520.0,68.0,0.889,Brooklyn Atlantics,Washington Park I,,100.0,102.0,BRO,BR3,BR3
1884,NL,BSN,ATL,,2,116,,73,38,,,N,N,684.0,4189.0,1063.0,179.0,60.0,36.0,207.0,660.0,,,,,468.0,285.0,2.47,109.0,14.0,2.0,3111.0,932.0,30.0,135.0,742.0,384.0,46.0,0.922,Boston Beaneaters,South End Grounds I,,99.0,97.0,BSN,BSN,BSN
1884,UA,BSU,BRD,,5,109,,58,51,,,N,,636.0,3940.0,928.0,168.0,32.0,19.0,128.0,787.0,,,,,558.0,286.0,2.7,100.0,5.0,1.0,2860.0,885.0,17.0,110.0,753.0,633.0,39.0,0.868,Boston Reds,Dartmouth Grounds,,99.0,98.0,BOS,BSU,BSU
1884,NL,CHN,CHC,,5,112,,62,50,,,N,N,834.0,4182.0,1176.0,162.0,50.0,142.0,264.0,469.0,,,,,647.0,336.0,3.03,106.0,9.0,0.0,2992.0,1028.0,83.0,231.0,472.0,595.0,107.0,0.886,Chicago White Stockings,Lake Front Park II,,108.0,105.0,CHC,CHN,CHN
1884,UA,CHU,CPI,,6,92,,41,50,,,N,,438.0,3212.0,742.0,127.0,26.0,10.0,119.0,505.0,,,,,482.0,243.0,2.72,86.0,6.0,0.0,2411.0,743.0,12.0,137.0,679.0,459.0,38.0,0.882,Chicago/Pittsburgh (Union League),South Side Park/Exposition Park,,98.0,99.0,CPI,CHU,CHU
1884,NL,CL2,CBL,,7,113,,35,77,,,N,N,458.0,3934.0,934.0,147.0,49.0,16.0,170.0,576.0,,,,,716.0,379.0,3.43,107.0,7.0,0.0,2984.0,1046.0,35.0,269.0,482.0,512.0,75.0,0.897,Cleveland Blues,Kennard Street Park,,103.0,106.0,CLV,CL2,CL2
1884,AA,CL5,CBK,,2,110,,69,39,,,N,N,585.0,3759.0,901.0,107.0,96.0,40.0,196.0,629.0,,,59.0,,459.0,287.0,2.68,102.0,8.0,1.0,2887.0,815.0,22.0,172.0,526.0,433.0,74.0,0.908,Columbus Buckeyes,Recreation Park I,,92.0,93.0,COL,CL5,CL5
1884,AA,CN2,CIN,,5,112,,68,41,,,N,N,754.0,4090.0,1037.0,109.0,96.0,36.0,154.0,409.0,,,52.0,,512.0,364.0,3.33,111.0,11.0,0.0,2951.0,955.0,27.0,181.0,308.0,430.0,82.0,0.909,Cincinnati Red Stockings,League Park I in Cincinnati,,104.0,102.0,CIN,CN2,CN2
1884,UA,CNU,COR,,3,103,,69,36,,,N,,703.0,3786.0,1027.0,118.0,63.0,26.0,147.0,482.0,,,,,466.0,242.0,2.38,95.0,11.0,1.0,2743.0,831.0,17.0,90.0,503.0,532.0,45.0,0.882,Cincinnati Outlaw Reds,Bank Street Grounds,,111.0,107.0,COR,CNU,CNU
1884,NL,DTN,DTN,,8,114,,28,84,,,N,N,445.0,3970.0,825.0,114.0,47.0,31.0,207.0,699.0,,,,,736.0,370.0,3.38,109.0,3.0,0.0,2954.0,1097.0,36.0,245.0,488.0,550.0,60.0,0.886,Detroit Wolverines,Recreation Park,,94.0,97.0,DTN,DTN,DTN
1884,AA,IN2,IHO,,12,110,,29,78,,,N,N,462.0,3813.0,890.0,129.0,62.0,20.0,125.0,561.0,,,22.0,,755.0,438.0,4.2,107.0,2.0,0.0,2813.0,1000.0,30.0,199.0,479.0,515.0,45.0,0.889,Indianapolis Hoosiers,Seventh Street Park,,97.0,100.0,IND,IN2,IN2
1884,UA,KCU,KCU,,11,82,,16,63,,,N,,311.0,2802.0,557.0,104.0,15.0,6.0,123.0,529.0,,,,,618.0,316.0,4.05,70.0,0.0,0.0,2108.0,862.0,14.0,127.0,334.0,520.0,51.0,0.861,Kansas City Cowboys,Athletic Park,,87.0,92.0,KCC,KCU,KCU
1884,AA,LS2,LOU,,3,110,,68,40,,,N,N,573.0,3957.0,1004.0,152.0,69.0,17.0,146.0,408.0,,,34.0,,425.0,239.0,2.17,101.0,6.0,0.0,2969.0,837.0,9.0,97.0,470.0,426.0,84.0,0.912,Louisville Eclipse,Eclipse Park I,,95.0,95.0,LOU,LS2,LS2
1884,UA,MLU,MLU,,2,12,,8,4,,,N,,53.0,395.0,88.0,25.0,0.0,0.0,20.0,70.0,,,,,34.0,26.0,2.25,12.0,3.0,0.0,312.0,49.0,1.0,13.0,139.0,53.0,4.0,0.892,Milwaukee Brewers,Wright Street Grounds,,60.0,60.0,MIL,MLU,MLU
1884,NL,NY1,SFG,,4,116,,62,50,,,N,N,693.0,4124.0,1053.0,149.0,68.0,22.0,249.0,492.0,,,,,623.0,351.0,3.12,111.0,4.0,0.0,3042.0,1011.0,28.0,326.0,567.0,514.0,69.0,0.895,New York Gothams,Polo Grounds I,,105.0,102.0,NYG,NY1,NY1
1884,AA,NY4,NYP,,1,112,,75,32,,,Y,N,734.0,4012.0,1052.0,155.0,64.0,22.0,203.0,315.0,,,35.0,,423.0,269.0,2.46,110.0,9.0,0.0,2955.0,802.0,15.0,115.0,628.0,441.0,42.0,0.907,New York Metropolitans,Polo Grounds I West Diamond,,100.0,96.0,NYP,NY4,NY4
1884,AA,PH4,PHA,,7,108,,61,46,,,N,N,700.0,3959.0,1057.0,167.0,100.0,26.0,153.0,434.0,,,40.0,,546.0,360.0,3.42,105.0,5.0,0.0,2846.0,920.0,16.0,127.0,530.0,457.0,63.0,0.901,Philadelphia Athletics,Jefferson Street Grounds,,107.0,104.0,PHA,PH4,PH4
1884,NL,PHI,PHI,,6,113,,39,73,,,N,N,549.0,3998.0,934.0,149.0,39.0,14.0,209.0,512.0,,,,,824.0,428.0,3.93,106.0,3.0,1.0,2943.0,1090.0,37.0,254.0,411.0,536.0,67.0,0.888,Philadelphia Quakers,Recreation Park,,94.0,99.0,PHI,PHI,PHI
1884,UA,PHU,PHK,,8,67,,21,46,,,N,,414.0,2518.0,618.0,108.0,35.0,7.0,103.0,405.0,,,,,545.0,305.0,4.63,64.0,1.0,0.0,1780.0,726.0,7.0,105.0,310.0,501.0,36.0,0.841,Philadelphia Keystones,Keystone Park,,91.0,94.0,PHK,PHU,PHU
1884,NL,PRO,PRO,,1,114,,84,28,,,Y,Y,665.0,4093.0,987.0,153.0,43.0,21.0,300.0,469.0,,,,,388.0,185.0,1.61,107.0,16.0,2.0,3109.0,825.0,26.0,172.0,639.0,398.0,50.0,0.918,Providence Grays,Messer Street Grounds,,99.0,96.0,PRO,PRO,PRO
1884,AA,PT1,PIT,,11,110,,30,78,,,N,N,406.0,3689.0,777.0,105.0,50.0,2.0,143.0,411.0,,,41.0,,725.0,456.0,4.35,108.0,4.0,0.0,2830.0,1059.0,25.0,216.0,338.0,523.0,71.0,0.889,Pittsburg Alleghenys,Recreation Park,,97.0,101.0,PIT,PT1,PT1
1884,AA,RIC,RIC,,10,45,,12,30,,,N,N,194.0,1469.0,326.0,40.0,33.0,7.0,53.0,282.0,,,24.0,,294.0,186.0,4.52,45.0,1.0,0.0,1111.0,402.0,14.0,52.0,167.0,239.0,27.0,0.874,Richmond Virginians,Allen Pasture,,99.0,102.0,RIC,RIC,RIC
1884,AA,SL4,STL,,4,110,,67,40,,,N,N,658.0,3952.0,987.0,151.0,60.0,11.0,172.0,339.0,,,39.0,,539.0,293.0,2.67,99.0,8.0,0.0,2961.0,881.0,16.0,172.0,477.0,490.0,65.0,0.9,St. Louis Browns,Sportsman's Park I,,104.0,101.0,STL,SL4,SL4
1884,UA,SLU,SLM,,1,113,,94,19,,,Y,,887.0,4285.0,1251.0,259.0,41.0,32.0,181.0,542.0,,,,,429.0,216.0,1.96,104.0,8.0,6.0,2979.0,838.0,9.0,110.0,550.0,554.0,79.0,0.888,St. Louis Maroons,Union Base Ball Park,,99.0,98.0,SLM,SLU,SLU
1884,UA,SPU,STP,,9,9,,2,6,,,N,,24.0,272.0,49.0,13.0,1.0,0.0,7.0,47.0,,,,,57.0,25.0,3.17,7.0,1.0,0.0,213.0,72.0,1.0,27.0,44.0,47.0,6.0,0.872,St. Paul White Caps,West Seventh Street Park,,60.0,60.0,STP,SPU,SPU
1884,AA,TL1,TOL,,8,109,,46,58,,,N,N,463.0,3712.0,859.0,153.0,48.0,8.0,157.0,545.0,,,26.0,,571.0,322.0,3.06,103.0,9.0,1.0,2838.0,885.0,12.0,169.0,501.0,469.0,67.0,0.9,Toledo Blue Stockings,League Park,,103.0,105.0,TOL,TL1,TL1
1884,UA,WIL,WIL,,12,17,,2,16,,,N,,35.0,521.0,91.0,8.0,8.0,2.0,22.0,123.0,,,,,114.0,48.0,3.04,15.0,0.0,0.0,426.0,165.0,4.0,18.0,113.0,104.0,10.0,0.86,Wilmington Quicksteps,Union Street Park,,103.0,109.0,WIL,WIL,WIL
1884,AA,WS7,WST,,13,63,,12,51,,,N,N,248.0,2166.0,434.0,61.0,24.0,6.0,100.0,377.0,,,16.0,,481.0,242.0,4.01,62.0,3.0,0.0,1631.0,644.0,21.0,110.0,235.0,400.0,40.0,0.858,Washington Nationals,Athletic Park,,88.0,93.0,WAS,WS7,WS7
1884,UA,WSU,WNA,,7,112,,47,65,,,N,,572.0,3926.0,931.0,120.0,26.0,4.0,118.0,558.0,,,,,679.0,363.0,3.43,94.0,5.0,0.0,2861.0,992.0,16.0,168.0,684.0,625.0,55.0,0.869,Washington Nationals,Capitol Grounds,,96.0,98.0,WHS,WSU,WSU
1885,NL,BFN,BUF,,7,112,,38,74,,,N,N,495.0,3900.0,980.0,149.0,50.0,23.0,179.0,380.0,,,,,761.0,456.0,4.29,107.0,4.0,1.0,2868.0,1175.0,31.0,234.0,320.0,464.0,65.0,0.901,Buffalo Bisons,Olympic Park I,,103.0,105.0,BUF,BFN,BFN
1885,AA,BL2,BLO,,8,110,,41,68,,,N,N,541.0,3820.0,837.0,124.0,59.0,17.0,279.0,529.0,,,42.0,,683.0,421.0,3.9,103.0,2.0,4.0,2913.0,1059.0,12.0,222.0,395.0,419.0,71.0,0.909,Baltimore Orioles,Oriole Park,,99.0,100.0,BAL,BL2,BL2
1885,AA,BR3,LAD,,5,112,,53,59,,,N,N,624.0,3943.0,966.0,121.0,65.0,14.0,238.0,324.0,,,42.0,,650.0,381.0,3.46,110.0,3.0,1.0,2975.0,955.0,27.0,211.0,436.0,434.0,56.0,0.91,Brooklyn Grays,Washington Park I,,100.0,102.0,BRO,BR3,BR3
1885,NL,BSN,ATL,,5,113,,46,66,,,N,N,528.0,3950.0,915.0,144.0,53.0,22.0,190.0,522.0,,,,,589.0,330.0,3.03,111.0,10.0,0.0,2943.0,1045.0,26.0,188.0,480.0,478.0,79.0,0.901,Boston Beaneaters,South End Grounds I,,96.0,95.0,BSN,BSN,BSN
1885,NL,CHN,CHC,,1,113,,87,25,,,Y,N,834.0,4093.0,1079.0,184.0,75.0,54.0,340.0,429.0,,,,,470.0,252.0,2.23,108.0,14.0,4.0,3047.0,868.0,37.0,202.0,458.0,496.0,80.0,0.903,Chicago White Stockings,West Side Park I,,114.0,107.0,CHC,CHN,CHN
1885,AA,CN2,CIN,,2,112,,63,49,,,N,N,642.0,4050.0,1046.0,108.0,77.0,26.0,153.0,420.0,,,51.0,,575.0,362.0,3.26,102.0,7.0,1.0,2998.0,998.0,24.0,250.0,330.0,423.0,86.0,0.911,Cincinnati Red Stockings,League Park I in Cincinnati,,102.0,100.0,CIN,CN2,CN2
1885,NL,DTN,DTN,,6,108,,41,67,,,N,N,514.0,3773.0,917.0,149.0,66.0,25.0,216.0,451.0,,,,,582.0,305.0,2.88,105.0,6.0,1.0,2863.0,966.0,18.0,224.0,475.0,462.0,61.0,0.901,Detroit Wolverines,Recreation Park,,100.0,101.0,DTN,DTN,DTN
1885,AA,LS2,LOU,,6,112,,53,59,,,N,N,564.0,3969.0,986.0,126.0,83.0,19.0,152.0,448.0,,,25.0,,598.0,298.0,2.68,109.0,3.0,1.0,3006.0,927.0,13.0,217.0,462.0,460.0,75.0,0.905,Louisville Colonels,Eclipse Park I,,100.0,100.0,LOU,LS2,LS2
1885,NL,NY1,SFG,,2,112,,85,27,,,N,N,691.0,4029.0,1085.0,150.0,82.0,16.0,221.0,312.0,,,,,370.0,190.0,1.72,109.0,16.0,1.0,2982.0,758.0,11.0,265.0,516.0,331.0,85.0,0.929,New York Giants,Polo Grounds I,,101.0,97.0,NYG,NY1,NY1
1885,AA,NY4,NYP,,7,108,,44,64,,,N,N,526.0,3731.0,921.0,123.0,57.0,21.0,217.0,428.0,,,35.0,,688.0,432.0,4.15,103.0,2.0,0.0,2811.0,1015.0,36.0,204.0,408.0,452.0,62.0,0.901,New York Metropolitans,Polo Grounds I West Diamond,,84.0,86.0,NYP,NY4,NY4
1885,AA,PH4,PHA,,4,113,,55,57,,,N,N,764.0,4142.0,1099.0,169.0,76.0,30.0,223.0,410.0,,,45.0,,691.0,360.0,3.23,105.0,5.0,0.0,3010.0,1038.0,11.0,212.0,506.0,483.0,79.0,0.901,Philadelphia Athletics,Jefferson Street Grounds,,106.0,106.0,PHA,PH4,PH4
1885,NL,PHI,PHI,,3,111,,56,54,,,N,N,513.0,3893.0,891.0,156.0,35.0,20.0,220.0,401.0,,,,,511.0,259.0,2.39,108.0,10.0,0.0,2928.0,860.0,18.0,218.0,378.0,447.0,66.0,0.905,Philadelphia Quakers,Recreation Park,,97.0,98.0,PHI,PHI,PHI
1885,NL,PRO,PRO,,4,110,,53,57,,,N,N,442.0,3727.0,820.0,114.0,30.0,6.0,265.0,430.0,,,,,531.0,289.0,2.71,108.0,8.0,0.0,2882.0,912.0,18.0,235.0,371.0,459.0,70.0,0.903,Providence Grays,Messer Street Grounds,,97.0,95.0,PRO,PRO,PRO
1885,AA,PT1,PIT,,3,111,,56,55,,,N,N,547.0,3975.0,955.0,123.0,79.0,5.0,189.0,537.0,,,44.0,,539.0,328.0,2.92,104.0,8.0,0.0,3033.0,918.0,14.0,201.0,454.0,422.0,77.0,0.912,Pittsburg Alleghenys,Recreation Park,,100.0,99.0,PIT,PT1,PT1
1885,AA,SL4,STL,,1,112,,79,33,,,Y,N,677.0,3972.0,979.0,132.0,57.0,17.0,234.0,282.0,,,49.0,,461.0,272.0,2.44,111.0,11.0,0.0,3006.0,879.0,12.0,168.0,378.0,381.0,64.0,0.92,St. Louis Browns,Sportsman's Park I,,105.0,101.0,STL,SL4,SL4
1885,NL,SL5,SLM,,8,111,,36,72,,,N,N,390.0,3758.0,829.0,121.0,21.0,8.0,214.0,412.0,,,,,593.0,361.0,3.37,107.0,4.0,0.0,2896.0,935.0,15.0,278.0,337.0,398.0,67.0,0.916,St. Louis Maroons,Sportsman's Park I,,97.0,98.0,SLM,SL5,SL5
1886,AA,BL2,BLO,,8,139,,48,83,,,N,N,625.0,4639.0,945.0,124.0,51.0,8.0,379.0,603.0,269.0,,36.0,,878.0,547.0,4.08,134.0,5.0,0.0,3620.0,1197.0,25.0,403.0,805.0,523.0,59.0,0.91,Baltimore Orioles,Oriole Park,,98.0,99.0,BAL,BL2,BL2
1886,AA,BR3,LAD,,3,141,,76,61,,,N,N,832.0,5053.0,1261.0,196.0,80.0,16.0,433.0,523.0,248.0,,18.0,,832.0,469.0,3.42,138.0,6.0,0.0,3704.0,1202.0,17.0,464.0,540.0,610.0,87.0,0.9,Brooklyn Grays,Washington Park I,,100.0,100.0,BRO,BR3,BR3
1886,NL,BSN,ATL,,5,118,,56,61,,,N,N,657.0,4180.0,1085.0,151.0,59.0,24.0,250.0,537.0,156.0,,,,661.0,371.0,3.24,116.0,3.0,0.0,3087.0,1049.0,33.0,298.0,511.0,465.0,63.0,0.905,Boston Beaneaters,South End Grounds I,,97.0,97.0,BSN,BSN,BSN
1886,NL,CHN,CHC,,1,126,,90,34,,,Y,N,900.0,4378.0,1223.0,198.0,87.0,53.0,460.0,513.0,213.0,,,,555.0,310.0,2.54,116.0,8.0,3.0,3293.0,988.0,49.0,262.0,647.0,475.0,82.0,0.912,Chicago White Stockings,West Side Park I,,114.0,109.0,CHC,CHN,CHN
1886,AA,CN2,CIN,,5,141,,65,73,,,N,N,883.0,4915.0,1225.0,145.0,95.0,45.0,374.0,633.0,185.0,,65.0,,865.0,580.0,4.18,129.0,3.0,0.0,3743.0,1267.0,25.0,481.0,495.0,582.0,122.0,0.905,Cincinnati Red Stockings,League Park I in Cincinnati,,103.0,102.0,CIN,CN2,CN2
1886,NL,DTN,DTN,,2,126,,87,36,,,N,N,829.0,4501.0,1260.0,176.0,81.0,53.0,374.0,426.0,194.0,,,,538.0,350.0,2.85,122.0,8.0,0.0,3311.0,995.0,20.0,270.0,592.0,373.0,82.0,0.928,Detroit Wolverines,Recreation Park,,103.0,100.0,DTN,DTN,DTN
1886,NL,KCN,KCN,,7,123,,30,91,,,N,N,494.0,4236.0,967.0,177.0,48.0,19.0,269.0,608.0,96.0,,,,872.0,575.0,4.85,117.0,4.0,0.0,3200.0,1345.0,27.0,246.0,442.0,482.0,79.0,0.91,Kansas City Cowboys,Association Park,,106.0,114.0,KCN,KCN,KCN
1886,AA,LS2,LOU,,4,138,,66,70,,,N,N,833.0,4921.0,1294.0,182.0,88.0,20.0,410.0,558.0,202.0,,26.0,,805.0,412.0,3.07,131.0,5.0,2.0,3629.0,1109.0,16.0,432.0,720.0,593.0,89.0,0.901,Louisville Colonels,Eclipse Park I,,106.0,106.0,LOU,LS2,LS2
1886,NL,NY1,SFG,,3,124,,75,44,,,N,N,692.0,4298.0,1156.0,175.0,68.0,21.0,237.0,410.0,155.0,,,,558.0,338.0,2.86,119.0,3.0,1.0,3186.0,1029.0,23.0,280.0,588.0,359.0,70.0,0.929,New York Giants,Polo Grounds I,,103.0,99.0,NYG,NY1,NY1
1886,AA,NY4,NYP,,7,137,,53,82,,,N,N,628.0,4683.0,1047.0,108.0,72.0,18.0,330.0,578.0,120.0,,33.0,,766.0,462.0,3.5,134.0,5.0,0.0,3559.0,1148.0,23.0,386.0,559.0,544.0,81.0,0.907,New York Metropolitans,St. George Cricket Grounds,,96.0,100.0,NYP,NY4,NY4
1886,AA,PH4,PHA,,6,139,,63,72,,,N,N,772.0,4856.0,1142.0,192.0,82.0,21.0,378.0,697.0,284.0,,41.0,,942.0,538.0,3.97,134.0,4.0,0.0,3656.0,1309.0,35.0,388.0,513.0,637.0,99.0,0.894,Philadelphia Athletics,Jefferson Street Grounds,,101.0,102.0,PHA,PH4,PH4
1886,NL,PHI,PHI,,4,119,,71,43,,,N,N,621.0,4072.0,976.0,145.0,66.0,26.0,282.0,516.0,226.0,,,,498.0,285.0,2.45,110.0,10.0,2.0,3137.0,923.0,29.0,264.0,540.0,393.0,46.0,0.921,Philadelphia Quakers,Recreation Park,,100.0,99.0,PHI,PHI,PHI
1886,AA,PT1,PIT,,2,140,,80,57,,,N,N,810.0,4854.0,1171.0,186.0,96.0,16.0,478.0,713.0,260.0,,38.0,,647.0,385.0,2.83,137.0,15.0,1.0,3678.0,1130.0,10.0,299.0,515.0,487.0,90.0,0.917,Pittsburg Alleghenys,Recreation Park,,98.0,97.0,PIT,PT1,PT1
1886,AA,SL4,STL,,1,139,,93,46,,,Y,Y,944.0,5009.0,1365.0,206.0,85.0,20.0,400.0,425.0,336.0,,52.0,,592.0,340.0,2.49,134.0,14.0,2.0,3688.0,1087.0,13.0,329.0,583.0,494.0,96.0,0.915,St. Louis Browns,Sportsman's Park I,,105.0,100.0,STL,SL4,SL4
1886,NL,SL5,SLM,,6,126,,43,79,,,N,N,547.0,4250.0,1001.0,183.0,46.0,30.0,235.0,656.0,156.0,,,,712.0,388.0,3.24,118.0,6.0,0.0,3232.0,1050.0,34.0,392.0,501.0,452.0,92.0,0.914,St. Louis Maroons,Sportsman's Park I,,94.0,97.0,SLM,SL5,SL5
1886,NL,WS8,WNL,,8,122,,28,92,,,N,N,445.0,4082.0,856.0,135.0,51.0,23.0,265.0,582.0,143.0,,,,791.0,497.0,4.3,115.0,4.0,0.0,3123.0,1147.0,34.0,379.0,500.0,458.0,69.0,0.91,Washington Nationals,Swampdoodle Grounds,,94.0,99.0,WHS,WS8,WS8
1887,AA,BL2,BLO,,3,141,,77,58,,,N,N,975.0,4825.0,1337.0,202.0,100.0,31.0,469.0,337.0,545.0,,68.0,,861.0,524.0,3.87,132.0,8.0,0.0,3660.0,1288.0,16.0,418.0,470.0,549.0,66.0,0.907,Baltimore Orioles,Oriole Park,,94.0,95.0,BAL,BL2,BL2
1887,AA,BR3,LAD,,6,138,,60,74,,,N,N,904.0,4913.0,1281.0,200.0,82.0,25.0,456.0,357.0,409.0,,51.0,,918.0,589.0,4.47,132.0,3.0,3.0,3556.0,1348.0,27.0,454.0,332.0,562.0,88.0,0.905,Brooklyn Grays,Washington Park I,,101.0,100.0,BRO,BR3,BR3
1887,NL,BSN,ATL,,5,127,,61,60,,,N,N,834.0,4531.0,1255.0,185.0,94.0,53.0,340.0,392.0,373.0,,37.0,,792.0,539.0,4.41,123.0,4.0,1.0,3302.0,1226.0,55.0,396.0,254.0,522.0,94.0,0.905,Boston Beaneaters,South End Grounds I,,98.0,97.0,BSN,BSN,BSN
1887,NL,CHN,CHC,,3,127,,71,50,,,N,N,813.0,4350.0,1177.0,178.0,98.0,80.0,407.0,400.0,382.0,,20.0,,716.0,433.0,3.46,117.0,4.0,3.0,3378.0,1156.0,55.0,338.0,510.0,472.0,99.0,0.914,Chicago White Stockings,West Side Park I,,113.0,110.0,CHC,CHN,CHN
1887,AA,CL3,CLV,,8,133,,39,92,,,N,N,729.0,4649.0,1170.0,178.0,77.0,14.0,375.0,486.0,355.0,,46.0,,1112.0,630.0,4.99,127.0,2.0,1.0,3408.0,1472.0,34.0,533.0,332.0,576.0,97.0,0.898,Cleveland Blues,National League Park II,,97.0,101.0,CLE,CL3,CL3
1887,AA,CN2,CIN,,2,135,,81,54,,,N,N,892.0,4797.0,1285.0,179.0,102.0,37.0,382.0,379.0,527.0,,56.0,,745.0,471.0,3.58,129.0,11.0,1.0,3548.0,1202.0,28.0,396.0,330.0,484.0,106.0,0.916,Cincinnati Red Stockings,League Park I in Cincinnati,,102.0,101.0,CIN,CN2,CN2
1887,NL,DTN,DTN,,1,127,,79,45,,,Y,Y,969.0,4689.0,1404.0,213.0,126.0,55.0,352.0,258.0,267.0,,38.0,,710.0,490.0,3.95,122.0,3.0,1.0,3349.0,1172.0,52.0,344.0,337.0,394.0,92.0,0.925,Detroit Wolverines,Recreation Park,,104.0,100.0,DTN,DTN,DTN
1887,NL,IN3,IND,,8,127,,37,89,,,N,N,628.0,4368.0,1080.0,162.0,70.0,33.0,300.0,379.0,334.0,,44.0,,965.0,634.0,5.24,118.0,4.0,1.0,3264.0,1289.0,60.0,431.0,245.0,479.0,105.0,0.912,Indianapolis Hoosiers,Athletic Park I,,96.0,102.0,IND,IN3,IN3
1887,AA,LS2,LOU,,4,137,,76,60,,,N,N,956.0,4916.0,1420.0,194.0,98.0,27.0,436.0,367.0,466.0,,40.0,,854.0,512.0,3.82,133.0,3.0,1.0,3617.0,1274.0,31.0,357.0,544.0,574.0,83.0,0.903,Louisville Colonels,Eclipse Park I,,102.0,102.0,LOU,LS2,LS2
1887,NL,NY1,SFG,,4,129,,68,55,,,N,N,816.0,4516.0,1259.0,167.0,93.0,48.0,361.0,326.0,415.0,,47.0,,723.0,442.0,3.58,123.0,5.0,1.0,3335.0,1096.0,27.0,373.0,415.0,431.0,83.0,0.92,New York Giants,Polo Grounds I,,96.0,93.0,NYG,NY1,NY1
1887,AA,NY4,NYP,,7,138,,44,89,,,N,N,754.0,4821.0,1197.0,193.0,66.0,21.0,439.0,456.0,305.0,,50.0,,1093.0,693.0,5.28,132.0,1.0,0.0,3541.0,1545.0,39.0,406.0,316.0,632.0,102.0,0.894,New York Metropolitans,St. George Cricket Grounds,,96.0,100.0,NYP,NY4,NY4
1887,AA,PH4,PHA,,5,137,,64,69,,,N,N,893.0,4954.0,1370.0,231.0,84.0,29.0,321.0,379.0,476.0,,51.0,,890.0,605.0,4.59,131.0,5.0,1.0,3559.0,1227.0,29.0,433.0,417.0,528.0,95.0,0.907,Philadelphia Athletics,Jefferson Street Grounds,,100.0,100.0,PHA,PH4,PH4
1887,NL,PHI,PHI,,2,128,,75,48,,,N,N,901.0,4630.0,1269.0,213.0,89.0,47.0,385.0,346.0,355.0,,52.0,,702.0,437.0,3.47,119.0,7.0,1.0,3398.0,1173.0,48.0,305.0,435.0,471.0,76.0,0.912,Philadelphia Quakers,Philadelphia Baseball Grounds,,106.0,104.0,PHI,PHI,PHI
1887,NL,PIT,PIT,,6,125,,55,69,,,N,N,621.0,4414.0,1141.0,183.0,78.0,20.0,319.0,381.0,221.0,,38.0,,750.0,507.0,4.12,123.0,4.0,0.0,3326.0,1287.0,39.0,246.0,248.0,425.0,70.0,0.921,Pittsburg Alleghenys,Recreation Park,,93.0,93.0,PIT,PIT,PIT
1887,AA,SL4,STL,,1,137,,95,40,,,Y,N,1131.0,5048.0,1550.0,261.0,78.0,39.0,442.0,342.0,581.0,,67.0,,761.0,503.0,3.77,132.0,6.0,2.0,3598.0,1254.0,19.0,323.0,334.0,481.0,86.0,0.916,St. Louis Browns,Sportsman's Park I,,111.0,106.0,STL,SL4,SL4
1887,NL,WS8,WNL,,7,126,,46,76,,,N,N,601.0,4314.0,1039.0,149.0,63.0,47.0,269.0,339.0,334.0,,41.0,,825.0,508.0,4.19,124.0,3.0,0.0,3271.0,1216.0,47.0,299.0,396.0,483.0,77.0,0.909,Washington Nationals,Swampdoodle Grounds,,95.0,100.0,WHS,WS8,WS8
1888,AA,BL2,BLO,,5,137,,57,80,,,N,N,653.0,4656.0,1068.0,162.0,70.0,19.0,298.0,479.0,326.0,,58.0,,779.0,504.0,3.78,130.0,3.0,0.0,3601.0,1162.0,23.0,419.0,525.0,461.0,88.0,0.92,Baltimore Orioles,Oriole Park,,98.0,98.0,BAL,BL2,BL2
1888,AA,BR3,LAD,,2,143,,88,52,,,N,N,758.0,4871.0,1177.0,172.0,70.0,25.0,353.0,439.0,334.0,,56.0,,584.0,333.0,2.33,138.0,9.0,0.0,3859.0,1059.0,15.0,285.0,577.0,502.0,88.0,0.918,Brooklyn Bridegrooms,Washington Park I,,101.0,100.0,BRO,BR3,BR3
1888,NL,BSN,ATL,,4,137,,70,64,,,N,N,669.0,4834.0,1183.0,167.0,89.0,56.0,282.0,524.0,293.0,,32.0,,619.0,355.0,2.61,134.0,7.0,0.0,3676.0,1104.0,36.0,269.0,484.0,494.0,91.0,0.917,Boston Beaneaters,South End Grounds II,,104.0,102.0,BSN,BSN,BSN
1888,NL,CHN,CHC,,2,135,,77,58,,,N,N,734.0,4616.0,1201.0,147.0,95.0,77.0,290.0,563.0,287.0,,28.0,,659.0,390.0,2.96,123.0,13.0,1.0,3559.0,1139.0,63.0,308.0,588.0,417.0,112.0,0.927,Chicago White Stockings,West Side Park I,,107.0,106.0,CHC,CHN,CHN
1888,AA,CL3,CLV,,6,135,,50,82,,,N,N,651.0,4603.0,1076.0,128.0,59.0,12.0,315.0,559.0,353.0,,79.0,,839.0,484.0,3.72,131.0,6.0,1.0,3513.0,1235.0,38.0,389.0,500.0,488.0,87.0,0.915,Cleveland Blues,National League Park II,,97.0,101.0,CLE,CL3,CL3
1888,AA,CN2,CIN,,4,137,,80,54,,,N,N,745.0,4801.0,1161.0,132.0,82.0,32.0,345.0,555.0,469.0,,60.0,,628.0,375.0,2.73,132.0,10.0,2.0,3713.0,1103.0,19.0,310.0,539.0,456.0,100.0,0.923,Cincinnati Red Stockings,League Park I in Cincinnati,,105.0,104.0,CIN,CN2,CN2
1888,NL,DTN,DTN,,5,134,,68,63,,,N,N,721.0,4849.0,1275.0,177.0,72.0,51.0,307.0,396.0,193.0,,46.0,,629.0,365.0,2.74,130.0,10.0,1.0,3597.0,1115.0,44.0,183.0,522.0,463.0,83.0,0.919,Detroit Wolverines,Recreation Park,,100.0,97.0,DTN,DTN,DTN
1888,NL,IN3,IND,,7,136,,50,85,,,N,N,603.0,4623.0,1100.0,180.0,33.0,34.0,236.0,492.0,350.0,,43.0,,731.0,503.0,3.81,132.0,6.0,0.0,3563.0,1260.0,64.0,308.0,388.0,449.0,84.0,0.921,Indianapolis Hoosiers,Athletic Park II,,102.0,104.0,IND,IN3,IN3
1888,AA,KC2,KCC,,8,132,,43,89,,,N,N,579.0,4588.0,1000.0,142.0,61.0,19.0,288.0,604.0,257.0,,57.0,,896.0,552.0,4.29,128.0,4.0,0.0,3473.0,1306.0,32.0,401.0,381.0,507.0,95.0,0.914,Kansas City Cowboys,Association Park I,,106.0,112.0,KCC,KC2,KC2
1888,AA,LS2,LOU,,7,139,,48,87,,,N,N,689.0,4881.0,1177.0,183.0,67.0,14.0,322.0,604.0,318.0,,69.0,,870.0,444.0,3.25,133.0,6.0,0.0,3694.0,1265.0,28.0,281.0,599.0,609.0,75.0,0.9,Louisville Colonels,Eclipse Park I,,98.0,100.0,LOU,LS2,LS2
1888,NL,NY1,SFG,,1,137,,84,47,,,Y,Y,659.0,4747.0,1149.0,130.0,76.0,55.0,270.0,456.0,314.0,,29.0,,479.0,263.0,1.96,133.0,20.0,3.0,3624.0,907.0,27.0,307.0,726.0,432.0,76.0,0.924,New York Giants,Polo Grounds I,,99.0,96.0,NYG,NY1,NY1
1888,AA,PH4,PHA,,3,136,,81,52,,,N,N,827.0,4828.0,1209.0,183.0,89.0,31.0,303.0,473.0,434.0,,77.0,,594.0,324.0,2.41,133.0,13.0,0.0,3626.0,988.0,14.0,324.0,596.0,475.0,73.0,0.919,Philadelphia Athletics,Jefferson Street Grounds,,100.0,98.0,PHA,PH4,PH4
1888,NL,PHI,PHI,,3,131,,69,61,,,N,N,535.0,4528.0,1021.0,151.0,46.0,16.0,268.0,485.0,246.0,,51.0,,509.0,309.0,2.38,125.0,16.0,3.0,3501.0,1072.0,26.0,196.0,519.0,424.0,70.0,0.923,Philadelphia Quakers,Philadelphia Baseball Grounds,,105.0,104.0,PHI,PHI,PHI
1888,NL,PIT,PIT,,6,138,,66,68,,,N,N,534.0,4713.0,1070.0,150.0,49.0,14.0,194.0,583.0,287.0,,46.0,,580.0,357.0,2.67,135.0,13.0,0.0,3610.0,1190.0,23.0,223.0,367.0,416.0,88.0,0.927,Pittsburg Alleghenys,Recreation Park,,92.0,93.0,PIT,PIT,PIT
1888,AA,SL4,STL,,1,137,,92,43,,,Y,N,789.0,4755.0,1189.0,149.0,47.0,36.0,410.0,521.0,468.0,,50.0,,501.0,282.0,2.09,132.0,12.0,0.0,3638.0,939.0,19.0,225.0,517.0,430.0,73.0,0.924,St. Louis Browns,Sportsman's Park I,,111.0,106.0,STL,SL4,SL4
1888,NL,WS8,WNL,,8,136,,48,86,,,N,N,482.0,4546.0,944.0,98.0,49.0,30.0,246.0,499.0,331.0,,43.0,,731.0,464.0,3.54,133.0,6.0,0.0,3538.0,1157.0,50.0,298.0,406.0,494.0,69.0,0.912,Washington Nationals,Swampdoodle Grounds,,94.0,98.0,WHS,WS8,WS8
1889,AA,BL2,BLO,,5,139,,70,65,,,N,N,791.0,4756.0,1209.0,155.0,68.0,20.0,418.0,536.0,311.0,,82.0,,795.0,471.0,3.56,128.0,10.0,1.0,3576.0,1168.0,27.0,424.0,540.0,536.0,104.0,0.907,Baltimore Orioles,Oriole Park,,98.0,99.0,BAL,BL2,BL2
1889,AA,BR3,LAD,,1,138,,93,44,,,Y,N,995.0,4815.0,1265.0,188.0,79.0,47.0,550.0,401.0,389.0,,49.0,,706.0,487.0,3.61,120.0,10.0,1.0,3638.0,1205.0,33.0,400.0,471.0,421.0,92.0,0.928,Brooklyn Bridegrooms,Washington Park I,,95.0,91.0,BRO,BR3,BR3
1889,NL,BSN,ATL,,2,133,,83,45,,,N,N,826.0,4628.0,1251.0,196.0,54.0,42.0,471.0,450.0,331.0,,41.0,,626.0,435.0,3.36,121.0,10.0,5.0,3498.0,1152.0,41.0,413.0,497.0,413.0,105.0,0.926,Boston Beaneaters,South End Grounds II,,106.0,104.0,BSN,BSN,BSN
1889,NL,CHN,CHC,,3,136,,67,65,,,N,N,867.0,4849.0,1338.0,184.0,66.0,79.0,518.0,516.0,243.0,,30.0,,814.0,512.0,3.73,123.0,6.0,2.0,3711.0,1313.0,71.0,408.0,434.0,463.0,91.0,0.923,Chicago White Stockings,West Side Park I,,105.0,103.0,CHC,CHN,CHN
1889,NL,CL4,CLV,,6,136,,61,72,,,N,N,656.0,4673.0,1167.0,131.0,59.0,25.0,429.0,417.0,237.0,,38.0,,720.0,485.0,3.66,132.0,6.0,1.0,3575.0,1182.0,36.0,519.0,435.0,365.0,108.0,0.936,Cleveland Spiders,National League Park,,104.0,105.0,CLV,CL4,CL4
1889,AA,CL6,CLS,,6,139,,60,78,,,N,N,779.0,4816.0,1247.0,171.0,95.0,36.0,507.0,609.0,304.0,,42.0,,924.0,585.0,4.39,114.0,9.0,4.0,3597.0,1274.0,33.0,551.0,610.0,497.0,92.0,0.915,Columbus Solons,Recreation Park II,,95.0,94.0,COL,CL6,CL6
1889,AA,CN2,CIN,,4,141,,76,63,,,N,N,897.0,4844.0,1307.0,197.0,96.0,52.0,452.0,511.0,462.0,,60.0,,769.0,484.0,3.5,114.0,3.0,8.0,3729.0,1270.0,35.0,475.0,562.0,440.0,121.0,0.926,Cincinnati Red Stockings,League Park I in Cincinnati,,105.0,103.0,CIN,CN2,CN2
1889,NL,IN3,IND,,7,135,,59,75,,,N,N,819.0,4879.0,1356.0,228.0,35.0,62.0,377.0,447.0,252.0,,44.0,,894.0,633.0,4.85,109.0,3.0,2.0,3523.0,1365.0,73.0,420.0,408.0,420.0,102.0,0.926,Indianapolis Hoosiers,Athletic Park II,,102.0,104.0,IND,IN3,IN3
1889,AA,KC2,KCC,,7,139,,55,82,,,N,N,852.0,4947.0,1256.0,162.0,76.0,18.0,430.0,626.0,472.0,,66.0,,1031.0,583.0,4.36,128.0,0.0,2.0,3613.0,1373.0,51.0,457.0,447.0,611.0,109.0,0.899,Kansas City Cowboys,Exposition Park,,105.0,108.0,KCC,KC2,KC2
1889,AA,LS2,LOU,,8,140,,27,111,,,N,N,632.0,4955.0,1249.0,170.0,75.0,22.0,320.0,521.0,203.0,,41.0,,1091.0,656.0,4.81,127.0,2.0,1.0,3679.0,1529.0,43.0,475.0,451.0,584.0,117.0,0.906,Louisville Colonels,Eclipse Park I,,98.0,100.0,LOU,LS2,LS2
1889,NL,NY1,SFG,,1,131,,83,43,,,Y,Y,935.0,4671.0,1319.0,208.0,77.0,52.0,538.0,386.0,292.0,,27.0,,708.0,444.0,3.47,119.0,6.0,3.0,3450.0,1067.0,38.0,524.0,558.0,437.0,90.0,0.919,New York Giants,Polo Grounds II,,104.0,101.0,NYG,NY1,NY1
1889,AA,PH4,PHA,,3,138,,75,58,,,N,N,880.0,4868.0,1339.0,239.0,65.0,43.0,534.0,496.0,252.0,,62.0,,787.0,470.0,3.53,130.0,9.0,1.0,3598.0,1199.0,35.0,509.0,479.0,465.0,120.0,0.92,Philadelphia Athletics,Jefferson Street Grounds,,98.0,99.0,PHA,PH4,PH4
1889,NL,PHI,PHI,,4,130,,63,64,,,N,N,742.0,4695.0,1248.0,215.0,52.0,44.0,393.0,353.0,269.0,,35.0,,748.0,513.0,4.0,106.0,4.0,2.0,3460.0,1288.0,33.0,428.0,443.0,466.0,92.0,0.915,Philadelphia Quakers,Philadelphia Baseball Grounds,,109.0,108.0,PHI,PHI,PHI
1889,NL,PIT,PIT,,5,134,,61,71,,,N,N,726.0,4748.0,1202.0,209.0,65.0,42.0,420.0,467.0,231.0,,44.0,,801.0,566.0,4.51,125.0,5.0,1.0,3392.0,1296.0,42.0,374.0,345.0,385.0,94.0,0.931,Pittsburg Alleghenys,Recreation Park,,91.0,93.0,PIT,PIT,PIT
1889,AA,SL4,STL,,2,140,,90,45,,,N,N,957.0,4939.0,1312.0,211.0,64.0,58.0,493.0,477.0,336.0,,55.0,,680.0,413.0,3.0,121.0,7.0,4.0,3713.0,1166.0,39.0,413.0,617.0,438.0,100.0,0.925,St. Louis Browns,Sportsman's Park I,,113.0,110.0,STL,SL4,SL4
1889,NL,WS8,WNL,,8,127,,41,83,,,N,N,632.0,4395.0,1105.0,151.0,57.0,25.0,466.0,456.0,232.0,,43.0,,892.0,573.0,4.68,113.0,1.0,0.0,3309.0,1261.0,37.0,527.0,388.0,519.0,91.0,0.904,Washington Nationals,Swampdoodle Grounds,,94.0,98.0,WHS,WS8,WS8
1890,PL,BFP,BFB,,8,134,,36,96,,,N,,793.0,4795.0,1249.0,180.0,64.0,20.0,541.0,367.0,160.0,,96.0,,1199.0,775.0,6.11,125.0,2.0,0.0,3423.0,1499.0,67.0,673.0,351.0,491.0,116.0,0.914,Buffalo Bisons,Olympic Park II,,92.0,97.0,BUF,BFP,BFP
1890,AA,BL3,BLO,,6,38,,15,19,,,N,N,182.0,1213.0,278.0,34.0,16.0,2.0,125.0,152.0,101.0,,28.0,,192.0,140.0,4.0,36.0,1.0,0.0,946.0,307.0,3.0,123.0,134.0,109.0,21.0,0.928,Baltimore Orioles,Oriole Park,,109.0,110.0,BAL,BL3,BL3
1890,AA,BR4,BRG,,9,100,,26,72,,,N,N,492.0,3475.0,769.0,116.0,47.0,13.0,328.0,456.0,182.0,,31.0,,733.0,460.0,4.71,96.0,0.0,0.0,2637.0,1011.0,21.0,421.0,230.0,404.0,92.0,0.909,Brooklyn Gladiators,Ridgewood Park,,97.0,101.0,BRG,BR4,BR4
1890,NL,BRO,LAD,,1,129,,86,43,,,Y,N,884.0,4419.0,1166.0,184.0,75.0,43.0,517.0,361.0,349.0,,41.0,,620.0,389.0,3.06,115.0,6.0,2.0,3435.0,1102.0,27.0,401.0,403.0,320.0,92.0,0.94,Brooklyn Bridegrooms,Washington Park II,121412.0,101.0,97.0,BRO,BRO,BRO
1890,PL,BRP,BWW,,2,133,,76,56,,,N,,964.0,4887.0,1352.0,186.0,93.0,34.0,502.0,369.0,272.0,,42.0,,893.0,519.0,3.95,111.0,4.0,7.0,3552.0,1334.0,26.0,570.0,377.0,531.0,114.0,0.909,Brooklyn Ward's Wonders,Eastern Park,,106.0,105.0,BWW,BRP,BRP
1890,NL,BSN,ATL,,5,134,,76,57,,,N,N,763.0,4722.0,1220.0,175.0,62.0,31.0,530.0,515.0,285.0,,69.0,,593.0,387.0,2.93,132.0,13.0,1.0,3561.0,1132.0,27.0,354.0,506.0,359.0,77.0,0.935,Boston Beaneaters,South End Grounds II,147539.0,108.0,105.0,BSN,BSN,BSN
1890,PL,BSP,BRS,,1,133,,81,48,,,Y,,1031.0,4754.0,1352.0,236.0,79.0,58.0,661.0,449.0,426.0,,43.0,,781.0,483.0,3.73,108.0,6.0,4.0,3493.0,1311.0,49.0,480.0,351.0,466.0,110.0,0.919,Boston Reds,Congress Street Grounds,,103.0,99.0,BOS,BSP,BSP
1890,NL,CHN,CHC,,2,139,,83,53,,,N,N,847.0,4891.0,1271.0,147.0,60.0,67.0,516.0,514.0,329.0,,46.0,,692.0,446.0,3.24,126.0,6.0,3.0,3712.0,1103.0,41.0,481.0,504.0,344.0,89.0,0.94,Chicago Colts,West Side Park I,102536.0,104.0,102.0,CHC,CHN,CHN
1890,PL,CHP,CHP,,4,138,,75,62,,,N,,886.0,4968.0,1311.0,200.0,95.0,31.0,492.0,410.0,276.0,,43.0,,770.0,459.0,3.39,124.0,5.0,2.0,3658.0,1238.0,27.0,503.0,460.0,492.0,107.0,0.918,Chicago Pirates,South Side Park II,,104.0,103.0,CHI,CHP,CHP
1890,NL,CIN,CIN,,4,134,,77,55,,,N,N,753.0,4644.0,1203.0,150.0,120.0,27.0,433.0,377.0,312.0,,51.0,,633.0,369.0,2.79,124.0,9.0,1.0,3572.0,1097.0,41.0,407.0,488.0,382.0,106.0,0.932,Cincinnati Reds,League Park I in Cincinnati,131980.0,101.0,101.0,CIN,CIN,CIN
1890,NL,CL4,CLV,,7,136,,44,88,,,N,N,630.0,4633.0,1073.0,132.0,59.0,21.0,497.0,474.0,152.0,,42.0,,832.0,544.0,4.13,129.0,2.0,0.0,3553.0,1322.0,33.0,462.0,306.0,405.0,108.0,0.929,Cleveland Spiders,National League Park,47478.0,94.0,97.0,CLV,CL4,CL4
1890,AA,CL6,CLS,,2,140,,79,55,,,N,N,831.0,4741.0,1225.0,159.0,77.0,16.0,545.0,557.0,353.0,,46.0,,617.0,403.0,2.99,120.0,14.0,3.0,3644.0,976.0,20.0,471.0,624.0,396.0,101.0,0.932,Columbus Solons,Recreation Park II,,93.0,93.0,COL,CL6,CL6
1890,PL,CLP,CLI,,7,131,,55,75,,,N,,849.0,4804.0,1370.0,213.0,94.0,27.0,509.0,345.0,180.0,,49.0,,1027.0,537.0,4.23,115.0,1.0,0.0,3431.0,1386.0,45.0,571.0,325.0,533.0,103.0,0.907,Cleveland Infants,Brotherhood Park,,92.0,94.0,CLE,CLP,CLP
1890,AA,LS2,LOU,,1,134,,88,44,,,Y,N,819.0,4687.0,1310.0,156.0,65.0,15.0,410.0,460.0,341.0,,53.0,,588.0,345.0,2.57,114.0,13.0,7.0,3618.0,1120.0,18.0,293.0,587.0,380.0,79.0,0.934,Louisville Colonels,Eclipse Park I,,98.0,99.0,LOU,LS2,LS2
1890,NL,NY1,SFG,,6,135,,63,68,,,N,N,713.0,4832.0,1250.0,208.0,89.0,25.0,350.0,479.0,289.0,,50.0,,698.0,400.0,3.06,115.0,6.0,1.0,3531.0,1029.0,14.0,607.0,612.0,440.0,104.0,0.922,New York Giants,Polo Grounds II,60667.0,95.0,95.0,NYG,NY1,NY1
1890,PL,NYP,NYI,,3,132,,74,57,,,N,,1018.0,4913.0,1393.0,204.0,97.0,66.0,486.0,364.0,231.0,,31.0,,875.0,543.0,4.17,111.0,3.0,6.0,3517.0,1216.0,37.0,569.0,449.0,450.0,94.0,0.921,New York Giants,Polo Grounds III,,108.0,107.0,NYI,NYP,NYP
1890,AA,PH4,PHA,,8,132,,54,78,,,N,N,702.0,4490.0,1057.0,181.0,51.0,24.0,475.0,540.0,305.0,,87.0,,945.0,657.0,5.22,119.0,3.0,2.0,3396.0,1405.0,17.0,514.0,461.0,452.0,93.0,0.918,Philadelphia Athletics,Jefferson Street Grounds,,98.0,99.0,PHA,PH4,PH4
1890,NL,PHI,PHI,,3,133,,78,53,,,N,N,823.0,4707.0,1267.0,220.0,78.0,23.0,522.0,403.0,335.0,,64.0,,707.0,441.0,3.32,122.0,9.0,2.0,3584.0,1210.0,22.0,486.0,507.0,398.0,122.0,0.929,Philadelphia Phillies,Philadelphia Baseball Grounds,148366.0,103.0,102.0,PHI,PHI,PHI
1890,PL,PHP,PHQ,,5,132,,68,63,,,N,,941.0,4855.0,1350.0,187.0,113.0,49.0,431.0,321.0,203.0,,51.0,,855.0,520.0,4.05,118.0,4.0,2.0,3463.0,1292.0,33.0,495.0,361.0,510.0,118.0,0.91,Philadelphia Athletics,Forepaugh Park,,103.0,101.0,PHQ,PHP,PHP
1890,NL,PIT,PIT,,8,138,,23,113,,,N,N,597.0,4739.0,1088.0,160.0,43.0,20.0,408.0,458.0,208.0,,66.0,,1235.0,780.0,5.97,119.0,3.0,0.0,3529.0,1520.0,52.0,573.0,381.0,607.0,94.0,0.897,Pittsburg Alleghenys,Recreation Park,16064.0,88.0,92.0,PIT,PIT,PIT
1890,PL,PTP,PBB,,6,131,,60,68,,,N,,849.0,4677.0,1212.0,170.0,114.0,35.0,582.0,381.0,251.0,,57.0,,931.0,543.0,4.27,124.0,7.0,0.0,3431.0,1313.0,36.0,343.0,332.0,523.0,80.0,0.908,Pittsburgh Burghers,Exposition Park III,,92.0,92.0,PBB,PTP,PTP
1890,AA,RC2,ROC,,5,133,,63,63,,,N,N,709.0,4553.0,1088.0,131.0,64.0,31.0,446.0,538.0,310.0,,57.0,,711.0,460.0,3.56,122.0,5.0,2.0,3485.0,1115.0,19.0,530.0,477.0,416.0,95.0,0.926,Rochester Broncos,Culver Field I,,93.0,92.0,ROC,RC2,RC2
1890,AA,SL4,STL,,3,138,,77,58,,,N,N,870.0,4800.0,1308.0,178.0,73.0,48.0,474.0,490.0,307.0,,95.0,,736.0,488.0,3.67,118.0,4.0,1.0,3586.0,1127.0,38.0,447.0,733.0,478.0,93.0,0.916,St. Louis Browns,Sportsman's Park I,,114.0,111.0,STL,SL4,SL4
1890,AA,SR2,SYS,,7,127,,55,72,,,N,N,698.0,4469.0,1158.0,151.0,59.0,14.0,457.0,482.0,292.0,,35.0,,831.0,603.0,4.98,115.0,5.0,0.0,3269.0,1158.0,28.0,518.0,454.0,391.0,90.0,0.925,Syracuse Stars,Star Park II,,90.0,91.0,SYR,SR2,SR2
1890,AA,TL2,TLM,,4,134,,68,64,,,N,N,739.0,4575.0,1152.0,152.0,108.0,24.0,486.0,558.0,421.0,,71.0,,689.0,459.0,3.56,122.0,4.0,2.0,3478.0,1122.0,23.0,429.0,533.0,419.0,75.0,0.925,Toledo Maumees,Speranza Park,,103.0,102.0,TOL,TL2,TL2
1891,AA,BL3,BLO,,4,139,,71,64,,,N,,850.0,4771.0,1217.0,142.0,99.0,30.0,551.0,553.0,342.0,,111.0,,798.0,464.0,3.43,118.0,6.0,2.0,3651.0,1238.0,33.0,472.0,408.0,503.0,103.0,0.915,Baltimore Orioles,Union Park,,101.0,100.0,BAL,BL3,BL3
1891,NL,BRO,LAD,,6,137,,61,76,,,N,,765.0,4748.0,1233.0,200.0,69.0,23.0,465.0,435.0,337.0,,36.0,,820.0,516.0,3.86,121.0,8.0,3.0,3614.0,1272.0,40.0,459.0,407.0,432.0,73.0,0.924,Brooklyn Grooms,Eastern Park,181477.0,99.0,99.0,BRO,BRO,BRO
1891,AA,BS2,BRS,,1,139,,93,42,,,Y,,1028.0,4889.0,1341.0,163.0,100.0,52.0,651.0,499.0,447.0,,66.0,,675.0,410.0,3.03,108.0,9.0,7.0,3659.0,1158.0,42.0,497.0,524.0,392.0,115.0,0.934,Boston Reds,Congress Street Grounds,,103.0,99.0,BOS,BS2,BS2
1891,NL,BSN,ATL,,1,140,,87,51,,,Y,,847.0,4956.0,1264.0,181.0,81.0,53.0,533.0,537.0,289.0,,82.0,,658.0,381.0,2.76,126.0,9.0,6.0,3725.0,1223.0,51.0,364.0,525.0,358.0,96.0,0.938,Boston Beaneaters,South End Grounds II,184472.0,112.0,109.0,BSN,BSN,BSN
1891,IND,CBG,CBG,,2,13,3.0,5,8,,,,,68.0,328.0,84.0,12.0,4.0,0.0,27.0,38.0,25.0,,6.0,,97.0,34.0,3.92,9.0,1.0,0.0,234.0,108.0,13.0,24.0,35.0,74.0,9.0,0.83,Cuban Giants,Long Island Grounds,,,,CBG,,
1891,NL,CHN,CHC,,2,137,,82,53,,,N,,832.0,4873.0,1231.0,159.0,88.0,60.0,526.0,457.0,238.0,,50.0,,730.0,471.0,3.47,114.0,6.0,3.0,3662.0,1207.0,53.0,475.0,477.0,397.0,119.0,0.932,Chicago Colts,South Side Park I,181431.0,106.0,105.0,CHC,CHN,CHN
1891,NL,CIN,CIN,,7,138,,56,81,,,N,,646.0,4791.0,1158.0,148.0,90.0,40.0,414.0,439.0,244.0,,44.0,,790.0,481.0,3.55,125.0,6.0,1.0,3656.0,1234.0,40.0,465.0,393.0,409.0,101.0,0.931,Cincinnati Reds,League Park I in Cincinnati,97500.0,101.0,101.0,CIN,CIN,CIN
1891,NL,CL4,CLV,,5,141,,65,74,,,N,,835.0,5074.0,1295.0,183.0,88.0,22.0,519.0,464.0,242.0,,46.0,,888.0,484.0,3.5,118.0,1.0,3.0,3732.0,1371.0,24.0,476.0,400.0,485.0,86.0,0.92,Cleveland Spiders,League Park I,132000.0,104.0,103.0,CLV,CL4,CL4
1891,AA,CL6,CLS,,6,138,,61,76,,,N,,702.0,4697.0,1113.0,154.0,61.0,20.0,529.0,530.0,280.0,,37.0,,777.0,505.0,3.75,118.0,6.0,0.0,3640.0,1141.0,29.0,588.0,502.0,379.0,126.0,0.935,Columbus Solons,Recreation Park II,,95.0,93.0,COL,CL6,CL6
1891,AA,CN3,CKK,,7,102,,43,57,,,N,,549.0,3574.0,838.0,105.0,58.0,28.0,428.0,385.0,164.0,,36.0,,643.0,344.0,3.43,86.0,2.0,1.0,2706.0,921.0,20.0,446.0,331.0,389.0,68.0,0.913,Cincinnati Kelly's Killers,East End Park,,108.0,110.0,CKK,CN3,CN3
1891,IND,GOR,GOR,,1,13,3.0,8,5,,,,,97.0,347.0,108.0,11.0,7.0,13.0,23.0,35.0,21.0,,3.0,,68.0,18.0,2.03,5.0,1.0,0.0,240.0,84.0,0.0,27.0,33.0,64.0,10.0,0.853,New York Gorhams,Island Park,,,,GOR,,
1891,AA,LS2,LOU,,8,138,,54,83,,,N,,698.0,4764.0,1229.0,127.0,68.0,17.0,438.0,465.0,227.0,,68.0,,873.0,567.0,4.22,126.0,9.0,1.0,3630.0,1334.0,32.0,451.0,481.0,454.0,112.0,0.922,Louisville Colonels,Eclipse Park I,,97.0,97.0,LOU,LS2,LS2
1891,AA,ML3,MLA,,3,36,,21,15,,,N,,227.0,1271.0,332.0,58.0,15.0,13.0,107.0,114.0,47.0,,29.0,,156.0,86.0,2.5,35.0,3.0,0.0,929.0,291.0,6.0,120.0,137.0,116.0,20.0,0.922,Milwaukee Brewers,Athletic Field,,120.0,118.0,MIL,ML3,ML3
1891,NL,NY1,SFG,,3,136,,71,61,,,N,,754.0,4833.0,1271.0,189.0,72.0,46.0,438.0,394.0,224.0,,36.0,,711.0,400.0,2.99,117.0,11.0,2.0,3612.0,1098.0,26.0,593.0,651.0,384.0,104.0,0.933,New York Giants,Polo Grounds III,210568.0,96.0,96.0,NYG,NY1,NY1
1891,AA,PH4,PHQ,,5,142,,73,66,,,N,,817.0,5039.0,1301.0,182.0,123.0,55.0,447.0,548.0,149.0,,74.0,,794.0,550.0,4.01,135.0,3.0,0.0,3701.0,1274.0,35.0,520.0,533.0,389.0,109.0,0.933,Philadelphia Athletics,Athletic Park,,103.0,103.0,PHA,PH4,PH4
1891,NL,PHI,PHI,,4,138,,68,69,,,N,,756.0,4929.0,1244.0,180.0,51.0,21.0,482.0,412.0,232.0,,58.0,,773.0,510.0,3.73,105.0,3.0,5.0,3688.0,1279.0,30.0,507.0,342.0,443.0,108.0,0.925,Philadelphia Phillies,Philadelphia Baseball Grounds,217282.0,103.0,102.0,PHI,PHI,PHI
1891,NL,PIT,PIT,,8,137,,55,80,,,N,,679.0,4794.0,1148.0,148.0,71.0,29.0,427.0,503.0,205.0,,50.0,,744.0,384.0,2.89,122.0,7.0,3.0,3593.0,1160.0,30.0,465.0,446.0,475.0,76.0,0.917,Pittsburgh Pirates,Exposition Park,128000.0,97.0,98.0,PIT,PIT,PIT
1891,AA,SL4,STL,,2,139,,85,51,,,N,,959.0,4942.0,1311.0,165.0,51.0,57.0,612.0,436.0,279.0,,86.0,,738.0,433.0,3.23,101.0,8.0,10.0,3620.0,1088.0,50.0,571.0,613.0,459.0,91.0,0.92,St. Louis Browns,Sportsman's Park I,,108.0,108.0,STL,SL4,SL4
1891,AA,WS9,WAS,,9,139,,44,91,,,N,,691.0,4715.0,1183.0,147.0,84.0,19.0,468.0,485.0,219.0,,76.0,,1067.0,634.0,4.83,123.0,2.0,2.0,3543.0,1420.0,44.0,566.0,486.0,589.0,95.0,0.9,Washington Statesmen,Boundary Field,,95.0,100.0,WAS,WS9,WS9
1892,NL,BLN,BLO,,12,152,,46,101,,,N,,779.0,5296.0,1343.0,160.0,111.0,30.0,499.0,480.0,227.0,,62.0,,1020.0,618.0,4.28,131.0,2.0,2.0,3896.0,1537.0,51.0,536.0,437.0,584.0,100.0,0.91,Baltimore Orioles,Union Park,93589.0,103.0,104.0,BLN,BLN,BLN
1892,NL,BRO,LAD,,3,158,,95,59,,,N,,935.0,5485.0,1439.0,183.0,105.0,30.0,629.0,508.0,409.0,,54.0,,733.0,507.0,3.25,132.0,12.0,5.0,4217.0,1285.0,26.0,600.0,597.0,398.0,98.0,0.94,Brooklyn Grooms,Eastern Park,183727.0,96.0,96.0,BRO,BRO,BRO
1892,NL,BSN,ATL,,1,152,,102,48,,,Y,,862.0,5301.0,1325.0,203.0,51.0,34.0,526.0,492.0,338.0,,62.0,,649.0,424.0,2.86,142.0,15.0,1.0,4008.0,1156.0,41.0,460.0,514.0,454.0,128.0,0.929,Boston Beaneaters,South End Grounds II,146421.0,109.0,107.0,BSN,BSN,BSN
1892,NL,CHN,CHC,,7,146,,70,76,,,N,,635.0,5063.0,1189.0,149.0,92.0,26.0,427.0,482.0,233.0,,36.0,,735.0,456.0,3.16,133.0,6.0,1.0,3894.0,1269.0,35.0,424.0,518.0,424.0,85.0,0.932,Chicago Colts,South Side Park I,109067.0,94.0,94.0,CHC,CHN,CHN
1892,NL,CIN,CIN,,5,155,,82,68,,,N,,766.0,5349.0,1291.0,155.0,75.0,44.0,503.0,476.0,270.0,,38.0,,731.0,485.0,3.17,130.0,8.0,2.0,4132.0,1327.0,39.0,535.0,437.0,402.0,140.0,0.939,Cincinnati Reds,League Park I in Cincinnati,196473.0,99.0,99.0,CIN,CIN,CIN
1892,NL,CL4,CLV,,2,152,,93,56,,,N,,855.0,5412.0,1376.0,196.0,96.0,26.0,552.0,538.0,225.0,,40.0,,613.0,358.0,2.41,140.0,11.0,2.0,4008.0,1178.0,28.0,413.0,472.0,407.0,95.0,0.935,Cleveland Spiders,League Park I,139928.0,104.0,103.0,CLV,CL4,CL4
1892,NL,LS3,LOU,,9,154,,63,89,,,N,,649.0,5334.0,1209.0,133.0,61.0,18.0,433.0,508.0,275.0,,46.0,,804.0,499.0,3.34,147.0,9.0,0.0,4038.0,1358.0,26.0,447.0,430.0,471.0,133.0,0.928,Louisville Colonels,Eclipse Park I,131159.0,91.0,93.0,LOU,LS3,LS3
1892,NL,NY1,SFG,,8,152,,71,80,,,N,,811.0,5291.0,1329.0,173.0,85.0,39.0,510.0,474.0,301.0,,34.0,,826.0,484.0,3.29,139.0,5.0,1.0,3968.0,1165.0,32.0,635.0,650.0,565.0,97.0,0.912,New York Giants,Polo Grounds III,130566.0,99.0,98.0,NYG,NY1,NY1
1892,NL,PHI,PHI,,4,155,,87,66,,,N,,860.0,5413.0,1420.0,225.0,95.0,50.0,528.0,515.0,216.0,,54.0,,690.0,449.0,2.93,131.0,10.0,5.0,4137.0,1309.0,24.0,492.0,511.0,393.0,128.0,0.939,Philadelphia Phillies,Philadelphia Baseball Grounds,193731.0,100.0,99.0,PHI,PHI,PHI
1892,NL,PIT,PIT,,6,152,,80,73,,,N,,802.0,5469.0,1288.0,143.0,108.0,38.0,435.0,453.0,222.0,,44.0,,796.0,464.0,3.1,130.0,3.0,1.0,4042.0,1300.0,28.0,537.0,455.0,483.0,113.0,0.927,Pittsburgh Pirates,Exposition Park,177205.0,100.0,100.0,PIT,PIT,PIT
1892,NL,SLN,STL,,11,155,,56,94,,,N,,703.0,5259.0,1188.0,138.0,53.0,45.0,607.0,492.0,209.0,,52.0,,922.0,628.0,4.2,139.0,4.0,1.0,4034.0,1466.0,47.0,543.0,478.0,452.0,100.0,0.929,St. Louis Browns,Sportsman's Park I,192442.0,105.0,104.0,STL,SLN,SLN
1892,NL,WAS,WAS,,10,153,,58,93,,,N,,731.0,5204.0,1246.0,149.0,78.0,37.0,529.0,555.0,276.0,,39.0,,869.0,506.0,3.46,129.0,5.0,3.0,3946.0,1293.0,40.0,556.0,479.0,547.0,122.0,0.916,Washington Senators,Boundary Field,128279.0,97.0,99.0,WHS,WSN,WSN
1893,NL,BLN,BLO,,8,130,,60,70,,,N,,820.0,4651.0,1281.0,164.0,86.0,27.0,539.0,323.0,233.0,,70.0,,893.0,621.0,4.97,104.0,1.0,2.0,3371.0,1325.0,29.0,534.0,275.0,384.0,95.0,0.929,Baltimore Orioles,Union Park,143000.0,102.0,102.0,BLN,BLN,BLN
1893,NL,BRO,LAD,,7,130,,65,63,,,N,,775.0,4511.0,1200.0,173.0,83.0,45.0,473.0,296.0,213.0,,40.0,,845.0,583.0,4.55,109.0,3.0,3.0,3462.0,1262.0,41.0,547.0,297.0,385.0,88.0,0.93,Brooklyn Grooms,Eastern Park,235000.0,95.0,95.0,BRO,BRO,BRO
1893,NL,BSN,ATL,,1,131,,86,43,,,Y,,1008.0,4678.0,1358.0,178.0,50.0,65.0,561.0,292.0,243.0,,46.0,,795.0,573.0,4.43,114.0,2.0,2.0,3491.0,1314.0,66.0,402.0,253.0,353.0,118.0,0.936,Boston Beaneaters,South End Grounds II,193300.0,108.0,106.0,BSN,BSN,BSN
1893,NL,CHN,CHC,,9,128,,56,71,,,N,,829.0,4664.0,1299.0,186.0,93.0,32.0,466.0,261.0,255.0,,36.0,,874.0,597.0,4.81,101.0,4.0,5.0,3352.0,1278.0,26.0,553.0,273.0,421.0,92.0,0.922,Chicago Colts,South Side Park I,223500.0,103.0,104.0,CHC,CHN,CHN
1893,NL,CIN,CIN,,6,131,,65,63,,,N,,759.0,4617.0,1195.0,161.0,65.0,29.0,531.0,257.0,238.0,,48.0,,814.0,592.0,4.55,97.0,4.0,5.0,3516.0,1305.0,38.0,549.0,258.0,321.0,138.0,0.943,Cincinnati Reds,League Park I in Cincinnati,194250.0,102.0,103.0,CIN,CIN,CIN
1893,NL,CL4,CLV,,3,129,,73,55,,,N,,976.0,4747.0,1425.0,222.0,98.0,32.0,532.0,229.0,252.0,,30.0,,839.0,532.0,4.2,110.0,2.0,2.0,3421.0,1361.0,35.0,356.0,242.0,395.0,92.0,0.929,Cleveland Spiders,League Park I,130000.0,106.0,105.0,CLV,CL4,CL4
1893,NL,LS3,LOU,,11,126,,50,75,,,N,,759.0,4566.0,1185.0,177.0,73.0,19.0,485.0,306.0,203.0,,54.0,,942.0,708.0,5.9,113.0,4.0,1.0,3240.0,1431.0,38.0,479.0,190.0,330.0,111.0,0.937,Louisville Colonels,Eclipse Park II,53683.0,92.0,94.0,LOU,LS3,LS3
1893,NL,NY1,SFG,,5,136,,68,64,,,N,,941.0,4858.0,1424.0,182.0,101.0,61.0,504.0,281.0,299.0,,56.0,,845.0,578.0,4.29,111.0,6.0,4.0,3634.0,1271.0,36.0,581.0,395.0,432.0,95.0,0.927,New York Giants,Polo Grounds III,290000.0,101.0,100.0,NYG,NY1,NY1
1893,NL,PHI,PHI,,4,133,,72,57,,,N,,1011.0,5151.0,1553.0,246.0,90.0,80.0,468.0,335.0,202.0,,71.0,,841.0,618.0,4.68,107.0,4.0,2.0,3567.0,1357.0,30.0,522.0,286.0,318.0,121.0,0.944,Philadelphia Phillies,Philadelphia Baseball Grounds,293019.0,102.0,101.0,PHI,PHI,PHI
1893,NL,PIT,PIT,,2,131,,81,48,,,N,,970.0,4834.0,1447.0,176.0,127.0,37.0,537.0,274.0,210.0,,62.0,,766.0,529.0,4.08,104.0,8.0,2.0,3501.0,1232.0,29.0,504.0,280.0,347.0,112.0,0.938,Pittsburgh Pirates,Exposition Park,184000.0,98.0,98.0,PIT,PIT,PIT
1893,NL,SLN,STL,,10,135,,57,75,,,N,,745.0,4879.0,1288.0,152.0,98.0,10.0,524.0,251.0,250.0,,63.0,,829.0,545.0,4.06,114.0,3.0,4.0,3621.0,1292.0,38.0,542.0,301.0,398.0,110.0,0.93,St. Louis Browns,Robison Field,195000.0,100.0,101.0,STL,SLN,SLN
1893,NL,WAS,WAS,,12,130,,40,89,,,N,,722.0,4742.0,1258.0,180.0,83.0,23.0,523.0,237.0,154.0,,63.0,,1032.0,704.0,5.56,110.0,2.0,0.0,3417.0,1485.0,54.0,574.0,292.0,497.0,96.0,0.912,Washington Senators,Boundary Field,90000.0,97.0,99.0,WHS,WSN,WSN
1894,NL,BLN,BLO,,1,129,,89,39,,,Y,,1171.0,4799.0,1647.0,271.0,150.0,33.0,516.0,200.0,324.0,,98.0,,819.0,620.0,5.0,97.0,1.0,11.0,3349.0,1371.0,31.0,472.0,275.0,293.0,105.0,0.944,Baltimore Orioles,Union Park,328000.0,104.0,103.0,BLN,BLN,BLN
1894,NL,BRO,LAD,,5,135,,70,61,,,N,,1024.0,4851.0,1514.0,231.0,130.0,42.0,467.0,295.0,282.0,,35.0,,1020.0,723.0,5.56,106.0,3.0,5.0,3514.0,1464.0,41.0,560.0,290.0,393.0,85.0,0.928,Brooklyn Grooms,Eastern Park,214000.0,93.0,93.0,BRO,BRO,BRO
1894,NL,BSN,ATL,,3,133,,83,49,,,N,,1220.0,5011.0,1658.0,272.0,94.0,103.0,535.0,261.0,241.0,,47.0,,1002.0,701.0,5.41,108.0,3.0,2.0,3498.0,1529.0,89.0,411.0,262.0,415.0,120.0,0.925,Boston Beaneaters,South End Grounds II / Congress Street Grounds / South End Grounds III,152800.0,113.0,111.0,BSN,BSN,BSN
1894,IND,CBG,CBG,,1,1,0.0,1,0,,,,,14.0,36.0,13.0,2.0,2.0,2.0,6.0,2.0,,,0.0,,7.0,4.0,4.0,1.0,0.0,0.0,27.0,11.0,0.0,3.0,4.0,5.0,1.0,0.886,Cuban Giants,,,,,CBG,,
1894,NL,CHN,CHC,,8,136,,57,75,,,N,,1056.0,5022.0,1574.0,268.0,87.0,65.0,507.0,306.0,332.0,,36.0,,1080.0,739.0,5.72,118.0,0.0,0.0,3489.0,1575.0,43.0,569.0,284.0,458.0,115.0,0.918,Chicago Colts,West Side Park II,239000.0,106.0,106.0,CHC,CHN,CHN
1894,NL,CIN,CIN,,10,134,,55,75,,,N,,936.0,4753.0,1407.0,228.0,71.0,61.0,517.0,255.0,223.0,,41.0,,1108.0,775.0,5.99,112.0,4.0,3.0,3496.0,1616.0,85.0,500.0,223.0,430.0,122.0,0.925,Cincinnati Reds,League Park II in Cincinnati,158000.0,103.0,104.0,CIN,CIN,CIN
1894,NL,CL4,CLV,,6,130,,68,61,,,N,,932.0,4764.0,1442.0,241.0,90.0,37.0,471.0,301.0,220.0,,24.0,,896.0,621.0,4.97,106.0,6.0,2.0,3373.0,1390.0,54.0,435.0,254.0,344.0,107.0,0.935,Cleveland Spiders,League Park I,82000.0,104.0,103.0,CLV,CL4,CL4
1894,NL,LS3,LOU,,12,130,,36,94,,,N,,698.0,4519.0,1216.0,173.0,89.0,42.0,355.0,368.0,219.0,,53.0,,1019.0,675.0,5.5,114.0,2.0,1.0,3314.0,1478.0,41.0,486.0,259.0,435.0,131.0,0.919,Louisville Colonels,Eclipse Park II,75000.0,93.0,96.0,LOU,LS3,LS3
1894,NL,NY1,SFG,,2,139,,88,44,,,N,,962.0,4879.0,1469.0,199.0,96.0,45.0,489.0,219.0,326.0,,33.0,,801.0,522.0,3.82,113.0,5.0,5.0,3690.0,1310.0,37.0,546.0,403.0,454.0,103.0,0.923,New York Giants,Polo Grounds III,387000.0,99.0,99.0,NYG,NY1,NY1
1894,NL,PHI,PHI,,4,132,,71,57,,,N,,1179.0,5088.0,1780.0,258.0,137.0,40.0,510.0,254.0,285.0,,58.0,,995.0,720.0,5.63,103.0,3.0,4.0,3455.0,1522.0,62.0,479.0,266.0,351.0,114.0,0.934,Philadelphia Phillies,Philadelphia Baseball Grounds,352773.0,96.0,94.0,PHI,PHI,PHI
1894,NL,PIT,PIT,,7,133,,65,65,,,N,,965.0,4700.0,1465.0,223.0,125.0,48.0,444.0,210.0,257.0,,68.0,,981.0,731.0,5.62,106.0,2.0,0.0,3512.0,1563.0,39.0,466.0,308.0,355.0,106.0,0.936,Pittsburgh Pirates,Exposition Park,159000.0,99.0,98.0,PIT,PIT,PIT
1894,NL,SLN,STL,,9,133,,56,76,,,N,,771.0,4610.0,1320.0,171.0,113.0,54.0,442.0,289.0,190.0,,40.0,,953.0,682.0,5.29,114.0,2.0,0.0,3483.0,1418.0,48.0,500.0,319.0,426.0,109.0,0.923,St. Louis Browns,Robison Field,155000.0,100.0,102.0,STL,SLN,SLN
1894,NL,WAS,WAS,,11,132,,45,87,,,N,,882.0,4581.0,1317.0,218.0,118.0,59.0,617.0,375.0,249.0,,69.0,,1122.0,678.0,5.51,102.0,0.0,4.0,3321.0,1573.0,59.0,446.0,190.0,499.0,81.0,0.908,Washington Senators,Boundary Field,125000.0,97.0,99.0,WHS,WSN,WSN
1895,NL,BLN,BLO,,1,131,,87,43,,,Y,,1009.0,4725.0,1530.0,235.0,89.0,25.0,355.0,243.0,310.0,,106.0,,646.0,479.0,3.8,104.0,10.0,4.0,3403.0,1216.0,31.0,430.0,244.0,288.0,108.0,0.946,Baltimore Orioles,Union Park,293000.0,103.0,100.0,BLN,BLN,BLN
1895,NL,BRO,LAD,,5,133,,71,60,,,N,,879.0,4757.0,1346.0,191.0,78.0,41.0,397.0,319.0,184.0,,63.0,,838.0,635.0,4.93,104.0,5.0,6.0,3479.0,1366.0,42.0,397.0,218.0,326.0,97.0,0.941,Brooklyn Grooms,Eastern Park,230000.0,92.0,92.0,BRO,BRO,BRO
1895,NL,BSN,ATL,,6,133,,71,60,,,N,,911.0,4750.0,1377.0,198.0,57.0,54.0,505.0,239.0,200.0,,51.0,,829.0,560.0,4.25,117.0,4.0,4.0,3556.0,1376.0,56.0,367.0,377.0,365.0,106.0,0.935,Boston Beaneaters,South End Grounds III,242000.0,105.0,104.0,BSN,BSN,BSN
1895,NL,CHN,CHC,,4,133,,72,58,,,N,,866.0,4708.0,1401.0,171.0,85.0,55.0,422.0,344.0,260.0,,42.0,,854.0,597.0,4.67,119.0,3.0,1.0,3452.0,1422.0,38.0,432.0,297.0,401.0,113.0,0.928,Chicago Colts,West Side Park II,382300.0,107.0,107.0,CHC,CHN,CHN
1895,NL,CIN,CIN,,8,132,,66,64,,,N,,903.0,4684.0,1395.0,235.0,105.0,36.0,414.0,249.0,326.0,,36.0,,854.0,613.0,4.81,97.0,2.0,6.0,3442.0,1451.0,39.0,362.0,245.0,377.0,112.0,0.931,Cincinnati Reds,League Park II in Cincinnati,281000.0,104.0,104.0,CIN,CIN,CIN
1895,NL,CL4,CLV,,2,132,,84,46,,,N,,921.0,4692.0,1433.0,194.0,69.0,29.0,476.0,365.0,188.0,,49.0,,725.0,501.0,3.92,109.0,6.0,3.0,3455.0,1284.0,34.0,350.0,330.0,351.0,77.0,0.936,Cleveland Spiders,League Park I,143000.0,106.0,104.0,CLV,CL4,CL4
1895,NL,LS3,LOU,,12,132,,35,96,,,N,,698.0,4724.0,1320.0,171.0,73.0,34.0,346.0,323.0,156.0,,77.0,,1090.0,732.0,5.9,104.0,3.0,1.0,3352.0,1520.0,40.0,469.0,245.0,477.0,104.0,0.913,Louisville Colonels,Eclipse Park II,92000.0,94.0,97.0,LOU,LS3,LS3
1895,NL,NY1,SFG,,9,132,,66,65,,,N,,852.0,4605.0,1324.0,191.0,90.0,32.0,454.0,292.0,292.0,,30.0,,834.0,575.0,4.51,115.0,6.0,1.0,3442.0,1359.0,34.0,415.0,409.0,438.0,106.0,0.922,New York Giants,Polo Grounds III,240000.0,98.0,97.0,NYG,NY1,NY1
1895,NL,PHI,PHI,,3,133,,78,53,,,N,,1068.0,5037.0,1664.0,272.0,73.0,61.0,463.0,262.0,276.0,,69.0,,957.0,705.0,5.47,106.0,2.0,7.0,3483.0,1467.0,36.0,485.0,330.0,369.0,93.0,0.933,Philadelphia Phillies,Baker Bowl,474971.0,100.0,100.0,PHI,PHI,PHI
1895,NL,PIT,PIT,,7,134,,71,61,,,N,,815.0,4677.0,1355.0,192.0,89.0,27.0,378.0,301.0,257.0,,65.0,,799.0,537.0,4.1,107.0,4.0,6.0,3539.0,1279.0,19.0,500.0,383.0,394.0,95.0,0.93,Pittsburgh Pirates,Exposition Park,188000.0,95.0,95.0,PIT,PIT,PIT
1895,NL,SLN,STL,,11,136,,39,92,,,N,,752.0,4814.0,1356.0,155.0,88.0,39.0,388.0,283.0,208.0,,28.0,,1036.0,739.0,5.73,106.0,1.0,1.0,3484.0,1572.0,64.0,443.0,284.0,383.0,94.0,0.93,St. Louis Browns,Robison Field,170000.0,99.0,101.0,STL,SLN,SLN
1895,NL,WAS,WAS,,10,133,,43,85,,,N,,840.0,4615.0,1326.0,209.0,101.0,55.0,522.0,403.0,238.0,,52.0,,1052.0,649.0,5.26,99.0,0.0,5.0,3334.0,1515.0,55.0,470.0,261.0,450.0,97.0,0.917,Washington Senators,Boundary Field,153000.0,99.0,101.0,WHS,WSN,WSN
1896,NL,BLN,BLO,,1,132,,90,39,,,Y,,995.0,4719.0,1548.0,207.0,100.0,23.0,386.0,201.0,441.0,,120.0,,662.0,477.0,3.67,115.0,9.0,1.0,3505.0,1281.0,22.0,339.0,302.0,296.0,114.0,0.945,Baltimore Orioles,Union Park,249448.0,102.0,98.0,BLN,BLN,BLN
1896,NL,BRO,LAD,,10,133,,58,73,,,N,,692.0,4548.0,1292.0,174.0,87.0,28.0,344.0,269.0,198.0,,39.0,,764.0,540.0,4.25,97.0,3.0,1.0,3432.0,1353.0,39.0,400.0,259.0,297.0,104.0,0.945,Brooklyn Bridegrooms,Eastern Park,201000.0,94.0,95.0,BRO,BRO,BRO
1896,NL,BSN,ATL,,4,132,,74,57,,,N,,865.0,4723.0,1421.0,175.0,75.0,36.0,414.0,275.0,243.0,,51.0,,761.0,485.0,3.78,110.0,6.0,3.0,3467.0,1254.0,57.0,397.0,277.0,368.0,94.0,0.934,Boston Beaneaters,South End Grounds III,240000.0,106.0,104.0,BSN,BSN,BSN
1896,NL,CHN,CHC,,5,132,,71,57,,,N,,815.0,4582.0,1311.0,182.0,97.0,34.0,409.0,290.0,332.0,,35.0,,804.0,573.0,4.44,118.0,2.0,1.0,3484.0,1307.0,30.0,467.0,354.0,367.0,115.0,0.933,Chicago Colts,West Side Park II,317500.0,104.0,104.0,CHC,CHN,CHN
1896,NL,CIN,CIN,,3,128,,77,50,,,N,,783.0,4360.0,1283.0,204.0,73.0,20.0,382.0,226.0,350.0,,42.0,,620.0,452.0,3.67,105.0,12.0,4.0,3324.0,1240.0,27.0,310.0,219.0,252.0,107.0,0.951,Cincinnati Reds,League Park II in Cincinnati,373000.0,107.0,106.0,CIN,CIN,CIN
1896,NL,CL4,CLV,,2,135,,80,48,,,N,,840.0,4856.0,1463.0,207.0,72.0,28.0,436.0,316.0,175.0,,37.0,,650.0,460.0,3.46,113.0,9.0,5.0,3587.0,1363.0,27.0,280.0,336.0,288.0,117.0,0.949,Cleveland Spiders,League Park I,152000.0,106.0,104.0,CLV,CL4,CL4
1896,NL,LS3,LOU,,12,134,,38,93,,,N,,653.0,4588.0,1197.0,142.0,80.0,37.0,371.0,427.0,195.0,,45.0,,997.0,654.0,5.12,108.0,1.0,4.0,3446.0,1398.0,48.0,541.0,288.0,475.0,110.0,0.916,Louisville Colonels,Eclipse Park II,133000.0,96.0,99.0,LOU,LS3,LS3
1896,NL,NY1,SFG,,7,133,,64,67,,,N,,829.0,4661.0,1383.0,159.0,87.0,40.0,439.0,271.0,274.0,,53.0,,821.0,574.0,4.54,104.0,1.0,2.0,3410.0,1303.0,33.0,403.0,312.0,365.0,90.0,0.933,New York Giants,Polo Grounds III,274000.0,97.0,96.0,NYG,NY1,NY1
1896,NL,PHI,PHI,,8,130,,62,68,,,N,,890.0,4680.0,1382.0,234.0,84.0,49.0,438.0,297.0,191.0,,60.0,,891.0,645.0,5.2,107.0,3.0,2.0,3351.0,1473.0,39.0,387.0,243.0,313.0,112.0,0.941,Philadelphia Phillies,Baker Bowl,357025.0,99.0,99.0,PHI,PHI,PHI
1896,NL,PIT,PIT,,6,131,,66,63,,,N,,787.0,4701.0,1371.0,169.0,94.0,27.0,387.0,286.0,217.0,,58.0,,741.0,554.0,4.3,108.0,8.0,1.0,3478.0,1286.0,18.0,439.0,362.0,317.0,103.0,0.941,Pittsburgh Pirates,Exposition Park,197000.0,96.0,96.0,PIT,PIT,PIT
1896,NL,SLN,STL,,11,131,,40,90,,,N,,593.0,4520.0,1162.0,134.0,78.0,37.0,332.0,300.0,185.0,,35.0,,929.0,669.0,5.33,115.0,1.0,1.0,3392.0,1448.0,40.0,456.0,279.0,345.0,73.0,0.936,St. Louis Browns,Robison Field,184000.0,96.0,100.0,STL,SLN,SLN
1896,NL,WAS,WAS,,9,133,,58,73,,,N,,818.0,4639.0,1328.0,179.0,79.0,45.0,516.0,365.0,258.0,,61.0,,920.0,582.0,4.61,106.0,2.0,3.0,3410.0,1435.0,24.0,435.0,292.0,398.0,99.0,0.927,Washington Senators,Boundary Field,223000.0,100.0,101.0,WHS,WSN,WSN
1897,NL,BLN,BLO,,2,136,,90,40,,,N,,964.0,4872.0,1584.0,243.0,66.0,19.0,437.0,255.0,401.0,,115.0,,674.0,473.0,3.55,118.0,3.0,0.0,3593.0,1296.0,18.0,382.0,361.0,277.0,110.0,0.951,Baltimore Orioles,Union Park,273046.0,100.0,97.0,BLN,BLN,BLN
1897,NL,BRO,LAD,,7,136,,61,71,,,N,,802.0,4810.0,1343.0,202.0,72.0,24.0,351.0,251.0,187.0,,58.0,,845.0,611.0,4.6,114.0,4.0,2.0,3584.0,1417.0,34.0,410.0,256.0,364.0,99.0,0.936,Brooklyn Bridegrooms,Eastern Park,220831.0,94.0,95.0,BRO,BRO,BRO
1897,NL,BSN,ATL,,1,135,,93,39,,,Y,,1025.0,4937.0,1574.0,230.0,83.0,45.0,423.0,263.0,233.0,,47.0,,665.0,485.0,3.65,115.0,8.0,7.0,3583.0,1273.0,39.0,393.0,329.0,272.0,80.0,0.951,Boston Beaneaters,South End Grounds III,334800.0,106.0,104.0,BSN,BSN,BSN
1897,NL,CHN,CHC,,9,138,,59,73,,,N,,832.0,4803.0,1356.0,189.0,97.0,38.0,430.0,327.0,264.0,,49.0,,894.0,603.0,4.53,131.0,2.0,1.0,3591.0,1485.0,30.0,433.0,361.0,393.0,112.0,0.932,Chicago Colts,West Side Park II,327160.0,104.0,104.0,CHC,CHN,CHN
1897,NL,CIN,CIN,,4,134,,76,56,,,N,,763.0,4524.0,1311.0,219.0,69.0,22.0,380.0,216.0,194.0,,65.0,,705.0,525.0,4.09,100.0,4.0,2.0,3470.0,1375.0,18.0,329.0,270.0,273.0,100.0,0.948,Cincinnati Reds,League Park II in Cincinnati,336800.0,107.0,106.0,CIN,CIN,CIN
1897,NL,CL4,CLV,,5,130,,69,62,,,N,,773.0,4604.0,1374.0,192.0,88.0,16.0,435.0,348.0,181.0,,38.0,,680.0,491.0,3.95,111.0,6.0,0.0,3358.0,1297.0,32.0,289.0,277.0,261.0,74.0,0.95,Cleveland Spiders,League Park I,115250.0,110.0,109.0,CLV,CL4,CL4
1897,IND,CU,CIU,,1,8,,6,2,,,,,91.0,320.0,123.0,21.0,6.0,13.0,14.0,37.0,,,0.0,,76.0,36.0,4.5,7.0,0.0,0.0,216.0,69.0,6.0,36.0,19.0,36.0,6.0,0.89,Chicago Unions,Union Park,,,,CU,,
1897,IND,CXG,CXG,,2,5,,3,2,,,,,47.0,162.0,33.0,7.0,2.0,4.0,23.0,10.0,,,3.0,,39.0,19.0,3.8,5.0,0.0,0.0,135.0,53.0,5.0,11.0,27.0,31.0,4.0,0.85,Cuban X Giants,,,,,CXG,,CUX
1897,NL,LS3,LOU,,11,135,,52,78,,,N,,675.0,4587.0,1209.0,161.0,70.0,40.0,375.0,445.0,200.0,,67.0,,869.0,566.0,4.41,115.0,2.0,0.0,3465.0,1374.0,40.0,467.0,267.0,399.0,87.0,0.93,Louisville Colonels,Eclipse Park II,145210.0,97.0,99.0,LOU,LS3,LS3
1897,NL,NY1,SFG,,3,137,,83,48,,,N,,901.0,4871.0,1452.0,188.0,84.0,31.0,412.0,330.0,332.0,,67.0,,696.0,458.0,3.45,119.0,8.0,3.0,3589.0,1217.0,26.0,490.0,463.0,399.0,109.0,0.93,New York Giants,Polo Grounds III,390340.0,97.0,96.0,NYG,NY1,NY1
1897,IND,PFG,CCG,,3,1,,0,1,,,,,6.0,35.0,8.0,0.0,0.0,0.0,4.0,0.0,,,0.0,,7.0,4.0,4.5,1.0,0.0,0.0,24.0,11.0,1.0,0.0,9.0,2.0,0.0,0.933,Page Fence Giants,,,,,PFG,,
1897,NL,PHI,PHI,,10,133,,55,77,,,N,,752.0,4756.0,1392.0,213.0,83.0,40.0,399.0,302.0,163.0,,42.0,,792.0,591.0,4.6,115.0,4.0,2.0,3466.0,1415.0,28.0,364.0,253.0,296.0,72.0,0.944,Philadelphia Phillies,Baker Bowl,290027.0,97.0,97.0,PHI,PHI,PHI
1897,NL,PIT,PIT,,8,134,,60,71,,,N,,676.0,4590.0,1266.0,140.0,108.0,25.0,359.0,333.0,170.0,,67.0,,835.0,599.0,4.67,112.0,2.0,2.0,3460.0,1397.0,22.0,318.0,342.0,346.0,70.0,0.936,Pittsburgh Pirates,Exposition Park,165950.0,96.0,97.0,PIT,PIT,PIT
1897,NL,SLN,STL,,12,133,,29,102,,,N,,592.0,4673.0,1285.0,151.0,67.0,32.0,351.0,314.0,172.0,,76.0,,1088.0,779.0,6.17,110.0,1.0,1.0,3409.0,1594.0,54.0,454.0,207.0,380.0,86.0,0.932,St. Louis Browns,Robison Field,136400.0,98.0,102.0,STL,SLN,SLN
1897,NL,WAS,WAS,,6,133,,61,71,,,N,,781.0,4636.0,1376.0,194.0,77.0,36.0,374.0,345.0,208.0,,59.0,,793.0,512.0,4.01,102.0,7.0,6.0,3444.0,1383.0,27.0,400.0,348.0,369.0,103.0,0.933,Washington Senators,Boundary Field,151028.0,99.0,101.0,WHS,WSN,WSN
1898,NL,BLN,BLO,,2,153,,96,53,,,N,,933.0,5242.0,1584.0,154.0,77.0,12.0,519.0,316.0,250.0,,160.0,,623.0,426.0,2.9,138.0,12.0,0.0,3969.0,1236.0,17.0,400.0,422.0,326.0,105.0,0.947,Baltimore Orioles,Union Park,123416.0,102.0,99.0,BLN,BLN,BLN
1898,NL,BRO,LAD,,10,149,,54,91,,,N,,638.0,5126.0,1314.0,156.0,66.0,17.0,328.0,316.0,130.0,,65.0,,811.0,579.0,4.01,134.0,1.0,0.0,3896.0,1446.0,34.0,476.0,294.0,334.0,125.0,0.947,Brooklyn Bridegrooms,Washington Park III,122514.0,100.0,99.0,BRO,BRO,BRO
1898,NL,BSN,ATL,,1,152,,102,47,,,Y,,872.0,5276.0,1531.0,190.0,55.0,53.0,405.0,303.0,172.0,,32.0,,614.0,443.0,2.98,127.0,9.0,8.0,4020.0,1186.0,37.0,470.0,432.0,310.0,102.0,0.95,Boston Beaneaters,South End Grounds III,229275.0,105.0,102.0,BSN,BSN,BSN
1898,NL,CHN,CHC,,4,152,,85,65,,,N,,828.0,5219.0,1431.0,175.0,84.0,18.0,476.0,387.0,220.0,,71.0,,679.0,422.0,2.83,137.0,13.0,0.0,4028.0,1357.0,17.0,364.0,323.0,412.0,149.0,0.936,Chicago Orphans,West Side Park II,424352.0,100.0,99.0,CHC,CHN,CHN
1898,NL,CIN,CIN,,3,157,,92,60,,,N,,831.0,5334.0,1448.0,207.0,101.0,19.0,455.0,297.0,165.0,,59.0,,740.0,538.0,3.5,131.0,10.0,2.0,4156.0,1484.0,16.0,449.0,294.0,325.0,128.0,0.95,Cincinnati Reds,League Park II in Cincinnati,336378.0,107.0,106.0,CIN,CIN,CIN
1898,NL,CL4,CLV,,5,156,,81,68,,,N,,730.0,5246.0,1379.0,162.0,56.0,18.0,545.0,303.0,93.0,,46.0,,683.0,475.0,3.2,142.0,9.0,0.0,4002.0,1429.0,26.0,309.0,339.0,301.0,95.0,0.952,Cleveland Spiders,League Park I,70496.0,96.0,95.0,CLV,CL4,CL4
1898,IND,CU,CIU,,2,7,5.0,2,4,,,,,20.0,159.0,45.0,5.0,0.0,4.0,9.0,16.0,,,1.0,,23.0,16.0,3.69,3.0,0.0,0.0,117.0,39.0,1.0,9.0,14.0,11.0,2.0,0.935,Chicago Unions,Union Park,,,,CU,,
1898,IND,CXG,CXG,,1,10,0.0,7,2,,,,,30.0,188.0,50.0,7.0,1.0,1.0,11.0,19.0,0.0,,0.0,,26.0,2.0,0.38,5.0,0.0,0.0,141.0,57.0,3.0,10.0,20.0,26.0,2.0,0.884,Cuban X Giants,,,,,CXG,,CUX
1898,NL,LS3,LOU,,9,154,,70,81,,,N,,728.0,5193.0,1389.0,150.0,71.0,32.0,375.0,424.0,235.0,,66.0,,833.0,629.0,4.24,137.0,4.0,0.0,4002.0,1457.0,33.0,470.0,271.0,382.0,114.0,0.939,Louisville Colonels,Eclipse Park II,128980.0,99.0,99.0,LOU,LS3,LS3
1898,NL,NY1,SFG,,7,156,,77,73,,,N,,837.0,5349.0,1422.0,190.0,86.0,34.0,428.0,369.0,214.0,,69.0,,800.0,517.0,3.44,141.0,9.0,1.0,4061.0,1359.0,21.0,587.0,558.0,447.0,113.0,0.932,New York Giants,Polo Grounds III,265414.0,97.0,96.0,NYG,NY1,NY1
1898,NL,PHI,PHI,,6,150,,78,71,,,N,,823.0,5118.0,1431.0,238.0,81.0,33.0,472.0,380.0,182.0,,69.0,,784.0,533.0,3.72,129.0,10.0,0.0,3865.0,1440.0,23.0,399.0,325.0,379.0,102.0,0.937,Philadelphia Phillies,Baker Bowl,265414.0,96.0,95.0,PHI,PHI,PHI
1898,NL,PIT,PIT,,8,152,,72,76,,,N,,634.0,5087.0,1313.0,140.0,88.0,14.0,336.0,339.0,107.0,,74.0,,694.0,501.0,3.41,131.0,10.0,3.0,3971.0,1400.0,14.0,346.0,330.0,340.0,105.0,0.946,Pittsburgh Pirates,Exposition Park,150900.0,98.0,99.0,PIT,PIT,PIT
1898,NL,SLN,STL,,12,154,,39,111,,,N,,571.0,5214.0,1290.0,149.0,55.0,13.0,383.0,405.0,104.0,,84.0,,929.0,667.0,4.53,133.0,0.0,2.0,3973.0,1584.0,32.0,372.0,288.0,388.0,97.0,0.939,St. Louis Browns,Robison Field,151700.0,102.0,105.0,STL,SLN,SLN
1898,NL,WAS,WAS,,11,155,,51,101,,,N,,704.0,5257.0,1423.0,177.0,80.0,36.0,370.0,384.0,197.0,,70.0,,939.0,657.0,4.52,129.0,0.0,1.0,3921.0,1577.0,29.0,450.0,371.0,443.0,119.0,0.929,Washington Senators,Boundary Field,103250.0,100.0,101.0,WHS,WSN,WSN
1899,NL,BLN,BLO,,4,151,,86,62,,,N,,827.0,5073.0,1509.0,204.0,71.0,17.0,418.0,381.0,364.0,,122.0,,691.0,480.0,3.31,132.0,9.0,5.0,3913.0,1403.0,13.0,349.0,294.0,308.0,96.0,0.949,Baltimore Orioles,Union Park,121935.0,105.0,103.0,BLN,BLN,BLN
1899,NL,BRO,LAD,,1,148,,101,47,,,Y,,892.0,4937.0,1436.0,178.0,97.0,27.0,477.0,263.0,271.0,,125.0,,658.0,458.0,3.25,121.0,9.0,9.0,3808.0,1320.0,32.0,463.0,331.0,314.0,125.0,0.948,Brooklyn Superbas,Washington Park III,269641.0,102.0,102.0,BRO,BRO,BRO
1899,NL,BSN,ATL,,2,153,,95,57,,,N,,858.0,5290.0,1517.0,178.0,90.0,39.0,431.0,266.0,185.0,,43.0,,645.0,489.0,3.26,138.0,13.0,4.0,4044.0,1273.0,44.0,432.0,385.0,303.0,124.0,0.952,Boston Beaneaters,South End Grounds III,200384.0,109.0,108.0,BSN,BSN,BSN
1899,IND,CCG,CCG,,1,4,3.0,3,1,,,,,15.0,132.0,38.0,5.0,0.0,3.0,5.0,6.0,,,3.0,,9.0,6.0,1.5,4.0,1.0,0.0,108.0,25.0,2.0,14.0,7.0,6.0,4.0,0.964,Chicago Columbia Giants,Columbia Park,,,,CCG,,
1899,NL,CHN,CHC,,8,152,,75,73,,,N,,812.0,5148.0,1428.0,173.0,82.0,27.0,406.0,346.0,247.0,,64.0,,763.0,498.0,3.37,147.0,8.0,1.0,3994.0,1433.0,20.0,330.0,313.0,428.0,145.0,0.935,Chicago Orphans,West Side Park II,352130.0,97.0,97.0,CHC,CHN,CHN
1899,NL,CIN,CIN,,6,157,,83,67,,,N,,861.0,5259.0,1448.0,195.0,106.0,13.0,487.0,296.0,228.0,,67.0,,777.0,564.0,3.7,131.0,8.0,5.0,4119.0,1494.0,26.0,372.0,361.0,341.0,113.0,0.947,Cincinnati Reds,League Park II in Cincinnati,259536.0,102.0,102.0,CIN,CIN,CIN
1899,NL,CL4,CLV,,12,154,,20,134,,,N,,529.0,5279.0,1333.0,142.0,50.0,12.0,289.0,280.0,127.0,,65.0,,1252.0,894.0,6.37,138.0,0.0,0.0,3792.0,1844.0,43.0,527.0,215.0,388.0,121.0,0.937,Cleveland Spiders,League Park I,6088.0,89.0,96.0,CLV,CL4,CL4
1899,IND,CU,CIU,,3,19,4.0,8,11,,,,,41.0,236.0,64.0,8.0,2.0,4.0,20.0,22.0,,,5.0,,36.0,24.0,3.48,7.0,0.0,0.0,186.0,67.0,3.0,14.0,28.0,20.0,4.0,0.931,Chicago Unions,Union Park,,,,CU,,
1899,IND,CXG,CXG,,2,19,0.0,11,8,,,,,50.0,250.0,82.0,12.0,4.0,5.0,15.0,25.0,0.0,,2.0,,52.0,35.0,5.05,7.0,0.0,0.0,187.0,76.0,4.0,13.0,15.0,22.0,7.0,0.923,Cuban X Giants,,,,,CXG,,CUX
1899,NL,LS3,LOU,,9,156,,75,77,,,N,,833.0,5336.0,1491.0,195.0,70.0,40.0,437.0,372.0,234.0,,78.0,,782.0,519.0,3.43,135.0,5.0,2.0,4081.0,1517.0,35.0,325.0,288.0,399.0,103.0,0.939,Louisville Colonels,Eclipse Park II,109319.0,100.0,100.0,LOU,LS3,LS3
1899,NL,NY1,SFG,,10,152,,60,90,,,N,,741.0,5125.0,1441.0,165.0,66.0,23.0,389.0,357.0,235.0,,46.0,,868.0,613.0,4.27,139.0,4.0,0.0,3872.0,1463.0,19.0,630.0,402.0,434.0,142.0,0.932,New York Giants,Polo Grounds III,121384.0,97.0,97.0,NYG,NY1,NY1
1899,NL,PHI,PHI,,3,154,,94,58,,,N,,916.0,5353.0,1613.0,241.0,83.0,31.0,441.0,337.0,212.0,,75.0,,743.0,514.0,3.47,129.0,15.0,2.0,4000.0,1398.0,17.0,370.0,281.0,379.0,110.0,0.94,Philadelphia Phillies,Baker Bowl,388933.0,97.0,96.0,PHI,PHI,PHI
1899,NL,PIT,PIT,,7,155,,76,73,,,N,,841.0,5486.0,1582.0,196.0,121.0,29.0,386.0,344.0,179.0,,63.0,,771.0,551.0,3.61,118.0,9.0,4.0,4119.0,1471.0,27.0,438.0,338.0,363.0,100.0,0.945,Pittsburgh Pirates,Exposition Park,251834.0,100.0,99.0,PIT,PIT,PIT
1899,NL,SLN,STL,,5,155,,84,67,,,N,,819.0,5304.0,1514.0,172.0,88.0,47.0,468.0,264.0,210.0,,33.0,,739.0,500.0,3.36,134.0,7.0,1.0,4022.0,1476.0,41.0,321.0,331.0,397.0,117.0,0.939,St. Louis Perfectos,Robison Field,373909.0,102.0,103.0,STL,SLN,SLN
1899,NL,WAS,WAS,,11,155,,54,98,,,N,,743.0,5256.0,1429.0,162.0,87.0,47.0,350.0,343.0,176.0,,87.0,,983.0,713.0,4.93,131.0,3.0,0.0,3901.0,1649.0,35.0,422.0,328.0,403.0,99.0,0.935,Washington Senators,Boundary Field,86392.0,99.0,101.0,WHS,WSN,WSN
1900,NL,BRO,LAD,,1,141,,82,54,,,Y,,816.0,4860.0,1423.0,199.0,81.0,26.0,421.0,269.0,274.0,,81.0,,722.0,530.0,3.89,104.0,8.0,4.0,3677.0,1370.0,30.0,405.0,300.0,303.0,102.0,0.948,Brooklyn Superbas,Washington Park III,183000.0,106.0,104.0,BRO,BRO,BRO
1900,NL,BSN,ATL,,4,142,,66,72,,,N,,778.0,4952.0,1403.0,163.0,68.0,48.0,395.0,270.0,182.0,,45.0,,739.0,513.0,3.72,116.0,8.0,2.0,3721.0,1263.0,59.0,463.0,340.0,273.0,86.0,0.953,Boston Beaneaters,South End Grounds III,202000.0,112.0,111.0,BSN,BSN,BSN
1900,IND,CCG,CCG,,1,5,4.0,3,1,,,,,15.0,139.0,37.0,9.0,1.0,2.0,6.0,8.0,1.0,,2.0,,13.0,8.0,1.95,4.0,1.0,0.0,111.0,28.0,1.0,13.0,23.0,10.0,2.0,0.943,Chicago Columbia Giants,Columbia Park,,,,CCG,,
1900,NL,CHN,CHC,,6,146,,65,75,,,N,,635.0,4907.0,1276.0,202.0,51.0,33.0,343.0,375.0,189.0,,65.0,,751.0,456.0,3.23,137.0,9.0,1.0,3813.0,1375.0,21.0,324.0,357.0,418.0,98.0,0.933,Chicago Orphans,West Side Park II,248577.0,96.0,98.0,CHC,CHN,CHN
1900,NL,CIN,CIN,,7,144,,62,77,,,N,,703.0,5026.0,1335.0,178.0,83.0,33.0,333.0,408.0,183.0,,50.0,,745.0,543.0,3.83,118.0,9.0,1.0,3824.0,1383.0,28.0,404.0,399.0,341.0,120.0,0.945,Cincinnati Reds,League Park II in Cincinnati,170000.0,98.0,99.0,CIN,CIN,CIN
1900,IND,CU,CIU,,2,10,1.0,6,3,,,,,9.0,101.0,23.0,4.0,1.0,1.0,4.0,15.0,1.0,,1.0,,5.0,4.0,1.29,3.0,1.0,0.0,84.0,24.0,1.0,4.0,6.0,3.0,3.0,0.977,Chicago Unions,Union Park,,,,CU,,
1900,NL,NY1,SFG,,8,141,,60,78,,,N,,713.0,4724.0,1317.0,177.0,61.0,23.0,369.0,345.0,236.0,,56.0,,823.0,531.0,3.96,113.0,4.0,0.0,3622.0,1423.0,26.0,442.0,277.0,439.0,124.0,0.928,New York Giants,Polo Grounds III,190000.0,95.0,98.0,NYG,NY1,NY1
1900,NL,PHI,PHI,,3,141,,75,63,,,N,,810.0,4969.0,1439.0,187.0,82.0,29.0,440.0,377.0,205.0,,72.0,,792.0,572.0,4.12,116.0,7.0,3.0,3746.0,1506.0,29.0,402.0,284.0,330.0,125.0,0.945,Philadelphia Phillies,Baker Bowl,301913.0,99.0,98.0,PHI,PHI,PHI
1900,NL,PIT,PIT,,2,140,,79,60,,,N,,733.0,4817.0,1312.0,185.0,100.0,26.0,327.0,319.0,174.0,,63.0,,612.0,418.0,3.06,114.0,11.0,1.0,3687.0,1232.0,24.0,295.0,415.0,322.0,106.0,0.945,Pittsburgh Pirates,Exposition Park,264000.0,101.0,98.0,PIT,PIT,PIT
1900,NL,SLN,STL,,5,141,,65,75,,,N,,744.0,4877.0,1420.0,141.0,81.0,36.0,406.0,318.0,243.0,,81.0,,748.0,507.0,3.75,117.0,12.0,0.0,3652.0,1373.0,37.0,299.0,325.0,331.0,73.0,0.943,St. Louis Cardinals,Robison Field,270000.0,99.0,98.0,STL,SLN,SLN
1901,AL,BLA,NYY,,5,134,66.0,68,65,,,N,,760.0,4589.0,1348.0,179.0,111.0,24.0,369.0,373.0,207.0,,52.0,,750.0,480.0,3.73,115.0,4.0,3.0,3474.0,1313.0,21.0,344.0,271.0,401.0,76.0,0.926,Baltimore Orioles,Oriole Park,141952.0,104.0,105.0,BLA,BLA,BLA
1901,AL,BOS,BOS,,2,138,69.0,79,57,,,N,,759.0,4866.0,1353.0,183.0,104.0,37.0,331.0,281.0,157.0,,47.0,,608.0,411.0,3.04,123.0,7.0,1.0,3651.0,1178.0,33.0,294.0,396.0,337.0,104.0,0.943,Boston Americans,Huntington Avenue Grounds,289448.0,98.0,96.0,BOS,BOS,BOS
1901,NL,BRO,LAD,,3,137,68.0,79,57,,,N,,744.0,4879.0,1399.0,206.0,93.0,32.0,312.0,446.0,178.0,,41.0,,600.0,424.0,3.14,111.0,7.0,5.0,3641.0,1244.0,18.0,435.0,583.0,281.0,99.0,0.95,Brooklyn Superbas,Washington Park III,198200.0,103.0,101.0,BRO,BRO,BRO
1901,NL,BSN,ATL,,5,140,70.0,69,69,,,N,,531.0,4746.0,1180.0,135.0,36.0,28.0,303.0,518.0,158.0,,34.0,,556.0,407.0,2.9,128.0,11.0,0.0,3789.0,1196.0,29.0,349.0,558.0,282.0,89.0,0.952,Boston Beaneaters,South End Grounds III,146502.0,109.0,109.0,BSN,BSN,BSN
1901,IND,CCG,CCG,,1,2,,2,0,,,,,3.0,34.0,10.0,1.0,1.0,0.0,2.0,2.0,1.0,,2.0,,2.0,1.0,1.0,1.0,0.0,0.0,27.0,7.0,0.0,2.0,7.0,2.0,2.0,0.949,Chicago Columbia Giants,Columbia Park,,,,CCG,,
1901,AL,CHA,CHW,,1,137,71.0,83,53,,,Y,,819.0,4725.0,1303.0,173.0,89.0,32.0,475.0,336.0,280.0,,62.0,,631.0,403.0,2.98,110.0,11.0,2.0,3655.0,1250.0,27.0,312.0,394.0,345.0,100.0,0.941,Chicago White Sox,South Side Park II,354350.0,97.0,95.0,CHW,CHA,CHA
1901,NL,CHN,CHC,,6,140,70.0,53,86,,,N,,578.0,4844.0,1250.0,153.0,61.0,18.0,314.0,530.0,204.0,,52.0,,699.0,460.0,3.33,131.0,2.0,0.0,3725.0,1348.0,27.0,324.0,586.0,336.0,87.0,0.943,Chicago Orphans,West Side Park II,205071.0,96.0,98.0,CHC,CHN,CHN
1901,NL,CIN,CIN,,8,142,72.0,52,87,,,N,,561.0,4914.0,1232.0,173.0,70.0,38.0,323.0,587.0,137.0,,42.0,,818.0,587.0,4.17,126.0,4.0,0.0,3797.0,1469.0,51.0,365.0,542.0,355.0,102.0,0.94,Cincinnati Reds,League Park II in Cincinnati,205728.0,94.0,96.0,CIN,CIN,CIN
1901,AL,CLE,CLE,,7,138,69.0,54,82,,,N,,666.0,4833.0,1311.0,197.0,68.0,12.0,243.0,322.0,125.0,,48.0,,831.0,541.0,4.12,122.0,7.0,4.0,3547.0,1365.0,22.0,464.0,334.0,329.0,99.0,0.942,Cleveland Blues,League Park I,131380.0,96.0,97.0,CLE,CLE,CLE
1901,AL,DET,DET,,3,135,70.0,74,61,,,N,,741.0,4676.0,1303.0,180.0,80.0,29.0,380.0,348.0,204.0,,54.0,,694.0,436.0,3.3,118.0,8.0,2.0,3566.0,1328.0,22.0,313.0,307.0,410.0,127.0,0.93,Detroit Tigers,Bennett Park,259430.0,105.0,105.0,DET,DET,DET
1901,AL,MLA,BAL,,8,139,70.0,48,89,,,N,,641.0,4795.0,1250.0,192.0,66.0,26.0,325.0,387.0,176.0,,46.0,,828.0,549.0,4.06,107.0,3.0,3.0,3654.0,1383.0,32.0,395.0,376.0,393.0,106.0,0.934,Milwaukee Brewers,Lloyd Street Grounds,139034.0,95.0,98.0,MLA,MLA,MLA
1901,NL,NY1,SFG,,7,141,71.0,52,85,,,N,,544.0,4839.0,1225.0,167.0,46.0,19.0,303.0,578.0,133.0,,45.0,,755.0,530.0,3.87,118.0,11.0,1.0,3696.0,1389.0,24.0,377.0,542.0,348.0,81.0,0.941,New York Giants,Polo Grounds III,297650.0,96.0,100.0,NYG,NY1,NY1
1901,AL,PHA,OAK,,4,137,66.0,74,62,,,N,,805.0,4882.0,1409.0,239.0,87.0,35.0,301.0,344.0,173.0,,52.0,,760.0,534.0,4.0,124.0,6.0,1.0,3602.0,1346.0,20.0,374.0,350.0,337.0,93.0,0.942,Philadelphia Athletics,Columbia Park,206329.0,104.0,103.0,PHA,PHA,PHA
1901,NL,PHI,PHI,,2,140,69.0,83,57,,,N,,668.0,4793.0,1275.0,194.0,58.0,24.0,430.0,550.0,199.0,,62.0,,543.0,397.0,2.87,125.0,15.0,2.0,3740.0,1221.0,19.0,259.0,480.0,262.0,65.0,0.954,Philadelphia Phillies,Baker Bowl,234937.0,102.0,102.0,PHI,PHI,PHI
1901,NL,PIT,PIT,,1,140,69.0,90,49,,,Y,,776.0,4913.0,1407.0,182.0,92.0,29.0,386.0,497.0,203.0,,52.0,,534.0,357.0,2.58,119.0,15.0,4.0,3734.0,1198.0,20.0,244.0,505.0,287.0,97.0,0.95,Pittsburgh Pirates,Exposition Park,251955.0,103.0,98.0,PIT,PIT,PIT
1901,NL,SLN,STL,,4,142,72.0,76,64,,,N,,792.0,5039.0,1430.0,187.0,94.0,39.0,314.0,540.0,190.0,,90.0,,689.0,519.0,3.68,118.0,5.0,5.0,3809.0,1333.0,39.0,332.0,445.0,305.0,108.0,0.949,St. Louis Cardinals,Robison Field,379988.0,95.0,96.0,STL,SLN,SLN
1901,AL,WS1,MIN,,6,138,68.0,61,72,,,N,,682.0,4772.0,1282.0,191.0,83.0,33.0,356.0,339.0,127.0,,51.0,,771.0,538.0,4.09,118.0,8.0,2.0,3549.0,1396.0,51.0,284.0,308.0,323.0,97.0,0.943,Washington Senators,American League Park I,161661.0,98.0,100.0,WSH,WS1,WS1
1902,AL,BLA,NYY,,8,140,64.0,50,88,,,N,,715.0,4760.0,1318.0,202.0,107.0,33.0,417.0,424.0,189.0,,54.0,,848.0,582.0,4.33,119.0,3.0,1.0,3631.0,1531.0,30.0,354.0,258.0,357.0,109.0,0.938,Baltimore Orioles,Oriole Park,174606.0,104.0,105.0,BLA,BLA,BLA
1902,AL,BOS,BOS,,3,138,71.0,77,60,,,N,,664.0,4875.0,1356.0,195.0,95.0,42.0,275.0,371.0,132.0,,42.0,,600.0,416.0,3.02,123.0,6.0,1.0,3714.0,1217.0,27.0,326.0,431.0,263.0,101.0,0.955,Boston Americans,Huntington Avenue Grounds,348567.0,103.0,100.0,BOS,BOS,BOS
1902,NL,BRO,LAD,,2,141,69.0,75,63,,,N,,564.0,4845.0,1242.0,147.0,49.0,19.0,319.0,491.0,145.0,,62.0,,519.0,376.0,2.69,131.0,14.0,3.0,3768.0,1113.0,10.0,363.0,536.0,275.0,79.0,0.952,Brooklyn Superbas,Washington Park III,199868.0,101.0,99.0,BRO,BRO,BRO
1902,NL,BSN,ATL,,3,141,72.0,73,64,,,N,,572.0,4728.0,1178.0,142.0,39.0,14.0,398.0,483.0,189.0,,43.0,,516.0,365.0,2.61,124.0,14.0,4.0,3779.0,1233.0,16.0,372.0,523.0,240.0,90.0,0.959,Boston Beaneaters,South End Grounds III,116960.0,101.0,102.0,BSN,BSN,BSN
1902,WES,CCG,CCG,,2,3,,1,2,,,,,19.0,103.0,30.0,6.0,1.0,1.0,15.0,20.0,,,0.0,,23.0,19.0,6.33,1.0,0.0,0.0,81.0,28.0,0.0,11.0,11.0,9.0,3.0,0.929,Chicago Columbia Giants,South Side Park III,,,,CCG,,
1902,AL,CHA,CHW,,4,138,72.0,74,60,,,N,,675.0,4654.0,1248.0,170.0,50.0,14.0,411.0,379.0,265.0,,36.0,,602.0,463.0,3.41,116.0,11.0,0.0,3664.0,1269.0,30.0,331.0,346.0,257.0,125.0,0.955,Chicago White Sox,South Side Park II,337898.0,96.0,95.0,CHW,CHA,CHA
1902,NL,CHN,CHC,,5,143,70.0,68,69,,,N,,544.0,4870.0,1224.0,133.0,40.0,6.0,358.0,566.0,229.0,,44.0,,505.0,315.0,2.19,134.0,17.0,2.0,3880.0,1244.0,7.0,281.0,447.0,331.0,113.0,0.946,Chicago Orphans,West Side Park II,263700.0,97.0,97.0,CHC,CHN,CHN
1902,NL,CIN,CIN,,4,141,70.0,70,70,,,N,,633.0,4908.0,1383.0,188.0,77.0,18.0,297.0,467.0,131.0,,39.0,,566.0,368.0,2.67,130.0,9.0,1.0,3717.0,1228.0,15.0,352.0,430.0,322.0,118.0,0.945,Cincinnati Reds,Palace of the Fans,217300.0,109.0,108.0,CIN,CIN,CIN
1902,AL,CLE,CLE,,5,137,65.0,69,67,,,N,,686.0,4840.0,1401.0,248.0,68.0,33.0,308.0,353.0,140.0,,35.0,,667.0,439.0,3.28,116.0,16.0,3.0,3613.0,1199.0,26.0,411.0,361.0,287.0,96.0,0.95,Cleveland Bronchos,League Park I,275395.0,96.0,96.0,CLE,CLE,CLE
1902,AL,DET,DET,,7,137,67.0,52,83,,,N,,566.0,4644.0,1167.0,141.0,55.0,22.0,359.0,289.0,130.0,,53.0,,657.0,471.0,3.56,116.0,9.0,3.0,3572.0,1267.0,20.0,370.0,245.0,332.0,111.0,0.943,Detroit Tigers,Bennett Park,189469.0,105.0,105.0,DET,DET,DET
1902,NL,NY1,SFG,,8,141,71.0,48,88,,,N,,405.0,4632.0,1097.0,147.0,34.0,6.0,254.0,544.0,187.0,,40.0,,604.0,395.0,2.86,120.0,11.0,1.0,3727.0,1217.0,16.0,337.0,508.0,337.0,107.0,0.943,New York Giants,Polo Grounds III,302875.0,99.0,101.0,NYG,NY1,NY1
1902,AL,PHA,OAK,,1,137,73.0,83,53,,,Y,,775.0,4762.0,1369.0,235.0,67.0,38.0,343.0,288.0,201.0,,38.0,,636.0,444.0,3.29,114.0,5.0,2.0,3649.0,1292.0,33.0,368.0,455.0,270.0,75.0,0.953,Philadelphia Athletics,Columbia Park,420078.0,104.0,103.0,PHA,PHA,PHA
1902,NL,PHI,PHI,,7,138,69.0,56,81,,,N,,484.0,4615.0,1139.0,110.0,43.0,5.0,356.0,480.0,108.0,,32.0,,649.0,471.0,3.5,118.0,8.0,3.0,3633.0,1323.0,12.0,334.0,504.0,305.0,81.0,0.946,Philadelphia Phillies,Baker Bowl,112066.0,104.0,105.0,PHI,PHI,PHI
1902,NL,PIT,PIT,,1,141,71.0,103,36,,,Y,,775.0,4926.0,1410.0,189.0,95.0,18.0,372.0,440.0,222.0,,64.0,,440.0,323.0,2.3,131.0,21.0,3.0,3794.0,1142.0,4.0,250.0,564.0,247.0,87.0,0.958,Pittsburgh Pirates,Exposition Park,243826.0,104.0,99.0,PIT,PIT,PIT
1902,AL,SLA,BAL,,2,139,73.0,78,58,,,N,,619.0,4736.0,1254.0,208.0,61.0,29.0,373.0,324.0,137.0,,38.0,,607.0,461.0,3.34,120.0,7.0,2.0,3732.0,1273.0,36.0,343.0,348.0,274.0,122.0,0.953,St. Louis Browns,Sportsman's Park III,272283.0,99.0,99.0,SLB,SLA,SLA
1902,NL,SLN,STL,,6,140,70.0,56,78,,,N,,517.0,4751.0,1226.0,116.0,37.0,10.0,273.0,439.0,158.0,,52.0,,695.0,474.0,3.47,112.0,7.0,4.0,3683.0,1399.0,16.0,338.0,400.0,336.0,107.0,0.944,St. Louis Cardinals,Robison Field,226417.0,96.0,99.0,STL,SLN,SLN
1902,AL,WS1,MIN,,6,138,68.0,61,75,,,N,,707.0,4734.0,1338.0,261.0,66.0,47.0,329.0,292.0,121.0,,44.0,,790.0,585.0,4.36,130.0,2.0,0.0,3623.0,1403.0,56.0,312.0,300.0,316.0,70.0,0.945,Washington Senators,American League Park I,188158.0,101.0,104.0,WSH,WS1,WS1
1903,WES,AB,AB,,1,16,,11,4,,,,,16.0,167.0,33.0,8.0,1.0,0.0,8.0,18.0,4.0,,1.0,,15.0,8.0,1.66,5.0,0.0,1.0,130.0,34.0,0.0,4.0,29.0,10.0,6.0,0.95,Algona Brownies,Fair Grounds,,,,AB,,
1903,AL,BOS,BOS,,1,141,70.0,91,47,,,Y,Y,708.0,4919.0,1336.0,222.0,113.0,48.0,261.0,559.0,141.0,,36.0,,504.0,358.0,2.57,123.0,20.0,4.0,3765.0,1142.0,23.0,269.0,579.0,239.0,86.0,0.959,Boston Americans,Huntington Avenue Grounds,379338.0,105.0,102.0,BOS,BOS,BOS
1903,NL,BRO,LAD,,5,139,73.0,70,66,,,N,N,667.0,4534.0,1201.0,177.0,56.0,15.0,522.0,516.0,273.0,,53.0,,682.0,467.0,3.44,118.0,11.0,4.0,3664.0,1276.0,18.0,377.0,438.0,284.0,98.0,0.951,Brooklyn Superbas,Washington Park III,224670.0,97.0,98.0,BRO,BRO,BRO
1903,NL,BSN,ATL,,6,140,68.0,58,80,,,N,N,578.0,4682.0,1145.0,176.0,47.0,25.0,398.0,495.0,159.0,,59.0,,699.0,456.0,3.34,125.0,8.0,1.0,3686.0,1310.0,30.0,460.0,516.0,361.0,89.0,0.939,Boston Beaneaters,South End Grounds III,143155.0,96.0,98.0,BSN,BSN,BSN
1903,AL,CHA,CHW,,7,138,70.0,60,77,,,N,N,516.0,4670.0,1152.0,176.0,49.0,14.0,325.0,538.0,180.0,,38.0,,613.0,414.0,3.02,114.0,9.0,4.0,3705.0,1233.0,23.0,287.0,391.0,297.0,85.0,0.949,Chicago White Sox,South Side Park II,286183.0,96.0,95.0,CHW,CHA,CHA
1903,NL,CHN,CHC,,3,139,73.0,82,56,,,N,N,695.0,4733.0,1300.0,191.0,62.0,9.0,422.0,455.0,259.0,,50.0,,599.0,382.0,2.77,117.0,6.0,6.0,3721.0,1182.0,14.0,354.0,451.0,338.0,78.0,0.942,Chicago Cubs,West Side Park II,386205.0,97.0,96.0,CHC,CHN,CHN
1903,NL,CIN,CIN,,4,141,76.0,74,65,,,N,N,765.0,4857.0,1399.0,228.0,92.0,28.0,403.0,427.0,151.0,,30.0,,656.0,420.0,3.07,126.0,11.0,1.0,3690.0,1277.0,14.0,378.0,480.0,312.0,84.0,0.946,Cincinnati Reds,Palace of the Fans,351680.0,111.0,109.0,CIN,CIN,CIN
1903,AL,CLE,CLE,,3,140,74.0,77,63,,,N,N,639.0,4773.0,1265.0,231.0,95.0,31.0,259.0,588.0,175.0,,40.0,,579.0,377.0,2.73,125.0,20.0,0.0,3731.0,1161.0,16.0,271.0,521.0,322.0,99.0,0.946,Cleveland Naps,League Park I,311280.0,98.0,96.0,CLE,CLE,CLE
1903,EAS,CXG,CXG,,1,7,,5,2,,,,,31.0,241.0,62.0,7.0,1.0,0.0,12.0,13.0,0.0,,2.0,,15.0,9.0,1.33,7.0,1.0,0.0,183.0,36.0,0.0,15.0,38.0,14.0,3.0,0.951,Cuban X Giants,,,,,CXG,,CUX
1903,AL,DET,DET,,5,137,65.0,65,71,,,N,N,567.0,4582.0,1229.0,162.0,91.0,12.0,292.0,524.0,128.0,,46.0,,539.0,366.0,2.75,123.0,15.0,2.0,3588.0,1169.0,19.0,336.0,554.0,281.0,82.0,0.95,Detroit Tigers,Bennett Park,224523.0,96.0,97.0,DET,DET,DET
1903,NL,NY1,SFG,,2,142,70.0,84,55,,,N,N,729.0,4741.0,1290.0,181.0,49.0,20.0,379.0,465.0,264.0,,92.0,,567.0,414.0,2.95,115.0,8.0,8.0,3788.0,1257.0,20.0,371.0,628.0,287.0,87.0,0.951,New York Giants,Polo Grounds III,579530.0,104.0,102.0,NYG,NY1,NY1
1903,AL,NYA,NYY,,4,136,67.0,72,62,,,N,N,579.0,4565.0,1136.0,193.0,62.0,18.0,332.0,461.0,160.0,,65.0,,573.0,411.0,3.08,111.0,7.0,2.0,3604.0,1171.0,19.0,245.0,463.0,264.0,87.0,0.953,New York Highlanders,Hilltop Park,211808.0,106.0,105.0,NYY,NYA,NYA
1903,EAS,PG,PG,,2,7,,2,5,,,,,15.0,216.0,36.0,4.0,2.0,0.0,15.0,38.0,6.0,,0.0,,31.0,14.0,2.1,6.0,1.0,0.0,180.0,62.0,0.0,12.0,13.0,35.0,4.0,0.884,Philadelphia Giants,Columbia Park,,,,PG,,
1903,AL,PHA,OAK,,2,137,67.0,75,60,,,N,N,597.0,4673.0,1236.0,227.0,68.0,32.0,268.0,511.0,157.0,,32.0,,519.0,399.0,2.98,112.0,10.0,1.0,3621.0,1124.0,20.0,315.0,728.0,217.0,66.0,0.96,Philadelphia Athletics,Columbia Park,422473.0,105.0,103.0,PHA,PHA,PHA
1903,NL,PHI,PHI,,7,139,61.0,49,86,,,N,N,617.0,4781.0,1283.0,186.0,62.0,12.0,337.0,431.0,120.0,,39.0,,738.0,534.0,3.96,126.0,5.0,3.0,3637.0,1347.0,21.0,425.0,381.0,300.0,76.0,0.947,Philadelphia Phillies,Baker Bowl,151729.0,92.0,95.0,PHI,PHI,PHI
1903,NL,PIT,PIT,,1,141,70.0,91,49,,,Y,N,793.0,4988.0,1429.0,208.0,110.0,34.0,364.0,400.0,172.0,,50.0,,613.0,405.0,2.91,117.0,16.0,5.0,3754.0,1215.0,9.0,384.0,454.0,295.0,100.0,0.951,Pittsburgh Pirates,Exposition Park,326855.0,103.0,99.0,PIT,PIT,PIT
1903,AL,SLA,BAL,,6,139,70.0,65,74,,,N,N,500.0,4639.0,1133.0,166.0,68.0,12.0,271.0,541.0,101.0,,26.0,,525.0,376.0,2.77,124.0,12.0,3.0,3667.0,1220.0,26.0,237.0,511.0,268.0,94.0,0.953,St. Louis Browns,Sportsman's Park III,380405.0,97.0,98.0,SLB,SLA,SLA
1903,NL,SLN,STL,,8,139,69.0,43,94,,,N,N,505.0,4689.0,1176.0,138.0,65.0,8.0,277.0,522.0,171.0,,34.0,,795.0,494.0,3.67,111.0,4.0,2.0,3637.0,1353.0,25.0,430.0,419.0,354.0,111.0,0.94,St. Louis Cardinals,Robison Field,226538.0,97.0,100.0,STL,SLN,SLN
1903,AL,WS1,MIN,,8,140,71.0,43,94,,,N,N,437.0,4613.0,1066.0,172.0,72.0,17.0,257.0,466.0,131.0,,39.0,,691.0,519.0,3.82,122.0,6.0,3.0,3671.0,1333.0,38.0,306.0,452.0,260.0,86.0,0.954,Washington Senators,American League Park I,128878.0,102.0,105.0,WSH,WS1,WS1
1904,AL,BOS,BOS,,1,157,81.0,95,59,,,Y,,608.0,5231.0,1294.0,194.0,105.0,26.0,347.0,573.0,101.0,,51.0,,466.0,331.0,2.12,148.0,21.0,1.0,4218.0,1208.0,31.0,233.0,612.0,242.0,83.0,0.962,Boston Americans,Huntington Avenue Grounds,623295.0,106.0,103.0,BOS,BOS,BOS
1904,NL,BRO,LAD,,6,154,76.0,56,97,,,N,,497.0,4917.0,1142.0,159.0,53.0,15.0,411.0,688.0,205.0,,42.0,,614.0,401.0,2.7,135.0,12.0,2.0,4012.0,1281.0,27.0,414.0,453.0,343.0,87.0,0.945,Brooklyn Superbas,Washington Park III,214600.0,97.0,100.0,BRO,BRO,BRO
1904,NL,BSN,ATL,,7,155,79.0,55,98,,,N,,491.0,5135.0,1217.0,153.0,50.0,24.0,316.0,550.0,143.0,,42.0,,749.0,514.0,3.43,136.0,13.0,0.0,4045.0,1405.0,25.0,500.0,544.0,353.0,91.0,0.945,Boston Beaneaters,South End Grounds III,140694.0,96.0,101.0,BSN,BSN,BSN
1904,AL,CHA,CHW,,3,156,78.0,89,65,,,N,,600.0,5027.0,1217.0,193.0,68.0,14.0,373.0,586.0,216.0,,41.0,,482.0,353.0,2.3,134.0,26.0,3.0,4140.0,1161.0,13.0,303.0,550.0,238.0,95.0,0.964,Chicago White Sox,South Side Park II,557123.0,96.0,95.0,CHW,CHA,CHA
1904,NL,CHN,CHC,,2,156,78.0,93,60,,,N,,597.0,5210.0,1294.0,157.0,62.0,22.0,298.0,470.0,227.0,,48.0,,517.0,354.0,2.3,139.0,18.0,6.0,4151.0,1150.0,16.0,402.0,618.0,298.0,89.0,0.954,Chicago Cubs,West Side Park II,439100.0,100.0,98.0,CHC,CHN,CHN
1904,NL,CIN,CIN,,3,157,79.0,88,65,,,N,,695.0,5231.0,1332.0,189.0,92.0,21.0,399.0,549.0,180.0,,49.0,,547.0,362.0,2.34,142.0,12.0,2.0,4178.0,1256.0,13.0,343.0,502.0,301.0,81.0,0.954,Cincinnati Reds,Palace of the Fans,391915.0,109.0,107.0,CIN,CIN,CIN
1904,AL,CLE,CLE,,4,154,78.0,86,65,,,N,,647.0,5152.0,1340.0,225.0,90.0,27.0,307.0,717.0,178.0,,46.0,,482.0,335.0,2.22,141.0,20.0,0.0,4070.0,1273.0,10.0,285.0,627.0,255.0,86.0,0.959,Cleveland Naps,League Park I,264749.0,99.0,98.0,CLE,CLE,CLE
1904,IND,CXG,CXG,,2,13,,8,5,,,,,36.0,256.0,55.0,9.0,1.0,6.0,30.0,44.0,14.0,,4.0,,25.0,19.0,2.4,6.0,1.0,1.0,214.0,50.0,1.0,14.0,35.0,12.0,2.0,0.962,Cuban X Giants,,,,,CXG,,CUX
1904,AL,DET,DET,,7,162,79.0,62,90,,,N,,505.0,5321.0,1231.0,154.0,69.0,11.0,344.0,633.0,112.0,,34.0,,627.0,440.0,2.77,143.0,15.0,0.0,4290.0,1345.0,16.0,433.0,556.0,273.0,92.0,0.959,Detroit Tigers,Bennett Park,177796.0,97.0,98.0,DET,DET,DET
1904,NL,NY1,SFG,,1,157,84.0,106,47,,,Y,,744.0,5150.0,1347.0,202.0,65.0,31.0,434.0,459.0,283.0,,79.0,,474.0,337.0,2.17,127.0,21.0,15.0,4190.0,1151.0,36.0,349.0,707.0,294.0,93.0,0.956,New York Giants,Polo Grounds III,609826.0,104.0,100.0,NYG,NY1,NY1
1904,AL,NYA,NYY,,2,155,75.0,92,59,,,N,,598.0,5220.0,1354.0,195.0,91.0,27.0,312.0,552.0,163.0,,57.0,,526.0,394.0,2.57,123.0,15.0,1.0,4142.0,1180.0,29.0,311.0,684.0,275.0,90.0,0.958,New York Highlanders,Hilltop Park,438919.0,105.0,104.0,NYY,NYA,NYA
1904,IND,PG,PG,,1,13,,10,3,,,,,41.0,276.0,68.0,14.0,2.0,2.0,16.0,34.0,17.0,,4.0,,20.0,11.0,1.36,8.0,0.0,0.0,219.0,52.0,3.0,20.0,52.0,16.0,6.0,0.952,Philadelphia Giants,Columbia Park,,,,PG,,
1904,AL,PHA,OAK,,5,155,79.0,81,70,,,N,,557.0,5088.0,1266.0,197.0,77.0,31.0,313.0,600.0,137.0,,40.0,,503.0,355.0,2.35,136.0,26.0,0.0,4084.0,1149.0,13.0,366.0,887.0,250.0,67.0,0.959,Philadelphia Athletics,Columbia Park,512294.0,105.0,103.0,PHA,PHA,PHA
1904,NL,PHI,PHI,,8,155,73.0,52,100,,,N,,571.0,5103.0,1268.0,170.0,54.0,23.0,377.0,528.0,159.0,,40.0,,784.0,505.0,3.39,131.0,10.0,2.0,4018.0,1418.0,22.0,425.0,469.0,403.0,93.0,0.937,Philadelphia Phillies,Baker Bowl,140771.0,99.0,100.0,PHI,PHI,PHI
1904,NL,PIT,PIT,,4,156,78.0,87,66,,,N,,675.0,5160.0,1333.0,164.0,102.0,15.0,388.0,516.0,178.0,,47.0,,592.0,433.0,2.89,133.0,15.0,1.0,4045.0,1273.0,13.0,379.0,455.0,291.0,93.0,0.955,Pittsburgh Pirates,Exposition Park,340615.0,103.0,100.0,PIT,PIT,PIT
1904,AL,SLA,BAL,,6,156,78.0,65,87,,,N,,481.0,5291.0,1266.0,153.0,53.0,10.0,331.0,608.0,150.0,,56.0,,604.0,443.0,2.83,135.0,13.0,1.0,4230.0,1335.0,25.0,333.0,577.0,267.0,78.0,0.96,St. Louis Browns,Sportsman's Park III,318108.0,94.0,96.0,SLB,SLA,SLA
1904,NL,SLN,STL,,5,154,76.0,75,79,,,N,,602.0,5104.0,1292.0,175.0,66.0,24.0,343.0,514.0,199.0,,46.0,,595.0,401.0,2.64,146.0,7.0,2.0,4104.0,1286.0,23.0,319.0,529.0,307.0,83.0,0.952,St. Louis Cardinals,Robison Field,386750.0,96.0,99.0,STL,SLN,SLN
1904,AL,WS1,MIN,,8,157,78.0,38,113,,,N,,437.0,5149.0,1170.0,171.0,57.0,10.0,283.0,756.0,150.0,,59.0,,743.0,547.0,3.62,137.0,7.0,3.0,4079.0,1487.0,19.0,347.0,533.0,314.0,97.0,0.951,Washington Senators,American League Park II,131744.0,98.0,102.0,WSH,WS1,WS1
1905,EAS,AC1,AC1,,2,7,,4,3,,,,,22.0,197.0,46.0,6.0,3.0,0.0,5.0,12.0,20.0,,0.0,,17.0,12.0,2.04,6.0,1.0,0.0,159.0,41.0,0.0,11.0,25.0,7.0,5.0,0.971,All Cubans,,,,,AC1,,
1905,AL,BOS,BOS,,4,153,77.0,78,74,,,N,N,579.0,5049.0,1179.0,165.0,69.0,29.0,486.0,553.0,131.0,,37.0,,565.0,428.0,2.84,124.0,15.0,1.0,4069.0,1198.0,33.0,292.0,652.0,296.0,75.0,0.953,Boston Americans,Huntington Avenue Grounds,468828.0,101.0,102.0,BOS,BOS,BOS
1905,EAS,BRG,BR2,,4,13,,0,12,,,,,25.0,383.0,79.0,5.0,2.0,1.0,14.0,55.0,15.0,,6.0,,82.0,60.0,5.44,10.0,0.0,0.0,298.0,137.0,2.0,20.0,19.0,34.0,11.0,0.931,Brooklyn Royal Giants,,,,,BRG,,BRG
1905,NL,BRO,LAD,,8,155,77.0,48,104,,,N,N,506.0,5100.0,1255.0,154.0,60.0,29.0,327.0,606.0,186.0,,41.0,,807.0,562.0,3.76,125.0,7.0,3.0,4041.0,1416.0,24.0,476.0,556.0,408.0,101.0,0.937,Brooklyn Superbas,Washington Park III,227924.0,93.0,96.0,BRO,BRO,BRO
1905,NL,BSN,ATL,,7,156,76.0,51,103,,,N,N,468.0,5190.0,1217.0,148.0,52.0,17.0,302.0,561.0,132.0,,54.0,,733.0,541.0,3.52,139.0,14.0,0.0,4149.0,1390.0,36.0,433.0,533.0,325.0,89.0,0.951,Boston Beaneaters,South End Grounds III,150003.0,98.0,103.0,BSN,BSN,BSN
1905,AL,CHA,CHW,,2,158,82.0,92,60,,,N,N,612.0,5114.0,1213.0,200.0,55.0,11.0,439.0,613.0,194.0,,58.0,,451.0,315.0,1.99,131.0,16.0,0.0,4281.0,1163.0,11.0,329.0,613.0,218.0,95.0,0.967,Chicago White Sox,South Side Park II,687419.0,96.0,93.0,CHW,CHA,CHA
1905,NL,CHN,CHC,,3,155,81.0,92,61,,,N,N,667.0,5108.0,1249.0,157.0,82.0,12.0,448.0,511.0,267.0,,61.0,,442.0,319.0,2.04,133.0,23.0,2.0,4222.0,1135.0,14.0,385.0,627.0,248.0,99.0,0.962,Chicago Cubs,West Side Park II,509900.0,104.0,99.0,CHC,CHN,CHN
1905,NL,CIN,CIN,,5,155,79.0,79,74,,,N,N,736.0,5205.0,1401.0,160.0,101.0,27.0,434.0,498.0,181.0,,52.0,,698.0,457.0,3.01,119.0,10.0,2.0,4097.0,1409.0,22.0,439.0,547.0,310.0,122.0,0.953,Cincinnati Reds,Palace of the Fans,313927.0,111.0,110.0,CIN,CIN,CIN
1905,AL,CLE,CLE,,5,155,77.0,76,78,,,N,N,564.0,5166.0,1318.0,211.0,72.0,18.0,286.0,714.0,188.0,,55.0,,587.0,431.0,2.85,140.0,16.0,0.0,4090.0,1251.0,23.0,334.0,555.0,233.0,84.0,0.963,Cleveland Naps,League Park I,316306.0,101.0,99.0,CLE,CLE,CLE
1905,EAS,CXG,CXG,,3,7,,3,4,,,,,17.0,183.0,41.0,7.0,3.0,0.0,11.0,25.0,12.0,,2.0,,22.0,12.0,2.08,6.0,0.0,0.0,156.0,46.0,0.0,4.0,12.0,21.0,4.0,0.919,Cuban X Giants,,,,,CXG,,CUX
1905,AL,DET,DET,,3,154,76.0,79,74,,,N,N,512.0,4972.0,1209.0,190.0,54.0,13.0,375.0,581.0,129.0,,40.0,,604.0,424.0,2.83,124.0,17.0,1.0,4044.0,1226.0,11.0,474.0,578.0,267.0,80.0,0.957,Detroit Tigers,Bennett Park,193384.0,101.0,103.0,DET,DET,DET
1905,WES,LEL,LEL,,1,4,,1,1,,,,,12.0,65.0,16.0,7.0,0.0,0.0,9.0,8.0,,,0.0,0.0,6.0,3.0,1.59,2.0,0.0,0.0,51.0,16.0,1.0,4.0,10.0,6.0,2.0,0.929,Chicago Leland Giants,Auburn Park,,,,LEL,,
1905,NL,NY1,SFG,,1,155,76.0,105,48,,,Y,Y,780.0,5094.0,1392.0,191.0,88.0,39.0,517.0,497.0,291.0,,90.0,,505.0,364.0,2.39,117.0,18.0,15.0,4110.0,1160.0,25.0,364.0,760.0,258.0,93.0,0.96,New York Giants,Polo Grounds III,552700.0,102.0,98.0,NYG,NY1,NY1
1905,AL,NYA,NYY,,6,152,75.0,71,78,,,N,N,586.0,4957.0,1228.0,163.0,61.0,23.0,360.0,534.0,200.0,,67.0,,621.0,440.0,2.93,88.0,19.0,4.0,4061.0,1235.0,26.0,396.0,642.0,293.0,88.0,0.952,New York Highlanders,Hilltop Park,309100.0,111.0,110.0,NYY,NYA,NYA
1905,EAS,PG,PG,,1,13,,12,0,,,,,82.0,412.0,137.0,22.0,7.0,2.0,20.0,19.0,29.0,,4.0,,25.0,17.0,1.47,11.0,2.0,0.0,312.0,79.0,1.0,14.0,55.0,17.0,9.0,0.965,Philadelphia Giants,Columbia Park,,,,PG,,
1905,AL,PHA,OAK,,1,152,74.0,92,56,,,Y,N,623.0,5146.0,1310.0,256.0,51.0,24.0,376.0,641.0,190.0,,34.0,,488.0,337.0,2.19,117.0,19.0,0.0,4150.0,1137.0,21.0,409.0,895.0,265.0,64.0,0.957,Philadelphia Athletics,Columbia Park,554576.0,102.0,100.0,PHA,PHA,PHA
1905,NL,PHI,PHI,,4,155,76.0,83,69,,,N,N,708.0,5243.0,1362.0,187.0,82.0,16.0,406.0,614.0,180.0,,44.0,,603.0,437.0,2.81,119.0,12.0,5.0,4196.0,1303.0,21.0,411.0,516.0,275.0,99.0,0.957,Philadelphia Phillies,Baker Bowl,317932.0,96.0,97.0,PHI,PHI,PHI
1905,NL,PIT,PIT,,2,155,78.0,96,57,,,N,N,692.0,5213.0,1385.0,190.0,91.0,22.0,382.0,512.0,202.0,,36.0,,570.0,440.0,2.86,113.0,12.0,6.0,4148.0,1270.0,12.0,389.0,512.0,255.0,112.0,0.961,Pittsburgh Pirates,Exposition Park,369124.0,103.0,100.0,PIT,PIT,PIT
1905,AL,SLA,BAL,,8,156,79.0,54,99,,,N,N,512.0,5204.0,1205.0,153.0,49.0,16.0,362.0,639.0,144.0,,52.0,,608.0,421.0,2.74,134.0,11.0,2.0,4154.0,1245.0,19.0,389.0,633.0,296.0,78.0,0.955,St. Louis Browns,Sportsman's Park III,339112.0,95.0,96.0,SLB,SLA,SLA
1905,NL,SLN,STL,,6,154,77.0,58,96,,,N,N,535.0,5066.0,1254.0,140.0,85.0,20.0,391.0,631.0,162.0,,43.0,,734.0,537.0,3.59,135.0,10.0,2.0,4043.0,1431.0,28.0,367.0,411.0,274.0,83.0,0.957,St. Louis Cardinals,Robison Field,292800.0,97.0,99.0,STL,SLN,SLN
1905,AL,WS1,MIN,,7,154,77.0,64,87,,,N,N,559.0,5015.0,1121.0,193.0,68.0,22.0,298.0,818.0,169.0,,54.0,,623.0,434.0,2.87,118.0,12.0,1.0,4087.0,1250.0,12.0,385.0,539.0,318.0,76.0,0.951,Washington Senators,American League Park II,252027.0,96.0,100.0,WSH,WS1,WS1
1906,AL,BOS,BOS,,8,155,77.0,49,105,,,N,N,463.0,5168.0,1223.0,160.0,75.0,13.0,298.0,616.0,99.0,,41.0,,706.0,524.0,3.41,124.0,6.0,6.0,4146.0,1360.0,37.0,285.0,549.0,335.0,84.0,0.949,Boston Americans,Huntington Avenue Grounds,410209.0,100.0,102.0,BOS,BOS,BOS
1906,EAS,BRG,BR2,,3,29,,15,13,,,,,130.0,871.0,242.0,34.0,3.0,4.0,82.0,83.0,50.0,,15.0,,97.0,60.0,2.41,20.0,3.0,0.0,672.0,207.0,6.0,67.0,86.0,63.0,17.0,0.94,Brooklyn Royal Giants,Saratoga Park,,,,BRG,,BRG
1906,NL,BRO,LAD,,5,153,76.0,66,86,,,N,N,496.0,4897.0,1156.0,141.0,68.0,25.0,388.0,664.0,176.0,,36.0,,625.0,469.0,3.13,119.0,22.0,11.0,4046.0,1255.0,15.0,453.0,476.0,283.0,73.0,0.955,Brooklyn Superbas,Washington Park III,277400.0,92.0,96.0,BRO,BRO,BRO
1906,NL,BSN,ATL,,8,152,76.0,49,102,,,N,N,408.0,4925.0,1115.0,136.0,43.0,16.0,356.0,681.0,93.0,,52.0,,649.0,465.0,3.14,137.0,10.0,0.0,4003.0,1291.0,24.0,436.0,562.0,337.0,102.0,0.947,Boston Beaneaters,South End Grounds III,143280.0,97.0,102.0,BSN,BSN,BSN
1906,AL,CHA,CHW,,1,154,79.0,93,58,,,Y,Y,570.0,4925.0,1133.0,152.0,52.0,7.0,453.0,492.0,216.0,,50.0,,460.0,326.0,2.13,117.0,32.0,4.0,4126.0,1212.0,11.0,255.0,543.0,243.0,80.0,0.963,Chicago White Sox,South Side Park II,585202.0,98.0,95.0,CHW,CHA,CHA
1906,NL,CHN,CHC,,1,154,79.0,116,36,,,Y,N,704.0,5018.0,1316.0,181.0,71.0,20.0,448.0,516.0,283.0,,45.0,,381.0,270.0,1.75,125.0,30.0,10.0,4165.0,1018.0,12.0,446.0,702.0,194.0,100.0,0.969,Chicago Cubs,West Side Park II,654300.0,106.0,100.0,CHC,CHN,CHN
1906,NL,CIN,CIN,,6,155,78.0,64,87,,,N,N,533.0,5025.0,1198.0,140.0,71.0,16.0,395.0,532.0,170.0,,58.0,,582.0,409.0,2.69,126.0,12.0,5.0,4109.0,1248.0,14.0,470.0,567.0,262.0,97.0,0.959,Cincinnati Reds,Palace of the Fans,330056.0,104.0,104.0,CIN,CIN,CIN
1906,AL,CLE,CLE,,3,157,79.0,89,64,,,N,N,663.0,5425.0,1514.0,240.0,73.0,12.0,330.0,563.0,203.0,,41.0,,481.0,328.0,2.09,133.0,27.0,4.0,4238.0,1197.0,16.0,365.0,530.0,217.0,111.0,0.967,Cleveland Naps,League Park I,325733.0,99.0,97.0,CLE,CLE,CLE
1906,EAS,CSH,CSW,,5,26,,10,14,,,,,72.0,713.0,172.0,21.0,10.0,5.0,51.0,75.0,19.0,,4.0,,103.0,68.0,3.14,21.0,0.0,0.0,585.0,200.0,2.0,59.0,49.0,63.0,10.0,0.935,Cuban Stars of Havana,,,,,CSH,,
1906,EAS,CXG,CXG,,4,45,,19,25,,,,,162.0,1062.0,284.0,41.0,14.0,3.0,91.0,112.0,57.0,,11.0,,157.0,116.0,3.8,30.0,1.0,0.0,824.0,291.0,5.0,95.0,124.0,85.0,19.0,0.935,Cuban X Giants,,,,,CXG,,CUX
1906,AL,DET,DET,,6,151,78.0,71,78,,,N,N,518.0,4930.0,1195.0,154.0,64.0,10.0,333.0,517.0,206.0,,33.0,,598.0,454.0,3.06,128.0,7.0,4.0,4003.0,1398.0,14.0,389.0,469.0,260.0,86.0,0.959,Detroit Tigers,Bennett Park,174043.0,103.0,103.0,DET,DET,DET
1906,WES,LEL,LEL,,1,12,,6,6,,,,,35.0,277.0,80.0,6.0,1.0,0.0,18.0,32.0,,,0.0,,35.0,23.0,2.76,6.0,2.0,1.0,225.0,86.0,0.0,20.0,39.0,19.0,8.0,0.943,Chicago Leland Giants,Auburn Park,,,,LEL,,
1906,NL,NY1,SFG,,2,152,75.0,96,56,,,N,N,625.0,4768.0,1217.0,162.0,53.0,14.0,563.0,531.0,288.0,,71.0,,509.0,369.0,2.49,105.0,19.0,18.0,4003.0,1207.0,12.0,394.0,639.0,233.0,84.0,0.963,New York Giants,Polo Grounds III,402850.0,102.0,99.0,NYG,NY1,NY1
1906,AL,NYA,NYY,,2,155,76.0,90,61,,,N,N,640.0,5095.0,1354.0,166.0,77.0,17.0,331.0,537.0,192.0,,46.0,,543.0,419.0,2.78,99.0,18.0,5.0,4073.0,1236.0,21.0,351.0,605.0,272.0,69.0,0.957,New York Highlanders,Hilltop Park,434700.0,110.0,110.0,NYY,NYA,NYA
1906,EAS,PG,PG,,1,42,,25,13,,,,,142.0,992.0,259.0,33.0,12.0,2.0,78.0,93.0,43.0,,10.0,,127.0,77.0,2.7,23.0,2.0,1.0,771.0,244.0,2.0,87.0,94.0,91.0,20.0,0.925,Philadelphia Giants,Columbia Park,,,,PG,,
1906,AL,PHA,OAK,,4,149,73.0,78,67,,,N,N,561.0,4883.0,1206.0,213.0,49.0,32.0,383.0,666.0,165.0,,43.0,,539.0,382.0,2.6,107.0,19.0,4.0,3966.0,1135.0,9.0,425.0,749.0,267.0,86.0,0.956,Philadelphia Athletics,Columbia Park,489129.0,103.0,101.0,PHA,PHA,PHA
1906,NL,PHI,PHI,,4,154,77.0,71,82,,,N,N,528.0,4911.0,1183.0,197.0,47.0,12.0,432.0,536.0,180.0,,36.0,,564.0,388.0,2.58,108.0,21.0,5.0,4063.0,1201.0,18.0,436.0,500.0,271.0,83.0,0.956,Philadelphia Phillies,Baker Bowl,294680.0,100.0,99.0,PHI,PHI,PHI
1906,NL,PIT,PIT,,3,154,77.0,93,60,,,N,N,623.0,5030.0,1313.0,164.0,67.0,12.0,424.0,385.0,162.0,,42.0,,470.0,334.0,2.21,116.0,27.0,2.0,4074.0,1234.0,13.0,309.0,532.0,228.0,109.0,0.964,Pittsburgh Pirates,Exposition Park,394877.0,104.0,102.0,PIT,PIT,PIT
1906,EAS,QG,QG,,2,22,,14,8,,,,,69.0,486.0,124.0,12.0,10.0,1.0,42.0,40.0,17.0,,5.0,,60.0,42.0,2.94,14.0,1.0,0.0,386.0,116.0,2.0,37.0,41.0,41.0,9.0,0.933,Philadelphia Quaker Giants,,,,,QG,,
1906,AL,SLA,BAL,,5,154,76.0,76,73,,,N,N,560.0,5030.0,1244.0,145.0,60.0,20.0,366.0,592.0,221.0,,47.0,,499.0,336.0,2.23,133.0,17.0,5.0,4073.0,1132.0,14.0,314.0,558.0,290.0,80.0,0.954,St. Louis Browns,Sportsman's Park III,389157.0,96.0,96.0,SLB,SLA,SLA
1906,NL,SLN,STL,,7,154,77.0,52,98,,,N,N,470.0,5075.0,1195.0,137.0,69.0,9.0,358.0,682.0,110.0,,38.0,,607.0,458.0,3.04,118.0,4.0,2.0,4062.0,1246.0,16.0,479.0,559.0,272.0,92.0,0.957,St. Louis Cardinals,Robison Field,283770.0,96.0,100.0,STL,SLN,SLN
1906,AL,WS1,MIN,,7,151,75.0,55,95,,,N,N,519.0,4956.0,1180.0,144.0,65.0,26.0,306.0,600.0,233.0,,49.0,,665.0,478.0,3.25,115.0,13.0,1.0,3968.0,1331.0,15.0,451.0,558.0,279.0,78.0,0.955,Washington Senators,American League Park II,129903.0,95.0,98.0,WSH,WS1,WS1
1907,AL,BOS,BOS,,7,155,78.0,59,90,,,N,N,466.0,5235.0,1224.0,154.0,48.0,18.0,305.0,596.0,125.0,,35.0,,558.0,385.0,2.45,100.0,17.0,7.0,4242.0,1222.0,22.0,337.0,517.0,278.0,100.0,0.959,Boston Americans,Huntington Avenue Grounds,436777.0,99.0,101.0,BOS,BOS,BOS
1907,NAC,BRG,BR2,,3,27,,12,14,,,,,75.0,713.0,177.0,23.0,8.0,1.0,48.0,84.0,21.0,,8.0,,79.0,51.0,2.45,20.0,1.0,0.0,561.0,171.0,5.0,37.0,70.0,45.0,5.0,0.95,Brooklyn Royal Giants,Washington Park III,,,,BRG,,BRG
1907,NL,BRO,LAD,,5,153,77.0,65,83,,,N,N,446.0,4895.0,1135.0,142.0,63.0,18.0,336.0,629.0,121.0,,40.0,,522.0,359.0,2.38,125.0,20.0,1.0,4069.0,1218.0,16.0,463.0,479.0,262.0,94.0,0.959,Brooklyn Superbas,Washington Park III,312500.0,92.0,95.0,BRO,BRO,BRO
1907,NL,BSN,ATL,,7,152,74.0,58,90,,,N,N,502.0,5020.0,1222.0,142.0,61.0,22.0,413.0,508.0,120.0,,57.0,,652.0,496.0,3.33,121.0,9.0,2.0,4016.0,1324.0,28.0,458.0,426.0,249.0,128.0,0.961,Boston Doves,South End Grounds III,203221.0,100.0,103.0,BSN,BSN,BSN
1907,NAC,CBG,CBG,,2,11,,5,5,,,,,38.0,356.0,79.0,8.0,1.0,1.0,26.0,41.0,8.0,,2.0,,39.0,19.0,1.76,11.0,0.0,0.0,291.0,88.0,0.0,18.0,45.0,32.0,5.0,0.929,Cuban Giants,,,,,CBG,,
1907,AL,CHA,CHW,,3,157,79.0,87,64,,,N,N,588.0,5070.0,1205.0,149.0,33.0,5.0,421.0,525.0,175.0,,48.0,,474.0,347.0,2.22,112.0,17.0,9.0,4219.0,1279.0,13.0,305.0,604.0,233.0,101.0,0.966,Chicago White Sox,South Side Park II,666307.0,97.0,95.0,CHW,CHA,CHA
1907,NL,CHN,CHC,,1,155,76.0,107,45,,,Y,Y,574.0,4892.0,1224.0,162.0,48.0,13.0,435.0,449.0,235.0,,48.0,,390.0,264.0,1.73,114.0,32.0,8.0,4120.0,1054.0,11.0,402.0,586.0,211.0,110.0,0.967,Chicago Cubs,West Side Park II,422550.0,106.0,101.0,CHC,CHN,CHN
1907,NL,CIN,CIN,,6,156,81.0,66,87,,,N,N,526.0,4966.0,1226.0,126.0,90.0,15.0,372.0,535.0,158.0,,34.0,,519.0,362.0,2.41,118.0,10.0,2.0,4054.0,1223.0,16.0,444.0,481.0,227.0,118.0,0.963,Cincinnati Reds,Palace of the Fans,317500.0,104.0,105.0,CIN,CIN,CIN
1907,AL,CLE,CLE,,4,158,82.0,85,67,,,N,N,531.0,5068.0,1222.0,182.0,68.0,11.0,335.0,677.0,193.0,,56.0,,525.0,350.0,2.26,127.0,20.0,5.0,4178.0,1253.0,8.0,362.0,513.0,264.0,137.0,0.96,Cleveland Naps,League Park I,382046.0,101.0,99.0,CLE,CLE,CLE
1907,NAC,CSH,CSW,,4,7,,2,5,,,,,15.0,125.0,27.0,3.0,1.0,0.0,5.0,15.0,3.0,,0.0,,19.0,14.0,3.6,4.0,0.0,0.0,105.0,40.0,1.0,5.0,17.0,8.0,3.0,0.952,Cuban Stars of Havana,,,,,CSH,,
1907,AL,DET,DET,,1,153,79.0,92,58,,,Y,N,693.0,5204.0,1383.0,179.0,75.0,11.0,315.0,549.0,196.0,,44.0,,531.0,355.0,2.33,120.0,15.0,6.0,4112.0,1281.0,8.0,380.0,512.0,260.0,79.0,0.959,Detroit Tigers,Bennett Park,297079.0,103.0,102.0,DET,DET,DET
1907,WES,LEL,LEL,,1,5,,5,0,,,,,12.0,64.0,17.0,1.0,0.0,0.0,3.0,3.0,,,0.0,,2.0,0.0,0.0,2.0,0.0,0.0,54.0,10.0,0.0,1.0,8.0,2.0,1.0,0.975,Chicago Leland Giants,Auburn Park,,,,LEL,,
1907,NL,NY1,SFG,,4,155,77.0,82,71,,,N,N,574.0,4874.0,1222.0,160.0,48.0,23.0,513.0,508.0,205.0,,69.0,,510.0,373.0,2.45,109.0,22.0,13.0,4113.0,1219.0,24.0,369.0,655.0,232.0,75.0,0.963,New York Giants,Polo Grounds III,538350.0,103.0,100.0,NYG,NY1,NY1
1907,AL,NYA,NYY,,5,152,75.0,70,78,,,N,N,605.0,5044.0,1258.0,150.0,67.0,15.0,304.0,533.0,206.0,,53.0,,667.0,449.0,3.03,93.0,10.0,6.0,4001.0,1327.0,13.0,428.0,511.0,334.0,79.0,0.947,New York Highlanders,Hilltop Park,350020.0,108.0,110.0,NYY,NYA,NYA
1907,NAC,PG,PG,,1,21,,13,8,,,Y,,64.0,495.0,130.0,13.0,3.0,5.0,32.0,41.0,23.0,,4.0,,55.0,37.0,2.53,12.0,0.0,0.0,395.0,114.0,1.0,52.0,49.0,33.0,15.0,0.946,Philadelphia Giants,Baker Bowl,,,,PG,,
1907,AL,PHA,OAK,,2,150,73.0,88,57,,,N,N,584.0,5010.0,1276.0,220.0,44.0,22.0,384.0,561.0,137.0,,27.0,,511.0,353.0,2.35,106.0,27.0,6.0,4064.0,1106.0,13.0,378.0,789.0,263.0,67.0,0.958,Philadelphia Athletics,Columbia Park,625581.0,102.0,102.0,PHA,PHA,PHA
1907,NL,PHI,PHI,,3,149,75.0,83,64,,,N,N,514.0,4725.0,1113.0,162.0,65.0,12.0,424.0,520.0,154.0,,41.0,,476.0,351.0,2.43,110.0,21.0,4.0,3898.0,1095.0,13.0,422.0,499.0,256.0,104.0,0.957,Philadelphia Phillies,Baker Bowl,341216.0,99.0,98.0,PHI,PHI,PHI
1907,NL,PIT,PIT,,2,157,77.0,91,63,,,N,N,634.0,4957.0,1261.0,133.0,78.0,19.0,469.0,456.0,264.0,,46.0,,510.0,348.0,2.3,111.0,24.0,5.0,4089.0,1207.0,12.0,368.0,497.0,256.0,75.0,0.959,Pittsburgh Pirates,Exposition Park,319506.0,102.0,99.0,PIT,PIT,PIT
1907,AL,SLA,BAL,,6,155,76.0,69,83,,,N,N,541.0,5224.0,1324.0,154.0,63.0,10.0,370.0,548.0,144.0,,39.0,,555.0,400.0,2.61,129.0,15.0,9.0,4144.0,1254.0,17.0,352.0,463.0,266.0,97.0,0.959,St. Louis Browns,Sportsman's Park III,419025.0,100.0,99.0,SLB,SLA,SLA
1907,NL,SLN,STL,,8,155,79.0,52,101,,,N,N,419.0,5008.0,1163.0,121.0,52.0,18.0,312.0,615.0,125.0,,42.0,,610.0,409.0,2.7,127.0,19.0,2.0,4097.0,1212.0,20.0,500.0,594.0,340.0,105.0,0.948,St. Louis Cardinals,Robison Field,185377.0,97.0,101.0,STL,SLN,SLN
1907,AL,WS1,MIN,,8,154,75.0,49,102,,,N,N,506.0,5112.0,1243.0,134.0,57.0,12.0,390.0,627.0,223.0,,60.0,,693.0,467.0,3.11,106.0,12.0,5.0,4054.0,1383.0,10.0,344.0,570.0,310.0,69.0,0.951,Washington Senators,American League Park II,221929.0,92.0,95.0,WSH,WS1,WS1
1908,AL,BOS,BOS,,5,155,77.0,75,79,,,N,N,564.0,5048.0,1239.0,117.0,88.0,14.0,289.0,588.0,156.0,,69.0,,513.0,349.0,2.28,102.0,12.0,7.0,4141.0,1200.0,18.0,364.0,624.0,297.0,71.0,0.955,Boston Red Sox,Huntington Avenue Grounds,473048.0,103.0,103.0,BOS,BOS,BOS
1908,NAC,BRG,BR2,,1,30,,19,10,,,Y,,128.0,811.0,240.0,30.0,13.0,2.0,43.0,70.0,30.0,,6.0,,100.0,73.0,3.13,20.0,4.0,0.0,630.0,194.0,1.0,43.0,66.0,44.0,14.0,0.955,Brooklyn Royal Giants,Meyerrose Park,,,,BRG,,BRG
1908,NL,BRO,LAD,,7,154,77.0,53,101,,,N,N,375.0,4897.0,1044.0,110.0,60.0,28.0,323.0,608.0,113.0,,29.0,,516.0,375.0,2.47,118.0,20.0,4.0,4107.0,1165.0,17.0,444.0,535.0,247.0,66.0,0.961,Brooklyn Superbas,Washington Park III,275600.0,96.0,99.0,BRO,BRO,BRO
1908,NL,BSN,ATL,,6,156,78.0,63,91,,,N,N,537.0,5131.0,1228.0,137.0,43.0,17.0,414.0,489.0,134.0,,54.0,,622.0,436.0,2.79,92.0,14.0,1.0,4214.0,1262.0,29.0,423.0,416.0,253.0,90.0,0.962,Boston Doves,South End Grounds III,253750.0,98.0,102.0,BSN,BSN,BSN
1908,AL,CHA,CHW,,3,156,78.0,88,64,,,N,N,537.0,5027.0,1127.0,145.0,41.0,3.0,463.0,577.0,209.0,,62.0,,470.0,349.0,2.22,107.0,23.0,10.0,4242.0,1165.0,11.0,284.0,623.0,232.0,82.0,0.966,Chicago White Sox,South Side Park II,636096.0,98.0,97.0,CHW,CHA,CHA
1908,NL,CHN,CHC,,1,158,78.0,99,55,,,Y,Y,624.0,5085.0,1267.0,196.0,56.0,19.0,418.0,520.0,212.0,,40.0,,461.0,341.0,2.14,108.0,29.0,12.0,4301.0,1137.0,20.0,437.0,668.0,205.0,76.0,0.969,Chicago Cubs,West Side Park II,665325.0,104.0,100.0,CHC,CHN,CHN
1908,NL,CIN,CIN,,5,155,77.0,73,81,,,N,N,488.0,4879.0,1108.0,129.0,77.0,14.0,372.0,555.0,196.0,,46.0,,543.0,365.0,2.37,110.0,17.0,8.0,4152.0,1218.0,19.0,415.0,433.0,255.0,72.0,0.959,Cincinnati Reds,Palace of the Fans,399200.0,97.0,98.0,CIN,CIN,CIN
1908,AL,CLE,CLE,,2,157,78.0,90,64,,,N,N,569.0,5108.0,1221.0,188.0,58.0,18.0,364.0,715.0,177.0,,55.0,,459.0,319.0,2.02,108.0,18.0,5.0,4273.0,1172.0,16.0,328.0,548.0,257.0,95.0,0.962,Cleveland Naps,League Park I,422262.0,101.0,100.0,CLE,CLE,CLE
1908,NAC,CSH,CSW,,4,10,,3,7,,,,,91.0,651.0,165.0,22.0,4.0,1.0,77.0,81.0,10.0,,4.0,,107.0,72.0,3.75,17.0,0.0,0.0,519.0,183.0,3.0,54.0,96.0,59.0,6.0,0.928,Cuban Stars of Havana,,,,,CSH,,
1908,AL,DET,DET,,1,154,78.0,90,63,,,Y,N,647.0,5115.0,1347.0,199.0,86.0,19.0,320.0,558.0,165.0,,42.0,,547.0,367.0,2.4,119.0,15.0,5.0,4123.0,1313.0,12.0,318.0,553.0,305.0,95.0,0.953,Detroit Tigers,Bennett Park,436199.0,104.0,101.0,DET,DET,DET
1908,WES,LEL,LEL,,1,22,,15,7,,,,,159.0,753.0,228.0,54.0,7.0,2.0,74.0,79.0,,,4.0,,105.0,72.0,3.25,20.0,1.0,0.0,599.0,192.0,1.0,97.0,73.0,52.0,13.0,0.944,Chicago Leland Giants,Logan Square Park,,,,LEL,,
1908,NL,NY1,SFG,,2,157,80.0,98,56,,,N,N,651.0,5006.0,1339.0,182.0,43.0,20.0,494.0,378.0,181.0,,76.0,,455.0,336.0,2.14,95.0,25.0,18.0,4233.0,1210.0,26.0,288.0,656.0,250.0,79.0,0.962,New York Giants,Polo Grounds III,910000.0,105.0,102.0,NYG,NY1,NY1
1908,AL,NYA,NYY,,8,155,77.0,51,103,,,N,N,460.0,5047.0,1190.0,142.0,50.0,13.0,288.0,639.0,231.0,,45.0,,713.0,479.0,3.16,90.0,11.0,3.0,4098.0,1293.0,26.0,458.0,585.0,337.0,78.0,0.947,New York Highlanders,Hilltop Park,305500.0,101.0,103.0,NYY,NYA,NYA
1908,NAC,PG,PG,,2,31,,16,15,,,,,156.0,1052.0,281.0,29.0,12.0,1.0,71.0,85.0,31.0,,5.0,,134.0,88.0,3.03,26.0,3.0,0.0,783.0,249.0,3.0,78.0,102.0,77.0,16.0,0.938,Philadelphia Giants,Columbia Park,,,,PG,,
1908,AL,PHA,OAK,,6,157,78.0,68,85,,,N,N,486.0,5065.0,1131.0,183.0,50.0,21.0,368.0,595.0,116.0,,37.0,,562.0,398.0,2.56,102.0,23.0,4.0,4201.0,1194.0,10.0,410.0,741.0,272.0,68.0,0.957,Philadelphia Athletics,Columbia Park,455062.0,107.0,107.0,PHA,PHA,PHA
1908,NL,PHI,PHI,,4,155,78.0,83,71,,,N,N,504.0,5012.0,1223.0,194.0,68.0,11.0,334.0,528.0,200.0,,53.0,,445.0,325.0,2.1,116.0,22.0,6.0,4179.0,1167.0,8.0,379.0,476.0,238.0,75.0,0.963,Philadelphia Phillies,Baker Bowl,420660.0,103.0,102.0,PHI,PHI,PHI
1908,NL,PIT,PIT,,2,155,77.0,98,56,,,N,N,585.0,5109.0,1263.0,162.0,98.0,25.0,420.0,457.0,186.0,,40.0,,468.0,331.0,2.12,100.0,24.0,9.0,4207.0,1142.0,16.0,406.0,468.0,226.0,74.0,0.964,Pittsburgh Pirates,Exposition Park,382444.0,100.0,98.0,PIT,PIT,PIT
1908,AL,SLA,BAL,,4,155,78.0,83,69,,,N,N,544.0,5151.0,1261.0,173.0,52.0,20.0,343.0,651.0,126.0,,35.0,,483.0,333.0,2.15,107.0,15.0,5.0,4191.0,1151.0,7.0,387.0,607.0,237.0,97.0,0.964,St. Louis Browns,Sportsman's Park III,618947.0,101.0,100.0,SLB,SLA,SLA
1908,NL,SLN,STL,,8,154,77.0,49,105,,,N,N,372.0,4959.0,1105.0,134.0,57.0,17.0,282.0,623.0,150.0,,45.0,,626.0,401.0,2.64,97.0,13.0,4.0,4104.0,1217.0,16.0,430.0,528.0,348.0,68.0,0.946,St. Louis Cardinals,Robison Field,205129.0,95.0,100.0,STL,SLN,SLN
1908,AL,WS1,MIN,,7,155,78.0,67,85,,,N,N,479.0,5041.0,1186.0,132.0,74.0,8.0,368.0,597.0,170.0,,43.0,,539.0,362.0,2.34,106.0,15.0,7.0,4175.0,1236.0,16.0,348.0,649.0,275.0,89.0,0.958,Washington Senators,American League Park II,264252.0,92.0,96.0,WSH,WS1,WS1
1909,AL,BOS,BOS,,3,152,75.0,88,63,,,N,N,601.0,4980.0,1309.0,151.0,70.0,20.0,348.0,592.0,215.0,,77.0,,549.0,392.0,2.59,75.0,11.0,14.0,4081.0,1213.0,18.0,384.0,555.0,292.0,95.0,0.955,Boston Red Sox,Huntington Avenue Grounds,668965.0,102.0,101.0,BOS,BOS,BOS
1909,INT,BRG,BR2,,1,12,,9,3,,,Y,,30.0,175.0,50.0,3.0,3.0,1.0,14.0,20.0,8.0,,5.0,,22.0,15.0,3.0,5.0,0.0,0.0,135.0,48.0,1.0,12.0,12.0,11.0,4.0,0.95,Brooklyn Royal Giants,Meyerrose Park,,,,BRG,,BRG
1909,NL,BRO,LAD,,6,155,79.0,55,98,,,N,N,444.0,5056.0,1157.0,176.0,59.0,16.0,330.0,644.0,141.0,,20.0,,627.0,477.0,3.1,126.0,18.0,3.0,4153.0,1277.0,31.0,528.0,594.0,282.0,86.0,0.955,Brooklyn Superbas,Washington Park III,321300.0,96.0,100.0,BRO,BRO,BRO
1909,NL,BSN,ATL,,8,155,76.0,45,108,,,N,N,435.0,5017.0,1121.0,125.0,43.0,14.0,400.0,551.0,135.0,,30.0,,683.0,487.0,3.2,98.0,13.0,6.0,4112.0,1329.0,23.0,543.0,414.0,342.0,101.0,0.948,Boston Doves,South End Grounds III,195188.0,104.0,108.0,BSN,BSN,BSN
1909,AL,CHA,CHW,,4,159,81.0,78,74,,,N,N,492.0,5018.0,1109.0,145.0,56.0,4.0,441.0,596.0,211.0,,57.0,,464.0,326.0,2.05,115.0,26.0,4.0,4291.0,1182.0,8.0,340.0,669.0,246.0,101.0,0.964,Chicago White Sox,South Side Park II,478400.0,96.0,95.0,CHW,CHA,CHA
1909,NL,CHN,CHC,,2,155,77.0,104,49,,,N,N,635.0,4999.0,1227.0,203.0,60.0,20.0,420.0,553.0,187.0,,31.0,,390.0,272.0,1.75,111.0,32.0,11.0,4198.0,1094.0,6.0,364.0,680.0,244.0,95.0,0.962,Chicago Cubs,West Side Park II,633480.0,103.0,98.0,CHC,CHN,CHN
1909,NL,CIN,CIN,,4,157,80.0,77,76,,,N,N,606.0,5088.0,1273.0,159.0,72.0,22.0,478.0,583.0,280.0,,38.0,,599.0,394.0,2.52,91.0,10.0,8.0,4221.0,1233.0,5.0,510.0,477.0,309.0,120.0,0.952,Cincinnati Reds,Palace of the Fans,424643.0,99.0,100.0,CIN,CIN,CIN
1909,AL,CLE,CLE,,6,155,77.0,71,82,,,N,N,493.0,5048.0,1216.0,173.0,81.0,10.0,283.0,698.0,173.0,,48.0,,532.0,363.0,2.4,110.0,15.0,3.0,4083.0,1212.0,9.0,348.0,568.0,278.0,110.0,0.957,Cleveland Naps,League Park I,354627.0,104.0,103.0,CLE,CLE,CLE
1909,INT,CSH,CSW,,2,13,,8,5,,,,,159.0,1200.0,299.0,44.0,18.0,2.0,96.0,117.0,8.0,,4.0,,157.0,107.0,3.09,27.0,1.0,0.0,936.0,299.0,9.0,84.0,189.0,76.0,16.0,0.948,Cuban Stars of Havana,,,,,CSH,,
1909,AL,DET,DET,,1,158,78.0,98,54,,,Y,N,666.0,5095.0,1360.0,209.0,58.0,19.0,397.0,623.0,280.0,,39.0,,493.0,357.0,2.26,117.0,17.0,12.0,4261.0,1254.0,16.0,359.0,528.0,276.0,87.0,0.959,Detroit Tigers,Bennett Park,490490.0,104.0,102.0,DET,DET,DET
1909,WES,KCG,KCG,,5,24,,12,12,,,,,83.0,725.0,164.0,23.0,11.0,4.0,41.0,127.0,0.0,,0.0,,82.0,49.0,2.27,18.0,2.0,2.0,582.0,169.0,0.0,60.0,82.0,51.0,14.0,0.944,Kansas City Giants,Riverside Park,,,,KCG,,
1909,WES,LEL,LEL,,2,30,,17,13,,,,,111.0,824.0,221.0,44.0,3.0,4.0,63.0,119.0,17.0,,9.0,,102.0,73.0,2.98,16.0,5.0,0.0,661.0,206.0,3.0,63.0,112.0,59.0,16.0,0.944,Chicago Leland Giants,Logan Square Park,,,,LEL,,
1909,NL,NY1,SFG,,3,158,77.0,92,61,,,N,N,624.0,5218.0,1327.0,173.0,68.0,26.0,530.0,487.0,240.0,,52.0,,547.0,364.0,2.27,102.0,17.0,15.0,4322.0,1248.0,28.0,397.0,735.0,307.0,99.0,0.954,New York Giants,Polo Grounds III,783700.0,102.0,98.0,NYG,NY1,NY1
1909,AL,NYA,NYY,,5,153,77.0,74,77,,,N,N,589.0,4981.0,1234.0,143.0,61.0,16.0,407.0,598.0,187.0,,63.0,,587.0,397.0,2.65,94.0,18.0,8.0,4051.0,1223.0,21.0,422.0,597.0,330.0,94.0,0.948,New York Highlanders,Hilltop Park,501000.0,101.0,102.0,NYY,NYA,NYA
1909,INT,PG,PG,,3,18,,6,12,,,,,95.0,627.0,167.0,23.0,14.0,8.0,45.0,81.0,17.0,,5.0,,83.0,53.0,2.98,15.0,1.0,0.0,481.0,156.0,2.0,31.0,53.0,54.0,9.0,0.93,Philadelphia Giants,,,,,PG,,
1909,AL,PHA,OAK,,2,153,76.0,95,58,,,N,N,605.0,4906.0,1257.0,186.0,88.0,21.0,403.0,578.0,201.0,,64.0,,411.0,296.0,1.93,110.0,27.0,3.0,4134.0,1069.0,9.0,386.0,728.0,245.0,92.0,0.961,Philadelphia Athletics,Shibe Park,674915.0,102.0,97.0,PHA,PHA,PHA
1909,NL,PHI,PHI,,5,154,77.0,74,79,,,N,N,517.0,5034.0,1228.0,185.0,53.0,12.0,368.0,490.0,185.0,,54.0,,519.0,377.0,2.44,89.0,17.0,6.0,4173.0,1190.0,23.0,472.0,612.0,241.0,97.0,0.962,Philadelphia Phillies,Baker Bowl,303177.0,101.0,100.0,PHI,PHI,PHI
1909,NL,PIT,PIT,,1,154,78.0,110,42,,,Y,Y,699.0,5129.0,1332.0,218.0,92.0,25.0,479.0,511.0,185.0,,36.0,,447.0,322.0,2.07,93.0,21.0,11.0,4205.0,1174.0,12.0,320.0,490.0,228.0,100.0,0.964,Pittsburgh Pirates,Exposition Park/Forbes Field,534950.0,105.0,99.0,PIT,PIT,PIT
1909,AL,SLA,BAL,,7,154,79.0,61,89,,,N,N,441.0,4964.0,1151.0,116.0,45.0,10.0,331.0,607.0,136.0,,51.0,,575.0,433.0,2.88,105.0,21.0,4.0,4064.0,1287.0,16.0,383.0,620.0,267.0,107.0,0.958,St. Louis Browns,Sportsman's Park IV,366274.0,93.0,98.0,SLB,SLA,SLA
1909,NL,SLN,STL,,7,154,76.0,54,98,,,N,N,583.0,5108.0,1242.0,148.0,56.0,15.0,568.0,648.0,163.0,,62.0,,731.0,523.0,3.41,84.0,5.0,4.0,4139.0,1368.0,22.0,483.0,435.0,322.0,90.0,0.95,St. Louis Cardinals,Robison Field,299982.0,94.0,97.0,STL,SLN,SLN
1909,WES,SPG,SPG,,1,13,,11,2,,,,,27.0,198.0,51.0,6.0,3.0,1.0,12.0,34.0,5.0,,3.0,,31.0,22.0,3.54,4.0,0.0,1.0,168.0,55.0,1.0,16.0,26.0,22.0,0.0,0.919,St. Paul Gophers,Downtown Park,,,,SPG,,
1909,AL,WS1,MIN,,8,156,77.0,42,110,,,N,N,380.0,4983.0,1113.0,149.0,41.0,9.0,321.0,618.0,136.0,,42.0,,656.0,464.0,3.04,99.0,11.0,2.0,4124.0,1288.0,12.0,424.0,653.0,280.0,100.0,0.957,Washington Senators,American League Park II,205199.0,95.0,98.0,WSH,WS1,WS1
1910,AL,BOS,BOS,,4,158,80.0,81,72,,,N,N,641.0,5204.0,1350.0,175.0,87.0,43.0,430.0,719.0,194.0,,56.0,,564.0,390.0,2.45,100.0,12.0,6.0,4290.0,1236.0,30.0,414.0,670.0,309.0,80.0,0.954,Boston Red Sox,Huntington Avenue Grounds,584619.0,102.0,101.0,BOS,BOS,BOS
1910,EAS,BRG,BR2,,1,13,,9,4,,,,,90.0,443.0,132.0,19.0,16.0,4.0,38.0,43.0,32.0,,10.0,,73.0,53.0,4.15,9.0,1.0,1.0,345.0,118.0,3.0,33.0,41.0,33.0,8.0,0.941,Brooklyn Royal Giants,Meyerrose Park,,,,BRG,,BRG
1910,NL,BRO,LAD,,6,156,80.0,64,90,,,N,N,497.0,5125.0,1174.0,166.0,73.0,25.0,434.0,706.0,151.0,,40.0,,623.0,484.0,3.07,103.0,15.0,5.0,4261.0,1331.0,17.0,545.0,555.0,235.0,125.0,0.964,Brooklyn Superbas,Washington Park III,279321.0,97.0,100.0,BRO,BRO,BRO
1910,NL,BSN,ATL,,8,157,78.0,53,100,,,N,N,495.0,5123.0,1260.0,173.0,49.0,31.0,359.0,540.0,152.0,,47.0,,701.0,497.0,3.22,72.0,12.0,9.0,4171.0,1328.0,36.0,599.0,440.0,305.0,137.0,0.954,Boston Doves,South End Grounds III,149027.0,103.0,109.0,BSN,BSN,BSN
1910,AL,CHA,CHW,,6,156,79.0,68,85,,,N,N,457.0,5024.0,1058.0,115.0,58.0,7.0,403.0,648.0,183.0,,44.0,,479.0,320.0,2.03,103.0,23.0,7.0,4263.0,1130.0,16.0,381.0,785.0,314.0,100.0,0.954,Chicago White Sox,South Side Park II/Comiskey Park,552084.0,95.0,95.0,CHW,CHA,CHA
1910,NL,CHN,CHC,,1,154,77.0,104,50,,,Y,N,712.0,4977.0,1333.0,219.0,84.0,34.0,542.0,501.0,173.0,,39.0,,499.0,384.0,2.51,99.0,25.0,13.0,4136.0,1171.0,18.0,474.0,609.0,230.0,110.0,0.963,Chicago Cubs,West Side Park II,526152.0,99.0,95.0,CHC,CHN,CHN
1910,NL,CIN,CIN,,5,156,77.0,75,79,,,N,N,620.0,5121.0,1326.0,150.0,79.0,23.0,529.0,515.0,310.0,,29.0,,684.0,475.0,3.08,86.0,16.0,11.0,4160.0,1334.0,27.0,528.0,497.0,291.0,103.0,0.955,Cincinnati Reds,Palace of the Fans,380622.0,96.0,97.0,CIN,CIN,CIN
1910,AL,CLE,CLE,,5,161,80.0,71,81,,,N,N,548.0,5395.0,1316.0,188.0,64.0,9.0,366.0,645.0,189.0,,37.0,,657.0,470.0,2.88,92.0,13.0,5.0,4401.0,1392.0,10.0,488.0,617.0,248.0,112.0,0.964,Cleveland Naps,League Park II,293456.0,101.0,103.0,CLE,CLE,CLE
1910,WES,COG,COG,,3,24,,15,8,,,,,76.0,578.0,133.0,13.0,5.0,8.0,55.0,89.0,16.0,,2.0,,60.0,34.0,1.92,11.0,0.0,0.0,478.0,124.0,2.0,30.0,86.0,42.0,12.0,0.94,Chicago Giants,Red Sox Park,,,,COG,,CG1
1910,EAS,CSH,CSW,,2,31,,18,13,,,,,148.0,914.0,244.0,41.0,14.0,3.0,66.0,122.0,17.0,,3.0,,96.0,51.0,1.94,25.0,0.0,0.0,710.0,176.0,2.0,86.0,117.0,71.0,13.0,0.937,Cuban Stars of Havana,,,,,CSH,,
1910,AL,DET,DET,,3,155,78.0,86,68,,,N,N,679.0,5039.0,1317.0,190.0,72.0,28.0,459.0,572.0,249.0,,51.0,,584.0,433.0,2.82,108.0,17.0,5.0,4141.0,1257.0,34.0,460.0,532.0,288.0,79.0,0.956,Detroit Tigers,Bennett Park,391288.0,107.0,104.0,DET,DET,DET
1910,WES,KCG,KCG,,5,16,,7,8,,,,,1.0,30.0,3.0,0.0,0.0,0.0,1.0,5.0,,,0.0,,8.0,6.0,6.75,1.0,0.0,0.0,24.0,8.0,0.0,4.0,7.0,3.0,0.0,0.909,Kansas City Giants,Riverside Park,,,,KCG,,
1910,WES,KRG,KRG,,2,6,,4,2,,,,,9.0,37.0,15.0,1.0,1.0,0.0,6.0,0.0,,,0.0,,3.0,2.0,2.0,1.0,0.0,0.0,27.0,8.0,0.0,0.0,4.0,1.0,0.0,0.976,Kansas City Royal Giants,Shelley Park,,,,KRG,,
1910,WES,LEL,LEL,,1,25,,22,2,,,,,138.0,790.0,237.0,52.0,9.0,8.0,42.0,84.0,5.0,,2.0,,72.0,54.0,2.37,19.0,2.0,1.0,615.0,163.0,4.0,50.0,139.0,36.0,10.0,0.962,Chicago Leland Giants,Normal Park,,,,LEL,,
1910,NL,NY1,SFG,,2,155,79.0,91,63,,,N,N,715.0,5061.0,1391.0,204.0,83.0,31.0,562.0,489.0,282.0,,57.0,,567.0,414.0,2.68,96.0,9.0,10.0,4175.0,1290.0,30.0,397.0,717.0,291.0,117.0,0.955,New York Giants,Polo Grounds III,511785.0,100.0,98.0,NYG,NY1,NY1
1910,AL,NYA,NYY,,2,156,77.0,88,63,,,N,N,626.0,5051.0,1254.0,164.0,75.0,20.0,464.0,634.0,288.0,,71.0,,557.0,406.0,2.61,110.0,14.0,8.0,4197.0,1238.0,16.0,364.0,654.0,286.0,95.0,0.956,New York Highlanders,Hilltop Park,355857.0,106.0,105.0,NYY,NYA,NYA
1910,WES,OKM,OKM,,9,11,,3,8,,,,,11.0,122.0,25.0,5.0,0.0,1.0,8.0,28.0,,,0.0,,29.0,24.0,6.75,4.0,0.0,0.0,96.0,48.0,2.0,9.0,13.0,8.0,1.0,0.952,Oklahoma Monarchs,Colcord Park,,,,OKM,,
1910,EAS,PG,PG,,3,21,,7,14,,,,,86.0,639.0,148.0,19.0,10.0,4.0,46.0,63.0,9.0,,9.0,,140.0,99.0,5.12,12.0,0.0,0.0,522.0,218.0,4.0,48.0,75.0,64.0,16.0,0.923,Philadelphia Giants,,,,,PG,,
1910,AL,PHA,OAK,,1,155,78.0,102,48,,,Y,Y,674.0,5154.0,1373.0,191.0,105.0,19.0,409.0,573.0,207.0,,47.0,,442.0,282.0,1.79,123.0,24.0,5.0,4265.0,1103.0,8.0,450.0,789.0,230.0,117.0,0.965,Philadelphia Athletics,Shibe Park,588905.0,99.0,94.0,PHA,PHA,PHA
1910,NL,PHI,PHI,,4,157,78.0,78,75,,,N,N,674.0,5171.0,1319.0,223.0,71.0,22.0,506.0,559.0,199.0,,43.0,,639.0,479.0,3.05,84.0,17.0,9.0,4234.0,1297.0,36.0,547.0,657.0,258.0,132.0,0.96,Philadelphia Phillies,Baker Bowl,296597.0,103.0,103.0,PHI,PHI,PHI
1910,NL,PIT,PIT,,3,154,76.0,86,67,,,N,N,655.0,5125.0,1364.0,214.0,83.0,33.0,437.0,524.0,148.0,,34.0,,576.0,433.0,2.83,73.0,13.0,12.0,4128.0,1254.0,20.0,392.0,479.0,245.0,102.0,0.961,Pittsburgh Pirates,Forbes Field,436586.0,107.0,104.0,PIT,PIT,PIT
1910,WES,SC1,SC1,,8,30,,10,18,,,,,89.0,709.0,180.0,36.0,7.0,3.0,54.0,113.0,2.0,,0.0,,102.0,68.0,3.29,19.0,1.0,0.0,558.0,195.0,5.0,32.0,96.0,56.0,9.0,0.936,Stars of Cuba,,,,,SC1,,
1910,AL,SLA,BAL,,8,158,79.0,47,107,,,N,N,451.0,5077.0,1105.0,131.0,60.0,12.0,415.0,841.0,169.0,,36.0,,743.0,478.0,3.09,101.0,9.0,3.0,4173.0,1356.0,14.0,532.0,557.0,385.0,113.0,0.943,St. Louis Browns,Sportsman's Park IV,249889.0,94.0,98.0,SLB,SLA,SLA
1910,NL,SLN,STL,,7,153,76.0,63,90,,,N,N,639.0,4912.0,1217.0,167.0,70.0,15.0,655.0,581.0,179.0,,78.0,,718.0,561.0,3.78,82.0,4.0,14.0,4012.0,1396.0,30.0,541.0,466.0,261.0,109.0,0.959,St. Louis Cardinals,Robison Field,355668.0,96.0,98.0,STL,SLN,SLN
1910,WES,WBS,WBS,,10,11,,0,10,,,,,9.0,236.0,44.0,7.0,2.0,1.0,7.0,54.0,4.0,,2.0,,41.0,29.0,4.12,4.0,0.0,0.0,190.0,71.0,3.0,15.0,32.0,25.0,3.0,0.917,West Baden Sprudels,Sprudel Park,,,,WBS,,
1910,AL,WS1,MIN,,7,157,77.0,66,85,,,N,N,501.0,4989.0,1175.0,145.0,47.0,9.0,449.0,630.0,192.0,,82.0,,551.0,376.0,2.46,119.0,19.0,3.0,4120.0,1215.0,19.0,375.0,674.0,264.0,99.0,0.959,Washington Senators,American League Park II,254591.0,95.0,99.0,WSH,WS1,WS1
1911,WES,AC2,AC2,,9,28,,8,20,,,,,53.0,584.0,129.0,19.0,4.0,1.0,58.0,84.0,11.0,,2.0,,95.0,63.0,3.71,16.0,0.0,0.0,459.0,158.0,4.0,42.0,86.0,54.0,10.0,0.928,All Cubans,,,,,AC2,,
1911,AL,BOS,BOS,,4,153,76.0,78,75,,,N,N,680.0,5014.0,1379.0,203.0,66.0,35.0,506.0,630.0,190.0,,,,643.0,411.0,2.74,87.0,10.0,8.0,4053.0,1309.0,21.0,473.0,711.0,322.0,93.0,0.949,Boston Red Sox,Huntington Avenue Grounds,503961.0,99.0,98.0,BOS,BOS,BOS
1911,EAS,BRG,BR2,,3,23,,12,10,,,,,101.0,503.0,159.0,20.0,11.0,6.0,35.0,76.0,25.0,,9.0,,82.0,59.0,4.29,9.0,0.0,0.0,371.0,148.0,5.0,49.0,51.0,39.0,6.0,0.934,Brooklyn Royal Giants,Meyerrose Park,,,,BRG,,BRG
1911,NL,BRO,LAD,,7,154,74.0,64,86,,,N,N,539.0,5059.0,1198.0,151.0,71.0,28.0,425.0,683.0,184.0,,,,659.0,516.0,3.39,81.0,13.0,10.0,4113.0,1310.0,27.0,566.0,533.0,243.0,112.0,0.962,Brooklyn Dodgers,Washington Park III,269000.0,96.0,98.0,BRO,BRO,BRO
1911,NL,BSN,ATL,,8,156,75.0,44,107,,,N,N,699.0,5308.0,1417.0,249.0,54.0,37.0,554.0,577.0,169.0,,,,1021.0,776.0,5.08,73.0,5.0,7.0,4122.0,1570.0,76.0,672.0,486.0,347.0,110.0,0.947,Boston Rustlers,South End Grounds III,116000.0,107.0,111.0,BSN,BSN,BSN
1911,WES,CAG,CAG,,3,42,,28,12,,,,,188.0,1142.0,335.0,43.0,12.0,4.0,66.0,147.0,17.0,,1.0,,125.0,92.0,2.72,26.0,3.0,1.0,914.0,258.0,2.0,98.0,211.0,66.0,22.0,0.952,Chicago American Giants,Schorling Park,,,,CAG,,CAG
1911,AL,CHA,CHW,,5,154,78.0,77,74,,,N,N,719.0,5213.0,1401.0,179.0,92.0,20.0,385.0,598.0,201.0,,,,624.0,457.0,2.97,85.0,17.0,11.0,4158.0,1349.0,22.0,384.0,752.0,255.0,98.0,0.961,Chicago White Sox,Comiskey Park,583208.0,98.0,97.0,CHW,CHA,CHA
1911,NL,CHN,CHC,,2,157,84.0,92,62,,,N,N,757.0,5130.0,1335.0,218.0,101.0,54.0,585.0,617.0,214.0,,,,607.0,455.0,2.9,85.0,12.0,16.0,4233.0,1270.0,26.0,525.0,582.0,260.0,114.0,0.96,Chicago Cubs,West Side Park II,576000.0,100.0,97.0,CHC,CHN,CHN
1911,NL,CIN,CIN,,6,159,82.0,70,83,,,N,N,682.0,5291.0,1379.0,180.0,105.0,21.0,578.0,594.0,289.0,,,,706.0,516.0,3.26,77.0,4.0,12.0,4275.0,1410.0,36.0,476.0,557.0,297.0,108.0,0.955,Cincinnati Reds,Palace of the Fans,300000.0,97.0,98.0,CIN,CIN,CIN
1911,AL,CLE,CLE,,3,156,77.0,80,73,,,N,N,691.0,5321.0,1501.0,238.0,81.0,20.0,354.0,649.0,209.0,,,,712.0,519.0,3.36,93.0,6.0,6.0,4170.0,1382.0,17.0,552.0,675.0,302.0,108.0,0.954,Cleveland Naps,League Park II,406296.0,101.0,102.0,CLE,CLE,CLE
1911,WES,COG,COG,,5,24,,11,12,,,,,108.0,689.0,166.0,25.0,9.0,5.0,66.0,126.0,6.0,,0.0,,85.0,64.0,3.17,16.0,3.0,1.0,545.0,178.0,2.0,45.0,112.0,39.0,21.0,0.953,Chicago Giants,Schorling Park,,,,COG,,CG1
1911,EAS,CSH,CSW,,1,30,,18,11,,,,,98.0,558.0,144.0,16.0,16.0,3.0,69.0,93.0,54.0,,9.0,,64.0,43.0,2.48,15.0,3.0,0.0,468.0,153.0,2.0,33.0,114.0,39.0,11.0,0.944,Cuban Stars of Havana,,,,,CSH,,
1911,AL,DET,DET,,2,154,76.0,89,65,,,N,N,831.0,5294.0,1544.0,230.0,96.0,30.0,471.0,653.0,276.0,,,,776.0,575.0,3.73,108.0,8.0,3.0,4161.0,1514.0,28.0,460.0,538.0,312.0,78.0,0.951,Detroit Tigers,Bennett Park,484988.0,105.0,104.0,DET,DET,DET
1911,WES,KRG,KRG,,11,12,,3,9,,,,,34.0,267.0,59.0,14.0,0.0,7.0,19.0,29.0,7.0,,1.0,,52.0,37.0,4.56,5.0,0.0,0.0,219.0,64.0,10.0,20.0,48.0,24.0,6.0,0.93,Kansas City Royal Giants,Shelley Park,,,,KRG,,
1911,EAS,NLG,NLG,,2,16,,9,6,,,,,97.0,518.0,172.0,24.0,6.0,3.0,49.0,62.0,42.0,,6.0,,89.0,61.0,4.16,10.0,1.0,0.0,396.0,141.0,3.0,47.0,101.0,42.0,16.0,0.932,New York Lincoln Giants,Olympic Field,,,,NLG,,NYL
1911,NL,NY1,SFG,,1,154,75.0,99,54,,,Y,N,756.0,5006.0,1399.0,225.0,103.0,41.0,530.0,506.0,347.0,,,,542.0,409.0,2.69,95.0,19.0,13.0,4104.0,1267.0,33.0,369.0,771.0,251.0,86.0,0.96,New York Giants,Polo Grounds III/Polo Grounds IV,675000.0,103.0,99.0,NYG,NY1,NY1
1911,AL,NYA,NYY,,6,153,77.0,76,76,,,N,N,684.0,5052.0,1374.0,190.0,96.0,25.0,493.0,601.0,269.0,,,,724.0,535.0,3.54,91.0,5.0,3.0,4080.0,1404.0,26.0,406.0,667.0,320.0,99.0,0.949,New York Highlanders,Hilltop Park,302444.0,106.0,107.0,NYY,NYA,NYA
1911,EAS,PG,PG,,4,22,,6,16,,,,,59.0,598.0,146.0,16.0,7.0,4.0,43.0,105.0,14.0,,3.0,,116.0,81.0,4.67,13.0,0.0,0.0,468.0,163.0,4.0,60.0,85.0,56.0,13.0,0.928,Philadelphia Giants,,,,,PG,,
1911,AL,PHA,OAK,,1,152,75.0,101,50,,,Y,Y,861.0,5199.0,1540.0,237.0,93.0,35.0,424.0,522.0,226.0,,,,601.0,460.0,3.01,97.0,13.0,13.0,4125.0,1343.0,17.0,487.0,739.0,228.0,100.0,0.963,Philadelphia Athletics,Shibe Park,605749.0,98.0,95.0,PHA,PHA,PHA
1911,NL,PHI,PHI,,4,153,76.0,79,73,,,N,N,658.0,5044.0,1307.0,214.0,56.0,60.0,490.0,588.0,153.0,,,,669.0,503.0,3.3,90.0,20.0,10.0,4119.0,1285.0,43.0,598.0,697.0,231.0,113.0,0.963,Philadelphia Phillies,Baker Bowl,416000.0,101.0,101.0,PHI,PHI,PHI
1911,NL,PIT,PIT,,3,155,78.0,85,69,,,N,N,744.0,5137.0,1345.0,206.0,106.0,49.0,525.0,583.0,160.0,,,,557.0,435.0,2.84,91.0,13.0,11.0,4140.0,1249.0,36.0,375.0,605.0,231.0,131.0,0.963,Pittsburgh Pirates,Forbes Field,432000.0,104.0,101.0,PIT,PIT,PIT
1911,AL,SLA,BAL,,8,152,78.0,45,107,,,N,N,567.0,4996.0,1192.0,187.0,63.0,17.0,460.0,785.0,125.0,,,,812.0,571.0,3.86,92.0,8.0,1.0,3996.0,1465.0,28.0,463.0,383.0,358.0,104.0,0.945,St. Louis Browns,Sportsman's Park IV,207984.0,96.0,101.0,SLB,SLA,SLA
1911,WES,SLG,SLS,,4,43,,26,17,,,,,100.0,579.0,158.0,20.0,8.0,7.0,62.0,88.0,32.0,,16.0,,88.0,61.0,3.43,12.0,1.0,0.0,480.0,177.0,9.0,52.0,68.0,47.0,14.0,0.937,St. Louis Giants,Athletic Park,,,,SLG,,SLG
1911,NL,SLN,STL,,5,158,79.0,75,74,,,N,N,671.0,5132.0,1295.0,199.0,86.0,26.0,592.0,650.0,175.0,,,,745.0,573.0,3.68,88.0,6.0,10.0,4206.0,1296.0,39.0,701.0,561.0,262.0,106.0,0.959,St. Louis Cardinals,Robison Field,447768.0,97.0,99.0,STL,SLN,SLN
1911,WES,WBS,WBS,,5,23,,11,12,,,,,18.0,104.0,25.0,5.0,2.0,1.0,5.0,3.0,5.0,,1.0,,12.0,9.0,3.12,3.0,0.0,0.0,78.0,18.0,2.0,9.0,15.0,5.0,0.0,0.953,West Baden Sprudels,Sprudel Park,,,,WBS,,
1911,AL,WS1,MIN,,7,154,77.0,64,90,,,N,N,625.0,5065.0,1308.0,159.0,54.0,16.0,466.0,635.0,215.0,,,,766.0,529.0,3.52,106.0,13.0,3.0,4059.0,1471.0,39.0,410.0,628.0,306.0,90.0,0.953,Washington Senators,Griffith Stadium I,244884.0,98.0,98.0,WSH,WS1,WS1
1912,AL,BOS,BOS,,1,154,78.0,105,47,,,Y,Y,799.0,5071.0,1404.0,269.0,84.0,29.0,565.0,586.0,185.0,182.0,,,544.0,418.0,2.76,108.0,18.0,6.0,4086.0,1243.0,18.0,385.0,712.0,266.0,88.0,0.957,Boston Red Sox,Fenway Park I,597096.0,105.0,102.0,BOS,BOS,BOS
1912,EAS,BRG,BR2,,3,25,,10,15,,,,,78.0,626.0,164.0,27.0,5.0,10.0,33.0,105.0,26.0,,6.0,,106.0,78.0,4.62,12.0,1.0,0.0,456.0,193.0,5.0,44.0,68.0,41.0,15.0,0.943,Brooklyn Royal Giants,Ridgewood Grounds,,,,BRG,,BRG
1912,NL,BRO,LAD,,7,153,76.0,58,95,,,N,N,651.0,5141.0,1377.0,220.0,73.0,32.0,490.0,584.0,179.0,,,,754.0,549.0,3.64,71.0,10.0,8.0,4071.0,1399.0,45.0,510.0,553.0,255.0,96.0,0.959,Brooklyn Dodgers,Washington Park III,243000.0,96.0,98.0,BRO,BRO,BRO
1912,NL,BSN,ATL,,8,155,79.0,52,101,,,N,N,693.0,5361.0,1465.0,227.0,68.0,35.0,454.0,690.0,137.0,,,,861.0,644.0,4.17,88.0,5.0,5.0,4170.0,1544.0,43.0,521.0,542.0,295.0,129.0,0.954,Boston Braves,South End Grounds III,121000.0,100.0,104.0,BSN,BSN,BSN
1912,WES,CAG,CAG,,1,53,,33,19,,,,,256.0,1570.0,450.0,67.0,22.0,5.0,115.0,162.0,4.0,,1.0,,188.0,124.0,2.65,34.0,2.0,0.0,1263.0,388.0,3.0,111.0,218.0,107.0,32.0,0.945,Chicago American Giants,Schorling Park,,,,CAG,,CAG
1912,AL,CHA,CHW,,4,158,78.0,78,76,,,N,N,639.0,5182.0,1321.0,174.0,80.0,17.0,423.0,647.0,205.0,193.0,,,648.0,480.0,3.06,85.0,14.0,16.0,4239.0,1398.0,26.0,426.0,698.0,289.0,102.0,0.957,Chicago White Sox,Comiskey Park,602241.0,97.0,97.0,CHW,CHA,CHA
1912,NL,CHN,CHC,,3,152,78.0,91,59,,,N,N,756.0,5048.0,1398.0,245.0,90.0,43.0,560.0,615.0,164.0,,,,668.0,516.0,3.42,80.0,15.0,9.0,4074.0,1307.0,33.0,493.0,554.0,249.0,125.0,0.96,Chicago Cubs,West Side Park II,514000.0,100.0,97.0,CHC,CHN,CHN
1912,NL,CIN,CIN,,4,155,77.0,75,78,,,N,N,656.0,5115.0,1310.0,183.0,89.0,21.0,479.0,492.0,248.0,,,,722.0,523.0,3.42,86.0,13.0,10.0,4131.0,1455.0,28.0,452.0,561.0,247.0,102.0,0.96,Cincinnati Reds,Crosley Field,344000.0,97.0,99.0,CIN,CIN,CIN
1912,AL,CLE,CLE,,5,155,77.0,75,78,,,N,N,677.0,5133.0,1403.0,219.0,77.0,12.0,407.0,553.0,194.0,131.0,,,681.0,496.0,3.3,94.0,7.0,7.0,4056.0,1367.0,15.0,523.0,622.0,286.0,124.0,0.954,Cleveland Naps,League Park II,336844.0,103.0,103.0,CLE,CLE,CLE
1912,WES,CSH,CSW,,3,23,,12,9,,,,,81.0,654.0,149.0,23.0,3.0,1.0,50.0,88.0,6.0,,2.0,,64.0,40.0,2.05,15.0,3.0,0.0,526.0,146.0,1.0,43.0,82.0,35.0,7.0,0.956,Cuban Stars of Havana,,,,,CSH,,
1912,AL,DET,DET,,6,154,76.0,69,84,,,N,N,720.0,5143.0,1376.0,189.0,86.0,19.0,530.0,601.0,270.0,157.0,,,777.0,573.0,3.77,107.0,7.0,5.0,4101.0,1438.0,16.0,521.0,512.0,330.0,91.0,0.95,Detroit Tigers,Navin Field,402870.0,97.0,98.0,DET,DET,DET
1912,WES,KRG,KRG,,2,5,,3,2,,,,,44.0,161.0,49.0,8.0,5.0,5.0,18.0,31.0,22.0,,0.0,,37.0,28.0,5.6,4.0,0.0,0.0,135.0,50.0,10.0,17.0,35.0,15.0,1.0,0.928,Kansas City Royal Giants,Shelley Park,,,,KRG,,
1912,EAS,NLG,NLG,,1,25,,16,8,,,,,107.0,725.0,217.0,24.0,6.0,7.0,38.0,89.0,33.0,,7.0,,64.0,46.0,2.25,19.0,1.0,0.0,552.0,159.0,3.0,35.0,139.0,32.0,7.0,0.962,New York Lincoln Giants,Olympic Field,,,,NLG,,NYL
1912,NL,NY1,SFG,,1,154,76.0,103,48,,,Y,N,823.0,5067.0,1451.0,231.0,89.0,47.0,514.0,497.0,319.0,,,,571.0,392.0,2.58,93.0,8.0,15.0,4107.0,1352.0,36.0,338.0,652.0,280.0,123.0,0.955,New York Giants,Polo Grounds IV,638000.0,104.0,100.0,NYG,NY1,NY1
1912,AL,NYA,NYY,,8,153,76.0,50,102,,,N,N,630.0,5092.0,1320.0,168.0,79.0,18.0,463.0,579.0,247.0,184.0,,,842.0,613.0,4.13,105.0,5.0,3.0,4005.0,1448.0,28.0,436.0,637.0,376.0,77.0,0.94,New York Highlanders,Hilltop Park,242194.0,106.0,108.0,NYY,NYA,NYA
1912,AL,PHA,OAK,,3,153,77.0,90,62,,,N,N,779.0,5111.0,1442.0,204.0,108.0,22.0,485.0,556.0,258.0,168.0,,,658.0,501.0,3.32,95.0,11.0,9.0,4071.0,1273.0,12.0,518.0,601.0,263.0,115.0,0.959,Philadelphia Athletics,Shibe Park,517653.0,97.0,93.0,PHA,PHA,PHA
1912,NL,PHI,PHI,,5,152,75.0,73,79,,,N,N,670.0,5077.0,1354.0,244.0,68.0,43.0,464.0,615.0,159.0,,,,688.0,489.0,3.25,81.0,10.0,9.0,4065.0,1381.0,43.0,515.0,616.0,231.0,98.0,0.963,Philadelphia Phillies,Baker Bowl,250000.0,106.0,106.0,PHI,PHI,PHI
1912,NL,PIT,PIT,,2,152,75.0,93,58,,,N,N,751.0,5252.0,1493.0,222.0,129.0,39.0,420.0,514.0,177.0,,,,565.0,439.0,2.85,94.0,18.0,7.0,4155.0,1268.0,28.0,497.0,664.0,169.0,125.0,0.972,Pittsburgh Pirates,Forbes Field,384000.0,99.0,96.0,PIT,PIT,PIT
1912,AL,SLA,BAL,,7,157,79.0,53,101,,,N,N,552.0,5080.0,1262.0,166.0,71.0,19.0,449.0,797.0,176.0,174.0,,,764.0,564.0,3.71,85.0,8.0,5.0,4107.0,1433.0,17.0,442.0,547.0,340.0,127.0,0.947,St. Louis Browns,Sportsman's Park IV,214070.0,96.0,100.0,SLB,SLA,SLA
1912,WES,SLG,SLS,,5,39,,18,21,,,,,146.0,1142.0,307.0,46.0,14.0,7.0,76.0,179.0,47.0,,13.0,,178.0,133.0,4.15,28.0,1.0,0.0,866.0,352.0,17.0,64.0,160.0,78.0,20.0,0.942,St. Louis Giants,Athletic Park,,,,SLG,,SLG
1912,NL,SLN,STL,,6,153,77.0,63,90,,,N,N,659.0,5092.0,1366.0,190.0,77.0,27.0,508.0,620.0,193.0,,,,830.0,579.0,3.85,61.0,6.0,12.0,4059.0,1466.0,31.0,560.0,487.0,272.0,113.0,0.957,St. Louis Cardinals,Robison Field,241759.0,98.0,101.0,STL,SLN,SLN
1912,WES,WBS,WBS,,6,27,,11,16,,,,,17.0,174.0,41.0,7.0,1.0,3.0,9.0,42.0,3.0,,0.0,,37.0,28.0,6.15,4.0,0.0,0.0,123.0,54.0,0.0,9.0,15.0,13.0,1.0,0.927,West Baden Sprudels,Sprudel Park,,,,WBS,,
1912,AL,WS1,MIN,,2,154,78.0,91,61,,,N,N,699.0,5075.0,1298.0,202.0,86.0,20.0,472.0,738.0,274.0,151.0,,,581.0,411.0,2.69,98.0,11.0,7.0,4128.0,1219.0,24.0,525.0,828.0,297.0,92.0,0.954,Washington Senators,Griffith Stadium I,350663.0,101.0,101.0,WSH,WS1,WS1
1913,AL,BOS,BOS,,4,151,75.0,79,71,,,N,N,631.0,4965.0,1334.0,220.0,101.0,17.0,466.0,534.0,189.0,,,,610.0,444.0,2.94,83.0,12.0,10.0,4074.0,1323.0,6.0,442.0,710.0,238.0,84.0,0.961,Boston Red Sox,Fenway Park I,437194.0,103.0,100.0,BOS,BOS,BOS
1913,EAS,BRG,BR2,,2,24,,13,11,,,,,75.0,603.0,147.0,15.0,5.0,3.0,42.0,126.0,34.0,,11.0,,84.0,62.0,3.53,17.0,0.0,0.0,474.0,182.0,0.0,49.0,85.0,31.0,13.0,0.959,Brooklyn Royal Giants,Ridgewood Grounds,,,,BRG,,BRG
1913,NL,BRO,LAD,,6,152,77.0,65,84,,,N,N,595.0,5165.0,1394.0,193.0,86.0,39.0,361.0,555.0,188.0,,,,613.0,477.0,3.13,71.0,9.0,7.0,4119.0,1287.0,33.0,439.0,548.0,243.0,125.0,0.961,Brooklyn Superbas,Ebbets Field,347000.0,103.0,103.0,BRO,BRO,BRO
1913,NL,BSN,ATL,,5,154,77.0,69,82,,,N,N,641.0,5145.0,1318.0,191.0,60.0,32.0,488.0,640.0,177.0,,,,690.0,487.0,3.19,105.0,13.0,3.0,4119.0,1343.0,37.0,419.0,597.0,273.0,82.0,0.957,Boston Braves,South End Grounds III,208000.0,100.0,102.0,BSN,BSN,BSN
1913,WES,CAG,CAG,,3,63,,37,25,,,,,243.0,1713.0,491.0,72.0,20.0,3.0,120.0,151.0,24.0,,7.0,,227.0,166.0,3.29,36.0,6.0,0.0,1364.0,458.0,3.0,138.0,291.0,104.0,34.0,0.951,Chicago American Giants,Schorling Park,,,,CAG,,CAG
1913,AL,CHA,CHW,,5,153,77.0,78,74,,,N,N,488.0,4822.0,1139.0,157.0,66.0,24.0,398.0,550.0,156.0,,,,498.0,352.0,2.33,84.0,17.0,8.0,4080.0,1190.0,10.0,438.0,602.0,255.0,104.0,0.96,Chicago White Sox,Comiskey Park,644501.0,99.0,100.0,CHW,CHA,CHA
1913,NL,CHN,CHC,,3,155,76.0,88,65,,,N,N,720.0,5022.0,1289.0,195.0,96.0,59.0,554.0,634.0,181.0,,,,630.0,477.0,3.13,89.0,12.0,15.0,4116.0,1330.0,39.0,478.0,556.0,260.0,106.0,0.959,Chicago Cubs,West Side Park II,419000.0,100.0,99.0,CHC,CHN,CHN
1913,NL,CIN,CIN,,7,156,78.0,64,89,,,N,N,607.0,5132.0,1339.0,170.0,96.0,27.0,458.0,579.0,226.0,,,,717.0,531.0,3.46,71.0,10.0,10.0,4140.0,1398.0,40.0,456.0,522.0,251.0,104.0,0.961,Cincinnati Reds,Crosley Field,258000.0,100.0,101.0,CIN,CIN,CIN
1913,AL,CLE,CLE,,3,155,80.0,86,66,,,N,N,633.0,5031.0,1349.0,206.0,74.0,16.0,420.0,557.0,191.0,,,,536.0,391.0,2.54,93.0,18.0,5.0,4158.0,1278.0,19.0,502.0,689.0,242.0,124.0,0.962,Cleveland Naps,League Park II,541000.0,103.0,103.0,CLE,CLE,CLE
1913,WES,COG,COG,,1,7,,5,2,,,,,24.0,138.0,41.0,11.0,3.0,0.0,12.0,14.0,2.0,,0.0,,15.0,8.0,2.0,4.0,0.0,0.0,108.0,34.0,0.0,11.0,12.0,13.0,6.0,0.925,Chicago Giants,Schorling Park,,,,COG,,CG1
1913,WES,CSH,CSW,,4,30,,16,14,,,,,132.0,874.0,248.0,39.0,12.0,5.0,51.0,117.0,22.0,,5.0,,119.0,90.0,3.74,16.0,1.0,3.0,649.0,226.0,6.0,58.0,99.0,44.0,18.0,0.957,Cuban Stars of Havana,,,,,CSH,,
1913,AL,DET,DET,,6,153,76.0,66,87,,,N,N,624.0,5064.0,1344.0,180.0,101.0,24.0,496.0,501.0,218.0,,,,716.0,511.0,3.38,90.0,4.0,7.0,4080.0,1359.0,13.0,504.0,468.0,297.0,105.0,0.954,Detroit Tigers,Navin Field,398502.0,99.0,99.0,DET,DET,DET
1913,WES,FLP,FLP,,6,30,,12,16,,,,,41.0,269.0,74.0,13.0,5.0,6.0,12.0,40.0,8.0,,2.0,,36.0,28.0,3.92,6.0,1.0,0.0,193.0,59.0,1.0,23.0,30.0,11.0,1.0,0.963,French Lick Plutos,Pluto Park,,,,FLP,,
1913,EAS,MOH,MOH,,3,16,,8,8,,,,,75.0,530.0,128.0,25.0,7.0,0.0,38.0,58.0,53.0,,16.0,,59.0,35.0,2.15,9.0,5.0,1.0,440.0,115.0,2.0,33.0,110.0,45.0,11.0,0.933,Schenectady Mohawk Giants,Island Park,,,,MOH,,
1913,EAS,NLG,NLG,,1,23,,16,6,,,,,91.0,579.0,179.0,24.0,3.0,3.0,40.0,82.0,21.0,,7.0,,58.0,36.0,2.17,14.0,3.0,1.0,448.0,161.0,5.0,37.0,81.0,34.0,3.0,0.949,New York Lincoln Giants,Olympic Field,,,,NLG,,NYL
1913,NL,NY1,SFG,,1,156,81.0,101,51,,,Y,N,684.0,5218.0,1427.0,226.0,71.0,30.0,444.0,501.0,296.0,,,,515.0,382.0,2.42,82.0,12.0,17.0,4266.0,1276.0,38.0,315.0,651.0,252.0,107.0,0.961,New York Giants,Polo Grounds IV,630000.0,101.0,98.0,NYG,NY1,NY1
1913,AL,NYA,NYY,,7,153,75.0,57,94,,,N,N,529.0,4880.0,1157.0,155.0,45.0,8.0,534.0,617.0,203.0,,,,668.0,488.0,3.27,75.0,8.0,7.0,4032.0,1318.0,31.0,455.0,530.0,286.0,94.0,0.953,New York Yankees,Polo Grounds IV,357551.0,100.0,102.0,NYY,NYA,NYA
1913,AL,PHA,OAK,,1,153,76.0,96,57,,,Y,Y,794.0,5044.0,1412.0,223.0,80.0,33.0,534.0,547.0,221.0,,,,592.0,479.0,3.19,69.0,17.0,22.0,4053.0,1200.0,24.0,532.0,630.0,212.0,108.0,0.966,Philadelphia Athletics,Shibe Park,571896.0,98.0,94.0,PHA,PHA,PHA
1913,NL,PHI,PHI,,2,159,78.0,88,63,,,N,N,693.0,5400.0,1433.0,257.0,78.0,73.0,383.0,578.0,156.0,,,,636.0,509.0,3.15,77.0,20.0,11.0,4365.0,1407.0,40.0,512.0,667.0,213.0,112.0,0.968,Philadelphia Phillies,Baker Bowl,470000.0,104.0,104.0,PHI,PHI,PHI
1913,NL,PIT,PIT,,4,155,79.0,78,71,,,N,N,673.0,5252.0,1383.0,210.0,86.0,35.0,391.0,545.0,181.0,,,,585.0,451.0,2.9,74.0,9.0,7.0,4200.0,1344.0,26.0,434.0,590.0,226.0,94.0,0.964,Pittsburgh Pirates,Forbes Field,296000.0,96.0,94.0,PIT,PIT,PIT
1913,AL,SLA,BAL,,8,155,77.0,57,96,,,N,N,528.0,5031.0,1193.0,179.0,73.0,18.0,455.0,769.0,209.0,,,,642.0,470.0,3.06,104.0,14.0,5.0,4146.0,1369.0,21.0,454.0,476.0,301.0,125.0,0.954,St. Louis Browns,Sportsman's Park IV,250330.0,97.0,100.0,SLB,SLA,SLA
1913,NL,SLN,STL,,8,153,74.0,51,99,,,N,N,528.0,4967.0,1229.0,152.0,72.0,15.0,451.0,573.0,171.0,,,,755.0,635.0,4.23,74.0,6.0,11.0,4053.0,1426.0,57.0,477.0,465.0,219.0,113.0,0.965,St. Louis Cardinals,Robison Field,203531.0,98.0,101.0,STL,SLN,SLN
1913,WES,WBS,WBS,,5,43,,21,20,,,,,58.0,417.0,101.0,8.0,11.0,1.0,43.0,69.0,16.0,,2.0,,48.0,32.0,2.7,10.0,1.0,0.0,320.0,101.0,0.0,20.0,58.0,24.0,8.0,0.952,West Baden Sprudels,Sprudel Park,,,,WBS,,
1913,AL,WS1,MIN,,2,155,78.0,90,64,,,N,N,596.0,5074.0,1281.0,156.0,81.0,19.0,440.0,595.0,287.0,,,,561.0,423.0,2.73,78.0,23.0,20.0,4188.0,1177.0,35.0,465.0,758.0,262.0,122.0,0.96,Washington Senators,Griffith Stadium I,325831.0,102.0,101.0,WSH,WS1,WS1
1914,WES,ABC,ABC,,2,70,,40,29,,,,,341.0,2016.0,548.0,106.0,38.0,29.0,201.0,237.0,145.0,,27.0,,331.0,237.0,3.93,42.0,4.0,3.0,1630.0,515.0,32.0,173.0,283.0,150.0,31.0,0.942,Indianapolis ABCs,Northwestern Park,,,,ABC,,IN4
1914,FL,BLF,BLT,,3,160,,84,70,,,N,,645.0,5120.0,1374.0,222.0,67.0,32.0,487.0,589.0,152.0,,,,628.0,484.0,3.13,88.0,15.0,13.0,4176.0,1389.0,34.0,392.0,732.0,259.0,105.0,0.96,Baltimore Terrapins,Terrapin Park,,103.0,105.0,BAL,BLF,BLF
1914,AL,BOS,BOS,,2,159,79.0,91,62,,,N,N,589.0,5117.0,1278.0,226.0,85.0,18.0,490.0,549.0,177.0,176.0,,,510.0,374.0,2.36,88.0,24.0,8.0,4281.0,1207.0,18.0,393.0,602.0,242.0,99.0,0.963,Boston Red Sox,Fenway Park I,481359.0,100.0,98.0,BOS,BOS,BOS
1914,FL,BRF,BTT,,5,157,,77,77,,,N,,662.0,5221.0,1402.0,225.0,85.0,42.0,404.0,665.0,220.0,,,,677.0,512.0,3.33,91.0,11.0,9.0,4155.0,1375.0,31.0,559.0,636.0,282.0,120.0,0.956,Brooklyn Tip-Tops,Washington Park IV,,99.0,100.0,BTT,BRF,BRF
1914,EAS,BRG,BR2,,3,33,,14,19,,,,,153.0,1083.0,271.0,40.0,9.0,7.0,97.0,187.0,76.0,,11.0,,153.0,103.0,3.33,29.0,4.0,0.0,834.0,306.0,8.0,90.0,140.0,78.0,19.0,0.942,Brooklyn Royal Giants,Ridgewood Grounds,,,,BRG,,BRG
1914,NL,BRO,LAD,,5,154,79.0,75,79,,,N,N,622.0,5152.0,1386.0,172.0,90.0,31.0,376.0,559.0,173.0,,,,618.0,429.0,2.82,80.0,11.0,11.0,4104.0,1282.0,36.0,466.0,605.0,248.0,112.0,0.961,Brooklyn Robins,Ebbets Field,122671.0,102.0,102.0,BRO,BRO,BRO
1914,NL,BSN,ATL,,1,158,79.0,94,59,,,Y,Y,657.0,5206.0,1307.0,213.0,60.0,35.0,502.0,617.0,139.0,,,,548.0,433.0,2.74,104.0,19.0,6.0,4263.0,1272.0,38.0,477.0,606.0,237.0,143.0,0.963,Boston Braves,South End Grounds III,382913.0,104.0,102.0,BSN,BSN,BSN
1914,FL,BUF,BFL,,4,155,,80,71,,,N,,620.0,5064.0,1264.0,177.0,74.0,38.0,430.0,761.0,228.0,,,,602.0,487.0,3.16,89.0,15.0,16.0,4161.0,1249.0,45.0,505.0,662.0,242.0,109.0,0.962,Buffalo Buffeds,Federal League Park,,102.0,103.0,BUF,BUF,BUF
1914,WES,CAG,CAG,,1,57,,43,14,,,,,274.0,1646.0,462.0,73.0,12.0,10.0,123.0,161.0,20.0,,7.0,,152.0,110.0,2.27,38.0,11.0,1.0,1307.0,357.0,8.0,112.0,219.0,69.0,27.0,0.965,Chicago American Giants,Schorling Park,,,,CAG,,CAG
1914,AL,CHA,CHW,,6,157,81.0,70,84,,,N,N,487.0,5040.0,1205.0,161.0,71.0,19.0,408.0,609.0,167.0,152.0,,,560.0,385.0,2.48,74.0,17.0,11.0,4194.0,1207.0,15.0,401.0,660.0,288.0,90.0,0.957,Chicago White Sox,Comiskey Park,469290.0,99.0,98.0,CHW,CHA,CHA
1914,FL,CHF,CHH,,2,157,,87,67,,,N,,621.0,5098.0,1314.0,227.0,50.0,52.0,520.0,645.0,171.0,,,,517.0,385.0,2.44,93.0,17.0,8.0,4260.0,1204.0,43.0,393.0,650.0,249.0,113.0,0.962,Chicago Chi-Feds,Wrigley Field,,94.0,92.0,CHI,CHF,CHF
1914,NL,CHN,CHC,,4,156,76.0,78,76,,,N,N,605.0,5050.0,1229.0,199.0,74.0,42.0,501.0,577.0,164.0,,,,638.0,418.0,2.71,70.0,14.0,11.0,4167.0,1169.0,37.0,528.0,651.0,310.0,87.0,0.951,Chicago Cubs,West Side Park II,202516.0,100.0,100.0,CHC,CHN,CHN
1914,NL,CIN,CIN,,8,157,77.0,60,94,,,N,N,530.0,4991.0,1178.0,142.0,64.0,16.0,441.0,627.0,224.0,,,,651.0,453.0,2.94,74.0,15.0,15.0,4161.0,1259.0,30.0,489.0,607.0,314.0,113.0,0.952,Cincinnati Reds,Crosley Field,100791.0,103.0,105.0,CIN,CIN,CIN
1914,AL,CLE,CLE,,8,157,79.0,51,102,,,N,N,538.0,5157.0,1262.0,178.0,70.0,10.0,450.0,685.0,167.0,157.0,,,709.0,496.0,3.21,69.0,9.0,3.0,4173.0,1365.0,10.0,666.0,688.0,298.0,119.0,0.954,Cleveland Naps,League Park II,185997.0,104.0,105.0,CLE,CLE,CLE
1914,WES,CSH,CSW,,3,44,,23,20,,,,,163.0,1125.0,294.0,43.0,12.0,8.0,106.0,114.0,20.0,,5.0,,132.0,100.0,3.13,31.0,6.0,0.0,862.0,293.0,7.0,91.0,145.0,57.0,18.0,0.958,Cuban Stars of Havana,,,,,CSH,,
1914,AL,DET,DET,,4,157,78.0,80,73,,,N,N,615.0,5102.0,1318.0,195.0,84.0,25.0,557.0,537.0,211.0,154.0,,,618.0,449.0,2.86,81.0,14.0,12.0,4236.0,1285.0,17.0,498.0,567.0,285.0,101.0,0.958,Detroit Tigers,Navin Field,416225.0,103.0,102.0,DET,DET,DET
1914,FL,IND,NEW,,1,157,,88,65,,,Y,,762.0,5176.0,1474.0,230.0,90.0,33.0,470.0,641.0,273.0,,,,622.0,475.0,3.06,104.0,15.0,9.0,4191.0,1352.0,29.0,476.0,664.0,275.0,113.0,0.957,Indianapolis Hoosiers,Federal League Park,,111.0,108.0,IND,IND,IND
1914,FL,KCF,KCP,,6,154,,67,84,,,N,,644.0,5127.0,1369.0,226.0,77.0,39.0,399.0,621.0,171.0,,,,683.0,516.0,3.41,82.0,10.0,12.0,4083.0,1387.0,37.0,445.0,600.0,279.0,135.0,0.957,Kansas City Packers,Gordon and Koppel Field,,97.0,97.0,KCP,KCF,KCF
1914,EAS,NLG,NLG,,2,32,,17,14,,,,,166.0,1052.0,322.0,51.0,7.0,6.0,95.0,143.0,56.0,,9.0,,180.0,120.0,4.08,22.0,3.0,0.0,795.0,296.0,5.0,94.0,157.0,101.0,22.0,0.922,New York Lincoln Giants,Olympic Field,,,,NLG,,NYL
1914,EAS,NLS,NLS,,1,7,,7,0,,,,,36.0,169.0,67.0,4.0,2.0,0.0,18.0,22.0,26.0,,3.0,,17.0,11.0,2.2,3.0,0.0,0.0,135.0,42.0,0.0,9.0,35.0,7.0,3.0,0.967,New York Lincoln Stars,Lenox Oval,,,,NLS,,
1914,NL,NY1,SFG,,2,156,80.0,84,70,,,N,N,672.0,5146.0,1363.0,222.0,59.0,30.0,447.0,479.0,239.0,,,,576.0,454.0,2.94,88.0,20.0,9.0,4170.0,1298.0,47.0,367.0,563.0,253.0,119.0,0.961,New York Giants,Polo Grounds IV,364313.0,97.0,95.0,NYG,NY1,NY1
1914,AL,NYA,NYY,,6,157,78.0,70,84,,,N,N,537.0,4992.0,1144.0,149.0,52.0,12.0,577.0,711.0,251.0,191.0,,,550.0,436.0,2.81,98.0,9.0,5.0,4191.0,1277.0,30.0,390.0,563.0,223.0,93.0,0.962,New York Yankees,Polo Grounds IV,359477.0,100.0,101.0,NYY,NYA,NYA
1914,AL,PHA,OAK,,1,158,78.0,99,53,,,Y,N,749.0,5126.0,1392.0,165.0,80.0,29.0,545.0,517.0,231.0,188.0,,,529.0,434.0,2.78,89.0,24.0,17.0,4212.0,1264.0,18.0,521.0,720.0,213.0,116.0,0.966,Philadelphia Athletics,Shibe Park,346641.0,96.0,95.0,PHA,PHA,PHA
1914,NL,PHI,PHI,,6,154,78.0,74,80,,,N,N,651.0,5110.0,1345.0,211.0,52.0,62.0,472.0,570.0,145.0,,,,687.0,469.0,3.06,85.0,14.0,7.0,4137.0,1403.0,26.0,452.0,650.0,324.0,81.0,0.95,Philadelphia Phillies,Baker Bowl,138474.0,106.0,105.0,PHI,PHI,PHI
1914,NL,PIT,PIT,,7,158,77.0,69,85,,,N,N,503.0,5145.0,1197.0,148.0,79.0,18.0,416.0,608.0,147.0,,,,540.0,422.0,2.7,86.0,10.0,11.0,4215.0,1272.0,27.0,392.0,488.0,223.0,96.0,0.966,Pittsburgh Pirates,Forbes Field,139620.0,96.0,95.0,PIT,PIT,PIT
1914,FL,PTF,PBS,,7,154,,64,86,,,N,,605.0,5114.0,1339.0,180.0,90.0,34.0,410.0,575.0,153.0,,,,698.0,542.0,3.56,97.0,9.0,6.0,4110.0,1416.0,39.0,444.0,510.0,253.0,92.0,0.96,Pittsburgh Rebels,Exposition Park III,,99.0,99.0,PBS,PTF,PTF
1914,AL,SLA,BAL,,5,159,81.0,71,82,,,N,N,523.0,5101.0,1241.0,185.0,75.0,17.0,423.0,863.0,233.0,189.0,,,615.0,446.0,2.85,81.0,15.0,11.0,4230.0,1309.0,20.0,540.0,553.0,317.0,114.0,0.952,St. Louis Browns,Sportsman's Park IV,244714.0,96.0,99.0,SLB,SLA,SLA
1914,FL,SLF,SLI,,8,154,,62,89,,,N,,565.0,5078.0,1254.0,193.0,65.0,26.0,503.0,662.0,113.0,,,,697.0,545.0,3.59,97.0,9.0,6.0,4101.0,1418.0,38.0,409.0,661.0,269.0,94.0,0.957,St. Louis Terriers,Handlan's Park,,105.0,105.0,SLM,SLF,SLF
1914,NL,SLN,STL,,3,157,79.0,81,72,,,N,N,558.0,5046.0,1249.0,203.0,65.0,33.0,445.0,618.0,204.0,,,,540.0,377.0,2.38,84.0,16.0,12.0,4272.0,1279.0,26.0,422.0,531.0,239.0,109.0,0.964,St. Louis Cardinals,Robison Field,256099.0,99.0,100.0,STL,SLN,SLN
1914,AL,WS1,MIN,,3,158,77.0,81,73,,,N,N,572.0,5108.0,1245.0,176.0,81.0,18.0,470.0,640.0,220.0,163.0,,,519.0,401.0,2.54,75.0,25.0,20.0,4260.0,1170.0,20.0,520.0,784.0,252.0,116.0,0.961,Washington Senators,Griffith Stadium I,243888.0,104.0,103.0,WSH,WS1,WS1
1915,WES,ABC,ABC,,1,63,,37,25,,,,,276.0,1877.0,417.0,62.0,18.0,13.0,237.0,311.0,127.0,,25.0,,219.0,149.0,2.47,49.0,4.0,1.0,1626.0,460.0,31.0,130.0,270.0,131.0,38.0,0.949,Indianapolis ABCs,Northwestern Park,,,,ABC,,IN4
1915,FL,BLF,BLT,,8,154,,47,107,,,N,,550.0,5060.0,1235.0,196.0,53.0,36.0,470.0,641.0,128.0,,,,760.0,598.0,3.96,85.0,5.0,7.0,4080.0,1455.0,52.0,466.0,570.0,273.0,140.0,0.957,Baltimore Terrapins,Terrapin Park,,103.0,105.0,BAL,BLF,BLF
1915,AL,BOS,BOS,,1,155,76.0,101,50,,,Y,Y,669.0,5024.0,1308.0,202.0,76.0,14.0,527.0,476.0,118.0,117.0,,,499.0,371.0,2.39,81.0,19.0,15.0,4191.0,1164.0,18.0,446.0,634.0,226.0,95.0,0.964,Boston Red Sox,Fenway Park I,539885.0,97.0,95.0,BOS,BOS,BOS
1915,FL,BRF,BTT,,7,153,,70,82,,,N,,647.0,5035.0,1348.0,205.0,75.0,36.0,473.0,654.0,249.0,,,,673.0,507.0,3.37,78.0,10.0,16.0,4065.0,1299.0,27.0,536.0,467.0,285.0,103.0,0.955,Brooklyn Tip-Tops,Washington Park IV,,99.0,100.0,BTT,BRF,BRF
1915,NL,BRO,LAD,,3,154,78.0,80,72,,,N,N,536.0,5120.0,1268.0,165.0,75.0,14.0,313.0,496.0,131.0,126.0,,,560.0,411.0,2.66,87.0,16.0,8.0,4167.0,1252.0,29.0,473.0,499.0,238.0,96.0,0.963,Brooklyn Robins,Ebbets Field,297766.0,102.0,101.0,BRO,BRO,BRO
1915,NL,BSN,ATL,,2,157,78.0,83,69,,,N,N,582.0,5070.0,1219.0,231.0,57.0,17.0,549.0,620.0,121.0,98.0,,,545.0,401.0,2.57,95.0,17.0,13.0,4215.0,1257.0,23.0,366.0,630.0,213.0,115.0,0.966,Boston Braves,Fenway Park I / Braves Field,376283.0,98.0,97.0,BSN,BSN,BSN
1915,FL,BUF,BFL,,6,153,,74,78,,,N,,574.0,5065.0,1261.0,193.0,68.0,40.0,420.0,587.0,184.0,,,,634.0,511.0,3.38,79.0,14.0,11.0,4080.0,1271.0,35.0,553.0,594.0,232.0,112.0,0.964,Buffalo Blues,Federal League Park,,102.0,103.0,BUF,BUF,BUF
1915,WES,CAG,CAG,,3,57,,29,25,,,,,239.0,1815.0,431.0,68.0,6.0,10.0,165.0,218.0,13.0,,6.0,,232.0,152.0,2.68,39.0,5.0,1.0,1530.0,409.0,3.0,163.0,250.0,139.0,29.0,0.942,Chicago American Giants,Schorling Park,,,,CAG,,CAG
1915,AL,CHA,CHW,,3,155,79.0,93,61,,,N,N,717.0,4914.0,1269.0,163.0,102.0,25.0,583.0,575.0,233.0,183.0,,,509.0,378.0,2.43,91.0,16.0,9.0,4203.0,1242.0,14.0,350.0,635.0,222.0,95.0,0.965,Chicago White Sox,Comiskey Park,539461.0,103.0,102.0,CHW,CHA,CHA
1915,FL,CHF,CHH,,2,155,,86,66,,,Y,,640.0,5133.0,1320.0,185.0,77.0,50.0,444.0,590.0,161.0,,,,538.0,410.0,2.64,97.0,21.0,10.0,4191.0,1232.0,33.0,402.0,576.0,227.0,102.0,0.963,Chicago Whales,Wrigley Field,,94.0,92.0,CHI,CHF,CHF
1915,NL,CHN,CHC,,4,156,77.0,73,80,,,N,N,570.0,5114.0,1246.0,212.0,66.0,53.0,393.0,639.0,166.0,124.0,,,620.0,483.0,3.11,71.0,18.0,8.0,4197.0,1272.0,28.0,480.0,657.0,268.0,94.0,0.958,Chicago Cubs,West Side Park II,217058.0,100.0,101.0,CHC,CHN,CHN
1915,NL,CIN,CIN,,7,160,79.0,71,83,,,N,N,516.0,5231.0,1323.0,194.0,84.0,15.0,360.0,512.0,156.0,142.0,,,585.0,452.0,2.84,80.0,19.0,12.0,4296.0,1304.0,28.0,497.0,572.0,224.0,148.0,0.966,Cincinnati Reds,Crosley Field,218878.0,102.0,104.0,CIN,CIN,CIN
1915,AL,CLE,CLE,,7,154,77.0,57,95,,,N,N,539.0,5034.0,1210.0,169.0,79.0,20.0,490.0,681.0,138.0,117.0,,,670.0,477.0,3.13,62.0,11.0,10.0,4116.0,1287.0,18.0,518.0,610.0,272.0,82.0,0.957,Cleveland Indians,League Park II,159285.0,102.0,104.0,CLE,CLE,CLE
1915,WES,CSH,CSW,,5,55,,24,29,,,,,208.0,1744.0,421.0,58.0,14.0,16.0,117.0,230.0,45.0,,10.0,,247.0,166.0,3.37,37.0,2.0,2.0,1329.0,420.0,12.0,164.0,273.0,126.0,29.0,0.94,Cuban Stars of Havana,,,,,CSH,,
1915,AL,DET,DET,,2,156,77.0,100,54,,,N,N,778.0,5128.0,1372.0,207.0,94.0,23.0,681.0,527.0,241.0,146.0,,,597.0,449.0,2.86,86.0,10.0,19.0,4239.0,1259.0,14.0,492.0,550.0,258.0,107.0,0.961,Detroit Tigers,Navin Field,476105.0,105.0,103.0,DET,DET,DET
1915,FL,KCF,KCP,,4,153,,81,72,,,N,,547.0,4937.0,1206.0,200.0,66.0,28.0,368.0,503.0,144.0,,,,551.0,426.0,2.82,95.0,16.0,11.0,4077.0,1210.0,29.0,390.0,526.0,246.0,96.0,0.962,Kansas City Packers,Gordon and Koppel Field,,97.0,97.0,KCP,KCF,KCF
1915,FL,NEW,NEW,,5,155,,80,72,,,N,,585.0,5097.0,1283.0,210.0,80.0,17.0,438.0,550.0,184.0,,,,562.0,406.0,2.6,100.0,16.0,7.0,4218.0,1308.0,15.0,453.0,581.0,239.0,124.0,0.963,Newark Pepper,Harrison Field,,94.0,94.0,NEW,NEW,NEW
1915,EAS,NLG,NLG,,1,24,,17,6,,,,,165.0,726.0,255.0,34.0,18.0,12.0,69.0,60.0,28.0,,2.0,,92.0,57.0,2.91,15.0,0.0,0.0,528.0,175.0,2.0,45.0,104.0,63.0,16.0,0.926,New York Lincoln Giants,Olympic Field,,,,NLG,,NYL
1915,EAS,NLS,NLS,,2,41,,24,15,,,,,207.0,1305.0,370.0,67.0,9.0,9.0,97.0,146.0,35.0,,6.0,,131.0,92.0,2.51,28.0,4.0,4.0,990.0,258.0,2.0,124.0,204.0,66.0,21.0,0.955,New York Lincoln Stars,Lenox Oval,,,,NLS,,
1915,NL,NY1,SFG,,8,155,76.0,69,83,,,N,N,582.0,5218.0,1312.0,195.0,68.0,24.0,315.0,547.0,155.0,137.0,,,628.0,479.0,3.11,78.0,15.0,9.0,4155.0,1350.0,40.0,325.0,637.0,256.0,119.0,0.96,New York Giants,Polo Grounds IV,391850.0,94.0,93.0,NYG,NY1,NY1
1915,AL,NYA,NYY,,5,154,82.0,69,83,,,N,N,584.0,4982.0,1162.0,167.0,50.0,31.0,570.0,669.0,198.0,133.0,,,588.0,470.0,3.06,101.0,12.0,2.0,4146.0,1272.0,41.0,517.0,559.0,215.0,118.0,0.966,New York Yankees,Polo Grounds IV,256035.0,100.0,100.0,NYY,NYA,NYA
1915,AL,PHA,OAK,,8,154,74.0,43,109,,,N,N,545.0,5081.0,1204.0,183.0,72.0,16.0,436.0,634.0,127.0,89.0,,,888.0,643.0,4.29,78.0,6.0,2.0,4044.0,1358.0,22.0,827.0,588.0,338.0,118.0,0.947,Philadelphia Athletics,Shibe Park,146223.0,96.0,99.0,PHA,PHA,PHA
1915,NL,PHI,PHI,,1,153,76.0,90,62,,,Y,N,589.0,4916.0,1216.0,202.0,39.0,58.0,460.0,600.0,121.0,113.0,,,463.0,331.0,2.17,98.0,20.0,8.0,4122.0,1161.0,26.0,342.0,652.0,216.0,99.0,0.966,Philadelphia Phillies,Baker Bowl,449898.0,101.0,100.0,PHI,PHI,PHI
1915,NL,PIT,PIT,,5,156,79.0,73,81,,,N,N,557.0,5113.0,1259.0,197.0,91.0,24.0,419.0,656.0,182.0,111.0,,,520.0,399.0,2.6,91.0,18.0,11.0,4140.0,1229.0,21.0,384.0,544.0,214.0,100.0,0.966,Pittsburgh Pirates,Forbes Field,225743.0,99.0,99.0,PIT,PIT,PIT
1915,FL,PTF,PBS,,3,156,,86,67,,,N,,592.0,5040.0,1318.0,180.0,80.0,20.0,448.0,561.0,224.0,,,,524.0,428.0,2.79,88.0,16.0,12.0,4146.0,1273.0,37.0,441.0,517.0,174.0,98.0,0.971,Pittsburgh Rebels,Exposition Park III,,99.0,99.0,PBS,PTF,PTF
1915,AL,SLA,BAL,,6,159,76.0,63,91,,,N,N,521.0,5112.0,1255.0,166.0,65.0,19.0,472.0,765.0,202.0,160.0,,,680.0,474.0,3.04,76.0,6.0,7.0,4209.0,1256.0,21.0,612.0,566.0,336.0,144.0,0.949,St. Louis Browns,Sportsman's Park IV,150358.0,96.0,98.0,SLB,SLA,SLA
1915,FL,SLF,SLI,,1,159,,87,67,,,N,,634.0,5145.0,1344.0,199.0,81.0,23.0,576.0,502.0,195.0,,,,527.0,433.0,2.73,94.0,24.0,9.0,4278.0,1267.0,22.0,396.0,698.0,207.0,111.0,0.968,St. Louis Terriers,Handlan's Park,,105.0,105.0,SLM,SLF,SLF
1915,WES,SLG,SLS,,4,19,,9,9,,,,,102.0,578.0,156.0,23.0,5.0,7.0,63.0,73.0,41.0,,16.0,,89.0,62.0,3.66,14.0,0.0,1.0,457.0,147.0,6.0,56.0,81.0,38.0,13.0,0.948,St. Louis Giants,Kuebler Park,,,,SLG,,SLG
1915,NL,SLN,STL,,6,157,81.0,72,81,,,N,N,590.0,5106.0,1297.0,159.0,92.0,20.0,457.0,658.0,162.0,144.0,,,601.0,450.0,2.89,79.0,13.0,9.0,4200.0,1320.0,30.0,402.0,538.0,235.0,109.0,0.964,St. Louis Cardinals,Robison Field,252666.0,100.0,101.0,STL,SLN,SLN
1915,AL,WS1,MIN,,4,155,80.0,85,68,,,N,N,569.0,5029.0,1225.0,152.0,79.0,12.0,458.0,541.0,186.0,106.0,,,491.0,358.0,2.31,87.0,21.0,13.0,4179.0,1161.0,12.0,455.0,715.0,230.0,101.0,0.964,Washington Senators,Griffith Stadium I,167332.0,102.0,101.0,WSH,WS1,WS1
1916,WES,ABC,ABC,,2,44,,23,18,,,,,208.0,1262.0,348.0,39.0,24.0,3.0,122.0,193.0,77.0,,9.0,,171.0,113.0,2.95,29.0,3.0,2.0,1033.0,291.0,4.0,140.0,156.0,98.0,34.0,0.942,Indianapolis ABCs,Federal League Park,,,,ABC,,IN4
1916,AL,BOS,BOS,,1,156,78.0,91,63,,,Y,Y,550.0,5018.0,1246.0,197.0,56.0,14.0,464.0,482.0,129.0,,,,480.0,389.0,2.48,76.0,24.0,16.0,4230.0,1221.0,10.0,463.0,584.0,183.0,108.0,0.972,Boston Red Sox,Fenway Park I,496397.0,101.0,98.0,BOS,BOS,BOS
1916,EAS,BRG,BR2,,3,26,,16,10,,,,,139.0,776.0,220.0,19.0,10.0,9.0,73.0,89.0,47.0,,9.0,,109.0,78.0,3.65,19.0,0.0,1.0,577.0,207.0,5.0,65.0,116.0,47.0,17.0,0.948,Brooklyn Royal Giants,Ridgewood Grounds,,,,BRG,,BRG
1916,NL,BRO,LAD,,1,156,78.0,94,60,,,Y,N,585.0,5234.0,1366.0,195.0,80.0,28.0,355.0,550.0,187.0,,,,471.0,336.0,2.12,96.0,22.0,9.0,4281.0,1201.0,24.0,372.0,634.0,224.0,90.0,0.965,Brooklyn Robins,Ebbets Field,447747.0,103.0,102.0,BRO,BRO,BRO
1916,NL,BSN,ATL,,3,158,78.0,89,63,,,N,N,542.0,5075.0,1181.0,166.0,73.0,22.0,437.0,646.0,141.0,,,,453.0,344.0,2.19,97.0,23.0,11.0,4245.0,1206.0,24.0,325.0,644.0,212.0,124.0,0.967,Boston Braves,Braves Field,313495.0,95.0,94.0,BSN,BSN,BSN
1916,WES,CAG,CAG,,1,69,,40,26,,,,,270.0,1907.0,482.0,65.0,18.0,7.0,195.0,230.0,45.0,,14.0,,205.0,157.0,2.61,43.0,10.0,0.0,1624.0,424.0,3.0,232.0,292.0,82.0,46.0,0.967,Chicago American Giants,Schorling Park,,,,CAG,,CAG
1916,AL,CHA,CHW,,2,155,77.0,89,65,,,N,N,601.0,5081.0,1277.0,194.0,100.0,17.0,447.0,591.0,197.0,,,,497.0,370.0,2.36,73.0,20.0,15.0,4236.0,1189.0,14.0,405.0,644.0,205.0,134.0,0.968,Chicago White Sox,Comiskey Park,679923.0,101.0,98.0,CHW,CHA,CHA
1916,NL,CHN,CHC,,5,156,79.0,67,86,,,N,N,520.0,5179.0,1237.0,194.0,56.0,46.0,399.0,662.0,133.0,,,,541.0,417.0,2.65,72.0,17.0,13.0,4248.0,1265.0,32.0,365.0,616.0,277.0,104.0,0.957,Chicago Cubs,Wrigley Field,453685.0,110.0,111.0,CHC,CHN,CHN
1916,NL,CIN,CIN,,7,155,76.0,60,93,,,N,N,505.0,5254.0,1336.0,187.0,88.0,14.0,362.0,573.0,157.0,,,,617.0,485.0,3.1,86.0,7.0,6.0,4224.0,1356.0,35.0,461.0,569.0,228.0,126.0,0.965,Cincinnati Reds,Crosley Field,255846.0,98.0,99.0,CIN,CIN,CIN
1916,AL,CLE,CLE,,6,157,78.0,77,77,,,N,N,630.0,5064.0,1264.0,233.0,66.0,16.0,522.0,605.0,160.0,,,,602.0,454.0,2.9,65.0,9.0,16.0,4230.0,1383.0,16.0,467.0,537.0,232.0,130.0,0.965,Cleveland Indians,League Park II,492106.0,106.0,106.0,CLE,CLE,CLE
1916,EAS,CSE,CSE,,5,12,,2,10,,,,,53.0,400.0,100.0,13.0,4.0,2.0,36.0,81.0,17.0,,6.0,,75.0,56.0,5.06,8.0,0.0,0.0,299.0,110.0,10.0,47.0,36.0,32.0,9.0,0.934,Cuban Stars East,,,,,CSE,,CUE
1916,WES,CSW,CSW,,3,71,,35,34,,,,,234.0,2007.0,443.0,67.0,12.0,6.0,191.0,257.0,38.0,,16.0,,222.0,161.0,2.74,47.0,8.0,4.0,1586.0,460.0,9.0,154.0,292.0,107.0,39.0,0.956,Cuban Stars West,,,,,CSW,,CUW
1916,AL,DET,DET,,3,155,77.0,87,67,,,N,N,670.0,5193.0,1371.0,202.0,96.0,17.0,545.0,529.0,190.0,,,,595.0,465.0,2.97,81.0,8.0,13.0,4230.0,1254.0,12.0,578.0,531.0,211.0,110.0,0.968,Detroit Tigers,Navin Field,616772.0,104.0,101.0,DET,DET,DET
1916,EAS,NLG,NLG,,1,22,,14,8,,,,,109.0,663.0,202.0,29.0,6.0,7.0,65.0,85.0,22.0,,6.0,,93.0,62.0,3.17,15.0,3.0,0.0,528.0,191.0,2.0,60.0,97.0,53.0,14.0,0.937,New York Lincoln Giants,Olympic Field,,,,NLG,,NYL
1916,EAS,NLS,NLS,,4,29,,8,21,,,,,149.0,917.0,242.0,41.0,15.0,3.0,98.0,124.0,30.0,,7.0,,186.0,141.0,5.69,18.0,1.0,1.0,669.0,308.0,2.0,85.0,76.0,70.0,22.0,0.935,New York Lincoln Stars,Lenox Oval,,,,NLS,,
1916,NL,NY1,SFG,,4,155,78.0,86,66,,,N,N,597.0,5152.0,1305.0,188.0,74.0,42.0,356.0,558.0,206.0,,,,504.0,404.0,2.6,88.0,22.0,12.0,4191.0,1267.0,41.0,310.0,638.0,217.0,108.0,0.966,New York Giants,Polo Grounds IV,552056.0,95.0,93.0,NYG,NY1,NY1
1916,AL,NYA,NYY,,4,156,79.0,80,74,,,N,N,577.0,5198.0,1277.0,194.0,59.0,35.0,516.0,632.0,179.0,,,,561.0,440.0,2.77,84.0,12.0,17.0,4284.0,1249.0,37.0,476.0,616.0,219.0,119.0,0.967,New York Yankees,Polo Grounds IV,469211.0,102.0,102.0,NYY,NYA,NYA
1916,AL,PHA,OAK,,8,154,76.0,36,117,,,N,N,447.0,5010.0,1212.0,169.0,65.0,19.0,406.0,631.0,151.0,,,,776.0,585.0,3.92,94.0,11.0,3.0,4029.0,1311.0,26.0,715.0,575.0,312.0,126.0,0.952,Philadelphia Athletics,Shibe Park,184471.0,95.0,101.0,PHA,PHA,PHA
1916,NL,PHI,PHI,,2,154,79.0,91,62,,,N,N,581.0,4985.0,1244.0,223.0,53.0,42.0,399.0,571.0,149.0,,,,489.0,362.0,2.36,97.0,25.0,9.0,4146.0,1238.0,28.0,295.0,601.0,234.0,119.0,0.963,Philadelphia Phillies,Baker Bowl,515365.0,104.0,101.0,PHI,PHI,PHI
1916,NL,PIT,PIT,,6,157,78.0,65,89,,,N,N,484.0,5181.0,1246.0,147.0,91.0,20.0,372.0,618.0,173.0,,,,586.0,435.0,2.76,88.0,11.0,7.0,4257.0,1277.0,24.0,443.0,596.0,260.0,97.0,0.959,Pittsburgh Pirates,Forbes Field,289132.0,101.0,102.0,PIT,PIT,PIT
1916,AL,SLA,BAL,,5,158,79.0,79,75,,,N,N,588.0,5159.0,1262.0,181.0,50.0,14.0,627.0,640.0,234.0,,,,545.0,414.0,2.58,74.0,9.0,13.0,4329.0,1292.0,15.0,478.0,505.0,248.0,120.0,0.963,St. Louis Browns,Sportsman's Park IV,335740.0,95.0,97.0,SLB,SLA,SLA
1916,WES,SLG,SLS,,5,44,,18,24,,,,,147.0,1092.0,283.0,55.0,13.0,8.0,120.0,135.0,60.0,,8.0,,197.0,130.0,3.99,24.0,0.0,0.0,879.0,307.0,8.0,87.0,125.0,101.0,16.0,0.929,St. Louis Giants,Christian Brothers College Diamond,,,,SLG,,SLG
1916,NL,SLN,STL,,7,153,76.0,60,93,,,N,N,476.0,5030.0,1223.0,155.0,74.0,25.0,335.0,651.0,182.0,,,,629.0,473.0,3.14,58.0,13.0,15.0,4065.0,1331.0,31.0,445.0,529.0,273.0,124.0,0.957,St. Louis Cardinals,Robison Field,224308.0,99.0,101.0,STL,SLN,SLN
1916,AL,WS1,MIN,,7,159,81.0,76,77,,,N,N,536.0,5114.0,1238.0,170.0,60.0,12.0,535.0,597.0,185.0,,,,543.0,424.0,2.67,85.0,11.0,7.0,4290.0,1271.0,14.0,490.0,706.0,232.0,119.0,0.964,Washington Senators,Griffith Stadium I,177265.0,99.0,99.0,WSH,WS1,WS1
1917,WES,ABC,ABC,,3,63,,26,33,,,,,222.0,1919.0,475.0,61.0,33.0,4.0,165.0,226.0,53.0,,22.0,,221.0,160.0,2.76,38.0,7.0,1.0,1567.0,440.0,6.0,175.0,257.0,113.0,43.0,0.954,Indianapolis ABCs,Washington Park II,,,,ABC,,IN4
1917,AL,BOS,BOS,,2,157,80.0,90,62,,,N,N,555.0,5048.0,1243.0,198.0,64.0,14.0,466.0,473.0,105.0,,,,454.0,347.0,2.2,115.0,15.0,7.0,4263.0,1197.0,12.0,413.0,509.0,183.0,116.0,0.972,Boston Red Sox,Fenway Park I,387856.0,99.0,97.0,BOS,BOS,BOS
1917,EAS,BRG,BR2,,4,29,,13,15,,,,,135.0,771.0,213.0,28.0,9.0,1.0,92.0,106.0,50.0,,9.0,,132.0,100.0,4.74,19.0,1.0,1.0,570.0,215.0,3.0,95.0,115.0,49.0,19.0,0.945,Brooklyn Royal Giants,Ridgewood Grounds,,,,BRG,,BRG
1917,NL,BRO,LAD,,7,156,78.0,70,81,,,N,N,511.0,5251.0,1299.0,159.0,78.0,25.0,334.0,527.0,130.0,,,,559.0,439.0,2.78,99.0,8.0,9.0,4263.0,1288.0,32.0,405.0,582.0,245.0,102.0,0.962,Brooklyn Robins,Ebbets Field,221619.0,103.0,103.0,BRO,BRO,BRO
1917,NL,BSN,ATL,,6,157,77.0,72,81,,,N,N,536.0,5201.0,1280.0,169.0,75.0,22.0,427.0,587.0,155.0,,,,552.0,438.0,2.77,105.0,22.0,3.0,4272.0,1309.0,19.0,371.0,593.0,224.0,122.0,0.966,Boston Braves,Braves Field,174253.0,94.0,94.0,BSN,BSN,BSN
1917,WES,CAG,CAG,,1,65,,49,14,,,,,218.0,1784.0,407.0,72.0,14.0,2.0,201.0,180.0,61.0,,19.0,,130.0,91.0,1.56,47.0,12.0,4.0,1572.0,365.0,3.0,157.0,270.0,83.0,33.0,0.965,Chicago American Giants,Schorling Park,,,,CAG,,CAG
1917,AL,CHA,CHW,,1,156,79.0,100,54,,,Y,Y,656.0,5057.0,1281.0,152.0,81.0,18.0,522.0,479.0,219.0,,,,464.0,342.0,2.16,78.0,22.0,21.0,4272.0,1236.0,10.0,413.0,517.0,200.0,117.0,0.968,Chicago White Sox,Comiskey Park,684521.0,102.0,100.0,CHW,CHA,CHA
1917,NL,CHN,CHC,,5,157,77.0,74,80,,,N,N,552.0,5135.0,1229.0,194.0,67.0,17.0,415.0,599.0,127.0,,,,567.0,409.0,2.62,79.0,16.0,9.0,4212.0,1303.0,34.0,374.0,654.0,267.0,121.0,0.959,Chicago Cubs,Wrigley Field,360218.0,108.0,107.0,CHC,CHN,CHN
1917,NL,CIN,CIN,,4,157,80.0,78,76,,,N,N,601.0,5251.0,1385.0,196.0,100.0,26.0,312.0,477.0,153.0,,,,611.0,419.0,2.7,94.0,12.0,6.0,4191.0,1358.0,20.0,402.0,488.0,247.0,120.0,0.962,Cincinnati Reds,Crosley Field,269056.0,96.0,97.0,CIN,CIN,CIN
1917,AL,CLE,CLE,,3,156,78.0,88,66,,,N,N,584.0,4994.0,1224.0,218.0,64.0,13.0,549.0,596.0,210.0,,,,543.0,395.0,2.52,73.0,20.0,22.0,4236.0,1270.0,17.0,438.0,451.0,242.0,136.0,0.964,Cleveland Indians,League Park II,477298.0,107.0,106.0,CLE,CLE,CLE
1917,EAS,CSE,CSE,,2,27,,13,14,,,,,126.0,910.0,237.0,29.0,9.0,0.0,76.0,114.0,13.0,,2.0,,120.0,95.0,3.89,22.0,5.0,0.0,660.0,228.0,8.0,98.0,98.0,44.0,20.0,0.957,Cuban Stars East,,,,,CSE,,CUE
1917,WES,CSW,CSW,,4,48,,19,29,,,,,141.0,1468.0,321.0,41.0,20.0,3.0,117.0,194.0,41.0,,8.0,,137.0,102.0,2.35,41.0,2.0,1.0,1174.0,351.0,4.0,104.0,132.0,62.0,32.0,0.966,Cuban Stars West,,,,,CSW,,CUW
1917,AL,DET,DET,,4,154,76.0,78,75,,,N,N,639.0,5093.0,1317.0,204.0,77.0,25.0,483.0,476.0,163.0,,,,577.0,397.0,2.56,78.0,20.0,15.0,4188.0,1209.0,12.0,504.0,516.0,234.0,95.0,0.964,Detroit Tigers,Navin Field,457289.0,100.0,99.0,DET,DET,DET
1917,EAS,NLG,NLG,,1,34,,22,11,,,,,199.0,1121.0,347.0,44.0,12.0,11.0,135.0,142.0,13.0,,12.0,,150.0,107.0,3.34,26.0,5.0,0.0,864.0,294.0,0.0,103.0,156.0,75.0,24.0,0.942,New York Lincoln Giants,Olympic Field,,,,NLG,,NYL
1917,NL,NY1,SFG,,1,158,80.0,98,56,,,Y,N,635.0,5211.0,1360.0,170.0,71.0,39.0,373.0,533.0,162.0,,,,457.0,360.0,2.27,92.0,18.0,14.0,4278.0,1221.0,29.0,327.0,551.0,208.0,122.0,0.968,New York Giants,Polo Grounds IV,500264.0,97.0,94.0,NYG,NY1,NY1
1917,AL,NYA,NYY,,6,155,75.0,71,82,,,N,N,524.0,5136.0,1226.0,172.0,52.0,27.0,496.0,535.0,136.0,,,,558.0,417.0,2.66,87.0,10.0,6.0,4233.0,1280.0,28.0,427.0,571.0,225.0,129.0,0.965,New York Yankees,Polo Grounds IV,330294.0,101.0,101.0,NYY,NYA,NYA
1917,AL,PHA,OAK,,8,154,76.0,55,98,,,N,N,529.0,5109.0,1296.0,177.0,62.0,17.0,435.0,519.0,112.0,,,,691.0,496.0,3.27,80.0,8.0,8.0,4095.0,1310.0,23.0,562.0,516.0,251.0,106.0,0.961,Philadelphia Athletics,Shibe Park,221432.0,98.0,103.0,PHA,PHA,PHA
1917,NL,PHI,PHI,,2,154,76.0,87,65,,,N,N,578.0,5084.0,1262.0,225.0,60.0,38.0,435.0,533.0,109.0,,,,500.0,380.0,2.46,102.0,22.0,5.0,4167.0,1258.0,25.0,325.0,616.0,212.0,112.0,0.967,Philadelphia Phillies,Baker Bowl,354428.0,104.0,104.0,PHI,PHI,PHI
1917,NL,PIT,PIT,,8,157,79.0,51,103,,,N,N,464.0,5169.0,1230.0,160.0,61.0,9.0,399.0,580.0,150.0,,,,595.0,474.0,3.01,84.0,17.0,6.0,4251.0,1318.0,14.0,432.0,509.0,251.0,119.0,0.961,Pittsburgh Pirates,Forbes Field,192807.0,103.0,105.0,PIT,PIT,PIT
1917,AL,SLA,BAL,,7,155,78.0,57,97,,,N,N,510.0,5091.0,1250.0,183.0,63.0,15.0,405.0,540.0,157.0,,,,687.0,492.0,3.2,66.0,12.0,12.0,4155.0,1320.0,19.0,537.0,429.0,281.0,139.0,0.957,St. Louis Browns,Sportsman's Park IV,210486.0,96.0,98.0,SLB,SLA,SLA
1917,NL,SLN,STL,,3,154,78.0,82,70,,,N,N,531.0,5083.0,1271.0,159.0,93.0,26.0,359.0,652.0,159.0,,,,567.0,469.0,3.03,66.0,16.0,10.0,4176.0,1257.0,29.0,421.0,502.0,221.0,153.0,0.967,St. Louis Cardinals,Robison Field,288491.0,97.0,99.0,STL,SLN,SLN
1917,AL,WS1,MIN,,5,157,80.0,74,79,,,N,N,543.0,5142.0,1238.0,173.0,70.0,4.0,500.0,574.0,166.0,,,,566.0,432.0,2.75,84.0,21.0,10.0,4239.0,1217.0,12.0,537.0,637.0,251.0,127.0,0.961,Washington Senators,Griffith Stadium I,89682.0,99.0,99.0,WSH,WS1,WS1
1918,WES,ABC,ABC,,2,46,,25,18,,,,,248.0,1353.0,393.0,41.0,28.0,10.0,128.0,123.0,51.0,,12.0,,179.0,134.0,3.43,27.0,4.0,1.0,1055.0,317.0,3.0,120.0,121.0,81.0,27.0,0.95,Indianapolis ABCs,Washington Park II,,,,ABC,,IN4
1918,EAS,AC,BG1,,6,21,,8,12,,,,,80.0,558.0,151.0,14.0,2.0,2.0,40.0,52.0,8.0,,1.0,,108.0,72.0,4.29,12.0,0.0,0.0,453.0,163.0,8.0,58.0,80.0,53.0,11.0,0.924,Atlantic City Bacharach Giants,Bacharach Park,,,,AC,,ACY
1918,AL,BOS,BOS,,1,126,70.0,75,51,,,Y,Y,474.0,3982.0,990.0,159.0,54.0,15.0,406.0,324.0,110.0,,,,380.0,287.0,2.31,105.0,26.0,2.0,3360.0,931.0,9.0,380.0,392.0,152.0,89.0,0.971,Boston Red Sox,Fenway Park I,249513.0,98.0,97.0,BOS,BOS,BOS
1918,EAS,BRG,BR2,,4,25,,12,13,,,,,105.0,833.0,224.0,17.0,6.0,2.0,69.0,122.0,28.0,,6.0,,92.0,62.0,2.66,17.0,2.0,0.0,630.0,212.0,1.0,70.0,103.0,46.0,25.0,0.953,Brooklyn Royal Giants,Dexter Park,,,,BRG,,BRG
1918,NL,BRO,LAD,,5,126,54.0,57,69,,,N,N,360.0,4212.0,1052.0,121.0,62.0,10.0,212.0,326.0,113.0,,,,463.0,353.0,2.81,85.0,17.0,2.0,3393.0,1024.0,22.0,320.0,395.0,193.0,74.0,0.963,Brooklyn Robins,Ebbets Field,83831.0,100.0,101.0,BRO,BRO,BRO
1918,NL,BSN,ATL,,7,124,52.0,53,71,,,N,N,424.0,4162.0,1014.0,107.0,59.0,13.0,350.0,438.0,83.0,,,,469.0,360.0,2.9,96.0,13.0,0.0,3351.0,1111.0,14.0,277.0,340.0,184.0,89.0,0.965,Boston Braves,Braves Field,84938.0,96.0,97.0,BSN,BSN,BSN
1918,WES,CAG,CAG,,1,30,,20,8,,,,,130.0,830.0,204.0,32.0,9.0,1.0,93.0,82.0,23.0,,9.0,,105.0,76.0,2.91,15.0,1.0,2.0,705.0,199.0,2.0,102.0,87.0,59.0,20.0,0.947,Chicago American Giants,Schorling Park,,,,CAG,,CAG
1918,AL,CHA,CHW,,6,124,56.0,57,67,,,N,N,457.0,4132.0,1057.0,136.0,55.0,8.0,375.0,358.0,116.0,,,,446.0,342.0,2.73,76.0,9.0,8.0,3378.0,1092.0,9.0,300.0,349.0,167.0,98.0,0.967,Chicago White Sox,Comiskey Park,195081.0,101.0,98.0,CHW,CHA,CHA
1918,NL,CHN,CHC,,1,131,74.0,84,45,,,Y,N,538.0,4325.0,1147.0,164.0,53.0,21.0,358.0,343.0,159.0,,,,393.0,290.0,2.18,92.0,23.0,8.0,3591.0,1050.0,13.0,296.0,472.0,188.0,91.0,0.966,Chicago Cubs,Wrigley Field,337256.0,102.0,101.0,CHC,CHN,CHN
1918,NL,CIN,CIN,,3,129,71.0,68,60,,,N,N,530.0,4265.0,1185.0,165.0,84.0,15.0,304.0,303.0,128.0,,,,496.0,381.0,3.0,84.0,14.0,6.0,3426.0,1136.0,19.0,381.0,321.0,192.0,127.0,0.964,Cincinnati Reds,Crosley Field,163009.0,98.0,97.0,CIN,CIN,CIN
1918,AL,CLE,CLE,,2,129,62.0,73,54,,,N,N,504.0,4166.0,1084.0,176.0,67.0,9.0,491.0,386.0,165.0,,,,447.0,341.0,2.64,78.0,5.0,13.0,3483.0,1126.0,9.0,343.0,364.0,207.0,82.0,0.962,Cleveland Indians,League Park II,295515.0,109.0,108.0,CLE,CLE,CLE
1918,EAS,CSE,CSE,,5,26,,12,14,,,,,107.0,890.0,230.0,19.0,14.0,1.0,78.0,141.0,9.0,,3.0,,133.0,95.0,3.77,18.0,0.0,1.0,680.0,268.0,4.0,79.0,80.0,57.0,23.0,0.946,Cuban Stars East,,,,,CSE,,CUE
1918,WES,CSW,CSW,,3,42,0.0,17,23,,,,,150.0,1143.0,259.0,37.0,19.0,3.0,123.0,84.0,12.0,,11.0,,183.0,148.0,4.46,27.0,3.0,0.0,895.0,314.0,9.0,110.0,95.0,72.0,13.0,0.948,Cuban Stars West,,,,,CSW,,CUW
1918,AL,DET,DET,,7,128,58.0,55,71,,,N,N,476.0,4262.0,1063.0,141.0,56.0,13.0,452.0,380.0,123.0,,,,557.0,438.0,3.4,74.0,8.0,7.0,3480.0,1130.0,10.0,437.0,374.0,212.0,77.0,0.96,Detroit Tigers,Navin Field,203719.0,96.0,96.0,DET,DET,DET
1918,EAS,HIL,HIL,,2,12,,8,4,,,,,86.0,365.0,118.0,15.0,14.0,8.0,46.0,32.0,10.0,,2.0,,71.0,53.0,4.97,6.0,0.0,0.0,288.0,100.0,1.0,41.0,45.0,24.0,6.0,0.949,Hilldale Club,Hilldale Park,,,,HIL,,HIL
1918,EAS,NLG,NLG,,3,28,,16,12,,,,,115.0,933.0,280.0,30.0,5.0,3.0,88.0,104.0,10.0,,6.0,,103.0,59.0,2.12,22.0,3.0,0.0,750.0,250.0,1.0,82.0,152.0,68.0,19.0,0.942,New York Lincoln Giants,Olympic Field,,,,NLG,,NYL
1918,NL,NY1,SFG,,2,124,56.0,71,53,,,N,N,480.0,4164.0,1081.0,150.0,53.0,13.0,271.0,365.0,130.0,,,,415.0,326.0,2.64,74.0,18.0,11.0,3333.0,1002.0,20.0,228.0,330.0,152.0,78.0,0.97,New York Giants,Polo Grounds IV,256618.0,98.0,95.0,NYG,NY1,NY1
1918,AL,NYA,NYY,,4,126,67.0,60,63,,,N,N,493.0,4224.0,1085.0,160.0,45.0,20.0,367.0,370.0,88.0,,,,475.0,386.0,3.0,59.0,8.0,13.0,3471.0,1103.0,25.0,463.0,370.0,161.0,137.0,0.97,New York Yankees,Polo Grounds IV,282047.0,102.0,102.0,NYY,NYA,NYA
1918,AL,PHA,OAK,,8,130,68.0,52,76,,,N,N,412.0,4278.0,1039.0,124.0,44.0,22.0,343.0,485.0,83.0,,,,538.0,414.0,3.22,80.0,13.0,9.0,3468.0,1106.0,13.0,486.0,277.0,228.0,136.0,0.959,Philadelphia Athletics,Shibe Park,177926.0,101.0,105.0,PHA,PHA,PHA
1918,NL,PHI,PHI,,6,125,57.0,55,68,,,N,N,430.0,4192.0,1022.0,158.0,28.0,25.0,346.0,400.0,97.0,,,,507.0,399.0,3.15,78.0,10.0,6.0,3417.0,1086.0,22.0,369.0,312.0,211.0,91.0,0.961,Philadelphia Phillies,Baker Bowl,122266.0,107.0,108.0,PHI,PHI,PHI
1918,NL,PIT,PIT,,4,126,71.0,65,60,,,N,N,466.0,4091.0,1016.0,107.0,72.0,15.0,371.0,285.0,200.0,,,,412.0,314.0,2.48,85.0,10.0,7.0,3420.0,1005.0,13.0,299.0,367.0,179.0,108.0,0.966,Pittsburgh Pirates,Forbes Field,213610.0,103.0,104.0,PIT,PIT,PIT
1918,AL,SLA,BAL,,5,123,53.0,58,64,,,N,N,426.0,4019.0,1040.0,152.0,40.0,5.0,397.0,340.0,138.0,,,,448.0,339.0,2.75,67.0,8.0,8.0,3333.0,993.0,11.0,402.0,346.0,190.0,86.0,0.963,St. Louis Browns,Sportsman's Park IV,122076.0,97.0,99.0,SLB,SLA,SLA
1918,NL,SLN,STL,,8,131,73.0,51,78,,,N,N,454.0,4369.0,1066.0,147.0,64.0,27.0,329.0,461.0,119.0,,,,527.0,392.0,2.96,72.0,3.0,5.0,3579.0,1148.0,16.0,352.0,361.0,220.0,116.0,0.962,St. Louis Cardinals,Robison Field,110599.0,97.0,98.0,STL,SLN,SLN
1918,AL,WS1,MIN,,3,130,74.0,72,56,,,N,N,461.0,4472.0,1144.0,156.0,49.0,4.0,376.0,361.0,137.0,,,,412.0,292.0,2.14,75.0,19.0,8.0,3684.0,1021.0,10.0,395.0,505.0,226.0,95.0,0.96,Washington Senators,Griffith Stadium I,182122.0,99.0,98.0,WSH,WS1,WS1
1919,EAS,AC,BG1,,1,22,17.0,14,8,,,,,98.0,701.0,179.0,31.0,17.0,3.0,64.0,,23.0,,14.0,,73.0,61.0,2.83,12.0,3.0,2.0,582.0,150.0,3.0,63.0,112.0,26.0,,0.971,Atlantic City Bacharach Giants,Inlet Park,,,,AC,,ACY
1919,AL,BOS,BOS,,6,138,66.0,66,71,,,N,N,564.0,4548.0,1188.0,181.0,49.0,33.0,471.0,411.0,108.0,,,,552.0,450.0,3.31,89.0,15.0,8.0,3672.0,1251.0,16.0,421.0,381.0,143.0,118.0,0.975,Boston Red Sox,Fenway Park I,417291.0,94.0,94.0,BOS,BOS,BOS
1919,EAS,BRG,BR2,,5,17,6.0,4,13,,,,,40.0,422.0,99.0,12.0,1.0,1.0,27.0,,17.0,,1.0,,72.0,55.0,4.41,9.0,0.0,0.0,337.0,124.0,0.0,40.0,53.0,26.0,,0.951,Brooklyn Royal Giants,Dexter Park,,,,BRG,,BRG
1919,NL,BRO,LAD,,5,141,70.0,69,71,,,N,N,525.0,4844.0,1272.0,167.0,66.0,25.0,258.0,405.0,112.0,,,,513.0,389.0,2.73,98.0,12.0,1.0,3843.0,1256.0,21.0,292.0,476.0,218.0,84.0,0.963,Brooklyn Robins,Ebbets Field,360721.0,103.0,103.0,BRO,BRO,BRO
1919,NL,BSN,ATL,,6,140,68.0,57,82,,,N,N,465.0,4746.0,1201.0,142.0,62.0,24.0,355.0,481.0,145.0,,,,563.0,447.0,3.17,79.0,5.0,9.0,3810.0,1313.0,29.0,337.0,374.0,204.0,111.0,0.966,Boston Braves,Braves Field,167401.0,95.0,98.0,BSN,BSN,BSN
1919,WES,CAG,CAG,,2,43,16.0,27,16,,,,,224.0,1381.0,372.0,51.0,20.0,16.0,165.0,,51.0,,18.0,,170.0,129.0,3.09,28.0,2.0,1.0,1126.0,311.0,10.0,156.0,161.0,84.0,,0.952,Chicago American Giants,Schorling Park,,,,CAG,,CAG
1919,AL,CHA,CHW,,1,140,70.0,88,52,,,Y,N,667.0,4675.0,1343.0,218.0,70.0,25.0,427.0,358.0,150.0,,,,534.0,427.0,3.04,88.0,14.0,3.0,3795.0,1245.0,24.0,342.0,468.0,173.0,116.0,0.969,Chicago White Sox,Comiskey Park,627186.0,100.0,99.0,CHW,CHA,CHA
1919,NL,CHN,CHC,,3,140,71.0,75,65,,,N,N,454.0,4581.0,1174.0,166.0,58.0,21.0,298.0,359.0,150.0,,,,407.0,311.0,2.21,80.0,21.0,5.0,3795.0,1127.0,14.0,294.0,495.0,186.0,87.0,0.969,Chicago Cubs,Wrigley Field,424430.0,100.0,99.0,CHC,CHN,CHN
1919,NL,CIN,CIN,,1,140,70.0,96,44,,,Y,Y,577.0,4577.0,1204.0,135.0,83.0,20.0,405.0,368.0,143.0,,,,401.0,316.0,2.23,89.0,23.0,9.0,3822.0,1104.0,21.0,298.0,407.0,152.0,98.0,0.974,Cincinnati Reds,Crosley Field,532501.0,97.0,95.0,CIN,CIN,CIN
1919,AL,CLE,CLE,,2,139,69.0,84,55,,,N,N,636.0,4565.0,1268.0,254.0,72.0,24.0,498.0,367.0,113.0,,,,537.0,407.0,2.94,80.0,10.0,10.0,3735.0,1242.0,19.0,362.0,432.0,201.0,102.0,0.965,Cleveland Indians,League Park II,538135.0,106.0,104.0,CLE,CLE,CLE
1919,EAS,CSE,CSE,,3,24,0.0,13,11,,,,,70.0,564.0,136.0,21.0,2.0,2.0,51.0,,16.0,,10.0,,73.0,51.0,3.12,12.0,2.0,1.0,442.0,148.0,2.0,54.0,50.0,32.0,,0.953,Cuban Stars East,,,,,CSE,,CUE
1919,WES,CSW,CSW,,3,36,0.0,19,17,,,,,144.0,1110.0,264.0,32.0,8.0,6.0,98.0,,42.0,,9.0,,157.0,117.0,3.72,21.0,2.0,2.0,850.0,308.0,18.0,85.0,103.0,70.0,,0.947,Cuban Stars West,,,,,CSW,,CUW
1919,AL,DET,DET,,4,140,70.0,80,60,,,N,N,618.0,4665.0,1319.0,222.0,84.0,23.0,429.0,427.0,121.0,,,,578.0,461.0,3.3,85.0,10.0,4.0,3768.0,1254.0,35.0,436.0,428.0,205.0,81.0,0.964,Detroit Tigers,Navin Field,643805.0,98.0,100.0,DET,DET,DET
1919,WES,DS,DS,,1,41,31.0,27,14,,,,,221.0,1263.0,320.0,50.0,27.0,32.0,157.0,,43.0,,17.0,,161.0,124.0,3.13,27.0,4.0,5.0,1068.0,313.0,16.0,124.0,190.0,77.0,,0.953,Detroit Stars,Mack Park,,,,DS,,DT1
1919,EAS,HIL,HIL,,4,21,9.0,10,11,,,,,70.0,615.0,148.0,19.0,14.0,1.0,41.0,,13.0,,7.0,,92.0,72.0,3.88,10.0,1.0,0.0,501.0,146.0,4.0,59.0,74.0,39.0,,0.95,Hilldale Club,Hilldale Park,,,,HIL,,HIL
1919,EAS,NLG,NLG,,2,28,20.0,16,12,,,,,107.0,646.0,194.0,27.0,3.0,2.0,68.0,,22.0,,12.0,,80.0,60.0,3.14,17.0,3.0,1.0,516.0,161.0,2.0,53.0,110.0,39.0,,0.953,New York Lincoln Giants,Olympic Field,,,,NLG,,NYL
1919,NL,NY1,SFG,,2,140,69.0,87,53,,,N,N,605.0,4664.0,1254.0,204.0,64.0,40.0,328.0,407.0,157.0,,,,470.0,377.0,2.7,72.0,11.0,13.0,3768.0,1153.0,34.0,305.0,340.0,215.0,96.0,0.964,New York Giants,Polo Grounds IV,708857.0,100.0,97.0,NYG,NY1,NY1
1919,AL,NYA,NYY,,3,141,73.0,80,59,,,N,N,578.0,4775.0,1275.0,193.0,49.0,45.0,386.0,479.0,101.0,,,,506.0,403.0,2.82,85.0,14.0,7.0,3861.0,1143.0,47.0,433.0,500.0,193.0,108.0,0.968,New York Yankees,Polo Grounds IV,619164.0,101.0,99.0,NYY,NYA,NYA
1919,AL,PHA,OAK,,8,140,70.0,36,104,,,N,N,457.0,4730.0,1156.0,175.0,71.0,35.0,349.0,565.0,103.0,,,,742.0,586.0,4.26,72.0,1.0,3.0,3717.0,1371.0,44.0,503.0,417.0,257.0,96.0,0.956,Philadelphia Athletics,Shibe Park,225209.0,101.0,106.0,PHA,PHA,PHA
1919,NL,PHI,PHI,,8,138,71.0,47,90,,,N,N,510.0,4746.0,1191.0,208.0,50.0,42.0,323.0,469.0,114.0,,,,699.0,576.0,4.14,93.0,6.0,2.0,3756.0,1391.0,40.0,408.0,397.0,219.0,112.0,0.963,Philadelphia Phillies,Baker Bowl,240424.0,107.0,111.0,PHI,PHI,PHI
1919,NL,PIT,PIT,,4,139,70.0,71,68,,,N,N,472.0,4538.0,1132.0,130.0,82.0,17.0,344.0,381.0,196.0,,,,466.0,400.0,2.88,91.0,17.0,4.0,3747.0,1113.0,23.0,263.0,391.0,160.0,89.0,0.969,Pittsburgh Pirates,Forbes Field,276810.0,104.0,103.0,PIT,PIT,PIT
1919,AL,SLA,BAL,,5,140,70.0,67,72,,,N,N,533.0,4672.0,1234.0,187.0,73.0,31.0,391.0,443.0,74.0,,,,567.0,437.0,3.13,78.0,14.0,4.0,3768.0,1255.0,35.0,421.0,415.0,214.0,98.0,0.963,St. Louis Browns,Sportsman's Park IV,349350.0,102.0,103.0,SLB,SLA,SLA
1919,NL,SLN,STL,,7,138,69.0,54,83,,,N,N,463.0,4588.0,1175.0,163.0,52.0,18.0,304.0,418.0,148.0,,,,552.0,437.0,3.23,55.0,6.0,8.0,3651.0,1146.0,25.0,415.0,414.0,217.0,112.0,0.963,St. Louis Cardinals,Robison Field,167059.0,94.0,96.0,STL,SLN,SLN
1919,AL,WS1,MIN,,7,142,72.0,56,84,,,N,N,533.0,4757.0,1238.0,177.0,63.0,24.0,416.0,511.0,142.0,,,,570.0,426.0,3.01,68.0,13.0,10.0,3822.0,1237.0,20.0,451.0,536.0,227.0,86.0,0.96,Washington Senators,Griffith Stadium I,234096.0,99.0,99.0,WSH,WS1,WS1
1920,NNL,ABC,ABC,,4,85,,41,40,,,,,323.0,2544.0,641.0,75.0,30.0,11.0,231.0,6.0,78.0,,13.0,0.0,379.0,303.0,4.01,40.0,8.0,3.0,2038.0,644.0,7.0,251.0,273.0,163.0,,0.949,Indianapolis ABCs,Washington Park II,,,,ABC,,IN4
1920,EAS,AC,BG1,,2,39,,22,16,,,,,132.0,1028.0,254.0,29.0,18.0,6.0,101.0,5.0,42.0,,9.0,0.0,98.0,71.0,2.23,26.0,3.0,1.0,859.0,241.0,2.0,75.0,169.0,66.0,,0.95,Atlantic City Bacharach Giants,Inlet Park II,,,,AC,,ACY
1920,AL,BOS,BOS,,5,154,76.0,72,81,,,N,N,650.0,5199.0,1397.0,216.0,71.0,22.0,533.0,429.0,98.0,111.0,,,698.0,592.0,3.82,92.0,11.0,6.0,4185.0,1481.0,39.0,461.0,481.0,183.0,131.0,0.972,Boston Red Sox,Fenway Park I,402445.0,96.0,96.0,BOS,BOS,BOS
1920,EAS,BRG,BR2,,1,22,,13,7,,,,,63.0,656.0,141.0,10.0,6.0,1.0,48.0,,9.0,,2.0,0.0,67.0,55.0,2.83,20.0,3.0,0.0,525.0,143.0,0.0,59.0,88.0,25.0,,0.967,Brooklyn Royal Giants,Dexter Park,,,,BRG,,BRG
1920,NL,BRO,LAD,,1,155,78.0,93,61,,,Y,N,660.0,5399.0,1493.0,205.0,99.0,28.0,359.0,391.0,70.0,80.0,,,528.0,415.0,2.62,89.0,17.0,10.0,4281.0,1381.0,25.0,327.0,553.0,226.0,118.0,0.966,Brooklyn Robins,Ebbets Field,808722.0,104.0,103.0,BRO,BRO,BRO
1920,NL,BSN,ATL,,7,153,74.0,62,90,,,N,N,523.0,5218.0,1358.0,168.0,86.0,23.0,385.0,488.0,88.0,98.0,,,670.0,545.0,3.54,93.0,14.0,6.0,4158.0,1464.0,39.0,415.0,368.0,239.0,125.0,0.964,Boston Braves,Braves Field,162483.0,95.0,97.0,BSN,BSN,BSN
1920,NNL,CAG,CAG,,1,62,,45,15,,,Y,,285.0,1867.0,475.0,64.0,23.0,3.0,204.0,7.0,59.0,,17.0,0.0,181.0,137.0,2.36,45.0,7.0,4.0,1566.0,403.0,4.0,158.0,274.0,106.0,,0.957,Chicago American Giants,Schorling Park,,,,CAG,,CAG
1920,AL,CHA,CHW,,2,154,77.0,96,58,,,N,N,794.0,5328.0,1574.0,263.0,98.0,37.0,471.0,353.0,112.0,96.0,,,665.0,553.0,3.59,109.0,9.0,10.0,4158.0,1467.0,45.0,405.0,438.0,194.0,142.0,0.969,Chicago White Sox,Comiskey Park,833492.0,99.0,99.0,CHW,CHA,CHA
1920,NL,CHN,CHC,,5,154,77.0,75,79,,,N,N,619.0,5117.0,1350.0,223.0,67.0,34.0,428.0,421.0,115.0,129.0,,,635.0,504.0,3.27,95.0,13.0,9.0,4164.0,1459.0,37.0,382.0,508.0,225.0,112.0,0.965,Chicago Cubs,Wrigley Field,480783.0,101.0,102.0,CHC,CHN,CHN
1920,NL,CIN,CIN,,3,154,77.0,82,71,,,N,N,639.0,5176.0,1432.0,169.0,76.0,18.0,382.0,367.0,158.0,128.0,,,569.0,448.0,2.9,90.0,12.0,9.0,4173.0,1327.0,26.0,393.0,435.0,200.0,125.0,0.968,Cincinnati Reds,Crosley Field,568107.0,98.0,97.0,CIN,CIN,CIN
1920,AL,CLE,CLE,,1,154,78.0,98,56,,,Y,Y,857.0,5203.0,1574.0,300.0,95.0,35.0,574.0,379.0,73.0,92.0,,,642.0,522.0,3.41,94.0,11.0,7.0,4131.0,1448.0,31.0,401.0,466.0,185.0,124.0,0.971,Cleveland Indians,League Park II,912832.0,104.0,101.0,CLE,CLE,CLE
1920,NNL,COG,COG,,8,36,,5,31,,,,,110.0,1119.0,250.0,36.0,11.0,3.0,93.0,0.0,21.0,,15.0,0.0,198.0,164.0,5.25,23.0,1.0,0.0,844.0,335.0,12.0,110.0,123.0,72.0,,0.945,Chicago Giants,,,,,COG,,CG1
1920,EAS,CSE,CSE,,7,16,,5,11,,,,,52.0,464.0,101.0,12.0,1.0,0.0,39.0,0.0,4.0,,3.0,0.0,50.0,36.0,2.72,11.0,1.0,0.0,357.0,102.0,0.0,31.0,46.0,31.0,,0.942,Cuban Stars East,,,,,CSE,,CUE
1920,NNL,CSW,CSW,,5,69,,35,34,,,,,234.0,1711.0,429.0,58.0,16.0,6.0,153.0,0.0,66.0,1.0,19.0,0.0,223.0,180.0,3.7,39.0,0.0,2.0,1314.0,455.0,11.0,151.0,182.0,100.0,,0.952,Cuban Stars West,,,,,CSW,,CUW
1920,AL,DET,DET,,7,155,78.0,61,93,,,N,N,652.0,5215.0,1408.0,228.0,72.0,30.0,479.0,391.0,76.0,66.0,,,833.0,622.0,4.04,74.0,9.0,7.0,4155.0,1487.0,46.0,561.0,483.0,229.0,95.0,0.965,Detroit Tigers,Navin Field,579650.0,97.0,98.0,DET,DET,DET
1920,NNL,DM,DYM,,7,54,,17,37,,,,,134.0,1152.0,279.0,33.0,15.0,3.0,84.0,1.0,49.0,,15.0,0.0,177.0,141.0,4.32,18.0,2.0,0.0,881.0,294.0,6.0,105.0,118.0,66.0,,0.953,Dayton Marcos,Westwood Field,,,,DM,,DAY
1920,NNL,DS,DS,,2,63,,38,25,,,,,262.0,1760.0,443.0,82.0,21.0,22.0,198.0,2.0,50.0,,15.0,0.0,219.0,175.0,3.26,30.0,0.0,6.0,1449.0,427.0,19.0,175.0,224.0,99.0,,0.957,Detroit Stars,Mack Park,,,,DS,,DT1
1920,EAS,HIL,HIL,,3,20,,9,9,,,,,62.0,600.0,137.0,15.0,3.0,0.0,54.0,1.0,0.0,,4.0,0.0,53.0,37.0,1.94,16.0,2.0,0.0,516.0,123.0,1.0,51.0,82.0,34.0,,0.958,Hilldale Club,Hilldale Park,,,,HIL,,HIL
1920,NNL,KCM,KCM,,3,79,,42,35,,,,,358.0,2453.0,681.0,108.0,38.0,17.0,184.0,2.0,98.0,,15.0,0.0,308.0,242.0,3.35,50.0,4.0,3.0,1950.0,609.0,7.0,194.0,351.0,128.0,,0.957,Kansas City Monarchs,Association Park II,,,,KCM,,KCM
1920,EAS,NLG,NLG,,5,12,,4,8,,,,,22.0,234.0,59.0,12.0,2.0,0.0,8.0,,8.0,,2.0,0.0,32.0,21.0,3.17,6.0,1.0,0.0,179.0,60.0,1.0,10.0,26.0,20.0,,0.926,New York Lincoln Giants,Catholic Protectory Oval,,,,NLG,,NYL
1920,NL,NY1,SFG,,2,155,80.0,86,68,,,N,N,682.0,5309.0,1427.0,210.0,76.0,46.0,432.0,545.0,131.0,113.0,,,543.0,438.0,2.8,86.0,18.0,9.0,4224.0,1379.0,44.0,297.0,380.0,209.0,137.0,0.969,New York Giants,Polo Grounds IV,929609.0,100.0,97.0,NYG,NY1,NY1
1920,AL,NYA,NYY,,3,154,77.0,95,59,,,N,N,838.0,5176.0,1448.0,268.0,71.0,115.0,539.0,626.0,64.0,82.0,,,629.0,505.0,3.32,88.0,15.0,11.0,4104.0,1414.0,48.0,420.0,480.0,193.0,129.0,0.97,New York Yankees,Polo Grounds IV,1289422.0,104.0,101.0,NYY,NYA,NYA
1920,AL,PHA,OAK,,8,156,77.0,48,106,,,N,N,558.0,5256.0,1324.0,220.0,49.0,44.0,353.0,593.0,50.0,67.0,,,834.0,603.0,3.93,79.0,6.0,2.0,4140.0,1612.0,56.0,461.0,423.0,267.0,126.0,0.959,Philadelphia Athletics,Shibe Park,287888.0,101.0,106.0,PHA,PHA,PHA
1920,NL,PHI,PHI,,8,153,77.0,62,91,,,N,N,565.0,5264.0,1385.0,229.0,54.0,64.0,283.0,531.0,100.0,83.0,,,714.0,557.0,3.63,77.0,8.0,11.0,4140.0,1480.0,35.0,444.0,419.0,232.0,135.0,0.964,Philadelphia Phillies,Baker Bowl,330998.0,104.0,109.0,PHI,PHI,PHI
1920,NL,PIT,PIT,,4,155,78.0,79,75,,,N,N,530.0,5219.0,1342.0,162.0,90.0,16.0,374.0,405.0,181.0,117.0,,,552.0,454.0,2.89,92.0,17.0,10.0,4245.0,1389.0,25.0,280.0,444.0,186.0,119.0,0.971,Pittsburgh Pirates,Forbes Field,429037.0,103.0,103.0,PIT,PIT,PIT
1920,AL,SLA,BAL,,4,154,78.0,76,77,,,N,N,797.0,5358.0,1651.0,279.0,83.0,50.0,427.0,339.0,118.0,79.0,,,766.0,617.0,4.03,84.0,9.0,14.0,4134.0,1481.0,53.0,578.0,444.0,231.0,119.0,0.963,St. Louis Browns,Sportsman's Park IV,419311.0,103.0,103.0,SLB,SLA,SLA
1920,NNL,SLG,SLS,,6,72,,33,39,,,,,236.0,1951.0,497.0,65.0,13.0,8.0,159.0,3.0,80.0,1.0,50.0,0.0,274.0,207.0,3.47,46.0,3.0,2.0,1611.0,536.0,9.0,183.0,250.0,136.0,,0.947,St. Louis Giants,Giants Park II,,,,SLG,,SLG
1920,NL,SLN,STL,,5,155,76.0,75,79,,,N,N,675.0,5495.0,1589.0,238.0,96.0,32.0,373.0,484.0,126.0,114.0,,,682.0,543.0,3.43,72.0,9.0,12.0,4278.0,1488.0,30.0,479.0,529.0,256.0,136.0,0.961,St. Louis Cardinals,Robison Field/Sportsman's Park IV,326836.0,98.0,98.0,STL,SLN,SLN
1920,AL,WS1,MIN,,6,153,76.0,68,84,,,N,N,723.0,5251.0,1526.0,233.0,81.0,36.0,433.0,543.0,161.0,114.0,,,802.0,633.0,4.17,81.0,10.0,10.0,4101.0,1521.0,51.0,520.0,418.0,232.0,95.0,0.963,Washington Senators,Griffith Stadium I,359260.0,97.0,98.0,WSH,WS1,WS1
1921,NNL,ABC,ABC,,4,78,,39,37,,,,,431.0,2916.0,805.0,91.0,50.0,17.0,251.0,18.0,81.0,4.0,35.0,,436.0,345.0,4.06,51.0,7.0,3.0,2297.0,782.0,26.0,242.0,295.0,200.0,,0.945,Indianapolis ABCs,Washington Park II,,,,ABC,,IN4
1921,EAS,AC,BG1,,2,83,,44,36,,,,,383.0,2198.0,619.0,78.0,44.0,21.0,189.0,29.0,70.0,3.0,26.0,,311.0,247.0,3.93,46.0,5.0,2.0,1698.0,572.0,17.0,213.0,257.0,127.0,,0.952,Atlantic City Bacharach Giants,Inlet Park II,,,,AC,,ACY
1921,AL,BOS,BOS,,5,154,77.0,75,79,,,N,N,668.0,5206.0,1440.0,248.0,69.0,17.0,428.0,344.0,83.0,65.0,,,696.0,603.0,3.98,88.0,9.0,5.0,4092.0,1521.0,53.0,452.0,446.0,157.0,151.0,0.975,Boston Red Sox,Fenway Park I,279273.0,97.0,99.0,BOS,BOS,BOS
1921,EAS,BRG,BR2,,6,13,,5,8,,,,,50.0,316.0,81.0,11.0,3.0,5.0,25.0,3.0,11.0,1.0,3.0,,53.0,49.0,5.51,7.0,0.0,0.0,240.0,102.0,4.0,23.0,34.0,9.0,,0.975,Brooklyn Royal Giants,Dexter Park,,,,BRG,,BRG
1921,NL,BRO,LAD,,5,152,78.0,77,75,,,N,N,667.0,5263.0,1476.0,209.0,85.0,59.0,325.0,400.0,91.0,73.0,,,681.0,560.0,3.7,82.0,8.0,12.0,4089.0,1556.0,46.0,361.0,471.0,232.0,142.0,0.964,Brooklyn Robins,Ebbets Field,613245.0,105.0,104.0,BRO,BRO,BRO
1921,NL,BSN,ATL,,4,153,74.0,79,74,,,N,N,721.0,5385.0,1561.0,209.0,100.0,61.0,377.0,470.0,94.0,100.0,,,697.0,600.0,3.9,74.0,11.0,12.0,4155.0,1488.0,54.0,420.0,382.0,199.0,122.0,0.969,Boston Braves,Braves Field,318627.0,94.0,96.0,BSN,BSN,BSN
1921,NNL,CAG,CAG,,1,68,,44,22,,,Y,,353.0,2260.0,536.0,56.0,29.0,22.0,211.0,72.0,124.0,36.0,27.0,,290.0,237.0,3.39,50.0,11.0,2.0,1885.0,560.0,24.0,191.0,332.0,127.0,,0.956,Chicago American Giants,Schorling Park,,,,CAG,,CAG
1921,AL,CHA,CHW,,7,154,77.0,62,92,,,N,N,683.0,5329.0,1509.0,242.0,82.0,35.0,445.0,474.0,97.0,93.0,,,858.0,749.0,4.94,84.0,7.0,9.0,4095.0,1603.0,52.0,549.0,392.0,199.0,155.0,0.969,Chicago White Sox,Comiskey Park,543650.0,98.0,98.0,CHW,CHA,CHA
1921,NL,CHN,CHC,,7,153,76.0,64,89,,,N,N,668.0,5321.0,1553.0,234.0,56.0,37.0,343.0,374.0,70.0,97.0,,,773.0,665.0,4.39,73.0,7.0,7.0,4089.0,1605.0,67.0,409.0,441.0,166.0,129.0,0.974,Chicago Cubs,Wrigley Field,410107.0,100.0,101.0,CHC,CHN,CHN
1921,NL,CIN,CIN,,6,153,76.0,70,83,,,N,N,618.0,5112.0,1421.0,221.0,94.0,20.0,375.0,308.0,117.0,120.0,,,649.0,524.0,3.46,83.0,7.0,9.0,4089.0,1500.0,37.0,305.0,408.0,193.0,139.0,0.969,Cincinnati Reds,Crosley Field,311227.0,95.0,94.0,CIN,CIN,CIN
1921,AL,CLE,CLE,,2,154,77.0,94,60,,,N,N,925.0,5383.0,1656.0,355.0,90.0,42.0,623.0,376.0,50.0,42.0,,,712.0,597.0,3.9,81.0,11.0,14.0,4131.0,1534.0,43.0,431.0,475.0,204.0,124.0,0.967,Cleveland Indians,League Park II,748705.0,102.0,100.0,CLE,CLE,CLE
1921,NNL,COB,COB,,6,71,,31,39,,,,,408.0,2955.0,777.0,105.0,55.0,17.0,223.0,7.0,132.0,4.0,25.0,,444.0,360.0,4.26,60.0,5.0,3.0,2281.0,735.0,13.0,273.0,349.0,180.0,,0.949,Columbus Buckeyes,Neil Park,,,,COB,,CB1
1921,NNL,COG,COG,,8,47,,10,35,,,,,241.0,1790.0,480.0,57.0,25.0,8.0,145.0,7.0,59.0,2.0,20.0,,316.0,238.0,4.87,36.0,0.0,1.0,1320.0,525.0,21.0,130.0,154.0,150.0,,0.929,Chicago Giants,,,,,COG,,CG1
1921,NNL,CS,CSW,,7,70,,29,40,,,,,318.0,2455.0,623.0,90.0,37.0,16.0,173.0,14.0,95.0,4.0,29.0,,340.0,253.0,3.52,54.0,2.0,2.0,1939.0,639.0,17.0,157.0,270.0,171.0,,0.944,Cincinnati Cuban Stars,Redland Field,,,,CS,,CNN
1921,EAS,CSE,CSE,,4,19,,10,9,,,,,61.0,304.0,107.0,21.0,1.0,4.0,23.0,1.0,7.0,2.0,5.0,,37.0,32.0,3.95,5.0,1.0,0.0,219.0,77.0,1.0,21.0,38.0,9.0,,0.972,Cuban Stars East,,,,,CSE,,CUE
1921,AL,DET,DET,,6,154,77.0,71,82,,,N,N,883.0,5461.0,1724.0,268.0,100.0,58.0,582.0,376.0,95.0,89.0,,,852.0,678.0,4.4,73.0,4.0,16.0,4158.0,1634.0,71.0,495.0,452.0,231.0,107.0,0.964,Detroit Tigers,Navin Field,661527.0,99.0,100.0,DET,DET,DET
1921,NNL,DS,DS,,5,65,,31,33,,,,,267.0,2113.0,548.0,86.0,29.0,27.0,165.0,18.0,48.0,0.0,22.0,,324.0,255.0,4.15,39.0,1.0,2.0,1660.0,582.0,27.0,147.0,276.0,149.0,,0.943,Detroit Stars,Mack Park,,,,DS,,DT1
1921,EAS,HIL,HIL,,1,46,,27,18,,,,,270.0,1486.0,420.0,77.0,39.0,23.0,148.0,9.0,50.0,0.0,8.0,,197.0,155.0,3.52,30.0,2.0,1.0,1189.0,362.0,18.0,110.0,219.0,92.0,,0.95,Hilldale Club,Hilldale Park,,,,HIL,,HIL
1921,NNL,KCM,KCM,,3,94,,53,41,,,,,522.0,3294.0,917.0,137.0,53.0,39.0,249.0,3.0,135.0,1.0,30.0,,456.0,346.0,3.63,64.0,4.0,4.0,2573.0,822.0,28.0,262.0,395.0,226.0,,0.945,Kansas City Monarchs,Association Park II,,,,KCM,,KCM
1921,EAS,NLG,NLG,,3,22,,12,10,,,,,40.0,247.0,80.0,14.0,2.0,3.0,20.0,,12.0,,7.0,,61.0,53.0,7.95,2.0,0.0,1.0,180.0,89.0,7.0,24.0,31.0,15.0,,0.946,New York Lincoln Giants,Catholic Protectory Oval,,,,NLG,,NYL
1921,NL,NY1,SFG,,1,153,79.0,94,59,,,Y,Y,840.0,5278.0,1575.0,237.0,93.0,75.0,469.0,390.0,137.0,114.0,,,637.0,541.0,3.55,71.0,9.0,18.0,4116.0,1497.0,79.0,295.0,357.0,187.0,155.0,0.971,New York Giants,Polo Grounds IV,973477.0,102.0,98.0,NYG,NY1,NY1
1921,AL,NYA,NYY,,1,153,78.0,98,55,,,Y,N,948.0,5249.0,1576.0,285.0,87.0,134.0,588.0,569.0,89.0,64.0,,,708.0,579.0,3.82,92.0,8.0,15.0,4092.0,1461.0,51.0,470.0,481.0,220.0,138.0,0.965,New York Yankees,Polo Grounds IV,1230696.0,102.0,98.0,NYY,NYA,NYA
1921,AL,PHA,OAK,,8,155,77.0,53,100,,,N,N,657.0,5465.0,1497.0,256.0,64.0,82.0,424.0,565.0,68.0,55.0,,,894.0,717.0,4.61,75.0,2.0,7.0,4200.0,1645.0,85.0,548.0,431.0,277.0,144.0,0.957,Philadelphia Athletics,Shibe Park,344430.0,100.0,104.0,PHA,PHA,PHA
1921,NL,PHI,PHI,,8,154,76.0,51,103,,,N,N,617.0,5329.0,1512.0,238.0,50.0,88.0,294.0,615.0,66.0,80.0,,,919.0,671.0,4.48,82.0,5.0,8.0,4044.0,1665.0,79.0,371.0,333.0,294.0,127.0,0.955,Philadelphia Phillies,Baker Bowl,273961.0,107.0,111.0,PHI,PHI,PHI
1921,NL,PIT,PIT,,2,154,76.0,90,63,,,N,N,692.0,5379.0,1533.0,231.0,104.0,37.0,341.0,371.0,134.0,93.0,,,595.0,498.0,3.17,88.0,10.0,10.0,4245.0,1448.0,37.0,322.0,500.0,171.0,129.0,0.973,Pittsburgh Pirates,Forbes Field,701567.0,102.0,101.0,PIT,PIT,PIT
1921,AL,SLA,BAL,,3,154,77.0,81,73,,,N,N,835.0,5442.0,1655.0,246.0,106.0,67.0,413.0,407.0,92.0,71.0,,,845.0,706.0,4.61,77.0,9.0,9.0,4137.0,1541.0,71.0,556.0,477.0,224.0,127.0,0.964,St. Louis Browns,Sportsman's Park IV,355978.0,106.0,105.0,SLB,SLA,SLA
1921,NNL,SLG,SLS,,2,75,,42,32,,,,,416.0,2094.0,596.0,91.0,40.0,28.0,217.0,32.0,138.0,10.0,67.0,,326.0,257.0,4.15,43.0,5.0,4.0,1673.0,586.0,22.0,183.0,309.0,116.0,,0.956,St. Louis Giants,Giants Park II,,,,SLG,,SLG
1921,NL,SLN,STL,,3,154,78.0,87,66,,,N,N,809.0,5309.0,1635.0,260.0,88.0,83.0,382.0,452.0,94.0,94.0,,,681.0,551.0,3.62,70.0,10.0,16.0,4113.0,1486.0,61.0,399.0,464.0,219.0,130.0,0.965,St. Louis Cardinals,Sportsman's Park IV,384773.0,97.0,96.0,STL,SLN,SLN
1921,AL,WS1,MIN,,4,154,76.0,80,73,,,N,N,704.0,5294.0,1468.0,240.0,96.0,42.0,462.0,472.0,111.0,66.0,,,738.0,610.0,3.97,80.0,10.0,10.0,4149.0,1568.0,51.0,442.0,452.0,234.0,153.0,0.963,Washington Senators,Griffith Stadium I,456069.0,95.0,96.0,WSH,WS1,WS1
1922,NNL,ABC,ABC,,3,81,29.0,48,32,,,,,516.0,3069.0,890.0,138.0,56.0,45.0,261.0,21.0,85.0,2.0,13.0,,406.0,352.0,4.09,57.0,6.0,6.0,2322.0,766.0,31.0,240.0,311.0,107.0,,0.969,Indianapolis ABCs,Washington Park II,,,,ABC,,IN4
1922,IND,BBS,BBS,,6,52,36.0,25,26,,,,,189.0,1394.0,366.0,63.0,6.0,20.0,106.0,19.0,45.0,2.0,8.0,,216.0,156.0,3.79,29.0,3.0,0.0,1111.0,355.0,17.0,132.0,189.0,122.0,,0.93,Baltimore Black Sox,Maryland Park,,,,BBS,,BLS
1922,AL,BOS,BOS,,8,154,73.0,61,93,,,N,N,598.0,5288.0,1392.0,250.0,55.0,45.0,366.0,455.0,60.0,63.0,,,769.0,656.0,4.3,71.0,10.0,6.0,4119.0,1508.0,48.0,503.0,359.0,221.0,139.0,0.965,Boston Red Sox,Fenway Park I,259184.0,99.0,101.0,BOS,BOS,BOS
1922,IND,BRG,BR2,,3,10,0.0,6,4,,,,,36.0,259.0,65.0,11.0,7.0,3.0,17.0,,7.0,,0.0,,30.0,25.0,3.55,6.0,0.0,0.0,190.0,61.0,2.0,26.0,40.0,12.0,,0.959,Brooklyn Royal Giants,Dexter Park,,,,BRG,,BRG
1922,NL,BRO,LAD,,6,155,78.0,76,78,,,N,N,743.0,5413.0,1569.0,235.0,76.0,56.0,339.0,318.0,79.0,60.0,,,754.0,623.0,4.05,82.0,12.0,8.0,4155.0,1574.0,74.0,490.0,499.0,208.0,139.0,0.967,Brooklyn Robins,Ebbets Field,498865.0,100.0,100.0,BRO,BRO,BRO
1922,NL,BSN,ATL,,8,154,76.0,53,100,,,N,N,596.0,5161.0,1355.0,162.0,73.0,32.0,387.0,451.0,67.0,65.0,,,822.0,655.0,4.37,63.0,7.0,6.0,4044.0,1565.0,57.0,489.0,360.0,215.0,121.0,0.965,Boston Braves,Braves Field,167965.0,95.0,97.0,BSN,BSN,BSN
1922,NNL,CAG,CAG,,1,62,39.0,38,23,,,Y,,387.0,2355.0,597.0,87.0,24.0,20.0,241.0,58.0,135.0,16.0,21.0,,339.0,258.0,3.5,43.0,7.0,2.0,1990.0,621.0,16.0,226.0,325.0,148.0,,0.952,Chicago American Giants,Schorling Park,,,,CAG,,CAG
1922,AL,CHA,CHW,,5,155,77.0,77,77,,,N,N,691.0,5267.0,1463.0,243.0,62.0,45.0,482.0,463.0,106.0,84.0,,,691.0,614.0,3.94,86.0,13.0,8.0,4209.0,1472.0,57.0,529.0,484.0,153.0,132.0,0.976,Chicago White Sox,Comiskey Park,602860.0,99.0,100.0,CHW,CHA,CHA
1922,NL,CHN,CHC,,5,156,76.0,80,74,,,N,N,771.0,5335.0,1564.0,248.0,71.0,42.0,525.0,447.0,97.0,108.0,,,808.0,674.0,4.34,74.0,8.0,12.0,4191.0,1579.0,77.0,475.0,402.0,202.0,154.0,0.968,Chicago Cubs,Wrigley Field,542283.0,102.0,102.0,CHC,CHN,CHN
1922,NL,CIN,CIN,,2,156,79.0,86,68,,,N,N,766.0,5282.0,1561.0,226.0,99.0,45.0,436.0,381.0,130.0,136.0,,,677.0,543.0,3.53,88.0,8.0,3.0,4155.0,1481.0,49.0,326.0,357.0,205.0,147.0,0.968,Cincinnati Reds,Crosley Field,493754.0,98.0,97.0,CIN,CIN,CIN
1922,AL,CLE,CLE,,4,155,80.0,78,76,,,N,N,768.0,5293.0,1544.0,320.0,73.0,32.0,554.0,331.0,89.0,58.0,,,817.0,705.0,4.59,76.0,14.0,7.0,4149.0,1605.0,58.0,464.0,489.0,201.0,140.0,0.968,Cleveland Indians,League Park II,528145.0,102.0,100.0,CLE,CLE,CLE
1922,IND,CSE,CSE,,4,21,1.0,10,9,,,,,80.0,528.0,139.0,25.0,6.0,4.0,58.0,,33.0,,6.0,,84.0,61.0,4.1,10.0,0.0,1.0,402.0,159.0,11.0,32.0,72.0,43.0,,0.929,Cuban Stars East,Dexter Park,,,,CSE,,CUE
1922,NNL,CSW,CSW,,8,57,0.0,16,41,,,,,265.0,1908.0,471.0,57.0,22.0,10.0,159.0,12.0,42.0,0.0,23.0,,381.0,320.0,6.2,35.0,1.0,1.0,1393.0,582.0,30.0,165.0,181.0,114.0,,0.948,Cuban Stars West,,,,,CSW,,CUW
1922,NNL,CTS,CTS,,7,40,22.0,15,24,,,,,238.0,1683.0,440.0,80.0,32.0,12.0,135.0,4.0,36.0,4.0,10.0,,316.0,271.0,5.58,23.0,0.0,0.0,1312.0,504.0,19.0,170.0,226.0,105.0,,0.948,Cleveland Tate Stars,Tate Field,,,,CTS,,CV1
1922,AL,DET,DET,,3,155,77.0,79,75,,,N,N,828.0,5360.0,1641.0,250.0,87.0,54.0,530.0,378.0,78.0,61.0,,,791.0,660.0,4.27,67.0,7.0,15.0,4173.0,1554.0,62.0,473.0,461.0,192.0,135.0,0.97,Detroit Tigers,Navin Field,861206.0,97.0,96.0,DET,DET,DET
1922,NNL,DS,DS,,4,75,49.0,41,33,,,,,389.0,2281.0,648.0,94.0,36.0,41.0,159.0,6.0,73.0,1.0,28.0,,318.0,269.0,4.02,43.0,6.0,2.0,1806.0,582.0,49.0,131.0,305.0,113.0,,0.958,Detroit Stars,Mack Park,,,,DS,,DT1
1922,IND,HIL,HIL,,8,48,20.0,20,27,,,,,198.0,1266.0,316.0,48.0,13.0,16.0,121.0,11.0,37.0,2.0,13.0,,212.0,185.0,5.0,23.0,2.0,4.0,1000.0,356.0,13.0,122.0,166.0,60.0,,0.961,Hilldale Club,Hilldale Park,,,,HIL,,HIL
1922,NNL,KCM,KCM,,2,80,44.0,47,31,,,,,499.0,2865.0,871.0,140.0,40.0,59.0,278.0,23.0,116.0,2.0,30.0,,396.0,312.0,3.83,56.0,4.0,4.0,2200.0,754.0,18.0,211.0,382.0,176.0,,0.95,Kansas City Monarchs,Association Park II,,,,KCM,,KCM
1922,IND,NLG,NLG,,5,21,12.0,9,9,,,,,80.0,477.0,149.0,23.0,7.0,7.0,33.0,,12.0,,2.0,,85.0,66.0,5.26,9.0,0.0,0.0,339.0,138.0,1.0,43.0,70.0,30.0,,0.942,New York Lincoln Giants,Catholic Protectory Oval,,,,NLG,,NYL
1922,NL,NY1,SFG,,1,156,79.0,93,61,,,Y,Y,852.0,5454.0,1661.0,253.0,90.0,80.0,448.0,421.0,116.0,83.0,,,658.0,535.0,3.45,76.0,7.0,15.0,4188.0,1454.0,71.0,393.0,388.0,194.0,145.0,0.97,New York Giants,Polo Grounds IV,945809.0,102.0,98.0,NYG,NY1,NY1
1922,AL,NYA,NYY,,1,154,77.0,94,60,,,Y,N,758.0,5245.0,1504.0,220.0,75.0,95.0,497.0,532.0,62.0,59.0,,,618.0,525.0,3.39,100.0,7.0,14.0,4179.0,1402.0,73.0,423.0,458.0,155.0,122.0,0.975,New York Yankees,Polo Grounds IV,1026134.0,102.0,98.0,NYY,NYA,NYA
1922,IND,NYB,BG1,,7,68,4.0,30,37,,,,,259.0,1876.0,524.0,87.0,16.0,9.0,118.0,26.0,47.0,5.0,19.0,,267.0,226.0,4.36,41.0,0.0,2.0,1398.0,486.0,19.0,188.0,244.0,87.0,,0.959,New York Bacharach Giants,New York Oval,,,,NYB,,NBG
1922,AL,PHA,OAK,,7,155,78.0,65,89,,,N,N,705.0,5211.0,1409.0,229.0,63.0,111.0,437.0,591.0,60.0,63.0,,,830.0,695.0,4.59,73.0,4.0,6.0,4086.0,1573.0,107.0,469.0,373.0,218.0,119.0,0.965,Philadelphia Athletics,Shibe Park,425356.0,102.0,105.0,PHA,PHA,PHA
1922,NL,PHI,PHI,,7,154,77.0,57,96,,,N,N,738.0,5459.0,1537.0,268.0,55.0,116.0,450.0,611.0,48.0,60.0,,,920.0,707.0,4.64,73.0,6.0,5.0,4116.0,1692.0,89.0,460.0,394.0,222.0,152.0,0.966,Philadelphia Phillies,Baker Bowl,232471.0,108.0,113.0,PHI,PHI,PHI
1922,NL,PIT,PIT,,3,155,78.0,85,69,,,N,N,865.0,5521.0,1698.0,239.0,110.0,52.0,423.0,326.0,145.0,59.0,,,736.0,613.0,3.98,88.0,15.0,7.0,4161.0,1613.0,52.0,358.0,490.0,187.0,126.0,0.97,Pittsburgh Pirates,Forbes Field,523675.0,102.0,100.0,PIT,PIT,PIT
1922,NNL,PK,PBK,,6,38,21.0,12,24,,,,,190.0,1207.0,342.0,76.0,8.0,10.0,101.0,0.0,22.0,,11.0,,259.0,214.0,6.4,19.0,0.0,1.0,903.0,392.0,14.0,112.0,143.0,81.0,,0.943,Pittsburgh Keystones,Central Park,,,,PK,,PTK
1922,AL,SLA,BAL,,2,154,77.0,93,61,,,N,N,867.0,5416.0,1693.0,291.0,94.0,98.0,473.0,381.0,132.0,73.0,,,643.0,523.0,3.38,79.0,8.0,22.0,4176.0,1412.0,71.0,419.0,534.0,196.0,158.0,0.968,St. Louis Browns,Sportsman's Park IV,712918.0,104.0,103.0,SLB,SLA,SLA
1922,NL,SLN,STL,,3,154,77.0,85,69,,,N,N,863.0,5425.0,1634.0,280.0,88.0,107.0,447.0,425.0,73.0,63.0,,,819.0,672.0,4.44,60.0,8.0,12.0,4086.0,1609.0,61.0,447.0,465.0,239.0,122.0,0.961,St. Louis Cardinals,Sportsman's Park IV,536998.0,95.0,94.0,STL,SLN,SLN
1922,NNL,SLS,SLS,,5,61,39.0,26,35,,,,,383.0,2148.0,592.0,103.0,47.0,33.0,193.0,15.0,68.0,3.0,29.0,,428.0,360.0,5.84,37.0,1.0,2.0,1663.0,682.0,40.0,202.0,298.0,128.0,,0.951,St. Louis Stars,Stars Park,,,,SLS,,SSN
1922,AL,WS1,MIN,,6,154,79.0,69,85,,,N,N,650.0,5201.0,1395.0,229.0,76.0,45.0,458.0,442.0,94.0,54.0,,,706.0,577.0,3.81,84.0,13.0,10.0,4086.0,1485.0,49.0,500.0,422.0,201.0,161.0,0.968,Washington Senators,Griffith Stadium I,458552.0,95.0,96.0,WSH,WS1,WS1
1923,NNL,ABC,ABC,,3,78,,46,32,,,,,488.0,2890.0,816.0,115.0,53.0,28.0,232.0,,62.0,,18.0,,438.0,342.0,4.2,54.0,1.0,3.0,2200.0,791.0,43.0,227.0,237.0,131.0,,0.962,Indianapolis ABCs,Washington Park II,,,,ABC,,IN4
1923,ECL,ACB,BG2,,4,46,,21,24,,,,,277.0,1734.0,441.0,49.0,10.0,11.0,135.0,9.0,39.0,0.0,6.0,,269.0,182.0,3.64,39.0,4.0,1.0,1349.0,427.0,15.0,141.0,230.0,132.0,,0.937,Atlantic City Bacharach Giants,Bacharach Park,,,,ACB,,ACY
1923,IND,BBB,BBB,,5,45,,16,25,,,,,183.0,1475.0,357.0,41.0,14.0,5.0,80.0,,31.0,,9.0,,212.0,138.0,3.19,32.0,5.0,0.0,1167.0,379.0,6.0,115.0,152.0,120.0,,0.934,Birmingham Black Barons,Rickwood Field,,,,BBB,,BIR
1923,ECL,BBS,BBS,,6,51,,19,31,,,,,285.0,1931.0,534.0,91.0,39.0,14.0,145.0,19.0,53.0,2.0,12.0,,409.0,281.0,5.15,30.0,1.0,2.0,1473.0,582.0,19.0,161.0,195.0,154.0,,0.932,Baltimore Black Sox,Maryland Park,,,,BBS,,BLS
1923,AL,BOS,BOS,,8,154,78.0,61,91,,,N,N,584.0,5181.0,1354.0,253.0,54.0,34.0,391.0,480.0,77.0,91.0,,,809.0,640.0,4.2,77.0,3.0,11.0,4116.0,1534.0,48.0,520.0,412.0,232.0,126.0,0.963,Boston Red Sox,Fenway Park I,229688.0,100.0,103.0,BOS,BOS,BOS
1923,ECL,BRG,BR2,,3,36,,17,18,,,,,173.0,1179.0,325.0,41.0,18.0,15.0,65.0,8.0,22.0,1.0,4.0,,170.0,128.0,4.01,20.0,2.0,1.0,862.0,318.0,11.0,85.0,135.0,49.0,,0.962,Brooklyn Royal Giants,Dexter Park,,,,BRG,,BRG
1923,NL,BRO,LAD,,6,155,78.0,76,78,,,N,N,753.0,5476.0,1559.0,214.0,81.0,62.0,425.0,382.0,71.0,50.0,,,741.0,580.0,3.74,94.0,8.0,5.0,4188.0,1503.0,55.0,476.0,548.0,291.0,137.0,0.955,Brooklyn Robins,Ebbets Field,564666.0,98.0,97.0,BRO,BRO,BRO
1923,NL,BSN,ATL,,7,155,77.0,54,100,,,N,N,636.0,5329.0,1455.0,213.0,58.0,32.0,429.0,404.0,57.0,80.0,,,798.0,651.0,4.21,54.0,13.0,7.0,4176.0,1662.0,64.0,394.0,351.0,230.0,157.0,0.964,Boston Braves,Braves Field,227802.0,95.0,99.0,BSN,BSN,BSN
1923,NNL,CAG,CAG,,2,71,,42,29,,,,,440.0,2565.0,699.0,119.0,26.0,21.0,245.0,,92.0,,19.0,,363.0,281.0,3.68,42.0,9.0,5.0,2064.0,700.0,21.0,244.0,254.0,151.0,,0.954,Chicago American Giants,Schorling Park,,,,CAG,,CAG
1923,AL,CHA,CHW,,7,156,75.0,69,85,,,N,N,692.0,5246.0,1463.0,254.0,57.0,42.0,532.0,458.0,191.0,119.0,,,741.0,629.0,4.05,74.0,5.0,11.0,4191.0,1512.0,49.0,534.0,467.0,181.0,138.0,0.971,Chicago White Sox,Comiskey Park,573778.0,99.0,99.0,CHW,CHA,CHA
1923,NL,CHN,CHC,,4,154,77.0,83,71,,,N,N,756.0,5259.0,1516.0,243.0,52.0,90.0,455.0,485.0,181.0,143.0,,,704.0,580.0,3.82,80.0,8.0,11.0,4098.0,1419.0,86.0,435.0,408.0,208.0,144.0,0.967,Chicago Cubs,Wrigley Field,703705.0,100.0,100.0,CHC,CHN,CHN
1923,NL,CIN,CIN,,2,154,78.0,91,63,,,N,N,708.0,5278.0,1506.0,237.0,95.0,45.0,439.0,367.0,96.0,105.0,,,629.0,496.0,3.21,88.0,11.0,9.0,4173.0,1465.0,28.0,359.0,450.0,202.0,144.0,0.969,Cincinnati Reds,Crosley Field,575063.0,98.0,97.0,CIN,CIN,CIN
1923,AL,CLE,CLE,,3,153,78.0,82,71,,,N,N,888.0,5290.0,1594.0,301.0,75.0,59.0,633.0,384.0,79.0,77.0,,,746.0,598.0,3.91,77.0,10.0,11.0,4128.0,1517.0,36.0,465.0,407.0,227.0,143.0,0.964,Cleveland Indians,League Park II,558856.0,100.0,100.0,CLE,CLE,CLE
1923,ECL,CSE,CSE,,2,41,,24,17,,,,,189.0,1291.0,340.0,54.0,13.0,5.0,90.0,11.0,32.0,1.0,13.0,,173.0,136.0,3.79,26.0,2.0,4.0,969.0,363.0,13.0,75.0,138.0,58.0,,0.96,Cuban Stars East,,,,,CSE,,CUE
1923,NNL,CSW,CSW,,5,57,,24,33,,,,,341.0,2108.0,586.0,73.0,21.0,29.0,194.0,,28.0,,20.0,,329.0,247.0,4.26,36.0,4.0,1.0,1564.0,590.0,38.0,148.0,180.0,127.0,,0.948,Cuban Stars West,,,,,CSW,,CUW
1923,AL,DET,DET,,2,155,77.0,83,71,,,N,N,831.0,5266.0,1579.0,270.0,69.0,41.0,596.0,385.0,87.0,62.0,,,741.0,624.0,4.09,61.0,9.0,12.0,4119.0,1502.0,58.0,449.0,447.0,200.0,103.0,0.968,Detroit Tigers,Navin Field,911377.0,98.0,97.0,DET,DET,DET
1923,NNL,DS,DS,,4,67,,39,28,,,,,436.0,2365.0,660.0,91.0,36.0,54.0,207.0,,9.0,,6.0,,420.0,304.0,4.36,30.0,1.0,11.0,1883.0,653.0,55.0,222.0,253.0,155.0,,0.948,Detroit Stars,Mack Park,,,,DS,,DT1
1923,ECL,HIL,HIL,,1,55,,34,20,,,Y,,374.0,2082.0,612.0,106.0,18.0,35.0,139.0,11.0,79.0,4.0,15.0,,265.0,199.0,3.38,45.0,2.0,4.0,1592.0,531.0,22.0,143.0,268.0,107.0,,0.956,Hilldale Club,Hilldale Park,,,,HIL,,HIL
1923,NNL,KCM,KCM,,1,95,,59,36,,,Y,,636.0,3413.0,1072.0,168.0,71.0,55.0,306.0,,103.0,,44.0,,450.0,326.0,3.37,67.0,7.0,12.0,2611.0,873.0,26.0,248.0,433.0,198.0,,0.953,Kansas City Monarchs,Association Park II,,,,KCM,,KCM
1923,NNL,MB,MB,,8,53,,11,42,,,,,254.0,2097.0,539.0,72.0,19.0,19.0,162.0,,34.0,,8.0,,418.0,300.0,5.17,35.0,0.0,3.0,1568.0,643.0,31.0,210.0,178.0,136.0,,0.946,Milwaukee Bears,Borchert Park,,,,MB,,ML4
1923,IND,MRS,MRS,,1,22,,15,7,,,,,81.0,686.0,171.0,27.0,9.0,1.0,40.0,,26.0,,4.0,,66.0,48.0,2.25,15.0,3.0,1.0,575.0,139.0,1.0,44.0,102.0,46.0,,0.946,Memphis Red Sox,Lewis Park,,,,MRS,,MEM
1923,ECL,NLG,NLG,,5,37,,16,21,,,,,186.0,1193.0,348.0,43.0,19.0,12.0,93.0,1.0,40.0,,5.0,,162.0,117.0,3.56,21.0,1.0,1.0,887.0,327.0,9.0,70.0,170.0,71.0,,0.948,New York Lincoln Giants,Catholic Protectory Oval,,,,NLG,,NYL
1923,NL,NY1,SFG,,1,153,77.0,95,58,,,Y,N,854.0,5452.0,1610.0,248.0,76.0,85.0,487.0,406.0,106.0,70.0,,,679.0,597.0,3.9,62.0,10.0,18.0,4134.0,1440.0,82.0,424.0,453.0,176.0,141.0,0.972,New York Giants,Polo Grounds IV,820780.0,100.0,96.0,NYG,NY1,NY1
1923,AL,NYA,NYY,,1,152,76.0,98,54,,,Y,Y,823.0,5347.0,1554.0,231.0,79.0,105.0,521.0,516.0,69.0,74.0,,,622.0,555.0,3.62,101.0,9.0,10.0,4140.0,1365.0,68.0,491.0,506.0,144.0,131.0,0.977,New York Yankees,Yankee Stadium I,1007066.0,103.0,100.0,NYY,NYA,NYA
1923,AL,PHA,OAK,,6,153,75.0,69,83,,,N,N,661.0,5196.0,1407.0,229.0,64.0,53.0,445.0,517.0,72.0,62.0,,,761.0,618.0,4.08,65.0,7.0,12.0,4092.0,1465.0,68.0,550.0,400.0,225.0,127.0,0.964,Philadelphia Athletics,Shibe Park,534122.0,101.0,103.0,PHA,PHA,PHA
1923,NL,PHI,PHI,,8,155,75.0,50,104,,,N,N,748.0,5491.0,1528.0,259.0,39.0,112.0,414.0,556.0,70.0,73.0,,,1008.0,816.0,5.34,68.0,3.0,8.0,4128.0,1801.0,100.0,549.0,384.0,213.0,172.0,0.966,Philadelphia Phillies,Baker Bowl,228168.0,111.0,115.0,PHI,PHI,PHI
1923,NL,PIT,PIT,,3,154,77.0,87,67,,,N,N,786.0,5405.0,1592.0,224.0,111.0,49.0,407.0,362.0,154.0,75.0,,,696.0,592.0,3.87,92.0,5.0,9.0,4128.0,1513.0,53.0,402.0,414.0,179.0,157.0,0.971,Pittsburgh Pirates,Forbes Field,611082.0,102.0,100.0,PIT,PIT,PIT
1923,AL,SLA,BAL,,5,154,78.0,74,78,,,N,N,688.0,5298.0,1489.0,248.0,62.0,82.0,442.0,423.0,64.0,54.0,,,720.0,600.0,3.93,83.0,10.0,10.0,4119.0,1430.0,59.0,528.0,488.0,176.0,145.0,0.971,St. Louis Browns,Sportsman's Park IV,430296.0,106.0,105.0,SLB,SLA,SLA
1923,NL,SLN,STL,,5,154,78.0,79,74,,,N,N,746.0,5526.0,1582.0,274.0,76.0,63.0,438.0,446.0,89.0,61.0,,,732.0,601.0,3.87,77.0,9.0,7.0,4194.0,1539.0,70.0,456.0,398.0,230.0,141.0,0.964,St. Louis Cardinals,Sportsman's Park IV,338551.0,97.0,97.0,STL,SLN,SLN
1923,NNL,SLS,SLS,,6,72,,29,43,,,,,475.0,2688.0,800.0,133.0,53.0,64.0,269.0,,75.0,,37.0,,574.0,439.0,5.59,36.0,1.0,3.0,2119.0,892.0,54.0,265.0,295.0,163.0,,0.952,St. Louis Stars,Stars Park,,,,SLS,,SSN
1923,NNL,TT,TT,,7,27,,10,17,,,,,152.0,939.0,265.0,48.0,8.0,14.0,89.0,,18.0,,11.0,,195.0,155.0,6.03,12.0,1.0,1.0,694.0,282.0,18.0,122.0,76.0,47.0,,0.959,Toledo Tigers,Swayne Field,,,,TT,,TLN
1923,AL,WS1,MIN,,4,155,79.0,75,78,,,N,N,720.0,5244.0,1436.0,224.0,93.0,26.0,532.0,448.0,102.0,67.0,,,747.0,608.0,3.98,71.0,8.0,16.0,4122.0,1527.0,56.0,563.0,474.0,213.0,182.0,0.967,Washington Senators,Griffith Stadium I,357406.0,95.0,95.0,WSH,WS1,WS1
1924,NNL,ABC,ABC,,9,25,10.0,3,20,,,,,61.0,617.0,152.0,18.0,8.0,2.0,41.0,1.0,7.0,,5.0,,139.0,106.0,6.14,11.0,1.0,0.0,466.0,211.0,3.0,60.0,56.0,52.0,,0.93,Indianapolis ABCs,Washington Park II,,,,ABC,,IN4
1924,ECL,ACB,BG2,,4,68,,35,32,,,,,390.0,2349.0,663.0,72.0,21.0,25.0,186.0,17.0,77.0,1.0,9.0,,360.0,294.0,4.39,48.0,2.0,3.0,1810.0,654.0,26.0,227.0,271.0,140.0,,0.949,Atlantic City Bacharach Giants,Bacharach Park,,,,ACB,,ACY
1924,NNL,BBB,BBB,,5,74,35.0,30,41,,,,,337.0,2691.0,697.0,97.0,34.0,16.0,184.0,10.0,31.0,5.0,28.0,,364.0,276.0,3.55,52.0,4.0,4.0,2100.0,704.0,30.0,181.0,408.0,185.0,,0.943,Birmingham Black Barons,Rickwood Field,,,,BBB,,BIR
1924,ECL,BBS,BBS,,2,60,,37,23,,,,,336.0,1951.0,570.0,85.0,24.0,27.0,141.0,66.0,64.0,10.0,18.0,,299.0,236.0,4.27,31.0,3.0,1.0,1491.0,523.0,18.0,153.0,251.0,133.0,,0.941,Baltimore Black Sox,Maryland Park,,,,BBS,,BLS
1924,AL,BOS,BOS,,7,157,77.0,67,87,,,N,N,737.0,5340.0,1481.0,302.0,63.0,30.0,603.0,417.0,79.0,61.0,,,806.0,672.0,4.35,73.0,8.0,16.0,4173.0,1563.0,43.0,523.0,414.0,207.0,124.0,0.967,Boston Red Sox,Fenway Park I,448556.0,99.0,103.0,BOS,BOS,BOS
1924,ECL,BRG,BR2,,6,41,,15,25,,,,,166.0,1367.0,372.0,67.0,15.0,14.0,108.0,24.0,35.0,2.0,6.0,,211.0,166.0,4.35,31.0,1.0,1.0,1031.0,403.0,21.0,81.0,168.0,78.0,,0.951,Brooklyn Royal Giants,Dexter Park,,,,BRG,,BRG
1924,NL,BRO,LAD,,2,154,77.0,92,62,,,N,N,717.0,5339.0,1534.0,227.0,54.0,72.0,447.0,357.0,34.0,46.0,,,675.0,557.0,3.64,97.0,10.0,5.0,4128.0,1432.0,58.0,403.0,638.0,196.0,121.0,0.968,Brooklyn Robins,Ebbets Field,818883.0,97.0,97.0,BRO,BRO,BRO
1924,NL,BSN,ATL,,8,154,76.0,53,100,,,N,N,520.0,5283.0,1355.0,194.0,52.0,25.0,354.0,451.0,74.0,68.0,,,800.0,683.0,4.46,66.0,10.0,4.0,4137.0,1607.0,49.0,402.0,364.0,168.0,154.0,0.973,Boston Braves,Braves Field,177478.0,95.0,98.0,BSN,BSN,BSN
1924,NNL,CAG,CAG,,2,77,56.0,51,26,,,,,454.0,2486.0,670.0,101.0,31.0,15.0,295.0,43.0,99.0,19.0,27.0,,346.0,266.0,3.47,37.0,9.0,8.0,2070.0,671.0,9.0,258.0,316.0,144.0,,0.956,Chicago American Giants,Schorling Park,,,,CAG,,CAG
1924,NNL,CBN,CBN,,8,47,22.0,15,32,,,,,153.0,1078.0,283.0,42.0,17.0,14.0,100.0,6.0,18.0,0.0,11.0,,242.0,189.0,6.11,15.0,1.0,2.0,835.0,372.0,7.0,105.0,123.0,77.0,,0.942,Cleveland Browns,Hooper Field,,,,CBN,,CV2
1924,AL,CHA,CHW,,8,154,77.0,66,87,,,N,N,793.0,5255.0,1512.0,254.0,58.0,41.0,604.0,418.0,138.0,86.0,,,858.0,722.0,4.74,76.0,1.0,11.0,4110.0,1635.0,52.0,512.0,360.0,230.0,136.0,0.963,Chicago White Sox,Comiskey Park,606658.0,97.0,97.0,CHW,CHA,CHA
1924,NL,CHN,CHC,,5,154,78.0,81,72,,,N,N,698.0,5134.0,1419.0,207.0,59.0,66.0,469.0,521.0,137.0,149.0,,,699.0,587.0,3.83,85.0,4.0,6.0,4140.0,1459.0,89.0,438.0,416.0,218.0,153.0,0.966,Chicago Cubs,Wrigley Field,716922.0,101.0,101.0,CHC,CHN,CHN
1924,NL,CIN,CIN,,4,153,76.0,83,70,,,N,N,649.0,5301.0,1539.0,236.0,111.0,36.0,349.0,334.0,103.0,98.0,,,579.0,478.0,3.12,77.0,14.0,9.0,4134.0,1408.0,30.0,293.0,451.0,217.0,142.0,0.966,Cincinnati Reds,Crosley Field,473707.0,99.0,97.0,CIN,CIN,CIN
1924,AL,CLE,CLE,,6,153,75.0,67,86,,,N,N,755.0,5332.0,1580.0,306.0,59.0,41.0,492.0,371.0,84.0,56.0,,,814.0,660.0,4.4,87.0,7.0,7.0,4047.0,1603.0,43.0,503.0,315.0,201.0,130.0,0.968,Cleveland Indians,League Park II,481905.0,102.0,101.0,CLE,CLE,CLE
1924,ECL,CSE,CSE,,8,49,,16,32,,,,,243.0,1715.0,437.0,53.0,21.0,14.0,121.0,25.0,34.0,1.0,24.0,,288.0,236.0,5.09,34.0,0.0,1.0,1252.0,500.0,27.0,130.0,219.0,92.0,,0.952,Cuban Stars East,,,,,CSE,,CUE
1924,NNL,CSW,CSW,,7,50,0.0,17,33,,,,,276.0,1596.0,445.0,68.0,30.0,22.0,189.0,11.0,32.0,1.0,26.0,,312.0,253.0,5.95,28.0,0.0,0.0,1148.0,485.0,29.0,154.0,138.0,90.0,,0.95,Cuban Stars West,,,,,CSW,,CUW
1924,AL,DET,DET,,3,156,78.0,86,68,,,N,N,849.0,5389.0,1604.0,315.0,76.0,35.0,607.0,400.0,100.0,76.0,,,796.0,649.0,4.19,60.0,5.0,20.0,4182.0,1586.0,55.0,467.0,441.0,186.0,142.0,0.971,Detroit Tigers,Navin Field,1015136.0,98.0,97.0,DET,DET,DET
1924,NNL,DS,DS,,3,64,37.0,35,28,,,,,345.0,2220.0,642.0,75.0,53.0,30.0,175.0,6.0,24.0,0.0,20.0,,381.0,323.0,5.18,21.0,2.0,7.0,1685.0,604.0,43.0,190.0,252.0,122.0,,0.954,Detroit Stars,Mack Park,,,,DS,,DT1
1924,ECL,HBG,HBG,,5,61,,30,31,,,,,311.0,1983.0,554.0,84.0,29.0,31.0,164.0,22.0,61.0,3.0,13.0,,313.0,257.0,4.5,37.0,0.0,2.0,1542.0,533.0,21.0,183.0,187.0,100.0,,0.958,Harrisburg Giants,Island Park,,,,HBG,,HAE
1924,ECL,HIL,HIL,,1,73,,46,24,,,Y,,387.0,2362.0,692.0,139.0,34.0,32.0,186.0,12.0,107.0,6.0,23.0,,271.0,209.0,3.07,50.0,4.0,3.0,1840.0,577.0,21.0,151.0,294.0,122.0,,0.957,Hilldale Club,Hilldale Park,,,,HIL,,HIL
1924,NNL,KCM,KCM,,1,79,41.0,57,22,,,Y,Y,530.0,2629.0,812.0,123.0,56.0,31.0,253.0,32.0,76.0,1.0,36.0,,319.0,247.0,3.43,43.0,4.0,7.0,1945.0,598.0,9.0,211.0,270.0,120.0,,0.961,Kansas City Monarchs,Muehlebach Field,,,,KCM,,KCM
1924,NNL,MRS,MRS,,6,44,31.0,17,25,,,,,231.0,2103.0,490.0,71.0,29.0,7.0,155.0,8.0,39.0,2.0,19.0,,282.0,197.0,3.14,41.0,4.0,1.0,1693.0,520.0,7.0,198.0,329.0,152.0,,0.942,Memphis Red Sox,Lewis Park,,,,MRS,,MEM
1924,ECL,NLG,NLG,,3,63,,33,28,,,,,385.0,2207.0,659.0,120.0,14.0,29.0,202.0,1.0,104.0,0.0,13.0,,352.0,268.0,4.17,43.0,2.0,2.0,1736.0,669.0,34.0,197.0,274.0,140.0,,0.949,New York Lincoln Giants,Catholic Protectory Oval,,,,NLG,,NYL
1924,NL,NY1,SFG,,1,154,77.0,93,60,,,Y,N,857.0,5445.0,1634.0,269.0,81.0,95.0,467.0,479.0,82.0,53.0,,,641.0,554.0,3.62,71.0,4.0,21.0,4134.0,1464.0,77.0,392.0,406.0,186.0,160.0,0.971,New York Giants,Polo Grounds IV,844068.0,98.0,95.0,NYG,NY1,NY1
1924,AL,NYA,NYY,,2,153,78.0,89,63,,,N,N,798.0,5240.0,1516.0,248.0,86.0,98.0,478.0,420.0,69.0,64.0,,,667.0,583.0,3.86,76.0,13.0,13.0,4077.0,1483.0,59.0,522.0,487.0,154.0,131.0,0.975,New York Yankees,Yankee Stadium I,1053533.0,100.0,99.0,NYY,NYA,NYA
1924,AL,PHA,OAK,,5,152,75.0,71,81,,,N,N,685.0,5184.0,1459.0,251.0,59.0,63.0,374.0,482.0,79.0,66.0,,,778.0,656.0,4.39,68.0,8.0,10.0,4035.0,1527.0,43.0,597.0,371.0,181.0,157.0,0.971,Philadelphia Athletics,Shibe Park,531992.0,101.0,101.0,PHA,PHA,PHA
1924,NL,PHI,PHI,,7,152,76.0,55,96,,,N,N,676.0,5306.0,1459.0,256.0,56.0,94.0,382.0,452.0,57.0,67.0,,,849.0,733.0,4.87,59.0,7.0,10.0,4062.0,1689.0,84.0,469.0,349.0,175.0,168.0,0.972,Philadelphia Phillies,Baker Bowl,299818.0,112.0,115.0,PHI,PHI,PHI
1924,NL,PIT,PIT,,3,153,77.0,90,63,,,N,N,724.0,5288.0,1517.0,222.0,122.0,44.0,366.0,396.0,181.0,92.0,,,588.0,502.0,3.27,85.0,15.0,5.0,4146.0,1387.0,42.0,323.0,364.0,183.0,161.0,0.971,Pittsburgh Pirates,Forbes Field,736883.0,102.0,99.0,PIT,PIT,PIT
1924,AL,SLA,BAL,,4,153,78.0,74,78,,,N,N,769.0,5236.0,1543.0,266.0,62.0,67.0,465.0,349.0,85.0,85.0,,,809.0,687.0,4.57,65.0,11.0,7.0,4059.0,1511.0,68.0,517.0,386.0,176.0,141.0,0.97,St. Louis Browns,Sportsman's Park IV,533349.0,106.0,107.0,SLB,SLA,SLA
1924,NL,SLN,STL,,6,154,77.0,65,89,,,N,N,740.0,5349.0,1552.0,270.0,87.0,67.0,382.0,418.0,86.0,86.0,,,750.0,629.0,4.15,79.0,7.0,6.0,4092.0,1528.0,70.0,486.0,393.0,191.0,162.0,0.969,St. Louis Cardinals,Sportsman's Park IV,272885.0,98.0,98.0,STL,SLN,SLN
1924,NNL,SLS,SLS,,4,82,49.0,42,40,,,,,396.0,2361.0,654.0,109.0,35.0,31.0,197.0,3.0,71.0,1.0,33.0,,412.0,330.0,4.81,38.0,0.0,2.0,1851.0,693.0,27.0,228.0,259.0,138.0,,0.953,St. Louis Stars,Stars Park,,,,SLS,,SSN
1924,ECL,WP,WP,,7,59,,21,38,,,,,318.0,2071.0,562.0,54.0,22.0,18.0,179.0,11.0,49.0,1.0,23.0,,421.0,326.0,5.69,35.0,2.0,0.0,1548.0,626.0,20.0,168.0,231.0,140.0,,0.939,Washington Potomacs,American League Park,,,,WP,,WSE
1924,AL,WS1,MIN,,1,156,79.0,92,62,,,Y,Y,755.0,5304.0,1558.0,255.0,88.0,22.0,513.0,392.0,115.0,87.0,,,613.0,513.0,3.34,74.0,13.0,25.0,4149.0,1329.0,34.0,505.0,469.0,171.0,149.0,0.972,Washington Senators,Griffith Stadium I,584310.0,98.0,96.0,WSH,WS1,WS1
1925,NNL,ABC,ABC,,8,70,,17,53,,,,,261.0,1919.0,482.0,59.0,28.0,21.0,153.0,,37.0,,0.0,,445.0,417.0,7.75,27.0,0.0,1.0,1452.0,632.0,,205.0,169.0,,,,Indianapolis ABCs,Washington Park II,,,,ABC,,IN4
1925,ECL,ACB,BG2,,4,74,,36,36,,,,,353.0,2447.0,663.0,64.0,24.0,28.0,226.0,,54.0,,0.0,,363.0,297.0,4.25,53.0,2.0,1.0,1887.0,682.0,,233.0,334.0,,,,Atlantic City Bacharach Giants,Bacharach Park,,,,ACB,,ACY
1925,NNL,BBB,BBB,,7,90,,27,61,,,,,376.0,2647.0,710.0,92.0,42.0,33.0,158.0,,61.0,,0.0,,510.0,481.0,6.63,31.0,4.0,1.0,1959.0,753.0,,254.0,272.0,1.0,,0.97,Birmingham Black Barons,Rickwood Field,,,,BBB,,BIR
1925,ECL,BBS,BBS,,3,66,,33,31,,,,,332.0,2143.0,621.0,105.0,20.0,35.0,182.0,,61.0,,0.0,,322.0,262.0,4.17,35.0,4.0,5.0,1695.0,585.0,0.0,186.0,206.0,3.0,,0.98,Baltimore Black Sox,Maryland Park,,,,BBS,,BLS
1925,AL,BOS,BOS,,8,152,75.0,47,105,,,N,N,639.0,5166.0,1375.0,257.0,64.0,41.0,513.0,422.0,42.0,56.0,,,922.0,732.0,4.97,68.0,6.0,6.0,3978.0,1615.0,67.0,510.0,310.0,265.0,150.0,0.956,Boston Red Sox,Fenway Park I,267782.0,99.0,103.0,BOS,BOS,BOS
1925,ECL,BRG,BR2,,5,35,,14,20,,,,,182.0,1176.0,323.0,38.0,5.0,29.0,77.0,,14.0,,0.0,,171.0,152.0,4.74,21.0,0.0,2.0,866.0,334.0,,91.0,158.0,,,,Brooklyn Royal Giants,Dexter Park,,,,BRG,,BRG
1925,NL,BRO,LAD,,6,153,77.0,68,85,,,N,N,786.0,5468.0,1617.0,250.0,80.0,64.0,437.0,383.0,37.0,30.0,,,866.0,715.0,4.77,82.0,4.0,4.0,4050.0,1608.0,75.0,477.0,518.0,209.0,130.0,0.966,Brooklyn Robins,Ebbets Field,659435.0,97.0,97.0,BRO,BRO,BRO
1925,NL,BSN,ATL,,5,153,76.0,70,83,,,N,N,708.0,5365.0,1567.0,260.0,70.0,41.0,405.0,380.0,77.0,72.0,,,802.0,666.0,4.39,77.0,5.0,4.0,4098.0,1567.0,67.0,458.0,351.0,221.0,145.0,0.964,Boston Braves,Braves Field,313528.0,91.0,94.0,BSN,BSN,BSN
1925,NNL,CAG,CAG,,4,94,,52,40,,,,,389.0,2800.0,675.0,98.0,28.0,20.0,282.0,,58.0,,0.0,,352.0,325.0,3.74,50.0,4.0,3.0,2348.0,722.0,,256.0,360.0,,,,Chicago American Giants,Schorling Park,,,,CAG,,CAG
1925,AL,CHA,CHW,,5,154,77.0,79,75,,,N,N,811.0,5224.0,1482.0,299.0,59.0,38.0,662.0,405.0,129.0,88.0,,,770.0,660.0,4.29,71.0,12.0,13.0,4155.0,1579.0,69.0,489.0,374.0,198.0,162.0,0.969,Chicago White Sox,Comiskey Park,832231.0,95.0,95.0,CHW,CHA,CHA
1925,NL,CHN,CHC,,8,154,77.0,68,86,,,N,N,723.0,5353.0,1473.0,254.0,70.0,86.0,397.0,470.0,94.0,70.0,,,773.0,671.0,4.41,75.0,5.0,10.0,4110.0,1575.0,102.0,485.0,435.0,198.0,161.0,0.969,Chicago Cubs,Wrigley Field,622610.0,102.0,102.0,CHC,CHN,CHN
1925,NL,CIN,CIN,,3,153,76.0,80,73,,,N,N,690.0,5233.0,1490.0,221.0,90.0,44.0,409.0,327.0,108.0,107.0,,,643.0,516.0,3.38,92.0,11.0,12.0,4125.0,1447.0,35.0,324.0,437.0,203.0,161.0,0.968,Cincinnati Reds,Crosley Field,464920.0,98.0,96.0,CIN,CIN,CIN
1925,AL,CLE,CLE,,6,155,77.0,70,84,,,N,N,782.0,5436.0,1613.0,285.0,58.0,52.0,520.0,379.0,90.0,77.0,,,817.0,684.0,4.49,93.0,6.0,9.0,4116.0,1604.0,41.0,493.0,345.0,212.0,146.0,0.966,Cleveland Indians,League Park II,419005.0,101.0,101.0,CLE,CLE,CLE
1925,ECL,CSE,CSE,,6,43,,16,26,,,,,226.0,1527.0,401.0,56.0,17.0,17.0,160.0,,21.0,,0.0,,248.0,210.0,4.96,31.0,1.0,2.0,1143.0,454.0,,136.0,135.0,,,,Cuban Stars East,West Side Park,,,,CSE,,CUE
1925,NNL,CSW,CSW,,6,51,,20,31,,,,,244.0,1530.0,402.0,71.0,20.0,19.0,143.0,,34.0,,0.0,,286.0,262.0,6.37,24.0,1.0,1.0,1111.0,458.0,,107.0,103.0,,,,Cuban Stars West,,,,,CSW,,CUW
1925,AL,DET,DET,,4,156,77.0,81,73,,,N,N,903.0,5371.0,1621.0,277.0,84.0,50.0,640.0,386.0,97.0,63.0,,,829.0,708.0,4.61,66.0,2.0,18.0,4149.0,1582.0,70.0,556.0,419.0,171.0,143.0,0.973,Detroit Tigers,Navin Field,820766.0,98.0,98.0,DET,DET,DET
1925,NNL,DS,DS,,3,94,,55,39,,,,,623.0,3242.0,933.0,145.0,68.0,82.0,306.0,,124.0,,0.0,,555.0,528.0,5.72,40.0,4.0,5.0,2491.0,887.0,,300.0,352.0,,,,Detroit Stars,Mack Park,,,,DS,,DT1
1925,ECL,HBG,HBG,,2,73,,48,24,,,,,494.0,2559.0,813.0,113.0,32.0,65.0,225.0,,73.0,,0.0,,382.0,335.0,4.75,41.0,4.0,2.0,1906.0,703.0,,201.0,196.0,,,,Harrisburg Giants,Island Park,,,,HBG,,HAE
1925,ECL,HIL,HIL,,1,72,,53,18,,,Y,Y,462.0,2348.0,731.0,138.0,42.0,38.0,216.0,,116.0,,0.0,,316.0,278.0,4.02,48.0,5.0,2.0,1865.0,600.0,40.0,155.0,230.0,,,,Hilldale Club,Hilldale Park,,,,HIL,,HIL
1925,NNL,KCM,KCM,,1,85,,60,23,,,Y,,447.0,2701.0,762.0,116.0,68.0,20.0,258.0,,79.0,,0.0,,286.0,269.0,3.45,50.0,11.0,7.0,2108.0,632.0,0.0,195.0,332.0,,,,Kansas City Monarchs,Muehlebach Field,,,,KCM,,KCM
1925,NNL,MRS,MRS,,5,88,,34,53,,,,,331.0,2540.0,635.0,95.0,37.0,19.0,197.0,,61.0,,0.0,,408.0,381.0,5.08,37.0,4.0,3.0,2025.0,677.0,,219.0,301.0,,,,Memphis Red Sox,Lewis Park,,,,MRS,,MEM
1925,ECL,NLG,NLG,,8,50,,7,41,,,,,223.0,1662.0,449.0,65.0,10.0,35.0,154.0,,35.0,,0.0,,433.0,374.0,8.24,21.0,0.0,0.0,1226.0,623.0,,172.0,153.0,,,,New York Lincoln Giants,Catholic Protectory Oval,,,,NLG,,NYL
1925,NL,NY1,SFG,,2,152,76.0,86,66,,,N,N,736.0,5327.0,1507.0,239.0,61.0,114.0,411.0,494.0,79.0,65.0,,,702.0,593.0,3.94,80.0,6.0,8.0,4062.0,1532.0,73.0,408.0,446.0,198.0,129.0,0.968,New York Giants,Polo Grounds IV,778993.0,96.0,95.0,NYG,NY1,NY1
1925,AL,NYA,NYY,,7,156,79.0,69,85,,,N,N,706.0,5353.0,1471.0,247.0,74.0,110.0,470.0,482.0,67.0,73.0,,,774.0,667.0,4.33,80.0,8.0,13.0,4161.0,1560.0,78.0,505.0,492.0,162.0,150.0,0.974,New York Yankees,Yankee Stadium I,697267.0,98.0,97.0,NYY,NYA,NYA
1925,AL,PHA,OAK,,2,153,77.0,88,64,,,N,N,831.0,5399.0,1659.0,298.0,79.0,76.0,453.0,432.0,67.0,59.0,,,713.0,594.0,3.87,61.0,8.0,18.0,4143.0,1468.0,60.0,544.0,495.0,214.0,148.0,0.966,Philadelphia Athletics,Shibe Park,869703.0,107.0,106.0,PHA,PHA,PHA
1925,NL,PHI,PHI,,6,153,77.0,68,85,,,N,N,812.0,5412.0,1598.0,288.0,58.0,100.0,456.0,542.0,48.0,59.0,,,930.0,753.0,5.02,69.0,8.0,9.0,4050.0,1753.0,117.0,444.0,371.0,211.0,147.0,0.965,Philadelphia Phillies,Baker Bowl,304905.0,108.0,112.0,PHI,PHI,PHI
1925,NL,PIT,PIT,,1,153,77.0,95,58,,,Y,Y,912.0,5372.0,1651.0,316.0,105.0,78.0,499.0,363.0,159.0,63.0,,,715.0,582.0,3.87,77.0,2.0,13.0,4062.0,1526.0,81.0,387.0,386.0,224.0,171.0,0.964,Pittsburgh Pirates,Forbes Field,804354.0,106.0,104.0,PIT,PIT,PIT
1925,AL,SLA,BAL,,3,154,78.0,82,71,,,N,N,900.0,5440.0,1620.0,304.0,68.0,110.0,498.0,375.0,85.0,78.0,,,906.0,754.0,4.92,67.0,7.0,10.0,4137.0,1588.0,99.0,675.0,419.0,219.0,164.0,0.964,St. Louis Browns,Sportsman's Park IV,462898.0,105.0,106.0,SLB,SLA,SLA
1925,NL,SLN,STL,,4,153,76.0,77,76,,,N,N,828.0,5329.0,1592.0,292.0,80.0,109.0,446.0,414.0,70.0,51.0,,,764.0,647.0,4.36,82.0,8.0,7.0,4005.0,1480.0,86.0,470.0,428.0,204.0,156.0,0.966,St. Louis Cardinals,Sportsman's Park IV,404959.0,103.0,102.0,STL,SLN,SLN
1925,NNL,SLS,SLS,,2,97,,65,30,,,,,617.0,3023.0,956.0,187.0,55.0,87.0,344.0,,116.0,,0.0,,456.0,414.0,4.77,30.0,1.0,4.0,2341.0,807.0,,237.0,275.0,2.0,,0.946,St. Louis Stars,Stars Park,,,,SLS,,SSN
1925,ECL,WMP,WP,,7,33,,10,21,,,,,168.0,1041.0,309.0,42.0,9.0,18.0,107.0,,33.0,,0.0,,203.0,153.0,5.06,14.0,0.0,1.0,816.0,321.0,,100.0,106.0,,,,Wilmington Potomacs,Harlan Field,,,,WMP,,WLE
1925,AL,WS1,MIN,,1,152,76.0,96,55,,,Y,N,829.0,5206.0,1577.0,251.0,71.0,56.0,533.0,427.0,134.0,88.0,,,670.0,558.0,3.7,69.0,10.0,21.0,4074.0,1434.0,49.0,543.0,463.0,172.0,166.0,0.972,Washington Senators,Griffith Stadium I,817199.0,99.0,97.0,WSH,WS1,WS1
1926,NNL,ABC,ABC,,5,86,40.0,38,47,,,,,473.0,2837.0,833.0,125.0,39.0,28.0,222.0,5.0,88.0,,30.0,,410.0,332.0,4.25,59.0,6.0,2.0,2108.0,742.0,43.0,241.0,328.0,155.0,,0.952,Indianapolis ABCs,Washington Park II,,,,ABC,,IN4
1926,ECL,ACB,BG2,,2,72,43.0,43,28,,,Y,,281.0,1857.0,471.0,68.0,22.0,14.0,213.0,35.0,22.0,4.0,17.0,,243.0,193.0,3.5,44.0,4.0,2.0,1487.0,422.0,11.0,211.0,295.0,102.0,,0.953,Atlantic City Bacharach Giants,Bacharach Park,,,,ACB,,ACY
1926,ECL,BBS,BBS,,6,62,35.0,22,38,,,,,262.0,1896.0,458.0,79.0,24.0,18.0,228.0,82.0,102.0,8.0,24.0,,357.0,273.0,4.87,24.0,4.0,2.0,1515.0,568.0,27.0,218.0,198.0,148.0,,0.937,Baltimore Black Sox,Maryland Park,,,,BBS,,BLS
1926,AL,BOS,BOS,,8,154,77.0,46,107,,,N,N,562.0,5185.0,1325.0,249.0,54.0,32.0,465.0,450.0,48.0,51.0,,,835.0,714.0,4.72,53.0,6.0,5.0,4086.0,1520.0,45.0,546.0,336.0,182.0,143.0,0.971,Boston Red Sox,Fenway Park I,285155.0,96.0,101.0,BOS,BOS,BOS
1926,ECL,BRG,BR2,,7,35,4.0,11,24,,,,,113.0,893.0,223.0,31.0,9.0,12.0,91.0,17.0,24.0,4.0,8.0,,128.0,100.0,3.92,24.0,2.0,1.0,689.0,230.0,15.0,88.0,94.0,48.0,,0.955,Brooklyn Royal Giants,Dexter Park,,,,BRG,,BRG
1926,NL,BRO,LAD,,6,155,76.0,71,82,,,N,N,623.0,5130.0,1348.0,246.0,62.0,40.0,475.0,464.0,76.0,,,,705.0,578.0,3.82,83.0,5.0,9.0,4083.0,1440.0,50.0,472.0,517.0,228.0,95.0,0.963,Brooklyn Robins,Ebbets Field,650819.0,98.0,100.0,BRO,BRO,BRO
1926,NL,BSN,ATL,,7,153,77.0,66,86,,,N,N,624.0,5216.0,1444.0,209.0,62.0,16.0,426.0,348.0,81.0,,,,719.0,608.0,4.01,60.0,9.0,9.0,4095.0,1536.0,46.0,455.0,408.0,208.0,150.0,0.967,Boston Braves,Braves Field,303598.0,91.0,93.0,BSN,BSN,BSN
1926,NNL,CAG,CAG,,2,82,63.0,56,24,,,Y,Y,401.0,2637.0,713.0,98.0,35.0,17.0,239.0,35.0,55.0,9.0,26.0,,278.0,229.0,2.84,47.0,9.0,8.0,2178.0,658.0,26.0,200.0,389.0,112.0,,0.966,Chicago American Giants,Schorling Park,,,,CAG,,CAG
1926,NNL,CEL,CEL,,7,49,15.0,8,40,,,,,182.0,1499.0,398.0,74.0,14.0,15.0,89.0,5.0,28.0,0.0,18.0,,381.0,299.0,7.35,11.0,0.0,4.0,1098.0,461.0,27.0,203.0,161.0,120.0,,0.931,Cleveland Elites,Hooper Field,,,,CEL,,CV3
1926,AL,CHA,CHW,,5,155,79.0,81,72,,,N,N,730.0,5220.0,1508.0,314.0,60.0,32.0,556.0,381.0,121.0,77.0,,,665.0,573.0,3.74,85.0,11.0,12.0,4140.0,1426.0,47.0,506.0,458.0,161.0,122.0,0.974,Chicago White Sox,Comiskey Park,710339.0,97.0,97.0,CHW,CHA,CHA
1926,NL,CHN,CHC,,4,155,78.0,82,72,,,N,N,682.0,5229.0,1453.0,291.0,49.0,66.0,445.0,447.0,85.0,,,,602.0,499.0,3.26,77.0,13.0,14.0,4134.0,1407.0,39.0,486.0,508.0,162.0,174.0,0.974,Chicago Cubs,Wrigley Field,885063.0,102.0,101.0,CHC,CHN,CHN
1926,NL,CIN,CIN,,2,157,77.0,87,67,,,N,N,747.0,5320.0,1541.0,242.0,120.0,35.0,454.0,333.0,51.0,,,,651.0,535.0,3.42,88.0,14.0,8.0,4224.0,1449.0,40.0,324.0,424.0,183.0,160.0,0.972,Cincinnati Reds,Crosley Field,672987.0,98.0,97.0,CIN,CIN,CIN
1926,AL,CLE,CLE,,2,154,80.0,88,66,,,N,N,738.0,5293.0,1529.0,333.0,49.0,27.0,455.0,332.0,88.0,43.0,,,612.0,519.0,3.4,96.0,11.0,4.0,4122.0,1412.0,49.0,450.0,381.0,172.0,153.0,0.972,Cleveland Indians,League Park II,627426.0,101.0,101.0,CLE,CLE,CLE
1926,ECL,CSE,CSE,,3,51,0.0,29,22,,,,,222.0,1424.0,372.0,59.0,20.0,23.0,125.0,40.0,32.0,4.0,17.0,,185.0,163.0,4.02,30.0,1.0,3.0,1094.0,362.0,15.0,137.0,142.0,58.0,,0.965,Cuban Stars East,Dexter Park,,,,CSE,,CUE
1926,NNL,CSW,CSW,,6,68,0.0,19,49,,,,,263.0,2142.0,597.0,84.0,22.0,24.0,152.0,7.0,30.0,4.0,23.0,,403.0,346.0,5.98,38.0,2.0,1.0,1561.0,658.0,55.0,206.0,215.0,108.0,,0.956,Cuban Stars West,,,,,CSW,,CUW
1926,AL,DET,DET,,6,157,81.0,79,75,,,N,N,793.0,5315.0,1547.0,281.0,90.0,36.0,599.0,423.0,88.0,72.0,,,830.0,683.0,4.41,57.0,10.0,18.0,4182.0,1570.0,58.0,555.0,469.0,197.0,151.0,0.969,Detroit Tigers,Navin Field,711914.0,101.0,100.0,DET,DET,DET
1926,NNL,DM,DYM,,8,42,12.0,6,36,,,,,100.0,1173.0,228.0,23.0,13.0,7.0,64.0,2.0,5.0,1.0,8.0,,260.0,197.0,6.03,17.0,0.0,1.0,882.0,367.0,26.0,121.0,132.0,104.0,,0.926,Dayton Marcos,Westwood Field,,,,DM,,DAY
1926,NNL,DS,DS,,4,98,61.0,52,45,,,,,560.0,3098.0,894.0,133.0,53.0,80.0,319.0,11.0,123.0,6.0,41.0,,536.0,442.0,4.82,47.0,4.0,8.0,2478.0,918.0,54.0,243.0,322.0,193.0,,0.951,Detroit Stars,Mack Park,,,,DS,,DT1
1926,ECL,HBG,HBG,,4,49,22.0,27,22,,,,,291.0,1599.0,444.0,75.0,24.0,37.0,170.0,45.0,72.0,10.0,24.0,,275.0,234.0,5.16,30.0,2.0,6.0,1225.0,447.0,20.0,181.0,157.0,81.0,,0.956,Harrisburg Giants,Island Park,,,,HBG,,HAE
1926,ECL,HIL,HIL,,1,86,45.0,52,32,,,,,498.0,2881.0,825.0,138.0,40.0,30.0,319.0,175.0,150.0,43.0,36.0,,388.0,334.0,3.91,65.0,8.0,1.0,2307.0,706.0,45.0,285.0,325.0,155.0,,0.956,Hilldale Club,Hilldale Park,,,,HIL,,HIL
1926,NNL,KCM,KCM,,1,78,45.0,57,21,,,,,442.0,2502.0,722.0,123.0,46.0,20.0,294.0,35.0,119.0,12.0,40.0,,293.0,228.0,3.04,53.0,5.0,7.0,2023.0,643.0,19.0,183.0,291.0,146.0,,0.954,Kansas City Monarchs,Muehlebach Field,,,,KCM,,KCM
1926,ECL,NLG,NLG,,5,52,28.0,21,30,,,,,247.0,1586.0,431.0,78.0,20.0,25.0,162.0,46.0,35.0,2.0,12.0,,303.0,261.0,5.72,29.0,1.0,0.0,1233.0,456.0,23.0,195.0,192.0,80.0,,0.957,New York Lincoln Giants,Catholic Protectory Oval,,,,NLG,,NYL
1926,ECL,NS,NS,,8,11,3.0,1,10,,,,,38.0,282.0,64.0,9.0,2.0,1.0,34.0,7.0,8.0,1.0,2.0,,74.0,59.0,7.7,6.0,0.0,0.0,207.0,97.0,5.0,32.0,29.0,20.0,,0.939,Newark Stars,Davids Stadium,,,,NS,,NWS
1926,NL,NY1,SFG,,5,151,76.0,74,77,,,N,N,663.0,5167.0,1435.0,214.0,58.0,73.0,339.0,420.0,94.0,,,,668.0,562.0,3.77,61.0,4.0,15.0,4023.0,1370.0,70.0,427.0,419.0,186.0,150.0,0.97,New York Giants,Polo Grounds IV,700362.0,99.0,98.0,NYG,NY1,NY1
1926,AL,NYA,NYY,,1,155,75.0,91,63,,,Y,N,847.0,5221.0,1508.0,262.0,75.0,121.0,642.0,580.0,79.0,60.0,,,713.0,588.0,3.86,63.0,4.0,20.0,4116.0,1442.0,56.0,478.0,486.0,209.0,117.0,0.966,New York Yankees,Yankee Stadium I,1027675.0,99.0,96.0,NYY,NYA,NYA
1926,AL,PHA,OAK,,3,150,71.0,83,67,,,N,N,677.0,5046.0,1359.0,259.0,65.0,61.0,523.0,452.0,56.0,46.0,,,570.0,449.0,3.0,62.0,10.0,16.0,4038.0,1362.0,38.0,451.0,571.0,173.0,131.0,0.972,Philadelphia Athletics,Shibe Park,714508.0,106.0,104.0,PHA,PHA,PHA
1926,NL,PHI,PHI,,8,152,76.0,58,93,,,N,N,687.0,5254.0,1479.0,244.0,50.0,75.0,422.0,479.0,47.0,,,,900.0,746.0,5.03,68.0,5.0,5.0,4002.0,1699.0,68.0,454.0,331.0,223.0,153.0,0.964,Philadelphia Phillies,Baker Bowl,240600.0,108.0,112.0,PHI,PHI,PHI
1926,NL,PIT,PIT,,3,157,79.0,84,69,,,N,N,769.0,5312.0,1514.0,243.0,106.0,44.0,434.0,350.0,91.0,,,,689.0,562.0,3.67,83.0,12.0,18.0,4137.0,1422.0,50.0,455.0,387.0,220.0,161.0,0.965,Pittsburgh Pirates,Forbes Field,798542.0,105.0,102.0,PIT,PIT,PIT
1926,AL,SLA,BAL,,7,155,79.0,62,92,,,N,N,682.0,5259.0,1449.0,253.0,78.0,72.0,437.0,465.0,62.0,71.0,,,845.0,708.0,4.66,64.0,5.0,9.0,4104.0,1549.0,86.0,654.0,337.0,228.0,167.0,0.963,St. Louis Browns,Sportsman's Park IV,283986.0,105.0,107.0,SLB,SLA,SLA
1926,NL,SLN,STL,,1,156,79.0,89,65,,,Y,Y,817.0,5381.0,1541.0,259.0,82.0,90.0,478.0,518.0,83.0,,,,678.0,570.0,3.67,90.0,10.0,6.0,4194.0,1423.0,76.0,397.0,365.0,198.0,141.0,0.969,St. Louis Cardinals,Sportsman's Park IV,668428.0,104.0,103.0,STL,SLN,SLN
1926,NNL,SLS,SLS,,3,85,70.0,55,29,,,,,711.0,3197.0,1051.0,178.0,74.0,116.0,359.0,14.0,155.0,0.0,44.0,,583.0,493.0,5.43,36.0,1.0,13.0,2451.0,990.0,56.0,345.0,370.0,171.0,,0.956,St. Louis Stars,Stars Park,,,,SLS,,SSN
1926,AL,WS1,MIN,,4,152,74.0,81,69,,,N,N,802.0,5223.0,1525.0,244.0,97.0,43.0,555.0,369.0,122.0,89.0,,,761.0,650.0,4.34,65.0,5.0,26.0,4044.0,1489.0,45.0,566.0,418.0,184.0,129.0,0.969,Washington Senators,Griffith Stadium I,551580.0,98.0,96.0,WSH,WS1,WS1
1927,ECL,ACB,BG2,,1,88,52.0,53,35,,,Y,,552.0,3043.0,897.0,135.0,44.0,53.0,313.0,,47.0,2.0,16.0,,432.0,368.0,4.19,57.0,4.0,1.0,2369.0,782.0,30.0,323.0,349.0,133.0,,0.962,Atlantic City Bacharach Giants,Bacharach Park,,,,ACB,,ACY
1927,NNL,BBB,BBB,,4,98,39.0,52,43,,,,,475.0,3252.0,952.0,131.0,53.0,39.0,185.0,,79.0,1.0,28.0,,439.0,366.0,3.87,54.0,7.0,2.0,2553.0,48.0,31.0,25.0,460.0,161.0,,0.956,Birmingham Black Barons,Rickwood Field,,,,BBB,,BIR
1927,ECL,BBS,BBS,,4,70,31.0,33,35,,,,,357.0,2173.0,592.0,103.0,33.0,33.0,224.0,,82.0,0.0,23.0,,334.0,251.0,3.95,31.0,4.0,6.0,1716.0,581.0,29.0,224.0,219.0,146.0,,0.944,Baltimore Black Sox,Maryland Park,,,,BBS,,BLS
1927,AL,BOS,BOS,,8,154,78.0,51,103,,,N,N,597.0,5207.0,1348.0,271.0,78.0,28.0,430.0,456.0,82.0,46.0,,,856.0,716.0,4.72,63.0,6.0,7.0,4098.0,1603.0,56.0,558.0,381.0,222.0,162.0,0.964,Boston Red Sox,Fenway Park I,305275.0,98.0,102.0,BOS,BOS,BOS
1927,ECL,BRG,BR2,,7,34,2.0,11,23,,,,,177.0,1144.0,315.0,42.0,17.0,18.0,122.0,,20.0,,12.0,,232.0,175.0,5.76,26.0,0.0,0.0,821.0,340.0,20.0,100.0,116.0,83.0,,0.935,Brooklyn Royal Giants,Dexter Park,,,,BRG,,BRG
1927,NL,BRO,LAD,,6,154,74.0,65,88,,,N,N,541.0,5193.0,1314.0,195.0,74.0,39.0,368.0,494.0,106.0,,,,619.0,513.0,3.36,74.0,7.0,10.0,4125.0,1382.0,63.0,418.0,574.0,226.0,117.0,0.963,Brooklyn Robins,Ebbets Field,637230.0,100.0,100.0,BRO,BRO,BRO
1927,NL,BSN,ATL,,7,155,74.0,60,94,,,N,N,651.0,5370.0,1498.0,216.0,61.0,37.0,346.0,363.0,100.0,,,,771.0,652.0,4.22,52.0,3.0,11.0,4170.0,1602.0,43.0,468.0,402.0,231.0,130.0,0.963,Boston Braves,Braves Field,288685.0,92.0,94.0,BSN,BSN,BSN
1927,NNL,CAG,CAG,,1,94,67.0,62,31,,,Y,Y,407.0,2918.0,809.0,141.0,34.0,15.0,273.0,,100.0,6.0,19.0,,313.0,243.0,2.77,59.0,15.0,7.0,2372.0,762.0,22.0,190.0,385.0,149.0,,0.96,Chicago American Giants,Schorling Park,,,,CAG,,CAG
1927,AL,CHA,CHW,,5,153,75.0,70,83,,,N,N,662.0,5157.0,1433.0,285.0,61.0,36.0,493.0,389.0,90.0,75.0,,,708.0,594.0,3.91,85.0,10.0,8.0,4101.0,1467.0,55.0,440.0,365.0,180.0,131.0,0.971,Chicago White Sox,Comiskey Park,614423.0,98.0,98.0,CHW,CHA,CHA
1927,NL,CHN,CHC,,4,153,78.0,85,68,,,N,N,750.0,5303.0,1505.0,266.0,63.0,74.0,481.0,492.0,65.0,,,,661.0,562.0,3.65,75.0,11.0,5.0,4155.0,1439.0,50.0,514.0,465.0,181.0,152.0,0.971,Chicago Cubs,Wrigley Field,1159168.0,101.0,99.0,CHC,CHN,CHN
1927,NNL,CHT,CHT,,8,49,19.0,12,37,,,,,170.0,1289.0,355.0,48.0,18.0,9.0,108.0,,28.0,,7.0,0.0,311.0,224.0,6.11,16.0,0.0,2.0,990.0,462.0,32.0,122.0,124.0,120.0,,0.926,Cleveland Hornets,Hooper Field,,,,CHT,,CV4
1927,NL,CIN,CIN,,5,153,80.0,75,78,,,N,N,643.0,5185.0,1439.0,222.0,77.0,29.0,402.0,332.0,62.0,,,,653.0,538.0,3.54,87.0,12.0,12.0,4104.0,1472.0,36.0,316.0,407.0,165.0,160.0,0.973,Cincinnati Reds,Crosley Field,442164.0,97.0,97.0,CIN,CIN,CIN
1927,AL,CLE,CLE,,6,153,77.0,66,87,,,N,N,668.0,5202.0,1471.0,321.0,52.0,26.0,381.0,366.0,63.0,72.0,,,766.0,642.0,4.27,72.0,5.0,8.0,4059.0,1542.0,37.0,508.0,366.0,202.0,146.0,0.968,Cleveland Indians,League Park II,373138.0,101.0,102.0,CLE,CLE,CLE
1927,ECL,CSE,CSE,,3,60,8.0,30,28,,,,,275.0,1785.0,468.0,57.0,20.0,29.0,172.0,,37.0,,16.0,,305.0,257.0,4.99,39.0,3.0,2.0,1390.0,526.0,28.0,208.0,172.0,87.0,,0.958,Cuban Stars East,Davids Stadium,,,,CSE,,CUE
1927,NNL,CSW,CSW,,6,70,0.0,22,47,,,,,227.0,2092.0,515.0,69.0,18.0,13.0,162.0,,37.0,,16.0,,336.0,278.0,4.52,43.0,3.0,1.0,1660.0,638.0,47.0,180.0,245.0,110.0,,0.954,Cuban Stars West,,,,,CSW,,CUW
1927,AL,DET,DET,,4,156,78.0,82,71,,,N,N,845.0,5299.0,1533.0,282.0,100.0,51.0,587.0,420.0,141.0,73.0,,,805.0,638.0,4.14,75.0,5.0,17.0,4161.0,1542.0,52.0,577.0,421.0,209.0,173.0,0.967,Detroit Tigers,Navin Field,773716.0,101.0,102.0,DET,DET,DET
1927,NNL,DS,DS,,5,95,60.0,51,44,,,,,501.0,3019.0,865.0,140.0,44.0,62.0,302.0,,62.0,1.0,26.0,,467.0,356.0,4.06,59.0,4.0,4.0,2368.0,863.0,54.0,272.0,279.0,199.0,,0.946,Detroit Stars,Mack Park,,,,DS,,DT1
1927,ECL,HBG,HBG,,2,67,30.0,37,30,,,,,390.0,2311.0,692.0,116.0,42.0,35.0,248.0,,76.0,1.0,24.0,,347.0,266.0,4.04,50.0,1.0,0.0,1776.0,621.0,32.0,188.0,226.0,134.0,,0.952,Harrisburg Giants,Island Park,,,,HBG,,HAE
1927,ECL,HIL,HIL,,5,82,42.0,37,45,,,,,397.0,2800.0,741.0,109.0,53.0,17.0,263.0,,68.0,2.0,20.0,,471.0,403.0,4.8,58.0,3.0,1.0,2268.0,814.0,46.0,281.0,272.0,150.0,,0.957,Hilldale Club,Hilldale Park,,,,HIL,,HIL
1927,NNL,KCM,KCM,,2,88,43.0,55,33,,,,,460.0,2866.0,826.0,124.0,57.0,30.0,272.0,,107.0,2.0,33.0,,327.0,266.0,3.18,50.0,14.0,6.0,2258.0,743.0,30.0,200.0,323.0,127.0,,0.963,Kansas City Monarchs,Muehlebach Field,,,,KCM,,KCM
1927,NNL,MRS,MRS,,7,95,43.0,25,67,,,,,264.0,2831.0,645.0,97.0,33.0,13.0,195.0,,71.0,1.0,38.0,0.0,488.0,390.0,4.66,43.0,4.0,2.0,2259.0,841.0,40.0,278.0,321.0,197.0,,0.944,Memphis Red Sox,Lewis Park,,,,MRS,,MEM
1927,ECL,NLG,NLG,,6,25,12.0,10,15,,,,,160.0,951.0,260.0,54.0,3.0,16.0,95.0,,24.0,,5.0,,222.0,187.0,5.78,26.0,0.0,1.0,873.0,379.0,19.0,126.0,127.0,66.0,,0.951,New York Lincoln Giants,Catholic Protectory Oval,,,,NLG,,NYL
1927,NL,NY1,SFG,,3,155,74.0,92,62,,,N,N,817.0,5372.0,1594.0,251.0,62.0,109.0,461.0,462.0,73.0,,,,720.0,609.0,3.97,65.0,7.0,16.0,4143.0,1520.0,77.0,453.0,442.0,195.0,160.0,0.969,New York Giants,Polo Grounds IV,858190.0,99.0,98.0,NYG,NY1,NY1
1927,AL,NYA,NYY,,1,155,77.0,110,44,,,Y,Y,975.0,5347.0,1644.0,291.0,103.0,158.0,635.0,605.0,90.0,64.0,,,599.0,494.0,3.2,82.0,11.0,20.0,4167.0,1403.0,42.0,409.0,431.0,196.0,123.0,0.969,New York Yankees,Yankee Stadium I,1164015.0,98.0,94.0,NYY,NYA,NYA
1927,AL,PHA,OAK,,2,155,77.0,91,63,,,N,N,841.0,5296.0,1606.0,281.0,70.0,56.0,551.0,326.0,98.0,63.0,,,726.0,610.0,3.97,66.0,8.0,25.0,4152.0,1467.0,65.0,442.0,553.0,194.0,124.0,0.969,Philadelphia Athletics,Shibe Park,605529.0,105.0,102.0,PHA,PHA,PHA
1927,NL,PHI,PHI,,8,155,78.0,51,103,,,N,N,678.0,5317.0,1487.0,216.0,46.0,57.0,434.0,482.0,68.0,,,,903.0,807.0,5.36,81.0,5.0,6.0,4065.0,1710.0,84.0,462.0,377.0,168.0,152.0,0.972,Philadelphia Phillies,Baker Bowl,305420.0,95.0,99.0,PHI,PHI,PHI
1927,NL,PIT,PIT,,1,156,79.0,94,60,,,Y,N,817.0,5397.0,1648.0,258.0,78.0,54.0,437.0,355.0,65.0,,,,659.0,563.0,3.66,90.0,10.0,10.0,4155.0,1400.0,58.0,418.0,435.0,187.0,130.0,0.969,Pittsburgh Pirates,Forbes Field,869720.0,107.0,105.0,PIT,PIT,PIT
1927,AL,SLA,BAL,,7,155,78.0,59,94,,,N,N,724.0,5220.0,1440.0,262.0,59.0,55.0,443.0,420.0,91.0,66.0,,,904.0,744.0,4.95,80.0,4.0,8.0,4059.0,1592.0,79.0,604.0,385.0,248.0,166.0,0.96,St. Louis Browns,Sportsman's Park IV,247879.0,103.0,105.0,SLB,SLA,SLA
1927,NL,SLN,STL,,2,153,80.0,92,61,,,N,N,754.0,5207.0,1450.0,264.0,79.0,84.0,484.0,511.0,110.0,,,,665.0,542.0,3.57,89.0,14.0,11.0,4101.0,1416.0,72.0,363.0,394.0,213.0,170.0,0.966,St. Louis Cardinals,Sportsman's Park IV,749340.0,105.0,102.0,STL,SLN,SLN
1927,NNL,SLS,SLS,,3,95,75.0,59,36,,,,,620.0,3381.0,1045.0,154.0,67.0,111.0,291.0,,90.0,0.0,24.0,,508.0,416.0,4.21,48.0,3.0,4.0,2666.0,971.0,42.0,330.0,401.0,162.0,,0.961,St. Louis Stars,Stars Park,,,,SLS,,SSN
1927,AL,WS1,MIN,,3,157,79.0,85,69,,,N,N,782.0,5389.0,1549.0,268.0,87.0,29.0,498.0,359.0,133.0,52.0,,,730.0,618.0,3.97,62.0,10.0,23.0,4206.0,1434.0,53.0,491.0,497.0,194.0,125.0,0.969,Washington Senators,Griffith Stadium I,528976.0,99.0,98.0,WSH,WS1,WS1
1928,ECL,ACB,BG2,,5,7,,2,5,,,,,321.0,1918.0,569.0,71.0,26.0,21.0,170.0,21.0,44.0,2.0,13.0,,304.0,250.0,4.73,35.0,2.0,3.0,1427.0,529.0,39.0,185.0,245.0,102.0,,0.953,Atlantic City Bacharach Giants,Bacharach Park,,,,ACB,,ACY
1928,NNL,BBB,BBB,,5,99,,45,54,,,,,344.0,2872.0,749.0,102.0,47.0,20.0,127.0,11.0,65.0,3.0,25.0,,430.0,343.0,4.18,48.0,4.0,5.0,2215.0,809.0,37.0,175.0,371.0,177.0,,0.947,Birmingham Black Barons,Rickwood Field,,,,BBB,,BIR
1928,ECL,BBS,BBS,,1,7,,5,2,,,,,338.0,2021.0,580.0,114.0,25.0,42.0,199.0,20.0,66.0,5.0,15.0,,335.0,282.0,4.82,37.0,4.0,0.0,1580.0,560.0,32.0,208.0,214.0,121.0,,0.95,Baltimore Black Sox,Maryland Park,,,,BBS,,BLS
1928,AL,BOS,BOS,,8,154,74.0,57,96,,,N,N,589.0,5132.0,1356.0,260.0,62.0,38.0,389.0,512.0,99.0,64.0,,,770.0,659.0,4.39,70.0,5.0,9.0,4056.0,1492.0,49.0,452.0,407.0,172.0,139.0,0.972,Boston Red Sox,Fenway Park I,396920.0,96.0,100.0,BOS,BOS,BOS
1928,NL,BRO,LAD,,6,155,77.0,77,76,,,N,N,665.0,5243.0,1393.0,229.0,70.0,66.0,557.0,510.0,81.0,,,,640.0,504.0,3.25,75.0,16.0,15.0,4188.0,1378.0,59.0,468.0,551.0,217.0,113.0,0.965,Brooklyn Robins,Ebbets Field,664863.0,99.0,100.0,BRO,BRO,BRO
1928,NL,BSN,ATL,,7,153,76.0,50,103,,,N,N,631.0,5228.0,1439.0,241.0,41.0,52.0,447.0,377.0,60.0,,,,878.0,730.0,4.83,54.0,1.0,6.0,4080.0,1596.0,100.0,524.0,343.0,193.0,141.0,0.969,Boston Braves,Braves Field,227001.0,94.0,97.0,BSN,BSN,BSN
1928,NNL,CAG,CAG,,3,94,,56,37,,,,,362.0,2564.0,708.0,86.0,28.0,6.0,160.0,29.0,78.0,9.0,32.0,,276.0,235.0,3.12,58.0,10.0,5.0,2034.0,643.0,22.0,175.0,318.0,109.0,,0.965,Chicago American Giants,Schorling Park,,,,CAG,,CAG
1928,AL,CHA,CHW,,5,155,78.0,72,82,,,N,N,656.0,5207.0,1405.0,231.0,77.0,24.0,469.0,488.0,139.0,82.0,,,725.0,609.0,3.98,88.0,6.0,11.0,4134.0,1518.0,66.0,501.0,418.0,184.0,149.0,0.97,Chicago White Sox,Comiskey Park,494152.0,98.0,100.0,CHW,CHA,CHA
1928,NL,CHN,CHC,,3,154,77.0,91,63,,,N,N,714.0,5260.0,1460.0,251.0,64.0,92.0,508.0,517.0,83.0,,,,615.0,521.0,3.4,75.0,12.0,14.0,4140.0,1383.0,56.0,508.0,531.0,156.0,176.0,0.975,Chicago Cubs,Wrigley Field,1143740.0,99.0,97.0,CHC,CHN,CHN
1928,NL,CIN,CIN,,5,153,78.0,78,74,,,N,N,648.0,5184.0,1449.0,229.0,67.0,32.0,386.0,330.0,83.0,,,,686.0,600.0,3.94,68.0,11.0,11.0,4113.0,1516.0,58.0,410.0,355.0,162.0,194.0,0.974,Cincinnati Reds,Crosley Field,490490.0,98.0,99.0,CIN,CIN,CIN
1928,AL,CLE,CLE,,7,155,77.0,62,92,,,N,N,674.0,5386.0,1535.0,299.0,61.0,34.0,377.0,426.0,50.0,52.0,,,830.0,684.0,4.47,71.0,4.0,15.0,4134.0,1615.0,52.0,511.0,416.0,221.0,187.0,0.965,Cleveland Indians,League Park II,375907.0,101.0,102.0,CLE,CLE,CLE
1928,ECL,CSE,CSE,,4,6,,2,4,,,,,166.0,1058.0,300.0,50.0,8.0,16.0,66.0,4.0,16.0,1.0,10.0,,188.0,165.0,5.92,16.0,1.0,0.0,753.0,267.0,23.0,103.0,99.0,41.0,,0.964,Cuban Stars East,Dexter Park,,,,CSE,,CUE
1928,NNL,CSW,CSW,,8,54,,13,41,,,,,169.0,1555.0,358.0,51.0,13.0,2.0,128.0,2.0,17.0,,18.0,,279.0,239.0,5.56,33.0,1.0,2.0,1160.0,453.0,22.0,141.0,196.0,81.0,,0.954,Cuban Stars West,,,,,CSW,,CUW
1928,NNL,CTG,CTG,,7,79,,20,59,,,,,278.0,2096.0,606.0,95.0,36.0,17.0,113.0,5.0,36.0,,28.0,,418.0,345.0,5.96,28.0,1.0,4.0,1564.0,667.0,32.0,155.0,204.0,133.0,,0.946,Cleveland Tigers,Luna Park,,,,CTG,,CV5
1928,AL,DET,DET,,6,154,77.0,68,86,,,N,N,744.0,5292.0,1476.0,265.0,97.0,62.0,469.0,438.0,113.0,77.0,,,804.0,659.0,4.32,65.0,5.0,16.0,4116.0,1481.0,58.0,567.0,451.0,212.0,140.0,0.965,Detroit Tigers,Navin Field,474323.0,102.0,102.0,DET,DET,DET
1928,NNL,DS,DS,,4,89,,53,36,,,,,487.0,2777.0,796.0,126.0,38.0,60.0,238.0,11.0,50.0,,25.0,,445.0,368.0,4.76,50.0,5.0,5.0,2089.0,775.0,34.0,240.0,237.0,151.0,,0.954,Detroit Stars,Mack Park,,,,DS,,DT1
1928,EAS,HG,HG,,2,20,,11,9,,,,,117.0,628.0,202.0,30.0,10.0,11.0,48.0,19.0,3.0,3.0,3.0,,104.0,88.0,5.01,14.0,1.0,0.0,474.0,177.0,10.0,50.0,98.0,35.0,,0.952,Homestead Grays,Forbes Field,,,,HG,,HOM
1928,EAS,HIL,HIL,,1,64,,35,28,,,,,303.0,1967.0,520.0,86.0,28.0,24.0,188.0,36.0,57.0,16.0,15.0,,294.0,245.0,4.21,45.0,3.0,0.0,1572.0,555.0,31.0,165.0,189.0,111.0,,0.955,Hilldale Club,Hilldale Park,,,,HIL,,HIL
1928,NNL,KCM,KCM,,2,80,,50,29,,,,,385.0,2542.0,703.0,106.0,33.0,16.0,204.0,20.0,125.0,1.0,35.0,,294.0,248.0,3.35,46.0,3.0,3.0,1996.0,621.0,20.0,138.0,299.0,111.0,,0.964,Kansas City Monarchs,Muehlebach Field,,,,KCM,,KCM
1928,NNL,MRS,MRS,,6,84,,33,51,,,,,346.0,2499.0,664.0,89.0,35.0,14.0,230.0,5.0,44.0,1.0,32.0,,381.0,303.0,4.14,50.0,5.0,1.0,1975.0,733.0,29.0,159.0,250.0,155.0,,0.949,Memphis Red Sox,Lewis Park,,,,MRS,,MEM
1928,ECL,NLG,NLG,,2,7,,5,2,,,,,231.0,1184.0,349.0,67.0,11.0,30.0,113.0,7.0,36.0,2.0,9.0,,212.0,198.0,5.73,27.0,1.0,2.0,933.0,395.0,18.0,76.0,101.0,50.0,,0.965,New York Lincoln Giants,Catholic Protectory Oval,,,,NLG,,NYL
1928,NL,NY1,SFG,,2,155,77.0,93,61,,,N,N,807.0,5459.0,1600.0,276.0,59.0,118.0,444.0,376.0,62.0,,,,653.0,568.0,3.67,79.0,7.0,16.0,4182.0,1454.0,77.0,405.0,399.0,178.0,175.0,0.972,New York Giants,Polo Grounds IV,916191.0,100.0,98.0,NYG,NY1,NY1
1928,AL,NYA,NYY,,1,154,77.0,101,53,,,Y,Y,894.0,5337.0,1578.0,269.0,79.0,133.0,562.0,544.0,51.0,51.0,,,685.0,571.0,3.74,82.0,13.0,21.0,4125.0,1466.0,59.0,452.0,487.0,199.0,136.0,0.967,New York Yankees,Yankee Stadium I,1072132.0,98.0,94.0,NYY,NYA,NYA
1928,AL,PHA,OAK,,2,153,77.0,98,55,,,N,N,829.0,5226.0,1540.0,323.0,75.0,89.0,533.0,442.0,59.0,48.0,,,615.0,510.0,3.36,81.0,15.0,16.0,4101.0,1349.0,66.0,424.0,607.0,183.0,124.0,0.97,Philadelphia Athletics,Shibe Park,689756.0,103.0,99.0,PHA,PHA,PHA
1928,NL,PHI,PHI,,8,152,75.0,43,109,,,N,N,660.0,5234.0,1396.0,257.0,47.0,85.0,503.0,510.0,53.0,,,,957.0,835.0,5.56,42.0,4.0,11.0,4056.0,1660.0,108.0,675.0,404.0,179.0,171.0,0.971,Philadelphia Phillies,Baker Bowl,182168.0,106.0,110.0,PHI,PHI,PHI
1928,NL,PIT,PIT,,4,152,77.0,85,67,,,N,N,837.0,5371.0,1659.0,246.0,100.0,52.0,435.0,352.0,64.0,,,,704.0,594.0,3.95,82.0,8.0,11.0,4062.0,1422.0,66.0,446.0,385.0,201.0,123.0,0.967,Pittsburgh Pirates,Forbes Field,495070.0,104.0,102.0,PIT,PIT,PIT
1928,ECL,PTG,PTG,,3,5,,2,3,,,,,34.0,274.0,80.0,11.0,3.0,2.0,22.0,,4.0,,2.0,,77.0,61.0,8.07,4.0,1.0,0.0,204.0,107.0,6.0,31.0,34.0,25.0,,0.925,Philadelphia Tigers,Pencoyd Field,,,,PTG,,PHE
1928,AL,SLA,BAL,,3,154,77.0,82,72,,,N,N,772.0,5217.0,1431.0,276.0,76.0,63.0,548.0,479.0,76.0,43.0,,,742.0,637.0,4.17,80.0,6.0,15.0,4122.0,1487.0,93.0,454.0,456.0,184.0,146.0,0.97,St. Louis Browns,Sportsman's Park IV,339497.0,103.0,104.0,SLB,SLA,SLA
1928,NL,SLN,STL,,1,154,77.0,95,59,,,Y,N,807.0,5357.0,1505.0,292.0,70.0,113.0,568.0,438.0,82.0,,,,636.0,531.0,3.38,83.0,4.0,21.0,4245.0,1470.0,86.0,399.0,422.0,152.0,134.0,0.974,St. Louis Cardinals,Sportsman's Park IV,761574.0,103.0,102.0,STL,SLN,SLN
1928,NNL,SLS,SLS,,1,89,,63,26,,,Y,,547.0,2812.0,893.0,157.0,57.0,101.0,187.0,5.0,53.0,,25.0,,381.0,316.0,4.03,41.0,6.0,6.0,2116.0,766.0,31.0,194.0,306.0,128.0,,0.961,St. Louis Stars,Stars Park,,,,SLS,,SSN
1928,AL,WS1,MIN,,4,155,80.0,75,79,,,N,N,718.0,5320.0,1510.0,277.0,93.0,40.0,481.0,390.0,110.0,59.0,,,705.0,597.0,3.88,77.0,15.0,10.0,4152.0,1420.0,40.0,466.0,462.0,180.0,146.0,0.971,Washington Senators,Griffith Stadium I,378501.0,99.0,99.0,WSH,WS1,WS1
1929,ANL,ACB,BG2,,5,66,26.0,19,45,,,,,381.0,2297.0,640.0,96.0,30.0,28.0,235.0,3.0,38.0,0.0,15.0,,546.0,465.0,7.38,21.0,1.0,5.0,1701.0,759.0,33.0,284.0,202.0,156.0,,0.94,Atlantic City Bacharach Giants,Bacharach Park,,,,ACB,,ACY
1929,NNL,BBB,BBB,,5,89,22.0,32,57,,,,,396.0,2842.0,782.0,98.0,38.0,38.0,174.0,7.0,59.0,0.0,15.0,,512.0,427.0,5.48,48.0,5.0,4.0,2102.0,818.0,47.0,183.0,385.0,165.0,,0.949,Birmingham Black Barons,Rickwood Field,,,,BBB,,BIR
1929,ANL,BBS,BBS,,1,70,32.0,49,21,,,Y,,525.0,2598.0,812.0,130.0,45.0,46.0,273.0,6.0,82.0,1.0,26.0,,377.0,307.0,4.11,53.0,5.0,1.0,2017.0,695.0,34.0,289.0,260.0,135.0,,0.956,Baltimore Black Sox,Maryland Park,,,,BBS,,BLS
1929,AL,BOS,BOS,,8,155,78.0,58,96,,,N,N,605.0,5160.0,1377.0,285.0,69.0,28.0,413.0,494.0,85.0,80.0,,,803.0,672.0,4.43,84.0,9.0,5.0,4098.0,1537.0,78.0,496.0,416.0,218.0,159.0,0.965,Boston Red Sox,Fenway Park I,394620.0,97.0,100.0,BOS,BOS,BOS
1929,NL,BRO,LAD,,6,153,77.0,70,83,,,N,N,755.0,5273.0,1535.0,282.0,69.0,99.0,504.0,454.0,80.0,,,,888.0,742.0,4.92,59.0,8.0,16.0,4074.0,1553.0,92.0,549.0,549.0,192.0,113.0,0.968,Brooklyn Robins,Ebbets Field,731886.0,98.0,98.0,BRO,BRO,BRO
1929,NL,BSN,ATL,,8,154,77.0,56,98,,,N,N,657.0,5291.0,1481.0,252.0,77.0,33.0,408.0,432.0,65.0,,,,876.0,769.0,5.12,78.0,4.0,12.0,4056.0,1604.0,103.0,530.0,366.0,204.0,146.0,0.967,Boston Braves,Braves Field,372351.0,95.0,98.0,BSN,BSN,BSN
1929,NNL,CAG,CAG,,3,86,70.0,48,38,,,,,333.0,2461.0,667.0,88.0,38.0,13.0,176.0,11.0,64.0,3.0,11.0,,340.0,285.0,3.82,51.0,9.0,4.0,2015.0,673.0,26.0,241.0,266.0,118.0,,0.962,Chicago American Giants,South Side Park,,,,CAG,,CAG
1929,AL,CHA,CHW,,7,152,76.0,59,93,,,N,N,627.0,5248.0,1406.0,240.0,74.0,37.0,425.0,436.0,109.0,65.0,,,792.0,665.0,4.41,78.0,5.0,7.0,4071.0,1481.0,84.0,505.0,328.0,190.0,153.0,0.969,Chicago White Sox,Comiskey Park,426795.0,98.0,100.0,CHW,CHA,CHA
1929,NL,CHN,CHC,,1,156,78.0,98,54,,,Y,N,982.0,5471.0,1655.0,310.0,46.0,139.0,589.0,567.0,103.0,,,,758.0,646.0,4.16,79.0,14.0,21.0,4194.0,1542.0,77.0,537.0,548.0,154.0,169.0,0.975,Chicago Cubs,Wrigley Field,1485166.0,100.0,97.0,CHC,CHN,CHN
1929,NL,CIN,CIN,,7,155,78.0,66,88,,,N,N,686.0,5269.0,1478.0,258.0,79.0,34.0,412.0,347.0,134.0,,,,760.0,671.0,4.41,75.0,5.0,8.0,4107.0,1558.0,61.0,413.0,347.0,162.0,148.0,0.974,Cincinnati Reds,Crosley Field,295040.0,95.0,97.0,CIN,CIN,CIN
1929,AL,CLE,CLE,,3,152,76.0,81,71,,,N,N,717.0,5187.0,1525.0,294.0,79.0,62.0,453.0,363.0,75.0,85.0,,,736.0,608.0,4.05,80.0,8.0,10.0,4056.0,1570.0,56.0,488.0,389.0,198.0,162.0,0.968,Cleveland Indians,League Park II,536210.0,103.0,105.0,CLE,CLE,CLE
1929,ANL,CSE,CSE,,6,58,4.0,15,41,,,,,312.0,2047.0,590.0,103.0,21.0,9.0,176.0,12.0,20.0,1.0,21.0,,436.0,376.0,6.75,31.0,1.0,1.0,1503.0,689.0,34.0,205.0,191.0,109.0,,0.953,Cuban Stars East,Dexter Park,,,,CSE,,CUE
1929,NNL,CSW,CSW,,7,46,0.0,13,33,,,,,169.0,1393.0,352.0,54.0,15.0,15.0,105.0,9.0,33.0,2.0,17.0,,239.0,197.0,5.06,24.0,0.0,0.0,1051.0,382.0,22.0,127.0,171.0,75.0,,0.953,Cuban Stars West,,,,,CSW,,CUW
1929,AL,DET,DET,,6,155,77.0,70,84,,,N,N,926.0,5592.0,1671.0,339.0,97.0,110.0,521.0,496.0,95.0,72.0,,,928.0,766.0,4.96,82.0,5.0,9.0,4170.0,1641.0,73.0,646.0,467.0,242.0,149.0,0.961,Detroit Tigers,Navin Field,869318.0,101.0,101.0,DET,DET,DET
1929,NNL,DS,DS,,4,69,60.0,32,37,,,,,435.0,2362.0,728.0,99.0,34.0,76.0,197.0,4.0,46.0,1.0,34.0,,442.0,365.0,5.5,42.0,4.0,0.0,1791.0,658.0,62.0,249.0,233.0,124.0,,0.956,Detroit Stars,Mack Park,,,,DS,,DT1
1929,ANL,HG,HG,,4,66,27.0,34,29,,,,,389.0,2306.0,675.0,104.0,40.0,26.0,193.0,5.0,31.0,2.0,11.0,,398.0,325.0,5.03,51.0,2.0,1.0,1744.0,657.0,23.0,197.0,287.0,129.0,,0.951,Homestead Grays,Forbes Field,,,,HG,,HOM
1929,ANL,HIL,HIL,,3,78,46.0,40,35,,,,,502.0,2751.0,820.0,140.0,42.0,46.0,316.0,15.0,64.0,6.0,15.0,,448.0,354.0,4.51,53.0,3.0,2.0,2120.0,806.0,48.0,247.0,310.0,186.0,,0.943,Hilldale Club,Hilldale Park,,,,HIL,,HIL
1929,NNL,KCM,KCM,,1,79,41.0,62,17,,,Y,,495.0,2416.0,751.0,122.0,63.0,32.0,249.0,4.0,151.0,2.0,31.0,,273.0,227.0,3.23,46.0,5.0,13.0,1899.0,584.0,14.0,187.0,317.0,93.0,,0.968,Kansas City Monarchs,Muehlebach Field,,,,KCM,,KCM
1929,NNL,MRS,MRS,,6,73,28.0,21,51,,,,,287.0,2402.0,580.0,67.0,15.0,17.0,212.0,2.0,49.0,0.0,22.0,,415.0,338.0,4.86,42.0,5.0,1.0,1877.0,759.0,54.0,156.0,307.0,156.0,,0.946,Memphis Red Sox,Lewis Park,,,,MRS,,MEM
1929,ANL,NLG,NLG,,2,68,34.0,40,26,,,,,508.0,2274.0,728.0,155.0,32.0,58.0,287.0,9.0,88.0,4.0,24.0,,419.0,350.0,5.56,39.0,4.0,2.0,1701.0,672.0,43.0,249.0,227.0,124.0,,0.952,New York Lincoln Giants,Catholic Protectory Oval,,,,NLG,,NYL
1929,NL,NY1,SFG,,3,152,77.0,84,67,,,N,N,897.0,5388.0,1594.0,251.0,47.0,136.0,482.0,405.0,85.0,,,,709.0,605.0,3.97,68.0,9.0,13.0,4116.0,1536.0,102.0,387.0,431.0,158.0,163.0,0.975,New York Giants,Polo Grounds IV,868806.0,100.0,97.0,NYG,NY1,NY1
1929,AL,NYA,NYY,,2,154,77.0,88,66,,,N,N,899.0,5379.0,1587.0,262.0,74.0,142.0,554.0,518.0,51.0,44.0,,,775.0,636.0,4.19,64.0,12.0,18.0,4098.0,1475.0,83.0,485.0,484.0,179.0,152.0,0.97,New York Yankees,Yankee Stadium I,960148.0,94.0,92.0,NYY,NYA,NYA
1929,AL,PHA,OAK,,1,151,74.0,104,46,,,Y,Y,901.0,5204.0,1539.0,288.0,76.0,122.0,543.0,440.0,61.0,38.0,,,615.0,519.0,3.44,70.0,9.0,24.0,4071.0,1371.0,73.0,487.0,573.0,148.0,117.0,0.975,Philadelphia Athletics,Shibe Park,839176.0,104.0,100.0,PHA,PHA,PHA
1929,NL,PHI,PHI,,5,154,76.0,71,82,,,N,N,897.0,5484.0,1693.0,305.0,51.0,153.0,573.0,470.0,59.0,,,,1032.0,918.0,6.13,45.0,5.0,24.0,4044.0,1743.0,122.0,616.0,369.0,189.0,153.0,0.969,Philadelphia Phillies,Baker Bowl,281200.0,106.0,110.0,PHI,PHI,PHI
1929,NL,PIT,PIT,,2,154,76.0,88,65,,,N,N,904.0,5490.0,1663.0,285.0,116.0,60.0,503.0,335.0,94.0,,,,780.0,668.0,4.36,79.0,5.0,13.0,4137.0,1530.0,96.0,439.0,409.0,181.0,136.0,0.97,Pittsburgh Pirates,Forbes Field,491377.0,103.0,102.0,PIT,PIT,PIT
1929,AL,SLA,BAL,,4,154,77.0,79,73,,,N,N,733.0,5174.0,1426.0,277.0,64.0,46.0,589.0,431.0,72.0,46.0,,,713.0,622.0,4.08,83.0,15.0,10.0,4113.0,1469.0,100.0,462.0,415.0,156.0,148.0,0.975,St. Louis Browns,Sportsman's Park IV,280697.0,104.0,104.0,SLB,SLA,SLA
1929,NL,SLN,STL,,4,154,77.0,78,74,,,N,N,831.0,5364.0,1569.0,310.0,84.0,100.0,490.0,455.0,72.0,,,,806.0,704.0,4.66,83.0,6.0,8.0,4077.0,1604.0,101.0,474.0,453.0,174.0,149.0,0.971,St. Louis Cardinals,Sportsman's Park IV,399887.0,103.0,101.0,STL,SLN,SLN
1929,NNL,SLS,SLS,,2,88,58.0,56,31,,,,,649.0,3213.0,965.0,181.0,46.0,95.0,308.0,6.0,115.0,,23.0,,443.0,366.0,4.04,53.0,10.0,6.0,2448.0,875.0,51.0,267.0,348.0,139.0,,0.963,St. Louis Stars,Stars Park,,,,SLS,,SSN
1929,AL,WS1,MIN,,5,153,78.0,71,81,,,N,N,730.0,5237.0,1445.0,244.0,66.0,48.0,556.0,400.0,86.0,61.0,,,776.0,653.0,4.34,62.0,3.0,17.0,4062.0,1429.0,48.0,496.0,494.0,191.0,156.0,0.969,Washington Senators,Griffith Stadium I,355506.0,101.0,100.0,WSH,WS1,WS1
1930,NNL,BBB,BBB,,5,91,28.0,42,47,,,,,355.0,2404.0,682.0,82.0,56.0,29.0,148.0,16.0,77.0,1.0,19.0,,385.0,301.0,4.42,47.0,3.0,1.0,1839.0,648.0,29.0,176.0,322.0,149.0,,0.947,Birmingham Black Barons,Rickwood Field,,,,BBB,,BIR
1930,IND,BBS,BBS,,3,46,17.0,24,20,,,,,232.0,1284.0,393.0,66.0,13.0,23.0,117.0,6.0,13.0,,7.0,,232.0,205.0,5.61,29.0,3.0,0.0,987.0,390.0,26.0,106.0,147.0,60.0,,0.959,Baltimore Black Sox,Maryland Park,,,,BBS,,BLS
1930,AL,BOS,BOS,,8,154,76.0,52,102,,,N,N,612.0,5286.0,1393.0,257.0,68.0,47.0,358.0,552.0,42.0,35.0,,,814.0,707.0,4.68,78.0,4.0,5.0,4080.0,1515.0,75.0,488.0,356.0,194.0,161.0,0.968,Boston Red Sox,Fenway Park I,444045.0,96.0,99.0,BOS,BOS,BOS
1930,NL,BRO,LAD,,4,154,77.0,86,68,,,N,N,871.0,5433.0,1654.0,303.0,73.0,122.0,481.0,541.0,53.0,,,,738.0,614.0,4.03,74.0,13.0,15.0,4116.0,1480.0,115.0,394.0,526.0,169.0,167.0,0.972,Brooklyn Robins,Ebbets Field,1097329.0,99.0,99.0,BRO,BRO,BRO
1930,NL,BSN,ATL,,6,154,77.0,70,84,,,N,N,693.0,5356.0,1503.0,246.0,78.0,66.0,332.0,397.0,69.0,,,,835.0,743.0,4.91,71.0,6.0,11.0,4083.0,1624.0,117.0,475.0,424.0,178.0,167.0,0.971,Boston Braves,Braves Field,464835.0,97.0,99.0,BSN,BSN,BSN
1930,NNL,CAG,CAG,,4,89,73.0,43,46,,,,,352.0,2626.0,696.0,94.0,35.0,17.0,230.0,10.0,31.0,0.0,20.0,,461.0,369.0,4.72,45.0,2.0,4.0,2113.0,805.0,32.0,280.0,344.0,155.0,,0.953,Chicago American Giants,South Side Park,,,,CAG,,CAG
1930,AL,CHA,CHW,,7,154,78.0,62,92,,,N,N,729.0,5419.0,1496.0,256.0,90.0,63.0,389.0,479.0,74.0,40.0,,,884.0,712.0,4.71,63.0,2.0,10.0,4083.0,1629.0,74.0,407.0,471.0,233.0,136.0,0.962,Chicago White Sox,Comiskey Park,406123.0,96.0,99.0,CHW,CHA,CHA
1930,NL,CHN,CHC,,2,156,79.0,90,64,,,N,N,998.0,5581.0,1722.0,305.0,72.0,171.0,588.0,635.0,70.0,,,,870.0,748.0,4.8,67.0,6.0,12.0,4209.0,1642.0,111.0,528.0,601.0,170.0,167.0,0.973,Chicago Cubs,Wrigley Field,1463624.0,101.0,98.0,CHC,CHN,CHN
1930,NL,CIN,CIN,,7,154,77.0,59,95,,,N,N,665.0,5245.0,1475.0,265.0,67.0,74.0,445.0,489.0,48.0,,,,857.0,754.0,5.08,61.0,6.0,11.0,4005.0,1650.0,75.0,394.0,361.0,161.0,164.0,0.973,Cincinnati Reds,Crosley Field,386727.0,94.0,97.0,CIN,CIN,CIN
1930,AL,CLE,CLE,,4,154,77.0,81,73,,,N,N,890.0,5439.0,1654.0,358.0,59.0,72.0,490.0,461.0,51.0,47.0,,,915.0,737.0,4.88,68.0,5.0,14.0,4080.0,1663.0,85.0,528.0,441.0,235.0,156.0,0.962,Cleveland Indians,League Park II,528657.0,103.0,103.0,CLE,CLE,CLE
1930,NNL,CSW,CSW,,7,58,0.0,21,37,,,,,203.0,1545.0,360.0,44.0,22.0,21.0,150.0,16.0,41.0,0.0,9.0,,223.0,167.0,3.76,28.0,1.0,1.0,1198.0,420.0,16.0,141.0,195.0,105.0,,0.943,Cuban Stars West,,,,,CSW,,CUW
1930,AL,DET,DET,,5,154,78.0,75,79,,,N,N,783.0,5297.0,1504.0,298.0,90.0,82.0,461.0,508.0,98.0,70.0,,,833.0,706.0,4.7,68.0,4.0,17.0,4053.0,1507.0,86.0,570.0,574.0,188.0,156.0,0.968,Detroit Tigers,Navin Field,649450.0,102.0,104.0,DET,DET,DET
1930,NNL,DS,DS,,3,80,66.0,47,33,,,,,374.0,2367.0,638.0,107.0,57.0,32.0,192.0,2.0,62.0,,21.0,,338.0,282.0,4.09,48.0,8.0,3.0,1861.0,629.0,33.0,151.0,309.0,117.0,,0.958,Detroit Stars,Hamtramck Stadium,,,,DS,,DT1
1930,IND,HG,HG,,1,60,17.0,44,15,,,,,378.0,1927.0,602.0,114.0,41.0,38.0,183.0,45.0,38.0,1.0,14.0,,249.0,214.0,3.93,38.0,2.0,1.0,1469.0,476.0,19.0,120.0,289.0,71.0,,0.968,Homestead Grays,Forbes Field,,,,HG,,HOM
1930,IND,HIL,HIL,,6,39,16.0,8,30,,,,,186.0,1061.0,304.0,38.0,21.0,17.0,106.0,5.0,15.0,,6.0,,262.0,223.0,7.72,24.0,1.0,0.0,780.0,385.0,22.0,102.0,92.0,65.0,,0.945,Hilldale Club,Hilldale Park,,,,HIL,,HIL
1930,NNL,KCM,KCM,,2,58,29.0,35,23,,,,,385.0,2253.0,634.0,120.0,37.0,23.0,227.0,58.0,84.0,1.0,24.0,,322.0,265.0,4.15,49.0,7.0,2.0,1723.0,618.0,21.0,189.0,370.0,119.0,,0.955,Kansas City Monarchs,Muehlebach Field,,,,KCM,,KCM
1930,NNL,MRS,MRS,,6,68,43.0,28,40,,,,,344.0,2427.0,674.0,110.0,40.0,13.0,167.0,2.0,42.0,,14.0,,449.0,359.0,5.25,33.0,3.0,4.0,1846.0,694.0,25.0,204.0,306.0,166.0,,0.942,Memphis Red Sox,Lewis Park,,,,MRS,,MEM
1930,NNL,NEG,BEG,,8,74,43.0,20,53,,,,,175.0,1508.0,378.0,56.0,27.0,12.0,94.0,2.0,22.0,0.0,6.0,,313.0,257.0,6.14,21.0,3.0,0.0,1130.0,466.0,29.0,139.0,219.0,94.0,,0.945,Nashville Elite Giants,Wilson Park,,,,NEG,,NSH
1930,IND,NLG,NLG,,2,56,35.0,41,14,,,,,411.0,1709.0,598.0,106.0,36.0,41.0,180.0,3.0,58.0,1.0,16.0,,295.0,266.0,5.47,37.0,3.0,1.0,1314.0,515.0,34.0,175.0,209.0,76.0,,0.961,New York Lincoln Giants,Catholic Protectory Oval,,,,NLG,,NYL
1930,NL,NY1,SFG,,3,154,77.0,87,67,,,N,N,959.0,5553.0,1769.0,264.0,83.0,143.0,422.0,382.0,59.0,,,,814.0,698.0,4.61,64.0,6.0,19.0,4089.0,1546.0,117.0,439.0,522.0,164.0,164.0,0.974,New York Giants,Polo Grounds IV,868714.0,98.0,95.0,NYG,NY1,NY1
1930,AL,NYA,NYY,,3,154,76.0,86,68,,,N,N,1062.0,5448.0,1683.0,298.0,110.0,152.0,644.0,569.0,91.0,60.0,,,898.0,741.0,4.88,65.0,7.0,15.0,4101.0,1566.0,93.0,524.0,572.0,208.0,132.0,0.965,New York Yankees,Yankee Stadium I,1169230.0,96.0,93.0,NYY,NYA,NYA
1930,AL,PHA,OAK,,1,154,76.0,102,52,,,Y,Y,951.0,5345.0,1573.0,319.0,74.0,125.0,599.0,531.0,48.0,33.0,,,751.0,652.0,4.28,72.0,8.0,21.0,4113.0,1457.0,84.0,488.0,672.0,145.0,121.0,0.976,Philadelphia Athletics,Shibe Park,721663.0,105.0,101.0,PHA,PHA,PHA
1930,NL,PHI,PHI,,8,156,77.0,52,102,,,N,N,944.0,5667.0,1783.0,345.0,44.0,126.0,450.0,459.0,34.0,,,,1199.0,1023.0,6.71,54.0,3.0,7.0,4116.0,1993.0,142.0,543.0,384.0,239.0,169.0,0.962,Philadelphia Phillies,Baker Bowl,299007.0,107.0,110.0,PHI,PHI,PHI
1930,NL,PIT,PIT,,5,154,77.0,80,74,,,N,N,891.0,5346.0,1622.0,285.0,119.0,86.0,494.0,449.0,76.0,,,,928.0,792.0,5.24,80.0,7.0,13.0,4083.0,1730.0,128.0,438.0,393.0,216.0,164.0,0.965,Pittsburgh Pirates,Forbes Field,357795.0,100.0,100.0,PIT,PIT,PIT
1930,AL,SLA,BAL,,6,154,78.0,64,90,,,N,N,751.0,5278.0,1415.0,289.0,67.0,75.0,497.0,550.0,93.0,71.0,,,886.0,772.0,5.07,68.0,5.0,10.0,4113.0,1639.0,124.0,449.0,470.0,189.0,152.0,0.969,St. Louis Browns,Sportsman's Park IV,152088.0,103.0,104.0,SLB,SLA,SLA
1930,NL,SLN,STL,,1,154,77.0,92,62,,,Y,N,1004.0,5512.0,1732.0,373.0,89.0,104.0,479.0,496.0,72.0,,,,784.0,673.0,4.39,63.0,5.0,21.0,4140.0,1596.0,87.0,476.0,639.0,183.0,176.0,0.97,St. Louis Cardinals,Sportsman's Park IV,508501.0,104.0,102.0,STL,SLN,SLN
1930,NNL,SLS,SLS,,1,88,62.0,65,22,,,Y,,740.0,3289.0,1060.0,171.0,55.0,91.0,354.0,14.0,119.0,2.0,24.0,,465.0,395.0,4.3,59.0,4.0,5.0,2480.0,886.0,60.0,321.0,415.0,139.0,,0.963,St. Louis Stars,Stars Park,,,,SLS,,SSN
1930,AL,WS1,MIN,,2,154,77.0,94,60,,,N,N,892.0,5370.0,1620.0,300.0,98.0,57.0,537.0,438.0,101.0,67.0,,,689.0,602.0,3.96,78.0,6.0,14.0,4107.0,1367.0,52.0,504.0,524.0,155.0,150.0,0.974,Washington Senators,Griffith Stadium I,614474.0,101.0,99.0,WSH,WS1,WS1
1931,NNL,AB2,AB2,,2,59,24.0,32,26,,,,,225.0,1541.0,436.0,59.0,26.0,7.0,124.0,29.0,28.0,,8.0,,231.0,180.0,4.31,25.0,3.0,0.0,1127.0,365.0,17.0,166.0,193.0,75.0,,0.956,Indianapolis ABCs,Washington Park II,,,,AB2,,IN5
1931,IND,BBS,BBS,,6,61,15.0,22,38,,,,,214.0,1703.0,420.0,52.0,18.0,19.0,111.0,24.0,25.0,1.0,7.0,,276.0,216.0,4.37,37.0,3.0,1.0,1334.0,475.0,19.0,156.0,172.0,97.0,,0.952,Baltimore Black Sox,Maryland Park,,,,BBS,,BLS
1931,AL,BOS,BOS,,6,153,80.0,62,90,,,N,N,625.0,5379.0,1409.0,289.0,34.0,37.0,405.0,565.0,42.0,43.0,,,800.0,698.0,4.6,61.0,5.0,10.0,4098.0,1559.0,54.0,473.0,365.0,187.0,127.0,0.97,Boston Red Sox,Fenway Park I,350975.0,94.0,98.0,BOS,BOS,BOS
1931,NL,BRO,LAD,,4,153,76.0,79,73,,,N,N,681.0,5309.0,1464.0,240.0,77.0,71.0,409.0,512.0,45.0,,,,673.0,579.0,3.84,64.0,9.0,18.0,4068.0,1520.0,56.0,351.0,546.0,187.0,154.0,0.969,Brooklyn Robins,Ebbets Field,753133.0,100.0,99.0,BRO,BRO,BRO
1931,NL,BSN,ATL,,7,156,78.0,64,90,,,N,N,533.0,5296.0,1367.0,221.0,59.0,34.0,368.0,430.0,46.0,,,,680.0,598.0,3.9,78.0,12.0,9.0,4140.0,1465.0,66.0,406.0,419.0,167.0,141.0,0.973,Boston Braves,Braves Field,515005.0,97.0,99.0,BSN,BSN,BSN
1931,NNL,CC2,CAG,,6,26,10.0,6,19,,,,,88.0,646.0,183.0,22.0,7.0,2.0,63.0,3.0,4.0,0.0,7.0,,114.0,87.0,4.78,13.0,2.0,0.0,491.0,181.0,5.0,76.0,73.0,42.0,,0.947,Chicago Columbia Giants,South Side Park,,,,CC2,,
1931,NNL,CCU,BEG,,3,44,24.0,23,21,,,,,152.0,1053.0,260.0,49.0,8.0,10.0,106.0,1.0,17.0,,9.0,,172.0,134.0,4.31,20.0,2.0,0.0,840.0,302.0,15.0,95.0,165.0,55.0,,0.957,Cleveland Cubs,Hardware Field,,,,CCU,,CV6
1931,AL,CHA,CHW,,8,156,77.0,56,97,,,N,N,704.0,5481.0,1423.0,238.0,69.0,27.0,483.0,445.0,94.0,39.0,,,939.0,778.0,5.04,54.0,6.0,10.0,4170.0,1613.0,82.0,588.0,421.0,246.0,131.0,0.96,Chicago White Sox,Comiskey Park,403550.0,94.0,97.0,CHW,CHA,CHA
1931,NL,CHN,CHC,,3,156,77.0,84,70,,,N,N,828.0,5451.0,1578.0,340.0,66.0,84.0,577.0,641.0,49.0,,,,710.0,611.0,3.97,80.0,8.0,8.0,4155.0,1448.0,54.0,524.0,541.0,169.0,141.0,0.973,Chicago Cubs,Wrigley Field,1086422.0,102.0,100.0,CHC,CHN,CHN
1931,NL,CIN,CIN,,8,154,77.0,58,96,,,N,N,592.0,5343.0,1439.0,241.0,70.0,21.0,403.0,463.0,24.0,,,,742.0,631.0,4.22,70.0,7.0,6.0,4035.0,1545.0,51.0,399.0,317.0,165.0,194.0,0.973,Cincinnati Reds,Crosley Field,263316.0,93.0,96.0,CIN,CIN,CIN
1931,AL,CLE,CLE,,4,155,76.0,78,76,,,N,N,885.0,5445.0,1612.0,321.0,69.0,71.0,555.0,433.0,63.0,60.0,,,833.0,697.0,4.63,76.0,6.0,9.0,4062.0,1577.0,64.0,561.0,470.0,231.0,143.0,0.963,Cleveland Indians,League Park II,483027.0,105.0,105.0,CLE,CLE,CLE
1931,AL,DET,DET,,7,154,77.0,61,93,,,N,N,651.0,5430.0,1456.0,292.0,69.0,43.0,480.0,468.0,117.0,75.0,,,836.0,706.0,4.59,86.0,5.0,6.0,4152.0,1549.0,79.0,597.0,511.0,221.0,139.0,0.964,Detroit Tigers,Navin Field,434056.0,103.0,104.0,DET,DET,DET
1931,NNL,DS,DS,,4,55,31.0,22,33,,,,,194.0,1479.0,375.0,61.0,11.0,18.0,120.0,1.0,32.0,1.0,10.0,,253.0,180.0,4.27,34.0,3.0,0.0,1137.0,462.0,14.0,135.0,182.0,99.0,,0.943,Detroit Stars,Hamtramck Stadium,,,,DS,,DT1
1931,IND,HAR,NBY,,7,18,6.0,6,12,,,,,66.0,572.0,138.0,17.0,4.0,4.0,49.0,0.0,16.0,,7.0,,88.0,67.0,4.03,15.0,0.0,1.0,449.0,157.0,7.0,40.0,62.0,30.0,,0.956,Harlem Stars,Yankee Stadium I,,,,HAR,,HAS
1931,IND,HG,HG,,2,56,15.0,34,21,,,,,286.0,1612.0,468.0,80.0,37.0,30.0,142.0,13.0,12.0,1.0,13.0,,203.0,160.0,3.44,37.0,3.0,2.0,1254.0,382.0,10.0,123.0,230.0,69.0,,0.963,Homestead Grays,Forbes Field,,,,HG,,HOM
1931,IND,HIL,HIL,,1,53,30.0,38,14,,,,,273.0,1529.0,430.0,64.0,26.0,22.0,153.0,11.0,25.0,2.0,9.0,,173.0,137.0,2.95,43.0,7.0,0.0,1254.0,367.0,18.0,105.0,169.0,75.0,,0.96,Hilldale Club,Hilldale Park,,,,HIL,,HIL
1931,IND,KCM,KCM,,4,19,9.0,10,9,,,,,88.0,619.0,158.0,33.0,8.0,5.0,50.0,40.0,25.0,0.0,4.0,,85.0,71.0,3.9,8.0,2.0,2.0,491.0,154.0,5.0,45.0,96.0,31.0,,0.959,Kansas City Monarchs,Muehlebach Field,,,,KCM,,KCM
1931,NNL,LOW,LVB,,5,52,29.0,17,34,,,,,127.0,994.0,265.0,37.0,5.0,10.0,69.0,0.0,6.0,,11.0,,159.0,127.0,4.55,24.0,0.0,1.0,754.0,280.0,10.0,80.0,88.0,53.0,,0.954,Louisville White Sox,Parkway Field,,,,LOW,,LS4
1931,NL,NY1,SFG,,2,153,78.0,87,65,,,N,N,768.0,5372.0,1554.0,251.0,64.0,101.0,383.0,395.0,83.0,,,,599.0,499.0,3.3,90.0,17.0,12.0,4080.0,1341.0,71.0,422.0,570.0,159.0,126.0,0.974,New York Giants,Polo Grounds IV,812163.0,97.0,95.0,NYG,NY1,NY1
1931,AL,NYA,NYY,,2,155,77.0,94,59,,,N,N,1067.0,5608.0,1667.0,277.0,78.0,155.0,748.0,554.0,138.0,68.0,,,760.0,658.0,4.2,78.0,4.0,17.0,4230.0,1461.0,67.0,543.0,686.0,167.0,131.0,0.972,New York Yankees,Yankee Stadium I,912437.0,95.0,91.0,NYY,NYA,NYA
1931,AL,PHA,OAK,,1,153,75.0,107,45,,,Y,N,858.0,5377.0,1544.0,311.0,64.0,118.0,528.0,543.0,25.0,23.0,,,626.0,526.0,3.47,97.0,12.0,16.0,4095.0,1342.0,73.0,457.0,574.0,140.0,151.0,0.976,Philadelphia Athletics,Shibe Park,627464.0,106.0,103.0,PHA,PHA,PHA
1931,NL,PHI,PHI,,6,155,76.0,66,88,,,N,N,684.0,5375.0,1502.0,299.0,52.0,81.0,437.0,492.0,42.0,,,,828.0,692.0,4.58,60.0,6.0,16.0,4080.0,1603.0,75.0,511.0,499.0,204.0,149.0,0.966,Philadelphia Phillies,Baker Bowl,284849.0,108.0,110.0,PHI,PHI,PHI
1931,NL,PIT,PIT,,5,155,78.0,75,79,,,N,N,636.0,5360.0,1425.0,243.0,70.0,41.0,493.0,454.0,59.0,,,,691.0,565.0,3.66,89.0,9.0,5.0,4170.0,1489.0,55.0,442.0,345.0,193.0,167.0,0.969,Pittsburgh Pirates,Forbes Field,260392.0,98.0,99.0,PIT,PIT,PIT
1931,AL,SLA,BAL,,5,154,77.0,63,91,,,N,N,722.0,5374.0,1455.0,287.0,62.0,76.0,488.0,580.0,73.0,80.0,,,870.0,720.0,4.76,65.0,4.0,10.0,4086.0,1623.0,84.0,444.0,436.0,231.0,160.0,0.963,St. Louis Browns,Sportsman's Park IV,179126.0,103.0,105.0,SLB,SLA,SLA
1931,NL,SLN,STL,,1,154,78.0,101,53,,,Y,Y,815.0,5435.0,1554.0,353.0,74.0,60.0,432.0,475.0,114.0,,,,614.0,531.0,3.45,80.0,17.0,20.0,4152.0,1470.0,65.0,449.0,626.0,160.0,169.0,0.974,St. Louis Cardinals,Sportsman's Park IV,608535.0,105.0,103.0,STL,SLN,SLN
1931,NNL,SLS,SLS,,1,56,28.0,44,11,,,Y,,252.0,1181.0,320.0,60.0,22.0,17.0,172.0,2.0,48.0,1.0,11.0,,141.0,116.0,3.36,19.0,3.0,2.0,933.0,290.0,12.0,111.0,188.0,46.0,,0.967,St. Louis Stars,Stars Park,,,,SLS,,SSN
1931,AL,WS1,MIN,,3,156,79.0,92,62,,,N,N,843.0,5576.0,1588.0,308.0,93.0,49.0,481.0,459.0,72.0,64.0,,,691.0,582.0,3.76,60.0,7.0,24.0,4182.0,1434.0,73.0,498.0,582.0,142.0,148.0,0.976,Washington Senators,Griffith Stadium I,492657.0,101.0,98.0,WSH,WS1,WS1
1932,NSL,AB2,AB2,,6,40,22.0,16,20,,,,,159.0,1357.0,352.0,43.0,30.0,2.0,82.0,0.0,52.0,,15.0,,209.0,154.0,4.0,22.0,2.0,1.0,1039.0,389.0,6.0,101.0,137.0,77.0,,0.952,Indianapolis ABCs,Perry Stadium,,,,AB2,,IN5
1932,NSL,BBB,BBB,,7,19,2.0,10,9,,,,,49.0,446.0,113.0,11.0,7.0,4.0,32.0,,8.0,,2.0,,71.0,57.0,4.62,7.0,1.0,0.0,333.0,108.0,4.0,46.0,41.0,32.0,,0.94,Birmingham Black Barons,Rickwood Field,,,,BBB,,BIR
1932,EWL,BBS,BBS,,3,40,30.0,23,17,,,,,314.0,2074.0,568.0,99.0,24.0,24.0,188.0,5.0,33.0,,20.0,,332.0,270.0,4.44,34.0,5.0,1.0,1642.0,592.0,23.0,208.0,254.0,101.0,,0.959,Baltimore Black Sox,Maryland Park,,,,BBS,,BLS
1932,NSL,BCA,BCA,,11,22,7.0,5,17,,,,,27.0,369.0,71.0,7.0,1.0,0.0,21.0,,3.0,,2.0,,105.0,75.0,7.18,4.0,0.0,0.0,282.0,141.0,1.0,27.0,45.0,43.0,,0.908,Atlanta Black Crackers,Ponce de Leon Park,,,,BCA,,ATN
1932,AL,BOS,BOS,,8,154,77.0,43,111,,,N,N,566.0,5295.0,1331.0,253.0,57.0,53.0,469.0,539.0,46.0,46.0,,,915.0,760.0,5.02,42.0,3.0,7.0,4086.0,1574.0,79.0,612.0,365.0,231.0,165.0,0.963,Boston Red Sox,Fenway Park I,182150.0,95.0,99.0,BOS,BOS,BOS
1932,NL,BRO,LAD,,3,154,78.0,81,73,,,N,N,752.0,5433.0,1538.0,296.0,59.0,110.0,388.0,574.0,61.0,,,,747.0,654.0,4.27,61.0,7.0,16.0,4137.0,1538.0,72.0,403.0,497.0,182.0,169.0,0.971,Brooklyn Dodgers,Ebbets Field,681827.0,98.0,98.0,BRO,BRO,BRO
1932,NL,BSN,ATL,,5,155,77.0,77,77,,,N,N,649.0,5506.0,1460.0,262.0,53.0,63.0,347.0,496.0,36.0,,,,655.0,555.0,3.53,72.0,8.0,8.0,4242.0,1483.0,61.0,420.0,440.0,152.0,145.0,0.976,Boston Braves,Braves Field,507606.0,96.0,97.0,BSN,BSN,BSN
1932,NSL,CAG,CAG,,1,43,39.0,33,10,,,Y,,199.0,1444.0,394.0,59.0,13.0,11.0,116.0,1.0,28.0,,10.0,,174.0,133.0,3.11,35.0,8.0,2.0,1155.0,375.0,3.0,109.0,165.0,78.0,,0.957,Chicago American Giants,South Side Park,,,,CAG,,CAG
1932,AL,CHA,CHW,,7,152,77.0,49,102,,,N,N,667.0,5336.0,1426.0,274.0,56.0,36.0,459.0,386.0,89.0,58.0,,,897.0,722.0,4.82,50.0,2.0,12.0,4044.0,1551.0,88.0,580.0,379.0,267.0,170.0,0.957,Chicago White Sox,Comiskey Park,233198.0,93.0,96.0,CHW,CHA,CHA
1932,NL,CHN,CHC,,1,154,77.0,90,64,,,Y,N,720.0,5462.0,1519.0,296.0,60.0,69.0,398.0,514.0,48.0,,,,633.0,535.0,3.44,79.0,9.0,7.0,4203.0,1444.0,68.0,409.0,527.0,173.0,146.0,0.973,Chicago Cubs,Wrigley Field,974688.0,100.0,98.0,CHC,CHN,CHN
1932,NL,CIN,CIN,,8,155,77.0,60,94,,,N,N,575.0,5443.0,1429.0,265.0,68.0,47.0,436.0,436.0,35.0,,,,715.0,587.0,3.79,83.0,6.0,6.0,4182.0,1505.0,69.0,276.0,359.0,178.0,129.0,0.971,Cincinnati Reds,Crosley Field,356950.0,96.0,99.0,CIN,CIN,CIN
1932,AL,CLE,CLE,,4,153,77.0,87,65,,,N,N,845.0,5412.0,1544.0,310.0,74.0,78.0,566.0,454.0,52.0,54.0,,,747.0,630.0,4.12,94.0,6.0,8.0,4131.0,1506.0,70.0,446.0,439.0,189.0,129.0,0.969,Cleveland Indians,League Park II/Cleveland Stadium,468953.0,109.0,107.0,CLE,CLE,CLE
1932,EWL,CLS,CL2,,7,17,8.0,5,11,,,,,59.0,527.0,145.0,25.0,4.0,1.0,44.0,0.0,14.0,,5.0,,100.0,76.0,5.12,11.0,0.0,0.0,401.0,149.0,4.0,53.0,81.0,33.0,,0.946,Cleveland Stars,Luna Park,,,,CLS,,CVS
1932,NSL,COT,COT,,8,10,4.0,3,5,,,,,,,,,,,,,,,,,,,,,,,,,,,,,,,Columbus Turf Club,Panhandle Park,,,,COT,,
1932,EWL,CUP,CUP,,4,22,0.0,10,12,,,,,115.0,942.0,250.0,30.0,13.0,6.0,75.0,13.0,20.0,,10.0,,141.0,105.0,4.03,19.0,3.0,0.0,703.0,244.0,7.0,84.0,117.0,48.0,,0.956,Pollock's Cuban Stars,,,,,CUP,,CUP
1932,AL,DET,DET,,5,153,78.0,76,75,,,N,N,799.0,5409.0,1479.0,291.0,80.0,80.0,486.0,523.0,103.0,49.0,,,787.0,651.0,4.3,67.0,9.0,17.0,4086.0,1421.0,89.0,592.0,521.0,186.0,154.0,0.969,Detroit Tigers,Navin Field,397157.0,104.0,105.0,DET,DET,DET
1932,EWL,DW,DW,,1,25,17.0,20,5,,,,,155.0,965.0,262.0,54.0,10.0,2.0,98.0,1.0,21.0,,4.0,,101.0,78.0,2.77,21.0,4.0,1.0,761.0,245.0,1.0,75.0,143.0,39.0,,0.966,Detroit Wolves,Hamtramck Stadium,,,,DW,,DTW
1932,EWL,HG,HG,,2,29,9.0,17,11,,,,,347.0,1974.0,589.0,95.0,25.0,16.0,179.0,0.0,25.0,,10.0,,251.0,185.0,3.31,41.0,2.0,2.0,1509.0,499.0,18.0,164.0,239.0,101.0,,0.955,Homestead Grays,Greenlee Field,,,,HG,,HOM
1932,EWL,HIL,HIL,,5,27,16.0,11,16,,,,,117.0,918.0,222.0,26.0,5.0,5.0,94.0,,2.0,,1.0,,150.0,118.0,4.29,24.0,1.0,1.0,742.0,263.0,7.0,100.0,110.0,50.0,,0.956,Hilldale Club,Hilldale Park,,,,HIL,,HIL
1932,IND,KCM,KCM,,1,18,8.0,13,5,,,,,100.0,513.0,147.0,19.0,10.0,1.0,56.0,16.0,37.0,,14.0,,44.0,35.0,2.35,15.0,3.0,1.0,402.0,130.0,1.0,32.0,75.0,19.0,,0.97,Kansas City Monarchs,Muehlebach Field,,,,KCM,,KCM
1932,NSL,LRG,LRG,,10,15,7.0,4,11,,,,,32.0,331.0,84.0,10.0,2.0,1.0,13.0,,4.0,,1.0,,49.0,33.0,3.81,7.0,0.0,0.0,234.0,74.0,1.0,14.0,31.0,18.0,,0.948,Little Rock Grays,Crump Park,,,,LRG,,LRS
1932,NSL,LVB,LVB,,9,40,16.0,12,27,,,,,64.0,518.0,129.0,15.0,11.0,0.0,42.0,0.0,13.0,,1.0,,83.0,70.0,4.68,11.0,0.0,0.0,404.0,141.0,3.0,36.0,64.0,23.0,,0.963,Louisville Black Caps,Parkway Field,,,,LVB,,LS4
1932,NSL,MGS,MGS,,4,47,35.0,22,24,,,,,126.0,794.0,200.0,17.0,11.0,1.0,49.0,24.0,9.0,,2.0,,99.0,79.0,3.51,16.0,1.0,1.0,608.0,194.0,1.0,64.0,77.0,47.0,,0.949,Montgomery Grey Sox,College Hill Park,,,,MGS,,MTG
1932,NSL,MRM,MRM,,2,48,23.0,34,14,,,,,268.0,1730.0,472.0,63.0,28.0,14.0,129.0,12.0,48.0,,22.0,,160.0,132.0,2.66,30.0,9.0,5.0,1338.0,353.0,2.0,138.0,234.0,80.0,,0.959,Monroe Monarchs,Casino Park,,,,MRM,,MNR
1932,NSL,MRS,MRS,,5,50,16.0,23,27,,,,,177.0,1312.0,321.0,35.0,25.0,4.0,110.0,,45.0,,10.0,,194.0,150.0,3.93,25.0,2.0,1.0,1030.0,377.0,12.0,100.0,143.0,88.0,,0.943,Memphis Red Sox,Lewis Park,,,,MRS,,MEM
1932,IND,NBY,NBY,,4,32,5.0,17,14,,,,,164.0,975.0,279.0,46.0,17.0,8.0,79.0,4.0,27.0,,6.0,,163.0,134.0,4.88,22.0,3.0,1.0,742.0,281.0,11.0,70.0,138.0,41.0,,0.962,New York Black Yankees,Dyckman Oval,,,,NBY,,NY5
1932,NSL,NEG,BEG,,3,46,20.0,24,22,,,,,135.0,1169.0,296.0,37.0,16.0,6.0,65.0,0.0,29.0,,16.0,,146.0,126.0,3.84,27.0,2.0,0.0,887.0,293.0,5.0,59.0,134.0,45.0,,0.966,Nashville Elite Giants,Wilson Park,,,,NEG,,NSH
1932,EWL,NWB,NWB,,8,4,1.0,0,4,,,,,17.0,124.0,21.0,1.0,0.0,2.0,17.0,,1.0,,0.0,,44.0,38.0,10.36,2.0,0.0,0.0,99.0,60.0,3.0,13.0,16.0,13.0,,0.912,Newark Browns,General Electric Field,,,,NWB,,NWW
1932,NL,NY1,SFG,,6,154,77.0,72,82,,,N,N,755.0,5530.0,1527.0,263.0,54.0,116.0,348.0,391.0,31.0,,,,706.0,585.0,3.83,57.0,3.0,16.0,4125.0,1533.0,112.0,387.0,506.0,191.0,143.0,0.969,New York Giants,Polo Grounds IV,484868.0,98.0,96.0,NYG,NY1,NY1
1932,AL,NYA,NYY,,1,156,77.0,107,47,,,Y,Y,1002.0,5477.0,1564.0,279.0,82.0,160.0,766.0,527.0,77.0,66.0,,,724.0,623.0,3.98,96.0,11.0,15.0,4224.0,1425.0,93.0,561.0,780.0,190.0,124.0,0.969,New York Yankees,Yankee Stadium I,962320.0,96.0,92.0,NYY,NYA,NYA
1932,IND,PC,PC,,3,93,35.0,55,36,,,,,407.0,2449.0,695.0,109.0,43.0,32.0,210.0,2.0,49.0,,16.0,,331.0,269.0,3.79,51.0,4.0,4.0,1917.0,641.0,17.0,204.0,365.0,84.0,,0.97,Pittsburgh Crawfords,Greenlee Field,,,,PC,,PTC
1932,AL,PHA,OAK,,2,154,77.0,94,60,,,N,N,981.0,5537.0,1606.0,303.0,52.0,172.0,647.0,630.0,38.0,23.0,,,752.0,685.0,4.45,95.0,10.0,10.0,4158.0,1477.0,112.0,511.0,595.0,123.0,142.0,0.98,Philadelphia Athletics,Shibe Park,405500.0,104.0,101.0,PHA,PHA,PHA
1932,NL,PHI,PHI,,4,154,77.0,78,76,,,N,N,844.0,5510.0,1608.0,330.0,67.0,122.0,446.0,547.0,71.0,,,,796.0,687.0,4.47,59.0,4.0,17.0,4152.0,1589.0,107.0,450.0,459.0,194.0,133.0,0.968,Philadelphia Phillies,Baker Bowl,268914.0,112.0,114.0,PHI,PHI,PHI
1932,NL,PIT,PIT,,2,154,76.0,86,68,,,N,N,701.0,5421.0,1543.0,274.0,90.0,48.0,358.0,385.0,71.0,,,,711.0,574.0,3.75,71.0,12.0,12.0,4131.0,1472.0,86.0,338.0,377.0,185.0,124.0,0.969,Pittsburgh Pirates,Forbes Field,287262.0,97.0,97.0,PIT,PIT,PIT
1932,AL,SLA,BAL,,6,154,75.0,63,91,,,N,N,736.0,5449.0,1502.0,274.0,69.0,67.0,507.0,528.0,69.0,62.0,,,898.0,766.0,5.01,63.0,7.0,11.0,4128.0,1592.0,103.0,574.0,496.0,187.0,156.0,0.969,St. Louis Browns,Sportsman's Park IV,112558.0,105.0,108.0,SLB,SLA,SLA
1932,NL,SLN,STL,,6,156,79.0,72,82,,,N,N,684.0,5458.0,1467.0,307.0,51.0,76.0,420.0,514.0,92.0,,,,717.0,616.0,3.97,70.0,13.0,9.0,4188.0,1533.0,76.0,455.0,681.0,168.0,155.0,0.972,St. Louis Cardinals,Sportsman's Park IV,279219.0,104.0,102.0,STL,SLN,SLN
1932,EWL,WAP,WAP,,6,34,11.0,12,22,,,,,310.0,1962.0,564.0,73.0,35.0,18.0,188.0,10.0,62.0,,10.0,,341.0,269.0,4.82,39.0,4.0,0.0,1506.0,572.0,22.0,174.0,261.0,104.0,,0.954,Washington Pilots,Griffith Stadium,,,,WAP,,WSW
1932,AL,WS1,MIN,,3,154,77.0,93,61,,,N,N,840.0,5515.0,1565.0,303.0,100.0,61.0,505.0,442.0,70.0,47.0,,,716.0,639.0,4.16,66.0,11.0,22.0,4149.0,1463.0,73.0,526.0,437.0,125.0,157.0,0.979,Washington Senators,Griffith Stadium I,371396.0,99.0,96.0,WSH,WS1,WS1
1933,NN2,ACG,ACG,,7,11,5.0,3,8,,,,,33.0,336.0,86.0,18.0,8.0,2.0,31.0,,3.0,,2.0,,63.0,50.0,5.23,8.0,2.0,0.0,258.0,107.0,6.0,27.0,54.0,28.0,,0.927,Akron Grays / Cleveland Giants,League Park II,,,,ACG,,AKR
1933,AL,BOS,BOS,,7,149,72.0,63,86,,,N,N,700.0,5201.0,1407.0,294.0,56.0,50.0,525.0,464.0,58.0,37.0,,,758.0,641.0,4.35,60.0,4.0,14.0,3981.0,1396.0,75.0,591.0,467.0,206.0,133.0,0.965,Boston Red Sox,Fenway Park I,268715.0,103.0,103.0,BOS,BOS,BOS
1933,NL,BRO,LAD,,6,157,80.0,65,88,,,N,N,617.0,5367.0,1413.0,224.0,51.0,62.0,397.0,453.0,82.0,,,,695.0,574.0,3.73,71.0,9.0,10.0,4158.0,1502.0,51.0,374.0,415.0,177.0,120.0,0.971,Brooklyn Dodgers,Ebbets Field,526815.0,96.0,96.0,BRO,BRO,BRO
1933,NL,BSN,ATL,,4,156,77.0,83,71,,,N,N,552.0,5243.0,1320.0,217.0,56.0,54.0,326.0,428.0,25.0,,,,531.0,461.0,2.96,85.0,15.0,16.0,4209.0,1391.0,54.0,355.0,383.0,130.0,148.0,0.978,Boston Braves,Braves Field,517803.0,92.0,92.0,BSN,BSN,BSN
1933,NN2,CAG,CAG,,2,53,17.0,37,16,,,,,270.0,1448.0,414.0,76.0,30.0,22.0,124.0,,30.0,,11.0,,218.0,172.0,4.41,24.0,2.0,1.0,1052.0,378.0,10.0,106.0,192.0,73.0,,0.953,Chicago American Giants,Perry Stadium,,,,CAG,,CAG
1933,NN2,CBB,CBB,,6,40,28.0,15,25,,,,,129.0,930.0,254.0,40.0,15.0,16.0,68.0,1.0,15.0,,7.0,,169.0,136.0,5.11,17.0,1.0,1.0,718.0,269.0,10.0,53.0,92.0,54.0,,0.951,Columbus Blue Birds,Neil Park II,,,,CBB,,CB2
1933,AL,CHA,CHW,,6,151,77.0,67,83,,,N,N,683.0,5318.0,1448.0,231.0,53.0,43.0,538.0,416.0,43.0,46.0,,,814.0,678.0,4.45,53.0,8.0,13.0,4113.0,1505.0,85.0,519.0,423.0,186.0,143.0,0.97,Chicago White Sox,Comiskey Park,397789.0,95.0,98.0,CHW,CHA,CHA
1933,NL,CHN,CHC,,3,154,79.0,86,68,,,N,N,646.0,5255.0,1422.0,256.0,51.0,72.0,392.0,475.0,52.0,,,,536.0,443.0,2.93,95.0,16.0,9.0,4086.0,1316.0,51.0,413.0,488.0,168.0,163.0,0.973,Chicago Cubs,Wrigley Field,594112.0,100.0,99.0,CHC,CHN,CHN
1933,NL,CIN,CIN,,8,153,79.0,58,94,,,N,N,496.0,5156.0,1267.0,208.0,37.0,34.0,349.0,354.0,30.0,,,,643.0,514.0,3.42,74.0,13.0,8.0,4056.0,1470.0,47.0,257.0,310.0,177.0,139.0,0.971,Cincinnati Reds,Crosley Field,218281.0,97.0,101.0,CIN,CIN,CIN
1933,AL,CLE,CLE,,4,151,77.0,75,76,,,N,N,654.0,5240.0,1366.0,218.0,77.0,50.0,448.0,426.0,36.0,40.0,,,669.0,556.0,3.71,74.0,12.0,7.0,4050.0,1382.0,60.0,465.0,437.0,157.0,127.0,0.974,Cleveland Indians,League Park II/Cleveland Stadium,387936.0,106.0,106.0,CLE,CLE,CLE
1933,AL,DET,DET,,5,155,78.0,75,79,,,N,N,722.0,5502.0,1479.0,283.0,78.0,57.0,475.0,523.0,68.0,50.0,,,733.0,614.0,3.95,69.0,6.0,17.0,4194.0,1415.0,84.0,561.0,575.0,178.0,167.0,0.971,Detroit Tigers,Navin Field,320972.0,102.0,101.0,DET,DET,DET
1933,NN2,HG,HG,,8,17,7.0,4,12,,,,,105.0,779.0,223.0,47.0,16.0,8.0,46.0,,5.0,,4.0,,110.0,74.0,3.33,12.0,0.0,1.0,600.0,219.0,7.0,55.0,98.0,61.0,,0.935,Homestead Grays,Greenlee Field,,,,HG,,HOM
1933,NN2,ID,AB2,,5,41,27.0,16,25,,,,,132.0,1146.0,296.0,42.0,18.0,2.0,64.0,,30.0,1.0,9.0,,224.0,181.0,5.54,21.0,2.0,0.0,882.0,352.0,18.0,97.0,150.0,77.0,,0.941,Indianapolis ABCs/Detroit Stars,Perry Stadium,,,,ID,,DI1
1933,IND,KCM,KCM,,2,6,6.0,4,2,,,,,32.0,184.0,57.0,10.0,6.0,1.0,10.0,,18.0,,1.0,,21.0,17.0,3.19,4.0,0.0,0.0,144.0,55.0,1.0,11.0,25.0,4.0,,0.981,Kansas City Monarchs,Muehlebach Field,,,,KCM,,KCM
1933,IND,NBY,NBY,,4,19,6.0,10,9,,,,,77.0,543.0,152.0,27.0,4.0,5.0,43.0,1.0,9.0,,1.0,,85.0,67.0,4.34,6.0,0.0,2.0,417.0,152.0,8.0,47.0,78.0,35.0,,0.944,New York Black Yankees,Hinchliffe Stadium,,,,NBY,,NY5
1933,NN2,NEG,BEG,,3,39,16.0,20,18,,,,,152.0,1178.0,298.0,44.0,11.0,5.0,75.0,0.0,16.0,,16.0,,145.0,111.0,3.29,29.0,0.0,0.0,912.0,299.0,14.0,69.0,131.0,65.0,,0.952,Nashville Elite Giants,Wilson Park,,,,NEG,,NSH
1933,NL,NY1,SFG,,1,156,77.0,91,61,,,Y,Y,636.0,5461.0,1437.0,204.0,41.0,82.0,377.0,477.0,31.0,,,,515.0,424.0,2.71,75.0,23.0,15.0,4224.0,1280.0,61.0,400.0,555.0,178.0,156.0,0.973,New York Giants,Polo Grounds IV,604471.0,99.0,97.0,NYG,NY1,NY1
1933,AL,NYA,NYY,,2,152,75.0,91,59,,,N,N,927.0,5274.0,1495.0,241.0,75.0,144.0,700.0,506.0,76.0,59.0,,,768.0,656.0,4.36,70.0,8.0,22.0,4062.0,1426.0,66.0,612.0,711.0,164.0,122.0,0.972,New York Yankees,Yankee Stadium I,728014.0,95.0,91.0,NYY,NYA,NYA
1933,NN2,PC,PC,,1,55,33.0,34,21,,,Y,,417.0,2486.0,706.0,102.0,41.0,40.0,192.0,,56.0,,11.0,,321.0,261.0,3.68,51.0,5.0,2.0,1914.0,618.0,23.0,184.0,431.0,109.0,,0.961,Pittsburgh Crawfords,Greenlee Field,,,,PC,,PTC
1933,AL,PHA,OAK,,3,152,76.0,79,72,,,N,N,875.0,5330.0,1519.0,298.0,56.0,139.0,625.0,618.0,34.0,34.0,,,853.0,718.0,4.81,69.0,6.0,14.0,4029.0,1523.0,77.0,644.0,423.0,203.0,121.0,0.966,Philadelphia Athletics,Shibe Park,297138.0,101.0,100.0,PHA,PHA,PHA
1933,NL,PHI,PHI,,7,152,72.0,60,92,,,N,N,607.0,5261.0,1439.0,240.0,41.0,60.0,381.0,479.0,55.0,,,,760.0,644.0,4.34,52.0,10.0,13.0,4008.0,1563.0,87.0,410.0,341.0,183.0,156.0,0.97,Philadelphia Phillies,Baker Bowl,156421.0,112.0,114.0,PHI,PHI,PHI
1933,NL,PIT,PIT,,2,154,77.0,87,67,,,N,N,667.0,5429.0,1548.0,249.0,84.0,39.0,366.0,334.0,34.0,,,,619.0,499.0,3.27,70.0,16.0,12.0,4119.0,1417.0,54.0,313.0,401.0,166.0,133.0,0.972,Pittsburgh Pirates,Forbes Field,288747.0,100.0,99.0,PIT,PIT,PIT
1933,IND,PS,PS,,3,35,14.0,22,13,,,,,168.0,995.0,267.0,48.0,8.0,14.0,107.0,4.0,13.0,1.0,8.0,,128.0,107.0,3.65,20.0,2.0,1.0,792.0,272.0,11.0,69.0,127.0,44.0,,0.962,Philadelphia Stars,Hilldale Park,,,,PS,,PH5
1933,AL,SLA,BAL,,8,153,77.0,55,96,,,N,N,669.0,5285.0,1337.0,244.0,64.0,64.0,520.0,556.0,72.0,60.0,,,820.0,728.0,4.82,55.0,7.0,10.0,4080.0,1574.0,96.0,531.0,426.0,150.0,162.0,0.975,St. Louis Browns,Sportsman's Park IV,88113.0,106.0,108.0,SLB,SLA,SLA
1933,NL,SLN,STL,,5,154,77.0,82,71,,,N,N,687.0,5387.0,1486.0,256.0,61.0,57.0,391.0,528.0,99.0,,,,609.0,517.0,3.37,73.0,11.0,16.0,4146.0,1391.0,55.0,452.0,635.0,160.0,119.0,0.973,St. Louis Cardinals,Sportsman's Park IV,256171.0,106.0,105.0,STL,SLN,SLN
1933,NN2,SOX,BBS,,4,30,11.0,13,17,,,,,220.0,1242.0,333.0,47.0,30.0,17.0,79.0,0.0,40.0,1.0,12.0,,220.0,179.0,5.07,26.0,1.0,1.0,954.0,346.0,19.0,105.0,151.0,65.0,,0.953,Baltimore Sox,Bugle Field,,,,SOX,,BLS
1933,AL,WS1,MIN,,1,153,76.0,99,53,,,Y,N,850.0,5524.0,1586.0,281.0,86.0,60.0,539.0,395.0,65.0,50.0,,,665.0,590.0,3.82,68.0,5.0,26.0,4167.0,1415.0,64.0,452.0,447.0,133.0,149.0,0.978,Washington Senators,Griffith Stadium I,437533.0,99.0,98.0,WSH,WS1,WS1
1934,NN2,BBS,BBS,,6,11,,3,8,,,,,37.0,210.0,65.0,7.0,2.0,1.0,18.0,1.0,5.0,,2.0,,56.0,54.0,9.72,1.0,0.0,0.0,150.0,75.0,5.0,19.0,24.0,6.0,,0.972,Baltimore Black Sox,Bugle Field,,,,BBS,,BLS
1934,AL,BOS,BOS,,4,153,77.0,76,76,,,N,N,820.0,5339.0,1465.0,287.0,70.0,51.0,610.0,535.0,116.0,47.0,,,775.0,653.0,4.32,68.0,9.0,9.0,4083.0,1527.0,70.0,543.0,538.0,189.0,141.0,0.969,Boston Red Sox,Fenway Park II,610640.0,105.0,105.0,BOS,BOS,BOS
1934,NL,BRO,LAD,,6,153,77.0,71,81,,,N,N,748.0,5427.0,1526.0,284.0,52.0,79.0,548.0,555.0,55.0,,,,795.0,674.0,4.48,66.0,6.0,12.0,4062.0,1540.0,81.0,475.0,520.0,180.0,141.0,0.97,Brooklyn Dodgers,Ebbets Field,434188.0,95.0,96.0,BRO,BRO,BRO
1934,NL,BSN,ATL,,4,152,75.0,78,73,,,N,N,683.0,5370.0,1460.0,233.0,44.0,83.0,375.0,440.0,30.0,,,,714.0,621.0,4.11,62.0,12.0,20.0,4077.0,1512.0,78.0,405.0,462.0,169.0,120.0,0.972,Boston Braves,Braves Field,303205.0,92.0,94.0,BSN,BSN,BSN
1934,NN2,CAG,CAG,,3,48,,27,19,,,,,191.0,1312.0,344.0,49.0,24.0,12.0,98.0,8.0,22.0,,2.0,,203.0,180.0,4.83,27.0,3.0,1.0,1007.0,350.0,17.0,117.0,165.0,45.0,,0.971,Chicago American Giants,Cole's Park,,,,CAG,,CAG
1934,AL,CHA,CHW,,8,153,75.0,53,99,,,N,N,704.0,5301.0,1395.0,237.0,40.0,71.0,565.0,524.0,36.0,27.0,,,946.0,815.0,5.41,72.0,5.0,8.0,4065.0,1599.0,139.0,628.0,506.0,207.0,126.0,0.966,Chicago White Sox,Comiskey Park,236559.0,103.0,105.0,CHW,CHA,CHA
1934,NL,CHN,CHC,,3,152,77.0,86,65,,,N,N,705.0,5347.0,1494.0,263.0,44.0,101.0,375.0,630.0,59.0,,,,639.0,569.0,3.76,73.0,11.0,9.0,4083.0,1432.0,80.0,417.0,633.0,137.0,135.0,0.977,Chicago Cubs,Wrigley Field,707525.0,99.0,96.0,CHC,CHN,CHN
1934,NL,CIN,CIN,,8,152,78.0,52,99,,,N,N,590.0,5361.0,1428.0,227.0,65.0,55.0,313.0,532.0,34.0,,,,801.0,654.0,4.37,51.0,3.0,19.0,4041.0,1645.0,61.0,389.0,438.0,181.0,136.0,0.97,Cincinnati Reds,Crosley Field,206773.0,96.0,100.0,CIN,CIN,CIN
1934,AL,CLE,CLE,,3,154,78.0,85,69,,,N,N,814.0,5396.0,1550.0,340.0,46.0,100.0,526.0,433.0,52.0,32.0,,,763.0,650.0,4.28,72.0,8.0,19.0,4101.0,1476.0,70.0,582.0,554.0,170.0,164.0,0.972,Cleveland Indians,League Park II/Cleveland Stadium,391338.0,101.0,100.0,CLE,CLE,CLE
1934,NN2,CRS,CRS,,8,25,,3,22,,,,,71.0,706.0,166.0,21.0,7.0,2.0,48.0,,7.0,,4.0,,169.0,151.0,7.59,10.0,0.0,0.0,537.0,265.0,7.0,62.0,64.0,37.0,,0.955,Cleveland Red Sox,League Park II,,,,CRS,,CV8
1934,AL,DET,DET,,1,154,80.0,101,53,,,Y,N,958.0,5475.0,1644.0,349.0,53.0,74.0,639.0,528.0,125.0,55.0,,,708.0,618.0,4.06,74.0,13.0,14.0,4110.0,1467.0,86.0,488.0,640.0,156.0,150.0,0.974,Detroit Tigers,Navin Field,919161.0,100.0,98.0,DET,DET,DET
1934,IND,HG,HG,,1,31,,17,13,,,,,103.0,661.0,173.0,24.0,7.0,16.0,48.0,8.0,7.0,,0.0,,93.0,82.0,4.27,12.0,2.0,0.0,518.0,178.0,6.0,55.0,81.0,26.0,,0.966,Homestead Grays,Greenlee Field,,,,HG,,HOM
1934,IND,KCM,KCM,,3,9,,3,6,,,,,26.0,236.0,55.0,12.0,3.0,0.0,17.0,,8.0,,0.0,,28.0,21.0,3.26,4.0,0.0,2.0,174.0,67.0,2.0,11.0,26.0,7.0,,0.974,Kansas City Monarchs,Muehlebach Field,,,,KCM,,KCM
1934,IND,NBY,NBY,,2,26,,11,15,,,,,95.0,693.0,187.0,39.0,6.0,11.0,63.0,,12.0,,3.0,,72.0,58.0,2.91,16.0,2.0,1.0,539.0,141.0,3.0,60.0,114.0,31.0,,0.962,New York Black Yankees,Hinchliffe Stadium,,,,NBY,,NY5
1934,NN2,ND,ND,,4,33,,16,16,,,,,192.0,1027.0,338.0,54.0,17.0,5.0,93.0,10.0,11.0,2.0,3.0,,201.0,182.0,6.42,14.0,0.0,1.0,765.0,317.0,12.0,97.0,135.0,40.0,,0.966,Newark Dodgers,General Electric Field,,,,ND,,NW1
1934,NN2,NEG,BEG,,5,41,,17,23,,,,,197.0,1317.0,376.0,40.0,13.0,12.0,90.0,2.0,36.0,,8.0,,189.0,165.0,4.56,22.0,2.0,0.0,976.0,333.0,9.0,125.0,193.0,57.0,,0.96,Nashville Elite Giants,Wilson Park,,,,NEG,,NSH
1934,NL,NY1,SFG,,2,153,75.0,93,60,,,N,N,760.0,5396.0,1485.0,240.0,41.0,126.0,406.0,526.0,19.0,,,,583.0,486.0,3.19,68.0,13.0,30.0,4110.0,1384.0,75.0,351.0,499.0,179.0,141.0,0.972,New York Giants,Polo Grounds IV,730851.0,98.0,96.0,NYG,NY1,NY1
1934,AL,NYA,NYY,,2,154,77.0,94,60,,,N,N,842.0,5368.0,1494.0,226.0,61.0,135.0,700.0,597.0,71.0,46.0,,,669.0,577.0,3.76,83.0,13.0,10.0,4146.0,1349.0,71.0,542.0,656.0,160.0,151.0,0.973,New York Yankees,Yankee Stadium I,854682.0,94.0,91.0,NYY,NYA,NYA
1934,NN2,PBG,PBG,,7,25,,5,20,,,,,72.0,587.0,142.0,22.0,3.0,3.0,46.0,7.0,6.0,,2.0,,104.0,96.0,5.81,10.0,1.0,2.0,446.0,178.0,9.0,67.0,51.0,19.0,,0.972,Philadelphia Bacharach Giants,Passon Field,,,,PBG,,PH6
1934,NN2,PC,PC,,2,67,,40,26,,,,,367.0,2318.0,659.0,102.0,28.0,33.0,216.0,17.0,52.0,,12.0,,295.0,241.0,3.57,50.0,8.0,2.0,1823.0,608.0,16.0,176.0,384.0,97.0,,0.964,Pittsburgh Crawfords,Greenlee Field,,,,PC,,PTC
1934,AL,PHA,OAK,,5,153,76.0,68,82,,,N,N,764.0,5317.0,1491.0,236.0,50.0,144.0,491.0,584.0,57.0,35.0,,,838.0,744.0,5.01,68.0,8.0,8.0,4011.0,1429.0,84.0,693.0,480.0,196.0,166.0,0.967,Philadelphia Athletics,Shibe Park,305847.0,96.0,98.0,PHA,PHA,PHA
1934,NL,PHI,PHI,,7,149,71.0,56,93,,,N,N,675.0,5218.0,1480.0,286.0,35.0,56.0,398.0,534.0,52.0,,,,794.0,686.0,4.76,52.0,8.0,15.0,3891.0,1501.0,126.0,437.0,416.0,197.0,140.0,0.966,Philadelphia Phillies,Baker Bowl,169885.0,113.0,116.0,PHI,PHI,PHI
1934,NL,PIT,PIT,,5,151,78.0,74,76,,,N,N,735.0,5361.0,1541.0,281.0,77.0,52.0,440.0,398.0,44.0,,,,713.0,620.0,4.2,63.0,8.0,8.0,3987.0,1523.0,78.0,354.0,487.0,145.0,118.0,0.975,Pittsburgh Pirates,Forbes Field,322622.0,103.0,102.0,PIT,PIT,PIT
1934,NN2,PS,PS,,1,54,,38,15,,,Y,,318.0,2289.0,577.0,87.0,23.0,17.0,212.0,25.0,26.0,2.0,9.0,,231.0,195.0,2.83,57.0,12.0,3.0,1860.0,528.0,20.0,169.0,354.0,81.0,,0.97,Philadelphia Stars,Passon Field,,,,PS,,PH5
1934,AL,SLA,BAL,,6,154,76.0,67,85,,,N,N,674.0,5288.0,1417.0,252.0,59.0,62.0,514.0,631.0,43.0,31.0,,,800.0,674.0,4.49,50.0,6.0,20.0,4050.0,1499.0,94.0,632.0,499.0,187.0,160.0,0.969,St. Louis Browns,Sportsman's Park IV,115305.0,107.0,110.0,SLB,SLA,SLA
1934,NL,SLN,STL,,1,154,77.0,95,58,,,Y,Y,799.0,5502.0,1582.0,294.0,75.0,104.0,392.0,535.0,69.0,,,,656.0,568.0,3.69,78.0,15.0,16.0,4158.0,1463.0,77.0,411.0,689.0,166.0,141.0,0.972,St. Louis Cardinals,Sportsman's Park IV,325056.0,107.0,104.0,STL,SLN,SLN
1934,AL,WS1,MIN,,7,155,76.0,66,86,,,N,N,729.0,5448.0,1512.0,278.0,70.0,51.0,570.0,447.0,47.0,42.0,,,806.0,718.0,4.68,61.0,4.0,12.0,4143.0,1622.0,74.0,503.0,412.0,161.0,167.0,0.974,Washington Senators,Griffith Stadium I,330074.0,96.0,96.0,WSH,WS1,WS1
1935,NN2,BE,NE,,5,63,26.0,32,31,,,,,326.0,1848.0,540.0,89.0,17.0,22.0,181.0,13.0,71.0,,5.0,,322.0,268.0,5.34,35.0,3.0,4.0,1355.0,539.0,32.0,167.0,207.0,76.0,,0.962,Brooklyn Eagles,Ebbets Field,,,,BE,,BRN
1935,AL,BOS,BOS,,4,154,79.0,78,75,,,N,N,718.0,5288.0,1458.0,281.0,63.0,69.0,609.0,470.0,91.0,59.0,,,732.0,619.0,4.05,82.0,6.0,11.0,4128.0,1520.0,67.0,520.0,470.0,190.0,136.0,0.969,Boston Red Sox,Fenway Park II,558568.0,107.0,106.0,BOS,BOS,BOS
1935,NL,BRO,LAD,,5,154,77.0,70,83,,,N,N,711.0,5410.0,1496.0,235.0,62.0,59.0,430.0,520.0,60.0,,,,767.0,637.0,4.22,62.0,11.0,20.0,4074.0,1519.0,88.0,436.0,480.0,188.0,146.0,0.969,Brooklyn Dodgers,Ebbets Field,470517.0,98.0,99.0,BRO,BRO,BRO
1935,NL,BSN,ATL,,8,153,75.0,38,115,,,N,N,575.0,5309.0,1396.0,233.0,33.0,75.0,353.0,436.0,20.0,,,,852.0,729.0,4.93,54.0,6.0,5.0,3990.0,1645.0,81.0,404.0,355.0,197.0,101.0,0.967,Boston Braves,Braves Field,232754.0,92.0,94.0,BSN,BSN,BSN
1935,NN2,CAG,CAG,,6,56,25.0,24,31,,,,,284.0,1658.0,469.0,65.0,25.0,34.0,162.0,12.0,33.0,0.0,15.0,,301.0,245.0,5.37,23.0,3.0,3.0,1231.0,502.0,25.0,175.0,181.0,90.0,,0.952,Chicago American Giants,Cole's Park,,,,CAG,,CAG
1935,NN2,CEG,BEG,,4,54,24.0,28,24,,,,,193.0,1108.0,326.0,51.0,21.0,20.0,107.0,11.0,11.0,,6.0,,153.0,120.0,4.0,18.0,2.0,2.0,809.0,264.0,18.0,77.0,129.0,62.0,,0.95,Columbus Elite Giants,Neil Park,,,,CEG,,CB3
1935,AL,CHA,CHW,,5,153,77.0,74,78,,,N,N,738.0,5314.0,1460.0,262.0,42.0,74.0,580.0,405.0,46.0,28.0,,,750.0,662.0,4.38,80.0,8.0,8.0,4080.0,1443.0,105.0,574.0,436.0,145.0,133.0,0.976,Chicago White Sox,Comiskey Park,470281.0,102.0,103.0,CHW,CHA,CHA
1935,NL,CHN,CHC,,1,154,77.0,100,54,,,Y,N,847.0,5486.0,1581.0,303.0,62.0,88.0,464.0,471.0,66.0,,,,597.0,505.0,3.26,81.0,12.0,14.0,4182.0,1417.0,85.0,400.0,589.0,186.0,163.0,0.97,Chicago Cubs,Wrigley Field,692604.0,101.0,98.0,CHC,CHN,CHN
1935,NL,CIN,CIN,,6,154,76.0,68,85,,,N,N,646.0,5296.0,1403.0,244.0,68.0,73.0,392.0,547.0,72.0,,,,772.0,648.0,4.3,59.0,9.0,13.0,4068.0,1490.0,65.0,438.0,500.0,204.0,139.0,0.966,Cincinnati Reds,Crosley Field,448247.0,96.0,98.0,CIN,CIN,CIN
1935,AL,CLE,CLE,,3,156,77.0,82,71,,,N,N,776.0,5534.0,1573.0,324.0,77.0,93.0,460.0,567.0,63.0,54.0,,,739.0,644.0,4.15,67.0,12.0,21.0,4188.0,1527.0,68.0,457.0,498.0,174.0,147.0,0.972,Cleveland Indians,League Park II/Cleveland Stadium,397615.0,102.0,102.0,CLE,CLE,CLE
1935,AL,DET,DET,,1,152,79.0,93,58,,,Y,Y,919.0,5423.0,1573.0,301.0,83.0,106.0,627.0,456.0,70.0,45.0,,,665.0,579.0,3.82,87.0,16.0,11.0,4092.0,1440.0,78.0,522.0,584.0,126.0,154.0,0.979,Detroit Tigers,Navin Field,1034929.0,96.0,93.0,DET,DET,DET
1935,NN2,HG,HG,,7,61,11.0,25,34,,,,,317.0,1579.0,477.0,109.0,29.0,34.0,159.0,20.0,31.0,0.0,12.0,,297.0,238.0,5.62,27.0,1.0,4.0,1143.0,470.0,29.0,172.0,190.0,78.0,,0.954,Homestead Grays,Greenlee Field,,,,HG,,HOM
1935,IND,KCM,KCM,,2,16,4.0,8,6,,,,,58.0,438.0,118.0,20.0,4.0,9.0,36.0,4.0,16.0,1.0,2.0,,59.0,42.0,3.32,6.0,3.0,1.0,342.0,105.0,12.0,22.0,102.0,24.0,,0.952,Kansas City Monarchs,Muehlebach Field,,,,KCM,,KCM
1935,IND,NBY,NBY,,1,12,5.0,7,5,,,,,78.0,426.0,114.0,13.0,5.0,10.0,34.0,1.0,9.0,,5.0,,83.0,66.0,5.4,7.0,1.0,0.0,330.0,130.0,10.0,30.0,83.0,31.0,,0.936,New York Black Yankees,Hinchliffe Stadium,,,,NBY,,NY5
1935,NN2,ND,ND,,8,62,31.0,18,43,,,,,195.0,1302.0,362.0,70.0,18.0,16.0,101.0,9.0,30.0,1.0,7.0,,320.0,270.0,7.45,17.0,0.0,5.0,978.0,451.0,17.0,146.0,142.0,74.0,,0.951,Newark Dodgers,Ollemar Stadium,,,,ND,,NW1
1935,NL,NY1,SFG,,3,156,79.0,91,62,,,N,N,770.0,5623.0,1608.0,248.0,56.0,123.0,392.0,479.0,32.0,,,,675.0,589.0,3.78,76.0,10.0,11.0,4209.0,1433.0,106.0,411.0,524.0,174.0,129.0,0.972,New York Giants,Polo Grounds IV,748748.0,99.0,96.0,NYG,NY1,NY1
1935,AL,NYA,NYY,,2,149,74.0,89,60,,,N,N,818.0,5214.0,1462.0,255.0,70.0,104.0,604.0,469.0,68.0,46.0,,,632.0,532.0,3.6,76.0,12.0,13.0,3993.0,1276.0,91.0,516.0,594.0,151.0,114.0,0.973,New York Yankees,Yankee Stadium I,657508.0,95.0,91.0,NYY,NYA,NYA
1935,NN2,NYC,NYC,,2,56,32.0,29,23,,,,,206.0,1396.0,372.0,75.0,13.0,21.0,132.0,31.0,29.0,0.0,13.0,,201.0,155.0,3.71,19.0,3.0,2.0,1128.0,360.0,16.0,168.0,280.0,76.0,,0.954,New York Cubans,Dyckman Oval,,,,NYC,,NY6
1935,NN2,PC,PC,,1,74,18.0,48,23,,,Y,,370.0,1870.0,573.0,110.0,37.0,31.0,169.0,29.0,52.0,,10.0,,264.0,212.0,4.1,29.0,2.0,5.0,1395.0,497.0,24.0,151.0,240.0,73.0,,0.964,Pittsburgh Crawfords,Greenlee Field,,,,PC,,PTC
1935,AL,PHA,OAK,,8,149,72.0,58,91,,,N,N,710.0,5269.0,1470.0,243.0,44.0,112.0,475.0,602.0,43.0,35.0,,,869.0,754.0,5.12,58.0,7.0,10.0,3978.0,1486.0,73.0,704.0,469.0,189.0,150.0,0.968,Philadelphia Athletics,Shibe Park,233173.0,99.0,102.0,PHA,PHA,PHA
1935,NL,PHI,PHI,,7,156,79.0,64,89,,,N,N,685.0,5442.0,1466.0,249.0,32.0,92.0,392.0,661.0,52.0,,,,871.0,727.0,4.76,53.0,8.0,15.0,4122.0,1652.0,106.0,505.0,475.0,228.0,145.0,0.963,Philadelphia Phillies,Baker Bowl,205470.0,110.0,113.0,PHI,PHI,PHI
1935,NL,PIT,PIT,,4,153,77.0,86,67,,,N,N,743.0,5415.0,1543.0,255.0,90.0,66.0,457.0,437.0,30.0,,,,647.0,519.0,3.42,76.0,15.0,11.0,4095.0,1428.0,63.0,312.0,549.0,190.0,94.0,0.968,Pittsburgh Pirates,Forbes Field,352885.0,103.0,102.0,PIT,PIT,PIT
1935,NN2,PS,PS,,3,68,43.0,35,30,,,,,335.0,1937.0,554.0,80.0,31.0,29.0,198.0,8.0,29.0,,6.0,,363.0,300.0,5.28,31.0,3.0,4.0,1535.0,590.0,43.0,165.0,225.0,100.0,,0.956,Philadelphia Stars,PRR-YMCA Field,,,,PS,,PH5
1935,AL,SLA,BAL,,7,155,76.0,65,87,,,N,N,718.0,5365.0,1446.0,291.0,51.0,73.0,593.0,561.0,45.0,25.0,,,930.0,807.0,5.26,42.0,4.0,15.0,4140.0,1667.0,92.0,641.0,435.0,186.0,138.0,0.97,St. Louis Browns,Sportsman's Park IV,80922.0,104.0,107.0,SLB,SLA,SLA
1935,NL,SLN,STL,,2,154,77.0,96,58,,,N,N,829.0,5457.0,1548.0,286.0,59.0,86.0,404.0,521.0,71.0,,,,625.0,541.0,3.52,73.0,10.0,18.0,4152.0,1445.0,68.0,377.0,602.0,163.0,133.0,0.972,St. Louis Cardinals,Sportsman's Park IV,506084.0,104.0,102.0,STL,SLN,SLN
1935,AL,WS1,MIN,,6,154,77.0,67,86,,,N,N,823.0,5592.0,1591.0,255.0,95.0,32.0,596.0,406.0,54.0,37.0,,,903.0,804.0,5.25,67.0,5.0,12.0,4134.0,1672.0,89.0,613.0,456.0,171.0,186.0,0.972,Washington Senators,Griffith Stadium I,255011.0,97.0,98.0,WSH,WS1,WS1
1936,AL,BOS,BOS,,6,155,77.0,74,80,,,N,N,775.0,5383.0,1485.0,288.0,62.0,86.0,584.0,465.0,55.0,44.0,,,764.0,669.0,4.39,78.0,11.0,9.0,4116.0,1501.0,78.0,552.0,584.0,162.0,139.0,0.973,Boston Red Sox,Fenway Park II,626895.0,106.0,106.0,BOS,BOS,BOS
1936,NL,BRO,LAD,,7,156,79.0,67,87,,,N,N,662.0,5574.0,1518.0,263.0,43.0,33.0,390.0,458.0,55.0,,,,752.0,620.0,3.98,59.0,7.0,18.0,4209.0,1466.0,84.0,528.0,651.0,202.0,107.0,0.967,Brooklyn Dodgers,Ebbets Field,489618.0,101.0,103.0,BRO,BRO,BRO
1936,NL,BSN,ATL,,6,157,79.0,71,83,,,N,N,631.0,5478.0,1450.0,207.0,45.0,67.0,433.0,582.0,23.0,,,,715.0,619.0,3.94,61.0,7.0,13.0,4239.0,1566.0,69.0,451.0,421.0,189.0,175.0,0.971,Boston Bees,Braves Field,340585.0,93.0,95.0,BSN,BSN,BSN
1936,IND,CAG,CAG,,2,23,13.0,11,12,,,,,82.0,581.0,139.0,18.0,10.0,2.0,49.0,,6.0,1.0,8.0,,109.0,92.0,5.75,9.0,1.0,1.0,432.0,190.0,3.0,53.0,85.0,31.0,,0.949,Chicago American Giants,American Giants Park,,,,CAG,,CAG
1936,AL,CHA,CHW,,4,153,75.0,81,70,,,N,N,920.0,5466.0,1597.0,282.0,56.0,60.0,684.0,417.0,66.0,29.0,,,873.0,767.0,5.06,80.0,5.0,8.0,4095.0,1603.0,104.0,578.0,414.0,168.0,174.0,0.973,Chicago White Sox,Comiskey Park,440810.0,104.0,103.0,CHW,CHA,CHA
1936,NL,CHN,CHC,,2,154,77.0,87,67,,,N,N,755.0,5409.0,1545.0,275.0,36.0,76.0,491.0,462.0,68.0,,,,603.0,544.0,3.54,77.0,18.0,10.0,4146.0,1413.0,77.0,434.0,597.0,146.0,156.0,0.976,Chicago Cubs,Wrigley Field,699370.0,103.0,99.0,CHC,CHN,CHN
1936,NL,CIN,CIN,,5,154,76.0,74,80,,,N,N,722.0,5393.0,1476.0,224.0,73.0,82.0,410.0,584.0,68.0,,,,760.0,641.0,4.22,50.0,6.0,23.0,4101.0,1576.0,51.0,418.0,459.0,191.0,150.0,0.969,Cincinnati Reds,Crosley Field,466345.0,93.0,95.0,CIN,CIN,CIN
1936,AL,CLE,CLE,,5,157,81.0,80,74,,,N,N,921.0,5646.0,1715.0,357.0,82.0,123.0,514.0,470.0,66.0,53.0,,,862.0,745.0,4.83,74.0,6.0,12.0,4167.0,1604.0,73.0,607.0,619.0,182.0,154.0,0.97,Cleveland Indians,League Park II/Cleveland Stadium,500391.0,103.0,102.0,CLE,CLE,CLE
1936,AL,DET,DET,,2,154,77.0,83,71,,,N,N,921.0,5464.0,1638.0,326.0,55.0,94.0,640.0,462.0,73.0,49.0,,,871.0,756.0,5.0,76.0,13.0,13.0,4080.0,1568.0,100.0,562.0,526.0,154.0,159.0,0.974,Detroit Tigers,Navin Field,875948.0,100.0,98.0,DET,DET,DET
1936,NN2,HG,HG,,3,52,,27,24,,,,,247.0,1336.0,403.0,68.0,23.0,27.0,135.0,1.0,22.0,0.0,5.0,,228.0,195.0,5.27,19.0,0.0,7.0,1000.0,359.0,16.0,143.0,145.0,60.0,,0.96,Homestead Grays,Forbes Field,,,,HG,,HOM
1936,IND,KCM,KCM,,1,15,6.0,13,2,,,,,86.0,380.0,120.0,18.0,12.0,3.0,28.0,9.0,17.0,,4.0,,38.0,33.0,3.13,5.0,2.0,1.0,285.0,85.0,1.0,32.0,75.0,13.0,,0.968,Kansas City Monarchs,Muehlebach Field,,,,KCM,,KCM
1936,NN2,NBY,NBY,,2,29,,16,12,,,,,190.0,1114.0,312.0,43.0,16.0,20.0,98.0,6.0,36.0,0.0,13.0,,148.0,124.0,3.95,21.0,1.0,1.0,848.0,330.0,14.0,81.0,145.0,51.0,,0.96,New York Black Yankees,Municipal Stadium,,,,NBY,,NY5
1936,NN2,NE,NE,,4,59,,27,31,,,,,167.0,1064.0,281.0,54.0,8.0,24.0,97.0,4.0,16.0,,5.0,,196.0,175.0,6.02,17.0,2.0,1.0,785.0,330.0,19.0,108.0,124.0,46.0,,0.961,Newark Eagles,Ruppert Stadium,,,,NE,,NW2
1936,NL,NY1,SFG,,1,154,78.0,92,62,,,Y,N,742.0,5449.0,1529.0,237.0,48.0,97.0,431.0,452.0,31.0,,,,621.0,532.0,3.46,60.0,12.0,22.0,4155.0,1458.0,75.0,401.0,500.0,168.0,164.0,0.974,New York Giants,Polo Grounds IV,837952.0,100.0,97.0,NYG,NY1,NY1
1936,AL,NYA,NYY,,1,155,77.0,102,51,,,Y,Y,1065.0,5591.0,1676.0,315.0,83.0,182.0,700.0,594.0,77.0,40.0,,,731.0,649.0,4.17,77.0,6.0,21.0,4200.0,1474.0,84.0,663.0,624.0,163.0,148.0,0.973,New York Yankees,Yankee Stadium I,976913.0,97.0,93.0,NYY,NYA,NYA
1936,NN2,NYC,NYC,,5,47,,22,24,,,,,258.0,1494.0,438.0,82.0,15.0,30.0,145.0,5.0,38.0,1.0,12.0,,228.0,194.0,4.48,25.0,2.0,2.0,1170.0,393.0,35.0,154.0,277.0,74.0,,0.958,New York Cubans,Dyckman Oval,,,,NYC,,NY6
1936,NN2,PC,PC,,1,78,,46,30,,,,,358.0,2066.0,593.0,88.0,24.0,33.0,217.0,4.0,38.0,,6.0,,357.0,309.0,5.19,36.0,5.0,4.0,1606.0,600.0,38.0,214.0,254.0,99.0,,0.958,Pittsburgh Crawfords,Greenlee Field,,,,PC,,PTC
1936,AL,PHA,OAK,,8,154,77.0,53,100,,,N,N,714.0,5373.0,1443.0,240.0,60.0,72.0,524.0,590.0,59.0,43.0,,,1045.0,913.0,6.08,68.0,3.0,12.0,4056.0,1645.0,131.0,696.0,405.0,208.0,152.0,0.966,Philadelphia Athletics,Shibe Park,285173.0,97.0,101.0,PHA,PHA,PHA
1936,NL,PHI,PHI,,8,154,78.0,54,100,,,N,N,726.0,5465.0,1538.0,250.0,46.0,103.0,451.0,586.0,50.0,,,,874.0,704.0,4.64,51.0,7.0,14.0,4095.0,1630.0,87.0,515.0,454.0,237.0,144.0,0.959,Philadelphia Phillies,Baker Bowl,249219.0,111.0,114.0,PHI,PHI,PHI
1936,NL,PIT,PIT,,4,156,76.0,84,70,,,N,N,804.0,5586.0,1596.0,283.0,80.0,60.0,517.0,502.0,37.0,,,,718.0,603.0,3.89,67.0,5.0,12.0,4185.0,1475.0,74.0,379.0,559.0,199.0,113.0,0.967,Pittsburgh Pirates,Forbes Field,372524.0,102.0,101.0,PIT,PIT,PIT
1936,NN2,PS,PS,,7,73,,31,41,,,,,291.0,1774.0,515.0,63.0,15.0,35.0,167.0,8.0,10.0,2.0,9.0,,321.0,275.0,5.53,22.0,0.0,3.0,1342.0,501.0,41.0,169.0,208.0,92.0,,0.954,Philadelphia Stars,44th & Parkside,,,,PS,,PH5
1936,AL,SLA,BAL,,7,155,77.0,57,95,,,N,N,804.0,5391.0,1502.0,299.0,66.0,79.0,625.0,627.0,62.0,20.0,,,1064.0,935.0,6.24,54.0,3.0,13.0,4044.0,1776.0,115.0,609.0,399.0,188.0,143.0,0.969,St. Louis Browns,Sportsman's Park IV,93267.0,102.0,106.0,SLB,SLA,SLA
1936,NL,SLN,STL,,2,155,77.0,87,67,,,N,N,795.0,5537.0,1554.0,332.0,60.0,88.0,442.0,577.0,69.0,,,,794.0,694.0,4.47,65.0,5.0,24.0,4194.0,1610.0,89.0,434.0,559.0,154.0,134.0,0.974,St. Louis Cardinals,Sportsman's Park IV,448078.0,99.0,98.0,STL,SLN,SLN
1936,NN2,WEG,BEG,,6,58,,25,32,,,,,278.0,1527.0,443.0,54.0,31.0,16.0,163.0,4.0,11.0,,14.0,,258.0,221.0,5.23,19.0,2.0,5.0,1140.0,440.0,14.0,138.0,168.0,74.0,,0.957,Washington Elite Giants,Griffith Stadium,,,,WEG,,WEG
1936,AL,WS1,MIN,,3,153,77.0,82,71,,,N,N,889.0,5433.0,1601.0,293.0,84.0,62.0,576.0,398.0,104.0,42.0,,,799.0,684.0,4.58,78.0,8.0,14.0,4035.0,1484.0,73.0,588.0,462.0,182.0,163.0,0.97,Washington Senators,Griffith Stadium I,379525.0,94.0,95.0,WSH,WS1,WS1
1937,NAL,BBB,BBB,,5,39,18.0,16,23,,,,,187.0,972.0,292.0,42.0,23.0,10.0,70.0,6.0,21.0,,7.0,,184.0,150.0,5.8,19.0,1.0,0.0,698.0,279.0,17.0,76.0,132.0,48.0,,0.952,Birmingham Black Barons,Rickwood Field,,,,BBB,,BIR
1937,AL,BOS,BOS,,5,154,74.0,80,72,,,N,N,821.0,5354.0,1506.0,269.0,64.0,100.0,601.0,557.0,79.0,61.0,,,775.0,680.0,4.48,74.0,6.0,14.0,4098.0,1518.0,92.0,597.0,682.0,175.0,139.0,0.97,Boston Red Sox,Fenway Park II,559659.0,104.0,103.0,BOS,BOS,BOS
1937,NL,BRO,LAD,,6,155,76.0,62,91,,,N,N,616.0,5295.0,1401.0,258.0,53.0,37.0,469.0,583.0,69.0,,,,772.0,625.0,4.13,63.0,5.0,8.0,4086.0,1470.0,68.0,476.0,592.0,216.0,127.0,0.964,Brooklyn Dodgers,Ebbets Field,482481.0,102.0,104.0,BRO,BRO,BRO
1937,NL,BSN,ATL,,5,152,76.0,79,73,,,N,N,579.0,5124.0,1265.0,200.0,41.0,63.0,485.0,707.0,45.0,,,,556.0,486.0,3.22,85.0,16.0,10.0,4077.0,1344.0,60.0,372.0,387.0,157.0,128.0,0.975,Boston Bees,Braves Field,385339.0,91.0,91.0,BSN,BSN,BSN
1937,NAL,CAG,CAG,,3,59,31.0,35,23,,,,,199.0,1470.0,328.0,46.0,23.0,14.0,118.0,47.0,42.0,2.0,28.0,,235.0,174.0,4.02,20.0,7.0,4.0,1168.0,405.0,17.0,139.0,216.0,78.0,,0.957,Chicago American Giants,American Giants Park,,,,CAG,,CAG
1937,AL,CHA,CHW,,3,154,77.0,86,68,,,N,N,780.0,5277.0,1478.0,280.0,76.0,67.0,549.0,447.0,70.0,34.0,,,730.0,626.0,4.17,70.0,15.0,21.0,4053.0,1435.0,115.0,532.0,533.0,174.0,173.0,0.971,Chicago White Sox,Comiskey Park,589245.0,100.0,100.0,CHW,CHA,CHA
1937,NL,CHN,CHC,,2,154,78.0,93,61,,,N,N,811.0,5349.0,1537.0,253.0,74.0,96.0,538.0,496.0,71.0,,,,682.0,609.0,3.97,73.0,11.0,13.0,4143.0,1434.0,91.0,502.0,596.0,151.0,141.0,0.975,Chicago Cubs,Wrigley Field,895020.0,104.0,102.0,CHC,CHN,CHN
1937,NL,CIN,CIN,,8,155,80.0,56,98,,,N,N,612.0,5230.0,1329.0,215.0,59.0,73.0,437.0,586.0,53.0,,,,707.0,595.0,3.94,64.0,10.0,18.0,4074.0,1428.0,38.0,533.0,581.0,208.0,139.0,0.966,Cincinnati Reds,Crosley Field,411221.0,95.0,95.0,CIN,CIN,CIN
1937,AL,CLE,CLE,,4,156,78.0,83,71,,,N,N,817.0,5353.0,1499.0,304.0,76.0,103.0,570.0,551.0,78.0,51.0,,,768.0,665.0,4.39,64.0,4.0,15.0,4092.0,1529.0,61.0,566.0,630.0,157.0,153.0,0.974,Cleveland Indians,League Park II/Cleveland Stadium,564849.0,98.0,97.0,CLE,CLE,CLE
1937,NAL,CT,CT,,2,54,20.0,34,19,,,,,208.0,1350.0,377.0,63.0,31.0,8.0,102.0,4.0,12.0,,4.0,,164.0,115.0,3.02,27.0,3.0,0.0,1029.0,323.0,9.0,68.0,253.0,78.0,,0.949,Cincinnati Tigers,Crosley Field,,,,CT,,CI1
1937,AL,DET,DET,,2,155,77.0,89,65,,,N,N,935.0,5516.0,1611.0,309.0,62.0,150.0,656.0,711.0,89.0,45.0,,,841.0,746.0,4.87,70.0,6.0,11.0,4134.0,1521.0,102.0,635.0,485.0,147.0,149.0,0.976,Detroit Tigers,Navin Field,1072276.0,102.0,101.0,DET,DET,DET
1937,NAL,DTS,DTS,,6,39,12.0,15,24,,,,,114.0,675.0,181.0,16.0,15.0,14.0,62.0,1.0,11.0,0.0,6.0,,166.0,130.0,7.09,10.0,0.0,0.0,495.0,210.0,8.0,82.0,89.0,60.0,,0.922,Detroit Stars,Hamtramck Stadium,,,,DTS,,DT2
1937,NN2,HG,HG,,1,58,4.0,41,17,,,Y,,444.0,1887.0,594.0,104.0,33.0,57.0,190.0,5.0,28.0,1.0,8.0,,250.0,200.0,3.91,27.0,3.0,9.0,1381.0,431.0,19.0,167.0,257.0,74.0,,0.964,Homestead Grays,Greenlee Field,,,,HG,,HOM
1937,NAL,IA,IA,,4,39,22.0,17,21,,,,,124.0,739.0,198.0,42.0,6.0,5.0,68.0,0.0,22.0,,4.0,,131.0,94.0,4.71,11.0,0.0,2.0,539.0,208.0,1.0,62.0,99.0,50.0,,0.941,Indianapolis Athletics,Perry Stadium,,,,IA,,IN6
1937,NAL,KCM,KCM,,1,70,29.0,51,18,,,Y,,357.0,1835.0,518.0,79.0,40.0,22.0,179.0,17.0,100.0,2.0,15.0,,180.0,123.0,2.33,29.0,5.0,7.0,1427.0,390.0,10.0,114.0,350.0,93.0,,0.957,Kansas City Monarchs,Muehlebach Field,,,,KCM,,KCM
1937,NAL,MRS,MRS,,7,42,17.0,14,28,,,,,77.0,685.0,158.0,14.0,9.0,1.0,39.0,3.0,18.0,,3.0,,140.0,102.0,5.51,11.0,0.0,0.0,500.0,202.0,3.0,71.0,88.0,57.0,,0.926,Memphis Red Sox,Martin Park,,,,MRS,,MEM
1937,NN2,NBY,NBY,,5,54,28.0,21,31,,,,,182.0,1197.0,343.0,50.0,13.0,15.0,105.0,1.0,16.0,,3.0,,226.0,184.0,5.52,19.0,1.0,1.0,900.0,384.0,22.0,108.0,154.0,61.0,,0.956,New York Black Yankees,Dyckman Oval,,,,NBY,,NY5
1937,NN2,NE,NE,,2,60,19.0,36,22,,,,,203.0,1082.0,298.0,57.0,22.0,14.0,106.0,,15.0,,4.0,,171.0,143.0,4.7,21.0,2.0,1.0,822.0,301.0,20.0,91.0,134.0,44.0,,0.964,Newark Eagles,Ruppert Stadium,,,,NE,,NW2
1937,NL,NY1,SFG,,1,152,75.0,95,57,,,Y,N,732.0,5329.0,1484.0,251.0,41.0,111.0,412.0,492.0,45.0,,,,602.0,519.0,3.43,67.0,11.0,17.0,4083.0,1341.0,85.0,404.0,653.0,159.0,143.0,0.974,New York Giants,Polo Grounds IV,926887.0,102.0,100.0,NYG,NY1,NY1
1937,AL,NYA,NYY,,1,157,79.0,102,52,,,Y,Y,979.0,5487.0,1554.0,282.0,73.0,174.0,709.0,607.0,60.0,36.0,,,671.0,566.0,3.65,82.0,15.0,21.0,4188.0,1417.0,92.0,506.0,652.0,169.0,134.0,0.972,New York Yankees,Yankee Stadium I,998148.0,102.0,97.0,NYY,NYA,NYA
1937,NN2,PC,PC,,6,50,4.0,18,32,,,,,183.0,1336.0,371.0,61.0,13.0,19.0,87.0,1.0,16.0,,4.0,,278.0,235.0,6.35,20.0,1.0,1.0,1000.0,409.0,27.0,121.0,152.0,56.0,,0.963,Pittsburgh Crawfords,Greenlee Field,,,,PC,,PTC
1937,AL,PHA,OAK,,7,154,79.0,54,97,,,N,N,699.0,5228.0,1398.0,278.0,60.0,94.0,583.0,557.0,95.0,48.0,,,854.0,719.0,4.85,65.0,6.0,9.0,4005.0,1490.0,105.0,613.0,469.0,198.0,150.0,0.967,Philadelphia Athletics,Shibe Park,430738.0,98.0,101.0,PHA,PHA,PHA
1937,NL,PHI,PHI,,7,155,74.0,61,92,,,N,N,724.0,5424.0,1482.0,258.0,37.0,103.0,478.0,640.0,66.0,,,,869.0,770.0,5.05,59.0,6.0,15.0,4119.0,1629.0,116.0,501.0,529.0,184.0,157.0,0.97,Philadelphia Phillies,Baker Bowl,212790.0,109.0,112.0,PHI,PHI,PHI
1937,NL,PIT,PIT,,3,154,78.0,86,68,,,N,N,704.0,5433.0,1550.0,223.0,86.0,47.0,463.0,480.0,32.0,,,,646.0,540.0,3.56,67.0,12.0,17.0,4098.0,1398.0,71.0,428.0,643.0,181.0,135.0,0.97,Pittsburgh Pirates,Forbes Field,459679.0,100.0,98.0,PIT,PIT,PIT
1937,NN2,PS,PS,,3,59,30.0,27,31,,,,,159.0,1140.0,289.0,49.0,9.0,5.0,102.0,4.0,3.0,0.0,4.0,,191.0,164.0,4.9,18.0,2.0,1.0,903.0,342.0,29.0,86.0,142.0,47.0,,0.965,Philadelphia Stars,44th & Parkside,,,,PS,,PH5
1937,NAL,SL2,SL2,,8,36,12.0,5,31,,,,,149.0,896.0,256.0,42.0,24.0,8.0,72.0,18.0,11.0,0.0,8.0,,244.0,189.0,7.99,14.0,0.0,0.0,639.0,319.0,20.0,105.0,86.0,88.0,,0.915,St. Louis Stars,Metropolitan Park,,,,SL2,,SSA
1937,AL,SLA,BAL,,8,156,78.0,46,108,,,N,N,715.0,5510.0,1573.0,327.0,44.0,71.0,514.0,510.0,30.0,27.0,,,1023.0,909.0,6.0,55.0,2.0,8.0,4089.0,1768.0,143.0,653.0,468.0,174.0,166.0,0.972,St. Louis Browns,Sportsman's Park IV,123121.0,100.0,104.0,SLB,SLA,SLA
1937,NL,SLN,STL,,4,157,80.0,81,73,,,N,N,789.0,5476.0,1543.0,264.0,67.0,94.0,385.0,569.0,78.0,,,,733.0,616.0,3.98,81.0,10.0,4.0,4176.0,1546.0,95.0,448.0,571.0,164.0,127.0,0.973,St. Louis Cardinals,Sportsman's Park IV,430811.0,102.0,101.0,STL,SLN,SLN
1937,NN2,WEG,BEG,,4,61,15.0,24,34,,,,,199.0,1239.0,365.0,57.0,23.0,30.0,109.0,0.0,2.0,,4.0,,199.0,169.0,4.97,22.0,0.0,1.0,919.0,338.0,15.0,123.0,162.0,56.0,,0.961,Washington Elite Giants,Griffith Stadium,,,,WEG,,WEG
1937,AL,WS1,MIN,,6,158,80.0,73,80,,,N,N,757.0,5578.0,1559.0,245.0,84.0,47.0,591.0,503.0,61.0,35.0,,,841.0,711.0,4.58,75.0,5.0,14.0,4194.0,1498.0,96.0,671.0,524.0,170.0,181.0,0.972,Washington Senators,Griffith Stadium I,397799.0,95.0,96.0,WSH,WS1,WS1
1938,NAL,AB3,SNH,,6,38,5.0,17,21,,,,,86.0,580.0,146.0,20.0,12.0,6.0,42.0,15.0,24.0,1.0,6.0,,113.0,86.0,5.29,7.0,0.0,2.0,439.0,177.0,5.0,43.0,114.0,36.0,,0.944,Indianapolis ABCs,Perry Stadium,,,,AB3,,IN7
1938,NAL,BBB,BBB,,7,48,14.0,12,36,,,,,104.0,873.0,201.0,20.0,12.0,4.0,73.0,28.0,22.0,2.0,11.0,,171.0,123.0,5.05,13.0,0.0,0.0,658.0,236.0,6.0,110.0,105.0,63.0,,0.938,Birmingham Black Barons,Rickwood Field,,,,BBB,,BIR
1938,NAL,BCA,BCA,,3,54,28.0,28,26,,,,,228.0,1472.0,394.0,49.0,26.0,9.0,112.0,62.0,24.0,2.0,9.0,,236.0,171.0,4.14,19.0,1.0,3.0,1115.0,375.0,14.0,125.0,217.0,105.0,,0.938,Atlanta Black Crackers,Ponce De Leon Park,,,,BCA,,ATN
1938,NN2,BEG,BEG,,4,47,15.0,21,23,,,,,235.0,1232.0,340.0,56.0,18.0,16.0,135.0,9.0,18.0,0.0,8.0,,171.0,149.0,4.28,21.0,0.0,4.0,940.0,322.0,14.0,99.0,146.0,58.0,,0.96,Baltimore Elite Giants,Bugle Field,,,,BEG,,BLG
1938,AL,BOS,BOS,,2,150,75.0,88,61,,,N,N,902.0,5229.0,1566.0,298.0,56.0,98.0,650.0,463.0,55.0,51.0,,,751.0,652.0,4.46,67.0,10.0,15.0,3948.0,1472.0,102.0,528.0,484.0,187.0,172.0,0.968,Boston Red Sox,Fenway Park II,646459.0,105.0,103.0,BOS,BOS,BOS
1938,NL,BRO,LAD,,7,151,74.0,69,80,,,N,N,704.0,5142.0,1322.0,225.0,79.0,61.0,611.0,615.0,66.0,,,,710.0,602.0,4.07,56.0,12.0,14.0,3996.0,1464.0,88.0,446.0,469.0,157.0,148.0,0.973,Brooklyn Dodgers,Ebbets Field,663087.0,103.0,104.0,BRO,BRO,BRO
1938,NL,BSN,ATL,,5,153,75.0,77,75,,,N,N,561.0,5250.0,1311.0,199.0,39.0,54.0,424.0,548.0,49.0,,,,618.0,521.0,3.4,83.0,15.0,12.0,4140.0,1375.0,66.0,465.0,413.0,173.0,136.0,0.972,Boston Bees,Braves Field,341149.0,89.0,90.0,BSN,BSN,BSN
1938,NAL,CAG,CAG,,4,65,38.0,31,32,,,,,191.0,1295.0,323.0,42.0,21.0,13.0,113.0,15.0,38.0,2.0,8.0,,172.0,132.0,3.5,16.0,2.0,4.0,1017.0,341.0,11.0,112.0,191.0,69.0,,0.956,Chicago American Giants,American Giants Park,,,,CAG,,CAG
1938,AL,CHA,CHW,,6,149,73.0,65,83,,,N,N,709.0,5199.0,1439.0,239.0,55.0,67.0,514.0,489.0,56.0,39.0,,,752.0,638.0,4.36,83.0,5.0,9.0,3948.0,1449.0,101.0,550.0,432.0,195.0,155.0,0.967,Chicago White Sox,Comiskey Park,338278.0,103.0,103.0,CHW,CHA,CHA
1938,NL,CHN,CHC,,1,154,77.0,89,63,,,Y,N,713.0,5333.0,1435.0,242.0,70.0,65.0,522.0,476.0,49.0,,,,598.0,523.0,3.37,67.0,16.0,18.0,4188.0,1414.0,71.0,454.0,583.0,135.0,151.0,0.978,Chicago Cubs,Wrigley Field,951640.0,103.0,101.0,CHC,CHN,CHN
1938,NL,CIN,CIN,,4,151,77.0,82,68,,,N,N,723.0,5391.0,1495.0,251.0,57.0,110.0,366.0,518.0,19.0,,,,634.0,548.0,3.62,72.0,11.0,16.0,4086.0,1329.0,75.0,463.0,542.0,169.0,133.0,0.972,Cincinnati Reds,Crosley Field,706756.0,98.0,97.0,CIN,CIN,CIN
1938,AL,CLE,CLE,,3,153,76.0,86,66,,,N,N,847.0,5356.0,1506.0,300.0,89.0,113.0,550.0,605.0,83.0,36.0,,,782.0,692.0,4.6,68.0,5.0,17.0,4059.0,1416.0,100.0,681.0,717.0,152.0,145.0,0.974,Cleveland Indians,League Park II/Cleveland Stadium,652006.0,98.0,97.0,CLE,CLE,CLE
1938,AL,DET,DET,,4,155,79.0,84,70,,,N,N,862.0,5270.0,1434.0,219.0,52.0,137.0,693.0,581.0,76.0,41.0,,,795.0,717.0,4.79,75.0,3.0,11.0,4044.0,1532.0,110.0,608.0,435.0,147.0,172.0,0.976,Detroit Tigers,Briggs Stadium,799557.0,107.0,106.0,DET,DET,DET
1938,NN2,HG,HG,,1,52,5.0,39,13,,,Y,,342.0,1583.0,487.0,80.0,27.0,46.0,164.0,10.0,9.0,2.0,4.0,,170.0,149.0,3.38,28.0,8.0,7.0,1189.0,350.0,11.0,143.0,199.0,58.0,,0.968,Homestead Grays,Greenlee Field,,,,HG,,HOM
1938,NAL,JRC,JRC,,5,23,17.0,11,12,,,,,104.0,652.0,177.0,22.0,7.0,2.0,57.0,10.0,17.0,,3.0,,92.0,74.0,4.28,9.0,0.0,0.0,467.0,161.0,6.0,63.0,85.0,31.0,,0.954,Jacksonville Red Caps,Durkee Field,,,,JRC,,JAX
1938,NAL,KCM,KCM,,2,68,24.0,42,25,,,,,284.0,1571.0,427.0,77.0,34.0,20.0,137.0,6.0,94.0,,7.0,,192.0,153.0,3.41,22.0,5.0,3.0,1210.0,362.0,15.0,97.0,333.0,66.0,,0.964,Kansas City Monarchs,Ruppert Stadium,,,,KCM,,KCM
1938,NAL,MRS,MRS,,1,58,29.0,34,23,,,Y,,159.0,1155.0,311.0,45.0,18.0,7.0,87.0,6.0,39.0,1.0,9.0,,230.0,173.0,5.36,16.0,3.0,3.0,871.0,346.0,13.0,89.0,178.0,89.0,,0.932,Memphis Red Sox,Martin Park,,,,MRS,,MEM
1938,NN2,NBY,NBY,,6,39,7.0,11,27,,,,,136.0,1028.0,271.0,46.0,11.0,11.0,92.0,11.0,18.0,1.0,2.0,,202.0,163.0,5.88,13.0,1.0,1.0,749.0,319.0,19.0,93.0,135.0,72.0,,0.937,New York Black Yankees,Hinchliffe Stadium,,,,NBY,,NY5
1938,NN2,NE,NE,,5,52,21.0,23,29,,,,,136.0,903.0,239.0,35.0,12.0,16.0,76.0,3.0,10.0,,3.0,,137.0,117.0,4.51,17.0,1.0,1.0,701.0,226.0,16.0,100.0,104.0,45.0,,0.957,Newark Eagles,Ruppert Stadium,,,,NE,,NW2
1938,NL,NY1,SFG,,3,152,73.0,83,67,,,N,N,705.0,5255.0,1424.0,210.0,36.0,125.0,465.0,528.0,31.0,,,,637.0,543.0,3.62,59.0,8.0,18.0,4047.0,1370.0,87.0,389.0,497.0,168.0,147.0,0.973,New York Giants,Polo Grounds IV,799633.0,101.0,100.0,NYG,NY1,NY1
1938,AL,NYA,NYY,,1,157,79.0,99,53,,,Y,Y,966.0,5410.0,1480.0,283.0,63.0,174.0,749.0,616.0,91.0,28.0,,,710.0,600.0,3.91,91.0,11.0,13.0,4146.0,1436.0,85.0,566.0,567.0,169.0,169.0,0.973,New York Yankees,Yankee Stadium I,970916.0,100.0,95.0,NYY,NYA,NYA
1938,NN2,PC,PC,,3,49,8.0,25,23,,,,,220.0,1332.0,343.0,61.0,22.0,20.0,127.0,1.0,21.0,,9.0,,223.0,196.0,5.38,26.0,1.0,1.0,984.0,353.0,25.0,135.0,182.0,54.0,,0.963,Pittsburgh Crawfords,Greenlee Field,,,,PC,,PTC
1938,AL,PHA,OAK,,8,154,76.0,53,99,,,N,N,726.0,5229.0,1410.0,243.0,62.0,98.0,605.0,590.0,65.0,53.0,,,956.0,806.0,5.48,56.0,4.0,12.0,3972.0,1573.0,142.0,599.0,473.0,204.0,119.0,0.965,Philadelphia Athletics,Shibe Park,385357.0,96.0,100.0,PHA,PHA,PHA
1938,NL,PHI,PHI,,8,151,75.0,45,105,,,N,N,550.0,5192.0,1318.0,233.0,29.0,40.0,423.0,507.0,38.0,,,,840.0,728.0,4.93,68.0,3.0,6.0,3987.0,1516.0,76.0,582.0,492.0,201.0,135.0,0.966,Philadelphia Phillies,Baker Bowl/Shibe Park,166111.0,99.0,105.0,PHI,PHI,PHI
1938,NL,PIT,PIT,,2,152,78.0,86,64,,,N,N,707.0,5422.0,1511.0,265.0,66.0,65.0,485.0,409.0,47.0,,,,630.0,530.0,3.46,57.0,8.0,15.0,4137.0,1406.0,71.0,432.0,557.0,163.0,168.0,0.974,Pittsburgh Pirates,Forbes Field,641033.0,100.0,100.0,PIT,PIT,PIT
1938,NN2,PS,PS,,2,68,51.0,39,26,,,,,346.0,2013.0,535.0,82.0,22.0,38.0,236.0,3.0,13.0,1.0,12.0,,388.0,342.0,5.66,30.0,3.0,3.0,1632.0,583.0,46.0,221.0,260.0,101.0,,0.958,Philadelphia Stars,44th & Parkside,,,,PS,,PH5
1938,NN2,SEN,SEN,,7,21,8.0,2,19,,,,,56.0,455.0,119.0,15.0,4.0,2.0,51.0,1.0,1.0,,3.0,,127.0,108.0,8.45,4.0,0.0,0.0,345.0,163.0,9.0,70.0,51.0,31.0,,0.941,Washington Black Senators,Griffith Stadium,,,,SEN,,WBS
1938,AL,SLA,BAL,,7,156,77.0,55,97,,,N,N,755.0,5333.0,1498.0,273.0,36.0,92.0,590.0,528.0,51.0,40.0,,,962.0,866.0,5.8,71.0,3.0,7.0,4032.0,1584.0,132.0,737.0,632.0,145.0,163.0,0.975,St. Louis Browns,Sportsman's Park IV,130417.0,99.0,104.0,SLB,SLA,SLA
1938,NL,SLN,STL,,6,156,81.0,71,80,,,N,N,725.0,5528.0,1542.0,288.0,74.0,91.0,412.0,492.0,55.0,,,,721.0,591.0,3.84,58.0,10.0,16.0,4152.0,1482.0,77.0,474.0,534.0,199.0,145.0,0.967,St. Louis Cardinals,Sportsman's Park IV,291418.0,105.0,104.0,STL,SLN,SLN
1938,AL,WS1,MIN,,5,152,78.0,75,76,,,N,N,814.0,5474.0,1602.0,278.0,72.0,85.0,573.0,379.0,65.0,37.0,,,873.0,746.0,4.94,59.0,6.0,11.0,4080.0,1472.0,92.0,655.0,515.0,179.0,179.0,0.97,Washington Senators,Griffith Stadium I,522694.0,93.0,94.0,WSH,WS1,WS1
1939,NN2,BEG,BEG,,4,47,,22,25,,,Y,,178.0,1021.0,305.0,48.0,10.0,12.0,99.0,13.0,12.0,,6.0,3.0,152.0,132.0,4.71,22.0,2.0,3.0,756.0,280.0,9.0,71.0,120.0,41.0,,0.964,Baltimore Elite Giants,Oriole Park,,,,BEG,,BLG
1939,AL,BOS,BOS,,2,152,75.0,89,62,,,N,N,890.0,5308.0,1543.0,287.0,57.0,124.0,591.0,505.0,42.0,44.0,,,795.0,684.0,4.56,52.0,4.0,20.0,4050.0,1533.0,77.0,543.0,539.0,179.0,147.0,0.97,Boston Red Sox,Fenway Park II,573070.0,104.0,102.0,BOS,BOS,BOS
1939,NL,BRO,LAD,,3,157,78.0,84,69,,,N,N,708.0,5350.0,1420.0,265.0,57.0,78.0,564.0,639.0,59.0,,,,645.0,570.0,3.64,69.0,9.0,13.0,4230.0,1431.0,93.0,399.0,528.0,176.0,157.0,0.972,Brooklyn Dodgers,Ebbets Field,955668.0,105.0,104.0,BRO,BRO,BRO
1939,NL,BSN,ATL,,7,152,73.0,63,88,,,N,N,572.0,5286.0,1395.0,199.0,39.0,56.0,366.0,494.0,41.0,,,,659.0,560.0,3.71,68.0,11.0,15.0,4074.0,1400.0,63.0,513.0,430.0,181.0,178.0,0.971,Boston Bees,Braves Field,285994.0,92.0,94.0,BSN,BSN,BSN
1939,NAL,CAG,CAG,,2,63,,32,31,,,,,178.0,1368.0,343.0,50.0,22.0,12.0,119.0,16.0,40.0,5.0,14.0,7.0,204.0,160.0,3.97,18.0,1.0,1.0,1087.0,371.0,11.0,138.0,189.0,83.0,,0.951,Chicago American Giants,American Giants Park,,,,CAG,,CAG
1939,NAL,CBR,JRC,,3,41,,20,21,,,,,125.0,923.0,237.0,37.0,10.0,1.0,83.0,16.0,24.0,2.0,11.0,1.0,116.0,88.0,3.3,18.0,2.0,0.0,720.0,219.0,8.0,100.0,103.0,48.0,,0.956,Cleveland Bears,Cleveland Stadium,,,,CBR,,CV9
1939,AL,CHA,CHW,,4,155,77.0,85,69,,,N,N,755.0,5279.0,1451.0,220.0,56.0,64.0,579.0,502.0,113.0,61.0,,,737.0,659.0,4.31,62.0,5.0,21.0,4131.0,1470.0,99.0,454.0,535.0,167.0,140.0,0.972,Chicago White Sox,Comiskey Park,594104.0,103.0,103.0,CHW,CHA,CHA
1939,NL,CHN,CHC,,4,156,80.0,84,70,,,N,N,724.0,5293.0,1407.0,263.0,62.0,91.0,523.0,553.0,61.0,,,,678.0,588.0,3.8,72.0,8.0,13.0,4176.0,1504.0,74.0,430.0,584.0,186.0,126.0,0.97,Chicago Cubs,Wrigley Field,726663.0,102.0,100.0,CHC,CHN,CHN
1939,NL,CIN,CIN,,1,156,81.0,97,57,,,Y,N,767.0,5378.0,1493.0,269.0,60.0,98.0,500.0,538.0,46.0,,,,595.0,510.0,3.27,86.0,13.0,9.0,4209.0,1340.0,81.0,499.0,637.0,159.0,170.0,0.974,Cincinnati Reds,Crosley Field,981443.0,102.0,99.0,CIN,CIN,CIN
1939,AL,CLE,CLE,,3,154,77.0,87,67,,,N,N,797.0,5316.0,1490.0,291.0,79.0,85.0,557.0,574.0,72.0,46.0,,,700.0,618.0,4.08,69.0,10.0,13.0,4092.0,1394.0,75.0,602.0,614.0,180.0,148.0,0.97,Cleveland Indians,League Park II/Cleveland Stadium,563926.0,97.0,96.0,CLE,CLE,CLE
1939,AL,DET,DET,,5,155,78.0,81,73,,,N,N,849.0,5326.0,1487.0,277.0,67.0,124.0,620.0,592.0,88.0,38.0,,,762.0,652.0,4.29,64.0,8.0,16.0,4101.0,1430.0,104.0,574.0,633.0,198.0,147.0,0.967,Detroit Tigers,Briggs Stadium,836279.0,107.0,106.0,DET,DET,DET
1939,NN2,HG,HG,,1,51,,32,18,,,,,262.0,1193.0,357.0,49.0,25.0,37.0,130.0,13.0,20.0,1.0,7.0,7.0,154.0,136.0,4.15,26.0,2.0,2.0,884.0,282.0,15.0,108.0,146.0,41.0,,0.969,Homestead Grays,Forbes Field,,,,HG,,HOM
1939,NAL,IAB,BCA,,7,8,,1,7,,,,,109.0,724.0,202.0,31.0,12.0,8.0,71.0,9.0,18.0,2.0,4.0,1.0,162.0,127.0,6.39,13.0,0.0,0.0,537.0,228.0,9.0,89.0,92.0,56.0,,0.934,Indianapolis ABCs/Atlanta Black Crackers,Ponce de Leon Park,,,,IAB,,ATN
1939,NAL,KCM,KCM,,1,60,,38,22,,,Y,,264.0,1699.0,440.0,72.0,27.0,20.0,130.0,3.0,59.0,1.0,10.0,12.0,200.0,154.0,3.15,18.0,1.0,7.0,1318.0,407.0,9.0,133.0,309.0,79.0,,0.96,Kansas City Monarchs,Ruppert Stadium,,,,KCM,,KCM
1939,NAL,MRS,MRS,,5,54,,24,29,,,,,106.0,1032.0,243.0,36.0,12.0,2.0,91.0,4.0,29.0,0.0,8.0,2.0,169.0,134.0,4.27,22.0,2.0,0.0,847.0,307.0,13.0,63.0,162.0,58.0,,0.954,Memphis Red Sox,Martin Park,,,,MRS,,MEM
1939,NN2,NBY,NBY,,5,47,,20,23,,,,,141.0,999.0,256.0,34.0,8.0,10.0,124.0,8.0,8.0,,7.0,1.0,168.0,145.0,5.05,19.0,3.0,3.0,776.0,310.0,27.0,77.0,122.0,47.0,,0.958,New York Black Yankees,,,,,NBY,,NY5
1939,NN2,NE,NE,,2,61,,35,25,,,,,241.0,1368.0,386.0,50.0,21.0,35.0,135.0,23.0,21.0,3.0,9.0,1.0,178.0,153.0,4.06,24.0,6.0,1.0,1018.0,325.0,17.0,159.0,183.0,45.0,,0.971,Newark Eagles,Ruppert Stadium,,,,NE,,NW2
1939,NL,NY1,SFG,,5,151,74.0,77,74,,,N,N,703.0,5129.0,1395.0,211.0,38.0,116.0,498.0,499.0,26.0,,,,685.0,596.0,4.07,55.0,6.0,20.0,3957.0,1412.0,86.0,477.0,505.0,153.0,152.0,0.975,New York Giants,Polo Grounds IV,702457.0,101.0,101.0,NYG,NY1,NY1
1939,AL,NYA,NYY,,1,152,77.0,106,45,,,Y,Y,967.0,5300.0,1521.0,259.0,55.0,166.0,701.0,543.0,72.0,37.0,,,556.0,496.0,3.31,87.0,15.0,26.0,4044.0,1208.0,85.0,567.0,565.0,126.0,159.0,0.978,New York Yankees,Yankee Stadium I,859785.0,99.0,95.0,NYY,NYA,NYA
1939,NN2,NYC,NYC,,7,31,,7,24,,,,,81.0,698.0,176.0,24.0,3.0,5.0,48.0,0.0,6.0,,2.0,,115.0,100.0,5.22,13.0,1.0,0.0,517.0,198.0,14.0,68.0,99.0,30.0,,0.961,New York Cubans,,,,,NYC,,NY6
1939,AL,PHA,OAK,,7,153,76.0,55,97,,,N,N,711.0,5309.0,1438.0,282.0,55.0,98.0,503.0,532.0,60.0,34.0,,,1022.0,863.0,5.79,50.0,6.0,12.0,4026.0,1687.0,148.0,579.0,397.0,210.0,131.0,0.964,Philadelphia Athletics,Shibe Park,395022.0,97.0,101.0,PHA,PHA,PHA
1939,NL,PHI,PHI,,8,152,74.0,45,106,,,N,N,553.0,5133.0,1341.0,232.0,40.0,49.0,421.0,486.0,47.0,,,,856.0,762.0,5.17,67.0,3.0,12.0,3978.0,1502.0,106.0,579.0,447.0,171.0,133.0,0.97,Philadelphia Phillies,Shibe Park,277973.0,94.0,100.0,PHI,PHI,PHI
1939,NL,PIT,PIT,,6,153,77.0,68,85,,,N,N,666.0,5269.0,1453.0,261.0,60.0,63.0,477.0,420.0,44.0,,,,721.0,624.0,4.15,53.0,10.0,15.0,4062.0,1537.0,70.0,423.0,464.0,168.0,153.0,0.972,Pittsburgh Pirates,Forbes Field,376734.0,98.0,98.0,PIT,PIT,PIT
1939,NN2,PS,PS,,3,64,,32,31,,,,,250.0,1565.0,436.0,60.0,16.0,20.0,123.0,3.0,8.0,0.0,4.0,2.0,293.0,255.0,5.79,18.0,1.0,2.0,1189.0,450.0,37.0,159.0,192.0,75.0,,0.959,Philadelphia Stars,Parkside Athletic Field,,,,PS,,PH5
1939,NAL,SL3,SNH,,4,45,,20,23,,,,,129.0,907.0,220.0,34.0,12.0,11.0,103.0,13.0,27.0,,11.0,4.0,132.0,94.0,3.53,19.0,1.0,2.0,720.0,226.0,4.0,92.0,123.0,62.0,,0.944,St. Louis Stars,South End Grounds,,,,SL3,,SSA
1939,AL,SLA,BAL,,8,156,78.0,43,111,,,N,N,733.0,5422.0,1453.0,242.0,50.0,91.0,559.0,606.0,48.0,38.0,,,1035.0,916.0,6.01,56.0,3.0,3.0,4113.0,1724.0,133.0,739.0,516.0,199.0,144.0,0.968,St. Louis Browns,Sportsman's Park IV,109159.0,102.0,105.0,SLB,SLA,SLA
1939,NL,SLN,STL,,2,155,79.0,92,61,,,N,N,779.0,5447.0,1601.0,332.0,62.0,98.0,475.0,566.0,44.0,,,,633.0,552.0,3.59,45.0,18.0,32.0,4152.0,1377.0,76.0,498.0,603.0,177.0,140.0,0.971,St. Louis Cardinals,Sportsman's Park IV,400245.0,106.0,105.0,STL,SLN,SLN
1939,NAL,TC,PC,,6,19,,8,10,,,,,77.0,438.0,132.0,28.0,7.0,3.0,50.0,,11.0,,1.0,1.0,78.0,57.0,4.78,7.0,0.0,0.0,322.0,123.0,5.0,39.0,63.0,36.0,,0.929,Toledo Crawfords,Swayne Field,,,,TC,,TLC
1939,NN2,TC2,PC,,6,11,,4,6,,,,,22.0,225.0,52.0,7.0,0.0,2.0,18.0,0.0,2.0,,2.0,1.0,42.0,33.0,5.03,5.0,0.0,0.0,177.0,59.0,0.0,28.0,24.0,15.0,,0.941,Toledo Crawfords,Swayne Field,,,,TC2,,TLC
1939,AL,WS1,MIN,,6,153,77.0,65,87,,,N,N,702.0,5334.0,1483.0,249.0,79.0,44.0,547.0,460.0,94.0,47.0,,,797.0,692.0,4.6,72.0,4.0,10.0,4062.0,1420.0,75.0,602.0,521.0,205.0,167.0,0.966,Washington Senators,Griffith Stadium I,339257.0,92.0,94.0,WSH,WS1,WS1
1940,NAL,BBB,BBB,,6,45,18.0,16,29,,,,,133.0,998.0,254.0,28.0,14.0,8.0,70.0,1.0,14.0,,9.0,,152.0,129.0,4.65,10.0,0.0,5.0,749.0,279.0,5.0,84.0,110.0,42.0,,0.964,Birmingham Black Barons,Rickwood Field,,,,BBB,,BIR
1940,NN2,BEG,BEG,,2,39,10.0,25,14,,,,,391.0,2079.0,580.0,104.0,34.0,34.0,245.0,18.0,37.0,1.0,17.0,,333.0,292.0,5.12,24.0,2.0,7.0,1541.0,547.0,45.0,249.0,285.0,81.0,,0.965,Baltimore Elite Giants,Oriole Park,,,,BEG,,BLG
1940,AL,BOS,BOS,,4,154,79.0,82,72,,,N,N,872.0,5481.0,1566.0,301.0,80.0,145.0,590.0,597.0,55.0,49.0,,,825.0,749.0,4.89,51.0,4.0,16.0,4137.0,1568.0,124.0,625.0,613.0,173.0,156.0,0.972,Boston Red Sox,Fenway Park II,716234.0,104.0,102.0,BOS,BOS,BOS
1940,NL,BRO,LAD,,2,156,81.0,88,65,,,N,N,697.0,5470.0,1421.0,256.0,70.0,93.0,522.0,570.0,56.0,,,,621.0,557.0,3.5,65.0,17.0,14.0,4299.0,1366.0,101.0,393.0,639.0,183.0,110.0,0.97,Brooklyn Dodgers,Ebbets Field,975978.0,108.0,105.0,BRO,BRO,BRO
1940,NL,BSN,ATL,,7,152,75.0,65,87,,,N,N,623.0,5329.0,1366.0,219.0,50.0,59.0,402.0,581.0,48.0,,,,745.0,658.0,4.36,76.0,9.0,12.0,4077.0,1444.0,83.0,573.0,435.0,183.0,169.0,0.97,Boston Bees,Braves Field,241616.0,94.0,96.0,BSN,BSN,BSN
1940,NAL,CAG,CAG,,5,50,30.0,22,26,,,,,79.0,702.0,163.0,22.0,4.0,7.0,73.0,9.0,4.0,,4.0,,119.0,92.0,4.49,15.0,1.0,0.0,553.0,201.0,6.0,86.0,89.0,50.0,,0.942,Chicago American Giants,American Giants Park,,,,CAG,,CAG
1940,NAL,CBR,JRC,,3,37,8.0,18,18,,,,,143.0,865.0,191.0,24.0,7.0,3.0,115.0,7.0,28.0,,13.0,,146.0,116.0,4.61,16.0,1.0,1.0,680.0,252.0,4.0,82.0,130.0,54.0,,0.949,Cleveland Bears,League Park II,,,,CBR,,CV9
1940,AL,CHA,CHW,,4,155,78.0,82,72,,,N,N,735.0,5386.0,1499.0,238.0,63.0,73.0,496.0,569.0,52.0,60.0,,,672.0,576.0,3.74,83.0,10.0,18.0,4158.0,1335.0,111.0,480.0,574.0,185.0,125.0,0.969,Chicago White Sox,Comiskey Park,660336.0,102.0,101.0,CHW,CHA,CHA
1940,NL,CHN,CHC,,5,154,77.0,75,79,,,N,N,681.0,5389.0,1441.0,272.0,48.0,86.0,482.0,566.0,63.0,,,,636.0,548.0,3.54,69.0,12.0,14.0,4176.0,1418.0,74.0,430.0,564.0,199.0,143.0,0.968,Chicago Cubs,Wrigley Field,534878.0,98.0,97.0,CHC,CHN,CHN
1940,NL,CIN,CIN,,1,155,77.0,100,53,,,Y,Y,707.0,5372.0,1427.0,264.0,38.0,89.0,453.0,503.0,72.0,,,,528.0,477.0,3.05,91.0,10.0,11.0,4221.0,1263.0,73.0,445.0,557.0,117.0,158.0,0.981,Cincinnati Reds,Crosley Field,850180.0,102.0,99.0,CIN,CIN,CIN
1940,AL,CLE,CLE,,2,155,82.0,89,65,,,N,N,710.0,5361.0,1422.0,287.0,61.0,101.0,519.0,597.0,53.0,36.0,,,637.0,555.0,3.63,72.0,13.0,22.0,4125.0,1328.0,86.0,512.0,686.0,148.0,164.0,0.975,Cleveland Indians,League Park II/Cleveland Stadium,902576.0,98.0,97.0,CLE,CLE,CLE
1940,AL,DET,DET,,1,155,79.0,90,64,,,Y,N,888.0,5418.0,1549.0,312.0,65.0,134.0,664.0,556.0,66.0,39.0,,,717.0,613.0,4.01,59.0,10.0,23.0,4125.0,1425.0,102.0,570.0,752.0,194.0,116.0,0.968,Detroit Tigers,Briggs Stadium,1112693.0,109.0,108.0,DET,DET,DET
1940,NN2,HG,HG,,1,41,17.0,28,13,,,Y,,328.0,1829.0,528.0,75.0,37.0,24.0,205.0,19.0,46.0,3.0,13.0,,266.0,225.0,4.35,41.0,6.0,3.0,1395.0,457.0,15.0,186.0,225.0,78.0,,0.964,Homestead Grays,Griffith Stadium,,,,HG,,HOM
1940,NAL,KCM,KCM,,1,52,14.0,38,13,,,Y,,236.0,1323.0,379.0,54.0,22.0,12.0,114.0,5.0,55.0,1.0,16.0,,144.0,113.0,3.11,19.0,4.0,5.0,982.0,279.0,10.0,103.0,265.0,61.0,,0.958,Kansas City Monarchs,Ruppert Stadium,,,,KCM,,KCM
1940,NAL,MRS,MRS,,2,57,23.0,31,26,,,,,199.0,1541.0,381.0,53.0,12.0,8.0,151.0,1.0,41.0,0.0,9.0,,225.0,188.0,4.21,25.0,2.0,2.0,1207.0,383.0,6.0,172.0,225.0,76.0,,0.957,Memphis Red Sox,Martin Park,,,,MRS,,MEM
1940,NN2,NBY,NBY,,5,28,3.0,9,19,,,,,149.0,1040.0,274.0,48.0,9.0,9.0,99.0,3.0,14.0,2.0,8.0,,217.0,189.0,6.75,14.0,0.0,0.0,756.0,337.0,21.0,126.0,121.0,48.0,,0.959,New York Black Yankees,Yankee Stadium I,,,,NBY,,NY5
1940,NN2,NE,NE,,3,42,25.0,25,16,,,,,282.0,1351.0,406.0,60.0,16.0,39.0,160.0,17.0,21.0,1.0,7.0,,236.0,200.0,5.32,16.0,1.0,6.0,1015.0,347.0,20.0,174.0,206.0,68.0,,0.956,Newark Eagles,Ruppert Stadium,,,,NE,,NW2
1940,NL,NY1,SFG,,6,152,76.0,72,80,,,N,N,663.0,5324.0,1423.0,201.0,46.0,91.0,453.0,478.0,45.0,,,,659.0,573.0,3.79,57.0,11.0,18.0,4080.0,1383.0,110.0,473.0,606.0,139.0,132.0,0.977,New York Giants,Polo Grounds IV,747852.0,101.0,101.0,NYG,NY1,NY1
1940,AL,NYA,NYY,,3,155,76.0,88,66,,,N,N,817.0,5286.0,1371.0,243.0,66.0,155.0,648.0,606.0,59.0,36.0,,,671.0,593.0,3.89,76.0,10.0,14.0,4119.0,1389.0,119.0,511.0,559.0,152.0,158.0,0.975,New York Yankees,Yankee Stadium I,988975.0,96.0,92.0,NYY,NYA,NYA
1940,NN2,NYC,NYC,,6,29,2.0,8,20,,,,,149.0,1051.0,268.0,39.0,9.0,13.0,106.0,7.0,7.0,0.0,2.0,,175.0,152.0,5.39,16.0,1.0,1.0,762.0,291.0,18.0,122.0,130.0,47.0,,0.959,New York Cubans,,,,,NYC,,NY6
1940,AL,PHA,OAK,,8,154,71.0,54,100,,,N,N,703.0,5304.0,1391.0,242.0,53.0,105.0,556.0,656.0,48.0,33.0,,,932.0,780.0,5.22,72.0,4.0,12.0,4035.0,1543.0,135.0,534.0,488.0,238.0,131.0,0.96,Philadelphia Athletics,Shibe Park,432145.0,97.0,101.0,PHA,PHA,PHA
1940,NL,PHI,PHI,,8,153,79.0,50,103,,,N,N,494.0,5137.0,1225.0,180.0,35.0,75.0,435.0,527.0,25.0,,,,750.0,663.0,4.4,66.0,5.0,8.0,4071.0,1429.0,92.0,475.0,485.0,181.0,136.0,0.97,Philadelphia Phillies,Shibe Park,207177.0,95.0,101.0,PHI,PHI,PHI
1940,NL,PIT,PIT,,4,156,75.0,78,76,,,N,N,809.0,5466.0,1511.0,276.0,68.0,76.0,553.0,494.0,69.0,,,,783.0,672.0,4.36,49.0,8.0,24.0,4164.0,1569.0,72.0,492.0,491.0,217.0,160.0,0.966,Pittsburgh Pirates,Forbes Field,507934.0,99.0,99.0,PIT,PIT,PIT
1940,NN2,PS,PS,,4,47,34.0,17,30,,,,,319.0,2005.0,551.0,93.0,32.0,27.0,217.0,40.0,16.0,9.0,8.0,,365.0,298.0,5.21,31.0,0.0,5.0,1543.0,598.0,30.0,179.0,240.0,113.0,,0.951,Philadelphia Stars,Parkside Athletic Field,,,,PS,,PH5
1940,AL,SLA,BAL,,6,156,77.0,67,87,,,N,N,757.0,5416.0,1423.0,278.0,58.0,118.0,556.0,642.0,51.0,40.0,,,882.0,781.0,5.12,64.0,4.0,9.0,4119.0,1592.0,113.0,646.0,439.0,158.0,179.0,0.974,St. Louis Browns,Sportsman's Park IV,239591.0,102.0,105.0,SLB,SLA,SLA
1940,NL,SLN,STL,,3,156,77.0,84,69,,,N,N,747.0,5499.0,1514.0,266.0,61.0,119.0,479.0,610.0,97.0,,,,699.0,594.0,3.83,71.0,10.0,14.0,4188.0,1457.0,83.0,488.0,550.0,174.0,134.0,0.971,St. Louis Cardinals,Sportsman's Park IV,324078.0,106.0,103.0,STL,SLN,SLN
1940,NAL,SNS,SNH,,4,50,6.0,24,25,,,,,147.0,981.0,250.0,39.0,12.0,3.0,120.0,1.0,31.0,,9.0,,161.0,124.0,4.45,12.0,2.0,3.0,752.0,244.0,7.0,119.0,154.0,63.0,,0.945,St. Louis-New Orleans Stars,South End Grounds,,,,SNS,,SNO
1940,NAL,TIC,PC,,7,31,5.0,9,21,,,,,50.0,502.0,99.0,11.0,7.0,5.0,45.0,6.0,22.0,,6.0,,62.0,50.0,3.51,13.0,0.0,0.0,385.0,110.0,4.0,38.0,81.0,30.0,,0.947,Toledo-Indianapolis Crawfords,Swayne Field,,,,TIC,,IN8
1940,AL,WS1,MIN,,7,154,77.0,64,90,,,N,N,665.0,5365.0,1453.0,266.0,67.0,52.0,468.0,504.0,94.0,40.0,,,811.0,688.0,4.59,74.0,6.0,7.0,4050.0,1494.0,93.0,618.0,618.0,192.0,166.0,0.968,Washington Senators,Griffith Stadium I,381241.0,93.0,95.0,WSH,WS1,WS1
1941,NAL,BBB,BBB,,2,51,21.0,30,20,,,,,104.0,785.0,220.0,24.0,15.0,3.0,50.0,0.0,10.0,0.0,7.0,,111.0,81.0,3.49,13.0,5.0,0.0,627.0,194.0,3.0,61.0,120.0,45.0,,0.952,Birmingham Black Barons,Rickwood Field,,,,BBB,,BIR
1941,NN2,BEG,BEG,,2,41,16.0,27,14,,,,,375.0,2028.0,570.0,104.0,32.0,29.0,184.0,88.0,49.0,6.0,18.0,,228.0,185.0,3.35,38.0,10.0,4.0,1491.0,448.0,27.0,158.0,277.0,77.0,,0.965,Baltimore Elite Giants,Oriole Park,,,,BEG,,BLG
1941,AL,BOS,BOS,,2,155,77.0,84,70,,,N,N,865.0,5359.0,1517.0,304.0,55.0,124.0,683.0,567.0,67.0,51.0,,,750.0,639.0,4.19,70.0,8.0,11.0,4116.0,1453.0,88.0,611.0,574.0,169.0,139.0,0.972,Boston Red Sox,Fenway Park II,718497.0,103.0,101.0,BOS,BOS,BOS
1941,NL,BRO,LAD,,1,157,79.0,100,54,,,Y,N,800.0,5485.0,1494.0,286.0,69.0,101.0,600.0,535.0,36.0,,,,581.0,496.0,3.14,66.0,17.0,22.0,4263.0,1236.0,81.0,495.0,603.0,162.0,125.0,0.974,Brooklyn Dodgers,Ebbets Field,1214910.0,106.0,102.0,BRO,BRO,BRO
1941,NL,BSN,ATL,,7,156,76.0,62,92,,,N,N,592.0,5414.0,1357.0,231.0,38.0,48.0,471.0,608.0,61.0,,,,720.0,608.0,3.95,62.0,10.0,9.0,4155.0,1440.0,75.0,554.0,446.0,190.0,174.0,0.97,Boston Braves,Braves Field,263680.0,94.0,97.0,BSN,BSN,BSN
1941,NAL,CAG,CAG,,6,42,11.0,12,28,,,,,70.0,620.0,157.0,12.0,5.0,5.0,40.0,7.0,13.0,0.0,3.0,,104.0,79.0,4.52,6.0,1.0,1.0,472.0,166.0,4.0,77.0,71.0,45.0,,0.936,Chicago American Giants,Comiskey Park I,,,,CAG,,CAG
1941,AL,CHA,CHW,,3,156,79.0,77,77,,,N,N,638.0,5404.0,1376.0,245.0,47.0,47.0,510.0,476.0,91.0,53.0,,,649.0,554.0,3.52,106.0,14.0,4.0,4248.0,1362.0,89.0,521.0,564.0,180.0,145.0,0.971,Chicago White Sox,Comiskey Park,677077.0,99.0,99.0,CHW,CHA,CHA
1941,NL,CHN,CHC,,6,155,77.0,70,84,,,N,N,666.0,5230.0,1323.0,239.0,25.0,99.0,559.0,670.0,39.0,,,,670.0,564.0,3.72,74.0,8.0,9.0,4092.0,1431.0,60.0,449.0,548.0,180.0,139.0,0.97,Chicago Cubs,Wrigley Field,545159.0,96.0,96.0,CHC,CHN,CHN
1941,NL,CIN,CIN,,3,154,79.0,88,66,,,N,N,616.0,5218.0,1288.0,213.0,33.0,64.0,477.0,428.0,68.0,,,,564.0,488.0,3.17,89.0,19.0,10.0,4158.0,1300.0,61.0,510.0,627.0,150.0,147.0,0.975,Cincinnati Reds,Crosley Field,643513.0,101.0,99.0,CIN,CIN,CIN
1941,AL,CLE,CLE,,4,155,77.0,75,79,,,N,N,677.0,5283.0,1350.0,249.0,84.0,103.0,512.0,605.0,63.0,47.0,,,668.0,597.0,3.9,68.0,10.0,19.0,4131.0,1366.0,71.0,660.0,617.0,142.0,158.0,0.976,Cleveland Indians,League Park II/Cleveland Stadium,745948.0,95.0,95.0,CLE,CLE,CLE
1941,AL,DET,DET,,4,155,77.0,75,79,,,N,N,686.0,5370.0,1412.0,247.0,55.0,81.0,602.0,584.0,43.0,28.0,,,743.0,641.0,4.18,52.0,8.0,16.0,4143.0,1399.0,80.0,645.0,697.0,186.0,129.0,0.969,Detroit Tigers,Briggs Stadium,684915.0,110.0,110.0,DET,DET,DET
1941,NN2,HG,HG,,1,45,18.0,26,18,,,Y,,353.0,1978.0,544.0,95.0,30.0,42.0,200.0,33.0,45.0,0.0,11.0,,248.0,207.0,3.7,39.0,6.0,5.0,1511.0,513.0,15.0,143.0,268.0,80.0,,0.964,Homestead Grays,Griffith Stadium,,,,HG,,HOM
1941,NAL,JRC,JRC,,5,41,2.0,14,27,,,,,41.0,347.0,79.0,9.0,3.0,0.0,28.0,,1.0,,7.0,,61.0,46.0,4.85,5.0,0.0,1.0,256.0,96.0,2.0,32.0,43.0,28.0,,0.928,Jacksonville Red Caps,Red Cap Stadium,,,,JRC,,JAX
1941,NAL,KCM,KCM,,1,56,11.0,39,16,,,Y,,220.0,1400.0,356.0,53.0,25.0,12.0,140.0,9.0,43.0,0.0,19.0,,134.0,106.0,2.63,19.0,4.0,5.0,1089.0,331.0,4.0,78.0,264.0,47.0,,0.971,Kansas City Monarchs,Ruppert Stadium,,,,KCM,,KCM
1941,NAL,MRS,MRS,,3,57,22.0,28,27,,,,,97.0,663.0,187.0,27.0,10.0,2.0,60.0,4.0,18.0,2.0,9.0,,77.0,65.0,3.42,11.0,2.0,2.0,513.0,159.0,6.0,47.0,111.0,22.0,,0.97,Memphis Red Sox,Martin Park,,,,MRS,,MEM
1941,NN2,NBY,NBY,,5,33,2.0,12,21,,,,,164.0,1284.0,295.0,43.0,15.0,14.0,119.0,12.0,27.0,1.0,19.0,,226.0,179.0,4.94,22.0,0.0,2.0,978.0,365.0,16.0,135.0,132.0,82.0,,0.945,New York Black Yankees,Yankee Stadium I,,,,NBY,,NY5
1941,NN2,NE,NE,,3,37,21.0,21,15,,,,,298.0,1934.0,521.0,81.0,24.0,32.0,178.0,31.0,35.0,2.0,8.0,,339.0,273.0,5.03,28.0,2.0,3.0,1466.0,568.0,22.0,189.0,285.0,106.0,,0.952,Newark Eagles,Ruppert Stadium,,,,NE,,NW2
1941,NL,NY1,SFG,,5,156,78.0,74,79,,,N,N,667.0,5395.0,1401.0,248.0,35.0,95.0,504.0,518.0,36.0,,,,706.0,609.0,3.94,55.0,12.0,18.0,4173.0,1455.0,90.0,539.0,566.0,160.0,144.0,0.974,New York Giants,Polo Grounds IV,763098.0,103.0,102.0,NYG,NY1,NY1
1941,AL,NYA,NYY,,1,156,78.0,101,53,,,Y,Y,830.0,5444.0,1464.0,243.0,60.0,151.0,616.0,565.0,51.0,33.0,,,631.0,548.0,3.53,75.0,13.0,26.0,4188.0,1309.0,81.0,598.0,589.0,165.0,196.0,0.973,New York Yankees,Yankee Stadium I,964722.0,99.0,95.0,NYY,NYA,NYA
1941,NN2,NYC,NYC,,4,29,1.0,14,15,,,,,221.0,1558.0,413.0,64.0,21.0,13.0,134.0,17.0,13.0,0.0,9.0,,262.0,223.0,5.29,29.0,0.0,1.0,1139.0,414.0,40.0,152.0,201.0,75.0,,0.957,New York Cubans,Yankee Stadium I,,,,NYC,,NY6
1941,AL,PHA,OAK,,8,154,77.0,64,90,,,N,N,713.0,5336.0,1431.0,240.0,69.0,85.0,574.0,588.0,27.0,36.0,,,840.0,733.0,4.83,64.0,3.0,18.0,4095.0,1516.0,136.0,557.0,386.0,200.0,150.0,0.967,Philadelphia Athletics,Shibe Park,528894.0,98.0,101.0,PHA,PHA,PHA
1941,NL,PHI,PHI,,8,155,76.0,43,111,,,N,N,501.0,5233.0,1277.0,188.0,38.0,64.0,451.0,596.0,65.0,,,,793.0,686.0,4.5,35.0,4.0,9.0,4116.0,1499.0,79.0,606.0,552.0,186.0,147.0,0.969,Philadelphia Phillies,Shibe Park,231401.0,95.0,101.0,PHI,PHI,PHI
1941,NL,PIT,PIT,,4,156,78.0,81,73,,,N,N,690.0,5297.0,1417.0,233.0,65.0,56.0,547.0,516.0,59.0,,,,643.0,531.0,3.48,71.0,8.0,12.0,4122.0,1392.0,66.0,492.0,410.0,194.0,130.0,0.968,Pittsburgh Pirates,Forbes Field,482241.0,100.0,100.0,PIT,PIT,PIT
1941,NN2,PS,PS,,6,43,26.0,13,30,,,,,184.0,1786.0,420.0,61.0,21.0,8.0,146.0,22.0,29.0,0.0,4.0,,303.0,237.0,4.59,44.0,3.0,0.0,1394.0,498.0,15.0,183.0,211.0,105.0,,0.952,Philadelphia Stars,Parkside Athletic Field,,,,PS,,PH5
1941,AL,SLA,BAL,,6,157,79.0,70,84,,,N,N,765.0,5408.0,1440.0,281.0,58.0,91.0,775.0,552.0,50.0,39.0,,,823.0,728.0,4.72,65.0,7.0,10.0,4167.0,1563.0,120.0,549.0,454.0,151.0,156.0,0.975,St. Louis Browns,Sportsman's Park IV,176240.0,104.0,104.0,SLB,SLA,SLA
1941,NL,SLN,STL,,2,155,79.0,97,56,,,N,N,734.0,5457.0,1482.0,254.0,56.0,70.0,540.0,543.0,47.0,,,,589.0,502.0,3.19,64.0,15.0,20.0,4248.0,1289.0,85.0,502.0,659.0,171.0,146.0,0.973,St. Louis Cardinals,Sportsman's Park IV,633645.0,107.0,104.0,STL,SLN,SLN
1941,NAL,SNS,SNH,,4,43,6.0,18,23,,,,,94.0,717.0,175.0,16.0,16.0,3.0,53.0,2.0,28.0,,4.0,,129.0,105.0,5.16,12.0,0.0,1.0,549.0,184.0,8.0,81.0,142.0,47.0,,0.943,St. Louis-New Orleans Stars,Pelican Stadium,,,,SNS,,SNO
1941,AL,WS1,MIN,,6,156,78.0,70,84,,,N,N,728.0,5521.0,1502.0,257.0,80.0,52.0,470.0,488.0,79.0,36.0,,,798.0,671.0,4.35,69.0,8.0,7.0,4167.0,1524.0,69.0,603.0,544.0,188.0,169.0,0.969,Washington Senators,Griffith Stadium I,415663.0,95.0,97.0,WSH,WS1,WS1
1942,NAL,BBB,BBB,,4,48,,25,23,,,,,166.0,1170.0,305.0,41.0,8.0,7.0,89.0,6.0,41.0,0.0,11.0,0.0,137.0,106.0,3.22,16.0,2.0,3.0,889.0,287.0,8.0,85.0,128.0,57.0,,0.957,Birmingham Black Barons,Rickwood Field,,,,BBB,,BIR
1942,NN2,BEG,BEG,,2,38,,24,14,,,,,277.0,1994.0,506.0,78.0,30.0,18.0,176.0,82.0,32.0,4.0,13.0,3.0,253.0,202.0,3.62,26.0,4.0,4.0,1508.0,447.0,25.0,195.0,265.0,89.0,,0.961,Baltimore Elite Giants,Bugle Field,,,,BEG,,BLG
1942,AL,BOS,BOS,,2,152,77.0,93,59,,,N,N,761.0,5248.0,1451.0,244.0,55.0,103.0,591.0,508.0,68.0,61.0,,,594.0,519.0,3.44,84.0,11.0,17.0,4074.0,1260.0,65.0,553.0,500.0,157.0,156.0,0.974,Boston Red Sox,Fenway Park II,730340.0,104.0,102.0,BOS,BOS,BOS
1942,NL,BRO,LAD,,2,155,79.0,104,50,,,N,N,742.0,5285.0,1398.0,263.0,34.0,62.0,572.0,484.0,81.0,,,,510.0,441.0,2.84,67.0,16.0,24.0,4194.0,1205.0,73.0,493.0,612.0,138.0,150.0,0.977,Brooklyn Dodgers,Ebbets Field,1037765.0,103.0,99.0,BRO,BRO,BRO
1942,NL,BSN,ATL,,7,150,71.0,59,89,,,N,N,515.0,5077.0,1216.0,210.0,19.0,68.0,474.0,507.0,49.0,,,,645.0,557.0,3.76,68.0,9.0,8.0,4002.0,1326.0,82.0,518.0,414.0,139.0,138.0,0.977,Boston Braves,Braves Field,285332.0,97.0,100.0,BSN,BSN,BSN
1942,NAL,CAG,CAG,,5,44,,8,36,,,,,157.0,1472.0,348.0,40.0,19.0,5.0,113.0,11.0,23.0,0.0,7.0,1.0,288.0,218.0,5.39,14.0,0.0,1.0,1093.0,458.0,13.0,150.0,148.0,92.0,,0.945,Chicago American Giants,Comiskey Park I,,,,CAG,,CAG
1942,NAL,CCB,CBE,,2,65,,42,22,,,,,209.0,1495.0,380.0,72.0,22.0,9.0,102.0,5.0,38.0,,19.0,,258.0,193.0,4.43,25.0,1.0,2.0,1176.0,431.0,20.0,138.0,204.0,85.0,,0.953,Cincinnati-Cleveland Buckeyes,Crosley Field,,,,CCB,,CCA
1942,AL,CHA,CHW,,6,148,70.0,66,82,,,N,N,538.0,4949.0,1215.0,214.0,36.0,25.0,497.0,427.0,114.0,70.0,,,609.0,523.0,3.58,86.0,8.0,8.0,3942.0,1304.0,74.0,473.0,432.0,173.0,144.0,0.97,Chicago White Sox,Comiskey Park,425734.0,97.0,98.0,CHW,CHA,CHA
1942,NL,CHN,CHC,,6,155,78.0,68,86,,,N,N,591.0,5352.0,1360.0,224.0,41.0,75.0,509.0,607.0,63.0,,,,665.0,560.0,3.6,71.0,10.0,14.0,4200.0,1447.0,70.0,525.0,507.0,169.0,169.0,0.973,Chicago Cubs,Wrigley Field,590972.0,96.0,96.0,CHC,CHN,CHN
1942,NL,CIN,CIN,,4,154,77.0,76,76,,,N,N,527.0,5260.0,1216.0,198.0,39.0,66.0,483.0,549.0,42.0,,,,545.0,442.0,2.82,80.0,12.0,8.0,4233.0,1213.0,47.0,526.0,616.0,175.0,158.0,0.972,Cincinnati Reds,Crosley Field,427031.0,100.0,99.0,CIN,CIN,CIN
1942,AL,CLE,CLE,,4,156,80.0,75,79,,,N,N,590.0,5317.0,1344.0,223.0,58.0,50.0,500.0,544.0,69.0,74.0,,,659.0,559.0,3.59,61.0,12.0,11.0,4206.0,1353.0,61.0,560.0,448.0,163.0,175.0,0.974,Cleveland Indians,League Park II/Cleveland Stadium,459447.0,94.0,94.0,CLE,CLE,CLE
1942,AL,DET,DET,,5,156,77.0,73,81,,,N,N,589.0,5327.0,1313.0,217.0,37.0,76.0,509.0,476.0,39.0,40.0,,,587.0,487.0,3.13,65.0,12.0,14.0,4197.0,1321.0,60.0,598.0,671.0,193.0,142.0,0.969,Detroit Tigers,Briggs Stadium,580087.0,108.0,108.0,DET,DET,DET
1942,NN2,HG,HG,,1,34,,23,10,,,Y,,419.0,2398.0,637.0,88.0,27.0,34.0,296.0,25.0,60.0,4.0,23.0,3.0,281.0,237.0,3.47,45.0,2.0,4.0,1843.0,608.0,25.0,178.0,306.0,92.0,,0.967,Homestead Grays,Griffith Stadium,,,,HG,,HOM
1942,NAL,JRC,JRC,,6,37,,7,30,,,,,41.0,473.0,96.0,9.0,6.0,2.0,34.0,,7.0,,6.0,,86.0,67.0,5.29,8.0,0.0,0.0,342.0,138.0,2.0,35.0,64.0,35.0,,0.934,Jacksonville Red Caps,Red Cap Stadium,,,,JRC,,JAX
1942,NAL,KCM,KCM,,1,50,,36,14,,,Y,Y,268.0,1669.0,477.0,86.0,21.0,27.0,135.0,12.0,33.0,6.0,7.0,0.0,170.0,128.0,2.77,21.0,1.0,9.0,1246.0,378.0,4.0,137.0,276.0,73.0,,0.961,Kansas City Monarchs,Ruppert Stadium,,,,KCM,,KCM
1942,NAL,MRS,MRS,,3,62,,34,27,,,,,155.0,1050.0,286.0,40.0,16.0,5.0,73.0,2.0,31.0,,8.0,,153.0,118.0,4.08,21.0,1.0,1.0,781.0,281.0,13.0,78.0,131.0,50.0,,0.958,Memphis Red Sox,Martin Park,,,,MRS,,MEM
1942,NN2,NBY,NBY,,6,28,,8,20,,,,,135.0,1171.0,273.0,39.0,8.0,8.0,115.0,16.0,28.0,1.0,3.0,1.0,206.0,157.0,4.71,18.0,2.0,1.0,900.0,317.0,10.0,141.0,179.0,84.0,,0.939,New York Black Yankees,Yankee Stadium I,,,,NBY,,NY5
1942,NN2,NE,NE,,4,35,,16,18,,,,,301.0,1816.0,481.0,83.0,20.0,34.0,184.0,10.0,18.0,0.0,12.0,0.0,234.0,188.0,3.71,34.0,3.0,2.0,1370.0,390.0,19.0,211.0,278.0,73.0,,0.963,Newark Eagles,Ruppert Stadium,,,,NE,,NW2
1942,NL,NY1,SFG,,3,154,79.0,85,67,,,N,N,675.0,5210.0,1323.0,162.0,35.0,109.0,558.0,511.0,39.0,,,,600.0,504.0,3.31,70.0,12.0,13.0,4110.0,1299.0,94.0,493.0,497.0,137.0,128.0,0.977,New York Giants,Polo Grounds IV,779621.0,101.0,102.0,NYG,NY1,NY1
1942,AL,NYA,NYY,,1,154,77.0,103,51,,,Y,N,801.0,5305.0,1429.0,223.0,57.0,108.0,591.0,556.0,69.0,33.0,,,507.0,445.0,2.91,88.0,18.0,17.0,4125.0,1259.0,71.0,431.0,558.0,142.0,190.0,0.976,New York Yankees,Yankee Stadium I,922011.0,98.0,94.0,NYY,NYA,NYA
1942,NN2,NYC,NYC,,5,22,,8,14,,,,,109.0,1021.0,226.0,40.0,9.0,1.0,83.0,23.0,6.0,1.0,6.0,3.0,185.0,148.0,5.23,15.0,0.0,2.0,764.0,272.0,12.0,104.0,139.0,63.0,,0.945,New York Cubans,Yankee Stadium I,,,,NYC,,NY6
1942,AL,PHA,OAK,,8,154,76.0,55,99,,,N,N,549.0,5285.0,1315.0,213.0,46.0,33.0,440.0,490.0,44.0,45.0,,,801.0,679.0,4.45,67.0,5.0,9.0,4122.0,1404.0,89.0,639.0,546.0,188.0,124.0,0.969,Philadelphia Athletics,Shibe Park,423487.0,100.0,104.0,PHA,PHA,PHA
1942,NL,PHI,PHI,,8,151,74.0,42,109,,,N,N,394.0,5060.0,1174.0,168.0,37.0,44.0,392.0,488.0,37.0,,,,706.0,614.0,4.12,51.0,2.0,6.0,4023.0,1328.0,61.0,605.0,472.0,193.0,147.0,0.968,Philadelphia Phillies,Shibe Park,230183.0,94.0,99.0,PHI,PHI,PHI
1942,NL,PIT,PIT,,5,151,77.0,66,81,,,N,N,585.0,5104.0,1250.0,173.0,49.0,54.0,537.0,536.0,41.0,,,,631.0,537.0,3.58,64.0,13.0,11.0,4053.0,1376.0,62.0,435.0,426.0,182.0,129.0,0.969,Pittsburgh Pirates,Forbes Field,448897.0,103.0,102.0,PIT,PIT,PIT
1942,NN2,PS,PS,,3,41,,19,22,,,,,313.0,1973.0,509.0,83.0,21.0,24.0,223.0,24.0,14.0,3.0,4.0,1.0,298.0,222.0,3.85,40.0,2.0,3.0,1557.0,514.0,23.0,173.0,231.0,97.0,,0.958,Philadelphia Stars,Parkside Athletic Field,,,,PS,,PH5
1942,AL,SLA,BAL,,3,151,77.0,82,69,,,N,N,730.0,5229.0,1354.0,239.0,62.0,98.0,609.0,607.0,37.0,38.0,,,637.0,544.0,3.59,68.0,12.0,13.0,4089.0,1387.0,63.0,505.0,488.0,167.0,143.0,0.972,St. Louis Browns,Sportsman's Park IV,255617.0,102.0,102.0,SLB,SLA,SLA
1942,NL,SLN,STL,,1,156,78.0,106,48,,,Y,Y,755.0,5421.0,1454.0,282.0,69.0,60.0,551.0,507.0,71.0,,,,482.0,399.0,2.55,70.0,18.0,15.0,4230.0,1192.0,49.0,473.0,651.0,169.0,137.0,0.972,St. Louis Cardinals,Sportsman's Park IV,553552.0,108.0,104.0,STL,SLN,SLN
1942,AL,WS1,MIN,,7,151,77.0,62,89,,,N,N,653.0,5295.0,1364.0,224.0,49.0,40.0,581.0,536.0,98.0,29.0,,,817.0,685.0,4.58,68.0,12.0,11.0,4038.0,1496.0,50.0,558.0,496.0,222.0,133.0,0.962,Washington Senators,Griffith Stadium I,403493.0,99.0,100.0,WSH,WS1,WS1
1943,NAL,BBB,BBB,,3,64,24.0,37,24,,,Y,,199.0,1468.0,364.0,42.0,15.0,7.0,134.0,1.0,32.0,,9.0,,173.0,145.0,3.49,30.0,2.0,0.0,1123.0,349.0,8.0,121.0,210.0,93.0,,0.945,Birmingham Black Barons,Rickwood Field,,,,BBB,,BIR
1943,NN2,BEG,BEG,,6,37,22.0,14,21,,,,,221.0,1665.0,414.0,55.0,26.0,10.0,149.0,0.0,33.0,,8.0,,318.0,241.0,5.12,28.0,3.0,1.0,1272.0,530.0,12.0,147.0,240.0,121.0,,0.938,Baltimore Elite Giants,Bugle Field,,,,BEG,,BLG
1943,AL,BOS,BOS,,7,155,77.0,68,84,,,N,N,563.0,5392.0,1314.0,223.0,42.0,57.0,486.0,591.0,86.0,61.0,,,607.0,547.0,3.45,62.0,13.0,16.0,4278.0,1369.0,61.0,615.0,513.0,153.0,179.0,0.976,Boston Red Sox,Fenway Park II,358275.0,102.0,101.0,BOS,BOS,BOS
1943,NL,BRO,LAD,,3,153,77.0,81,72,,,N,N,716.0,5309.0,1444.0,263.0,35.0,39.0,580.0,422.0,58.0,,,,674.0,590.0,3.88,50.0,13.0,22.0,4107.0,1326.0,59.0,637.0,588.0,167.0,137.0,0.972,Brooklyn Dodgers,Ebbets Field,661739.0,101.0,100.0,BRO,BRO,BRO
1943,NL,BSN,ATL,,6,153,77.0,68,85,,,N,N,465.0,5196.0,1213.0,202.0,36.0,39.0,469.0,609.0,56.0,,,,612.0,504.0,3.25,87.0,13.0,4.0,4191.0,1361.0,66.0,441.0,409.0,178.0,139.0,0.972,Boston Braves,Braves Field,271289.0,98.0,100.0,BSN,BSN,BSN
1943,NAL,CAG,CAG,,4,62,15.0,32,29,,,,,169.0,1250.0,344.0,47.0,18.0,13.0,65.0,7.0,18.0,,1.0,,143.0,109.0,3.24,24.0,2.0,1.0,909.0,295.0,4.0,92.0,116.0,65.0,,0.953,Chicago American Giants,Comiskey Park I,,,,CAG,,CAG
1943,NAL,CBE,CBE,,2,66,14.0,38,26,,,,,145.0,1209.0,290.0,43.0,15.0,3.0,84.0,3.0,31.0,1.0,4.0,,185.0,155.0,4.38,30.0,4.0,0.0,955.0,351.0,6.0,89.0,147.0,57.0,,0.961,Cleveland Buckeyes,Cleveland Stadium,,,,CBE,,CVB
1943,NAL,CC,IC,,6,76,19.0,25,46,,,,,143.0,1196.0,291.0,39.0,17.0,3.0,94.0,2.0,25.0,,13.0,,184.0,146.0,4.21,22.0,1.0,3.0,936.0,315.0,10.0,127.0,149.0,72.0,,0.948,Cincinnati Clowns,Crosley Field,,,,CC,,CI2
1943,AL,CHA,CHW,,4,155,76.0,82,72,,,N,N,573.0,5254.0,1297.0,193.0,46.0,33.0,561.0,581.0,173.0,87.0,,,594.0,498.0,3.2,70.0,12.0,19.0,4200.0,1352.0,54.0,501.0,476.0,166.0,167.0,0.973,Chicago White Sox,Comiskey Park,508962.0,99.0,101.0,CHW,CHA,CHA
1943,NL,CHN,CHC,,5,154,75.0,74,79,,,N,N,632.0,5279.0,1380.0,207.0,56.0,52.0,574.0,522.0,53.0,,,,600.0,510.0,3.31,67.0,13.0,14.0,4158.0,1379.0,53.0,394.0,513.0,167.0,138.0,0.973,Chicago Cubs,Wrigley Field,508247.0,98.0,98.0,CHC,CHN,CHN
1943,NL,CIN,CIN,,2,155,78.0,87,67,,,N,N,608.0,5329.0,1362.0,229.0,47.0,43.0,445.0,476.0,49.0,,,,543.0,488.0,3.13,78.0,18.0,17.0,4212.0,1299.0,38.0,579.0,498.0,121.0,193.0,0.98,Cincinnati Reds,Crosley Field,379122.0,99.0,99.0,CIN,CIN,CIN
1943,AL,CLE,CLE,,3,153,77.0,82,71,,,N,N,600.0,5269.0,1344.0,246.0,45.0,55.0,567.0,521.0,47.0,58.0,,,577.0,492.0,3.15,64.0,14.0,20.0,4218.0,1234.0,52.0,606.0,585.0,157.0,183.0,0.975,Cleveland Indians,League Park II/Cleveland Stadium,438894.0,93.0,94.0,CLE,CLE,CLE
1943,AL,DET,DET,,5,155,78.0,78,76,,,N,N,632.0,5364.0,1401.0,200.0,47.0,77.0,483.0,553.0,40.0,43.0,,,560.0,470.0,3.0,67.0,18.0,20.0,4233.0,1226.0,51.0,549.0,706.0,177.0,130.0,0.971,Detroit Tigers,Briggs Stadium,606287.0,107.0,106.0,DET,DET,DET
1943,NN2,HG,HG,,1,34,31.0,26,7,,,Y,Y,555.0,2462.0,810.0,125.0,51.0,30.0,311.0,10.0,56.0,1.0,11.0,,281.0,251.0,3.74,43.0,6.0,6.0,1813.0,595.0,13.0,218.0,284.0,87.0,,0.968,Homestead Grays,Griffith Stadium,,,,HG,,HOM
1943,NN2,HSS,SNH,,4,9,6.0,5,4,,,,,68.0,489.0,113.0,22.0,1.0,4.0,37.0,,14.0,,3.0,,65.0,54.0,3.86,7.0,2.0,0.0,378.0,109.0,4.0,62.0,104.0,26.0,,0.953,Harrisburg-St. Louis Stars,Island Park,,,,HSS,,HSL
1943,NAL,KCM,KCM,,1,50,18.0,30,19,,,,,218.0,1770.0,454.0,65.0,19.0,11.0,133.0,4.0,35.0,1.0,9.0,,209.0,165.0,3.25,20.0,5.0,4.0,1370.0,430.0,6.0,147.0,281.0,90.0,,0.956,Kansas City Monarchs,Ruppert Stadium,,,,KCM,,KCM
1943,NAL,MRS,MRS,,5,78,30.0,28,46,,,,,140.0,1026.0,266.0,30.0,12.0,3.0,93.0,4.0,19.0,,6.0,,162.0,127.0,4.37,18.0,2.0,0.0,785.0,294.0,6.0,71.0,123.0,56.0,,0.952,Memphis Red Sox,Martin Park,,,,MRS,,MEM
1943,NN2,NBY,NBY,,7,24,4.0,2,21,,,,,131.0,1077.0,256.0,36.0,14.0,4.0,90.0,3.0,18.0,,9.0,,284.0,214.0,7.21,13.0,0.0,0.0,801.0,351.0,15.0,126.0,105.0,92.0,,0.925,New York Black Yankees,Yankee Stadium I,,,,NBY,,NY5
1943,NN2,NE,NE,,3,32,19.0,18,14,,,,,191.0,1186.0,310.0,54.0,18.0,14.0,135.0,0.0,30.0,,7.0,,206.0,163.0,4.94,13.0,1.0,1.0,891.0,326.0,11.0,149.0,171.0,75.0,,0.945,Newark Eagles,Ruppert Stadium,,,,NE,,NW2
1943,NL,NY1,SFG,,8,156,77.0,55,98,,,N,N,558.0,5290.0,1309.0,153.0,33.0,81.0,480.0,470.0,35.0,,,,713.0,632.0,4.08,35.0,6.0,19.0,4182.0,1474.0,80.0,626.0,588.0,167.0,140.0,0.973,New York Giants,Polo Grounds IV,466095.0,100.0,101.0,NYG,NY1,NY1
1943,AL,NYA,NYY,,1,155,77.0,98,56,,,Y,Y,669.0,5282.0,1350.0,218.0,59.0,100.0,624.0,562.0,46.0,60.0,,,542.0,461.0,2.93,83.0,14.0,13.0,4245.0,1229.0,60.0,489.0,653.0,160.0,166.0,0.974,New York Yankees,Yankee Stadium I,618330.0,101.0,98.0,NYY,NYA,NYA
1943,NN2,NYC,NYC,,2,27,6.0,17,9,,,,,238.0,1366.0,393.0,64.0,16.0,8.0,127.0,,24.0,,12.0,,163.0,143.0,3.94,24.0,6.0,2.0,981.0,308.0,8.0,133.0,173.0,49.0,,0.966,New York Cubans,Yankee Stadium I,,,,NYC,,NY6
1943,AL,PHA,OAK,,8,155,79.0,49,105,,,N,N,497.0,5244.0,1219.0,174.0,44.0,26.0,430.0,465.0,55.0,42.0,,,717.0,627.0,4.05,73.0,5.0,13.0,4182.0,1421.0,73.0,536.0,503.0,162.0,148.0,0.973,Philadelphia Athletics,Shibe Park,376735.0,99.0,103.0,PHA,PHA,PHA
1943,NL,PHI,PHI,,7,157,78.0,64,90,,,N,N,571.0,5297.0,1321.0,186.0,36.0,66.0,499.0,556.0,29.0,,,,676.0,586.0,3.79,66.0,10.0,14.0,4176.0,1436.0,59.0,451.0,431.0,187.0,143.0,0.97,Philadelphia Blue Jays,Shibe Park,466975.0,95.0,99.0,PHI,PHI,PHI
1943,NL,PIT,PIT,,4,157,78.0,80,74,,,N,N,669.0,5353.0,1401.0,240.0,73.0,42.0,573.0,566.0,64.0,,,,605.0,480.0,3.08,74.0,11.0,12.0,4212.0,1424.0,44.0,422.0,396.0,170.0,159.0,0.973,Pittsburgh Pirates,Forbes Field,498740.0,104.0,103.0,PIT,PIT,PIT
1943,NN2,PS,PS,,5,45,31.0,19,25,,,,,320.0,1696.0,483.0,69.0,44.0,6.0,235.0,21.0,23.0,0.0,9.0,,318.0,255.0,5.37,26.0,1.0,0.0,1281.0,500.0,13.0,181.0,176.0,115.0,,0.941,Philadelphia Stars,Parkside Athletic Field,,,,PS,,PH5
1943,AL,SLA,BAL,,6,153,77.0,72,80,,,N,N,596.0,5175.0,1269.0,229.0,36.0,78.0,569.0,646.0,37.0,43.0,,,604.0,525.0,3.41,64.0,10.0,14.0,4155.0,1397.0,74.0,488.0,572.0,152.0,127.0,0.975,St. Louis Browns,Sportsman's Park IV,214392.0,104.0,102.0,SLB,SLA,SLA
1943,NL,SLN,STL,,1,157,81.0,105,49,,,Y,N,679.0,5438.0,1515.0,259.0,72.0,70.0,428.0,438.0,40.0,,,,475.0,407.0,2.57,94.0,21.0,15.0,4281.0,1246.0,33.0,477.0,639.0,151.0,183.0,0.976,St. Louis Cardinals,Sportsman's Park IV,517135.0,106.0,101.0,STL,SLN,SLN
1943,AL,WS1,MIN,,2,153,76.0,84,69,,,N,N,666.0,5233.0,1328.0,245.0,50.0,47.0,605.0,579.0,142.0,55.0,,,595.0,490.0,3.18,61.0,16.0,21.0,4164.0,1293.0,48.0,540.0,495.0,179.0,145.0,0.971,Washington Senators,Griffith Stadium I,574694.0,96.0,97.0,WSH,WS1,WS1
1944,NAL,BBB,BBB,,1,74,16.0,50,24,,,Y,,155.0,1141.0,307.0,41.0,18.0,7.0,64.0,1.0,10.0,,9.0,2.0,145.0,113.0,3.65,19.0,3.0,1.0,835.0,269.0,9.0,76.0,127.0,62.0,,0.953,Birmingham Black Barons,Rickwood Field,,,,BBB,,BIR
1944,NN2,BEG,BEG,,4,49,35.0,26,23,,,,,186.0,1210.0,349.0,65.0,15.0,14.0,95.0,2.0,11.0,1.0,5.0,0.0,166.0,137.0,4.06,21.0,2.0,2.0,912.0,331.0,9.0,89.0,166.0,56.0,,0.959,Baltimore Elite Giants,Bugle Field,,,,BEG,,BLG
1944,AL,BOS,BOS,,4,156,78.0,77,77,,,N,N,739.0,5400.0,1456.0,277.0,56.0,69.0,522.0,505.0,60.0,40.0,,,676.0,592.0,3.82,58.0,7.0,17.0,4182.0,1404.0,66.0,592.0,524.0,172.0,154.0,0.972,Boston Red Sox,Fenway Park II,506975.0,99.0,100.0,BOS,BOS,BOS
1944,NL,BRO,LAD,,7,155,77.0,63,91,,,N,N,690.0,5393.0,1450.0,255.0,51.0,56.0,486.0,451.0,45.0,,,,832.0,711.0,4.68,50.0,4.0,13.0,4101.0,1471.0,75.0,660.0,487.0,197.0,112.0,0.966,Brooklyn Dodgers,Ebbets Field,605905.0,98.0,98.0,BRO,BRO,BRO
1944,NL,BSN,ATL,,6,155,78.0,65,89,,,N,N,593.0,5282.0,1299.0,250.0,39.0,79.0,456.0,509.0,37.0,,,,674.0,566.0,3.67,70.0,13.0,12.0,4164.0,1430.0,80.0,527.0,454.0,182.0,160.0,0.971,Boston Braves,Braves Field,208691.0,104.0,106.0,BSN,BSN,BSN
1944,NAL,CAG,CAG,,5,74,17.0,31,43,,,,,73.0,759.0,200.0,24.0,11.0,2.0,58.0,9.0,13.0,3.0,1.0,2.0,105.0,74.0,3.44,18.0,0.0,0.0,580.0,203.0,1.0,57.0,89.0,61.0,,0.934,Chicago American Giants,Comiskey Park I,,,,CAG,,CAG
1944,NAL,CBE,CBE,,3,83,23.0,42,41,,,,,105.0,790.0,209.0,26.0,5.0,2.0,58.0,2.0,12.0,1.0,6.0,2.0,100.0,83.0,3.75,18.0,1.0,0.0,598.0,212.0,6.0,62.0,73.0,30.0,,0.967,Cleveland Buckeyes,League Park II,,,,CBE,,CVB
1944,AL,CHA,CHW,,7,154,77.0,71,83,,,N,N,543.0,5292.0,1307.0,210.0,55.0,23.0,439.0,448.0,66.0,47.0,,,662.0,553.0,3.58,64.0,5.0,17.0,4170.0,1411.0,68.0,420.0,481.0,183.0,154.0,0.97,Chicago White Sox,Comiskey Park,563539.0,98.0,99.0,CHW,CHA,CHA
1944,NL,CHN,CHC,,4,157,78.0,75,79,,,N,N,702.0,5462.0,1425.0,236.0,46.0,71.0,520.0,521.0,53.0,,,,669.0,558.0,3.59,70.0,11.0,13.0,4200.0,1484.0,75.0,458.0,545.0,185.0,151.0,0.97,Chicago Cubs,Wrigley Field,640110.0,99.0,97.0,CHC,CHN,CHN
1944,NAL,CIC,IC,,2,77,23.0,46,31,,,,,122.0,947.0,231.0,30.0,8.0,3.0,99.0,2.0,20.0,,5.0,2.0,132.0,97.0,3.59,17.0,1.0,1.0,729.0,268.0,3.0,63.0,110.0,63.0,,0.945,Cincinnati-Indianapolis Clowns,Crosley Field,,,,CIC,,CIA
1944,NL,CIN,CIN,,3,155,78.0,89,65,,,N,N,573.0,5271.0,1340.0,229.0,31.0,51.0,423.0,391.0,51.0,,,,537.0,461.0,2.97,93.0,17.0,12.0,4194.0,1292.0,60.0,390.0,369.0,138.0,153.0,0.978,Cincinnati Reds,Crosley Field,409567.0,96.0,97.0,CIN,CIN,CIN
1944,AL,CLE,CLE,,5,155,78.0,72,82,,,N,N,643.0,5481.0,1458.0,270.0,50.0,70.0,512.0,593.0,48.0,42.0,,,677.0,575.0,3.65,48.0,7.0,18.0,4257.0,1428.0,40.0,621.0,524.0,164.0,192.0,0.974,Cleveland Indians,League Park II/Cleveland Stadium,475272.0,96.0,96.0,CLE,CLE,CLE
1944,AL,DET,DET,,2,156,78.0,88,66,,,N,N,658.0,5344.0,1405.0,220.0,44.0,60.0,532.0,500.0,61.0,55.0,,,581.0,481.0,3.09,87.0,20.0,8.0,4200.0,1373.0,39.0,452.0,568.0,190.0,184.0,0.97,Detroit Tigers,Briggs Stadium,923176.0,105.0,103.0,DET,DET,DET
1944,NN2,HG,HG,,1,43,30.0,25,17,,,Y,Y,354.0,1942.0,563.0,89.0,35.0,28.0,206.0,5.0,27.0,,17.0,3.0,263.0,234.0,4.23,35.0,7.0,3.0,1495.0,544.0,11.0,156.0,212.0,68.0,,0.97,Homestead Grays,Griffith Stadium,,,,HG,,HOM
1944,NAL,KCM,KCM,,6,71,20.0,26,45,,,,,226.0,1764.0,444.0,59.0,24.0,9.0,116.0,0.0,27.0,,10.0,1.0,229.0,168.0,3.26,28.0,5.0,5.0,1393.0,405.0,2.0,172.0,310.0,137.0,,0.937,Kansas City Monarchs,Ruppert Stadium,,,,KCM,,KCM
1944,NAL,MRS,MRS,,4,99,25.0,44,55,,,,,105.0,1025.0,240.0,35.0,7.0,2.0,80.0,3.0,27.0,0.0,6.0,1.0,110.0,82.0,2.72,21.0,3.0,3.0,814.0,237.0,3.0,92.0,154.0,57.0,,0.952,Memphis Red Sox,Martin Park,,,,MRS,,MEM
1944,NN2,NBY,NBY,,6,32,5.0,5,27,,,,,59.0,693.0,149.0,19.0,2.0,3.0,51.0,3.0,13.0,,4.0,,169.0,146.0,7.4,12.0,0.0,0.0,533.0,258.0,9.0,77.0,76.0,38.0,,0.954,New York Black Yankees,Yankee Stadium I,,,,NBY,,NY5
1944,NN2,NE,NE,,5,46,18.0,23,23,,,,,156.0,1163.0,292.0,45.0,12.0,16.0,108.0,6.0,12.0,0.0,6.0,1.0,175.0,143.0,4.44,22.0,1.0,2.0,870.0,293.0,13.0,111.0,128.0,58.0,,0.956,Newark Eagles,Ruppert Stadium,,,,NE,,NW2
1944,NL,NY1,SFG,,5,155,75.0,67,87,,,N,N,682.0,5306.0,1398.0,191.0,47.0,93.0,512.0,480.0,39.0,,,,773.0,650.0,4.29,47.0,4.0,21.0,4089.0,1413.0,116.0,587.0,499.0,179.0,128.0,0.971,New York Giants,Polo Grounds IV,674483.0,99.0,101.0,NYG,NY1,NY1
1944,AL,NYA,NYY,,3,154,78.0,83,71,,,N,N,674.0,5331.0,1410.0,216.0,74.0,96.0,523.0,627.0,91.0,31.0,,,617.0,524.0,3.39,78.0,9.0,13.0,4170.0,1351.0,82.0,532.0,529.0,156.0,170.0,0.974,New York Yankees,Yankee Stadium I,789995.0,104.0,102.0,NYY,NYA,NYA
1944,NN2,NYC,NYC,,3,38,15.0,20,17,,,,,200.0,1326.0,344.0,50.0,13.0,8.0,94.0,8.0,19.0,0.0,19.0,3.0,169.0,141.0,3.71,17.0,1.0,2.0,1027.0,349.0,16.0,116.0,164.0,62.0,,0.96,New York Cubans,Polo Grounds IV,,,,NYC,,NY6
1944,AL,PHA,OAK,,5,155,76.0,72,82,,,N,N,525.0,5312.0,1364.0,169.0,47.0,36.0,422.0,490.0,42.0,32.0,,,594.0,506.0,3.26,72.0,10.0,14.0,4191.0,1345.0,58.0,390.0,534.0,174.0,127.0,0.971,Philadelphia Athletics,Shibe Park,505322.0,97.0,101.0,PHA,PHA,PHA
1944,NL,PHI,PHI,,8,154,79.0,61,92,,,N,N,539.0,5301.0,1331.0,199.0,42.0,55.0,470.0,500.0,32.0,,,,658.0,564.0,3.64,66.0,11.0,6.0,4185.0,1407.0,49.0,459.0,496.0,177.0,138.0,0.972,Philadelphia Blue Jays,Shibe Park,369586.0,96.0,99.0,PHI,PHI,PHI
1944,NL,PIT,PIT,,2,158,81.0,90,63,,,N,N,744.0,5428.0,1441.0,248.0,80.0,70.0,573.0,616.0,87.0,,,,662.0,540.0,3.44,77.0,10.0,19.0,4242.0,1466.0,65.0,435.0,452.0,191.0,122.0,0.97,Pittsburgh Pirates,Forbes Field,604278.0,105.0,103.0,PIT,PIT,PIT
1944,NN2,PS,PS,,2,44,31.0,26,18,,,,,356.0,1933.0,604.0,96.0,36.0,14.0,201.0,13.0,20.0,0.0,7.0,2.0,259.0,202.0,3.79,32.0,2.0,2.0,1438.0,514.0,17.0,144.0,262.0,96.0,,0.955,Philadelphia Stars,44th & Parkside,,,,PS,,PH5
1944,AL,SLA,BAL,,1,154,77.0,89,65,,,Y,N,684.0,5269.0,1328.0,223.0,45.0,72.0,531.0,604.0,44.0,33.0,,,587.0,492.0,3.17,71.0,16.0,17.0,4191.0,1392.0,58.0,469.0,581.0,171.0,142.0,0.972,St. Louis Browns,Sportsman's Park IV,508644.0,107.0,107.0,SLB,SLA,SLA
1944,NL,SLN,STL,,1,157,77.0,105,49,,,Y,Y,772.0,5475.0,1507.0,274.0,59.0,100.0,544.0,473.0,37.0,,,,490.0,423.0,2.67,89.0,26.0,12.0,4281.0,1228.0,55.0,468.0,637.0,112.0,162.0,0.981,St. Louis Cardinals,Sportsman's Park IV,461968.0,103.0,99.0,STL,SLN,SLN
1944,AL,WS1,MIN,,8,154,77.0,64,90,,,N,N,592.0,5319.0,1386.0,186.0,42.0,33.0,470.0,477.0,127.0,59.0,,,664.0,536.0,3.49,83.0,13.0,11.0,4143.0,1410.0,48.0,475.0,503.0,218.0,156.0,0.964,Washington Senators,Griffith Stadium I,525235.0,95.0,95.0,WSH,WS1,WS1
1945,NAL,BBB,BBB,,3,66,19.0,37,27,,,,,120.0,914.0,249.0,35.0,23.0,6.0,52.0,15.0,10.0,3.0,4.0,2.0,131.0,106.0,4.27,14.0,2.0,1.0,671.0,224.0,3.0,68.0,106.0,51.0,,0.95,Birmingham Black Barons,Rickwood Field,,,,BBB,,BIR
1945,NN2,BEG,BEG,,2,43,29.0,25,17,,,,,319.0,1953.0,548.0,81.0,43.0,21.0,180.0,2.0,28.0,,12.0,1.0,320.0,260.0,4.73,30.0,2.0,3.0,1485.0,537.0,13.0,188.0,295.0,108.0,,0.952,Baltimore Elite Giants,Bugle Field,,,,BEG,,BLG
1945,AL,BOS,BOS,,7,157,78.0,71,83,,,N,N,599.0,5367.0,1393.0,225.0,44.0,50.0,541.0,534.0,72.0,50.0,,,674.0,587.0,3.8,71.0,15.0,13.0,4170.0,1389.0,58.0,656.0,490.0,168.0,198.0,0.973,Boston Red Sox,Fenway Park II,603794.0,103.0,101.0,BOS,BOS,BOS
1945,NL,BRO,LAD,,3,155,78.0,87,67,,,N,N,795.0,5418.0,1468.0,257.0,71.0,57.0,629.0,434.0,75.0,,,,724.0,572.0,3.7,61.0,7.0,18.0,4176.0,1357.0,74.0,586.0,557.0,230.0,144.0,0.962,Brooklyn Dodgers,Ebbets Field,1059220.0,99.0,99.0,BRO,BRO,BRO
1945,NL,BSN,ATL,,6,154,75.0,67,85,,,N,N,721.0,5441.0,1453.0,229.0,25.0,101.0,520.0,510.0,82.0,,,,728.0,624.0,4.04,57.0,7.0,13.0,4173.0,1474.0,99.0,557.0,404.0,193.0,160.0,0.969,Boston Braves,Braves Field,374178.0,100.0,101.0,BSN,BSN,BSN
1945,NAL,CAG,CAG,,4,74,24.0,38,35,,,,,199.0,1261.0,340.0,37.0,20.0,8.0,115.0,1.0,12.0,,3.0,1.0,203.0,165.0,4.64,20.0,3.0,1.0,960.0,320.0,6.0,117.0,166.0,66.0,,0.954,Chicago American Giants,Comiskey Park I,,,,CAG,,CAG
1945,NAL,CBE,CBE,,1,68,15.0,52,15,,,Y,Y,108.0,757.0,203.0,25.0,15.0,3.0,52.0,1.0,18.0,,4.0,1.0,63.0,55.0,2.62,16.0,2.0,2.0,567.0,166.0,7.0,64.0,76.0,24.0,,0.972,Cleveland Buckeyes,League Park II,,,,CBE,,CVB
1945,AL,CHA,CHW,,6,150,74.0,71,78,,,N,N,596.0,5077.0,1330.0,204.0,55.0,22.0,470.0,467.0,78.0,54.0,,,633.0,545.0,3.69,84.0,13.0,13.0,3990.0,1400.0,63.0,448.0,486.0,180.0,139.0,0.97,Chicago White Sox,Comiskey Park,657981.0,97.0,98.0,CHW,CHA,CHA
1945,NL,CHN,CHC,,1,155,76.0,98,56,,,Y,N,735.0,5298.0,1465.0,229.0,52.0,57.0,554.0,462.0,69.0,,,,532.0,452.0,2.98,86.0,15.0,14.0,4098.0,1301.0,57.0,385.0,541.0,119.0,124.0,0.98,Chicago Cubs,Wrigley Field,1036386.0,98.0,96.0,CHC,CHN,CHN
1945,NAL,CIC,IC,,5,68,27.0,27,40,,,,,81.0,750.0,174.0,15.0,9.0,4.0,60.0,5.0,7.0,0.0,1.0,1.0,139.0,108.0,5.24,10.0,0.0,0.0,556.0,224.0,8.0,68.0,90.0,51.0,,0.944,Cincinnati-Indianapolis Clowns,Crosley Field,,,,CIC,,CIA
1945,NL,CIN,CIN,,7,154,77.0,61,93,,,N,N,536.0,5283.0,1317.0,221.0,26.0,56.0,392.0,532.0,71.0,,,,694.0,607.0,4.0,77.0,11.0,6.0,4095.0,1438.0,70.0,534.0,372.0,146.0,138.0,0.976,Cincinnati Reds,Crosley Field,290070.0,98.0,99.0,CIN,CIN,CIN
1945,AL,CLE,CLE,,5,147,77.0,73,72,,,N,N,557.0,4898.0,1249.0,216.0,48.0,65.0,505.0,578.0,19.0,31.0,,,548.0,479.0,3.31,76.0,14.0,12.0,3906.0,1269.0,39.0,501.0,497.0,126.0,149.0,0.977,Cleveland Indians,League Park II/Cleveland Stadium,558182.0,95.0,96.0,CLE,CLE,CLE
1945,AL,DET,DET,,1,155,76.0,88,65,,,Y,Y,633.0,5257.0,1345.0,227.0,47.0,77.0,517.0,533.0,60.0,54.0,,,565.0,463.0,2.99,78.0,19.0,16.0,4179.0,1305.0,48.0,538.0,588.0,158.0,173.0,0.974,Detroit Tigers,Briggs Stadium,1280341.0,107.0,105.0,DET,DET,DET
1945,NN2,HG,HG,,1,46,27.0,32,13,,,Y,,276.0,1741.0,475.0,64.0,24.0,15.0,210.0,30.0,20.0,0.0,8.0,2.0,192.0,154.0,3.07,33.0,6.0,4.0,1355.0,453.0,7.0,142.0,257.0,81.0,,0.96,Homestead Grays,Griffith Stadium,,,,HG,,HOM
1945,NAL,KCM,KCM,,2,64,22.0,35,27,,,,,273.0,1771.0,493.0,76.0,22.0,10.0,118.0,0.0,46.0,1.0,10.0,2.0,231.0,184.0,3.72,28.0,4.0,7.0,1337.0,436.0,15.0,140.0,308.0,89.0,,0.956,Kansas City Monarchs,Ruppert Stadium,,,,KCM,,KCM
1945,NAL,MRS,MRS,,6,76,25.0,15,60,,,,,107.0,826.0,187.0,31.0,10.0,8.0,67.0,0.0,7.0,1.0,6.0,0.0,157.0,122.0,5.3,16.0,0.0,1.0,621.0,249.0,7.0,70.0,89.0,48.0,,0.951,Memphis Red Sox,Martin Park,,,,MRS,,MEM
1945,NN2,NBY,NBY,,6,33,9.0,7,26,,,,,132.0,1064.0,269.0,46.0,14.0,5.0,92.0,9.0,10.0,0.0,5.0,2.0,187.0,150.0,5.09,17.0,1.0,2.0,796.0,327.0,12.0,107.0,121.0,59.0,,0.953,New York Black Yankees,Yankee Stadium I,,,,NBY,,NY5
1945,NN2,NE,NE,,3,39,19.0,21,18,,,,,107.0,789.0,190.0,22.0,7.0,12.0,78.0,2.0,9.0,,7.0,,122.0,96.0,4.45,15.0,0.0,0.0,583.0,214.0,12.0,68.0,86.0,46.0,,0.948,Newark Eagles,Ruppert Stadium,,,,NE,,NW2
1945,NL,NY1,SFG,,5,154,78.0,78,74,,,N,N,668.0,5350.0,1439.0,175.0,35.0,114.0,501.0,457.0,38.0,,,,700.0,620.0,4.06,53.0,13.0,21.0,4122.0,1401.0,85.0,528.0,530.0,166.0,112.0,0.973,New York Giants,Polo Grounds IV,1016468.0,101.0,102.0,NYG,NY1,NY1
1945,AL,NYA,NYY,,4,152,76.0,81,71,,,N,N,676.0,5176.0,1343.0,189.0,61.0,93.0,618.0,567.0,64.0,43.0,,,606.0,519.0,3.45,78.0,9.0,14.0,4065.0,1277.0,66.0,485.0,474.0,175.0,170.0,0.971,New York Yankees,Yankee Stadium I,881845.0,105.0,103.0,NYY,NYA,NYA
1945,NN2,NYC,NYC,,5,27,13.0,7,20,,,,,101.0,959.0,215.0,32.0,15.0,7.0,74.0,5.0,10.0,0.0,7.0,1.0,129.0,109.0,3.87,12.0,1.0,4.0,760.0,266.0,11.0,67.0,168.0,41.0,,0.964,New York Cubans,Polo Grounds IV,,,,NYC,,NY6
1945,AL,PHA,OAK,,8,153,77.0,52,98,,,N,N,494.0,5296.0,1297.0,201.0,37.0,33.0,449.0,463.0,25.0,45.0,,,638.0,555.0,3.62,65.0,11.0,8.0,4143.0,1380.0,55.0,571.0,531.0,152.0,160.0,0.975,Philadelphia Athletics,Shibe Park,462631.0,98.0,101.0,PHA,PHA,PHA
1945,NL,PHI,PHI,,8,154,77.0,46,108,,,N,N,548.0,5203.0,1278.0,197.0,27.0,56.0,449.0,501.0,54.0,,,,865.0,697.0,4.64,31.0,4.0,26.0,4056.0,1544.0,61.0,608.0,432.0,234.0,150.0,0.962,Philadelphia Phillies,Shibe Park,285057.0,96.0,100.0,PHI,PHI,PHI
1945,NL,PIT,PIT,,4,155,79.0,82,72,,,N,N,753.0,5343.0,1425.0,259.0,56.0,72.0,590.0,480.0,81.0,,,,686.0,579.0,3.76,73.0,8.0,16.0,4161.0,1477.0,61.0,455.0,518.0,178.0,141.0,0.971,Pittsburgh Pirates,Forbes Field,604694.0,104.0,104.0,PIT,PIT,PIT
1945,NN2,PS,PS,,4,40,26.0,21,19,,,,,294.0,1790.0,523.0,65.0,27.0,14.0,173.0,16.0,24.0,1.0,7.0,4.0,242.0,197.0,3.95,24.0,3.0,2.0,1347.0,450.0,12.0,172.0,274.0,87.0,,0.957,Philadelphia Stars,44th & Parkside,,,,PS,,PH5
1945,AL,SLA,BAL,,3,154,76.0,81,70,,,N,N,597.0,5227.0,1302.0,215.0,37.0,63.0,500.0,555.0,25.0,31.0,,,548.0,482.0,3.14,91.0,10.0,8.0,4146.0,1307.0,59.0,506.0,570.0,143.0,123.0,0.976,St. Louis Browns,Sportsman's Park IV,482986.0,106.0,106.0,SLB,SLA,SLA
1945,NL,SLN,STL,,2,155,78.0,95,59,,,N,N,756.0,5487.0,1498.0,256.0,44.0,64.0,515.0,488.0,55.0,,,,583.0,507.0,3.24,77.0,18.0,9.0,4224.0,1351.0,70.0,497.0,510.0,136.0,150.0,0.977,St. Louis Cardinals,Sportsman's Park IV,594630.0,103.0,99.0,STL,SLN,SLN
1945,AL,WS1,MIN,,2,156,78.0,87,67,,,N,N,622.0,5326.0,1375.0,197.0,63.0,27.0,545.0,489.0,110.0,65.0,,,562.0,458.0,2.92,82.0,19.0,11.0,4236.0,1307.0,42.0,440.0,550.0,183.0,124.0,0.97,Washington Senators,Griffith Stadium I,652660.0,91.0,92.0,WSH,WS1,WS1
1946,NAL,BBB,BBB,,2,66,20.0,34,31,,,,,46.0,344.0,90.0,8.0,5.0,1.0,31.0,2.0,12.0,1.0,9.0,,46.0,40.0,4.34,7.0,0.0,0.0,249.0,94.0,2.0,22.0,58.0,11.0,,0.969,Birmingham Black Barons,Rickwood Field,,,,BBB,,BIR
1946,NN2,BEG,BEG,,4,58,40.0,27,29,,,,,318.0,2153.0,560.0,88.0,35.0,15.0,224.0,1.0,48.0,0.0,19.0,,310.0,246.0,3.96,36.0,3.0,6.0,1677.0,544.0,27.0,191.0,273.0,98.0,,0.961,Baltimore Elite Giants,Bugle Field,,,,BEG,,BLG
1946,AL,BOS,BOS,,1,156,78.0,104,50,,,Y,N,792.0,5318.0,1441.0,268.0,50.0,109.0,687.0,661.0,45.0,36.0,,,594.0,524.0,3.38,79.0,15.0,20.0,4188.0,1359.0,89.0,501.0,667.0,139.0,165.0,0.977,Boston Red Sox,Fenway Park II,1416944.0,106.0,105.0,BOS,BOS,BOS
1946,NL,BRO,LAD,,2,157,79.0,96,60,,,N,N,701.0,5285.0,1376.0,233.0,66.0,55.0,691.0,575.0,100.0,,,,570.0,481.0,3.05,52.0,14.0,28.0,4254.0,1280.0,58.0,671.0,647.0,174.0,154.0,0.972,Brooklyn Dodgers,Ebbets Field,1796824.0,101.0,99.0,BRO,BRO,BRO
1946,NL,BSN,ATL,,4,154,77.0,81,72,,,N,N,630.0,5225.0,1377.0,238.0,48.0,44.0,558.0,468.0,60.0,,,,592.0,510.0,3.35,73.0,10.0,12.0,4113.0,1291.0,76.0,478.0,566.0,169.0,129.0,0.972,Boston Braves,Braves Field,969673.0,101.0,101.0,BSN,BSN,BSN
1946,NAL,CAG,CAG,,6,80,22.0,30,49,,,,,70.0,678.0,159.0,20.0,5.0,3.0,46.0,8.0,7.0,0.0,3.0,,99.0,65.0,3.42,12.0,1.0,1.0,513.0,159.0,1.0,72.0,106.0,62.0,,0.922,Chicago American Giants,Comiskey Park I,,,,CAG,,CAG
1946,NAL,CBE,CBE,,3,68,22.0,33,32,,,,,106.0,657.0,184.0,30.0,8.0,3.0,57.0,0.0,18.0,,8.0,,129.0,105.0,5.87,7.0,0.0,2.0,483.0,202.0,11.0,68.0,76.0,46.0,,0.939,Cleveland Buckeyes,League Park II,,,,CBE,,CVB
1946,AL,CHA,CHW,,5,155,79.0,74,80,,,N,N,562.0,5312.0,1364.0,206.0,44.0,37.0,501.0,600.0,78.0,64.0,,,595.0,479.0,3.1,62.0,9.0,16.0,4176.0,1348.0,80.0,508.0,550.0,173.0,170.0,0.972,Chicago White Sox,Comiskey Park,983403.0,96.0,97.0,CHW,CHA,CHA
1946,NL,CHN,CHC,,3,155,77.0,82,71,,,N,N,626.0,5298.0,1344.0,223.0,50.0,56.0,586.0,599.0,43.0,,,,581.0,501.0,3.24,59.0,15.0,11.0,4179.0,1370.0,58.0,527.0,619.0,146.0,119.0,0.976,Chicago Cubs,Wrigley Field,1342970.0,98.0,97.0,CHC,CHN,CHN
1946,NAL,CIC,IC,,4,69,24.0,31,37,,,,,135.0,902.0,233.0,30.0,8.0,3.0,89.0,11.0,19.0,,12.0,,132.0,98.0,3.92,14.0,0.0,2.0,675.0,243.0,8.0,88.0,144.0,56.0,,0.943,Cincinnati-Indianapolis Clowns,Victory Field I,,,,CIC,,CIA
1946,NL,CIN,CIN,,6,156,77.0,67,87,,,N,N,523.0,5291.0,1262.0,206.0,33.0,65.0,493.0,604.0,82.0,,,,570.0,484.0,3.08,69.0,17.0,11.0,4239.0,1334.0,70.0,467.0,506.0,152.0,192.0,0.976,Cincinnati Reds,Crosley Field,715751.0,97.0,99.0,CIN,CIN,CIN
1946,AL,CLE,CLE,,6,156,77.0,68,86,,,N,N,537.0,5242.0,1285.0,233.0,56.0,79.0,506.0,697.0,57.0,49.0,,,638.0,558.0,3.62,63.0,16.0,13.0,4164.0,1282.0,84.0,649.0,789.0,147.0,147.0,0.975,Cleveland Indians,League Park II/Cleveland Stadium,1057289.0,93.0,94.0,CLE,CLE,CLE
1946,AL,DET,DET,,2,155,79.0,92,62,,,N,N,704.0,5318.0,1373.0,212.0,41.0,108.0,622.0,616.0,65.0,41.0,,,567.0,502.0,3.22,94.0,18.0,15.0,4206.0,1277.0,97.0,497.0,896.0,155.0,138.0,0.974,Detroit Tigers,Briggs Stadium,1722590.0,107.0,105.0,DET,DET,DET
1946,NN2,HG,HG,,5,58,30.0,26,30,,,,,335.0,2050.0,572.0,77.0,29.0,33.0,217.0,4.0,43.0,,5.0,,301.0,254.0,4.49,26.0,4.0,7.0,1527.0,502.0,18.0,211.0,252.0,88.0,,0.962,Homestead Grays,Griffith Stadium,,,,HG,,HOM
1946,NAL,KCM,KCM,,1,67,22.0,48,17,,,Y,,198.0,1298.0,348.0,41.0,23.0,11.0,128.0,3.0,26.0,,7.0,,166.0,123.0,3.26,23.0,1.0,5.0,1019.0,300.0,4.0,120.0,208.0,76.0,,0.951,Kansas City Monarchs,Blues Stadium,,,,KCM,,KCM
1946,NAL,MRS,MRS,,5,76,20.0,32,42,,,,,46.0,424.0,101.0,14.0,4.0,2.0,23.0,,6.0,,4.0,,76.0,61.0,5.45,2.0,0.0,1.0,302.0,127.0,2.0,46.0,79.0,23.0,,0.949,Memphis Red Sox,Russwood Park,,,,MRS,,MEM
1946,NN2,NBY,NBY,,6,46,15.0,8,38,,,,,134.0,1417.0,319.0,42.0,7.0,5.0,125.0,16.0,16.0,1.0,8.0,,307.0,266.0,6.51,18.0,0.0,0.0,1104.0,497.0,22.0,148.0,134.0,71.0,,0.959,New York Black Yankees,Yankee Stadium I,,,,NBY,,NY5
1946,NN2,NE,NE,,1,64,33.0,46,16,,,Y,Y,410.0,2140.0,628.0,94.0,34.0,40.0,223.0,7.0,39.0,,10.0,,254.0,198.0,3.31,40.0,6.0,6.0,1617.0,501.0,17.0,179.0,313.0,103.0,,0.956,Newark Eagles,Ruppert Stadium,,,,NE,,NW2
1946,NL,NY1,SFG,,8,154,77.0,61,93,,,N,N,612.0,5191.0,1326.0,176.0,37.0,121.0,532.0,546.0,46.0,,,,685.0,589.0,3.92,47.0,8.0,13.0,4059.0,1313.0,114.0,660.0,581.0,159.0,121.0,0.973,New York Giants,Polo Grounds IV,1219873.0,100.0,101.0,NYG,NY1,NY1
1946,AL,NYA,NYY,,3,154,77.0,87,67,,,N,N,684.0,5139.0,1275.0,208.0,50.0,136.0,627.0,706.0,48.0,35.0,,,547.0,473.0,3.13,68.0,17.0,17.0,4083.0,1232.0,66.0,552.0,653.0,147.0,174.0,0.975,New York Yankees,Yankee Stadium I,2265512.0,101.0,98.0,NYY,NYA,NYA
1946,NN2,NYC,NYC,,2,50,13.0,28,21,,,,,235.0,1648.0,413.0,56.0,22.0,16.0,130.0,1.0,34.0,0.0,13.0,,235.0,203.0,4.47,19.0,3.0,5.0,1225.0,440.0,17.0,185.0,216.0,80.0,,0.957,New York Cubans,Polo Grounds IV,,,,NYC,,NY6
1946,AL,PHA,OAK,,8,155,78.0,49,105,,,N,N,529.0,5200.0,1317.0,220.0,51.0,40.0,482.0,594.0,39.0,30.0,,,680.0,582.0,3.9,61.0,10.0,5.0,4026.0,1371.0,83.0,577.0,562.0,167.0,141.0,0.971,Philadelphia Athletics,Shibe Park,621793.0,98.0,100.0,PHA,PHA,PHA
1946,NL,PHI,PHI,,5,155,78.0,69,85,,,N,N,560.0,5233.0,1351.0,209.0,40.0,80.0,417.0,590.0,41.0,,,,705.0,607.0,3.99,55.0,11.0,23.0,4107.0,1442.0,73.0,542.0,490.0,147.0,144.0,0.975,Philadelphia Phillies,Shibe Park,1045247.0,97.0,100.0,PHI,PHI,PHI
1946,NL,PIT,PIT,,7,155,78.0,63,91,,,N,N,552.0,5199.0,1300.0,202.0,52.0,60.0,592.0,555.0,48.0,,,,668.0,566.0,3.72,61.0,10.0,6.0,4110.0,1406.0,50.0,561.0,458.0,184.0,127.0,0.97,Pittsburgh Pirates,Forbes Field,749962.0,103.0,104.0,PIT,PIT,PIT
1946,NN2,PS,PS,,3,56,23.0,27,28,,,,,335.0,2136.0,569.0,65.0,15.0,14.0,253.0,7.0,15.0,0.0,5.0,,313.0,269.0,4.45,31.0,4.0,4.0,1633.0,567.0,17.0,216.0,301.0,88.0,,0.964,Philadelphia Stars,44th & Parkside,,,,PS,,PH5
1946,AL,SLA,BAL,,7,156,77.0,66,88,,,N,N,621.0,5373.0,1350.0,220.0,46.0,84.0,465.0,713.0,23.0,35.0,,,710.0,607.0,3.95,63.0,13.0,12.0,4146.0,1465.0,73.0,573.0,574.0,159.0,157.0,0.974,St. Louis Browns,Sportsman's Park IV,526435.0,106.0,107.0,SLB,SLA,SLA
1946,NL,SLN,STL,,1,156,78.0,98,58,,,Y,Y,712.0,5372.0,1426.0,265.0,56.0,81.0,530.0,537.0,58.0,,,,545.0,467.0,3.01,75.0,18.0,15.0,4191.0,1326.0,63.0,493.0,607.0,123.0,167.0,0.98,St. Louis Cardinals,Sportsman's Park IV,1061807.0,104.0,101.0,STL,SLN,SLN
1946,AL,WS1,MIN,,4,155,76.0,76,78,,,N,N,608.0,5337.0,1388.0,260.0,63.0,60.0,511.0,641.0,51.0,50.0,,,706.0,580.0,3.74,71.0,8.0,10.0,4188.0,1459.0,81.0,547.0,537.0,211.0,162.0,0.966,Washington Senators,Griffith Stadium I,1027216.0,94.0,95.0,WSH,WS1,WS1
1947,NAL,BBB,BBB,,3,79,26.0,42,37,,,,,82.0,577.0,157.0,20.0,8.0,3.0,42.0,1.0,10.0,,6.0,,91.0,80.0,5.24,6.0,0.0,1.0,412.0,172.0,8.0,48.0,71.0,18.0,,0.971,Birmingham Black Barons,Rickwood Field,,,,BBB,,BIR
1947,NN2,BEG,BEG,,3,79,49.0,41,36,,,,,367.0,2259.0,657.0,100.0,43.0,15.0,176.0,2.0,69.0,0.0,22.0,,285.0,214.0,3.31,44.0,4.0,6.0,1743.0,552.0,8.0,228.0,353.0,112.0,,0.957,Baltimore Elite Giants,Bugle Field,,,,BEG,,BLG
1947,AL,BOS,BOS,,3,157,81.0,83,71,,,N,N,720.0,5322.0,1412.0,206.0,54.0,103.0,666.0,590.0,41.0,35.0,,,669.0,589.0,3.81,64.0,13.0,19.0,4173.0,1383.0,84.0,575.0,586.0,137.0,172.0,0.977,Boston Red Sox,Fenway Park II,1427315.0,107.0,105.0,BOS,BOS,BOS
1947,NL,BRO,LAD,,1,155,78.0,94,60,,,Y,N,774.0,5249.0,1428.0,241.0,50.0,83.0,732.0,561.0,88.0,,,,668.0,584.0,3.82,47.0,14.0,34.0,4125.0,1299.0,104.0,626.0,592.0,129.0,164.0,0.978,Brooklyn Dodgers,Ebbets Field,1807526.0,104.0,101.0,BRO,BRO,BRO
1947,NL,BSN,ATL,,3,154,77.0,86,68,,,N,N,701.0,5253.0,1444.0,265.0,42.0,85.0,558.0,500.0,58.0,,,,622.0,548.0,3.62,74.0,14.0,13.0,4086.0,1342.0,93.0,453.0,494.0,153.0,124.0,0.974,Boston Braves,Braves Field,1277361.0,98.0,97.0,BSN,BSN,BSN
1947,NAL,CAG,CAG,,6,80,26.0,28,52,,,,,149.0,1039.0,274.0,41.0,10.0,5.0,96.0,0.0,13.0,0.0,10.0,,197.0,155.0,5.61,14.0,2.0,3.0,746.0,285.0,10.0,127.0,132.0,54.0,,0.953,Chicago American Giants,Comiskey Park I,,,,CAG,,CAG
1947,NAL,CBE,CBE,,1,67,18.0,49,18,,,Y,,123.0,704.0,204.0,40.0,12.0,11.0,68.0,1.0,17.0,,13.0,,121.0,87.0,4.4,11.0,2.0,2.0,534.0,194.0,8.0,71.0,92.0,52.0,,0.937,Cleveland Buckeyes,League Park II,,,,CBE,,CVB
1947,AL,CHA,CHW,,6,155,75.0,70,84,,,N,N,553.0,5274.0,1350.0,211.0,41.0,53.0,492.0,527.0,91.0,57.0,,,661.0,563.0,3.64,47.0,11.0,27.0,4173.0,1384.0,76.0,603.0,522.0,155.0,180.0,0.975,Chicago White Sox,Comiskey Park,876948.0,96.0,98.0,CHW,CHA,CHA
1947,NL,CHN,CHC,,6,155,79.0,69,85,,,N,N,567.0,5305.0,1373.0,231.0,48.0,71.0,471.0,578.0,22.0,,,,722.0,614.0,4.04,46.0,8.0,15.0,4101.0,1449.0,106.0,618.0,571.0,150.0,159.0,0.975,Chicago Cubs,Wrigley Field,1364039.0,96.0,97.0,CHC,CHN,CHN
1947,NAL,CIC,IC,,5,82,18.0,30,50,,,,,136.0,1022.0,259.0,39.0,10.0,3.0,93.0,3.0,8.0,0.0,6.0,,186.0,139.0,5.1,18.0,0.0,1.0,736.0,305.0,14.0,88.0,101.0,66.0,,0.942,Cincinnati-Indianapolis Clowns,Victory Field I,,,,CIC,,CIA
1947,NL,CIN,CIN,,5,154,77.0,73,81,,,N,N,681.0,5299.0,1372.0,242.0,43.0,95.0,539.0,530.0,46.0,,,,755.0,669.0,4.41,54.0,13.0,13.0,4095.0,1442.0,102.0,589.0,633.0,136.0,134.0,0.977,Cincinnati Reds,Crosley Field,899975.0,100.0,102.0,CIN,CIN,CIN
1947,AL,CLE,CLE,,4,157,78.0,80,74,,,N,N,687.0,5367.0,1392.0,234.0,51.0,112.0,502.0,609.0,29.0,25.0,,,588.0,536.0,3.44,55.0,13.0,29.0,4206.0,1244.0,94.0,628.0,590.0,104.0,178.0,0.983,Cleveland Indians,Cleveland Stadium,1521978.0,98.0,94.0,CLE,CLE,CLE
1947,AL,DET,DET,,2,158,80.0,85,69,,,N,N,714.0,5276.0,1363.0,234.0,42.0,103.0,762.0,565.0,52.0,60.0,,,642.0,555.0,3.57,77.0,15.0,18.0,4194.0,1382.0,79.0,531.0,648.0,155.0,142.0,0.975,Detroit Tigers,Briggs Stadium,1398093.0,104.0,103.0,DET,DET,DET
1947,NN2,HG,HG,,4,70,33.0,33,34,,,,,263.0,1988.0,503.0,83.0,18.0,27.0,184.0,6.0,57.0,0.0,13.0,,282.0,220.0,3.86,31.0,3.0,7.0,1537.0,515.0,15.0,191.0,291.0,93.0,,0.959,Homestead Grays,Griffith Stadium,,,,HG,,HOM
1947,NAL,KCM,KCM,,2,76,23.0,47,29,,,,,433.0,2176.0,633.0,105.0,38.0,33.0,244.0,4.0,79.0,0.0,23.0,,350.0,273.0,4.47,38.0,3.0,4.0,1648.0,597.0,14.0,242.0,338.0,133.0,,0.946,Kansas City Monarchs,Blues Stadium,,,,KCM,,KCM
1947,NAL,MRS,MRS,,4,88,29.0,38,48,,,,,117.0,730.0,181.0,28.0,4.0,5.0,97.0,1.0,18.0,0.0,10.0,,139.0,108.0,5.42,13.0,0.0,0.0,538.0,213.0,8.0,91.0,102.0,49.0,,0.939,Memphis Red Sox,Martin Park,,,,MRS,,MEM
1947,NN2,NBY,NBY,,6,52,13.0,11,38,,,,,161.0,1174.0,299.0,33.0,16.0,6.0,122.0,0.0,19.0,,9.0,,236.0,208.0,6.5,14.0,1.0,0.0,864.0,368.0,25.0,119.0,126.0,48.0,,0.964,New York Black Yankees,Yankee Stadium I,,,,NBY,,NY5
1947,NN2,NE,NE,,2,84,36.0,45,38,,,,,301.0,1917.0,512.0,79.0,17.0,39.0,236.0,8.0,26.0,0.0,6.0,,280.0,224.0,4.01,36.0,3.0,4.0,1510.0,525.0,18.0,169.0,284.0,94.0,,0.958,Newark Eagles,Ruppert Stadium,,,,NE,,NW2
1947,NL,NY1,SFG,,4,155,76.0,81,73,,,N,N,830.0,5343.0,1446.0,220.0,48.0,221.0,494.0,568.0,29.0,,,,761.0,672.0,4.44,58.0,6.0,14.0,4089.0,1428.0,122.0,590.0,553.0,155.0,136.0,0.974,New York Giants,Polo Grounds IV,1600793.0,101.0,100.0,NYG,NY1,NY1
1947,AL,NYA,NYY,,1,155,77.0,97,57,,,Y,Y,794.0,5308.0,1439.0,230.0,72.0,115.0,610.0,581.0,27.0,23.0,,,568.0,518.0,3.39,73.0,14.0,21.0,4122.0,1221.0,95.0,628.0,691.0,109.0,151.0,0.981,New York Yankees,Yankee Stadium I,2178937.0,99.0,95.0,NYY,NYA,NYA
1947,NN2,NYC,NYC,,1,62,13.0,43,18,,,Y,Y,227.0,1471.0,414.0,63.0,21.0,15.0,131.0,2.0,33.0,0.0,16.0,,153.0,123.0,3.01,20.0,4.0,4.0,1103.0,332.0,17.0,118.0,222.0,51.0,,0.969,New York Cubans,Polo Grounds IV,,,,NYC,,NY6
1947,AL,PHA,OAK,,5,156,78.0,78,76,,,N,N,633.0,5198.0,1311.0,218.0,52.0,61.0,605.0,563.0,37.0,33.0,,,614.0,542.0,3.51,70.0,12.0,15.0,4173.0,1291.0,85.0,597.0,493.0,143.0,161.0,0.976,Philadelphia Athletics,Shibe Park,911566.0,102.0,103.0,PHA,PHA,PHA
1947,NL,PHI,PHI,,7,155,77.0,62,92,,,N,N,589.0,5256.0,1354.0,210.0,52.0,60.0,464.0,594.0,60.0,,,,687.0,599.0,3.96,70.0,8.0,14.0,4086.0,1399.0,98.0,513.0,514.0,152.0,140.0,0.974,Philadelphia Phillies,Shibe Park,907332.0,96.0,98.0,PHI,PHI,PHI
1947,NL,PIT,PIT,,7,156,79.0,62,92,,,N,N,744.0,5307.0,1385.0,216.0,44.0,156.0,607.0,687.0,30.0,,,,817.0,714.0,4.68,44.0,9.0,13.0,4122.0,1488.0,155.0,592.0,530.0,149.0,131.0,0.975,Pittsburgh Pirates,Forbes Field,1283531.0,103.0,104.0,PIT,PIT,PIT
1947,NN2,PS,PS,,5,59,25.0,24,33,,,,,247.0,1607.0,430.0,64.0,19.0,7.0,163.0,6.0,21.0,0.0,6.0,,286.0,239.0,5.14,27.0,3.0,6.0,1255.0,466.0,24.0,160.0,243.0,66.0,,0.965,Philadelphia Stars,44th & Parkside,,,,PS,,PH5
1947,AL,SLA,BAL,,8,154,77.0,59,95,,,N,N,564.0,5145.0,1238.0,189.0,52.0,90.0,583.0,664.0,69.0,49.0,,,744.0,657.0,4.33,50.0,7.0,13.0,4095.0,1426.0,103.0,604.0,552.0,134.0,169.0,0.977,St. Louis Browns,Sportsman's Park IV,320474.0,102.0,105.0,SLB,SLA,SLA
1947,NL,SLN,STL,,2,156,77.0,89,65,,,N,N,780.0,5422.0,1462.0,235.0,65.0,115.0,612.0,511.0,28.0,,,,634.0,548.0,3.53,65.0,12.0,20.0,4191.0,1417.0,106.0,495.0,642.0,127.0,169.0,0.979,St. Louis Cardinals,Sportsman's Park IV,1247913.0,104.0,101.0,STL,SLN,SLN
1947,AL,WS1,MIN,,7,154,77.0,64,90,,,N,N,496.0,5112.0,1234.0,186.0,48.0,42.0,525.0,534.0,53.0,51.0,,,675.0,601.0,3.97,67.0,15.0,12.0,4086.0,1408.0,63.0,579.0,551.0,142.0,151.0,0.976,Washington Senators,Griffith Stadium I,850758.0,97.0,100.0,WSH,WS1,WS1
1948,NAL,BBB,BBB,,1,78,20.0,56,22,,,Y,,190.0,972.0,299.0,49.0,18.0,12.0,101.0,1.0,29.0,0.0,20.0,,137.0,100.0,3.68,15.0,3.0,2.0,734.0,275.0,11.0,83.0,152.0,55.0,,0.949,Birmingham Black Barons,Rickwood Field,,,,BBB,,BIR
1948,NN2,BEG,BEG,,2,73,52.0,46,25,,,,,321.0,1945.0,543.0,83.0,28.0,9.0,213.0,4.0,47.0,0.0,22.0,,210.0,157.0,2.73,38.0,4.0,6.0,1553.0,450.0,8.0,158.0,333.0,101.0,,0.957,Baltimore Elite Giants,Bugle Field,,,,BEG,,BLG
1948,AL,BOS,BOS,,2,155,78.0,96,59,,,N,N,907.0,5363.0,1471.0,277.0,40.0,121.0,823.0,552.0,38.0,17.0,,,720.0,653.0,4.26,70.0,11.0,13.0,4137.0,1445.0,83.0,592.0,513.0,116.0,174.0,0.981,Boston Red Sox,Fenway Park II,1558798.0,105.0,102.0,BOS,BOS,BOS
1948,NL,BRO,LAD,,3,155,78.0,84,70,,,N,N,744.0,5328.0,1393.0,256.0,54.0,91.0,601.0,684.0,114.0,,,,667.0,580.0,3.75,52.0,9.0,22.0,4176.0,1328.0,119.0,633.0,670.0,160.0,151.0,0.973,Brooklyn Dodgers,Ebbets Field,1398967.0,104.0,101.0,BRO,BRO,BRO
1948,NL,BSN,ATL,,1,154,76.0,91,62,,,Y,N,739.0,5297.0,1458.0,272.0,49.0,95.0,671.0,536.0,43.0,,,,584.0,520.0,3.37,70.0,10.0,17.0,4167.0,1354.0,93.0,430.0,579.0,143.0,132.0,0.976,Boston Braves,Braves Field,1455439.0,99.0,98.0,BSN,BSN,BSN
1948,NAL,CAG,CAG,,6,78,23.0,26,52,,,,,72.0,466.0,130.0,22.0,6.0,6.0,43.0,0.0,5.0,,7.0,,99.0,83.0,6.9,5.0,0.0,0.0,325.0,150.0,4.0,49.0,61.0,26.0,,0.947,Chicago American Giants,Comiskey Park I,,,,CAG,,CAG
1948,NAL,CBE,CBE,,3,87,14.0,42,43,,,,,122.0,757.0,205.0,34.0,12.0,7.0,70.0,4.0,23.0,0.0,12.0,,142.0,104.0,5.11,12.0,0.0,0.0,550.0,213.0,10.0,92.0,101.0,47.0,,0.944,Cleveland Buckeyes,League Park II,,,,CBE,,CVB
1948,AL,CHA,CHW,,8,154,76.0,51,101,,,N,N,559.0,5192.0,1303.0,172.0,39.0,55.0,595.0,528.0,46.0,47.0,,,814.0,731.0,4.89,35.0,2.0,23.0,4035.0,1454.0,89.0,673.0,403.0,154.0,176.0,0.974,Chicago White Sox,Comiskey Park,777844.0,96.0,99.0,CHW,CHA,CHA
1948,NL,CHN,CHC,,8,155,78.0,64,90,,,N,N,597.0,5352.0,1402.0,225.0,44.0,87.0,443.0,578.0,39.0,,,,706.0,602.0,4.0,51.0,7.0,10.0,4065.0,1355.0,89.0,619.0,636.0,172.0,152.0,0.972,Chicago Cubs,Wrigley Field,1237792.0,95.0,98.0,CHC,CHN,CHN
1948,NL,CIN,CIN,,7,153,77.0,64,89,,,N,N,588.0,5127.0,1266.0,221.0,37.0,104.0,478.0,586.0,42.0,,,,752.0,667.0,4.47,40.0,8.0,20.0,4029.0,1410.0,104.0,572.0,599.0,153.0,135.0,0.973,Cincinnati Reds,Crosley Field,823386.0,97.0,99.0,CIN,CIN,CIN
1948,AL,CLE,CLE,,1,156,79.0,97,58,,,Y,Y,840.0,5446.0,1534.0,242.0,54.0,155.0,646.0,575.0,54.0,44.0,,,568.0,504.0,3.22,66.0,26.0,30.0,4227.0,1246.0,82.0,628.0,595.0,114.0,183.0,0.982,Cleveland Indians,Cleveland Stadium,2620627.0,97.0,95.0,CLE,CLE,CLE
1948,AL,DET,DET,,5,154,77.0,78,76,,,N,N,700.0,5235.0,1396.0,219.0,58.0,78.0,671.0,504.0,22.0,32.0,,,726.0,635.0,4.15,60.0,5.0,22.0,4131.0,1367.0,92.0,589.0,678.0,155.0,143.0,0.974,Detroit Tigers,Briggs Stadium,1743035.0,103.0,102.0,DET,DET,DET
1948,NN2,HG,HG,,1,62,25.0,39,21,,,Y,Y,209.0,1396.0,359.0,54.0,18.0,20.0,144.0,5.0,38.0,0.0,13.0,,208.0,155.0,3.89,23.0,2.0,5.0,1076.0,344.0,8.0,150.0,157.0,71.0,,0.956,Homestead Grays,Griffith Stadium,,,,HG,,HOM
1948,NAL,IC,IC,,5,76,15.0,27,45,,,,,125.0,1029.0,247.0,30.0,7.0,4.0,105.0,8.0,15.0,0.0,3.0,,200.0,152.0,5.57,18.0,0.0,0.0,737.0,303.0,12.0,90.0,108.0,58.0,,0.948,Indianapolis Clowns,Victory Field I,,,,IC,,IN9
1948,NAL,KCM,KCM,,2,80,24.0,49,28,,,,,307.0,1608.0,461.0,100.0,29.0,21.0,166.0,7.0,51.0,0.0,11.0,,241.0,176.0,3.94,30.0,3.0,5.0,1205.0,402.0,11.0,164.0,291.0,91.0,,0.95,Kansas City Monarchs,Blues Stadium,,,,KCM,,KCM
1948,NAL,MRS,MRS,,4,91,38.0,39,49,,,,,65.0,460.0,115.0,22.0,9.0,4.0,41.0,2.0,11.0,,5.0,,100.0,81.0,6.59,4.0,0.0,1.0,332.0,144.0,9.0,59.0,46.0,26.0,,0.946,Memphis Red Sox,Martin Park,,,,MRS,,MEM
1948,NN2,NBY,NBY,,6,46,8.0,9,37,,,,,76.0,836.0,189.0,20.0,6.0,6.0,60.0,2.0,6.0,0.0,2.0,,158.0,127.0,5.46,8.0,1.0,1.0,628.0,252.0,12.0,80.0,96.0,40.0,,0.957,New York Black Yankees,Red Wing Stadium,,,,NBY,,NY5
1948,NN2,NE,NE,,3,57,29.0,29,27,,,,,206.0,1690.0,405.0,46.0,22.0,16.0,183.0,5.0,23.0,0.0,7.0,,209.0,154.0,3.04,32.0,6.0,4.0,1370.0,405.0,7.0,164.0,260.0,96.0,,0.953,Newark Eagles,Ruppert Stadium,,,,NE,,NW2
1948,NL,NY1,SFG,,5,155,77.0,78,76,,,N,N,780.0,5277.0,1352.0,210.0,49.0,164.0,599.0,648.0,51.0,,,,704.0,600.0,3.93,54.0,15.0,21.0,4119.0,1425.0,122.0,556.0,527.0,156.0,134.0,0.974,New York Giants,Polo Grounds IV,1459269.0,101.0,100.0,NYG,NY1,NY1
1948,AL,NYA,NYY,,3,154,77.0,94,60,,,N,N,857.0,5324.0,1480.0,251.0,75.0,139.0,623.0,478.0,24.0,24.0,,,633.0,569.0,3.75,62.0,16.0,24.0,4095.0,1289.0,94.0,641.0,654.0,120.0,161.0,0.979,New York Yankees,Yankee Stadium I,2373901.0,99.0,95.0,NYY,NYA,NYA
1948,NN2,NYC,NYC,,5,45,16.0,17,27,,,,,206.0,1458.0,400.0,76.0,28.0,11.0,124.0,3.0,23.0,0.0,4.0,,197.0,153.0,3.76,24.0,2.0,1.0,1099.0,394.0,21.0,132.0,223.0,78.0,,0.952,New York Cubans,Polo Grounds IV,,,,NYC,,NY6
1948,AL,PHA,OAK,,4,154,77.0,84,70,,,N,N,729.0,5181.0,1345.0,231.0,47.0,68.0,726.0,523.0,40.0,32.0,,,735.0,673.0,4.43,74.0,7.0,18.0,4104.0,1456.0,86.0,638.0,486.0,113.0,180.0,0.981,Philadelphia Athletics,Shibe Park,945076.0,101.0,101.0,PHA,PHA,PHA
1948,NL,PHI,PHI,,6,155,76.0,66,88,,,N,N,591.0,5287.0,1367.0,227.0,39.0,91.0,440.0,598.0,68.0,,,,729.0,617.0,4.08,61.0,6.0,15.0,4086.0,1385.0,95.0,556.0,550.0,210.0,126.0,0.964,Philadelphia Phillies,Shibe Park,767429.0,98.0,99.0,PHI,PHI,PHI
1948,NL,PIT,PIT,,4,156,80.0,83,71,,,N,N,706.0,5286.0,1388.0,191.0,54.0,108.0,580.0,578.0,68.0,,,,699.0,632.0,4.15,65.0,5.0,19.0,4113.0,1373.0,120.0,564.0,543.0,135.0,150.0,0.977,Pittsburgh Pirates,Forbes Field,1517021.0,102.0,103.0,PIT,PIT,PIT
1948,NN2,PS,PS,,4,59,7.0,27,30,,,,,210.0,1653.0,423.0,65.0,19.0,13.0,113.0,2.0,20.0,0.0,7.0,,208.0,172.0,3.69,31.0,3.0,1.0,1259.0,444.0,16.0,142.0,264.0,67.0,,0.964,Philadelphia Stars,Shibe Park,,,,PS,,PH5
1948,AL,SLA,BAL,,6,155,76.0,59,94,,,N,N,671.0,5303.0,1438.0,251.0,62.0,63.0,578.0,572.0,63.0,44.0,,,849.0,764.0,5.01,35.0,4.0,20.0,4119.0,1513.0,103.0,737.0,531.0,168.0,190.0,0.972,St. Louis Browns,Sportsman's Park IV,335564.0,103.0,106.0,SLB,SLA,SLA
1948,NL,SLN,STL,,2,155,77.0,85,69,,,N,N,742.0,5302.0,1396.0,238.0,58.0,105.0,594.0,521.0,24.0,,,,646.0,594.0,3.91,60.0,13.0,18.0,4104.0,1392.0,103.0,476.0,625.0,118.0,138.0,0.98,St. Louis Cardinals,Sportsman's Park IV,1111440.0,106.0,103.0,STL,SLN,SLN
1948,AL,WS1,MIN,,7,154,78.0,56,97,,,N,N,578.0,5111.0,1245.0,203.0,75.0,31.0,568.0,572.0,76.0,48.0,,,796.0,701.0,4.65,42.0,4.0,22.0,4071.0,1439.0,81.0,734.0,446.0,154.0,144.0,0.974,Washington Senators,Griffith Stadium I,795254.0,97.0,101.0,WSH,WS1,WS1
1949,AL,BOS,BOS,,2,155,77.0,96,58,,,N,N,896.0,5320.0,1500.0,272.0,36.0,131.0,835.0,510.0,43.0,25.0,,,667.0,607.0,3.97,84.0,16.0,16.0,4131.0,1375.0,82.0,661.0,598.0,120.0,207.0,0.98,Boston Red Sox,Fenway Park II,1596650.0,108.0,104.0,BOS,BOS,BOS
1949,NL,BRO,LAD,,1,156,78.0,97,57,,,Y,N,879.0,5400.0,1477.0,236.0,47.0,152.0,638.0,570.0,117.0,,,,651.0,594.0,3.8,62.0,15.0,17.0,4224.0,1306.0,132.0,582.0,743.0,124.0,162.0,0.979,Brooklyn Dodgers,Ebbets Field,1633747.0,105.0,102.0,BRO,BRO,BRO
1949,NL,BSN,ATL,,4,157,77.0,75,79,,,N,N,706.0,5336.0,1376.0,246.0,33.0,103.0,684.0,656.0,28.0,,,,719.0,621.0,3.99,68.0,12.0,11.0,4200.0,1466.0,110.0,520.0,589.0,149.0,144.0,0.975,Boston Braves,Braves Field,1081795.0,95.0,94.0,BSN,BSN,BSN
1949,AL,CHA,CHW,,6,154,77.0,63,91,,,N,N,648.0,5204.0,1340.0,207.0,66.0,43.0,702.0,596.0,62.0,55.0,,,737.0,651.0,4.3,57.0,10.0,17.0,4089.0,1362.0,108.0,693.0,502.0,135.0,180.0,0.978,Chicago White Sox,Comiskey Park,937151.0,96.0,99.0,CHW,CHA,CHA
1949,NL,CHN,CHC,,8,154,77.0,61,93,,,N,N,593.0,5214.0,1336.0,212.0,53.0,97.0,396.0,573.0,53.0,,,,773.0,678.0,4.5,44.0,8.0,17.0,4071.0,1487.0,104.0,575.0,544.0,187.0,160.0,0.97,Chicago Cubs,Wrigley Field,1143139.0,97.0,99.0,CHC,CHN,CHN
1949,NL,CIN,CIN,,7,156,78.0,62,92,,,N,N,627.0,5469.0,1423.0,264.0,35.0,86.0,429.0,559.0,31.0,,,,770.0,676.0,4.34,55.0,10.0,6.0,4203.0,1423.0,124.0,640.0,538.0,136.0,150.0,0.977,Cincinnati Reds,Crosley Field,707782.0,101.0,104.0,CIN,CIN,CIN
1949,AL,CLE,CLE,,3,154,77.0,89,65,,,N,N,675.0,5221.0,1358.0,194.0,58.0,112.0,601.0,534.0,44.0,40.0,,,574.0,516.0,3.36,65.0,10.0,19.0,4149.0,1275.0,82.0,611.0,594.0,103.0,192.0,0.983,Cleveland Indians,Cleveland Stadium,2233771.0,98.0,95.0,CLE,CLE,CLE
1949,AL,DET,DET,,4,155,78.0,87,67,,,N,N,751.0,5259.0,1405.0,215.0,51.0,88.0,751.0,502.0,39.0,52.0,,,655.0,584.0,3.77,70.0,19.0,12.0,4179.0,1338.0,102.0,628.0,631.0,132.0,174.0,0.978,Detroit Tigers,Briggs Stadium,1821204.0,101.0,99.0,DET,DET,DET
1949,NL,NY1,SFG,,5,156,79.0,73,81,,,N,N,736.0,5308.0,1383.0,203.0,52.0,147.0,613.0,523.0,43.0,,,,693.0,583.0,3.82,68.0,10.0,9.0,4122.0,1328.0,132.0,544.0,516.0,163.0,134.0,0.973,New York Giants,Polo Grounds IV,1218446.0,101.0,99.0,NYG,NY1,NY1
1949,AL,NYA,NYY,,1,155,78.0,97,57,,,Y,Y,829.0,5196.0,1396.0,215.0,60.0,115.0,731.0,539.0,58.0,30.0,,,637.0,562.0,3.69,59.0,12.0,36.0,4113.0,1231.0,98.0,812.0,671.0,137.0,195.0,0.977,New York Yankees,Yankee Stadium I,2283676.0,100.0,96.0,NYY,NYA,NYA
1949,AL,PHA,OAK,,5,154,77.0,81,73,,,N,N,726.0,5123.0,1331.0,214.0,49.0,82.0,783.0,493.0,36.0,25.0,,,725.0,642.0,4.23,85.0,9.0,11.0,4095.0,1359.0,105.0,758.0,490.0,140.0,217.0,0.976,Philadelphia Athletics,Shibe Park,816514.0,97.0,98.0,PHA,PHA,PHA
1949,NL,PHI,PHI,,3,154,77.0,81,73,,,N,N,662.0,5307.0,1349.0,232.0,55.0,122.0,528.0,670.0,27.0,,,,668.0,601.0,3.89,58.0,12.0,15.0,4173.0,1389.0,104.0,502.0,495.0,158.0,141.0,0.974,Philadelphia Phillies,Shibe Park,819698.0,97.0,97.0,PHI,PHI,PHI
1949,NL,PIT,PIT,,6,154,77.0,71,83,,,N,N,681.0,5214.0,1350.0,191.0,41.0,126.0,548.0,554.0,48.0,,,,760.0,689.0,4.57,53.0,9.0,15.0,4068.0,1452.0,142.0,535.0,556.0,132.0,173.0,0.978,Pittsburgh Pirates,Forbes Field,1449435.0,102.0,104.0,PIT,PIT,PIT
1949,AL,SLA,BAL,,7,155,77.0,53,101,,,N,N,667.0,5112.0,1301.0,213.0,30.0,117.0,631.0,700.0,38.0,39.0,,,913.0,776.0,5.21,43.0,3.0,16.0,4023.0,1583.0,113.0,685.0,432.0,165.0,154.0,0.972,St. Louis Browns,Sportsman's Park IV,270936.0,105.0,109.0,SLB,SLA,SLA
1949,NL,SLN,STL,,2,157,79.0,96,58,,,N,N,766.0,5463.0,1513.0,281.0,54.0,102.0,569.0,482.0,17.0,,,,616.0,538.0,3.44,64.0,13.0,19.0,4221.0,1356.0,87.0,507.0,606.0,142.0,149.0,0.977,St. Louis Cardinals,Sportsman's Park IV,1430676.0,104.0,103.0,STL,SLN,SLN
1949,AL,WS1,MIN,,8,154,77.0,50,104,,,N,N,584.0,5234.0,1330.0,207.0,41.0,81.0,593.0,495.0,46.0,33.0,,,868.0,762.0,5.1,44.0,9.0,9.0,4035.0,1438.0,79.0,779.0,451.0,161.0,168.0,0.973,Washington Senators,Griffith Stadium I,770745.0,98.0,101.0,WSH,WS1,WS1
1950,AL,BOS,BOS,,3,154,77.0,94,60,,,N,N,1027.0,5516.0,1665.0,287.0,61.0,161.0,719.0,582.0,32.0,17.0,,,804.0,739.0,4.88,66.0,6.0,28.0,4086.0,1413.0,121.0,748.0,630.0,111.0,181.0,0.981,Boston Red Sox,Fenway Park II,1344080.0,111.0,108.0,BOS,BOS,BOS
1950,NL,BRO,LAD,,2,155,78.0,89,65,,,N,N,847.0,5364.0,1461.0,247.0,46.0,194.0,607.0,632.0,77.0,,,,724.0,661.0,4.28,62.0,10.0,21.0,4167.0,1397.0,163.0,591.0,772.0,127.0,183.0,0.979,Brooklyn Dodgers,Ebbets Field,1185896.0,103.0,99.0,BRO,BRO,BRO
1950,NL,BSN,ATL,,4,156,79.0,83,71,,,N,N,785.0,5363.0,1411.0,246.0,36.0,148.0,615.0,616.0,71.0,,,,736.0,637.0,4.14,88.0,7.0,10.0,4155.0,1411.0,129.0,554.0,615.0,182.0,146.0,0.97,Boston Braves,Braves Field,944391.0,94.0,93.0,BSN,BSN,BSN
1950,AL,CHA,CHW,,6,156,79.0,60,94,,,N,N,625.0,5260.0,1368.0,172.0,47.0,93.0,551.0,566.0,19.0,22.0,,,749.0,669.0,4.41,62.0,7.0,9.0,4095.0,1370.0,107.0,734.0,566.0,135.0,181.0,0.977,Chicago White Sox,Comiskey Park,781330.0,97.0,98.0,CHW,CHA,CHA
1950,NL,CHN,CHC,,7,154,78.0,64,89,,,N,N,643.0,5230.0,1298.0,224.0,47.0,161.0,479.0,767.0,46.0,,,,772.0,652.0,4.28,55.0,9.0,19.0,4113.0,1452.0,130.0,593.0,559.0,198.0,169.0,0.968,Chicago Cubs,Wrigley Field,1165944.0,99.0,102.0,CHC,CHN,CHN
1950,NL,CIN,CIN,,6,153,76.0,66,87,,,N,N,654.0,5253.0,1366.0,257.0,27.0,99.0,504.0,497.0,37.0,,,,734.0,651.0,4.32,67.0,7.0,13.0,4071.0,1363.0,145.0,582.0,686.0,140.0,132.0,0.976,Cincinnati Reds,Crosley Field,538794.0,100.0,102.0,CIN,CIN,CIN
1950,AL,CLE,CLE,,4,155,77.0,92,62,,,N,N,806.0,5263.0,1417.0,222.0,46.0,164.0,693.0,624.0,40.0,34.0,,,654.0,574.0,3.75,69.0,11.0,16.0,4134.0,1289.0,120.0,647.0,674.0,129.0,150.0,0.978,Cleveland Indians,Cleveland Stadium,1727464.0,97.0,94.0,CLE,CLE,CLE
1950,AL,DET,DET,,2,157,81.0,95,59,,,N,N,837.0,5381.0,1518.0,285.0,50.0,114.0,722.0,480.0,23.0,40.0,,,713.0,644.0,4.12,72.0,9.0,20.0,4221.0,1444.0,141.0,553.0,576.0,120.0,194.0,0.981,Detroit Tigers,Briggs Stadium,1951474.0,103.0,102.0,DET,DET,DET
1950,NL,NY1,SFG,,3,154,76.0,86,68,,,N,N,735.0,5238.0,1352.0,204.0,50.0,133.0,627.0,629.0,42.0,,,,643.0,567.0,3.71,70.0,19.0,15.0,4125.0,1268.0,140.0,536.0,596.0,137.0,181.0,0.977,New York Giants,Polo Grounds IV,1008878.0,101.0,99.0,NYG,NY1,NY1
1950,AL,NYA,NYY,,1,155,77.0,98,56,,,Y,Y,914.0,5361.0,1511.0,234.0,70.0,159.0,687.0,463.0,41.0,28.0,,,691.0,633.0,4.15,66.0,12.0,31.0,4116.0,1322.0,118.0,708.0,712.0,119.0,188.0,0.979,New York Yankees,Yankee Stadium I,2081380.0,97.0,94.0,NYY,NYA,NYA
1950,AL,PHA,OAK,,8,154,77.0,52,102,,,N,N,670.0,5212.0,1361.0,204.0,53.0,100.0,685.0,493.0,42.0,25.0,,,913.0,821.0,5.49,50.0,3.0,18.0,4038.0,1528.0,138.0,729.0,466.0,155.0,208.0,0.974,Philadelphia Athletics,Shibe Park,309805.0,98.0,99.0,PHA,PHA,PHA
1950,NL,PHI,PHI,,1,157,78.0,91,63,,,Y,N,722.0,5426.0,1440.0,225.0,55.0,125.0,535.0,569.0,33.0,,,,624.0,547.0,3.5,57.0,13.0,27.0,4218.0,1324.0,122.0,530.0,620.0,151.0,155.0,0.975,Philadelphia Phillies,Shibe Park,1217035.0,98.0,97.0,PHI,PHI,PHI
1950,NL,PIT,PIT,,8,154,77.0,57,96,,,N,N,681.0,5327.0,1404.0,227.0,59.0,138.0,564.0,693.0,43.0,,,,857.0,754.0,4.96,42.0,6.0,16.0,4104.0,1472.0,152.0,616.0,556.0,136.0,165.0,0.977,Pittsburgh Pirates,Forbes Field,1166267.0,103.0,106.0,PIT,PIT,PIT
1950,AL,SLA,BAL,,7,154,74.0,58,96,,,N,N,684.0,5163.0,1269.0,235.0,43.0,106.0,690.0,744.0,39.0,40.0,,,916.0,789.0,5.2,56.0,7.0,14.0,4095.0,1629.0,129.0,651.0,448.0,196.0,155.0,0.967,St. Louis Browns,Sportsman's Park IV,247131.0,104.0,108.0,SLB,SLA,SLA
1950,NL,SLN,STL,,5,153,76.0,78,75,,,N,N,693.0,5215.0,1353.0,255.0,50.0,102.0,606.0,604.0,23.0,,,,670.0,598.0,3.97,57.0,10.0,14.0,4068.0,1398.0,119.0,535.0,603.0,130.0,172.0,0.978,St. Louis Cardinals,Sportsman's Park IV,1093411.0,104.0,103.0,STL,SLN,SLN
1950,AL,WS1,MIN,,5,155,78.0,67,87,,,N,N,690.0,5251.0,1365.0,190.0,53.0,76.0,671.0,606.0,42.0,25.0,,,813.0,706.0,4.66,59.0,7.0,18.0,4092.0,1479.0,99.0,648.0,486.0,167.0,181.0,0.972,Washington Senators,Griffith Stadium I,699697.0,95.0,98.0,WSH,WS1,WS1
1951,AL,BOS,BOS,,3,154,75.0,87,67,,,N,N,804.0,5378.0,1428.0,233.0,32.0,127.0,756.0,594.0,20.0,21.0,,,725.0,644.0,4.14,46.0,7.0,24.0,4197.0,1413.0,100.0,599.0,658.0,138.0,184.0,0.977,Boston Red Sox,Fenway Park II,1312282.0,110.0,109.0,BOS,BOS,BOS
1951,NL,BRO,LAD,,2,158,78.0,97,60,,,N,N,855.0,5492.0,1511.0,249.0,37.0,184.0,603.0,649.0,89.0,70.0,,,672.0,613.0,3.88,64.0,10.0,13.0,4269.0,1360.0,150.0,549.0,693.0,128.0,192.0,0.979,Brooklyn Dodgers,Ebbets Field,1282628.0,102.0,99.0,BRO,BRO,BRO
1951,NL,BSN,ATL,,4,155,78.0,76,78,,,N,N,723.0,5293.0,1385.0,234.0,37.0,130.0,565.0,617.0,80.0,34.0,,,662.0,579.0,3.75,73.0,16.0,12.0,4167.0,1378.0,96.0,595.0,604.0,145.0,157.0,0.976,Boston Braves,Braves Field,487475.0,93.0,93.0,BSN,BSN,BSN
1951,AL,CHA,CHW,,4,155,78.0,81,73,,,N,N,714.0,5378.0,1453.0,229.0,64.0,86.0,596.0,524.0,99.0,70.0,,,644.0,551.0,3.5,74.0,11.0,14.0,4254.0,1353.0,109.0,549.0,572.0,151.0,176.0,0.975,Chicago White Sox,Comiskey Park,1328234.0,98.0,98.0,CHW,CHA,CHA
1951,NL,CHN,CHC,,8,155,77.0,62,92,,,N,N,614.0,5307.0,1327.0,200.0,47.0,103.0,477.0,647.0,63.0,30.0,,,750.0,668.0,4.34,48.0,10.0,10.0,4155.0,1416.0,125.0,572.0,544.0,181.0,161.0,0.971,Chicago Cubs,Wrigley Field,894415.0,102.0,104.0,CHC,CHN,CHN
1951,NL,CIN,CIN,,6,155,77.0,68,86,,,N,N,559.0,5285.0,1309.0,215.0,33.0,88.0,415.0,577.0,44.0,40.0,,,667.0,571.0,3.7,55.0,14.0,23.0,4170.0,1357.0,119.0,490.0,584.0,140.0,141.0,0.977,Cincinnati Reds,Crosley Field,588268.0,101.0,103.0,CIN,CIN,CIN
1951,AL,CLE,CLE,,2,155,77.0,93,61,,,N,N,696.0,5250.0,1346.0,208.0,35.0,140.0,606.0,632.0,52.0,35.0,,,594.0,522.0,3.38,76.0,10.0,19.0,4173.0,1287.0,86.0,577.0,642.0,134.0,151.0,0.978,Cleveland Indians,Cleveland Stadium,1704984.0,95.0,92.0,CLE,CLE,CLE
1951,AL,DET,DET,,5,154,77.0,73,81,,,N,N,685.0,5336.0,1413.0,231.0,35.0,104.0,568.0,525.0,37.0,34.0,,,741.0,660.0,4.29,51.0,8.0,17.0,4152.0,1385.0,102.0,602.0,597.0,163.0,166.0,0.974,Detroit Tigers,Briggs Stadium,1132641.0,100.0,101.0,DET,DET,DET
1951,NL,NY1,SFG,,1,157,78.0,98,59,,,Y,N,781.0,5360.0,1396.0,201.0,53.0,179.0,671.0,624.0,55.0,34.0,,,641.0,546.0,3.48,64.0,9.0,18.0,4236.0,1334.0,148.0,482.0,625.0,170.0,175.0,0.972,New York Giants,Polo Grounds IV,1059539.0,101.0,99.0,NYG,NY1,NY1
1951,AL,NYA,NYY,,1,154,78.0,98,56,,,Y,Y,798.0,5194.0,1395.0,208.0,48.0,140.0,605.0,547.0,78.0,39.0,,,621.0,541.0,3.56,66.0,24.0,22.0,4101.0,1290.0,92.0,562.0,664.0,144.0,190.0,0.975,New York Yankees,Yankee Stadium I,1950107.0,97.0,93.0,NYY,NYA,NYA
1951,AL,PHA,OAK,,6,154,79.0,70,84,,,N,N,736.0,5277.0,1381.0,262.0,43.0,102.0,677.0,565.0,47.0,36.0,,,745.0,674.0,4.47,52.0,7.0,22.0,4074.0,1421.0,109.0,569.0,437.0,135.0,204.0,0.978,Philadelphia Athletics,Shibe Park,465469.0,101.0,103.0,PHA,PHA,PHA
1951,NL,PHI,PHI,,5,154,77.0,73,81,,,N,N,648.0,5332.0,1384.0,199.0,47.0,108.0,505.0,525.0,63.0,28.0,,,644.0,586.0,3.81,57.0,19.0,15.0,4152.0,1373.0,110.0,497.0,570.0,138.0,146.0,0.977,Philadelphia Phillies,Shibe Park,937658.0,99.0,97.0,PHI,PHI,PHI
1951,NL,PIT,PIT,,7,155,78.0,64,90,,,N,N,689.0,5318.0,1372.0,218.0,56.0,137.0,557.0,615.0,29.0,27.0,,,845.0,734.0,4.79,40.0,9.0,22.0,4140.0,1479.0,157.0,609.0,580.0,170.0,178.0,0.972,Pittsburgh Pirates,Forbes Field,980590.0,102.0,106.0,PIT,PIT,PIT
1951,AL,SLA,BAL,,8,154,77.0,52,102,,,N,N,611.0,5219.0,1288.0,223.0,47.0,86.0,521.0,693.0,35.0,38.0,,,882.0,789.0,5.18,56.0,5.0,9.0,4110.0,1525.0,131.0,801.0,550.0,171.0,179.0,0.971,St. Louis Browns,Sportsman's Park IV,293790.0,103.0,107.0,SLB,SLA,SLA
1951,NL,SLN,STL,,3,155,79.0,81,73,,,N,N,683.0,5317.0,1404.0,230.0,57.0,95.0,569.0,492.0,30.0,30.0,,,671.0,609.0,3.95,58.0,9.0,23.0,4161.0,1391.0,119.0,568.0,546.0,125.0,187.0,0.98,St. Louis Cardinals,Sportsman's Park IV,1013429.0,100.0,100.0,STL,SLN,SLN
1951,AL,WS1,MIN,,7,154,76.0,62,92,,,N,N,672.0,5329.0,1399.0,242.0,45.0,54.0,560.0,515.0,45.0,38.0,,,764.0,681.0,4.49,58.0,6.0,13.0,4098.0,1429.0,110.0,630.0,475.0,160.0,148.0,0.973,Washington Senators,Griffith Stadium I,695167.0,98.0,100.0,WSH,WS1,WS1
1952,AL,BOS,BOS,,6,154,77.0,76,78,,,N,N,668.0,5246.0,1338.0,233.0,34.0,113.0,542.0,739.0,59.0,47.0,,,658.0,579.0,3.8,53.0,7.0,24.0,4116.0,1332.0,107.0,623.0,624.0,143.0,181.0,0.976,Boston Red Sox,Fenway Park II,1115750.0,108.0,107.0,BOS,BOS,BOS
1952,NL,BRO,LAD,,1,155,80.0,96,57,,,Y,N,775.0,5266.0,1380.0,199.0,32.0,153.0,663.0,699.0,90.0,49.0,,,603.0,549.0,3.53,45.0,11.0,24.0,4197.0,1295.0,121.0,544.0,773.0,105.0,169.0,0.982,Brooklyn Dodgers,Ebbets Field,1088704.0,102.0,98.0,BRO,BRO,BRO
1952,NL,BSN,ATL,,7,155,77.0,64,89,,,N,N,569.0,5221.0,1214.0,187.0,31.0,110.0,483.0,711.0,58.0,34.0,,,651.0,586.0,3.78,63.0,11.0,13.0,4188.0,1388.0,106.0,525.0,687.0,153.0,143.0,0.975,Boston Braves,Braves Field,281278.0,97.0,98.0,BSN,BSN,BSN
1952,AL,CHA,CHW,,3,156,79.0,81,73,,,N,N,610.0,5316.0,1337.0,199.0,38.0,80.0,541.0,521.0,61.0,38.0,,,568.0,511.0,3.25,53.0,15.0,28.0,4248.0,1251.0,86.0,578.0,774.0,123.0,158.0,0.98,Chicago White Sox,Comiskey Park,1231675.0,101.0,99.0,CHW,CHA,CHA
1952,NL,CHN,CHC,,5,155,77.0,77,77,,,N,N,628.0,5330.0,1408.0,223.0,45.0,107.0,422.0,712.0,50.0,40.0,,,631.0,551.0,3.58,59.0,15.0,15.0,4158.0,1265.0,101.0,534.0,661.0,146.0,123.0,0.976,Chicago Cubs,Wrigley Field,1024826.0,101.0,103.0,CHC,CHN,CHN
1952,NL,CIN,CIN,,6,154,77.0,69,85,,,N,N,615.0,5234.0,1303.0,212.0,45.0,104.0,480.0,709.0,32.0,42.0,,,659.0,607.0,4.01,56.0,11.0,12.0,4089.0,1377.0,111.0,517.0,579.0,107.0,145.0,0.982,Cincinnati Reds,Crosley Field,604197.0,99.0,100.0,CIN,CIN,CIN
1952,AL,CLE,CLE,,2,155,77.0,93,61,,,N,N,763.0,5330.0,1399.0,211.0,49.0,148.0,626.0,749.0,46.0,39.0,,,606.0,519.0,3.32,80.0,19.0,18.0,4221.0,1278.0,94.0,556.0,671.0,155.0,141.0,0.975,Cleveland Indians,Cleveland Stadium,1444607.0,94.0,91.0,CLE,CLE,CLE
1952,AL,DET,DET,,8,156,77.0,50,104,,,N,N,557.0,5258.0,1278.0,190.0,37.0,103.0,553.0,605.0,27.0,38.0,,,738.0,655.0,4.25,51.0,10.0,14.0,4164.0,1394.0,111.0,591.0,702.0,149.0,145.0,0.975,Detroit Tigers,Briggs Stadium,1026846.0,100.0,103.0,DET,DET,DET
1952,NL,NY1,SFG,,2,154,77.0,92,62,,,N,N,722.0,5229.0,1337.0,186.0,56.0,151.0,536.0,672.0,30.0,31.0,,,639.0,547.0,3.59,49.0,12.0,31.0,4113.0,1282.0,121.0,538.0,655.0,153.0,175.0,0.974,New York Giants,Polo Grounds IV,984940.0,101.0,99.0,NYG,NY1,NY1
1952,AL,NYA,NYY,,1,154,77.0,95,59,,,Y,Y,727.0,5294.0,1411.0,221.0,56.0,129.0,566.0,652.0,52.0,42.0,,,557.0,482.0,3.14,72.0,21.0,27.0,4143.0,1240.0,94.0,581.0,666.0,127.0,199.0,0.979,New York Yankees,Yankee Stadium I,1629665.0,95.0,91.0,NYY,NYA,NYA
1952,AL,PHA,OAK,,4,155,78.0,79,75,,,N,N,664.0,5163.0,1305.0,212.0,35.0,89.0,683.0,561.0,52.0,43.0,,,723.0,638.0,4.15,73.0,11.0,16.0,4152.0,1402.0,113.0,526.0,562.0,140.0,148.0,0.977,Philadelphia Athletics,Shibe Park,627100.0,106.0,108.0,PHA,PHA,PHA
1952,NL,PHI,PHI,,4,154,76.0,87,67,,,N,N,657.0,5205.0,1353.0,237.0,45.0,93.0,540.0,534.0,60.0,41.0,,,552.0,473.0,3.07,80.0,17.0,16.0,4158.0,1306.0,95.0,373.0,609.0,150.0,145.0,0.975,Philadelphia Phillies,Shibe Park,755417.0,99.0,98.0,PHI,PHI,PHI
1952,NL,PIT,PIT,,8,155,77.0,42,112,,,N,N,515.0,5193.0,1201.0,181.0,30.0,92.0,486.0,724.0,43.0,41.0,,,793.0,704.0,4.65,43.0,5.0,8.0,4089.0,1395.0,133.0,615.0,564.0,181.0,167.0,0.97,Pittsburgh Pirates,Forbes Field,686673.0,102.0,107.0,PIT,PIT,PIT
1952,AL,SLA,BAL,,7,155,78.0,64,90,,,N,N,604.0,5353.0,1340.0,225.0,46.0,82.0,540.0,720.0,30.0,34.0,,,733.0,640.0,4.12,48.0,6.0,18.0,4197.0,1388.0,111.0,598.0,581.0,155.0,176.0,0.974,St. Louis Browns,Sportsman's Park IV,518796.0,103.0,106.0,SLB,SLA,SLA
1952,NL,SLN,STL,,3,154,77.0,88,66,,,N,N,677.0,5200.0,1386.0,247.0,54.0,97.0,537.0,479.0,33.0,32.0,,,630.0,553.0,3.66,49.0,12.0,27.0,4083.0,1274.0,119.0,501.0,712.0,141.0,159.0,0.977,St. Louis Cardinals,Sportsman's Park IV,913113.0,100.0,99.0,STL,SLN,SLN
1952,AL,WS1,MIN,,5,157,78.0,78,76,,,N,N,598.0,5357.0,1282.0,225.0,44.0,50.0,580.0,607.0,48.0,37.0,,,608.0,535.0,3.37,75.0,10.0,15.0,4287.0,1405.0,78.0,577.0,574.0,130.0,152.0,0.978,Washington Senators,Griffith Stadium I,699457.0,97.0,97.0,WSH,WS1,WS1
1953,AL,BOS,BOS,,4,153,76.0,84,69,,,N,N,656.0,5246.0,1385.0,255.0,37.0,101.0,496.0,601.0,33.0,45.0,,,632.0,546.0,3.58,41.0,15.0,37.0,4119.0,1333.0,92.0,584.0,642.0,147.0,173.0,0.976,Boston Red Sox,Fenway Park II,1026133.0,105.0,105.0,BOS,BOS,BOS
1953,NL,BRO,LAD,,1,155,78.0,105,49,,,Y,N,955.0,5373.0,1529.0,274.0,59.0,208.0,655.0,686.0,90.0,47.0,,,689.0,629.0,4.1,51.0,11.0,29.0,4140.0,1337.0,169.0,509.0,817.0,118.0,161.0,0.98,Brooklyn Dodgers,Ebbets Field,1163419.0,103.0,100.0,BRO,BRO,BRO
1953,AL,CHA,CHW,,3,156,78.0,89,65,,,N,N,716.0,5212.0,1345.0,226.0,53.0,74.0,601.0,530.0,73.0,55.0,,,592.0,532.0,3.41,57.0,17.0,33.0,4209.0,1299.0,113.0,583.0,714.0,125.0,144.0,0.98,Chicago White Sox,Comiskey Park,1191353.0,103.0,101.0,CHW,CHA,CHA
1953,NL,CHN,CHC,,7,155,77.0,65,89,,,N,N,633.0,5272.0,1372.0,204.0,57.0,137.0,514.0,746.0,49.0,21.0,,,835.0,723.0,4.79,38.0,3.0,22.0,4077.0,1491.0,151.0,554.0,623.0,193.0,141.0,0.967,Chicago Cubs,Wrigley Field,763658.0,102.0,103.0,CHC,CHN,CHN
1953,NL,CIN,CIN,,6,155,78.0,68,86,,,N,N,714.0,5343.0,1396.0,190.0,34.0,166.0,485.0,701.0,25.0,20.0,,,788.0,704.0,4.64,47.0,7.0,15.0,4095.0,1484.0,179.0,488.0,506.0,129.0,176.0,0.978,Cincinnati Reds,Crosley Field,548086.0,100.0,101.0,CIN,CIN,CIN
1953,AL,CLE,CLE,,2,155,78.0,92,62,,,N,N,770.0,5285.0,1426.0,201.0,29.0,160.0,609.0,683.0,33.0,29.0,,,627.0,555.0,3.64,81.0,11.0,15.0,4119.0,1311.0,92.0,519.0,586.0,126.0,197.0,0.979,Cleveland Indians,Cleveland Stadium,1069176.0,98.0,94.0,CLE,CLE,CLE
1953,AL,DET,DET,,6,158,79.0,60,94,,,N,N,695.0,5553.0,1479.0,259.0,44.0,108.0,506.0,603.0,30.0,35.0,,,923.0,825.0,5.25,50.0,2.0,16.0,4245.0,1633.0,154.0,585.0,645.0,131.0,149.0,0.979,Detroit Tigers,Briggs Stadium,884658.0,98.0,102.0,DET,DET,DET
1953,NL,ML1,ATL,,2,157,79.0,92,62,,,N,N,738.0,5349.0,1422.0,227.0,52.0,156.0,439.0,637.0,46.0,27.0,,,589.0,509.0,3.3,72.0,14.0,15.0,4161.0,1282.0,107.0,539.0,738.0,143.0,169.0,0.976,Milwaukee Braves,County Stadium,1826397.0,94.0,92.0,MLN,MLN,MLN
1953,NL,NY1,SFG,,5,155,77.0,70,84,,,N,N,768.0,5362.0,1452.0,195.0,45.0,176.0,499.0,608.0,31.0,21.0,,,747.0,645.0,4.25,46.0,10.0,20.0,4095.0,1403.0,146.0,610.0,647.0,150.0,151.0,0.975,New York Giants,Polo Grounds IV,811518.0,103.0,101.0,NYG,NY1,NY1
1953,AL,NYA,NYY,,1,151,77.0,99,52,,,Y,Y,801.0,5194.0,1420.0,226.0,52.0,139.0,656.0,644.0,34.0,44.0,,,547.0,483.0,3.2,50.0,18.0,39.0,4074.0,1286.0,94.0,500.0,604.0,126.0,182.0,0.979,New York Yankees,Yankee Stadium I,1537811.0,97.0,93.0,NYY,NYA,NYA
1953,AL,PHA,OAK,,7,157,78.0,59,95,,,N,N,632.0,5455.0,1398.0,205.0,38.0,116.0,498.0,602.0,41.0,24.0,,,799.0,731.0,4.67,51.0,7.0,11.0,4227.0,1475.0,121.0,594.0,566.0,136.0,161.0,0.978,Philadelphia Athletics,Connie Mack Stadium,362113.0,104.0,107.0,PHA,PHA,PHA
1953,NL,PHI,PHI,,3,156,78.0,83,71,,,N,N,716.0,5290.0,1400.0,228.0,62.0,115.0,530.0,597.0,42.0,21.0,,,666.0,578.0,3.8,76.0,13.0,15.0,4107.0,1410.0,138.0,410.0,637.0,147.0,161.0,0.975,Philadelphia Phillies,Connie Mack Stadium,853644.0,99.0,98.0,PHI,PHI,PHI
1953,NL,PIT,PIT,,8,154,77.0,50,104,,,N,N,622.0,5253.0,1297.0,178.0,49.0,99.0,524.0,715.0,41.0,39.0,,,887.0,788.0,5.22,49.0,4.0,10.0,4074.0,1529.0,168.0,577.0,607.0,163.0,139.0,0.973,Pittsburgh Pirates,Forbes Field,572757.0,99.0,104.0,PIT,PIT,PIT
1953,AL,SLA,BAL,,8,154,77.0,54,100,,,N,N,555.0,5264.0,1310.0,214.0,25.0,112.0,507.0,644.0,17.0,34.0,,,778.0,688.0,4.48,28.0,10.0,24.0,4149.0,1467.0,101.0,626.0,639.0,152.0,165.0,0.974,St. Louis Browns,Sportsman's Park IV,297238.0,102.0,106.0,SLB,SLA,SLA
1953,NL,SLN,STL,,3,157,78.0,83,71,,,N,N,768.0,5397.0,1474.0,281.0,56.0,140.0,574.0,617.0,18.0,22.0,,,713.0,651.0,4.23,51.0,11.0,36.0,4158.0,1406.0,139.0,533.0,732.0,138.0,161.0,0.977,St. Louis Cardinals,Sportsman's Park IV,880242.0,100.0,99.0,STL,SLN,SLN
1953,AL,WS1,MIN,,5,152,75.0,76,76,,,N,N,687.0,5149.0,1354.0,230.0,53.0,69.0,596.0,604.0,65.0,36.0,,,614.0,547.0,3.66,76.0,16.0,10.0,4032.0,1313.0,112.0,478.0,515.0,120.0,173.0,0.979,Washington Senators,Griffith Stadium I,595594.0,98.0,98.0,WSH,WS1,WS1
1954,AL,BAL,BAL,,7,154,77.0,54,100,,,N,N,483.0,5206.0,1309.0,195.0,49.0,52.0,468.0,634.0,30.0,31.0,,,668.0,592.0,3.88,58.0,6.0,8.0,4119.0,1279.0,78.0,688.0,668.0,147.0,152.0,0.975,Baltimore Orioles,Memorial Stadium,1060910.0,92.0,96.0,BAL,BAL,BAL
1954,AL,BOS,BOS,,4,156,79.0,69,85,,,N,N,700.0,5399.0,1436.0,244.0,41.0,123.0,654.0,660.0,51.0,30.0,,,728.0,629.0,4.01,41.0,10.0,22.0,4236.0,1434.0,118.0,612.0,707.0,176.0,163.0,0.972,Boston Red Sox,Fenway Park II,931127.0,111.0,110.0,BOS,BOS,BOS
1954,NL,BRO,LAD,,2,154,77.0,92,62,,,N,N,778.0,5251.0,1418.0,246.0,56.0,186.0,634.0,625.0,46.0,39.0,,,740.0,667.0,4.31,39.0,8.0,36.0,4179.0,1399.0,164.0,533.0,762.0,129.0,138.0,0.978,Brooklyn Dodgers,Ebbets Field,1020531.0,104.0,101.0,BRO,BRO,BRO
1954,AL,CHA,CHW,,3,155,78.0,94,60,,,N,N,711.0,5168.0,1382.0,203.0,47.0,94.0,604.0,536.0,98.0,58.0,,,521.0,469.0,3.05,60.0,23.0,33.0,4149.0,1255.0,94.0,517.0,701.0,108.0,149.0,0.982,Chicago White Sox,Comiskey Park,1231629.0,103.0,100.0,CHW,CHA,CHA
1954,NL,CHN,CHC,,7,154,77.0,64,90,,,N,N,700.0,5359.0,1412.0,229.0,45.0,159.0,478.0,693.0,46.0,31.0,,,766.0,689.0,4.51,41.0,6.0,19.0,4122.0,1375.0,131.0,619.0,622.0,154.0,164.0,0.974,Chicago Cubs,Wrigley Field,748183.0,101.0,103.0,CHC,CHN,CHN
1954,NL,CIN,CIN,,5,154,77.0,74,80,,,N,N,729.0,5234.0,1369.0,221.0,46.0,147.0,557.0,645.0,47.0,30.0,,,763.0,684.0,4.5,34.0,8.0,27.0,4101.0,1491.0,169.0,547.0,537.0,137.0,194.0,0.977,Cincinnati Redlegs,Crosley Field,704167.0,102.0,103.0,CIN,CIN,CIN
1954,AL,CLE,CLE,,1,156,77.0,111,43,,,Y,N,746.0,5222.0,1368.0,188.0,39.0,156.0,637.0,668.0,30.0,33.0,,,504.0,438.0,2.78,77.0,12.0,36.0,4257.0,1220.0,89.0,486.0,678.0,128.0,148.0,0.979,Cleveland Indians,Cleveland Stadium,1335472.0,102.0,98.0,CLE,CLE,CLE
1954,AL,DET,DET,,5,155,77.0,68,86,,,N,N,584.0,5233.0,1351.0,215.0,41.0,90.0,492.0,603.0,48.0,44.0,,,664.0,585.0,3.81,58.0,13.0,13.0,4149.0,1375.0,138.0,506.0,603.0,127.0,131.0,0.978,Detroit Tigers,Briggs Stadium,1079847.0,99.0,100.0,DET,DET,DET
1954,NL,ML1,ATL,,3,154,77.0,89,65,,,N,N,670.0,5261.0,1395.0,217.0,41.0,139.0,471.0,619.0,54.0,31.0,,,556.0,494.0,3.19,63.0,13.0,21.0,4182.0,1296.0,106.0,553.0,698.0,116.0,171.0,0.981,Milwaukee Braves,County Stadium,2131388.0,94.0,92.0,MLN,MLN,MLN
1954,NL,NY1,SFG,,1,154,76.0,97,57,,,Y,Y,732.0,5245.0,1386.0,194.0,42.0,186.0,522.0,561.0,30.0,23.0,,,550.0,477.0,3.09,45.0,19.0,33.0,4170.0,1258.0,113.0,613.0,692.0,154.0,172.0,0.974,New York Giants,Polo Grounds IV,1155067.0,101.0,100.0,NYG,NY1,NY1
1954,AL,NYA,NYY,,2,155,78.0,103,51,,,N,N,805.0,5226.0,1400.0,215.0,59.0,133.0,650.0,632.0,34.0,41.0,,,563.0,500.0,3.26,51.0,16.0,37.0,4137.0,1284.0,86.0,552.0,655.0,127.0,198.0,0.979,New York Yankees,Yankee Stadium I,1475171.0,97.0,93.0,NYY,NYA,NYA
1954,AL,PHA,OAK,,8,156,77.0,51,103,,,N,N,542.0,5206.0,1228.0,191.0,41.0,94.0,504.0,677.0,30.0,29.0,,,875.0,789.0,5.18,49.0,3.0,13.0,4113.0,1523.0,141.0,685.0,555.0,166.0,163.0,0.971,Philadelphia Athletics,Connie Mack Stadium,304666.0,100.0,105.0,PHA,PHA,PHA
1954,NL,PHI,PHI,,4,154,78.0,75,79,,,N,N,659.0,5184.0,1384.0,243.0,58.0,102.0,604.0,620.0,30.0,27.0,,,614.0,544.0,3.59,78.0,14.0,12.0,4095.0,1329.0,133.0,450.0,570.0,145.0,133.0,0.975,Philadelphia Phillies,Connie Mack Stadium,738991.0,100.0,99.0,PHI,PHI,PHI
1954,NL,PIT,PIT,,8,154,77.0,53,101,,,N,N,557.0,5088.0,1260.0,181.0,57.0,76.0,566.0,737.0,21.0,13.0,,,845.0,736.0,4.92,37.0,4.0,15.0,4038.0,1510.0,128.0,564.0,525.0,173.0,136.0,0.971,Pittsburgh Pirates,Forbes Field,475494.0,98.0,102.0,PIT,PIT,PIT
1954,NL,SLN,STL,,6,154,77.0,72,82,,,N,N,799.0,5405.0,1518.0,285.0,58.0,119.0,582.0,586.0,63.0,46.0,,,790.0,695.0,4.5,40.0,11.0,18.0,4170.0,1484.0,170.0,535.0,680.0,146.0,178.0,0.976,St. Louis Cardinals,Sportsman's Park IV,1039698.0,100.0,101.0,STL,SLN,SLN
1954,AL,WS1,MIN,,6,155,78.0,66,88,,,N,N,632.0,5249.0,1292.0,188.0,69.0,81.0,610.0,719.0,37.0,21.0,,,680.0,590.0,3.84,69.0,10.0,7.0,4149.0,1396.0,79.0,573.0,562.0,137.0,172.0,0.977,Washington Senators,Griffith Stadium I,503542.0,94.0,96.0,WSH,WS1,WS1
1955,AL,BAL,BAL,,7,156,79.0,57,97,,,N,N,540.0,5257.0,1263.0,177.0,39.0,54.0,560.0,742.0,34.0,46.0,,,754.0,649.0,4.21,35.0,10.0,20.0,4164.0,1403.0,103.0,625.0,595.0,162.0,159.0,0.973,Baltimore Orioles,Memorial Stadium,852039.0,92.0,96.0,BAL,BAL,BAL
1955,AL,BOS,BOS,,4,154,78.0,84,70,,,N,N,755.0,5273.0,1392.0,241.0,39.0,137.0,707.0,733.0,43.0,17.0,,,652.0,572.0,3.72,44.0,9.0,34.0,4152.0,1333.0,128.0,582.0,674.0,136.0,140.0,0.977,Boston Red Sox,Fenway Park II,1203200.0,110.0,109.0,BOS,BOS,BOS
1955,NL,BRO,LAD,,1,154,77.0,98,55,,,Y,Y,857.0,5193.0,1406.0,230.0,44.0,201.0,674.0,718.0,79.0,56.0,,,650.0,563.0,3.68,46.0,11.0,37.0,4134.0,1296.0,168.0,483.0,773.0,133.0,156.0,0.978,Brooklyn Dodgers,Ebbets Field,1033589.0,104.0,101.0,BRO,BRO,BRO
1955,AL,CHA,CHW,,3,155,77.0,91,63,,,N,N,725.0,5220.0,1401.0,204.0,36.0,116.0,567.0,595.0,69.0,45.0,,,557.0,516.0,3.37,55.0,20.0,23.0,4134.0,1301.0,111.0,497.0,720.0,111.0,147.0,0.981,Chicago White Sox,Comiskey Park,1175684.0,103.0,99.0,CHW,CHA,CHA
1955,NL,CHN,CHC,,6,154,77.0,72,81,,,N,N,626.0,5214.0,1287.0,187.0,55.0,164.0,428.0,806.0,37.0,35.0,,,713.0,638.0,4.17,47.0,10.0,23.0,4134.0,1306.0,153.0,601.0,686.0,147.0,147.0,0.975,Chicago Cubs,Wrigley Field,875800.0,100.0,102.0,CHC,CHN,CHN
1955,NL,CIN,CIN,,5,154,77.0,75,79,,,N,N,761.0,5270.0,1424.0,216.0,28.0,181.0,556.0,657.0,51.0,36.0,,,684.0,598.0,3.95,38.0,12.0,22.0,4089.0,1373.0,161.0,443.0,576.0,139.0,169.0,0.977,Cincinnati Redlegs,Crosley Field,693662.0,105.0,104.0,CIN,CIN,CIN
1955,AL,CLE,CLE,,2,154,77.0,93,61,,,N,N,698.0,5146.0,1325.0,195.0,31.0,148.0,723.0,715.0,28.0,24.0,,,601.0,522.0,3.39,45.0,15.0,36.0,4158.0,1285.0,111.0,558.0,877.0,108.0,152.0,0.981,Cleveland Indians,Cleveland Stadium,1221780.0,104.0,101.0,CLE,CLE,CLE
1955,AL,DET,DET,,5,154,77.0,79,75,,,N,N,775.0,5283.0,1407.0,211.0,38.0,130.0,641.0,583.0,41.0,22.0,,,658.0,581.0,3.79,66.0,16.0,12.0,4140.0,1381.0,126.0,517.0,629.0,139.0,159.0,0.976,Detroit Tigers,Briggs Stadium,1181838.0,98.0,98.0,DET,DET,DET
1955,AL,KC1,OAK,,6,155,76.0,63,91,,,N,N,638.0,5335.0,1395.0,189.0,46.0,121.0,463.0,725.0,22.0,36.0,,,911.0,822.0,5.35,29.0,9.0,22.0,4146.0,1486.0,175.0,707.0,572.0,146.0,174.0,0.976,Kansas City Athletics,Municipal Stadium I,1393054.0,100.0,105.0,KCA,KC1,KC1
1955,NL,ML1,ATL,,2,154,77.0,85,69,,,N,N,743.0,5277.0,1377.0,219.0,55.0,182.0,504.0,735.0,42.0,27.0,,,668.0,592.0,3.85,61.0,5.0,12.0,4149.0,1339.0,138.0,591.0,654.0,152.0,155.0,0.975,Milwaukee Braves,County Stadium,2005836.0,96.0,93.0,MLN,MLN,MLN
1955,NL,NY1,SFG,,3,154,79.0,80,74,,,N,N,702.0,5288.0,1377.0,173.0,34.0,169.0,497.0,581.0,38.0,22.0,,,673.0,581.0,3.77,52.0,6.0,14.0,4158.0,1347.0,155.0,560.0,721.0,141.0,165.0,0.976,New York Giants,Polo Grounds IV,824112.0,101.0,101.0,NYG,NY1,NY1
1955,AL,NYA,NYY,,1,154,77.0,96,58,,,Y,N,762.0,5161.0,1342.0,179.0,55.0,175.0,609.0,658.0,55.0,25.0,,,569.0,492.0,3.23,52.0,19.0,33.0,4116.0,1163.0,108.0,688.0,731.0,128.0,180.0,0.978,New York Yankees,Yankee Stadium I,1490138.0,99.0,95.0,NYY,NYA,NYA
1955,NL,PHI,PHI,,4,154,77.0,77,77,,,N,N,675.0,5092.0,1300.0,214.0,50.0,132.0,652.0,673.0,44.0,32.0,,,666.0,592.0,3.93,58.0,11.0,21.0,4068.0,1291.0,161.0,477.0,657.0,110.0,117.0,0.981,Philadelphia Phillies,Connie Mack Stadium,922886.0,98.0,98.0,PHI,PHI,PHI
1955,NL,PIT,PIT,,8,154,75.0,60,94,,,N,N,560.0,5173.0,1262.0,210.0,60.0,91.0,471.0,652.0,22.0,22.0,,,767.0,664.0,4.39,41.0,5.0,16.0,4086.0,1480.0,142.0,536.0,622.0,166.0,175.0,0.972,Pittsburgh Pirates,Forbes Field,469397.0,98.0,101.0,PIT,PIT,PIT
1955,NL,SLN,STL,,7,154,77.0,68,86,,,N,N,654.0,5266.0,1375.0,228.0,36.0,143.0,458.0,597.0,64.0,59.0,,,757.0,697.0,4.56,42.0,10.0,15.0,4128.0,1376.0,185.0,549.0,730.0,146.0,152.0,0.975,St. Louis Cardinals,Sportsman's Park IV,849130.0,99.0,100.0,STL,SLN,SLN
1955,AL,WS1,MIN,,8,154,77.0,53,101,,,N,N,598.0,5142.0,1277.0,178.0,54.0,80.0,538.0,654.0,25.0,32.0,,,789.0,695.0,4.62,37.0,10.0,16.0,4062.0,1450.0,99.0,634.0,607.0,154.0,170.0,0.974,Washington Senators,Griffith Stadium I,425238.0,97.0,100.0,WSH,WS1,WS1
1956,AL,BAL,BAL,,6,154,77.0,69,85,,,N,N,571.0,5090.0,1242.0,198.0,34.0,91.0,563.0,725.0,39.0,42.0,,,705.0,635.0,4.2,38.0,10.0,24.0,4080.0,1362.0,99.0,547.0,715.0,133.0,142.0,0.977,Baltimore Orioles,Memorial Stadium,901201.0,92.0,94.0,BAL,BAL,BAL
1956,AL,BOS,BOS,,4,155,78.0,84,70,,,N,N,780.0,5349.0,1473.0,261.0,45.0,139.0,727.0,687.0,28.0,19.0,,,751.0,648.0,4.17,50.0,8.0,20.0,4194.0,1354.0,130.0,668.0,712.0,169.0,168.0,0.972,Boston Red Sox,Fenway Park II,1137158.0,113.0,111.0,BOS,BOS,BOS
1956,NL,BRO,LAD,,1,154,77.0,93,61,,,Y,N,720.0,5098.0,1315.0,212.0,36.0,179.0,649.0,738.0,65.0,37.0,,,601.0,543.0,3.57,46.0,12.0,30.0,4104.0,1251.0,171.0,441.0,772.0,111.0,149.0,0.981,Brooklyn Dodgers,Ebbets Field,1213562.0,109.0,107.0,BRO,BRO,BRO
1956,AL,CHA,CHW,,3,154,77.0,85,69,,,N,N,776.0,5286.0,1412.0,218.0,43.0,128.0,619.0,660.0,70.0,33.0,,,634.0,576.0,3.73,65.0,11.0,13.0,4167.0,1351.0,118.0,524.0,722.0,122.0,160.0,0.979,Chicago White Sox,Comiskey Park,1000090.0,101.0,99.0,CHW,CHA,CHA
1956,NL,CHN,CHC,,8,157,80.0,60,94,,,N,N,597.0,5260.0,1281.0,202.0,50.0,142.0,446.0,776.0,55.0,38.0,,,708.0,612.0,3.96,37.0,6.0,17.0,4176.0,1325.0,161.0,613.0,744.0,143.0,141.0,0.976,Chicago Cubs,Wrigley Field,720118.0,99.0,101.0,CHC,CHN,CHN
1956,NL,CIN,CIN,,3,155,77.0,91,63,,,N,N,775.0,5291.0,1406.0,201.0,32.0,221.0,528.0,760.0,45.0,22.0,,,658.0,594.0,3.85,47.0,4.0,29.0,4167.0,1406.0,141.0,458.0,653.0,113.0,147.0,0.981,Cincinnati Redlegs,Crosley Field,1125928.0,106.0,105.0,CIN,CIN,CIN
1956,AL,CLE,CLE,,2,155,77.0,88,66,,,N,N,712.0,5148.0,1256.0,199.0,23.0,153.0,681.0,764.0,40.0,32.0,,,581.0,511.0,3.32,67.0,17.0,24.0,4152.0,1233.0,116.0,564.0,845.0,129.0,130.0,0.978,Cleveland Indians,Cleveland Stadium,865467.0,103.0,101.0,CLE,CLE,CLE
1956,AL,DET,DET,,5,155,78.0,82,72,,,N,N,789.0,5364.0,1494.0,209.0,50.0,150.0,644.0,618.0,43.0,26.0,,,699.0,622.0,4.06,62.0,10.0,15.0,4137.0,1389.0,140.0,655.0,788.0,140.0,151.0,0.976,Detroit Tigers,Briggs Stadium,1051182.0,101.0,100.0,DET,DET,DET
1956,AL,KC1,OAK,,8,154,77.0,52,102,,,N,N,619.0,5256.0,1325.0,204.0,41.0,112.0,480.0,727.0,40.0,30.0,,,831.0,740.0,4.86,30.0,3.0,18.0,4110.0,1424.0,187.0,679.0,636.0,166.0,187.0,0.973,Kansas City Athletics,Municipal Stadium I,1015154.0,100.0,104.0,KCA,KC1,KC1
1956,NL,ML1,ATL,,2,155,77.0,92,62,,,N,N,709.0,5207.0,1350.0,212.0,54.0,177.0,486.0,714.0,29.0,20.0,,,569.0,481.0,3.11,64.0,12.0,27.0,4179.0,1295.0,133.0,467.0,639.0,130.0,159.0,0.979,Milwaukee Braves,County Stadium,2046331.0,94.0,92.0,MLN,MLN,MLN
1956,NL,NY1,SFG,,6,154,77.0,67,87,,,N,N,540.0,5190.0,1268.0,192.0,45.0,145.0,402.0,659.0,67.0,34.0,,,650.0,579.0,3.78,31.0,9.0,28.0,4134.0,1287.0,144.0,551.0,765.0,144.0,143.0,0.976,New York Giants,Polo Grounds IV,629179.0,99.0,100.0,NYG,NY1,NY1
1956,AL,NYA,NYY,,1,154,77.0,97,57,,,Y,Y,857.0,5312.0,1433.0,193.0,55.0,190.0,615.0,755.0,51.0,37.0,,,631.0,557.0,3.63,50.0,10.0,35.0,4146.0,1285.0,114.0,652.0,732.0,135.0,214.0,0.977,New York Yankees,Yankee Stadium I,1491784.0,97.0,93.0,NYY,NYA,NYA
1956,NL,PHI,PHI,,5,154,77.0,71,83,,,N,N,668.0,5204.0,1313.0,207.0,49.0,121.0,585.0,673.0,45.0,23.0,,,738.0,643.0,4.2,57.0,4.0,15.0,4131.0,1407.0,172.0,437.0,750.0,144.0,140.0,0.975,Philadelphia Phillies,Connie Mack Stadium,934798.0,98.0,99.0,PHI,PHI,PHI
1956,NL,PIT,PIT,,7,157,78.0,66,88,,,N,N,588.0,5221.0,1340.0,199.0,57.0,110.0,383.0,752.0,24.0,33.0,,,653.0,572.0,3.74,37.0,8.0,24.0,4128.0,1406.0,142.0,469.0,662.0,162.0,140.0,0.973,Pittsburgh Pirates,Forbes Field,949878.0,97.0,100.0,PIT,PIT,PIT
1956,NL,SLN,STL,,4,156,78.0,76,78,,,N,N,678.0,5378.0,1443.0,234.0,49.0,124.0,503.0,622.0,41.0,35.0,,,698.0,612.0,3.97,41.0,12.0,30.0,4164.0,1339.0,155.0,546.0,709.0,134.0,172.0,0.978,St. Louis Cardinals,Sportsman's Park IV,1029773.0,100.0,100.0,STL,SLN,SLN
1956,AL,WS1,MIN,,7,155,77.0,59,95,,,N,N,652.0,5202.0,1302.0,198.0,62.0,112.0,690.0,877.0,37.0,34.0,,,924.0,810.0,5.33,36.0,1.0,18.0,4104.0,1539.0,171.0,730.0,663.0,168.0,173.0,0.972,Washington Senators,Griffith Stadium II,431647.0,96.0,100.0,WSH,WS1,WS1
1957,AL,BAL,BAL,,5,154,77.0,76,76,,,N,N,597.0,5264.0,1326.0,191.0,39.0,87.0,504.0,699.0,57.0,35.0,,,588.0,541.0,3.46,44.0,13.0,25.0,4224.0,1272.0,95.0,493.0,767.0,109.0,159.0,0.982,Baltimore Orioles,Memorial Stadium,1029581.0,93.0,94.0,BAL,BAL,BAL
1957,AL,BOS,BOS,,3,154,77.0,82,72,,,N,N,721.0,5267.0,1380.0,231.0,32.0,153.0,624.0,739.0,29.0,21.0,,,668.0,593.0,3.88,55.0,9.0,23.0,4128.0,1391.0,116.0,498.0,692.0,149.0,179.0,0.976,Boston Red Sox,Fenway Park II,1181087.0,106.0,105.0,BOS,BOS,BOS
1957,NL,BRO,LAD,,3,154,77.0,84,70,,,N,N,690.0,5242.0,1325.0,188.0,38.0,147.0,550.0,848.0,60.0,34.0,,,591.0,521.0,3.35,44.0,18.0,29.0,4197.0,1285.0,144.0,456.0,891.0,127.0,136.0,0.979,Brooklyn Dodgers,Ebbets Field,1028258.0,109.0,107.0,BRO,BRO,BRO
1957,AL,CHA,CHW,,2,155,77.0,90,64,,,N,N,707.0,5265.0,1369.0,208.0,41.0,106.0,633.0,745.0,109.0,51.0,,,566.0,521.0,3.35,59.0,16.0,27.0,4203.0,1305.0,124.0,470.0,665.0,107.0,169.0,0.982,Chicago White Sox,Comiskey Park,1135668.0,101.0,99.0,CHW,CHA,CHA
1957,NL,CHN,CHC,,7,156,78.0,62,92,,,N,N,628.0,5369.0,1312.0,223.0,31.0,147.0,461.0,989.0,28.0,25.0,,,722.0,644.0,4.13,30.0,5.0,26.0,4209.0,1397.0,144.0,601.0,859.0,137.0,140.0,0.976,Chicago Cubs,Wrigley Field,670629.0,99.0,100.0,CHC,CHN,CHN
1957,NL,CIN,CIN,,4,154,77.0,80,74,,,N,N,747.0,5389.0,1452.0,251.0,33.0,187.0,546.0,752.0,51.0,36.0,,,781.0,716.0,4.62,40.0,5.0,29.0,4185.0,1486.0,179.0,429.0,707.0,107.0,139.0,0.982,Cincinnati Redlegs,Crosley Field,1070850.0,106.0,105.0,CIN,CIN,CIN
1957,AL,CLE,CLE,,6,153,77.0,76,77,,,N,N,682.0,5171.0,1304.0,199.0,26.0,140.0,591.0,786.0,40.0,47.0,,,722.0,623.0,4.06,46.0,7.0,23.0,4140.0,1381.0,130.0,618.0,807.0,147.0,154.0,0.974,Cleveland Indians,Cleveland Stadium,722256.0,100.0,99.0,CLE,CLE,CLE
1957,AL,DET,DET,,4,154,77.0,78,76,,,N,N,614.0,5348.0,1376.0,224.0,37.0,116.0,504.0,643.0,36.0,47.0,,,614.0,561.0,3.56,52.0,9.0,21.0,4251.0,1330.0,147.0,505.0,756.0,121.0,151.0,0.98,Detroit Tigers,Briggs Stadium,1272346.0,103.0,102.0,DET,DET,DET
1957,AL,KC1,OAK,,7,154,77.0,59,94,,,N,N,563.0,5170.0,1262.0,195.0,40.0,166.0,364.0,760.0,35.0,27.0,,,710.0,637.0,4.19,26.0,6.0,19.0,4107.0,1344.0,153.0,565.0,626.0,125.0,162.0,0.979,Kansas City Athletics,Municipal Stadium I,901067.0,101.0,104.0,KCA,KC1,KC1
1957,NL,ML1,ATL,,1,155,78.0,95,59,,,Y,Y,772.0,5458.0,1469.0,221.0,62.0,199.0,461.0,729.0,35.0,16.0,,,613.0,544.0,3.47,60.0,9.0,24.0,4233.0,1347.0,124.0,570.0,693.0,120.0,173.0,0.981,Milwaukee Braves,County Stadium,2215404.0,93.0,90.0,MLN,MLN,MLN
1957,NL,NY1,SFG,,6,154,77.0,69,85,,,N,N,643.0,5346.0,1349.0,171.0,54.0,157.0,447.0,669.0,64.0,38.0,,,701.0,623.0,4.01,35.0,9.0,20.0,4194.0,1436.0,150.0,471.0,701.0,161.0,180.0,0.974,New York Giants,Polo Grounds IV,653923.0,100.0,102.0,NYG,NY1,NY1
1957,AL,NYA,NYY,,1,154,77.0,98,56,,,Y,N,723.0,5271.0,1412.0,200.0,54.0,145.0,562.0,709.0,49.0,38.0,,,534.0,465.0,3.0,41.0,13.0,42.0,4185.0,1198.0,110.0,580.0,810.0,123.0,183.0,0.98,New York Yankees,Yankee Stadium I,1497134.0,99.0,95.0,NYY,NYA,NYA
1957,NL,PHI,PHI,,5,156,78.0,77,77,,,N,N,623.0,5241.0,1311.0,213.0,44.0,117.0,534.0,758.0,57.0,26.0,,,656.0,590.0,3.79,54.0,9.0,23.0,4203.0,1363.0,139.0,412.0,858.0,136.0,117.0,0.976,Philadelphia Phillies,Connie Mack Stadium,1146230.0,97.0,98.0,PHI,PHI,PHI
1957,NL,PIT,PIT,,7,155,77.0,62,92,,,N,N,586.0,5402.0,1447.0,231.0,60.0,92.0,374.0,733.0,46.0,35.0,,,696.0,601.0,3.88,47.0,9.0,15.0,4185.0,1463.0,158.0,421.0,663.0,170.0,143.0,0.972,Pittsburgh Pirates,Forbes Field,850732.0,97.0,98.0,PIT,PIT,PIT
1957,NL,SLN,STL,,2,154,77.0,87,67,,,N,N,737.0,5472.0,1497.0,235.0,43.0,132.0,493.0,672.0,58.0,44.0,,,666.0,593.0,3.78,46.0,11.0,29.0,4239.0,1385.0,140.0,506.0,778.0,131.0,168.0,0.979,St. Louis Cardinals,Sportsman's Park IV,1183575.0,102.0,102.0,STL,SLN,SLN
1957,AL,WS1,MIN,,8,154,77.0,55,99,,,N,N,603.0,5231.0,1274.0,215.0,38.0,111.0,527.0,733.0,13.0,38.0,,,808.0,742.0,4.85,31.0,5.0,16.0,4131.0,1482.0,149.0,580.0,691.0,128.0,159.0,0.979,Washington Senators,Griffith Stadium II,457079.0,98.0,102.0,WSH,WS1,WS1
1958,AL,BAL,BAL,,6,154,78.0,74,79,,,N,N,521.0,5111.0,1233.0,195.0,19.0,108.0,483.0,731.0,33.0,35.0,,,575.0,517.0,3.4,55.0,15.0,28.0,4107.0,1277.0,106.0,403.0,749.0,114.0,159.0,0.98,Baltimore Orioles,Memorial Stadium,829991.0,94.0,95.0,BAL,BAL,BAL
1958,AL,BOS,BOS,,3,155,77.0,79,75,,,N,N,697.0,5218.0,1335.0,229.0,30.0,155.0,638.0,820.0,29.0,22.0,,,691.0,601.0,3.92,44.0,5.0,28.0,4140.0,1396.0,121.0,521.0,695.0,145.0,172.0,0.976,Boston Red Sox,Fenway Park II,1077047.0,106.0,106.0,BOS,BOS,BOS
1958,AL,CHA,CHW,,2,155,77.0,82,72,,,N,N,634.0,5249.0,1348.0,191.0,42.0,101.0,518.0,669.0,101.0,33.0,,,615.0,557.0,3.61,55.0,15.0,25.0,4167.0,1296.0,152.0,515.0,751.0,113.0,160.0,0.981,Chicago White Sox,Comiskey Park,797451.0,99.0,97.0,CHW,CHA,CHA
1958,NL,CHN,CHC,,5,154,77.0,72,82,,,N,N,709.0,5289.0,1402.0,207.0,49.0,182.0,487.0,853.0,39.0,23.0,,,725.0,638.0,4.22,27.0,5.0,24.0,4083.0,1322.0,142.0,619.0,805.0,150.0,161.0,0.975,Chicago Cubs,Wrigley Field,979904.0,98.0,99.0,CHC,CHN,CHN
1958,NL,CIN,CIN,,4,154,77.0,76,78,,,N,N,695.0,5273.0,1359.0,242.0,40.0,123.0,572.0,765.0,61.0,38.0,,,621.0,574.0,3.73,50.0,7.0,20.0,4155.0,1422.0,148.0,419.0,705.0,99.0,148.0,0.983,Cincinnati Redlegs,Crosley Field,788582.0,106.0,105.0,CIN,CIN,CIN
1958,AL,CLE,CLE,,4,153,76.0,77,76,,,N,N,694.0,5201.0,1340.0,210.0,31.0,161.0,494.0,819.0,50.0,49.0,,,635.0,569.0,3.73,51.0,2.0,20.0,4119.0,1283.0,123.0,604.0,766.0,152.0,171.0,0.974,Cleveland Indians,Cleveland Stadium,663805.0,99.0,98.0,CLE,CLE,CLE
1958,AL,DET,DET,,5,154,77.0,77,77,,,N,N,659.0,5194.0,1384.0,229.0,41.0,109.0,463.0,678.0,48.0,32.0,,,606.0,541.0,3.59,59.0,8.0,19.0,4071.0,1294.0,133.0,437.0,797.0,106.0,140.0,0.982,Detroit Tigers,Briggs Stadium,1098924.0,107.0,107.0,DET,DET,DET
1958,AL,KC1,OAK,,7,156,78.0,73,81,,,N,N,642.0,5261.0,1297.0,196.0,50.0,138.0,452.0,747.0,22.0,36.0,,,713.0,645.0,4.15,42.0,9.0,25.0,4194.0,1405.0,150.0,467.0,721.0,125.0,166.0,0.979,Kansas City Athletics,Municipal Stadium I,925090.0,102.0,104.0,KCA,KC1,KC1
1958,NL,LAN,LAD,,7,154,77.0,71,83,,,N,N,668.0,5173.0,1297.0,166.0,50.0,172.0,495.0,850.0,73.0,47.0,,,761.0,679.0,4.47,30.0,7.0,31.0,4104.0,1399.0,173.0,606.0,855.0,145.0,198.0,0.975,Los Angeles Dodgers,Los Angeles Memorial Coliseum,1845556.0,104.0,104.0,LAD,LAN,LAN
1958,NL,ML1,ATL,,1,154,77.0,92,62,,,Y,N,675.0,5225.0,1388.0,221.0,21.0,167.0,478.0,646.0,26.0,8.0,,,541.0,491.0,3.21,72.0,16.0,17.0,4128.0,1261.0,125.0,426.0,773.0,119.0,152.0,0.98,Milwaukee Braves,County Stadium,1971101.0,92.0,89.0,MLN,MLN,MLN
1958,AL,NYA,NYY,,1,155,78.0,92,62,,,Y,Y,759.0,5294.0,1418.0,212.0,39.0,164.0,537.0,822.0,48.0,32.0,,,577.0,493.0,3.22,53.0,21.0,33.0,4137.0,1201.0,116.0,557.0,796.0,128.0,182.0,0.978,New York Yankees,Yankee Stadium I,1428438.0,96.0,94.0,NYY,NYA,NYA
1958,NL,PHI,PHI,,8,154,77.0,69,85,,,N,N,664.0,5363.0,1424.0,238.0,56.0,124.0,573.0,871.0,51.0,33.0,,,762.0,671.0,4.32,51.0,6.0,15.0,4191.0,1480.0,148.0,446.0,778.0,129.0,136.0,0.978,Philadelphia Phillies,Connie Mack Stadium,931110.0,99.0,100.0,PHI,PHI,PHI
1958,NL,PIT,PIT,,2,154,77.0,84,70,,,N,N,662.0,5247.0,1386.0,229.0,68.0,134.0,396.0,753.0,30.0,15.0,,,607.0,541.0,3.56,43.0,10.0,41.0,4101.0,1344.0,123.0,470.0,679.0,133.0,173.0,0.978,Pittsburgh Pirates,Forbes Field,1311988.0,97.0,98.0,PIT,PIT,PIT
1958,NL,SFN,SFG,,3,154,77.0,80,74,,,N,N,727.0,5318.0,1399.0,250.0,42.0,170.0,531.0,817.0,64.0,29.0,,,698.0,614.0,3.98,38.0,7.0,25.0,4167.0,1400.0,166.0,512.0,775.0,152.0,156.0,0.975,San Francisco Giants,Seals Stadium,1272625.0,98.0,96.0,SFG,SFN,SFN
1958,NL,SLN,STL,,5,154,77.0,72,82,,,N,N,619.0,5255.0,1371.0,216.0,39.0,111.0,533.0,637.0,44.0,43.0,,,704.0,632.0,4.12,45.0,6.0,25.0,4143.0,1398.0,158.0,567.0,822.0,152.0,163.0,0.975,St. Louis Cardinals,Sportsman's Park IV,1063730.0,104.0,105.0,STL,SLN,SLN
1958,AL,WS1,MIN,,8,156,78.0,61,93,,,N,N,553.0,5156.0,1240.0,161.0,38.0,121.0,477.0,751.0,22.0,41.0,,,747.0,693.0,4.53,28.0,6.0,28.0,4128.0,1443.0,156.0,558.0,762.0,118.0,163.0,0.98,Washington Senators,Griffith Stadium II,475288.0,98.0,101.0,WSH,WS1,WS1
1959,AL,BAL,BAL,,6,155,78.0,74,80,,,N,N,551.0,5208.0,1240.0,182.0,23.0,109.0,536.0,690.0,36.0,24.0,,,621.0,554.0,3.56,45.0,15.0,30.0,4200.0,1290.0,111.0,476.0,735.0,147.0,163.0,0.976,Baltimore Orioles,Memorial Stadium,891926.0,97.0,98.0,BAL,BAL,BAL
1959,AL,BOS,BOS,,5,154,77.0,75,79,,,N,N,726.0,5225.0,1335.0,248.0,28.0,125.0,626.0,810.0,68.0,25.0,,,696.0,632.0,4.17,38.0,9.0,25.0,4092.0,1386.0,135.0,589.0,724.0,130.0,167.0,0.978,Boston Red Sox,Fenway Park II,984102.0,104.0,104.0,BOS,BOS,BOS
1959,AL,CHA,CHW,,1,156,78.0,94,60,,,Y,N,669.0,5297.0,1325.0,220.0,46.0,97.0,580.0,634.0,113.0,53.0,,,588.0,521.0,3.29,44.0,13.0,36.0,4275.0,1297.0,129.0,525.0,761.0,130.0,141.0,0.979,Chicago White Sox,Comiskey Park,1423144.0,99.0,98.0,CHW,CHA,CHA
1959,NL,CHN,CHC,,5,155,77.0,74,80,,,N,N,673.0,5296.0,1321.0,209.0,44.0,163.0,498.0,911.0,32.0,19.0,,,688.0,620.0,4.01,30.0,11.0,25.0,4173.0,1337.0,152.0,519.0,765.0,140.0,142.0,0.977,Chicago Cubs,Wrigley Field,858255.0,99.0,100.0,CHC,CHN,CHN
1959,NL,CIN,CIN,,5,154,77.0,74,80,,,N,N,764.0,5288.0,1448.0,258.0,34.0,161.0,499.0,763.0,65.0,28.0,,,738.0,650.0,4.31,44.0,7.0,26.0,4071.0,1460.0,162.0,456.0,690.0,126.0,157.0,0.978,Cincinnati Redlegs,Crosley Field,801298.0,104.0,103.0,CIN,CIN,CIN
1959,AL,CLE,CLE,,2,154,77.0,89,65,,,N,N,745.0,5288.0,1390.0,216.0,25.0,167.0,433.0,721.0,33.0,36.0,,,646.0,576.0,3.75,58.0,7.0,23.0,4149.0,1230.0,148.0,635.0,799.0,127.0,138.0,0.978,Cleveland Indians,Cleveland Stadium,1497976.0,97.0,96.0,CLE,CLE,CLE
1959,AL,DET,DET,,4,154,77.0,76,78,,,N,N,713.0,5211.0,1346.0,196.0,30.0,160.0,580.0,737.0,34.0,17.0,,,732.0,635.0,4.2,53.0,9.0,24.0,4080.0,1327.0,177.0,432.0,829.0,124.0,131.0,0.978,Detroit Tigers,Briggs Stadium,1221221.0,106.0,105.0,DET,DET,DET
1959,AL,KC1,OAK,,7,154,77.0,66,88,,,N,N,681.0,5264.0,1383.0,231.0,43.0,117.0,481.0,780.0,34.0,24.0,,,760.0,657.0,4.35,44.0,8.0,21.0,4080.0,1452.0,148.0,492.0,703.0,159.0,156.0,0.973,Kansas City Athletics,Municipal Stadium I,963683.0,102.0,104.0,KCA,KC1,KC1
1959,NL,LAN,LAD,,1,156,78.0,88,68,,,Y,Y,705.0,5282.0,1360.0,196.0,46.0,148.0,591.0,891.0,84.0,51.0,,,670.0,594.0,3.79,43.0,14.0,26.0,4233.0,1317.0,157.0,614.0,1077.0,114.0,154.0,0.981,Los Angeles Dodgers,Los Angeles Memorial Coliseum,2071045.0,107.0,107.0,LAD,LAN,LAN
1959,NL,ML1,ATL,,2,157,79.0,86,70,,,N,N,724.0,5388.0,1426.0,216.0,36.0,177.0,488.0,765.0,41.0,14.0,,,623.0,546.0,3.51,69.0,18.0,18.0,4200.0,1406.0,128.0,429.0,775.0,123.0,138.0,0.979,Milwaukee Braves,County Stadium,1749112.0,92.0,90.0,MLN,MLN,MLN
1959,AL,NYA,NYY,,3,155,77.0,79,75,,,N,N,687.0,5379.0,1397.0,224.0,40.0,153.0,457.0,828.0,45.0,22.0,,,647.0,560.0,3.6,38.0,15.0,28.0,4197.0,1281.0,120.0,594.0,836.0,131.0,160.0,0.978,New York Yankees,Yankee Stadium I,1552030.0,96.0,94.0,NYY,NYA,NYA
1959,NL,PHI,PHI,,8,155,78.0,64,90,,,N,N,599.0,5109.0,1237.0,196.0,38.0,113.0,498.0,858.0,39.0,46.0,,,725.0,642.0,4.27,54.0,8.0,15.0,4062.0,1357.0,150.0,474.0,769.0,154.0,132.0,0.973,Philadelphia Phillies,Connie Mack Stadium,802815.0,101.0,104.0,PHI,PHI,PHI
1959,NL,PIT,PIT,,4,155,77.0,78,76,,,N,N,651.0,5369.0,1414.0,230.0,42.0,112.0,442.0,715.0,32.0,26.0,,,680.0,604.0,3.9,48.0,7.0,17.0,4179.0,1432.0,134.0,418.0,730.0,154.0,165.0,0.975,Pittsburgh Pirates,Forbes Field,1359917.0,99.0,98.0,PIT,PIT,PIT
1959,NL,SFN,SFG,,3,154,77.0,83,71,,,N,N,705.0,5281.0,1377.0,239.0,35.0,167.0,473.0,875.0,81.0,34.0,,,613.0,531.0,3.47,52.0,12.0,23.0,4128.0,1279.0,139.0,500.0,873.0,152.0,118.0,0.974,San Francisco Giants,Seals Stadium,1422130.0,98.0,96.0,SFG,SFN,SFN
1959,NL,SLN,STL,,7,154,77.0,71,83,,,N,N,641.0,5317.0,1432.0,244.0,49.0,118.0,485.0,747.0,65.0,53.0,,,725.0,657.0,4.34,36.0,8.0,21.0,4089.0,1427.0,137.0,564.0,846.0,146.0,158.0,0.975,St. Louis Cardinals,Sportsman's Park IV,929953.0,106.0,107.0,STL,SLN,SLN
1959,AL,WS1,MIN,,8,154,77.0,63,91,,,N,N,619.0,5092.0,1205.0,173.0,32.0,163.0,517.0,881.0,51.0,34.0,,,701.0,606.0,4.01,46.0,10.0,21.0,4080.0,1358.0,123.0,467.0,694.0,162.0,140.0,0.973,Washington Senators,Griffith Stadium II,615372.0,100.0,102.0,WSH,WS1,WS1
1960,AL,BAL,BAL,,2,154,77.0,89,65,,,N,N,682.0,5170.0,1307.0,206.0,33.0,123.0,596.0,801.0,37.0,24.0,,,606.0,538.0,3.52,48.0,11.0,22.0,4125.0,1222.0,117.0,552.0,785.0,107.0,172.0,0.982,Baltimore Orioles,Memorial Stadium,1187849.0,99.0,98.0,BAL,BAL,BAL
1960,AL,BOS,BOS,,7,154,77.0,65,89,,,N,N,658.0,5215.0,1359.0,234.0,32.0,124.0,570.0,798.0,34.0,28.0,,,775.0,699.0,4.62,34.0,6.0,23.0,4083.0,1440.0,127.0,580.0,767.0,140.0,156.0,0.976,Boston Red Sox,Fenway Park II,1129866.0,103.0,103.0,BOS,BOS,BOS
1960,AL,CHA,CHW,,3,154,77.0,87,67,,,N,N,741.0,5191.0,1402.0,242.0,38.0,112.0,567.0,648.0,122.0,48.0,,,617.0,552.0,3.6,42.0,11.0,26.0,4143.0,1338.0,127.0,533.0,695.0,109.0,175.0,0.982,Chicago White Sox,Comiskey Park,1644460.0,100.0,98.0,CHW,CHA,CHA
1960,NL,CHN,CHC,,7,156,79.0,60,94,,,N,N,634.0,5311.0,1293.0,213.0,48.0,119.0,531.0,897.0,51.0,34.0,,,776.0,678.0,4.35,36.0,6.0,25.0,4206.0,1393.0,152.0,565.0,805.0,143.0,133.0,0.977,Chicago Cubs,Wrigley Field,809770.0,99.0,100.0,CHC,CHN,CHN
1960,NL,CIN,CIN,,6,154,77.0,67,87,,,N,N,640.0,5289.0,1324.0,230.0,40.0,140.0,512.0,858.0,73.0,37.0,,,692.0,618.0,4.0,33.0,8.0,35.0,4170.0,1417.0,134.0,442.0,740.0,125.0,155.0,0.979,Cincinnati Reds,Crosley Field,663486.0,102.0,102.0,CIN,CIN,CIN
1960,AL,CLE,CLE,,4,154,77.0,76,78,,,N,N,667.0,5296.0,1415.0,218.0,20.0,127.0,444.0,573.0,58.0,25.0,,,693.0,607.0,3.95,32.0,10.0,30.0,4146.0,1308.0,161.0,636.0,771.0,126.0,165.0,0.978,Cleveland Indians,Cleveland Stadium,950985.0,97.0,97.0,CLE,CLE,CLE
1960,AL,DET,DET,,6,154,77.0,71,83,,,N,N,633.0,5202.0,1243.0,188.0,34.0,150.0,636.0,728.0,66.0,32.0,,,644.0,568.0,3.64,40.0,7.0,25.0,4215.0,1336.0,141.0,474.0,824.0,137.0,138.0,0.977,Detroit Tigers,Briggs Stadium,1167669.0,103.0,103.0,DET,DET,DET
1960,AL,KC1,OAK,,8,155,78.0,58,96,,,N,N,615.0,5226.0,1303.0,212.0,34.0,110.0,513.0,744.0,16.0,11.0,,,756.0,669.0,4.38,44.0,4.0,14.0,4122.0,1428.0,160.0,525.0,664.0,127.0,149.0,0.979,Kansas City Athletics,Municipal Stadium I,774944.0,100.0,103.0,KCA,KC1,KC1
1960,NL,LAN,LAD,,4,154,77.0,82,72,,,N,N,662.0,5227.0,1333.0,216.0,38.0,126.0,529.0,837.0,95.0,53.0,,,593.0,528.0,3.4,46.0,13.0,20.0,4194.0,1218.0,154.0,564.0,1122.0,124.0,142.0,0.979,Los Angeles Dodgers,Los Angeles Memorial Coliseum,2253887.0,106.0,105.0,LAD,LAN,LAN
1960,NL,ML1,ATL,,2,154,77.0,88,66,,,N,N,724.0,5263.0,1393.0,198.0,48.0,170.0,463.0,793.0,69.0,37.0,,,658.0,579.0,3.76,55.0,13.0,28.0,4161.0,1327.0,130.0,518.0,807.0,139.0,137.0,0.977,Milwaukee Braves,County Stadium,1497799.0,93.0,91.0,MLN,MLN,MLN
1960,AL,NYA,NYY,,1,155,77.0,97,57,,,Y,N,746.0,5290.0,1377.0,215.0,40.0,193.0,537.0,818.0,37.0,23.0,,,627.0,547.0,3.52,38.0,16.0,42.0,4194.0,1225.0,123.0,609.0,712.0,129.0,162.0,0.979,New York Yankees,Yankee Stadium I,1627349.0,94.0,92.0,NYY,NYA,NYA
1960,NL,PHI,PHI,,8,154,77.0,59,95,,,N,N,546.0,5169.0,1235.0,196.0,44.0,99.0,448.0,1054.0,45.0,48.0,,,691.0,613.0,4.01,45.0,6.0,16.0,4125.0,1423.0,133.0,439.0,736.0,155.0,129.0,0.974,Philadelphia Phillies,Connie Mack Stadium,862205.0,100.0,103.0,PHI,PHI,PHI
1960,NL,PIT,PIT,,1,155,78.0,95,59,,,Y,Y,734.0,5406.0,1493.0,236.0,56.0,120.0,486.0,747.0,34.0,24.0,,,593.0,543.0,3.49,47.0,11.0,33.0,4197.0,1363.0,105.0,386.0,811.0,128.0,163.0,0.979,Pittsburgh Pirates,Forbes Field,1705828.0,101.0,100.0,PIT,PIT,PIT
1960,NL,SFN,SFG,,5,156,77.0,79,75,,,N,N,671.0,5324.0,1357.0,220.0,62.0,130.0,467.0,846.0,86.0,45.0,,,631.0,534.0,3.44,55.0,16.0,26.0,4188.0,1288.0,107.0,512.0,897.0,165.0,117.0,0.972,San Francisco Giants,Candlestick Park,1795356.0,95.0,93.0,SFG,SFN,SFN
1960,NL,SLN,STL,,3,155,77.0,86,68,,,N,N,639.0,5187.0,1317.0,213.0,48.0,138.0,501.0,792.0,48.0,35.0,,,616.0,554.0,3.64,37.0,11.0,30.0,4113.0,1316.0,127.0,511.0,906.0,141.0,152.0,0.976,St. Louis Cardinals,Sportsman's Park IV,1096632.0,108.0,109.0,STL,SLN,SLN
1960,AL,WS1,MIN,,5,154,77.0,73,81,,,N,N,672.0,5248.0,1283.0,205.0,43.0,147.0,584.0,883.0,52.0,43.0,,,696.0,589.0,3.77,34.0,10.0,35.0,4215.0,1392.0,130.0,538.0,775.0,165.0,159.0,0.973,Washington Senators,Griffith Stadium II,743404.0,101.0,102.0,WSH,WS1,WS1
1961,AL,BAL,BAL,,3,163,82.0,95,67,,,N,N,691.0,5481.0,1393.0,227.0,36.0,149.0,581.0,902.0,39.0,30.0,,,588.0,526.0,3.22,54.0,21.0,33.0,4413.0,1226.0,109.0,617.0,926.0,126.0,173.0,0.98,Baltimore Orioles,Memorial Stadium,951089.0,96.0,96.0,BAL,BAL,BAL
1961,AL,BOS,BOS,,6,163,82.0,76,86,,,N,N,729.0,5508.0,1401.0,251.0,37.0,112.0,647.0,847.0,56.0,36.0,,,792.0,687.0,4.29,35.0,6.0,30.0,4326.0,1472.0,167.0,679.0,831.0,143.0,140.0,0.977,Boston Red Sox,Fenway Park II,850589.0,102.0,103.0,BOS,BOS,BOS
1961,AL,CHA,CHW,,4,163,81.0,86,76,,,N,N,765.0,5556.0,1475.0,216.0,46.0,138.0,550.0,612.0,100.0,40.0,,,726.0,653.0,4.06,39.0,3.0,33.0,4344.0,1491.0,158.0,498.0,814.0,128.0,138.0,0.98,Chicago White Sox,Comiskey Park,1146019.0,99.0,97.0,CHW,CHA,CHA
1961,NL,CHN,CHC,,7,156,78.0,64,90,,,N,N,689.0,5344.0,1364.0,238.0,51.0,176.0,539.0,1027.0,35.0,25.0,,,800.0,689.0,4.48,34.0,6.0,25.0,4155.0,1492.0,165.0,465.0,755.0,183.0,175.0,0.97,Chicago Cubs,Wrigley Field,673057.0,101.0,104.0,CHC,CHN,CHN
1961,NL,CIN,CIN,,1,154,77.0,93,61,,,Y,N,710.0,5243.0,1414.0,247.0,35.0,158.0,423.0,761.0,70.0,33.0,,,653.0,575.0,3.78,46.0,12.0,40.0,4110.0,1300.0,147.0,500.0,829.0,134.0,124.0,0.977,Cincinnati Reds,Crosley Field,1117603.0,102.0,101.0,CIN,CIN,CIN
1961,AL,CLE,CLE,,5,161,81.0,78,83,,,N,N,737.0,5609.0,1493.0,257.0,39.0,150.0,492.0,720.0,34.0,11.0,,,752.0,665.0,4.15,35.0,12.0,23.0,4329.0,1426.0,178.0,599.0,801.0,139.0,142.0,0.977,Cleveland Indians,Cleveland Stadium,725547.0,97.0,98.0,CLE,CLE,CLE
1961,AL,DET,DET,,2,163,82.0,101,61,,,N,N,841.0,5561.0,1481.0,215.0,53.0,180.0,673.0,867.0,98.0,36.0,,,671.0,575.0,3.55,62.0,12.0,30.0,4377.0,1404.0,170.0,469.0,836.0,146.0,147.0,0.976,Detroit Tigers,Tiger Stadium,1600710.0,103.0,102.0,DET,DET,DET
1961,AL,KC1,OAK,,9,162,80.0,61,100,,,N,N,683.0,5423.0,1342.0,216.0,47.0,90.0,580.0,772.0,58.0,22.0,,,863.0,745.0,4.74,32.0,5.0,23.0,4245.0,1519.0,141.0,629.0,703.0,174.0,160.0,0.972,Kansas City Athletics,Municipal Stadium I,683817.0,101.0,103.0,KCA,KC1,KC1
1961,AL,LAA,ANA,,8,162,82.0,70,91,,,N,N,744.0,5424.0,1331.0,218.0,22.0,189.0,681.0,1068.0,37.0,28.0,,,784.0,689.0,4.31,25.0,5.0,34.0,4314.0,1391.0,180.0,713.0,973.0,192.0,154.0,0.969,Los Angeles Angels,Wrigley Field (LA),603510.0,111.0,112.0,LAA,LAA,LAA
1961,NL,LAN,LAD,,2,154,77.0,89,65,,,N,N,735.0,5189.0,1358.0,193.0,40.0,157.0,596.0,796.0,86.0,45.0,,,697.0,619.0,4.04,40.0,10.0,35.0,4134.0,1346.0,167.0,544.0,1105.0,136.0,162.0,0.976,Los Angeles Dodgers,Los Angeles Memorial Coliseum,1804250.0,108.0,107.0,LAD,LAN,LAN
1961,AL,MIN,MIN,,7,161,81.0,70,90,,,N,N,707.0,5417.0,1353.0,215.0,40.0,167.0,597.0,840.0,47.0,43.0,,,778.0,681.0,4.28,49.0,14.0,23.0,4296.0,1415.0,163.0,570.0,914.0,174.0,150.0,0.971,Minnesota Twins,Metropolitan Stadium,1256723.0,106.0,106.0,MIN,MIN,MIN
1961,NL,ML1,ATL,,4,155,77.0,83,71,,,N,N,712.0,5288.0,1365.0,199.0,34.0,188.0,534.0,880.0,70.0,43.0,,,656.0,601.0,3.89,57.0,8.0,16.0,4173.0,1357.0,153.0,493.0,652.0,111.0,152.0,0.982,Milwaukee Braves,County Stadium,1101441.0,94.0,92.0,MLN,MLN,MLN
1961,AL,NYA,NYY,,1,163,81.0,109,53,,,Y,Y,827.0,5559.0,1461.0,194.0,40.0,240.0,543.0,785.0,28.0,18.0,,,612.0,558.0,3.46,47.0,14.0,39.0,4353.0,1288.0,137.0,542.0,866.0,124.0,180.0,0.98,New York Yankees,Yankee Stadium I,1747725.0,95.0,93.0,NYY,NYA,NYA
1961,NL,PHI,PHI,,8,155,78.0,47,107,,,N,N,584.0,5213.0,1265.0,185.0,50.0,103.0,475.0,928.0,56.0,30.0,,,796.0,708.0,4.61,29.0,9.0,13.0,4149.0,1452.0,155.0,521.0,775.0,144.0,179.0,0.976,Philadelphia Phillies,Connie Mack Stadium,590039.0,98.0,101.0,PHI,PHI,PHI
1961,NL,PIT,PIT,,6,154,77.0,75,79,,,N,N,694.0,5311.0,1448.0,232.0,57.0,128.0,428.0,721.0,26.0,30.0,,,675.0,593.0,3.92,34.0,9.0,29.0,4086.0,1442.0,121.0,400.0,759.0,150.0,189.0,0.975,Pittsburgh Pirates,Forbes Field,1199128.0,101.0,99.0,PIT,PIT,PIT
1961,NL,SFN,SFG,,3,155,77.0,85,69,,,N,N,773.0,5233.0,1379.0,219.0,32.0,183.0,506.0,764.0,79.0,54.0,,,655.0,581.0,3.77,39.0,9.0,30.0,4164.0,1306.0,152.0,502.0,924.0,133.0,126.0,0.977,San Francisco Giants,Candlestick Park,1390679.0,97.0,95.0,SFG,SFN,SFN
1961,NL,SLN,STL,,5,155,78.0,80,74,,,N,N,703.0,5307.0,1436.0,236.0,51.0,103.0,494.0,745.0,46.0,28.0,,,668.0,568.0,3.74,49.0,10.0,24.0,4104.0,1334.0,136.0,570.0,823.0,166.0,165.0,0.972,St. Louis Cardinals,Sportsman's Park IV,855305.0,110.0,110.0,STL,SLN,SLN
1961,AL,WS2,TEX,,9,161,79.0,61,100,,,N,N,618.0,5366.0,1307.0,217.0,44.0,119.0,558.0,917.0,81.0,47.0,,,776.0,670.0,4.23,39.0,8.0,21.0,4275.0,1405.0,131.0,586.0,666.0,156.0,171.0,0.975,Washington Senators,Griffith Stadium II,597287.0,95.0,97.0,WSA,WS2,WS2
1962,AL,BAL,BAL,,7,162,82.0,77,85,,,N,N,652.0,5491.0,1363.0,225.0,34.0,156.0,516.0,931.0,45.0,32.0,,,680.0,599.0,3.69,32.0,8.0,33.0,4386.0,1373.0,147.0,549.0,898.0,122.0,152.0,0.98,Baltimore Orioles,Memorial Stadium,790254.0,94.0,93.0,BAL,BAL,BAL
1962,AL,BOS,BOS,,8,160,79.0,76,84,,,N,N,707.0,5530.0,1429.0,257.0,53.0,146.0,525.0,923.0,39.0,33.0,,,756.0,674.0,4.22,34.0,12.0,40.0,4311.0,1416.0,159.0,632.0,923.0,128.0,152.0,0.979,Boston Red Sox,Fenway Park II,733080.0,103.0,104.0,BOS,BOS,BOS
1962,AL,CHA,CHW,,5,162,81.0,85,77,,,N,N,707.0,5514.0,1415.0,250.0,56.0,92.0,620.0,674.0,76.0,40.0,,,658.0,601.0,3.73,50.0,13.0,28.0,4353.0,1380.0,123.0,537.0,821.0,110.0,153.0,0.982,Chicago White Sox,Comiskey Park,1131562.0,100.0,99.0,CHW,CHA,CHA
1962,NL,CHN,CHC,,9,162,81.0,59,103,,,N,N,632.0,5534.0,1398.0,196.0,56.0,126.0,504.0,1044.0,78.0,50.0,,,827.0,725.0,4.54,29.0,4.0,26.0,4314.0,1509.0,159.0,601.0,783.0,146.0,171.0,0.977,Chicago Cubs,Wrigley Field,609802.0,104.0,105.0,CHC,CHN,CHN
1962,NL,CIN,CIN,,3,162,81.0,98,64,,,N,N,802.0,5645.0,1523.0,252.0,40.0,167.0,498.0,903.0,66.0,39.0,,,685.0,608.0,3.75,51.0,13.0,35.0,4380.0,1397.0,149.0,567.0,964.0,143.0,144.0,0.977,Cincinnati Reds,Crosley Field,982095.0,104.0,102.0,CIN,CIN,CIN
1962,AL,CLE,CLE,,6,162,81.0,80,82,,,N,N,682.0,5484.0,1341.0,202.0,22.0,180.0,502.0,939.0,35.0,16.0,,,745.0,663.0,4.14,45.0,12.0,31.0,4323.0,1410.0,174.0,594.0,780.0,139.0,168.0,0.977,Cleveland Indians,Cleveland Stadium,716076.0,97.0,97.0,CLE,CLE,CLE
1962,AL,DET,DET,,4,161,82.0,85,76,,,N,N,758.0,5456.0,1352.0,191.0,36.0,209.0,651.0,894.0,69.0,21.0,,,692.0,611.0,3.81,46.0,8.0,35.0,4329.0,1452.0,169.0,503.0,873.0,156.0,114.0,0.974,Detroit Tigers,Tiger Stadium,1207881.0,103.0,102.0,DET,DET,DET
1962,NL,HOU,HOU,,8,162,82.0,64,96,,,N,N,592.0,5558.0,1370.0,170.0,47.0,105.0,493.0,806.0,42.0,30.0,,,717.0,618.0,3.83,34.0,9.0,19.0,4359.0,1446.0,113.0,471.0,1047.0,173.0,149.0,0.973,Houston Colt .45's,Colt Stadium,924456.0,93.0,95.0,HOU,HOU,HOU
1962,AL,KC1,OAK,,9,162,81.0,72,90,,,N,N,745.0,5576.0,1467.0,220.0,58.0,116.0,556.0,803.0,76.0,21.0,,,837.0,763.0,4.79,32.0,4.0,33.0,4302.0,1450.0,199.0,655.0,825.0,132.0,131.0,0.978,Kansas City Athletics,Municipal Stadium I,635675.0,104.0,106.0,KCA,KC1,KC1
1962,AL,LAA,ANA,,3,162,81.0,86,76,,,N,N,718.0,5499.0,1377.0,232.0,35.0,137.0,602.0,917.0,46.0,27.0,,,706.0,603.0,3.7,23.0,15.0,47.0,4398.0,1412.0,118.0,616.0,858.0,175.0,153.0,0.972,Los Angeles Angels,Dodger Stadium,1144063.0,97.0,97.0,LAA,LAA,LAA
1962,NL,LAN,LAD,,2,165,83.0,102,63,,,N,N,842.0,5628.0,1510.0,192.0,65.0,140.0,572.0,886.0,198.0,43.0,,,697.0,599.0,3.62,44.0,8.0,46.0,4464.0,1386.0,115.0,588.0,1104.0,191.0,144.0,0.97,Los Angeles Dodgers,Dodger Stadium,2755184.0,93.0,91.0,LAD,LAN,LAN
1962,AL,MIN,MIN,,2,163,82.0,91,71,,,N,N,798.0,5561.0,1445.0,215.0,39.0,185.0,649.0,823.0,33.0,20.0,,,713.0,632.0,3.89,53.0,11.0,27.0,4389.0,1400.0,166.0,493.0,948.0,129.0,173.0,0.979,Minnesota Twins,Metropolitan Stadium,1433116.0,104.0,103.0,MIN,MIN,MIN
1962,NL,ML1,ATL,,5,162,81.0,86,76,,,N,N,730.0,5458.0,1376.0,204.0,38.0,181.0,581.0,975.0,57.0,27.0,,,665.0,586.0,3.68,59.0,10.0,24.0,4302.0,1443.0,151.0,407.0,802.0,123.0,154.0,0.98,Milwaukee Braves,County Stadium,766921.0,97.0,96.0,MLN,MLN,MLN
1962,AL,NYA,NYY,,1,162,80.0,96,66,,,Y,Y,817.0,5644.0,1509.0,240.0,29.0,199.0,584.0,842.0,42.0,29.0,,,680.0,604.0,3.7,33.0,10.0,42.0,4410.0,1375.0,146.0,499.0,838.0,131.0,151.0,0.979,New York Yankees,Yankee Stadium I,1493574.0,97.0,95.0,NYY,NYA,NYA
1962,NL,NYN,NYM,,10,161,80.0,40,120,,,N,N,617.0,5492.0,1318.0,166.0,40.0,139.0,616.0,991.0,59.0,48.0,,,948.0,801.0,5.04,43.0,4.0,10.0,4290.0,1577.0,192.0,571.0,772.0,210.0,167.0,0.967,New York Mets,Polo Grounds IV,922530.0,100.0,105.0,NYM,NYN,NYN
1962,NL,PHI,PHI,,7,161,80.0,81,80,,,N,N,705.0,5420.0,1410.0,199.0,39.0,142.0,531.0,923.0,79.0,42.0,,,759.0,678.0,4.28,43.0,7.0,24.0,4278.0,1469.0,155.0,574.0,863.0,138.0,167.0,0.977,Philadelphia Phillies,Connie Mack Stadium,762034.0,97.0,98.0,PHI,PHI,PHI
1962,NL,PIT,PIT,,4,161,81.0,93,68,,,N,N,706.0,5483.0,1468.0,240.0,65.0,108.0,432.0,836.0,50.0,39.0,,,626.0,536.0,3.37,40.0,13.0,41.0,4296.0,1433.0,118.0,466.0,897.0,152.0,177.0,0.976,Pittsburgh Pirates,Forbes Field,1090648.0,101.0,100.0,PIT,PIT,PIT
1962,NL,SFN,SFG,,1,165,82.0,103,62,,,Y,N,878.0,5588.0,1552.0,235.0,32.0,204.0,523.0,822.0,73.0,50.0,,,690.0,615.0,3.79,62.0,10.0,39.0,4383.0,1399.0,148.0,503.0,886.0,142.0,153.0,0.977,San Francisco Giants,Candlestick Park,1592594.0,99.0,96.0,SFG,SFN,SFN
1962,NL,SLN,STL,,6,163,81.0,84,78,,,N,N,774.0,5643.0,1528.0,221.0,31.0,137.0,515.0,846.0,86.0,41.0,,,664.0,577.0,3.55,53.0,17.0,25.0,4389.0,1394.0,149.0,517.0,914.0,132.0,170.0,0.979,St. Louis Cardinals,Sportsman's Park IV,953895.0,111.0,109.0,STL,SLN,SLN
1962,AL,WS2,TEX,,10,162,80.0,60,101,,,N,N,599.0,5484.0,1370.0,206.0,38.0,132.0,466.0,789.0,99.0,53.0,,,716.0,649.0,4.04,38.0,11.0,13.0,4335.0,1400.0,151.0,593.0,771.0,139.0,160.0,0.978,Washington Senators,R.F.K. Stadium,729775.0,100.0,102.0,WSA,WS2,WS2
1963,AL,BAL,BAL,,4,162,81.0,86,76,,,N,N,644.0,5448.0,1359.0,207.0,32.0,146.0,469.0,940.0,97.0,34.0,,,621.0,557.0,3.45,35.0,8.0,43.0,4356.0,1353.0,137.0,507.0,913.0,99.0,157.0,0.984,Baltimore Orioles,Memorial Stadium,774343.0,96.0,95.0,BAL,BAL,BAL
1963,AL,BOS,BOS,,7,161,80.0,76,85,,,N,N,666.0,5575.0,1403.0,247.0,34.0,171.0,475.0,954.0,27.0,16.0,,,704.0,639.0,3.97,29.0,7.0,32.0,4347.0,1367.0,152.0,539.0,1009.0,132.0,119.0,0.978,Boston Red Sox,Fenway Park II,942642.0,103.0,104.0,BOS,BOS,BOS
1963,AL,CHA,CHW,,2,162,82.0,94,68,,,N,N,683.0,5508.0,1379.0,208.0,40.0,114.0,571.0,896.0,64.0,28.0,,,544.0,485.0,2.97,49.0,21.0,39.0,4407.0,1311.0,100.0,440.0,932.0,130.0,163.0,0.979,Chicago White Sox,Comiskey Park,1158848.0,98.0,96.0,CHW,CHA,CHA
1963,NL,CHN,CHC,,7,162,81.0,82,80,,,N,N,570.0,5404.0,1286.0,205.0,44.0,127.0,439.0,1049.0,68.0,60.0,,,578.0,499.0,3.08,45.0,15.0,28.0,4371.0,1357.0,119.0,400.0,851.0,155.0,172.0,0.976,Chicago Cubs,Wrigley Field,979551.0,106.0,107.0,CHC,CHN,CHN
1963,NL,CIN,CIN,,5,162,81.0,86,76,,,N,N,648.0,5416.0,1333.0,225.0,44.0,122.0,474.0,960.0,92.0,58.0,,,594.0,526.0,3.29,55.0,22.0,36.0,4317.0,1307.0,117.0,425.0,1048.0,135.0,127.0,0.978,Cincinnati Reds,Crosley Field,858805.0,103.0,102.0,CIN,CIN,CIN
1963,AL,CLE,CLE,,5,162,81.0,79,83,,,N,N,635.0,5496.0,1314.0,214.0,29.0,169.0,469.0,1102.0,59.0,36.0,,,702.0,619.0,3.79,40.0,14.0,25.0,4407.0,1390.0,176.0,478.0,1018.0,143.0,129.0,0.977,Cleveland Indians,Cleveland Stadium,562507.0,100.0,100.0,CLE,CLE,CLE
1963,AL,DET,DET,,5,162,81.0,79,83,,,N,N,700.0,5500.0,1388.0,195.0,36.0,148.0,592.0,908.0,73.0,32.0,,,703.0,631.0,3.9,42.0,7.0,28.0,4368.0,1407.0,195.0,477.0,930.0,113.0,124.0,0.981,Detroit Tigers,Tiger Stadium,821952.0,103.0,103.0,DET,DET,DET
1963,NL,HOU,HOU,,9,162,81.0,66,96,,,N,N,464.0,5384.0,1184.0,170.0,39.0,62.0,456.0,938.0,39.0,30.0,,,640.0,554.0,3.44,36.0,16.0,20.0,4350.0,1341.0,95.0,378.0,937.0,162.0,100.0,0.974,Houston Colt .45's,Colt Stadium,719502.0,94.0,96.0,HOU,HOU,HOU
1963,AL,KC1,OAK,,8,162,81.0,73,89,,,N,N,615.0,5495.0,1356.0,225.0,38.0,95.0,529.0,829.0,47.0,26.0,,,704.0,635.0,3.92,35.0,11.0,29.0,4374.0,1417.0,156.0,540.0,887.0,124.0,131.0,0.98,Kansas City Athletics,Municipal Stadium I,762364.0,106.0,108.0,KCA,KC1,KC1
1963,AL,LAA,ANA,,9,161,81.0,70,91,,,N,N,597.0,5506.0,1378.0,208.0,38.0,95.0,448.0,916.0,43.0,30.0,,,660.0,569.0,3.52,30.0,13.0,31.0,4365.0,1317.0,120.0,578.0,889.0,163.0,155.0,0.974,Los Angeles Angels,Dodger Stadium,821015.0,94.0,94.0,LAA,LAA,LAA
1963,NL,LAN,LAD,,1,163,81.0,99,63,,,Y,Y,640.0,5428.0,1361.0,178.0,34.0,110.0,453.0,867.0,124.0,70.0,,,550.0,465.0,2.85,51.0,24.0,29.0,4407.0,1329.0,111.0,402.0,1095.0,158.0,129.0,0.975,Los Angeles Dodgers,Dodger Stadium,2538602.0,93.0,91.0,LAD,LAN,LAN
1963,AL,MIN,MIN,,3,161,81.0,91,70,,,N,N,767.0,5531.0,1408.0,223.0,35.0,225.0,547.0,912.0,32.0,14.0,,,602.0,527.0,3.28,58.0,13.0,30.0,4338.0,1322.0,162.0,459.0,941.0,144.0,140.0,0.976,Minnesota Twins,Metropolitan Stadium,1406652.0,102.0,101.0,MIN,MIN,MIN
1963,NL,ML1,ATL,,6,163,82.0,84,78,,,N,N,677.0,5518.0,1345.0,204.0,39.0,139.0,525.0,954.0,75.0,52.0,,,603.0,534.0,3.27,56.0,18.0,25.0,4413.0,1327.0,149.0,489.0,924.0,129.0,161.0,0.98,Milwaukee Braves,County Stadium,773018.0,99.0,98.0,MLN,MLN,MLN
1963,AL,NYA,NYY,,1,161,80.0,104,57,,,Y,N,714.0,5506.0,1387.0,197.0,35.0,188.0,434.0,808.0,42.0,26.0,,,547.0,494.0,3.07,59.0,19.0,31.0,4347.0,1239.0,115.0,476.0,965.0,108.0,162.0,0.982,New York Yankees,Yankee Stadium I,1308920.0,100.0,97.0,NYY,NYA,NYA
1963,NL,NYN,NYM,,10,162,81.0,51,111,,,N,N,501.0,5336.0,1168.0,156.0,35.0,96.0,457.0,1078.0,41.0,52.0,,,774.0,653.0,4.12,42.0,5.0,12.0,4281.0,1452.0,162.0,529.0,806.0,208.0,151.0,0.967,New York Mets,Polo Grounds IV,1080108.0,100.0,105.0,NYM,NYN,NYN
1963,NL,PHI,PHI,,4,162,81.0,87,75,,,N,N,642.0,5524.0,1390.0,228.0,54.0,126.0,403.0,955.0,56.0,39.0,,,578.0,500.0,3.09,45.0,12.0,31.0,4371.0,1262.0,113.0,553.0,1052.0,142.0,147.0,0.978,Philadelphia Phillies,Connie Mack Stadium,907141.0,99.0,99.0,PHI,PHI,PHI
1963,NL,PIT,PIT,,8,162,81.0,74,88,,,N,N,567.0,5536.0,1385.0,181.0,49.0,108.0,454.0,940.0,57.0,41.0,,,595.0,499.0,3.1,34.0,16.0,33.0,4344.0,1350.0,99.0,457.0,900.0,182.0,195.0,0.972,Pittsburgh Pirates,Forbes Field,783648.0,101.0,100.0,PIT,PIT,PIT
1963,NL,SFN,SFG,,3,162,81.0,88,74,,,N,N,725.0,5579.0,1442.0,206.0,35.0,197.0,441.0,889.0,55.0,49.0,,,641.0,547.0,3.35,46.0,9.0,30.0,4407.0,1380.0,126.0,464.0,954.0,156.0,113.0,0.975,San Francisco Giants,Candlestick Park,1571306.0,99.0,97.0,SFG,SFN,SFN
1963,NL,SLN,STL,,2,162,81.0,93,69,,,N,N,747.0,5678.0,1540.0,231.0,66.0,128.0,458.0,915.0,77.0,42.0,,,628.0,540.0,3.32,49.0,17.0,32.0,4389.0,1329.0,124.0,463.0,978.0,147.0,136.0,0.976,St. Louis Cardinals,Sportsman's Park IV,1170546.0,110.0,109.0,STL,SLN,SLN
1963,AL,WS2,TEX,,10,162,80.0,56,106,,,N,N,578.0,5446.0,1237.0,190.0,35.0,138.0,497.0,963.0,68.0,28.0,,,812.0,711.0,4.42,29.0,8.0,25.0,4341.0,1486.0,176.0,537.0,744.0,182.0,165.0,0.971,Washington Senators,R.F.K. Stadium,535604.0,100.0,103.0,WSA,WS2,WS2
1964,AL,BAL,BAL,,3,163,82.0,97,65,,,N,N,679.0,5463.0,1357.0,229.0,20.0,162.0,537.0,1019.0,78.0,38.0,,,567.0,512.0,3.16,44.0,17.0,41.0,4374.0,1292.0,129.0,456.0,939.0,95.0,159.0,0.985,Baltimore Orioles,Memorial Stadium,1116215.0,100.0,99.0,BAL,BAL,BAL
1964,AL,BOS,BOS,,8,162,81.0,72,90,,,N,N,688.0,5513.0,1425.0,253.0,29.0,186.0,504.0,917.0,18.0,16.0,,,793.0,711.0,4.5,21.0,9.0,38.0,4266.0,1464.0,178.0,571.0,1094.0,136.0,123.0,0.977,Boston Red Sox,Fenway Park II,883276.0,105.0,106.0,BOS,BOS,BOS
1964,AL,CHA,CHW,,2,162,81.0,98,64,,,N,N,642.0,5491.0,1356.0,184.0,40.0,106.0,562.0,902.0,75.0,39.0,,,501.0,443.0,2.72,44.0,20.0,45.0,4401.0,1216.0,124.0,401.0,955.0,122.0,164.0,0.981,Chicago White Sox,Comiskey Park,1250053.0,97.0,95.0,CHW,CHA,CHA
1964,NL,CHN,CHC,,8,162,81.0,76,86,,,N,N,649.0,5545.0,1391.0,239.0,50.0,145.0,499.0,1041.0,70.0,49.0,,,724.0,655.0,4.08,58.0,11.0,19.0,4335.0,1510.0,144.0,423.0,737.0,162.0,147.0,0.975,Chicago Cubs,Wrigley Field,751647.0,104.0,105.0,CHC,CHN,CHN
1964,NL,CIN,CIN,,2,163,82.0,92,70,,,N,N,660.0,5561.0,1383.0,220.0,38.0,130.0,457.0,974.0,90.0,36.0,,,566.0,500.0,3.07,54.0,14.0,35.0,4401.0,1306.0,112.0,436.0,1122.0,130.0,137.0,0.979,Cincinnati Reds,Crosley Field,862466.0,103.0,102.0,CIN,CIN,CIN
1964,AL,CLE,CLE,,6,164,82.0,79,83,,,N,N,689.0,5603.0,1386.0,208.0,22.0,164.0,500.0,1063.0,79.0,51.0,,,693.0,620.0,3.75,37.0,16.0,37.0,4461.0,1443.0,154.0,565.0,1162.0,118.0,149.0,0.981,Cleveland Indians,Cleveland Stadium,653293.0,99.0,99.0,CLE,CLE,CLE
1964,AL,DET,DET,,4,163,82.0,85,77,,,N,N,699.0,5513.0,1394.0,199.0,57.0,157.0,517.0,912.0,60.0,27.0,,,678.0,620.0,3.84,35.0,11.0,35.0,4359.0,1343.0,164.0,536.0,993.0,109.0,137.0,0.982,Detroit Tigers,Tiger Stadium,816139.0,102.0,101.0,DET,DET,DET
1964,NL,HOU,HOU,,9,162,81.0,66,96,,,N,N,495.0,5303.0,1214.0,162.0,41.0,70.0,381.0,872.0,40.0,48.0,,,628.0,541.0,3.41,30.0,9.0,31.0,4284.0,1421.0,105.0,353.0,852.0,149.0,124.0,0.976,Houston Colt .45's,Colt Stadium,725773.0,95.0,97.0,HOU,HOU,HOU
1964,AL,KC1,OAK,,10,163,81.0,57,105,,,N,N,621.0,5524.0,1321.0,216.0,29.0,166.0,548.0,1104.0,34.0,20.0,,,836.0,761.0,4.71,18.0,6.0,27.0,4365.0,1516.0,220.0,614.0,966.0,154.0,152.0,0.975,Kansas City Athletics,Municipal Stadium I,642478.0,104.0,106.0,KCA,KC1,KC1
1964,AL,LAA,ANA,,5,162,81.0,82,80,,,N,N,544.0,5362.0,1297.0,186.0,27.0,102.0,472.0,920.0,49.0,39.0,,,551.0,469.0,2.91,30.0,28.0,41.0,4350.0,1273.0,100.0,530.0,965.0,138.0,168.0,0.978,Los Angeles Angels,Dodger Stadium,760439.0,90.0,90.0,LAA,LAA,LAA
1964,NL,LAN,LAD,,6,164,81.0,80,82,,,N,N,614.0,5499.0,1375.0,180.0,39.0,79.0,438.0,893.0,141.0,60.0,,,572.0,486.0,2.95,47.0,19.0,27.0,4449.0,1289.0,88.0,458.0,1062.0,170.0,126.0,0.973,Los Angeles Dodgers,Dodger Stadium,2228751.0,93.0,92.0,LAD,LAN,LAN
1964,AL,MIN,MIN,,6,163,82.0,79,83,,,N,N,737.0,5610.0,1413.0,227.0,46.0,221.0,553.0,1019.0,46.0,22.0,,,678.0,588.0,3.58,47.0,4.0,29.0,4431.0,1361.0,181.0,545.0,1099.0,145.0,131.0,0.977,Minnesota Twins,Metropolitan Stadium,1207514.0,101.0,99.0,MIN,MIN,MIN
1964,NL,ML1,ATL,,5,162,81.0,88,74,,,N,N,803.0,5591.0,1522.0,274.0,32.0,159.0,486.0,825.0,53.0,41.0,,,744.0,656.0,4.12,45.0,14.0,39.0,4302.0,1411.0,160.0,452.0,906.0,143.0,139.0,0.977,Milwaukee Braves,County Stadium,910911.0,101.0,100.0,MLN,MLN,MLN
1964,AL,NYA,NYY,,1,164,81.0,99,63,,,Y,N,730.0,5705.0,1442.0,208.0,35.0,162.0,520.0,976.0,54.0,18.0,,,577.0,527.0,3.15,46.0,18.0,45.0,4518.0,1312.0,129.0,504.0,989.0,107.0,158.0,0.983,New York Yankees,Yankee Stadium I,1305638.0,101.0,100.0,NYY,NYA,NYA
1964,NL,NYN,NYM,,10,163,82.0,53,109,,,N,N,569.0,5566.0,1372.0,195.0,31.0,103.0,353.0,932.0,36.0,31.0,,,776.0,679.0,4.25,40.0,10.0,15.0,4314.0,1511.0,130.0,466.0,717.0,166.0,154.0,0.974,New York Mets,Shea Stadium,1732597.0,97.0,100.0,NYM,NYN,NYN
1964,NL,PHI,PHI,,2,162,81.0,92,70,,,N,N,693.0,5493.0,1415.0,241.0,51.0,130.0,440.0,924.0,30.0,35.0,,,632.0,545.0,3.36,37.0,17.0,41.0,4383.0,1402.0,129.0,440.0,1009.0,156.0,150.0,0.975,Philadelphia Phillies,Connie Mack Stadium,1425891.0,99.0,98.0,PHI,PHI,PHI
1964,NL,PIT,PIT,,6,162,81.0,80,82,,,N,N,663.0,5566.0,1469.0,225.0,54.0,121.0,408.0,970.0,39.0,33.0,,,636.0,564.0,3.52,42.0,14.0,29.0,4329.0,1429.0,92.0,476.0,951.0,177.0,179.0,0.972,Pittsburgh Pirates,Forbes Field,759496.0,100.0,99.0,PIT,PIT,PIT
1964,NL,SFN,SFG,,4,162,81.0,90,72,,,N,N,656.0,5535.0,1360.0,185.0,38.0,165.0,505.0,900.0,64.0,35.0,,,587.0,523.0,3.19,48.0,17.0,30.0,4428.0,1348.0,118.0,480.0,1023.0,159.0,136.0,0.975,San Francisco Giants,Candlestick Park,1504364.0,102.0,101.0,SFG,SFN,SFN
1964,NL,SLN,STL,,1,162,81.0,93,69,,,Y,Y,715.0,5625.0,1531.0,240.0,53.0,109.0,427.0,925.0,73.0,51.0,,,652.0,551.0,3.43,47.0,10.0,38.0,4335.0,1405.0,133.0,410.0,877.0,172.0,147.0,0.973,St. Louis Cardinals,Sportsman's Park IV,1143294.0,109.0,108.0,STL,SLN,SLN
1964,AL,WS2,TEX,,9,162,81.0,62,100,,,N,N,578.0,5396.0,1246.0,199.0,28.0,125.0,514.0,1124.0,47.0,30.0,,,733.0,635.0,3.98,27.0,5.0,26.0,4305.0,1417.0,172.0,505.0,794.0,127.0,145.0,0.979,Washington Senators,R.F.K. Stadium,600106.0,100.0,102.0,WSA,WS2,WS2
1965,AL,BAL,BAL,,3,162,79.0,94,68,,,N,N,641.0,5450.0,1299.0,227.0,38.0,125.0,529.0,907.0,67.0,31.0,,,578.0,489.0,2.98,32.0,15.0,41.0,4431.0,1268.0,120.0,510.0,939.0,126.0,152.0,0.98,Baltimore Orioles,Memorial Stadium,781649.0,102.0,101.0,BAL,BAL,BAL
1965,AL,BOS,BOS,,9,162,81.0,62,100,,,N,N,669.0,5487.0,1378.0,244.0,40.0,165.0,607.0,964.0,47.0,24.0,,,791.0,678.0,4.24,33.0,9.0,25.0,4317.0,1443.0,158.0,543.0,993.0,159.0,129.0,0.974,Boston Red Sox,Fenway Park II,652201.0,106.0,108.0,BOS,BOS,BOS
1965,AL,CAL,ANA,,7,162,80.0,75,87,,,N,N,527.0,5354.0,1279.0,200.0,36.0,92.0,443.0,973.0,107.0,59.0,,,569.0,508.0,3.17,39.0,14.0,33.0,4323.0,1259.0,91.0,563.0,847.0,123.0,149.0,0.981,California Angels,Dodger Stadium,566727.0,97.0,98.0,CAL,CAL,CAL
1965,AL,CHA,CHW,,2,162,81.0,95,67,,,N,N,647.0,5509.0,1354.0,200.0,38.0,125.0,533.0,916.0,50.0,33.0,,,555.0,492.0,2.99,21.0,14.0,53.0,4443.0,1261.0,122.0,460.0,946.0,126.0,156.0,0.981,Chicago White Sox,Comiskey Park,1130519.0,93.0,92.0,CHW,CHA,CHA
1965,NL,CHN,CHC,,8,164,83.0,72,90,,,N,N,635.0,5540.0,1316.0,202.0,33.0,134.0,532.0,948.0,65.0,47.0,,,723.0,618.0,3.78,33.0,9.0,35.0,4416.0,1470.0,154.0,481.0,855.0,171.0,166.0,0.974,Chicago Cubs,Wrigley Field,641361.0,102.0,104.0,CHC,CHN,CHN
1965,NL,CIN,CIN,,4,162,81.0,89,73,,,N,N,825.0,5658.0,1544.0,268.0,61.0,183.0,538.0,1003.0,82.0,40.0,,,704.0,628.0,3.88,43.0,9.0,34.0,4371.0,1355.0,136.0,587.0,1113.0,117.0,142.0,0.981,Cincinnati Reds,Crosley Field,1047824.0,107.0,106.0,CIN,CIN,CIN
1965,AL,CLE,CLE,,5,162,82.0,87,75,,,N,N,663.0,5469.0,1367.0,198.0,21.0,156.0,506.0,857.0,109.0,46.0,,,613.0,535.0,3.3,41.0,13.0,41.0,4374.0,1254.0,129.0,500.0,1156.0,114.0,127.0,0.981,Cleveland Indians,Cleveland Stadium,934786.0,101.0,101.0,CLE,CLE,CLE
1965,AL,DET,DET,,4,162,81.0,89,73,,,N,N,680.0,5368.0,1278.0,190.0,27.0,162.0,554.0,952.0,57.0,41.0,,,602.0,542.0,3.35,45.0,14.0,31.0,4365.0,1283.0,137.0,509.0,1069.0,114.0,126.0,0.981,Detroit Tigers,Tiger Stadium,1029645.0,102.0,101.0,DET,DET,DET
1965,NL,HOU,HOU,,9,162,81.0,65,97,,,N,N,569.0,5483.0,1299.0,188.0,42.0,97.0,502.0,877.0,90.0,37.0,,,711.0,623.0,3.84,29.0,7.0,26.0,4383.0,1459.0,123.0,388.0,931.0,166.0,130.0,0.974,Houston Astros,Astrodome,2151470.0,92.0,94.0,HOU,HOU,HOU
1965,AL,KC1,OAK,,10,162,81.0,59,103,,,N,N,585.0,5393.0,1294.0,186.0,59.0,110.0,521.0,1020.0,110.0,51.0,,,755.0,675.0,4.24,18.0,7.0,32.0,4299.0,1399.0,161.0,574.0,882.0,139.0,142.0,0.977,Kansas City Athletics,Municipal Stadium I,528344.0,99.0,101.0,KCA,KC1,KC1
1965,NL,LAN,LAD,,1,162,81.0,97,65,,,Y,Y,608.0,5425.0,1329.0,193.0,32.0,78.0,492.0,891.0,172.0,77.0,,,521.0,461.0,2.81,58.0,23.0,34.0,4428.0,1223.0,127.0,425.0,1079.0,134.0,135.0,0.979,Los Angeles Dodgers,Dodger Stadium,2553577.0,93.0,92.0,LAD,LAN,LAN
1965,AL,MIN,MIN,,1,162,81.0,102,60,,,Y,N,774.0,5488.0,1396.0,257.0,42.0,150.0,554.0,969.0,92.0,33.0,,,600.0,508.0,3.14,32.0,12.0,45.0,4371.0,1278.0,166.0,503.0,934.0,172.0,158.0,0.973,Minnesota Twins,Metropolitan Stadium,1463258.0,105.0,103.0,MIN,MIN,MIN
1965,NL,ML1,ATL,,5,162,81.0,86,76,,,N,N,708.0,5542.0,1419.0,243.0,28.0,196.0,408.0,976.0,64.0,37.0,,,633.0,566.0,3.52,43.0,4.0,38.0,4341.0,1336.0,123.0,541.0,966.0,140.0,145.0,0.978,Milwaukee Braves,County Stadium,555584.0,101.0,99.0,MLN,MLN,MLN
1965,AL,NYA,NYY,,6,162,83.0,77,85,,,N,N,611.0,5470.0,1286.0,196.0,31.0,149.0,489.0,951.0,35.0,20.0,,,604.0,532.0,3.28,41.0,11.0,31.0,4377.0,1337.0,126.0,511.0,1001.0,137.0,166.0,0.978,New York Yankees,Yankee Stadium I,1213552.0,99.0,98.0,NYY,NYA,NYA
1965,NL,NYN,NYM,,10,164,82.0,50,112,,,N,N,495.0,5441.0,1202.0,203.0,27.0,107.0,392.0,1129.0,28.0,42.0,,,752.0,656.0,4.06,29.0,11.0,14.0,4362.0,1462.0,147.0,498.0,776.0,169.0,153.0,0.974,New York Mets,Shea Stadium,1768389.0,96.0,99.0,NYM,NYN,NYN
1965,NL,PHI,PHI,,6,162,80.0,85,76,,,N,N,654.0,5528.0,1380.0,205.0,53.0,144.0,494.0,1091.0,46.0,32.0,,,667.0,576.0,3.53,50.0,18.0,21.0,4404.0,1426.0,116.0,466.0,1071.0,157.0,153.0,0.975,Philadelphia Phillies,Connie Mack Stadium,1166376.0,98.0,98.0,PHI,PHI,PHI
1965,NL,PIT,PIT,,3,163,82.0,90,72,,,N,N,675.0,5686.0,1506.0,217.0,57.0,111.0,419.0,1008.0,51.0,38.0,,,580.0,495.0,3.01,49.0,17.0,27.0,4437.0,1324.0,89.0,469.0,882.0,152.0,189.0,0.977,Pittsburgh Pirates,Forbes Field,909279.0,101.0,99.0,PIT,PIT,PIT
1965,NL,SFN,SFG,,2,163,81.0,95,67,,,N,N,682.0,5495.0,1384.0,169.0,43.0,159.0,476.0,844.0,47.0,27.0,,,593.0,521.0,3.2,42.0,17.0,42.0,4395.0,1325.0,137.0,408.0,1060.0,148.0,124.0,0.976,San Francisco Giants,Candlestick Park,1546075.0,104.0,102.0,SFG,SFN,SFN
1965,NL,SLN,STL,,7,162,81.0,80,81,,,N,N,707.0,5579.0,1415.0,234.0,46.0,109.0,477.0,882.0,100.0,52.0,,,674.0,612.0,3.77,40.0,11.0,35.0,4383.0,1414.0,166.0,467.0,916.0,130.0,152.0,0.979,St. Louis Cardinals,Sportsman's Park IV,1241201.0,110.0,109.0,STL,SLN,SLN
1965,AL,WS2,TEX,,8,162,81.0,70,92,,,N,N,591.0,5374.0,1227.0,179.0,33.0,136.0,570.0,1125.0,30.0,19.0,,,721.0,627.0,3.93,21.0,8.0,40.0,4305.0,1376.0,160.0,633.0,867.0,143.0,148.0,0.976,Washington Senators,R.F.K. Stadium,560083.0,98.0,100.0,WSA,WS2,WS2
1966,NL,ATL,ATL,,5,163,82.0,85,77,,,N,N,782.0,5617.0,1476.0,220.0,32.0,207.0,512.0,913.0,59.0,47.0,,,683.0,601.0,3.68,37.0,10.0,36.0,4407.0,1430.0,129.0,485.0,884.0,154.0,139.0,0.976,Atlanta Braves,Atlanta-Fulton County Stadium,1539801.0,103.0,102.0,ATL,ATL,ATL
1966,AL,BAL,BAL,,1,160,79.0,97,63,,,Y,Y,755.0,5529.0,1426.0,243.0,35.0,175.0,514.0,926.0,55.0,43.0,,,601.0,541.0,3.32,23.0,13.0,51.0,4398.0,1267.0,127.0,514.0,1070.0,115.0,142.0,0.981,Baltimore Orioles,Memorial Stadium,1203366.0,99.0,98.0,BAL,BAL,BAL
1966,AL,BOS,BOS,,9,162,81.0,72,90,,,N,N,655.0,5498.0,1318.0,228.0,44.0,145.0,542.0,1020.0,35.0,24.0,,,731.0,637.0,3.92,32.0,10.0,31.0,4389.0,1402.0,164.0,577.0,977.0,153.0,153.0,0.975,Boston Red Sox,Fenway Park II,811172.0,111.0,112.0,BOS,BOS,BOS
1966,AL,CAL,ANA,,6,162,81.0,80,82,,,N,N,604.0,5360.0,1244.0,179.0,54.0,122.0,525.0,1062.0,80.0,54.0,,,643.0,576.0,3.56,31.0,12.0,40.0,4371.0,1364.0,136.0,511.0,836.0,136.0,186.0,0.979,California Angels,Anaheim Stadium,1400321.0,97.0,97.0,CAL,CAL,CAL
1966,AL,CHA,CHW,,4,163,81.0,83,79,,,N,N,574.0,5348.0,1235.0,193.0,40.0,87.0,476.0,872.0,153.0,78.0,,,517.0,439.0,2.68,38.0,22.0,34.0,4425.0,1229.0,101.0,403.0,896.0,160.0,149.0,0.976,Chicago White Sox,Comiskey Park,990016.0,93.0,92.0,CHW,CHA,CHA
1966,NL,CHN,CHC,,10,162,81.0,59,103,,,N,N,644.0,5592.0,1418.0,203.0,43.0,140.0,457.0,998.0,76.0,47.0,,,809.0,701.0,4.33,28.0,6.0,24.0,4374.0,1513.0,184.0,479.0,908.0,166.0,132.0,0.974,Chicago Cubs,Wrigley Field,635891.0,101.0,102.0,CHC,CHN,CHN
1966,NL,CIN,CIN,,7,160,79.0,76,84,,,N,N,692.0,5521.0,1434.0,232.0,33.0,149.0,394.0,877.0,70.0,50.0,,,702.0,651.0,4.08,28.0,10.0,35.0,4308.0,1408.0,153.0,490.0,1043.0,122.0,133.0,0.98,Cincinnati Reds,Crosley Field,742958.0,110.0,109.0,CIN,CIN,CIN
1966,AL,CLE,CLE,,5,162,81.0,81,81,,,N,N,574.0,5474.0,1300.0,156.0,25.0,155.0,450.0,914.0,53.0,41.0,,,586.0,526.0,3.23,49.0,15.0,28.0,4401.0,1260.0,129.0,489.0,1111.0,138.0,132.0,0.977,Cleveland Indians,Cleveland Stadium,903359.0,100.0,100.0,CLE,CLE,CLE
1966,AL,DET,DET,,3,162,81.0,88,74,,,N,N,719.0,5507.0,1383.0,224.0,45.0,179.0,551.0,987.0,41.0,34.0,,,698.0,622.0,3.85,36.0,11.0,38.0,4362.0,1356.0,185.0,520.0,1026.0,117.0,142.0,0.981,Detroit Tigers,Tiger Stadium,1124293.0,103.0,102.0,DET,DET,DET
1966,NL,HOU,HOU,,8,163,81.0,72,90,,,N,N,612.0,5511.0,1405.0,203.0,35.0,112.0,491.0,885.0,90.0,47.0,,,695.0,603.0,3.76,34.0,13.0,26.0,4329.0,1468.0,130.0,391.0,929.0,174.0,126.0,0.972,Houston Astros,Astrodome,1872108.0,93.0,94.0,HOU,HOU,HOU
1966,AL,KC1,OAK,,7,160,81.0,74,86,,,N,N,564.0,5328.0,1259.0,212.0,56.0,70.0,421.0,982.0,132.0,50.0,,,648.0,568.0,3.56,19.0,11.0,47.0,4305.0,1281.0,106.0,630.0,854.0,139.0,154.0,0.977,Kansas City Athletics,Municipal Stadium I,773929.0,97.0,99.0,KCA,KC1,KC1
1966,NL,LAN,LAD,,1,162,81.0,95,67,,,Y,N,606.0,5471.0,1399.0,201.0,27.0,108.0,430.0,830.0,94.0,64.0,,,490.0,424.0,2.62,52.0,20.0,35.0,4374.0,1287.0,84.0,356.0,1084.0,133.0,128.0,0.979,Los Angeles Dodgers,Dodger Stadium,2617029.0,92.0,91.0,LAD,LAN,LAN
1966,AL,MIN,MIN,,2,162,81.0,89,73,,,N,N,663.0,5390.0,1341.0,219.0,33.0,144.0,513.0,844.0,67.0,42.0,,,581.0,500.0,3.13,52.0,11.0,28.0,4314.0,1246.0,139.0,392.0,1015.0,139.0,118.0,0.977,Minnesota Twins,Metropolitan Stadium,1259374.0,107.0,105.0,MIN,MIN,MIN
1966,AL,NYA,NYY,,10,160,82.0,70,89,,,N,N,611.0,5330.0,1254.0,182.0,36.0,162.0,485.0,817.0,49.0,29.0,,,612.0,536.0,3.41,29.0,7.0,32.0,4245.0,1318.0,124.0,443.0,842.0,142.0,142.0,0.977,New York Yankees,Yankee Stadium I,1124648.0,95.0,96.0,NYY,NYA,NYA
1966,NL,NYN,NYM,,9,161,81.0,66,95,,,N,N,587.0,5371.0,1286.0,187.0,35.0,98.0,446.0,992.0,55.0,46.0,,,761.0,661.0,4.17,37.0,9.0,22.0,4281.0,1497.0,166.0,521.0,773.0,159.0,171.0,0.975,New York Mets,Shea Stadium,1932693.0,97.0,100.0,NYM,NYN,NYN
1966,NL,PHI,PHI,,4,162,81.0,87,75,,,N,N,696.0,5607.0,1448.0,224.0,49.0,117.0,510.0,969.0,56.0,42.0,,,640.0,579.0,3.57,52.0,15.0,23.0,4377.0,1439.0,137.0,412.0,928.0,113.0,147.0,0.982,Philadelphia Phillies,Connie Mack Stadium,1108201.0,100.0,99.0,PHI,PHI,PHI
1966,NL,PIT,PIT,,3,162,81.0,92,70,,,N,N,759.0,5676.0,1586.0,238.0,66.0,158.0,405.0,1011.0,64.0,60.0,,,641.0,572.0,3.52,35.0,12.0,43.0,4389.0,1445.0,125.0,463.0,898.0,141.0,215.0,0.978,Pittsburgh Pirates,Forbes Field,1196618.0,100.0,99.0,PIT,PIT,PIT
1966,NL,SFN,SFG,,2,161,81.0,93,68,,,N,N,675.0,5539.0,1373.0,195.0,31.0,181.0,414.0,860.0,29.0,30.0,,,626.0,531.0,3.24,52.0,14.0,27.0,4428.0,1370.0,140.0,359.0,973.0,168.0,131.0,0.974,San Francisco Giants,Candlestick Park,1657192.0,104.0,103.0,SFG,SFN,SFN
1966,NL,SLN,STL,,6,162,81.0,83,79,,,N,N,571.0,5480.0,1377.0,196.0,61.0,108.0,345.0,977.0,144.0,61.0,,,577.0,504.0,3.11,47.0,19.0,32.0,4377.0,1345.0,130.0,448.0,892.0,145.0,166.0,0.977,St. Louis Cardinals,Sportsman's Park IV/Busch Stadium II,1712980.0,100.0,100.0,STL,SLN,SLN
1966,AL,WS2,TEX,,8,159,78.0,71,88,,,N,N,557.0,5318.0,1245.0,185.0,40.0,126.0,450.0,1069.0,53.0,37.0,,,659.0,583.0,3.7,25.0,6.0,35.0,4257.0,1282.0,154.0,448.0,866.0,142.0,139.0,0.977,Washington Senators,R.F.K. Stadium,576260.0,99.0,101.0,WSA,WS2,WS2
1967,NL,ATL,ATL,,7,162,81.0,77,85,,,N,N,631.0,5450.0,1307.0,191.0,29.0,158.0,512.0,947.0,55.0,45.0,,,640.0,561.0,3.47,35.0,5.0,32.0,4362.0,1377.0,118.0,449.0,862.0,138.0,148.0,0.978,Atlanta Braves,Atlanta-Fulton County Stadium,1389222.0,99.0,99.0,ATL,ATL,ATL
1967,AL,BAL,BAL,,6,161,77.0,76,85,,,N,N,654.0,5456.0,1312.0,215.0,44.0,138.0,531.0,1002.0,54.0,37.0,,,592.0,537.0,3.32,29.0,17.0,36.0,4371.0,1218.0,116.0,566.0,1034.0,124.0,144.0,0.98,Baltimore Orioles,Memorial Stadium,955053.0,100.0,98.0,BAL,BAL,BAL
1967,AL,BOS,BOS,,1,162,81.0,92,70,,,Y,N,722.0,5471.0,1394.0,216.0,39.0,158.0,522.0,1020.0,68.0,59.0,,,614.0,545.0,3.36,41.0,9.0,44.0,4377.0,1307.0,142.0,477.0,1010.0,142.0,142.0,0.977,Boston Red Sox,Fenway Park II,1727832.0,109.0,109.0,BOS,BOS,BOS
1967,AL,CAL,ANA,,5,161,83.0,84,77,,,N,N,567.0,5307.0,1265.0,170.0,37.0,114.0,453.0,1021.0,40.0,36.0,,,587.0,507.0,3.19,19.0,14.0,46.0,4290.0,1246.0,118.0,525.0,892.0,111.0,135.0,0.982,California Angels,Anaheim Stadium,1317713.0,95.0,96.0,CAL,CAL,CAL
1967,AL,CHA,CHW,,4,162,82.0,89,73,,,N,N,531.0,5383.0,1209.0,181.0,34.0,89.0,480.0,849.0,124.0,82.0,,,491.0,406.0,2.45,36.0,24.0,39.0,4470.0,1197.0,87.0,465.0,927.0,137.0,149.0,0.979,Chicago White Sox,Comiskey Park,985634.0,93.0,93.0,CHW,CHA,CHA
1967,NL,CHN,CHC,,3,162,84.0,87,74,,,N,N,702.0,5463.0,1373.0,211.0,49.0,128.0,509.0,912.0,63.0,50.0,,,624.0,563.0,3.48,47.0,7.0,28.0,4371.0,1352.0,142.0,463.0,888.0,121.0,143.0,0.981,Chicago Cubs,Wrigley Field,977226.0,105.0,105.0,CHC,CHN,CHN
1967,NL,CIN,CIN,,4,162,81.0,87,75,,,N,N,604.0,5519.0,1366.0,251.0,54.0,109.0,372.0,969.0,92.0,63.0,,,563.0,497.0,3.05,34.0,18.0,39.0,4404.0,1328.0,101.0,498.0,1065.0,121.0,124.0,0.98,Cincinnati Reds,Crosley Field,958300.0,112.0,112.0,CIN,CIN,CIN
1967,AL,CLE,CLE,,8,162,81.0,75,87,,,N,N,559.0,5461.0,1282.0,213.0,35.0,131.0,413.0,984.0,53.0,65.0,,,613.0,533.0,3.25,49.0,14.0,27.0,4431.0,1258.0,120.0,559.0,1189.0,115.0,138.0,0.981,Cleveland Indians,Cleveland Stadium,662980.0,102.0,102.0,CLE,CLE,CLE
1967,AL,DET,DET,,2,163,82.0,91,71,,,N,N,683.0,5410.0,1315.0,192.0,36.0,152.0,626.0,994.0,37.0,21.0,,,587.0,532.0,3.32,46.0,17.0,40.0,4329.0,1230.0,151.0,472.0,1038.0,130.0,126.0,0.978,Detroit Tigers,Tiger Stadium,1447143.0,103.0,101.0,DET,DET,DET
1967,NL,HOU,HOU,,9,162,81.0,69,93,,,N,N,626.0,5506.0,1372.0,259.0,46.0,93.0,537.0,934.0,88.0,38.0,,,742.0,647.0,4.03,35.0,8.0,21.0,4335.0,1444.0,120.0,485.0,1060.0,157.0,120.0,0.974,Houston Astros,Astrodome,1348303.0,96.0,97.0,HOU,HOU,HOU
1967,AL,KC1,OAK,,10,161,81.0,62,99,,,N,N,533.0,5349.0,1244.0,212.0,50.0,69.0,452.0,1019.0,132.0,59.0,,,660.0,584.0,3.68,26.0,10.0,34.0,4284.0,1265.0,125.0,558.0,990.0,132.0,120.0,0.978,Kansas City Athletics,Municipal Stadium I,726639.0,97.0,99.0,KCA,KC1,KC1
1967,NL,LAN,LAD,,8,162,81.0,73,89,,,N,N,519.0,5456.0,1285.0,203.0,38.0,82.0,485.0,881.0,56.0,47.0,,,595.0,525.0,3.21,41.0,17.0,24.0,4419.0,1421.0,93.0,393.0,967.0,160.0,144.0,0.975,Los Angeles Dodgers,Dodger Stadium,1664362.0,91.0,91.0,LAD,LAN,LAN
1967,AL,MIN,MIN,,2,164,81.0,91,71,,,N,N,671.0,5458.0,1309.0,216.0,48.0,131.0,512.0,976.0,55.0,37.0,,,590.0,510.0,3.14,58.0,18.0,24.0,4383.0,1336.0,115.0,396.0,1089.0,132.0,123.0,0.978,Minnesota Twins,Metropolitan Stadium,1483547.0,108.0,107.0,MIN,MIN,MIN
1967,AL,NYA,NYY,,9,163,82.0,72,90,,,N,N,522.0,5443.0,1225.0,166.0,17.0,100.0,532.0,1043.0,63.0,37.0,,,621.0,533.0,3.24,37.0,16.0,27.0,4440.0,1375.0,110.0,480.0,898.0,154.0,144.0,0.976,New York Yankees,Yankee Stadium I,1259514.0,95.0,96.0,NYY,NYA,NYA
1967,NL,NYN,NYM,,10,162,78.0,61,101,,,N,N,498.0,5417.0,1288.0,178.0,23.0,83.0,362.0,981.0,58.0,44.0,,,672.0,594.0,3.73,36.0,10.0,19.0,4299.0,1369.0,124.0,536.0,893.0,157.0,147.0,0.975,New York Mets,Shea Stadium,1565492.0,98.0,100.0,NYM,NYN,NYN
1967,NL,PHI,PHI,,5,162,80.0,82,80,,,N,N,612.0,5401.0,1306.0,221.0,47.0,103.0,545.0,1033.0,79.0,62.0,,,581.0,500.0,3.1,46.0,17.0,23.0,4359.0,1372.0,86.0,403.0,967.0,137.0,174.0,0.978,Philadelphia Phillies,Connie Mack Stadium,828888.0,101.0,101.0,PHI,PHI,PHI
1967,NL,PIT,PIT,,6,163,81.0,81,81,,,N,N,679.0,5724.0,1585.0,193.0,62.0,91.0,387.0,914.0,79.0,37.0,,,693.0,606.0,3.74,35.0,5.0,35.0,4374.0,1439.0,108.0,561.0,820.0,141.0,186.0,0.978,Pittsburgh Pirates,Forbes Field,907012.0,100.0,99.0,PIT,PIT,PIT
1967,NL,SFN,SFG,,2,162,82.0,91,71,,,N,N,652.0,5524.0,1354.0,201.0,39.0,140.0,520.0,978.0,22.0,30.0,,,551.0,478.0,2.92,64.0,17.0,25.0,4422.0,1283.0,113.0,453.0,990.0,134.0,149.0,0.979,San Francisco Giants,Candlestick Park,1242480.0,100.0,99.0,SFG,SFN,SFN
1967,NL,SLN,STL,,1,161,81.0,101,60,,,Y,Y,695.0,5566.0,1462.0,225.0,40.0,115.0,443.0,919.0,102.0,54.0,,,557.0,496.0,3.05,44.0,17.0,45.0,4395.0,1313.0,97.0,431.0,956.0,140.0,127.0,0.977,St. Louis Cardinals,Busch Stadium II,2090145.0,99.0,97.0,STL,SLN,SLN
1967,AL,WS2,TEX,,6,161,80.0,76,85,,,N,N,550.0,5441.0,1211.0,168.0,25.0,115.0,472.0,1037.0,53.0,37.0,,,637.0,553.0,3.38,24.0,14.0,39.0,4419.0,1334.0,113.0,495.0,878.0,144.0,167.0,0.978,Washington Senators,R.F.K. Stadium,770868.0,96.0,97.0,WSA,WS2,WS2
1968,NL,ATL,ATL,,5,163,81.0,81,81,,,N,N,514.0,5552.0,1399.0,179.0,31.0,80.0,414.0,782.0,83.0,44.0,,,549.0,478.0,2.92,44.0,16.0,29.0,4422.0,1326.0,87.0,362.0,871.0,125.0,139.0,0.98,Atlanta Braves,Atlanta-Fulton County Stadium,1126540.0,101.0,101.0,ATL,ATL,ATL
1968,AL,BAL,BAL,,2,162,80.0,91,71,,,N,N,579.0,5275.0,1187.0,215.0,28.0,133.0,570.0,1019.0,78.0,32.0,,,497.0,429.0,2.66,53.0,16.0,31.0,4353.0,1111.0,101.0,502.0,1044.0,120.0,131.0,0.981,Baltimore Orioles,Memorial Stadium,943977.0,101.0,99.0,BAL,BAL,BAL
1968,AL,BOS,BOS,,4,162,81.0,86,76,,,N,N,614.0,5303.0,1253.0,207.0,17.0,125.0,582.0,974.0,76.0,62.0,,,611.0,535.0,3.33,55.0,17.0,31.0,4341.0,1303.0,115.0,523.0,972.0,128.0,147.0,0.979,Boston Red Sox,Fenway Park II,1940788.0,108.0,107.0,BOS,BOS,BOS
1968,AL,CAL,ANA,,8,162,81.0,67,95,,,N,N,498.0,5331.0,1209.0,170.0,33.0,83.0,447.0,1080.0,62.0,50.0,,,615.0,548.0,3.43,29.0,11.0,31.0,4311.0,1234.0,131.0,519.0,869.0,140.0,156.0,0.977,California Angels,Anaheim Stadium,1025956.0,95.0,97.0,CAL,CAL,CAL
1968,AL,CHA,CHW,,8,162,81.0,67,95,,,N,N,463.0,5405.0,1233.0,169.0,33.0,71.0,397.0,840.0,90.0,50.0,,,527.0,449.0,2.75,20.0,11.0,40.0,4404.0,1290.0,97.0,451.0,834.0,151.0,152.0,0.977,Chicago White Sox,Comiskey Park,803775.0,106.0,107.0,CHW,CHA,CHA
1968,NL,CHN,CHC,,3,163,82.0,84,78,,,N,N,612.0,5458.0,1319.0,203.0,43.0,130.0,415.0,854.0,41.0,30.0,,,611.0,551.0,3.41,46.0,12.0,32.0,4359.0,1399.0,138.0,392.0,894.0,119.0,149.0,0.981,Chicago Cubs,Wrigley Field,1043409.0,107.0,106.0,CHC,CHN,CHN
1968,NL,CIN,CIN,,4,163,82.0,83,79,,,N,N,690.0,5767.0,1573.0,281.0,36.0,106.0,379.0,938.0,59.0,55.0,,,673.0,589.0,3.56,24.0,16.0,38.0,4470.0,1399.0,114.0,573.0,963.0,144.0,144.0,0.978,Cincinnati Reds,Crosley Field,733354.0,106.0,106.0,CIN,CIN,CIN
1968,AL,CLE,CLE,,3,162,81.0,86,75,,,N,N,516.0,5416.0,1266.0,210.0,36.0,75.0,427.0,858.0,115.0,61.0,,,504.0,433.0,2.66,48.0,23.0,32.0,4392.0,1087.0,98.0,540.0,1157.0,126.0,130.0,0.979,Cleveland Indians,Cleveland Stadium,857994.0,99.0,100.0,CLE,CLE,CLE
1968,AL,DET,DET,,1,164,81.0,103,59,,,Y,Y,671.0,5490.0,1292.0,190.0,39.0,185.0,521.0,964.0,26.0,32.0,,,492.0,448.0,2.71,59.0,19.0,29.0,4467.0,1180.0,129.0,486.0,1115.0,101.0,133.0,0.984,Detroit Tigers,Tiger Stadium,2031847.0,103.0,101.0,DET,DET,DET
1968,NL,HOU,HOU,,10,162,81.0,72,90,,,N,N,510.0,5336.0,1233.0,205.0,28.0,66.0,479.0,988.0,44.0,51.0,,,588.0,524.0,3.26,50.0,12.0,23.0,4338.0,1362.0,68.0,479.0,1021.0,152.0,129.0,0.975,Houston Astros,Astrodome,1312887.0,97.0,99.0,HOU,HOU,HOU
1968,NL,LAN,LAD,,7,162,81.0,76,86,,,N,N,470.0,5354.0,1234.0,202.0,36.0,67.0,439.0,980.0,57.0,43.0,,,509.0,433.0,2.69,38.0,23.0,31.0,4344.0,1293.0,65.0,414.0,994.0,144.0,144.0,0.977,Los Angeles Dodgers,Dodger Stadium,1581093.0,92.0,92.0,LAD,LAN,LAN
1968,AL,MIN,MIN,,7,162,81.0,79,83,,,N,N,562.0,5373.0,1274.0,207.0,41.0,105.0,445.0,966.0,98.0,54.0,,,546.0,460.0,2.89,46.0,14.0,29.0,4299.0,1224.0,92.0,414.0,996.0,170.0,117.0,0.973,Minnesota Twins,Metropolitan Stadium,1143257.0,107.0,105.0,MIN,MIN,MIN
1968,AL,NYA,NYY,,5,164,82.0,83,79,,,N,N,536.0,5310.0,1137.0,154.0,34.0,109.0,566.0,958.0,90.0,50.0,,,531.0,455.0,2.79,45.0,14.0,27.0,4401.0,1308.0,99.0,424.0,831.0,139.0,142.0,0.979,New York Yankees,Yankee Stadium I,1185666.0,96.0,96.0,NYY,NYA,NYA
1968,NL,NYN,NYM,,9,163,82.0,73,89,,,N,N,473.0,5503.0,1252.0,178.0,30.0,81.0,379.0,1203.0,72.0,45.0,,,499.0,448.0,2.72,45.0,25.0,32.0,4449.0,1250.0,87.0,430.0,1014.0,133.0,142.0,0.979,New York Mets,Shea Stadium,1781657.0,100.0,101.0,NYM,NYN,NYN
1968,AL,OAK,OAK,,6,163,83.0,82,80,,,N,N,569.0,5406.0,1300.0,192.0,40.0,94.0,472.0,1022.0,147.0,61.0,,,544.0,475.0,2.94,45.0,18.0,29.0,4365.0,1220.0,124.0,505.0,997.0,145.0,136.0,0.976,Oakland Athletics,Oakland Coliseum,837466.0,94.0,94.0,OAK,OAK,OAK
1968,NL,PHI,PHI,,7,162,81.0,76,86,,,N,N,543.0,5372.0,1253.0,178.0,30.0,100.0,462.0,1003.0,58.0,51.0,,,615.0,541.0,3.36,42.0,12.0,27.0,4344.0,1416.0,91.0,421.0,935.0,127.0,163.0,0.98,Philadelphia Phillies,Connie Mack Stadium,664546.0,100.0,101.0,PHI,PHI,PHI
1968,NL,PIT,PIT,,6,163,81.0,80,82,,,N,N,583.0,5569.0,1404.0,180.0,44.0,80.0,422.0,953.0,130.0,59.0,,,532.0,453.0,2.74,42.0,19.0,30.0,4461.0,1322.0,73.0,485.0,897.0,139.0,162.0,0.979,Pittsburgh Pirates,Forbes Field,693485.0,98.0,97.0,PIT,PIT,PIT
1968,NL,SFN,SFG,,2,163,81.0,88,74,,,N,N,599.0,5441.0,1301.0,162.0,33.0,108.0,508.0,904.0,50.0,37.0,,,529.0,442.0,2.71,77.0,20.0,16.0,4407.0,1302.0,86.0,344.0,942.0,162.0,125.0,0.975,San Francisco Giants,Candlestick Park,837220.0,101.0,100.0,SFG,SFN,SFN
1968,NL,SLN,STL,,1,162,81.0,97,65,,,Y,N,583.0,5561.0,1383.0,227.0,48.0,73.0,378.0,897.0,110.0,45.0,,,472.0,409.0,2.49,63.0,30.0,32.0,4437.0,1282.0,82.0,375.0,971.0,140.0,135.0,0.978,St. Louis Cardinals,Busch Stadium II,2011167.0,99.0,97.0,STL,SLN,SLN
1968,AL,WS2,TEX,,10,161,81.0,65,96,,,N,N,524.0,5400.0,1208.0,160.0,37.0,124.0,454.0,960.0,29.0,19.0,,,665.0,582.0,3.64,26.0,11.0,28.0,4317.0,1402.0,118.0,517.0,826.0,148.0,144.0,0.976,Washington Senators,R.F.K. Stadium,546661.0,97.0,98.0,WSA,WS2,WS2
1969,NL,ATL,ATL,W,1,162,81.0,93,69,Y,,N,N,691.0,5460.0,1411.0,195.0,22.0,141.0,485.0,665.0,59.0,48.0,,,631.0,567.0,3.53,38.0,7.0,42.0,4335.0,1334.0,144.0,438.0,893.0,115.0,114.0,0.981,Atlanta Braves,Atlanta-Fulton County Stadium,1458320.0,101.0,101.0,ATL,ATL,ATL
1969,AL,BAL,BAL,E,1,162,81.0,109,53,Y,,Y,N,779.0,5518.0,1465.0,234.0,29.0,175.0,634.0,806.0,82.0,45.0,,,517.0,463.0,2.83,50.0,20.0,36.0,4419.0,1194.0,117.0,498.0,897.0,101.0,145.0,0.984,Baltimore Orioles,Memorial Stadium,1062069.0,101.0,99.0,BAL,BAL,BAL
1969,AL,BOS,BOS,E,3,162,81.0,87,75,N,,N,N,743.0,5494.0,1381.0,234.0,37.0,197.0,658.0,923.0,41.0,47.0,,,736.0,639.0,3.92,30.0,7.0,41.0,4398.0,1423.0,155.0,685.0,935.0,157.0,178.0,0.975,Boston Red Sox,Fenway Park II,1833246.0,107.0,106.0,BOS,BOS,BOS
1969,AL,CAL,ANA,W,3,163,81.0,71,91,N,,N,N,528.0,5316.0,1221.0,151.0,29.0,88.0,516.0,929.0,54.0,39.0,,,652.0,566.0,3.54,25.0,9.0,39.0,4314.0,1294.0,126.0,517.0,885.0,135.0,164.0,0.978,California Angels,Anaheim Stadium,758388.0,94.0,95.0,CAL,CAL,CAL
1969,AL,CHA,CHW,W,5,162,81.0,68,94,N,,N,N,625.0,5450.0,1346.0,210.0,27.0,112.0,552.0,844.0,54.0,22.0,,,723.0,672.0,4.21,29.0,10.0,25.0,4311.0,1470.0,146.0,564.0,810.0,122.0,163.0,0.981,Chicago White Sox,Comiskey Park,589546.0,106.0,107.0,CHW,CHA,CHA
1969,NL,CHN,CHC,E,2,163,82.0,92,70,N,,N,N,720.0,5530.0,1400.0,215.0,40.0,142.0,559.0,928.0,30.0,32.0,,,611.0,540.0,3.34,58.0,22.0,27.0,4362.0,1366.0,118.0,475.0,1017.0,136.0,149.0,0.979,Chicago Cubs,Wrigley Field,1674993.0,113.0,112.0,CHC,CHN,CHN
1969,NL,CIN,CIN,W,3,163,81.0,89,73,N,,N,N,798.0,5634.0,1558.0,224.0,42.0,171.0,474.0,1042.0,79.0,56.0,,,768.0,669.0,4.11,23.0,11.0,44.0,4395.0,1478.0,149.0,611.0,818.0,168.0,158.0,0.973,Cincinnati Reds,Crosley Field,987991.0,105.0,105.0,CIN,CIN,CIN
1969,AL,CLE,CLE,E,6,161,81.0,62,99,N,,N,N,573.0,5365.0,1272.0,173.0,24.0,119.0,535.0,906.0,85.0,37.0,,,717.0,629.0,3.94,35.0,7.0,22.0,4311.0,1330.0,134.0,681.0,1000.0,142.0,153.0,0.976,Cleveland Indians,Cleveland Stadium,619970.0,103.0,103.0,CLE,CLE,CLE
1969,AL,DET,DET,E,2,162,81.0,90,72,N,,N,N,701.0,5441.0,1316.0,188.0,29.0,182.0,578.0,922.0,35.0,28.0,,,601.0,535.0,3.31,55.0,20.0,28.0,4365.0,1250.0,128.0,586.0,1032.0,126.0,130.0,0.979,Detroit Tigers,Tiger Stadium,1577481.0,105.0,104.0,DET,DET,DET
1969,NL,HOU,HOU,W,5,162,81.0,81,81,N,,N,N,676.0,5348.0,1284.0,208.0,40.0,104.0,699.0,972.0,101.0,58.0,,,668.0,574.0,3.6,52.0,11.0,34.0,4305.0,1347.0,111.0,547.0,1221.0,150.0,136.0,0.975,Houston Astros,Astrodome,1442995.0,98.0,98.0,HOU,HOU,HOU
1969,AL,KCA,KCR,W,4,163,82.0,69,93,N,,N,N,586.0,5462.0,1311.0,179.0,32.0,98.0,522.0,901.0,129.0,70.0,,,688.0,605.0,3.72,42.0,10.0,25.0,4392.0,1357.0,136.0,560.0,894.0,156.0,114.0,0.975,Kansas City Royals,Municipal Stadium II,902414.0,100.0,101.0,KCR,KCA,KCA
1969,NL,LAN,LAD,W,4,162,81.0,85,77,N,,N,N,645.0,5532.0,1405.0,185.0,52.0,97.0,484.0,823.0,80.0,51.0,,,561.0,499.0,3.08,47.0,20.0,31.0,4371.0,1324.0,122.0,420.0,975.0,109.0,130.0,0.981,Los Angeles Dodgers,Dodger Stadium,1784527.0,93.0,92.0,LAD,LAN,LAN
1969,AL,MIN,MIN,W,1,162,81.0,97,65,Y,,N,N,790.0,5677.0,1520.0,246.0,32.0,163.0,599.0,906.0,115.0,70.0,,,618.0,539.0,3.24,41.0,8.0,43.0,4491.0,1388.0,119.0,524.0,906.0,150.0,177.0,0.977,Minnesota Twins,Metropolitan Stadium,1349328.0,104.0,102.0,MIN,MIN,MIN
1969,NL,MON,WSN,E,6,162,81.0,52,110,N,,N,N,582.0,5419.0,1300.0,202.0,33.0,125.0,529.0,962.0,52.0,52.0,,,791.0,686.0,4.33,26.0,8.0,21.0,4278.0,1429.0,145.0,702.0,973.0,184.0,179.0,0.97,Montreal Expos,Jarry Park,1212608.0,100.0,102.0,MON,MON,MON
1969,AL,NYA,NYY,E,5,162,80.0,80,81,N,,N,N,562.0,5308.0,1247.0,210.0,44.0,94.0,565.0,840.0,119.0,74.0,,,587.0,517.0,3.23,53.0,13.0,20.0,4320.0,1258.0,118.0,522.0,801.0,131.0,158.0,0.979,New York Yankees,Yankee Stadium I,1067996.0,96.0,96.0,NYY,NYA,NYA
1969,NL,NYN,NYM,E,1,162,82.0,100,62,Y,,Y,Y,632.0,5427.0,1311.0,184.0,41.0,109.0,527.0,1089.0,66.0,43.0,,,541.0,488.0,2.99,51.0,28.0,35.0,4404.0,1217.0,119.0,517.0,1012.0,122.0,146.0,0.98,New York Mets,Shea Stadium,2175373.0,102.0,101.0,NYM,NYN,NYN
1969,AL,OAK,OAK,W,2,162,81.0,88,74,N,,N,N,740.0,5614.0,1400.0,210.0,28.0,148.0,617.0,953.0,100.0,39.0,,,678.0,610.0,3.71,42.0,14.0,36.0,4440.0,1356.0,163.0,586.0,887.0,137.0,162.0,0.978,Oakland Athletics,Oakland Coliseum,778232.0,95.0,95.0,OAK,OAK,OAK
1969,NL,PHI,PHI,E,5,162,81.0,63,99,N,,N,N,645.0,5408.0,1304.0,227.0,35.0,137.0,549.0,1130.0,73.0,49.0,,,745.0,660.0,4.14,47.0,14.0,21.0,4302.0,1494.0,134.0,570.0,921.0,136.0,157.0,0.978,Philadelphia Phillies,Connie Mack Stadium,519414.0,98.0,99.0,PHI,PHI,PHI
1969,NL,PIT,PIT,E,3,162,81.0,88,74,N,,N,N,725.0,5626.0,1557.0,220.0,52.0,119.0,454.0,944.0,74.0,34.0,,,652.0,580.0,3.61,39.0,9.0,33.0,4335.0,1348.0,96.0,553.0,1124.0,155.0,169.0,0.975,Pittsburgh Pirates,Forbes Field,769369.0,98.0,97.0,PIT,PIT,PIT
1969,NL,SDN,SDP,W,6,162,81.0,52,110,N,,N,N,468.0,5357.0,1203.0,180.0,42.0,99.0,423.0,1143.0,45.0,44.0,,,746.0,670.0,4.24,16.0,9.0,25.0,4266.0,1454.0,113.0,592.0,764.0,155.0,140.0,0.975,San Diego Padres,Jack Murphy Stadium,512970.0,96.0,98.0,SDP,SDN,SDN
1969,AL,SE1,MIL,W,6,163,82.0,64,98,N,,N,N,639.0,5444.0,1276.0,179.0,27.0,125.0,626.0,1015.0,167.0,59.0,,,799.0,707.0,4.35,21.0,6.0,33.0,4389.0,1490.0,172.0,653.0,963.0,167.0,149.0,0.974,Seattle Pilots,Sicks Stadium,677944.0,97.0,100.0,SEP,SE1,SE1
1969,NL,SFN,SFG,W,2,162,81.0,90,72,N,,N,N,713.0,5474.0,1325.0,187.0,28.0,136.0,711.0,1054.0,71.0,32.0,,,636.0,534.0,3.26,71.0,15.0,17.0,4419.0,1381.0,120.0,461.0,906.0,169.0,155.0,0.974,San Francisco Giants,Candlestick Park,873603.0,99.0,98.0,SFG,SFN,SFN
1969,NL,SLN,STL,E,4,162,80.0,87,75,N,,N,N,595.0,5536.0,1403.0,228.0,44.0,90.0,503.0,876.0,87.0,49.0,,,540.0,477.0,2.94,63.0,12.0,26.0,4380.0,1289.0,99.0,511.0,1004.0,138.0,144.0,0.978,St. Louis Cardinals,Busch Stadium II,1682783.0,100.0,99.0,STL,SLN,SLN
1969,AL,WS2,TEX,E,4,162,81.0,86,76,N,,N,N,694.0,5447.0,1365.0,171.0,40.0,148.0,630.0,900.0,52.0,40.0,,,644.0,561.0,3.49,28.0,10.0,41.0,4341.0,1310.0,135.0,656.0,835.0,140.0,159.0,0.978,Washington Senators,R.F.K. Stadium,918106.0,94.0,95.0,WSA,WS2,WS2
1970,NL,ATL,ATL,W,5,162,81.0,76,86,N,,N,N,736.0,5546.0,1495.0,215.0,24.0,160.0,522.0,736.0,58.0,34.0,38.0,42.0,772.0,688.0,4.33,45.0,9.0,24.0,4292.0,1451.0,185.0,478.0,960.0,141.0,118.0,0.977,Atlanta Braves,Atlanta-Fulton County Stadium,1078848.0,106.0,106.0,ATL,ATL,ATL
1970,AL,BAL,BAL,E,1,162,81.0,108,54,Y,,Y,Y,792.0,5545.0,1424.0,213.0,25.0,179.0,717.0,952.0,84.0,39.0,44.0,46.0,574.0,517.0,3.15,60.0,12.0,31.0,4436.0,1317.0,139.0,469.0,941.0,117.0,148.0,0.981,Baltimore Orioles,Memorial Stadium,1057069.0,101.0,98.0,BAL,BAL,BAL
1970,AL,BOS,BOS,E,3,162,81.0,87,75,N,,N,N,786.0,5535.0,1450.0,252.0,28.0,203.0,594.0,855.0,50.0,48.0,40.0,47.0,722.0,622.0,3.87,38.0,8.0,44.0,4339.0,1391.0,156.0,594.0,1003.0,156.0,131.0,0.974,Boston Red Sox,Fenway Park II,1595278.0,108.0,107.0,BOS,BOS,BOS
1970,AL,CAL,ANA,W,3,162,81.0,86,76,N,,N,N,631.0,5532.0,1391.0,197.0,40.0,114.0,447.0,922.0,69.0,27.0,29.0,37.0,630.0,566.0,3.48,21.0,10.0,49.0,4387.0,1280.0,154.0,559.0,922.0,127.0,169.0,0.98,California Angels,Anaheim Stadium,1077741.0,96.0,97.0,CAL,CAL,CAL
1970,AL,CHA,CHW,W,6,162,84.0,56,106,N,,N,N,633.0,5514.0,1394.0,192.0,20.0,123.0,477.0,872.0,53.0,33.0,42.0,48.0,822.0,722.0,4.54,20.0,6.0,30.0,4291.0,1554.0,164.0,556.0,762.0,165.0,187.0,0.975,Chicago White Sox,Comiskey Park,495355.0,101.0,102.0,CHW,CHA,CHA
1970,NL,CHN,CHC,E,2,162,80.0,84,78,N,,N,N,806.0,5491.0,1424.0,228.0,44.0,179.0,607.0,844.0,39.0,16.0,20.0,36.0,679.0,599.0,3.76,59.0,9.0,25.0,4305.0,1402.0,143.0,475.0,1000.0,137.0,146.0,0.978,Chicago Cubs,Wrigley Field,1642705.0,111.0,110.0,CHC,CHN,CHN
1970,NL,CIN,CIN,W,1,162,81.0,102,60,Y,,Y,N,775.0,5540.0,1498.0,253.0,45.0,191.0,547.0,984.0,115.0,52.0,29.0,48.0,681.0,592.0,3.69,32.0,15.0,60.0,4334.0,1370.0,118.0,592.0,843.0,151.0,173.0,0.976,Cincinnati Reds,Crosley Field/Riverfront Stadium,1803568.0,104.0,103.0,CIN,CIN,CIN
1970,AL,CLE,CLE,E,5,162,81.0,76,86,N,,N,N,649.0,5463.0,1358.0,197.0,23.0,183.0,503.0,909.0,25.0,36.0,37.0,45.0,675.0,630.0,3.91,34.0,8.0,35.0,4354.0,1333.0,163.0,689.0,1076.0,133.0,168.0,0.979,Cleveland Indians,Cleveland Stadium,729752.0,104.0,105.0,CLE,CLE,CLE
1970,AL,DET,DET,E,4,162,81.0,79,83,N,,N,N,666.0,5377.0,1282.0,207.0,38.0,148.0,656.0,825.0,29.0,30.0,34.0,49.0,731.0,658.0,4.09,33.0,9.0,39.0,4342.0,1443.0,153.0,623.0,1045.0,133.0,142.0,0.978,Detroit Tigers,Tiger Stadium,1501293.0,101.0,101.0,DET,DET,DET
1970,NL,HOU,HOU,W,4,162,81.0,79,83,N,,N,N,744.0,5574.0,1446.0,250.0,47.0,129.0,598.0,911.0,114.0,41.0,27.0,43.0,763.0,685.0,4.23,36.0,6.0,35.0,4368.0,1491.0,131.0,577.0,942.0,140.0,144.0,0.978,Houston Astros,Astrodome,1253444.0,96.0,96.0,HOU,HOU,HOU
1970,AL,KCA,KCR,W,4,162,79.0,65,97,N,,N,N,611.0,5503.0,1341.0,202.0,41.0,97.0,514.0,958.0,97.0,53.0,21.0,27.0,705.0,615.0,3.78,30.0,11.0,25.0,4391.0,1346.0,138.0,641.0,915.0,152.0,162.0,0.976,Kansas City Royals,Municipal Stadium II,693047.0,99.0,100.0,KCR,KCA,KCA
1970,NL,LAN,LAD,W,2,161,81.0,87,74,N,,N,N,749.0,5606.0,1515.0,233.0,67.0,87.0,541.0,841.0,138.0,57.0,24.0,50.0,684.0,619.0,3.82,37.0,17.0,42.0,4376.0,1394.0,164.0,496.0,880.0,135.0,135.0,0.978,Los Angeles Dodgers,Dodger Stadium,1697142.0,95.0,94.0,LAD,LAN,LAN
1970,AL,MIN,MIN,W,1,162,81.0,98,64,Y,,N,N,744.0,5483.0,1438.0,230.0,41.0,153.0,501.0,905.0,57.0,52.0,42.0,38.0,605.0,520.0,3.23,26.0,12.0,58.0,4345.0,1329.0,130.0,486.0,940.0,123.0,130.0,0.98,Minnesota Twins,Metropolitan Stadium,1261887.0,103.0,102.0,MIN,MIN,MIN
1970,AL,ML4,MIL,W,4,163,81.0,65,97,N,,N,N,613.0,5395.0,1305.0,202.0,24.0,126.0,592.0,985.0,91.0,73.0,36.0,32.0,751.0,676.0,4.21,31.0,2.0,27.0,4340.0,1397.0,146.0,587.0,895.0,136.0,142.0,0.978,Milwaukee Brewers,County Stadium,933690.0,100.0,101.0,MIL,MIL,MIL
1970,NL,MON,WSN,E,6,162,80.0,73,89,N,,N,N,687.0,5411.0,1284.0,211.0,35.0,136.0,659.0,972.0,65.0,45.0,39.0,35.0,807.0,720.0,4.5,29.0,10.0,32.0,4316.0,1434.0,162.0,716.0,914.0,141.0,193.0,0.977,Montreal Expos,Jarry Park,1424683.0,99.0,101.0,MON,MON,MON
1970,AL,NYA,NYY,E,2,163,81.0,93,69,N,,N,N,680.0,5492.0,1381.0,208.0,41.0,111.0,588.0,808.0,105.0,61.0,25.0,46.0,612.0,530.0,3.24,36.0,6.0,49.0,4415.0,1386.0,130.0,451.0,777.0,130.0,146.0,0.98,New York Yankees,Yankee Stadium I,1136879.0,95.0,95.0,NYY,NYA,NYA
1970,NL,NYN,NYM,E,3,162,82.0,83,79,N,,N,N,695.0,5443.0,1358.0,211.0,42.0,120.0,684.0,1062.0,118.0,54.0,26.0,48.0,630.0,559.0,3.45,47.0,10.0,32.0,4379.0,1260.0,135.0,575.0,1064.0,124.0,136.0,0.979,New York Mets,Shea Stadium,2697479.0,100.0,99.0,NYM,NYN,NYN
1970,AL,OAK,OAK,W,2,162,81.0,89,73,N,,N,N,678.0,5376.0,1338.0,208.0,24.0,171.0,584.0,977.0,131.0,68.0,36.0,36.0,593.0,529.0,3.3,33.0,15.0,40.0,4328.0,1253.0,134.0,542.0,858.0,141.0,152.0,0.977,Oakland Athletics,Oakland Coliseum,778355.0,97.0,95.0,OAK,OAK,OAK
1970,NL,PHI,PHI,E,5,161,80.0,73,88,N,,N,N,594.0,5456.0,1299.0,224.0,58.0,101.0,519.0,1066.0,72.0,64.0,25.0,37.0,730.0,677.0,4.17,24.0,8.0,36.0,4383.0,1483.0,132.0,538.0,1047.0,114.0,134.0,0.981,Philadelphia Phillies,Connie Mack Stadium,708247.0,98.0,99.0,PHI,PHI,PHI
1970,NL,PIT,PIT,E,1,162,82.0,89,73,Y,,N,N,729.0,5637.0,1522.0,235.0,70.0,130.0,444.0,871.0,66.0,34.0,44.0,53.0,664.0,597.0,3.7,36.0,13.0,43.0,4361.0,1386.0,106.0,625.0,990.0,137.0,195.0,0.979,Pittsburgh Pirates,Forbes Field/Three Rivers Stadium,1341947.0,97.0,96.0,PIT,PIT,PIT
1970,NL,SDN,SDP,W,6,162,81.0,63,99,N,,N,N,681.0,5494.0,1353.0,208.0,36.0,172.0,500.0,1164.0,60.0,45.0,39.0,29.0,788.0,697.0,4.36,24.0,9.0,32.0,4321.0,1483.0,149.0,611.0,886.0,158.0,159.0,0.975,San Diego Padres,Jack Murphy Stadium,643679.0,96.0,98.0,SDP,SDN,SDN
1970,NL,SFN,SFG,W,3,162,81.0,86,76,N,,N,N,831.0,5578.0,1460.0,257.0,35.0,165.0,729.0,1005.0,83.0,27.0,56.0,40.0,826.0,729.0,4.5,50.0,7.0,30.0,4373.0,1514.0,156.0,604.0,931.0,170.0,153.0,0.973,San Francisco Giants,Candlestick Park,740720.0,100.0,99.0,SFG,SFN,SFN
1970,NL,SLN,STL,E,4,162,81.0,76,86,N,,N,N,744.0,5689.0,1497.0,218.0,51.0,113.0,569.0,961.0,117.0,47.0,26.0,40.0,747.0,665.0,4.06,51.0,11.0,20.0,4427.0,1483.0,102.0,632.0,960.0,150.0,159.0,0.977,St. Louis Cardinals,Busch Stadium II,1629736.0,103.0,102.0,STL,SLN,SLN
1970,AL,WS2,TEX,E,6,162,81.0,70,92,N,,N,N,626.0,5460.0,1302.0,184.0,28.0,138.0,635.0,989.0,72.0,42.0,46.0,38.0,689.0,615.0,3.8,20.0,11.0,40.0,4373.0,1375.0,139.0,611.0,823.0,116.0,173.0,0.982,Washington Senators,R.F.K. Stadium,824789.0,95.0,95.0,WSA,WS2,WS2
1971,NL,ATL,ATL,W,3,162,82.0,82,80,N,,N,N,643.0,5575.0,1434.0,192.0,30.0,153.0,434.0,747.0,57.0,46.0,28.0,44.0,699.0,614.0,3.75,40.0,11.0,31.0,4424.0,1529.0,152.0,485.0,823.0,146.0,180.0,0.977,Atlanta Braves,Atlanta-Fulton County Stadium,1006320.0,106.0,107.0,ATL,ATL,ATL
1971,AL,BAL,BAL,E,1,158,77.0,101,57,Y,,Y,N,742.0,5303.0,1382.0,207.0,25.0,158.0,672.0,844.0,66.0,38.0,46.0,37.0,530.0,470.0,2.99,71.0,15.0,22.0,4246.0,1257.0,125.0,416.0,793.0,112.0,148.0,0.981,Baltimore Orioles,Memorial Stadium,1023037.0,99.0,97.0,BAL,BAL,BAL
1971,AL,BOS,BOS,E,3,162,80.0,85,77,N,,N,N,691.0,5401.0,1360.0,246.0,28.0,161.0,552.0,871.0,51.0,34.0,32.0,47.0,667.0,610.0,3.8,44.0,11.0,35.0,4329.0,1424.0,136.0,535.0,871.0,116.0,149.0,0.981,Boston Red Sox,Fenway Park II,1678732.0,108.0,108.0,BOS,BOS,BOS
1971,AL,CAL,ANA,W,4,162,81.0,76,86,N,,N,N,511.0,5495.0,1271.0,213.0,18.0,96.0,441.0,827.0,72.0,34.0,29.0,31.0,576.0,510.0,3.1,39.0,11.0,32.0,4443.0,1246.0,101.0,607.0,904.0,131.0,159.0,0.98,California Angels,Anaheim Stadium,926373.0,93.0,93.0,CAL,CAL,CAL
1971,AL,CHA,CHW,W,3,162,81.0,79,83,N,,N,N,617.0,5382.0,1346.0,185.0,30.0,138.0,562.0,870.0,83.0,65.0,51.0,38.0,597.0,503.0,3.12,46.0,19.0,32.0,4351.0,1348.0,100.0,468.0,976.0,160.0,128.0,0.975,Chicago White Sox,Comiskey Park,833891.0,104.0,104.0,CHW,CHA,CHA
1971,NL,CHN,CHC,E,3,162,81.0,83,79,N,,N,N,637.0,5438.0,1401.0,202.0,34.0,128.0,527.0,772.0,44.0,32.0,34.0,40.0,648.0,579.0,3.61,75.0,17.0,13.0,4332.0,1458.0,132.0,411.0,900.0,126.0,150.0,0.98,Chicago Cubs,Wrigley Field,1653007.0,113.0,113.0,CHC,CHN,CHN
1971,NL,CIN,CIN,W,4,162,81.0,79,83,N,,N,N,586.0,5414.0,1306.0,203.0,28.0,138.0,438.0,907.0,59.0,33.0,27.0,25.0,581.0,538.0,3.35,27.0,11.0,38.0,4332.0,1298.0,112.0,501.0,750.0,103.0,174.0,0.984,Cincinnati Reds,Riverfront Stadium,1501122.0,95.0,94.0,CIN,CIN,CIN
1971,AL,CLE,CLE,E,6,162,81.0,60,102,N,,N,N,543.0,5467.0,1303.0,200.0,20.0,109.0,467.0,868.0,57.0,37.0,31.0,29.0,747.0,684.0,4.28,21.0,7.0,32.0,4320.0,1352.0,154.0,770.0,937.0,116.0,159.0,0.981,Cleveland Indians,Cleveland Stadium,591361.0,109.0,110.0,CLE,CLE,CLE
1971,AL,DET,DET,E,2,162,81.0,91,71,N,,N,N,701.0,5502.0,1399.0,214.0,38.0,179.0,540.0,854.0,35.0,43.0,55.0,37.0,645.0,593.0,3.63,53.0,11.0,32.0,4405.0,1355.0,126.0,609.0,1000.0,106.0,156.0,0.983,Detroit Tigers,Tiger Stadium,1591073.0,105.0,105.0,DET,DET,DET
1971,NL,HOU,HOU,W,4,162,81.0,79,83,N,,N,N,585.0,5492.0,1319.0,230.0,52.0,71.0,478.0,888.0,101.0,51.0,29.0,41.0,567.0,512.0,3.13,43.0,10.0,25.0,4414.0,1318.0,75.0,475.0,914.0,106.0,152.0,0.983,Houston Astros,Astrodome,1261589.0,98.0,97.0,HOU,HOU,HOU
1971,AL,KCA,KCR,W,2,161,81.0,85,76,N,,N,N,603.0,5295.0,1323.0,225.0,40.0,80.0,490.0,819.0,130.0,46.0,25.0,59.0,566.0,513.0,3.25,34.0,15.0,44.0,4261.0,1301.0,84.0,496.0,775.0,132.0,178.0,0.979,Kansas City Royals,Municipal Stadium II,910784.0,99.0,99.0,KCR,KCA,KCA
1971,NL,LAN,LAD,W,2,162,81.0,89,73,N,,N,N,663.0,5523.0,1469.0,213.0,38.0,95.0,489.0,755.0,76.0,40.0,21.0,50.0,587.0,521.0,3.23,48.0,18.0,33.0,4349.0,1363.0,110.0,399.0,853.0,131.0,159.0,0.979,Los Angeles Dodgers,Dodger Stadium,2064594.0,94.0,93.0,LAD,LAN,LAN
1971,AL,MIN,MIN,W,5,160,79.0,74,86,N,,N,N,654.0,5414.0,1406.0,197.0,31.0,116.0,512.0,846.0,66.0,44.0,25.0,57.0,670.0,600.0,3.81,43.0,9.0,25.0,4250.0,1384.0,139.0,529.0,895.0,118.0,134.0,0.98,Minnesota Twins,Metropolitan Stadium,940858.0,103.0,102.0,MIN,MIN,MIN
1971,AL,ML4,MIL,W,6,161,82.0,69,92,N,,N,N,534.0,5185.0,1188.0,160.0,23.0,104.0,543.0,924.0,82.0,53.0,30.0,39.0,609.0,532.0,3.38,32.0,23.0,32.0,4249.0,1303.0,130.0,569.0,795.0,138.0,152.0,0.977,Milwaukee Brewers,County Stadium,731531.0,98.0,100.0,MIL,MIL,MIL
1971,NL,MON,WSN,E,5,162,80.0,71,90,N,,N,N,622.0,5335.0,1312.0,197.0,29.0,88.0,543.0,800.0,51.0,43.0,78.0,40.0,729.0,656.0,4.12,49.0,8.0,25.0,4303.0,1418.0,133.0,658.0,829.0,150.0,164.0,0.976,Montreal Expos,Jarry Park,1290963.0,100.0,101.0,MON,MON,MON
1971,AL,NYA,NYY,E,4,162,81.0,82,80,N,,N,N,648.0,5413.0,1377.0,195.0,43.0,97.0,581.0,717.0,75.0,55.0,37.0,56.0,641.0,554.0,3.43,67.0,15.0,12.0,4356.0,1382.0,126.0,423.0,707.0,125.0,159.0,0.981,New York Yankees,Yankee Stadium I,1070771.0,94.0,94.0,NYY,NYA,NYA
1971,NL,NYN,NYM,E,3,162,81.0,83,79,N,,N,N,588.0,5477.0,1365.0,203.0,29.0,98.0,547.0,958.0,89.0,43.0,28.0,35.0,550.0,487.0,2.99,42.0,13.0,22.0,4399.0,1227.0,100.0,529.0,1157.0,114.0,135.0,0.981,New York Mets,Shea Stadium,2266680.0,98.0,98.0,NYM,NYN,NYN
1971,AL,OAK,OAK,W,1,161,81.0,101,60,Y,,N,N,691.0,5494.0,1383.0,195.0,25.0,160.0,542.0,1018.0,80.0,53.0,37.0,38.0,564.0,498.0,3.05,57.0,18.0,36.0,4408.0,1229.0,131.0,501.0,999.0,117.0,157.0,0.981,Oakland Athletics,Oakland Coliseum,914993.0,98.0,97.0,OAK,OAK,OAK
1971,NL,PHI,PHI,E,6,162,81.0,67,95,N,,N,N,558.0,5538.0,1289.0,209.0,35.0,123.0,499.0,1031.0,63.0,39.0,34.0,45.0,688.0,607.0,3.71,31.0,10.0,25.0,4412.0,1396.0,132.0,525.0,838.0,122.0,158.0,0.981,Philadelphia Phillies,Veterans Stadium,1511223.0,100.0,102.0,PHI,PHI,PHI
1971,NL,PIT,PIT,E,1,162,80.0,97,65,Y,,Y,Y,788.0,5674.0,1555.0,223.0,61.0,154.0,469.0,919.0,65.0,31.0,29.0,49.0,599.0,537.0,3.31,43.0,15.0,48.0,4383.0,1426.0,108.0,470.0,813.0,133.0,164.0,0.979,Pittsburgh Pirates,Three Rivers Stadium,1501132.0,102.0,100.0,PIT,PIT,PIT
1971,NL,SDN,SDP,W,6,161,81.0,61,100,N,,N,N,486.0,5366.0,1250.0,184.0,31.0,96.0,438.0,966.0,70.0,45.0,25.0,19.0,610.0,515.0,3.22,47.0,10.0,17.0,4314.0,1351.0,93.0,559.0,923.0,161.0,144.0,0.974,San Diego Padres,Jack Murphy Stadium,557513.0,93.0,95.0,SDP,SDN,SDN
1971,NL,SFN,SFG,W,1,162,81.0,90,72,Y,,N,N,706.0,5461.0,1348.0,224.0,36.0,140.0,654.0,1042.0,101.0,36.0,37.0,37.0,644.0,536.0,3.32,45.0,14.0,30.0,4364.0,1324.0,128.0,471.0,831.0,179.0,153.0,0.972,San Francisco Giants,Candlestick Park,1106043.0,99.0,99.0,SFG,SFN,SFN
1971,NL,SLN,STL,E,2,163,82.0,90,72,N,,N,N,739.0,5610.0,1542.0,225.0,54.0,95.0,543.0,757.0,124.0,53.0,25.0,59.0,699.0,628.0,3.85,56.0,14.0,22.0,4401.0,1482.0,104.0,576.0,911.0,142.0,155.0,0.978,St. Louis Cardinals,Busch Stadium II,1604671.0,104.0,104.0,STL,SLN,SLN
1971,AL,WS2,TEX,E,5,159,81.0,63,96,N,,N,N,537.0,5290.0,1219.0,189.0,30.0,86.0,575.0,956.0,68.0,45.0,28.0,35.0,660.0,583.0,3.7,30.0,10.0,26.0,4256.0,1376.0,132.0,554.0,762.0,141.0,170.0,0.977,Washington Senators,R.F.K. Stadium,655156.0,94.0,95.0,WSA,WS2,WS2
1972,NL,ATL,ATL,W,4,155,78.0,70,84,N,,N,N,628.0,5278.0,1363.0,186.0,17.0,144.0,532.0,770.0,47.0,35.0,35.0,38.0,730.0,654.0,4.27,40.0,4.0,27.0,4131.0,1412.0,155.0,512.0,732.0,156.0,130.0,0.974,Atlanta Braves,Atlanta-Fulton County Stadium,752973.0,109.0,110.0,ATL,ATL,ATL
1972,AL,BAL,BAL,E,3,154,77.0,80,74,N,,N,N,519.0,5028.0,1153.0,193.0,29.0,100.0,507.0,935.0,78.0,41.0,36.0,40.0,430.0,386.0,2.53,62.0,20.0,21.0,4115.0,1116.0,85.0,395.0,788.0,100.0,150.0,0.983,Baltimore Orioles,Memorial Stadium,899950.0,103.0,101.0,BAL,BAL,BAL
1972,AL,BOS,BOS,E,2,155,78.0,85,70,N,,N,N,640.0,5208.0,1289.0,229.0,34.0,124.0,522.0,858.0,66.0,30.0,37.0,48.0,620.0,533.0,3.47,48.0,20.0,25.0,4148.0,1309.0,101.0,512.0,918.0,130.0,141.0,0.978,Boston Red Sox,Fenway Park II,1441718.0,106.0,106.0,BOS,BOS,BOS
1972,AL,CAL,ANA,W,5,155,80.0,75,80,N,,N,N,454.0,5165.0,1249.0,171.0,26.0,78.0,358.0,850.0,57.0,37.0,25.0,25.0,533.0,469.0,3.06,57.0,18.0,16.0,4133.0,1109.0,90.0,620.0,1000.0,114.0,135.0,0.981,California Angels,Anaheim Stadium,744190.0,94.0,95.0,CAL,CAL,CAL
1972,AL,CHA,CHW,W,2,154,78.0,87,67,N,,N,N,566.0,5083.0,1208.0,170.0,28.0,108.0,511.0,991.0,100.0,52.0,34.0,25.0,538.0,480.0,3.12,36.0,14.0,42.0,4156.0,1269.0,94.0,431.0,936.0,135.0,136.0,0.977,Chicago White Sox,Comiskey Park,1177318.0,103.0,103.0,CHW,CHA,CHA
1972,NL,CHN,CHC,E,2,156,77.0,85,70,N,,N,N,685.0,5247.0,1346.0,206.0,40.0,133.0,565.0,815.0,69.0,47.0,28.0,43.0,567.0,500.0,3.22,54.0,19.0,32.0,4196.0,1329.0,112.0,421.0,824.0,132.0,148.0,0.979,Chicago Cubs,Wrigley Field,1299163.0,110.0,110.0,CHC,CHN,CHN
1972,NL,CIN,CIN,W,1,154,76.0,95,59,Y,,Y,N,707.0,5241.0,1317.0,214.0,44.0,124.0,606.0,914.0,140.0,63.0,37.0,54.0,557.0,504.0,3.21,25.0,15.0,60.0,4238.0,1313.0,129.0,435.0,806.0,110.0,143.0,0.982,Cincinnati Reds,Riverfront Stadium,1611459.0,94.0,93.0,CIN,CIN,CIN
1972,AL,CLE,CLE,E,5,156,77.0,72,84,N,,N,N,472.0,5207.0,1220.0,186.0,18.0,91.0,420.0,762.0,49.0,53.0,26.0,33.0,519.0,457.0,2.92,47.0,13.0,25.0,4230.0,1232.0,123.0,534.0,846.0,116.0,157.0,0.981,Cleveland Indians,Cleveland Stadium,626354.0,104.0,106.0,CLE,CLE,CLE
1972,AL,DET,DET,E,1,156,78.0,86,70,Y,,N,N,558.0,5099.0,1206.0,179.0,32.0,122.0,483.0,793.0,17.0,21.0,31.0,34.0,514.0,457.0,2.96,46.0,11.0,33.0,4165.0,1212.0,101.0,465.0,952.0,96.0,137.0,0.984,Detroit Tigers,Tiger Stadium,1892386.0,103.0,103.0,DET,DET,DET
1972,NL,HOU,HOU,W,3,153,77.0,84,69,N,,N,N,708.0,5267.0,1359.0,233.0,38.0,134.0,524.0,907.0,111.0,56.0,32.0,51.0,636.0,580.0,3.77,38.0,14.0,31.0,4156.0,1340.0,114.0,498.0,971.0,116.0,151.0,0.98,Houston Astros,Astrodome,1469247.0,98.0,97.0,HOU,HOU,HOU
1972,AL,KCA,KCR,W,4,154,77.0,76,78,N,,N,N,580.0,5167.0,1317.0,220.0,26.0,78.0,534.0,711.0,85.0,44.0,34.0,38.0,545.0,497.0,3.24,44.0,16.0,28.0,4144.0,1293.0,85.0,405.0,801.0,116.0,164.0,0.981,Kansas City Royals,Municipal Stadium II,707656.0,99.0,98.0,KCR,KCA,KCA
1972,NL,LAN,LAD,W,2,155,75.0,85,70,N,,N,N,584.0,5270.0,1349.0,178.0,39.0,98.0,480.0,786.0,82.0,39.0,24.0,40.0,527.0,434.0,2.78,50.0,23.0,29.0,4209.0,1196.0,83.0,429.0,856.0,162.0,145.0,0.974,Los Angeles Dodgers,Dodger Stadium,1860858.0,98.0,97.0,LAD,LAN,LAN
1972,AL,MIN,MIN,W,3,154,74.0,77,77,N,,N,N,537.0,5234.0,1277.0,182.0,31.0,93.0,478.0,905.0,53.0,41.0,35.0,28.0,535.0,441.0,2.84,37.0,17.0,34.0,4198.0,1188.0,105.0,444.0,838.0,159.0,133.0,0.974,Minnesota Twins,Metropolitan Stadium,797901.0,105.0,105.0,MIN,MIN,MIN
1972,AL,ML4,MIL,E,6,156,79.0,65,91,N,,N,N,493.0,5124.0,1204.0,167.0,22.0,88.0,472.0,868.0,64.0,57.0,29.0,30.0,595.0,534.0,3.45,37.0,14.0,32.0,4175.0,1289.0,116.0,486.0,740.0,139.0,145.0,0.977,Milwaukee Brewers,County Stadium,600440.0,97.0,98.0,MIL,MIL,MIL
1972,NL,MON,WSN,E,5,156,78.0,70,86,N,,N,N,513.0,5156.0,1205.0,156.0,22.0,91.0,474.0,828.0,68.0,66.0,49.0,30.0,609.0,559.0,3.59,39.0,11.0,23.0,4204.0,1281.0,103.0,579.0,888.0,134.0,141.0,0.978,Montreal Expos,Jarry Park,1142145.0,101.0,102.0,MON,MON,MON
1972,AL,NYA,NYY,E,4,155,77.0,79,76,N,,N,N,557.0,5168.0,1288.0,202.0,24.0,103.0,491.0,689.0,71.0,42.0,29.0,31.0,527.0,465.0,3.05,35.0,19.0,39.0,4120.0,1306.0,87.0,419.0,625.0,134.0,179.0,0.978,New York Yankees,Yankee Stadium I,966328.0,97.0,96.0,NYY,NYA,NYA
1972,NL,NYN,NYM,E,3,156,78.0,83,73,N,,N,N,528.0,5135.0,1154.0,175.0,31.0,105.0,589.0,990.0,41.0,41.0,34.0,39.0,578.0,513.0,3.26,32.0,12.0,41.0,4244.0,1263.0,118.0,486.0,1059.0,116.0,122.0,0.98,New York Mets,Shea Stadium,2134185.0,97.0,97.0,NYM,NYN,NYN
1972,AL,OAK,OAK,W,1,155,77.0,93,62,Y,,Y,Y,604.0,5200.0,1248.0,195.0,29.0,134.0,463.0,886.0,87.0,48.0,47.0,36.0,457.0,406.0,2.58,42.0,23.0,43.0,4253.0,1170.0,96.0,418.0,862.0,130.0,146.0,0.979,Oakland Athletics,Oakland Coliseum,921323.0,95.0,93.0,OAK,OAK,OAK
1972,NL,PHI,PHI,E,6,156,79.0,59,97,N,,N,N,503.0,5248.0,1240.0,200.0,36.0,98.0,487.0,930.0,42.0,50.0,22.0,36.0,635.0,570.0,3.66,43.0,13.0,15.0,4200.0,1318.0,117.0,536.0,927.0,116.0,142.0,0.981,Philadelphia Phillies,Veterans Stadium,1343329.0,102.0,104.0,PHI,PHI,PHI
1972,NL,PIT,PIT,E,1,155,78.0,96,59,Y,,N,N,691.0,5490.0,1505.0,251.0,47.0,110.0,404.0,871.0,49.0,30.0,25.0,50.0,512.0,441.0,2.81,39.0,15.0,48.0,4243.0,1282.0,90.0,433.0,838.0,136.0,171.0,0.978,Pittsburgh Pirates,Three Rivers Stadium,1427460.0,99.0,97.0,PIT,PIT,PIT
1972,NL,SDN,SDP,W,6,153,80.0,58,95,N,,N,N,488.0,5213.0,1181.0,168.0,38.0,102.0,407.0,976.0,78.0,46.0,15.0,25.0,665.0,589.0,3.78,39.0,17.0,19.0,4211.0,1350.0,121.0,618.0,960.0,144.0,146.0,0.976,San Diego Padres,Jack Murphy Stadium,644273.0,92.0,95.0,SDP,SDN,SDN
1972,NL,SFN,SFG,W,5,155,77.0,69,86,N,,N,N,662.0,5245.0,1281.0,211.0,36.0,150.0,480.0,964.0,123.0,45.0,30.0,39.0,649.0,569.0,3.69,44.0,8.0,23.0,4159.0,1309.0,130.0,507.0,771.0,156.0,121.0,0.974,San Francisco Giants,Candlestick Park,647744.0,102.0,102.0,SFG,SFN,SFN
1972,NL,SLN,STL,E,4,156,77.0,75,81,N,,N,N,568.0,5326.0,1383.0,214.0,42.0,70.0,437.0,793.0,104.0,48.0,27.0,36.0,600.0,532.0,3.42,64.0,13.0,13.0,4199.0,1290.0,87.0,531.0,912.0,141.0,146.0,0.977,St. Louis Cardinals,Busch Stadium II,1196894.0,99.0,99.0,STL,SLN,SLN
1972,AL,TEX,TEX,W,6,154,77.0,54,100,N,,N,N,461.0,5029.0,1092.0,166.0,17.0,56.0,503.0,926.0,126.0,73.0,30.0,34.0,628.0,539.0,3.53,11.0,8.0,34.0,4124.0,1258.0,92.0,613.0,868.0,166.0,147.0,0.972,Texas Rangers,Arlington Stadium,662974.0,96.0,98.0,TEX,TEX,TEX
1973,NL,ATL,ATL,W,5,162,81.0,76,85,N,,N,N,799.0,5631.0,1497.0,219.0,34.0,206.0,608.0,870.0,84.0,40.0,34.0,46.0,774.0,690.0,4.25,34.0,9.0,35.0,4386.0,1467.0,144.0,575.0,803.0,166.0,142.0,0.974,Atlanta Braves,Atlanta-Fulton County Stadium,800655.0,108.0,108.0,ATL,ATL,ATL
1973,AL,BAL,BAL,E,1,162,81.0,97,65,Y,,N,N,754.0,5537.0,1474.0,229.0,48.0,119.0,648.0,752.0,146.0,64.0,43.0,49.0,561.0,498.0,3.07,67.0,14.0,26.0,4385.0,1297.0,124.0,475.0,715.0,119.0,184.0,0.981,Baltimore Orioles,Memorial Stadium,958667.0,99.0,98.0,BAL,BAL,BAL
1973,AL,BOS,BOS,E,2,162,81.0,89,73,N,,N,N,738.0,5513.0,1472.0,235.0,30.0,147.0,581.0,799.0,114.0,45.0,31.0,44.0,647.0,584.0,3.65,67.0,10.0,33.0,4321.0,1417.0,158.0,499.0,808.0,127.0,162.0,0.979,Boston Red Sox,Fenway Park II,1481002.0,106.0,106.0,BOS,BOS,BOS
1973,AL,CAL,ANA,W,4,162,81.0,79,83,N,,N,N,629.0,5505.0,1395.0,183.0,29.0,93.0,509.0,816.0,59.0,47.0,34.0,45.0,657.0,571.0,3.53,72.0,13.0,19.0,4369.0,1351.0,104.0,614.0,1010.0,156.0,153.0,0.975,California Angels,Anaheim Stadium,1058206.0,92.0,92.0,CAL,CAL,CAL
1973,AL,CHA,CHW,W,5,162,81.0,77,85,N,,N,N,652.0,5475.0,1400.0,228.0,38.0,111.0,537.0,952.0,83.0,73.0,32.0,42.0,705.0,625.0,3.86,48.0,15.0,35.0,4368.0,1484.0,110.0,574.0,848.0,144.0,165.0,0.977,Chicago White Sox,Comiskey Park,1302527.0,105.0,105.0,CHW,CHA,CHA
1973,NL,CHN,CHC,E,5,161,80.0,77,84,N,,N,N,614.0,5363.0,1322.0,201.0,21.0,117.0,575.0,855.0,65.0,58.0,20.0,37.0,655.0,584.0,3.66,27.0,13.0,40.0,4313.0,1471.0,128.0,438.0,885.0,157.0,155.0,0.975,Chicago Cubs,Wrigley Field,1351705.0,107.0,107.0,CHC,CHN,CHN
1973,NL,CIN,CIN,W,1,162,81.0,99,63,Y,,N,N,741.0,5505.0,1398.0,232.0,34.0,137.0,639.0,947.0,148.0,55.0,31.0,51.0,621.0,557.0,3.4,39.0,17.0,43.0,4419.0,1389.0,135.0,518.0,801.0,115.0,162.0,0.982,Cincinnati Reds,Riverfront Stadium,2017601.0,95.0,93.0,CIN,CIN,CIN
1973,AL,CLE,CLE,E,6,162,81.0,71,91,N,,N,N,680.0,5592.0,1429.0,205.0,29.0,158.0,471.0,793.0,60.0,68.0,32.0,43.0,826.0,746.0,4.58,55.0,9.0,21.0,4394.0,1532.0,172.0,602.0,883.0,139.0,174.0,0.978,Cleveland Indians,Cleveland Stadium,615107.0,103.0,104.0,CLE,CLE,CLE
1973,AL,DET,DET,E,3,162,81.0,85,77,N,,N,N,642.0,5508.0,1400.0,213.0,32.0,157.0,509.0,722.0,28.0,30.0,39.0,31.0,674.0,627.0,3.9,39.0,11.0,46.0,4343.0,1468.0,154.0,493.0,911.0,112.0,144.0,0.982,Detroit Tigers,Tiger Stadium,1724146.0,106.0,107.0,DET,DET,DET
1973,NL,HOU,HOU,W,4,162,81.0,82,80,N,,N,N,681.0,5532.0,1391.0,216.0,35.0,134.0,469.0,962.0,92.0,48.0,33.0,36.0,672.0,608.0,3.75,45.0,14.0,26.0,4382.0,1389.0,111.0,575.0,907.0,116.0,140.0,0.981,Houston Astros,Astrodome,1394004.0,99.0,99.0,HOU,HOU,HOU
1973,AL,KCA,KCR,W,2,162,81.0,88,74,N,,N,N,755.0,5508.0,1440.0,239.0,40.0,114.0,644.0,696.0,105.0,69.0,26.0,47.0,752.0,675.0,4.19,40.0,7.0,41.0,4348.0,1521.0,114.0,617.0,790.0,167.0,192.0,0.974,Kansas City Royals,Royals Stadium,1345341.0,106.0,106.0,KCR,KCA,KCA
1973,NL,LAN,LAD,W,2,162,81.0,95,66,N,,N,N,675.0,5604.0,1473.0,219.0,29.0,110.0,497.0,795.0,109.0,50.0,28.0,57.0,565.0,497.0,3.0,45.0,15.0,38.0,4473.0,1270.0,129.0,461.0,961.0,125.0,166.0,0.981,Los Angeles Dodgers,Dodger Stadium,2136192.0,97.0,95.0,LAD,LAN,LAN
1973,AL,MIN,MIN,W,3,162,81.0,81,81,N,,N,N,738.0,5625.0,1521.0,240.0,44.0,120.0,598.0,954.0,87.0,46.0,34.0,40.0,692.0,608.0,3.77,48.0,18.0,34.0,4355.0,1443.0,115.0,519.0,879.0,139.0,147.0,0.978,Minnesota Twins,Metropolitan Stadium,907499.0,104.0,104.0,MIN,MIN,MIN
1973,AL,ML4,MIL,E,5,162,81.0,74,88,N,,N,N,708.0,5526.0,1399.0,229.0,40.0,145.0,563.0,977.0,110.0,66.0,42.0,35.0,731.0,643.0,3.98,50.0,11.0,28.0,4362.0,1476.0,119.0,623.0,671.0,145.0,167.0,0.977,Milwaukee Brewers,County Stadium,1092158.0,97.0,98.0,MIL,MIL,MIL
1973,NL,MON,WSN,E,4,162,81.0,79,83,N,,N,N,668.0,5369.0,1345.0,190.0,23.0,125.0,695.0,777.0,77.0,68.0,44.0,28.0,702.0,599.0,3.71,26.0,6.0,38.0,4355.0,1356.0,128.0,681.0,866.0,163.0,156.0,0.974,Montreal Expos,Jarry Park,1246863.0,103.0,104.0,MON,MON,MON
1973,AL,NYA,NYY,E,4,162,81.0,80,82,N,,N,N,641.0,5492.0,1435.0,212.0,17.0,131.0,489.0,680.0,47.0,43.0,22.0,34.0,610.0,530.0,3.34,47.0,16.0,39.0,4283.0,1379.0,109.0,457.0,708.0,156.0,172.0,0.976,New York Yankees,Yankee Stadium I,1262103.0,97.0,96.0,NYY,NYA,NYA
1973,NL,NYN,NYM,E,1,161,81.0,82,79,Y,,Y,N,608.0,5457.0,1345.0,198.0,24.0,85.0,540.0,805.0,27.0,22.0,23.0,36.0,588.0,531.0,3.26,47.0,15.0,40.0,4395.0,1345.0,127.0,490.0,1027.0,126.0,140.0,0.98,New York Mets,Shea Stadium,1912390.0,98.0,99.0,NYM,NYN,NYN
1973,AL,OAK,OAK,W,1,162,81.0,94,68,Y,,Y,Y,758.0,5507.0,1431.0,216.0,28.0,147.0,595.0,919.0,128.0,57.0,35.0,53.0,615.0,532.0,3.29,46.0,16.0,41.0,4372.0,1311.0,143.0,494.0,797.0,137.0,170.0,0.978,Oakland Athletics,Oakland Coliseum,1000763.0,95.0,93.0,OAK,OAK,OAK
1973,NL,PHI,PHI,E,6,162,81.0,71,91,N,,N,N,642.0,5546.0,1381.0,218.0,29.0,134.0,476.0,979.0,51.0,47.0,33.0,45.0,717.0,642.0,3.99,49.0,11.0,22.0,4342.0,1435.0,131.0,632.0,919.0,134.0,179.0,0.979,Philadelphia Phillies,Veterans Stadium,1475934.0,102.0,103.0,PHI,PHI,PHI
1973,NL,PIT,PIT,E,3,162,81.0,80,82,N,,N,N,704.0,5608.0,1465.0,257.0,44.0,154.0,432.0,842.0,23.0,30.0,27.0,40.0,693.0,602.0,3.73,26.0,11.0,44.0,4352.0,1426.0,110.0,564.0,839.0,151.0,156.0,0.976,Pittsburgh Pirates,Three Rivers Stadium,1319913.0,98.0,96.0,PIT,PIT,PIT
1973,NL,SDN,SDP,W,6,162,81.0,60,102,N,,N,N,548.0,5457.0,1330.0,198.0,26.0,112.0,401.0,966.0,88.0,36.0,21.0,33.0,770.0,661.0,4.16,34.0,10.0,23.0,4290.0,1461.0,157.0,548.0,845.0,170.0,152.0,0.973,San Diego Padres,Jack Murphy Stadium,611826.0,91.0,94.0,SDP,SDN,SDN
1973,NL,SFN,SFG,W,3,162,81.0,88,74,N,,N,N,739.0,5537.0,1452.0,212.0,52.0,161.0,590.0,913.0,112.0,52.0,35.0,37.0,702.0,612.0,3.79,33.0,8.0,44.0,4357.0,1442.0,145.0,485.0,787.0,163.0,138.0,0.974,San Francisco Giants,Candlestick Park,834193.0,105.0,105.0,SFG,SFN,SFN
1973,NL,SLN,STL,E,2,162,81.0,81,81,N,,N,N,643.0,5478.0,1418.0,240.0,35.0,75.0,531.0,796.0,100.0,46.0,29.0,50.0,603.0,528.0,3.25,42.0,14.0,36.0,4382.0,1366.0,105.0,486.0,867.0,159.0,149.0,0.975,St. Louis Cardinals,Busch Stadium II,1574046.0,100.0,100.0,STL,SLN,SLN
1973,AL,TEX,TEX,W,6,162,81.0,57,105,N,,N,N,619.0,5488.0,1397.0,195.0,29.0,110.0,503.0,791.0,91.0,53.0,27.0,50.0,844.0,737.0,4.64,35.0,10.0,27.0,4290.0,1514.0,130.0,680.0,831.0,161.0,164.0,0.974,Texas Rangers,Arlington Stadium,686085.0,95.0,97.0,TEX,TEX,TEX
1974,NL,ATL,ATL,W,3,163,81.0,88,74,N,,N,N,661.0,5533.0,1375.0,202.0,37.0,120.0,571.0,772.0,72.0,44.0,24.0,42.0,563.0,500.0,3.05,46.0,21.0,22.0,4423.0,1343.0,97.0,488.0,772.0,132.0,161.0,0.979,Atlanta Braves,Atlanta-Fulton County Stadium,981085.0,104.0,104.0,ATL,ATL,ATL
1974,AL,BAL,BAL,E,1,162,81.0,91,71,Y,,N,N,659.0,5535.0,1418.0,226.0,27.0,116.0,509.0,770.0,145.0,58.0,58.0,56.0,612.0,536.0,3.27,57.0,16.0,25.0,4422.0,1393.0,101.0,480.0,701.0,128.0,174.0,0.98,Baltimore Orioles,Memorial Stadium,962572.0,97.0,95.0,BAL,BAL,BAL
1974,AL,BOS,BOS,E,3,162,81.0,84,78,N,,N,N,696.0,5499.0,1449.0,236.0,31.0,109.0,569.0,811.0,104.0,58.0,33.0,49.0,661.0,601.0,3.72,71.0,12.0,18.0,4366.0,1462.0,126.0,463.0,751.0,145.0,156.0,0.977,Boston Red Sox,Fenway Park II,1556411.0,108.0,107.0,BOS,BOS,BOS
1974,AL,CAL,ANA,W,6,163,81.0,68,94,N,,N,N,618.0,5401.0,1372.0,203.0,31.0,95.0,509.0,801.0,119.0,79.0,45.0,48.0,657.0,563.0,3.52,64.0,13.0,12.0,4317.0,1339.0,101.0,649.0,986.0,147.0,150.0,0.976,California Angels,Anaheim Stadium,917269.0,94.0,94.0,CAL,CAL,CAL
1974,AL,CHA,CHW,W,4,163,82.0,80,80,N,,N,N,684.0,5577.0,1492.0,225.0,23.0,135.0,519.0,858.0,64.0,53.0,26.0,43.0,721.0,641.0,3.94,55.0,11.0,29.0,4397.0,1470.0,103.0,548.0,826.0,147.0,188.0,0.977,Chicago White Sox,Comiskey Park,1149596.0,103.0,104.0,CHW,CHA,CHA
1974,NL,CHN,CHC,E,6,162,81.0,66,96,N,,N,N,669.0,5574.0,1397.0,221.0,42.0,110.0,621.0,857.0,78.0,73.0,29.0,40.0,826.0,697.0,4.28,23.0,6.0,26.0,4399.0,1593.0,122.0,576.0,895.0,199.0,141.0,0.969,Chicago Cubs,Wrigley Field,1015378.0,103.0,105.0,CHC,CHN,CHN
1974,NL,CIN,CIN,W,2,163,82.0,98,64,N,,N,N,776.0,5535.0,1437.0,271.0,35.0,135.0,693.0,940.0,146.0,49.0,30.0,46.0,631.0,556.0,3.41,34.0,11.0,27.0,4399.0,1364.0,126.0,536.0,875.0,134.0,151.0,0.979,Cincinnati Reds,Riverfront Stadium,2164307.0,99.0,97.0,CIN,CIN,CIN
1974,AL,CLE,CLE,E,4,162,81.0,77,85,N,,N,N,662.0,5474.0,1395.0,201.0,19.0,131.0,432.0,756.0,79.0,68.0,26.0,31.0,694.0,611.0,3.8,45.0,9.0,27.0,4337.0,1419.0,138.0,479.0,650.0,146.0,157.0,0.977,Cleveland Indians,Cleveland Stadium,1114262.0,99.0,100.0,CLE,CLE,CLE
1974,AL,DET,DET,E,6,162,81.0,72,90,N,,N,N,620.0,5568.0,1375.0,200.0,35.0,131.0,436.0,784.0,67.0,38.0,24.0,37.0,768.0,673.0,4.16,54.0,7.0,15.0,4367.0,1443.0,148.0,621.0,869.0,158.0,155.0,0.975,Detroit Tigers,Tiger Stadium,1243080.0,102.0,104.0,DET,DET,DET
1974,NL,HOU,HOU,W,4,162,81.0,81,81,N,,N,N,653.0,5489.0,1441.0,222.0,41.0,110.0,471.0,864.0,108.0,65.0,29.0,48.0,632.0,558.0,3.46,36.0,18.0,18.0,4352.0,1396.0,84.0,601.0,738.0,113.0,161.0,0.982,Houston Astros,Astrodome,1090728.0,96.0,96.0,HOU,HOU,HOU
1974,AL,KCA,KCR,W,5,162,81.0,77,85,N,,N,N,667.0,5582.0,1448.0,232.0,42.0,89.0,550.0,768.0,146.0,76.0,32.0,43.0,662.0,574.0,3.51,54.0,13.0,17.0,4415.0,1477.0,91.0,482.0,731.0,152.0,166.0,0.976,Kansas City Royals,Royals Stadium,1173292.0,105.0,105.0,KCR,KCA,KCA
1974,NL,LAN,LAD,W,1,162,81.0,102,60,Y,,Y,N,798.0,5557.0,1511.0,231.0,34.0,139.0,597.0,820.0,149.0,75.0,28.0,64.0,561.0,484.0,2.97,33.0,19.0,23.0,4396.0,1272.0,112.0,464.0,943.0,157.0,122.0,0.975,Los Angeles Dodgers,Dodger Stadium,2632474.0,96.0,94.0,LAD,LAN,LAN
1974,AL,MIN,MIN,W,3,163,82.0,82,80,N,,N,N,673.0,5632.0,1530.0,190.0,37.0,111.0,520.0,791.0,74.0,45.0,46.0,40.0,669.0,589.0,3.64,43.0,11.0,29.0,4366.0,1436.0,115.0,513.0,934.0,151.0,164.0,0.976,Minnesota Twins,Metropolitan Stadium,662401.0,104.0,104.0,MIN,MIN,MIN
1974,AL,ML4,MIL,E,5,162,81.0,76,86,N,,N,N,647.0,5472.0,1335.0,228.0,49.0,120.0,500.0,909.0,106.0,75.0,27.0,35.0,660.0,609.0,3.76,43.0,11.0,24.0,4373.0,1476.0,126.0,493.0,621.0,127.0,168.0,0.98,Milwaukee Brewers,County Stadium,955741.0,99.0,99.0,MIL,MIL,MIL
1974,NL,MON,WSN,E,4,161,80.0,79,82,N,,N,N,662.0,5343.0,1355.0,201.0,29.0,86.0,652.0,812.0,124.0,49.0,33.0,56.0,657.0,571.0,3.6,35.0,8.0,27.0,4287.0,1340.0,99.0,544.0,822.0,153.0,157.0,0.976,Montreal Expos,Jarry Park,1019134.0,105.0,106.0,MON,MON,MON
1974,AL,NYA,NYY,E,2,162,81.0,89,73,N,,N,N,671.0,5524.0,1451.0,220.0,30.0,101.0,515.0,690.0,53.0,35.0,21.0,72.0,623.0,535.0,3.31,53.0,13.0,24.0,4366.0,1402.0,104.0,528.0,829.0,142.0,158.0,0.977,New York Yankees,Shea Stadium,1273075.0,99.0,98.0,NYY,NYA,NYA
1974,NL,NYN,NYM,E,5,162,81.0,71,91,N,,N,N,572.0,5468.0,1286.0,183.0,22.0,96.0,597.0,735.0,43.0,23.0,29.0,45.0,646.0,558.0,3.42,46.0,15.0,14.0,4411.0,1433.0,99.0,504.0,908.0,158.0,150.0,0.975,New York Mets,Shea Stadium,1722209.0,99.0,99.0,NYM,NYN,NYN
1974,AL,OAK,OAK,W,1,162,81.0,90,72,Y,,Y,Y,689.0,5331.0,1315.0,205.0,37.0,132.0,568.0,876.0,164.0,93.0,38.0,51.0,551.0,472.0,2.95,49.0,12.0,28.0,4319.0,1322.0,90.0,430.0,755.0,141.0,154.0,0.977,Oakland Athletics,Oakland Coliseum,845693.0,94.0,92.0,OAK,OAK,OAK
1974,NL,PHI,PHI,E,3,162,81.0,80,82,N,,N,N,676.0,5494.0,1434.0,233.0,50.0,95.0,469.0,822.0,115.0,58.0,26.0,44.0,701.0,629.0,3.91,46.0,4.0,19.0,4342.0,1394.0,111.0,682.0,892.0,148.0,168.0,0.976,Philadelphia Phillies,Veterans Stadium,1808648.0,104.0,104.0,PHI,PHI,PHI
1974,NL,PIT,PIT,E,1,162,81.0,88,74,Y,,N,N,751.0,5702.0,1560.0,238.0,46.0,114.0,514.0,828.0,55.0,31.0,38.0,53.0,657.0,568.0,3.49,51.0,9.0,17.0,4398.0,1428.0,93.0,543.0,721.0,162.0,154.0,0.975,Pittsburgh Pirates,Three Rivers Stadium,1110552.0,97.0,95.0,PIT,PIT,PIT
1974,NL,SDN,SDP,W,6,162,81.0,60,102,N,,N,N,541.0,5415.0,1239.0,196.0,27.0,99.0,564.0,900.0,85.0,45.0,20.0,35.0,830.0,736.0,4.58,25.0,7.0,19.0,4337.0,1536.0,124.0,715.0,855.0,170.0,126.0,0.973,San Diego Padres,Jack Murphy Stadium,1075399.0,95.0,98.0,SDP,SDN,SDN
1974,NL,SFN,SFG,W,5,162,81.0,72,90,N,,N,N,634.0,5482.0,1380.0,228.0,38.0,93.0,548.0,869.0,107.0,51.0,30.0,24.0,723.0,604.0,3.78,27.0,11.0,25.0,4317.0,1409.0,116.0,559.0,756.0,175.0,153.0,0.972,San Francisco Giants,Candlestick Park,519987.0,105.0,105.0,SFG,SFN,SFN
1974,NL,SLN,STL,E,2,161,81.0,86,75,N,,N,N,677.0,5620.0,1492.0,216.0,46.0,83.0,531.0,752.0,172.0,62.0,44.0,55.0,643.0,570.0,3.48,37.0,13.0,20.0,4420.0,1399.0,97.0,616.0,794.0,147.0,192.0,0.977,St. Louis Cardinals,Busch Stadium II,1838413.0,100.0,100.0,STL,SLN,SLN
1974,AL,TEX,TEX,W,2,161,80.0,84,76,N,,N,N,690.0,5449.0,1482.0,198.0,39.0,99.0,508.0,710.0,113.0,80.0,38.0,47.0,698.0,609.0,3.82,62.0,16.0,12.0,4301.0,1423.0,126.0,449.0,871.0,163.0,164.0,0.974,Texas Rangers,Arlington Stadium,1193902.0,97.0,98.0,TEX,TEX,TEX
1975,NL,ATL,ATL,W,5,161,80.0,67,94,N,,N,N,583.0,5424.0,1323.0,179.0,28.0,107.0,543.0,759.0,55.0,38.0,18.0,35.0,739.0,622.0,3.91,32.0,4.0,24.0,4290.0,1543.0,101.0,519.0,669.0,175.0,147.0,0.972,Atlanta Braves,Atlanta-Fulton County Stadium,534672.0,103.0,104.0,ATL,ATL,ATL
1975,AL,BAL,BAL,E,2,159,77.0,90,69,N,,N,N,682.0,5474.0,1382.0,224.0,33.0,124.0,580.0,834.0,104.0,55.0,38.0,46.0,553.0,511.0,3.17,70.0,19.0,21.0,4353.0,1285.0,110.0,500.0,717.0,107.0,175.0,0.983,Baltimore Orioles,Memorial Stadium,1002157.0,94.0,93.0,BAL,BAL,BAL
1975,AL,BOS,BOS,E,1,160,81.0,95,65,Y,,Y,N,796.0,5448.0,1500.0,284.0,44.0,134.0,565.0,741.0,66.0,58.0,34.0,53.0,709.0,636.0,3.98,62.0,11.0,31.0,4310.0,1463.0,145.0,490.0,720.0,139.0,142.0,0.977,Boston Red Sox,Fenway Park II,1748587.0,110.0,109.0,BOS,BOS,BOS
1975,AL,CAL,ANA,W,6,161,81.0,72,89,N,,N,N,628.0,5377.0,1324.0,195.0,41.0,55.0,593.0,811.0,220.0,108.0,27.0,47.0,723.0,628.0,3.89,59.0,19.0,16.0,4360.0,1386.0,123.0,613.0,975.0,184.0,164.0,0.971,California Angels,Anaheim Stadium,1058163.0,92.0,93.0,CAL,CAL,CAL
1975,AL,CHA,CHW,W,5,161,81.0,75,86,N,,N,N,655.0,5490.0,1400.0,209.0,38.0,94.0,611.0,800.0,101.0,54.0,40.0,52.0,703.0,634.0,3.93,34.0,7.0,39.0,4357.0,1489.0,107.0,655.0,799.0,140.0,155.0,0.978,Chicago White Sox,Comiskey Park,750802.0,102.0,103.0,CHW,CHA,CHA
1975,NL,CHN,CHC,E,5,162,81.0,75,87,N,,N,N,712.0,5470.0,1419.0,229.0,41.0,95.0,650.0,802.0,67.0,55.0,30.0,66.0,827.0,721.0,4.49,27.0,8.0,33.0,4333.0,1587.0,130.0,551.0,850.0,179.0,152.0,0.972,Chicago Cubs,Wrigley Field,1034819.0,104.0,106.0,CHC,CHN,CHN
1975,NL,CIN,CIN,W,1,162,81.0,108,54,Y,,Y,Y,840.0,5581.0,1515.0,278.0,37.0,124.0,691.0,916.0,168.0,36.0,35.0,45.0,586.0,546.0,3.37,22.0,8.0,50.0,4377.0,1422.0,112.0,487.0,663.0,102.0,173.0,0.984,Cincinnati Reds,Riverfront Stadium,2315603.0,102.0,99.0,CIN,CIN,CIN
1975,AL,CLE,CLE,E,4,159,80.0,79,80,N,,N,N,688.0,5404.0,1409.0,201.0,25.0,153.0,525.0,667.0,106.0,89.0,24.0,40.0,703.0,613.0,3.84,37.0,6.0,33.0,4306.0,1395.0,136.0,599.0,800.0,134.0,156.0,0.978,Cleveland Indians,Cleveland Stadium,977039.0,99.0,99.0,CLE,CLE,CLE
1975,AL,DET,DET,E,6,159,80.0,57,102,N,,N,N,570.0,5366.0,1338.0,171.0,39.0,125.0,383.0,872.0,63.0,57.0,28.0,38.0,786.0,663.0,4.27,52.0,10.0,17.0,4188.0,1496.0,137.0,533.0,787.0,173.0,141.0,0.972,Detroit Tigers,Tiger Stadium,1058836.0,104.0,106.0,DET,DET,DET
1975,NL,HOU,HOU,W,6,162,81.0,64,97,N,,N,N,664.0,5515.0,1401.0,218.0,54.0,84.0,523.0,762.0,133.0,62.0,32.0,44.0,711.0,654.0,4.04,39.0,6.0,25.0,4375.0,1436.0,106.0,679.0,839.0,137.0,166.0,0.979,Houston Astros,Astrodome,858002.0,93.0,93.0,HOU,HOU,HOU
1975,AL,KCA,KCR,W,2,162,81.0,91,71,N,,N,N,710.0,5491.0,1431.0,263.0,58.0,118.0,591.0,675.0,155.0,75.0,29.0,51.0,649.0,561.0,3.47,52.0,11.0,25.0,4370.0,1422.0,108.0,498.0,815.0,155.0,151.0,0.976,Kansas City Royals,Royals Stadium,1151836.0,103.0,102.0,KCR,KCA,KCA
1975,NL,LAN,LAD,W,2,162,81.0,88,74,N,,N,N,648.0,5453.0,1355.0,217.0,31.0,118.0,611.0,825.0,138.0,52.0,31.0,47.0,534.0,477.0,2.92,51.0,18.0,21.0,4409.0,1215.0,104.0,448.0,894.0,127.0,106.0,0.979,Los Angeles Dodgers,Dodger Stadium,2539349.0,96.0,94.0,LAD,LAN,LAN
1975,AL,MIN,MIN,W,4,159,82.0,76,83,N,,N,N,724.0,5514.0,1497.0,215.0,28.0,121.0,563.0,746.0,81.0,48.0,40.0,46.0,736.0,640.0,4.05,57.0,7.0,22.0,4269.0,1381.0,137.0,617.0,846.0,170.0,147.0,0.973,Minnesota Twins,Metropolitan Stadium,737156.0,102.0,102.0,MIN,MIN,MIN
1975,AL,ML4,MIL,E,5,162,81.0,68,94,N,,N,N,675.0,5378.0,1343.0,242.0,34.0,146.0,553.0,922.0,65.0,64.0,28.0,49.0,792.0,690.0,4.34,36.0,10.0,34.0,4295.0,1496.0,133.0,624.0,643.0,180.0,162.0,0.971,Milwaukee Brewers,County Stadium,1213357.0,100.0,101.0,MIL,MIL,MIL
1975,NL,MON,WSN,E,5,162,81.0,75,87,N,,N,N,601.0,5518.0,1346.0,216.0,31.0,98.0,579.0,954.0,108.0,58.0,27.0,38.0,690.0,612.0,3.72,30.0,12.0,25.0,4440.0,1448.0,102.0,665.0,831.0,180.0,179.0,0.973,Montreal Expos,Jarry Park,908292.0,104.0,106.0,MON,MON,MON
1975,AL,NYA,NYY,E,3,160,78.0,83,77,N,,N,N,681.0,5415.0,1430.0,230.0,39.0,110.0,486.0,710.0,102.0,59.0,30.0,53.0,588.0,520.0,3.29,70.0,11.0,20.0,4272.0,1325.0,104.0,502.0,809.0,135.0,148.0,0.978,New York Yankees,Shea Stadium,1288048.0,99.0,98.0,NYY,NYA,NYA
1975,NL,NYN,NYM,E,3,162,81.0,82,80,N,,N,N,646.0,5587.0,1430.0,217.0,34.0,101.0,501.0,805.0,32.0,26.0,37.0,37.0,625.0,552.0,3.39,40.0,14.0,31.0,4398.0,1344.0,99.0,580.0,989.0,151.0,144.0,0.976,New York Mets,Shea Stadium,1730566.0,96.0,95.0,NYM,NYN,NYN
1975,AL,OAK,OAK,W,1,162,81.0,98,64,Y,,N,N,758.0,5415.0,1376.0,220.0,33.0,151.0,609.0,846.0,183.0,82.0,51.0,35.0,606.0,526.0,3.27,36.0,10.0,44.0,4344.0,1267.0,102.0,523.0,784.0,143.0,140.0,0.977,Oakland Athletics,Oakland Coliseum,1075518.0,98.0,96.0,OAK,OAK,OAK
1975,NL,PHI,PHI,E,2,162,81.0,86,76,N,,N,N,735.0,5592.0,1506.0,283.0,42.0,125.0,610.0,960.0,126.0,57.0,31.0,42.0,694.0,618.0,3.82,33.0,11.0,30.0,4365.0,1353.0,111.0,546.0,897.0,152.0,156.0,0.976,Philadelphia Phillies,Veterans Stadium,1909233.0,104.0,103.0,PHI,PHI,PHI
1975,NL,PIT,PIT,E,1,161,80.0,92,69,Y,,N,N,712.0,5489.0,1444.0,255.0,47.0,138.0,468.0,832.0,49.0,28.0,38.0,40.0,565.0,480.0,3.01,43.0,14.0,31.0,4312.0,1302.0,79.0,551.0,768.0,151.0,147.0,0.976,Pittsburgh Pirates,Three Rivers Stadium,1270018.0,99.0,97.0,PIT,PIT,PIT
1975,NL,SDN,SDP,W,4,162,81.0,71,91,N,,N,N,552.0,5429.0,1324.0,215.0,22.0,78.0,506.0,754.0,85.0,50.0,37.0,46.0,683.0,566.0,3.48,40.0,12.0,20.0,4390.0,1494.0,99.0,521.0,713.0,188.0,163.0,0.971,San Diego Padres,Jack Murphy Stadium,1281747.0,94.0,96.0,SDP,SDN,SDN
1975,NL,SFN,SFG,W,3,161,81.0,80,81,N,,N,N,659.0,5447.0,1412.0,235.0,45.0,84.0,604.0,775.0,99.0,47.0,22.0,51.0,671.0,595.0,3.74,37.0,9.0,24.0,4298.0,1406.0,92.0,612.0,856.0,146.0,164.0,0.976,San Francisco Giants,Candlestick Park,522919.0,104.0,105.0,SFG,SFN,SFN
1975,NL,SLN,STL,E,3,163,82.0,82,80,N,,N,N,662.0,5597.0,1527.0,239.0,46.0,81.0,444.0,649.0,116.0,49.0,29.0,45.0,689.0,577.0,3.57,33.0,13.0,36.0,4364.0,1452.0,98.0,571.0,824.0,171.0,140.0,0.973,St. Louis Cardinals,Busch Stadium II,1695270.0,104.0,105.0,STL,SLN,SLN
1975,AL,TEX,TEX,W,3,162,80.0,79,83,N,,N,N,714.0,5599.0,1431.0,208.0,17.0,134.0,613.0,863.0,102.0,62.0,25.0,41.0,733.0,629.0,3.86,60.0,16.0,17.0,4397.0,1456.0,123.0,518.0,792.0,191.0,173.0,0.971,Texas Rangers,Arlington Stadium,1127924.0,99.0,99.0,TEX,TEX,TEX
1976,NL,ATL,ATL,W,6,162,81.0,70,92,N,,N,N,620.0,5345.0,1309.0,170.0,30.0,82.0,589.0,811.0,74.0,61.0,19.0,47.0,700.0,617.0,3.86,33.0,13.0,27.0,4314.0,1435.0,86.0,564.0,818.0,167.0,151.0,0.973,Atlanta Braves,Atlanta-Fulton County Stadium,818179.0,106.0,108.0,ATL,ATL,ATL
1976,AL,BAL,BAL,E,2,162,81.0,88,74,N,,N,N,619.0,5457.0,1326.0,213.0,28.0,119.0,519.0,883.0,150.0,61.0,23.0,35.0,598.0,541.0,3.32,59.0,16.0,23.0,4406.0,1396.0,80.0,489.0,678.0,118.0,157.0,0.982,Baltimore Orioles,Memorial Stadium,1058609.0,94.0,93.0,BAL,BAL,BAL
1976,AL,BOS,BOS,E,3,162,81.0,83,79,N,,N,N,716.0,5511.0,1448.0,257.0,53.0,134.0,500.0,832.0,95.0,70.0,29.0,59.0,660.0,571.0,3.52,49.0,13.0,27.0,4374.0,1495.0,109.0,409.0,673.0,141.0,148.0,0.978,Boston Red Sox,Fenway Park II,1895846.0,113.0,112.0,BOS,BOS,BOS
1976,AL,CAL,ANA,W,4,162,81.0,76,86,N,,N,N,550.0,5385.0,1265.0,210.0,23.0,63.0,534.0,812.0,126.0,80.0,42.0,48.0,631.0,551.0,3.36,64.0,15.0,17.0,4432.0,1323.0,95.0,553.0,992.0,150.0,139.0,0.977,California Angels,Anaheim Stadium,1006774.0,93.0,94.0,CAL,CAL,CAL
1976,AL,CHA,CHW,W,6,161,80.0,64,97,N,,N,N,586.0,5532.0,1410.0,209.0,46.0,73.0,471.0,739.0,120.0,53.0,34.0,55.0,745.0,684.0,4.25,54.0,10.0,22.0,4344.0,1460.0,87.0,600.0,802.0,130.0,155.0,0.979,Chicago White Sox,Comiskey Park,914945.0,101.0,102.0,CHW,CHA,CHA
1976,NL,CHN,CHC,E,4,162,81.0,75,87,N,,N,N,611.0,5519.0,1386.0,216.0,24.0,105.0,490.0,834.0,74.0,74.0,30.0,41.0,728.0,643.0,3.93,27.0,12.0,33.0,4414.0,1511.0,123.0,490.0,850.0,140.0,145.0,0.978,Chicago Cubs,Wrigley Field,1026217.0,108.0,109.0,CHC,CHN,CHN
1976,NL,CIN,CIN,W,1,162,81.0,102,60,Y,,Y,Y,857.0,5702.0,1599.0,271.0,63.0,141.0,681.0,902.0,210.0,57.0,28.0,60.0,633.0,573.0,3.51,33.0,12.0,45.0,4413.0,1436.0,100.0,491.0,790.0,102.0,157.0,0.984,Cincinnati Reds,Riverfront Stadium,2629708.0,102.0,100.0,CIN,CIN,CIN
1976,AL,CLE,CLE,E,4,159,79.0,81,78,N,,N,N,615.0,5412.0,1423.0,189.0,38.0,85.0,479.0,631.0,75.0,69.0,11.0,60.0,615.0,552.0,3.47,30.0,17.0,46.0,4296.0,1361.0,80.0,533.0,928.0,121.0,159.0,0.98,Cleveland Indians,Cleveland Stadium,948776.0,98.0,98.0,CLE,CLE,CLE
1976,AL,DET,DET,E,5,161,80.0,74,87,N,,N,N,609.0,5441.0,1401.0,207.0,38.0,101.0,450.0,730.0,107.0,59.0,31.0,50.0,709.0,615.0,3.87,55.0,12.0,20.0,4294.0,1426.0,101.0,550.0,738.0,168.0,161.0,0.974,Detroit Tigers,Tiger Stadium,1467020.0,103.0,105.0,DET,DET,DET
1976,NL,HOU,HOU,W,3,162,82.0,80,82,N,,N,N,625.0,5464.0,1401.0,195.0,50.0,66.0,530.0,719.0,150.0,57.0,21.0,39.0,657.0,571.0,3.56,42.0,17.0,29.0,4333.0,1349.0,82.0,662.0,780.0,140.0,155.0,0.978,Houston Astros,Astrodome,886146.0,91.0,91.0,HOU,HOU,HOU
1976,AL,KCA,KCR,W,1,162,81.0,90,72,Y,,N,N,713.0,5540.0,1490.0,259.0,57.0,65.0,484.0,650.0,218.0,106.0,31.0,71.0,611.0,525.0,3.21,41.0,12.0,35.0,4417.0,1356.0,83.0,493.0,735.0,139.0,147.0,0.978,Kansas City Royals,Royals Stadium,1680265.0,102.0,100.0,KCR,KCA,KCA
1976,NL,LAN,LAD,W,2,162,81.0,92,70,N,,N,N,608.0,5472.0,1371.0,200.0,34.0,91.0,486.0,744.0,144.0,55.0,29.0,47.0,543.0,493.0,3.02,47.0,17.0,28.0,4412.0,1330.0,97.0,479.0,747.0,128.0,154.0,0.98,Los Angeles Dodgers,Dodger Stadium,2386301.0,98.0,97.0,LAD,LAN,LAN
1976,AL,MIN,MIN,W,3,162,81.0,85,77,N,,N,N,743.0,5574.0,1526.0,222.0,51.0,81.0,550.0,714.0,146.0,75.0,41.0,49.0,704.0,599.0,3.69,29.0,11.0,23.0,4377.0,1421.0,89.0,610.0,762.0,172.0,182.0,0.973,Minnesota Twins,Metropolitan Stadium,715394.0,103.0,102.0,MIN,MIN,MIN
1976,AL,ML4,MIL,E,6,161,81.0,66,95,N,,N,N,570.0,5396.0,1326.0,170.0,38.0,88.0,511.0,909.0,62.0,61.0,23.0,48.0,655.0,581.0,3.64,45.0,10.0,27.0,4306.0,1406.0,99.0,567.0,677.0,152.0,160.0,0.975,Milwaukee Brewers,County Stadium,1012164.0,98.0,99.0,MIL,MIL,MIL
1976,NL,MON,WSN,E,6,162,80.0,55,107,N,,N,N,531.0,5428.0,1275.0,224.0,32.0,94.0,433.0,841.0,86.0,44.0,16.0,40.0,734.0,639.0,3.99,26.0,10.0,21.0,4320.0,1442.0,89.0,659.0,783.0,155.0,179.0,0.976,Montreal Expos,Jarry Park,646704.0,105.0,107.0,MON,MON,MON
1976,AL,NYA,NYY,E,1,159,80.0,97,62,Y,,Y,N,730.0,5555.0,1496.0,231.0,36.0,120.0,470.0,616.0,163.0,65.0,35.0,46.0,575.0,516.0,3.19,62.0,15.0,37.0,4365.0,1300.0,97.0,448.0,674.0,126.0,141.0,0.98,New York Yankees,Yankee Stadium II,2012434.0,100.0,98.0,NYY,NYA,NYA
1976,NL,NYN,NYM,E,3,162,82.0,86,76,N,,N,N,615.0,5415.0,1334.0,198.0,34.0,102.0,561.0,797.0,66.0,58.0,28.0,33.0,538.0,473.0,2.94,53.0,18.0,25.0,4347.0,1248.0,97.0,419.0,1025.0,131.0,116.0,0.979,New York Mets,Shea Stadium,1468754.0,94.0,94.0,NYM,NYN,NYN
1976,AL,OAK,OAK,W,2,161,81.0,87,74,N,,N,N,686.0,5353.0,1319.0,208.0,33.0,113.0,592.0,818.0,341.0,123.0,45.0,58.0,598.0,528.0,3.26,39.0,15.0,29.0,4378.0,1412.0,96.0,415.0,711.0,144.0,130.0,0.977,Oakland Athletics,Oakland Coliseum,780593.0,95.0,95.0,OAK,OAK,OAK
1976,NL,PHI,PHI,E,1,162,81.0,101,61,Y,,N,N,770.0,5528.0,1505.0,259.0,45.0,110.0,542.0,793.0,127.0,70.0,40.0,67.0,557.0,499.0,3.08,34.0,9.0,44.0,4377.0,1377.0,98.0,397.0,918.0,115.0,148.0,0.981,Philadelphia Phillies,Veterans Stadium,2480150.0,104.0,102.0,PHI,PHI,PHI
1976,NL,PIT,PIT,E,2,162,81.0,92,70,N,,N,N,708.0,5604.0,1499.0,249.0,56.0,110.0,433.0,807.0,130.0,45.0,29.0,50.0,630.0,548.0,3.36,45.0,12.0,35.0,4399.0,1402.0,95.0,460.0,762.0,163.0,142.0,0.975,Pittsburgh Pirates,Three Rivers Stadium,1025945.0,100.0,99.0,PIT,PIT,PIT
1976,NL,SDN,SDP,W,5,162,80.0,73,89,N,,N,N,570.0,5369.0,1327.0,216.0,37.0,64.0,488.0,716.0,92.0,46.0,23.0,42.0,662.0,581.0,3.65,47.0,11.0,18.0,4297.0,1368.0,87.0,543.0,652.0,141.0,148.0,0.978,San Diego Padres,Jack Murphy Stadium,1458478.0,92.0,94.0,SDP,SDN,SDN
1976,NL,SFN,SFG,W,4,162,81.0,74,88,N,,N,N,595.0,5452.0,1340.0,211.0,37.0,85.0,518.0,778.0,88.0,55.0,25.0,48.0,686.0,573.0,3.53,27.0,18.0,31.0,4385.0,1464.0,68.0,518.0,746.0,186.0,153.0,0.971,San Francisco Giants,Candlestick Park,626868.0,103.0,103.0,SFG,SFN,SFN
1976,NL,SLN,STL,E,5,162,81.0,72,90,N,,N,N,629.0,5516.0,1432.0,243.0,57.0,63.0,512.0,860.0,123.0,55.0,22.0,45.0,671.0,582.0,3.6,35.0,15.0,26.0,4361.0,1416.0,91.0,581.0,731.0,174.0,163.0,0.973,St. Louis Cardinals,Busch Stadium II,1207079.0,101.0,101.0,STL,SLN,SLN
1976,AL,TEX,TEX,W,4,162,81.0,76,86,N,,N,N,616.0,5555.0,1390.0,213.0,26.0,80.0,568.0,809.0,87.0,45.0,29.0,45.0,652.0,565.0,3.45,63.0,15.0,15.0,4416.0,1464.0,106.0,461.0,773.0,156.0,142.0,0.976,Texas Rangers,Arlington Stadium,1164982.0,102.0,102.0,TEX,TEX,TEX
1977,NL,ATL,ATL,W,6,162,81.0,61,101,N,,N,N,678.0,5534.0,1404.0,218.0,20.0,139.0,537.0,876.0,82.0,53.0,17.0,34.0,895.0,779.0,4.85,28.0,5.0,31.0,4336.0,1581.0,169.0,701.0,915.0,175.0,127.0,0.972,Atlanta Braves,Atlanta-Fulton County Stadium,872464.0,112.0,114.0,ATL,ATL,ATL
1977,AL,BAL,BAL,E,2,161,81.0,97,64,N,,N,N,719.0,5494.0,1433.0,231.0,25.0,148.0,560.0,945.0,90.0,51.0,24.0,47.0,653.0,603.0,3.74,65.0,11.0,23.0,4353.0,1414.0,124.0,494.0,737.0,106.0,189.0,0.983,Baltimore Orioles,Memorial Stadium,1195769.0,94.0,94.0,BAL,BAL,BAL
1977,AL,BOS,BOS,E,2,161,80.0,97,64,N,,N,N,859.0,5510.0,1551.0,258.0,56.0,213.0,528.0,905.0,66.0,47.0,42.0,59.0,712.0,652.0,4.11,40.0,13.0,40.0,4284.0,1555.0,158.0,378.0,758.0,133.0,162.0,0.978,Boston Red Sox,Fenway Park II,2074549.0,113.0,112.0,BOS,BOS,BOS
1977,AL,CAL,ANA,W,5,162,81.0,74,88,N,,N,N,675.0,5410.0,1380.0,233.0,40.0,131.0,542.0,880.0,159.0,89.0,36.0,51.0,695.0,594.0,3.72,53.0,13.0,26.0,4313.0,1383.0,136.0,572.0,965.0,147.0,137.0,0.976,California Angels,Anaheim Stadium,1432633.0,96.0,96.0,CAL,CAL,CAL
1977,AL,CHA,CHW,W,3,162,81.0,90,72,N,,N,N,844.0,5633.0,1568.0,254.0,52.0,192.0,559.0,666.0,42.0,44.0,34.0,63.0,771.0,682.0,4.25,34.0,3.0,40.0,4334.0,1557.0,136.0,516.0,842.0,159.0,125.0,0.974,Chicago White Sox,Comiskey Park,1657135.0,100.0,101.0,CHW,CHA,CHA
1977,NL,CHN,CHC,E,4,162,81.0,81,81,N,,N,N,692.0,5604.0,1489.0,271.0,37.0,111.0,534.0,796.0,64.0,45.0,27.0,52.0,739.0,654.0,4.01,16.0,10.0,44.0,4404.0,1500.0,128.0,489.0,942.0,153.0,147.0,0.977,Chicago Cubs,Wrigley Field,1439834.0,111.0,112.0,CHC,CHN,CHN
1977,NL,CIN,CIN,W,2,162,81.0,88,74,N,,N,N,802.0,5524.0,1513.0,269.0,42.0,181.0,600.0,911.0,170.0,64.0,25.0,50.0,725.0,673.0,4.21,33.0,12.0,32.0,4312.0,1469.0,156.0,544.0,868.0,95.0,154.0,0.984,Cincinnati Reds,Riverfront Stadium,2519670.0,102.0,101.0,CIN,CIN,CIN
1977,AL,CLE,CLE,E,5,161,81.0,71,90,N,,N,N,676.0,5491.0,1476.0,221.0,46.0,100.0,531.0,688.0,87.0,87.0,34.0,54.0,739.0,661.0,4.1,45.0,8.0,30.0,4357.0,1441.0,136.0,550.0,876.0,130.0,145.0,0.979,Cleveland Indians,Cleveland Stadium,900365.0,96.0,97.0,CLE,CLE,CLE
1977,AL,DET,DET,E,4,162,81.0,74,88,N,,N,N,714.0,5604.0,1480.0,228.0,45.0,166.0,452.0,764.0,60.0,46.0,20.0,56.0,751.0,668.0,4.13,44.0,3.0,23.0,4371.0,1526.0,162.0,470.0,784.0,142.0,153.0,0.978,Detroit Tigers,Tiger Stadium,1359856.0,105.0,105.0,DET,DET,DET
1977,NL,HOU,HOU,W,3,162,81.0,81,81,N,,N,N,680.0,5530.0,1405.0,263.0,60.0,114.0,515.0,839.0,187.0,72.0,40.0,39.0,650.0,576.0,3.54,37.0,11.0,28.0,4397.0,1384.0,110.0,545.0,871.0,142.0,136.0,0.978,Houston Astros,Astrodome,1109560.0,91.0,91.0,HOU,HOU,HOU
1977,AL,KCA,KCR,W,1,162,81.0,102,60,Y,,N,N,822.0,5594.0,1549.0,299.0,77.0,146.0,522.0,687.0,170.0,87.0,45.0,58.0,651.0,571.0,3.52,41.0,15.0,42.0,4382.0,1377.0,110.0,499.0,850.0,137.0,145.0,0.978,Kansas City Royals,Royals Stadium,1852603.0,102.0,100.0,KCR,KCA,KCA
1977,NL,LAN,LAD,W,1,162,81.0,98,64,Y,,Y,N,769.0,5589.0,1484.0,223.0,28.0,191.0,588.0,896.0,114.0,62.0,23.0,44.0,582.0,528.0,3.22,34.0,13.0,39.0,4426.0,1393.0,119.0,438.0,930.0,124.0,160.0,0.981,Los Angeles Dodgers,Dodger Stadium,2955087.0,100.0,98.0,LAD,LAN,LAN
1977,AL,MIN,MIN,W,4,161,80.0,84,77,N,,N,N,867.0,5639.0,1588.0,273.0,60.0,123.0,563.0,754.0,105.0,65.0,43.0,56.0,776.0,698.0,4.36,35.0,4.0,25.0,4326.0,1546.0,151.0,507.0,737.0,143.0,184.0,0.978,Minnesota Twins,Metropolitan Stadium,1162727.0,99.0,99.0,MIN,MIN,MIN
1977,AL,ML4,MIL,E,6,162,81.0,67,95,N,,N,N,639.0,5517.0,1425.0,255.0,46.0,125.0,443.0,862.0,85.0,67.0,22.0,45.0,765.0,687.0,4.32,38.0,6.0,25.0,4293.0,1461.0,136.0,566.0,719.0,139.0,165.0,0.978,Milwaukee Brewers,County Stadium,1114938.0,100.0,100.0,MIL,MIL,MIL
1977,NL,MON,WSN,E,5,162,81.0,75,87,N,,N,N,665.0,5675.0,1474.0,294.0,50.0,138.0,478.0,877.0,88.0,50.0,21.0,39.0,736.0,660.0,4.01,31.0,11.0,33.0,4443.0,1426.0,135.0,579.0,856.0,129.0,128.0,0.98,Montreal Expos,Stade Olympique,1433757.0,97.0,97.0,MON,MON,MON
1977,AL,NYA,NYY,E,1,162,81.0,100,62,Y,,Y,Y,831.0,5605.0,1576.0,267.0,47.0,184.0,533.0,681.0,93.0,57.0,28.0,48.0,651.0,581.0,3.61,52.0,16.0,34.0,4348.0,1395.0,139.0,486.0,758.0,132.0,151.0,0.979,New York Yankees,Yankee Stadium II,2103092.0,99.0,97.0,NYY,NYA,NYA
1977,NL,NYN,NYM,E,6,162,79.0,64,98,N,,N,N,587.0,5410.0,1319.0,227.0,30.0,88.0,529.0,887.0,98.0,81.0,30.0,37.0,663.0,601.0,3.77,27.0,12.0,28.0,4301.0,1378.0,118.0,490.0,911.0,134.0,132.0,0.978,New York Mets,Shea Stadium,1066825.0,95.0,95.0,NYM,NYN,NYN
1977,AL,OAK,OAK,W,7,161,81.0,63,98,N,,N,N,605.0,5358.0,1284.0,176.0,37.0,117.0,516.0,910.0,176.0,89.0,36.0,46.0,749.0,645.0,4.04,32.0,4.0,26.0,4310.0,1459.0,145.0,560.0,788.0,190.0,136.0,0.97,Oakland Athletics,Oakland Coliseum,495599.0,97.0,98.0,OAK,OAK,OAK
1977,NL,PHI,PHI,E,1,162,81.0,101,61,Y,,N,N,847.0,5546.0,1548.0,266.0,56.0,186.0,573.0,806.0,135.0,68.0,38.0,74.0,668.0,600.0,3.71,31.0,7.0,47.0,4367.0,1451.0,134.0,482.0,856.0,120.0,168.0,0.981,Philadelphia Phillies,Veterans Stadium,2700070.0,105.0,103.0,PHI,PHI,PHI
1977,NL,PIT,PIT,E,2,162,81.0,96,66,N,,N,N,734.0,5662.0,1550.0,278.0,57.0,133.0,474.0,878.0,260.0,120.0,34.0,43.0,665.0,594.0,3.61,25.0,15.0,39.0,4445.0,1406.0,149.0,485.0,890.0,145.0,137.0,0.977,Pittsburgh Pirates,Three Rivers Stadium,1237349.0,102.0,101.0,PIT,PIT,PIT
1977,NL,SDN,SDP,W,5,162,81.0,69,93,N,,N,N,692.0,5602.0,1397.0,245.0,49.0,120.0,602.0,1057.0,133.0,57.0,29.0,30.0,834.0,722.0,4.43,6.0,5.0,44.0,4399.0,1556.0,160.0,673.0,827.0,189.0,142.0,0.971,San Diego Padres,Jack Murphy Stadium,1376269.0,90.0,91.0,SDP,SDN,SDN
1977,AL,SEA,SEA,W,6,162,81.0,64,98,N,,N,N,624.0,5460.0,1398.0,218.0,33.0,133.0,426.0,769.0,110.0,67.0,35.0,42.0,855.0,769.0,4.83,18.0,1.0,31.0,4299.0,1508.0,194.0,578.0,785.0,147.0,162.0,0.976,Seattle Mariners,Kingdome,1338511.0,99.0,101.0,SEA,SEA,SEA
1977,NL,SFN,SFG,W,4,162,81.0,75,87,N,,N,N,673.0,5497.0,1392.0,227.0,41.0,134.0,568.0,842.0,90.0,59.0,21.0,51.0,711.0,608.0,3.75,27.0,10.0,33.0,4377.0,1501.0,114.0,529.0,854.0,179.0,136.0,0.972,San Francisco Giants,Candlestick Park,700056.0,99.0,100.0,SFG,SFN,SFN
1977,NL,SLN,STL,E,3,162,83.0,83,79,N,,N,N,737.0,5527.0,1490.0,252.0,56.0,96.0,489.0,823.0,134.0,112.0,25.0,29.0,688.0,612.0,3.81,26.0,10.0,31.0,4338.0,1420.0,139.0,532.0,768.0,139.0,174.0,0.978,St. Louis Cardinals,Busch Stadium II,1659287.0,99.0,99.0,STL,SLN,SLN
1977,AL,TEX,TEX,W,2,162,81.0,94,68,N,,N,N,767.0,5541.0,1497.0,265.0,39.0,135.0,596.0,904.0,154.0,85.0,39.0,50.0,657.0,583.0,3.56,49.0,17.0,31.0,4417.0,1412.0,134.0,471.0,864.0,117.0,156.0,0.982,Texas Rangers,Arlington Stadium,1250722.0,101.0,101.0,TEX,TEX,TEX
1977,AL,TOR,TOR,E,7,161,80.0,54,107,N,,N,N,605.0,5419.0,1367.0,230.0,41.0,100.0,499.0,819.0,65.0,55.0,23.0,34.0,822.0,725.0,4.57,40.0,3.0,20.0,4285.0,1538.0,152.0,623.0,771.0,164.0,133.0,0.974,Toronto Blue Jays,Exhibition Stadium,1701052.0,101.0,103.0,TOR,TOR,TOR
1978,NL,ATL,ATL,W,6,162,81.0,69,93,N,,N,N,600.0,5381.0,1313.0,191.0,39.0,123.0,550.0,874.0,90.0,65.0,27.0,47.0,750.0,653.0,4.08,29.0,12.0,32.0,4321.0,1404.0,132.0,624.0,848.0,153.0,126.0,0.975,Atlanta Braves,Atlanta-Fulton County Stadium,904494.0,112.0,114.0,ATL,ATL,ATL
1978,AL,BAL,BAL,E,4,161,81.0,90,71,N,,N,N,659.0,5422.0,1397.0,248.0,19.0,154.0,552.0,864.0,75.0,61.0,22.0,42.0,633.0,566.0,3.56,65.0,16.0,33.0,4287.0,1340.0,107.0,509.0,754.0,110.0,166.0,0.982,Baltimore Orioles,Memorial Stadium,1051724.0,94.0,93.0,BAL,BAL,BAL
1978,AL,BOS,BOS,E,2,163,82.0,99,64,N,,N,N,796.0,5587.0,1493.0,270.0,46.0,172.0,582.0,835.0,74.0,51.0,24.0,58.0,657.0,579.0,3.54,57.0,15.0,26.0,4418.0,1530.0,137.0,464.0,706.0,146.0,171.0,0.977,Boston Red Sox,Fenway Park II,2320643.0,112.0,110.0,BOS,BOS,BOS
1978,AL,CAL,ANA,W,2,162,81.0,87,75,N,,N,N,691.0,5472.0,1417.0,226.0,28.0,108.0,539.0,682.0,86.0,69.0,67.0,56.0,666.0,590.0,3.65,44.0,13.0,33.0,4367.0,1382.0,125.0,599.0,892.0,136.0,136.0,0.978,California Angels,Anaheim Stadium,1755386.0,96.0,96.0,CAL,CAL,CAL
1978,AL,CHA,CHW,W,5,161,80.0,71,90,N,,N,N,634.0,5393.0,1423.0,221.0,41.0,106.0,409.0,625.0,83.0,68.0,33.0,57.0,731.0,660.0,4.21,38.0,9.0,33.0,4228.0,1380.0,128.0,586.0,710.0,139.0,130.0,0.977,Chicago White Sox,Comiskey Park,1491100.0,101.0,102.0,CHW,CHA,CHA
1978,NL,CHN,CHC,E,3,162,82.0,79,83,N,,N,N,664.0,5532.0,1461.0,224.0,48.0,72.0,562.0,746.0,110.0,58.0,21.0,59.0,724.0,655.0,4.05,24.0,7.0,38.0,4366.0,1475.0,125.0,539.0,768.0,144.0,154.0,0.978,Chicago Cubs,Wrigley Field,1525311.0,112.0,112.0,CHC,CHN,CHN
1978,NL,CIN,CIN,W,2,161,80.0,92,69,N,,N,N,710.0,5392.0,1378.0,270.0,32.0,136.0,636.0,899.0,137.0,58.0,26.0,54.0,688.0,613.0,3.81,16.0,10.0,46.0,4345.0,1437.0,122.0,567.0,908.0,134.0,120.0,0.978,Cincinnati Reds,Riverfront Stadium,2532497.0,100.0,100.0,CIN,CIN,CIN
1978,AL,CLE,CLE,E,6,159,78.0,69,90,N,,N,N,639.0,5365.0,1400.0,223.0,45.0,106.0,488.0,698.0,64.0,63.0,26.0,40.0,694.0,621.0,3.97,36.0,6.0,28.0,4222.0,1397.0,100.0,568.0,739.0,123.0,142.0,0.98,Cleveland Indians,Cleveland Stadium,800584.0,99.0,100.0,CLE,CLE,CLE
1978,AL,DET,DET,E,5,162,81.0,86,76,N,,N,N,714.0,5601.0,1520.0,218.0,34.0,129.0,563.0,695.0,90.0,38.0,31.0,47.0,653.0,589.0,3.64,60.0,12.0,21.0,4367.0,1441.0,135.0,503.0,684.0,118.0,177.0,0.981,Detroit Tigers,Tiger Stadium,1714893.0,103.0,103.0,DET,DET,DET
1978,NL,HOU,HOU,W,5,162,81.0,74,88,N,,N,N,605.0,5458.0,1408.0,231.0,45.0,70.0,434.0,743.0,178.0,59.0,22.0,44.0,634.0,581.0,3.63,48.0,17.0,23.0,4321.0,1328.0,86.0,578.0,930.0,133.0,109.0,0.978,Houston Astros,Astrodome,1126145.0,92.0,92.0,HOU,HOU,HOU
1978,AL,KCA,KCR,W,1,162,81.0,92,70,Y,,N,N,743.0,5474.0,1469.0,305.0,59.0,98.0,498.0,644.0,216.0,84.0,30.0,72.0,634.0,550.0,3.44,53.0,14.0,33.0,4317.0,1350.0,108.0,478.0,657.0,150.0,153.0,0.976,Kansas City Royals,Royals Stadium,2255493.0,103.0,102.0,KCR,KCA,KCA
1978,NL,LAN,LAD,W,1,162,81.0,95,67,Y,,Y,N,727.0,5437.0,1435.0,251.0,27.0,149.0,610.0,818.0,137.0,52.0,20.0,47.0,573.0,499.0,3.12,46.0,16.0,38.0,4321.0,1362.0,107.0,440.0,800.0,140.0,138.0,0.978,Los Angeles Dodgers,Dodger Stadium,3347845.0,100.0,98.0,LAD,LAN,LAN
1978,AL,MIN,MIN,W,4,162,81.0,73,89,N,,N,N,666.0,5522.0,1472.0,259.0,47.0,82.0,604.0,684.0,99.0,56.0,33.0,55.0,678.0,599.0,3.69,48.0,9.0,26.0,4379.0,1468.0,102.0,520.0,703.0,146.0,171.0,0.977,Minnesota Twins,Metropolitan Stadium,787878.0,102.0,102.0,MIN,MIN,MIN
1978,AL,ML4,MIL,E,3,162,81.0,93,69,N,,N,N,804.0,5536.0,1530.0,265.0,38.0,173.0,520.0,805.0,95.0,53.0,32.0,50.0,650.0,583.0,3.65,62.0,19.0,24.0,4308.0,1442.0,109.0,398.0,577.0,150.0,144.0,0.977,Milwaukee Brewers,County Stadium,1601406.0,100.0,100.0,MIL,MIL,MIL
1978,NL,MON,WSN,E,4,162,80.0,76,86,N,,N,N,633.0,5530.0,1404.0,269.0,31.0,121.0,396.0,881.0,80.0,42.0,35.0,40.0,611.0,550.0,3.42,42.0,13.0,32.0,4338.0,1332.0,117.0,572.0,740.0,134.0,150.0,0.979,Montreal Expos,Stade Olympique,1427007.0,99.0,98.0,MON,MON,MON
1978,AL,NYA,NYY,E,1,163,81.0,100,63,Y,,Y,Y,735.0,5583.0,1489.0,228.0,38.0,125.0,505.0,695.0,98.0,42.0,42.0,52.0,582.0,516.0,3.18,39.0,16.0,36.0,4382.0,1321.0,111.0,478.0,817.0,113.0,134.0,0.982,New York Yankees,Yankee Stadium II,2335871.0,97.0,96.0,NYY,NYA,NYA
1978,NL,NYN,NYM,E,6,162,80.0,66,96,N,,N,N,607.0,5433.0,1332.0,227.0,47.0,86.0,549.0,829.0,100.0,77.0,24.0,55.0,690.0,626.0,3.87,21.0,7.0,26.0,4366.0,1447.0,114.0,531.0,775.0,132.0,160.0,0.979,New York Mets,Shea Stadium,1007328.0,96.0,97.0,NYM,NYN,NYN
1978,AL,OAK,OAK,W,6,162,80.0,69,93,N,,N,N,532.0,5321.0,1304.0,200.0,31.0,100.0,433.0,800.0,144.0,117.0,25.0,27.0,690.0,577.0,3.62,26.0,11.0,29.0,4300.0,1401.0,106.0,582.0,750.0,179.0,145.0,0.971,Oakland Athletics,Oakland Coliseum,526999.0,94.0,96.0,OAK,OAK,OAK
1978,NL,PHI,PHI,E,1,162,82.0,90,72,Y,,N,N,708.0,5448.0,1404.0,248.0,32.0,133.0,552.0,866.0,152.0,58.0,42.0,49.0,586.0,532.0,3.33,38.0,9.0,29.0,4309.0,1343.0,118.0,393.0,813.0,104.0,156.0,0.983,Philadelphia Phillies,Veterans Stadium,2583389.0,101.0,100.0,PHI,PHI,PHI
1978,NL,PIT,PIT,E,2,161,81.0,88,73,N,,N,N,684.0,5406.0,1390.0,239.0,54.0,115.0,480.0,874.0,213.0,90.0,42.0,46.0,637.0,548.0,3.41,30.0,13.0,44.0,4334.0,1366.0,103.0,499.0,880.0,167.0,133.0,0.973,Pittsburgh Pirates,Three Rivers Stadium,964106.0,105.0,104.0,PIT,PIT,PIT
1978,NL,SDN,SDP,W,4,162,81.0,84,78,N,,N,N,591.0,5360.0,1349.0,208.0,42.0,75.0,536.0,848.0,152.0,70.0,32.0,39.0,598.0,522.0,3.28,21.0,10.0,55.0,4301.0,1385.0,74.0,483.0,744.0,160.0,171.0,0.975,San Diego Padres,Jack Murphy Stadium,1670107.0,91.0,92.0,SDP,SDN,SDN
1978,AL,SEA,SEA,W,7,160,81.0,56,104,N,,N,N,614.0,5358.0,1327.0,229.0,37.0,97.0,522.0,702.0,123.0,47.0,22.0,53.0,834.0,737.0,4.67,28.0,4.0,20.0,4258.0,1540.0,155.0,567.0,630.0,141.0,174.0,0.978,Seattle Mariners,Kingdome,877440.0,100.0,101.0,SEA,SEA,SEA
1978,NL,SFN,SFG,W,3,162,81.0,89,73,N,,N,N,613.0,5364.0,1331.0,240.0,41.0,117.0,554.0,814.0,87.0,54.0,17.0,40.0,594.0,534.0,3.3,42.0,17.0,29.0,4365.0,1377.0,84.0,453.0,840.0,146.0,118.0,0.977,San Francisco Giants,Candlestick Park,1740477.0,96.0,96.0,SFG,SFN,SFN
1978,NL,SLN,STL,E,5,162,81.0,69,93,N,,N,N,600.0,5415.0,1351.0,263.0,44.0,79.0,420.0,713.0,97.0,42.0,22.0,53.0,657.0,572.0,3.58,32.0,13.0,22.0,4313.0,1300.0,94.0,600.0,859.0,136.0,155.0,0.978,St. Louis Cardinals,Busch Stadium II,1278215.0,99.0,99.0,STL,SLN,SLN
1978,AL,TEX,TEX,W,2,162,82.0,87,75,N,,N,N,692.0,5347.0,1353.0,216.0,36.0,132.0,624.0,779.0,196.0,91.0,32.0,55.0,632.0,543.0,3.36,54.0,12.0,25.0,4369.0,1431.0,108.0,421.0,776.0,153.0,140.0,0.976,Texas Rangers,Arlington Stadium,1447963.0,100.0,100.0,TEX,TEX,TEX
1978,AL,TOR,TOR,E,7,161,81.0,59,102,N,,N,N,590.0,5430.0,1358.0,217.0,39.0,98.0,448.0,645.0,28.0,52.0,23.0,37.0,775.0,721.0,4.54,35.0,5.0,23.0,4288.0,1529.0,149.0,614.0,758.0,131.0,163.0,0.979,Toronto Blue Jays,Exhibition Stadium,1562585.0,101.0,104.0,TOR,TOR,TOR
1979,NL,ATL,ATL,W,6,160,79.0,66,94,N,,N,N,669.0,5422.0,1389.0,220.0,28.0,126.0,490.0,818.0,98.0,50.0,23.0,38.0,763.0,654.0,4.18,32.0,3.0,34.0,4223.0,1496.0,132.0,494.0,779.0,183.0,139.0,0.97,Atlanta Braves,Atlanta-Fulton County Stadium,769465.0,107.0,109.0,ATL,ATL,ATL
1979,AL,BAL,BAL,E,1,159,79.0,102,57,Y,,Y,N,757.0,5371.0,1401.0,258.0,24.0,181.0,608.0,847.0,99.0,49.0,31.0,54.0,582.0,520.0,3.26,52.0,12.0,30.0,4303.0,1279.0,133.0,467.0,786.0,125.0,161.0,0.98,Baltimore Orioles,Memorial Stadium,1681009.0,97.0,95.0,BAL,BAL,BAL
1979,AL,BOS,BOS,E,3,160,80.0,91,69,N,,N,N,841.0,5538.0,1567.0,310.0,34.0,194.0,512.0,708.0,60.0,43.0,33.0,59.0,711.0,641.0,4.03,47.0,11.0,29.0,4294.0,1487.0,133.0,463.0,731.0,142.0,166.0,0.977,Boston Red Sox,Fenway Park II,2353114.0,106.0,106.0,BOS,BOS,BOS
1979,AL,CAL,ANA,W,1,162,81.0,88,74,Y,,N,N,866.0,5550.0,1563.0,242.0,43.0,164.0,589.0,843.0,100.0,53.0,37.0,56.0,768.0,692.0,4.34,46.0,9.0,33.0,4308.0,1463.0,131.0,573.0,820.0,135.0,172.0,0.978,California Angels,Anaheim Stadium,2523575.0,96.0,96.0,CAL,CAL,CAL
1979,AL,CHA,CHW,W,5,159,79.0,73,87,N,,N,N,730.0,5463.0,1505.0,290.0,33.0,127.0,454.0,668.0,97.0,62.0,36.0,45.0,748.0,642.0,4.1,28.0,9.0,37.0,4227.0,1365.0,114.0,618.0,675.0,173.0,142.0,0.972,Chicago White Sox,Comiskey Park,1280702.0,100.0,101.0,CHW,CHA,CHA
1979,NL,CHN,CHC,E,5,162,81.0,80,82,N,,N,N,706.0,5550.0,1494.0,250.0,43.0,135.0,478.0,762.0,73.0,52.0,35.0,42.0,707.0,624.0,3.88,20.0,11.0,44.0,4340.0,1500.0,127.0,521.0,933.0,159.0,163.0,0.975,Chicago Cubs,Wrigley Field,1648587.0,110.0,111.0,CHC,CHN,CHN
1979,NL,CIN,CIN,W,1,161,80.0,90,71,Y,,N,N,731.0,5477.0,1445.0,266.0,31.0,132.0,614.0,902.0,99.0,47.0,19.0,46.0,644.0,573.0,3.58,27.0,10.0,40.0,4321.0,1415.0,103.0,485.0,773.0,124.0,152.0,0.98,Cincinnati Reds,Riverfront Stadium,2356933.0,101.0,101.0,CIN,CIN,CIN
1979,AL,CLE,CLE,E,6,161,81.0,81,80,N,,N,N,760.0,5376.0,1388.0,206.0,29.0,138.0,657.0,786.0,143.0,90.0,42.0,60.0,805.0,727.0,4.57,28.0,7.0,32.0,4295.0,1502.0,138.0,570.0,781.0,134.0,149.0,0.978,Cleveland Indians,Cleveland Stadium,1011644.0,101.0,101.0,CLE,CLE,CLE
1979,AL,DET,DET,E,5,160,80.0,85,76,N,,N,N,770.0,5375.0,1446.0,221.0,35.0,164.0,575.0,814.0,176.0,86.0,22.0,52.0,738.0,676.0,4.27,25.0,5.0,37.0,4270.0,1429.0,167.0,547.0,802.0,120.0,184.0,0.981,Detroit Tigers,Tiger Stadium,1630929.0,103.0,103.0,DET,DET,DET
1979,NL,HOU,HOU,W,2,162,81.0,89,73,N,,N,N,583.0,5394.0,1382.0,224.0,52.0,49.0,461.0,745.0,190.0,95.0,22.0,43.0,582.0,514.0,3.2,55.0,19.0,31.0,4343.0,1278.0,90.0,504.0,854.0,138.0,146.0,0.978,Houston Astros,Astrodome,1900312.0,94.0,94.0,HOU,HOU,HOU
1979,AL,KCA,KCR,W,2,162,81.0,85,77,N,,N,N,851.0,5653.0,1596.0,286.0,79.0,116.0,528.0,675.0,207.0,76.0,35.0,76.0,816.0,716.0,4.45,42.0,7.0,27.0,4345.0,1477.0,165.0,536.0,640.0,146.0,160.0,0.977,Kansas City Royals,Royals Stadium,2261845.0,102.0,101.0,KCR,KCA,KCA
1979,NL,LAN,LAD,W,3,162,81.0,79,83,N,,N,N,739.0,5490.0,1443.0,220.0,24.0,183.0,556.0,834.0,106.0,46.0,23.0,36.0,717.0,614.0,3.83,30.0,6.0,34.0,4332.0,1425.0,101.0,555.0,811.0,118.0,123.0,0.981,Los Angeles Dodgers,Dodger Stadium,2860954.0,99.0,98.0,LAD,LAN,LAN
1979,AL,MIN,MIN,W,4,162,81.0,82,80,N,,N,N,764.0,5544.0,1544.0,256.0,46.0,112.0,526.0,693.0,66.0,45.0,31.0,53.0,725.0,663.0,4.13,31.0,6.0,33.0,4333.0,1590.0,128.0,452.0,721.0,134.0,203.0,0.979,Minnesota Twins,Metropolitan Stadium,1070521.0,104.0,104.0,MIN,MIN,MIN
1979,AL,ML4,MIL,E,2,161,81.0,95,66,N,,N,N,807.0,5536.0,1552.0,291.0,41.0,185.0,549.0,745.0,100.0,53.0,20.0,50.0,722.0,645.0,4.03,61.0,12.0,23.0,4319.0,1563.0,162.0,381.0,580.0,127.0,153.0,0.98,Milwaukee Brewers,County Stadium,1918343.0,100.0,99.0,MIL,MIL,MIL
1979,NL,MON,WSN,E,2,160,81.0,95,65,N,,N,N,701.0,5465.0,1445.0,273.0,42.0,143.0,432.0,890.0,121.0,56.0,27.0,38.0,581.0,505.0,3.14,33.0,18.0,39.0,4342.0,1379.0,116.0,450.0,813.0,131.0,123.0,0.979,Montreal Expos,Stade Olympique,2102173.0,99.0,98.0,MON,MON,MON
1979,AL,NYA,NYY,E,4,160,81.0,89,71,N,,N,N,734.0,5421.0,1443.0,226.0,40.0,150.0,509.0,590.0,65.0,46.0,18.0,63.0,672.0,610.0,3.83,43.0,10.0,37.0,4297.0,1446.0,123.0,455.0,731.0,122.0,183.0,0.981,New York Yankees,Yankee Stadium II,2537765.0,98.0,96.0,NYY,NYA,NYA
1979,NL,NYN,NYM,E,6,163,82.0,63,99,N,,N,N,593.0,5591.0,1399.0,255.0,41.0,74.0,498.0,817.0,135.0,79.0,35.0,40.0,706.0,633.0,3.84,16.0,10.0,36.0,4448.0,1486.0,120.0,607.0,819.0,140.0,168.0,0.978,New York Mets,Shea Stadium,788905.0,96.0,97.0,NYM,NYN,NYN
1979,AL,OAK,OAK,W,7,162,81.0,54,108,N,,N,N,573.0,5348.0,1276.0,188.0,32.0,108.0,482.0,751.0,104.0,69.0,20.0,46.0,860.0,754.0,4.75,41.0,4.0,20.0,4288.0,1606.0,147.0,654.0,726.0,174.0,137.0,0.972,Oakland Athletics,Oakland Coliseum,306763.0,94.0,96.0,OAK,OAK,OAK
1979,NL,PHI,PHI,E,4,163,81.0,84,78,N,,N,N,683.0,5463.0,1453.0,250.0,53.0,119.0,602.0,764.0,128.0,76.0,37.0,57.0,718.0,666.0,4.16,33.0,14.0,29.0,4324.0,1455.0,135.0,477.0,787.0,106.0,148.0,0.983,Philadelphia Phillies,Veterans Stadium,2775011.0,103.0,102.0,PHI,PHI,PHI
1979,NL,PIT,PIT,E,1,163,81.0,98,64,Y,,Y,Y,775.0,5661.0,1541.0,264.0,52.0,148.0,483.0,855.0,180.0,66.0,32.0,56.0,643.0,566.0,3.41,24.0,7.0,52.0,4480.0,1424.0,125.0,504.0,904.0,134.0,163.0,0.979,Pittsburgh Pirates,Three Rivers Stadium,1435454.0,105.0,105.0,PIT,PIT,PIT
1979,NL,SDN,SDP,W,5,161,81.0,68,93,N,,N,N,603.0,5446.0,1316.0,193.0,53.0,93.0,534.0,770.0,100.0,58.0,32.0,43.0,681.0,596.0,3.69,29.0,7.0,25.0,4359.0,1438.0,108.0,513.0,779.0,141.0,154.0,0.978,San Diego Padres,Jack Murphy Stadium,1456967.0,93.0,94.0,SDP,SDN,SDN
1979,AL,SEA,SEA,W,6,162,81.0,67,95,N,,N,N,711.0,5544.0,1490.0,250.0,52.0,132.0,515.0,725.0,126.0,52.0,28.0,54.0,820.0,731.0,4.58,37.0,7.0,26.0,4314.0,1567.0,165.0,571.0,736.0,141.0,170.0,0.978,Seattle Mariners,Kingdome,844447.0,102.0,104.0,SEA,SEA,SEA
1979,NL,SFN,SFG,W,4,162,81.0,71,91,N,,N,N,672.0,5395.0,1328.0,192.0,36.0,125.0,580.0,925.0,140.0,73.0,20.0,47.0,751.0,664.0,4.16,25.0,6.0,34.0,4308.0,1484.0,143.0,577.0,880.0,163.0,138.0,0.974,San Francisco Giants,Candlestick Park,1456402.0,93.0,94.0,SFG,SFN,SFN
1979,NL,SLN,STL,E,3,163,82.0,86,76,N,,N,N,731.0,5734.0,1594.0,279.0,63.0,100.0,460.0,838.0,116.0,69.0,27.0,63.0,693.0,615.0,3.72,38.0,10.0,25.0,4460.0,1449.0,127.0,501.0,788.0,132.0,166.0,0.98,St. Louis Cardinals,Busch Stadium II,1627256.0,102.0,102.0,STL,SLN,SLN
1979,AL,TEX,TEX,W,3,162,81.0,83,79,N,,N,N,750.0,5562.0,1549.0,252.0,26.0,140.0,461.0,607.0,79.0,51.0,33.0,59.0,698.0,617.0,3.86,26.0,10.0,42.0,4311.0,1371.0,135.0,532.0,773.0,130.0,151.0,0.979,Texas Rangers,Arlington Stadium,1519671.0,99.0,98.0,TEX,TEX,TEX
1979,AL,TOR,TOR,E,7,162,81.0,53,109,N,,N,N,613.0,5423.0,1362.0,253.0,34.0,95.0,448.0,663.0,75.0,56.0,36.0,38.0,862.0,759.0,4.82,44.0,7.0,11.0,4251.0,1537.0,165.0,594.0,613.0,159.0,187.0,0.975,Toronto Blue Jays,Exhibition Stadium,1431651.0,100.0,102.0,TOR,TOR,TOR
1980,NL,ATL,ATL,W,4,161,80.0,81,80,N,,N,N,630.0,5402.0,1352.0,226.0,22.0,144.0,434.0,899.0,73.0,52.0,20.0,33.0,660.0,598.0,3.77,29.0,9.0,37.0,4284.0,1397.0,131.0,454.0,696.0,162.0,156.0,0.975,Atlanta Braves,Atlanta-Fulton County Stadium,1048411.0,103.0,103.0,ATL,ATL,ATL
1980,AL,BAL,BAL,E,2,162,81.0,100,62,N,,N,N,805.0,5585.0,1523.0,258.0,29.0,156.0,587.0,766.0,111.0,38.0,21.0,46.0,640.0,591.0,3.64,42.0,10.0,41.0,4380.0,1438.0,134.0,507.0,789.0,95.0,178.0,0.985,Baltimore Orioles,Memorial Stadium,1797438.0,99.0,98.0,BAL,BAL,BAL
1980,AL,BOS,BOS,E,5,160,81.0,83,77,N,,N,N,757.0,5603.0,1588.0,297.0,36.0,162.0,475.0,720.0,79.0,48.0,32.0,50.0,767.0,701.0,4.38,30.0,8.0,43.0,4324.0,1557.0,129.0,481.0,696.0,149.0,206.0,0.977,Boston Red Sox,Fenway Park II,1956092.0,106.0,105.0,BOS,BOS,BOS
1980,AL,CAL,ANA,W,6,160,81.0,65,95,N,,N,N,698.0,5443.0,1442.0,236.0,32.0,106.0,539.0,889.0,91.0,63.0,32.0,49.0,797.0,717.0,4.52,22.0,6.0,30.0,4285.0,1548.0,141.0,529.0,725.0,134.0,144.0,0.978,California Angels,Anaheim Stadium,2297327.0,97.0,97.0,CAL,CAL,CAL
1980,AL,CHA,CHW,W,5,162,81.0,70,90,N,,N,N,587.0,5444.0,1408.0,255.0,38.0,91.0,399.0,670.0,68.0,54.0,39.0,51.0,722.0,625.0,3.92,32.0,12.0,42.0,4306.0,1434.0,108.0,563.0,724.0,171.0,162.0,0.973,Chicago White Sox,Comiskey Park,1200365.0,100.0,100.0,CHW,CHA,CHA
1980,NL,CHN,CHC,E,6,162,81.0,64,98,N,,N,N,614.0,5619.0,1411.0,251.0,35.0,107.0,471.0,912.0,93.0,64.0,18.0,40.0,728.0,639.0,3.89,13.0,6.0,35.0,4437.0,1525.0,109.0,589.0,923.0,174.0,149.0,0.974,Chicago Cubs,Wrigley Field,1206776.0,107.0,109.0,CHC,CHN,CHN
1980,NL,CIN,CIN,W,3,163,82.0,89,73,N,,N,N,707.0,5516.0,1445.0,256.0,45.0,113.0,537.0,852.0,156.0,43.0,23.0,54.0,670.0,624.0,3.85,30.0,12.0,37.0,4378.0,1404.0,113.0,506.0,833.0,106.0,144.0,0.983,Cincinnati Reds,Riverfront Stadium,2022450.0,101.0,100.0,CIN,CIN,CIN
1980,AL,CLE,CLE,E,6,160,79.0,79,81,N,,N,N,738.0,5470.0,1517.0,221.0,40.0,89.0,617.0,625.0,118.0,58.0,37.0,74.0,807.0,743.0,4.68,35.0,8.0,32.0,4284.0,1519.0,137.0,552.0,843.0,105.0,143.0,0.983,Cleveland Indians,Cleveland Stadium,1033827.0,101.0,102.0,CLE,CLE,CLE
1980,AL,DET,DET,E,4,163,82.0,84,78,N,,N,N,830.0,5648.0,1543.0,232.0,53.0,143.0,645.0,844.0,75.0,68.0,33.0,55.0,757.0,693.0,4.25,40.0,9.0,30.0,4402.0,1505.0,152.0,558.0,741.0,133.0,165.0,0.979,Detroit Tigers,Tiger Stadium,1785293.0,102.0,102.0,DET,DET,DET
1980,NL,HOU,HOU,W,1,163,81.0,93,70,Y,,N,N,637.0,5566.0,1455.0,231.0,67.0,75.0,540.0,755.0,194.0,74.0,13.0,45.0,589.0,511.0,3.1,31.0,18.0,41.0,4448.0,1367.0,69.0,466.0,929.0,140.0,145.0,0.978,Houston Astros,Astrodome,2278217.0,92.0,91.0,HOU,HOU,HOU
1980,AL,KCA,KCR,W,1,162,81.0,97,65,Y,,Y,N,809.0,5714.0,1633.0,266.0,59.0,115.0,508.0,709.0,185.0,43.0,38.0,63.0,694.0,621.0,3.83,37.0,10.0,42.0,4378.0,1496.0,129.0,465.0,614.0,141.0,150.0,0.978,Kansas City Royals,Royals Stadium,2288714.0,100.0,100.0,KCR,KCA,KCA
1980,NL,LAN,LAD,W,2,163,82.0,92,71,N,,N,N,663.0,5568.0,1462.0,209.0,24.0,148.0,492.0,846.0,123.0,72.0,24.0,41.0,591.0,531.0,3.25,24.0,19.0,42.0,4418.0,1358.0,105.0,480.0,835.0,123.0,149.0,0.981,Los Angeles Dodgers,Dodger Stadium,3249287.0,99.0,98.0,LAD,LAN,LAN
1980,AL,MIN,MIN,W,3,161,80.0,77,84,N,,N,N,670.0,5530.0,1468.0,252.0,46.0,99.0,436.0,703.0,62.0,46.0,21.0,51.0,724.0,634.0,3.93,35.0,9.0,30.0,4353.0,1502.0,120.0,468.0,744.0,148.0,192.0,0.977,Minnesota Twins,Metropolitan Stadium,769206.0,108.0,108.0,MIN,MIN,MIN
1980,AL,ML4,MIL,E,3,162,82.0,86,76,N,,N,N,811.0,5653.0,1555.0,298.0,36.0,203.0,455.0,745.0,131.0,56.0,25.0,51.0,682.0,597.0,3.71,48.0,14.0,30.0,4350.0,1530.0,137.0,420.0,575.0,147.0,189.0,0.977,Milwaukee Brewers,County Stadium,1857408.0,97.0,96.0,MIL,MIL,MIL
1980,NL,MON,WSN,E,2,162,80.0,90,72,N,,N,N,694.0,5465.0,1407.0,250.0,61.0,114.0,547.0,865.0,237.0,82.0,20.0,56.0,629.0,563.0,3.48,33.0,15.0,36.0,4370.0,1447.0,100.0,460.0,823.0,144.0,126.0,0.977,Montreal Expos,Stade Olympique,2208175.0,100.0,99.0,MON,MON,MON
1980,AL,NYA,NYY,E,1,162,81.0,103,59,Y,,N,N,820.0,5553.0,1484.0,239.0,34.0,189.0,643.0,739.0,86.0,36.0,28.0,54.0,662.0,583.0,3.58,29.0,15.0,50.0,4393.0,1433.0,102.0,463.0,845.0,138.0,160.0,0.978,New York Yankees,Yankee Stadium II,2627417.0,98.0,97.0,NYY,NYA,NYA
1980,NL,NYN,NYM,E,5,162,82.0,67,95,N,,N,N,611.0,5478.0,1407.0,218.0,41.0,61.0,501.0,840.0,158.0,99.0,25.0,53.0,702.0,621.0,3.85,17.0,9.0,33.0,4354.0,1473.0,140.0,510.0,886.0,154.0,132.0,0.975,New York Mets,Shea Stadium,1192073.0,97.0,98.0,NYM,NYN,NYN
1980,AL,OAK,OAK,W,2,162,81.0,83,79,N,,N,N,686.0,5495.0,1424.0,212.0,35.0,137.0,506.0,824.0,175.0,82.0,19.0,41.0,642.0,566.0,3.46,94.0,9.0,13.0,4415.0,1347.0,142.0,521.0,769.0,130.0,115.0,0.979,Oakland Athletics,Oakland Coliseum,842259.0,93.0,93.0,OAK,OAK,OAK
1980,NL,PHI,PHI,E,1,162,81.0,91,71,Y,,Y,Y,728.0,5625.0,1517.0,272.0,54.0,117.0,472.0,708.0,140.0,62.0,33.0,58.0,639.0,564.0,3.43,25.0,8.0,40.0,4440.0,1419.0,87.0,530.0,889.0,136.0,136.0,0.979,Philadelphia Phillies,Veterans Stadium,2651650.0,105.0,105.0,PHI,PHI,PHI
1980,NL,PIT,PIT,E,3,162,81.0,83,79,N,,N,N,666.0,5517.0,1469.0,249.0,38.0,116.0,452.0,760.0,209.0,102.0,25.0,56.0,646.0,580.0,3.58,25.0,8.0,43.0,4375.0,1422.0,110.0,451.0,832.0,137.0,154.0,0.978,Pittsburgh Pirates,Three Rivers Stadium,1646757.0,103.0,102.0,PIT,PIT,PIT
1980,NL,SDN,SDP,W,6,163,81.0,73,89,N,,N,N,591.0,5540.0,1410.0,195.0,43.0,67.0,563.0,791.0,239.0,73.0,21.0,38.0,654.0,595.0,3.65,19.0,9.0,39.0,4399.0,1474.0,97.0,536.0,728.0,132.0,157.0,0.98,San Diego Padres,Jack Murphy Stadium,1139026.0,94.0,95.0,SDP,SDN,SDN
1980,AL,SEA,SEA,W,7,163,81.0,59,103,N,,N,N,610.0,5489.0,1359.0,211.0,35.0,104.0,483.0,727.0,116.0,62.0,19.0,44.0,793.0,709.0,4.38,31.0,7.0,26.0,4372.0,1565.0,159.0,540.0,703.0,149.0,189.0,0.977,Seattle Mariners,Kingdome,836204.0,101.0,103.0,SEA,SEA,SEA
1980,NL,SFN,SFG,W,5,161,81.0,75,86,N,,N,N,573.0,5368.0,1310.0,199.0,44.0,80.0,509.0,840.0,100.0,58.0,14.0,54.0,634.0,556.0,3.46,27.0,10.0,35.0,4345.0,1446.0,92.0,492.0,811.0,159.0,124.0,0.975,San Francisco Giants,Candlestick Park,1096115.0,97.0,98.0,SFG,SFN,SFN
1980,NL,SLN,STL,E,4,162,81.0,74,88,N,,N,N,738.0,5608.0,1541.0,300.0,49.0,101.0,451.0,781.0,117.0,54.0,21.0,49.0,710.0,632.0,3.93,34.0,9.0,27.0,4341.0,1454.0,90.0,495.0,664.0,122.0,174.0,0.981,St. Louis Cardinals,Busch Stadium II,1385147.0,104.0,103.0,STL,SLN,SLN
1980,AL,TEX,TEX,W,4,163,80.0,76,85,N,,N,N,756.0,5690.0,1616.0,263.0,27.0,124.0,480.0,589.0,91.0,49.0,23.0,56.0,752.0,649.0,4.02,35.0,6.0,25.0,4355.0,1561.0,119.0,519.0,890.0,147.0,169.0,0.977,Texas Rangers,Arlington Stadium,1198175.0,97.0,96.0,TEX,TEX,TEX
1980,AL,TOR,TOR,E,7,162,81.0,67,95,N,,N,N,624.0,5571.0,1398.0,249.0,53.0,126.0,448.0,813.0,67.0,72.0,33.0,34.0,762.0,683.0,4.19,39.0,9.0,23.0,4398.0,1523.0,135.0,635.0,705.0,133.0,206.0,0.979,Toronto Blue Jays,Exhibition Stadium,1400327.0,105.0,107.0,TOR,TOR,TOR
1981,NL,ATL,ATL,W,5,107,50.0,50,56,N,,N,N,395.0,3642.0,886.0,148.0,22.0,64.0,321.0,540.0,98.0,39.0,18.0,18.0,416.0,371.0,3.45,11.0,4.0,24.0,2904.0,936.0,62.0,330.0,471.0,102.0,93.0,0.976,Atlanta Braves,Atlanta-Fulton County Stadium,535418.0,102.0,103.0,ATL,ATL,ATL
1981,AL,BAL,BAL,E,2,105,55.0,59,46,N,,N,N,429.0,3516.0,883.0,165.0,11.0,88.0,404.0,454.0,41.0,34.0,15.0,24.0,437.0,386.0,3.7,25.0,10.0,23.0,2820.0,923.0,83.0,347.0,489.0,68.0,114.0,0.983,Baltimore Orioles,Memorial Stadium,1024247.0,100.0,99.0,BAL,BAL,BAL
1981,AL,BOS,BOS,E,5,108,53.0,59,49,N,,N,N,519.0,3820.0,1052.0,168.0,17.0,90.0,378.0,520.0,32.0,31.0,13.0,33.0,481.0,418.0,3.81,19.0,4.0,24.0,2962.0,983.0,90.0,354.0,536.0,91.0,108.0,0.979,Boston Red Sox,Fenway Park II,1060379.0,107.0,106.0,BOS,BOS,BOS
1981,AL,CAL,ANA,W,5,110,54.0,51,59,N,,N,N,476.0,3688.0,944.0,134.0,16.0,97.0,393.0,571.0,44.0,33.0,29.0,30.0,453.0,399.0,3.7,27.0,8.0,19.0,2914.0,958.0,81.0,323.0,426.0,101.0,120.0,0.977,California Angels,Anaheim Stadium,1441545.0,100.0,99.0,CAL,CAL,CAL
1981,AL,CHA,CHW,W,3,106,49.0,54,52,N,,N,N,476.0,3615.0,982.0,135.0,27.0,76.0,322.0,518.0,86.0,44.0,43.0,36.0,423.0,363.0,3.47,20.0,8.0,23.0,2822.0,891.0,73.0,336.0,529.0,87.0,113.0,0.979,Chicago White Sox,Comiskey Park,946651.0,98.0,98.0,CHW,CHA,CHA
1981,NL,CHN,CHC,E,6,106,58.0,38,65,N,,N,N,370.0,3546.0,838.0,138.0,29.0,57.0,342.0,611.0,72.0,41.0,13.0,30.0,483.0,426.0,4.01,6.0,2.0,20.0,2870.0,983.0,59.0,388.0,532.0,113.0,103.0,0.974,Chicago Cubs,Wrigley Field,565637.0,104.0,106.0,CHC,CHN,CHN
1981,NL,CIN,CIN,W,1,108,54.0,66,42,N,,N,N,464.0,3637.0,972.0,190.0,24.0,64.0,375.0,553.0,58.0,37.0,18.0,40.0,440.0,400.0,3.73,25.0,14.0,20.0,2897.0,863.0,67.0,393.0,593.0,80.0,99.0,0.981,Cincinnati Reds,Riverfront Stadium,1093730.0,102.0,102.0,CIN,CIN,CIN
1981,AL,CLE,CLE,E,6,103,54.0,52,51,N,,N,N,431.0,3507.0,922.0,150.0,21.0,39.0,343.0,379.0,119.0,37.0,13.0,43.0,442.0,401.0,3.88,33.0,10.0,13.0,2793.0,989.0,67.0,311.0,569.0,87.0,91.0,0.978,Cleveland Indians,Cleveland Stadium,661395.0,100.0,100.0,CLE,CLE,CLE
1981,AL,DET,DET,E,3,109,55.0,60,49,N,,N,N,427.0,3600.0,922.0,148.0,29.0,65.0,404.0,500.0,61.0,37.0,18.0,37.0,404.0,380.0,3.53,33.0,13.0,22.0,2908.0,840.0,83.0,373.0,476.0,67.0,109.0,0.984,Detroit Tigers,Tiger Stadium,1149144.0,104.0,103.0,DET,DET,DET
1981,NL,HOU,HOU,W,3,110,51.0,61,49,Y,,N,N,394.0,3693.0,948.0,160.0,35.0,45.0,340.0,488.0,81.0,43.0,8.0,35.0,331.0,293.0,2.66,23.0,19.0,25.0,2970.0,842.0,40.0,300.0,610.0,87.0,81.0,0.98,Houston Astros,Astrodome,1321282.0,95.0,94.0,HOU,HOU,HOU
1981,AL,KCA,KCR,W,4,103,47.0,50,53,Y,,N,N,397.0,3560.0,952.0,169.0,29.0,61.0,301.0,419.0,100.0,53.0,17.0,35.0,405.0,365.0,3.56,24.0,8.0,24.0,2767.0,909.0,75.0,273.0,404.0,72.0,94.0,0.982,Kansas City Royals,Royals Stadium,1279403.0,99.0,98.0,KCR,KCA,KCA
1981,NL,LAN,LAD,W,2,110,56.0,63,47,Y,,Y,Y,450.0,3751.0,984.0,133.0,20.0,82.0,331.0,550.0,73.0,46.0,17.0,27.0,356.0,333.0,3.01,26.0,19.0,24.0,2991.0,904.0,54.0,302.0,603.0,87.0,101.0,0.98,Los Angeles Dodgers,Dodger Stadium,2381292.0,97.0,96.0,LAD,LAN,LAN
1981,AL,MIN,MIN,W,7,110,61.0,41,68,N,,N,N,378.0,3676.0,884.0,147.0,36.0,47.0,275.0,497.0,34.0,27.0,11.0,27.0,486.0,433.0,3.98,13.0,6.0,22.0,2939.0,1021.0,79.0,376.0,500.0,96.0,103.0,0.978,Minnesota Twins,Metropolitan Stadium,469090.0,107.0,108.0,MIN,MIN,MIN
1981,AL,ML4,MIL,E,1,109,49.0,62,47,Y,,N,N,493.0,3743.0,961.0,173.0,20.0,96.0,300.0,461.0,39.0,36.0,29.0,45.0,459.0,428.0,3.91,11.0,4.0,35.0,2958.0,994.0,72.0,352.0,448.0,79.0,135.0,0.982,Milwaukee Brewers,County Stadium,874292.0,95.0,94.0,MIL,MIL,MIL
1981,NL,MON,WSN,E,2,108,56.0,60,48,Y,,N,N,443.0,3591.0,883.0,146.0,28.0,81.0,368.0,498.0,138.0,40.0,16.0,30.0,394.0,357.0,3.3,20.0,12.0,23.0,2925.0,902.0,58.0,268.0,520.0,81.0,88.0,0.98,Montreal Expos,Stade Olympique,1534564.0,101.0,100.0,MON,MON,MON
1981,AL,NYA,NYY,E,4,107,51.0,59,48,Y,,Y,N,421.0,3529.0,889.0,148.0,22.0,100.0,391.0,434.0,47.0,30.0,7.0,27.0,343.0,305.0,2.9,16.0,13.0,30.0,2844.0,827.0,64.0,287.0,606.0,72.0,100.0,0.982,New York Yankees,Yankee Stadium II,1614353.0,98.0,97.0,NYY,NYA,NYA
1981,NL,NYN,NYM,E,5,105,52.0,41,62,N,,N,N,348.0,3493.0,868.0,136.0,35.0,57.0,304.0,603.0,103.0,42.0,13.0,34.0,432.0,365.0,3.55,7.0,3.0,24.0,2779.0,906.0,74.0,336.0,490.0,130.0,89.0,0.968,New York Mets,Shea Stadium,704244.0,98.0,99.0,NYM,NYN,NYN
1981,AL,OAK,OAK,W,1,109,56.0,64,45,Y,,N,N,458.0,3677.0,910.0,119.0,26.0,104.0,342.0,647.0,98.0,47.0,16.0,32.0,403.0,364.0,3.3,60.0,11.0,10.0,2979.0,883.0,80.0,370.0,505.0,81.0,74.0,0.98,Oakland Athletics,Oakland Coliseum,1304052.0,95.0,95.0,OAK,OAK,OAK
1981,NL,PHI,PHI,E,3,107,55.0,59,48,Y,,N,N,491.0,3665.0,1002.0,165.0,25.0,69.0,372.0,432.0,103.0,46.0,23.0,37.0,472.0,432.0,4.05,19.0,5.0,23.0,2881.0,967.0,72.0,347.0,580.0,86.0,90.0,0.98,Philadelphia Phillies,Veterans Stadium,1638752.0,104.0,104.0,PHI,PHI,PHI
1981,NL,PIT,PIT,E,4,103,51.0,46,56,N,,N,N,407.0,3576.0,920.0,176.0,30.0,55.0,278.0,494.0,122.0,52.0,15.0,36.0,425.0,373.0,3.56,11.0,5.0,29.0,2826.0,953.0,60.0,346.0,492.0,86.0,106.0,0.979,Pittsburgh Pirates,Three Rivers Stadium,541789.0,104.0,104.0,PIT,PIT,PIT
1981,NL,SDN,SDP,W,6,110,55.0,41,69,N,,N,N,382.0,3757.0,963.0,170.0,35.0,32.0,311.0,525.0,83.0,62.0,14.0,30.0,455.0,414.0,3.72,9.0,6.0,23.0,3006.0,1013.0,64.0,414.0,492.0,102.0,117.0,0.977,San Diego Padres,Jack Murphy Stadium,519161.0,93.0,94.0,SDP,SDN,SDN
1981,AL,SEA,SEA,W,6,110,57.0,44,65,N,,N,N,426.0,3780.0,950.0,148.0,13.0,89.0,329.0,553.0,100.0,50.0,27.0,24.0,521.0,469.0,4.23,10.0,5.0,23.0,2992.0,1039.0,76.0,360.0,478.0,91.0,122.0,0.979,Seattle Mariners,Kingdome,636276.0,105.0,106.0,SEA,SEA,SEA
1981,NL,SFN,SFG,W,4,111,53.0,56,55,N,,N,N,427.0,3766.0,941.0,161.0,26.0,63.0,386.0,543.0,89.0,50.0,14.0,27.0,414.0,368.0,3.28,8.0,9.0,33.0,3028.0,970.0,57.0,393.0,561.0,102.0,102.0,0.977,San Francisco Giants,Candlestick Park,632274.0,98.0,98.0,SFG,SFN,SFN
1981,NL,SLN,STL,E,1,103,53.0,59,43,N,,N,N,464.0,3537.0,936.0,158.0,45.0,50.0,379.0,495.0,88.0,45.0,16.0,35.0,417.0,380.0,3.63,11.0,5.0,33.0,2829.0,902.0,52.0,290.0,388.0,82.0,108.0,0.981,St. Louis Cardinals,Busch Stadium II,1010247.0,103.0,102.0,STL,SLN,SLN
1981,AL,TEX,TEX,W,2,105,56.0,57,48,N,,N,N,452.0,3581.0,968.0,178.0,15.0,49.0,295.0,396.0,46.0,41.0,21.0,39.0,389.0,355.0,3.4,23.0,13.0,18.0,2821.0,851.0,67.0,322.0,488.0,69.0,102.0,0.984,Texas Rangers,Arlington Stadium,850076.0,94.0,94.0,TEX,TEX,TEX
1981,AL,TOR,TOR,E,7,106,53.0,37,69,N,,N,N,329.0,3521.0,797.0,137.0,23.0,61.0,284.0,556.0,66.0,57.0,20.0,18.0,466.0,404.0,3.81,20.0,4.0,18.0,2860.0,908.0,72.0,377.0,451.0,105.0,102.0,0.975,Toronto Blue Jays,Exhibition Stadium,755083.0,106.0,108.0,TOR,TOR,TOR
1982,NL,ATL,ATL,W,1,162,81.0,89,73,Y,,N,N,739.0,5507.0,1411.0,215.0,22.0,146.0,554.0,869.0,151.0,77.0,29.0,43.0,702.0,621.0,3.82,15.0,11.0,51.0,4389.0,1484.0,126.0,502.0,813.0,137.0,186.0,0.979,Atlanta Braves,Atlanta-Fulton County Stadium,1801985.0,104.0,104.0,ATL,ATL,ATL
1982,AL,BAL,BAL,E,2,163,82.0,94,68,N,,N,N,774.0,5557.0,1478.0,259.0,27.0,179.0,634.0,796.0,49.0,38.0,25.0,52.0,687.0,648.0,3.99,38.0,8.0,34.0,4387.0,1436.0,147.0,488.0,719.0,101.0,140.0,0.984,Baltimore Orioles,Memorial Stadium,1613031.0,100.0,99.0,BAL,BAL,BAL
1982,AL,BOS,BOS,E,3,162,81.0,89,73,N,,N,N,753.0,5596.0,1536.0,271.0,31.0,136.0,547.0,736.0,42.0,39.0,28.0,38.0,713.0,651.0,4.03,23.0,11.0,33.0,4359.0,1557.0,155.0,478.0,816.0,121.0,172.0,0.981,Boston Red Sox,Fenway Park II,1950124.0,107.0,106.0,BOS,BOS,BOS
1982,AL,CAL,ANA,W,1,162,81.0,93,69,Y,,N,N,814.0,5532.0,1518.0,268.0,26.0,186.0,613.0,760.0,55.0,53.0,35.0,56.0,670.0,621.0,3.82,40.0,10.0,27.0,4392.0,1436.0,124.0,482.0,728.0,108.0,171.0,0.983,California Angels,Anaheim Stadium,2807360.0,100.0,99.0,CAL,CAL,CAL
1982,AL,CHA,CHW,W,3,162,80.0,87,75,N,,N,N,786.0,5575.0,1523.0,266.0,52.0,136.0,533.0,866.0,136.0,58.0,30.0,50.0,710.0,618.0,3.87,30.0,10.0,41.0,4317.0,1502.0,99.0,460.0,753.0,154.0,173.0,0.976,Chicago White Sox,Comiskey Park,1567787.0,100.0,99.0,CHW,CHA,CHA
1982,NL,CHN,CHC,E,5,162,81.0,73,89,N,,N,N,676.0,5531.0,1436.0,239.0,46.0,102.0,460.0,869.0,132.0,70.0,25.0,49.0,709.0,630.0,3.92,9.0,7.0,43.0,4342.0,1510.0,125.0,452.0,764.0,132.0,110.0,0.979,Chicago Cubs,Wrigley Field,1249278.0,102.0,103.0,CHC,CHN,CHN
1982,NL,CIN,CIN,W,6,162,81.0,61,101,N,,N,N,545.0,5479.0,1375.0,228.0,34.0,82.0,470.0,817.0,131.0,69.0,21.0,41.0,661.0,594.0,3.66,22.0,7.0,31.0,4381.0,1414.0,105.0,570.0,998.0,128.0,158.0,0.98,Cincinnati Reds,Riverfront Stadium,1326528.0,102.0,102.0,CIN,CIN,CIN
1982,AL,CLE,CLE,E,6,162,81.0,78,84,N,,N,N,683.0,5559.0,1458.0,225.0,32.0,109.0,651.0,625.0,151.0,68.0,35.0,40.0,748.0,670.0,4.11,31.0,9.0,30.0,4405.0,1433.0,122.0,589.0,882.0,123.0,129.0,0.98,Cleveland Indians,Cleveland Stadium,1044021.0,101.0,101.0,CLE,CLE,CLE
1982,AL,DET,DET,E,4,162,81.0,83,79,N,,N,N,729.0,5590.0,1489.0,237.0,40.0,177.0,470.0,807.0,93.0,66.0,26.0,39.0,685.0,613.0,3.8,45.0,5.0,27.0,4353.0,1371.0,172.0,554.0,740.0,117.0,165.0,0.981,Detroit Tigers,Tiger Stadium,1636058.0,100.0,99.0,DET,DET,DET
1982,NL,HOU,HOU,W,5,162,81.0,77,85,N,,N,N,569.0,5440.0,1342.0,236.0,48.0,74.0,435.0,830.0,140.0,61.0,19.0,46.0,620.0,549.0,3.42,37.0,16.0,31.0,4340.0,1338.0,87.0,479.0,899.0,136.0,154.0,0.978,Houston Astros,Astrodome,1558555.0,92.0,92.0,HOU,HOU,HOU
1982,AL,KCA,KCR,W,2,162,81.0,90,72,N,,N,N,784.0,5629.0,1603.0,295.0,58.0,132.0,442.0,758.0,133.0,48.0,25.0,49.0,717.0,649.0,4.08,16.0,12.0,45.0,4293.0,1443.0,163.0,471.0,650.0,127.0,140.0,0.979,Kansas City Royals,Royals Stadium,2284464.0,100.0,100.0,KCR,KCA,KCA
1982,NL,LAN,LAD,W,2,162,81.0,88,74,N,,N,N,691.0,5642.0,1487.0,222.0,32.0,138.0,528.0,804.0,151.0,56.0,30.0,55.0,612.0,539.0,3.26,37.0,16.0,28.0,4465.0,1356.0,81.0,468.0,932.0,139.0,131.0,0.979,Los Angeles Dodgers,Dodger Stadium,3608881.0,98.0,97.0,LAD,LAN,LAN
1982,AL,MIN,MIN,W,7,162,81.0,60,102,N,,N,N,657.0,5544.0,1427.0,234.0,44.0,148.0,474.0,887.0,38.0,33.0,24.0,51.0,819.0,752.0,4.72,26.0,7.0,30.0,4299.0,1484.0,208.0,643.0,812.0,108.0,162.0,0.982,Minnesota Twins,Hubert H Humphrey Metrodome,921186.0,103.0,104.0,MIN,MIN,MIN
1982,AL,ML4,MIL,E,1,163,82.0,95,67,Y,,Y,N,891.0,5733.0,1599.0,277.0,41.0,216.0,484.0,714.0,84.0,52.0,18.0,46.0,717.0,649.0,3.98,34.0,6.0,47.0,4402.0,1514.0,152.0,511.0,717.0,125.0,185.0,0.98,Milwaukee Brewers,County Stadium,1978896.0,94.0,93.0,MIL,MIL,MIL
1982,NL,MON,WSN,E,3,162,81.0,86,76,N,,N,N,697.0,5557.0,1454.0,270.0,38.0,133.0,503.0,816.0,156.0,56.0,35.0,41.0,616.0,538.0,3.31,34.0,10.0,43.0,4382.0,1371.0,110.0,448.0,936.0,122.0,117.0,0.98,Montreal Expos,Stade Olympique,2318292.0,102.0,101.0,MON,MON,MON
1982,AL,NYA,NYY,E,5,162,81.0,79,83,N,,N,N,709.0,5526.0,1417.0,225.0,37.0,161.0,590.0,719.0,69.0,45.0,24.0,49.0,716.0,647.0,3.99,24.0,8.0,39.0,4377.0,1471.0,113.0,491.0,939.0,128.0,158.0,0.979,New York Yankees,Yankee Stadium II,2041219.0,98.0,97.0,NYY,NYA,NYA
1982,NL,NYN,NYM,E,6,162,81.0,65,97,N,,N,N,609.0,5510.0,1361.0,227.0,26.0,97.0,456.0,1005.0,137.0,58.0,25.0,53.0,723.0,624.0,3.88,15.0,5.0,37.0,4342.0,1508.0,119.0,582.0,759.0,175.0,134.0,0.972,New York Mets,Shea Stadium,1323036.0,99.0,101.0,NYM,NYN,NYN
1982,AL,OAK,OAK,W,5,162,81.0,68,94,N,,N,N,691.0,5448.0,1286.0,211.0,27.0,149.0,582.0,948.0,232.0,87.0,20.0,54.0,819.0,735.0,4.54,42.0,6.0,22.0,4368.0,1506.0,177.0,648.0,697.0,160.0,140.0,0.974,Oakland Athletics,Oakland Coliseum,1735489.0,94.0,95.0,OAK,OAK,OAK
1982,NL,PHI,PHI,E,2,162,81.0,89,73,N,,N,N,664.0,5454.0,1417.0,245.0,25.0,112.0,506.0,831.0,128.0,76.0,24.0,38.0,654.0,584.0,3.61,38.0,13.0,33.0,4369.0,1395.0,86.0,472.0,1002.0,121.0,138.0,0.981,Philadelphia Phillies,Veterans Stadium,2376394.0,103.0,102.0,PHI,PHI,PHI
1982,NL,PIT,PIT,E,4,162,81.0,84,78,N,,N,N,724.0,5614.0,1535.0,272.0,40.0,134.0,447.0,862.0,161.0,75.0,28.0,67.0,696.0,621.0,3.81,19.0,7.0,39.0,4400.0,1434.0,118.0,521.0,933.0,145.0,133.0,0.977,Pittsburgh Pirates,Three Rivers Stadium,1024106.0,104.0,104.0,PIT,PIT,PIT
1982,NL,SDN,SDP,W,4,162,81.0,81,81,N,,N,N,675.0,5575.0,1435.0,217.0,52.0,81.0,429.0,877.0,165.0,77.0,22.0,47.0,658.0,578.0,3.52,20.0,11.0,41.0,4428.0,1348.0,139.0,502.0,765.0,152.0,142.0,0.976,San Diego Padres,Jack Murphy Stadium,1607516.0,96.0,96.0,SDP,SDN,SDN
1982,AL,SEA,SEA,W,4,162,81.0,76,86,N,,N,N,651.0,5626.0,1431.0,259.0,33.0,130.0,456.0,806.0,131.0,82.0,22.0,35.0,712.0,636.0,3.88,23.0,11.0,39.0,4429.0,1431.0,173.0,547.0,1002.0,139.0,158.0,0.978,Seattle Mariners,Kingdome,1070404.0,103.0,105.0,SEA,SEA,SEA
1982,NL,SFN,SFG,W,3,162,81.0,87,75,N,,N,N,673.0,5499.0,1393.0,213.0,30.0,133.0,607.0,915.0,130.0,56.0,17.0,45.0,687.0,592.0,3.64,18.0,4.0,45.0,4396.0,1507.0,109.0,466.0,810.0,173.0,125.0,0.973,San Francisco Giants,Candlestick Park,1200948.0,99.0,99.0,SFG,SFN,SFN
1982,NL,SLN,STL,E,1,162,81.0,92,70,Y,,Y,Y,685.0,5455.0,1439.0,239.0,52.0,67.0,569.0,805.0,200.0,91.0,30.0,55.0,609.0,549.0,3.37,25.0,10.0,47.0,4396.0,1420.0,94.0,502.0,689.0,124.0,169.0,0.981,St. Louis Cardinals,Busch Stadium II,2111906.0,101.0,101.0,STL,SLN,SLN
1982,AL,TEX,TEX,W,6,162,81.0,64,98,N,,N,N,590.0,5445.0,1354.0,204.0,26.0,115.0,447.0,750.0,63.0,45.0,32.0,32.0,749.0,681.0,4.28,32.0,5.0,24.0,4293.0,1554.0,128.0,483.0,690.0,121.0,169.0,0.981,Texas Rangers,Arlington Stadium,1154432.0,95.0,95.0,TEX,TEX,TEX
1982,AL,TOR,TOR,E,6,162,81.0,78,84,N,,N,N,651.0,5526.0,1447.0,262.0,45.0,106.0,415.0,749.0,118.0,81.0,28.0,50.0,701.0,633.0,3.95,41.0,13.0,25.0,4331.0,1428.0,147.0,493.0,776.0,136.0,146.0,0.978,Toronto Blue Jays,Exhibition Stadium,1275978.0,110.0,110.0,TOR,TOR,TOR
1983,NL,ATL,ATL,W,2,162,80.0,88,74,N,,N,N,746.0,5472.0,1489.0,218.0,45.0,130.0,582.0,847.0,146.0,88.0,17.0,46.0,640.0,588.0,3.67,18.0,4.0,48.0,4322.0,1412.0,132.0,540.0,895.0,137.0,176.0,0.978,Atlanta Braves,Atlanta-Fulton County Stadium,2119935.0,108.0,107.0,ATL,ATL,ATL
1983,AL,BAL,BAL,E,1,162,81.0,98,64,Y,,Y,Y,799.0,5546.0,1492.0,283.0,27.0,168.0,601.0,800.0,61.0,33.0,23.0,56.0,652.0,585.0,3.63,36.0,15.0,38.0,4357.0,1451.0,130.0,452.0,774.0,121.0,159.0,0.981,Baltimore Orioles,Memorial Stadium,2042071.0,98.0,98.0,BAL,BAL,BAL
1983,AL,BOS,BOS,E,6,162,81.0,78,84,N,,N,N,724.0,5590.0,1512.0,287.0,32.0,142.0,536.0,758.0,30.0,26.0,28.0,48.0,775.0,697.0,4.34,29.0,7.0,42.0,4339.0,1572.0,158.0,493.0,767.0,130.0,168.0,0.979,Boston Red Sox,Fenway Park II,1782285.0,107.0,107.0,BOS,BOS,BOS
1983,AL,CAL,ANA,W,5,162,81.0,70,92,N,,N,N,722.0,5640.0,1467.0,241.0,22.0,154.0,509.0,835.0,41.0,39.0,31.0,46.0,779.0,706.0,4.31,39.0,7.0,23.0,4422.0,1636.0,130.0,496.0,668.0,154.0,190.0,0.977,California Angels,Anaheim Stadium,2555016.0,99.0,99.0,CAL,CAL,CAL
1983,AL,CHA,CHW,W,1,162,81.0,99,63,Y,,N,N,800.0,5484.0,1439.0,270.0,42.0,157.0,527.0,888.0,165.0,50.0,43.0,56.0,650.0,589.0,3.67,35.0,12.0,48.0,4336.0,1355.0,128.0,447.0,877.0,120.0,158.0,0.981,Chicago White Sox,Comiskey Park,2132821.0,104.0,103.0,CHW,CHA,CHA
1983,NL,CHN,CHC,E,5,162,81.0,71,91,N,,N,N,701.0,5512.0,1436.0,272.0,42.0,140.0,470.0,868.0,84.0,40.0,29.0,50.0,719.0,647.0,4.08,9.0,10.0,42.0,4286.0,1496.0,117.0,498.0,807.0,115.0,164.0,0.982,Chicago Cubs,Wrigley Field,1479717.0,104.0,104.0,CHC,CHN,CHN
1983,NL,CIN,CIN,W,6,162,81.0,74,88,N,,N,N,623.0,5333.0,1274.0,236.0,35.0,107.0,588.0,1006.0,154.0,77.0,19.0,45.0,710.0,638.0,3.98,34.0,5.0,29.0,4324.0,1365.0,135.0,627.0,934.0,114.0,121.0,0.981,Cincinnati Reds,Riverfront Stadium,1190419.0,103.0,104.0,CIN,CIN,CIN
1983,AL,CLE,CLE,E,7,162,81.0,70,92,N,,N,N,704.0,5476.0,1451.0,249.0,31.0,86.0,605.0,691.0,109.0,71.0,29.0,64.0,785.0,710.0,4.43,34.0,8.0,25.0,4325.0,1531.0,120.0,529.0,794.0,122.0,174.0,0.98,Cleveland Indians,Cleveland Stadium,768941.0,104.0,105.0,CLE,CLE,CLE
1983,AL,DET,DET,E,2,162,81.0,92,70,N,,N,N,789.0,5592.0,1530.0,283.0,53.0,156.0,508.0,831.0,93.0,53.0,39.0,59.0,679.0,613.0,3.8,42.0,9.0,28.0,4353.0,1318.0,170.0,522.0,875.0,125.0,142.0,0.98,Detroit Tigers,Tiger Stadium,1829636.0,97.0,96.0,DET,DET,DET
1983,NL,HOU,HOU,W,3,162,82.0,85,77,N,,N,N,643.0,5502.0,1412.0,239.0,60.0,97.0,517.0,869.0,164.0,95.0,19.0,54.0,646.0,562.0,3.45,22.0,14.0,48.0,4399.0,1276.0,94.0,570.0,904.0,147.0,165.0,0.977,Houston Astros,Astrodome,1351962.0,93.0,93.0,HOU,HOU,HOU
1983,AL,KCA,KCR,W,2,163,82.0,79,83,N,,N,N,696.0,5598.0,1515.0,273.0,54.0,109.0,397.0,722.0,182.0,47.0,23.0,33.0,767.0,679.0,4.25,19.0,8.0,49.0,4313.0,1535.0,133.0,471.0,593.0,165.0,178.0,0.974,Kansas City Royals,Royals Stadium,1963875.0,100.0,100.0,KCR,KCA,KCA
1983,NL,LAN,LAD,W,1,163,80.0,91,71,Y,,N,N,654.0,5440.0,1358.0,197.0,34.0,146.0,541.0,925.0,166.0,76.0,22.0,40.0,609.0,505.0,3.1,27.0,12.0,40.0,4392.0,1336.0,97.0,495.0,1000.0,168.0,132.0,0.974,Los Angeles Dodgers,Dodger Stadium,3510313.0,99.0,99.0,LAD,LAN,LAN
1983,AL,MIN,MIN,W,5,162,81.0,70,92,N,,N,N,709.0,5601.0,1463.0,280.0,41.0,141.0,467.0,802.0,44.0,29.0,29.0,45.0,822.0,745.0,4.66,20.0,5.0,39.0,4312.0,1559.0,163.0,580.0,748.0,121.0,170.0,0.98,Minnesota Twins,Hubert H Humphrey Metrodome,858939.0,104.0,105.0,MIN,MIN,MIN
1983,AL,ML4,MIL,E,5,162,81.0,87,75,N,,N,N,764.0,5620.0,1556.0,281.0,57.0,132.0,475.0,665.0,101.0,49.0,27.0,57.0,708.0,650.0,4.02,35.0,10.0,43.0,4362.0,1513.0,133.0,491.0,689.0,113.0,162.0,0.982,Milwaukee Brewers,County Stadium,2397131.0,93.0,92.0,MIL,MIL,MIL
1983,NL,MON,WSN,E,3,163,81.0,82,80,N,,N,N,677.0,5611.0,1482.0,297.0,41.0,102.0,509.0,733.0,138.0,44.0,38.0,57.0,646.0,585.0,3.58,38.0,15.0,34.0,4413.0,1406.0,120.0,479.0,899.0,116.0,130.0,0.981,Montreal Expos,Stade Olympique,2320651.0,99.0,99.0,MON,MON,MON
1983,AL,NYA,NYY,E,3,162,81.0,91,71,N,,N,N,770.0,5631.0,1535.0,269.0,40.0,153.0,533.0,686.0,84.0,42.0,37.0,41.0,703.0,624.0,3.86,47.0,12.0,32.0,4370.0,1449.0,116.0,455.0,892.0,139.0,157.0,0.978,New York Yankees,Yankee Stadium II,2257976.0,96.0,95.0,NYY,NYA,NYA
1983,NL,NYN,NYM,E,6,162,82.0,68,94,N,,N,N,575.0,5444.0,1314.0,172.0,26.0,112.0,436.0,1031.0,141.0,64.0,31.0,32.0,680.0,593.0,3.68,18.0,7.0,33.0,4353.0,1384.0,97.0,615.0,717.0,151.0,171.0,0.976,New York Mets,Shea Stadium,1112774.0,99.0,100.0,NYM,NYN,NYN
1983,AL,OAK,OAK,W,4,162,81.0,74,88,N,,N,N,708.0,5516.0,1447.0,237.0,28.0,121.0,524.0,872.0,235.0,98.0,31.0,62.0,782.0,702.0,4.34,22.0,12.0,33.0,4363.0,1462.0,135.0,626.0,719.0,157.0,157.0,0.974,Oakland Athletics,Oakland Coliseum,1294941.0,93.0,94.0,OAK,OAK,OAK
1983,NL,PHI,PHI,E,1,163,82.0,90,72,Y,,Y,N,696.0,5426.0,1352.0,209.0,45.0,125.0,640.0,906.0,143.0,75.0,26.0,46.0,635.0,542.0,3.34,20.0,10.0,41.0,4385.0,1429.0,111.0,464.0,1092.0,152.0,117.0,0.976,Philadelphia Phillies,Veterans Stadium,2128339.0,99.0,99.0,PHI,PHI,PHI
1983,NL,PIT,PIT,E,2,162,81.0,84,78,N,,N,N,659.0,5531.0,1460.0,238.0,29.0,121.0,497.0,873.0,124.0,77.0,19.0,38.0,648.0,577.0,3.55,25.0,14.0,41.0,4387.0,1378.0,109.0,563.0,1061.0,115.0,165.0,0.982,Pittsburgh Pirates,Three Rivers Stadium,1225916.0,103.0,102.0,PIT,PIT,PIT
1983,NL,SDN,SDP,W,4,163,82.0,81,81,N,,N,N,653.0,5527.0,1384.0,207.0,34.0,93.0,482.0,822.0,179.0,67.0,20.0,45.0,653.0,590.0,3.62,23.0,5.0,44.0,4403.0,1389.0,144.0,528.0,850.0,129.0,135.0,0.979,San Diego Padres,Jack Murphy Stadium,1539815.0,97.0,97.0,SDP,SDN,SDN
1983,AL,SEA,SEA,W,7,162,81.0,60,102,N,,N,N,558.0,5336.0,1280.0,247.0,31.0,111.0,460.0,840.0,144.0,80.0,24.0,45.0,740.0,649.0,4.12,25.0,9.0,39.0,4255.0,1455.0,145.0,544.0,910.0,136.0,159.0,0.978,Seattle Mariners,Kingdome,813537.0,104.0,105.0,SEA,SEA,SEA
1983,NL,SFN,SFG,W,5,162,81.0,79,83,N,,N,N,687.0,5369.0,1324.0,206.0,30.0,142.0,619.0,990.0,140.0,78.0,28.0,46.0,697.0,594.0,3.7,20.0,9.0,47.0,4337.0,1431.0,127.0,520.0,881.0,171.0,109.0,0.973,San Francisco Giants,Candlestick Park,1251530.0,97.0,98.0,SFG,SFN,SFN
1983,NL,SLN,STL,E,4,162,81.0,79,83,N,,N,N,679.0,5550.0,1496.0,262.0,63.0,83.0,543.0,879.0,207.0,89.0,24.0,49.0,710.0,615.0,3.79,22.0,10.0,27.0,4382.0,1479.0,115.0,525.0,709.0,152.0,173.0,0.976,St. Louis Cardinals,Busch Stadium II,2317914.0,101.0,100.0,STL,SLN,SLN
1983,AL,TEX,TEX,W,3,163,81.0,77,85,N,,N,N,639.0,5610.0,1429.0,242.0,33.0,106.0,442.0,767.0,119.0,60.0,29.0,42.0,609.0,540.0,3.31,43.0,11.0,32.0,4400.0,1392.0,97.0,471.0,826.0,113.0,151.0,0.982,Texas Rangers,Arlington Stadium,1363469.0,97.0,98.0,TEX,TEX,TEX
1983,AL,TOR,TOR,E,4,162,81.0,89,73,N,,N,N,795.0,5581.0,1546.0,268.0,58.0,167.0,510.0,810.0,131.0,72.0,32.0,54.0,726.0,662.0,4.12,43.0,8.0,32.0,4336.0,1434.0,145.0,517.0,835.0,115.0,148.0,0.981,Toronto Blue Jays,Exhibition Stadium,1930415.0,106.0,106.0,TOR,TOR,TOR
1984,NL,ATL,ATL,W,2,162,81.0,80,82,N,,N,N,632.0,5422.0,1338.0,234.0,27.0,111.0,555.0,896.0,140.0,85.0,20.0,45.0,655.0,574.0,3.57,17.0,7.0,49.0,4341.0,1401.0,122.0,525.0,859.0,139.0,153.0,0.978,Atlanta Braves,Atlanta-Fulton County Stadium,1724892.0,107.0,107.0,ATL,ATL,ATL
1984,AL,BAL,BAL,E,5,162,81.0,85,77,N,,N,N,681.0,5456.0,1374.0,234.0,23.0,160.0,620.0,884.0,51.0,36.0,22.0,43.0,667.0,594.0,3.71,48.0,13.0,32.0,4318.0,1393.0,137.0,512.0,714.0,123.0,166.0,0.981,Baltimore Orioles,Memorial Stadium,2045784.0,98.0,97.0,BAL,BAL,BAL
1984,AL,BOS,BOS,E,4,162,81.0,86,76,N,,N,N,810.0,5648.0,1598.0,259.0,45.0,181.0,500.0,842.0,38.0,25.0,20.0,46.0,764.0,669.0,4.18,40.0,12.0,32.0,4326.0,1524.0,141.0,517.0,927.0,143.0,128.0,0.977,Boston Red Sox,Fenway Park II,1661618.0,105.0,105.0,BOS,BOS,BOS
1984,AL,CAL,ANA,W,2,162,81.0,81,81,N,,N,N,696.0,5470.0,1363.0,211.0,30.0,150.0,556.0,928.0,80.0,51.0,29.0,46.0,697.0,641.0,3.96,36.0,12.0,26.0,4374.0,1526.0,143.0,474.0,754.0,128.0,170.0,0.98,California Angels,Anaheim Stadium,2402997.0,100.0,100.0,CAL,CAL,CAL
1984,AL,CHA,CHW,W,5,162,81.0,74,88,N,,N,N,679.0,5513.0,1360.0,225.0,38.0,172.0,523.0,883.0,109.0,49.0,39.0,44.0,736.0,668.0,4.13,43.0,9.0,32.0,4363.0,1416.0,155.0,483.0,840.0,122.0,160.0,0.981,Chicago White Sox,Comiskey Park,2136988.0,105.0,104.0,CHW,CHA,CHA
1984,NL,CHN,CHC,E,1,161,80.0,96,65,Y,,N,N,762.0,5437.0,1415.0,240.0,47.0,136.0,567.0,967.0,154.0,66.0,29.0,51.0,658.0,598.0,3.75,19.0,8.0,50.0,4302.0,1458.0,99.0,442.0,879.0,121.0,137.0,0.981,Chicago Cubs,Wrigley Field,2107655.0,108.0,108.0,CHC,CHN,CHN
1984,NL,CIN,CIN,W,5,162,81.0,70,92,N,,N,N,627.0,5498.0,1342.0,238.0,30.0,106.0,566.0,978.0,160.0,63.0,12.0,53.0,747.0,675.0,4.16,25.0,6.0,25.0,4384.0,1445.0,128.0,578.0,946.0,139.0,116.0,0.977,Cincinnati Reds,Riverfront Stadium,1275887.0,104.0,105.0,CIN,CIN,CIN
1984,AL,CLE,CLE,E,6,163,81.0,75,87,N,,N,N,761.0,5643.0,1498.0,222.0,39.0,123.0,600.0,815.0,126.0,77.0,27.0,67.0,766.0,694.0,4.26,21.0,7.0,35.0,4403.0,1523.0,141.0,545.0,803.0,146.0,163.0,0.977,Cleveland Indians,Cleveland Stadium,734079.0,102.0,103.0,CLE,CLE,CLE
1984,AL,DET,DET,E,1,162,82.0,104,58,Y,,Y,Y,829.0,5644.0,1529.0,254.0,46.0,187.0,602.0,941.0,106.0,68.0,34.0,45.0,643.0,568.0,3.49,19.0,8.0,51.0,4392.0,1358.0,130.0,489.0,914.0,127.0,162.0,0.979,Detroit Tigers,Tiger Stadium,2704794.0,100.0,98.0,DET,DET,DET
1984,NL,HOU,HOU,W,2,162,81.0,80,82,N,,N,N,693.0,5548.0,1465.0,222.0,67.0,79.0,494.0,837.0,105.0,61.0,17.0,55.0,630.0,534.0,3.32,24.0,13.0,29.0,4348.0,1350.0,91.0,502.0,950.0,133.0,160.0,0.979,Houston Astros,Astrodome,1229862.0,92.0,92.0,HOU,HOU,HOU
1984,AL,KCA,KCR,W,1,162,81.0,84,78,Y,,N,N,673.0,5543.0,1487.0,269.0,52.0,117.0,400.0,832.0,106.0,64.0,24.0,55.0,686.0,629.0,3.92,18.0,9.0,50.0,4332.0,1426.0,136.0,433.0,724.0,131.0,157.0,0.979,Kansas City Royals,Royals Stadium,1810018.0,100.0,101.0,KCR,KCA,KCA
1984,NL,LAN,LAD,W,4,162,81.0,79,83,N,,N,N,580.0,5399.0,1316.0,213.0,23.0,102.0,488.0,829.0,109.0,69.0,14.0,48.0,600.0,514.0,3.17,39.0,16.0,27.0,4382.0,1381.0,76.0,499.0,1033.0,163.0,146.0,0.975,Los Angeles Dodgers,Dodger Stadium,3134824.0,98.0,98.0,LAD,LAN,LAN
1984,AL,MIN,MIN,W,2,162,81.0,81,81,N,,N,N,673.0,5562.0,1473.0,259.0,33.0,114.0,437.0,735.0,39.0,30.0,24.0,58.0,675.0,615.0,3.85,32.0,9.0,38.0,4313.0,1429.0,159.0,463.0,713.0,120.0,134.0,0.98,Minnesota Twins,Hubert H Humphrey Metrodome,1598692.0,104.0,105.0,MIN,MIN,MIN
1984,AL,ML4,MIL,E,7,161,81.0,67,94,N,,N,N,641.0,5511.0,1446.0,232.0,36.0,96.0,432.0,673.0,52.0,57.0,26.0,46.0,734.0,646.0,4.06,13.0,7.0,41.0,4299.0,1532.0,137.0,480.0,785.0,136.0,156.0,0.978,Milwaukee Brewers,County Stadium,1608509.0,96.0,97.0,MIL,MIL,MIL
1984,NL,MON,WSN,E,5,161,81.0,78,83,N,,N,N,593.0,5439.0,1367.0,242.0,36.0,96.0,470.0,782.0,131.0,38.0,25.0,34.0,585.0,526.0,3.31,19.0,10.0,48.0,4293.0,1333.0,114.0,474.0,861.0,132.0,147.0,0.978,Montreal Expos,Stade Olympique,1606531.0,96.0,96.0,MON,MON,MON
1984,AL,NYA,NYY,E,3,162,81.0,87,75,N,,N,N,758.0,5661.0,1560.0,275.0,32.0,130.0,534.0,673.0,62.0,38.0,38.0,59.0,679.0,615.0,3.78,15.0,12.0,43.0,4396.0,1485.0,120.0,518.0,992.0,142.0,177.0,0.977,New York Yankees,Yankee Stadium II,1821815.0,96.0,95.0,NYY,NYA,NYA
1984,NL,NYN,NYM,E,2,162,81.0,90,72,N,,N,N,652.0,5438.0,1400.0,235.0,25.0,107.0,500.0,1001.0,149.0,54.0,20.0,49.0,676.0,577.0,3.6,12.0,15.0,50.0,4328.0,1371.0,104.0,573.0,1028.0,129.0,154.0,0.979,New York Mets,Shea Stadium,1842695.0,99.0,99.0,NYM,NYN,NYN
1984,AL,OAK,OAK,W,4,162,81.0,77,85,N,,N,N,738.0,5457.0,1415.0,257.0,29.0,158.0,568.0,871.0,145.0,64.0,22.0,77.0,796.0,712.0,4.48,15.0,6.0,44.0,4290.0,1554.0,155.0,592.0,695.0,146.0,159.0,0.975,Oakland Athletics,Oakland Coliseum,1353281.0,93.0,93.0,OAK,OAK,OAK
1984,NL,PHI,PHI,E,4,162,81.0,81,81,N,,N,N,720.0,5614.0,1494.0,248.0,51.0,147.0,555.0,1084.0,186.0,60.0,29.0,46.0,690.0,586.0,3.62,11.0,6.0,35.0,4375.0,1416.0,101.0,448.0,904.0,161.0,112.0,0.975,Philadelphia Phillies,Veterans Stadium,2062693.0,102.0,101.0,PHI,PHI,PHI
1984,NL,PIT,PIT,E,6,162,81.0,75,87,N,,N,N,615.0,5537.0,1412.0,237.0,33.0,98.0,438.0,841.0,96.0,62.0,19.0,44.0,567.0,508.0,3.11,27.0,13.0,34.0,4410.0,1344.0,102.0,502.0,995.0,128.0,142.0,0.98,Pittsburgh Pirates,Three Rivers Stadium,773500.0,101.0,101.0,PIT,PIT,PIT
1984,NL,SDN,SDP,W,1,162,81.0,92,70,Y,,Y,N,686.0,5504.0,1425.0,207.0,42.0,109.0,472.0,810.0,152.0,68.0,24.0,55.0,634.0,565.0,3.48,13.0,17.0,44.0,4381.0,1327.0,122.0,563.0,812.0,138.0,144.0,0.978,San Diego Padres,Jack Murphy Stadium,1983904.0,100.0,100.0,SDP,SDN,SDN
1984,AL,SEA,SEA,W,5,162,81.0,74,88,N,,N,N,682.0,5546.0,1429.0,244.0,34.0,129.0,519.0,871.0,116.0,62.0,42.0,38.0,774.0,690.0,4.31,26.0,4.0,35.0,4326.0,1497.0,138.0,619.0,972.0,128.0,143.0,0.979,Seattle Mariners,Kingdome,870372.0,98.0,100.0,SEA,SEA,SEA
1984,NL,SFN,SFG,W,6,162,81.0,66,96,N,,N,N,682.0,5650.0,1499.0,229.0,26.0,112.0,528.0,980.0,126.0,76.0,17.0,44.0,807.0,713.0,4.39,9.0,7.0,38.0,4383.0,1589.0,125.0,549.0,854.0,173.0,134.0,0.973,San Francisco Giants,Candlestick Park,1001545.0,97.0,98.0,SFG,SFN,SFN
1984,NL,SLN,STL,E,3,162,81.0,84,78,N,,N,N,652.0,5433.0,1369.0,225.0,44.0,75.0,516.0,924.0,220.0,71.0,23.0,46.0,645.0,577.0,3.58,19.0,12.0,51.0,4347.0,1427.0,94.0,494.0,808.0,118.0,184.0,0.982,St. Louis Cardinals,Busch Stadium II,2037448.0,98.0,98.0,STL,SLN,SLN
1984,AL,TEX,TEX,W,7,161,80.0,69,92,N,,N,N,656.0,5569.0,1452.0,227.0,29.0,120.0,420.0,807.0,81.0,50.0,20.0,43.0,714.0,625.0,3.91,38.0,6.0,21.0,4316.0,1443.0,148.0,518.0,863.0,138.0,138.0,0.977,Texas Rangers,Arlington Stadium,1102471.0,103.0,104.0,TEX,TEX,TEX
1984,AL,TOR,TOR,E,2,163,81.0,89,73,N,,N,N,750.0,5687.0,1555.0,275.0,68.0,143.0,460.0,816.0,193.0,67.0,52.0,49.0,696.0,628.0,3.86,34.0,10.0,33.0,4392.0,1433.0,140.0,528.0,875.0,123.0,166.0,0.98,Toronto Blue Jays,Exhibition Stadium,2110009.0,104.0,103.0,TOR,TOR,TOR
1985,NL,ATL,ATL,W,5,162,81.0,66,96,N,,N,N,632.0,5526.0,1359.0,213.0,28.0,126.0,553.0,849.0,72.0,52.0,22.0,41.0,781.0,679.0,4.19,9.0,9.0,29.0,4372.0,1512.0,134.0,642.0,776.0,159.0,197.0,0.976,Atlanta Braves,Atlanta-Fulton County Stadium,1350137.0,105.0,106.0,ATL,ATL,ATL
1985,AL,BAL,BAL,E,4,161,81.0,83,78,N,,N,N,818.0,5517.0,1451.0,234.0,22.0,214.0,604.0,908.0,69.0,43.0,19.0,40.0,764.0,694.0,4.38,32.0,6.0,33.0,4282.0,1480.0,160.0,568.0,793.0,129.0,168.0,0.979,Baltimore Orioles,Memorial Stadium,2132387.0,97.0,97.0,BAL,BAL,BAL
1985,AL,BOS,BOS,E,5,163,81.0,81,81,N,,N,N,800.0,5720.0,1615.0,292.0,31.0,162.0,562.0,816.0,66.0,27.0,30.0,57.0,720.0,659.0,4.06,35.0,8.0,29.0,4384.0,1487.0,130.0,540.0,913.0,145.0,161.0,0.977,Boston Red Sox,Fenway Park II,1786633.0,104.0,104.0,BOS,BOS,BOS
1985,AL,CAL,ANA,W,2,162,79.0,90,72,N,,N,N,732.0,5442.0,1364.0,215.0,31.0,153.0,648.0,902.0,106.0,51.0,39.0,35.0,703.0,633.0,3.91,22.0,8.0,41.0,4372.0,1453.0,171.0,514.0,767.0,112.0,202.0,0.982,California Angels,Anaheim Stadium,2567427.0,100.0,100.0,CAL,CAL,CAL
1985,AL,CHA,CHW,W,3,163,81.0,85,77,N,,N,N,736.0,5470.0,1386.0,247.0,37.0,146.0,471.0,843.0,108.0,56.0,43.0,45.0,720.0,656.0,4.07,20.0,8.0,39.0,4355.0,1411.0,161.0,569.0,1023.0,111.0,152.0,0.982,Chicago White Sox,Comiskey Park,1669888.0,104.0,104.0,CHW,CHA,CHA
1985,NL,CHN,CHC,E,4,162,81.0,77,84,N,,N,N,686.0,5492.0,1397.0,239.0,28.0,150.0,562.0,937.0,182.0,49.0,18.0,39.0,729.0,666.0,4.16,20.0,8.0,42.0,4327.0,1492.0,156.0,519.0,820.0,134.0,150.0,0.979,Chicago Cubs,Wrigley Field,2161534.0,110.0,110.0,CHC,CHN,CHN
1985,NL,CIN,CIN,W,2,162,81.0,89,72,N,,N,N,677.0,5431.0,1385.0,249.0,34.0,114.0,576.0,856.0,159.0,70.0,23.0,41.0,666.0,598.0,3.71,24.0,11.0,45.0,4354.0,1347.0,131.0,535.0,910.0,122.0,142.0,0.98,Cincinnati Reds,Riverfront Stadium,1834619.0,104.0,105.0,CIN,CIN,CIN
1985,AL,CLE,CLE,E,7,162,81.0,60,102,N,,N,N,729.0,5527.0,1465.0,254.0,31.0,116.0,492.0,817.0,132.0,72.0,15.0,48.0,861.0,776.0,4.91,24.0,7.0,28.0,4263.0,1556.0,170.0,547.0,702.0,141.0,161.0,0.977,Cleveland Indians,Cleveland Stadium,655181.0,99.0,100.0,CLE,CLE,CLE
1985,AL,DET,DET,E,3,161,81.0,84,77,N,,N,N,729.0,5575.0,1413.0,254.0,45.0,202.0,526.0,926.0,75.0,41.0,27.0,53.0,688.0,612.0,3.78,31.0,11.0,40.0,4368.0,1313.0,141.0,556.0,943.0,143.0,152.0,0.977,Detroit Tigers,Tiger Stadium,2286609.0,100.0,98.0,DET,DET,DET
1985,NL,HOU,HOU,W,3,162,81.0,83,79,N,,N,N,706.0,5582.0,1457.0,261.0,42.0,121.0,477.0,873.0,96.0,56.0,23.0,44.0,691.0,593.0,3.66,17.0,9.0,42.0,4374.0,1393.0,119.0,543.0,909.0,152.0,159.0,0.976,Houston Astros,Astrodome,1184314.0,97.0,96.0,HOU,HOU,HOU
1985,AL,KCA,KCR,W,1,162,82.0,91,71,Y,,Y,Y,687.0,5500.0,1384.0,261.0,49.0,154.0,473.0,840.0,128.0,48.0,36.0,41.0,639.0,566.0,3.49,27.0,11.0,41.0,4383.0,1433.0,103.0,463.0,846.0,127.0,160.0,0.98,Kansas City Royals,Royals Stadium,2162717.0,100.0,100.0,KCR,KCA,KCA
1985,NL,LAN,LAD,W,1,162,81.0,95,67,Y,,N,N,682.0,5502.0,1434.0,226.0,28.0,129.0,539.0,846.0,136.0,58.0,31.0,46.0,579.0,482.0,2.96,37.0,21.0,36.0,4395.0,1280.0,102.0,462.0,979.0,166.0,131.0,0.974,Los Angeles Dodgers,Dodger Stadium,3264593.0,97.0,96.0,LAD,LAN,LAN
1985,AL,MIN,MIN,W,4,162,84.0,77,85,N,,N,N,705.0,5509.0,1453.0,282.0,41.0,141.0,502.0,779.0,68.0,44.0,31.0,47.0,782.0,710.0,4.48,41.0,7.0,34.0,4279.0,1468.0,164.0,462.0,767.0,120.0,139.0,0.98,Minnesota Twins,Hubert H Humphrey Metrodome,1651814.0,105.0,105.0,MIN,MIN,MIN
1985,AL,ML4,MIL,E,6,161,80.0,71,90,N,,N,N,690.0,5568.0,1467.0,250.0,44.0,101.0,462.0,746.0,69.0,34.0,19.0,55.0,802.0,701.0,4.39,34.0,5.0,37.0,4311.0,1510.0,175.0,499.0,777.0,142.0,153.0,0.977,Milwaukee Brewers,County Stadium,1360265.0,100.0,101.0,MIL,MIL,MIL
1985,NL,MON,WSN,E,3,161,81.0,84,77,N,,N,N,633.0,5429.0,1342.0,242.0,49.0,118.0,492.0,880.0,169.0,77.0,26.0,45.0,636.0,574.0,3.55,13.0,13.0,53.0,4371.0,1346.0,99.0,509.0,870.0,121.0,152.0,0.981,Montreal Expos,Stade Olympique,1502494.0,95.0,95.0,MON,MON,MON
1985,AL,NYA,NYY,E,2,161,80.0,97,64,N,,N,N,839.0,5458.0,1458.0,272.0,31.0,176.0,620.0,771.0,155.0,53.0,50.0,60.0,660.0,590.0,3.69,25.0,9.0,49.0,4321.0,1373.0,157.0,518.0,907.0,126.0,172.0,0.979,New York Yankees,Yankee Stadium II,2214587.0,98.0,97.0,NYY,NYA,NYA
1985,NL,NYN,NYM,E,2,162,81.0,98,64,N,,N,N,695.0,5549.0,1425.0,239.0,35.0,134.0,546.0,872.0,117.0,53.0,20.0,44.0,568.0,514.0,3.11,32.0,19.0,37.0,4464.0,1306.0,111.0,515.0,1039.0,115.0,138.0,0.982,New York Mets,Shea Stadium,2761601.0,99.0,97.0,NYM,NYN,NYN
1985,AL,OAK,OAK,W,4,162,79.0,77,85,N,,N,N,757.0,5581.0,1475.0,230.0,34.0,155.0,508.0,861.0,117.0,58.0,16.0,47.0,787.0,712.0,4.41,10.0,6.0,41.0,4359.0,1451.0,172.0,607.0,785.0,140.0,137.0,0.977,Oakland Athletics,Oakland Coliseum,1334599.0,92.0,92.0,OAK,OAK,OAK
1985,NL,PHI,PHI,E,5,162,81.0,75,87,N,,N,N,667.0,5477.0,1343.0,238.0,47.0,141.0,527.0,1095.0,122.0,51.0,25.0,44.0,673.0,592.0,3.68,24.0,9.0,30.0,4341.0,1424.0,115.0,596.0,899.0,139.0,142.0,0.978,Philadelphia Phillies,Veterans Stadium,1830350.0,103.0,103.0,PHI,PHI,PHI
1985,NL,PIT,PIT,E,6,161,80.0,57,104,N,,N,N,568.0,5436.0,1340.0,251.0,28.0,80.0,514.0,842.0,110.0,60.0,14.0,44.0,708.0,638.0,3.97,15.0,6.0,29.0,4336.0,1406.0,107.0,584.0,962.0,133.0,127.0,0.979,Pittsburgh Pirates,Three Rivers Stadium,735900.0,99.0,100.0,PIT,PIT,PIT
1985,NL,SDN,SDP,W,3,162,81.0,83,79,N,,N,N,650.0,5507.0,1405.0,241.0,28.0,109.0,513.0,809.0,60.0,39.0,23.0,32.0,622.0,549.0,3.4,26.0,19.0,44.0,4354.0,1399.0,127.0,443.0,727.0,124.0,158.0,0.98,San Diego Padres,Jack Murphy Stadium,2210352.0,99.0,99.0,SDP,SDN,SDN
1985,AL,SEA,SEA,W,6,162,83.0,74,88,N,,N,N,719.0,5521.0,1410.0,277.0,38.0,171.0,564.0,942.0,94.0,35.0,31.0,41.0,818.0,744.0,4.68,23.0,8.0,30.0,4296.0,1456.0,154.0,637.0,868.0,122.0,156.0,0.98,Seattle Mariners,Kingdome,1128696.0,100.0,101.0,SEA,SEA,SEA
1985,NL,SFN,SFG,W,6,162,81.0,62,100,N,,N,N,556.0,5420.0,1263.0,217.0,31.0,115.0,488.0,962.0,99.0,55.0,37.0,25.0,674.0,581.0,3.61,13.0,5.0,24.0,4344.0,1348.0,125.0,572.0,985.0,148.0,134.0,0.976,San Francisco Giants,Candlestick Park,818697.0,95.0,96.0,SFG,SFN,SFN
1985,NL,SLN,STL,E,1,162,81.0,101,61,Y,,Y,N,747.0,5467.0,1446.0,245.0,59.0,87.0,586.0,853.0,314.0,96.0,18.0,41.0,572.0,505.0,3.1,37.0,20.0,44.0,4392.0,1343.0,98.0,453.0,798.0,108.0,166.0,0.983,St. Louis Cardinals,Busch Stadium II,2637563.0,100.0,99.0,STL,SLN,SLN
1985,AL,TEX,TEX,W,7,161,80.0,62,99,N,,N,N,617.0,5361.0,1359.0,213.0,41.0,129.0,530.0,819.0,130.0,76.0,33.0,45.0,785.0,715.0,4.56,18.0,5.0,33.0,4235.0,1479.0,173.0,501.0,863.0,120.0,145.0,0.98,Texas Rangers,Arlington Stadium,1112497.0,101.0,102.0,TEX,TEX,TEX
1985,AL,TOR,TOR,E,1,161,80.0,99,62,Y,,N,N,759.0,5508.0,1482.0,281.0,53.0,158.0,503.0,807.0,144.0,77.0,30.0,44.0,588.0,532.0,3.31,18.0,9.0,47.0,4344.0,1312.0,147.0,484.0,823.0,125.0,164.0,0.98,Toronto Blue Jays,Exhibition Stadium,2468925.0,104.0,103.0,TOR,TOR,TOR
1986,NL,ATL,ATL,W,6,161,81.0,72,89,N,,N,N,615.0,5384.0,1348.0,241.0,24.0,138.0,538.0,904.0,93.0,76.0,24.0,42.0,719.0,629.0,3.97,17.0,5.0,39.0,4274.0,1443.0,117.0,576.0,932.0,141.0,181.0,0.978,Atlanta Braves,Atlanta-Fulton County Stadium,1387181.0,105.0,106.0,ATL,ATL,ATL
1986,AL,BAL,BAL,E,7,162,79.0,73,89,N,,N,N,708.0,5524.0,1425.0,223.0,13.0,169.0,563.0,862.0,64.0,34.0,31.0,51.0,760.0,687.0,4.3,17.0,6.0,39.0,4310.0,1451.0,177.0,535.0,954.0,135.0,163.0,0.978,Baltimore Orioles,Memorial Stadium,1973176.0,98.0,99.0,BAL,BAL,BAL
1986,AL,BOS,BOS,E,1,161,81.0,95,66,Y,,Y,N,794.0,5498.0,1488.0,320.0,21.0,144.0,595.0,707.0,41.0,34.0,66.0,52.0,696.0,625.0,3.93,36.0,6.0,41.0,4289.0,1469.0,167.0,474.0,1033.0,129.0,146.0,0.979,Boston Red Sox,Fenway Park II,2147641.0,101.0,100.0,BOS,BOS,BOS
1986,AL,CAL,ANA,W,1,162,82.0,92,70,Y,,N,N,786.0,5433.0,1387.0,236.0,36.0,167.0,671.0,860.0,109.0,42.0,40.0,61.0,684.0,621.0,3.84,29.0,12.0,40.0,4368.0,1356.0,153.0,478.0,955.0,107.0,156.0,0.983,California Angels,Anaheim Stadium,2655872.0,99.0,99.0,CAL,CAL,CAL
1986,AL,CHA,CHW,W,5,162,81.0,72,90,N,,N,N,644.0,5406.0,1335.0,197.0,34.0,121.0,487.0,940.0,115.0,54.0,34.0,53.0,699.0,630.0,3.93,18.0,8.0,38.0,4327.0,1361.0,143.0,561.0,895.0,117.0,142.0,0.981,Chicago White Sox,Comiskey Park,1424313.0,104.0,104.0,CHW,CHA,CHA
1986,NL,CHN,CHC,E,5,160,80.0,70,90,N,,N,N,680.0,5499.0,1409.0,258.0,27.0,155.0,508.0,966.0,132.0,62.0,15.0,51.0,781.0,721.0,4.49,11.0,6.0,42.0,4335.0,1546.0,143.0,557.0,962.0,124.0,147.0,0.98,Chicago Cubs,Wrigley Field,1859102.0,107.0,108.0,CHC,CHN,CHN
1986,NL,CIN,CIN,W,2,162,81.0,86,76,N,,N,N,732.0,5536.0,1404.0,237.0,35.0,144.0,586.0,920.0,177.0,53.0,18.0,41.0,717.0,638.0,3.91,14.0,8.0,45.0,4404.0,1465.0,136.0,524.0,924.0,140.0,160.0,0.978,Cincinnati Reds,Riverfront Stadium,1692432.0,104.0,104.0,CIN,CIN,CIN
1986,AL,CLE,CLE,E,5,163,81.0,84,78,N,,N,N,831.0,5702.0,1620.0,270.0,45.0,157.0,456.0,944.0,141.0,54.0,24.0,49.0,841.0,736.0,4.58,31.0,7.0,34.0,4343.0,1548.0,167.0,605.0,744.0,157.0,148.0,0.975,Cleveland Indians,Cleveland Stadium,1471805.0,98.0,99.0,CLE,CLE,CLE
1986,AL,DET,DET,E,3,162,81.0,87,75,N,,N,N,798.0,5512.0,1447.0,234.0,30.0,198.0,613.0,885.0,138.0,58.0,43.0,49.0,714.0,645.0,4.02,33.0,12.0,38.0,4331.0,1374.0,183.0,571.0,880.0,108.0,163.0,0.982,Detroit Tigers,Tiger Stadium,1899437.0,100.0,99.0,DET,DET,DET
1986,NL,HOU,HOU,W,1,162,81.0,96,66,Y,,N,N,654.0,5441.0,1388.0,244.0,32.0,125.0,536.0,916.0,163.0,75.0,24.0,41.0,569.0,509.0,3.15,18.0,19.0,51.0,4369.0,1203.0,116.0,523.0,1160.0,130.0,108.0,0.979,Houston Astros,Astrodome,1734276.0,97.0,96.0,HOU,HOU,HOU
1986,AL,KCA,KCR,W,3,162,81.0,76,86,N,,N,N,654.0,5561.0,1403.0,264.0,45.0,137.0,474.0,919.0,97.0,46.0,36.0,33.0,673.0,612.0,3.82,24.0,13.0,31.0,4322.0,1413.0,121.0,479.0,888.0,123.0,153.0,0.98,Kansas City Royals,Royals Stadium,2320794.0,102.0,101.0,KCR,KCA,KCA
1986,NL,LAN,LAD,W,5,162,81.0,73,89,N,,N,N,638.0,5471.0,1373.0,232.0,14.0,130.0,478.0,966.0,155.0,67.0,32.0,39.0,679.0,608.0,3.76,35.0,14.0,25.0,4363.0,1428.0,115.0,499.0,1051.0,181.0,118.0,0.971,Los Angeles Dodgers,Dodger Stadium,3023208.0,93.0,93.0,LAD,LAN,LAN
1986,AL,MIN,MIN,W,6,162,81.0,71,91,N,,N,N,741.0,5531.0,1446.0,257.0,39.0,196.0,501.0,977.0,81.0,61.0,37.0,38.0,839.0,759.0,4.77,39.0,6.0,24.0,4298.0,1579.0,200.0,503.0,937.0,118.0,168.0,0.98,Minnesota Twins,Hubert H Humphrey Metrodome,1255453.0,102.0,102.0,MIN,MIN,MIN
1986,AL,ML4,MIL,E,6,161,80.0,77,84,N,,N,N,667.0,5461.0,1393.0,255.0,38.0,127.0,530.0,986.0,100.0,50.0,27.0,53.0,734.0,638.0,4.01,29.0,12.0,32.0,4295.0,1478.0,158.0,494.0,952.0,146.0,146.0,0.976,Milwaukee Brewers,County Stadium,1265041.0,103.0,104.0,MIL,MIL,MIL
1986,NL,MON,WSN,E,4,161,80.0,78,83,N,,N,N,637.0,5508.0,1401.0,255.0,50.0,110.0,537.0,1016.0,193.0,95.0,33.0,42.0,688.0,616.0,3.78,15.0,9.0,50.0,4399.0,1350.0,119.0,566.0,1051.0,133.0,132.0,0.979,Montreal Expos,Stade Olympique,1128981.0,100.0,100.0,MON,MON,MON
1986,AL,NYA,NYY,E,2,162,80.0,90,72,N,,N,N,797.0,5570.0,1512.0,275.0,23.0,188.0,645.0,911.0,139.0,48.0,28.0,46.0,738.0,659.0,4.11,13.0,8.0,58.0,4330.0,1461.0,175.0,492.0,878.0,127.0,153.0,0.979,New York Yankees,Yankee Stadium II,2268030.0,99.0,98.0,NYY,NYA,NYA
1986,NL,NYN,NYM,E,1,162,81.0,108,54,Y,,Y,Y,783.0,5558.0,1462.0,261.0,31.0,148.0,631.0,968.0,118.0,48.0,31.0,53.0,578.0,513.0,3.11,27.0,11.0,46.0,4452.0,1304.0,103.0,509.0,1083.0,138.0,145.0,0.978,New York Mets,Shea Stadium,2767601.0,98.0,96.0,NYM,NYN,NYN
1986,AL,OAK,OAK,W,3,162,83.0,76,86,N,,N,N,731.0,5435.0,1370.0,213.0,25.0,163.0,553.0,983.0,139.0,61.0,32.0,51.0,760.0,686.0,4.31,22.0,8.0,37.0,4299.0,1334.0,166.0,667.0,937.0,135.0,120.0,0.978,Oakland Athletics,Oakland Coliseum,1314646.0,92.0,92.0,OAK,OAK,OAK
1986,NL,PHI,PHI,E,2,161,80.0,86,75,N,,N,N,739.0,5483.0,1386.0,266.0,39.0,154.0,589.0,1154.0,153.0,59.0,40.0,51.0,713.0,621.0,3.85,22.0,11.0,39.0,4355.0,1473.0,130.0,553.0,874.0,137.0,157.0,0.978,Philadelphia Phillies,Veterans Stadium,1933335.0,104.0,104.0,PHI,PHI,PHI
1986,NL,PIT,PIT,E,6,162,81.0,64,98,N,,N,N,663.0,5456.0,1366.0,273.0,33.0,111.0,569.0,929.0,152.0,84.0,20.0,44.0,700.0,629.0,3.9,17.0,9.0,30.0,4352.0,1397.0,138.0,570.0,924.0,143.0,134.0,0.978,Pittsburgh Pirates,Three Rivers Stadium,1000917.0,102.0,103.0,PIT,PIT,PIT
1986,NL,SDN,SDP,W,4,162,81.0,74,88,N,,N,N,656.0,5515.0,1442.0,239.0,25.0,136.0,484.0,917.0,96.0,68.0,18.0,35.0,723.0,640.0,3.99,13.0,7.0,32.0,4330.0,1406.0,150.0,607.0,934.0,137.0,135.0,0.978,San Diego Padres,Jack Murphy Stadium,1805716.0,98.0,98.0,SDP,SDN,SDN
1986,AL,SEA,SEA,W,7,162,82.0,67,95,N,,N,N,718.0,5498.0,1392.0,243.0,41.0,158.0,572.0,1148.0,93.0,76.0,34.0,29.0,835.0,744.0,4.65,33.0,5.0,27.0,4319.0,1590.0,171.0,585.0,944.0,156.0,191.0,0.975,Seattle Mariners,Kingdome,1029045.0,100.0,101.0,SEA,SEA,SEA
1986,NL,SFN,SFG,W,3,162,81.0,83,79,N,,N,N,698.0,5501.0,1394.0,269.0,29.0,114.0,536.0,1087.0,148.0,93.0,37.0,34.0,618.0,541.0,3.33,18.0,10.0,35.0,4381.0,1264.0,121.0,591.0,992.0,143.0,149.0,0.977,San Francisco Giants,Candlestick Park,1528748.0,95.0,95.0,SFG,SFN,SFN
1986,NL,SLN,STL,E,3,161,81.0,79,82,N,,N,N,601.0,5378.0,1270.0,216.0,48.0,58.0,568.0,905.0,262.0,78.0,20.0,46.0,611.0,549.0,3.37,17.0,4.0,46.0,4399.0,1364.0,135.0,485.0,761.0,123.0,178.0,0.981,St. Louis Cardinals,Busch Stadium II,2471974.0,100.0,99.0,STL,SLN,SLN
1986,AL,TEX,TEX,W,2,162,81.0,87,75,N,,N,N,771.0,5529.0,1479.0,248.0,43.0,184.0,511.0,1088.0,103.0,85.0,35.0,42.0,743.0,662.0,4.11,15.0,8.0,41.0,4351.0,1356.0,145.0,736.0,1059.0,122.0,160.0,0.98,Texas Rangers,Arlington Stadium,1692002.0,102.0,103.0,TEX,TEX,TEX
1986,AL,TOR,TOR,E,4,163,81.0,86,76,N,,N,N,809.0,5716.0,1540.0,285.0,35.0,181.0,496.0,848.0,110.0,59.0,33.0,49.0,733.0,669.0,4.08,16.0,12.0,44.0,4428.0,1467.0,164.0,487.0,1002.0,100.0,150.0,0.984,Toronto Blue Jays,Exhibition Stadium,2455477.0,103.0,102.0,TOR,TOR,TOR
1987,NL,ATL,ATL,W,5,161,81.0,69,92,N,,N,N,747.0,5428.0,1401.0,284.0,24.0,152.0,641.0,834.0,135.0,68.0,38.0,34.0,829.0,734.0,4.63,16.0,4.0,32.0,4283.0,1529.0,163.0,587.0,837.0,116.0,170.0,0.982,Atlanta Braves,Atlanta-Fulton County Stadium,1217402.0,104.0,106.0,ATL,ATL,ATL
1987,AL,BAL,BAL,E,6,162,82.0,67,95,N,,N,N,729.0,5576.0,1437.0,219.0,20.0,211.0,524.0,939.0,69.0,45.0,22.0,32.0,880.0,801.0,5.01,17.0,6.0,30.0,4319.0,1555.0,226.0,547.0,870.0,111.0,174.0,0.982,Baltimore Orioles,Memorial Stadium,1835692.0,97.0,98.0,BAL,BAL,BAL
1987,AL,BOS,BOS,E,5,162,80.0,78,84,N,,N,N,842.0,5586.0,1554.0,273.0,26.0,174.0,606.0,825.0,77.0,45.0,57.0,58.0,825.0,761.0,4.77,47.0,13.0,16.0,4308.0,1584.0,190.0,517.0,1034.0,110.0,158.0,0.982,Boston Red Sox,Fenway Park II,2231551.0,103.0,102.0,BOS,BOS,BOS
1987,AL,CAL,ANA,W,6,162,81.0,75,87,N,,N,N,770.0,5570.0,1406.0,257.0,26.0,172.0,590.0,926.0,125.0,44.0,35.0,36.0,803.0,709.0,4.38,20.0,7.0,36.0,4372.0,1481.0,212.0,504.0,941.0,117.0,162.0,0.981,California Angels,Anaheim Stadium,2696299.0,97.0,97.0,CAL,CAL,CAL
1987,AL,CHA,CHW,W,5,162,81.0,77,85,N,,N,N,748.0,5538.0,1427.0,283.0,36.0,173.0,487.0,971.0,138.0,52.0,33.0,52.0,746.0,691.0,4.3,29.0,12.0,37.0,4343.0,1436.0,189.0,537.0,792.0,116.0,174.0,0.981,Chicago White Sox,Comiskey Park,1208060.0,103.0,103.0,CHW,CHA,CHA
1987,NL,CHN,CHC,E,6,161,80.0,76,85,N,,N,N,720.0,5583.0,1475.0,244.0,33.0,209.0,504.0,1064.0,109.0,48.0,21.0,30.0,801.0,726.0,4.55,11.0,5.0,48.0,4304.0,1524.0,159.0,628.0,1024.0,130.0,154.0,0.979,Chicago Cubs,Wrigley Field,2035130.0,103.0,104.0,CHC,CHN,CHN
1987,NL,CIN,CIN,W,2,162,81.0,84,78,N,,N,N,783.0,5560.0,1478.0,262.0,29.0,192.0,514.0,928.0,169.0,46.0,31.0,34.0,752.0,685.0,4.24,7.0,6.0,44.0,4357.0,1486.0,170.0,485.0,919.0,130.0,137.0,0.979,Cincinnati Reds,Riverfront Stadium,2185205.0,104.0,103.0,CIN,CIN,CIN
1987,AL,CLE,CLE,E,7,162,81.0,61,101,N,,N,N,742.0,5606.0,1476.0,267.0,30.0,187.0,489.0,977.0,140.0,54.0,31.0,42.0,957.0,835.0,5.28,24.0,8.0,25.0,4268.0,1566.0,219.0,606.0,849.0,153.0,128.0,0.975,Cleveland Indians,Cleveland Stadium,1077898.0,100.0,101.0,CLE,CLE,CLE
1987,AL,DET,DET,E,1,162,81.0,98,64,Y,,N,N,896.0,5649.0,1535.0,274.0,32.0,225.0,653.0,913.0,106.0,50.0,46.0,56.0,735.0,651.0,4.02,33.0,10.0,31.0,4368.0,1430.0,180.0,563.0,976.0,122.0,147.0,0.98,Detroit Tigers,Tiger Stadium,2061830.0,96.0,95.0,DET,DET,DET
1987,NL,HOU,HOU,W,3,162,81.0,76,86,N,,N,N,648.0,5485.0,1386.0,238.0,28.0,122.0,526.0,936.0,162.0,46.0,24.0,50.0,678.0,615.0,3.84,13.0,13.0,33.0,4324.0,1363.0,141.0,525.0,1137.0,116.0,113.0,0.981,Houston Astros,Astrodome,1909902.0,96.0,96.0,HOU,HOU,HOU
1987,AL,KCA,KCR,W,2,162,81.0,83,79,N,,N,N,715.0,5499.0,1443.0,239.0,40.0,168.0,523.0,1034.0,125.0,43.0,30.0,42.0,691.0,610.0,3.86,44.0,11.0,26.0,4272.0,1424.0,128.0,548.0,923.0,131.0,151.0,0.979,Kansas City Royals,Royals Stadium,2392471.0,102.0,102.0,KCR,KCA,KCA
1987,NL,LAN,LAD,W,4,162,81.0,73,89,N,,N,N,635.0,5517.0,1389.0,236.0,23.0,125.0,445.0,923.0,128.0,59.0,31.0,39.0,675.0,601.0,3.72,29.0,8.0,32.0,4365.0,1415.0,130.0,565.0,1097.0,155.0,144.0,0.975,Los Angeles Dodgers,Dodger Stadium,2797409.0,98.0,98.0,LAD,LAN,LAN
1987,AL,MIN,MIN,W,1,162,81.0,85,77,Y,,Y,Y,786.0,5441.0,1422.0,258.0,35.0,196.0,523.0,898.0,113.0,65.0,38.0,39.0,806.0,734.0,4.63,16.0,4.0,39.0,4282.0,1465.0,210.0,564.0,990.0,98.0,147.0,0.984,Minnesota Twins,Hubert H Humphrey Metrodome,2081976.0,103.0,103.0,MIN,MIN,MIN
1987,AL,ML4,MIL,E,3,162,81.0,91,71,N,,N,N,862.0,5625.0,1552.0,272.0,46.0,163.0,598.0,1040.0,176.0,74.0,32.0,50.0,817.0,752.0,4.62,28.0,6.0,45.0,4392.0,1548.0,169.0,529.0,1039.0,145.0,155.0,0.976,Milwaukee Brewers,County Stadium,1909244.0,103.0,103.0,MIL,MIL,MIL
1987,NL,MON,WSN,E,3,162,81.0,91,71,N,,N,N,741.0,5527.0,1467.0,310.0,39.0,120.0,501.0,918.0,166.0,74.0,35.0,42.0,720.0,631.0,3.92,16.0,8.0,50.0,4351.0,1428.0,145.0,446.0,1012.0,147.0,122.0,0.976,Montreal Expos,Stade Olympique,1850324.0,103.0,103.0,MON,MON,MON
1987,AL,NYA,NYY,E,4,162,81.0,89,73,N,,N,N,788.0,5511.0,1445.0,239.0,16.0,196.0,604.0,949.0,105.0,43.0,28.0,38.0,758.0,700.0,4.36,19.0,10.0,47.0,4339.0,1475.0,179.0,542.0,900.0,102.0,155.0,0.983,New York Yankees,Yankee Stadium II,2427672.0,99.0,99.0,NYY,NYA,NYA
1987,NL,NYN,NYM,E,2,162,81.0,92,70,N,,N,N,823.0,5601.0,1499.0,287.0,34.0,192.0,592.0,1012.0,159.0,49.0,31.0,39.0,698.0,621.0,3.84,16.0,7.0,51.0,4362.0,1407.0,135.0,510.0,1032.0,137.0,137.0,0.978,New York Mets,Shea Stadium,3034129.0,95.0,93.0,NYM,NYN,NYN
1987,AL,OAK,OAK,W,3,162,81.0,81,81,N,,N,N,806.0,5511.0,1432.0,263.0,33.0,199.0,593.0,1056.0,140.0,63.0,36.0,48.0,789.0,694.0,4.32,18.0,6.0,40.0,4337.0,1442.0,176.0,531.0,1042.0,142.0,122.0,0.977,Oakland Athletics,Oakland Coliseum,1678921.0,93.0,93.0,OAK,OAK,OAK
1987,NL,PHI,PHI,E,4,162,81.0,80,82,N,,N,N,702.0,5475.0,1390.0,248.0,51.0,169.0,587.0,1109.0,111.0,49.0,25.0,40.0,749.0,673.0,4.18,13.0,7.0,48.0,4345.0,1453.0,167.0,587.0,877.0,121.0,137.0,0.98,Philadelphia Phillies,Veterans Stadium,2100110.0,103.0,104.0,PHI,PHI,PHI
1987,NL,PIT,PIT,E,4,162,81.0,80,82,N,,N,N,723.0,5536.0,1464.0,282.0,45.0,131.0,535.0,914.0,140.0,58.0,29.0,51.0,744.0,674.0,4.2,25.0,13.0,39.0,4335.0,1377.0,164.0,562.0,914.0,123.0,147.0,0.98,Pittsburgh Pirates,Three Rivers Stadium,1161193.0,100.0,100.0,PIT,PIT,PIT
1987,NL,SDN,SDP,W,6,162,81.0,65,97,N,,N,N,668.0,5456.0,1419.0,209.0,48.0,113.0,577.0,992.0,198.0,91.0,27.0,36.0,763.0,680.0,4.27,14.0,10.0,33.0,4300.0,1402.0,175.0,602.0,897.0,147.0,135.0,0.976,San Diego Padres,Jack Murphy Stadium,1454061.0,96.0,97.0,SDP,SDN,SDN
1987,AL,SEA,SEA,W,4,162,81.0,78,84,N,,N,N,760.0,5508.0,1499.0,282.0,48.0,161.0,500.0,863.0,174.0,73.0,43.0,50.0,801.0,713.0,4.49,39.0,10.0,33.0,4292.0,1503.0,199.0,497.0,919.0,122.0,150.0,0.98,Seattle Mariners,Kingdome,1134255.0,105.0,106.0,SEA,SEA,SEA
1987,NL,SFN,SFG,W,1,162,81.0,90,72,Y,,N,N,783.0,5608.0,1458.0,274.0,32.0,205.0,511.0,1094.0,126.0,97.0,39.0,35.0,669.0,601.0,3.68,19.0,10.0,38.0,4413.0,1407.0,146.0,547.0,1038.0,129.0,183.0,0.98,San Francisco Giants,Candlestick Park,1917168.0,96.0,95.0,SFG,SFN,SFN
1987,NL,SLN,STL,E,1,162,81.0,95,67,Y,,Y,N,798.0,5500.0,1449.0,252.0,49.0,94.0,644.0,933.0,248.0,72.0,18.0,51.0,693.0,637.0,3.91,10.0,7.0,48.0,4398.0,1484.0,129.0,533.0,873.0,116.0,172.0,0.982,St. Louis Cardinals,Busch Stadium II,3072122.0,102.0,102.0,STL,SLN,SLN
1987,AL,TEX,TEX,W,6,162,81.0,75,87,N,,N,N,823.0,5564.0,1478.0,264.0,35.0,194.0,567.0,1081.0,120.0,71.0,24.0,51.0,849.0,743.0,4.63,20.0,3.0,27.0,4333.0,1388.0,199.0,760.0,1103.0,151.0,148.0,0.976,Texas Rangers,Arlington Stadium,1763053.0,100.0,101.0,TEX,TEX,TEX
1987,AL,TOR,TOR,E,2,162,81.0,96,66,N,,N,N,845.0,5635.0,1514.0,277.0,38.0,215.0,555.0,970.0,126.0,50.0,38.0,35.0,655.0,605.0,3.74,18.0,8.0,43.0,4362.0,1323.0,158.0,567.0,1064.0,111.0,148.0,0.982,Toronto Blue Jays,Exhibition Stadium,2778429.0,102.0,101.0,TOR,TOR,TOR
1988,NL,ATL,ATL,W,6,160,79.0,54,106,N,,N,N,555.0,5440.0,1319.0,228.0,28.0,96.0,432.0,848.0,95.0,69.0,21.0,46.0,741.0,657.0,4.09,14.0,4.0,25.0,4338.0,1481.0,108.0,524.0,810.0,151.0,138.0,0.976,Atlanta Braves,Atlanta-Fulton County Stadium,848089.0,104.0,106.0,ATL,ATL,ATL
1988,AL,BAL,BAL,E,7,161,80.0,54,107,N,,N,N,550.0,5358.0,1275.0,199.0,20.0,137.0,504.0,869.0,69.0,44.0,32.0,45.0,789.0,714.0,4.54,20.0,7.0,26.0,4248.0,1506.0,153.0,523.0,709.0,119.0,172.0,0.98,Baltimore Orioles,Memorial Stadium,1660738.0,97.0,98.0,BAL,BAL,BAL
1988,AL,BOS,BOS,E,1,162,81.0,89,73,Y,,N,N,813.0,5545.0,1569.0,310.0,39.0,124.0,623.0,728.0,65.0,36.0,45.0,55.0,689.0,629.0,3.97,26.0,14.0,37.0,4279.0,1415.0,143.0,493.0,1085.0,93.0,123.0,0.984,Boston Red Sox,Fenway Park II,2464851.0,105.0,104.0,BOS,BOS,BOS
1988,AL,CAL,ANA,W,4,162,81.0,75,87,N,,N,N,714.0,5582.0,1458.0,258.0,31.0,124.0,469.0,819.0,86.0,52.0,49.0,52.0,771.0,698.0,4.32,26.0,9.0,33.0,4367.0,1503.0,135.0,568.0,817.0,135.0,175.0,0.979,California Angels,Anaheim Stadium,2340925.0,97.0,97.0,CAL,CAL,CAL
1988,AL,CHA,CHW,W,5,161,81.0,71,90,N,,N,N,631.0,5449.0,1327.0,224.0,35.0,132.0,446.0,908.0,98.0,46.0,34.0,43.0,757.0,659.0,4.12,11.0,9.0,43.0,4317.0,1467.0,138.0,533.0,754.0,154.0,177.0,0.976,Chicago White Sox,Comiskey Park,1115749.0,100.0,100.0,CHW,CHA,CHA
1988,NL,CHN,CHC,E,4,163,82.0,77,85,N,,N,N,660.0,5675.0,1481.0,262.0,46.0,113.0,403.0,910.0,120.0,46.0,21.0,46.0,694.0,625.0,3.84,30.0,10.0,29.0,4393.0,1494.0,115.0,490.0,897.0,125.0,128.0,0.98,Chicago Cubs,Wrigley Field,2089034.0,105.0,105.0,CHC,CHN,CHN
1988,NL,CIN,CIN,W,2,161,80.0,87,74,N,,N,N,641.0,5426.0,1334.0,246.0,25.0,122.0,479.0,922.0,207.0,56.0,37.0,51.0,596.0,541.0,3.35,24.0,13.0,43.0,4365.0,1271.0,121.0,504.0,934.0,125.0,131.0,0.98,Cincinnati Reds,Riverfront Stadium,2072528.0,104.0,104.0,CIN,CIN,CIN
1988,AL,CLE,CLE,E,6,162,81.0,78,84,N,,N,N,666.0,5505.0,1435.0,235.0,28.0,134.0,416.0,866.0,97.0,50.0,37.0,51.0,731.0,663.0,4.16,35.0,10.0,46.0,4302.0,1501.0,120.0,442.0,812.0,124.0,131.0,0.98,Cleveland Indians,Cleveland Stadium,1411610.0,102.0,103.0,CLE,CLE,CLE
1988,AL,DET,DET,E,2,162,81.0,88,74,N,,N,N,703.0,5433.0,1358.0,213.0,28.0,143.0,588.0,841.0,87.0,42.0,29.0,37.0,658.0,596.0,3.71,34.0,8.0,36.0,4337.0,1361.0,150.0,497.0,890.0,109.0,129.0,0.982,Detroit Tigers,Tiger Stadium,2081162.0,97.0,97.0,DET,DET,DET
1988,NL,HOU,HOU,W,5,162,81.0,82,80,N,,N,N,617.0,5494.0,1338.0,239.0,31.0,96.0,474.0,840.0,198.0,71.0,38.0,44.0,631.0,558.0,3.41,21.0,15.0,40.0,4424.0,1339.0,123.0,478.0,1049.0,138.0,124.0,0.978,Houston Astros,Astrodome,1933505.0,96.0,96.0,HOU,HOU,HOU
1988,AL,KCA,KCR,W,3,161,80.0,84,77,N,,N,N,704.0,5469.0,1419.0,275.0,40.0,121.0,486.0,944.0,137.0,54.0,33.0,51.0,648.0,580.0,3.65,29.0,12.0,32.0,4285.0,1415.0,102.0,465.0,886.0,124.0,147.0,0.98,Kansas City Royals,Royals Stadium,2350181.0,101.0,101.0,KCR,KCA,KCA
1988,NL,LAN,LAD,W,1,162,81.0,94,67,Y,,Y,Y,628.0,5431.0,1346.0,217.0,25.0,99.0,437.0,947.0,131.0,46.0,32.0,50.0,544.0,482.0,2.96,32.0,24.0,49.0,4390.0,1291.0,84.0,473.0,1029.0,142.0,126.0,0.977,Los Angeles Dodgers,Dodger Stadium,2980262.0,98.0,97.0,LAD,LAN,LAN
1988,AL,MIN,MIN,W,2,162,81.0,91,71,N,,N,N,759.0,5510.0,1508.0,294.0,31.0,151.0,528.0,832.0,107.0,63.0,55.0,50.0,672.0,625.0,3.93,18.0,9.0,52.0,4295.0,1457.0,146.0,453.0,897.0,84.0,155.0,0.986,Minnesota Twins,Hubert H Humphrey Metrodome,3030672.0,103.0,102.0,MIN,MIN,MIN
1988,AL,ML4,MIL,E,3,162,81.0,87,75,N,,N,N,682.0,5488.0,1409.0,258.0,26.0,113.0,439.0,911.0,159.0,55.0,37.0,41.0,616.0,555.0,3.45,30.0,8.0,51.0,4348.0,1355.0,125.0,437.0,832.0,120.0,146.0,0.981,Milwaukee Brewers,County Stadium,1923238.0,101.0,100.0,MIL,MIL,MIL
1988,NL,MON,WSN,E,3,163,81.0,81,81,N,,N,N,628.0,5573.0,1400.0,260.0,48.0,107.0,454.0,1053.0,189.0,89.0,32.0,44.0,592.0,508.0,3.08,18.0,12.0,43.0,4448.0,1310.0,122.0,476.0,923.0,142.0,145.0,0.978,Montreal Expos,Stade Olympique,1478659.0,104.0,104.0,MON,MON,MON
1988,AL,NYA,NYY,E,5,161,80.0,85,76,N,,N,N,772.0,5592.0,1469.0,272.0,12.0,148.0,588.0,935.0,146.0,39.0,30.0,51.0,748.0,689.0,4.26,16.0,5.0,43.0,4368.0,1512.0,157.0,487.0,861.0,134.0,161.0,0.978,New York Yankees,Yankee Stadium II,2633701.0,99.0,100.0,NYY,NYA,NYA
1988,NL,NYN,NYM,E,1,160,80.0,100,60,Y,,N,N,703.0,5408.0,1387.0,251.0,24.0,152.0,544.0,842.0,140.0,51.0,32.0,56.0,532.0,465.0,2.91,31.0,22.0,46.0,4317.0,1253.0,78.0,404.0,1100.0,115.0,127.0,0.981,New York Mets,Shea Stadium,3055445.0,95.0,94.0,NYM,NYN,NYN
1988,AL,OAK,OAK,W,1,162,81.0,104,58,Y,,Y,N,800.0,5602.0,1474.0,251.0,22.0,156.0,580.0,926.0,129.0,54.0,65.0,55.0,620.0,569.0,3.44,22.0,9.0,64.0,4468.0,1376.0,116.0,553.0,983.0,105.0,151.0,0.983,Oakland Athletics,Oakland Coliseum,2287335.0,97.0,96.0,OAK,OAK,OAK
1988,NL,PHI,PHI,E,6,162,81.0,65,96,N,,N,N,597.0,5403.0,1294.0,246.0,31.0,106.0,489.0,981.0,112.0,49.0,47.0,48.0,734.0,659.0,4.14,16.0,6.0,36.0,4299.0,1447.0,118.0,628.0,859.0,145.0,139.0,0.976,Philadelphia Phillies,Veterans Stadium,1990041.0,101.0,103.0,PHI,PHI,PHI
1988,NL,PIT,PIT,E,2,160,81.0,85,75,N,,N,N,651.0,5379.0,1327.0,240.0,45.0,110.0,553.0,947.0,119.0,60.0,32.0,60.0,616.0,555.0,3.47,12.0,11.0,46.0,4322.0,1349.0,108.0,469.0,790.0,125.0,128.0,0.98,Pittsburgh Pirates,Three Rivers Stadium,1866713.0,98.0,98.0,PIT,PIT,PIT
1988,NL,SDN,SDP,W,3,161,81.0,83,78,N,,N,N,594.0,5366.0,1325.0,205.0,35.0,94.0,494.0,892.0,123.0,50.0,21.0,45.0,583.0,528.0,3.28,30.0,9.0,39.0,4347.0,1332.0,112.0,439.0,885.0,120.0,147.0,0.981,San Diego Padres,Jack Murphy Stadium,1506896.0,99.0,99.0,SDP,SDN,SDN
1988,AL,SEA,SEA,W,7,161,81.0,68,93,N,,N,N,664.0,5436.0,1397.0,271.0,27.0,148.0,461.0,787.0,95.0,61.0,38.0,42.0,744.0,659.0,4.15,28.0,11.0,28.0,4284.0,1385.0,144.0,558.0,981.0,123.0,168.0,0.98,Seattle Mariners,Kingdome,1022398.0,104.0,105.0,SEA,SEA,SEA
1988,NL,SFN,SFG,W,4,162,81.0,83,79,N,,N,N,670.0,5450.0,1353.0,227.0,44.0,113.0,550.0,1023.0,121.0,78.0,33.0,51.0,626.0,550.0,3.39,25.0,13.0,42.0,4387.0,1323.0,99.0,422.0,875.0,129.0,145.0,0.98,San Francisco Giants,Candlestick Park,1785297.0,96.0,95.0,SFG,SFN,SFN
1988,NL,SLN,STL,E,5,162,81.0,76,86,N,,N,N,578.0,5518.0,1373.0,207.0,33.0,71.0,484.0,827.0,234.0,64.0,22.0,48.0,633.0,567.0,3.47,17.0,14.0,42.0,4412.0,1387.0,91.0,486.0,881.0,121.0,131.0,0.981,St. Louis Cardinals,Busch Stadium II,2892799.0,101.0,101.0,STL,SLN,SLN
1988,AL,TEX,TEX,W,6,161,81.0,70,91,N,,N,N,637.0,5479.0,1378.0,227.0,39.0,112.0,542.0,1022.0,130.0,57.0,35.0,53.0,735.0,647.0,4.05,41.0,11.0,31.0,4316.0,1310.0,129.0,654.0,912.0,131.0,145.0,0.979,Texas Rangers,Arlington Stadium,1581901.0,102.0,103.0,TEX,TEX,TEX
1988,AL,TOR,TOR,E,3,162,81.0,87,75,N,,N,N,763.0,5557.0,1491.0,271.0,47.0,158.0,521.0,935.0,107.0,36.0,31.0,50.0,680.0,611.0,3.8,16.0,17.0,47.0,4347.0,1404.0,143.0,528.0,904.0,110.0,170.0,0.982,Toronto Blue Jays,Exhibition Stadium,2595175.0,100.0,99.0,TOR,TOR,TOR
1989,NL,ATL,ATL,W,6,161,79.0,63,97,N,,N,N,584.0,5463.0,1281.0,201.0,22.0,128.0,485.0,996.0,83.0,54.0,24.0,42.0,680.0,595.0,3.7,15.0,8.0,33.0,4343.0,1370.0,114.0,468.0,966.0,152.0,124.0,0.976,Atlanta Braves,Atlanta-Fulton County Stadium,984930.0,102.0,104.0,ATL,ATL,ATL
1989,AL,BAL,BAL,E,2,162,81.0,87,75,N,,N,N,708.0,5440.0,1369.0,238.0,33.0,129.0,593.0,957.0,118.0,55.0,30.0,47.0,686.0,644.0,4.0,16.0,7.0,44.0,4345.0,1518.0,134.0,486.0,676.0,87.0,163.0,0.986,Baltimore Orioles,Memorial Stadium,2535208.0,96.0,97.0,BAL,BAL,BAL
1989,AL,BOS,BOS,E,3,162,81.0,83,79,N,,N,N,774.0,5666.0,1571.0,326.0,30.0,108.0,643.0,755.0,56.0,35.0,36.0,58.0,735.0,650.0,4.01,14.0,9.0,42.0,4381.0,1448.0,131.0,548.0,1054.0,127.0,162.0,0.98,Boston Red Sox,Fenway Park II,2510012.0,107.0,106.0,BOS,BOS,BOS
1989,AL,CAL,ANA,W,3,162,81.0,91,71,N,,N,N,669.0,5545.0,1422.0,208.0,37.0,145.0,429.0,1011.0,89.0,40.0,28.0,46.0,578.0,530.0,3.28,32.0,20.0,38.0,4363.0,1384.0,113.0,465.0,897.0,96.0,173.0,0.985,California Angels,Anaheim Stadium,2647291.0,98.0,98.0,CAL,CAL,CAL
1989,AL,CHA,CHW,W,7,161,80.0,69,92,N,,N,N,693.0,5504.0,1493.0,262.0,36.0,94.0,464.0,873.0,97.0,52.0,28.0,51.0,750.0,668.0,4.23,9.0,5.0,46.0,4266.0,1472.0,144.0,539.0,778.0,151.0,176.0,0.975,Chicago White Sox,Comiskey Park,1045651.0,97.0,98.0,CHW,CHA,CHA
1989,NL,CHN,CHC,E,1,162,81.0,93,69,Y,,N,N,702.0,5513.0,1438.0,235.0,45.0,124.0,472.0,921.0,136.0,57.0,26.0,50.0,623.0,556.0,3.43,18.0,10.0,55.0,4381.0,1369.0,106.0,532.0,918.0,124.0,130.0,0.98,Chicago Cubs,Wrigley Field,2491942.0,108.0,108.0,CHC,CHN,CHN
1989,NL,CIN,CIN,W,5,162,81.0,75,87,N,,N,N,632.0,5520.0,1362.0,243.0,28.0,128.0,493.0,1028.0,128.0,71.0,30.0,49.0,691.0,607.0,3.73,16.0,9.0,37.0,4393.0,1404.0,125.0,559.0,981.0,121.0,108.0,0.98,Cincinnati Reds,Riverfront Stadium,1979320.0,104.0,103.0,CIN,CIN,CIN
1989,AL,CLE,CLE,E,6,162,81.0,73,89,N,,N,N,604.0,5463.0,1340.0,221.0,26.0,127.0,499.0,934.0,74.0,51.0,35.0,41.0,654.0,589.0,3.65,23.0,13.0,38.0,4359.0,1423.0,107.0,452.0,844.0,118.0,126.0,0.981,Cleveland Indians,Cleveland Stadium,1285542.0,101.0,102.0,CLE,CLE,CLE
1989,AL,DET,DET,E,7,162,81.0,59,103,N,,N,N,617.0,5432.0,1315.0,198.0,24.0,116.0,585.0,899.0,103.0,50.0,37.0,43.0,816.0,719.0,4.53,24.0,4.0,26.0,4282.0,1514.0,150.0,652.0,831.0,130.0,153.0,0.979,Detroit Tigers,Tiger Stadium,1543656.0,98.0,99.0,DET,DET,DET
1989,NL,HOU,HOU,W,3,162,82.0,86,76,N,,N,N,647.0,5516.0,1316.0,239.0,28.0,97.0,530.0,860.0,144.0,62.0,27.0,44.0,669.0,599.0,3.64,19.0,12.0,38.0,4438.0,1379.0,105.0,551.0,965.0,142.0,121.0,0.977,Houston Astros,Astrodome,1834908.0,97.0,97.0,HOU,HOU,HOU
1989,AL,KCA,KCR,W,2,162,81.0,92,70,N,,N,N,690.0,5475.0,1428.0,227.0,41.0,101.0,554.0,897.0,154.0,51.0,29.0,50.0,635.0,572.0,3.55,27.0,13.0,38.0,4355.0,1415.0,86.0,455.0,978.0,114.0,139.0,0.982,Kansas City Royals,Royals Stadium,2477700.0,100.0,100.0,KCR,KCA,KCA
1989,NL,LAN,LAD,W,4,160,81.0,77,83,N,,N,N,554.0,5465.0,1313.0,241.0,17.0,89.0,507.0,885.0,81.0,54.0,27.0,41.0,536.0,479.0,2.95,25.0,19.0,36.0,4390.0,1278.0,95.0,504.0,1052.0,118.0,153.0,0.981,Los Angeles Dodgers,Dodger Stadium,2944653.0,99.0,98.0,LAD,LAN,LAN
1989,AL,MIN,MIN,W,5,162,81.0,80,82,N,,N,N,740.0,5581.0,1542.0,278.0,35.0,117.0,478.0,743.0,111.0,53.0,39.0,58.0,738.0,680.0,4.28,19.0,8.0,38.0,4288.0,1495.0,139.0,500.0,851.0,107.0,141.0,0.982,Minnesota Twins,Hubert H Humphrey Metrodome,2277438.0,107.0,107.0,MIN,MIN,MIN
1989,AL,ML4,MIL,E,4,162,81.0,81,81,N,,N,N,707.0,5473.0,1415.0,235.0,32.0,126.0,455.0,791.0,165.0,62.0,50.0,54.0,679.0,604.0,3.8,16.0,8.0,45.0,4297.0,1463.0,129.0,457.0,812.0,155.0,164.0,0.975,Milwaukee Brewers,County Stadium,1970735.0,99.0,99.0,MIL,MIL,MIL
1989,NL,MON,WSN,E,4,162,81.0,81,81,N,,N,N,632.0,5482.0,1353.0,267.0,30.0,100.0,572.0,958.0,160.0,70.0,35.0,46.0,630.0,567.0,3.48,20.0,13.0,35.0,4405.0,1344.0,120.0,519.0,1059.0,136.0,126.0,0.979,Montreal Expos,Stade Olympique,1783533.0,102.0,101.0,MON,MON,MON
1989,AL,NYA,NYY,E,5,161,81.0,74,87,N,,N,N,698.0,5458.0,1470.0,229.0,23.0,130.0,502.0,831.0,137.0,60.0,27.0,49.0,792.0,708.0,4.5,15.0,9.0,44.0,4244.0,1550.0,150.0,521.0,787.0,122.0,183.0,0.98,New York Yankees,Yankee Stadium II,2170485.0,99.0,99.0,NYY,NYA,NYA
1989,NL,NYN,NYM,E,2,162,81.0,87,75,N,,N,N,683.0,5489.0,1351.0,280.0,21.0,147.0,504.0,934.0,158.0,53.0,33.0,48.0,595.0,532.0,3.29,24.0,12.0,38.0,4363.0,1260.0,115.0,532.0,1108.0,144.0,110.0,0.976,New York Mets,Shea Stadium,2918710.0,95.0,93.0,NYM,NYN,NYN
1989,AL,OAK,OAK,W,1,162,81.0,99,63,Y,,Y,Y,712.0,5416.0,1414.0,220.0,25.0,127.0,562.0,855.0,157.0,55.0,34.0,62.0,576.0,497.0,3.09,17.0,20.0,57.0,4345.0,1287.0,103.0,510.0,930.0,129.0,159.0,0.979,Oakland Athletics,Oakland Coliseum,2667225.0,97.0,95.0,OAK,OAK,OAK
1989,NL,PHI,PHI,E,6,163,81.0,67,95,N,,N,N,629.0,5447.0,1324.0,215.0,36.0,123.0,558.0,926.0,106.0,50.0,22.0,42.0,735.0,644.0,4.04,10.0,10.0,33.0,4300.0,1408.0,127.0,613.0,899.0,133.0,136.0,0.979,Philadelphia Phillies,Veterans Stadium,1861985.0,99.0,101.0,PHI,PHI,PHI
1989,NL,PIT,PIT,E,5,164,81.0,74,88,N,,N,N,637.0,5539.0,1334.0,263.0,53.0,95.0,563.0,914.0,155.0,69.0,24.0,51.0,680.0,602.0,3.64,20.0,9.0,40.0,4463.0,1394.0,121.0,539.0,827.0,160.0,130.0,0.975,Pittsburgh Pirates,Three Rivers Stadium,1374141.0,96.0,96.0,PIT,PIT,PIT
1989,NL,SDN,SDP,W,2,162,81.0,89,73,N,,N,N,642.0,5422.0,1360.0,215.0,32.0,120.0,552.0,1013.0,136.0,67.0,9.0,41.0,626.0,547.0,3.38,21.0,11.0,52.0,4372.0,1359.0,133.0,481.0,933.0,154.0,147.0,0.976,San Diego Padres,Jack Murphy Stadium,2009031.0,101.0,101.0,SDP,SDN,SDN
1989,AL,SEA,SEA,W,6,162,81.0,73,89,N,,N,N,694.0,5512.0,1417.0,237.0,29.0,134.0,489.0,838.0,81.0,55.0,45.0,52.0,728.0,639.0,4.0,15.0,10.0,44.0,4314.0,1422.0,114.0,560.0,897.0,143.0,168.0,0.977,Seattle Mariners,Kingdome,1298443.0,103.0,104.0,SEA,SEA,SEA
1989,NL,SFN,SFG,W,1,162,81.0,92,70,Y,,Y,N,699.0,5469.0,1365.0,241.0,52.0,141.0,508.0,1071.0,87.0,54.0,40.0,39.0,600.0,535.0,3.3,12.0,16.0,47.0,4371.0,1320.0,120.0,471.0,802.0,114.0,135.0,0.982,San Francisco Giants,Candlestick Park,2059701.0,97.0,96.0,SFG,SFN,SFN
1989,NL,SLN,STL,E,3,164,83.0,86,76,N,,N,N,632.0,5492.0,1418.0,263.0,47.0,73.0,507.0,848.0,155.0,54.0,21.0,43.0,608.0,546.0,3.36,18.0,18.0,43.0,4383.0,1330.0,84.0,482.0,844.0,112.0,134.0,0.982,St. Louis Cardinals,Busch Stadium II,3080980.0,103.0,103.0,STL,SLN,SLN
1989,AL,TEX,TEX,W,4,162,81.0,83,79,N,,N,N,695.0,5458.0,1433.0,260.0,46.0,122.0,503.0,989.0,101.0,49.0,34.0,40.0,714.0,623.0,3.91,26.0,7.0,44.0,4303.0,1279.0,119.0,654.0,1112.0,136.0,137.0,0.978,Texas Rangers,Arlington Stadium,2043993.0,102.0,102.0,TEX,TEX,TEX
1989,AL,TOR,TOR,E,1,162,81.0,89,73,Y,,N,N,731.0,5581.0,1449.0,265.0,40.0,142.0,521.0,923.0,144.0,58.0,31.0,53.0,651.0,584.0,3.58,12.0,12.0,38.0,4401.0,1408.0,99.0,478.0,849.0,127.0,164.0,0.98,Toronto Blue Jays,Exhibition Stadium /Skydome,3375883.0,94.0,94.0,TOR,TOR,TOR
1990,NL,ATL,ATL,W,6,162,81.0,65,97,N,,N,N,682.0,5504.0,1376.0,263.0,26.0,162.0,473.0,1010.0,92.0,55.0,27.0,31.0,821.0,727.0,4.58,17.0,8.0,30.0,4289.0,1527.0,128.0,579.0,938.0,158.0,133.0,0.974,Atlanta Braves,Atlanta-Fulton County Stadium,980129.0,105.0,106.0,ATL,ATL,ATL
1990,AL,BAL,BAL,E,5,161,80.0,76,85,N,,N,N,669.0,5410.0,1328.0,234.0,22.0,132.0,660.0,962.0,94.0,52.0,40.0,41.0,698.0,644.0,4.04,10.0,5.0,43.0,4306.0,1445.0,161.0,537.0,776.0,93.0,151.0,0.985,Baltimore Orioles,Memorial Stadium,2415189.0,97.0,98.0,BAL,BAL,BAL
1990,AL,BOS,BOS,E,1,162,81.0,88,74,Y,,N,N,699.0,5516.0,1502.0,298.0,31.0,106.0,598.0,795.0,53.0,52.0,28.0,44.0,664.0,596.0,3.72,15.0,13.0,44.0,4326.0,1439.0,92.0,519.0,997.0,123.0,154.0,0.98,Boston Red Sox,Fenway Park II,2528986.0,105.0,105.0,BOS,BOS,BOS
1990,AL,CAL,ANA,W,4,162,81.0,80,82,N,,N,N,690.0,5570.0,1448.0,237.0,27.0,147.0,566.0,1000.0,69.0,43.0,28.0,45.0,706.0,613.0,3.79,21.0,13.0,42.0,4362.0,1482.0,106.0,544.0,944.0,142.0,186.0,0.978,California Angels,Anaheim Stadium,2555688.0,97.0,97.0,CAL,CAL,CAL
1990,AL,CHA,CHW,W,2,162,80.0,94,68,N,,N,N,682.0,5402.0,1393.0,251.0,44.0,106.0,478.0,903.0,140.0,90.0,36.0,47.0,633.0,581.0,3.61,17.0,10.0,68.0,4348.0,1313.0,106.0,548.0,914.0,124.0,169.0,0.98,Chicago White Sox,Comiskey Park,2002357.0,98.0,98.0,CHW,CHA,CHA
1990,NL,CHN,CHC,E,4,162,81.0,77,85,N,,N,N,690.0,5600.0,1474.0,240.0,36.0,136.0,406.0,869.0,151.0,50.0,30.0,51.0,774.0,695.0,4.34,13.0,7.0,42.0,4328.0,1510.0,121.0,572.0,877.0,124.0,136.0,0.98,Chicago Cubs,Wrigley Field,2243791.0,108.0,108.0,CHC,CHN,CHN
1990,NL,CIN,CIN,W,1,162,81.0,91,71,Y,,Y,Y,693.0,5525.0,1466.0,284.0,40.0,125.0,466.0,913.0,166.0,66.0,42.0,42.0,597.0,549.0,3.39,14.0,12.0,50.0,4369.0,1338.0,124.0,543.0,1029.0,102.0,126.0,0.983,Cincinnati Reds,Riverfront Stadium,2400892.0,105.0,105.0,CIN,CIN,CIN
1990,AL,CLE,CLE,E,4,162,81.0,77,85,N,,N,N,732.0,5485.0,1465.0,266.0,41.0,110.0,458.0,836.0,107.0,52.0,29.0,61.0,737.0,676.0,4.26,12.0,10.0,47.0,4282.0,1491.0,163.0,518.0,860.0,117.0,146.0,0.981,Cleveland Indians,Cleveland Stadium,1225240.0,100.0,100.0,CLE,CLE,CLE
1990,AL,DET,DET,E,3,162,81.0,79,83,N,,N,N,750.0,5479.0,1418.0,241.0,32.0,172.0,634.0,952.0,82.0,57.0,34.0,41.0,754.0,697.0,4.39,15.0,12.0,45.0,4291.0,1401.0,154.0,661.0,856.0,131.0,178.0,0.979,Detroit Tigers,Tiger Stadium,1495785.0,101.0,102.0,DET,DET,DET
1990,NL,HOU,HOU,W,4,162,81.0,75,87,N,,N,N,573.0,5379.0,1301.0,209.0,32.0,94.0,548.0,997.0,179.0,83.0,28.0,41.0,656.0,581.0,3.61,12.0,6.0,37.0,4350.0,1396.0,130.0,496.0,854.0,131.0,124.0,0.978,Houston Astros,Astrodome,1310927.0,97.0,98.0,HOU,HOU,HOU
1990,AL,KCA,KCR,W,6,161,81.0,75,86,N,,N,N,707.0,5488.0,1465.0,316.0,44.0,100.0,498.0,879.0,107.0,62.0,27.0,54.0,709.0,621.0,3.93,18.0,8.0,33.0,4262.0,1449.0,116.0,560.0,1006.0,122.0,161.0,0.98,Kansas City Royals,Royals Stadium,2244956.0,98.0,98.0,KCR,KCA,KCA
1990,NL,LAN,LAD,W,2,162,81.0,86,76,N,,N,N,728.0,5491.0,1436.0,222.0,27.0,129.0,538.0,952.0,141.0,65.0,31.0,48.0,685.0,596.0,3.72,29.0,12.0,29.0,4326.0,1364.0,137.0,478.0,1021.0,130.0,123.0,0.979,Los Angeles Dodgers,Dodger Stadium,3002396.0,98.0,97.0,LAD,LAN,LAN
1990,AL,MIN,MIN,W,7,162,81.0,74,88,N,,N,N,666.0,5499.0,1458.0,281.0,39.0,100.0,445.0,749.0,96.0,53.0,53.0,49.0,729.0,658.0,4.12,13.0,13.0,43.0,4307.0,1509.0,134.0,489.0,872.0,101.0,161.0,0.983,Minnesota Twins,Hubert H Humphrey Metrodome,1751584.0,107.0,107.0,MIN,MIN,MIN
1990,AL,ML4,MIL,E,6,162,81.0,74,88,N,,N,N,732.0,5503.0,1408.0,247.0,36.0,128.0,519.0,821.0,164.0,72.0,33.0,71.0,760.0,655.0,4.08,23.0,13.0,42.0,4335.0,1558.0,121.0,469.0,771.0,149.0,152.0,0.976,Milwaukee Brewers,County Stadium,1752900.0,99.0,99.0,MIL,MIL,MIL
1990,NL,MON,WSN,E,3,162,81.0,85,77,N,,N,N,662.0,5453.0,1363.0,227.0,43.0,114.0,576.0,1024.0,235.0,99.0,26.0,47.0,598.0,551.0,3.37,18.0,11.0,50.0,4420.0,1349.0,127.0,510.0,991.0,110.0,134.0,0.982,Montreal Expos,Stade Olympique,1373087.0,96.0,96.0,MON,MON,MON
1990,AL,NYA,NYY,E,7,162,81.0,67,95,N,,N,N,603.0,5483.0,1322.0,208.0,19.0,147.0,427.0,1027.0,119.0,45.0,53.0,36.0,749.0,676.0,4.21,15.0,6.0,41.0,4334.0,1430.0,144.0,618.0,909.0,126.0,164.0,0.98,New York Yankees,Yankee Stadium II,2006436.0,100.0,102.0,NYY,NYA,NYA
1990,NL,NYN,NYM,E,2,162,81.0,91,71,N,,N,N,775.0,5504.0,1410.0,278.0,21.0,172.0,536.0,851.0,110.0,33.0,32.0,56.0,613.0,548.0,3.43,18.0,14.0,41.0,4320.0,1339.0,119.0,444.0,1217.0,132.0,107.0,0.978,New York Mets,Shea Stadium,2732745.0,100.0,99.0,NYM,NYN,NYN
1990,AL,OAK,OAK,W,1,162,81.0,103,59,Y,,Y,N,733.0,5433.0,1379.0,209.0,22.0,164.0,651.0,992.0,141.0,54.0,46.0,48.0,570.0,514.0,3.18,18.0,16.0,64.0,4368.0,1287.0,123.0,494.0,831.0,87.0,152.0,0.986,Oakland Athletics,Oakland Coliseum,2900217.0,96.0,95.0,OAK,OAK,OAK
1990,NL,PHI,PHI,E,4,162,81.0,77,85,N,,N,N,646.0,5535.0,1410.0,237.0,27.0,103.0,582.0,915.0,108.0,35.0,30.0,39.0,729.0,655.0,4.07,18.0,7.0,35.0,4347.0,1381.0,124.0,651.0,840.0,117.0,150.0,0.981,Philadelphia Phillies,Veterans Stadium,1992484.0,99.0,100.0,PHI,PHI,PHI
1990,NL,PIT,PIT,E,1,162,81.0,95,67,Y,,N,N,733.0,5388.0,1395.0,288.0,42.0,138.0,582.0,914.0,137.0,52.0,24.0,66.0,619.0,546.0,3.4,18.0,8.0,43.0,4341.0,1367.0,135.0,413.0,848.0,134.0,125.0,0.979,Pittsburgh Pirates,Three Rivers Stadium,2049908.0,96.0,95.0,PIT,PIT,PIT
1990,NL,SDN,SDP,W,4,162,81.0,75,87,N,,N,N,673.0,5554.0,1429.0,243.0,35.0,123.0,509.0,902.0,138.0,59.0,28.0,48.0,673.0,597.0,3.68,21.0,12.0,35.0,4385.0,1437.0,147.0,507.0,928.0,141.0,141.0,0.977,San Diego Padres,Jack Murphy Stadium,1856396.0,101.0,101.0,SDP,SDN,SDN
1990,AL,SEA,SEA,W,5,162,81.0,77,85,N,,N,N,640.0,5474.0,1419.0,251.0,26.0,107.0,596.0,749.0,105.0,51.0,40.0,54.0,680.0,592.0,3.69,21.0,7.0,41.0,4330.0,1319.0,120.0,606.0,1064.0,130.0,152.0,0.979,Seattle Mariners,Kingdome,1509727.0,101.0,101.0,SEA,SEA,SEA
1990,NL,SFN,SFG,W,3,162,81.0,85,77,N,,N,N,719.0,5573.0,1459.0,221.0,35.0,152.0,488.0,973.0,109.0,56.0,33.0,45.0,710.0,655.0,4.08,14.0,6.0,45.0,4339.0,1477.0,131.0,553.0,788.0,107.0,148.0,0.983,San Francisco Giants,Candlestick Park,1975528.0,96.0,96.0,SFG,SFN,SFN
1990,NL,SLN,STL,E,6,162,81.0,70,92,N,,N,N,599.0,5462.0,1398.0,255.0,41.0,73.0,517.0,844.0,221.0,74.0,21.0,50.0,698.0,621.0,3.87,8.0,13.0,39.0,4330.0,1432.0,98.0,475.0,833.0,130.0,114.0,0.979,St. Louis Cardinals,Busch Stadium II,2573225.0,100.0,100.0,STL,SLN,SLN
1990,AL,TEX,TEX,W,3,162,82.0,83,79,N,,N,N,676.0,5469.0,1416.0,257.0,27.0,110.0,575.0,1054.0,115.0,48.0,34.0,44.0,696.0,615.0,3.83,25.0,9.0,36.0,4334.0,1343.0,113.0,623.0,997.0,133.0,161.0,0.979,Texas Rangers,Arlington Stadium,2057911.0,100.0,101.0,TEX,TEX,TEX
1990,AL,TOR,TOR,E,2,162,81.0,86,76,N,,N,N,767.0,5589.0,1479.0,263.0,50.0,167.0,526.0,970.0,111.0,52.0,28.0,62.0,661.0,620.0,3.84,6.0,9.0,48.0,4362.0,1434.0,143.0,445.0,892.0,86.0,144.0,0.986,Toronto Blue Jays,Skydome,3885284.0,106.0,105.0,TOR,TOR,TOR
1991,NL,ATL,ATL,W,1,162,81.0,94,68,Y,,Y,N,749.0,5456.0,1407.0,255.0,30.0,141.0,563.0,906.0,165.0,76.0,32.0,45.0,644.0,563.0,3.49,18.0,7.0,48.0,4358.0,1304.0,118.0,481.0,969.0,138.0,122.0,0.978,Atlanta Braves,Atlanta-Fulton County Stadium,2140217.0,106.0,106.0,ATL,ATL,ATL
1991,AL,BAL,BAL,E,6,162,81.0,67,95,N,,N,N,686.0,5604.0,1421.0,256.0,29.0,170.0,528.0,974.0,50.0,33.0,33.0,45.0,796.0,743.0,4.59,8.0,8.0,42.0,4373.0,1534.0,147.0,504.0,868.0,91.0,172.0,0.985,Baltimore Orioles,Memorial Stadium,2552753.0,96.0,97.0,BAL,BAL,BAL
1991,AL,BOS,BOS,E,2,162,81.0,84,78,N,,N,N,731.0,5530.0,1486.0,305.0,25.0,126.0,593.0,820.0,59.0,39.0,32.0,51.0,712.0,642.0,4.01,15.0,13.0,45.0,4319.0,1405.0,147.0,530.0,999.0,116.0,165.0,0.981,Boston Red Sox,Fenway Park II,2562435.0,105.0,105.0,BOS,BOS,BOS
1991,AL,CAL,ANA,W,7,162,81.0,81,81,N,,N,N,653.0,5470.0,1396.0,245.0,29.0,115.0,448.0,928.0,94.0,56.0,38.0,31.0,649.0,591.0,3.69,18.0,10.0,50.0,4325.0,1351.0,141.0,543.0,990.0,102.0,156.0,0.984,California Angels,Anaheim Stadium,2416236.0,99.0,100.0,CAL,CAL,CAL
1991,AL,CHA,CHW,W,2,162,81.0,87,75,N,,N,N,758.0,5594.0,1464.0,226.0,39.0,139.0,610.0,896.0,134.0,74.0,37.0,41.0,681.0,622.0,3.79,28.0,8.0,40.0,4434.0,1302.0,154.0,601.0,923.0,116.0,151.0,0.982,Chicago White Sox,Comiskey Park II,2934154.0,98.0,97.0,CHW,CHA,CHA
1991,NL,CHN,CHC,E,4,160,83.0,77,83,N,,N,N,695.0,5522.0,1395.0,232.0,26.0,159.0,442.0,879.0,123.0,64.0,36.0,55.0,734.0,653.0,4.03,12.0,4.0,40.0,4370.0,1415.0,117.0,542.0,927.0,113.0,120.0,0.982,Chicago Cubs,Wrigley Field,2314250.0,104.0,105.0,CHC,CHN,CHN
1991,NL,CIN,CIN,W,5,162,81.0,74,88,N,,N,N,689.0,5501.0,1419.0,250.0,27.0,164.0,488.0,1006.0,124.0,56.0,32.0,41.0,691.0,613.0,3.83,7.0,11.0,43.0,4320.0,1372.0,127.0,560.0,997.0,125.0,131.0,0.979,Cincinnati Reds,Riverfront Stadium,2372377.0,104.0,104.0,CIN,CIN,CIN
1991,AL,CLE,CLE,E,7,162,82.0,57,105,N,,N,N,576.0,5470.0,1390.0,236.0,26.0,79.0,449.0,888.0,84.0,58.0,43.0,46.0,759.0,678.0,4.23,22.0,8.0,33.0,4324.0,1551.0,110.0,441.0,862.0,149.0,150.0,0.976,Cleveland Indians,Cleveland Stadium,1051863.0,101.0,102.0,CLE,CLE,CLE
1991,AL,DET,DET,E,2,162,81.0,84,78,N,,N,N,817.0,5547.0,1372.0,259.0,26.0,209.0,699.0,1185.0,109.0,47.0,31.0,44.0,794.0,726.0,4.51,18.0,8.0,38.0,4351.0,1570.0,148.0,593.0,739.0,104.0,171.0,0.983,Detroit Tigers,Tiger Stadium,1641661.0,102.0,102.0,DET,DET,DET
1991,NL,HOU,HOU,W,6,162,81.0,65,97,N,,N,N,605.0,5504.0,1345.0,240.0,43.0,79.0,502.0,1027.0,125.0,68.0,35.0,43.0,717.0,646.0,4.0,7.0,13.0,36.0,4359.0,1347.0,129.0,651.0,1033.0,161.0,129.0,0.974,Houston Astros,Astrodome,1196152.0,93.0,94.0,HOU,HOU,HOU
1991,AL,KCA,KCR,W,6,162,81.0,82,80,N,,N,N,727.0,5584.0,1475.0,290.0,41.0,117.0,523.0,969.0,119.0,68.0,35.0,47.0,722.0,639.0,3.92,17.0,12.0,41.0,4398.0,1473.0,105.0,529.0,1004.0,125.0,141.0,0.98,Kansas City Royals,Royals Stadium,2161537.0,100.0,101.0,KCR,KCA,KCA
1991,NL,LAN,LAD,W,2,162,81.0,93,69,N,,N,N,665.0,5408.0,1366.0,191.0,29.0,108.0,583.0,957.0,126.0,68.0,28.0,46.0,565.0,496.0,3.06,15.0,14.0,40.0,4374.0,1312.0,96.0,500.0,1028.0,123.0,126.0,0.98,Los Angeles Dodgers,Dodger Stadium,3348170.0,98.0,97.0,LAD,LAN,LAN
1991,AL,MIN,MIN,W,1,162,81.0,95,67,Y,,Y,Y,776.0,5556.0,1557.0,270.0,42.0,140.0,526.0,747.0,107.0,68.0,40.0,49.0,652.0,595.0,3.69,21.0,12.0,53.0,4348.0,1402.0,139.0,488.0,876.0,95.0,161.0,0.985,Minnesota Twins,Hubert H Humphrey Metrodome,2293842.0,105.0,104.0,MIN,MIN,MIN
1991,AL,ML4,MIL,E,4,162,80.0,83,79,N,,N,N,799.0,5611.0,1523.0,247.0,53.0,116.0,556.0,802.0,106.0,68.0,23.0,66.0,744.0,674.0,4.14,23.0,11.0,41.0,4391.0,1498.0,147.0,527.0,859.0,118.0,176.0,0.981,Milwaukee Brewers,County Stadium,1478729.0,98.0,98.0,MIL,MIL,MIL
1991,NL,MON,WSN,E,6,161,68.0,71,90,N,,N,N,579.0,5412.0,1329.0,236.0,42.0,95.0,484.0,1056.0,221.0,100.0,28.0,47.0,655.0,583.0,3.64,12.0,14.0,39.0,4321.0,1304.0,111.0,584.0,909.0,133.0,128.0,0.979,Montreal Expos,Stade Olympique,934742.0,99.0,99.0,MON,MON,MON
1991,AL,NYA,NYY,E,5,162,81.0,71,91,N,,N,N,674.0,5541.0,1418.0,249.0,19.0,147.0,473.0,861.0,109.0,36.0,39.0,50.0,777.0,709.0,4.42,3.0,11.0,37.0,4332.0,1510.0,152.0,506.0,936.0,133.0,181.0,0.979,New York Yankees,Yankee Stadium II,1863733.0,100.0,101.0,NYY,NYA,NYA
1991,NL,NYN,NYM,E,5,161,82.0,77,84,N,,N,N,640.0,5359.0,1305.0,250.0,24.0,117.0,578.0,789.0,153.0,70.0,27.0,52.0,646.0,568.0,3.56,12.0,11.0,39.0,4312.0,1403.0,108.0,410.0,1028.0,143.0,112.0,0.977,New York Mets,Shea Stadium,2284484.0,99.0,99.0,NYM,NYN,NYN
1991,AL,OAK,OAK,W,4,162,81.0,84,78,N,,N,N,760.0,5410.0,1342.0,246.0,19.0,159.0,642.0,981.0,151.0,64.0,50.0,49.0,776.0,734.0,4.57,14.0,10.0,49.0,4333.0,1425.0,155.0,655.0,892.0,107.0,150.0,0.982,Oakland Athletics,Oakland Coliseum,2713493.0,94.0,93.0,OAK,OAK,OAK
1991,NL,PHI,PHI,E,3,162,83.0,78,84,N,,N,N,629.0,5521.0,1332.0,248.0,33.0,111.0,490.0,1026.0,92.0,30.0,21.0,49.0,680.0,628.0,3.86,16.0,11.0,35.0,4389.0,1346.0,111.0,670.0,988.0,119.0,111.0,0.981,Philadelphia Phillies,Veterans Stadium,2050012.0,99.0,99.0,PHI,PHI,PHI
1991,NL,PIT,PIT,E,1,162,84.0,98,64,Y,,N,N,768.0,5449.0,1433.0,259.0,50.0,126.0,620.0,901.0,124.0,46.0,35.0,66.0,632.0,557.0,3.44,18.0,11.0,51.0,4370.0,1411.0,117.0,401.0,919.0,120.0,134.0,0.981,Pittsburgh Pirates,Three Rivers Stadium,2065302.0,99.0,98.0,PIT,PIT,PIT
1991,NL,SDN,SDP,W,3,162,81.0,84,78,N,,N,N,636.0,5408.0,1321.0,204.0,36.0,121.0,501.0,1069.0,101.0,64.0,32.0,38.0,646.0,577.0,3.57,14.0,11.0,47.0,4358.0,1385.0,139.0,457.0,921.0,113.0,130.0,0.982,San Diego Padres,Jack Murphy Stadium,1804289.0,103.0,103.0,SDP,SDN,SDN
1991,AL,SEA,SEA,W,5,162,81.0,83,79,N,,N,N,702.0,5494.0,1400.0,268.0,29.0,126.0,588.0,811.0,97.0,44.0,37.0,62.0,674.0,616.0,3.79,10.0,13.0,48.0,4393.0,1387.0,136.0,628.0,1003.0,110.0,187.0,0.983,Seattle Mariners,Kingdome,2147905.0,100.0,100.0,SEA,SEA,SEA
1991,NL,SFN,SFG,W,4,162,81.0,75,87,N,,N,N,649.0,5463.0,1345.0,215.0,48.0,141.0,471.0,973.0,95.0,57.0,40.0,33.0,697.0,646.0,4.03,10.0,10.0,45.0,4326.0,1397.0,143.0,544.0,905.0,109.0,151.0,0.982,San Francisco Giants,Candlestick Park,1737478.0,96.0,97.0,SFG,SFN,SFN
1991,NL,SLN,STL,E,2,162,84.0,84,78,N,,N,N,651.0,5362.0,1366.0,239.0,53.0,68.0,532.0,857.0,202.0,110.0,21.0,47.0,648.0,588.0,3.69,9.0,5.0,51.0,4306.0,1367.0,114.0,454.0,822.0,107.0,133.0,0.982,St. Louis Cardinals,Busch Stadium II,2448699.0,100.0,100.0,STL,SLN,SLN
1991,AL,TEX,TEX,W,3,162,81.0,85,77,N,,N,N,829.0,5703.0,1539.0,288.0,31.0,177.0,596.0,1039.0,102.0,50.0,42.0,41.0,814.0,734.0,4.47,9.0,10.0,41.0,4437.0,1486.0,151.0,662.0,1022.0,134.0,138.0,0.979,Texas Rangers,Arlington Stadium,2297720.0,98.0,99.0,TEX,TEX,TEX
1991,AL,TOR,TOR,E,1,162,81.0,91,71,Y,,N,N,684.0,5489.0,1412.0,295.0,45.0,133.0,499.0,1043.0,148.0,53.0,58.0,65.0,622.0,569.0,3.5,10.0,16.0,60.0,4388.0,1301.0,121.0,523.0,971.0,127.0,115.0,0.98,Toronto Blue Jays,Skydome,4001527.0,104.0,103.0,TOR,TOR,TOR
1992,NL,ATL,ATL,W,1,162,81.0,98,64,Y,,Y,N,682.0,5480.0,1391.0,223.0,48.0,138.0,493.0,924.0,126.0,60.0,26.0,50.0,569.0,510.0,3.14,26.0,24.0,41.0,4380.0,1321.0,89.0,489.0,948.0,109.0,121.0,0.982,Atlanta Braves,Atlanta-Fulton County Stadium,3077400.0,107.0,105.0,ATL,ATL,ATL
1992,AL,BAL,BAL,E,3,162,81.0,89,73,N,,N,N,705.0,5485.0,1423.0,243.0,36.0,148.0,647.0,827.0,89.0,48.0,51.0,59.0,656.0,616.0,3.79,20.0,16.0,48.0,4392.0,1419.0,124.0,518.0,846.0,93.0,168.0,0.985,Baltimore Orioles,Oriole Park at Camden Yards,3567819.0,102.0,101.0,BAL,BAL,BAL
1992,AL,BOS,BOS,E,7,162,81.0,73,89,N,,N,N,599.0,5461.0,1343.0,259.0,21.0,84.0,591.0,865.0,44.0,48.0,31.0,43.0,669.0,577.0,3.58,22.0,13.0,39.0,4346.0,1403.0,107.0,535.0,943.0,139.0,170.0,0.978,Boston Red Sox,Fenway Park II,2468574.0,106.0,107.0,BOS,BOS,BOS
1992,AL,CAL,ANA,W,5,162,81.0,72,90,N,,N,N,579.0,5364.0,1306.0,202.0,20.0,88.0,416.0,882.0,160.0,101.0,40.0,40.0,671.0,617.0,3.84,26.0,13.0,42.0,4338.0,1449.0,130.0,532.0,888.0,134.0,172.0,0.979,California Angels,Anaheim Stadium,2065444.0,100.0,101.0,CAL,CAL,CAL
1992,AL,CHA,CHW,W,3,162,82.0,86,76,N,,N,N,738.0,5498.0,1434.0,269.0,36.0,110.0,622.0,784.0,160.0,57.0,31.0,69.0,690.0,621.0,3.82,21.0,5.0,52.0,4385.0,1400.0,123.0,550.0,810.0,129.0,134.0,0.979,Chicago White Sox,Comiskey Park II,2681156.0,99.0,99.0,CHW,CHA,CHA
1992,NL,CHN,CHC,E,4,162,81.0,78,84,N,,N,N,593.0,5590.0,1420.0,221.0,41.0,104.0,417.0,816.0,77.0,51.0,31.0,40.0,624.0,554.0,3.39,16.0,11.0,37.0,4407.0,1337.0,107.0,575.0,901.0,114.0,142.0,0.982,Chicago Cubs,Wrigley Field,2126720.0,102.0,103.0,CHC,CHN,CHN
1992,NL,CIN,CIN,W,2,162,81.0,90,72,N,,N,N,660.0,5460.0,1418.0,281.0,44.0,99.0,563.0,888.0,125.0,65.0,21.0,52.0,609.0,558.0,3.46,9.0,11.0,55.0,4349.0,1362.0,109.0,470.0,1060.0,96.0,128.0,0.984,Cincinnati Reds,Riverfront Stadium,2315946.0,103.0,103.0,CIN,CIN,CIN
1992,AL,CLE,CLE,E,4,162,81.0,76,86,N,,N,N,674.0,5620.0,1495.0,227.0,24.0,127.0,448.0,885.0,144.0,67.0,45.0,44.0,746.0,671.0,4.11,13.0,7.0,46.0,4410.0,1507.0,159.0,566.0,890.0,141.0,176.0,0.978,Cleveland Indians,Cleveland Stadium,1224094.0,99.0,100.0,CLE,CLE,CLE
1992,AL,DET,DET,E,6,162,80.0,75,87,N,,N,N,791.0,5515.0,1411.0,256.0,16.0,182.0,675.0,1055.0,66.0,45.0,24.0,53.0,794.0,733.0,4.6,10.0,4.0,36.0,4307.0,1534.0,155.0,564.0,693.0,116.0,164.0,0.981,Detroit Tigers,Tiger Stadium,1423963.0,101.0,100.0,DET,DET,DET
1992,NL,HOU,HOU,W,4,162,81.0,81,81,N,,N,N,608.0,5480.0,1350.0,255.0,38.0,96.0,506.0,1025.0,139.0,54.0,48.0,40.0,668.0,603.0,3.72,5.0,12.0,45.0,4378.0,1386.0,114.0,539.0,978.0,114.0,125.0,0.981,Houston Astros,Astrodome,1211412.0,95.0,95.0,HOU,HOU,HOU
1992,AL,KCA,KCR,W,5,162,81.0,72,90,N,,N,N,610.0,5501.0,1411.0,284.0,42.0,75.0,439.0,741.0,131.0,71.0,51.0,46.0,667.0,613.0,3.81,9.0,12.0,44.0,4342.0,1426.0,106.0,512.0,834.0,122.0,164.0,0.98,Kansas City Royals,Royals Stadium,1867689.0,102.0,103.0,KCR,KCA,KCA
1992,NL,LAN,LAD,W,6,162,81.0,63,99,N,,N,N,548.0,5368.0,1333.0,201.0,34.0,72.0,503.0,899.0,142.0,78.0,24.0,40.0,636.0,545.0,3.41,18.0,13.0,29.0,4314.0,1401.0,82.0,553.0,981.0,174.0,136.0,0.972,Los Angeles Dodgers,Dodger Stadium,2473266.0,99.0,99.0,LAD,LAN,LAN
1992,AL,MIN,MIN,W,2,162,81.0,90,72,N,,N,N,747.0,5582.0,1544.0,275.0,27.0,104.0,527.0,834.0,123.0,74.0,53.0,59.0,653.0,598.0,3.7,16.0,13.0,50.0,4359.0,1391.0,121.0,479.0,923.0,95.0,155.0,0.985,Minnesota Twins,Hubert H Humphrey Metrodome,2482428.0,103.0,102.0,MIN,MIN,MIN
1992,AL,ML4,MIL,E,2,162,81.0,92,70,N,,N,N,740.0,5504.0,1477.0,272.0,35.0,82.0,511.0,779.0,256.0,115.0,33.0,72.0,604.0,556.0,3.43,19.0,14.0,39.0,4371.0,1344.0,127.0,435.0,793.0,89.0,146.0,0.986,Milwaukee Brewers,County Stadium,1857351.0,99.0,98.0,MIL,MIL,MIL
1992,NL,MON,WSN,E,2,162,81.0,87,75,N,,N,N,648.0,5477.0,1381.0,263.0,37.0,102.0,463.0,976.0,196.0,63.0,43.0,55.0,581.0,530.0,3.25,11.0,14.0,49.0,4404.0,1296.0,92.0,525.0,1014.0,124.0,113.0,0.98,Montreal Expos,Stade Olympique,1669127.0,99.0,99.0,MON,MON,MON
1992,AL,NYA,NYY,E,4,162,81.0,76,86,N,,N,N,733.0,5593.0,1462.0,281.0,18.0,163.0,536.0,903.0,78.0,37.0,42.0,55.0,746.0,679.0,4.21,20.0,9.0,44.0,4358.0,1453.0,129.0,612.0,851.0,114.0,165.0,0.982,New York Yankees,Yankee Stadium II,1748737.0,100.0,100.0,NYY,NYA,NYA
1992,NL,NYN,NYM,E,5,162,81.0,72,90,N,,N,N,599.0,5340.0,1254.0,259.0,17.0,93.0,572.0,956.0,129.0,52.0,28.0,45.0,653.0,588.0,3.66,17.0,13.0,34.0,4340.0,1404.0,98.0,482.0,1025.0,116.0,134.0,0.981,New York Mets,Shea Stadium,1779534.0,99.0,99.0,NYM,NYN,NYN
1992,AL,OAK,OAK,W,1,162,81.0,96,66,Y,,N,N,745.0,5387.0,1389.0,219.0,24.0,142.0,707.0,831.0,143.0,59.0,49.0,59.0,672.0,599.0,3.73,8.0,9.0,58.0,4341.0,1396.0,129.0,601.0,843.0,125.0,158.0,0.979,Oakland Athletics,Oakland Coliseum,2494160.0,94.0,95.0,OAK,OAK,OAK
1992,NL,PHI,PHI,E,6,162,81.0,70,92,N,,N,N,686.0,5500.0,1392.0,255.0,36.0,118.0,509.0,1059.0,127.0,31.0,52.0,46.0,717.0,652.0,4.11,27.0,7.0,34.0,4284.0,1387.0,113.0,549.0,851.0,131.0,128.0,0.978,Philadelphia Phillies,Veterans Stadium,1927448.0,100.0,100.0,PHI,PHI,PHI
1992,NL,PIT,PIT,E,1,162,81.0,96,66,Y,,N,N,693.0,5527.0,1409.0,272.0,54.0,106.0,569.0,872.0,110.0,53.0,25.0,56.0,595.0,551.0,3.35,20.0,20.0,43.0,4439.0,1410.0,101.0,455.0,844.0,101.0,144.0,0.984,Pittsburgh Pirates,Three Rivers Stadium,1829395.0,99.0,98.0,PIT,PIT,PIT
1992,NL,SDN,SDP,W,3,162,81.0,82,80,N,,N,N,617.0,5476.0,1396.0,255.0,30.0,135.0,453.0,864.0,69.0,52.0,26.0,41.0,636.0,578.0,3.56,9.0,11.0,46.0,4384.0,1444.0,111.0,439.0,971.0,115.0,127.0,0.982,San Diego Padres,Jack Murphy Stadium,1721406.0,101.0,102.0,SDP,SDN,SDN
1992,AL,SEA,SEA,W,7,162,81.0,64,98,N,,N,N,679.0,5564.0,1466.0,278.0,24.0,149.0,474.0,841.0,100.0,55.0,38.0,51.0,799.0,730.0,4.55,21.0,9.0,30.0,4335.0,1467.0,129.0,661.0,894.0,112.0,170.0,0.982,Seattle Mariners,Kingdome,1651367.0,100.0,100.0,SEA,SEA,SEA
1992,NL,SFN,SFG,W,5,162,81.0,72,90,N,,N,N,574.0,5456.0,1330.0,220.0,36.0,105.0,435.0,1067.0,112.0,64.0,39.0,39.0,647.0,586.0,3.61,9.0,12.0,30.0,4383.0,1385.0,128.0,502.0,927.0,113.0,174.0,0.982,San Francisco Giants,Candlestick Park,1560998.0,94.0,94.0,SFG,SFN,SFN
1992,NL,SLN,STL,E,3,162,81.0,83,79,N,,N,N,631.0,5594.0,1464.0,262.0,44.0,94.0,495.0,996.0,208.0,118.0,32.0,41.0,604.0,556.0,3.38,10.0,9.0,47.0,4440.0,1405.0,118.0,400.0,842.0,94.0,146.0,0.985,St. Louis Cardinals,Busch Stadium II,2418483.0,97.0,97.0,STL,SLN,SLN
1992,AL,TEX,TEX,W,4,162,81.0,77,85,N,,N,N,682.0,5537.0,1387.0,266.0,23.0,159.0,550.0,1036.0,81.0,44.0,50.0,45.0,753.0,663.0,4.09,19.0,3.0,42.0,4381.0,1471.0,113.0,598.0,1034.0,154.0,153.0,0.975,Texas Rangers,Arlington Stadium,2198231.0,97.0,97.0,TEX,TEX,TEX
1992,AL,TOR,TOR,E,1,162,81.0,96,66,Y,,Y,Y,780.0,5536.0,1458.0,265.0,40.0,163.0,561.0,933.0,129.0,39.0,47.0,54.0,682.0,626.0,3.91,18.0,14.0,49.0,4322.0,1346.0,124.0,541.0,954.0,93.0,109.0,0.985,Toronto Blue Jays,Skydome,4028318.0,105.0,104.0,TOR,TOR,TOR
1993,NL,ATL,ATL,W,1,162,81.0,104,58,Y,,N,N,767.0,5515.0,1444.0,239.0,29.0,169.0,560.0,946.0,125.0,48.0,36.0,50.0,559.0,507.0,3.14,18.0,16.0,46.0,4365.0,1297.0,101.0,480.0,1036.0,108.0,146.0,0.983,Atlanta Braves,Atlanta-Fulton County Stadium,3884720.0,101.0,100.0,ATL,ATL,ATL
1993,AL,BAL,BAL,E,3,162,81.0,85,77,N,,N,N,786.0,5508.0,1470.0,287.0,24.0,157.0,655.0,930.0,73.0,54.0,41.0,56.0,745.0,691.0,4.31,21.0,10.0,42.0,4328.0,1427.0,153.0,579.0,900.0,100.0,171.0,0.984,Baltimore Orioles,Oriole Park at Camden Yards,3644965.0,104.0,103.0,BAL,BAL,BAL
1993,AL,BOS,BOS,E,5,162,81.0,80,82,N,,N,N,686.0,5496.0,1451.0,319.0,29.0,114.0,508.0,871.0,73.0,38.0,62.0,49.0,698.0,609.0,3.77,9.0,11.0,44.0,4357.0,1379.0,127.0,552.0,997.0,122.0,155.0,0.98,Boston Red Sox,Fenway Park II,2422021.0,106.0,107.0,BOS,BOS,BOS
1993,AL,CAL,ANA,W,5,162,81.0,71,91,N,,N,N,684.0,5391.0,1399.0,259.0,24.0,114.0,564.0,930.0,169.0,100.0,38.0,46.0,770.0,690.0,4.34,26.0,6.0,41.0,4291.0,1482.0,153.0,550.0,843.0,120.0,161.0,0.98,California Angels,Anaheim Stadium,2057460.0,103.0,104.0,CAL,CAL,CAL
1993,AL,CHA,CHW,W,1,162,81.0,94,68,Y,,N,N,776.0,5483.0,1454.0,228.0,44.0,162.0,604.0,834.0,106.0,57.0,33.0,61.0,664.0,598.0,3.7,16.0,11.0,48.0,4362.0,1398.0,125.0,566.0,974.0,112.0,153.0,0.982,Chicago White Sox,Comiskey Park II,2581091.0,98.0,97.0,CHW,CHA,CHA
1993,NL,CHN,CHC,E,4,163,82.0,84,78,N,,N,N,738.0,5627.0,1521.0,259.0,32.0,161.0,446.0,923.0,100.0,43.0,34.0,42.0,739.0,673.0,4.18,8.0,5.0,56.0,4349.0,1514.0,153.0,470.0,905.0,115.0,162.0,0.982,Chicago Cubs,Wrigley Field,2653763.0,98.0,98.0,CHC,CHN,CHN
1993,NL,CIN,CIN,W,5,162,81.0,73,89,N,,N,N,722.0,5517.0,1457.0,261.0,28.0,137.0,485.0,1025.0,142.0,59.0,32.0,66.0,785.0,718.0,4.51,11.0,8.0,37.0,4302.0,1510.0,158.0,508.0,996.0,121.0,133.0,0.98,Cincinnati Reds,Riverfront Stadium,2453232.0,101.0,100.0,CIN,CIN,CIN
1993,AL,CLE,CLE,E,6,162,81.0,76,86,N,,N,N,790.0,5619.0,1547.0,264.0,31.0,141.0,488.0,843.0,159.0,55.0,49.0,72.0,813.0,735.0,4.58,7.0,8.0,45.0,4337.0,1591.0,182.0,591.0,888.0,148.0,174.0,0.976,Cleveland Indians,Cleveland Stadium,2177908.0,100.0,101.0,CLE,CLE,CLE
1993,NL,COL,COL,W,6,162,81.0,67,95,N,,N,N,758.0,5517.0,1507.0,278.0,59.0,142.0,388.0,944.0,146.0,90.0,46.0,52.0,967.0,860.0,5.41,9.0,0.0,35.0,4294.0,1664.0,181.0,609.0,913.0,167.0,149.0,0.973,Colorado Rockies,Mile High Stadium,4483350.0,117.0,118.0,COL,COL,COL
1993,AL,DET,DET,E,3,162,81.0,85,77,N,,N,N,899.0,5620.0,1546.0,282.0,38.0,178.0,765.0,1122.0,104.0,63.0,35.0,52.0,837.0,742.0,4.65,11.0,7.0,36.0,4310.0,1547.0,188.0,542.0,828.0,132.0,148.0,0.979,Detroit Tigers,Tiger Stadium,1971421.0,99.0,99.0,DET,DET,DET
1993,NL,FLO,FLA,E,6,162,81.0,64,98,N,,N,N,581.0,5475.0,1356.0,197.0,31.0,94.0,498.0,1054.0,117.0,56.0,51.0,43.0,724.0,661.0,4.13,4.0,5.0,48.0,4321.0,1437.0,135.0,598.0,945.0,125.0,130.0,0.98,Florida Marlins,Joe Robbie Stadium,3064847.0,104.0,106.0,FLA,FLO,FLO
1993,NL,HOU,HOU,W,3,162,81.0,85,77,N,,N,N,716.0,5464.0,1459.0,288.0,37.0,138.0,497.0,911.0,103.0,60.0,40.0,47.0,630.0,559.0,3.49,18.0,14.0,42.0,4324.0,1363.0,117.0,476.0,1056.0,126.0,141.0,0.979,Houston Astros,Astrodome,2084618.0,96.0,96.0,HOU,HOU,HOU
1993,AL,KCA,KCR,W,3,162,81.0,84,78,N,,N,N,675.0,5522.0,1455.0,294.0,35.0,125.0,428.0,936.0,100.0,75.0,52.0,51.0,694.0,649.0,4.04,16.0,6.0,48.0,4336.0,1379.0,105.0,571.0,985.0,97.0,150.0,0.984,Kansas City Royals,Kauffman Stadium,1934578.0,106.0,106.0,KCR,KCA,KCA
1993,NL,LAN,LAD,W,4,162,81.0,81,81,N,,N,N,675.0,5588.0,1458.0,234.0,28.0,130.0,492.0,937.0,126.0,61.0,27.0,47.0,662.0,573.0,3.5,17.0,9.0,36.0,4418.0,1406.0,103.0,567.0,1043.0,133.0,141.0,0.979,Los Angeles Dodgers,Dodger Stadium,3170393.0,95.0,95.0,LAD,LAN,LAN
1993,AL,MIN,MIN,W,5,162,81.0,71,91,N,,N,N,693.0,5601.0,1480.0,261.0,27.0,121.0,493.0,850.0,83.0,59.0,51.0,37.0,830.0,756.0,4.71,5.0,3.0,44.0,4333.0,1591.0,148.0,514.0,901.0,100.0,160.0,0.984,Minnesota Twins,Hubert H Humphrey Metrodome,2048673.0,100.0,100.0,MIN,MIN,MIN
1993,AL,ML4,MIL,E,7,162,81.0,69,93,N,,N,N,733.0,5525.0,1426.0,240.0,25.0,125.0,555.0,932.0,138.0,93.0,40.0,45.0,792.0,716.0,4.45,26.0,6.0,29.0,4341.0,1511.0,153.0,522.0,810.0,131.0,148.0,0.979,Milwaukee Brewers,County Stadium,1688080.0,99.0,99.0,MIL,MIL,MIL
1993,NL,MON,WSN,E,2,163,81.0,94,68,N,,N,N,732.0,5493.0,1410.0,270.0,36.0,122.0,542.0,860.0,228.0,56.0,48.0,50.0,682.0,574.0,3.55,8.0,7.0,61.0,4370.0,1369.0,119.0,521.0,934.0,159.0,144.0,0.975,Montreal Expos,Stade Olympique,1641437.0,105.0,104.0,MON,MON,MON
1993,AL,NYA,NYY,E,2,162,81.0,88,74,N,,N,N,821.0,5615.0,1568.0,294.0,24.0,178.0,629.0,910.0,39.0,35.0,43.0,50.0,761.0,695.0,4.35,11.0,13.0,38.0,4315.0,1467.0,170.0,552.0,899.0,105.0,166.0,0.983,New York Yankees,Yankee Stadium II,2416942.0,97.0,96.0,NYY,NYA,NYA
1993,NL,NYN,NYM,E,7,162,81.0,59,103,N,,N,N,672.0,5448.0,1350.0,228.0,37.0,158.0,448.0,879.0,79.0,50.0,24.0,47.0,744.0,647.0,4.05,16.0,8.0,22.0,4314.0,1483.0,139.0,434.0,867.0,156.0,143.0,0.975,New York Mets,Shea Stadium,1873183.0,99.0,100.0,NYM,NYN,NYN
1993,AL,OAK,OAK,W,7,162,81.0,68,94,N,,N,N,715.0,5543.0,1408.0,260.0,21.0,158.0,622.0,1048.0,131.0,59.0,33.0,49.0,846.0,791.0,4.9,8.0,2.0,42.0,4357.0,1551.0,157.0,680.0,864.0,111.0,161.0,0.982,Oakland Athletics,Oakland Coliseum,2035025.0,94.0,94.0,OAK,OAK,OAK
1993,NL,PHI,PHI,E,1,162,81.0,97,65,Y,,Y,N,877.0,5685.0,1555.0,297.0,51.0,156.0,665.0,1049.0,91.0,32.0,42.0,51.0,740.0,647.0,3.95,24.0,11.0,46.0,4418.0,1419.0,129.0,573.0,1117.0,141.0,123.0,0.977,Philadelphia Phillies,Veterans Stadium,3137674.0,99.0,98.0,PHI,PHI,PHI
1993,NL,PIT,PIT,E,5,162,81.0,75,87,N,,N,N,707.0,5549.0,1482.0,267.0,50.0,110.0,536.0,972.0,92.0,55.0,55.0,52.0,806.0,766.0,4.77,12.0,5.0,34.0,4337.0,1557.0,153.0,485.0,832.0,105.0,161.0,0.983,Pittsburgh Pirates,Three Rivers Stadium,1650593.0,99.0,100.0,PIT,PIT,PIT
1993,NL,SDN,SDP,W,7,162,81.0,61,101,N,,N,N,679.0,5503.0,1386.0,239.0,28.0,153.0,443.0,1046.0,92.0,41.0,59.0,50.0,772.0,675.0,4.23,8.0,6.0,32.0,4313.0,1470.0,148.0,558.0,957.0,160.0,129.0,0.974,San Diego Padres,Jack Murphy Stadium,1375432.0,102.0,102.0,SDP,SDN,SDN
1993,AL,SEA,SEA,W,4,162,81.0,82,80,N,,N,N,734.0,5494.0,1429.0,272.0,24.0,161.0,624.0,901.0,91.0,68.0,56.0,51.0,731.0,678.0,4.2,22.0,10.0,41.0,4361.0,1421.0,135.0,605.0,1083.0,90.0,173.0,0.985,Seattle Mariners,Kingdome,2052638.0,101.0,102.0,SEA,SEA,SEA
1993,NL,SFN,SFG,W,2,162,81.0,103,59,N,,N,N,808.0,5557.0,1534.0,269.0,33.0,168.0,516.0,930.0,120.0,65.0,46.0,50.0,636.0,585.0,3.61,4.0,9.0,50.0,4370.0,1385.0,168.0,442.0,982.0,101.0,169.0,0.984,San Francisco Giants,Candlestick Park,2606354.0,97.0,96.0,SFG,SFN,SFN
1993,NL,SLN,STL,E,3,162,81.0,87,75,N,,N,N,758.0,5551.0,1508.0,262.0,34.0,118.0,588.0,882.0,153.0,72.0,27.0,54.0,744.0,660.0,4.09,5.0,7.0,54.0,4359.0,1553.0,152.0,383.0,775.0,159.0,157.0,0.975,St. Louis Cardinals,Busch Stadium II,2844977.0,98.0,98.0,STL,SLN,SLN
1993,AL,TEX,TEX,W,2,162,81.0,86,76,N,,N,N,835.0,5510.0,1472.0,284.0,39.0,181.0,483.0,984.0,113.0,67.0,48.0,56.0,751.0,684.0,4.28,20.0,6.0,45.0,4315.0,1476.0,144.0,562.0,957.0,132.0,145.0,0.979,Texas Rangers,Arlington Stadium,2244616.0,96.0,96.0,TEX,TEX,TEX
1993,AL,TOR,TOR,E,1,162,81.0,95,67,Y,,Y,Y,847.0,5579.0,1556.0,317.0,42.0,159.0,588.0,861.0,170.0,49.0,52.0,54.0,742.0,674.0,4.21,11.0,11.0,50.0,4324.0,1441.0,134.0,620.0,1023.0,107.0,144.0,0.982,Toronto Blue Jays,Skydome,4057947.0,101.0,100.0,TOR,TOR,TOR
1994,NL,ATL,ATL,E,2,114,55.0,68,46,,,,,542.0,3861.0,1031.0,198.0,18.0,137.0,377.0,668.0,48.0,31.0,22.0,29.0,448.0,407.0,3.57,16.0,8.0,26.0,3079.0,929.0,76.0,378.0,865.0,81.0,85.0,0.982,Atlanta Braves,Atlanta-Fulton County Stadium,2539240.0,102.0,100.0,ATL,ATL,ATL
1994,AL,BAL,BAL,E,2,112,55.0,63,49,,,,,589.0,3856.0,1047.0,185.0,20.0,139.0,438.0,655.0,69.0,13.0,39.0,35.0,497.0,478.0,4.31,13.0,4.0,37.0,2993.0,1005.0,131.0,351.0,666.0,57.0,103.0,0.986,Baltimore Orioles,Oriole Park at Camden Yards,2535359.0,105.0,104.0,BAL,BAL,BAL
1994,AL,BOS,BOS,E,4,115,64.0,54,61,,,,,552.0,3940.0,1038.0,222.0,19.0,120.0,404.0,723.0,81.0,38.0,31.0,33.0,621.0,564.0,4.93,6.0,3.0,30.0,3088.0,1104.0,120.0,450.0,729.0,81.0,124.0,0.981,Boston Red Sox,Fenway Park II,1775818.0,105.0,105.0,BOS,BOS,BOS
1994,AL,CAL,ANA,W,4,115,63.0,47,68,,,,,543.0,3943.0,1042.0,178.0,16.0,120.0,402.0,715.0,65.0,54.0,27.0,29.0,660.0,618.0,5.42,11.0,4.0,21.0,3081.0,1149.0,150.0,436.0,682.0,76.0,110.0,0.983,California Angels,Anaheim Stadium,1512622.0,101.0,101.0,CAL,CAL,CAL
1994,AL,CHA,CHW,C,1,113,53.0,67,46,,,,,633.0,3942.0,1133.0,175.0,39.0,121.0,497.0,568.0,77.0,27.0,20.0,46.0,498.0,445.0,3.96,13.0,9.0,20.0,3034.0,964.0,115.0,377.0,754.0,79.0,91.0,0.981,Chicago White Sox,Comiskey Park II,1697398.0,99.0,98.0,CHW,CHA,CHA
1994,NL,CHN,CHC,C,5,113,59.0,49,64,,,,,500.0,3918.0,1015.0,189.0,26.0,109.0,364.0,750.0,69.0,53.0,27.0,23.0,549.0,508.0,4.47,5.0,5.0,27.0,3071.0,1054.0,120.0,392.0,717.0,81.0,110.0,0.982,Chicago Cubs,Wrigley Field,1845208.0,99.0,99.0,CHC,CHN,CHN
1994,NL,CIN,CIN,C,1,115,60.0,66,48,,,,,609.0,3999.0,1142.0,211.0,36.0,124.0,388.0,738.0,119.0,51.0,29.0,42.0,490.0,436.0,3.78,6.0,6.0,27.0,3115.0,1037.0,117.0,339.0,799.0,73.0,91.0,0.983,Cincinnati Reds,Riverfront Stadium,1897681.0,99.0,99.0,CIN,CIN,CIN
1994,AL,CLE,CLE,C,2,113,51.0,66,47,,,,,679.0,4022.0,1165.0,240.0,20.0,167.0,382.0,629.0,131.0,48.0,18.0,38.0,562.0,494.0,4.36,17.0,5.0,21.0,3056.0,1097.0,94.0,404.0,666.0,90.0,119.0,0.98,Cleveland Indians,Jacobs Field,1995174.0,99.0,97.0,CLE,CLE,CLE
1994,NL,COL,COL,W,3,117,57.0,53,64,,,,,573.0,4006.0,1098.0,206.0,39.0,125.0,378.0,761.0,91.0,53.0,23.0,36.0,638.0,590.0,5.15,4.0,5.0,28.0,3093.0,1185.0,120.0,448.0,703.0,84.0,117.0,0.981,Colorado Rockies,Mile High Stadium,3281511.0,117.0,118.0,COL,COL,COL
1994,AL,DET,DET,E,5,115,58.0,53,62,,,,,652.0,3955.0,1048.0,216.0,25.0,161.0,520.0,897.0,46.0,33.0,34.0,48.0,671.0,609.0,5.38,15.0,1.0,20.0,3054.0,1139.0,148.0,449.0,560.0,82.0,90.0,0.981,Detroit Tigers,Tiger Stadium,1184783.0,101.0,101.0,DET,DET,DET
1994,NL,FLO,FLA,E,5,115,59.0,51,64,,,,,468.0,3926.0,1043.0,180.0,24.0,94.0,349.0,746.0,65.0,26.0,40.0,30.0,576.0,507.0,4.5,5.0,7.0,30.0,3045.0,1069.0,120.0,428.0,649.0,95.0,111.0,0.978,Florida Marlins,Joe Robbie Stadium,1937467.0,102.0,103.0,FLA,FLO,FLO
1994,NL,HOU,HOU,C,2,115,59.0,66,49,,,,,602.0,3955.0,1099.0,252.0,25.0,120.0,394.0,718.0,124.0,44.0,43.0,35.0,503.0,454.0,3.97,9.0,6.0,29.0,3089.0,1043.0,102.0,367.0,739.0,76.0,110.0,0.983,Houston Astros,Astrodome,1561136.0,95.0,94.0,HOU,HOU,HOU
1994,AL,KCA,KCR,C,3,115,59.0,64,51,,,,,574.0,3911.0,1051.0,211.0,38.0,100.0,376.0,698.0,140.0,62.0,33.0,38.0,532.0,485.0,4.23,5.0,6.0,38.0,3095.0,1018.0,95.0,392.0,717.0,80.0,102.0,0.982,Kansas City Royals,Kauffman Stadium,1400494.0,104.0,104.0,KCR,KCA,KCA
1994,NL,LAN,LAD,W,1,114,55.0,58,56,,,,,532.0,3904.0,1055.0,160.0,29.0,115.0,366.0,687.0,74.0,37.0,19.0,31.0,509.0,470.0,4.17,14.0,5.0,20.0,3042.0,1041.0,90.0,354.0,732.0,88.0,104.0,0.98,Los Angeles Dodgers,Dodger Stadium,2279355.0,94.0,94.0,LAD,LAN,LAN
1994,AL,MIN,MIN,C,4,113,59.0,53,60,,,,,594.0,3952.0,1092.0,239.0,23.0,103.0,359.0,635.0,94.0,30.0,41.0,34.0,688.0,634.0,5.68,6.0,4.0,29.0,3015.0,1197.0,153.0,388.0,602.0,75.0,99.0,0.982,Minnesota Twins,Hubert H Humphrey Metrodome,1398565.0,100.0,102.0,MIN,MIN,MIN
1994,AL,ML4,MIL,C,5,115,56.0,53,62,,,,,547.0,3978.0,1045.0,238.0,21.0,99.0,417.0,680.0,59.0,37.0,33.0,38.0,586.0,532.0,4.62,11.0,3.0,23.0,3108.0,1071.0,127.0,421.0,577.0,85.0,130.0,0.981,Milwaukee Brewers,County Stadium,1268399.0,104.0,105.0,MIL,MIL,MIL
1994,NL,MON,WSN,E,1,114,52.0,74,40,,,,,585.0,4000.0,1111.0,246.0,30.0,108.0,379.0,669.0,137.0,36.0,40.0,42.0,454.0,410.0,3.56,4.0,8.0,46.0,3110.0,970.0,100.0,288.0,805.0,94.0,90.0,0.979,Montreal Expos,Stade Olympique,1276250.0,101.0,101.0,MON,MON,MON
1994,AL,NYA,NYY,E,1,113,57.0,70,43,,,,,670.0,3986.0,1155.0,238.0,16.0,139.0,530.0,660.0,55.0,40.0,31.0,37.0,534.0,492.0,4.34,8.0,2.0,31.0,3059.0,1045.0,120.0,398.0,656.0,80.0,122.0,0.982,New York Yankees,Yankee Stadium II,1675556.0,97.0,96.0,NYY,NYA,NYA
1994,NL,NYN,NYM,E,3,113,53.0,55,58,,,,,506.0,3869.0,966.0,164.0,21.0,117.0,336.0,807.0,25.0,26.0,52.0,31.0,526.0,470.0,4.13,7.0,3.0,35.0,3069.0,1069.0,117.0,332.0,640.0,89.0,112.0,0.98,New York Mets,Shea Stadium,1151471.0,99.0,99.0,NYM,NYN,NYN
1994,AL,OAK,OAK,W,2,114,56.0,51,63,,,,,549.0,3885.0,1009.0,178.0,13.0,113.0,417.0,686.0,91.0,39.0,18.0,51.0,589.0,535.0,4.8,12.0,9.0,23.0,3010.0,979.0,128.0,510.0,732.0,88.0,105.0,0.979,Oakland Athletics,Oakland Coliseum,1242692.0,91.0,92.0,OAK,OAK,OAK
1994,NL,PHI,PHI,E,4,115,60.0,54,61,,,,,521.0,3927.0,1028.0,208.0,28.0,80.0,396.0,711.0,67.0,24.0,31.0,31.0,497.0,438.0,3.85,7.0,6.0,30.0,3073.0,1028.0,98.0,377.0,699.0,94.0,96.0,0.978,Philadelphia Phillies,Veterans Stadium,2290971.0,102.0,102.0,PHI,PHI,PHI
1994,NL,PIT,PIT,C,3,114,61.0,53,61,,,,,466.0,3864.0,1001.0,198.0,23.0,80.0,349.0,725.0,53.0,25.0,22.0,28.0,580.0,518.0,4.64,8.0,2.0,24.0,3017.0,1094.0,117.0,370.0,650.0,91.0,131.0,0.98,Pittsburgh Pirates,Three Rivers Stadium,1222520.0,101.0,102.0,PIT,PIT,PIT
1994,NL,SDN,SDP,W,4,117,57.0,47,70,,,,,479.0,4068.0,1117.0,200.0,19.0,92.0,319.0,762.0,79.0,37.0,31.0,33.0,531.0,474.0,4.08,8.0,6.0,27.0,3137.0,1008.0,99.0,393.0,862.0,111.0,82.0,0.975,San Diego Padres,Jack Murphy Stadium,953857.0,97.0,98.0,SDP,SDN,SDN
1994,AL,SEA,SEA,W,3,112,44.0,49,63,,,,,569.0,3883.0,1045.0,211.0,18.0,153.0,372.0,652.0,48.0,21.0,26.0,32.0,616.0,546.0,4.99,13.0,7.0,21.0,2952.0,1051.0,109.0,486.0,763.0,95.0,102.0,0.977,Seattle Mariners,Kingdome,1104206.0,102.0,102.0,SEA,SEA,SEA
1994,NL,SFN,SFG,W,2,115,60.0,55,60,,,,,504.0,3869.0,963.0,159.0,32.0,123.0,364.0,719.0,114.0,40.0,39.0,27.0,500.0,454.0,3.99,2.0,4.0,33.0,3076.0,1014.0,122.0,372.0,655.0,68.0,113.0,0.985,San Francisco Giants,Candlestick Park,1704608.0,94.0,94.0,SFG,SFN,SFN
1994,NL,SLN,STL,C,3,115,56.0,53,61,,,,,535.0,3902.0,1026.0,213.0,27.0,108.0,434.0,686.0,76.0,46.0,33.0,37.0,621.0,581.0,5.14,7.0,7.0,29.0,3054.0,1154.0,134.0,355.0,632.0,80.0,119.0,0.982,St. Louis Cardinals,Busch Stadium II,1866544.0,98.0,99.0,STL,SLN,SLN
1994,AL,TEX,TEX,W,1,114,63.0,52,62,,,,,613.0,3983.0,1114.0,198.0,27.0,124.0,437.0,730.0,82.0,35.0,36.0,34.0,697.0,620.0,5.45,10.0,4.0,26.0,3069.0,1176.0,157.0,394.0,683.0,106.0,106.0,0.976,Texas Rangers,The Ballpark at Arlington,2503198.0,100.0,101.0,TEX,TEX,TEX
1994,AL,TOR,TOR,E,3,115,59.0,55,60,,,,,566.0,3962.0,1064.0,210.0,30.0,115.0,387.0,691.0,79.0,26.0,38.0,44.0,579.0,535.0,4.7,13.0,4.0,26.0,3075.0,1053.0,127.0,482.0,832.0,81.0,105.0,0.981,Toronto Blue Jays,Skydome,2907933.0,100.0,100.0,TOR,TOR,TOR
1995,NL,ATL,ATL,E,1,144,72.0,90,54,Y,N,Y,Y,645.0,4814.0,1202.0,210.0,27.0,168.0,520.0,933.0,73.0,43.0,40.0,34.0,540.0,494.0,3.44,18.0,11.0,34.0,3875.0,1184.0,107.0,436.0,1087.0,100.0,113.0,0.982,Atlanta Braves,Atlanta-Fulton County Stadium,2561831.0,103.0,102.0,ATL,ATL,ATL
1995,AL,BAL,BAL,E,3,144,72.0,71,73,N,N,N,N,704.0,4837.0,1267.0,229.0,27.0,173.0,574.0,803.0,92.0,45.0,39.0,41.0,640.0,607.0,4.31,19.0,10.0,29.0,3801.0,1165.0,149.0,523.0,930.0,72.0,141.0,0.986,Baltimore Orioles,Oriole Park at Camden Yards,3098475.0,102.0,101.0,BAL,BAL,BAL
1995,AL,BOS,BOS,E,1,144,72.0,86,58,Y,N,N,N,791.0,4997.0,1399.0,286.0,31.0,175.0,560.0,923.0,99.0,44.0,65.0,49.0,698.0,631.0,4.39,7.0,9.0,39.0,3878.0,1338.0,127.0,476.0,888.0,120.0,151.0,0.978,Boston Red Sox,Fenway Park II,2164410.0,103.0,103.0,BOS,BOS,BOS
1995,AL,CAL,ANA,W,2,145,72.0,78,67,N,N,N,N,801.0,5019.0,1390.0,252.0,25.0,186.0,564.0,889.0,58.0,39.0,36.0,38.0,697.0,645.0,4.52,8.0,9.0,42.0,3853.0,1310.0,163.0,486.0,901.0,95.0,120.0,0.982,California Angels,Anaheim Stadium,1748680.0,99.0,99.0,CAL,CAL,CAL
1995,AL,CHA,CHW,C,3,145,72.0,68,76,N,N,N,N,755.0,5060.0,1417.0,252.0,37.0,146.0,576.0,767.0,110.0,39.0,32.0,56.0,758.0,693.0,4.85,12.0,4.0,36.0,3854.0,1374.0,164.0,617.0,892.0,108.0,131.0,0.98,Chicago White Sox,Comiskey Park II,1609773.0,96.0,95.0,CHW,CHA,CHA
1995,NL,CHN,CHC,C,3,144,72.0,73,71,N,N,N,N,693.0,4963.0,1315.0,267.0,39.0,158.0,440.0,953.0,105.0,37.0,34.0,35.0,671.0,597.0,4.13,6.0,12.0,45.0,3903.0,1313.0,162.0,518.0,926.0,115.0,115.0,0.979,Chicago Cubs,Wrigley Field,1918265.0,98.0,98.0,CHC,CHN,CHN
1995,NL,CIN,CIN,C,1,144,72.0,85,59,Y,N,N,N,747.0,4903.0,1326.0,277.0,35.0,161.0,519.0,946.0,190.0,68.0,40.0,50.0,623.0,578.0,4.03,8.0,10.0,38.0,3868.0,1270.0,131.0,424.0,903.0,79.0,140.0,0.986,Cincinnati Reds,Riverfront Stadium,1837649.0,100.0,99.0,CIN,CIN,CIN
1995,AL,CLE,CLE,C,1,144,72.0,100,44,Y,N,Y,N,840.0,5028.0,1461.0,279.0,23.0,207.0,542.0,766.0,132.0,53.0,35.0,48.0,607.0,554.0,3.83,10.0,10.0,50.0,3903.0,1261.0,135.0,445.0,926.0,101.0,142.0,0.982,Cleveland Indians,Jacobs Field,2842745.0,101.0,99.0,CLE,CLE,CLE
1995,NL,COL,COL,W,2,144,72.0,77,67,N,Y,N,N,785.0,4994.0,1406.0,259.0,43.0,200.0,484.0,943.0,125.0,59.0,56.0,31.0,783.0,711.0,4.97,1.0,1.0,43.0,3865.0,1443.0,160.0,512.0,891.0,107.0,146.0,0.981,Colorado Rockies,Coors Field,3390037.0,129.0,129.0,COL,COL,COL
1995,AL,DET,DET,E,4,144,72.0,60,84,N,N,N,N,654.0,4865.0,1204.0,228.0,29.0,159.0,551.0,987.0,73.0,36.0,41.0,43.0,844.0,778.0,5.49,5.0,3.0,38.0,3825.0,1509.0,170.0,536.0,729.0,106.0,143.0,0.981,Detroit Tigers,Tiger Stadium,1180979.0,100.0,101.0,DET,DET,DET
1995,NL,FLO,FLA,E,4,143,71.0,67,76,N,N,N,N,673.0,4886.0,1278.0,214.0,29.0,144.0,517.0,916.0,131.0,53.0,49.0,48.0,673.0,610.0,4.27,12.0,7.0,29.0,3858.0,1299.0,139.0,562.0,994.0,115.0,143.0,0.979,Florida Marlins,Joe Robbie Stadium,1700466.0,101.0,101.0,FLA,FLO,FLO
1995,NL,HOU,HOU,C,2,144,72.0,76,68,N,N,N,N,747.0,5097.0,1403.0,260.0,22.0,109.0,566.0,992.0,176.0,60.0,69.0,47.0,674.0,596.0,4.06,6.0,8.0,32.0,3961.0,1357.0,118.0,460.0,1056.0,121.0,120.0,0.979,Houston Astros,Astrodome,1363801.0,93.0,93.0,HOU,HOU,HOU
1995,AL,KCA,KCR,C,2,144,72.0,70,74,N,N,N,N,629.0,4903.0,1275.0,240.0,35.0,119.0,475.0,849.0,120.0,53.0,43.0,39.0,691.0,642.0,4.49,11.0,10.0,37.0,3864.0,1323.0,142.0,503.0,763.0,90.0,168.0,0.984,Kansas City Royals,Kauffman Stadium,1233530.0,101.0,101.0,KCR,KCA,KCA
1995,NL,LAN,LAD,W,1,144,72.0,78,66,Y,N,N,N,634.0,4942.0,1303.0,191.0,31.0,140.0,468.0,1023.0,127.0,45.0,30.0,35.0,609.0,526.0,3.66,16.0,11.0,37.0,3885.0,1188.0,125.0,462.0,1060.0,130.0,120.0,0.976,Los Angeles Dodgers,Dodger Stadium,2766251.0,91.0,91.0,LAD,LAN,LAN
1995,AL,MIN,MIN,C,5,144,72.0,56,88,N,N,N,N,703.0,5005.0,1398.0,270.0,34.0,120.0,471.0,916.0,105.0,57.0,58.0,36.0,889.0,815.0,5.76,7.0,2.0,27.0,3818.0,1450.0,210.0,533.0,790.0,100.0,141.0,0.981,Minnesota Twins,Hubert H Humphrey Metrodome,1057667.0,101.0,102.0,MIN,MIN,MIN
1995,AL,ML4,MIL,C,4,144,72.0,65,79,N,N,N,N,740.0,5000.0,1329.0,249.0,42.0,128.0,502.0,800.0,105.0,40.0,46.0,42.0,747.0,689.0,4.82,7.0,4.0,31.0,3858.0,1391.0,146.0,603.0,699.0,105.0,186.0,0.981,Milwaukee Brewers,County Stadium,1087560.0,105.0,105.0,MIL,MIL,MIL
1995,NL,MON,WSN,E,5,144,72.0,66,78,N,N,N,N,621.0,4905.0,1268.0,265.0,24.0,118.0,400.0,901.0,120.0,49.0,56.0,32.0,638.0,586.0,4.11,7.0,9.0,42.0,3851.0,1286.0,128.0,416.0,950.0,109.0,119.0,0.98,Montreal Expos,Stade Olympique,1309618.0,104.0,103.0,MON,MON,MON
1995,AL,NYA,NYY,E,2,145,73.0,79,65,N,Y,N,N,749.0,4947.0,1365.0,280.0,34.0,122.0,625.0,851.0,50.0,30.0,39.0,68.0,688.0,651.0,4.56,18.0,5.0,35.0,3854.0,1286.0,159.0,535.0,908.0,74.0,121.0,0.986,New York Yankees,Yankee Stadium II,1705263.0,99.0,98.0,NYY,NYA,NYA
1995,NL,NYN,NYM,E,2,144,72.0,69,75,N,N,N,N,657.0,4958.0,1323.0,218.0,34.0,125.0,446.0,994.0,58.0,39.0,42.0,43.0,618.0,556.0,3.88,9.0,9.0,36.0,3873.0,1296.0,133.0,401.0,901.0,115.0,125.0,0.979,New York Mets,Shea Stadium,1273183.0,96.0,97.0,NYM,NYN,NYN
1995,AL,OAK,OAK,W,4,144,72.0,67,77,N,N,N,N,730.0,4916.0,1296.0,228.0,18.0,169.0,565.0,911.0,112.0,46.0,45.0,58.0,761.0,698.0,4.93,8.0,4.0,34.0,3819.0,1320.0,153.0,556.0,890.0,102.0,151.0,0.981,Oakland Athletics,Oakland Coliseum,1174310.0,91.0,91.0,OAK,OAK,OAK
1995,NL,PHI,PHI,E,2,144,72.0,69,75,N,N,N,N,615.0,4950.0,1296.0,263.0,30.0,94.0,497.0,884.0,72.0,25.0,46.0,41.0,658.0,603.0,4.21,8.0,8.0,41.0,3871.0,1241.0,134.0,538.0,980.0,97.0,139.0,0.982,Philadelphia Phillies,Veterans Stadium,2043598.0,100.0,101.0,PHI,PHI,PHI
1995,NL,PIT,PIT,C,5,144,72.0,58,86,N,N,N,N,629.0,4937.0,1281.0,245.0,27.0,125.0,456.0,972.0,84.0,55.0,24.0,33.0,736.0,666.0,4.7,11.0,7.0,29.0,3826.0,1407.0,130.0,477.0,871.0,122.0,138.0,0.978,Pittsburgh Pirates,Three Rivers Stadium,905517.0,102.0,103.0,PIT,PIT,PIT
1995,NL,SDN,SDP,W,3,144,72.0,70,74,N,N,N,N,668.0,4950.0,1345.0,231.0,20.0,116.0,447.0,872.0,124.0,46.0,35.0,38.0,672.0,590.0,4.13,6.0,10.0,35.0,3854.0,1242.0,142.0,512.0,1047.0,108.0,130.0,0.98,San Diego Padres,Jack Murphy Stadium,1041805.0,97.0,97.0,SDP,SDN,SDN
1995,AL,SEA,SEA,W,1,145,73.0,79,66,Y,N,N,N,796.0,4996.0,1377.0,276.0,20.0,182.0,549.0,871.0,110.0,41.0,39.0,34.0,708.0,644.0,4.5,9.0,8.0,39.0,3868.0,1343.0,149.0,591.0,1068.0,104.0,108.0,0.98,Seattle Mariners,Kingdome,1643203.0,101.0,101.0,SEA,SEA,SEA
1995,NL,SFN,SFG,W,4,144,72.0,67,77,N,N,N,N,652.0,4971.0,1256.0,229.0,33.0,152.0,472.0,1060.0,138.0,46.0,57.0,24.0,776.0,699.0,4.86,12.0,5.0,34.0,3881.0,1368.0,173.0,505.0,801.0,108.0,142.0,0.98,San Francisco Giants,Candlestick Park,1241500.0,96.0,97.0,SFG,SFN,SFN
1995,NL,SLN,STL,C,4,143,72.0,62,81,N,N,N,N,563.0,4779.0,1182.0,238.0,24.0,107.0,436.0,920.0,79.0,46.0,46.0,40.0,658.0,575.0,4.09,4.0,6.0,38.0,3797.0,1290.0,135.0,445.0,842.0,113.0,156.0,0.98,St. Louis Cardinals,Busch Stadium II,1756727.0,99.0,100.0,STL,SLN,SLN
1995,AL,TEX,TEX,W,3,144,72.0,74,70,N,N,N,N,691.0,4913.0,1304.0,247.0,24.0,138.0,526.0,877.0,90.0,47.0,33.0,45.0,720.0,665.0,4.66,14.0,4.0,34.0,3855.0,1385.0,152.0,514.0,838.0,98.0,156.0,0.982,Texas Rangers,The Ballpark at Arlington,1985910.0,103.0,103.0,TEX,TEX,TEX
1995,AL,TOR,TOR,E,5,144,72.0,56,88,N,N,N,N,642.0,5036.0,1309.0,275.0,27.0,140.0,492.0,906.0,75.0,16.0,44.0,45.0,777.0,701.0,4.88,16.0,8.0,22.0,3878.0,1336.0,145.0,654.0,894.0,97.0,131.0,0.982,Toronto Blue Jays,Skydome,2826483.0,99.0,100.0,TOR,TOR,TOR
1996,NL,ATL,ATL,E,1,162,81.0,96,66,Y,N,Y,N,773.0,5614.0,1514.0,264.0,28.0,197.0,530.0,1032.0,83.0,43.0,27.0,50.0,648.0,575.0,3.52,14.0,9.0,46.0,4407.0,1372.0,120.0,451.0,1245.0,130.0,143.0,0.98,Atlanta Braves,Atlanta-Fulton County Stadium,2901242.0,106.0,104.0,ATL,ATL,ATL
1996,AL,BAL,BAL,E,2,163,82.0,88,74,N,Y,N,N,949.0,5689.0,1557.0,299.0,29.0,257.0,645.0,915.0,76.0,40.0,61.0,67.0,903.0,839.0,5.14,13.0,1.0,44.0,4406.0,1604.0,209.0,597.0,1047.0,97.0,173.0,0.984,Baltimore Orioles,Oriole Park at Camden Yards,3646950.0,100.0,99.0,BAL,BAL,BAL
1996,AL,BOS,BOS,E,3,162,81.0,85,77,N,N,N,N,928.0,5756.0,1631.0,308.0,31.0,209.0,642.0,1020.0,91.0,44.0,67.0,47.0,921.0,807.0,4.98,17.0,5.0,37.0,4374.0,1606.0,185.0,722.0,1165.0,135.0,152.0,0.978,Boston Red Sox,Fenway Park II,2315231.0,101.0,101.0,BOS,BOS,BOS
1996,AL,CAL,ANA,W,4,161,81.0,70,91,N,N,N,N,762.0,5686.0,1571.0,256.0,24.0,192.0,527.0,974.0,53.0,39.0,29.0,33.0,943.0,847.0,5.3,12.0,8.0,38.0,4317.0,1546.0,219.0,662.0,1052.0,128.0,156.0,0.979,California Angels,Anaheim Stadium,1820521.0,98.0,98.0,CAL,CAL,CAL
1996,AL,CHA,CHW,C,2,162,81.0,85,77,N,N,N,N,898.0,5644.0,1586.0,284.0,33.0,195.0,701.0,927.0,105.0,41.0,34.0,62.0,794.0,733.0,4.52,7.0,4.0,43.0,4383.0,1529.0,174.0,616.0,1039.0,109.0,145.0,0.982,Chicago White Sox,Comiskey Park II,1676403.0,95.0,95.0,CHW,CHA,CHA
1996,NL,CHN,CHC,C,4,162,81.0,76,86,N,N,N,N,772.0,5531.0,1388.0,267.0,19.0,175.0,523.0,1090.0,108.0,50.0,61.0,48.0,771.0,705.0,4.36,10.0,10.0,34.0,4369.0,1447.0,184.0,546.0,1027.0,104.0,147.0,0.983,Chicago Cubs,Wrigley Field,2219110.0,103.0,103.0,CHC,CHN,CHN
1996,NL,CIN,CIN,C,3,162,81.0,81,81,N,N,N,N,778.0,5455.0,1398.0,259.0,36.0,191.0,604.0,1134.0,171.0,63.0,34.0,49.0,773.0,692.0,4.32,6.0,8.0,52.0,4329.0,1447.0,167.0,591.0,1089.0,121.0,145.0,0.98,Cincinnati Reds,Riverfront Stadium,1861428.0,101.0,101.0,CIN,CIN,CIN
1996,AL,CLE,CLE,C,1,161,80.0,99,62,Y,N,N,N,952.0,5681.0,1665.0,335.0,23.0,218.0,671.0,844.0,160.0,50.0,43.0,57.0,769.0,700.0,4.34,13.0,9.0,46.0,4357.0,1530.0,173.0,484.0,1033.0,124.0,156.0,0.98,Cleveland Indians,Jacobs Field,3318174.0,99.0,98.0,CLE,CLE,CLE
1996,NL,COL,COL,W,3,162,81.0,83,79,N,N,N,N,961.0,5590.0,1607.0,297.0,37.0,221.0,527.0,1108.0,201.0,66.0,82.0,52.0,964.0,884.0,5.59,5.0,4.0,34.0,4268.0,1597.0,198.0,624.0,932.0,149.0,167.0,0.976,Colorado Rockies,Coors Field,3891014.0,123.0,124.0,COL,COL,COL
1996,AL,DET,DET,E,5,162,81.0,53,109,N,N,N,N,783.0,5530.0,1413.0,257.0,21.0,204.0,546.0,1268.0,87.0,50.0,29.0,49.0,1103.0,1015.0,6.38,10.0,4.0,22.0,4298.0,1699.0,241.0,784.0,957.0,137.0,157.0,0.978,Detroit Tigers,Tiger Stadium,1168610.0,100.0,102.0,DET,DET,DET
1996,NL,FLO,FLA,E,3,162,81.0,80,82,N,N,N,N,688.0,5498.0,1413.0,240.0,30.0,150.0,553.0,1122.0,99.0,46.0,55.0,45.0,703.0,634.0,3.95,8.0,13.0,41.0,4329.0,1386.0,113.0,598.0,1050.0,111.0,187.0,0.982,Florida Marlins,Joe Robbie Stadium,1746767.0,97.0,97.0,FLA,FLO,FLO
1996,NL,HOU,HOU,C,2,162,81.0,82,80,N,N,N,N,753.0,5508.0,1445.0,297.0,29.0,129.0,554.0,1057.0,180.0,63.0,84.0,55.0,792.0,702.0,4.37,13.0,4.0,35.0,4341.0,1541.0,154.0,539.0,1163.0,138.0,130.0,0.978,Houston Astros,Astrodome,1975888.0,92.0,92.0,HOU,HOU,HOU
1996,AL,KCA,KCR,C,5,161,80.0,75,86,N,N,N,N,746.0,5542.0,1477.0,286.0,38.0,123.0,529.0,943.0,195.0,85.0,43.0,49.0,786.0,733.0,4.55,17.0,8.0,35.0,4350.0,1563.0,176.0,460.0,926.0,111.0,184.0,0.982,Kansas City Royals,Kauffman Stadium,1435997.0,99.0,100.0,KCR,KCA,KCA
1996,NL,LAN,LAD,W,2,162,81.0,90,72,N,Y,N,N,703.0,5538.0,1396.0,215.0,33.0,150.0,516.0,1190.0,124.0,40.0,22.0,35.0,652.0,564.0,3.46,6.0,9.0,50.0,4399.0,1378.0,125.0,534.0,1212.0,125.0,143.0,0.98,Los Angeles Dodgers,Dodger Stadium,3188454.0,93.0,92.0,LAD,LAN,LAN
1996,AL,MIN,MIN,C,4,162,82.0,78,84,N,N,N,N,877.0,5673.0,1633.0,332.0,47.0,118.0,576.0,958.0,143.0,53.0,65.0,63.0,900.0,844.0,5.28,13.0,5.0,31.0,4319.0,1561.0,233.0,581.0,959.0,94.0,142.0,0.984,Minnesota Twins,Hubert H Humphrey Metrodome,1437352.0,101.0,102.0,MIN,MIN,MIN
1996,AL,ML4,MIL,C,3,162,81.0,80,82,N,N,N,N,894.0,5662.0,1578.0,304.0,40.0,178.0,624.0,986.0,101.0,48.0,53.0,50.0,899.0,826.0,5.14,6.0,4.0,42.0,4342.0,1570.0,213.0,635.0,846.0,134.0,180.0,0.978,Milwaukee Brewers,County Stadium,1327155.0,104.0,104.0,MIL,MIL,MIL
1996,NL,MON,WSN,E,2,162,81.0,88,74,N,N,N,N,741.0,5505.0,1441.0,297.0,27.0,148.0,492.0,1077.0,108.0,34.0,58.0,36.0,668.0,605.0,3.78,11.0,7.0,43.0,4324.0,1353.0,152.0,482.0,1206.0,126.0,121.0,0.98,Montreal Expos,Stade Olympique,1616709.0,102.0,102.0,MON,MON,MON
1996,AL,NYA,NYY,E,1,162,80.0,92,70,Y,N,Y,Y,871.0,5628.0,1621.0,293.0,28.0,162.0,632.0,909.0,96.0,46.0,41.0,72.0,787.0,744.0,4.65,6.0,9.0,52.0,4320.0,1469.0,143.0,610.0,1139.0,91.0,146.0,0.985,New York Yankees,Yankee Stadium II,2250877.0,101.0,100.0,NYY,NYA,NYA
1996,NL,NYN,NYM,E,4,162,81.0,71,91,N,N,N,N,746.0,5618.0,1515.0,267.0,47.0,147.0,445.0,1069.0,97.0,48.0,33.0,49.0,779.0,675.0,4.22,10.0,10.0,41.0,4320.0,1517.0,159.0,532.0,999.0,159.0,163.0,0.974,New York Mets,Shea Stadium,1588323.0,95.0,95.0,NYM,NYN,NYN
1996,AL,OAK,OAK,W,3,162,81.0,78,84,N,N,N,N,861.0,5630.0,1492.0,283.0,21.0,243.0,640.0,1114.0,58.0,35.0,58.0,39.0,900.0,841.0,5.2,7.0,5.0,34.0,4369.0,1638.0,205.0,644.0,884.0,103.0,195.0,0.984,Oakland Athletics,Oakland Coliseum,1148380.0,101.0,102.0,OAK,OAK,OAK
1996,NL,PHI,PHI,E,5,162,81.0,67,95,N,N,N,N,650.0,5499.0,1405.0,249.0,39.0,132.0,536.0,1092.0,117.0,41.0,45.0,37.0,790.0,708.0,4.48,12.0,6.0,42.0,4270.0,1463.0,160.0,510.0,1044.0,116.0,145.0,0.981,Philadelphia Phillies,Veterans Stadium,1801677.0,100.0,101.0,PHI,PHI,PHI
1996,NL,PIT,PIT,C,5,162,80.0,73,89,N,N,N,N,776.0,5665.0,1509.0,319.0,33.0,138.0,510.0,989.0,126.0,49.0,40.0,49.0,833.0,744.0,4.61,5.0,7.0,37.0,4360.0,1602.0,183.0,479.0,1044.0,128.0,144.0,0.98,Pittsburgh Pirates,Three Rivers Stadium,1332150.0,104.0,104.0,PIT,PIT,PIT
1996,NL,SDN,SDP,W,1,162,81.0,91,71,Y,N,N,N,771.0,5655.0,1499.0,285.0,24.0,147.0,601.0,1014.0,109.0,55.0,50.0,52.0,682.0,616.0,3.72,5.0,11.0,47.0,4467.0,1395.0,138.0,506.0,1194.0,118.0,136.0,0.981,San Diego Padres,Jack Murphy Stadium,2187886.0,95.0,95.0,SDP,SDN,SDN
1996,AL,SEA,SEA,W,2,161,81.0,85,76,N,N,N,N,993.0,5668.0,1625.0,343.0,19.0,245.0,670.0,1052.0,90.0,39.0,75.0,58.0,895.0,829.0,5.21,4.0,4.0,34.0,4295.0,1562.0,216.0,605.0,1000.0,110.0,155.0,0.982,Seattle Mariners,Kingdome,2723850.0,100.0,99.0,SEA,SEA,SEA
1996,NL,SFN,SFG,W,4,162,82.0,68,94,N,N,N,N,752.0,5533.0,1400.0,245.0,21.0,153.0,615.0,1189.0,113.0,53.0,48.0,43.0,862.0,755.0,4.71,9.0,8.0,35.0,4327.0,1520.0,194.0,570.0,997.0,136.0,165.0,0.978,San Francisco Giants,Candlestick Park,1413922.0,95.0,96.0,SFG,SFN,SFN
1996,NL,SLN,STL,C,1,162,81.0,88,74,Y,N,N,N,759.0,5502.0,1468.0,281.0,31.0,142.0,495.0,1089.0,149.0,58.0,44.0,48.0,706.0,641.0,3.97,13.0,11.0,43.0,4357.0,1380.0,173.0,539.0,1050.0,125.0,139.0,0.98,St. Louis Cardinals,Busch Stadium II,2654718.0,100.0,100.0,STL,SLN,SLN
1996,AL,TEX,TEX,W,1,163,81.0,90,72,Y,N,N,N,928.0,5702.0,1622.0,323.0,32.0,221.0,660.0,1041.0,83.0,26.0,31.0,69.0,799.0,749.0,4.65,19.0,6.0,43.0,4348.0,1569.0,168.0,582.0,976.0,87.0,150.0,0.986,Texas Rangers,The Ballpark at Arlington,2889020.0,105.0,105.0,TEX,TEX,TEX
1996,AL,TOR,TOR,E,4,162,81.0,74,88,N,N,N,N,766.0,5599.0,1451.0,302.0,35.0,177.0,529.0,1105.0,116.0,38.0,92.0,37.0,809.0,734.0,4.57,19.0,7.0,35.0,4337.0,1476.0,187.0,610.0,1033.0,110.0,187.0,0.982,Toronto Blue Jays,Skydome,2559573.0,99.0,100.0,TOR,TOR,TOR
1997,AL,ANA,ANA,W,2,162,82.0,84,78,N,N,N,N,829.0,5628.0,1531.0,279.0,25.0,161.0,617.0,953.0,126.0,72.0,45.0,57.0,794.0,730.0,4.52,9.0,5.0,39.0,4364.0,1506.0,202.0,605.0,1050.0,123.0,140.0,0.98,Anaheim Angels,Edison International Field,1767330.0,102.0,102.0,ANA,ANA,ANA
1997,NL,ATL,ATL,E,1,162,81.0,101,61,Y,N,N,N,791.0,5528.0,1490.0,268.0,37.0,174.0,597.0,1160.0,108.0,58.0,52.0,52.0,581.0,518.0,3.18,21.0,17.0,37.0,4397.0,1319.0,111.0,450.0,1196.0,114.0,136.0,0.982,Atlanta Braves,Turner Field,3464488.0,102.0,99.0,ATL,ATL,ATL
1997,AL,BAL,BAL,E,1,162,81.0,98,64,Y,N,N,N,812.0,5584.0,1498.0,264.0,22.0,196.0,586.0,952.0,63.0,26.0,65.0,59.0,681.0,635.0,3.91,8.0,10.0,59.0,4383.0,1404.0,164.0,563.0,1139.0,97.0,148.0,0.984,Baltimore Orioles,Oriole Park at Camden Yards,3711132.0,97.0,96.0,BAL,BAL,BAL
1997,AL,BOS,BOS,E,4,162,81.0,78,84,N,N,N,N,851.0,5781.0,1684.0,373.0,32.0,185.0,514.0,1044.0,68.0,48.0,59.0,55.0,857.0,782.0,4.85,7.0,4.0,40.0,4355.0,1569.0,149.0,611.0,987.0,135.0,179.0,0.978,Boston Red Sox,Fenway Park II,2226136.0,102.0,102.0,BOS,BOS,BOS
1997,AL,CHA,CHW,C,2,161,81.0,80,81,N,N,N,N,779.0,5491.0,1498.0,260.0,28.0,158.0,569.0,901.0,106.0,52.0,33.0,60.0,833.0,748.0,4.73,6.0,7.0,52.0,4267.0,1505.0,175.0,575.0,961.0,127.0,131.0,0.978,Chicago White Sox,Comiskey Park II,1864782.0,96.0,96.0,CHW,CHA,CHA
1997,NL,CHN,CHC,C,5,162,81.0,68,94,N,N,N,N,687.0,5489.0,1444.0,269.0,39.0,127.0,451.0,1003.0,116.0,60.0,34.0,38.0,759.0,705.0,4.44,6.0,4.0,37.0,4287.0,1451.0,185.0,590.0,1072.0,112.0,117.0,0.981,Chicago Cubs,Wrigley Field,2190308.0,102.0,102.0,CHC,CHN,CHN
1997,NL,CIN,CIN,C,3,162,81.0,76,86,N,N,N,N,651.0,5484.0,1386.0,269.0,27.0,142.0,518.0,1113.0,190.0,67.0,45.0,30.0,764.0,710.0,4.41,5.0,8.0,49.0,4347.0,1408.0,173.0,558.0,1159.0,106.0,129.0,0.982,Cincinnati Reds,Cinergy Field,1785788.0,102.0,102.0,CIN,CIN,CIN
1997,AL,CLE,CLE,C,1,161,81.0,86,75,Y,N,Y,N,868.0,5556.0,1589.0,301.0,22.0,220.0,617.0,955.0,118.0,59.0,37.0,49.0,815.0,749.0,4.73,4.0,3.0,39.0,4277.0,1528.0,181.0,575.0,1036.0,106.0,159.0,0.983,Cleveland Indians,Jacobs Field,3404750.0,103.0,102.0,CLE,CLE,CLE
1997,NL,COL,COL,W,3,162,81.0,83,79,N,N,N,N,923.0,5603.0,1611.0,269.0,40.0,239.0,562.0,1060.0,137.0,65.0,63.0,35.0,908.0,836.0,5.25,9.0,5.0,38.0,4298.0,1697.0,196.0,566.0,870.0,111.0,202.0,0.983,Colorado Rockies,Coors Field,3888453.0,122.0,123.0,COL,COL,COL
1997,AL,DET,DET,E,3,162,81.0,79,83,N,N,N,N,784.0,5481.0,1415.0,268.0,32.0,176.0,578.0,1164.0,161.0,72.0,49.0,47.0,790.0,732.0,4.56,13.0,8.0,42.0,4337.0,1476.0,178.0,552.0,982.0,92.0,146.0,0.985,Detroit Tigers,Tiger Stadium,1365157.0,99.0,100.0,DET,DET,DET
1997,NL,FLO,FLA,E,2,162,81.0,92,70,N,Y,Y,Y,740.0,5439.0,1410.0,272.0,28.0,136.0,686.0,1074.0,115.0,58.0,61.0,42.0,669.0,615.0,3.83,12.0,10.0,39.0,4340.0,1353.0,131.0,639.0,1188.0,116.0,167.0,0.981,Florida Marlins,Joe Robbie Stadium,2364387.0,95.0,96.0,FLA,FLO,FLO
1997,NL,HOU,HOU,C,1,162,81.0,84,78,Y,N,N,N,777.0,5502.0,1427.0,314.0,40.0,133.0,633.0,1085.0,171.0,74.0,100.0,53.0,660.0,594.0,3.66,16.0,12.0,37.0,4377.0,1379.0,134.0,511.0,1138.0,131.0,169.0,0.979,Houston Astros,Astrodome,2046781.0,96.0,95.0,HOU,HOU,HOU
1997,AL,KCA,KCR,C,5,161,80.0,67,94,N,N,N,N,747.0,5599.0,1478.0,256.0,35.0,158.0,561.0,1061.0,130.0,66.0,42.0,42.0,820.0,753.0,4.7,11.0,5.0,29.0,4329.0,1530.0,186.0,531.0,961.0,91.0,168.0,0.985,Kansas City Royals,Kauffman Stadium,1517638.0,101.0,102.0,KCR,KCA,KCA
1997,NL,LAN,LAD,W,2,162,81.0,88,74,N,N,N,N,742.0,5544.0,1488.0,242.0,33.0,174.0,498.0,1079.0,131.0,64.0,33.0,36.0,645.0,587.0,3.62,6.0,6.0,45.0,4378.0,1325.0,163.0,546.0,1232.0,116.0,104.0,0.981,Los Angeles Dodgers,Dodger Stadium,3319504.0,93.0,92.0,LAD,LAN,LAN
1997,AL,MIN,MIN,C,4,162,81.0,68,94,N,N,N,N,772.0,5634.0,1522.0,305.0,40.0,132.0,495.0,1121.0,151.0,52.0,60.0,56.0,861.0,796.0,5.0,10.0,4.0,30.0,4302.0,1596.0,187.0,495.0,908.0,101.0,170.0,0.983,Minnesota Twins,Hubert H Humphrey Metrodome,1411064.0,101.0,101.0,MIN,MIN,MIN
1997,AL,ML4,MIL,C,3,161,80.0,78,83,N,N,N,N,681.0,5444.0,1415.0,294.0,27.0,135.0,494.0,967.0,103.0,55.0,58.0,52.0,742.0,669.0,4.22,6.0,8.0,44.0,4282.0,1419.0,177.0,542.0,1016.0,121.0,171.0,0.98,Milwaukee Brewers,County Stadium,1444027.0,101.0,102.0,MIL,MIL,MIL
1997,NL,MON,WSN,E,4,162,81.0,78,84,N,N,N,N,691.0,5526.0,1423.0,339.0,34.0,172.0,420.0,1084.0,75.0,46.0,73.0,40.0,740.0,665.0,4.14,27.0,14.0,37.0,4341.0,1365.0,149.0,557.0,1138.0,132.0,150.0,0.979,Montreal Expos,Stade Olympique,1497609.0,99.0,99.0,MON,MON,MON
1997,AL,NYA,NYY,E,2,162,80.0,96,66,N,Y,N,N,891.0,5710.0,1636.0,325.0,23.0,161.0,676.0,954.0,99.0,58.0,37.0,70.0,688.0,626.0,3.84,11.0,10.0,51.0,4403.0,1463.0,144.0,532.0,1165.0,104.0,156.0,0.983,New York Yankees,Yankee Stadium II,2580325.0,100.0,98.0,NYY,NYA,NYA
1997,NL,NYN,NYM,E,3,162,81.0,88,74,N,N,N,N,777.0,5524.0,1448.0,274.0,28.0,153.0,550.0,1029.0,97.0,74.0,57.0,59.0,709.0,640.0,3.95,7.0,8.0,49.0,4378.0,1452.0,160.0,504.0,982.0,120.0,165.0,0.981,New York Mets,Shea Stadium,1766174.0,97.0,97.0,NYM,NYN,NYN
1997,AL,OAK,OAK,W,4,162,81.0,65,97,N,N,N,N,764.0,5589.0,1451.0,274.0,23.0,197.0,642.0,1181.0,71.0,36.0,49.0,40.0,946.0,880.0,5.48,2.0,1.0,38.0,4336.0,1734.0,197.0,642.0,953.0,122.0,170.0,0.98,Oakland Athletics,Oakland Coliseum,1264218.0,96.0,97.0,OAK,OAK,OAK
1997,NL,PHI,PHI,E,5,162,81.0,68,94,N,N,N,N,668.0,5443.0,1390.0,290.0,35.0,116.0,519.0,1032.0,92.0,56.0,40.0,50.0,840.0,765.0,4.85,13.0,7.0,35.0,4261.0,1441.0,171.0,616.0,1209.0,108.0,134.0,0.982,Philadelphia Phillies,Veterans Stadium,1490638.0,100.0,101.0,PHI,PHI,PHI
1997,NL,PIT,PIT,C,2,162,81.0,79,83,N,N,N,N,725.0,5503.0,1440.0,291.0,52.0,129.0,481.0,1161.0,160.0,50.0,92.0,47.0,760.0,683.0,4.28,6.0,8.0,41.0,4308.0,1503.0,143.0,560.0,1080.0,131.0,149.0,0.979,Pittsburgh Pirates,Three Rivers Stadium,1657022.0,103.0,103.0,PIT,PIT,PIT
1997,NL,SDN,SDP,W,4,162,81.0,76,86,N,N,N,N,795.0,5609.0,1519.0,275.0,16.0,152.0,604.0,1129.0,140.0,60.0,35.0,58.0,891.0,802.0,4.98,5.0,2.0,43.0,4350.0,1581.0,172.0,596.0,1059.0,132.0,132.0,0.979,San Diego Padres,Qualcomm Stadium,2089333.0,93.0,93.0,SDP,SDN,SDN
1997,AL,SEA,SEA,W,1,162,81.0,90,72,Y,N,N,N,925.0,5614.0,1574.0,312.0,21.0,264.0,626.0,1110.0,89.0,40.0,49.0,49.0,833.0,769.0,4.78,9.0,8.0,38.0,4343.0,1500.0,192.0,598.0,1207.0,126.0,143.0,0.979,Seattle Mariners,Kingdome,3192237.0,98.0,98.0,SEA,SEA,SEA
1997,NL,SFN,SFG,W,1,162,81.0,90,72,Y,N,N,N,784.0,5485.0,1415.0,266.0,37.0,172.0,642.0,1120.0,121.0,49.0,46.0,59.0,793.0,706.0,4.39,5.0,9.0,45.0,4338.0,1494.0,160.0,578.0,1044.0,125.0,157.0,0.98,San Francisco Giants,3Com Park,1690869.0,98.0,98.0,SFG,SFN,SFN
1997,NL,SLN,STL,C,4,162,81.0,73,89,N,N,N,N,689.0,5524.0,1409.0,269.0,39.0,144.0,543.0,1191.0,164.0,60.0,42.0,44.0,708.0,627.0,3.88,5.0,3.0,39.0,4367.0,1422.0,124.0,536.0,1130.0,123.0,156.0,0.98,St. Louis Cardinals,Busch Stadium II,2634014.0,99.0,99.0,STL,SLN,SLN
1997,AL,TEX,TEX,W,3,162,81.0,77,85,N,N,N,N,807.0,5651.0,1547.0,311.0,27.0,187.0,500.0,1116.0,72.0,37.0,34.0,52.0,823.0,745.0,4.69,8.0,9.0,33.0,4289.0,1598.0,169.0,541.0,925.0,121.0,155.0,0.98,Texas Rangers,The Ballpark at Arlington,2945228.0,105.0,105.0,TEX,TEX,TEX
1997,AL,TOR,TOR,E,5,162,81.0,76,86,N,N,N,N,654.0,5473.0,1333.0,275.0,41.0,147.0,487.0,1138.0,134.0,50.0,59.0,52.0,694.0,628.0,3.92,19.0,16.0,34.0,4328.0,1453.0,167.0,497.0,1150.0,94.0,150.0,0.984,Toronto Blue Jays,Skydome,2589297.0,99.0,99.0,TOR,TOR,TOR
1998,AL,ANA,ANA,W,2,162,81.0,85,77,N,N,N,N,787.0,5630.0,1530.0,314.0,27.0,147.0,510.0,1028.0,93.0,45.0,48.0,41.0,783.0,720.0,4.49,3.0,5.0,52.0,4332.0,1481.0,164.0,630.0,1091.0,106.0,146.0,0.983,Anaheim Angels,Edison International Field,2519280.0,102.0,102.0,ANA,ANA,ANA
1998,NL,ARI,ARI,W,5,162,81.0,65,97,N,N,N,N,665.0,5491.0,1353.0,235.0,46.0,159.0,489.0,1239.0,73.0,38.0,64.0,27.0,812.0,737.0,4.63,7.0,6.0,37.0,4297.0,1463.0,188.0,489.0,908.0,100.0,125.0,0.984,Arizona Diamondbacks,Bank One Ballpark,3610290.0,100.0,99.0,ARI,ARI,ARI
1998,NL,ATL,ATL,E,1,162,81.0,106,56,Y,N,N,N,826.0,5484.0,1489.0,297.0,26.0,215.0,548.0,1062.0,98.0,43.0,61.0,46.0,581.0,520.0,3.25,24.0,23.0,45.0,4316.0,1291.0,117.0,467.0,1232.0,91.0,139.0,0.985,Atlanta Braves,Turner Field,3360860.0,100.0,98.0,ATL,ATL,ATL
1998,AL,BAL,BAL,E,4,162,81.0,79,83,N,N,N,N,817.0,5565.0,1520.0,303.0,11.0,214.0,593.0,903.0,86.0,48.0,58.0,44.0,785.0,754.0,4.74,16.0,10.0,37.0,4294.0,1505.0,169.0,535.0,1065.0,81.0,144.0,0.987,Baltimore Orioles,Oriole Park at Camden Yards,3684650.0,98.0,97.0,BAL,BAL,BAL
1998,AL,BOS,BOS,E,2,162,81.0,92,70,N,Y,N,N,876.0,5601.0,1568.0,338.0,35.0,205.0,541.0,1049.0,72.0,39.0,70.0,52.0,729.0,667.0,4.18,5.0,8.0,53.0,4308.0,1406.0,168.0,504.0,1025.0,105.0,128.0,0.983,Boston Red Sox,Fenway Park II,2314704.0,102.0,101.0,BOS,BOS,BOS
1998,AL,CHA,CHW,C,2,163,81.0,80,82,N,N,N,N,861.0,5585.0,1516.0,291.0,38.0,198.0,551.0,916.0,127.0,46.0,47.0,59.0,931.0,835.0,5.22,8.0,4.0,42.0,4316.0,1569.0,211.0,580.0,911.0,140.0,161.0,0.977,Chicago White Sox,Comiskey Park II,1391146.0,98.0,98.0,CHW,CHA,CHA
1998,NL,CHN,CHC,C,2,163,82.0,90,73,N,Y,N,N,831.0,5649.0,1494.0,250.0,34.0,212.0,601.0,1223.0,65.0,44.0,39.0,37.0,792.0,733.0,4.47,7.0,7.0,56.0,4432.0,1528.0,180.0,575.0,1207.0,101.0,107.0,0.984,Chicago Cubs,Wrigley Field,2623194.0,103.0,103.0,CHC,CHN,CHN
1998,NL,CIN,CIN,C,4,162,81.0,77,85,N,N,N,N,750.0,5496.0,1441.0,298.0,28.0,138.0,608.0,1107.0,95.0,42.0,37.0,49.0,760.0,711.0,4.44,6.0,8.0,42.0,4324.0,1400.0,170.0,573.0,1098.0,122.0,142.0,0.98,Cincinnati Reds,Cinergy Field,1793649.0,102.0,102.0,CIN,CIN,CIN
1998,AL,CLE,CLE,C,1,162,81.0,89,73,Y,N,N,N,850.0,5616.0,1530.0,334.0,30.0,198.0,630.0,1061.0,143.0,60.0,41.0,59.0,779.0,721.0,4.44,9.0,4.0,47.0,4380.0,1552.0,171.0,563.0,1037.0,110.0,146.0,0.982,Cleveland Indians,Jacobs Field,3467299.0,103.0,102.0,CLE,CLE,CLE
1998,NL,COL,COL,W,4,162,81.0,77,85,N,N,N,N,826.0,5632.0,1640.0,333.0,36.0,183.0,469.0,949.0,67.0,47.0,37.0,41.0,855.0,794.0,4.99,9.0,5.0,36.0,4298.0,1583.0,174.0,562.0,951.0,102.0,193.0,0.984,Colorado Rockies,Coors Field,3792683.0,121.0,122.0,COL,COL,COL
1998,AL,DET,DET,C,5,162,81.0,65,97,N,N,N,N,722.0,5664.0,1494.0,306.0,29.0,165.0,455.0,1070.0,122.0,62.0,62.0,45.0,863.0,792.0,4.93,9.0,4.0,32.0,4339.0,1551.0,185.0,595.0,947.0,115.0,164.0,0.982,Detroit Tigers,Tiger Stadium,1409391.0,100.0,101.0,DET,DET,DET
1998,NL,FLO,FLA,E,5,162,81.0,54,108,N,N,N,N,667.0,5558.0,1381.0,277.0,36.0,114.0,525.0,1120.0,115.0,57.0,45.0,29.0,923.0,834.0,5.18,11.0,3.0,24.0,4349.0,1617.0,182.0,715.0,1016.0,129.0,177.0,0.979,Florida Marlins,Joe Robbie Stadium,1730384.0,94.0,95.0,FLA,FLO,FLO
1998,NL,HOU,HOU,C,1,162,81.0,102,60,Y,N,N,N,874.0,5641.0,1578.0,326.0,28.0,166.0,621.0,1122.0,155.0,51.0,72.0,49.0,620.0,572.0,3.5,12.0,11.0,44.0,4414.0,1435.0,147.0,465.0,1187.0,108.0,144.0,0.983,Houston Astros,Astrodome,2458451.0,98.0,97.0,HOU,HOU,HOU
1998,AL,KCA,KCR,C,3,161,80.0,72,89,N,N,N,N,714.0,5546.0,1459.0,274.0,40.0,134.0,475.0,984.0,135.0,50.0,60.0,65.0,899.0,822.0,5.15,6.0,5.0,46.0,4309.0,1590.0,196.0,568.0,999.0,125.0,172.0,0.98,Kansas City Royals,Kauffman Stadium,1494875.0,101.0,102.0,KCR,KCA,KCA
1998,NL,LAN,LAD,W,3,162,81.0,83,79,N,N,N,N,669.0,5459.0,1374.0,209.0,27.0,159.0,447.0,1056.0,137.0,53.0,36.0,43.0,678.0,612.0,3.81,16.0,10.0,47.0,4342.0,1332.0,135.0,587.0,1178.0,134.0,154.0,0.978,Los Angeles Dodgers,Dodger Stadium,3089222.0,95.0,95.0,LAD,LAN,LAN
1998,NL,MIL,MIL,C,5,162,81.0,74,88,N,N,N,N,707.0,5541.0,1439.0,266.0,17.0,152.0,532.0,1039.0,81.0,59.0,66.0,32.0,812.0,746.0,4.63,2.0,2.0,39.0,4353.0,1538.0,188.0,550.0,1063.0,110.0,192.0,0.982,Milwaukee Brewers,County Stadium,1811593.0,100.0,101.0,MIL,ML4,MIL
1998,AL,MIN,MIN,C,4,162,81.0,70,92,N,N,N,N,734.0,5641.0,1499.0,285.0,32.0,115.0,506.0,915.0,112.0,54.0,45.0,52.0,818.0,764.0,4.75,7.0,8.0,42.0,4343.0,1622.0,180.0,457.0,952.0,108.0,135.0,0.982,Minnesota Twins,Hubert H Humphrey Metrodome,1165976.0,101.0,102.0,MIN,MIN,MIN
1998,NL,MON,WSN,E,4,162,81.0,65,97,N,N,N,N,644.0,5418.0,1348.0,280.0,32.0,147.0,439.0,1058.0,91.0,46.0,60.0,37.0,783.0,695.0,4.38,4.0,5.0,39.0,4281.0,1448.0,156.0,533.0,1017.0,155.0,127.0,0.975,Montreal Expos,Stade Olympique,914909.0,98.0,99.0,MON,MON,MON
1998,AL,NYA,NYY,E,1,162,81.0,114,48,Y,N,Y,Y,965.0,5643.0,1625.0,290.0,31.0,207.0,653.0,1025.0,153.0,63.0,57.0,59.0,656.0,619.0,3.82,22.0,16.0,48.0,4370.0,1357.0,156.0,466.0,1080.0,98.0,146.0,0.984,New York Yankees,Yankee Stadium II,2955193.0,97.0,95.0,NYY,NYA,NYA
1998,NL,NYN,NYM,E,2,162,81.0,88,74,N,N,N,N,706.0,5510.0,1425.0,289.0,24.0,136.0,572.0,1049.0,62.0,46.0,37.0,48.0,645.0,609.0,3.76,9.0,16.0,46.0,4374.0,1381.0,152.0,532.0,1129.0,101.0,151.0,0.984,New York Mets,Shea Stadium,2287948.0,99.0,99.0,NYM,NYN,NYN
1998,AL,OAK,OAK,W,4,162,81.0,74,88,N,N,N,N,804.0,5490.0,1413.0,295.0,13.0,149.0,633.0,1122.0,131.0,47.0,55.0,46.0,866.0,766.0,4.81,12.0,4.0,39.0,4302.0,1555.0,179.0,529.0,922.0,141.0,155.0,0.977,Oakland Athletics,Oakland Coliseum,1232343.0,96.0,97.0,OAK,OAK,OAK
1998,NL,PHI,PHI,E,3,162,81.0,75,87,N,N,N,N,713.0,5617.0,1482.0,286.0,36.0,126.0,508.0,1080.0,97.0,45.0,45.0,65.0,808.0,754.0,4.64,21.0,10.0,32.0,4389.0,1476.0,188.0,544.0,1176.0,110.0,131.0,0.982,Philadelphia Phillies,Veterans Stadium,1715722.0,102.0,103.0,PHI,PHI,PHI
1998,NL,PIT,PIT,C,6,163,80.0,69,93,N,N,N,N,650.0,5493.0,1395.0,271.0,35.0,107.0,393.0,1060.0,159.0,51.0,91.0,56.0,718.0,629.0,3.91,7.0,10.0,41.0,4347.0,1433.0,147.0,530.0,1112.0,140.0,161.0,0.977,Pittsburgh Pirates,Three Rivers Stadium,1560950.0,102.0,103.0,PIT,PIT,PIT
1998,NL,SDN,SDP,W,1,162,81.0,98,64,Y,N,Y,N,749.0,5490.0,1390.0,292.0,30.0,167.0,604.0,1072.0,79.0,37.0,48.0,45.0,635.0,587.0,3.63,14.0,11.0,59.0,4364.0,1384.0,139.0,501.0,1217.0,104.0,155.0,0.983,San Diego Padres,Qualcomm Stadium,2555874.0,92.0,92.0,SDP,SDN,SDN
1998,AL,SEA,SEA,W,3,161,81.0,76,85,N,N,N,N,859.0,5628.0,1553.0,321.0,28.0,234.0,558.0,1081.0,115.0,39.0,57.0,48.0,855.0,781.0,4.93,17.0,7.0,31.0,4273.0,1530.0,196.0,528.0,1156.0,125.0,139.0,0.979,Seattle Mariners,Kingdome,2651511.0,99.0,99.0,SEA,SEA,SEA
1998,NL,SFN,SFG,W,2,163,81.0,89,74,N,N,N,N,845.0,5628.0,1540.0,292.0,26.0,161.0,678.0,1040.0,102.0,51.0,44.0,53.0,739.0,686.0,4.18,6.0,6.0,44.0,4431.0,1457.0,171.0,562.0,1089.0,101.0,157.0,0.984,San Francisco Giants,3Com Park,1925364.0,95.0,95.0,SFG,SFN,SFN
1998,NL,SLN,STL,C,3,163,82.0,83,79,N,N,N,N,810.0,5593.0,1444.0,292.0,30.0,223.0,676.0,1179.0,133.0,41.0,42.0,34.0,782.0,703.0,4.31,6.0,10.0,44.0,4409.0,1513.0,151.0,558.0,972.0,142.0,160.0,0.978,St. Louis Cardinals,Busch Stadium II,3195691.0,100.0,100.0,STL,SLN,SLN
1998,AL,TBA,TBD,E,5,162,81.0,63,99,N,N,N,N,620.0,5555.0,1450.0,267.0,43.0,111.0,473.0,1107.0,120.0,73.0,37.0,38.0,751.0,698.0,4.35,7.0,7.0,28.0,4329.0,1425.0,171.0,643.0,1008.0,94.0,178.0,0.985,Tampa Bay Devil Rays,Tropicana Field,2506293.0,101.0,102.0,TBD,TBA,TBA
1998,AL,TEX,TEX,W,1,162,81.0,88,74,Y,N,N,N,940.0,5672.0,1637.0,314.0,32.0,201.0,595.0,1045.0,82.0,47.0,39.0,54.0,871.0,794.0,4.99,10.0,8.0,46.0,4294.0,1624.0,164.0,519.0,994.0,121.0,140.0,0.98,Texas Rangers,The Ballpark at Arlington,2927399.0,104.0,103.0,TEX,TEX,TEX
1998,AL,TOR,TOR,E,3,163,81.0,88,74,N,N,N,N,816.0,5580.0,1482.0,316.0,19.0,221.0,564.0,1132.0,184.0,81.0,87.0,49.0,768.0,697.0,4.28,10.0,11.0,47.0,4395.0,1443.0,169.0,587.0,1154.0,125.0,131.0,0.979,Toronto Blue Jays,Skydome,2454303.0,100.0,99.0,TOR,TOR,TOR
1999,AL,ANA,ANA,W,4,162,81.0,70,92,N,N,N,N,711.0,5494.0,1404.0,248.0,22.0,158.0,511.0,1022.0,71.0,45.0,43.0,42.0,826.0,762.0,4.79,4.0,7.0,37.0,4294.0,1472.0,177.0,624.0,877.0,106.0,156.0,0.983,Anaheim Angels,Edison International Field,2253123.0,99.0,100.0,ANA,ANA,ANA
1999,NL,ARI,ARI,W,1,162,81.0,100,62,Y,N,N,N,908.0,5658.0,1566.0,289.0,46.0,216.0,588.0,1045.0,137.0,39.0,48.0,60.0,676.0,615.0,3.77,16.0,9.0,42.0,4402.0,1387.0,176.0,543.0,1198.0,104.0,132.0,0.983,Arizona Diamondbacks,Bank One Ballpark,3019654.0,101.0,101.0,ARI,ARI,ARI
1999,NL,ATL,ATL,E,1,162,81.0,103,59,Y,N,Y,N,840.0,5569.0,1481.0,309.0,23.0,197.0,608.0,962.0,148.0,66.0,53.0,47.0,661.0,593.0,3.63,9.0,9.0,45.0,4413.0,1398.0,142.0,507.0,1197.0,111.0,127.0,0.982,Atlanta Braves,Turner Field,3284897.0,100.0,98.0,ATL,ATL,ATL
1999,AL,BAL,BAL,E,4,162,81.0,78,84,N,N,N,N,851.0,5637.0,1572.0,299.0,21.0,203.0,615.0,890.0,107.0,46.0,61.0,55.0,815.0,760.0,4.77,17.0,11.0,33.0,4305.0,1468.0,198.0,647.0,982.0,89.0,191.0,0.986,Baltimore Orioles,Oriole Park at Camden Yards,3433150.0,96.0,96.0,BAL,BAL,BAL
1999,AL,BOS,BOS,E,2,162,81.0,94,68,N,Y,N,N,836.0,5579.0,1551.0,334.0,42.0,176.0,597.0,928.0,67.0,39.0,55.0,56.0,718.0,638.0,4.0,6.0,12.0,50.0,4310.0,1396.0,160.0,469.0,1131.0,127.0,132.0,0.979,Boston Red Sox,Fenway Park II,2446162.0,104.0,103.0,BOS,BOS,BOS
1999,AL,CHA,CHW,C,2,162,81.0,75,86,N,N,N,N,777.0,5644.0,1563.0,298.0,37.0,162.0,499.0,810.0,110.0,50.0,34.0,45.0,870.0,786.0,4.92,6.0,3.0,39.0,4315.0,1608.0,210.0,596.0,968.0,136.0,149.0,0.977,Chicago White Sox,Comiskey Park II,1338851.0,101.0,101.0,CHW,CHA,CHA
1999,NL,CHN,CHC,C,6,162,81.0,67,95,N,N,N,N,747.0,5482.0,1411.0,255.0,35.0,189.0,571.0,1170.0,60.0,44.0,39.0,44.0,920.0,837.0,5.27,11.0,6.0,32.0,4292.0,1619.0,221.0,529.0,980.0,139.0,135.0,0.977,Chicago Cubs,Wrigley Field,2813854.0,97.0,98.0,CHC,CHN,CHN
1999,NL,CIN,CIN,C,2,163,82.0,96,67,N,N,N,N,865.0,5649.0,1536.0,312.0,37.0,209.0,569.0,1125.0,164.0,54.0,45.0,44.0,711.0,647.0,3.98,6.0,11.0,55.0,4386.0,1309.0,190.0,636.0,1081.0,105.0,139.0,0.983,Cincinnati Reds,Cinergy Field,2061222.0,103.0,103.0,CIN,CIN,CIN
1999,AL,CLE,CLE,C,1,162,81.0,97,65,Y,N,N,N,1009.0,5634.0,1629.0,309.0,32.0,209.0,743.0,1099.0,147.0,50.0,55.0,67.0,860.0,788.0,4.89,3.0,6.0,46.0,4351.0,1503.0,197.0,634.0,1120.0,106.0,154.0,0.983,Cleveland Indians,Jacobs Field,3468456.0,104.0,103.0,CLE,CLE,CLE
1999,NL,COL,COL,W,5,162,81.0,72,90,N,N,N,N,906.0,5717.0,1644.0,305.0,39.0,223.0,508.0,863.0,70.0,43.0,43.0,46.0,1028.0,955.0,6.01,12.0,2.0,33.0,4287.0,1700.0,237.0,737.0,1032.0,118.0,189.0,0.981,Colorado Rockies,Coors Field,3481065.0,127.0,127.0,COL,COL,COL
1999,AL,DET,DET,C,3,161,81.0,69,92,N,N,N,N,747.0,5481.0,1433.0,289.0,34.0,212.0,458.0,1049.0,108.0,70.0,82.0,39.0,882.0,817.0,5.17,4.0,6.0,33.0,4263.0,1528.0,209.0,583.0,976.0,106.0,156.0,0.982,Detroit Tigers,Tiger Stadium,2026441.0,99.0,101.0,DET,DET,DET
1999,NL,FLO,FLA,E,5,162,80.0,64,98,N,N,N,N,691.0,5578.0,1465.0,266.0,44.0,128.0,479.0,1145.0,92.0,46.0,59.0,56.0,852.0,781.0,4.9,6.0,5.0,33.0,4307.0,1560.0,171.0,655.0,943.0,127.0,150.0,0.979,Florida Marlins,Pro Player Stadium,1369421.0,93.0,95.0,FLA,FLO,FLO
1999,NL,HOU,HOU,C,1,162,82.0,97,65,Y,N,N,N,823.0,5485.0,1463.0,293.0,23.0,168.0,728.0,1138.0,166.0,75.0,52.0,58.0,675.0,620.0,3.83,12.0,8.0,48.0,4376.0,1485.0,128.0,478.0,1204.0,106.0,175.0,0.983,Houston Astros,Astrodome,2706017.0,100.0,98.0,HOU,HOU,HOU
1999,AL,KCA,KCR,C,4,161,80.0,64,97,N,N,N,N,856.0,5624.0,1584.0,294.0,52.0,151.0,535.0,932.0,127.0,39.0,64.0,56.0,921.0,844.0,5.35,11.0,3.0,29.0,4262.0,1607.0,202.0,643.0,831.0,125.0,188.0,0.98,Kansas City Royals,Kauffman Stadium,1506068.0,102.0,103.0,KCR,KCA,KCA
1999,NL,LAN,LAD,W,3,162,81.0,77,85,N,N,N,N,793.0,5567.0,1480.0,253.0,23.0,187.0,594.0,1030.0,167.0,68.0,52.0,51.0,787.0,718.0,4.45,8.0,6.0,37.0,4359.0,1438.0,192.0,594.0,1077.0,137.0,137.0,0.978,Los Angeles Dodgers,Dodger Stadium,3095346.0,95.0,94.0,LAD,LAN,LAN
1999,NL,MIL,MIL,C,5,161,80.0,74,87,N,N,N,N,815.0,5582.0,1524.0,299.0,30.0,165.0,658.0,1065.0,81.0,33.0,55.0,51.0,886.0,813.0,5.07,2.0,5.0,40.0,4328.0,1618.0,213.0,616.0,987.0,127.0,146.0,0.979,Milwaukee Brewers,County Stadium,1701796.0,99.0,99.0,MIL,ML4,MIL
1999,AL,MIN,MIN,C,5,161,81.0,63,97,N,N,N,N,686.0,5495.0,1450.0,285.0,30.0,105.0,500.0,978.0,118.0,60.0,49.0,56.0,845.0,791.0,5.0,13.0,8.0,34.0,4270.0,1591.0,208.0,487.0,927.0,92.0,150.0,0.985,Minnesota Twins,Hubert H Humphrey Metrodome,1202829.0,103.0,104.0,MIN,MIN,MIN
1999,NL,MON,WSN,E,4,162,81.0,68,94,N,N,N,N,718.0,5559.0,1473.0,320.0,47.0,163.0,438.0,939.0,70.0,51.0,53.0,28.0,853.0,748.0,4.69,6.0,4.0,44.0,4303.0,1505.0,152.0,572.0,1043.0,160.0,125.0,0.974,Montreal Expos,Stade Olympique,773277.0,97.0,98.0,MON,MON,MON
1999,AL,NYA,NYY,E,1,162,81.0,98,64,Y,N,Y,Y,900.0,5568.0,1568.0,302.0,36.0,193.0,718.0,978.0,104.0,57.0,55.0,53.0,731.0,661.0,4.13,6.0,10.0,50.0,4319.0,1402.0,158.0,581.0,1111.0,111.0,132.0,0.982,New York Yankees,Yankee Stadium II,3292736.0,98.0,97.0,NYY,NYA,NYA
1999,NL,NYN,NYM,E,2,163,81.0,97,66,N,Y,N,N,853.0,5572.0,1553.0,297.0,14.0,181.0,717.0,994.0,150.0,61.0,48.0,54.0,711.0,691.0,4.27,5.0,7.0,49.0,4370.0,1372.0,167.0,617.0,1172.0,68.0,147.0,0.989,New York Mets,Shea Stadium,2725668.0,98.0,97.0,NYM,NYN,NYN
1999,AL,OAK,OAK,W,2,162,81.0,87,75,N,N,N,N,893.0,5519.0,1430.0,287.0,20.0,235.0,770.0,1129.0,70.0,37.0,71.0,41.0,846.0,750.0,4.69,6.0,5.0,48.0,4315.0,1537.0,160.0,569.0,967.0,122.0,166.0,0.98,Oakland Athletics,Oakland Coliseum,1434610.0,94.0,94.0,OAK,OAK,OAK
1999,NL,PHI,PHI,E,3,162,81.0,77,85,N,N,N,N,841.0,5598.0,1539.0,302.0,44.0,161.0,631.0,1081.0,125.0,35.0,46.0,41.0,846.0,787.0,4.92,11.0,6.0,32.0,4315.0,1494.0,212.0,627.0,1030.0,100.0,144.0,0.983,Philadelphia Phillies,Veterans Stadium,1825337.0,105.0,105.0,PHI,PHI,PHI
1999,NL,PIT,PIT,C,3,161,81.0,78,83,N,N,N,N,775.0,5468.0,1417.0,282.0,40.0,171.0,573.0,1197.0,112.0,44.0,60.0,45.0,782.0,689.0,4.33,8.0,3.0,34.0,4300.0,1444.0,160.0,633.0,1083.0,147.0,179.0,0.976,Pittsburgh Pirates,Three Rivers Stadium,1638023.0,101.0,101.0,PIT,PIT,PIT
1999,NL,SDN,SDP,W,4,162,81.0,74,88,N,N,N,N,710.0,5394.0,1360.0,256.0,22.0,153.0,631.0,1169.0,174.0,67.0,35.0,40.0,781.0,705.0,4.47,5.0,6.0,43.0,4261.0,1454.0,193.0,529.0,1078.0,129.0,151.0,0.979,San Diego Padres,Qualcomm Stadium,2523538.0,92.0,92.0,SDP,SDN,SDN
1999,AL,SEA,SEA,W,3,162,81.0,79,83,N,N,N,N,859.0,5572.0,1499.0,263.0,21.0,244.0,610.0,1095.0,130.0,45.0,42.0,48.0,905.0,834.0,5.24,7.0,6.0,40.0,4301.0,1613.0,191.0,684.0,980.0,113.0,182.0,0.981,Seattle Mariners,Kingdome / Safeco Field,2916346.0,102.0,103.0,SEA,SEA,SEA
1999,NL,SFN,SFG,W,2,162,81.0,86,76,N,N,N,N,872.0,5563.0,1507.0,307.0,18.0,188.0,696.0,1028.0,109.0,56.0,60.0,42.0,831.0,762.0,4.71,6.0,3.0,42.0,4369.0,1486.0,194.0,655.0,1076.0,105.0,155.0,0.983,San Francisco Giants,3Com Park,2078399.0,95.0,94.0,SFG,SFN,SFN
1999,NL,SLN,STL,C,4,161,80.0,75,86,N,N,N,N,809.0,5570.0,1461.0,274.0,27.0,194.0,613.0,1202.0,134.0,48.0,51.0,44.0,838.0,761.0,4.74,5.0,3.0,38.0,4336.0,1519.0,161.0,667.0,1025.0,132.0,163.0,0.978,St. Louis Cardinals,Busch Stadium II,3225334.0,101.0,101.0,STL,SLN,SLN
1999,AL,TBA,TBD,E,5,162,81.0,69,93,N,N,N,N,772.0,5586.0,1531.0,272.0,29.0,145.0,544.0,1042.0,73.0,49.0,64.0,48.0,913.0,805.0,5.06,6.0,5.0,45.0,4299.0,1606.0,172.0,695.0,1055.0,135.0,198.0,0.978,Tampa Bay Devil Rays,Tropicana Field,1562827.0,100.0,102.0,TBD,TBA,TBA
1999,AL,TEX,TEX,W,1,162,81.0,95,67,Y,N,N,N,945.0,5651.0,1653.0,304.0,29.0,230.0,611.0,937.0,111.0,54.0,29.0,62.0,859.0,809.0,5.07,6.0,9.0,47.0,4309.0,1626.0,186.0,509.0,979.0,119.0,169.0,0.981,Texas Rangers,The Ballpark at Arlington,2771469.0,105.0,105.0,TEX,TEX,TEX
1999,AL,TOR,TOR,E,3,162,81.0,84,78,N,N,N,N,883.0,5642.0,1580.0,337.0,14.0,212.0,578.0,1077.0,119.0,48.0,76.0,45.0,862.0,787.0,4.92,14.0,9.0,39.0,4317.0,1582.0,191.0,575.0,1009.0,106.0,165.0,0.983,Toronto Blue Jays,Skydome,2163464.0,101.0,101.0,TOR,TOR,TOR
2000,AL,ANA,ANA,W,3,162,81.0,82,80,N,N,N,N,864.0,5628.0,1574.0,309.0,34.0,236.0,608.0,1024.0,93.0,52.0,47.0,43.0,869.0,805.0,5.0,5.0,3.0,46.0,4344.0,1534.0,228.0,662.0,846.0,134.0,182.0,0.978,Anaheim Angels,Edison International Field,2066982.0,102.0,103.0,ANA,ANA,ANA
2000,NL,ARI,ARI,W,3,162,81.0,85,77,N,N,N,N,792.0,5527.0,1466.0,282.0,44.0,179.0,535.0,975.0,97.0,44.0,59.0,58.0,754.0,698.0,4.35,16.0,8.0,38.0,4331.0,1441.0,190.0,500.0,1220.0,107.0,138.0,0.982,Arizona Diamondbacks,Bank One Ballpark,2942251.0,105.0,103.0,ARI,ARI,ARI
2000,NL,ATL,ATL,E,1,162,81.0,95,67,Y,N,N,N,810.0,5489.0,1490.0,274.0,26.0,179.0,595.0,1010.0,148.0,56.0,59.0,45.0,714.0,648.0,4.05,13.0,9.0,53.0,4321.0,1428.0,165.0,484.0,1093.0,129.0,138.0,0.979,Atlanta Braves,Turner Field,3234304.0,101.0,99.0,ATL,ATL,ATL
2000,AL,BAL,BAL,E,4,162,81.0,74,88,N,N,N,N,794.0,5549.0,1508.0,310.0,22.0,184.0,558.0,900.0,126.0,65.0,49.0,54.0,913.0,855.0,5.37,14.0,6.0,33.0,4300.0,1547.0,202.0,665.0,1017.0,116.0,151.0,0.981,Baltimore Orioles,Oriole Park at Camden Yards,3297031.0,95.0,96.0,BAL,BAL,BAL
2000,AL,BOS,BOS,E,2,162,81.0,85,77,N,N,N,N,792.0,5630.0,1503.0,316.0,32.0,167.0,611.0,1019.0,43.0,30.0,42.0,48.0,745.0,683.0,4.23,7.0,12.0,46.0,4358.0,1433.0,173.0,498.0,1121.0,109.0,120.0,0.982,Boston Red Sox,Fenway Park II,2585895.0,104.0,103.0,BOS,BOS,BOS
2000,AL,CHA,CHW,C,1,162,81.0,95,67,Y,N,N,N,978.0,5646.0,1615.0,325.0,33.0,216.0,591.0,960.0,119.0,42.0,53.0,61.0,839.0,751.0,4.66,5.0,7.0,43.0,4351.0,1509.0,195.0,614.0,1037.0,133.0,190.0,0.978,Chicago White Sox,Comiskey Park II,1947799.0,102.0,102.0,CHW,CHA,CHA
2000,NL,CHN,CHC,C,6,162,81.0,65,97,N,N,N,N,764.0,5577.0,1426.0,272.0,23.0,183.0,632.0,1120.0,93.0,37.0,54.0,45.0,904.0,849.0,5.25,10.0,5.0,39.0,4364.0,1505.0,231.0,658.0,1143.0,100.0,139.0,0.983,Chicago Cubs,Wrigley Field,2789511.0,97.0,98.0,CHC,CHN,CHN
2000,NL,CIN,CIN,C,2,163,82.0,85,77,N,N,N,N,825.0,5635.0,1545.0,302.0,36.0,200.0,559.0,995.0,100.0,38.0,64.0,58.0,765.0,700.0,4.33,8.0,7.0,42.0,4369.0,1446.0,190.0,659.0,1015.0,111.0,156.0,0.982,Cincinnati Reds,Cinergy Field,2577371.0,102.0,102.0,CIN,CIN,CIN
2000,AL,CLE,CLE,C,2,162,81.0,90,72,N,N,N,N,950.0,5683.0,1639.0,310.0,30.0,221.0,685.0,1057.0,113.0,34.0,51.0,52.0,816.0,775.0,4.84,6.0,5.0,34.0,4327.0,1511.0,173.0,666.0,1213.0,72.0,147.0,0.988,Cleveland Indians,Jacobs Field,3456278.0,101.0,100.0,CLE,CLE,CLE
2000,NL,COL,COL,W,4,162,81.0,82,80,N,N,N,N,968.0,5660.0,1664.0,320.0,53.0,161.0,601.0,907.0,131.0,61.0,42.0,75.0,897.0,835.0,5.26,7.0,2.0,33.0,4290.0,1568.0,221.0,588.0,1001.0,94.0,176.0,0.985,Colorado Rockies,Coors Field,3295129.0,125.0,125.0,COL,COL,COL
2000,AL,DET,DET,C,3,162,81.0,79,83,N,N,N,N,823.0,5644.0,1553.0,307.0,41.0,177.0,562.0,982.0,83.0,38.0,43.0,49.0,827.0,755.0,4.71,6.0,6.0,44.0,4330.0,1583.0,177.0,496.0,978.0,105.0,171.0,0.983,Detroit Tigers,Comerica Park,2438617.0,95.0,95.0,DET,DET,DET
2000,NL,FLO,FLA,E,3,161,81.0,79,82,N,N,N,N,731.0,5509.0,1441.0,274.0,29.0,160.0,540.0,1184.0,168.0,55.0,60.0,51.0,797.0,729.0,4.59,5.0,4.0,48.0,4289.0,1477.0,169.0,650.0,1051.0,125.0,144.0,0.98,Florida Marlins,Pro Player Stadium,1218326.0,94.0,95.0,FLA,FLO,FLO
2000,NL,HOU,HOU,C,4,162,81.0,72,90,N,N,N,N,938.0,5570.0,1547.0,289.0,36.0,249.0,673.0,1129.0,114.0,52.0,83.0,61.0,944.0,865.0,5.42,8.0,2.0,30.0,4313.0,1596.0,234.0,598.0,1064.0,133.0,149.0,0.978,Houston Astros,Enron Field,3056139.0,107.0,107.0,HOU,HOU,HOU
2000,AL,KCA,KCR,C,4,162,81.0,77,85,N,N,N,N,879.0,5709.0,1644.0,281.0,27.0,150.0,511.0,840.0,121.0,35.0,48.0,70.0,930.0,876.0,5.48,10.0,6.0,29.0,4318.0,1585.0,239.0,693.0,927.0,102.0,185.0,0.983,Kansas City Royals,Kauffman Stadium,1564847.0,103.0,103.0,KCR,KCA,KCA
2000,NL,LAN,LAD,W,2,162,81.0,86,76,N,N,N,N,798.0,5481.0,1408.0,265.0,28.0,211.0,668.0,1083.0,95.0,42.0,51.0,46.0,729.0,659.0,4.1,9.0,11.0,36.0,4335.0,1379.0,176.0,600.0,1154.0,135.0,151.0,0.978,Los Angeles Dodgers,Dodger Stadium,2880242.0,94.0,94.0,LAD,LAN,LAN
2000,NL,MIL,MIL,C,3,163,81.0,73,89,N,N,N,N,740.0,5563.0,1366.0,297.0,25.0,177.0,620.0,1245.0,72.0,44.0,61.0,49.0,826.0,755.0,4.63,2.0,7.0,29.0,4399.0,1501.0,174.0,728.0,967.0,118.0,187.0,0.981,Milwaukee Brewers,County Stadium,1573621.0,97.0,98.0,MIL,ML4,MIL
2000,AL,MIN,MIN,C,5,162,81.0,69,93,N,N,N,N,748.0,5615.0,1516.0,325.0,49.0,116.0,556.0,1021.0,90.0,45.0,35.0,51.0,880.0,819.0,5.14,6.0,4.0,35.0,4298.0,1634.0,212.0,516.0,1042.0,102.0,155.0,0.983,Minnesota Twins,Hubert H Humphrey Metrodome,1000760.0,104.0,105.0,MIN,MIN,MIN
2000,NL,MON,WSN,E,4,162,81.0,67,95,N,N,N,N,738.0,5535.0,1475.0,310.0,35.0,178.0,476.0,1048.0,58.0,48.0,29.0,34.0,902.0,812.0,5.13,4.0,7.0,39.0,4274.0,1575.0,181.0,579.0,1011.0,132.0,151.0,0.978,Montreal Expos,Stade Olympique,926272.0,103.0,104.0,MON,MON,MON
2000,AL,NYA,NYY,E,1,161,80.0,87,74,Y,N,Y,Y,871.0,5556.0,1541.0,294.0,25.0,205.0,631.0,1007.0,99.0,48.0,57.0,50.0,814.0,753.0,4.76,9.0,6.0,40.0,4273.0,1458.0,177.0,577.0,1040.0,109.0,132.0,0.981,New York Yankees,Yankee Stadium II,3055435.0,99.0,98.0,NYY,NYA,NYA
2000,NL,NYN,NYM,E,2,162,81.0,94,68,N,Y,Y,N,807.0,5486.0,1445.0,281.0,20.0,198.0,675.0,1037.0,66.0,46.0,45.0,51.0,738.0,670.0,4.16,8.0,10.0,49.0,4350.0,1398.0,164.0,574.0,1164.0,118.0,121.0,0.98,New York Mets,Shea Stadium,2820530.0,96.0,96.0,NYM,NYN,NYN
2000,AL,OAK,OAK,W,1,161,81.0,91,70,Y,N,N,N,947.0,5560.0,1501.0,281.0,23.0,239.0,750.0,1159.0,40.0,15.0,52.0,44.0,813.0,730.0,4.58,7.0,11.0,43.0,4306.0,1535.0,158.0,615.0,963.0,134.0,164.0,0.978,Oakland Athletics,Oakland Coliseum,1603744.0,96.0,95.0,OAK,OAK,OAK
2000,NL,PHI,PHI,E,5,162,81.0,65,97,N,N,N,N,708.0,5511.0,1386.0,304.0,40.0,144.0,611.0,1117.0,102.0,30.0,44.0,37.0,830.0,763.0,4.77,8.0,6.0,34.0,4316.0,1458.0,201.0,640.0,1123.0,100.0,136.0,0.983,Philadelphia Phillies,Veterans Stadium,1612769.0,100.0,101.0,PHI,PHI,PHI
2000,NL,PIT,PIT,C,5,162,81.0,69,93,N,N,N,N,793.0,5643.0,1506.0,320.0,31.0,168.0,564.0,1032.0,86.0,40.0,66.0,37.0,888.0,795.0,4.94,5.0,7.0,27.0,4347.0,1554.0,163.0,711.0,1070.0,132.0,169.0,0.979,Pittsburgh Pirates,Three Rivers Stadium,1748908.0,99.0,100.0,PIT,PIT,PIT
2000,NL,SDN,SDP,W,5,162,81.0,76,86,N,N,N,N,752.0,5560.0,1413.0,279.0,37.0,157.0,602.0,1177.0,131.0,53.0,46.0,43.0,815.0,733.0,4.52,5.0,5.0,46.0,4378.0,1443.0,191.0,649.0,1071.0,141.0,155.0,0.977,San Diego Padres,Qualcomm Stadium,2352443.0,92.0,92.0,SDP,SDN,SDN
2000,AL,SEA,SEA,W,2,162,81.0,91,71,N,Y,N,N,907.0,5497.0,1481.0,300.0,26.0,198.0,775.0,1073.0,122.0,56.0,48.0,61.0,780.0,720.0,4.49,4.0,10.0,44.0,4325.0,1442.0,167.0,634.0,998.0,99.0,176.0,0.984,Seattle Mariners,Safeco Field,2914624.0,95.0,93.0,SEA,SEA,SEA
2000,NL,SFN,SFG,W,1,162,81.0,97,65,Y,N,N,N,925.0,5519.0,1535.0,304.0,44.0,226.0,709.0,1032.0,79.0,39.0,51.0,66.0,747.0,675.0,4.21,9.0,15.0,47.0,4333.0,1452.0,151.0,623.0,1076.0,93.0,173.0,0.985,San Francisco Giants,PacBell Park,3318800.0,93.0,92.0,SFG,SFN,SFN
2000,NL,SLN,STL,C,1,162,81.0,95,67,Y,N,N,N,887.0,5478.0,1481.0,259.0,25.0,235.0,675.0,1253.0,87.0,51.0,84.0,53.0,771.0,698.0,4.38,10.0,7.0,37.0,4301.0,1403.0,196.0,606.0,1100.0,111.0,148.0,0.981,St. Louis Cardinals,Busch Stadium II,3336493.0,102.0,101.0,STL,SLN,SLN
2000,AL,TBA,TBD,E,5,161,80.0,69,92,N,N,N,N,733.0,5505.0,1414.0,253.0,22.0,162.0,558.0,1022.0,90.0,46.0,51.0,40.0,842.0,773.0,4.86,10.0,8.0,38.0,4294.0,1553.0,198.0,533.0,955.0,118.0,169.0,0.981,Tampa Bay Devil Rays,Tropicana Field,1449673.0,99.0,100.0,TBD,TBA,TBA
2000,AL,TEX,TEX,W,4,162,81.0,71,91,N,N,N,N,848.0,5648.0,1601.0,330.0,35.0,173.0,580.0,922.0,69.0,47.0,39.0,48.0,974.0,876.0,5.52,3.0,4.0,39.0,4287.0,1683.0,202.0,661.0,918.0,135.0,162.0,0.978,Texas Rangers,The Ballpark at Arlington,2588401.0,102.0,102.0,TEX,TEX,TEX
2000,AL,TOR,TOR,E,3,162,81.0,83,79,N,N,N,N,861.0,5677.0,1562.0,328.0,21.0,244.0,526.0,1026.0,89.0,34.0,60.0,34.0,908.0,821.0,5.14,15.0,4.0,37.0,4312.0,1615.0,195.0,560.0,978.0,100.0,176.0,0.984,Toronto Blue Jays,Skydome,1705712.0,103.0,103.0,TOR,TOR,TOR
2001,AL,ANA,ANA,W,3,162,81.0,75,87,N,N,N,N,691.0,5551.0,1447.0,275.0,26.0,158.0,494.0,1001.0,116.0,52.0,77.0,53.0,730.0,671.0,4.2,6.0,1.0,43.0,4313.0,1452.0,168.0,525.0,947.0,103.0,142.0,0.983,Anaheim Angels,Edison International Field,2000919.0,101.0,101.0,ANA,ANA,ANA
2001,NL,ARI,ARI,W,1,162,81.0,92,70,Y,N,Y,Y,818.0,5595.0,1494.0,284.0,35.0,208.0,587.0,1052.0,71.0,38.0,57.0,36.0,677.0,627.0,3.87,12.0,13.0,34.0,4379.0,1352.0,195.0,461.0,1297.0,84.0,148.0,0.986,Arizona Diamondbacks,Bank One Ballpark,2736451.0,108.0,107.0,ARI,ARI,ARI
2001,NL,ATL,ATL,E,1,162,81.0,88,74,Y,N,N,N,729.0,5498.0,1432.0,263.0,24.0,174.0,493.0,1039.0,85.0,46.0,45.0,52.0,643.0,578.0,3.59,5.0,13.0,41.0,4342.0,1363.0,153.0,499.0,1133.0,103.0,133.0,0.983,Atlanta Braves,Turner Field,2823530.0,103.0,102.0,ATL,ATL,ATL
2001,AL,BAL,BAL,E,4,162,80.0,63,98,N,N,N,N,687.0,5472.0,1359.0,262.0,24.0,136.0,514.0,989.0,133.0,53.0,77.0,49.0,829.0,744.0,4.67,10.0,6.0,31.0,4297.0,1504.0,194.0,528.0,938.0,125.0,137.0,0.979,Baltimore Orioles,Oriole Park at Camden Yards,3094841.0,95.0,96.0,BAL,BAL,BAL
2001,AL,BOS,BOS,E,2,161,81.0,82,79,N,N,N,N,772.0,5605.0,1493.0,316.0,29.0,198.0,520.0,1131.0,46.0,35.0,70.0,41.0,745.0,667.0,4.15,3.0,9.0,48.0,4344.0,1412.0,146.0,544.0,1259.0,113.0,129.0,0.981,Boston Red Sox,Fenway Park II,2625333.0,102.0,101.0,BOS,BOS,BOS
2001,AL,CHA,CHW,C,3,162,81.0,83,79,N,N,N,N,798.0,5464.0,1463.0,300.0,29.0,214.0,520.0,998.0,123.0,59.0,52.0,51.0,795.0,725.0,4.55,8.0,9.0,51.0,4300.0,1465.0,181.0,500.0,921.0,118.0,149.0,0.981,Chicago White Sox,Comiskey Park II,1766172.0,104.0,103.0,CHW,CHA,CHA
2001,NL,CHN,CHC,C,3,162,81.0,88,74,N,N,N,N,777.0,5406.0,1409.0,268.0,32.0,194.0,577.0,1077.0,67.0,36.0,66.0,53.0,701.0,643.0,4.03,8.0,6.0,41.0,4311.0,1357.0,164.0,550.0,1344.0,109.0,113.0,0.982,Chicago Cubs,Wrigley Field,2779465.0,95.0,95.0,CHC,CHN,CHN
2001,NL,CIN,CIN,C,5,162,81.0,66,96,N,N,N,N,735.0,5583.0,1464.0,304.0,22.0,176.0,468.0,1172.0,103.0,54.0,65.0,40.0,850.0,765.0,4.77,2.0,2.0,35.0,4328.0,1572.0,198.0,515.0,943.0,138.0,136.0,0.978,Cincinnati Reds,Cinergy Field,1879757.0,105.0,105.0,CIN,CIN,CIN
2001,AL,CLE,CLE,C,1,162,80.0,91,71,Y,N,N,N,897.0,5600.0,1559.0,294.0,37.0,212.0,577.0,1076.0,79.0,41.0,69.0,62.0,821.0,746.0,4.64,3.0,4.0,42.0,4340.0,1512.0,148.0,573.0,1218.0,107.0,137.0,0.982,Cleveland Indians,Jacobs Field,3175523.0,100.0,100.0,CLE,CLE,CLE
2001,NL,COL,COL,W,5,162,81.0,73,89,N,N,N,N,923.0,5690.0,1663.0,324.0,61.0,213.0,511.0,1027.0,132.0,54.0,61.0,50.0,906.0,841.0,5.29,8.0,8.0,26.0,4290.0,1522.0,239.0,598.0,1058.0,96.0,167.0,0.984,Colorado Rockies,Coors Field,3166821.0,122.0,122.0,COL,COL,COL
2001,AL,DET,DET,C,4,162,81.0,66,96,N,N,N,N,724.0,5537.0,1439.0,291.0,60.0,139.0,466.0,972.0,133.0,61.0,51.0,49.0,876.0,795.0,5.01,16.0,2.0,34.0,4288.0,1624.0,180.0,553.0,859.0,131.0,164.0,0.979,Detroit Tigers,Comerica Park,1921305.0,93.0,95.0,DET,DET,DET
2001,NL,FLO,FLA,E,4,162,80.0,76,86,N,N,N,N,742.0,5542.0,1461.0,325.0,30.0,166.0,470.0,1145.0,89.0,40.0,67.0,45.0,744.0,691.0,4.32,5.0,11.0,32.0,4314.0,1397.0,151.0,617.0,1119.0,103.0,174.0,0.983,Florida Marlins,Pro Player Stadium,1261226.0,97.0,97.0,FLA,FLO,FLO
2001,NL,HOU,HOU,C,1,162,81.0,93,69,Y,N,N,N,847.0,5528.0,1500.0,313.0,29.0,208.0,581.0,1119.0,64.0,49.0,89.0,56.0,769.0,707.0,4.37,7.0,6.0,48.0,4364.0,1453.0,221.0,486.0,1228.0,110.0,138.0,0.982,Houston Astros,Enron Field,2904277.0,107.0,106.0,HOU,HOU,HOU
2001,AL,KCA,KCR,C,5,162,81.0,65,97,N,N,N,N,729.0,5643.0,1503.0,277.0,37.0,152.0,406.0,898.0,100.0,42.0,44.0,47.0,858.0,779.0,4.87,5.0,1.0,30.0,4320.0,1537.0,209.0,576.0,911.0,117.0,204.0,0.981,Kansas City Royals,Kauffman Stadium,1536371.0,107.0,108.0,KCR,KCA,KCA
2001,NL,LAN,LAD,W,3,162,81.0,86,76,N,N,N,N,758.0,5493.0,1399.0,264.0,27.0,206.0,519.0,1062.0,89.0,42.0,56.0,44.0,744.0,685.0,4.25,3.0,5.0,46.0,4352.0,1387.0,184.0,524.0,1212.0,116.0,138.0,0.981,Los Angeles Dodgers,Dodger Stadium,3017143.0,92.0,91.0,LAD,LAN,LAN
2001,NL,MIL,MIL,C,4,162,81.0,68,94,N,N,N,N,740.0,5488.0,1378.0,273.0,30.0,209.0,488.0,1399.0,66.0,36.0,72.0,35.0,806.0,740.0,4.64,3.0,8.0,28.0,4309.0,1452.0,197.0,667.0,1057.0,103.0,156.0,0.983,Milwaukee Brewers,Miller Park,2811041.0,98.0,99.0,MIL,ML4,MIL
2001,AL,MIN,MIN,C,2,162,81.0,85,77,N,N,N,N,771.0,5560.0,1514.0,328.0,38.0,164.0,495.0,1083.0,146.0,67.0,64.0,38.0,766.0,722.0,4.51,12.0,8.0,45.0,4324.0,1494.0,192.0,445.0,965.0,108.0,118.0,0.982,Minnesota Twins,Hubert H Humphrey Metrodome,1782929.0,102.0,102.0,MIN,MIN,MIN
2001,NL,MON,WSN,E,5,162,81.0,68,94,N,N,N,N,670.0,5379.0,1361.0,320.0,28.0,131.0,478.0,1071.0,101.0,51.0,60.0,45.0,812.0,745.0,4.68,5.0,11.0,28.0,4294.0,1509.0,190.0,525.0,1103.0,108.0,139.0,0.982,Montreal Expos,Stade Olympique,642745.0,101.0,102.0,MON,MON,MON
2001,AL,NYA,NYY,E,1,161,80.0,95,65,Y,N,Y,N,804.0,5577.0,1488.0,289.0,20.0,203.0,519.0,1035.0,161.0,53.0,64.0,43.0,713.0,649.0,4.02,7.0,9.0,57.0,4354.0,1429.0,158.0,465.0,1266.0,109.0,132.0,0.982,New York Yankees,Yankee Stadium II,3264907.0,102.0,100.0,NYY,NYA,NYA
2001,NL,NYN,NYM,E,3,162,81.0,82,80,N,N,N,N,642.0,5459.0,1361.0,273.0,18.0,147.0,545.0,1062.0,66.0,48.0,65.0,35.0,713.0,654.0,4.07,6.0,14.0,48.0,4337.0,1418.0,186.0,438.0,1191.0,101.0,132.0,0.983,New York Mets,Shea Stadium,2658330.0,96.0,96.0,NYM,NYN,NYN
2001,AL,OAK,OAK,W,2,162,81.0,102,60,N,Y,N,N,884.0,5573.0,1469.0,334.0,22.0,199.0,640.0,1021.0,68.0,29.0,88.0,59.0,645.0,583.0,3.59,13.0,9.0,44.0,4390.0,1384.0,153.0,440.0,1117.0,125.0,151.0,0.98,Oakland Athletics,Oakland Coliseum,2133277.0,99.0,97.0,OAK,OAK,OAK
2001,NL,PHI,PHI,E,2,162,81.0,86,76,N,N,N,N,746.0,5497.0,1431.0,295.0,29.0,164.0,551.0,1125.0,153.0,47.0,43.0,61.0,719.0,667.0,4.15,8.0,7.0,47.0,4336.0,1417.0,170.0,527.0,1086.0,91.0,145.0,0.985,Philadelphia Phillies,Veterans Stadium,1782054.0,98.0,98.0,PHI,PHI,PHI
2001,NL,PIT,PIT,C,6,162,81.0,62,100,N,N,N,N,657.0,5398.0,1333.0,256.0,25.0,161.0,467.0,1106.0,93.0,73.0,67.0,35.0,858.0,794.0,5.05,8.0,9.0,36.0,4249.0,1493.0,167.0,549.0,908.0,133.0,168.0,0.978,Pittsburgh Pirates,PNC Park,2464870.0,103.0,105.0,PIT,PIT,PIT
2001,NL,SDN,SDP,W,4,162,81.0,79,83,N,N,N,N,789.0,5482.0,1379.0,273.0,26.0,161.0,678.0,1273.0,129.0,44.0,41.0,48.0,812.0,724.0,4.52,5.0,6.0,46.0,4322.0,1519.0,219.0,476.0,1088.0,145.0,127.0,0.976,San Diego Padres,Qualcomm Stadium,2378128.0,91.0,92.0,SDP,SDN,SDN
2001,AL,SEA,SEA,W,1,162,81.0,116,46,Y,N,N,N,927.0,5680.0,1637.0,310.0,38.0,169.0,614.0,989.0,174.0,42.0,62.0,70.0,627.0,576.0,3.54,8.0,14.0,56.0,4395.0,1293.0,160.0,465.0,1051.0,83.0,137.0,0.986,Seattle Mariners,Safeco Field,3507326.0,94.0,93.0,SEA,SEA,SEA
2001,NL,SFN,SFG,W,2,162,81.0,90,72,N,N,N,N,799.0,5612.0,1493.0,304.0,40.0,235.0,625.0,1090.0,57.0,42.0,50.0,54.0,748.0,680.0,4.18,3.0,8.0,47.0,4390.0,1437.0,145.0,579.0,1080.0,118.0,170.0,0.981,San Francisco Giants,PacBell Park,3311958.0,93.0,92.0,SFG,SFN,SFN
2001,NL,SLN,STL,C,2,162,82.0,93,69,N,Y,N,N,814.0,5450.0,1469.0,274.0,32.0,199.0,529.0,1089.0,91.0,35.0,65.0,50.0,684.0,627.0,3.93,8.0,11.0,38.0,4306.0,1389.0,196.0,526.0,1083.0,110.0,156.0,0.982,St. Louis Cardinals,Busch Stadium II,3109578.0,100.0,99.0,STL,SLN,SLN
2001,AL,TBA,TBD,E,5,162,81.0,62,100,N,N,N,N,672.0,5524.0,1426.0,311.0,21.0,121.0,456.0,1116.0,115.0,52.0,54.0,25.0,887.0,781.0,4.94,1.0,6.0,30.0,4271.0,1513.0,207.0,569.0,1030.0,139.0,144.0,0.977,Tampa Bay Devil Rays,Tropicana Field,1298365.0,98.0,100.0,TBD,TBA,TBA
2001,AL,TEX,TEX,W,4,162,82.0,73,89,N,N,N,N,890.0,5685.0,1566.0,326.0,23.0,246.0,548.0,1093.0,97.0,32.0,75.0,55.0,968.0,913.0,5.71,4.0,3.0,37.0,4315.0,1670.0,222.0,596.0,951.0,114.0,167.0,0.981,Texas Rangers,The Ballpark at Arlington,2831021.0,104.0,105.0,TEX,TEX,TEX
2001,AL,TOR,TOR,E,3,162,82.0,80,82,N,N,N,N,767.0,5663.0,1489.0,287.0,36.0,195.0,470.0,1094.0,156.0,55.0,74.0,43.0,753.0,696.0,4.28,7.0,10.0,41.0,4388.0,1553.0,165.0,490.0,1041.0,97.0,184.0,0.985,Toronto Blue Jays,Skydome,1915438.0,102.0,103.0,TOR,TOR,TOR
2002,AL,ANA,ANA,W,2,162,81.0,99,63,N,Y,Y,Y,851.0,5678.0,1603.0,333.0,32.0,152.0,462.0,805.0,117.0,51.0,74.0,64.0,644.0,595.0,3.69,7.0,14.0,54.0,4357.0,1345.0,169.0,509.0,999.0,87.0,151.0,0.986,Anaheim Angels,Edison International Field,2305547.0,100.0,99.0,ANA,ANA,ANA
2002,NL,ARI,ARI,W,1,162,81.0,98,64,Y,N,N,N,819.0,5508.0,1471.0,283.0,41.0,165.0,643.0,1016.0,92.0,46.0,50.0,53.0,674.0,630.0,3.92,14.0,10.0,40.0,4340.0,1361.0,170.0,421.0,1303.0,89.0,116.0,0.985,Arizona Diamondbacks,Bank One Ballpark,3198977.0,111.0,111.0,ARI,ARI,ARI
2002,NL,ATL,ATL,E,1,161,81.0,101,59,Y,N,N,N,708.0,5495.0,1428.0,280.0,25.0,164.0,558.0,1028.0,76.0,39.0,54.0,49.0,565.0,511.0,3.13,3.0,15.0,57.0,4402.0,1302.0,123.0,554.0,1058.0,114.0,170.0,0.982,Atlanta Braves,Turner Field,2603484.0,102.0,101.0,ATL,ATL,ATL
2002,AL,BAL,BAL,E,4,162,81.0,67,95,N,N,N,N,667.0,5491.0,1353.0,311.0,27.0,165.0,452.0,993.0,110.0,48.0,64.0,49.0,773.0,719.0,4.46,8.0,3.0,31.0,4352.0,1491.0,208.0,549.0,967.0,91.0,173.0,0.985,Baltimore Orioles,Oriole Park at Camden Yards,2682439.0,95.0,96.0,BAL,BAL,BAL
2002,AL,BOS,BOS,E,2,162,81.0,93,69,N,N,N,N,859.0,5640.0,1560.0,348.0,33.0,177.0,545.0,944.0,80.0,28.0,72.0,53.0,665.0,603.0,3.75,5.0,17.0,51.0,4338.0,1339.0,146.0,430.0,1157.0,104.0,140.0,0.983,Boston Red Sox,Fenway Park II,2650862.0,103.0,102.0,BOS,BOS,BOS
2002,AL,CHA,CHW,C,2,162,81.0,81,81,N,N,N,N,856.0,5502.0,1475.0,289.0,29.0,217.0,555.0,952.0,75.0,31.0,49.0,53.0,798.0,716.0,4.53,7.0,7.0,35.0,4269.0,1422.0,190.0,528.0,945.0,97.0,157.0,0.984,Chicago White Sox,Comiskey Park II,1676911.0,102.0,101.0,CHW,CHA,CHA
2002,NL,CHN,CHC,C,5,162,78.0,67,95,N,N,N,N,706.0,5496.0,1351.0,259.0,29.0,200.0,585.0,1269.0,63.0,21.0,44.0,39.0,759.0,687.0,4.29,11.0,9.0,23.0,4324.0,1373.0,167.0,606.0,1333.0,114.0,144.0,0.981,Chicago Cubs,Wrigley Field,2693096.0,98.0,98.0,CHC,CHN,CHN
2002,NL,CIN,CIN,C,3,162,80.0,78,84,N,N,N,N,709.0,5470.0,1386.0,297.0,21.0,169.0,583.0,1188.0,116.0,52.0,66.0,40.0,774.0,690.0,4.27,2.0,8.0,42.0,4361.0,1502.0,173.0,550.0,980.0,120.0,169.0,0.981,Cincinnati Reds,Cinergy Field,1855787.0,104.0,105.0,CIN,CIN,CIN
2002,AL,CLE,CLE,C,3,162,81.0,74,88,N,N,N,N,739.0,5423.0,1349.0,255.0,26.0,192.0,542.0,1000.0,52.0,37.0,56.0,39.0,837.0,777.0,4.91,9.0,4.0,34.0,4274.0,1508.0,142.0,603.0,1058.0,113.0,161.0,0.981,Cleveland Indians,Jacobs Field,2616940.0,97.0,98.0,CLE,CLE,CLE
2002,NL,COL,COL,W,4,162,81.0,73,89,N,N,N,N,778.0,5512.0,1508.0,283.0,41.0,152.0,497.0,1043.0,103.0,53.0,56.0,50.0,898.0,825.0,5.2,1.0,8.0,43.0,4280.0,1554.0,225.0,582.0,920.0,112.0,158.0,0.982,Colorado Rockies,Coors Field,2737838.0,116.0,116.0,COL,COL,COL
2002,AL,DET,DET,C,5,161,80.0,55,106,N,N,N,N,575.0,5406.0,1340.0,265.0,37.0,124.0,363.0,1035.0,65.0,44.0,64.0,57.0,864.0,773.0,4.92,11.0,7.0,33.0,4242.0,1593.0,163.0,463.0,794.0,142.0,148.0,0.977,Detroit Tigers,Comerica Park,1503623.0,92.0,95.0,DET,DET,DET
2002,NL,FLO,FLA,E,4,162,81.0,79,83,N,N,N,N,699.0,5496.0,1433.0,280.0,32.0,146.0,595.0,1130.0,177.0,73.0,61.0,49.0,763.0,706.0,4.36,11.0,12.0,36.0,4369.0,1449.0,151.0,631.0,1104.0,106.0,163.0,0.983,Florida Marlins,Pro Player Stadium,813118.0,97.0,98.0,FLA,FLO,FLO
2002,NL,HOU,HOU,C,2,162,81.0,84,78,N,N,N,N,749.0,5503.0,1441.0,291.0,32.0,167.0,589.0,1120.0,71.0,27.0,59.0,37.0,695.0,642.0,4.0,2.0,11.0,43.0,4335.0,1423.0,151.0,546.0,1219.0,83.0,149.0,0.986,Houston Astros,Minute Maid Park,2517357.0,106.0,105.0,HOU,HOU,HOU
2002,AL,KCA,KCR,C,4,162,77.0,62,100,N,N,N,N,737.0,5535.0,1415.0,285.0,42.0,140.0,524.0,921.0,140.0,65.0,52.0,51.0,891.0,834.0,5.21,12.0,6.0,30.0,4323.0,1587.0,212.0,572.0,909.0,130.0,153.0,0.979,Kansas City Royals,Kauffman Stadium,1323036.0,110.0,111.0,KCR,KCA,KCA
2002,NL,LAN,LAD,W,3,162,81.0,92,70,N,N,N,N,713.0,5554.0,1464.0,286.0,29.0,155.0,428.0,940.0,96.0,37.0,53.0,44.0,643.0,598.0,3.69,4.0,15.0,56.0,4373.0,1311.0,165.0,555.0,1132.0,90.0,134.0,0.985,Los Angeles Dodgers,Dodger Stadium,3131255.0,92.0,92.0,LAD,LAN,LAN
2002,NL,MIL,MIL,C,6,162,81.0,56,106,N,N,N,N,627.0,5415.0,1369.0,269.0,29.0,139.0,500.0,1125.0,94.0,50.0,55.0,34.0,821.0,752.0,4.73,7.0,4.0,32.0,4297.0,1468.0,199.0,666.0,1026.0,103.0,154.0,0.983,Milwaukee Brewers,Miller Park,1969153.0,98.0,99.0,MIL,ML4,MIL
2002,AL,MIN,MIN,C,1,161,81.0,94,67,Y,N,N,N,768.0,5582.0,1518.0,348.0,36.0,167.0,472.0,1089.0,79.0,62.0,56.0,52.0,712.0,662.0,4.12,8.0,9.0,47.0,4334.0,1454.0,184.0,439.0,1026.0,74.0,124.0,0.987,Minnesota Twins,Hubert H Humphrey Metrodome,1924473.0,100.0,100.0,MIN,MIN,MIN
2002,NL,MON,WSN,E,2,162,81.0,83,79,N,N,N,N,735.0,5479.0,1432.0,300.0,36.0,162.0,575.0,1104.0,118.0,64.0,46.0,42.0,718.0,641.0,3.97,9.0,3.0,39.0,4359.0,1475.0,165.0,508.0,1088.0,139.0,160.0,0.978,Montreal Expos,Stade Olympique,812045.0,103.0,103.0,MON,MON,MON
2002,AL,NYA,NYY,E,1,161,80.0,103,58,Y,N,N,N,897.0,5601.0,1540.0,314.0,12.0,223.0,640.0,1171.0,100.0,38.0,72.0,41.0,697.0,625.0,3.87,9.0,11.0,53.0,4356.0,1441.0,144.0,403.0,1135.0,127.0,117.0,0.979,New York Yankees,Yankee Stadium II,3465807.0,100.0,99.0,NYY,NYA,NYA
2002,NL,NYN,NYM,E,5,161,78.0,75,86,N,N,N,N,690.0,5496.0,1409.0,238.0,22.0,160.0,486.0,1044.0,87.0,42.0,63.0,30.0,703.0,624.0,3.89,9.0,10.0,36.0,4328.0,1408.0,163.0,543.0,1107.0,144.0,138.0,0.976,New York Mets,Shea Stadium,2804838.0,97.0,97.0,NYM,NYN,NYN
2002,AL,OAK,OAK,W,1,162,81.0,103,59,Y,N,N,N,800.0,5558.0,1450.0,279.0,28.0,205.0,609.0,1008.0,46.0,20.0,68.0,36.0,654.0,593.0,3.68,9.0,19.0,48.0,4356.0,1391.0,135.0,474.0,1021.0,102.0,144.0,0.984,Oakland Athletics,Oakland Coliseum,2169811.0,98.0,97.0,OAK,OAK,OAK
2002,NL,PHI,PHI,E,3,161,79.0,80,81,N,N,N,N,710.0,5523.0,1428.0,325.0,41.0,165.0,640.0,1095.0,104.0,43.0,53.0,39.0,724.0,671.0,4.17,5.0,9.0,47.0,4349.0,1381.0,153.0,570.0,1075.0,88.0,156.0,0.986,Philadelphia Phillies,Veterans Stadium,1618467.0,94.0,94.0,PHI,PHI,PHI
2002,NL,PIT,PIT,C,4,161,79.0,72,89,N,N,N,N,641.0,5330.0,1300.0,263.0,20.0,142.0,537.0,1109.0,86.0,49.0,73.0,41.0,730.0,664.0,4.23,2.0,7.0,47.0,4238.0,1447.0,163.0,572.0,920.0,115.0,177.0,0.982,Pittsburgh Pirates,PNC Park,1784988.0,102.0,103.0,PIT,PIT,PIT
2002,NL,SDN,SDP,W,5,162,81.0,66,96,N,N,N,N,662.0,5515.0,1393.0,243.0,29.0,136.0,547.0,1062.0,71.0,44.0,30.0,41.0,815.0,737.0,4.62,5.0,10.0,40.0,4309.0,1522.0,177.0,582.0,1108.0,128.0,162.0,0.979,San Diego Padres,Qualcomm Stadium,2220601.0,90.0,91.0,SDP,SDN,SDN
2002,AL,SEA,SEA,W,3,162,81.0,93,69,N,N,N,N,814.0,5569.0,1531.0,285.0,31.0,152.0,629.0,1003.0,137.0,58.0,51.0,72.0,699.0,654.0,4.07,8.0,12.0,43.0,4336.0,1422.0,178.0,441.0,1063.0,88.0,134.0,0.985,Seattle Mariners,Safeco Field,3542938.0,97.0,95.0,SEA,SEA,SEA
2002,NL,SFN,SFG,W,2,162,81.0,95,66,N,Y,Y,N,783.0,5497.0,1465.0,300.0,35.0,198.0,616.0,961.0,74.0,21.0,65.0,52.0,616.0,566.0,3.54,10.0,13.0,43.0,4312.0,1349.0,116.0,523.0,992.0,90.0,166.0,0.985,San Francisco Giants,PacBell Park,3253203.0,95.0,94.0,SFG,SFN,SFN
2002,NL,SLN,STL,C,1,162,81.0,97,65,Y,N,N,N,787.0,5505.0,1475.0,285.0,26.0,175.0,542.0,927.0,86.0,42.0,67.0,49.0,648.0,595.0,3.7,4.0,9.0,42.0,4339.0,1355.0,141.0,547.0,1009.0,103.0,168.0,0.983,St. Louis Cardinals,Busch Stadium II,3011756.0,98.0,97.0,STL,SLN,SLN
2002,AL,TBA,TBD,E,5,161,81.0,55,106,N,N,N,N,673.0,5604.0,1418.0,297.0,35.0,133.0,456.0,1115.0,102.0,45.0,58.0,36.0,918.0,846.0,5.29,12.0,3.0,25.0,4321.0,1567.0,215.0,620.0,925.0,126.0,168.0,0.979,Tampa Bay Devil Rays,Tropicana Field,1065742.0,97.0,99.0,TBD,TBA,TBA
2002,AL,TEX,TEX,W,4,162,80.0,72,90,N,N,N,N,843.0,5618.0,1510.0,304.0,27.0,230.0,554.0,1055.0,62.0,34.0,62.0,50.0,882.0,824.0,5.15,4.0,4.0,33.0,4319.0,1528.0,194.0,669.0,1030.0,99.0,152.0,0.984,Texas Rangers,The Ballpark at Arlington,2352397.0,106.0,107.0,TEX,TEX,TEX
2002,AL,TOR,TOR,E,3,162,81.0,78,84,N,N,N,N,813.0,5581.0,1457.0,305.0,38.0,187.0,522.0,1142.0,71.0,18.0,53.0,57.0,828.0,767.0,4.8,6.0,6.0,41.0,4315.0,1504.0,177.0,590.0,991.0,107.0,159.0,0.982,Toronto Blue Jays,Skydome,1637900.0,104.0,104.0,TOR,TOR,TOR
2003,AL,ANA,ANA,W,3,162,82.0,77,85,N,N,N,N,736.0,5487.0,1473.0,276.0,33.0,150.0,476.0,838.0,129.0,61.0,56.0,50.0,743.0,680.0,4.28,5.0,9.0,39.0,4294.0,1444.0,190.0,486.0,980.0,105.0,138.0,0.982,Anaheim Angels,Edison International Field,3061094.0,98.0,97.0,ANA,ANA,ANA
2003,NL,ARI,ARI,W,3,162,81.0,84,78,N,N,N,N,717.0,5570.0,1467.0,303.0,47.0,152.0,531.0,1006.0,76.0,38.0,45.0,52.0,685.0,621.0,3.84,7.0,11.0,42.0,4365.0,1379.0,150.0,526.0,1291.0,107.0,132.0,0.983,Arizona Diamondbacks,Bank One Ballpark,2805542.0,108.0,109.0,ARI,ARI,ARI
2003,NL,ATL,ATL,E,1,162,81.0,101,61,Y,N,N,N,907.0,5670.0,1608.0,321.0,31.0,235.0,545.0,933.0,68.0,22.0,49.0,49.0,740.0,663.0,4.1,4.0,7.0,51.0,4369.0,1425.0,147.0,555.0,992.0,121.0,166.0,0.981,Atlanta Braves,Turner Field,2401084.0,101.0,100.0,ATL,ATL,ATL
2003,AL,BAL,BAL,E,4,163,81.0,71,91,N,N,N,N,743.0,5665.0,1516.0,277.0,24.0,152.0,431.0,902.0,89.0,36.0,54.0,40.0,820.0,767.0,4.76,9.0,3.0,41.0,4349.0,1579.0,198.0,526.0,981.0,105.0,164.0,0.983,Baltimore Orioles,Oriole Park at Camden Yards,2454523.0,99.0,99.0,BAL,BAL,BAL
2003,AL,BOS,BOS,E,2,162,81.0,95,67,N,Y,N,N,961.0,5769.0,1667.0,371.0,40.0,238.0,620.0,943.0,88.0,35.0,53.0,64.0,809.0,729.0,4.48,5.0,6.0,36.0,4394.0,1503.0,153.0,488.0,1141.0,113.0,130.0,0.982,Boston Red Sox,Fenway Park II,2724165.0,105.0,103.0,BOS,BOS,BOS
2003,AL,CHA,CHW,C,2,162,81.0,86,76,N,N,N,N,791.0,5487.0,1445.0,303.0,19.0,220.0,519.0,916.0,77.0,29.0,58.0,41.0,715.0,663.0,4.17,12.0,4.0,36.0,4293.0,1364.0,162.0,518.0,1056.0,93.0,154.0,0.984,Chicago White Sox,U.S. Cellular Field,1939524.0,102.0,102.0,CHW,CHA,CHA
2003,NL,CHN,CHC,C,1,162,81.0,88,74,Y,N,N,N,724.0,5519.0,1431.0,302.0,24.0,172.0,492.0,1158.0,73.0,31.0,50.0,46.0,683.0,619.0,3.83,13.0,14.0,36.0,4369.0,1304.0,143.0,617.0,1404.0,106.0,157.0,0.983,Chicago Cubs,Wrigley Field,2962630.0,101.0,101.0,CHC,CHN,CHN
2003,NL,CIN,CIN,C,5,162,81.0,69,93,N,N,N,N,694.0,5509.0,1349.0,239.0,21.0,182.0,524.0,1326.0,80.0,34.0,79.0,32.0,886.0,818.0,5.09,4.0,5.0,38.0,4339.0,1578.0,209.0,590.0,932.0,141.0,152.0,0.977,Cincinnati Reds,Great American Ball Park,2355259.0,95.0,96.0,CIN,CIN,CIN
2003,AL,CLE,CLE,C,4,162,81.0,68,94,N,N,N,N,699.0,5572.0,1413.0,296.0,26.0,158.0,466.0,1062.0,86.0,61.0,62.0,41.0,778.0,682.0,4.21,5.0,7.0,34.0,4378.0,1477.0,179.0,501.0,943.0,126.0,178.0,0.98,Cleveland Indians,Jacobs Field,1730002.0,96.0,97.0,CLE,CLE,CLE
2003,NL,COL,COL,W,4,162,81.0,74,88,N,N,N,N,853.0,5518.0,1472.0,330.0,31.0,198.0,619.0,1134.0,63.0,37.0,52.0,38.0,892.0,821.0,5.2,3.0,4.0,34.0,4260.0,1629.0,200.0,552.0,866.0,116.0,165.0,0.981,Colorado Rockies,Coors Field,2334085.0,115.0,116.0,COL,COL,COL
2003,AL,DET,DET,C,5,162,81.0,43,119,N,N,N,N,591.0,5466.0,1312.0,201.0,39.0,153.0,443.0,1099.0,98.0,63.0,47.0,49.0,928.0,847.0,5.3,3.0,5.0,27.0,4316.0,1616.0,195.0,557.0,764.0,138.0,194.0,0.978,Detroit Tigers,Comerica Park,1368245.0,93.0,95.0,DET,DET,DET
2003,NL,FLO,FLA,E,2,162,81.0,91,71,N,Y,Y,Y,751.0,5490.0,1459.0,292.0,44.0,157.0,515.0,978.0,150.0,74.0,57.0,41.0,692.0,648.0,4.04,7.0,11.0,36.0,4336.0,1415.0,128.0,530.0,1132.0,78.0,162.0,0.987,Florida Marlins,Pro Player Stadium,1303215.0,98.0,98.0,FLA,FLO,FLO
2003,NL,HOU,HOU,C,2,162,81.0,87,75,N,N,N,N,805.0,5583.0,1466.0,308.0,30.0,191.0,557.0,1021.0,66.0,30.0,81.0,38.0,677.0,622.0,3.86,1.0,5.0,50.0,4350.0,1350.0,161.0,565.0,1139.0,95.0,149.0,0.985,Houston Astros,Minute Maid Park,2454241.0,103.0,102.0,HOU,HOU,HOU
2003,AL,KCA,KCR,C,3,162,80.0,83,79,N,N,N,N,836.0,5568.0,1526.0,288.0,39.0,162.0,476.0,926.0,120.0,42.0,75.0,57.0,867.0,808.0,5.05,7.0,10.0,36.0,4316.0,1569.0,190.0,566.0,865.0,108.0,143.0,0.982,Kansas City Royals,Kauffman Stadium,1779895.0,107.0,108.0,KCR,KCA,KCA
2003,NL,LAN,LAD,W,2,162,81.0,85,77,N,N,N,N,574.0,5458.0,1328.0,260.0,25.0,124.0,407.0,985.0,80.0,36.0,72.0,28.0,556.0,511.0,3.16,3.0,17.0,58.0,4373.0,1254.0,127.0,526.0,1289.0,119.0,164.0,0.981,Los Angeles Dodgers,Dodger Stadium,3138626.0,94.0,94.0,LAD,LAN,LAN
2003,NL,MIL,MIL,C,6,162,81.0,68,94,N,N,N,N,714.0,5548.0,1423.0,266.0,24.0,196.0,547.0,1221.0,99.0,39.0,71.0,40.0,873.0,810.0,5.02,5.0,3.0,44.0,4356.0,1590.0,219.0,575.0,1034.0,114.0,142.0,0.981,Milwaukee Brewers,Miller Park,1700354.0,98.0,100.0,MIL,ML4,MIL
2003,AL,MIN,MIN,C,1,162,81.0,90,72,Y,N,N,N,801.0,5655.0,1567.0,318.0,45.0,155.0,512.0,1027.0,94.0,44.0,63.0,52.0,758.0,716.0,4.41,7.0,8.0,45.0,4386.0,1526.0,187.0,402.0,997.0,87.0,114.0,0.985,Minnesota Twins,Hubert H Humphrey Metrodome,1946011.0,101.0,100.0,MIN,MIN,MIN
2003,NL,MON,WSN,E,4,162,81.0,83,79,N,N,N,N,711.0,5437.0,1404.0,294.0,25.0,144.0,522.0,990.0,100.0,39.0,45.0,40.0,716.0,640.0,4.01,15.0,10.0,42.0,4313.0,1467.0,181.0,463.0,1028.0,102.0,152.0,0.983,Montreal Expos,Stade Olympique/Hiram Bithorn Stadium,1025639.0,105.0,105.0,MON,MON,MON
2003,AL,NYA,NYY,E,1,163,82.0,101,61,Y,N,Y,N,877.0,5605.0,1518.0,304.0,14.0,230.0,684.0,1042.0,98.0,33.0,81.0,35.0,716.0,653.0,4.02,8.0,12.0,49.0,4386.0,1512.0,145.0,375.0,1119.0,114.0,126.0,0.981,New York Yankees,Yankee Stadium II,3465600.0,98.0,97.0,NYY,NYA,NYA
2003,NL,NYN,NYM,E,5,161,80.0,66,95,N,N,N,N,642.0,5341.0,1317.0,262.0,24.0,124.0,489.0,1035.0,70.0,31.0,54.0,45.0,754.0,704.0,4.48,3.0,10.0,38.0,4240.0,1497.0,168.0,576.0,907.0,118.0,158.0,0.98,New York Mets,Shea Stadium,2140599.0,97.0,98.0,NYM,NYN,NYN
2003,AL,OAK,OAK,W,1,162,81.0,96,66,Y,N,N,N,768.0,5497.0,1398.0,317.0,24.0,176.0,556.0,898.0,48.0,14.0,59.0,53.0,643.0,582.0,3.63,16.0,14.0,48.0,4325.0,1336.0,140.0,499.0,1018.0,107.0,145.0,0.983,Oakland Athletics,Oakland Coliseum,2216596.0,99.0,98.0,OAK,OAK,OAK
2003,NL,PHI,PHI,E,3,162,81.0,86,76,N,N,N,N,791.0,5543.0,1448.0,325.0,27.0,166.0,651.0,1155.0,72.0,29.0,55.0,38.0,697.0,648.0,4.04,9.0,13.0,33.0,4331.0,1386.0,142.0,536.0,1060.0,97.0,146.0,0.984,Philadelphia Phillies,Veterans Stadium,2259948.0,93.0,93.0,PHI,PHI,PHI
2003,NL,PIT,PIT,C,4,162,81.0,75,87,N,N,N,N,753.0,5581.0,1492.0,275.0,45.0,163.0,529.0,1049.0,86.0,37.0,87.0,38.0,801.0,744.0,4.64,7.0,10.0,44.0,4333.0,1527.0,178.0,502.0,926.0,123.0,159.0,0.98,Pittsburgh Pirates,PNC Park,1636751.0,102.0,102.0,PIT,PIT,PIT
2003,NL,SDN,SDP,W,5,162,81.0,64,98,N,N,N,N,678.0,5531.0,1442.0,257.0,32.0,128.0,565.0,1073.0,76.0,39.0,57.0,42.0,831.0,774.0,4.87,2.0,10.0,31.0,4294.0,1458.0,208.0,611.0,1091.0,102.0,141.0,0.983,San Diego Padres,Qualcomm Stadium,2030084.0,91.0,92.0,SDP,SDN,SDN
2003,AL,SEA,SEA,W,2,162,81.0,93,69,N,N,N,N,795.0,5561.0,1509.0,290.0,33.0,139.0,586.0,989.0,108.0,37.0,53.0,46.0,637.0,602.0,3.76,8.0,15.0,38.0,4323.0,1340.0,173.0,466.0,1001.0,65.0,159.0,0.989,Seattle Mariners,Safeco Field,3268509.0,95.0,95.0,SEA,SEA,SEA
2003,NL,SFN,SFG,W,1,161,81.0,100,61,Y,N,N,N,755.0,5456.0,1440.0,281.0,29.0,180.0,593.0,980.0,53.0,37.0,40.0,39.0,638.0,595.0,3.73,7.0,10.0,43.0,4312.0,1349.0,136.0,546.0,1006.0,80.0,163.0,0.987,San Francisco Giants,PacBell Park,3264898.0,99.0,98.0,SFG,SFN,SFN
2003,NL,SLN,STL,C,3,162,81.0,85,77,N,N,N,N,876.0,5672.0,1580.0,342.0,32.0,196.0,580.0,952.0,82.0,32.0,73.0,54.0,796.0,748.0,4.6,9.0,10.0,41.0,4391.0,1544.0,210.0,508.0,969.0,77.0,138.0,0.987,St. Louis Cardinals,Busch Stadium II,2910386.0,97.0,96.0,STL,SLN,SLN
2003,AL,TBA,TBD,E,5,162,81.0,63,99,N,N,N,N,715.0,5654.0,1501.0,298.0,38.0,137.0,420.0,1030.0,142.0,42.0,56.0,50.0,852.0,787.0,4.93,7.0,7.0,30.0,4310.0,1454.0,196.0,639.0,877.0,103.0,158.0,0.983,Tampa Bay Devil Rays,Tropicana Field,1058695.0,95.0,97.0,TBD,TBA,TBA
2003,AL,TEX,TEX,W,4,162,81.0,71,91,N,N,N,N,826.0,5664.0,1506.0,274.0,36.0,239.0,488.0,1052.0,65.0,25.0,75.0,42.0,969.0,903.0,5.67,4.0,3.0,43.0,4300.0,1625.0,208.0,603.0,1009.0,94.0,168.0,0.985,Texas Rangers,The Ballpark at Arlington,2094394.0,111.0,111.0,TEX,TEX,TEX
2003,AL,TOR,TOR,E,3,162,81.0,86,76,N,N,N,N,894.0,5661.0,1580.0,357.0,33.0,190.0,546.0,1081.0,37.0,25.0,90.0,56.0,826.0,748.0,4.69,14.0,6.0,35.0,4305.0,1560.0,184.0,485.0,984.0,117.0,161.0,0.981,Toronto Blue Jays,Skydome,1799458.0,104.0,104.0,TOR,TOR,TOR
2004,AL,ANA,ANA,W,1,162,81.0,92,70,Y,N,N,N,836.0,5675.0,1603.0,272.0,37.0,162.0,450.0,942.0,143.0,46.0,73.0,41.0,734.0,692.0,4.28,2.0,11.0,50.0,4363.0,1476.0,170.0,502.0,1164.0,90.0,126.0,0.985,Anaheim Angels,Angels Stadium of Anaheim,3375677.0,97.0,97.0,ANA,ANA,ANA
2004,NL,ARI,ARI,W,5,162,81.0,51,111,N,N,N,N,615.0,5544.0,1401.0,295.0,38.0,135.0,441.0,1022.0,53.0,32.0,35.0,37.0,899.0,794.0,4.98,5.0,6.0,33.0,4308.0,1480.0,197.0,668.0,1153.0,139.0,144.0,0.977,Arizona Diamondbacks,Bank One Ballpark,2519560.0,105.0,107.0,ARI,ARI,ARI
2004,NL,ATL,ATL,E,1,162,81.0,96,66,Y,N,N,N,803.0,5570.0,1503.0,304.0,37.0,178.0,587.0,1158.0,86.0,32.0,59.0,48.0,668.0,603.0,3.74,4.0,13.0,48.0,4350.0,1475.0,154.0,523.0,1025.0,116.0,171.0,0.981,Atlanta Braves,Turner Field,2327565.0,101.0,100.0,ATL,ATL,ATL
2004,AL,BAL,BAL,E,3,162,81.0,78,84,N,N,N,N,842.0,5736.0,1614.0,319.0,18.0,169.0,528.0,949.0,101.0,41.0,57.0,62.0,830.0,760.0,4.7,8.0,10.0,27.0,4366.0,1488.0,159.0,687.0,1090.0,110.0,161.0,0.982,Baltimore Orioles,Oriole Park at Camden Yards,2744018.0,98.0,99.0,BAL,BAL,BAL
2004,AL,BOS,BOS,E,2,162,81.0,98,64,N,Y,Y,Y,949.0,5720.0,1613.0,373.0,25.0,222.0,659.0,1189.0,68.0,30.0,69.0,55.0,768.0,674.0,4.18,4.0,12.0,36.0,4354.0,1430.0,159.0,447.0,1132.0,118.0,129.0,0.981,Boston Red Sox,Fenway Park II,2837294.0,106.0,105.0,BOS,BOS,BOS
2004,AL,CHA,CHW,C,2,162,81.0,83,79,N,N,N,N,865.0,5534.0,1481.0,284.0,19.0,242.0,499.0,1030.0,78.0,51.0,63.0,42.0,831.0,782.0,4.91,8.0,8.0,34.0,4297.0,1505.0,224.0,527.0,1013.0,100.0,167.0,0.984,Chicago White Sox,U.S. Cellular Field,1930537.0,102.0,102.0,CHW,CHA,CHA
2004,NL,CHN,CHC,C,3,162,82.0,89,73,N,N,N,N,789.0,5628.0,1508.0,308.0,29.0,235.0,489.0,1080.0,66.0,28.0,38.0,48.0,665.0,621.0,3.81,3.0,6.0,42.0,4396.0,1363.0,169.0,545.0,1346.0,86.0,126.0,0.986,Chicago Cubs,Wrigley Field,3170154.0,103.0,102.0,CHC,CHN,CHN
2004,NL,CIN,CIN,C,4,162,81.0,76,86,N,N,N,N,750.0,5518.0,1380.0,287.0,28.0,194.0,599.0,1335.0,77.0,25.0,81.0,25.0,907.0,832.0,5.19,5.0,8.0,47.0,4331.0,1595.0,236.0,572.0,992.0,113.0,123.0,0.981,Cincinnati Reds,Great American Ball Park,2287250.0,98.0,99.0,CIN,CIN,CIN
2004,AL,CLE,CLE,C,3,162,81.0,80,82,N,N,N,N,858.0,5676.0,1565.0,345.0,29.0,184.0,606.0,1009.0,94.0,55.0,78.0,42.0,857.0,784.0,4.81,8.0,8.0,32.0,4400.0,1553.0,201.0,579.0,1115.0,106.0,152.0,0.983,Cleveland Indians,Jacobs Field,1814401.0,94.0,94.0,CLE,CLE,CLE
2004,NL,COL,COL,W,4,162,81.0,68,94,N,N,N,N,833.0,5577.0,1531.0,331.0,34.0,202.0,568.0,1181.0,44.0,33.0,54.0,37.0,923.0,883.0,5.54,3.0,2.0,36.0,4306.0,1634.0,198.0,697.0,947.0,89.0,161.0,0.986,Colorado Rockies,Coors Field,2338069.0,113.0,114.0,COL,COL,COL
2004,AL,DET,DET,C,4,162,81.0,72,90,N,N,N,N,827.0,5623.0,1531.0,284.0,54.0,201.0,518.0,1144.0,86.0,50.0,50.0,43.0,844.0,788.0,4.93,7.0,9.0,35.0,4319.0,1542.0,190.0,530.0,995.0,144.0,160.0,0.977,Detroit Tigers,Comerica Park,1917004.0,95.0,96.0,DET,DET,DET
2004,NL,FLO,FLA,E,3,162,80.0,83,79,N,N,N,N,718.0,5486.0,1447.0,275.0,32.0,148.0,499.0,968.0,96.0,43.0,58.0,40.0,700.0,655.0,4.1,6.0,14.0,53.0,4317.0,1395.0,166.0,513.0,1116.0,86.0,153.0,0.986,Florida Marlins,Pro Player Stadium,1723105.0,95.0,95.0,FLA,FLO,FLO
2004,NL,HOU,HOU,C,2,162,81.0,92,70,N,Y,N,N,803.0,5468.0,1458.0,294.0,36.0,187.0,590.0,999.0,89.0,30.0,61.0,52.0,698.0,650.0,4.05,2.0,13.0,47.0,4329.0,1416.0,174.0,525.0,1282.0,101.0,136.0,0.983,Houston Astros,Minute Maid Park,3087872.0,102.0,101.0,HOU,HOU,HOU
2004,AL,KCA,KCR,C,5,162,80.0,58,104,N,N,N,N,720.0,5538.0,1432.0,261.0,29.0,150.0,461.0,1057.0,67.0,48.0,76.0,38.0,905.0,813.0,5.15,6.0,3.0,25.0,4261.0,1638.0,208.0,518.0,887.0,131.0,169.0,0.978,Kansas City Royals,Kauffman Stadium,1661478.0,102.0,103.0,KCR,KCA,KCA
2004,NL,LAN,LAD,W,1,162,81.0,93,69,Y,N,N,N,761.0,5542.0,1450.0,226.0,30.0,203.0,536.0,1092.0,102.0,41.0,62.0,35.0,684.0,647.0,4.01,2.0,6.0,51.0,4360.0,1386.0,178.0,521.0,1066.0,73.0,145.0,0.988,Los Angeles Dodgers,Dodger Stadium,3488283.0,95.0,95.0,LAD,LAN,LAN
2004,NL,MIL,MIL,C,6,161,81.0,67,94,N,N,N,N,634.0,5483.0,1358.0,295.0,32.0,135.0,540.0,1312.0,138.0,40.0,68.0,40.0,757.0,679.0,4.24,6.0,10.0,42.0,4326.0,1440.0,164.0,476.0,1098.0,117.0,132.0,0.981,Milwaukee Brewers,Miller Park,2062382.0,100.0,101.0,MIL,ML4,MIL
2004,AL,MIN,MIN,C,1,162,81.0,92,70,Y,N,N,N,780.0,5623.0,1494.0,310.0,24.0,191.0,513.0,982.0,116.0,46.0,64.0,40.0,715.0,661.0,4.03,4.0,9.0,48.0,4428.0,1523.0,167.0,431.0,1123.0,101.0,158.0,0.984,Minnesota Twins,Hubert H Humphrey Metrodome,1911490.0,103.0,102.0,MIN,MIN,MIN
2004,NL,MON,WSN,E,5,162,80.0,67,95,N,N,N,N,635.0,5474.0,1361.0,276.0,27.0,151.0,496.0,925.0,109.0,38.0,35.0,33.0,769.0,696.0,4.33,11.0,11.0,31.0,4341.0,1477.0,191.0,582.0,1032.0,99.0,172.0,0.984,Montreal Expos,Stade Olympique/Hiram Bithorn Stadium,749550.0,105.0,105.0,MON,MON,MON
2004,AL,NYA,NYY,E,1,162,81.0,101,61,Y,N,N,N,897.0,5527.0,1483.0,281.0,20.0,242.0,670.0,982.0,84.0,33.0,80.0,50.0,808.0,752.0,4.69,1.0,5.0,59.0,4331.0,1532.0,182.0,445.0,1058.0,99.0,148.0,0.984,New York Yankees,Yankee Stadium II,3775292.0,98.0,97.0,NYY,NYA,NYA
2004,NL,NYN,NYM,E,4,162,81.0,71,91,N,N,N,N,684.0,5532.0,1376.0,289.0,20.0,185.0,512.0,1159.0,107.0,23.0,61.0,34.0,731.0,658.0,4.09,2.0,6.0,31.0,4347.0,1452.0,156.0,592.0,977.0,137.0,144.0,0.978,New York Mets,Shea Stadium,2318951.0,99.0,99.0,NYM,NYN,NYN
2004,AL,OAK,OAK,W,2,162,81.0,91,71,N,N,N,N,793.0,5728.0,1545.0,336.0,15.0,189.0,608.0,1061.0,47.0,22.0,55.0,43.0,742.0,682.0,4.17,10.0,8.0,35.0,4414.0,1466.0,164.0,544.0,1034.0,91.0,172.0,0.986,Oakland Athletics,Network Associates Coliseum,2201516.0,99.0,98.0,OAK,OAK,OAK
2004,NL,PHI,PHI,E,2,162,81.0,86,76,N,N,N,N,840.0,5643.0,1505.0,303.0,23.0,215.0,645.0,1133.0,100.0,27.0,58.0,46.0,781.0,724.0,4.45,4.0,5.0,43.0,4388.0,1488.0,214.0,502.0,1070.0,81.0,142.0,0.987,Philadelphia Phillies,Citizens Bank Park,3250092.0,105.0,104.0,PHI,PHI,PHI
2004,NL,PIT,PIT,C,5,161,80.0,72,89,N,N,N,N,680.0,5483.0,1428.0,267.0,39.0,142.0,415.0,1066.0,63.0,40.0,95.0,42.0,744.0,680.0,4.29,3.0,8.0,46.0,4284.0,1451.0,149.0,576.0,1079.0,103.0,189.0,0.983,Pittsburgh Pirates,PNC Park,1580031.0,99.0,100.0,PIT,PIT,PIT
2004,NL,SDN,SDP,W,3,162,81.0,87,75,N,N,N,N,768.0,5573.0,1521.0,304.0,32.0,139.0,566.0,910.0,52.0,25.0,56.0,66.0,705.0,645.0,4.03,3.0,8.0,44.0,4323.0,1460.0,184.0,422.0,1079.0,108.0,146.0,0.982,San Diego Padres,Petco Park,3016752.0,90.0,90.0,SDP,SDN,SDN
2004,AL,SEA,SEA,W,4,162,82.0,63,99,N,N,N,N,698.0,5722.0,1544.0,276.0,20.0,136.0,492.0,1058.0,110.0,42.0,54.0,48.0,823.0,772.0,4.76,7.0,7.0,28.0,4378.0,1498.0,212.0,575.0,1036.0,103.0,140.0,0.983,Seattle Mariners,Safeco Field,2940731.0,97.0,98.0,SEA,SEA,SEA
2004,NL,SFN,SFG,W,2,162,82.0,91,71,N,N,N,N,850.0,5546.0,1500.0,314.0,33.0,183.0,705.0,874.0,43.0,23.0,72.0,51.0,770.0,695.0,4.29,8.0,8.0,46.0,4371.0,1481.0,161.0,548.0,1020.0,101.0,153.0,0.984,San Francisco Giants,SBC Park,3256854.0,101.0,101.0,SFG,SFN,SFN
2004,NL,SLN,STL,C,1,162,81.0,105,57,Y,N,Y,N,855.0,5555.0,1544.0,319.0,24.0,214.0,548.0,1085.0,111.0,47.0,51.0,70.0,659.0,605.0,3.75,4.0,12.0,57.0,4361.0,1378.0,169.0,440.0,1041.0,97.0,154.0,0.985,St. Louis Cardinals,Busch Stadium II,3048427.0,100.0,99.0,STL,SLN,SLN
2004,AL,TBA,TBD,E,4,161,80.0,70,91,N,N,N,N,714.0,5483.0,1416.0,278.0,46.0,145.0,469.0,944.0,132.0,42.0,55.0,56.0,842.0,757.0,4.81,3.0,5.0,35.0,4251.0,1459.0,192.0,580.0,923.0,119.0,139.0,0.98,Tampa Bay Devil Rays,Tropicana Field,1274911.0,96.0,98.0,TBD,TBA,TBA
2004,AL,TEX,TEX,W,3,162,81.0,89,73,N,N,N,N,860.0,5615.0,1492.0,323.0,34.0,227.0,500.0,1099.0,69.0,36.0,61.0,57.0,794.0,724.0,4.53,5.0,9.0,52.0,4319.0,1536.0,182.0,547.0,979.0,117.0,152.0,0.981,Texas Rangers,The Ballpark at Arlington,2513685.0,108.0,109.0,TEX,TEX,TEX
2004,AL,TOR,TOR,E,5,161,81.0,67,94,N,N,N,N,719.0,5531.0,1438.0,290.0,34.0,145.0,513.0,1083.0,58.0,31.0,71.0,42.0,823.0,775.0,4.91,6.0,11.0,37.0,4263.0,1505.0,181.0,608.0,956.0,91.0,150.0,0.985,Toronto Blue Jays,Skydome,1900041.0,104.0,104.0,TOR,TOR,TOR
2005,NL,ARI,ARI,W,2,162,81.0,77,85,N,N,N,N,696.0,5550.0,1419.0,291.0,27.0,191.0,606.0,1094.0,67.0,26.0,55.0,45.0,856.0,783.0,4.84,6.0,10.0,45.0,4369.0,1580.0,193.0,537.0,1038.0,94.0,159.0,0.985,Arizona Diamondbacks,Bank One Ballpark,2059424.0,103.0,105.0,ARI,ARI,ARI
2005,NL,ATL,ATL,E,1,162,81.0,90,72,Y,N,N,N,769.0,5486.0,1453.0,308.0,37.0,184.0,534.0,1084.0,92.0,32.0,45.0,46.0,674.0,639.0,3.98,8.0,12.0,38.0,4331.0,1487.0,145.0,520.0,929.0,86.0,170.0,0.986,Atlanta Braves,Turner Field,2521167.0,101.0,100.0,ATL,ATL,ATL
2005,AL,BAL,BAL,E,4,162,81.0,74,88,N,N,N,N,729.0,5551.0,1492.0,296.0,27.0,189.0,447.0,902.0,83.0,37.0,54.0,42.0,800.0,724.0,4.56,2.0,9.0,38.0,4283.0,1458.0,180.0,580.0,1052.0,107.0,154.0,0.982,Baltimore Orioles,Oriole Park at Camden Yards,2624740.0,99.0,99.0,BAL,BAL,BAL
2005,AL,BOS,BOS,E,2,162,81.0,95,67,N,Y,N,N,910.0,5626.0,1579.0,339.0,21.0,199.0,653.0,1044.0,45.0,12.0,47.0,63.0,805.0,752.0,4.74,6.0,8.0,38.0,4287.0,1550.0,164.0,440.0,959.0,109.0,135.0,0.982,Boston Red Sox,Fenway Park II,2847888.0,104.0,104.0,BOS,BOS,BOS
2005,AL,CHA,CHW,C,1,162,81.0,99,63,Y,N,Y,Y,741.0,5529.0,1450.0,253.0,23.0,200.0,435.0,1002.0,137.0,67.0,79.0,49.0,645.0,592.0,3.61,9.0,10.0,54.0,4427.0,1392.0,167.0,459.0,1040.0,94.0,166.0,0.985,Chicago White Sox,U.S. Cellular Field,2342833.0,103.0,103.0,CHW,CHA,CHA
2005,NL,CHN,CHC,C,4,162,81.0,79,83,N,N,N,N,703.0,5584.0,1506.0,323.0,23.0,194.0,419.0,920.0,65.0,39.0,50.0,37.0,714.0,671.0,4.19,8.0,10.0,39.0,4320.0,1357.0,186.0,576.0,1256.0,101.0,136.0,0.983,Chicago Cubs,Wrigley Field,3099992.0,104.0,104.0,CHC,CHN,CHN
2005,NL,CIN,CIN,C,5,163,82.0,73,89,N,N,N,N,820.0,5565.0,1453.0,335.0,15.0,222.0,611.0,1303.0,72.0,23.0,62.0,39.0,889.0,820.0,5.15,2.0,1.0,31.0,4299.0,1657.0,219.0,492.0,955.0,104.0,133.0,0.983,Cincinnati Reds,Great American Ball Park,1943067.0,100.0,101.0,CIN,CIN,CIN
2005,AL,CLE,CLE,C,2,162,81.0,93,69,N,N,N,N,790.0,5609.0,1522.0,337.0,30.0,207.0,503.0,1093.0,62.0,36.0,54.0,50.0,642.0,582.0,3.61,6.0,10.0,51.0,4358.0,1363.0,157.0,413.0,1050.0,106.0,156.0,0.983,Cleveland Indians,Jacobs Field,2013763.0,96.0,96.0,CLE,CLE,CLE
2005,NL,COL,COL,W,5,162,81.0,67,95,N,N,N,N,740.0,5542.0,1477.0,280.0,34.0,150.0,509.0,1103.0,65.0,32.0,64.0,34.0,862.0,808.0,5.13,4.0,4.0,37.0,4256.0,1600.0,175.0,604.0,981.0,118.0,158.0,0.981,Colorado Rockies,Coors Field,1914389.0,112.0,113.0,COL,COL,COL
2005,AL,DET,DET,C,4,162,81.0,71,91,N,N,N,N,723.0,5602.0,1521.0,283.0,45.0,168.0,384.0,1038.0,66.0,28.0,53.0,52.0,787.0,719.0,4.51,7.0,2.0,37.0,4307.0,1504.0,193.0,461.0,907.0,110.0,171.0,0.982,Detroit Tigers,Comerica Park,2024431.0,98.0,98.0,DET,DET,DET
2005,NL,FLO,FLA,E,3,162,81.0,83,79,N,N,N,N,717.0,5502.0,1499.0,306.0,32.0,128.0,512.0,918.0,96.0,38.0,67.0,50.0,732.0,666.0,4.16,14.0,15.0,42.0,4327.0,1459.0,116.0,563.0,1125.0,103.0,177.0,0.983,Florida Marlins,Dolphin Stadium,1852608.0,94.0,94.0,FLA,FLO,FLO
2005,NL,HOU,HOU,C,2,163,81.0,89,73,N,Y,Y,N,693.0,5462.0,1400.0,281.0,32.0,161.0,481.0,1037.0,115.0,44.0,72.0,42.0,609.0,563.0,3.51,6.0,11.0,45.0,4329.0,1336.0,155.0,440.0,1164.0,89.0,146.0,0.985,Houston Astros,Minute Maid Park,2804760.0,101.0,100.0,HOU,HOU,HOU
2005,AL,KCA,KCR,C,5,162,81.0,56,106,N,N,N,N,701.0,5503.0,1445.0,289.0,34.0,126.0,424.0,1008.0,53.0,33.0,63.0,50.0,935.0,862.0,5.49,4.0,4.0,25.0,4240.0,1640.0,178.0,580.0,924.0,125.0,163.0,0.979,Kansas City Royals,Kauffman Stadium,1371181.0,99.0,101.0,KCR,KCA,KCA
2005,AL,LAA,ANA,W,1,162,81.0,95,67,Y,N,N,N,761.0,5624.0,1520.0,278.0,30.0,147.0,447.0,848.0,161.0,57.0,29.0,39.0,643.0,598.0,3.68,7.0,11.0,54.0,4393.0,1419.0,158.0,443.0,1126.0,87.0,139.0,0.986,Los Angeles Angels of Anaheim,Angel Stadium,3404686.0,98.0,97.0,LAA,ANA,ANA
2005,NL,LAN,LAD,W,4,162,81.0,71,91,N,N,N,N,685.0,5433.0,1374.0,284.0,21.0,149.0,541.0,1094.0,58.0,35.0,67.0,33.0,755.0,695.0,4.38,6.0,9.0,40.0,4282.0,1434.0,182.0,471.0,1004.0,106.0,141.0,0.983,Los Angeles Dodgers,Dodger Stadium,3603646.0,98.0,97.0,LAD,LAN,LAN
2005,NL,MIL,MIL,C,3,162,81.0,81,81,N,N,N,N,726.0,5448.0,1413.0,327.0,19.0,175.0,531.0,1162.0,79.0,34.0,73.0,38.0,697.0,635.0,3.97,7.0,6.0,46.0,4314.0,1382.0,169.0,569.0,1173.0,119.0,139.0,0.98,Milwaukee Brewers,Miller Park,2211023.0,101.0,101.0,MIL,ML4,MIL
2005,AL,MIN,MIN,C,3,162,81.0,83,79,N,N,N,N,688.0,5564.0,1441.0,269.0,32.0,134.0,485.0,978.0,102.0,44.0,59.0,42.0,662.0,604.0,3.71,9.0,8.0,44.0,4393.0,1458.0,169.0,348.0,965.0,102.0,171.0,0.984,Minnesota Twins,Hubert H Humphrey Metrodome,2034243.0,102.0,102.0,MIN,MIN,MIN
2005,AL,NYA,NYY,E,1,162,81.0,95,67,Y,N,N,N,886.0,5624.0,1552.0,259.0,16.0,229.0,637.0,989.0,84.0,27.0,73.0,43.0,789.0,718.0,4.52,8.0,14.0,46.0,4292.0,1495.0,164.0,463.0,985.0,95.0,151.0,0.984,New York Yankees,Yankee Stadium II,4090696.0,98.0,97.0,NYY,NYA,NYA
2005,NL,NYN,NYM,E,3,162,81.0,83,79,N,N,N,N,722.0,5505.0,1421.0,279.0,32.0,175.0,486.0,1075.0,153.0,40.0,48.0,38.0,648.0,599.0,3.76,8.0,11.0,38.0,4307.0,1390.0,135.0,491.0,1012.0,106.0,146.0,0.983,New York Mets,Shea Stadium,2829929.0,98.0,97.0,NYM,NYN,NYN
2005,AL,OAK,OAK,W,2,162,81.0,88,74,N,N,N,N,772.0,5627.0,1476.0,310.0,20.0,155.0,537.0,819.0,31.0,22.0,52.0,40.0,658.0,594.0,3.69,9.0,12.0,38.0,4351.0,1315.0,154.0,504.0,1075.0,88.0,166.0,0.986,Oakland Athletics,McAfee Coliseum,2109118.0,101.0,100.0,OAK,OAK,OAK
2005,NL,PHI,PHI,E,2,162,81.0,88,74,N,N,N,N,807.0,5542.0,1494.0,282.0,35.0,167.0,639.0,1083.0,116.0,27.0,56.0,46.0,726.0,672.0,4.21,4.0,6.0,40.0,4305.0,1379.0,189.0,487.0,1159.0,90.0,132.0,0.985,Philadelphia Phillies,Citizens Bank Park,2665304.0,105.0,104.0,PHI,PHI,PHI
2005,NL,PIT,PIT,C,6,162,81.0,67,95,N,N,N,N,680.0,5573.0,1445.0,292.0,38.0,139.0,471.0,1092.0,73.0,30.0,72.0,49.0,769.0,706.0,4.42,4.0,14.0,35.0,4308.0,1456.0,162.0,612.0,958.0,117.0,193.0,0.981,Pittsburgh Pirates,PNC Park,1817245.0,99.0,100.0,PIT,PIT,PIT
2005,NL,SDN,SDP,W,1,162,81.0,82,80,Y,N,N,N,684.0,5502.0,1416.0,269.0,39.0,130.0,600.0,977.0,99.0,44.0,49.0,48.0,726.0,668.0,4.13,4.0,8.0,45.0,4366.0,1452.0,146.0,503.0,1133.0,109.0,136.0,0.982,San Diego Padres,Petco Park,2869787.0,92.0,91.0,SDP,SDN,SDN
2005,AL,SEA,SEA,W,4,162,81.0,69,93,N,N,N,N,699.0,5507.0,1408.0,289.0,34.0,130.0,466.0,986.0,102.0,47.0,48.0,37.0,751.0,712.0,4.49,6.0,7.0,39.0,4283.0,1483.0,179.0,496.0,892.0,86.0,144.0,0.986,Seattle Mariners,Safeco Field,2725459.0,95.0,96.0,SEA,SEA,SEA
2005,NL,SFN,SFG,W,3,162,81.0,75,87,N,N,N,N,649.0,5462.0,1427.0,299.0,26.0,128.0,431.0,901.0,71.0,35.0,49.0,44.0,745.0,695.0,4.33,4.0,8.0,46.0,4333.0,1456.0,151.0,592.0,972.0,90.0,146.0,0.985,San Francisco Giants,SBC Park,3181023.0,101.0,101.0,SFG,SFN,SFN
2005,NL,SLN,STL,C,1,162,81.0,100,62,Y,N,N,N,805.0,5538.0,1494.0,287.0,26.0,170.0,534.0,947.0,83.0,36.0,62.0,35.0,634.0,560.0,3.49,15.0,14.0,48.0,4337.0,1399.0,153.0,443.0,974.0,100.0,196.0,0.984,St. Louis Cardinals,Busch Stadium II,3538988.0,101.0,100.0,STL,SLN,SLN
2005,AL,TBA,TBD,E,5,162,81.0,67,95,N,N,N,N,750.0,5552.0,1519.0,289.0,40.0,157.0,412.0,990.0,151.0,49.0,69.0,51.0,936.0,851.0,5.39,1.0,4.0,43.0,4265.0,1570.0,194.0,615.0,949.0,124.0,139.0,0.979,Tampa Bay Devil Rays,Tropicana Field,1141669.0,99.0,100.0,TBD,TBA,TBA
2005,AL,TEX,TEX,W,3,162,81.0,79,83,N,N,N,N,865.0,5716.0,1528.0,311.0,29.0,260.0,495.0,1112.0,67.0,15.0,48.0,32.0,858.0,794.0,4.96,2.0,6.0,46.0,4320.0,1589.0,159.0,522.0,932.0,108.0,149.0,0.982,Texas Rangers,Ameriquest Field,2525221.0,106.0,106.0,TEX,TEX,TEX
2005,AL,TOR,TOR,E,3,162,81.0,80,82,N,N,N,N,775.0,5581.0,1480.0,307.0,39.0,136.0,486.0,955.0,72.0,35.0,89.0,56.0,705.0,653.0,4.06,9.0,8.0,35.0,4341.0,1475.0,185.0,444.0,958.0,95.0,154.0,0.985,Toronto Blue Jays,Rogers Centre,2014995.0,102.0,102.0,TOR,TOR,TOR
2005,NL,WAS,WSN,E,5,162,81.0,81,81,N,N,N,N,639.0,5426.0,1367.0,311.0,32.0,117.0,491.0,1090.0,45.0,45.0,89.0,45.0,673.0,627.0,3.87,4.0,9.0,51.0,4374.0,1456.0,140.0,539.0,997.0,92.0,156.0,0.985,Washington Nationals,R.F.K. Stadium,2731993.0,95.0,96.0,WSN,MON,WAS
2006,NL,ARI,ARI,W,4,162,81.0,76,86,N,N,N,N,773.0,5645.0,1506.0,331.0,38.0,160.0,504.0,965.0,76.0,30.0,67.0,53.0,788.0,727.0,4.48,8.0,9.0,34.0,4379.0,1503.0,168.0,536.0,1115.0,104.0,172.0,0.983,Arizona Diamondbacks,Chase Field,2091685.0,105.0,105.0,ARI,ARI,ARI
2006,NL,ATL,ATL,E,3,162,81.0,79,83,N,N,N,N,849.0,5583.0,1510.0,312.0,26.0,222.0,526.0,1169.0,52.0,35.0,52.0,44.0,805.0,736.0,4.6,6.0,6.0,38.0,4324.0,1529.0,183.0,572.0,1049.0,99.0,146.0,0.984,Atlanta Braves,Turner Field,2550524.0,100.0,99.0,ATL,ATL,ATL
2006,AL,BAL,BAL,E,4,162,81.0,70,92,N,N,N,N,768.0,5610.0,1556.0,288.0,20.0,164.0,474.0,878.0,121.0,32.0,73.0,41.0,899.0,843.0,5.35,5.0,9.0,35.0,4257.0,1579.0,216.0,613.0,1016.0,102.0,156.0,0.983,Baltimore Orioles,Oriole Park at Camden Yards,2153139.0,99.0,100.0,BAL,BAL,BAL
2006,AL,BOS,BOS,E,3,162,81.0,86,76,N,N,N,N,820.0,5619.0,1510.0,327.0,16.0,192.0,672.0,1056.0,51.0,23.0,66.0,56.0,825.0,773.0,4.83,3.0,6.0,46.0,4324.0,1570.0,181.0,509.0,1070.0,66.0,174.0,0.989,Boston Red Sox,Fenway Park II,2930588.0,105.0,104.0,BOS,BOS,BOS
2006,AL,CHA,CHW,C,3,162,81.0,90,72,N,N,N,N,868.0,5657.0,1586.0,291.0,20.0,236.0,502.0,1056.0,93.0,48.0,58.0,57.0,794.0,743.0,4.61,5.0,11.0,46.0,4347.0,1534.0,200.0,433.0,1012.0,90.0,145.0,0.985,Chicago White Sox,U.S. Cellular Field,2957414.0,104.0,104.0,CHW,CHA,CHA
2006,NL,CHN,CHC,C,6,162,81.0,66,96,N,N,N,N,716.0,5587.0,1496.0,271.0,46.0,166.0,395.0,928.0,121.0,49.0,43.0,37.0,834.0,758.0,4.74,2.0,7.0,29.0,4317.0,1396.0,210.0,687.0,1250.0,106.0,122.0,0.982,Chicago Cubs,Wrigley Field,3123215.0,103.0,103.0,CHC,CHN,CHN
2006,NL,CIN,CIN,C,3,162,82.0,80,82,N,N,N,N,749.0,5515.0,1419.0,291.0,12.0,217.0,614.0,1192.0,124.0,33.0,59.0,38.0,801.0,725.0,4.51,9.0,10.0,36.0,4337.0,1576.0,213.0,464.0,1053.0,128.0,139.0,0.979,Cincinnati Reds,Great American Ball Park,2134607.0,104.0,104.0,CIN,CIN,CIN
2006,AL,CLE,CLE,C,4,162,81.0,78,84,N,N,N,N,870.0,5619.0,1576.0,351.0,27.0,196.0,556.0,1204.0,55.0,23.0,54.0,43.0,782.0,698.0,4.41,13.0,13.0,24.0,4270.0,1583.0,166.0,429.0,948.0,118.0,165.0,0.981,Cleveland Indians,Jacobs Field,1997995.0,99.0,98.0,CLE,CLE,CLE
2006,NL,COL,COL,W,4,162,81.0,76,86,N,N,N,N,813.0,5562.0,1504.0,325.0,54.0,157.0,561.0,1108.0,85.0,50.0,60.0,45.0,812.0,749.0,4.66,5.0,8.0,34.0,4342.0,1549.0,155.0,553.0,952.0,91.0,190.0,0.985,Colorado Rockies,Coors Field,2104362.0,109.0,109.0,COL,COL,COL
2006,AL,DET,DET,C,2,162,81.0,95,67,N,Y,Y,N,822.0,5642.0,1548.0,294.0,40.0,203.0,430.0,1133.0,60.0,40.0,45.0,36.0,675.0,618.0,3.84,3.0,16.0,46.0,4344.0,1420.0,160.0,489.0,1003.0,106.0,162.0,0.983,Detroit Tigers,Comerica Park,2595937.0,100.0,100.0,DET,DET,DET
2006,NL,FLO,FLA,E,4,162,81.0,78,84,N,N,N,N,758.0,5502.0,1454.0,309.0,42.0,182.0,497.0,1249.0,110.0,58.0,74.0,42.0,772.0,696.0,4.37,6.0,6.0,41.0,4300.0,1465.0,166.0,622.0,1088.0,126.0,166.0,0.979,Florida Marlins,Dolphin Stadium,1164134.0,95.0,96.0,FLA,FLO,FLO
2006,NL,HOU,HOU,C,2,162,81.0,82,80,N,N,N,N,735.0,5521.0,1407.0,275.0,27.0,174.0,585.0,1076.0,79.0,36.0,73.0,46.0,719.0,666.0,4.08,5.0,12.0,42.0,4406.0,1425.0,182.0,480.0,1160.0,80.0,164.0,0.987,Houston Astros,Minute Maid Park,3022763.0,100.0,99.0,HOU,HOU,HOU
2006,AL,KCA,KCR,C,5,162,81.0,62,100,N,N,N,N,757.0,5589.0,1515.0,335.0,37.0,124.0,474.0,1040.0,65.0,34.0,64.0,48.0,971.0,896.0,5.65,3.0,5.0,35.0,4279.0,1648.0,213.0,637.0,904.0,98.0,189.0,0.984,Kansas City Royals,Kauffman Stadium,1372638.0,101.0,103.0,KCR,KCA,KCA
2006,AL,LAA,ANA,W,2,162,81.0,89,73,N,N,N,N,766.0,5609.0,1539.0,309.0,29.0,159.0,486.0,914.0,148.0,57.0,42.0,53.0,732.0,652.0,4.04,5.0,12.0,50.0,4358.0,1410.0,158.0,471.0,1164.0,124.0,154.0,0.979,Los Angeles Angels of Anaheim,Angel Stadium,3406790.0,100.0,100.0,LAA,ANA,ANA
2006,NL,LAN,LAD,W,2,162,81.0,88,74,N,Y,N,N,820.0,5628.0,1552.0,307.0,58.0,153.0,601.0,959.0,128.0,49.0,51.0,48.0,751.0,686.0,4.23,1.0,10.0,40.0,4381.0,1524.0,152.0,492.0,1068.0,115.0,174.0,0.982,Los Angeles Dodgers,Dodger Stadium,3758545.0,101.0,100.0,LAD,LAN,LAN
2006,NL,MIL,MIL,C,4,162,81.0,75,87,N,N,N,N,730.0,5433.0,1400.0,301.0,20.0,180.0,502.0,1233.0,71.0,37.0,82.0,53.0,833.0,763.0,4.82,7.0,8.0,43.0,4277.0,1454.0,177.0,514.0,1145.0,117.0,126.0,0.98,Milwaukee Brewers,Miller Park,2335643.0,101.0,101.0,MIL,ML4,MIL
2006,AL,MIN,MIN,C,1,162,81.0,96,66,Y,N,N,N,801.0,5602.0,1608.0,275.0,34.0,143.0,490.0,872.0,101.0,42.0,50.0,55.0,683.0,632.0,3.95,1.0,6.0,40.0,4318.0,1490.0,182.0,356.0,1164.0,84.0,135.0,0.986,Minnesota Twins,Hubert H Humphrey Metrodome,2285018.0,98.0,98.0,MIN,MIN,MIN
2006,AL,NYA,NYY,E,1,162,81.0,97,65,Y,N,N,N,930.0,5651.0,1608.0,327.0,21.0,210.0,649.0,1053.0,139.0,35.0,72.0,49.0,767.0,708.0,4.41,5.0,8.0,43.0,4331.0,1463.0,170.0,496.0,1019.0,104.0,145.0,0.983,New York Yankees,Yankee Stadium II,4248067.0,101.0,99.0,NYY,NYA,NYA
2006,NL,NYN,NYM,E,1,162,81.0,97,65,Y,N,N,N,834.0,5558.0,1469.0,323.0,41.0,200.0,547.0,1071.0,146.0,35.0,62.0,47.0,731.0,673.0,4.14,5.0,12.0,43.0,4384.0,1402.0,180.0,527.0,1161.0,104.0,131.0,0.983,New York Mets,Shea Stadium,3379535.0,98.0,97.0,NYM,NYN,NYN
2006,AL,OAK,OAK,W,1,162,81.0,93,69,Y,N,N,N,771.0,5500.0,1429.0,266.0,22.0,175.0,650.0,976.0,61.0,20.0,50.0,56.0,727.0,679.0,4.21,5.0,11.0,54.0,4355.0,1525.0,162.0,529.0,1003.0,84.0,173.0,0.986,Oakland Athletics,McAfee Coliseum,1976625.0,97.0,97.0,OAK,OAK,OAK
2006,NL,PHI,PHI,E,2,162,81.0,85,77,N,N,N,N,865.0,5687.0,1518.0,294.0,41.0,216.0,626.0,1203.0,92.0,25.0,95.0,44.0,812.0,747.0,4.6,4.0,6.0,42.0,4381.0,1561.0,211.0,512.0,1138.0,104.0,153.0,0.983,Philadelphia Phillies,Citizens Bank Park,2701815.0,105.0,104.0,PHI,PHI,PHI
2006,NL,PIT,PIT,C,5,162,81.0,67,95,N,N,N,N,691.0,5558.0,1462.0,286.0,17.0,141.0,459.0,1200.0,68.0,23.0,89.0,49.0,797.0,720.0,4.52,2.0,10.0,39.0,4305.0,1545.0,156.0,620.0,1060.0,104.0,168.0,0.983,Pittsburgh Pirates,PNC Park,1861549.0,98.0,99.0,PIT,PIT,PIT
2006,NL,SDN,SDP,W,1,162,81.0,88,74,Y,N,N,N,731.0,5576.0,1465.0,298.0,38.0,161.0,564.0,1104.0,123.0,31.0,40.0,47.0,679.0,629.0,3.87,4.0,11.0,50.0,4391.0,1385.0,176.0,468.0,1097.0,92.0,138.0,0.985,San Diego Padres,Petco Park,2659757.0,91.0,90.0,SDP,SDN,SDN
2006,AL,SEA,SEA,W,4,162,81.0,78,84,N,N,N,N,756.0,5670.0,1540.0,266.0,42.0,172.0,404.0,974.0,106.0,37.0,63.0,38.0,792.0,739.0,4.6,6.0,6.0,47.0,4340.0,1500.0,183.0,560.0,1067.0,88.0,150.0,0.985,Seattle Mariners,Safeco Field,2481165.0,97.0,97.0,SEA,SEA,SEA
2006,NL,SFN,SFG,W,3,161,81.0,76,85,N,N,N,N,746.0,5472.0,1418.0,297.0,52.0,163.0,494.0,891.0,58.0,25.0,53.0,37.0,790.0,735.0,4.63,7.0,9.0,37.0,4289.0,1422.0,153.0,584.0,992.0,91.0,132.0,0.985,San Francisco Giants,AT&T Park,3130313.0,100.0,100.0,SFG,SFN,SFN
2006,NL,SLN,STL,C,1,161,80.0,83,78,Y,N,Y,Y,781.0,5522.0,1484.0,292.0,27.0,184.0,531.0,922.0,59.0,32.0,61.0,40.0,762.0,721.0,4.54,6.0,9.0,38.0,4289.0,1475.0,193.0,504.0,970.0,98.0,170.0,0.984,St. Louis Cardinals,Busch Stadium III,3407104.0,99.0,99.0,STL,SLN,SLN
2006,AL,TBA,TBD,E,5,162,81.0,61,101,N,N,N,N,689.0,5474.0,1395.0,267.0,33.0,190.0,441.0,1106.0,134.0,52.0,47.0,43.0,856.0,782.0,4.96,3.0,7.0,33.0,4261.0,1600.0,180.0,606.0,979.0,116.0,156.0,0.981,Tampa Bay Devil Rays,Tropicana Field,1368950.0,99.0,101.0,TBD,TBA,TBA
2006,AL,TEX,TEX,W,3,162,81.0,80,82,N,N,N,N,835.0,5659.0,1571.0,357.0,23.0,183.0,505.0,1061.0,53.0,24.0,40.0,50.0,784.0,731.0,4.6,3.0,8.0,42.0,4294.0,1558.0,162.0,496.0,972.0,98.0,174.0,0.984,Texas Rangers,Ameriquest Field,2388757.0,101.0,101.0,TEX,TEX,TEX
2006,AL,TOR,TOR,E,2,162,81.0,87,75,N,N,N,N,809.0,5596.0,1591.0,348.0,27.0,199.0,514.0,906.0,65.0,33.0,63.0,52.0,754.0,694.0,4.37,6.0,6.0,42.0,4285.0,1447.0,185.0,504.0,1076.0,99.0,157.0,0.984,Toronto Blue Jays,Rogers Centre,2302212.0,100.0,100.0,TOR,TOR,TOR
2006,NL,WAS,WSN,E,5,162,81.0,71,91,N,N,N,N,746.0,5495.0,1437.0,322.0,22.0,164.0,594.0,1156.0,123.0,62.0,69.0,49.0,872.0,803.0,5.03,1.0,3.0,32.0,4309.0,1535.0,193.0,584.0,960.0,131.0,123.0,0.978,Washington Nationals,R.F.K. Stadium,2153056.0,94.0,95.0,WSN,MON,WAS
2007,NL,ARI,ARI,W,1,162,81.0,90,72,Y,N,N,N,712.0,5398.0,1350.0,286.0,40.0,171.0,532.0,1111.0,109.0,24.0,57.0,58.0,732.0,662.0,4.13,7.0,12.0,51.0,4323.0,1446.0,169.0,546.0,1088.0,106.0,157.0,0.983,Arizona Diamondbacks,Chase Field,2325249.0,107.0,107.0,ARI,ARI,ARI
2007,NL,ATL,ATL,E,3,162,81.0,84,78,N,N,N,N,810.0,5689.0,1562.0,328.0,27.0,176.0,534.0,1149.0,64.0,30.0,49.0,47.0,733.0,665.0,4.11,1.0,6.0,36.0,4369.0,1442.0,172.0,537.0,1106.0,107.0,141.0,0.983,Atlanta Braves,Turner Field,2745207.0,98.0,98.0,ATL,ATL,ATL
2007,AL,BAL,BAL,E,4,162,81.0,69,93,N,N,N,N,756.0,5631.0,1529.0,306.0,30.0,142.0,500.0,939.0,144.0,42.0,47.0,47.0,868.0,827.0,5.17,4.0,9.0,30.0,4316.0,1491.0,161.0,696.0,1087.0,79.0,155.0,0.987,Baltimore Orioles,Oriole Park at Camden Yards,2164822.0,101.0,102.0,BAL,BAL,BAL
2007,AL,BOS,BOS,E,1,162,81.0,96,66,Y,N,Y,Y,867.0,5589.0,1561.0,352.0,35.0,166.0,689.0,1042.0,96.0,24.0,64.0,54.0,657.0,618.0,3.87,5.0,13.0,45.0,4316.0,1350.0,151.0,482.0,1149.0,81.0,145.0,0.986,Boston Red Sox,Fenway Park II,2970755.0,106.0,105.0,BOS,BOS,BOS
2007,AL,CHA,CHW,C,4,162,81.0,72,90,N,N,N,N,693.0,5441.0,1341.0,249.0,20.0,190.0,532.0,1149.0,78.0,45.0,52.0,35.0,839.0,763.0,4.77,9.0,9.0,42.0,4322.0,1556.0,174.0,499.0,1015.0,108.0,168.0,0.982,Chicago White Sox,U.S. Cellular Field,2684395.0,104.0,104.0,CHW,CHA,CHA
2007,NL,CHN,CHC,C,1,162,81.0,85,77,Y,N,N,N,752.0,5643.0,1530.0,340.0,28.0,151.0,500.0,1054.0,86.0,33.0,40.0,37.0,690.0,650.0,4.04,2.0,10.0,39.0,4340.0,1340.0,165.0,573.0,1211.0,94.0,134.0,0.984,Chicago Cubs,Wrigley Field,3252462.0,105.0,104.0,CHC,CHN,CHN
2007,NL,CIN,CIN,C,5,162,81.0,72,90,N,N,N,N,783.0,5607.0,1496.0,293.0,23.0,204.0,536.0,1113.0,97.0,31.0,66.0,46.0,853.0,796.0,4.94,6.0,7.0,34.0,4349.0,1605.0,198.0,482.0,1068.0,95.0,155.0,0.984,Cincinnati Reds,Great American Ball Park,2058593.0,104.0,104.0,CIN,CIN,CIN
2007,AL,CLE,CLE,C,1,162,80.0,96,66,Y,N,N,N,811.0,5604.0,1504.0,305.0,27.0,178.0,590.0,1202.0,72.0,41.0,80.0,59.0,704.0,658.0,4.05,9.0,9.0,49.0,4388.0,1519.0,146.0,410.0,1047.0,92.0,167.0,0.985,Cleveland Indians,Jacobs Field,2275912.0,101.0,100.0,CLE,CLE,CLE
2007,NL,COL,COL,W,2,163,82.0,90,73,N,Y,Y,N,860.0,5691.0,1591.0,313.0,36.0,171.0,622.0,1152.0,100.0,31.0,58.0,44.0,758.0,706.0,4.32,4.0,7.0,39.0,4416.0,1497.0,164.0,504.0,967.0,68.0,180.0,0.989,Colorado Rockies,Coors Field,2376250.0,107.0,108.0,COL,COL,COL
2007,AL,DET,DET,C,2,162,81.0,88,74,N,N,N,N,887.0,5757.0,1652.0,352.0,50.0,177.0,474.0,1054.0,103.0,30.0,56.0,45.0,797.0,735.0,4.57,1.0,9.0,44.0,4342.0,1498.0,174.0,566.0,1047.0,99.0,148.0,0.984,Detroit Tigers,Comerica Park,3047133.0,102.0,101.0,DET,DET,DET
2007,NL,FLO,FLA,E,5,162,81.0,71,91,N,N,N,N,790.0,5627.0,1504.0,340.0,38.0,201.0,521.0,1332.0,105.0,34.0,82.0,42.0,891.0,793.0,4.94,0.0,4.0,40.0,4331.0,1617.0,176.0,661.0,1142.0,137.0,159.0,0.977,Florida Marlins,Dolphin Stadium,1370511.0,97.0,98.0,FLA,FLO,FLO
2007,NL,HOU,HOU,C,4,162,81.0,73,89,N,N,N,N,723.0,5605.0,1457.0,293.0,30.0,167.0,547.0,1043.0,65.0,33.0,55.0,40.0,813.0,761.0,4.68,2.0,6.0,38.0,4394.0,1566.0,206.0,510.0,1109.0,103.0,128.0,0.983,Houston Astros,Minute Maid Park,3020405.0,100.0,100.0,HOU,HOU,HOU
2007,AL,KCA,KCR,C,5,162,81.0,69,93,N,N,N,N,706.0,5534.0,1447.0,300.0,46.0,102.0,428.0,1069.0,78.0,44.0,89.0,47.0,778.0,716.0,4.48,2.0,6.0,36.0,4312.0,1547.0,168.0,520.0,993.0,106.0,160.0,0.982,Kansas City Royals,Kauffman Stadium,1616867.0,100.0,101.0,KCR,KCA,KCA
2007,AL,LAA,ANA,W,1,162,81.0,94,68,Y,N,N,N,822.0,5554.0,1578.0,324.0,23.0,123.0,507.0,883.0,139.0,55.0,40.0,65.0,731.0,674.0,4.23,5.0,9.0,43.0,4305.0,1480.0,151.0,477.0,1156.0,101.0,154.0,0.983,Los Angeles Angels of Anaheim,Angel Stadium,3365632.0,101.0,100.0,LAA,ANA,ANA
2007,NL,LAN,LAD,W,4,162,81.0,82,80,N,N,N,N,735.0,5614.0,1544.0,276.0,35.0,129.0,511.0,864.0,137.0,50.0,41.0,55.0,727.0,677.0,4.2,4.0,6.0,43.0,4350.0,1443.0,146.0,518.0,1184.0,114.0,160.0,0.981,Los Angeles Dodgers,Dodger Stadium,3857036.0,101.0,100.0,LAD,LAN,LAN
2007,NL,MIL,MIL,C,2,162,81.0,83,79,N,N,N,N,801.0,5554.0,1455.0,310.0,37.0,231.0,501.0,1137.0,96.0,32.0,76.0,47.0,776.0,708.0,4.41,3.0,6.0,49.0,4333.0,1513.0,161.0,507.0,1174.0,109.0,144.0,0.982,Milwaukee Brewers,Miller Park,2869144.0,100.0,100.0,MIL,ML4,MIL
2007,AL,MIN,MIN,C,3,162,81.0,79,83,N,N,N,N,718.0,5522.0,1460.0,273.0,36.0,118.0,512.0,839.0,112.0,30.0,48.0,45.0,725.0,663.0,4.15,5.0,8.0,38.0,4310.0,1505.0,185.0,420.0,1094.0,95.0,151.0,0.984,Minnesota Twins,Hubert H Humphrey Metrodome,2296383.0,95.0,95.0,MIN,MIN,MIN
2007,AL,NYA,NYY,E,2,162,81.0,94,68,N,Y,N,N,968.0,5717.0,1656.0,326.0,32.0,201.0,637.0,991.0,123.0,40.0,78.0,54.0,777.0,724.0,4.49,1.0,5.0,34.0,4352.0,1498.0,150.0,578.0,1009.0,88.0,174.0,0.985,New York Yankees,Yankee Stadium II,4271083.0,101.0,100.0,NYY,NYA,NYA
2007,NL,NYN,NYM,E,2,162,81.0,88,74,N,N,N,N,804.0,5605.0,1543.0,294.0,27.0,177.0,549.0,981.0,200.0,46.0,54.0,58.0,750.0,687.0,4.26,2.0,10.0,39.0,4357.0,1415.0,165.0,570.0,1134.0,101.0,124.0,0.983,New York Mets,Shea Stadium,3853955.0,98.0,97.0,NYM,NYN,NYN
2007,AL,OAK,OAK,W,3,162,81.0,76,86,N,N,N,N,741.0,5577.0,1430.0,295.0,16.0,171.0,664.0,1119.0,52.0,20.0,49.0,56.0,758.0,689.0,4.28,4.0,9.0,36.0,4344.0,1468.0,138.0,530.0,1036.0,90.0,153.0,0.985,Oakland Athletics,McAfee Coliseum,1921844.0,94.0,94.0,OAK,OAK,OAK
2007,NL,PHI,PHI,E,1,162,81.0,89,73,Y,N,N,N,892.0,5688.0,1558.0,326.0,41.0,213.0,641.0,1205.0,138.0,19.0,90.0,52.0,821.0,767.0,4.73,5.0,5.0,42.0,4375.0,1555.0,198.0,558.0,1050.0,89.0,162.0,0.986,Philadelphia Phillies,Citizens Bank Park,3108325.0,104.0,103.0,PHI,PHI,PHI
2007,NL,PIT,PIT,C,6,162,81.0,68,94,N,N,N,N,724.0,5569.0,1463.0,322.0,31.0,148.0,463.0,1135.0,68.0,30.0,71.0,51.0,846.0,793.0,4.93,4.0,5.0,32.0,4343.0,1627.0,174.0,518.0,997.0,83.0,190.0,0.986,Pittsburgh Pirates,PNC Park,1749142.0,97.0,98.0,PIT,PIT,PIT
2007,NL,SDN,SDP,W,3,163,81.0,89,74,N,N,N,N,741.0,5612.0,1408.0,322.0,31.0,171.0,557.0,1229.0,55.0,24.0,49.0,44.0,666.0,611.0,3.7,1.0,20.0,45.0,4454.0,1406.0,119.0,474.0,1136.0,92.0,147.0,0.985,San Diego Padres,Petco Park,2790074.0,90.0,90.0,SDP,SDN,SDN
2007,AL,SEA,SEA,W,2,162,82.0,88,74,N,N,N,N,794.0,5684.0,1629.0,284.0,22.0,153.0,389.0,861.0,81.0,30.0,62.0,40.0,813.0,754.0,4.73,6.0,12.0,43.0,4303.0,1578.0,147.0,546.0,1020.0,90.0,167.0,0.985,Seattle Mariners,Safeco Field,2672223.0,96.0,97.0,SEA,SEA,SEA
2007,NL,SFN,SFG,W,5,162,81.0,71,91,N,N,N,N,683.0,5538.0,1407.0,267.0,37.0,131.0,532.0,907.0,119.0,33.0,39.0,36.0,720.0,677.0,4.19,5.0,10.0,37.0,4361.0,1442.0,133.0,593.0,1057.0,88.0,148.0,0.986,San Francisco Giants,AT&T Park,3223215.0,101.0,101.0,SFG,SFN,SFN
2007,NL,SLN,STL,C,3,162,81.0,78,84,N,N,N,N,725.0,5529.0,1513.0,279.0,13.0,141.0,506.0,909.0,56.0,33.0,54.0,54.0,829.0,741.0,4.65,2.0,8.0,34.0,4307.0,1514.0,168.0,509.0,945.0,121.0,155.0,0.98,St. Louis Cardinals,Busch Stadium III,3552180.0,99.0,99.0,STL,SLN,SLN
2007,AL,TBA,TBD,E,5,162,81.0,66,96,N,N,N,N,782.0,5593.0,1500.0,291.0,36.0,187.0,545.0,1324.0,131.0,48.0,53.0,52.0,944.0,879.0,5.53,2.0,2.0,28.0,4289.0,1649.0,199.0,568.0,1194.0,117.0,155.0,0.98,Tampa Bay Devil Rays,Tropicana Field,1387603.0,98.0,100.0,TBD,TBA,TBA
2007,AL,TEX,TEX,W,4,162,81.0,75,87,N,N,N,N,816.0,5555.0,1460.0,298.0,36.0,179.0,503.0,1224.0,88.0,25.0,56.0,42.0,844.0,755.0,4.75,0.0,6.0,42.0,4290.0,1525.0,155.0,668.0,976.0,124.0,179.0,0.98,Texas Rangers,Rangers Ballpark in Arlington,2353862.0,101.0,101.0,TEX,TEX,TEX
2007,AL,TOR,TOR,E,3,162,81.0,83,79,N,N,N,N,753.0,5536.0,1434.0,344.0,24.0,165.0,533.0,1044.0,57.0,22.0,47.0,48.0,699.0,644.0,4.0,11.0,9.0,44.0,4346.0,1383.0,157.0,479.0,1067.0,102.0,160.0,0.984,Toronto Blue Jays,Rogers Centre,2360644.0,100.0,99.0,TOR,TOR,TOR
2007,NL,WAS,WSN,E,4,162,81.0,73,89,N,N,N,N,673.0,5520.0,1415.0,309.0,31.0,123.0,524.0,1128.0,69.0,23.0,53.0,41.0,783.0,736.0,4.58,0.0,6.0,46.0,4340.0,1502.0,187.0,580.0,931.0,109.0,153.0,0.982,Washington Nationals,R.F.K. Stadium,1943812.0,94.0,95.0,WSN,MON,WAS
2008,NL,ARI,ARI,W,2,162,81.0,82,80,N,N,N,N,720.0,5409.0,1355.0,318.0,47.0,159.0,587.0,1287.0,58.0,23.0,49.0,43.0,706.0,635.0,3.98,6.0,9.0,39.0,4304.0,1403.0,147.0,451.0,1229.0,113.0,137.0,0.981,Arizona Diamondbacks,Chase Field,2509924.0,108.0,108.0,ARI,ARI,ARI
2008,NL,ATL,ATL,E,4,162,81.0,72,90,N,N,N,N,753.0,5604.0,1514.0,316.0,33.0,130.0,618.0,1023.0,58.0,27.0,42.0,34.0,778.0,714.0,4.46,2.0,7.0,26.0,4322.0,1439.0,156.0,586.0,1076.0,107.0,149.0,0.983,Atlanta Braves,Turner Field,2532834.0,98.0,98.0,ATL,ATL,ATL
2008,AL,BAL,BAL,E,5,161,81.0,68,93,N,N,N,N,782.0,5559.0,1486.0,322.0,30.0,172.0,533.0,990.0,81.0,37.0,42.0,48.0,869.0,810.0,5.13,4.0,4.0,35.0,4266.0,1538.0,184.0,687.0,922.0,100.0,163.0,0.983,Baltimore Orioles,Oriole Park at Camden Yards,1950075.0,101.0,102.0,BAL,BAL,BAL
2008,AL,BOS,BOS,E,2,162,81.0,95,67,N,Y,N,N,845.0,5596.0,1565.0,353.0,33.0,173.0,646.0,1068.0,120.0,35.0,70.0,62.0,694.0,645.0,4.01,5.0,16.0,47.0,4339.0,1369.0,147.0,548.0,1185.0,85.0,149.0,0.986,Boston Red Sox,Fenway Park II,3048250.0,108.0,106.0,BOS,BOS,BOS
2008,AL,CHA,CHW,C,1,163,82.0,89,74,Y,N,N,N,811.0,5553.0,1458.0,296.0,13.0,235.0,540.0,1016.0,67.0,34.0,63.0,47.0,729.0,658.0,4.06,4.0,10.0,34.0,4373.0,1471.0,156.0,460.0,1147.0,108.0,155.0,0.983,Chicago White Sox,U.S. Cellular Field,2500648.0,105.0,105.0,CHW,CHA,CHA
2008,NL,CHN,CHC,C,1,161,81.0,97,64,Y,N,N,N,855.0,5588.0,1552.0,329.0,21.0,184.0,636.0,1186.0,87.0,34.0,50.0,45.0,671.0,624.0,3.87,2.0,8.0,44.0,4352.0,1329.0,160.0,548.0,1264.0,99.0,118.0,0.983,Chicago Cubs,Wrigley Field,3300200.0,108.0,107.0,CHC,CHN,CHN
2008,NL,CIN,CIN,C,5,162,81.0,74,88,N,N,N,N,704.0,5465.0,1351.0,269.0,24.0,187.0,560.0,1125.0,85.0,47.0,50.0,41.0,800.0,729.0,4.55,2.0,6.0,34.0,4327.0,1542.0,201.0,557.0,1227.0,114.0,156.0,0.981,Cincinnati Reds,Great American Ball Park,2058632.0,102.0,103.0,CIN,CIN,CIN
2008,AL,CLE,CLE,C,3,162,81.0,81,81,N,N,N,N,805.0,5543.0,1455.0,339.0,22.0,171.0,560.0,1213.0,77.0,29.0,103.0,49.0,761.0,711.0,4.45,10.0,13.0,31.0,4311.0,1530.0,170.0,444.0,986.0,94.0,182.0,0.985,Cleveland Indians,Jacobs Field,2169760.0,98.0,98.0,CLE,CLE,CLE
2008,NL,COL,COL,W,3,162,81.0,74,88,N,N,N,N,747.0,5557.0,1462.0,310.0,28.0,160.0,570.0,1209.0,141.0,37.0,57.0,38.0,822.0,766.0,4.77,3.0,8.0,36.0,4338.0,1547.0,148.0,562.0,1041.0,96.0,176.0,0.985,Colorado Rockies,Coors Field,2650218.0,109.0,109.0,COL,COL,COL
2008,AL,DET,DET,C,5,162,81.0,74,88,N,N,N,N,821.0,5641.0,1529.0,293.0,41.0,200.0,572.0,1076.0,63.0,31.0,44.0,44.0,857.0,786.0,4.9,1.0,2.0,34.0,4335.0,1541.0,172.0,644.0,991.0,113.0,172.0,0.981,Detroit Tigers,Comerica Park,3202645.0,103.0,103.0,DET,DET,DET
2008,NL,FLO,FLA,E,3,161,81.0,84,77,N,N,N,N,770.0,5499.0,1397.0,302.0,28.0,208.0,543.0,1371.0,76.0,28.0,69.0,46.0,767.0,707.0,4.43,2.0,8.0,36.0,4306.0,1421.0,161.0,586.0,1127.0,117.0,122.0,0.98,Florida Marlins,Dolphin Stadium,1335076.0,101.0,101.0,FLA,FLO,FLO
2008,NL,HOU,HOU,C,3,161,80.0,86,75,N,N,N,N,712.0,5451.0,1432.0,284.0,22.0,167.0,449.0,1051.0,114.0,52.0,52.0,41.0,743.0,691.0,4.36,4.0,13.0,48.0,4276.0,1453.0,197.0,492.0,1095.0,67.0,142.0,0.989,Houston Astros,Minute Maid Park,2779487.0,98.0,98.0,HOU,HOU,HOU
2008,AL,KCA,KCR,C,4,162,81.0,75,87,N,N,N,N,691.0,5608.0,1507.0,303.0,28.0,120.0,392.0,1005.0,79.0,38.0,50.0,36.0,781.0,720.0,4.48,2.0,8.0,44.0,4337.0,1473.0,159.0,515.0,1085.0,96.0,159.0,0.984,Kansas City Royals,Kauffman Stadium,1578922.0,98.0,100.0,KCR,KCA,KCA
2008,AL,LAA,ANA,W,1,162,81.0,100,62,Y,N,N,N,765.0,5540.0,1486.0,274.0,25.0,159.0,481.0,987.0,129.0,48.0,52.0,50.0,697.0,644.0,3.99,7.0,10.0,66.0,4354.0,1455.0,160.0,457.0,1106.0,91.0,159.0,0.985,Los Angeles Angels of Anaheim,Angel Stadium,3336747.0,103.0,102.0,LAA,ANA,ANA
2008,NL,LAN,LAD,W,1,162,81.0,84,78,Y,N,N,N,700.0,5506.0,1455.0,271.0,29.0,137.0,543.0,1032.0,126.0,43.0,43.0,38.0,648.0,591.0,3.68,5.0,11.0,35.0,4342.0,1381.0,123.0,480.0,1205.0,101.0,138.0,0.984,Los Angeles Dodgers,Dodger Stadium,3730553.0,98.0,97.0,LAD,LAN,LAN
2008,NL,MIL,MIL,C,2,162,81.0,90,72,N,Y,N,N,750.0,5535.0,1398.0,324.0,35.0,198.0,550.0,1203.0,108.0,38.0,69.0,43.0,689.0,623.0,3.85,12.0,10.0,45.0,4367.0,1415.0,175.0,528.0,1110.0,101.0,160.0,0.984,Milwaukee Brewers,Miller Park,3068458.0,98.0,98.0,MIL,ML4,MIL
2008,AL,MIN,MIN,C,2,163,81.0,88,75,N,N,N,N,829.0,5641.0,1572.0,298.0,49.0,111.0,529.0,979.0,102.0,42.0,36.0,72.0,745.0,675.0,4.16,5.0,10.0,42.0,4377.0,1568.0,183.0,406.0,995.0,108.0,168.0,0.982,Minnesota Twins,Hubert H Humphrey Metrodome,2302431.0,96.0,96.0,MIN,MIN,MIN
2008,AL,NYA,NYY,E,3,162,81.0,89,73,N,N,N,N,789.0,5572.0,1512.0,289.0,20.0,180.0,535.0,1015.0,118.0,39.0,80.0,39.0,727.0,685.0,4.28,1.0,11.0,42.0,4325.0,1478.0,143.0,489.0,1141.0,83.0,141.0,0.986,New York Yankees,Yankee Stadium II,4298655.0,103.0,102.0,NYY,NYA,NYA
2008,NL,NYN,NYM,E,2,162,81.0,89,73,N,N,N,N,799.0,5606.0,1491.0,274.0,38.0,172.0,619.0,1024.0,138.0,36.0,39.0,49.0,715.0,662.0,4.07,5.0,12.0,43.0,4393.0,1415.0,163.0,590.0,1181.0,83.0,126.0,0.986,New York Mets,Shea Stadium,4042045.0,99.0,98.0,NYM,NYN,NYN
2008,AL,OAK,OAK,W,3,161,81.0,75,86,N,N,N,N,646.0,5451.0,1318.0,270.0,23.0,125.0,574.0,1226.0,88.0,21.0,48.0,35.0,690.0,640.0,4.01,4.0,7.0,33.0,4305.0,1364.0,135.0,576.0,1061.0,98.0,169.0,0.984,Oakland Athletics,McAfee Coliseum,1665256.0,95.0,95.0,OAK,OAK,OAK
2008,NL,PHI,PHI,E,1,162,81.0,92,70,Y,N,Y,Y,799.0,5509.0,1407.0,291.0,36.0,214.0,586.0,1117.0,136.0,25.0,67.0,40.0,680.0,625.0,3.88,4.0,11.0,47.0,4349.0,1444.0,160.0,533.0,1081.0,90.0,142.0,0.985,Philadelphia Phillies,Citizens Bank Park,3422583.0,103.0,102.0,PHI,PHI,PHI
2008,NL,PIT,PIT,C,6,162,81.0,67,95,N,N,N,N,735.0,5628.0,1454.0,314.0,21.0,153.0,474.0,1039.0,57.0,19.0,59.0,51.0,884.0,822.0,5.08,3.0,7.0,34.0,4365.0,1631.0,176.0,657.0,963.0,107.0,179.0,0.983,Pittsburgh Pirates,PNC Park,1609076.0,96.0,98.0,PIT,PIT,PIT
2008,NL,SDN,SDP,W,5,162,81.0,63,99,N,N,N,N,637.0,5568.0,1390.0,264.0,27.0,154.0,518.0,1259.0,36.0,17.0,53.0,46.0,764.0,714.0,4.41,3.0,6.0,30.0,4375.0,1466.0,165.0,561.0,1100.0,85.0,149.0,0.986,San Diego Padres,Petco Park,2427535.0,88.0,88.0,SDP,SDN,SDN
2008,AL,SEA,SEA,W,4,162,81.0,61,101,N,N,N,N,671.0,5643.0,1498.0,285.0,20.0,124.0,417.0,890.0,90.0,32.0,38.0,42.0,811.0,754.0,4.73,4.0,4.0,36.0,4306.0,1544.0,161.0,626.0,1016.0,99.0,160.0,0.984,Seattle Mariners,Safeco Field,2329702.0,97.0,97.0,SEA,SEA,SEA
2008,NL,SFN,SFG,W,4,162,81.0,72,90,N,N,N,N,640.0,5543.0,1452.0,311.0,37.0,94.0,452.0,1044.0,108.0,46.0,48.0,44.0,759.0,701.0,4.38,4.0,12.0,41.0,4326.0,1416.0,147.0,652.0,1240.0,96.0,129.0,0.983,San Francisco Giants,AT&T Park,2863837.0,102.0,103.0,SFG,SFN,SFN
2008,NL,SLN,STL,C,4,162,81.0,86,76,N,N,N,N,779.0,5636.0,1585.0,283.0,26.0,174.0,577.0,985.0,73.0,32.0,42.0,44.0,725.0,677.0,4.19,2.0,7.0,42.0,4362.0,1517.0,163.0,496.0,957.0,85.0,156.0,0.986,St. Louis Cardinals,Busch Stadium III,3432917.0,99.0,99.0,STL,SLN,SLN
2008,AL,TBA,TBD,E,1,162,81.0,97,65,Y,N,Y,N,774.0,5541.0,1443.0,284.0,37.0,180.0,626.0,1224.0,142.0,50.0,68.0,52.0,671.0,618.0,3.82,7.0,12.0,52.0,4373.0,1349.0,166.0,526.0,1143.0,90.0,153.0,0.985,Tampa Bay Rays,Tropicana Field,1811986.0,101.0,101.0,TBR,TBA,TBA
2008,AL,TEX,TEX,W,2,162,81.0,79,83,N,N,N,N,901.0,5728.0,1619.0,376.0,35.0,194.0,595.0,1207.0,81.0,25.0,63.0,54.0,967.0,860.0,5.37,6.0,8.0,36.0,4326.0,1647.0,176.0,625.0,963.0,132.0,191.0,0.978,Texas Rangers,Rangers Ballpark in Arlington,1945677.0,102.0,102.0,TEX,TEX,TEX
2008,AL,TOR,TOR,E,4,162,81.0,86,76,N,N,N,N,714.0,5503.0,1453.0,303.0,32.0,126.0,521.0,938.0,80.0,27.0,59.0,56.0,610.0,561.0,3.49,15.0,13.0,44.0,4340.0,1330.0,134.0,467.0,1184.0,84.0,137.0,0.986,Toronto Blue Jays,Rogers Centre,2399786.0,98.0,97.0,TOR,TOR,TOR
2008,NL,WAS,WSN,E,5,161,80.0,59,102,N,N,N,N,641.0,5491.0,1376.0,269.0,26.0,117.0,534.0,1095.0,81.0,43.0,67.0,36.0,825.0,742.0,4.66,2.0,8.0,28.0,4302.0,1496.0,190.0,588.0,1063.0,123.0,143.0,0.98,Washington Nationals,Nationals Park,2320400.0,99.0,100.0,WSN,MON,WAS
2009,NL,ARI,ARI,W,5,162,81.0,70,92,N,N,N,N,720.0,5565.0,1408.0,307.0,45.0,173.0,571.0,1298.0,102.0,40.0,37.0,41.0,782.0,711.0,4.42,4.0,12.0,36.0,4343.0,1470.0,168.0,525.0,1158.0,124.0,133.0,0.98,Arizona Diamondbacks,Chase Field,2128765.0,105.0,106.0,ARI,ARI,ARI
2009,NL,ATL,ATL,E,3,162,81.0,86,76,N,N,N,N,735.0,5539.0,1459.0,300.0,20.0,149.0,602.0,1064.0,58.0,26.0,52.0,47.0,641.0,581.0,3.57,3.0,10.0,38.0,4388.0,1399.0,119.0,530.0,1232.0,96.0,159.0,0.985,Atlanta Braves,Turner Field,2373631.0,99.0,98.0,ATL,ATL,ATL
2009,AL,BAL,BAL,E,5,162,81.0,64,98,N,N,N,N,741.0,5618.0,1508.0,307.0,19.0,160.0,517.0,1013.0,76.0,37.0,39.0,46.0,876.0,817.0,5.15,2.0,3.0,31.0,4287.0,1633.0,218.0,546.0,933.0,90.0,151.0,0.985,Baltimore Orioles,Oriole Park at Camden Yards,1907163.0,101.0,102.0,BAL,BAL,BAL
2009,AL,BOS,BOS,E,2,162,81.0,95,67,N,Y,N,N,872.0,5543.0,1495.0,335.0,25.0,212.0,659.0,1120.0,126.0,39.0,70.0,51.0,736.0,695.0,4.35,8.0,11.0,41.0,4310.0,1494.0,167.0,530.0,1230.0,82.0,121.0,0.986,Boston Red Sox,Fenway Park II,3062699.0,106.0,105.0,BOS,BOS,BOS
2009,AL,CHA,CHW,C,3,162,81.0,79,83,N,N,N,N,724.0,5463.0,1410.0,246.0,20.0,184.0,534.0,1022.0,113.0,49.0,62.0,39.0,732.0,663.0,4.14,4.0,11.0,36.0,4319.0,1438.0,169.0,507.0,1119.0,113.0,158.0,0.981,Chicago White Sox,U.S. Cellular Field,2284163.0,105.0,105.0,CHW,CHA,CHA
2009,NL,CHN,CHC,C,2,161,80.0,83,78,N,N,N,N,707.0,5486.0,1398.0,293.0,29.0,161.0,592.0,1185.0,56.0,34.0,59.0,42.0,672.0,616.0,3.84,3.0,8.0,40.0,4336.0,1329.0,160.0,586.0,1272.0,105.0,144.0,0.983,Chicago Cubs,Wrigley Field,3168859.0,107.0,106.0,CHC,CHN,CHN
2009,NL,CIN,CIN,C,4,162,81.0,78,84,N,N,N,N,673.0,5462.0,1349.0,280.0,25.0,158.0,531.0,1129.0,96.0,40.0,53.0,41.0,723.0,677.0,4.18,6.0,12.0,41.0,4375.0,1420.0,188.0,577.0,1069.0,89.0,161.0,0.985,Cincinnati Reds,Great American Ball Park,1747919.0,100.0,100.0,CIN,CIN,CIN
2009,AL,CLE,CLE,C,4,162,81.0,65,97,N,N,N,N,773.0,5568.0,1468.0,314.0,28.0,161.0,582.0,1211.0,84.0,31.0,81.0,50.0,865.0,806.0,5.06,5.0,6.0,25.0,4302.0,1570.0,183.0,598.0,986.0,97.0,170.0,0.984,Cleveland Indians,Jacobs Field,1766242.0,95.0,95.0,CLE,CLE,CLE
2009,NL,COL,COL,W,2,162,81.0,92,70,N,Y,N,N,804.0,5398.0,1408.0,300.0,50.0,190.0,660.0,1277.0,106.0,55.0,47.0,60.0,715.0,675.0,4.22,5.0,7.0,45.0,4315.0,1427.0,141.0,528.0,1154.0,87.0,146.0,0.986,Colorado Rockies,Coors Field,2665080.0,112.0,112.0,COL,COL,COL
2009,AL,DET,DET,C,2,163,81.0,86,77,N,N,N,N,743.0,5540.0,1443.0,245.0,35.0,183.0,540.0,1114.0,72.0,33.0,61.0,39.0,745.0,690.0,4.29,4.0,9.0,42.0,4341.0,1449.0,182.0,594.0,1102.0,88.0,164.0,0.985,Detroit Tigers,Comerica Park,2567165.0,101.0,102.0,DET,DET,DET
2009,NL,FLO,FLA,E,2,162,81.0,87,75,N,N,N,N,772.0,5572.0,1493.0,296.0,25.0,159.0,568.0,1226.0,75.0,35.0,63.0,39.0,766.0,690.0,4.29,5.0,5.0,45.0,4339.0,1425.0,160.0,601.0,1248.0,106.0,129.0,0.982,Florida Marlins,Dolphin Stadium,1464109.0,102.0,102.0,FLA,FLO,FLO
2009,NL,HOU,HOU,C,5,162,81.0,74,88,N,N,N,N,643.0,5436.0,1415.0,270.0,32.0,142.0,448.0,990.0,113.0,44.0,43.0,45.0,770.0,722.0,4.54,5.0,10.0,39.0,4290.0,1521.0,176.0,546.0,1144.0,78.0,161.0,0.987,Houston Astros,Minute Maid Park,2521076.0,98.0,98.0,HOU,HOU,HOU
2009,AL,KCA,KCR,C,4,162,81.0,65,97,N,N,N,N,686.0,5532.0,1432.0,276.0,51.0,144.0,457.0,1091.0,88.0,29.0,42.0,32.0,842.0,765.0,4.83,10.0,9.0,34.0,4278.0,1486.0,166.0,600.0,1153.0,117.0,159.0,0.98,Kansas City Royals,Kauffman Stadium,1797891.0,97.0,99.0,KCR,KCA,KCA
2009,AL,LAA,ANA,W,1,162,81.0,97,65,Y,N,N,N,883.0,5622.0,1604.0,293.0,33.0,173.0,547.0,1054.0,148.0,63.0,41.0,52.0,761.0,715.0,4.45,9.0,13.0,51.0,4335.0,1513.0,180.0,523.0,1062.0,85.0,174.0,0.986,Los Angeles Angels of Anaheim,Angel Stadium,3240386.0,99.0,98.0,LAA,ANA,ANA
2009,NL,LAN,LAD,W,1,162,81.0,95,67,Y,N,N,N,780.0,5592.0,1511.0,278.0,39.0,145.0,607.0,1068.0,116.0,48.0,63.0,44.0,611.0,558.0,3.41,1.0,9.0,44.0,4420.0,1265.0,127.0,584.0,1272.0,83.0,134.0,0.986,Los Angeles Dodgers,Dodger Stadium,3761655.0,96.0,95.0,LAD,LAN,LAN
2009,NL,MIL,MIL,C,3,162,81.0,80,82,N,N,N,N,785.0,5510.0,1447.0,281.0,37.0,182.0,610.0,1231.0,68.0,37.0,71.0,47.0,818.0,770.0,4.83,1.0,8.0,44.0,4305.0,1498.0,207.0,607.0,1104.0,98.0,149.0,0.984,Milwaukee Brewers,Miller Park,3037451.0,98.0,98.0,MIL,ML4,MIL
2009,AL,MIN,MIN,C,1,163,82.0,87,76,Y,N,N,N,817.0,5608.0,1539.0,271.0,40.0,172.0,585.0,1021.0,85.0,32.0,45.0,57.0,765.0,726.0,4.5,4.0,7.0,48.0,4359.0,1542.0,185.0,466.0,1052.0,76.0,135.0,0.987,Minnesota Twins,Hubert H Humphrey Metrodome,2416237.0,99.0,98.0,MIN,MIN,MIN
2009,AL,NYA,NYY,E,1,162,81.0,103,59,Y,N,Y,Y,915.0,5660.0,1604.0,325.0,21.0,244.0,663.0,1014.0,111.0,28.0,54.0,39.0,753.0,687.0,4.26,3.0,8.0,51.0,4350.0,1386.0,181.0,574.0,1260.0,86.0,131.0,0.985,New York Yankees,Yankee Stadium III,3719358.0,105.0,103.0,NYY,NYA,NYA
2009,NL,NYN,NYM,E,4,162,81.0,70,92,N,N,N,N,671.0,5453.0,1472.0,295.0,49.0,95.0,526.0,928.0,122.0,44.0,36.0,55.0,757.0,705.0,4.45,3.0,12.0,39.0,4278.0,1452.0,158.0,616.0,1031.0,97.0,134.0,0.984,New York Mets,Citi Field,3168571.0,97.0,97.0,NYM,NYN,NYN
2009,AL,OAK,OAK,W,4,162,81.0,75,87,N,N,N,N,759.0,5584.0,1464.0,307.0,21.0,135.0,527.0,1046.0,133.0,48.0,50.0,54.0,761.0,685.0,4.26,2.0,10.0,38.0,4342.0,1486.0,156.0,523.0,1124.0,105.0,155.0,0.983,Oakland Athletics,Oakland-Alameda County Coliseum,1408783.0,99.0,99.0,OAK,OAK,OAK
2009,NL,PHI,PHI,E,1,162,81.0,93,69,Y,N,Y,N,820.0,5578.0,1439.0,312.0,35.0,224.0,589.0,1155.0,119.0,28.0,71.0,45.0,709.0,673.0,4.16,8.0,9.0,44.0,4367.0,1479.0,189.0,489.0,1153.0,76.0,132.0,0.987,Philadelphia Phillies,Citizens Bank Park,3600693.0,101.0,100.0,PHI,PHI,PHI
2009,NL,PIT,PIT,C,6,161,81.0,62,99,N,N,N,N,636.0,5417.0,1364.0,289.0,34.0,125.0,499.0,1142.0,90.0,32.0,46.0,36.0,768.0,723.0,4.59,5.0,7.0,28.0,4255.0,1491.0,152.0,563.0,919.0,73.0,171.0,0.988,Pittsburgh Pirates,PNC Park,1577853.0,98.0,99.0,PIT,PIT,PIT
2009,NL,SDN,SDP,W,4,162,81.0,75,87,N,N,N,N,638.0,5425.0,1315.0,265.0,31.0,141.0,586.0,1182.0,82.0,29.0,57.0,36.0,769.0,704.0,4.37,2.0,9.0,45.0,4352.0,1422.0,167.0,603.0,1187.0,94.0,146.0,0.984,San Diego Padres,Petco Park,1919603.0,90.0,90.0,SDP,SDN,SDN
2009,AL,SEA,SEA,W,3,162,81.0,85,77,N,N,N,N,640.0,5543.0,1430.0,280.0,19.0,160.0,421.0,1093.0,89.0,33.0,49.0,44.0,692.0,625.0,3.87,4.0,10.0,49.0,4358.0,1359.0,172.0,534.0,1043.0,105.0,150.0,0.982,Seattle Mariners,Safeco Field,2195533.0,94.0,96.0,SEA,SEA,SEA
2009,NL,SFN,SFG,W,3,162,81.0,88,74,N,N,N,N,657.0,5493.0,1411.0,275.0,43.0,122.0,392.0,1158.0,78.0,28.0,50.0,55.0,611.0,571.0,3.55,11.0,18.0,41.0,4338.0,1268.0,140.0,584.0,1302.0,88.0,138.0,0.985,San Francisco Giants,AT&T Park,2862110.0,102.0,102.0,SFG,SFN,SFN
2009,NL,SLN,STL,C,1,162,81.0,91,71,Y,N,N,N,730.0,5465.0,1436.0,294.0,29.0,160.0,528.0,1041.0,75.0,31.0,61.0,43.0,640.0,586.0,3.66,8.0,11.0,43.0,4322.0,1407.0,123.0,460.0,1049.0,96.0,167.0,0.985,St. Louis Cardinals,Busch Stadium III,3343252.0,98.0,97.0,STL,SLN,SLN
2009,AL,TBA,TBD,E,3,162,81.0,84,78,N,N,N,N,803.0,5462.0,1434.0,297.0,36.0,199.0,642.0,1229.0,194.0,61.0,49.0,45.0,754.0,686.0,4.33,3.0,5.0,41.0,4282.0,1421.0,183.0,515.0,1125.0,98.0,135.0,0.983,Tampa Bay Rays,Tropicana Field,1874962.0,98.0,97.0,TBR,TBA,TBA
2009,AL,TEX,TEX,W,2,162,81.0,87,75,N,N,N,N,784.0,5526.0,1436.0,296.0,27.0,224.0,472.0,1253.0,149.0,36.0,37.0,51.0,740.0,698.0,4.38,8.0,11.0,45.0,4304.0,1432.0,171.0,531.0,1016.0,106.0,168.0,0.982,Texas Rangers,Rangers Ballpark in Arlington,2156016.0,104.0,104.0,TEX,TEX,TEX
2009,AL,TOR,TOR,E,4,162,81.0,75,87,N,N,N,N,798.0,5696.0,1516.0,339.0,13.0,209.0,548.0,1028.0,73.0,23.0,45.0,49.0,771.0,720.0,4.47,10.0,10.0,25.0,4353.0,1509.0,181.0,551.0,1181.0,76.0,168.0,0.988,Toronto Blue Jays,Rogers Centre,1876129.0,100.0,99.0,TOR,TOR,TOR
2009,NL,WAS,WSN,E,5,162,81.0,59,103,N,N,N,N,710.0,5493.0,1416.0,271.0,38.0,156.0,617.0,1208.0,73.0,40.0,56.0,42.0,874.0,791.0,5.0,6.0,3.0,33.0,4273.0,1533.0,173.0,629.0,911.0,143.0,155.0,0.977,Washington Nationals,Nationals Park,1817226.0,99.0,101.0,WSN,MON,WAS
2010,NL,ARI,ARI,W,5,162,81.0,65,97,N,N,N,N,713.0,5473.0,1366.0,301.0,34.0,180.0,589.0,1529.0,86.0,41.0,39.0,41.0,836.0,765.0,4.81,3.0,3.0,35.0,4296.0,1503.0,210.0,548.0,1070.0,102.0,152.0,0.983,Arizona Diamondbacks,Chase Field,2056941.0,104.0,105.0,ARI,ARI,ARI
2010,NL,ATL,ATL,E,2,162,81.0,91,71,N,Y,N,N,738.0,5463.0,1411.0,312.0,25.0,139.0,634.0,1140.0,63.0,29.0,51.0,35.0,629.0,569.0,3.56,2.0,9.0,41.0,4318.0,1326.0,126.0,505.0,1241.0,126.0,166.0,0.98,Atlanta Braves,Turner Field,2510119.0,98.0,97.0,ATL,ATL,ATL
2010,AL,BAL,BAL,E,5,162,81.0,66,96,N,N,N,N,613.0,5554.0,1440.0,264.0,21.0,133.0,424.0,1056.0,76.0,34.0,54.0,45.0,785.0,733.0,4.59,3.0,7.0,35.0,4309.0,1508.0,186.0,520.0,1007.0,105.0,141.0,0.982,Baltimore Orioles,Oriole Park at Camden Yards,1733018.0,101.0,102.0,BAL,BAL,BAL
2010,AL,BOS,BOS,E,3,162,81.0,89,73,N,N,N,N,818.0,5646.0,1511.0,358.0,22.0,211.0,587.0,1140.0,68.0,17.0,47.0,46.0,744.0,679.0,4.2,3.0,9.0,44.0,4370.0,1402.0,152.0,580.0,1207.0,111.0,132.0,0.982,Boston Red Sox,Fenway Park II,3046443.0,106.0,105.0,BOS,BOS,BOS
2010,AL,CHA,CHW,C,2,162,81.0,88,74,N,N,N,N,752.0,5484.0,1467.0,263.0,21.0,177.0,467.0,922.0,160.0,74.0,79.0,38.0,704.0,658.0,4.09,6.0,11.0,43.0,4339.0,1471.0,136.0,490.0,1149.0,103.0,158.0,0.983,Chicago White Sox,U.S. Cellular Field,2194378.0,105.0,105.0,CHW,CHA,CHA
2010,NL,CHN,CHC,C,5,162,81.0,75,87,N,N,N,N,685.0,5512.0,1414.0,298.0,27.0,149.0,479.0,1236.0,55.0,31.0,50.0,38.0,767.0,668.0,4.18,1.0,14.0,40.0,4310.0,1409.0,154.0,605.0,1268.0,126.0,137.0,0.979,Chicago Cubs,Wrigley Field,3062973.0,108.0,108.0,CHC,CHN,CHN
2010,NL,CIN,CIN,C,1,162,81.0,91,71,Y,N,N,N,790.0,5579.0,1515.0,293.0,30.0,188.0,522.0,1218.0,93.0,43.0,68.0,50.0,685.0,648.0,4.01,4.0,9.0,43.0,4359.0,1404.0,158.0,524.0,1130.0,72.0,142.0,0.988,Cincinnati Reds,Great American Ball Park,2060550.0,99.0,99.0,CIN,CIN,CIN
2010,AL,CLE,CLE,C,4,162,81.0,69,93,N,N,N,N,646.0,5487.0,1362.0,290.0,20.0,128.0,545.0,1184.0,91.0,33.0,64.0,33.0,752.0,684.0,4.3,10.0,4.0,34.0,4299.0,1477.0,147.0,572.0,967.0,110.0,179.0,0.982,Cleveland Indians,Jacobs Field,1394812.0,93.0,93.0,CLE,CLE,CLE
2010,NL,COL,COL,W,3,162,81.0,83,79,N,N,N,N,770.0,5530.0,1452.0,270.0,54.0,173.0,585.0,1274.0,99.0,42.0,47.0,47.0,717.0,663.0,4.14,6.0,12.0,35.0,4326.0,1405.0,139.0,525.0,1234.0,101.0,182.0,0.984,Colorado Rockies,Coors Field,2875245.0,115.0,115.0,COL,COL,COL
2010,AL,DET,DET,C,3,162,81.0,81,81,N,N,N,N,751.0,5643.0,1515.0,308.0,32.0,152.0,546.0,1147.0,69.0,30.0,41.0,41.0,743.0,690.0,4.3,6.0,5.0,32.0,4333.0,1445.0,142.0,537.0,1056.0,109.0,171.0,0.982,Detroit Tigers,Comerica Park,2461237.0,101.0,101.0,DET,DET,DET
2010,NL,FLO,FLA,E,3,162,81.0,80,82,N,N,N,N,719.0,5531.0,1403.0,294.0,37.0,152.0,514.0,1375.0,92.0,26.0,55.0,43.0,717.0,652.0,4.08,5.0,17.0,39.0,4315.0,1433.0,134.0,549.0,1168.0,123.0,130.0,0.979,Florida Marlins,Dolphin Stadium,1535226.0,105.0,104.0,FLA,FLO,FLO
2010,NL,HOU,HOU,C,4,162,81.0,76,86,N,N,N,N,611.0,5452.0,1348.0,252.0,25.0,108.0,415.0,1025.0,100.0,36.0,33.0,29.0,729.0,654.0,4.09,4.0,11.0,45.0,4318.0,1446.0,140.0,548.0,1210.0,103.0,135.0,0.983,Houston Astros,Minute Maid Park,2331490.0,95.0,96.0,HOU,HOU,HOU
2010,AL,KCA,KCR,C,5,162,81.0,67,95,N,N,N,N,676.0,5604.0,1534.0,279.0,31.0,121.0,471.0,905.0,115.0,50.0,35.0,53.0,845.0,794.0,4.97,7.0,3.0,44.0,4310.0,1553.0,176.0,551.0,1035.0,121.0,138.0,0.98,Kansas City Royals,Kauffman Stadium,1615324.0,99.0,101.0,KCR,KCA,KCA
2010,AL,LAA,ANA,W,3,162,81.0,80,82,N,N,N,N,681.0,5488.0,1363.0,276.0,19.0,155.0,466.0,1070.0,104.0,52.0,52.0,37.0,702.0,651.0,4.04,10.0,9.0,39.0,4348.0,1422.0,148.0,565.0,1130.0,113.0,116.0,0.981,Los Angeles Angels of Anaheim,Angel Stadium,3250816.0,98.0,98.0,LAA,ANA,ANA
2010,NL,LAN,LAD,W,4,162,81.0,80,82,N,N,N,N,667.0,5426.0,1368.0,270.0,29.0,120.0,533.0,1184.0,92.0,50.0,46.0,50.0,692.0,643.0,4.01,4.0,16.0,41.0,4325.0,1323.0,134.0,539.0,1274.0,98.0,124.0,0.984,Los Angeles Dodgers,Dodger Stadium,3562320.0,95.0,95.0,LAD,LAN,LAN
2010,NL,MIL,MIL,C,3,162,81.0,77,85,N,N,N,N,750.0,5606.0,1471.0,293.0,33.0,182.0,546.0,1216.0,81.0,26.0,81.0,35.0,804.0,733.0,4.58,3.0,7.0,35.0,4317.0,1487.0,173.0,582.0,1258.0,101.0,142.0,0.983,Milwaukee Brewers,Miller Park,2776531.0,98.0,98.0,MIL,ML4,MIL
2010,AL,MIN,MIN,C,1,162,81.0,94,68,Y,N,N,N,781.0,5568.0,1521.0,318.0,41.0,142.0,559.0,967.0,68.0,28.0,39.0,53.0,671.0,638.0,3.95,9.0,13.0,40.0,4358.0,1493.0,155.0,383.0,1048.0,78.0,150.0,0.987,Minnesota Twins,Target Field,3223640.0,101.0,100.0,MIN,MIN,MIN
2010,AL,NYA,NYY,E,2,162,81.0,95,67,N,Y,N,N,859.0,5567.0,1485.0,275.0,32.0,201.0,662.0,1136.0,103.0,30.0,73.0,44.0,693.0,651.0,4.06,3.0,8.0,39.0,4327.0,1349.0,179.0,540.0,1154.0,69.0,161.0,0.988,New York Yankees,Yankee Stadium III,3765807.0,105.0,103.0,NYY,NYA,NYA
2010,NL,NYN,NYM,E,4,162,81.0,79,83,N,N,N,N,656.0,5465.0,1361.0,266.0,40.0,128.0,502.0,1095.0,130.0,44.0,46.0,57.0,652.0,597.0,3.7,8.0,19.0,36.0,4359.0,1438.0,135.0,545.0,1106.0,87.0,159.0,0.986,New York Mets,Citi Field,2559738.0,97.0,97.0,NYM,NYN,NYN
2010,AL,OAK,OAK,W,2,162,81.0,81,81,N,N,N,N,663.0,5448.0,1396.0,276.0,30.0,109.0,527.0,1061.0,156.0,38.0,47.0,51.0,626.0,566.0,3.56,7.0,17.0,38.0,4295.0,1315.0,153.0,512.0,1070.0,99.0,147.0,0.984,Oakland Athletics,Oakland-Alameda County Coliseum,1418391.0,100.0,100.0,OAK,OAK,OAK
2010,NL,PHI,PHI,E,1,162,84.0,97,65,Y,N,N,N,772.0,5581.0,1451.0,290.0,34.0,166.0,560.0,1064.0,108.0,21.0,63.0,43.0,640.0,594.0,3.67,14.0,21.0,40.0,4369.0,1402.0,168.0,416.0,1183.0,83.0,158.0,0.986,Philadelphia Phillies,Citizens Bank Park,3647249.0,101.0,100.0,PHI,PHI,PHI
2010,NL,PIT,PIT,C,6,162,81.0,57,105,N,N,N,N,587.0,5386.0,1303.0,276.0,27.0,126.0,463.0,1207.0,87.0,36.0,33.0,33.0,866.0,784.0,5.0,1.0,6.0,31.0,4235.0,1567.0,167.0,538.0,1026.0,127.0,120.0,0.979,Pittsburgh Pirates,PNC Park,1613399.0,99.0,101.0,PIT,PIT,PIT
2010,NL,SDN,SDP,W,2,162,81.0,90,72,N,N,N,N,665.0,5434.0,1338.0,236.0,24.0,132.0,538.0,1183.0,124.0,50.0,50.0,46.0,581.0,549.0,3.39,2.0,20.0,49.0,4369.0,1305.0,139.0,517.0,1295.0,72.0,141.0,0.988,San Diego Padres,Petco Park,2131774.0,91.0,91.0,SDP,SDN,SDN
2010,AL,SEA,SEA,W,4,162,81.0,61,101,N,N,N,N,513.0,5409.0,1274.0,227.0,16.0,101.0,459.0,1184.0,142.0,39.0,39.0,40.0,698.0,628.0,3.93,11.0,10.0,38.0,4314.0,1402.0,157.0,452.0,973.0,110.0,145.0,0.982,Seattle Mariners,Safeco Field,2085488.0,93.0,95.0,SEA,SEA,SEA
2010,NL,SFN,SFG,W,1,162,81.0,92,70,Y,N,Y,Y,697.0,5488.0,1411.0,284.0,30.0,162.0,487.0,1099.0,55.0,32.0,50.0,41.0,583.0,546.0,3.36,6.0,17.0,57.0,4383.0,1279.0,134.0,578.0,1331.0,73.0,110.0,0.988,San Francisco Giants,AT&T Park,3037443.0,101.0,101.0,SFG,SFN,SFN
2010,NL,SLN,STL,C,2,162,81.0,86,76,N,N,N,N,736.0,5542.0,1456.0,285.0,18.0,150.0,541.0,1027.0,79.0,41.0,50.0,40.0,641.0,577.0,3.57,7.0,16.0,32.0,4361.0,1412.0,133.0,477.0,1094.0,99.0,172.0,0.984,St. Louis Cardinals,Busch Stadium III,3301218.0,97.0,97.0,STL,SLN,SLN
2010,AL,TBA,TBD,E,1,162,81.0,96,66,Y,N,N,N,802.0,5439.0,1343.0,295.0,37.0,160.0,672.0,1292.0,172.0,47.0,57.0,57.0,649.0,611.0,3.78,6.0,12.0,51.0,4361.0,1347.0,175.0,478.0,1189.0,85.0,134.0,0.986,Tampa Bay Rays,Tropicana Field,1843445.0,96.0,95.0,TBR,TBA,TBA
2010,AL,TEX,TEX,W,1,162,81.0,90,72,Y,N,Y,N,787.0,5635.0,1556.0,268.0,25.0,162.0,511.0,986.0,123.0,48.0,45.0,54.0,687.0,636.0,3.93,7.0,8.0,46.0,4366.0,1355.0,162.0,551.0,1181.0,105.0,133.0,0.982,Texas Rangers,Rangers Ballpark in Arlington,2505171.0,105.0,104.0,TEX,TEX,TEX
2010,AL,TOR,TOR,E,4,162,78.0,85,77,N,N,N,N,755.0,5495.0,1364.0,319.0,21.0,257.0,471.0,1164.0,58.0,20.0,55.0,34.0,728.0,676.0,4.22,5.0,11.0,45.0,4322.0,1407.0,150.0,539.0,1184.0,92.0,172.0,0.985,Toronto Blue Jays,Rogers Centre,1625555.0,100.0,100.0,TOR,TOR,TOR
2010,NL,WAS,WSN,E,5,162,81.0,69,93,N,N,N,N,655.0,5418.0,1355.0,250.0,31.0,149.0,503.0,1220.0,110.0,41.0,60.0,47.0,742.0,658.0,4.13,2.0,5.0,37.0,4305.0,1469.0,151.0,512.0,1068.0,127.0,148.0,0.979,Washington Nationals,Nationals Park,1828066.0,99.0,100.0,WSN,MON,WAS
2011,NL,ARI,ARI,W,1,162,81.0,94,68,Y,N,N,N,731.0,5421.0,1357.0,293.0,37.0,172.0,531.0,1249.0,133.0,55.0,61.0,33.0,662.0,609.0,3.8,5.0,12.0,58.0,4330.0,1414.0,159.0,442.0,1058.0,90.0,131.0,0.985,Arizona Diamondbacks,Chase Field,2105432.0,107.0,106.0,ARI,ARI,ARI
2011,NL,ATL,ATL,E,2,162,81.0,89,73,N,N,N,N,641.0,5528.0,1345.0,244.0,16.0,173.0,504.0,1260.0,77.0,44.0,28.0,30.0,605.0,572.0,3.48,3.0,16.0,52.0,4439.0,1332.0,125.0,521.0,1332.0,83.0,131.0,0.987,Atlanta Braves,Turner Field,2372940.0,98.0,98.0,ATL,ATL,ATL
2011,AL,BAL,BAL,E,5,162,81.0,69,93,N,N,N,N,708.0,5585.0,1434.0,273.0,13.0,191.0,452.0,1120.0,81.0,25.0,52.0,43.0,860.0,786.0,4.89,3.0,7.0,32.0,4340.0,1568.0,210.0,535.0,1044.0,110.0,159.0,0.982,Baltimore Orioles,Oriole Park at Camden Yards,1755461.0,96.0,97.0,BAL,BAL,BAL
2011,AL,BOS,BOS,E,3,162,81.0,90,72,N,N,N,N,875.0,5710.0,1600.0,352.0,35.0,203.0,578.0,1108.0,102.0,42.0,50.0,50.0,737.0,680.0,4.2,2.0,13.0,36.0,4372.0,1366.0,156.0,540.0,1213.0,92.0,120.0,0.985,Boston Red Sox,Fenway Park II,3054001.0,106.0,105.0,BOS,BOS,BOS
2011,AL,CHA,CHW,C,3,162,81.0,79,83,N,N,N,N,654.0,5502.0,1387.0,252.0,16.0,154.0,475.0,989.0,81.0,53.0,84.0,46.0,706.0,665.0,4.1,6.0,14.0,42.0,4380.0,1463.0,147.0,439.0,1220.0,79.0,129.0,0.987,Chicago White Sox,U.S. Cellular Field,2001117.0,99.0,100.0,CHW,CHA,CHA
2011,NL,CHN,CHC,C,5,162,81.0,71,91,N,N,N,N,654.0,5549.0,1423.0,285.0,36.0,148.0,425.0,1202.0,69.0,23.0,59.0,35.0,756.0,690.0,4.33,4.0,5.0,40.0,4303.0,1439.0,162.0,580.0,1224.0,134.0,128.0,0.978,Chicago Cubs,Wrigley Field,3017966.0,96.0,97.0,CHC,CHN,CHN
2011,NL,CIN,CIN,C,3,162,81.0,79,83,N,N,N,N,735.0,5612.0,1438.0,264.0,19.0,183.0,535.0,1250.0,97.0,50.0,63.0,40.0,720.0,678.0,4.16,4.0,5.0,39.0,4403.0,1414.0,185.0,539.0,1112.0,91.0,146.0,0.985,Cincinnati Reds,Great American Ball Park,2213588.0,107.0,106.0,CIN,CIN,CIN
2011,AL,CLE,CLE,C,2,162,81.0,80,82,N,N,N,N,704.0,5509.0,1380.0,290.0,26.0,154.0,494.0,1269.0,89.0,42.0,65.0,43.0,760.0,683.0,4.23,2.0,4.0,38.0,4360.0,1482.0,153.0,463.0,1024.0,110.0,130.0,0.982,Cleveland Indians,Jacobs Field,1840835.0,96.0,97.0,CLE,CLE,CLE
2011,NL,COL,COL,W,4,162,81.0,73,89,N,N,N,N,735.0,5544.0,1429.0,274.0,40.0,163.0,555.0,1201.0,118.0,42.0,57.0,44.0,774.0,713.0,4.43,5.0,7.0,41.0,4343.0,1471.0,176.0,522.0,1118.0,98.0,156.0,0.984,Colorado Rockies,Coors Field,2909777.0,116.0,116.0,COL,COL,COL
2011,AL,DET,DET,C,1,162,81.0,95,67,Y,N,N,N,787.0,5563.0,1540.0,297.0,34.0,169.0,521.0,1143.0,49.0,20.0,39.0,58.0,711.0,647.0,4.04,4.0,14.0,52.0,4320.0,1406.0,149.0,492.0,1115.0,103.0,148.0,0.983,Detroit Tigers,Comerica Park,2642045.0,103.0,102.0,DET,DET,DET
2011,NL,FLO,FLA,E,5,162,78.0,72,90,N,N,N,N,625.0,5508.0,1358.0,274.0,30.0,149.0,542.0,1244.0,95.0,41.0,51.0,42.0,702.0,640.0,3.95,7.0,11.0,40.0,4379.0,1403.0,149.0,500.0,1218.0,93.0,126.0,0.985,Florida Marlins,Sun Life Stadium,1477462.0,99.0,100.0,FLA,FLO,FLO
2011,NL,HOU,HOU,C,6,162,81.0,56,106,N,N,N,N,615.0,5598.0,1442.0,309.0,28.0,95.0,401.0,1164.0,118.0,33.0,46.0,37.0,796.0,719.0,4.51,2.0,6.0,25.0,4305.0,1477.0,188.0,560.0,1191.0,116.0,140.0,0.981,Houston Astros,Minute Maid Park,2067016.0,102.0,104.0,HOU,HOU,HOU
2011,AL,KCA,KCR,C,4,162,81.0,71,91,N,N,N,N,730.0,5672.0,1560.0,325.0,41.0,129.0,442.0,1006.0,153.0,58.0,39.0,57.0,762.0,716.0,4.44,2.0,6.0,37.0,4354.0,1487.0,163.0,557.0,1080.0,95.0,149.0,0.985,Kansas City Royals,Kauffman Stadium,1724450.0,101.0,101.0,KCR,KCA,KCA
2011,AL,LAA,ANA,W,2,162,81.0,86,76,N,N,N,N,667.0,5513.0,1394.0,289.0,34.0,155.0,442.0,1086.0,135.0,52.0,51.0,32.0,633.0,581.0,3.57,12.0,11.0,39.0,4395.0,1388.0,142.0,476.0,1058.0,93.0,157.0,0.985,Los Angeles Angels of Anaheim,Angel Stadium,3166321.0,93.0,93.0,LAA,ANA,ANA
2011,NL,LAN,LAD,W,3,161,81.0,82,79,N,N,N,N,644.0,5436.0,1395.0,237.0,28.0,117.0,498.0,1087.0,126.0,40.0,45.0,43.0,612.0,563.0,3.54,7.0,17.0,40.0,4296.0,1287.0,132.0,507.0,1265.0,85.0,121.0,0.986,Los Angeles Dodgers,Dodger Stadium,2935139.0,98.0,98.0,LAD,LAN,LAN
2011,NL,MIL,MIL,C,1,162,81.0,96,66,Y,N,N,N,721.0,5447.0,1422.0,276.0,31.0,185.0,481.0,1083.0,94.0,31.0,56.0,44.0,638.0,582.0,3.63,1.0,13.0,47.0,4325.0,1348.0,147.0,440.0,1257.0,111.0,130.0,0.982,Milwaukee Brewers,Miller Park,3071373.0,103.0,102.0,MIL,ML4,MIL
2011,AL,MIN,MIN,C,5,162,81.0,63,99,N,N,N,N,619.0,5487.0,1357.0,259.0,25.0,103.0,440.0,1048.0,92.0,39.0,37.0,25.0,804.0,724.0,4.58,7.0,8.0,32.0,4265.0,1564.0,161.0,480.0,940.0,119.0,153.0,0.98,Minnesota Twins,Target Field,3168116.0,95.0,97.0,MIN,MIN,MIN
2011,AL,NYA,NYY,E,1,162,81.0,97,65,Y,N,N,N,867.0,5518.0,1452.0,267.0,33.0,222.0,627.0,1138.0,147.0,46.0,74.0,51.0,657.0,605.0,3.73,5.0,8.0,47.0,4375.0,1423.0,152.0,507.0,1222.0,102.0,141.0,0.983,New York Yankees,Yankee Stadium III,3653680.0,108.0,106.0,NYY,NYA,NYA
2011,NL,NYN,NYM,E,4,162,81.0,77,85,N,N,N,N,718.0,5600.0,1477.0,309.0,39.0,108.0,571.0,1085.0,130.0,35.0,51.0,48.0,742.0,674.0,4.19,6.0,9.0,43.0,4344.0,1482.0,147.0,514.0,1126.0,116.0,126.0,0.981,New York Mets,Citi Field,2352596.0,98.0,98.0,NYM,NYN,NYN
2011,AL,OAK,OAK,W,3,162,81.0,74,88,N,N,N,N,645.0,5452.0,1330.0,280.0,29.0,114.0,509.0,1094.0,117.0,43.0,50.0,57.0,679.0,597.0,3.71,6.0,12.0,39.0,4343.0,1380.0,136.0,519.0,1160.0,124.0,145.0,0.979,Oakland Athletics,Oakland-Alameda County Coliseum,1476791.0,97.0,98.0,OAK,OAK,OAK
2011,NL,PHI,PHI,E,1,162,81.0,102,60,Y,N,N,N,713.0,5579.0,1409.0,258.0,38.0,153.0,539.0,1024.0,96.0,24.0,56.0,38.0,529.0,495.0,3.02,18.0,21.0,47.0,4431.0,1320.0,120.0,404.0,1299.0,74.0,135.0,0.988,Philadelphia Phillies,Citizens Bank Park,3680718.0,105.0,103.0,PHI,PHI,PHI
2011,NL,PIT,PIT,C,4,162,81.0,72,90,N,N,N,N,610.0,5421.0,1325.0,277.0,35.0,107.0,489.0,1308.0,108.0,52.0,34.0,44.0,712.0,650.0,4.04,5.0,11.0,43.0,4348.0,1513.0,152.0,535.0,1031.0,112.0,154.0,0.982,Pittsburgh Pirates,PNC Park,1940429.0,96.0,97.0,PIT,PIT,PIT
2011,NL,SDN,SDP,W,5,162,81.0,71,91,N,N,N,N,593.0,5417.0,1284.0,247.0,42.0,91.0,501.0,1320.0,170.0,44.0,48.0,47.0,611.0,551.0,3.42,0.0,10.0,44.0,4348.0,1324.0,125.0,521.0,1139.0,94.0,139.0,0.985,San Diego Padres,Petco Park,2143018.0,92.0,92.0,SDP,SDN,SDN
2011,AL,SEA,SEA,W,4,162,84.0,67,95,N,N,N,N,556.0,5421.0,1263.0,253.0,22.0,109.0,435.0,1280.0,125.0,40.0,37.0,41.0,675.0,621.0,3.9,12.0,10.0,39.0,4299.0,1369.0,145.0,436.0,1088.0,108.0,152.0,0.982,Seattle Mariners,Safeco Field,1939421.0,94.0,95.0,SEA,SEA,SEA
2011,NL,SFN,SFG,W,2,162,81.0,86,76,N,N,N,N,570.0,5486.0,1327.0,282.0,24.0,121.0,448.0,1122.0,85.0,51.0,52.0,43.0,578.0,522.0,3.2,3.0,12.0,52.0,4404.0,1260.0,96.0,559.0,1316.0,104.0,127.0,0.983,San Francisco Giants,AT&T Park,3387303.0,89.0,89.0,SFG,SFN,SFN
2011,NL,SLN,STL,C,2,162,81.0,90,72,N,Y,Y,Y,762.0,5532.0,1513.0,308.0,22.0,162.0,542.0,978.0,57.0,39.0,44.0,40.0,692.0,608.0,3.74,7.0,9.0,47.0,4386.0,1461.0,136.0,448.0,1098.0,116.0,167.0,0.982,St. Louis Cardinals,Busch Stadium III,3093954.0,95.0,94.0,STL,SLN,SLN
2011,AL,TBA,TBD,E,2,162,81.0,91,71,N,Y,N,N,707.0,5436.0,1324.0,273.0,37.0,172.0,571.0,1193.0,155.0,62.0,73.0,35.0,614.0,577.0,3.58,15.0,13.0,32.0,4347.0,1263.0,161.0,504.0,1143.0,73.0,138.0,0.988,Tampa Bay Rays,Tropicana Field,1529188.0,92.0,92.0,TBR,TBA,TBA
2011,AL,TEX,TEX,W,1,162,81.0,96,66,Y,N,Y,N,855.0,5659.0,1599.0,310.0,32.0,210.0,475.0,930.0,143.0,45.0,39.0,49.0,677.0,607.0,3.79,10.0,19.0,38.0,4324.0,1327.0,170.0,461.0,1179.0,114.0,164.0,0.981,Texas Rangers,Rangers Ballpark in Arlington,2946949.0,117.0,115.0,TEX,TEX,TEX
2011,AL,TOR,TOR,E,4,162,81.0,81,81,N,N,N,N,743.0,5559.0,1384.0,285.0,34.0,186.0,525.0,1184.0,131.0,52.0,48.0,47.0,761.0,700.0,4.32,7.0,10.0,33.0,4376.0,1433.0,179.0,540.0,1169.0,110.0,148.0,0.982,Toronto Blue Jays,Rogers Centre,1818103.0,104.0,104.0,TOR,TOR,TOR
2011,NL,WAS,WSN,E,3,161,80.0,80,81,N,N,N,N,624.0,5441.0,1319.0,257.0,22.0,154.0,470.0,1323.0,106.0,38.0,65.0,32.0,643.0,577.0,3.58,3.0,10.0,49.0,4348.0,1403.0,129.0,477.0,1049.0,104.0,145.0,0.983,Washington Nationals,Nationals Park,1940478.0,100.0,100.0,WSN,MON,WAS
2012,NL,ARI,ARI,W,3,162,81.0,81,81,N,N,N,N,734.0,5462.0,1416.0,307.0,33.0,165.0,539.0,1266.0,93.0,51.0,41.0,45.0,688.0,626.0,3.93,4.0,9.0,39.0,4301.0,1432.0,155.0,417.0,1200.0,90.0,146.0,0.985,Arizona Diamondbacks,Chase Field,2177617.0,105.0,106.0,ARI,ARI,ARI
2012,NL,ATL,ATL,E,2,162,81.0,94,68,N,Y,N,N,700.0,5425.0,1341.0,263.0,30.0,149.0,567.0,1289.0,101.0,32.0,34.0,46.0,600.0,549.0,3.42,5.0,16.0,47.0,4336.0,1310.0,145.0,464.0,1232.0,86.0,147.0,0.986,Atlanta Braves,Turner Field,2420171.0,102.0,101.0,ATL,ATL,ATL
2012,AL,BAL,BAL,E,2,162,81.0,93,69,N,Y,N,N,712.0,5560.0,1375.0,270.0,16.0,214.0,480.0,1315.0,58.0,29.0,50.0,30.0,705.0,642.0,3.9,1.0,10.0,55.0,4449.0,1433.0,184.0,481.0,1177.0,106.0,151.0,0.983,Baltimore Orioles,Oriole Park at Camden Yards,2102240.0,102.0,103.0,BAL,BAL,BAL
2012,AL,BOS,BOS,E,5,162,81.0,69,93,N,N,N,N,734.0,5604.0,1459.0,339.0,16.0,165.0,428.0,1197.0,97.0,31.0,45.0,55.0,806.0,754.0,4.7,6.0,4.0,35.0,4329.0,1449.0,190.0,529.0,1176.0,101.0,159.0,0.983,Boston Red Sox,Fenway Park II,3043003.0,106.0,106.0,BOS,BOS,BOS
2012,AL,CHA,CHW,C,2,162,81.0,85,77,N,N,N,N,748.0,5518.0,1409.0,228.0,29.0,211.0,461.0,1203.0,109.0,43.0,65.0,36.0,676.0,646.0,4.02,6.0,11.0,37.0,4337.0,1365.0,186.0,503.0,1246.0,70.0,154.0,0.988,Chicago White Sox,U.S. Cellular Field,1965955.0,106.0,106.0,CHW,CHA,CHA
2012,NL,CHN,CHC,C,5,162,81.0,61,101,N,N,N,N,613.0,5411.0,1297.0,265.0,36.0,137.0,447.0,1235.0,94.0,45.0,43.0,24.0,759.0,708.0,4.51,1.0,9.0,28.0,4241.0,1399.0,175.0,573.0,1128.0,105.0,148.0,0.982,Chicago Cubs,Wrigley Field,2882756.0,98.0,99.0,CHC,CHN,CHN
2012,NL,CIN,CIN,C,1,162,81.0,97,65,Y,N,N,N,669.0,5477.0,1377.0,296.0,30.0,172.0,481.0,1266.0,87.0,27.0,47.0,37.0,588.0,540.0,3.34,9.0,12.0,56.0,4359.0,1356.0,152.0,427.0,1248.0,89.0,113.0,0.985,Cincinnati Reds,Great American Ball Park,2347251.0,107.0,107.0,CIN,CIN,CIN
2012,AL,CLE,CLE,C,4,162,81.0,68,94,N,N,N,N,667.0,5525.0,1385.0,266.0,24.0,136.0,555.0,1087.0,110.0,44.0,59.0,39.0,845.0,766.0,4.78,2.0,6.0,43.0,4326.0,1503.0,174.0,543.0,1086.0,96.0,157.0,0.984,Cleveland Indians,Progressive Field,1603596.0,93.0,95.0,CLE,CLE,CLE
2012,NL,COL,COL,W,5,162,81.0,64,98,N,N,N,N,758.0,5577.0,1526.0,306.0,52.0,166.0,450.0,1213.0,100.0,40.0,36.0,39.0,890.0,824.0,5.22,0.0,7.0,36.0,4266.0,1637.0,198.0,566.0,1144.0,122.0,139.0,0.98,Colorado Rockies,Coors Field,2630458.0,120.0,121.0,COL,COL,COL
2012,AL,DET,DET,C,1,162,81.0,88,74,Y,N,Y,N,726.0,5476.0,1467.0,279.0,39.0,163.0,511.0,1103.0,59.0,23.0,57.0,39.0,670.0,596.0,3.75,9.0,8.0,40.0,4292.0,1409.0,151.0,438.0,1318.0,99.0,127.0,0.983,Detroit Tigers,Comerica Park,3028033.0,104.0,103.0,DET,DET,DET
2012,NL,HOU,HOU,C,6,162,81.0,55,107,N,N,N,N,583.0,5407.0,1276.0,238.0,28.0,146.0,463.0,1365.0,105.0,46.0,58.0,30.0,794.0,721.0,4.56,3.0,11.0,31.0,4270.0,1493.0,173.0,540.0,1170.0,118.0,132.0,0.981,Houston Astros,Minute Maid Park,1607733.0,99.0,101.0,HOU,HOU,HOU
2012,AL,KCA,KCR,C,3,162,81.0,72,90,N,N,N,N,676.0,5636.0,1492.0,295.0,37.0,131.0,404.0,1032.0,132.0,38.0,42.0,41.0,746.0,693.0,4.3,2.0,12.0,44.0,4354.0,1504.0,163.0,542.0,1177.0,113.0,171.0,0.981,Kansas City Royals,Kauffman Stadium,1739859.0,100.0,100.0,KCR,KCA,KCA
2012,AL,LAA,ANA,W,3,162,81.0,89,73,N,N,N,N,767.0,5536.0,1518.0,273.0,22.0,187.0,449.0,1113.0,134.0,33.0,47.0,41.0,699.0,640.0,4.02,6.0,16.0,38.0,4300.0,1339.0,186.0,483.0,1157.0,98.0,141.0,0.984,Los Angeles Angels of Anaheim,Angel Stadium of Anaheim,3061770.0,92.0,92.0,LAA,ANA,ANA
2012,NL,LAN,LAD,W,2,162,81.0,86,76,N,N,N,N,637.0,5438.0,1369.0,269.0,23.0,116.0,481.0,1156.0,104.0,44.0,52.0,38.0,597.0,538.0,3.34,2.0,10.0,40.0,4349.0,1277.0,122.0,539.0,1276.0,98.0,138.0,0.984,Los Angeles Dodgers,Dodger Stadium,3324246.0,96.0,96.0,LAD,LAN,LAN
2012,NL,MIA,FLA,E,5,162,81.0,69,93,N,N,N,N,609.0,5437.0,1327.0,261.0,39.0,137.0,484.0,1228.0,149.0,41.0,35.0,40.0,724.0,655.0,4.09,5.0,7.0,38.0,4322.0,1448.0,133.0,495.0,1113.0,103.0,154.0,0.983,Miami Marlins,Marlins Park,2219444.0,100.0,100.0,MIA,FLO,MIA
2012,NL,MIL,MIL,C,3,162,81.0,83,79,N,N,N,N,776.0,5557.0,1442.0,300.0,39.0,202.0,466.0,1240.0,158.0,39.0,90.0,35.0,733.0,682.0,4.22,0.0,9.0,44.0,4361.0,1458.0,169.0,525.0,1402.0,99.0,133.0,0.983,Milwaukee Brewers,Miller Park,2831385.0,104.0,104.0,MIL,ML4,MIL
2012,AL,MIN,MIN,C,5,162,81.0,66,96,N,N,N,N,701.0,5562.0,1448.0,270.0,30.0,131.0,505.0,1069.0,135.0,37.0,53.0,56.0,832.0,762.0,4.77,3.0,6.0,35.0,4316.0,1536.0,198.0,465.0,943.0,107.0,188.0,0.983,Minnesota Twins,Target Field,2776354.0,97.0,99.0,MIN,MIN,MIN
2012,AL,NYA,NYY,E,1,162,81.0,95,67,Y,N,N,N,804.0,5524.0,1462.0,280.0,13.0,245.0,565.0,1176.0,93.0,27.0,62.0,49.0,668.0,617.0,3.84,6.0,9.0,51.0,4336.0,1401.0,190.0,431.0,1318.0,75.0,135.0,0.987,New York Yankees,Yankee Stadium III,3542406.0,103.0,102.0,NYY,NYA,NYA
2012,NL,NYN,NYM,E,4,162,81.0,74,88,N,N,N,N,650.0,5450.0,1357.0,286.0,21.0,139.0,503.0,1250.0,79.0,38.0,42.0,30.0,709.0,651.0,4.09,7.0,13.0,36.0,4302.0,1368.0,161.0,488.0,1240.0,101.0,135.0,0.983,New York Mets,Citi Field,2242803.0,96.0,97.0,NYM,NYN,NYN
2012,AL,OAK,OAK,W,1,162,81.0,94,68,Y,N,N,N,713.0,5527.0,1315.0,267.0,32.0,195.0,550.0,1387.0,122.0,32.0,45.0,34.0,614.0,569.0,3.48,1.0,13.0,47.0,4410.0,1360.0,147.0,462.0,1136.0,111.0,135.0,0.982,Oakland Athletics,O.co Coliseum,1679013.0,97.0,97.0,OAK,OAK,OAK
2012,NL,PHI,PHI,E,3,162,81.0,81,81,N,N,N,N,684.0,5544.0,1414.0,271.0,28.0,158.0,454.0,1094.0,116.0,23.0,63.0,39.0,680.0,618.0,3.83,5.0,11.0,42.0,4354.0,1387.0,178.0,409.0,1385.0,101.0,118.0,0.983,Philadelphia Phillies,Citizens Bank Park,3565718.0,102.0,101.0,PHI,PHI,PHI
2012,NL,PIT,PIT,C,4,162,81.0,79,83,N,N,N,N,651.0,5412.0,1313.0,241.0,37.0,170.0,444.0,1354.0,73.0,52.0,51.0,45.0,674.0,615.0,3.86,2.0,10.0,45.0,4300.0,1357.0,153.0,490.0,1192.0,112.0,126.0,0.982,Pittsburgh Pirates,PNC Park,2091918.0,93.0,94.0,PIT,PIT,PIT
2012,NL,SDN,SDP,W,4,162,81.0,76,86,N,N,N,N,651.0,5422.0,1339.0,272.0,43.0,121.0,539.0,1238.0,155.0,46.0,54.0,34.0,710.0,640.0,4.01,4.0,11.0,43.0,4304.0,1356.0,162.0,539.0,1205.0,121.0,97.0,0.98,San Diego Padres,Petco Park,2123721.0,92.0,92.0,SDP,SDN,SDN
2012,AL,SEA,SEA,W,4,162,81.0,75,87,N,N,N,N,619.0,5494.0,1285.0,241.0,27.0,149.0,466.0,1259.0,104.0,35.0,30.0,35.0,651.0,608.0,3.76,8.0,11.0,43.0,4370.0,1359.0,166.0,449.0,1166.0,72.0,155.0,0.988,Seattle Mariners,Safeco Field,1721920.0,90.0,91.0,SEA,SEA,SEA
2012,NL,SFN,SFG,W,1,162,81.0,94,68,Y,N,Y,Y,718.0,5558.0,1495.0,287.0,57.0,103.0,483.0,1097.0,118.0,39.0,29.0,61.0,649.0,593.0,3.68,5.0,14.0,53.0,4353.0,1361.0,142.0,489.0,1237.0,115.0,134.0,0.981,San Francisco Giants,AT&T Park,3377371.0,88.0,88.0,SFG,SFN,SFN
2012,NL,SLN,STL,C,2,162,81.0,88,74,N,Y,N,N,765.0,5622.0,1526.0,290.0,37.0,159.0,533.0,1192.0,91.0,37.0,53.0,49.0,648.0,603.0,3.71,4.0,10.0,42.0,4388.0,1420.0,134.0,436.0,1218.0,107.0,149.0,0.983,St. Louis Cardinals,Busch Stadium III,3262109.0,98.0,97.0,STL,SLN,SLN
2012,AL,TBA,TBD,E,3,162,81.0,90,72,N,N,N,N,697.0,5398.0,1293.0,250.0,30.0,175.0,571.0,1323.0,134.0,44.0,58.0,42.0,577.0,518.0,3.19,7.0,15.0,50.0,4379.0,1233.0,139.0,469.0,1383.0,114.0,155.0,0.981,Tampa Bay Rays,Tropicana Field,1559681.0,94.0,93.0,TBR,TBA,TBA
2012,AL,TEX,TEX,W,2,162,81.0,93,69,N,Y,N,N,808.0,5590.0,1526.0,303.0,32.0,200.0,478.0,1103.0,91.0,44.0,57.0,53.0,707.0,639.0,3.99,7.0,10.0,43.0,4326.0,1378.0,175.0,446.0,1286.0,85.0,136.0,0.986,Texas Rangers,Rangers Ballpark in Arlington,3460280.0,112.0,111.0,TEX,TEX,TEX
2012,AL,TOR,TOR,E,4,162,81.0,73,89,N,N,N,N,716.0,5487.0,1346.0,247.0,22.0,198.0,473.0,1251.0,123.0,41.0,55.0,45.0,784.0,745.0,4.64,5.0,11.0,29.0,4331.0,1439.0,204.0,574.0,1142.0,101.0,167.0,0.984,Toronto Blue Jays,Rogers Centre,2099663.0,103.0,104.0,TOR,TOR,TOR
2012,NL,WAS,WSN,E,1,162,81.0,98,64,Y,N,N,N,731.0,5615.0,1468.0,301.0,25.0,194.0,479.0,1325.0,105.0,35.0,41.0,36.0,594.0,543.0,3.33,3.0,9.0,51.0,4405.0,1296.0,129.0,497.0,1325.0,94.0,134.0,0.985,Washington Nationals,Nationals Park,2370794.0,99.0,101.0,WSN,MON,WAS
2013,NL,ARI,ARI,W,2,162,81.0,81,81,N,N,N,N,685.0,5676.0,1468.0,302.0,31.0,130.0,519.0,1142.0,62.0,41.0,43.0,43.0,695.0,651.0,3.92,6.0,7.0,38.0,4485.0,1460.0,176.0,485.0,1218.0,75.0,135.0,0.988,Arizona Diamondbacks,Chase Field,2134795.0,102.0,102.0,ARI,ARI,ARI
2013,NL,ATL,ATL,E,1,162,81.0,96,66,Y,N,N,N,688.0,5441.0,1354.0,247.0,21.0,181.0,542.0,1384.0,64.0,31.0,55.0,35.0,548.0,512.0,3.18,1.0,12.0,53.0,4351.0,1326.0,127.0,409.0,1232.0,85.0,141.0,0.986,Atlanta Braves,Turner Field,2548679.0,104.0,103.0,ATL,ATL,ATL
2013,AL,BAL,BAL,E,3,162,81.0,85,77,N,N,N,N,745.0,5620.0,1460.0,298.0,14.0,212.0,416.0,1125.0,79.0,29.0,36.0,45.0,709.0,678.0,4.2,2.0,6.0,57.0,4359.0,1438.0,202.0,473.0,1169.0,54.0,165.0,0.991,Baltimore Orioles,Oriole Park at Camden Yards,2357561.0,106.0,105.0,BAL,BAL,BAL
2013,AL,BOS,BOS,E,1,162,81.0,97,65,Y,N,Y,Y,853.0,5651.0,1566.0,363.0,29.0,178.0,581.0,1308.0,123.0,19.0,72.0,50.0,656.0,613.0,3.79,5.0,8.0,33.0,4362.0,1366.0,156.0,524.0,1294.0,80.0,142.0,0.987,Boston Red Sox,Fenway Park II,2833333.0,102.0,102.0,BOS,BOS,BOS
2013,AL,CHA,CHW,C,5,162,81.0,63,99,N,N,N,N,598.0,5563.0,1385.0,237.0,19.0,148.0,411.0,1207.0,105.0,42.0,34.0,48.0,723.0,643.0,3.98,5.0,5.0,40.0,4365.0,1424.0,182.0,509.0,1249.0,121.0,155.0,0.98,Chicago White Sox,U.S. Cellular Field,1768413.0,107.0,107.0,CHW,CHA,CHA
2013,NL,CHN,CHC,C,5,162,81.0,66,96,N,N,N,N,602.0,5498.0,1307.0,297.0,18.0,172.0,439.0,1230.0,63.0,32.0,67.0,30.0,689.0,643.0,4.0,3.0,6.0,39.0,4344.0,1332.0,160.0,540.0,1184.0,100.0,129.0,0.983,Chicago Cubs,Wrigley Field,2642682.0,104.0,105.0,CHC,CHN,CHN
2013,NL,CIN,CIN,C,3,162,80.0,90,72,N,Y,N,N,698.0,5499.0,1370.0,274.0,20.0,155.0,585.0,1245.0,67.0,35.0,76.0,46.0,589.0,554.0,3.38,5.0,17.0,43.0,4421.0,1294.0,170.0,435.0,1296.0,76.0,131.0,0.988,Cincinnati Reds,Great American Ball Park,2534369.0,103.0,102.0,CIN,CIN,CIN
2013,AL,CLE,CLE,C,2,162,81.0,92,70,N,Y,N,N,745.0,5465.0,1391.0,290.0,23.0,171.0,562.0,1283.0,117.0,36.0,51.0,56.0,662.0,611.0,3.82,3.0,16.0,38.0,4324.0,1359.0,147.0,554.0,1379.0,98.0,135.0,0.983,Cleveland Indians,Progressive Field,1572926.0,93.0,94.0,CLE,CLE,CLE
2013,NL,COL,COL,W,5,162,81.0,74,88,N,N,N,N,706.0,5599.0,1511.0,283.0,36.0,159.0,427.0,1204.0,112.0,32.0,26.0,35.0,760.0,708.0,4.44,1.0,5.0,35.0,4308.0,1545.0,136.0,517.0,1064.0,90.0,162.0,0.986,Colorado Rockies,Coors Field,2793828.0,117.0,118.0,COL,COL,COL
2013,AL,DET,DET,C,1,162,81.0,93,69,Y,N,N,N,796.0,5735.0,1625.0,292.0,23.0,176.0,531.0,1073.0,35.0,20.0,43.0,47.0,624.0,587.0,3.61,3.0,12.0,39.0,4388.0,1369.0,128.0,462.0,1428.0,76.0,136.0,0.987,Detroit Tigers,Comerica Park,3083397.0,106.0,105.0,DET,DET,DET
2013,AL,HOU,HOU,W,5,162,81.0,51,111,N,N,N,N,610.0,5457.0,1307.0,266.0,16.0,148.0,426.0,1535.0,110.0,61.0,52.0,38.0,848.0,766.0,4.79,2.0,5.0,32.0,4320.0,1530.0,191.0,616.0,1084.0,125.0,168.0,0.979,Houston Astros,Minute Maid Park,1651883.0,99.0,101.0,HOU,HOU,HOU
2013,AL,KCA,KCR,C,3,162,81.0,86,76,N,N,N,N,648.0,5549.0,1443.0,254.0,34.0,112.0,422.0,1048.0,153.0,32.0,42.0,42.0,601.0,555.0,3.45,5.0,12.0,52.0,4345.0,1366.0,155.0,469.0,1208.0,85.0,136.0,0.986,Kansas City Royals,Kauffman Stadium,1750754.0,103.0,103.0,KCR,KCA,KCA
2013,AL,LAA,ANA,W,3,162,81.0,78,84,N,N,N,N,733.0,5588.0,1476.0,270.0,39.0,164.0,523.0,1221.0,82.0,34.0,48.0,64.0,737.0,685.0,4.23,4.0,12.0,41.0,4373.0,1475.0,167.0,533.0,1200.0,112.0,135.0,0.981,Los Angeles Angels of Anaheim,Angel Stadium of Anaheim,3019505.0,94.0,94.0,LAA,ANA,ANA
2013,NL,LAN,LAD,W,1,162,81.0,92,70,Y,N,N,N,649.0,5491.0,1447.0,281.0,17.0,138.0,476.0,1146.0,78.0,28.0,57.0,48.0,582.0,524.0,3.25,7.0,22.0,46.0,4351.0,1321.0,127.0,460.0,1292.0,109.0,160.0,0.982,Los Angeles Dodgers,Dodger Stadium,3743527.0,95.0,95.0,LAD,LAN,LAN
2013,NL,MIA,FLA,E,5,162,81.0,62,100,N,N,N,N,513.0,5449.0,1257.0,219.0,31.0,95.0,432.0,1232.0,78.0,29.0,56.0,26.0,646.0,602.0,3.71,2.0,13.0,36.0,4380.0,1376.0,121.0,526.0,1177.0,88.0,144.0,0.986,Miami Marlins,Marlins Park,1586322.0,102.0,103.0,MIA,FLO,MIA
2013,NL,MIL,MIL,C,4,162,81.0,74,88,N,N,N,N,640.0,5474.0,1381.0,238.0,43.0,157.0,407.0,1183.0,142.0,50.0,71.0,35.0,687.0,615.0,3.84,4.0,15.0,40.0,4328.0,1401.0,175.0,466.0,1125.0,114.0,153.0,0.981,Milwaukee Brewers,Miller Park,2531105.0,105.0,105.0,MIL,ML4,MIL
2013,AL,MIN,MIN,C,4,162,81.0,66,96,N,N,N,N,614.0,5564.0,1346.0,285.0,15.0,151.0,533.0,1430.0,52.0,33.0,52.0,32.0,788.0,733.0,4.55,1.0,7.0,40.0,4351.0,1591.0,168.0,458.0,985.0,81.0,178.0,0.987,Minnesota Twins,Target Field,2477644.0,99.0,101.0,MIN,MIN,MIN
2013,AL,NYA,NYY,E,4,162,81.0,85,77,N,N,N,N,650.0,5449.0,1321.0,247.0,24.0,144.0,466.0,1214.0,115.0,31.0,57.0,36.0,671.0,633.0,3.94,7.0,10.0,49.0,4342.0,1452.0,171.0,437.0,1233.0,69.0,139.0,0.988,New York Yankees,Yankee Stadium III,3279589.0,102.0,101.0,NYY,NYA,NYA
2013,NL,NYN,NYM,E,4,162,81.0,74,88,N,N,N,N,619.0,5559.0,1318.0,263.0,32.0,130.0,512.0,1384.0,114.0,35.0,51.0,32.0,684.0,618.0,3.77,4.0,10.0,40.0,4430.0,1442.0,152.0,458.0,1209.0,93.0,127.0,0.985,New York Mets,Citi Field,2135657.0,94.0,95.0,NYM,NYN,NYN
2013,AL,OAK,OAK,W,1,162,81.0,96,66,Y,N,N,N,767.0,5521.0,1403.0,301.0,25.0,186.0,573.0,1178.0,74.0,28.0,45.0,49.0,625.0,574.0,3.56,6.0,13.0,46.0,4356.0,1339.0,163.0,428.0,1183.0,97.0,112.0,0.983,Oakland Athletics,O.co Coliseum,1809302.0,95.0,93.0,OAK,OAK,OAK
2013,NL,PHI,PHI,E,4,162,81.0,73,89,N,N,N,N,610.0,5456.0,1355.0,255.0,32.0,140.0,417.0,1205.0,73.0,29.0,53.0,31.0,749.0,689.0,4.32,6.0,3.0,32.0,4309.0,1465.0,152.0,506.0,1199.0,97.0,141.0,0.984,Philadelphia Phillies,Citizens Bank Park,3012403.0,101.0,102.0,PHI,PHI,PHI
2013,NL,PIT,PIT,C,2,162,81.0,94,68,N,Y,N,N,634.0,5486.0,1346.0,273.0,35.0,161.0,469.0,1330.0,94.0,42.0,88.0,29.0,577.0,533.0,3.26,3.0,16.0,55.0,4412.0,1299.0,101.0,515.0,1261.0,106.0,154.0,0.984,Pittsburgh Pirates,PNC Park,2256862.0,94.0,94.0,PIT,PIT,PIT
2013,NL,SDN,SDP,W,3,162,81.0,76,86,N,N,N,N,618.0,5517.0,1349.0,246.0,26.0,146.0,467.0,1309.0,118.0,34.0,52.0,34.0,700.0,643.0,3.98,3.0,6.0,40.0,4365.0,1407.0,156.0,525.0,1171.0,83.0,140.0,0.986,San Diego Padres,Petco Park,2166691.0,91.0,91.0,SDP,SDN,SDN
2013,AL,SEA,SEA,W,4,162,81.0,71,91,N,N,N,N,624.0,5558.0,1318.0,249.0,17.0,188.0,529.0,1353.0,49.0,23.0,31.0,28.0,754.0,702.0,4.31,4.0,14.0,43.0,4395.0,1467.0,174.0,478.0,1297.0,88.0,149.0,0.986,Seattle Mariners,Safeco Field,1761546.0,92.0,92.0,SEA,SEA,SEA
2013,NL,SFN,SFG,W,4,162,82.0,76,86,N,N,N,N,629.0,5552.0,1446.0,280.0,35.0,107.0,469.0,1078.0,67.0,26.0,39.0,42.0,691.0,643.0,4.0,2.0,13.0,41.0,4342.0,1380.0,145.0,521.0,1256.0,107.0,128.0,0.982,San Francisco Giants,AT&T Park,3326796.0,90.0,89.0,SFG,SFN,SFN
2013,NL,SLN,STL,C,1,162,81.0,97,65,Y,N,Y,N,783.0,5557.0,1494.0,322.0,20.0,125.0,481.0,1110.0,45.0,22.0,64.0,44.0,596.0,555.0,3.42,7.0,15.0,44.0,4379.0,1366.0,112.0,451.0,1254.0,75.0,177.0,0.988,St. Louis Cardinals,Busch Stadium III,3369769.0,99.0,97.0,STL,SLN,SLN
2013,AL,TBA,TBD,E,2,163,81.0,92,71,N,Y,N,N,700.0,5538.0,1421.0,296.0,23.0,165.0,589.0,1171.0,73.0,38.0,36.0,55.0,646.0,608.0,3.74,9.0,17.0,42.0,4392.0,1315.0,153.0,482.0,1310.0,59.0,147.0,0.99,Tampa Bay Rays,Tropicana Field,1510300.0,96.0,95.0,TBR,TBA,TBA
2013,AL,TEX,TEX,W,2,163,82.0,91,72,N,N,N,N,730.0,5585.0,1465.0,262.0,23.0,176.0,462.0,1067.0,149.0,46.0,61.0,42.0,636.0,589.0,3.62,4.0,10.0,46.0,4390.0,1370.0,157.0,498.0,1309.0,86.0,146.0,0.986,Texas Rangers,Rangers Ballpark in Arlington,3178273.0,104.0,103.0,TEX,TEX,TEX
2013,AL,TOR,TOR,E,5,162,81.0,74,88,N,N,N,N,712.0,5537.0,1398.0,273.0,24.0,185.0,510.0,1123.0,112.0,41.0,38.0,38.0,756.0,685.0,4.25,4.0,11.0,39.0,4356.0,1451.0,195.0,500.0,1208.0,111.0,145.0,0.982,Toronto Blue Jays,Rogers Centre,2536562.0,102.0,102.0,TOR,TOR,TOR
2013,NL,WAS,WSN,E,2,162,81.0,86,76,N,N,N,N,656.0,5436.0,1365.0,259.0,27.0,161.0,464.0,1192.0,88.0,28.0,40.0,39.0,626.0,576.0,3.59,6.0,13.0,47.0,4337.0,1367.0,142.0,405.0,1236.0,107.0,146.0,0.982,Washington Nationals,Nationals Park,2652422.0,102.0,101.0,WSN,MON,WAS
2014,NL,ARI,ARI,W,5,162,81.0,64,98,N,N,N,N,615.0,5552.0,1379.0,259.0,47.0,118.0,398.0,1165.0,86.0,33.0,43.0,36.0,742.0,683.0,4.26,2.0,4.0,35.0,4333.0,1467.0,154.0,469.0,1278.0,101.0,147.0,0.983,Arizona Diamondbacks,Chase Field,2073730.0,102.0,102.0,ARI,ARI,ARI
2014,NL,ATL,ATL,E,2,162,81.0,79,83,N,N,N,N,573.0,5468.0,1316.0,240.0,22.0,123.0,472.0,1369.0,95.0,33.0,43.0,27.0,597.0,547.0,3.38,5.0,13.0,54.0,4365.0,1369.0,121.0,472.0,1301.0,85.0,143.0,0.986,Atlanta Braves,Turner Field,2354305.0,99.0,99.0,ATL,ATL,ATL
2014,AL,BAL,BAL,E,1,162,81.0,96,66,Y,N,N,N,705.0,5596.0,1434.0,264.0,16.0,211.0,401.0,1285.0,44.0,20.0,62.0,36.0,593.0,557.0,3.43,3.0,13.0,53.0,4384.0,1342.0,151.0,472.0,1174.0,87.0,156.0,0.986,Baltimore Orioles,Oriole Park at Camden Yards,2464473.0,100.0,100.0,BAL,BAL,BAL
2014,AL,BOS,BOS,E,5,162,81.0,71,91,N,N,N,N,634.0,5551.0,1355.0,282.0,20.0,123.0,535.0,1337.0,63.0,25.0,68.0,52.0,715.0,653.0,4.01,3.0,7.0,36.0,4397.0,1458.0,154.0,482.0,1213.0,92.0,155.0,0.985,Boston Red Sox,Fenway Park II,2956089.0,102.0,101.0,BOS,BOS,BOS
2014,AL,CHA,CHW,C,4,162,81.0,73,89,N,N,N,N,660.0,5543.0,1400.0,279.0,32.0,155.0,417.0,1362.0,85.0,36.0,60.0,38.0,758.0,687.0,4.29,3.0,6.0,36.0,4323.0,1468.0,140.0,557.0,1152.0,107.0,170.0,0.982,Chicago White Sox,U.S. Cellular Field,1650821.0,100.0,101.0,CHW,CHA,CHA
2014,NL,CHN,CHC,C,5,162,81.0,73,89,N,N,N,N,614.0,5508.0,1315.0,270.0,31.0,157.0,442.0,1477.0,65.0,40.0,54.0,41.0,707.0,636.0,3.91,1.0,11.0,37.0,4390.0,1398.0,115.0,504.0,1311.0,103.0,137.0,0.983,Chicago Cubs,Wrigley Field,2652113.0,103.0,104.0,CHC,CHN,CHN
2014,NL,CIN,CIN,C,4,162,81.0,76,86,N,N,N,N,595.0,5395.0,1282.0,254.0,20.0,131.0,415.0,1252.0,122.0,52.0,52.0,37.0,612.0,576.0,3.59,5.0,13.0,44.0,4338.0,1282.0,163.0,507.0,1290.0,72.0,120.0,0.988,Cincinnati Reds,Great American Ball Park,2476664.0,98.0,98.0,CIN,CIN,CIN
2014,AL,CLE,CLE,C,3,162,81.0,85,77,N,N,N,N,669.0,5575.0,1411.0,284.0,23.0,142.0,504.0,1189.0,104.0,27.0,42.0,49.0,653.0,581.0,3.56,6.0,15.0,40.0,4405.0,1398.0,135.0,464.0,1450.0,116.0,139.0,0.981,Cleveland Indians,Progressive Field,1437393.0,97.0,97.0,CLE,CLE,CLE
2014,NL,COL,COL,W,4,162,81.0,66,96,N,N,N,N,755.0,5612.0,1551.0,307.0,41.0,186.0,397.0,1281.0,85.0,48.0,48.0,48.0,818.0,770.0,4.84,1.0,4.0,24.0,4293.0,1528.0,173.0,531.0,1074.0,106.0,166.0,0.983,Colorado Rockies,Coors Field,2680329.0,115.0,116.0,COL,COL,COL
2014,AL,DET,DET,C,1,162,81.0,90,72,Y,N,N,N,757.0,5630.0,1557.0,325.0,26.0,155.0,443.0,1144.0,106.0,41.0,44.0,61.0,705.0,648.0,4.01,5.0,8.0,41.0,4362.0,1475.0,127.0,462.0,1244.0,101.0,153.0,0.983,Detroit Tigers,Comerica Park,2917209.0,105.0,104.0,DET,DET,DET
2014,AL,HOU,HOU,W,4,162,81.0,70,92,N,N,N,N,629.0,5447.0,1317.0,240.0,19.0,163.0,495.0,1442.0,122.0,37.0,55.0,36.0,723.0,657.0,4.11,7.0,3.0,31.0,4316.0,1437.0,139.0,484.0,1137.0,106.0,151.0,0.983,Houston Astros,Minute Maid Park,1751829.0,101.0,102.0,HOU,HOU,HOU
2014,AL,KCA,KCR,C,2,162,81.0,89,73,N,Y,Y,N,651.0,5545.0,1456.0,286.0,29.0,95.0,380.0,985.0,153.0,36.0,53.0,47.0,624.0,565.0,3.51,3.0,14.0,53.0,4352.0,1386.0,128.0,440.0,1168.0,104.0,122.0,0.983,Kansas City Royals,Kauffman Stadium,1956482.0,105.0,104.0,KCR,KCA,KCA
2014,AL,LAA,ANA,W,1,162,81.0,98,64,Y,N,N,N,773.0,5652.0,1464.0,304.0,31.0,155.0,492.0,1266.0,81.0,39.0,60.0,54.0,630.0,590.0,3.58,3.0,13.0,46.0,4448.0,1307.0,126.0,504.0,1342.0,83.0,127.0,0.986,Los Angeles Angels of Anaheim,Angel Stadium of Anaheim,3095935.0,96.0,95.0,LAA,ANA,ANA
2014,NL,LAN,LAD,W,1,162,81.0,94,68,Y,N,N,N,718.0,5560.0,1476.0,302.0,38.0,134.0,519.0,1246.0,138.0,50.0,61.0,43.0,617.0,554.0,3.4,7.0,16.0,47.0,4394.0,1338.0,142.0,429.0,1373.0,107.0,145.0,0.983,Los Angeles Dodgers,Dodger Stadium,3782337.0,96.0,95.0,LAD,LAN,LAN
2014,NL,MIA,FLA,E,4,162,81.0,77,85,N,N,N,N,645.0,5538.0,1399.0,254.0,36.0,122.0,501.0,1419.0,58.0,21.0,35.0,39.0,674.0,613.0,3.78,3.0,16.0,42.0,4373.0,1481.0,114.0,458.0,1190.0,97.0,154.0,0.984,Miami Marlins,Marlins Park,1732283.0,103.0,104.0,MIA,FLO,MIA
2014,NL,MIL,MIL,C,3,162,81.0,82,80,N,N,N,N,650.0,5462.0,1366.0,297.0,28.0,150.0,423.0,1197.0,102.0,43.0,73.0,37.0,657.0,594.0,3.67,3.0,9.0,45.0,4373.0,1386.0,167.0,431.0,1246.0,99.0,130.0,0.984,Milwaukee Brewers,Miller Park,2797384.0,102.0,103.0,MIL,ML4,MIL
2014,AL,MIN,MIN,C,5,162,81.0,70,92,N,N,N,N,715.0,5567.0,1412.0,316.0,27.0,128.0,544.0,1329.0,99.0,36.0,53.0,44.0,777.0,728.0,4.57,2.0,7.0,38.0,4305.0,1588.0,147.0,408.0,1031.0,97.0,136.0,0.984,Minnesota Twins,Target Field,2250606.0,102.0,103.0,MIN,MIN,MIN
2014,AL,NYA,NYY,E,2,162,81.0,84,78,N,N,N,N,633.0,5497.0,1349.0,247.0,26.0,147.0,452.0,1133.0,112.0,26.0,56.0,47.0,664.0,605.0,3.75,5.0,10.0,48.0,4359.0,1392.0,164.0,398.0,1370.0,92.0,107.0,0.984,New York Yankees,Yankee Stadium III,3401624.0,100.0,101.0,NYY,NYA,NYA
2014,NL,NYN,NYM,E,3,162,81.0,79,83,N,N,N,N,629.0,5472.0,1306.0,275.0,19.0,125.0,516.0,1264.0,101.0,34.0,54.0,44.0,618.0,568.0,3.49,1.0,11.0,42.0,4391.0,1370.0,141.0,509.0,1303.0,104.0,158.0,0.983,New York Mets,Citi Field,2148808.0,94.0,95.0,NYM,NYN,NYN
2014,AL,OAK,OAK,W,2,162,81.0,88,74,N,Y,N,N,729.0,5545.0,1354.0,253.0,33.0,146.0,586.0,1104.0,83.0,20.0,49.0,43.0,572.0,524.0,3.22,7.0,13.0,31.0,4390.0,1269.0,147.0,406.0,1244.0,111.0,150.0,0.982,Oakland Athletics,O.co Coliseum,2003628.0,99.0,97.0,OAK,OAK,OAK
2014,NL,PHI,PHI,E,5,162,81.0,73,89,N,N,N,N,619.0,5603.0,1356.0,251.0,27.0,125.0,443.0,1306.0,109.0,26.0,55.0,37.0,687.0,619.0,3.79,2.0,12.0,40.0,4405.0,1396.0,134.0,521.0,1255.0,83.0,133.0,0.987,Philadelphia Phillies,Citizens Bank Park,2423852.0,100.0,101.0,PHI,PHI,PHI
2014,NL,PIT,PIT,C,2,162,81.0,88,74,N,Y,N,N,682.0,5536.0,1436.0,275.0,30.0,156.0,520.0,1244.0,104.0,47.0,78.0,35.0,631.0,562.0,3.47,2.0,7.0,48.0,4369.0,1341.0,128.0,499.0,1228.0,109.0,148.0,0.983,Pittsburgh Pirates,PNC Park,2442564.0,98.0,97.0,PIT,PIT,PIT
2014,NL,SDN,SDP,W,3,162,81.0,77,85,N,N,N,N,535.0,5294.0,1199.0,224.0,30.0,109.0,468.0,1294.0,91.0,34.0,41.0,45.0,577.0,523.0,3.27,4.0,10.0,41.0,4316.0,1300.0,117.0,462.0,1284.0,101.0,124.0,0.983,San Diego Padres,Petco Park,2195373.0,91.0,91.0,SDP,SDN,SDN
2014,AL,SEA,SEA,W,3,162,81.0,87,75,N,N,N,N,634.0,5450.0,1328.0,247.0,32.0,136.0,396.0,1232.0,96.0,42.0,60.0,34.0,554.0,512.0,3.17,2.0,9.0,51.0,4356.0,1240.0,137.0,463.0,1317.0,82.0,139.0,0.986,Seattle Mariners,Safeco Field,2064334.0,95.0,95.0,SEA,SEA,SEA
2014,NL,SFN,SFG,W,2,162,81.0,88,74,N,Y,Y,Y,665.0,5523.0,1407.0,257.0,42.0,132.0,427.0,1245.0,56.0,27.0,43.0,49.0,614.0,564.0,3.5,8.0,12.0,46.0,4347.0,1305.0,133.0,389.0,1211.0,100.0,155.0,0.984,San Francisco Giants,AT&T Park,3368697.0,95.0,95.0,SFG,SFN,SFN
2014,NL,SLN,STL,C,1,162,81.0,90,72,Y,N,N,N,619.0,5426.0,1371.0,275.0,21.0,105.0,471.0,1133.0,57.0,32.0,86.0,39.0,603.0,564.0,3.5,8.0,23.0,55.0,4346.0,1321.0,123.0,470.0,1221.0,88.0,145.0,0.985,St. Louis Cardinals,Busch Stadium III,3540649.0,101.0,100.0,STL,SLN,SLN
2014,AL,TBA,TBD,E,4,162,81.0,77,85,N,N,N,N,612.0,5516.0,1361.0,263.0,24.0,117.0,527.0,1124.0,63.0,27.0,66.0,53.0,625.0,579.0,3.56,3.0,22.0,37.0,4391.0,1292.0,145.0,482.0,1437.0,88.0,96.0,0.985,Tampa Bay Rays,Tropicana Field,1446464.0,97.0,97.0,TBR,TBA,TBA
2014,AL,TEX,TEX,W,5,162,81.0,67,95,N,N,N,N,637.0,5460.0,1400.0,260.0,28.0,111.0,417.0,1162.0,105.0,59.0,61.0,45.0,773.0,711.0,4.49,6.0,17.0,33.0,4279.0,1510.0,160.0,505.0,1110.0,106.0,155.0,0.982,Texas Rangers,Globe Life Park in Arlington,2718733.0,101.0,101.0,TEX,TEX,TEX
2014,AL,TOR,TOR,E,3,162,81.0,83,79,N,N,N,N,723.0,5549.0,1435.0,282.0,24.0,177.0,502.0,1151.0,78.0,21.0,41.0,40.0,686.0,642.0,4.0,3.0,16.0,45.0,4329.0,1400.0,151.0,490.0,1199.0,87.0,130.0,0.985,Toronto Blue Jays,Rogers Centre,2375525.0,102.0,102.0,TOR,TOR,TOR
2014,NL,WAS,WSN,E,1,162,81.0,96,66,Y,N,N,N,686.0,5542.0,1403.0,265.0,27.0,152.0,517.0,1304.0,101.0,23.0,56.0,41.0,555.0,495.0,3.03,5.0,19.0,45.0,4412.0,1351.0,110.0,352.0,1288.0,100.0,139.0,0.984,Washington Nationals,Nationals Park,2579389.0,104.0,102.0,WSN,MON,WAS
2015,NL,ARI,ARI,W,3,162,81.0,79,83,N,N,N,N,720.0,5649.0,1494.0,289.0,48.0,154.0,490.0,1312.0,132.0,44.0,33.0,57.0,713.0,659.0,4.04,1.0,12.0,44.0,4400.0,1450.0,182.0,500.0,1215.0,86.0,146.0,0.986,Arizona Diamondbacks,Chase Field,2080145.0,107.0,106.0,ARI,ARI,ARI
2015,NL,ATL,ATL,E,4,162,81.0,67,95,N,N,N,N,573.0,5420.0,1361.0,251.0,18.0,100.0,471.0,1107.0,69.0,33.0,44.0,31.0,760.0,698.0,4.41,3.0,10.0,44.0,4276.0,1462.0,170.0,550.0,1148.0,90.0,186.0,0.985,Atlanta Braves,Turner Field,2001392.0,97.0,97.0,ATL,ATL,ATL
2015,AL,BAL,BAL,E,3,162,78.0,81,81,N,N,N,N,713.0,5485.0,1370.0,246.0,20.0,217.0,418.0,1331.0,44.0,25.0,51.0,32.0,693.0,646.0,4.05,0.0,10.0,43.0,4304.0,1406.0,174.0,483.0,1233.0,77.0,134.0,0.987,Baltimore Orioles,Oriole Park at Camden Yards,2281202.0,103.0,104.0,BAL,BAL,BAL
2015,AL,BOS,BOS,E,5,162,81.0,78,84,N,N,N,N,748.0,5640.0,1495.0,294.0,33.0,161.0,478.0,1148.0,71.0,27.0,46.0,42.0,753.0,694.0,4.31,3.0,10.0,40.0,4345.0,1486.0,178.0,478.0,1218.0,97.0,148.0,0.984,Boston Red Sox,Fenway Park II,2880694.0,104.0,107.0,BOS,BOS,BOS
2015,AL,CHA,CHW,C,4,162,81.0,76,86,N,N,N,N,622.0,5533.0,1381.0,260.0,27.0,136.0,404.0,1231.0,68.0,42.0,65.0,37.0,701.0,643.0,3.98,7.0,9.0,37.0,4358.0,1443.0,162.0,474.0,1359.0,101.0,159.0,0.983,Chicago White Sox,U.S. Cellular Field,1755810.0,92.0,93.0,CHW,CHA,CHA
2015,NL,CHN,CHC,C,3,162,81.0,97,65,N,Y,N,N,689.0,5491.0,1341.0,272.0,30.0,171.0,567.0,1518.0,95.0,37.0,74.0,35.0,608.0,546.0,3.36,6.0,21.0,48.0,4384.0,1276.0,134.0,407.0,1431.0,111.0,120.0,0.982,Chicago Cubs,Wrigley Field,2919122.0,100.0,100.0,CHC,CHN,CHN
2015,NL,CIN,CIN,C,5,162,81.0,64,98,N,N,N,N,640.0,5571.0,1382.0,257.0,27.0,167.0,496.0,1255.0,134.0,38.0,42.0,40.0,754.0,700.0,4.33,2.0,8.0,35.0,4360.0,1436.0,177.0,544.0,1252.0,90.0,131.0,0.985,Cincinnati Reds,Great American Ball Park,2419506.0,101.0,101.0,CIN,CIN,CIN
2015,AL,CLE,CLE,C,3,161,80.0,81,80,N,N,N,N,669.0,5439.0,1395.0,303.0,29.0,141.0,533.0,1157.0,86.0,28.0,39.0,50.0,640.0,584.0,3.67,11.0,10.0,38.0,4298.0,1274.0,161.0,425.0,1407.0,79.0,136.0,0.987,Cleveland Indians,Progressive Field,1388905.0,106.0,106.0,CLE,CLE,CLE
2015,NL,COL,COL,W,5,162,81.0,68,94,N,N,N,N,737.0,5572.0,1479.0,274.0,49.0,186.0,388.0,1283.0,97.0,43.0,33.0,34.0,844.0,799.0,5.04,4.0,4.0,36.0,4279.0,1579.0,183.0,579.0,1112.0,95.0,171.0,0.985,Colorado Rockies,Coors Field,2506789.0,119.0,118.0,COL,COL,COL
2015,AL,DET,DET,C,5,161,81.0,74,87,N,N,N,N,689.0,5605.0,1515.0,289.0,49.0,151.0,455.0,1259.0,83.0,51.0,41.0,35.0,803.0,746.0,4.64,7.0,12.0,35.0,4341.0,1491.0,193.0,489.0,1100.0,86.0,165.0,0.986,Detroit Tigers,Comerica Park,2726048.0,97.0,98.0,DET,DET,DET
2015,AL,HOU,HOU,W,2,162,81.0,86,76,N,Y,N,N,729.0,5459.0,1363.0,278.0,26.0,230.0,486.0,1392.0,121.0,48.0,56.0,43.0,618.0,572.0,3.57,5.0,13.0,39.0,4323.0,1308.0,148.0,423.0,1280.0,85.0,131.0,0.986,Houston Astros,Minute Maid Park,2153585.0,97.0,99.0,HOU,HOU,HOU
2015,AL,KCA,KCR,C,1,162,81.0,95,67,Y,N,Y,Y,724.0,5575.0,1497.0,300.0,42.0,139.0,383.0,973.0,104.0,34.0,77.0,47.0,641.0,601.0,3.73,2.0,8.0,56.0,4356.0,1372.0,155.0,489.0,1160.0,88.0,138.0,0.985,Kansas City Royals,Kauffman Stadium,2708549.0,104.0,103.0,KCR,KCA,KCA
2015,AL,LAA,ANA,W,3,162,81.0,85,77,N,N,N,N,661.0,5417.0,1331.0,243.0,21.0,176.0,435.0,1150.0,52.0,34.0,58.0,40.0,675.0,630.0,3.94,2.0,12.0,46.0,4322.0,1355.0,166.0,466.0,1221.0,93.0,108.0,0.984,Los Angeles Angels of Anaheim,Angel Stadium of Anaheim,3012765.0,94.0,95.0,LAA,ANA,ANA
2015,NL,LAN,LAD,W,1,162,81.0,92,70,Y,N,N,N,667.0,5385.0,1346.0,263.0,26.0,187.0,563.0,1258.0,59.0,34.0,60.0,30.0,595.0,553.0,3.44,6.0,21.0,47.0,4337.0,1317.0,145.0,395.0,1396.0,75.0,133.0,0.988,Los Angeles Dodgers,Dodger Stadium,3764815.0,101.0,98.0,LAD,LAN,LAN
2015,NL,MIA,FLA,E,3,162,81.0,71,91,N,N,N,N,613.0,5463.0,1420.0,236.0,40.0,120.0,375.0,1150.0,112.0,45.0,39.0,40.0,678.0,638.0,4.02,0.0,12.0,35.0,4281.0,1374.0,141.0,508.0,1152.0,77.0,162.0,0.987,Miami Marlins,Marlins Park,1752235.0,98.0,97.0,MIA,FLO,MIA
2015,NL,MIL,MIL,C,4,162,81.0,68,94,N,N,N,N,655.0,5480.0,1378.0,274.0,34.0,145.0,412.0,1299.0,84.0,29.0,41.0,34.0,737.0,682.0,4.28,1.0,7.0,40.0,4305.0,1432.0,176.0,517.0,1260.0,116.0,164.0,0.981,Milwaukee Brewers,Miller Park,2542558.0,101.0,101.0,MIL,ML4,MIL
2015,AL,MIN,MIN,C,2,162,81.0,83,79,N,N,N,N,696.0,5467.0,1349.0,277.0,44.0,156.0,439.0,1264.0,70.0,38.0,40.0,41.0,700.0,653.0,4.07,2.0,12.0,45.0,4329.0,1506.0,163.0,413.0,1046.0,86.0,150.0,0.986,Minnesota Twins,Target Field,2220054.0,103.0,104.0,MIN,MIN,MIN
2015,AL,NYA,NYY,E,2,162,81.0,87,75,N,Y,N,N,764.0,5567.0,1397.0,272.0,19.0,212.0,554.0,1227.0,63.0,25.0,63.0,54.0,698.0,652.0,4.03,3.0,4.0,48.0,4373.0,1416.0,182.0,474.0,1370.0,93.0,135.0,0.985,New York Yankees,Yankee Stadium III,3193795.0,99.0,101.0,NYY,NYA,NYA
2015,NL,NYN,NYM,E,1,162,81.0,90,72,Y,N,Y,N,683.0,5527.0,1351.0,295.0,17.0,177.0,488.0,1290.0,51.0,25.0,68.0,32.0,613.0,557.0,3.43,1.0,14.0,50.0,4388.0,1341.0,152.0,383.0,1337.0,88.0,131.0,0.986,New York Mets,Citi Field,2569753.0,94.0,92.0,NYM,NYN,NYN
2015,AL,OAK,OAK,W,5,162,81.0,68,94,N,N,N,N,694.0,5600.0,1405.0,277.0,46.0,146.0,475.0,1119.0,78.0,29.0,40.0,38.0,729.0,664.0,4.14,5.0,15.0,28.0,4334.0,1402.0,172.0,474.0,1179.0,126.0,154.0,0.979,Oakland Athletics,O.co Coliseum,1768175.0,97.0,98.0,OAK,OAK,OAK
2015,NL,PHI,PHI,E,5,162,81.0,63,99,N,N,N,N,626.0,5529.0,1374.0,272.0,37.0,130.0,387.0,1274.0,88.0,32.0,54.0,29.0,809.0,749.0,4.69,1.0,7.0,35.0,4309.0,1592.0,191.0,488.0,1153.0,117.0,145.0,0.981,Philadelphia Phillies,Citizens Bank Park,1831080.0,98.0,98.0,PHI,PHI,PHI
2015,NL,PIT,PIT,C,2,162,81.0,98,64,N,Y,N,N,697.0,5631.0,1462.0,292.0,27.0,140.0,461.0,1322.0,98.0,45.0,89.0,41.0,596.0,532.0,3.21,0.0,13.0,54.0,4469.0,1392.0,110.0,453.0,1338.0,122.0,177.0,0.981,Pittsburgh Pirates,PNC Park,2498596.0,99.0,97.0,PIT,PIT,PIT
2015,NL,SDN,SDP,W,4,162,81.0,74,88,N,N,N,N,650.0,5457.0,1324.0,260.0,36.0,148.0,426.0,1327.0,82.0,29.0,40.0,42.0,731.0,655.0,4.09,1.0,6.0,41.0,4321.0,1371.0,171.0,516.0,1393.0,92.0,138.0,0.985,San Diego Padres,Petco Park,2459742.0,98.0,97.0,SDP,SDN,SDN
2015,AL,SEA,SEA,W,4,162,81.0,76,86,N,N,N,N,656.0,5544.0,1379.0,262.0,22.0,198.0,478.0,1336.0,69.0,45.0,36.0,35.0,726.0,677.0,4.16,6.0,12.0,45.0,4389.0,1430.0,181.0,491.0,1283.0,94.0,155.0,0.985,Seattle Mariners,Safeco Field,2193581.0,92.0,94.0,SEA,SEA,SEA
2015,NL,SFN,SFG,W,2,162,81.0,84,78,N,N,N,N,696.0,5565.0,1486.0,288.0,39.0,136.0,457.0,1159.0,93.0,36.0,49.0,37.0,627.0,597.0,3.72,7.0,18.0,41.0,4333.0,1344.0,155.0,431.0,1165.0,78.0,145.0,0.987,San Francisco Giants,AT&T Park,3375882.0,99.0,97.0,SFG,SFN,SFN
2015,NL,SLN,STL,C,1,162,81.0,100,62,Y,N,N,N,647.0,5484.0,1386.0,288.0,39.0,137.0,506.0,1267.0,69.0,38.0,66.0,42.0,525.0,478.0,2.94,1.0,15.0,62.0,4394.0,1359.0,123.0,477.0,1329.0,96.0,159.0,0.984,St. Louis Cardinals,Busch Stadium III,3520889.0,102.0,101.0,STL,SLN,SLN
2015,AL,TBA,TBD,E,4,162,84.0,80,82,N,N,N,N,644.0,5485.0,1383.0,278.0,32.0,167.0,436.0,1310.0,87.0,45.0,84.0,47.0,642.0,604.0,3.74,1.0,12.0,60.0,4360.0,1314.0,175.0,477.0,1355.0,95.0,118.0,0.984,Tampa Bay Rays,Tropicana Field,1287054.0,100.0,102.0,TBR,TBA,TBA
2015,AL,TEX,TEX,W,1,162,81.0,88,74,Y,N,N,N,751.0,5511.0,1419.0,279.0,32.0,172.0,503.0,1233.0,101.0,39.0,76.0,54.0,733.0,680.0,4.24,5.0,9.0,45.0,4328.0,1459.0,171.0,508.0,1095.0,119.0,169.0,0.981,Texas Rangers,Globe Life Park in Arlington,2491875.0,102.0,105.0,TEX,TEX,TEX
2015,AL,TOR,TOR,E,1,162,81.0,93,69,Y,N,N,N,891.0,5509.0,1480.0,308.0,17.0,232.0,570.0,1151.0,88.0,23.0,54.0,62.0,670.0,609.0,3.8,7.0,10.0,34.0,4323.0,1353.0,173.0,397.0,1117.0,88.0,145.0,0.985,Toronto Blue Jays,Rogers Centre,2794891.0,99.0,98.0,TOR,TOR,TOR
2015,NL,WAS,WSN,E,2,162,81.0,83,79,N,N,N,N,703.0,5428.0,1363.0,265.0,13.0,177.0,539.0,1344.0,57.0,23.0,44.0,51.0,635.0,577.0,3.62,4.0,13.0,41.0,4304.0,1366.0,145.0,364.0,1342.0,90.0,125.0,0.985,Washington Nationals,Nationals Park,2619843.0,102.0,99.0,WSN,MON,WAS
2016,NL,ARI,ARI,W,4,162,81.0,69,93,N,N,N,N,752.0,5665.0,1479.0,285.0,56.0,190.0,463.0,1427.0,137.0,31.0,50.0,38.0,890.0,821.0,5.09,2.0,7.0,31.0,4354.0,1563.0,202.0,603.0,1318.0,101.0,143.0,0.983,Arizona Diamondbacks,Chase Field,2036216.0,107.0,108.0,ARI,ARI,ARI
2016,NL,ATL,ATL,E,5,161,81.0,68,93,N,N,N,N,649.0,5514.0,1404.0,295.0,27.0,122.0,502.0,1240.0,75.0,34.0,59.0,52.0,779.0,725.0,4.51,1.0,9.0,39.0,4343.0,1414.0,177.0,547.0,1227.0,101.0,134.0,0.983,Atlanta Braves,Turner Field,2020914.0,102.0,104.0,ATL,ATL,ATL
2016,AL,BAL,BAL,E,2,162,81.0,89,73,N,Y,N,N,744.0,5524.0,1413.0,265.0,6.0,253.0,468.0,1324.0,19.0,13.0,44.0,36.0,715.0,671.0,4.22,1.0,9.0,54.0,4296.0,1408.0,183.0,545.0,1248.0,80.0,165.0,0.987,Baltimore Orioles,Oriole Park at Camden Yards,2172344.0,101.0,101.0,BAL,BAL,BAL
2016,AL,BOS,BOS,E,1,162,81.0,93,69,Y,N,N,N,878.0,5670.0,1598.0,343.0,25.0,208.0,558.0,1160.0,83.0,24.0,43.0,40.0,694.0,640.0,4.0,9.0,5.0,43.0,4319.0,1342.0,176.0,490.0,1362.0,75.0,139.0,0.987,Boston Red Sox,Fenway Park II,2955434.0,108.0,106.0,BOS,BOS,BOS
2016,AL,CHA,CHW,C,4,162,81.0,78,84,N,N,N,N,686.0,5550.0,1428.0,277.0,33.0,168.0,455.0,1285.0,77.0,36.0,53.0,44.0,715.0,659.0,4.1,7.0,10.0,43.0,4340.0,1422.0,185.0,521.0,1270.0,95.0,148.0,0.984,Chicago White Sox,U.S. Cellular Field,1746293.0,96.0,97.0,CHW,CHA,CHA
2016,NL,CHN,CHC,C,1,162,81.0,103,58,Y,N,Y,Y,808.0,5503.0,1409.0,293.0,30.0,199.0,656.0,1339.0,66.0,34.0,96.0,37.0,556.0,511.0,3.15,5.0,15.0,38.0,4379.0,1125.0,163.0,495.0,1441.0,101.0,116.0,0.983,Chicago Cubs,Wrigley Field,3232420.0,95.0,93.0,CHC,CHN,CHN
2016,NL,CIN,CIN,C,5,162,81.0,68,94,N,N,N,N,716.0,5487.0,1403.0,277.0,33.0,164.0,452.0,1284.0,139.0,51.0,52.0,44.0,854.0,786.0,4.91,2.0,8.0,28.0,4326.0,1457.0,258.0,636.0,1241.0,102.0,142.0,0.983,Cincinnati Reds,Great American Ball Park,1894085.0,99.0,100.0,CIN,CIN,CIN
2016,AL,CLE,CLE,C,1,161,80.0,94,67,Y,N,Y,N,777.0,5484.0,1435.0,308.0,29.0,185.0,531.0,1246.0,134.0,31.0,49.0,60.0,676.0,617.0,3.84,5.0,11.0,37.0,4335.0,1330.0,186.0,461.0,1398.0,89.0,126.0,0.985,Cleveland Indians,Progressive Field,1591667.0,110.0,109.0,CLE,CLE,CLE
2016,NL,COL,COL,W,3,162,81.0,75,87,N,N,N,N,845.0,5614.0,1544.0,318.0,47.0,204.0,494.0,1330.0,66.0,39.0,40.0,34.0,860.0,779.0,4.91,2.0,9.0,37.0,4288.0,1532.0,181.0,547.0,1223.0,110.0,148.0,0.982,Colorado Rockies,Coors Field,2602524.0,117.0,117.0,COL,COL,COL
2016,AL,DET,DET,C,2,161,81.0,86,75,N,N,N,N,750.0,5526.0,1476.0,252.0,30.0,211.0,493.0,1303.0,58.0,29.0,53.0,38.0,721.0,672.0,4.24,3.0,8.0,47.0,4284.0,1417.0,182.0,462.0,1232.0,75.0,148.0,0.987,Detroit Tigers,Comerica Park,2493859.0,101.0,101.0,DET,DET,DET
2016,AL,HOU,HOU,W,3,162,81.0,84,78,N,N,N,N,724.0,5545.0,1367.0,291.0,29.0,198.0,554.0,1452.0,102.0,44.0,47.0,31.0,701.0,663.0,4.06,2.0,8.0,44.0,4404.0,1441.0,181.0,453.0,1396.0,77.0,135.0,0.987,Houston Astros,Minute Maid Park,2306623.0,90.0,89.0,HOU,HOU,HOU
2016,AL,KCA,KCR,C,3,162,81.0,81,81,N,N,N,N,675.0,5552.0,1450.0,264.0,33.0,147.0,382.0,1224.0,121.0,35.0,45.0,34.0,712.0,674.0,4.21,3.0,7.0,41.0,4320.0,1433.0,206.0,517.0,1287.0,94.0,134.0,0.984,Kansas City Royals,Kauffman Stadium,2557712.0,105.0,106.0,KCR,KCA,KCA
2016,AL,LAA,ANA,W,4,162,81.0,74,88,N,N,N,N,717.0,5431.0,1410.0,279.0,20.0,156.0,471.0,991.0,73.0,34.0,51.0,49.0,727.0,676.0,4.28,4.0,12.0,29.0,4264.0,1480.0,208.0,498.0,1136.0,97.0,148.0,0.983,Los Angeles Angels of Anaheim,Angel Stadium of Anaheim,3016142.0,95.0,95.0,LAA,ANA,ANA
2016,NL,LAN,LAD,W,1,162,81.0,91,71,Y,N,N,N,725.0,5518.0,1376.0,272.0,21.0,189.0,525.0,1321.0,45.0,26.0,58.0,32.0,638.0,598.0,3.7,3.0,15.0,47.0,4359.0,1266.0,165.0,464.0,1510.0,80.0,101.0,0.986,Los Angeles Dodgers,Dodger Stadium,3703312.0,93.0,92.0,LAD,LAN,LAN
2016,NL,MIA,FLA,E,3,161,80.0,79,82,N,N,N,N,655.0,5547.0,1460.0,259.0,42.0,128.0,447.0,1213.0,71.0,28.0,54.0,38.0,682.0,646.0,4.05,0.0,12.0,55.0,4305.0,1358.0,152.0,595.0,1379.0,86.0,137.0,0.985,Miami Marlins,Marlins Park,1712417.0,93.0,93.0,MIA,FLO,MIA
2016,NL,MIL,MIL,C,4,162,81.0,73,89,N,N,N,N,671.0,5330.0,1299.0,249.0,19.0,194.0,599.0,1543.0,181.0,56.0,37.0,39.0,733.0,650.0,4.08,0.0,7.0,46.0,4303.0,1450.0,178.0,532.0,1175.0,136.0,145.0,0.978,Milwaukee Brewers,Miller Park,2314614.0,99.0,99.0,MIL,ML4,MIL
2016,AL,MIN,MIN,C,5,162,81.0,59,103,N,N,N,N,722.0,5618.0,1409.0,288.0,35.0,200.0,513.0,1426.0,91.0,32.0,44.0,43.0,889.0,814.0,5.08,4.0,3.0,26.0,4329.0,1617.0,221.0,479.0,1191.0,126.0,172.0,0.979,Minnesota Twins,Target Field,1963912.0,96.0,98.0,MIN,MIN,MIN
2016,AL,NYA,NYY,E,4,162,81.0,84,78,N,N,N,N,680.0,5458.0,1378.0,245.0,20.0,183.0,475.0,1188.0,72.0,22.0,42.0,49.0,702.0,660.0,4.16,0.0,10.0,48.0,4285.0,1358.0,214.0,444.0,1393.0,86.0,116.0,0.985,New York Yankees,Yankee Stadium III,3063405.0,105.0,105.0,NYY,NYA,NYA
2016,NL,NYN,NYM,E,2,162,81.0,87,75,N,Y,N,N,671.0,5459.0,1342.0,240.0,19.0,218.0,517.0,1302.0,42.0,18.0,62.0,41.0,617.0,574.0,3.57,1.0,13.0,55.0,4341.0,1397.0,152.0,439.0,1396.0,90.0,138.0,0.985,New York Mets,Citi Field,2789602.0,102.0,102.0,NYM,NYN,NYN
2016,AL,OAK,OAK,W,5,162,81.0,69,93,N,N,N,N,653.0,5500.0,1352.0,270.0,21.0,169.0,442.0,1145.0,50.0,23.0,33.0,34.0,761.0,718.0,4.51,2.0,7.0,42.0,4300.0,1459.0,185.0,464.0,1188.0,97.0,152.0,0.984,Oakland Athletics,O.co Coliseum,1521506.0,90.0,91.0,OAK,OAK,OAK
2016,NL,PHI,PHI,E,4,162,81.0,71,91,N,N,N,N,610.0,5434.0,1305.0,231.0,35.0,161.0,424.0,1376.0,96.0,45.0,58.0,30.0,796.0,739.0,4.63,4.0,12.0,43.0,4311.0,1468.0,213.0,466.0,1299.0,97.0,142.0,0.984,Philadelphia Phillies,Citizens Bank Park,1915144.0,91.0,93.0,PHI,PHI,PHI
2016,NL,PIT,PIT,C,3,162,81.0,78,83,N,N,N,N,729.0,5542.0,1426.0,277.0,32.0,153.0,561.0,1334.0,110.0,45.0,81.0,36.0,758.0,679.0,4.21,5.0,5.0,51.0,4352.0,1490.0,180.0,533.0,1232.0,111.0,172.0,0.982,Pittsburgh Pirates,PNC Park,2249201.0,100.0,101.0,PIT,PIT,PIT
2016,NL,SDN,SDP,W,5,162,81.0,68,94,N,N,N,N,686.0,5419.0,1275.0,257.0,26.0,177.0,449.0,1500.0,125.0,45.0,58.0,36.0,770.0,708.0,4.43,1.0,9.0,35.0,4320.0,1425.0,183.0,569.0,1222.0,109.0,165.0,0.982,San Diego Padres,Petco Park,2351422.0,99.0,99.0,SDP,SDN,SDN
2016,AL,SEA,SEA,W,2,162,81.0,86,76,N,N,N,N,768.0,5583.0,1446.0,251.0,17.0,223.0,506.0,1288.0,56.0,28.0,72.0,41.0,707.0,647.0,4.0,2.0,8.0,49.0,4371.0,1410.0,213.0,460.0,1318.0,89.0,158.0,0.985,Seattle Mariners,Safeco Field,2267928.0,98.0,97.0,SEA,SEA,SEA
2016,NL,SFN,SFG,W,2,162,81.0,87,75,N,Y,N,N,715.0,5565.0,1437.0,280.0,54.0,130.0,572.0,1107.0,79.0,36.0,42.0,46.0,631.0,593.0,3.65,10.0,11.0,43.0,4381.0,1334.0,158.0,439.0,1309.0,72.0,136.0,0.988,San Francisco Giants,AT&T Park,3365256.0,103.0,102.0,SFG,SFN,SFN
2016,NL,SLN,STL,C,2,162,81.0,86,76,N,N,N,N,779.0,5548.0,1415.0,299.0,32.0,225.0,526.0,1318.0,35.0,26.0,70.0,41.0,712.0,656.0,4.08,2.0,10.0,38.0,4345.0,1432.0,159.0,475.0,1290.0,107.0,169.0,0.983,St. Louis Cardinals,Busch Stadium III,3444490.0,100.0,99.0,STL,SLN,SLN
2016,AL,TBA,TBD,E,5,162,81.0,68,94,N,N,N,N,672.0,5481.0,1333.0,288.0,32.0,216.0,449.0,1482.0,60.0,37.0,69.0,28.0,713.0,665.0,4.2,1.0,8.0,42.0,4279.0,1395.0,210.0,491.0,1357.0,94.0,129.0,0.984,Tampa Bay Rays,Tropicana Field,1286163.0,93.0,94.0,TBR,TBA,TBA
2016,AL,TEX,TEX,W,1,162,81.0,95,67,Y,N,N,N,765.0,5525.0,1446.0,257.0,23.0,215.0,436.0,1220.0,99.0,36.0,70.0,40.0,757.0,700.0,4.37,1.0,6.0,56.0,4329.0,1441.0,201.0,534.0,1154.0,97.0,190.0,0.984,Texas Rangers,Globe Life Park in Arlington,2710402.0,106.0,105.0,TEX,TEX,TEX
2016,AL,TOR,TOR,E,2,162,81.0,89,73,N,Y,N,N,759.0,5479.0,1358.0,276.0,18.0,221.0,632.0,1362.0,54.0,24.0,55.0,40.0,666.0,613.0,3.78,0.0,10.0,43.0,4378.0,1340.0,183.0,461.0,1314.0,88.0,144.0,0.986,Toronto Blue Jays,Rogers Centre,3392099.0,111.0,110.0,TOR,TOR,TOR
2016,NL,WAS,WSN,E,1,162,81.0,95,67,Y,N,N,N,763.0,5490.0,1403.0,268.0,29.0,203.0,536.0,1252.0,121.0,39.0,64.0,63.0,612.0,570.0,3.51,1.0,12.0,46.0,4379.0,1272.0,155.0,468.0,1476.0,73.0,142.0,0.988,Washington Nationals,Nationals Park,2481938.0,100.0,98.0,WSN,MON,WAS
2017,NL,ARI,ARI,W,2,162,81.0,93,69,N,Y,N,N,812.0,5525.0,1405.0,314.0,39.0,220.0,578.0,1456.0,103.0,30.0,54.0,27.0,659.0,586.0,3.66,2.0,11.0,43.0,4323.0,1309.0,171.0,516.0,1482.0,108.0,140.0,0.982,Arizona Diamondbacks,Chase Field,2134375.0,110.0,110.0,ARI,ARI,ARI
2017,NL,ATL,ATL,E,3,162,81.0,72,90,N,N,N,N,732.0,5584.0,1467.0,289.0,26.0,165.0,474.0,1184.0,77.0,31.0,66.0,32.0,821.0,756.0,4.72,0.0,6.0,36.0,4324.0,1463.0,192.0,584.0,1258.0,97.0,137.0,0.984,Atlanta Braves,SunTrust Park,2505252.0,98.0,98.0,ATL,ATL,ATL
2017,AL,BAL,BAL,E,5,162,81.0,75,87,N,N,N,N,743.0,5650.0,1469.0,269.0,12.0,232.0,392.0,1412.0,32.0,13.0,50.0,37.0,841.0,795.0,4.97,1.0,10.0,35.0,4323.0,1505.0,242.0,579.0,1233.0,94.0,175.0,0.984,Baltimore Orioles,Oriole Park at Camden Yards,2028424.0,98.0,99.0,BAL,BAL,BAL
2017,AL,BOS,BOS,E,1,162,81.0,93,69,Y,N,N,N,785.0,5669.0,1461.0,302.0,19.0,168.0,571.0,1224.0,106.0,31.0,53.0,36.0,668.0,610.0,3.7,5.0,11.0,39.0,4447.0,1384.0,195.0,465.0,1580.0,107.0,126.0,0.982,Boston Red Sox,Fenway Park II,2917678.0,105.0,104.0,BOS,BOS,BOS
2017,AL,CHA,CHW,C,4,162,81.0,67,95,N,N,N,N,706.0,5513.0,1412.0,256.0,37.0,186.0,401.0,1397.0,71.0,31.0,76.0,33.0,820.0,755.0,4.78,0.0,3.0,25.0,4265.0,1384.0,242.0,632.0,1193.0,114.0,157.0,0.981,Chicago White Sox,Guaranteed Rate Field,1629470.0,98.0,98.0,CHW,CHA,CHA
2017,NL,CHN,CHC,C,1,162,81.0,92,70,Y,N,N,N,822.0,5496.0,1402.0,274.0,29.0,223.0,622.0,1401.0,62.0,31.0,82.0,32.0,695.0,636.0,3.95,2.0,8.0,38.0,4342.0,1294.0,194.0,554.0,1439.0,95.0,139.0,0.984,Chicago Cubs,Wrigley Field,3199562.0,102.0,100.0,CHC,CHN,CHN
2017,NL,CIN,CIN,C,5,162,81.0,68,94,N,N,N,N,753.0,5484.0,1390.0,249.0,38.0,219.0,565.0,1329.0,120.0,39.0,72.0,42.0,869.0,821.0,5.17,2.0,8.0,33.0,4290.0,1442.0,248.0,631.0,1300.0,81.0,132.0,0.986,Cincinnati Reds,Great American Ball Park,1836917.0,100.0,101.0,CIN,CIN,CIN
2017,AL,CLE,CLE,C,1,162,81.0,102,60,Y,N,N,N,818.0,5511.0,1449.0,333.0,29.0,212.0,604.0,1153.0,88.0,23.0,50.0,45.0,564.0,529.0,3.3,7.0,19.0,37.0,4322.0,1267.0,163.0,406.0,1614.0,76.0,167.0,0.987,Cleveland Indians,Progressive Field,2048138.0,106.0,104.0,CLE,CLE,CLE
2017,NL,COL,COL,W,3,162,81.0,87,75,N,Y,N,N,824.0,5534.0,1510.0,293.0,38.0,192.0,519.0,1408.0,59.0,34.0,44.0,41.0,757.0,721.0,4.51,1.0,9.0,47.0,4313.0,1453.0,190.0,532.0,1270.0,77.0,168.0,0.987,Colorado Rockies,Coors Field,2953650.0,115.0,115.0,COL,COL,COL
2017,AL,DET,DET,C,5,162,81.0,64,98,N,N,N,N,735.0,5556.0,1435.0,289.0,35.0,187.0,503.0,1313.0,65.0,34.0,52.0,27.0,894.0,846.0,5.36,2.0,4.0,32.0,4261.0,1587.0,218.0,538.0,1202.0,84.0,146.0,0.985,Detroit Tigers,Comerica Park,2321599.0,103.0,104.0,DET,DET,DET
2017,AL,HOU,HOU,W,1,162,81.0,101,61,Y,N,Y,Y,896.0,5611.0,1581.0,346.0,20.0,238.0,509.0,1087.0,98.0,42.0,70.0,61.0,700.0,662.0,4.12,1.0,9.0,45.0,4338.0,1314.0,192.0,522.0,1593.0,99.0,153.0,0.983,Houston Astros,Minute Maid Park,2403671.0,91.0,90.0,HOU,HOU,HOU
2017,AL,KCA,KCR,C,3,162,81.0,80,82,N,N,N,N,702.0,5536.0,1436.0,260.0,24.0,193.0,390.0,1166.0,91.0,31.0,45.0,37.0,791.0,737.0,4.61,1.0,6.0,39.0,4313.0,1480.0,196.0,519.0,1216.0,79.0,145.0,0.987,Kansas City Royals,Kauffman Stadium,2220370.0,102.0,102.0,KCR,KCA,KCA
2017,AL,LAA,ANA,W,2,162,81.0,80,82,N,N,N,N,710.0,5415.0,1314.0,251.0,14.0,186.0,523.0,1198.0,136.0,44.0,70.0,46.0,709.0,672.0,4.2,1.0,10.0,43.0,4322.0,1373.0,224.0,470.0,1312.0,80.0,135.0,0.986,Los Angeles Angels of Anaheim,Angel Stadium of Anaheim,3019585.0,96.0,96.0,LAA,ANA,ANA
2017,NL,LAN,LAD,W,1,162,81.0,104,58,Y,N,Y,N,770.0,5408.0,1347.0,312.0,20.0,221.0,649.0,1380.0,77.0,28.0,64.0,38.0,580.0,543.0,3.38,2.0,16.0,51.0,4334.0,1226.0,184.0,442.0,1549.0,88.0,131.0,0.985,Los Angeles Dodgers,Dodger Stadium,3765856.0,97.0,96.0,LAD,LAN,LAN
2017,NL,MIA,FLA,E,2,162,78.0,77,85,N,N,N,N,778.0,5602.0,1497.0,271.0,31.0,194.0,486.0,1282.0,91.0,30.0,67.0,41.0,822.0,772.0,4.82,1.0,7.0,34.0,4328.0,1450.0,193.0,627.0,1202.0,73.0,156.0,0.988,Miami Marlins,Marlins Park,1583014.0,93.0,93.0,MIA,FLO,MIA
2017,NL,MIL,MIL,C,2,162,84.0,86,76,N,N,N,N,732.0,5467.0,1363.0,267.0,22.0,224.0,547.0,1571.0,128.0,41.0,53.0,26.0,697.0,642.0,4.0,1.0,12.0,54.0,4337.0,1381.0,185.0,553.0,1346.0,115.0,164.0,0.981,Milwaukee Brewers,Miller Park,2627705.0,101.0,101.0,MIL,ML4,MIL
2017,AL,MIN,MIN,C,2,162,81.0,85,77,N,Y,N,N,815.0,5557.0,1444.0,286.0,31.0,206.0,593.0,1342.0,95.0,28.0,46.0,39.0,788.0,732.0,4.59,6.0,11.0,42.0,4308.0,1487.0,224.0,483.0,1166.0,78.0,143.0,0.987,Minnesota Twins,Target Field,2051279.0,99.0,100.0,MIN,MIN,MIN
2017,AL,NYA,NYY,E,2,162,81.0,91,71,N,Y,N,N,858.0,5594.0,1463.0,266.0,23.0,241.0,616.0,1386.0,90.0,22.0,64.0,56.0,660.0,599.0,3.72,2.0,7.0,36.0,4346.0,1248.0,192.0,504.0,1560.0,95.0,102.0,0.984,New York Yankees,Yankee Stadium III,3146966.0,104.0,103.0,NYY,NYA,NYA
2017,NL,NYN,NYM,E,4,162,81.0,70,92,N,N,N,N,735.0,5510.0,1379.0,286.0,28.0,224.0,529.0,1291.0,58.0,23.0,57.0,37.0,863.0,799.0,5.01,2.0,5.0,34.0,4304.0,1538.0,220.0,593.0,1374.0,92.0,125.0,0.984,New York Mets,Citi Field,2460622.0,97.0,97.0,NYM,NYN,NYN
2017,AL,OAK,OAK,W,5,162,81.0,75,87,N,N,N,N,739.0,5464.0,1344.0,305.0,15.0,234.0,565.0,1491.0,57.0,22.0,43.0,40.0,826.0,743.0,4.67,1.0,6.0,35.0,4293.0,1444.0,210.0,502.0,1202.0,121.0,162.0,0.98,Oakland Athletics,O.co Coliseum,1475721.0,96.0,97.0,OAK,OAK,OAK
2017,NL,PHI,PHI,E,5,162,81.0,66,96,N,N,N,N,690.0,5535.0,1382.0,287.0,36.0,174.0,494.0,1417.0,59.0,25.0,47.0,36.0,782.0,729.0,4.55,1.0,7.0,33.0,4323.0,1471.0,221.0,527.0,1309.0,82.0,145.0,0.986,Philadelphia Phillies,Citizens Bank Park,1905354.0,96.0,97.0,PHI,PHI,PHI
2017,NL,PIT,PIT,C,4,162,81.0,75,87,N,N,N,N,668.0,5458.0,1331.0,249.0,36.0,151.0,519.0,1213.0,67.0,36.0,88.0,28.0,731.0,676.0,4.22,2.0,12.0,36.0,4322.0,1464.0,182.0,511.0,1262.0,99.0,156.0,0.984,Pittsburgh Pirates,PNC Park,1919447.0,99.0,99.0,PIT,PIT,PIT
2017,NL,SDN,SDP,W,4,162,81.0,71,91,N,N,N,N,604.0,5356.0,1251.0,227.0,31.0,189.0,460.0,1499.0,89.0,33.0,53.0,33.0,816.0,742.0,4.67,2.0,12.0,45.0,4292.0,1417.0,226.0,554.0,1325.0,113.0,177.0,0.981,San Diego Padres,Petco Park,2138491.0,94.0,95.0,SDP,SDN,SDN
2017,AL,SEA,SEA,W,3,162,81.0,78,84,N,N,N,N,750.0,5551.0,1436.0,281.0,17.0,200.0,487.0,1267.0,89.0,35.0,78.0,35.0,772.0,713.0,4.46,1.0,9.0,39.0,4321.0,1399.0,237.0,490.0,1244.0,103.0,147.0,0.982,Seattle Mariners,Safeco Field,2135445.0,97.0,97.0,SEA,SEA,SEA
2017,NL,SFN,SFG,W,5,162,81.0,64,98,N,N,N,N,639.0,5551.0,1382.0,290.0,28.0,128.0,467.0,1204.0,76.0,34.0,36.0,52.0,776.0,726.0,4.5,3.0,5.0,32.0,4356.0,1515.0,182.0,496.0,1234.0,87.0,127.0,0.985,San Francisco Giants,AT&T Park,3303652.0,96.0,96.0,SFG,SFN,SFN
2017,NL,SLN,STL,C,3,162,81.0,83,79,N,N,N,N,761.0,5470.0,1402.0,284.0,28.0,196.0,593.0,1348.0,81.0,31.0,65.0,44.0,705.0,646.0,4.01,3.0,12.0,43.0,4351.0,1393.0,183.0,493.0,1351.0,94.0,164.0,0.984,St. Louis Cardinals,Busch Stadium III,3447937.0,98.0,98.0,STL,SLN,SLN
2017,AL,TBA,TBD,E,3,162,81.0,80,82,N,N,N,N,694.0,5478.0,1340.0,226.0,32.0,228.0,545.0,1538.0,88.0,34.0,55.0,48.0,704.0,638.0,3.97,0.0,9.0,53.0,4335.0,1324.0,193.0,503.0,1352.0,100.0,129.0,0.983,Tampa Bay Rays,Tropicana Field,1253619.0,94.0,94.0,TBR,TBA,TBA
2017,AL,TEX,TEX,W,4,162,81.0,78,84,N,N,N,N,799.0,5430.0,1326.0,255.0,21.0,237.0,544.0,1493.0,113.0,44.0,81.0,39.0,816.0,742.0,4.66,2.0,6.0,29.0,4303.0,1443.0,214.0,559.0,1107.0,108.0,173.0,0.982,Texas Rangers,Globe Life Park in Arlington,2507760.0,107.0,107.0,TEX,TEX,TEX
2017,AL,TOR,TOR,E,4,162,81.0,76,86,N,N,N,N,693.0,5499.0,1320.0,269.0,5.0,222.0,542.0,1327.0,53.0,24.0,51.0,35.0,784.0,720.0,4.42,2.0,6.0,45.0,4395.0,1460.0,203.0,549.0,1372.0,92.0,145.0,0.985,Toronto Blue Jays,Rogers Centre,3203886.0,105.0,105.0,TOR,TOR,TOR
2017,NL,WAS,WSN,E,1,162,81.0,97,65,Y,N,N,N,819.0,5553.0,1477.0,311.0,31.0,215.0,542.0,1327.0,108.0,30.0,31.0,45.0,672.0,623.0,3.88,3.0,5.0,46.0,4340.0,1300.0,189.0,495.0,1457.0,86.0,139.0,0.985,Washington Nationals,Nationals Park,2524980.0,103.0,102.0,WSN,MON,WAS
2018,NL,ARI,ARI,W,3,162,81.0,82,80,N,N,N,N,693.0,5460.0,1283.0,259.0,50.0,176.0,560.0,1460.0,79.0,25.0,52.0,45.0,644.0,605.0,3.72,2.0,9.0,39.0,4389.0,1313.0,174.0,522.0,1448.0,75.0,152.0,0.988,Arizona Diamondbacks,Chase Field,2242695.0,108.0,107.0,ARI,ARI,ARI
2018,NL,ATL,ATL,E,1,162,81.0,90,72,Y,N,N,N,759.0,5582.0,1433.0,314.0,29.0,175.0,511.0,1290.0,90.0,36.0,66.0,43.0,657.0,607.0,3.75,2.0,11.0,40.0,4370.0,1236.0,153.0,635.0,1423.0,80.0,134.0,0.986,Atlanta Braves,SunTrust Park,2555781.0,100.0,100.0,ATL,ATL,ATL
2018,AL,BAL,BAL,E,5,162,81.0,47,115,N,N,N,N,622.0,5507.0,1317.0,242.0,15.0,188.0,422.0,1412.0,81.0,22.0,57.0,35.0,892.0,824.0,5.18,2.0,7.0,28.0,4293.0,1552.0,234.0,589.0,1203.0,104.0,159.0,0.982,Baltimore Orioles,Oriole Park at Camden Yards,1564192.0,96.0,97.0,BAL,BAL,BAL
2018,AL,BOS,BOS,E,1,162,81.0,108,54,Y,N,Y,Y,876.0,5623.0,1509.0,355.0,31.0,208.0,569.0,1253.0,125.0,31.0,55.0,48.0,647.0,608.0,3.75,2.0,14.0,46.0,4376.0,1305.0,176.0,512.0,1558.0,77.0,106.0,0.987,Boston Red Sox,Fenway Park II,2895575.0,104.0,102.0,BOS,BOS,BOS
2018,AL,CHA,CHW,C,4,162,81.0,62,100,N,N,N,N,656.0,5523.0,1332.0,259.0,40.0,182.0,425.0,1594.0,98.0,41.0,66.0,32.0,848.0,771.0,4.83,0.0,8.0,34.0,4311.0,1404.0,196.0,653.0,1259.0,114.0,135.0,0.981,Chicago White Sox,Guaranteed Rate Field,1608817.0,97.0,98.0,CHW,CHA,CHA
2018,NL,CHN,CHC,C,2,163,82.0,95,68,N,Y,N,N,761.0,5624.0,1453.0,286.0,34.0,167.0,576.0,1388.0,66.0,38.0,78.0,46.0,645.0,598.0,3.65,1.0,18.0,46.0,4429.0,1319.0,157.0,622.0,1333.0,104.0,155.0,0.983,Chicago Cubs,Wrigley Field,3181089.0,107.0,106.0,CHC,CHN,CHN
2018,NL,CIN,CIN,C,5,162,81.0,67,95,N,N,N,N,696.0,5532.0,1404.0,251.0,25.0,172.0,559.0,1376.0,77.0,33.0,65.0,35.0,819.0,741.0,4.63,1.0,6.0,38.0,4323.0,1491.0,228.0,532.0,1258.0,95.0,144.0,0.984,Cincinnati Reds,Great American Ball Park,1629356.0,103.0,104.0,CIN,CIN,CIN
2018,AL,CLE,CLE,C,1,162,81.0,91,71,Y,N,N,N,818.0,5595.0,1447.0,297.0,19.0,216.0,554.0,1189.0,135.0,36.0,80.0,44.0,648.0,611.0,3.77,5.0,17.0,41.0,4372.0,1349.0,200.0,407.0,1544.0,83.0,123.0,0.986,Cleveland Indians,Progressive Field,1926701.0,104.0,102.0,CLE,CLE,CLE
2018,NL,COL,COL,W,2,163,81.0,91,72,N,Y,N,N,780.0,5541.0,1418.0,280.0,42.0,210.0,507.0,1397.0,95.0,33.0,51.0,37.0,745.0,699.0,4.33,0.0,10.0,51.0,4357.0,1378.0,184.0,525.0,1409.0,74.0,162.0,0.988,Colorado Rockies,Coors Field,3015880.0,117.0,116.0,COL,COL,COL
2018,AL,DET,DET,C,3,162,81.0,64,98,N,N,N,N,630.0,5494.0,1326.0,284.0,35.0,135.0,428.0,1341.0,70.0,30.0,52.0,40.0,796.0,726.0,4.58,0.0,2.0,37.0,4276.0,1423.0,216.0,491.0,1215.0,95.0,126.0,0.984,Detroit Tigers,Comerica Park,1856970.0,101.0,102.0,DET,DET,DET
2018,AL,HOU,HOU,W,1,162,81.0,103,59,Y,N,N,N,797.0,5453.0,1390.0,278.0,18.0,205.0,565.0,1197.0,71.0,26.0,61.0,45.0,534.0,503.0,3.11,3.0,12.0,46.0,4365.0,1164.0,152.0,435.0,1687.0,63.0,116.0,0.989,Houston Astros,Minute Maid Park,2980549.0,96.0,94.0,HOU,HOU,HOU
2018,AL,KCA,KCR,C,5,162,81.0,58,104,N,N,N,N,638.0,5505.0,1350.0,283.0,29.0,155.0,427.0,1310.0,117.0,38.0,67.0,40.0,833.0,786.0,4.94,2.0,8.0,33.0,4296.0,1542.0,205.0,549.0,1157.0,77.0,142.0,0.987,Kansas City Royals,Kauffman Stadium,1665107.0,99.0,100.0,KCR,KCA,KCA
2018,AL,LAA,ANA,W,4,162,81.0,80,82,N,N,N,N,721.0,5472.0,1323.0,249.0,23.0,214.0,514.0,1300.0,89.0,22.0,73.0,39.0,722.0,662.0,4.15,1.0,9.0,35.0,4312.0,1353.0,205.0,546.0,1386.0,76.0,173.0,0.987,Los Angeles Angels of Anaheim,Angel Stadium of Anaheim,3020216.0,97.0,97.0,LAA,ANA,ANA
2018,NL,LAN,LAD,W,1,163,82.0,92,71,Y,N,Y,N,804.0,5572.0,1394.0,296.0,33.0,235.0,647.0,1436.0,75.0,24.0,61.0,39.0,610.0,554.0,3.38,0.0,11.0,48.0,4428.0,1279.0,179.0,422.0,1565.0,100.0,111.0,0.983,Los Angeles Dodgers,Dodger Stadium,3857500.0,98.0,96.0,LAD,LAN,LAN
2018,NL,MIA,FLA,E,5,161,81.0,63,98,N,N,N,N,589.0,5488.0,1303.0,222.0,24.0,128.0,455.0,1384.0,45.0,31.0,73.0,31.0,809.0,762.0,4.76,1.0,12.0,30.0,4326.0,1388.0,192.0,605.0,1249.0,83.0,133.0,0.986,Miami Marlins,Marlins Park,811104.0,89.0,90.0,MIA,FLO,MIA
2018,NL,MIL,MIL,C,1,163,81.0,96,67,Y,N,N,N,754.0,5542.0,1398.0,252.0,24.0,218.0,537.0,1458.0,124.0,32.0,58.0,41.0,659.0,606.0,3.73,0.0,14.0,49.0,4383.0,1259.0,173.0,553.0,1428.0,108.0,141.0,0.982,Milwaukee Brewers,Miller Park,2850875.0,102.0,101.0,MIL,ML4,MIL
2018,AL,MIN,MIN,C,2,162,81.0,78,84,N,N,N,N,738.0,5526.0,1379.0,317.0,22.0,166.0,534.0,1328.0,47.0,27.0,37.0,38.0,775.0,721.0,4.5,2.0,7.0,37.0,4330.0,1425.0,198.0,573.0,1377.0,97.0,127.0,0.984,Minnesota Twins,Target Field,1959197.0,102.0,102.0,MIN,MIN,MIN
2018,AL,NYA,NYY,E,2,162,81.0,100,62,N,Y,N,N,851.0,5515.0,1374.0,269.0,23.0,267.0,625.0,1421.0,63.0,21.0,62.0,59.0,669.0,611.0,3.78,2.0,11.0,49.0,4369.0,1311.0,177.0,494.0,1634.0,94.0,95.0,0.984,New York Yankees,Yankee Stadium III,3482855.0,104.0,102.0,NYY,NYA,NYA
2018,NL,NYN,NYM,E,4,162,81.0,77,85,N,N,N,N,676.0,5468.0,1282.0,265.0,34.0,170.0,566.0,1404.0,71.0,39.0,73.0,42.0,707.0,661.0,4.07,3.0,15.0,41.0,4382.0,1364.0,185.0,484.0,1446.0,88.0,121.0,0.985,New York Mets,Citi Field,2224995.0,90.0,91.0,NYM,NYN,NYN
2018,AL,OAK,OAK,W,2,162,81.0,97,65,N,Y,N,N,813.0,5579.0,1407.0,322.0,20.0,227.0,550.0,1381.0,35.0,21.0,76.0,44.0,674.0,621.0,3.81,2.0,14.0,44.0,4397.0,1303.0,184.0,474.0,1237.0,89.0,125.0,0.985,Oakland Athletics,O.co Coliseum,1573616.0,98.0,97.0,OAK,OAK,OAK
2018,NL,PHI,PHI,E,3,162,81.0,80,82,N,N,N,N,677.0,5424.0,1271.0,241.0,30.0,186.0,582.0,1520.0,69.0,26.0,64.0,32.0,728.0,665.0,4.14,0.0,12.0,44.0,4337.0,1366.0,171.0,500.0,1465.0,123.0,138.0,0.979,Philadelphia Phillies,Citizens Bank Park,2158124.0,102.0,103.0,PHI,PHI,PHI
2018,NL,PIT,PIT,C,4,161,80.0,82,79,N,N,N,N,692.0,5447.0,1381.0,290.0,38.0,157.0,474.0,1229.0,70.0,38.0,59.0,52.0,693.0,637.0,4.0,3.0,16.0,40.0,4302.0,1380.0,174.0,497.0,1336.0,105.0,129.0,0.982,Pittsburgh Pirates,PNC Park,1465316.0,96.0,96.0,PIT,PIT,PIT
2018,NL,SDN,SDP,W,5,162,81.0,66,96,N,N,N,N,617.0,5486.0,1289.0,250.0,30.0,162.0,471.0,1523.0,95.0,36.0,31.0,36.0,767.0,713.0,4.4,0.0,5.0,36.0,4371.0,1430.0,185.0,519.0,1399.0,100.0,127.0,0.983,San Diego Padres,Petco Park,2168536.0,94.0,95.0,SDP,SDN,SDN
2018,AL,SEA,SEA,W,3,162,81.0,89,73,N,N,N,N,677.0,5513.0,1402.0,256.0,32.0,176.0,430.0,1221.0,79.0,37.0,70.0,41.0,711.0,664.0,4.13,3.0,12.0,60.0,4346.0,1396.0,195.0,400.0,1328.0,88.0,152.0,0.985,Seattle Mariners,Safeco Field,2299489.0,94.0,95.0,SEA,SEA,SEA
2018,NL,SFN,SFG,W,4,162,81.0,73,89,N,N,N,N,603.0,5541.0,1324.0,255.0,30.0,133.0,448.0,1467.0,77.0,34.0,49.0,42.0,699.0,641.0,3.95,1.0,15.0,36.0,4384.0,1387.0,156.0,524.0,1269.0,97.0,160.0,0.984,San Francisco Giants,AT&T Park,3156185.0,95.0,96.0,SFG,SFN,SFN
2018,NL,SLN,STL,C,3,162,81.0,88,74,N,N,N,N,759.0,5498.0,1369.0,248.0,9.0,205.0,525.0,1380.0,63.0,32.0,80.0,48.0,691.0,622.0,3.85,1.0,8.0,43.0,4366.0,1354.0,144.0,593.0,1337.0,133.0,151.0,0.978,St. Louis Cardinals,Busch Stadium III,3403587.0,97.0,96.0,STL,SLN,SLN
2018,AL,TBA,TBD,E,3,162,81.0,90,72,N,N,N,N,716.0,5475.0,1415.0,274.0,43.0,150.0,540.0,1388.0,128.0,51.0,101.0,50.0,646.0,602.0,3.74,0.0,14.0,52.0,4345.0,1236.0,164.0,501.0,1421.0,85.0,136.0,0.986,Tampa Bay Rays,Tropicana Field,1154973.0,97.0,97.0,TBR,TBA,TBA
2018,AL,TEX,TEX,W,5,162,81.0,67,95,N,N,N,N,737.0,5453.0,1308.0,266.0,24.0,194.0,555.0,1484.0,74.0,35.0,88.0,34.0,848.0,783.0,4.92,1.0,5.0,42.0,4293.0,1516.0,222.0,491.0,1121.0,120.0,168.0,0.98,Texas Rangers,Globe Life Park in Arlington,2107107.0,112.0,113.0,TEX,TEX,TEX
2018,AL,TOR,TOR,E,4,162,81.0,73,89,N,N,N,N,709.0,5477.0,1336.0,320.0,16.0,217.0,499.0,1387.0,47.0,30.0,58.0,37.0,832.0,772.0,4.85,0.0,3.0,39.0,4301.0,1476.0,208.0,551.0,1298.0,101.0,138.0,0.983,Toronto Blue Jays,Rogers Centre,2325281.0,97.0,98.0,TOR,TOR,TOR
2018,NL,WAS,WSN,E,2,162,81.0,82,80,N,N,N,N,771.0,5517.0,1402.0,284.0,25.0,191.0,631.0,1289.0,119.0,33.0,59.0,40.0,682.0,649.0,4.04,2.0,7.0,40.0,4338.0,1320.0,198.0,487.0,1417.0,64.0,115.0,0.989,Washington Nationals,Nationals Park,2529604.0,106.0,105.0,WSN,MON,WAS
2019,NL,ARI,ARI,W,2,162,81.0,85,77,N,N,N,N,813.0,5633.0,1419.0,288.0,40.0,220.0,540.0,1360.0,88.0,14.0,70.0,40.0,743.0,691.0,4.25,0.0,11.0,45.0,4395.0,1400.0,220.0,516.0,1427.0,86.0,136.0,0.986,Arizona Diamondbacks,Chase Field,2135510.0,101.0,101.0,ARI,ARI,ARI
2019,NL,ATL,ATL,E,1,162,81.0,97,65,Y,N,N,N,855.0,5560.0,1432.0,277.0,29.0,249.0,619.0,1467.0,89.0,28.0,60.0,35.0,743.0,675.0,4.19,1.0,8.0,44.0,4352.0,1421.0,203.0,548.0,1393.0,78.0,154.0,0.987,Atlanta Braves,SunTrust Park,2655100.0,105.0,103.0,ATL,ATL,ATL
2019,AL,BAL,BAL,E,5,162,81.0,54,108,N,N,N,N,729.0,5596.0,1379.0,252.0,25.0,213.0,462.0,1435.0,84.0,30.0,71.0,37.0,981.0,897.0,5.59,0.0,5.0,27.0,4329.0,1544.0,305.0,561.0,1248.0,108.0,155.0,0.982,Baltimore Orioles,Oriole Park at Camden Yards,1307807.0,99.0,102.0,BAL,BAL,BAL
2019,AL,BOS,BOS,E,3,162,81.0,84,78,N,N,N,N,901.0,5770.0,1554.0,345.0,27.0,245.0,590.0,1382.0,68.0,30.0,49.0,44.0,828.0,768.0,4.7,1.0,8.0,33.0,4413.0,1423.0,215.0,605.0,1633.0,88.0,115.0,0.985,Boston Red Sox,Fenway Park II,2924627.0,105.0,104.0,BOS,BOS,BOS
2019,AL,CHA,CHW,C,3,161,80.0,72,89,N,N,N,N,708.0,5529.0,1443.0,260.0,20.0,182.0,378.0,1549.0,63.0,28.0,66.0,32.0,832.0,769.0,4.9,6.0,7.0,33.0,4238.0,1438.0,238.0,582.0,1312.0,117.0,171.0,0.98,Chicago White Sox,Guaranteed Rate Field,1649775.0,97.0,99.0,CHW,CHA,CHA
2019,NL,CHN,CHC,C,3,162,81.0,84,78,N,N,N,N,814.0,5461.0,1378.0,270.0,26.0,256.0,581.0,1460.0,45.0,24.0,83.0,39.0,717.0,657.0,4.1,1.0,10.0,38.0,4326.0,1376.0,195.0,534.0,1444.0,118.0,141.0,0.981,Chicago Cubs,Wrigley Field,3094865.0,102.0,101.0,CHC,CHN,CHN
2019,NL,CIN,CIN,C,4,162,81.0,75,87,N,N,N,N,701.0,5450.0,1328.0,235.0,27.0,227.0,492.0,1436.0,80.0,38.0,89.0,33.0,711.0,668.0,4.18,0.0,10.0,46.0,4314.0,1270.0,214.0,536.0,1552.0,91.0,124.0,0.984,Cincinnati Reds,Great American Ball Park,1808685.0,103.0,103.0,CIN,CIN,CIN
2019,AL,CLE,CLE,C,2,162,81.0,93,69,N,N,N,N,769.0,5425.0,1354.0,286.0,18.0,223.0,563.0,1332.0,103.0,35.0,50.0,46.0,657.0,601.0,3.76,6.0,16.0,42.0,4313.0,1308.0,207.0,450.0,1508.0,83.0,110.0,0.985,Cleveland Indians,Progressive Field,1738642.0,104.0,102.0,CLE,CLE,CLE
2019,NL,COL,COL,W,4,162,81.0,71,91,N,N,N,N,835.0,5660.0,1502.0,323.0,41.0,224.0,489.0,1503.0,71.0,31.0,43.0,43.0,958.0,895.0,5.56,1.0,5.0,28.0,4346.0,1576.0,270.0,589.0,1264.0,97.0,165.0,0.984,Colorado Rockies,Coors Field,2993244.0,118.0,118.0,COL,COL,COL
2019,AL,DET,DET,C,5,161,81.0,47,114,N,N,N,N,582.0,5549.0,1333.0,292.0,41.0,149.0,391.0,1595.0,57.0,20.0,48.0,42.0,915.0,835.0,5.24,0.0,3.0,31.0,4299.0,1555.0,250.0,536.0,1368.0,110.0,127.0,0.981,Detroit Tigers,Comerica Park,1501430.0,102.0,104.0,DET,DET,DET
2019,AL,HOU,HOU,W,1,162,81.0,107,55,Y,N,Y,N,920.0,5613.0,1538.0,323.0,28.0,288.0,645.0,1166.0,67.0,27.0,66.0,57.0,640.0,595.0,3.66,2.0,14.0,47.0,4387.0,1205.0,230.0,448.0,1671.0,71.0,96.0,0.988,Houston Astros,Minute Maid Park,2857367.0,103.0,100.0,HOU,HOU,HOU
2019,AL,KCA,KCR,C,4,162,81.0,59,103,N,N,N,N,691.0,5496.0,1356.0,281.0,40.0,162.0,456.0,1405.0,117.0,39.0,59.0,42.0,869.0,824.0,5.2,1.0,7.0,37.0,4275.0,1525.0,221.0,582.0,1230.0,73.0,152.0,0.988,Kansas City Royals,Kauffman Stadium,1479659.0,101.0,102.0,KCR,KCA,KCA
2019,AL,LAA,ANA,W,4,162,81.0,72,90,N,N,N,N,769.0,5542.0,1368.0,268.0,21.0,220.0,586.0,1276.0,65.0,20.0,67.0,42.0,868.0,820.0,5.12,0.0,2.0,32.0,4328.0,1417.0,267.0,576.0,1404.0,92.0,118.0,0.984,Los Angeles Angels of Anaheim,Angel Stadium of Anaheim,3019012.0,98.0,98.0,LAA,ANA,ANA
2019,NL,LAN,LAD,W,1,162,81.0,106,56,Y,N,N,N,886.0,5493.0,1414.0,302.0,20.0,279.0,607.0,1356.0,57.0,10.0,81.0,45.0,613.0,541.0,3.37,3.0,18.0,44.0,4337.0,1201.0,185.0,392.0,1519.0,106.0,117.0,0.982,Los Angeles Dodgers,Dodger Stadium,3974309.0,96.0,94.0,LAD,LAN,LAN
2019,NL,MIA,FLA,E,5,162,81.0,57,105,N,N,N,N,615.0,5512.0,1326.0,265.0,18.0,146.0,395.0,1469.0,55.0,30.0,73.0,33.0,808.0,760.0,4.74,2.0,8.0,27.0,4333.0,1340.0,236.0,615.0,1378.0,94.0,135.0,0.984,Miami Marlins,Marlins Park,811302.0,94.0,96.0,MIA,FLO,MIA
2019,NL,MIL,MIL,C,2,162,81.0,89,73,N,Y,N,N,769.0,5542.0,1366.0,279.0,17.0,250.0,629.0,1563.0,101.0,25.0,72.0,38.0,766.0,713.0,4.4,0.0,7.0,50.0,4378.0,1364.0,225.0,570.0,1497.0,97.0,135.0,0.983,Milwaukee Brewers,Miller Park,2923333.0,101.0,101.0,MIL,ML4,MIL
2019,AL,MIN,MIN,C,1,162,81.0,101,61,Y,N,N,N,939.0,5732.0,1547.0,318.0,23.0,307.0,525.0,1334.0,28.0,21.0,81.0,41.0,754.0,680.0,4.18,1.0,10.0,50.0,4390.0,1456.0,198.0,452.0,1463.0,111.0,130.0,0.981,Minnesota Twins,Target Field,2294152.0,100.0,99.0,MIN,MIN,MIN
2019,AL,NYA,NYY,E,1,162,81.0,103,59,Y,N,N,N,943.0,5583.0,1493.0,290.0,17.0,306.0,569.0,1437.0,55.0,22.0,49.0,33.0,739.0,691.0,4.31,1.0,9.0,50.0,4329.0,1374.0,248.0,507.0,1534.0,102.0,135.0,0.982,New York Yankees,Yankee Stadium III,3304404.0,98.0,96.0,NYY,NYA,NYA
2019,NL,NYN,NYM,E,3,162,81.0,86,76,N,N,N,N,791.0,5624.0,1445.0,280.0,17.0,242.0,516.0,1384.0,56.0,27.0,95.0,27.0,737.0,688.0,4.24,3.0,12.0,38.0,4383.0,1405.0,204.0,500.0,1520.0,99.0,129.0,0.983,New York Mets,Citi Field,2442532.0,92.0,92.0,NYM,NYN,NYN
2019,AL,OAK,OAK,W,2,162,81.0,97,65,N,Y,N,N,845.0,5561.0,1384.0,292.0,23.0,257.0,578.0,1338.0,49.0,21.0,87.0,36.0,680.0,646.0,3.97,1.0,12.0,45.0,4395.0,1342.0,201.0,477.0,1299.0,80.0,122.0,0.987,Oakland Athletics,O.co Coliseum,1662211.0,95.0,93.0,OAK,OAK,OAK
2019,NL,PHI,PHI,E,4,162,81.0,81,81,N,N,N,N,774.0,5571.0,1369.0,311.0,26.0,215.0,562.0,1453.0,78.0,18.0,57.0,34.0,794.0,731.0,4.53,3.0,7.0,36.0,4361.0,1452.0,258.0,546.0,1392.0,97.0,136.0,0.984,Philadelphia Phillies,Citizens Bank Park,2727421.0,102.0,102.0,PHI,PHI,PHI
2019,NL,PIT,PIT,C,5,162,81.0,69,93,N,N,N,N,758.0,5657.0,1497.0,315.0,38.0,163.0,425.0,1213.0,64.0,29.0,63.0,34.0,911.0,829.0,5.18,1.0,6.0,31.0,4320.0,1511.0,241.0,584.0,1443.0,121.0,130.0,0.98,Pittsburgh Pirates,PNC Park,1491439.0,96.0,97.0,PIT,PIT,PIT
2019,NL,SDN,SDP,W,5,162,81.0,70,92,N,N,N,N,682.0,5391.0,1281.0,224.0,24.0,219.0,504.0,1581.0,70.0,37.0,55.0,31.0,789.0,732.0,4.6,0.0,6.0,47.0,4296.0,1394.0,215.0,463.0,1475.0,116.0,100.0,0.98,San Diego Padres,Petco Park,2396399.0,95.0,96.0,SDP,SDN,SDN
2019,AL,SEA,SEA,W,5,162,81.0,68,94,N,N,N,N,758.0,5500.0,1305.0,254.0,28.0,239.0,588.0,1581.0,115.0,47.0,58.0,37.0,893.0,798.0,4.99,3.0,4.0,34.0,4318.0,1484.0,260.0,505.0,1239.0,132.0,145.0,0.978,Seattle Mariners,T-Mobile Park,1791863.0,93.0,94.0,SEA,SEA,SEA
2019,NL,SFN,SFG,W,3,162,81.0,77,85,N,N,N,N,678.0,5579.0,1332.0,300.0,26.0,167.0,475.0,1435.0,47.0,28.0,50.0,42.0,773.0,715.0,4.38,1.0,8.0,41.0,4407.0,1395.0,227.0,519.0,1368.0,90.0,142.0,0.985,San Francisco Giants,Oracle Park,2707760.0,94.0,95.0,SFG,SFN,SFN
2019,NL,SLN,STL,C,1,162,81.0,91,71,Y,N,N,N,764.0,5449.0,1336.0,246.0,24.0,210.0,561.0,1420.0,116.0,29.0,76.0,39.0,662.0,609.0,3.8,1.0,14.0,52.0,4332.0,1284.0,191.0,545.0,1399.0,66.0,168.0,0.989,St. Louis Cardinals,Busch Stadium III,3480393.0,98.0,97.0,STL,SLN,SLN
2019,AL,TBA,TBD,E,2,162,81.0,96,66,N,Y,N,N,769.0,5628.0,1427.0,291.0,29.0,217.0,542.0,1493.0,94.0,37.0,73.0,34.0,656.0,598.0,3.65,0.0,12.0,46.0,4423.0,1274.0,181.0,453.0,1621.0,87.0,126.0,0.985,Tampa Bay Rays,Tropicana Field,1178735.0,97.0,96.0,TBR,TBA,TBA
2019,AL,TEX,TEX,W,3,162,81.0,78,84,N,N,N,N,810.0,5540.0,1374.0,296.0,24.0,223.0,534.0,1578.0,131.0,38.0,67.0,44.0,878.0,808.0,5.06,4.0,9.0,33.0,4314.0,1515.0,241.0,583.0,1379.0,105.0,143.0,0.982,Texas Rangers,Globe Life Park in Arlington,2132994.0,111.0,112.0,TEX,TEX,TEX
2019,AL,TOR,TOR,E,4,162,81.0,67,95,N,N,N,N,726.0,5493.0,1299.0,270.0,21.0,247.0,509.0,1514.0,51.0,20.0,45.0,28.0,828.0,767.0,4.79,1.0,7.0,33.0,4321.0,1450.0,228.0,604.0,1332.0,96.0,141.0,0.984,Toronto Blue Jays,Rogers Centre,1750114.0,97.0,98.0,TOR,TOR,TOR
2019,NL,WAS,WSN,E,2,162,81.0,93,69,N,Y,Y,Y,873.0,5512.0,1460.0,298.0,27.0,231.0,584.0,1308.0,116.0,29.0,81.0,42.0,724.0,683.0,4.27,1.0,13.0,40.0,4318.0,1340.0,202.0,517.0,1511.0,87.0,111.0,0.985,Washington Nationals,Nationals Park,2259781.0,106.0,104.0,WSN,MON,WAS
2020,NL,ARI,ARI,W,5,60,30.0,25,35,N,N,N,N,269.0,1997.0,482.0,101.0,12.0,58.0,181.0,461.0,23.0,7.0,36.0,23.0,295.0,279.0,4.84,0.0,1.0,13.0,1555.0,506.0,93.0,235.0,524.0,35.0,54.0,0.983,Arizona Diamondbacks,Chase Field,0.0,102.0,102.0,ARI,ARI,ARI
2020,NL,ATL,ATL,E,1,60,30.0,35,25,Y,N,N,N,348.0,2074.0,556.0,130.0,3.0,103.0,239.0,573.0,23.0,4.0,23.0,7.0,288.0,257.0,4.41,0.0,4.0,13.0,1573.0,494.0,69.0,220.0,506.0,33.0,52.0,0.985,Atlanta Braves,SunTrust Park,0.0,107.0,106.0,ATL,ATL,ATL
2020,AL,BAL,BAL,E,4,60,33.0,25,35,N,N,N,N,274.0,2026.0,523.0,102.0,7.0,77.0,164.0,514.0,19.0,14.0,27.0,10.0,294.0,260.0,4.51,0.0,1.0,11.0,1556.0,489.0,79.0,192.0,487.0,43.0,42.0,0.98,Baltimore Orioles,Oriole Park at Camden Yards,0.0,100.0,102.0,BAL,BAL,BAL
2020,AL,BOS,BOS,E,5,60,31.0,24,36,N,N,N,N,292.0,2083.0,552.0,118.0,7.0,81.0,187.0,545.0,31.0,9.0,21.0,9.0,351.0,325.0,5.58,0.0,2.0,14.0,1572.0,587.0,98.0,252.0,537.0,45.0,59.0,0.979,Boston Red Sox,Fenway Park II,0.0,105.0,105.0,BOS,BOS,BOS
2020,AL,CHA,CHW,C,2,60,30.0,35,25,N,Y,N,N,306.0,2047.0,534.0,94.0,6.0,96.0,179.0,571.0,20.0,8.0,24.0,13.0,246.0,223.0,3.81,1.0,6.0,13.0,1581.0,448.0,71.0,217.0,523.0,38.0,48.0,0.982,Chicago White Sox,Guaranteed Rate Field,0.0,99.0,100.0,CHW,CHA,CHA
2020,NL,CHN,CHC,C,1,60,33.0,34,26,Y,N,N,N,265.0,1918.0,422.0,82.0,8.0,74.0,229.0,568.0,24.0,10.0,52.0,13.0,240.0,230.0,3.99,2.0,8.0,16.0,1555.0,451.0,74.0,182.0,523.0,30.0,46.0,0.986,Chicago Cubs,Wrigley Field,0.0,100.0,99.0,CHC,CHN,CHN
2020,NL,CIN,CIN,C,2,60,29.0,31,29,N,Y,N,N,243.0,1842.0,390.0,76.0,3.0,90.0,239.0,534.0,28.0,9.0,33.0,7.0,243.0,215.0,3.84,3.0,5.0,9.0,1512.0,401.0,67.0,213.0,615.0,27.0,36.0,0.986,Cincinnati Reds,Great American Ball Park,0.0,106.0,106.0,CIN,CIN,CIN
2020,AL,CLE,CLE,C,2,60,30.0,35,25,N,Y,N,N,248.0,1959.0,446.0,96.0,5.0,59.0,239.0,517.0,25.0,10.0,24.0,16.0,209.0,196.0,3.29,1.0,7.0,20.0,1608.0,440.0,68.0,157.0,621.0,30.0,46.0,0.986,Cleveland Indians,Progressive Field,0.0,104.0,103.0,CLE,CLE,CLE
2020,NL,COL,COL,W,4,60,30.0,26,34,N,N,N,N,275.0,2057.0,528.0,84.0,16.0,63.0,161.0,543.0,42.0,9.0,10.0,19.0,353.0,327.0,5.59,1.0,1.0,16.0,1579.0,579.0,83.0,205.0,393.0,42.0,78.0,0.981,Colorado Rockies,Coors Field,0.0,116.0,117.0,COL,COL,COL
2020,AL,DET,DET,C,5,58,27.0,23,35,N,N,N,N,249.0,1893.0,463.0,78.0,12.0,62.0,147.0,567.0,19.0,6.0,19.0,14.0,318.0,308.0,5.63,1.0,1.0,11.0,1477.0,511.0,91.0,192.0,444.0,27.0,46.0,0.987,Detroit Tigers,Comerica Park,0.0,102.0,105.0,DET,DET,DET
2020,AL,HOU,HOU,W,2,60,28.0,29,31,N,Y,N,N,279.0,1992.0,478.0,103.0,12.0,69.0,192.0,440.0,22.0,11.0,23.0,13.0,275.0,251.0,4.31,0.0,0.0,16.0,1572.0,472.0,70.0,217.0,526.0,20.0,48.0,0.991,Houston Astros,Minute Maid Park,0.0,103.0,101.0,HOU,HOU,HOU
2020,AL,KCA,KCR,C,4,60,30.0,26,34,N,N,N,N,248.0,1988.0,485.0,97.0,7.0,68.0,172.0,527.0,49.0,20.0,18.0,10.0,272.0,247.0,4.3,1.0,4.0,19.0,1551.0,500.0,76.0,211.0,517.0,31.0,62.0,0.985,Kansas City Royals,Kauffman Stadium,0.0,102.0,103.0,KCR,KCA,KCA
2020,AL,LAA,ANA,W,4,60,31.0,26,34,N,N,N,N,294.0,2020.0,501.0,97.0,8.0,85.0,239.0,490.0,21.0,8.0,25.0,18.0,321.0,297.0,5.09,1.0,2.0,12.0,1576.0,492.0,82.0,199.0,523.0,36.0,36.0,0.983,Los Angeles Angels of Anaheim,Angel Stadium of Anaheim,0.0,100.0,101.0,LAA,ANA,ANA
2020,NL,LAN,LAD,W,1,60,30.0,43,17,Y,N,Y,Y,349.0,2042.0,523.0,97.0,6.0,118.0,228.0,471.0,29.0,8.0,30.0,12.0,213.0,181.0,3.02,0.0,5.0,15.0,1616.0,424.0,66.0,145.0,517.0,40.0,46.0,0.982,Los Angeles Dodgers,Dodger Stadium,0.0,97.0,94.0,LAD,LAN,LAN
2020,NL,MIA,FLA,E,2,60,26.0,31,29,N,Y,N,N,263.0,1935.0,472.0,82.0,5.0,60.0,191.0,537.0,51.0,14.0,25.0,9.0,304.0,272.0,4.86,1.0,6.0,18.0,1512.0,506.0,82.0,226.0,451.0,39.0,60.0,0.981,Miami Marlins,Marlins Park,0.0,97.0,99.0,MIA,FLO,MIA
2020,NL,MIL,MIL,C,4,60,29.0,29,31,N,Y,N,N,247.0,1920.0,429.0,83.0,5.0,75.0,221.0,582.0,15.0,11.0,35.0,10.0,264.0,239.0,4.16,1.0,8.0,14.0,1552.0,446.0,67.0,189.0,614.0,34.0,45.0,0.984,Milwaukee Brewers,Miller Park,0.0,101.0,101.0,MIL,ML4,MIL
2020,AL,MIN,MIN,C,1,60,31.0,36,24,Y,N,N,N,269.0,1937.0,468.0,81.0,3.0,91.0,186.0,528.0,14.0,7.0,29.0,14.0,215.0,204.0,3.58,0.0,4.0,17.0,1540.0,448.0,62.0,170.0,535.0,20.0,39.0,0.99,Minnesota Twins,Target Field,0.0,99.0,98.0,MIN,MIN,MIN
2020,AL,NYA,NYY,E,2,60,31.0,33,27,N,Y,N,N,315.0,1915.0,473.0,87.0,7.0,94.0,251.0,480.0,27.0,7.0,30.0,11.0,270.0,242.0,4.35,2.0,2.0,14.0,1502.0,455.0,83.0,168.0,528.0,48.0,37.0,0.976,New York Yankees,Yankee Stadium III,0.0,98.0,96.0,NYY,NYA,NYA
2020,NL,NYN,NYM,E,4,60,29.0,26,34,N,N,N,N,286.0,2023.0,551.0,106.0,7.0,86.0,197.0,498.0,20.0,10.0,45.0,13.0,308.0,284.0,4.98,0.0,1.0,11.0,1540.0,511.0,81.0,219.0,574.0,32.0,39.0,0.985,New York Mets,Citi Field,0.0,94.0,94.0,NYM,NYN,NYN
2020,AL,OAK,OAK,W,1,60,32.0,36,24,Y,N,N,N,274.0,1908.0,430.0,91.0,11.0,71.0,238.0,524.0,26.0,3.0,39.0,14.0,232.0,216.0,3.77,1.0,5.0,17.0,1546.0,471.0,69.0,165.0,506.0,26.0,33.0,0.987,Oakland Athletics,O.co Coliseum,0.0,94.0,93.0,OAK,OAK,OAK
2020,NL,PHI,PHI,E,3,60,32.0,28,32,N,N,N,N,306.0,1948.0,500.0,90.0,10.0,82.0,229.0,480.0,35.0,8.0,28.0,10.0,311.0,284.0,5.14,3.0,5.0,11.0,1491.0,550.0,80.0,185.0,532.0,35.0,57.0,0.983,Philadelphia Phillies,Citizens Bank Park,0.0,101.0,101.0,PHI,PHI,PHI
2020,NL,PIT,PIT,C,5,60,32.0,19,41,N,N,N,N,219.0,1932.0,425.0,76.0,6.0,59.0,167.0,521.0,16.0,11.0,11.0,15.0,298.0,267.0,4.68,1.0,3.0,6.0,1539.0,451.0,80.0,249.0,536.0,47.0,53.0,0.978,Pittsburgh Pirates,PNC Park,0.0,97.0,99.0,PIT,PIT,PIT
2020,NL,SDN,SDP,W,2,60,32.0,37,23,N,Y,N,N,325.0,1972.0,506.0,103.0,12.0,95.0,204.0,479.0,55.0,13.0,28.0,14.0,241.0,223.0,3.86,1.0,5.0,13.0,1561.0,456.0,70.0,170.0,565.0,32.0,46.0,0.985,San Diego Padres,Petco Park,0.0,94.0,95.0,SDP,SDN,SDN
2020,AL,SEA,SEA,W,3,60,24.0,27,33,N,N,N,N,254.0,1929.0,435.0,88.0,5.0,60.0,207.0,545.0,50.0,16.0,30.0,12.0,303.0,289.0,5.03,1.0,0.0,15.0,1550.0,482.0,79.0,230.0,469.0,23.0,48.0,0.989,Seattle Mariners,T-Mobile Park,0.0,94.0,95.0,SEA,SEA,SEA
2020,NL,SFN,SFG,W,3,60,33.0,29,31,N,N,N,N,299.0,2019.0,532.0,107.0,14.0,81.0,195.0,499.0,19.0,8.0,27.0,13.0,297.0,267.0,4.64,1.0,0.0,13.0,1553.0,474.0,69.0,210.0,488.0,41.0,43.0,0.98,San Francisco Giants,Oracle Park,0.0,94.0,95.0,SFG,SFN,SFN
2020,NL,SLN,STL,C,3,58,27.0,30,28,N,Y,N,N,240.0,1752.0,410.0,73.0,7.0,51.0,205.0,477.0,18.0,10.0,33.0,16.0,229.0,205.0,3.9,2.0,2.0,13.0,1419.0,376.0,69.0,204.0,464.0,33.0,46.0,0.983,St. Louis Cardinals,Busch Stadium III,0.0,97.0,96.0,STL,SLN,SLN
2020,AL,TBA,TBD,E,1,60,29.0,40,20,Y,N,Y,N,289.0,1975.0,470.0,105.0,12.0,80.0,243.0,608.0,48.0,9.0,28.0,14.0,229.0,209.0,3.56,0.0,4.0,23.0,1583.0,475.0,70.0,168.0,552.0,33.0,52.0,0.985,Tampa Bay Rays,Tropicana Field,0.0,96.0,95.0,TBR,TBA,TBA
2020,AL,TEX,TEX,W,5,60,30.0,22,38,N,N,N,N,224.0,1936.0,420.0,80.0,9.0,62.0,167.0,548.0,49.0,14.0,24.0,18.0,312.0,288.0,5.02,2.0,3.0,10.0,1550.0,479.0,81.0,236.0,489.0,40.0,40.0,0.981,Texas Rangers,Globe Life Field,0.0,102.0,102.0,TEX,TEX,TEX
2020,AL,TOR,TOR,E,3,60,26.0,32,28,N,Y,N,N,302.0,2023.0,516.0,104.0,4.0,88.0,203.0,508.0,33.0,6.0,12.0,14.0,312.0,268.0,4.6,0.0,1.0,17.0,1574.0,517.0,81.0,250.0,519.0,38.0,47.0,0.982,Toronto Blue Jays,Sahlen Field,0.0,100.0,99.0,TOR,TOR,TOR
2020,NL,WAS,WSN,E,4,60,33.0,26,34,N,N,N,N,293.0,1968.0,519.0,112.0,12.0,66.0,192.0,451.0,33.0,12.0,32.0,21.0,301.0,285.0,5.09,2.0,3.0,12.0,1511.0,548.0,94.0,216.0,508.0,39.0,48.0,0.981,Washington Nationals,Nationals Park,0.0,103.0,102.0,WSN,MON,WAS
2021,NL,ARI,ARI,W,5,162,81.0,52,110,N,N,N,N,679.0,5489.0,1297.0,308.0,31.0,144.0,537.0,1465.0,43.0,16.0,54.0,28.0,893.0,804.0,5.11,3.0,4.0,22.0,4252.0,1480.0,232.0,555.0,1238.0,100.0,113.0,0.983,Arizona Diamondbacks,Chase Field,1043010.0,99.0,101.0,ARI,ARI,ARI
2021,NL,ATL,ATL,E,1,161,80.0,88,73,Y,N,Y,Y,790.0,5363.0,1307.0,269.0,20.0,239.0,549.0,1453.0,59.0,19.0,67.0,43.0,656.0,608.0,3.88,2.0,18.0,40.0,4232.0,1237.0,183.0,516.0,1417.0,71.0,104.0,0.988,Atlanta Braves,Truist Park,2300247.0,107.0,105.0,ATL,ATL,ATL
2021,AL,BAL,BAL,E,5,162,81.0,52,110,N,N,N,N,659.0,5420.0,1296.0,266.0,15.0,195.0,451.0,1454.0,54.0,23.0,65.0,31.0,956.0,910.0,5.84,1.0,5.0,26.0,4206.0,1518.0,258.0,563.0,1234.0,74.0,101.0,0.987,Baltimore Orioles,Oriole Park at Camden Yards,793229.0,103.0,105.0,BAL,BAL,BAL
2021,AL,BOS,BOS,E,2,162,81.0,92,70,N,Y,N,N,829.0,5495.0,1434.0,330.0,23.0,219.0,512.0,1386.0,40.0,21.0,61.0,42.0,749.0,671.0,4.26,0.0,7.0,49.0,4257.0,1409.0,176.0,546.0,1527.0,108.0,143.0,0.981,Boston Red Sox,Fenway Park II,1725323.0,109.0,109.0,BOS,BOS,BOS
2021,AL,CHA,CHW,C,1,162,81.0,93,69,Y,N,N,N,796.0,5357.0,1373.0,275.0,22.0,190.0,586.0,1389.0,57.0,20.0,78.0,39.0,636.0,581.0,3.73,4.0,13.0,43.0,4210.0,1205.0,182.0,485.0,1588.0,97.0,112.0,0.982,Chicago White Sox,Guaranteed Rate Field,1596385.0,101.0,100.0,CHW,CHA,CHA
2021,NL,CHN,CHC,C,4,162,81.0,71,91,N,N,N,N,705.0,5306.0,1255.0,225.0,26.0,210.0,502.0,1596.0,86.0,37.0,92.0,30.0,839.0,765.0,4.87,1.0,8.0,40.0,4238.0,1386.0,235.0,596.0,1358.0,87.0,149.0,0.985,Chicago Cubs,Wrigley Field,1978934.0,100.0,101.0,CHC,CHN,CHN
2021,NL,CIN,CIN,C,3,162,81.0,83,79,N,N,N,N,786.0,5423.0,1352.0,295.0,13.0,222.0,553.0,1425.0,36.0,24.0,105.0,45.0,760.0,702.0,4.4,1.0,8.0,41.0,4303.0,1330.0,206.0,617.0,1524.0,91.0,125.0,0.984,Cincinnati Reds,Great American Ball Park,1505024.0,113.0,113.0,CIN,CIN,CIN
2021,AL,CLE,CLE,C,2,162,81.0,80,82,N,N,N,N,717.0,5332.0,1269.0,248.0,22.0,203.0,453.0,1387.0,109.0,17.0,64.0,36.0,727.0,679.0,4.34,0.0,9.0,39.0,4224.0,1281.0,216.0,522.0,1391.0,86.0,138.0,0.985,Cleveland Indians,Progressive Field,1114368.0,101.0,101.0,CLE,CLE,CLE
2021,NL,COL,COL,W,4,161,81.0,74,87,N,N,N,N,739.0,5374.0,1338.0,275.0,34.0,182.0,491.0,1356.0,76.0,23.0,58.0,36.0,796.0,748.0,4.82,3.0,6.0,33.0,4191.0,1397.0,196.0,539.0,1269.0,73.0,140.0,0.987,Colorado Rockies,Coors Field,1938645.0,112.0,113.0,COL,COL,COL
2021,AL,DET,DET,C,3,162,81.0,77,85,N,N,N,N,697.0,5376.0,1299.0,236.0,37.0,179.0,490.0,1514.0,88.0,25.0,44.0,50.0,756.0,681.0,4.32,2.0,7.0,42.0,4259.0,1370.0,199.0,571.0,1259.0,83.0,136.0,0.986,Detroit Tigers,Comerica Park,1102621.0,96.0,98.0,DET,DET,DET
2021,AL,HOU,HOU,W,1,162,81.0,95,67,Y,N,Y,N,863.0,5593.0,1496.0,299.0,14.0,221.0,569.0,1222.0,53.0,16.0,64.0,54.0,658.0,607.0,3.78,2.0,8.0,34.0,4335.0,1231.0,187.0,549.0,1456.0,69.0,126.0,0.988,Houston Astros,Minute Maid Park,2068509.0,101.0,99.0,HOU,HOU,HOU
2021,AL,KCA,KCR,C,4,162,81.0,74,88,N,N,N,N,686.0,5427.0,1349.0,251.0,29.0,163.0,421.0,1258.0,124.0,33.0,55.0,52.0,788.0,731.0,4.64,1.0,7.0,37.0,4252.0,1375.0,189.0,591.0,1344.0,84.0,152.0,0.985,Kansas City Royals,Kauffman Stadium,1159613.0,105.0,106.0,KCR,KCA,KCA
2021,AL,LAA,ANA,W,4,162,82.0,77,85,N,N,N,N,723.0,5437.0,1331.0,265.0,23.0,190.0,464.0,1394.0,79.0,26.0,59.0,25.0,804.0,741.0,4.69,1.0,4.0,39.0,4265.0,1373.0,188.0,592.0,1453.0,88.0,131.0,0.985,Los Angeles Angels of Anaheim,Angel Stadium of Anaheim,1515689.0,102.0,103.0,LAA,ANA,ANA
2021,NL,LAN,LAD,W,2,162,81.0,106,56,N,Y,N,N,830.0,5445.0,1330.0,247.0,24.0,237.0,613.0,1408.0,65.0,17.0,104.0,45.0,561.0,486.0,3.01,1.0,17.0,56.0,4356.0,1107.0,161.0,486.0,1599.0,89.0,94.0,0.985,Los Angeles Dodgers,Dodger Stadium,2804693.0,100.0,97.0,LAD,LAN,LAN
2021,NL,MIA,FLA,E,4,162,81.0,67,95,N,N,N,N,623.0,5348.0,1244.0,226.0,23.0,158.0,450.0,1553.0,106.0,29.0,65.0,30.0,701.0,622.0,3.96,1.0,8.0,33.0,4245.0,1282.0,162.0,529.0,1381.0,122.0,146.0,0.979,Miami Marlins,loanDepot park,642617.0,98.0,99.0,MIA,FLO,MIA
2021,NL,MIL,MIL,C,1,162,81.0,95,67,Y,N,N,N,738.0,5362.0,1251.0,255.0,18.0,194.0,586.0,1465.0,82.0,21.0,88.0,35.0,623.0,558.0,3.5,2.0,19.0,44.0,4308.0,1156.0,168.0,537.0,1618.0,94.0,102.0,0.984,Milwaukee Brewers,American Family Field,1824282.0,101.0,101.0,MIL,ML4,MIL
2021,AL,MIN,MIN,C,5,162,81.0,73,89,N,N,N,N,729.0,5431.0,1311.0,271.0,17.0,228.0,525.0,1405.0,54.0,15.0,70.0,42.0,834.0,762.0,4.83,1.0,9.0,42.0,4258.0,1392.0,239.0,484.0,1317.0,107.0,139.0,0.982,Minnesota Twins,Target Field,1310199.0,98.0,98.0,MIN,MIN,MIN
2021,AL,NYA,NYY,E,2,162,81.0,92,70,N,Y,N,N,711.0,5331.0,1266.0,213.0,12.0,222.0,621.0,1482.0,63.0,18.0,63.0,34.0,669.0,596.0,3.74,3.0,13.0,47.0,4306.0,1243.0,196.0,492.0,1569.0,98.0,115.0,0.983,New York Yankees,Yankee Stadium III,1959854.0,100.0,99.0,NYY,NYA,NYA
2021,NL,NYN,NYM,E,3,162,81.0,77,85,N,N,N,N,636.0,5210.0,1243.0,228.0,18.0,176.0,495.0,1392.0,54.0,26.0,94.0,23.0,668.0,597.0,3.9,2.0,8.0,41.0,4138.0,1221.0,190.0,475.0,1453.0,95.0,121.0,0.983,New York Mets,Citi Field,1511926.0,95.0,95.0,NYM,NYN,NYN
2021,AL,OAK,OAK,W,3,162,81.0,86,76,N,N,N,N,743.0,5395.0,1284.0,271.0,19.0,199.0,545.0,1349.0,88.0,20.0,98.0,49.0,687.0,640.0,4.02,3.0,11.0,39.0,4299.0,1362.0,191.0,439.0,1332.0,72.0,116.0,0.987,Oakland Athletics,O.co Coliseum,701430.0,95.0,94.0,OAK,OAK,OAK
2021,NL,PHI,PHI,E,2,162,81.0,82,80,N,N,N,N,734.0,5366.0,1288.0,262.0,24.0,198.0,564.0,1402.0,77.0,19.0,67.0,43.0,745.0,692.0,4.39,5.0,12.0,36.0,4256.0,1321.0,200.0,509.0,1480.0,94.0,142.0,0.984,Philadelphia Phillies,Citizens Bank Park,1515890.0,99.0,99.0,PHI,PHI,PHI
2021,NL,PIT,PIT,C,5,162,81.0,61,101,N,N,N,N,609.0,5336.0,1261.0,240.0,35.0,124.0,529.0,1328.0,60.0,30.0,49.0,37.0,833.0,788.0,5.08,0.0,6.0,25.0,4189.0,1400.0,213.0,606.0,1312.0,70.0,139.0,0.988,Pittsburgh Pirates,PNC Park,859498.0,98.0,100.0,PIT,PIT,PIT
2021,NL,SDN,SDP,W,3,162,81.0,79,83,N,N,N,N,729.0,5384.0,1305.0,273.0,21.0,180.0,586.0,1324.0,110.0,39.0,61.0,46.0,708.0,651.0,4.1,2.0,11.0,43.0,4290.0,1277.0,205.0,516.0,1517.0,82.0,139.0,0.986,San Diego Padres,Petco Park,2191950.0,92.0,92.0,SDP,SDN,SDN
2021,AL,SEA,SEA,W,2,162,81.0,90,72,N,N,N,N,697.0,5355.0,1209.0,233.0,11.0,199.0,535.0,1492.0,64.0,24.0,72.0,36.0,748.0,688.0,4.3,1.0,10.0,51.0,4321.0,1356.0,197.0,485.0,1328.0,79.0,135.0,0.986,Seattle Mariners,T-Mobile Park,1215985.0,95.0,96.0,SEA,SEA,SEA
2021,NL,SFN,SFG,W,1,162,81.0,107,55,Y,N,N,N,804.0,5462.0,1360.0,271.0,25.0,241.0,602.0,1461.0,66.0,14.0,64.0,30.0,594.0,524.0,3.24,2.0,18.0,56.0,4365.0,1254.0,151.0,416.0,1425.0,80.0,122.0,0.986,San Francisco Giants,Oracle Park,1679484.0,98.0,97.0,SFG,SFN,SFN
2021,NL,SLN,STL,C,2,162,81.0,90,72,N,Y,N,N,706.0,5351.0,1303.0,261.0,22.0,198.0,478.0,1341.0,89.0,22.0,86.0,44.0,672.0,626.0,3.98,3.0,15.0,50.0,4251.0,1234.0,152.0,608.0,1225.0,84.0,137.0,0.986,St. Louis Cardinals,Busch Stadium III,2102530.0,92.0,92.0,STL,SLN,SLN
2021,AL,TBA,TBD,E,1,162,81.0,100,62,Y,N,N,N,857.0,5507.0,1336.0,288.0,36.0,222.0,585.0,1542.0,88.0,42.0,72.0,41.0,651.0,593.0,3.67,1.0,13.0,42.0,4367.0,1264.0,184.0,436.0,1478.0,80.0,130.0,0.986,Tampa Bay Rays,Tropicana Field,761072.0,92.0,91.0,TBR,TBA,TBA
2021,AL,TEX,TEX,W,5,162,81.0,60,102,N,N,N,N,625.0,5405.0,1254.0,225.0,24.0,167.0,433.0,1381.0,106.0,29.0,58.0,31.0,815.0,758.0,4.79,0.0,3.0,31.0,4273.0,1402.0,232.0,513.0,1239.0,83.0,146.0,0.986,Texas Rangers,Globe Life Field,2110258.0,99.0,101.0,TEX,TEX,TEX
2021,AL,TOR,TOR,E,4,162,80.0,91,71,N,N,N,N,846.0,5476.0,1455.0,285.0,13.0,262.0,496.0,1218.0,81.0,20.0,51.0,35.0,663.0,610.0,3.91,1.0,14.0,34.0,4216.0,1257.0,209.0,473.0,1468.0,90.0,122.0,0.984,Toronto Blue Jays,Rogers Centre,805901.0,102.0,101.0,TOR,TOR,TOR
2021,NL,WAS,WSN,E,5,162,81.0,65,97,N,N,N,N,724.0,5385.0,1388.0,272.0,20.0,182.0,573.0,1303.0,56.0,26.0,84.0,31.0,820.0,743.0,4.8,1.0,8.0,36.0,4183.0,1364.0,247.0,548.0,1346.0,96.0,116.0,0.983,Washington Nationals,Nationals Park,1465543.0,95.0,96.0,WSN,MON,WAS
2022,NL,ARI,ARI,W,4,162,81.0,74,88,N,N,N,N,702.0,5351.0,1232.0,262.0,24.0,173.0,531.0,1341.0,104.0,29.0,60.0,50.0,740.0,676.0,4.25,0.0,10.0,33.0,4290.0,1345.0,191.0,504.0,1216.0,86.0,134.0,0.985,Arizona Diamondbacks,Chase Field,1605199.0,98.0,99.0,ARI,ARI,ARI
2022,NL,ATL,ATL,E,1,162,81.0,101,61,Y,N,N,N,789.0,5509.0,1394.0,298.0,11.0,243.0,470.0,1498.0,87.0,31.0,66.0,36.0,609.0,556.0,3.46,1.0,9.0,55.0,4344.0,1224.0,148.0,500.0,1554.0,77.0,110.0,0.987,Atlanta Braves,Truist Park,3129931.0,102.0,100.0,ATL,ATL,ATL
2022,AL,BAL,BAL,E,4,162,81.0,83,79,N,N,N,N,674.0,5429.0,1281.0,275.0,25.0,171.0,476.0,1390.0,95.0,31.0,83.0,43.0,688.0,632.0,3.97,2.0,15.0,46.0,4300.0,1406.0,171.0,443.0,1214.0,91.0,151.0,0.985,Baltimore Orioles,Oriole Park at Camden Yards,1368367.0,102.0,103.0,BAL,BAL,BAL
2022,AL,BOS,BOS,E,5,162,81.0,78,84,N,N,N,N,735.0,5539.0,1427.0,352.0,12.0,155.0,478.0,1373.0,52.0,20.0,63.0,50.0,787.0,721.0,4.53,5.0,10.0,39.0,4293.0,1411.0,185.0,526.0,1346.0,85.0,134.0,0.985,Boston Red Sox,Fenway Park II,2625089.0,108.0,108.0,BOS,BOS,BOS
2022,AL,CHA,CHW,C,2,162,81.0,81,81,N,N,N,N,686.0,5611.0,1435.0,272.0,9.0,149.0,388.0,1269.0,58.0,10.0,73.0,35.0,717.0,631.0,3.92,2.0,14.0,48.0,4343.0,1330.0,166.0,533.0,1450.0,102.0,122.0,0.982,Chicago White Sox,Guaranteed Rate Field,2009359.0,103.0,102.0,CHW,CHA,CHA
2022,NL,CHN,CHC,C,3,162,81.0,74,88,N,N,N,N,657.0,5425.0,1293.0,265.0,31.0,159.0,507.0,1448.0,111.0,37.0,84.0,36.0,731.0,642.0,4.0,0.0,11.0,44.0,4331.0,1342.0,207.0,540.0,1383.0,96.0,139.0,0.984,Chicago Cubs,Wrigley Field,2616780.0,100.0,101.0,CHC,CHN,CHN
2022,NL,CIN,CIN,C,4,162,81.0,62,100,N,N,N,N,648.0,5380.0,1264.0,235.0,18.0,156.0,452.0,1430.0,58.0,33.0,92.0,33.0,815.0,768.0,4.86,1.0,6.0,31.0,4270.0,1366.0,213.0,612.0,1414.0,81.0,115.0,0.986,Cincinnati Reds,Great American Ball Park,1395770.0,110.0,110.0,CIN,CIN,CIN
2022,AL,CLE,CLE,C,1,162,81.0,92,70,Y,N,N,N,698.0,5558.0,1410.0,273.0,31.0,127.0,450.0,1122.0,119.0,27.0,81.0,52.0,634.0,560.0,3.46,1.0,8.0,51.0,4368.0,1252.0,172.0,435.0,1390.0,97.0,127.0,0.984,Cleveland Guardians,Progressive Field,1295870.0,98.0,98.0,CLE,CLE,CLE
2022,NL,COL,COL,W,5,162,81.0,68,94,N,N,N,N,698.0,5540.0,1408.0,280.0,34.0,149.0,453.0,1330.0,45.0,20.0,61.0,40.0,873.0,802.0,5.06,1.0,6.0,43.0,4276.0,1516.0,184.0,539.0,1187.0,100.0,154.0,0.983,Colorado Rockies,Coors Field,2597428.0,113.0,115.0,COL,COL,COL
2022,AL,DET,DET,C,4,162,82.0,66,96,N,N,N,N,557.0,5378.0,1240.0,235.0,27.0,110.0,380.0,1413.0,47.0,24.0,58.0,44.0,713.0,637.0,4.04,0.0,8.0,38.0,4259.0,1336.0,167.0,511.0,1195.0,94.0,137.0,0.984,Detroit Tigers,Comerica Park,1575544.0,96.0,97.0,DET,DET,DET
2022,AL,HOU,HOU,W,1,162,81.0,106,56,Y,N,Y,Y,737.0,5409.0,1341.0,284.0,13.0,214.0,528.0,1179.0,83.0,22.0,60.0,42.0,518.0,465.0,2.9,3.0,18.0,53.0,4336.0,1121.0,134.0,458.0,1524.0,72.0,122.0,0.987,Houston Astros,Minute Maid Park,2688998.0,101.0,99.0,HOU,HOU,HOU
2022,AL,KCA,KCR,C,5,162,81.0,65,97,N,N,N,N,640.0,5437.0,1327.0,247.0,38.0,138.0,460.0,1287.0,104.0,34.0,48.0,44.0,810.0,740.0,4.7,0.0,9.0,33.0,4248.0,1493.0,173.0,589.0,1191.0,82.0,153.0,0.986,Kansas City Royals,Kauffman Stadium,1277686.0,103.0,105.0,KCR,KCA,KCA
2022,AL,LAA,ANA,W,3,162,81.0,73,89,N,N,N,N,623.0,5423.0,1265.0,219.0,31.0,190.0,449.0,1539.0,77.0,27.0,54.0,25.0,668.0,601.0,3.77,2.0,17.0,38.0,4307.0,1241.0,168.0,540.0,1383.0,84.0,134.0,0.985,Los Angeles Angels of Anaheim,Angel Stadium of Anaheim,2457461.0,102.0,103.0,LAA,ANA,ANA
2022,NL,LAN,LAD,W,1,162,81.0,111,51,Y,N,N,N,847.0,5526.0,1418.0,325.0,31.0,212.0,607.0,1374.0,98.0,18.0,56.0,53.0,513.0,451.0,2.8,1.0,15.0,43.0,4354.0,1114.0,152.0,407.0,1465.0,83.0,120.0,0.986,Los Angeles Dodgers,Dodger Stadium,3861408.0,106.0,103.0,LAD,LAN,LAN
2022,NL,MIA,FLA,E,4,162,81.0,69,93,N,N,N,N,586.0,5395.0,1241.0,248.0,20.0,144.0,436.0,1429.0,122.0,29.0,70.0,36.0,676.0,617.0,3.86,6.0,10.0,41.0,4312.0,1311.0,173.0,511.0,1437.0,69.0,143.0,0.988,Miami Marlins,loanDepot park,907487.0,99.0,100.0,MIA,FLO,MIA
2022,NL,MIL,MIL,C,2,162,81.0,86,76,N,N,N,N,725.0,5417.0,1271.0,251.0,17.0,219.0,577.0,1464.0,96.0,30.0,80.0,37.0,688.0,615.0,3.83,0.0,11.0,52.0,4338.0,1238.0,190.0,521.0,1530.0,91.0,122.0,0.984,Milwaukee Brewers,American Family Field,2422420.0,98.0,97.0,MIL,ML4,MIL
2022,AL,MIN,MIN,C,3,162,81.0,78,84,N,N,N,N,696.0,5476.0,1356.0,269.0,18.0,178.0,518.0,1353.0,38.0,17.0,62.0,46.0,684.0,636.0,3.98,0.0,17.0,28.0,4311.0,1320.0,184.0,468.0,1336.0,83.0,121.0,0.985,Minnesota Twins,Target Field,1801128.0,98.0,99.0,MIN,MIN,MIN
2022,AL,NYA,NYY,E,1,162,81.0,99,63,Y,N,N,N,807.0,5422.0,1308.0,225.0,8.0,254.0,620.0,1391.0,102.0,33.0,70.0,41.0,567.0,532.0,3.3,1.0,16.0,47.0,4355.0,1177.0,157.0,444.0,1459.0,74.0,102.0,0.987,New York Yankees,Yankee Stadium III,3136207.0,101.0,100.0,NYY,NYA,NYA
2022,NL,NYN,NYM,E,2,162,81.0,101,61,N,Y,N,N,772.0,5489.0,1422.0,272.0,27.0,171.0,510.0,1217.0,62.0,22.0,112.0,44.0,606.0,570.0,3.57,0.0,19.0,41.0,4316.0,1274.0,169.0,428.0,1565.0,67.0,128.0,0.988,New York Mets,Citi Field,2564737.0,96.0,95.0,NYM,NYN,NYN
2022,AL,OAK,OAK,W,5,162,80.0,60,102,N,N,N,N,568.0,5314.0,1147.0,249.0,15.0,137.0,433.0,1389.0,78.0,23.0,59.0,33.0,770.0,717.0,4.52,0.0,7.0,34.0,4279.0,1394.0,195.0,503.0,1203.0,92.0,139.0,0.984,Oakland Athletics,O.co Coliseum,787902.0,96.0,96.0,OAK,OAK,OAK
2022,NL,PHI,PHI,E,3,162,81.0,87,75,N,Y,Y,N,747.0,5496.0,1392.0,255.0,29.0,205.0,478.0,1363.0,105.0,28.0,52.0,44.0,685.0,630.0,3.97,3.0,15.0,42.0,4285.0,1330.0,150.0,463.0,1423.0,69.0,129.0,0.988,Philadelphia Phillies,Citizens Bank Park,2276736.0,100.0,100.0,PHI,PHI,PHI
2022,NL,PIT,PIT,C,5,162,81.0,62,100,N,N,N,N,591.0,5331.0,1186.0,221.0,29.0,158.0,476.0,1497.0,89.0,32.0,54.0,32.0,817.0,735.0,4.66,0.0,6.0,33.0,4263.0,1432.0,164.0,586.0,1250.0,121.0,152.0,0.979,Pittsburgh Pirates,PNC Park,1257458.0,100.0,102.0,PIT,PIT,PIT
2022,NL,SDN,SDP,W,2,162,81.0,89,73,N,Y,N,N,705.0,5468.0,1317.0,275.0,18.0,153.0,574.0,1327.0,49.0,22.0,65.0,46.0,660.0,611.0,3.81,0.0,15.0,48.0,4330.0,1263.0,173.0,468.0,1451.0,76.0,116.0,0.987,San Diego Padres,Petco Park,2987470.0,92.0,92.0,SDP,SDN,SDN
2022,AL,SEA,SEA,W,2,162,81.0,90,72,N,Y,N,N,690.0,5375.0,1236.0,229.0,19.0,197.0,596.0,1397.0,83.0,27.0,89.0,45.0,623.0,577.0,3.59,0.0,10.0,40.0,4341.0,1277.0,186.0,447.0,1391.0,69.0,114.0,0.988,Seattle Mariners,T-Mobile Park,2287267.0,95.0,95.0,SEA,SEA,SEA
2022,NL,SFN,SFG,W,3,162,81.0,81,81,N,N,N,N,716.0,5392.0,1261.0,255.0,18.0,183.0,571.0,1462.0,64.0,16.0,95.0,53.0,697.0,613.0,3.85,1.0,8.0,39.0,4299.0,1397.0,132.0,441.0,1370.0,100.0,130.0,0.983,San Francisco Giants,Oracle Park,2482686.0,99.0,99.0,SFG,SFN,SFN
2022,NL,SLN,STL,C,1,162,81.0,93,69,Y,N,N,N,772.0,5496.0,1386.0,290.0,21.0,197.0,537.0,1226.0,95.0,25.0,80.0,45.0,637.0,605.0,3.79,3.0,17.0,37.0,4307.0,1335.0,146.0,489.0,1177.0,66.0,181.0,0.989,St. Louis Cardinals,Busch Stadium III,3320551.0,94.0,94.0,STL,SLN,SLN
2022,AL,TBA,TBD,E,1,162,81.0,86,76,N,Y,N,N,666.0,5412.0,1294.0,296.0,17.0,139.0,500.0,1395.0,95.0,37.0,57.0,31.0,614.0,544.0,3.41,0.0,10.0,44.0,4307.0,1260.0,172.0,384.0,1384.0,84.0,110.0,0.985,Tampa Bay Rays,Tropicana Field,1128127.0,95.0,93.0,TBR,TBA,TBA
2022,AL,TEX,TEX,W,4,162,81.0,68,94,N,N,N,N,707.0,5478.0,1308.0,224.0,20.0,198.0,456.0,1446.0,128.0,41.0,47.0,38.0,743.0,673.0,4.22,1.0,10.0,37.0,4305.0,1345.0,169.0,581.0,1314.0,96.0,143.0,0.984,Texas Rangers,Globe Life Field,2011361.0,100.0,101.0,TEX,TEX,TEX
2022,AL,TOR,TOR,E,2,162,81.0,92,70,N,Y,N,N,775.0,5555.0,1464.0,307.0,12.0,200.0,500.0,1242.0,67.0,35.0,55.0,33.0,679.0,620.0,3.87,0.0,10.0,46.0,4324.0,1356.0,180.0,424.0,1390.0,82.0,120.0,0.986,Toronto Blue Jays,Rogers Centre,2653830.0,100.0,100.0,TOR,TOR,TOR
2022,NL,WAS,WSN,E,5,162,81.0,55,107,N,N,N,N,603.0,5434.0,1351.0,252.0,20.0,136.0,442.0,1221.0,75.0,31.0,60.0,37.0,855.0,785.0,5.0,2.0,4.0,28.0,4235.0,1469.0,244.0,558.0,1220.0,104.0,126.0,0.982,Washington Nationals,Nationals Park,2026401.0,94.0,96.0,WSN,MON,WAS
2023,NL,ARI,ARI,W,2,162,81.0,84,78,N,Y,Y,N,746.0,5436.0,1359.0,274.0,44.0,166.0,540.0,1247.0,166.0,26.0,58.0,50.0,761.0,714.0,4.48,1.0,9.0,44.0,4306.0,1375.0,197.0,525.0,1351.0,56.0,134.0,0.99,Arizona Diamondbacks,Chase Field,1961182.0,99.0,99.0,ARI,ARI,ARI
2023,NL,ATL,ATL,E,1,162,81.0,104,58,Y,N,N,N,947.0,5597.0,1543.0,293.0,23.0,307.0,538.0,1289.0,132.0,27.0,67.0,43.0,716.0,662.0,4.14,1.0,15.0,52.0,4320.0,1341.0,187.0,534.0,1516.0,82.0,133.0,0.986,Atlanta Braves,Truist Park,3191505.0,103.0,101.0,ATL,ATL,ATL
2023,AL,BAL,BAL,E,1,162,81.0,101,61,Y,N,N,N,807.0,5495.0,1399.0,309.0,28.0,183.0,512.0,1370.0,114.0,24.0,45.0,47.0,678.0,629.0,3.89,0.0,12.0,49.0,4361.0,1334.0,177.0,473.0,1431.0,71.0,140.0,0.988,Baltimore Orioles,Oriole Park at Camden Yards,1936798.0,96.0,96.0,BAL,BAL,BAL
2023,AL,BOS,BOS,E,5,162,81.0,78,84,N,N,N,N,772.0,5562.0,1437.0,339.0,19.0,182.0,486.0,1372.0,112.0,26.0,71.0,35.0,776.0,718.0,4.52,0.0,5.0,43.0,4290.0,1416.0,208.0,497.0,1423.0,102.0,137.0,0.982,Boston Red Sox,Fenway Park,2672130.0,106.0,106.0,BOS,BOS,BOS
2023,AL,CHA,CHW,C,4,162,81.0,61,101,N,N,N,N,641.0,5501.0,1308.0,264.0,13.0,171.0,377.0,1424.0,86.0,22.0,52.0,29.0,841.0,774.0,4.87,2.0,7.0,28.0,4295.0,1372.0,214.0,654.0,1470.0,95.0,117.0,0.983,Chicago White Sox,Guaranteed Rate Field,1669628.0,103.0,104.0,CHW,CHA,CHA
2023,NL,CHN,CHC,C,2,162,81.0,83,79,N,N,N,N,819.0,5504.0,1399.0,269.0,30.0,196.0,570.0,1391.0,140.0,34.0,77.0,52.0,723.0,651.0,4.08,1.0,13.0,35.0,4306.0,1328.0,179.0,513.0,1377.0,92.0,137.0,0.984,Chicago Cubs,Wrigley Field,2775149.0,103.0,102.0,CHC,CHN,CHN
2023,NL,CIN,CIN,C,3,162,81.0,82,80,N,N,N,N,783.0,5499.0,1371.0,268.0,37.0,198.0,556.0,1500.0,190.0,48.0,92.0,29.0,821.0,772.0,4.83,0.0,6.0,53.0,4318.0,1426.0,222.0,613.0,1381.0,91.0,125.0,0.984,Cincinnati Reds,Great American Ballpark,2038302.0,103.0,104.0,CIN,CIN,CIN
2023,AL,CLE,CLE,C,3,162,81.0,76,86,N,N,N,N,662.0,5513.0,1379.0,294.0,29.0,124.0,471.0,1142.0,151.0,36.0,55.0,44.0,697.0,635.0,3.96,1.0,13.0,47.0,4332.0,1352.0,173.0,534.0,1311.0,83.0,119.0,0.986,Cleveland Guardians,Progressive Field,1834068.0,97.0,97.0,CLE,CLE,CLE
2023,NL,COL,COL,W,5,162,81.0,59,103,N,N,N,N,721.0,5496.0,1368.0,305.0,31.0,163.0,447.0,1543.0,76.0,25.0,59.0,41.0,957.0,891.0,5.67,0.0,6.0,32.0,4242.0,1599.0,234.0,586.0,1129.0,81.0,169.0,0.986,Colorado Rockies,Coors Field,2607935.0,113.0,115.0,COL,COL,COL
2023,AL,DET,DET,C,2,162,81.0,78,84,N,N,N,N,661.0,5478.0,1292.0,245.0,29.0,165.0,508.0,1473.0,85.0,23.0,49.0,31.0,740.0,680.0,4.24,0.0,15.0,41.0,4327.0,1320.0,187.0,476.0,1374.0,100.0,129.0,0.983,Detroit Tigers,Comerica Park,1612876.0,102.0,103.0,DET,DET,DET
2023,AL,HOU,HOU,W,1,162,81.0,90,72,Y,N,N,N,827.0,5567.0,1441.0,280.0,22.0,222.0,550.0,1241.0,107.0,32.0,72.0,40.0,698.0,632.0,3.94,2.0,7.0,42.0,4336.0,1312.0,201.0,537.0,1460.0,81.0,144.0,0.986,Houston Astros,Minute Maid Park,3052347.0,100.0,98.0,HOU,HOU,HOU
2023,AL,KCA,KCR,C,5,162,81.0,56,106,N,N,N,N,676.0,5428.0,1325.0,258.0,43.0,163.0,411.0,1396.0,163.0,47.0,71.0,58.0,859.0,809.0,5.17,3.0,6.0,28.0,4227.0,1429.0,207.0,553.0,1270.0,80.0,123.0,0.986,Kansas City Royals,Kauffman Stadium,1307052.0,101.0,103.0,KCR,KCA,KCA
2023,AL,LAA,ANA,W,4,162,81.0,73,89,N,N,N,N,739.0,5489.0,1346.0,248.0,26.0,231.0,518.0,1524.0,72.0,31.0,79.0,46.0,829.0,738.0,4.64,1.0,9.0,43.0,4295.0,1394.0,209.0,636.0,1445.0,95.0,124.0,0.983,Los Angeles Angels of Anaheim,Angel Stadium of Anaheim,2640575.0,104.0,104.0,LAA,ANA,ANA
2023,NL,LAN,LAD,W,1,162,81.0,100,62,Y,N,N,N,906.0,5524.0,1422.0,303.0,20.0,249.0,644.0,1359.0,105.0,25.0,85.0,69.0,699.0,652.0,4.06,0.0,15.0,44.0,4339.0,1284.0,200.0,454.0,1388.0,76.0,139.0,0.987,Los Angeles Dodgers,Dodger Stadium,3837079.0,102.0,99.0,LAD,LAN,LAN
2023,NL,MIA,FLA,E,3,162,81.0,84,78,N,Y,N,N,666.0,5497.0,1423.0,258.0,23.0,166.0,430.0,1287.0,86.0,21.0,50.0,38.0,723.0,672.0,4.21,3.0,9.0,43.0,4306.0,1340.0,191.0,514.0,1490.0,98.0,144.0,0.983,Miami Marlins,loanDepot park,1162819.0,101.0,102.0,MIA,FLO,MIA
2023,NL,MIL,MIL,C,1,162,81.0,92,70,Y,N,N,N,728.0,5386.0,1290.0,257.0,16.0,165.0,591.0,1412.0,129.0,28.0,58.0,39.0,647.0,595.0,3.71,1.0,16.0,46.0,4329.0,1218.0,198.0,493.0,1425.0,77.0,117.0,0.987,Milwaukee Brewers,American Family Field,2551347.0,98.0,98.0,MIL,ML4,MIL
2023,AL,MIN,MIN,C,1,162,81.0,87,75,Y,N,N,N,778.0,5489.0,1336.0,264.0,24.0,233.0,594.0,1654.0,86.0,18.0,92.0,32.0,659.0,624.0,3.87,2.0,12.0,38.0,4354.0,1294.0,194.0,443.0,1560.0,66.0,116.0,0.988,Minnesota Twins,Target Field,1974124.0,101.0,100.0,MIN,MIN,MIN
2023,AL,NYA,NYY,E,4,162,81.0,82,80,N,N,N,N,673.0,5323.0,1207.0,221.0,15.0,219.0,557.0,1427.0,100.0,30.0,47.0,36.0,698.0,635.0,3.97,3.0,8.0,44.0,4319.0,1272.0,195.0,508.0,1439.0,96.0,113.0,0.984,New York Yankees,Yankee Stadium II,3269016.0,102.0,101.0,NYY,NYA,NYA
2023,NL,NYN,NYM,E,4,162,81.0,75,87,N,N,N,N,717.0,5363.0,1276.0,221.0,21.0,215.0,525.0,1331.0,118.0,15.0,107.0,38.0,729.0,676.0,4.3,1.0,7.0,34.0,4249.0,1331.0,190.0,595.0,1397.0,88.0,142.0,0.985,New York Mets,Citi Field,2573555.0,97.0,96.0,NYM,NYN,NYN
2023,AL,OAK,OAK,W,5,162,81.0,50,112,N,N,N,N,585.0,5311.0,1187.0,225.0,21.0,171.0,498.0,1496.0,149.0,31.0,85.0,36.0,924.0,865.0,5.48,0.0,5.0,29.0,4259.0,1464.0,213.0,694.0,1300.0,102.0,124.0,0.982,Oakland Athletics,Oakland-Alameda County Coliseum,832352.0,92.0,95.0,OAK,OAK,OAK
2023,NL,PHI,PHI,E,2,162,81.0,90,72,N,Y,N,N,796.0,5541.0,1417.0,291.0,29.0,220.0,539.0,1481.0,141.0,26.0,69.0,42.0,715.0,646.0,4.03,1.0,4.0,45.0,4327.0,1318.0,185.0,470.0,1454.0,91.0,117.0,0.984,Philadelphia Phillies,Citizens Bank Park,3052605.0,98.0,98.0,PHI,PHI,PHI
2023,NL,PIT,PIT,C,4,162,81.0,76,86,N,N,N,N,692.0,5406.0,1293.0,287.0,31.0,159.0,556.0,1464.0,117.0,41.0,58.0,43.0,790.0,731.0,4.6,2.0,10.0,47.0,4290.0,1380.0,179.0,596.0,1363.0,91.0,135.0,0.984,Pittsburgh Pirates,PNC Park,1630624.0,99.0,101.0,PIT,PIT,PIT
2023,NL,SDN,SDP,W,3,162,81.0,82,80,N,N,N,N,752.0,5401.0,1316.0,273.0,14.0,205.0,653.0,1311.0,137.0,32.0,57.0,44.0,648.0,598.0,3.73,0.0,16.0,36.0,4323.0,1270.0,174.0,557.0,1445.0,73.0,130.0,0.988,San Diego Padres,PETCO Park,3271554.0,94.0,93.0,SDP,SDN,SDN
2023,AL,SEA,SEA,W,3,162,81.0,88,74,N,N,N,N,758.0,5500.0,1332.0,283.0,12.0,210.0,548.0,1603.0,118.0,30.0,111.0,37.0,659.0,602.0,3.74,2.0,18.0,44.0,4348.0,1300.0,184.0,421.0,1459.0,73.0,123.0,0.987,Seattle Mariners,T-Mobile Park,2690418.0,95.0,94.0,SEA,SEA,SEA
2023,NL,SFN,SFG,W,4,162,81.0,79,83,N,N,N,N,674.0,5412.0,1271.0,256.0,13.0,174.0,544.0,1492.0,57.0,16.0,81.0,39.0,719.0,641.0,4.02,4.0,11.0,50.0,4304.0,1395.0,173.0,403.0,1359.0,117.0,143.0,0.981,San Francisco Giants,Oracle Park,2500153.0,96.0,96.0,SFG,SFN,SFN
2023,NL,SLN,STL,C,5,162,81.0,71,91,N,N,N,N,719.0,5510.0,1376.0,264.0,12.0,209.0,570.0,1326.0,101.0,29.0,70.0,37.0,829.0,760.0,4.79,0.0,10.0,36.0,4285.0,1549.0,179.0,530.0,1215.0,67.0,154.0,0.989,St. Louis Cardinals,Busch Stadium III,3241091.0,99.0,99.0,STL,SLN,SLN
2023,AL,TBA,TBD,E,2,162,81.0,99,63,N,Y,N,N,860.0,5511.0,1432.0,282.0,24.0,230.0,514.0,1420.0,160.0,41.0,95.0,38.0,665.0,618.0,3.86,0.0,14.0,45.0,4326.0,1258.0,177.0,439.0,1507.0,75.0,114.0,0.987,Tampa Bay Rays,Tropicana Field,1440301.0,98.0,97.0,TBR,TBA,TBA
2023,AL,TEX,TEX,W,2,162,81.0,90,72,N,Y,Y,Y,881.0,5595.0,1470.0,326.0,18.0,233.0,599.0,1416.0,79.0,19.0,53.0,47.0,716.0,683.0,4.28,3.0,13.0,30.0,4309.0,1330.0,198.0,491.0,1351.0,57.0,143.0,0.99,Texas Rangers,Globe Life Field,2533044.0,104.0,104.0,TEX,TEX,TEX
2023,AL,TOR,TOR,E,3,162,81.0,89,73,N,Y,N,N,746.0,5562.0,1423.0,292.0,19.0,188.0,550.0,1303.0,99.0,34.0,69.0,32.0,671.0,610.0,3.78,1.0,15.0,51.0,4355.0,1326.0,198.0,488.0,1528.0,71.0,125.0,0.988,Toronto Blue Jays,Rogers Centre,3021904.0,99.0,99.0,TOR,TOR,TOR
2023,NL,WAS,WSN,E,5,162,81.0,71,91,N,N,N,N,700.0,5522.0,1401.0,279.0,26.0,151.0,423.0,1149.0,127.0,29.0,78.0,38.0,845.0,797.0,5.02,0.0,3.0,42.0,4285.0,1512.0,245.0,592.0,1225.0,90.0,158.0,0.985,Washington Nationals,Nationals Park,1865832.0,96.0,98.0,WSN,MON,WAS
2024,NL,ARI,ARI,W,3,162,81.0,89,73,N,N,N,N,886.0,5522.0,1452.0,271.0,37.0,211.0,569.0,1265.0,119.0,30.0,84.0,66.0,788.0,742.0,4.63,0.0,10.0,38.0,4330.0,1468.0,181.0,481.0,1313.0,62.0,138.0,0.989,Arizona Diamondbacks,Chase Field,2341876.0,101.0,101.0,ARI,ARI,ARI
2024,NL,ATL,ATL,E,2,162,81.0,89,73,N,Y,N,N,704.0,5481.0,1333.0,273.0,15.0,213.0,485.0,1461.0,69.0,20.0,58.0,39.0,607.0,559.0,3.49,2.0,17.0,40.0,4330.0,1277.0,150.0,449.0,1553.0,68.0,131.0,0.988,Atlanta Braves,Truist Park,3011755.0,102.0,101.0,ATL,ATL,ATL
2024,AL,BAL,BAL,E,2,162,81.0,91,71,N,Y,N,N,786.0,5567.0,1391.0,262.0,33.0,235.0,489.0,1359.0,98.0,25.0,64.0,45.0,699.0,632.0,3.94,0.0,9.0,46.0,4326.0,1303.0,175.0,481.0,1380.0,81.0,100.0,0.986,Baltimore Orioles,Oriole Park at Camden Yards,2281129.0,95.0,94.0,BAL,BAL,BAL
2024,AL,BOS,BOS,E,3,162,81.0,81,81,N,N,N,N,751.0,5577.0,1404.0,311.0,30.0,194.0,493.0,1570.0,144.0,44.0,73.0,40.0,747.0,654.0,4.05,1.0,13.0,40.0,4358.0,1363.0,189.0,461.0,1353.0,115.0,117.0,0.981,Boston Red Sox,Fenway Park,2659949.0,104.0,104.0,BOS,BOS,BOS
2024,AL,CHA,CHW,C,5,162,81.0,41,121,N,N,N,N,507.0,5383.0,1187.0,226.0,9.0,133.0,395.0,1403.0,90.0,33.0,43.0,27.0,813.0,737.0,4.67,0.0,7.0,21.0,4260.0,1397.0,201.0,643.0,1366.0,90.0,115.0,0.984,Chicago White Sox,Guaranteed Rate Field,1380733.0,101.0,103.0,CHW,CHA,CHA
2024,NL,CHN,CHC,C,3,162,81.0,83,79,N,N,N,N,736.0,5441.0,1318.0,253.0,29.0,170.0,546.0,1362.0,143.0,30.0,70.0,41.0,669.0,603.0,3.79,1.0,11.0,38.0,4297.0,1302.0,181.0,485.0,1348.0,76.0,91.0,0.987,Chicago Cubs,Wrigley Field,2909794.0,97.0,96.0,CHC,CHN,CHN
2024,NL,CIN,CIN,C,4,162,81.0,77,85,N,N,N,N,699.0,5325.0,1230.0,257.0,29.0,174.0,496.0,1459.0,207.0,45.0,87.0,43.0,694.0,649.0,4.09,1.0,8.0,36.0,4284.0,1302.0,196.0,487.0,1370.0,96.0,100.0,0.983,Cincinnati Reds,Great American Ballpark,2024178.0,107.0,107.0,CIN,CIN,CIN
2024,AL,CLE,CLE,C,1,161,80.0,92,69,Y,N,N,N,708.0,5310.0,1263.0,245.0,18.0,185.0,466.0,1196.0,148.0,46.0,87.0,43.0,621.0,572.0,3.61,0.0,12.0,53.0,4284.0,1224.0,179.0,492.0,1410.0,87.0,130.0,0.985,Cleveland Guardians,Progressive Field,2056264.0,101.0,100.0,CLE,CLE,CLE
2024,NL,COL,COL,W,5,162,81.0,61,101,N,N,N,N,682.0,5454.0,1319.0,277.0,25.0,179.0,453.0,1617.0,85.0,31.0,51.0,45.0,929.0,869.0,5.48,0.0,1.0,37.0,4280.0,1604.0,221.0,563.0,1118.0,82.0,164.0,0.986,Colorado Rockies,Coors Field,2540195.0,110.0,113.0,COL,COL,COL
2024,AL,DET,DET,C,3,162,81.0,86,76,N,Y,N,N,682.0,5442.0,1273.0,244.0,47.0,162.0,476.0,1461.0,76.0,24.0,52.0,41.0,642.0,583.0,3.63,1.0,10.0,45.0,4341.0,1265.0,159.0,416.0,1354.0,80.0,129.0,0.986,Detroit Tigers,Comerica Park,1858295.0,101.0,100.0,DET,DET,DET
2024,AL,HOU,HOU,W,1,161,81.0,88,73,Y,N,N,N,740.0,5530.0,1448.0,264.0,16.0,190.0,448.0,1176.0,93.0,24.0,67.0,46.0,649.0,597.0,3.75,2.0,11.0,43.0,4296.0,1238.0,183.0,544.0,1479.0,84.0,130.0,0.985,Houston Astros,Minute Maid Park,2835234.0,101.0,100.0,HOU,HOU,HOU
2024,AL,KCA,KCR,C,2,162,81.0,86,76,N,Y,N,N,735.0,5421.0,1343.0,264.0,35.0,170.0,429.0,1161.0,134.0,31.0,52.0,54.0,644.0,596.0,3.76,2.0,11.0,41.0,4284.0,1303.0,146.0,472.0,1339.0,85.0,125.0,0.985,Kansas City Royals,Kauffman Stadium,1658347.0,102.0,103.0,KCR,KCA,KCA
2024,AL,LAA,ANA,W,5,162,81.0,63,99,N,N,N,N,635.0,5357.0,1227.0,227.0,15.0,165.0,482.0,1416.0,133.0,50.0,86.0,35.0,797.0,726.0,4.57,0.0,7.0,35.0,4293.0,1328.0,202.0,601.0,1252.0,97.0,152.0,0.983,Los Angeles Angels of Anaheim,Angel Stadium of Anaheim,2577597.0,102.0,104.0,LAA,ANA,ANA
2024,NL,LAN,LAD,W,1,162,81.0,98,64,Y,N,Y,Y,842.0,5522.0,1423.0,291.0,26.0,233.0,602.0,1336.0,136.0,23.0,64.0,51.0,686.0,629.0,3.92,1.0,13.0,50.0,4337.0,1273.0,198.0,501.0,1390.0,88.0,119.0,0.985,Los Angeles Dodgers,Dodger Stadium,3941251.0,96.0,95.0,LAD,LAN,LAN
2024,NL,MIA,FLA,E,5,162,81.0,62,100,N,N,N,N,637.0,5522.0,1347.0,243.0,23.0,150.0,403.0,1410.0,125.0,43.0,55.0,41.0,841.0,758.0,4.75,1.0,7.0,33.0,4312.0,1431.0,195.0,556.0,1317.0,117.0,123.0,0.98,Miami Marlins,loanDepot park,1087455.0,104.0,105.0,MIA,FLO,MIA
2024,NL,MIL,MIL,C,1,162,81.0,93,69,Y,N,N,N,777.0,5472.0,1359.0,249.0,33.0,177.0,597.0,1459.0,217.0,42.0,46.0,34.0,641.0,586.0,3.65,0.0,14.0,53.0,4338.0,1289.0,196.0,494.0,1373.0,89.0,113.0,0.985,Milwaukee Brewers,American Family Field,2537202.0,99.0,98.0,MIL,ML4,MIL
2024,AL,MIN,MIN,C,4,162,81.0,82,80,N,N,N,N,742.0,5490.0,1352.0,309.0,23.0,183.0,473.0,1306.0,65.0,23.0,101.0,47.0,735.0,682.0,4.26,1.0,8.0,43.0,4321.0,1333.0,190.0,433.0,1500.0,70.0,75.0,0.988,Minnesota Twins,Target Field,1951616.0,104.0,104.0,MIN,MIN,MIN
2024,AL,NYA,NYY,E,1,162,81.0,94,68,Y,N,Y,N,815.0,5450.0,1352.0,243.0,15.0,237.0,672.0,1326.0,88.0,26.0,49.0,57.0,668.0,607.0,3.76,0.0,14.0,45.0,4358.0,1272.0,181.0,533.0,1457.0,93.0,112.0,0.984,New York Yankees,Yankee Stadium II,3309838.0,102.0,101.0,NYY,NYA,NYA
2024,NL,NYN,NYM,E,3,162,81.0,89,73,N,Y,N,N,768.0,5510.0,1357.0,279.0,15.0,207.0,514.0,1382.0,106.0,22.0,92.0,36.0,697.0,634.0,3.96,1.0,9.0,39.0,4327.0,1232.0,165.0,586.0,1455.0,94.0,127.0,0.984,New York Mets,Citi Field,2329299.0,94.0,93.0,NYM,NYN,NYN
2024,AL,OAK,OAK,W,4,162,81.0,69,93,N,N,N,N,643.0,5432.0,1267.0,240.0,19.0,196.0,493.0,1502.0,98.0,26.0,53.0,37.0,764.0,698.0,4.37,1.0,12.0,35.0,4310.0,1385.0,169.0,530.0,1263.0,84.0,142.0,0.985,Oakland Athletics,Oakland-Alameda County Coliseum,922286.0,96.0,98.0,OAK,OAK,OAK
2024,NL,PHI,PHI,E,1,162,81.0,95,67,Y,N,N,N,784.0,5534.0,1423.0,285.0,24.0,198.0,515.0,1370.0,148.0,30.0,62.0,40.0,671.0,618.0,3.86,5.0,14.0,37.0,4328.0,1339.0,181.0,444.0,1433.0,85.0,120.0,0.986,Philadelphia Phillies,Citizens Bank Park,3363712.0,102.0,102.0,PHI,PHI,PHI
2024,NL,PIT,PIT,C,5,162,81.0,76,86,N,N,N,N,665.0,5477.0,1283.0,236.0,17.0,160.0,485.0,1506.0,106.0,19.0,60.0,47.0,739.0,667.0,4.17,1.0,12.0,43.0,4316.0,1369.0,166.0,515.0,1356.0,91.0,139.0,0.984,Pittsburgh Pirates,PNC Park,1720361.0,101.0,102.0,PIT,PIT,PIT
2024,NL,SDN,SDP,W,2,162,81.0,93,69,N,Y,N,N,760.0,5526.0,1456.0,259.0,18.0,190.0,458.0,1077.0,120.0,28.0,56.0,31.0,669.0,617.0,3.86,1.0,16.0,44.0,4318.0,1296.0,169.0,462.0,1453.0,75.0,116.0,0.987,San Diego Padres,PETCO Park,3330545.0,100.0,99.0,SDP,SDN,SDN
2024,AL,SEA,SEA,W,2,162,81.0,85,77,N,N,N,N,676.0,5330.0,1195.0,228.0,13.0,185.0,571.0,1625.0,140.0,28.0,116.0,34.0,607.0,556.0,3.49,1.0,15.0,34.0,4299.0,1174.0,183.0,369.0,1416.0,79.0,95.0,0.986,Seattle Mariners,T-Mobile Park,2555813.0,92.0,92.0,SEA,SEA,SEA
2024,NL,SFN,SFG,W,4,162,81.0,80,82,N,N,N,N,693.0,5460.0,1303.0,266.0,30.0,177.0,492.0,1452.0,68.0,22.0,52.0,47.0,699.0,653.0,4.1,2.0,12.0,36.0,4301.0,1339.0,153.0,526.0,1436.0,87.0,135.0,0.985,San Francisco Giants,Oracle Park,2647736.0,93.0,93.0,SFG,SFN,SFN
2024,NL,SLN,STL,C,2,162,81.0,83,79,N,N,N,N,672.0,5507.0,1363.0,257.0,21.0,165.0,478.0,1318.0,91.0,29.0,56.0,47.0,719.0,652.0,4.06,0.0,9.0,55.0,4332.0,1363.0,174.0,454.0,1308.0,75.0,155.0,0.987,St. Louis Cardinals,Busch Stadium III,2878115.0,100.0,100.0,STL,SLN,SLN
2024,AL,TBA,TBD,E,4,162,81.0,80,82,N,N,N,N,604.0,5389.0,1241.0,245.0,23.0,147.0,493.0,1485.0,178.0,53.0,78.0,32.0,663.0,605.0,3.78,0.0,12.0,51.0,4322.0,1286.0,196.0,445.0,1406.0,90.0,108.0,0.984,Tampa Bay Rays,Tropicana Field,1337739.0,99.0,99.0,TBR,TBA,TBA
2024,AL,TEX,TEX,W,3,162,81.0,78,84,N,N,N,N,683.0,5472.0,1302.0,220.0,15.0,176.0,490.0,1284.0,97.0,25.0,55.0,30.0,738.0,694.0,4.37,0.0,12.0,38.0,4283.0,1323.0,198.0,530.0,1371.0,73.0,106.0,0.987,Texas Rangers,Globe Life Field,2651553.0,96.0,96.0,TEX,TEX,TEX
2024,AL,TOR,TOR,E,5,162,81.0,74,88,N,N,N,N,671.0,5410.0,1306.0,280.0,26.0,156.0,510.0,1233.0,72.0,16.0,78.0,45.0,743.0,681.0,4.29,3.0,9.0,36.0,4282.0,1316.0,208.0,503.0,1314.0,92.0,125.0,0.984,Toronto Blue Jays,Rogers Centre,2681236.0,103.0,103.0,TOR,TOR,TOR
2024,NL,WAS,WSN,E,4,162,81.0,71,91,N,N,N,N,660.0,5374.0,1306.0,267.0,18.0,135.0,456.0,1220.0,223.0,73.0,73.0,40.0,764.0,685.0,4.3,0.0,6.0,40.0,4302.0,1429.0,168.0,473.0,1314.0,109.0,155.0,0.981,Washington Nationals,Nationals Park,1967302.0,96.0,98.0,WSN,MON,WAS
2025,NL,ARI,ARI,W,4,162,81.0,80,82,N,N,N,N,791.0,5480.0,1377.0,277.0,38.0,214.0,545.0,1316.0,121.0,39.0,81.0,64.0,785.0,721.0,4.49,0.0,9.0,42.0,4332.0,1403.0,196.0,500.0,1288.0,84.0,125.0,0.986,Arizona Diamondbacks,Chase Field,2393973.0,102.0,102.0,ARI,ARI,ARI
2025,AL,ATH,OAK,W,4,162,81.0,76,86,N,N,N,N,733.0,5547.0,1403.0,296.0,16.0,219.0,502.0,1406.0,80.0,28.0,44.0,35.0,817.0,753.0,4.71,0.0,11.0,35.0,4313.0,1387.0,222.0,570.0,1323.0,88.0,109.0,0.984,Athletics,Sutter Health Park,768464.0,102.0,102.0,ATH,OAK,ATH
2025,NL,ATL,ATL,E,4,162,81.0,76,86,N,N,N,N,724.0,5508.0,1349.0,243.0,19.0,190.0,575.0,1371.0,82.0,25.0,51.0,36.0,734.0,697.0,4.36,1.0,8.0,34.0,4314.0,1348.0,197.0,530.0,1416.0,54.0,109.0,0.991,Atlanta Braves,Truist Park,2903167.0,98.0,98.0,ATL,ATL,ATL
2025,AL,BAL,BAL,E,5,162,81.0,75,87,N,N,N,N,677.0,5416.0,1273.0,251.0,19.0,191.0,484.0,1457.0,121.0,37.0,75.0,41.0,788.0,735.0,4.62,1.0,7.0,38.0,4298.0,1433.0,217.0,523.0,1351.0,88.0,121.0,0.985,Baltimore Orioles,Oriole Park at Camden Yards,1803655.0,98.0,98.0,BAL,BAL,BAL
2025,AL,BOS,BOS,E,3,162,81.0,89,73,N,Y,N,N,786.0,5562.0,1414.0,324.0,24.0,186.0,518.0,1419.0,139.0,38.0,72.0,41.0,676.0,598.0,3.72,2.0,11.0,45.0,4345.0,1333.0,164.0,530.0,1361.0,116.0,131.0,0.98,Boston Red Sox,Fenway Park,2776496.0,101.0,100.0,BOS,BOS,BOS
2025,AL,CHA,CHW,C,5,162,81.0,60,102,N,N,N,N,647.0,5377.0,1250.0,243.0,10.0,165.0,498.0,1364.0,85.0,21.0,49.0,36.0,742.0,674.0,4.28,0.0,9.0,25.0,4248.0,1336.0,189.0,595.0,1286.0,100.0,131.0,0.982,Chicago White Sox,Rate Field,1445738.0,100.0,102.0,CHW,CHA,CHA
2025,NL,CHN,CHC,C,2,162,81.0,92,70,N,Y,N,N,793.0,5495.0,1371.0,267.0,29.0,223.0,554.0,1277.0,161.0,35.0,46.0,55.0,649.0,607.0,3.81,0.0,15.0,44.0,4305.0,1284.0,202.0,405.0,1265.0,60.0,117.0,0.989,Chicago Cubs,Wrigley Field,3017983.0,92.0,91.0,CHC,CHN,CHN
2025,NL,CIN,CIN,C,3,162,81.0,83,79,N,Y,N,N,716.0,5448.0,1333.0,250.0,23.0,167.0,527.0,1415.0,105.0,30.0,51.0,44.0,681.0,616.0,3.86,4.0,9.0,41.0,4305.0,1260.0,190.0,494.0,1380.0,87.0,101.0,0.985,Cincinnati Reds,Great American Ballpark,2170963.0,108.0,108.0,CIN,CIN,CIN
2025,AL,CLE,CLE,C,1,162,81.0,88,74,Y,N,N,N,643.0,5310.0,1199.0,243.0,18.0,168.0,494.0,1344.0,129.0,34.0,60.0,50.0,649.0,593.0,3.7,2.0,16.0,47.0,4326.0,1291.0,169.0,527.0,1381.0,99.0,121.0,0.983,Cleveland Guardians,Progressive Field,2051360.0,102.0,102.0,CLE,CLE,CLE
2025,NL,COL,COL,W,5,162,81.0,43,119,N,N,N,N,597.0,5408.0,1281.0,253.0,37.0,160.0,395.0,1531.0,87.0,39.0,48.0,35.0,1021.0,937.0,5.99,0.0,3.0,29.0,4222.0,1673.0,251.0,554.0,1093.0,110.0,155.0,0.981,Colorado Rockies,Coors Field,2404613.0,112.0,115.0,COL,COL,COL
2025,AL,DET,DET,C,2,162,81.0,87,75,N,Y,N,N,758.0,5456.0,1346.0,244.0,36.0,198.0,511.0,1454.0,61.0,16.0,65.0,50.0,691.0,634.0,3.97,1.0,17.0,40.0,4309.0,1309.0,187.0,485.0,1375.0,79.0,128.0,0.986,Detroit Tigers,Comerica Park,2413442.0,102.0,101.0,DET,DET,DET
2025,AL,HOU,HOU,W,2,162,81.0,87,75,N,N,N,N,686.0,5490.0,1372.0,247.0,12.0,182.0,471.0,1301.0,85.0,28.0,71.0,38.0,665.0,619.0,3.86,3.0,12.0,45.0,4326.0,1257.0,199.0,508.0,1504.0,70.0,105.0,0.988,Houston Astros,Daikin Park,2727877.0,102.0,102.0,HOU,HOU,HOU
2025,AL,KCA,KCR,C,3,162,81.0,82,80,N,N,N,N,651.0,5431.0,1342.0,292.0,22.0,159.0,435.0,1096.0,111.0,42.0,69.0,41.0,637.0,596.0,3.73,0.0,10.0,47.0,4310.0,1308.0,171.0,478.0,1271.0,62.0,132.0,0.989,Kansas City Royals,Kauffman Stadium,1748801.0,100.0,100.0,KCR,KCA,KCA
2025,AL,LAA,ANA,W,5,162,81.0,72,90,N,N,N,N,673.0,5374.0,1209.0,212.0,17.0,226.0,484.0,1627.0,88.0,27.0,87.0,35.0,837.0,777.0,4.89,0.0,8.0,38.0,4294.0,1429.0,223.0,620.0,1280.0,97.0,158.0,0.983,Los Angeles Angels of Anaheim,Angel Stadium of Anaheim,2615506.0,102.0,104.0,LAA,ANA,ANA
2025,NL,LAN,LAD,W,1,162,81.0,93,69,Y,N,Y,Y,825.0,5481.0,1384.0,257.0,21.0,244.0,580.0,1353.0,88.0,25.0,56.0,54.0,683.0,633.0,3.95,0.0,10.0,46.0,4323.0,1250.0,175.0,563.0,1505.0,68.0,102.0,0.988,Los Angeles Dodgers,Dodger Stadium,4012470.0,99.0,98.0,LAD,LAN,LAN
2025,NL,MIA,FLA,E,3,162,81.0,79,83,N,N,N,N,709.0,5543.0,1388.0,272.0,29.0,154.0,482.0,1247.0,138.0,44.0,54.0,44.0,798.0,737.0,4.6,0.0,11.0,40.0,4330.0,1376.0,199.0,507.0,1294.0,85.0,107.0,0.985,Miami Marlins,loanDepot park,1156777.0,102.0,104.0,MIA,FLO,MIA
2025,NL,MIL,MIL,C,1,162,81.0,97,65,Y,N,N,N,806.0,5510.0,1423.0,265.0,18.0,166.0,564.0,1266.0,164.0,53.0,73.0,50.0,634.0,575.0,3.59,0.0,12.0,45.0,4326.0,1237.0,168.0,534.0,1432.0,76.0,122.0,0.987,Milwaukee Brewers,American Family Field,2650089.0,100.0,98.0,MIL,ML4,MIL
2025,AL,MIN,MIN,C,4,162,81.0,70,92,N,N,N,N,678.0,5432.0,1295.0,249.0,20.0,191.0,495.0,1372.0,114.0,34.0,88.0,34.0,773.0,721.0,4.55,1.0,10.0,28.0,4280.0,1411.0,194.0,459.0,1372.0,85.0,98.0,0.985,Minnesota Twins,Target Field,1768728.0,104.0,104.0,MIN,MIN,MIN
2025,AL,NYA,NYY,E,2,162,81.0,94,68,N,Y,N,N,849.0,5471.0,1371.0,255.0,20.0,274.0,639.0,1463.0,134.0,38.0,55.0,54.0,685.0,625.0,3.91,0.0,11.0,43.0,4319.0,1239.0,175.0,557.0,1440.0,94.0,105.0,0.984,New York Yankees,Yankee Stadium II,3392659.0,100.0,99.0,NYY,NYA,NYA
2025,NL,NYN,NYM,E,2,162,81.0,83,79,N,N,N,N,766.0,5457.0,1359.0,262.0,19.0,224.0,563.0,1325.0,147.0,18.0,87.0,53.0,715.0,643.0,4.04,1.0,9.0,40.0,4296.0,1338.0,149.0,556.0,1387.0,79.0,119.0,0.986,New York Mets,Citi Field,3184570.0,96.0,95.0,NYM,NYN,NYN
2025,NL,PHI,PHI,E,1,162,81.0,96,66,Y,N,N,N,778.0,5517.0,1426.0,268.0,24.0,212.0,528.0,1337.0,124.0,30.0,60.0,42.0,648.0,607.0,3.79,2.0,14.0,47.0,4321.0,1342.0,177.0,435.0,1471.0,62.0,105.0,0.989,Philadelphia Phillies,Citizens Bank Park,3375457.0,105.0,104.0,PHI,PHI,PHI
2025,NL,PIT,PIT,C,5,162,81.0,71,91,N,N,N,N,583.0,5375.0,1244.0,245.0,21.0,117.0,530.0,1422.0,115.0,36.0,54.0,32.0,645.0,598.0,3.76,1.0,19.0,36.0,4292.0,1267.0,153.0,473.0,1314.0,77.0,118.0,0.986,Pittsburgh Pirates,PNC Park,1525025.0,101.0,101.0,PIT,PIT,PIT
2025,NL,SDN,SDP,W,2,162,81.0,90,72,N,Y,N,N,702.0,5424.0,1369.0,254.0,18.0,152.0,510.0,1161.0,106.0,30.0,58.0,45.0,621.0,580.0,3.64,2.0,17.0,49.0,4299.0,1197.0,178.0,535.0,1425.0,74.0,117.0,0.987,San Diego Padres,Petco Park,3437201.0,102.0,101.0,SDP,SDN,SDN
2025,AL,SEA,SEA,W,1,162,81.0,90,72,Y,N,N,N,766.0,5502.0,1345.0,234.0,9.0,238.0,544.0,1446.0,161.0,37.0,89.0,38.0,694.0,629.0,3.87,0.0,11.0,43.0,4388.0,1331.0,192.0,454.0,1426.0,69.0,118.0,0.988,Seattle Mariners,T-Mobile Park,2538053.0,92.0,92.0,SEA,SEA,SEA
2025,NL,SFN,SFG,W,3,162,81.0,81,81,N,N,N,N,705.0,5375.0,1261.0,239.0,28.0,173.0,556.0,1380.0,68.0,24.0,66.0,52.0,684.0,612.0,3.84,1.0,7.0,41.0,4301.0,1353.0,143.0,506.0,1358.0,96.0,134.0,0.984,San Francisco Giants,Oracle Park,2925823.0,94.0,94.0,SFG,SFN,SFN
2025,NL,SLN,STL,C,4,162,81.0,78,84,N,N,N,N,689.0,5433.0,1331.0,264.0,9.0,148.0,478.0,1321.0,89.0,27.0,88.0,40.0,754.0,684.0,4.3,2.0,13.0,42.0,4296.0,1434.0,170.0,461.0,1209.0,80.0,124.0,0.987,St. Louis Cardinals,Busch Stadium III,2250007.0,97.0,97.0,STL,SLN,SLN
2025,AL,TBA,TBD,E,4,162,81.0,77,85,N,N,N,N,714.0,5470.0,1374.0,242.0,16.0,182.0,468.0,1397.0,194.0,48.0,46.0,43.0,683.0,627.0,3.94,1.0,11.0,35.0,4294.0,1273.0,205.0,474.0,1416.0,81.0,147.0,0.986,Tampa Bay Rays,Steinbrenner Field ,786750.0,100.0,100.0,TBR,TBA,TBA
2025,AL,TEX,TEX,W,3,162,81.0,81,81,N,N,N,N,684.0,5443.0,1275.0,245.0,15.0,175.0,486.0,1327.0,134.0,33.0,63.0,40.0,605.0,560.0,3.49,2.0,14.0,37.0,4329.0,1235.0,172.0,463.0,1344.0,51.0,122.0,0.991,Texas Rangers,Globe Life Field,2397071.0,89.0,89.0,TEX,TEX,TEX
2025,AL,TOR,TOR,E,1,162,81.0,94,68,Y,N,Y,N,798.0,5507.0,1461.0,294.0,13.0,191.0,520.0,1099.0,77.0,25.0,65.0,45.0,721.0,669.0,4.19,2.0,8.0,42.0,4314.0,1313.0,209.0,517.0,1430.0,86.0,118.0,0.985,Toronto Blue Jays,Rogers Centre,2849935.0,104.0,104.0,TOR,TOR,TOR
2025,NL,WAS,WSN,E,5,162,81.0,66,96,N,N,N,N,687.0,5422.0,1313.0,258.0,28.0,161.0,443.0,1351.0,132.0,48.0,57.0,40.0,899.0,846.0,5.35,0.0,9.0,37.0,4270.0,1491.0,214.0,566.0,1248.0,94.0,131.0,0.984,Washington Nationals,Nationals Park,1916768.0,96.0,97.0,WSN,MON,WAS
2026,NL,ARI,ARI,W,4,0,0.0,0,0,N,N,N,N,0.0,0.0,0.0,0.0,0.0,0.0,0.0,0.0,0.0,0.0,0.0,0.0,0.0,0.0,0.0,0.0,0.0,0.0,0.0,0.0,0.0,0.0,0.0,0.0,0.0,0.0,Arizona Diamondbacks,Chase Field,2393973.0,102.0,102.0,ARI,ARI,ARI
2026,AL,ATH,OAK,W,4,0,0.0,0,0,N,N,N,N,0.0,0.0,0.0,0.0,0.0,0.0,0.0,0.0,0.0,0.0,0.0,0.0,0.0,0.0,0.0,0.0,0.0,0.0,0.0,0.0,0.0,0.0,0.0,0.0,0.0,0.0,Athletics,Sutter Health Park,768464.0,102.0,102.0,ATH,OAK,ATH
2026,NL,ATL,ATL,E,4,0,0.0,0,0,N,N,N,N,0.0,0.0,0.0,0.0,0.0,0.0,0.0,0.0,0.0,0.0,0.0,0.0,0.0,0.0,0.0,0.0,0.0,0.0,0.0,0.0,0.0,0.0,0.0,0.0,0.0,0.0,Atlanta Braves,Truist Park,2903167.0,98.0,98.0,ATL,ATL,ATL
2026,AL,BAL,BAL,E,5,0,0.0,0,0,N,N,N,N,0.0,0.0,0.0,0.0,0.0,0.0,0.0,0.0,0.0,0.0,0.0,0.0,0.0,0.0,0.0,0.0,0.0,0.0,0.0,0.0,0.0,0.0,0.0,0.0,0.0,0.0,Baltimore Orioles,Oriole Park at Camden Yards,1803655.0,98.0,98.0,BAL,BAL,BAL
2026,AL,BOS,BOS,E,3,0,0.0,0,0,N,Y,N,N,0.0,0.0,0.0,0.0,0.0,0.0,0.0,0.0,0.0,0.0,0.0,0.0,0.0,0.0,0.0,0.0,0.0,0.0,0.0,0.0,0.0,0.0,0.0,0.0,0.0,0.0,Boston Red Sox,Fenway Park,2776496.0,101.0,100.0,BOS,BOS,BOS
2026,AL,CHA,CHW,C,5,0,0.0,0,0,N,N,N,N,0.0,0.0,0.0,0.0,0.0,0.0,0.0,0.0,0.0,0.0,0.0,0.0,0.0,0.0,0.0,0.0,0.0,0.0,0.0,0.0,0.0,0.0,0.0,0.0,0.0,0.0,Chicago White Sox,Rate Field,1445738.0,100.0,102.0,CHW,CHA,CHA
2026,NL,CHN,CHC,C,2,0,0.0,0,0,N,Y,N,N,0.0,0.0,0.0,0.0,0.0,0.0,0.0,0.0,0.0,0.0,0.0,0.0,0.0,0.0,0.0,0.0,0.0,0.0,0.0,0.0,0.0,0.0,0.0,0.0,0.0,0.0,Chicago Cubs,Wrigley Field,3017983.0,92.0,91.0,CHC,CHN,CHN
2026,NL,CIN,CIN,C,3,0,0.0,0,0,N,Y,N,N,0.0,0.0,0.0,0.0,0.0,0.0,0.0,0.0,0.0,0.0,0.0,0.0,0.0,0.0,0.0,0.0,0.0,0.0,0.0,0.0,0.0,0.0,0.0,0.0,0.0,0.0,Cincinnati Reds,Great American Ballpark,2170963.0,108.0,108.0,CIN,CIN,CIN
2026,AL,CLE,CLE,C,1,0,0.0,0,0,Y,N,N,N,0.0,0.0,0.0,0.0,0.0,0.0,0.0,0.0,0.0,0.0,0.0,0.0,0.0,0.0,0.0,0.0,0.0,0.0,0.0,0.0,0.0,0.0,0.0,0.0,0.0,0.0,Cleveland Guardians,Progressive Field,2051360.0,102.0,102.0,CLE,CLE,CLE
2026,NL,COL,COL,W,5,0,0.0,0,0,N,N,N,N,0.0,0.0,0.0,0.0,0.0,0.0,0.0,0.0,0.0,0.0,0.0,0.0,0.0,0.0,0.0,0.0,0.0,0.0,0.0,0.0,0.0,0.0,0.0,0.0,0.0,0.0,Colorado Rockies,Coors Field,2404613.0,112.0,115.0,COL,COL,COL
2026,AL,DET,DET,C,2,0,0.0,0,0,N,Y,N,N,0.0,0.0,0.0,0.0,0.0,0.0,0.0,0.0,0.0,0.0,0.0,0.0,0.0,0.0,0.0,0.0,0.0,0.0,0.0,0.0,0.0,0.0,0.0,0.0,0.0,0.0,Detroit Tigers,Comerica Park,2413442.0,102.0,101.0,DET,DET,DET
2026,AL,HOU,HOU,W,2,0,0.0,0,0,N,N,N,N,0.0,0.0,0.0,0.0,0.0,0.0,0.0,0.0,0.0,0.0,0.0,0.0,0.0,0.0,0.0,0.0,0.0,0.0,0.0,0.0,0.0,0.0,0.0,0.0,0.0,0.0,Houston Astros,Daikin Park,2727877.0,102.0,102.0,HOU,HOU,HOU
2026,AL,KCA,KCR,C,3,0,0.0,0,0,N,N,N,N,0.0,0.0,0.0,0.0,0.0,0.0,0.0,0.0,0.0,0.0,0.0,0.0,0.0,0.0,0.0,0.0,0.0,0.0,0.0,0.0,0.0,0.0,0.0,0.0,0.0,0.0,Kansas City Royals,Kauffman Stadium,1748801.0,100.0,100.0,KCR,KCA,KCA
2026,AL,LAA,ANA,W,5,0,0.0,0,0,N,N,N,N,0.0,0.0,0.0,0.0,0.0,0.0,0.0,0.0,0.0,0.0,0.0,0.0,0.0,0.0,0.0,0.0,0.0,0.0,0.0,0.0,0.0,0.0,0.0,0.0,0.0,0.0,Los Angeles Angels of Anaheim,Angel Stadium of Anaheim,2615506.0,102.0,104.0,LAA,ANA,ANA
2026,NL,LAN,LAD,W,1,0,0.0,0,0,Y,N,Y,Y,0.0,0.0,0.0,0.0,0.0,0.0,0.0,0.0,0.0,0.0,0.0,0.0,0.0,0.0,0.0,0.0,0.0,0.0,0.0,0.0,0.0,0.0,0.0,0.0,0.0,0.0,Los Angeles Dodgers,Dodger Stadium,4012470.0,99.0,98.0,LAD,LAN,LAN
2026,NL,MIA,FLA,E,3,0,0.0,0,0,N,N,N,N,0.0,0.0,0.0,0.0,0.0,0.0,0.0,0.0,0.0,0.0,0.0,0.0,0.0,0.0,0.0,0.0,0.0,0.0,0.0,0.0,0.0,0.0,0.0,0.0,0.0,0.0,Miami Marlins,loanDepot park,1156777.0,102.0,104.0,MIA,FLO,MIA
2026,NL,MIL,MIL,C,1,0,0.0,0,0,Y,N,N,N,0.0,0.0,0.0,0.0,0.0,0.0,0.0,0.0,0.0,0.0,0.0,0.0,0.0,0.0,0.0,0.0,0.0,0.0,0.0,0.0,0.0,0.0,0.0,0.0,0.0,0.0,Milwaukee Brewers,American Family Field,2650089.0,100.0,98.0,MIL,ML4,MIL
2026,AL,MIN,MIN,C,4,0,0.0,0,0,N,N,N,N,0.0,0.0,0.0,0.0,0.0,0.0,0.0,0.0,0.0,0.0,0.0,0.0,0.0,0.0,0.0,0.0,0.0,0.0,0.0,0.0,0.0,0.0,0.0,0.0,0.0,0.0,Minnesota Twins,Target Field,1768728.0,104.0,104.0,MIN,MIN,MIN
2026,AL,NYA,NYY,E,2,0,0.0,0,0,N,Y,N,N,0.0,0.0,0.0,0.0,0.0,0.0,0.0,0.0,0.0,0.0,0.0,0.0,0.0,0.0,0.0,0.0,0.0,0.0,0.0,0.0,0.0,0.0,0.0,0.0,0.0,0.0,New York Yankees,Yankee Stadium II,3392659.0,100.0,99.0,NYY,NYA,NYA
2026,NL,NYN,NYM,E,2,0,0.0,0,0,N,N,N,N,0.0,0.0,0.0,0.0,0.0,0.0,0.0,0.0,0.0,0.0,0.0,0.0,0.0,0.0,0.0,0.0,0.0,0.0,0.0,0.0,0.0,0.0,0.0,0.0,0.0,0.0,New York Mets,Citi Field,3184570.0,96.0,95.0,NYM,NYN,NYN
2026,NL,PHI,PHI,E,1,0,0.0,0,0,Y,N,N,N,0.0,0.0,0.0,0.0,0.0,0.0,0.0,0.0,0.0,0.0,0.0,0.0,0.0,0.0,0.0,0.0,0.0,0.0,0.0,0.0,0.0,0.0,0.0,0.0,0.0,0.0,Philadelphia Phillies,Citizens Bank Park,3375457.0,105.0,104.0,PHI,PHI,PHI
2026,NL,PIT,PIT,C,5,0,0.0,0,0,N,N,N,N,0.0,0.0,0.0,0.0,0.0,0.0,0.0,0.0,0.0,0.0,0.0,0.0,0.0,0.0,0.0,0.0,0.0,0.0,0.0,0.0,0.0,0.0,0.0,0.0,0.0,0.0,Pittsburgh Pirates,PNC Park,1525025.0,101.0,101.0,PIT,PIT,PIT
2026,NL,SDN,SDP,W,2,0,0.0,0,0,N,Y,N,N,0.0,0.0,0.0,0.0,0.0,0.0,0.0,0.0,0.0,0.0,0.0,0.0,0.0,0.0,0.0,0.0,0.0,0.0,0.0,0.0,0.0,0.0,0.0,0.0,0.0,0.0,San Diego Padres,Petco Park,3437201.0,102.0,101.0,SDP,SDN,SDN
2026,AL,SEA,SEA,W,1,0,0.0,0,0,Y,N,N,N,0.0,0.0,0.0,0.0,0.0,0.0,0.0,0.0,0.0,0.0,0.0,0.0,0.0,0.0,0.0,0.0,0.0,0.0,0.0,0.0,0.0,0.0,0.0,0.0,0.0,0.0,Seattle Mariners,T-Mobile Park,2538053.0,92.0,92.0,SEA,SEA,SEA
2026,NL,SFN,SFG,W,3,0,0.0,0,0,N,N,N,N,0.0,0.0,0.0,0.0,0.0,0.0,0.0,0.0,0.0,0.0,0.0,0.0,0.0,0.0,0.0,0.0,0.0,0.0,0.0,0.0,0.0,0.0,0.0,0.0,0.0,0.0,San Francisco Giants,Oracle Park,2925823.0,94.0,94.0,SFG,SFN,SFN
2026,NL,SLN,STL,C,4,0,0.0,0,0,N,N,N,N,0.0,0.0,0.0,0.0,0.0,0.0,0.0,0.0,0.0,0.0,0.0,0.0,0.0,0.0,0.0,0.0,0.0,0.0,0.0,0.0,0.0,0.0,0.0,0.0,0.0,0.0,St. Louis Cardinals,Busch Stadium III,2250007.0,97.0,97.0,STL,SLN,SLN
2026,AL,TBA,TBD,E,4,0,0.0,0,0,N,N,N,N,0.0,0.0,0.0,0.0,0.0,0.0,0.0,0.0,0.0,0.0,0.0,0.0,0.0,0.0,0.0,0.0,0.0,0.0,0.0,0.0,0.0,0.0,0.0,0.0,0.0,0.0,Tampa Bay Rays,Steinbrenner Field ,786750.0,100.0,100.0,TBR,TBA,TBA
2026,AL,TEX,TEX,W,3,0,0.0,0,0,N,N,N,N,0.0,0.0,0.0,0.0,0.0,0.0,0.0,0.0,0.0,0.0,0.0,0.0,0.0,0.0,0.0,0.0,0.0,0.0,0.0,0.0,0.0,0.0,0.0,0.0,0.0,0.0,Texas Rangers,Globe Life Field,2397071.0,89.0,89.0,TEX,TEX,TEX
2026,AL,TOR,TOR,E,1,0,0.0,0,0,Y,N,Y,N,0.0,0.0,0.0,0.0,0.0,0.0,0.0,0.0,0.0,0.0,0.0,0.0,0.0,0.0,0.0,0.0,0.0,0.0,0.0,0.0,0.0,0.0,0.0,0.0,0.0,0.0,Toronto Blue Jays,Rogers Centre,2849935.0,104.0,104.0,TOR,TOR,TOR
2026,NL,WAS,WSN,E,5,0,0.0,0,0,N,N,N,N,0.0,0.0,0.0,0.0,0.0,0.0,0.0,0.0,0.0,0.0,0.0,0.0,0.0,0.0,0.0,0.0,0.0,0.0,0.0,0.0,0.0,0.0,0.0,0.0,0.0,0.0,Washington Nationals,Nationals Park,1916768.0,96.0,97.0,WSN,MON,WAS
